,mape,r2,mse
0,29.58698,0.47331,0.0206
