,mape,r2,mse
0,16.43225,0.92573,0.00413
