,mape,r2,mse
0,19.91561,0.92414,0.00387
