,mape,r2,rmse
0,49.54863,-0.61865,102063.11719
