id_A,id_B,smiles_A,smiles_B,chain_size,xx,yy,zz,static_polarizability,type,static_polarizability_original
3022436,,CCCCCCCC(C)COC(=O)C=C,,1,247.348401047,207.02809487,217.042697455,0.2836725462811869,homopoly,223.8063977906667
71375967,,C=CC(=O)OCCCCOC1=CC=C(C=C1)C(=O)C2=CC=CC=C2,,0,183.675157075,216.555146728,163.407859891,0.2316712757259792,monomer,187.879387898
70480932,,CC1(C2CCC1(CC2OC(=O)C=C)C)C,,0,117.915784229,100.421024652,104.799285695,0.11563589173813124,monomer,107.71203152533332
21871648,,C=CC(=O)OC1=CC=CC=C1O,,1,157.344366765,153.940448589,187.259106796,0.20026516208772252,homopoly,166.18130738333332
129858029,,C=CC(=O)ON=[N+]=[N-],,2,243.974472883,196.405175496,131.57041583,0.23568153048787735,homopoly,190.650021403
3022441,,CCCCCCCCCCCCC(C)COC(=O)C=C,,2,596.633425799,608.045219304,649.918981468,0.8545223702593164,homopoly,618.199208857
129762066,,C=CCC1=NN=NN1OC(=O)C=C,,0,59.4794567954,63.6172633274,113.811284103,0.07403329924893653,monomer,78.96933474193334
13643270,,C=CC(=O)OC(COC1=CC(=C(C=C1)C(=O)C2=CC=CC=C2)O)COC3=CC(=C(C=C3)C(=O)C4=CC=CC=C4)O,,1,632.973408761,633.500555889,636.112098503,0.8776754212338458,homopoly,634.1953543843333
76599744,,C=CC(=O)OCC=CC(C(F)(F)F)(C(F)(F)F)F,,2,374.461125571,330.666807686,281.760448343,0.4358774255432047,homopoly,328.9627938666667
17111,,CN(C)CCOC(=O)C=C,,0,49.144499063,66.3786019261,86.7053593248,0.05730140912799795,monomer,67.4094867713
69237271,,C=CC(=O)OC1=CC=CC2=C1N(C3=CC=CC=C23)CCO,,2,833.931472851,646.703421147,609.29629883,0.9680640991350987,homopoly,696.6437309426666
17259,,CCCCCCOC(=O)C=C,,0,83.9362559951,88.232586963,62.5328487753,0.07296881644348005,monomer,78.23389724446668
543282,,CCCCCCCCCC(CCC)OC(=O)C=C,,2,594.968507909,525.702624068,540.816527778,0.7613523229763508,homopoly,553.8292199183334
105239,,CN(CCOC(=O)C=C)S(=O)(=O)CC(C(C(C(C(C(F)(F)F)(F)F)(F)F)(F)F)(F)F)(F)F,,0,147.625583374,119.644343468,182.10681299,0.17654339993909635,monomer,149.79224661066667
3083883,,C=CC(=O)OC(C(C(C(C(C(C(C(C(C(CF)(F)F)(F)F)(F)F)(F)F)(F)F)(F)F)(F)F)(F)F)(F)F)F,,0,104.973248126,128.207430451,160.184024696,0.1495191909836379,monomer,131.12156775766667
68055331,,C=CC(=O)OC1=C(C(=C(C=C1)F)F)F,,2,393.10118208,365.311586914,250.222440469,0.4463696492935241,homopoly,336.21173648766666
59641530,,C=CC(=O)OCC1COC2(O1)CCCCC2,,2,404.531411994,418.505801924,450.142480559,0.5740048127374029,homopoly,424.3932314923333
9942853,,CC(COC(C)COC(=O)C=C)OC(=O)C=C,,1,269.122113714,213.645268688,181.46115426,0.2802032596528865,homopoly,221.40951222066667
20973,,CSCCOC(=O)C=C,,1,104.588009914,144.130461288,139.988165053,0.14727180659706293,homopoly,129.56887875166666
20963,,C=CC(=O)OCCBr,,0,29.7517121141,70.9951367268,66.083159364,0.040222666320891505,monomer,55.61000273496666
21932355,,CC(C(C(C(OC(=O)C=C)(F)F)(F)F)(F)F)(F)F,,2,263.023514405,301.343302164,315.414296086,0.3842012253113265,homopoly,293.260370885
54033718,,CCCCC(CN1C=NC=N1)(COC(=O)C=C)C2=CC=C(C=C2)Cl,,0,172.624199625,190.803754591,160.48617593,0.2125055633344289,monomer,174.63804338199998
10154104,,C=CC(=O)OCCOC=C,,2,277.858249526,262.27198901,245.903980349,0.3389710247722501,homopoly,262.011406295
15621063,,C=CC(=O)OCC1=CC=C(C=C1)CC2=CC=CC=C2,,2,566.222667082,510.226464628,617.7344961,0.7771271943611575,homopoly,564.7278759366667
140350948,,C=CC(=O)OOC(=O)OOC(=O)C=C,,1,132.637486406,147.952890158,169.966827035,0.17711294001411487,homopoly,150.185734533
23513520,,C=CC(=O)OCCC1=CC=CC2=CC=CC=C21,,0,182.755152774,92.3934910712,135.063503181,0.15764760173821263,monomer,136.73738234206667
11378874,,C=CC(=O)OCOP(=O)(O)O,,0,49.8446276053,58.7222992326,67.9056963339,0.04487495282484769,monomer,58.82420772393333
3022440,,CCCCCCCCCCCC(C)COC(=O)C=C,,1,281.2764122,293.099903082,305.649695152,0.38431938149987094,homopoly,293.342003478
21401083,,C=CC(=O)OC(O)C(O)CO,,1,141.11474102,111.331516503,116.894474629,0.13792831060509744,homopoly,123.113577384
3023749,,CCCCCCCCCCCCCCCCCCCCCCCCCCCCOC(=O)C=C,,0,276.373828581,250.183077789,265.267222938,0.3417644912968912,monomer,263.941376436
129847753,,CC1=NN(C=C1OC(=O)C=C)C,,1,128.728983697,169.813670104,191.844537603,0.19632977231054263,homopoly,163.46239713466667
134767817,,C[C@H]1CC[C@@H]([C@H](C1)OC(=O)C=C)C(C)(C)C2=CC=C(C=C2)OC,,1,367.931975327,354.261591781,334.201679572,0.46941250409336976,homopoly,352.1317488933334
18546535,,CSCCCSCCCOC(=O)C=C,,0,106.833701135,106.825931038,114.752628979,0.11818149151976817,monomer,109.47075371733332
543282,,CCCCCCCCCC(CCC)OC(=O)C=C,,0,132.13045527,147.842831897,135.02199395,0.15995532741777438,monomer,138.33176037233332
21318160,,CCC(C)(C)C1=CC=C(C=C1)OC(=O)C=C,,2,609.723181213,402.748501803,495.033776186,0.6870603061384636,homopoly,502.501819734
81530,,C=CC(=O)OCC,,2,195.408142122,175.277233995,170.289967527,0.22073711188949666,homopoly,180.325114548
11253685,,CC(C)(C12CC3CC(C1)CC(C3)C2)OC(=O)C=C,,2,528.199503145,504.444185984,538.239776611,0.717638385370759,homopoly,523.6278219133334
85416,,C=CC(=O)OCCOC1=CC(=C(C=C1)C(=O)C2=CC=CC=C2)O,,2,742.102339792,665.723996654,610.693128214,0.9336099785131922,homopoly,672.8398215533333
21318161,,C=CC(=O)OC1=C(C=C(C=C1[N+](=O)[O-])[N+](=O)[O-])[N+](=O)[O-],,1,277.614622739,173.95011854,255.507661327,0.3008742021298792,homopoly,235.69080086866663
23500968,,CCCCCC(CCC)COC(=O)C=C,,2,445.062953589,446.42710706,453.457640089,0.6086308273703646,homopoly,448.315900246
129851655,,C=CC(=O)OOC(N)=O,,2,158.118587264,239.516609147,165.070986961,0.23122162182100872,homopoly,187.56872779066668
66643588,,CC(C)(C1=CC=CC=C1)SCCOC(=O)C=C,,0,157.470111834,122.105821386,120.921423118,0.1529604925087541,monomer,133.49911877933334
129849674,,C=CC(=O)O[C@@]1([C@@H]([C@H]([C@H]([C@H](O1)CO)O)O)O)O,,1,167.92352059,186.62162687,192.119953112,0.22348225721136114,homopoly,182.22170019066667
3022444,,CCCCCCCCCCCCCCCC(C)COC(=O)C=C,,0,165.990596741,196.19873989,173.455699789,0.21816539079047123,monomer,178.54834547333334
168442280,,C=CC(=O)OCCC(=O)N1CCC[C@H](C1)N2C3=NC=NC(=C3C(=N2)C4=CC=C(C=C4)OC5=CC=CC=C5)N,,1,562.394101071,581.063701721,653.652642688,0.8267864461704459,homopoly,599.0368151600001
68771319,,CCNC(CC1=CC=C(C=C1)CC2=CC=CC=C2)OC(=O)C=C,,1,342.181277522,404.187533636,320.135455715,0.47428981780687507,homopoly,355.501422291
118885882,,C=CC(=O)NCCOCCOC(=O)C=C,,1,199.216734848,226.12137553,158.116657735,0.2412322217566171,homopoly,194.48492270433331
59317428,,CC(=O)OC1=CC=C(C=C1)CCOC(=O)C=C,,1,189.6053988,274.128859723,231.005542451,0.2949240738370696,homopoly,231.579933658
129774974,,C=CC(=O)OC(OC(=O)C=C)(OC(=O)C=C)F,,2,405.586927519,377.268139541,339.708950424,0.5013370474305787,homopoly,374.188005828
2776049,,C=CC(=O)OCC1(C(C(C(C(C1(F)F)(F)F)(F)F)(F)F)(F)F)F,,2,361.089739205,340.081861368,380.992345653,0.4818451661392854,homopoly,360.7213154086666
86740375,,COC(=O)COC(=O)C=C,,2,232.561307372,214.255569283,241.093200359,0.2916289269589744,homopoly,229.30335900466665
121476710,,C[C@@]12CCC(C1(C)C)CC2OC(=O)C=C,,0,119.217242246,79.8428433554,123.45399351,0.1153357870299018,monomer,107.50469303713334
3022439,,CCCCCCCCCCC(C)COC(=O)C=C,,2,555.351982197,562.259332332,543.879584594,0.7613538858789534,homopoly,553.8302997076667
21981399,,C=CC(=O)OCCCN,,2,233.623945112,234.01157004,236.189550322,0.29930745464853126,homopoly,234.608355158
129689811,,C=CC(=O)O[C@@]1([C@@H]([C@H]([C@H]([C@H](O1)O[C@@H]2[C@H](O[C@H]([C@@H]([C@H]2O)O)O)CO)O)O)O)CO,,2,607.071757856,569.043018114,630.178288639,0.8312167978117238,homopoly,602.097688203
149983942,,CC(=O)NC1=CC(=CC=C1)OC(=O)C=C,,2,415.171941549,476.768440008,437.916850676,0.6013501070258129,homopoly,443.2857440776667
904858,,C[C@]12CC[C@H](C1(C)C)C[C@@H]2OC(=O)C=C,,0,106.036448853,92.1875160684,131.816125862,0.11896687285573343,monomer,110.01336359446668
22186490,,CC(C)(C)CCOC(=O)C=C,,1,144.648610567,152.663616703,168.765467274,0.18460113391235278,homopoly,155.35923151466667
72941646,,CC[N+](C)(C)CCOC(=O)C=C,,1,196.614740559,222.355822411,995.445128766,0.6421471502855007,homopoly,471.47189724533337
54438140,,C=CC(=O)OCCC1NCCO1,,2,295.060039515,343.527038087,275.060099453,0.40054063478594165,homopoly,304.54905901833337
129854601,,CCCCCCCCOC(=O)CCOC(=O)C=C,,0,143.628927191,105.58836339,129.821623163,0.14260740641969294,monomer,126.34630458133331
3023480,,C=CC(=O)OCCCC1=CC=CO1,,0,59.9657099977,94.9882315055,103.040106715,0.08420671364165147,monomer,85.99801607273332
62414,,C=CC(=O)OCCOCCOCCOC(=O)C=C,,2,493.233840623,463.351242083,389.869203696,0.60935771195258,homopoly,448.8180954673333
3022446,,CCCCCCCCCCCCCCCCCC(C)COC(=O)C=C,,1,406.622150969,396.389694768,372.222610713,0.5267490309226197,homopoly,391.7448188166666
18667925,,CC1=CC=CC=C1OCCOC(=O)C=C,,2,491.129322524,430.146365783,372.786353723,0.5840799494119701,homopoly,431.35401401
81766,,CCOCCOCCOC(=O)C=C,,1,146.863962453,179.054328976,177.830021723,0.20277613220350837,homopoly,167.91610438399996
90476426,,C=CC(=O)OC1CC2[C@@H]3CC[C@@H](C3)C2C1,,0,91.9945228467,128.597981609,104.230321319,0.11644969139916206,monomer,108.27427525823332
23325021,,C=CC(=O)OC1=CC=CC=N1,,0,122.292582843,62.6406653404,45.8908267556,0.07109797701433912,monomer,76.94135831300001
53735402,,C=CC(=O)ON=C=O,,1,78.8119430651,116.12274611,82.9005285593,0.09377951163055634,homopoly,92.6117392448
13651710,,CC(C)(COC(=O)C=C)C=O,,0,66.5368738115,57.8188000635,90.9318397825,0.06360202963741629,monomer,71.7625045525
44152441,,CC(COC(COCC(C)OCC(C)OC(=O)C=C)COCC(C)OC(=O)C=C)O,,0,213.587801131,192.975542874,181.694010403,0.24354933256950448,monomer,196.08578480266667
543287,,CCCCCCCCCCCC(CCC)OC(=O)C=C,,1,321.704863614,298.556532999,299.210359943,0.4033508281511998,homopoly,306.49058551866665
105238,,CN(CCOC(=O)C=C)S(=O)(=O)CC(C(C(C(C(C(C(C(F)(F)F)(F)F)(F)F)(F)F)(F)F)(F)F)(F)F)(F)F,,1,314.156187835,376.543683096,317.162184576,0.44599662457695854,homopoly,335.9540185023334
67921,,CCN(CCOC(=O)C=C)S(=O)(=O)C(C(C(C(C(C(C(C(F)(F)F)(F)F)(F)F)(F)F)(F)F)(F)F)(F)F)(F)F,,1,374.189237881,308.596527279,349.544237912,0.4578017109178427,homopoly,344.110001024
18667925,,CC1=CC=CC=C1OCCOC(=O)C=C,,1,235.370465427,176.453152729,229.203804848,0.2690093845144117,homopoly,213.675807668
2774977,,C=CC(=O)OCC(C(C(F)(F)F)F)(F)F,,0,74.1798402855,38.8614393235,77.7394889369,0.05177822458764928,monomer,63.5935895153
59689374,,C=CC(=O)OCCCC(C(F)(F)F)(F)F,,2,269.856406938,279.884148819,303.510068885,0.37140102207289605,homopoly,284.4168748806667
169406,,C=CC(=O)OCCOP(=O)(O)O,,1,124.739751066,145.73452079,129.123866207,0.15252664535637336,homopoly,133.19937935433333
21909953,,C=CC(=O)OF,,1,60.1038606593,74.689065811,51.1276468394,0.049433319104895714,homopoly,61.97352443656667
100973,,CNC(=O)CCOC(=O)C=C,,0,51.7206843596,91.1813973202,64.2633535775,0.0596833586280446,monomer,69.05514508576667
3083883,,C=CC(=O)OC(C(C(C(C(C(C(C(C(C(CF)(F)F)(F)F)(F)F)(F)F)(F)F)(F)F)(F)F)(F)F)(F)F)F,,2,562.808008497,500.732417155,515.468550846,0.7215587123948035,homopoly,526.3363254993334
19706376,,C=CC(=O)OC1CCC(CC1)C2=C(C(=CC=C2)F)F,,1,227.848047173,279.076415656,277.483698092,0.33818649821523883,homopoly,261.46938697366664
543286,,CCCCCCCCCCCCC(CC)OC(=O)C=C,,0,155.638823113,164.874890526,148.879279659,0.18620067093656886,monomer,156.46433109933332
28803,,C=CC(=O)OCCOCCOCCOCCOC(=O)C=C,,1,262.148951585,301.108442466,237.648611704,0.3461462374694815,homopoly,266.968668585
44152441,,CC(COC(COCC(C)OCC(C)OC(=O)C=C)COCC(C)OC(=O)C=C)O,,1,405.547956061,356.846976634,416.477465243,0.5285042338571869,homopoly,392.9574659793333
82699,,C=CC(=O)OCC1=CC=CO1,,2,266.267362013,258.169340942,317.363367132,0.36587645631952903,homopoly,280.6000233623334
109857,,CN(CCCCOC(=O)C=C)S(=O)(=O)C(C(C(C(C(F)(F)F)(F)F)(F)F)(F)F)(F)F,,0,143.583553064,144.879511676,173.869388024,0.18279416164943887,monomer,154.110817588
69890866,,C=CC(=O)OC1C2CC3C1OC(=O)C3C2,,0,123.914052489,71.8937905809,89.9626110955,0.09760803672259485,monomer,95.25681805513334
69890866,,C=CC(=O)OC12CC3CC(CC(C3)C1)C2,,0,123.914052489,71.8937905809,89.9626110955,0.09760803672259485,monomer,95.25681805513334
3086961,,CC(OCCOCCOC=C)OC(=O)C=C,,2,406.873432082,406.676924304,443.271236239,0.5661124954834592,homopoly,418.940530875
75118,,C=CC(=O)OC=C,,2,191.447941148,227.29584431,163.69207436,0.24074062758575485,homopoly,194.145286606
170900921,,C=CC(=O)OCCCCN1C=NC2=C(N=C(N=C21)N)N,,0,155.647292298,154.975575433,97.9219858815,0.15684318025365496,monomer,136.18161787083332
54411860,,CC(C)(C)C1=CC(=CC(=C1O)C(C)(C)C)COC(=O)C=C,,2,679.89276554,700.700792925,537.274225871,0.8850484155368372,homopoly,639.2892614453334
21884879,,C=CC(=O)OC1=CC=CC=C1C(=O)C2=CC=CC=C2,,1,322.046731913,255.6151217,281.984029462,0.37448655173464124,homopoly,286.5486276916667
69736699,,C=CC(=O)OC1=NC2=C(C=CC=C2O)C=C1,,2,413.599304299,350.66328196,743.026128443,0.6869557331034915,homopoly,502.42957156733337
146013805,,C=CC(=O)OC(C#N)(C(F)(F)Cl)C(F)(Cl)Cl,,0,96.6844116995,83.6000232787,86.2938497328,0.08834836273987956,monomer,88.85942823700002
174625,,CCC1(COC(OC1)C(C)(C)COC(=O)C=C)COC(=O)C=C,,0,133.445552926,186.365014248,145.651222782,0.1843039775276674,monomer,155.15392998533332
164577025,,CC1(CC(=CC(=C(C#N)C#N)C1)/C=C/C2=CC3=C(C=C(C=C3)OC(=O)C=C)OC2=O)C,,0,402.25054468,399.861246873,324.282588899,0.5031850882371909,monomer,375.464793484
6538148,,C/C=C/COC(=O)C=C,,2,229.147694016,274.787465411,252.925375687,0.3248955550221453,homopoly,252.286845038
129866931,,C=CC(=O)OC(O)(OC(=O)C=C)C(O)CO,,0,94.6498920961,104.17537803,68.2506341086,0.08858844995710863,monomer,89.02530141156667
10034607,,C=CC(=O)OCC#N,,2,191.731092073,179.709710261,182.048844726,0.22677490610699066,homopoly,184.49654902
58165347,,CC(COC(C)COC(C)COC(=O)C=C)OC,,1,256.330818548,230.547975895,233.915809031,0.30749477239239764,homopoly,240.26486782466668
543579,,CCCCCCCCCCCCCCCOC(=O)C=C,,2,683.311048957,599.333115153,580.401063836,0.8585980968130179,homopoly,621.015075982
76709,,C=CC(=O)OC1=CC=C(C=C1)O,,2,300.303981782,337.874815456,366.625074622,0.44452113825334233,homopoly,334.93462395333336
2778248,,CC(C(F)(F)F)(C(F)(F)F)OC(=O)C=C,,0,43.9286318848,82.4682724081,61.5706455742,0.050420926869448844,monomer,62.6558499557
9815589,,C=CC(=O)OCCCCOCC1CO1,,1,202.499806728,180.25471641,158.535421504,0.2208888978917534,homopoly,180.4299815473333
22372339,,CCCC1=CC=C(C=C1)OC(=O)C=C,,0,112.957184049,122.128320807,92.9281918984,0.11798919557367094,monomer,109.33789891813336
129786647,,C=CC(=O)OC1C=CS1,,2,325.129491426,206.376787439,213.246794897,0.3190540504885271,homopoly,248.2510245873333
84997,,C=CC(=O)OCCC(C(C(C(C(C(C(C(F)(F)F)(C(F)(F)F)F)(F)F)(F)F)(F)F)(F)F)(F)F)(F)F,,2,477.244256966,562.027514192,515.213019592,0.7097264927357607,homopoly,518.1615969166668
145994990,,C=CC(=O)OCCOC1=C2C=CC(=CC2=NC=C1)Cl,,0,99.5542749573,165.707886418,168.938616707,0.16922143154410785,monomer,144.7335926941
543281,,CCCCCCCCCCC(CC)OC(=O)C=C,,1,307.210948595,253.269992581,260.678121871,0.355917759554192,homopoly,273.71968768233336
129786785,,C=CC(=O)OC1=CSC1,,2,262.827726559,272.096942846,280.091044161,0.3529537687718523,homopoly,271.67190452200003
135398202,,CCOC(=O)C(C)(COC(=O)C=C)COC(=O)C=C,,0,101.98884901,114.011392103,142.057953204,0.132484808123631,monomer,119.352731439
22664433,,C=CC(=O)OCC(C(C(C(C(F)(F)F)(F)F)(F)F)(F)F)(F)F,,1,146.027027952,169.544579501,181.25820772,0.19943815439501592,homopoly,165.609938391
59992627,,C=CC(=O)OCCOCCC(=O)ON1C(=O)CCC1=O,,0,141.561913516,98.8835695874,120.832682376,0.13403835230572103,monomer,120.4260551598
11217487,,CCC1(COC1)COC(=O)C=C,,1,160.034766574,169.742720099,149.951288201,0.19118739054519418,homopoly,159.90959162466666
129851491,,C=CC(=O)OC1=CC(=CC2=C1N(C3=CC=CC=C32)CCO)Cl,,0,178.418705768,121.66527776,251.076603199,0.22565120097188882,monomer,183.72019557566668
167312788,,C=CC(=O)OCCOCCNC(=O)CCCN1C(=O)C=CC1=O,,2,552.413204178,592.585820046,635.137358923,0.8185969455650397,homopoly,593.3787943823334
171395280,,C[C@]12CCC(=O)C=C1CC[C@@H]3[C@@H]2CC[C@]4([C@H]3CC[C@]4(C=C)OC(=O)C=C)C,,1,483.538239949,359.923773861,402.957276163,0.5610936813542949,homopoly,415.4730966576666
2775810,,C=CC(=O)OCC(CC(C(C(C(F)(F)F)(F)F)(F)F)(F)F)O,,2,345.527119271,385.009982407,386.602028469,0.4987196941265173,homopoly,372.379710049
90375286,,CCCCCCCCCCSSCCOC(=O)C=C,,1,309.816639744,294.934387085,310.772566848,0.40144595224975155,homopoly,305.17453122566667
14496496,,CCOC(=O)CCOC(=O)C=C,,1,156.762873681,156.905482229,132.527013816,0.17500847966497574,homopoly,148.73178990866666
155899407,,CCCCCCCC(CCCCCCC)N1C(=O)C2=C3C(=CC=C4C3=C(C=C2)C5=C6C4=CC=C7C6=C(C=C5)C(=O)N(C7=O)CCCCCCOC(=O)C=C)C1=O,,0,379.22911744,784.765776208,451.170398739,0.7390031028449647,monomer,538.3884307956667
168655174,,C=CC(=O)OC1=C(C=CC(=C1)C2=NC3=CC=CC=C3S2)C4=NC5=CC=CC=C5S4,,0,447.563365857,192.508018639,315.470018658,0.420753403142151,monomer,318.51380105133336
46835728,,CC(C)(C)C1=CC(=CC(=C1)OC(=O)C=C)C(C)(C)C,,1,247.113772909,318.936324996,325.144494066,0.38970790332007005,homopoly,297.0648639903333
21872251,,C=CC(=O)OC1=C(C(=C(C=C1)Br)Br)Br,,1,199.698070121,384.840760886,167.027227362,0.32234112110657104,homopoly,250.5220194563333
10197737,,C=CC(=O)OC(F)(F)F,,0,24.7137013549,27.183857571,56.2456252561,0.011907948757346028,monomer,36.04772806066666
3014768,,C=CC(=O)OCCN=C=O,,2,261.801177346,262.885628414,192.106659391,0.3055643373512338,homopoly,238.93115505033333
129692699,,CC(C)COC(=O)OC1=CC=C(C=C1)COC(=O)C=C,,1,339.684313205,239.640848733,237.745189053,0.3539450726863675,homopoly,272.3567836636667
19806870,,CC(CF)(C(OC(=O)C=C)(F)F)C(F)(F)F,,2,277.464053325,298.346010828,277.41881167,0.37139052888847895,homopoly,284.40962527433334
4391003,,CC(CCOC(=O)C=C)CC(C)(C)C,,2,446.682755311,420.938936329,379.665993262,0.5615126571219845,homopoly,415.762561634
688322,,CC(C)(C)C1CCC(CC1)OC(=O)C=C,,1,206.581077357,223.043882457,230.481747481,0.27821459462773207,homopoly,220.03556909833333
129696010,,C=CC(=O)OC1=CC=CC=C1C(C(C(O)(F)F)(F)F)(F)F,,0,163.850523561,39.9257868833,136.092434486,0.12370891795414682,monomer,113.28958164343332
83092,,C=CC(=O)OC(C(F)(F)F)(C(F)(F)F)F,,1,97.7121983444,113.470885396,118.604267539,0.11884493325869341,homopoly,109.92911709313334
101375909,,CC1=CC(=C(C=C1)C(=O)C2=CC=C(C=C2)N(C)C)OC(=O)C=C,,1,361.551741464,485.663973477,321.622660185,0.5236631042394537,homopoly,389.6127917086666
3016431,,CCCCC(C)COC(=O)C=C,,2,344.636267454,344.692783728,350.76000714,0.46154523361857647,homopoly,346.696352774
2776224,,C=CC(=O)OCC(CC(C(C(C(C(C(F)(F)F)(C(F)(F)F)F)(F)F)(F)F)(F)F)(F)F)O,,1,218.752146623,257.012930919,241.439230395,0.30576255726928675,homopoly,239.06810264566664
10308068,,C=CC(=O)OC1=C2C=CC=CC2=CC3=CC=CC=C31,,0,246.056538669,40.8757995572,227.275606021,0.2078226056702597,monomer,171.4026480824
15208801,,C=CC(=O)OCCCN=C=O,,2,287.909847643,231.219616648,309.180206455,0.35936772367775566,homopoly,276.103223582
119747,,C=CC(=O)OCCC(C(C(C(C(C(C(C(F)(F)F)(F)F)(F)F)(F)F)(F)F)(F)F)(F)F)(F)F,,0,126.634087564,110.97936354,123.070959736,0.13375188263903579,monomer,120.22813694666668
18372055,,C=CCCCCOC(=O)C=C,,1,185.050310599,158.789307789,137.43071369,0.19193114789730914,homopoly,160.423444026
22728778,,C=CC(=O)OCCN1C(=O)CCC1=O,,1,174.200846132,168.01861023,172.753974712,0.20819193121581997,homopoly,171.657810358
91241,,C=CC(=O)OCC(CCl)Cl,,1,126.33387058,133.022212982,154.167684226,0.15924536423616875,homopoly,137.84125592933333
13932176,,CCCCCCC(COC(=O)C=C)O,,1,191.632106352,205.328083193,194.240442932,0.24496938023134748,homopoly,197.06687749233333
85887894,,C=CC(=O)OCCNC1=CC=C(C2=NON=C12)[N+](=O)[O-],,1,245.228765957,321.352484903,303.240659591,0.37939619450143863,homopoly,289.940636817
564417,,C=CC(=O)OCCCCC=C1CC1,,0,93.0106853962,96.4405187691,108.062848274,0.10327398770633645,monomer,99.1713508131
21981399,,C=CC(=O)OCCCN,,1,119.740756592,111.727229777,113.385376143,0.1261138536673666,homopoly,114.95112083733332
543695,,C=CC(=O)OC1=CC(=C(C=C1Cl)Cl)Cl,,2,394.501123866,532.747629877,515.065037181,0.6556071868817861,homopoly,480.7712636413333
80995,,C=CC(=O)OCCN1CC1,,2,254.548444234,259.506628361,274.583256445,0.34022743359605034,homopoly,262.8794430133333
22676929,,C=CC(=O)OCCSC1=CC=CC=C1,,1,130.921342549,247.004696862,248.384097623,0.2619087140916968,homopoly,208.770045678
87274,,C=CC(=O)OCCC(C(C(C(C(C(C(C(C(C(F)(F)F)(F)F)(F)F)(F)F)(F)F)(F)F)(F)F)(F)F)(F)F)(F)F,,2,549.211953569,510.680432646,608.552608184,0.7647090383672374,homopoly,556.1483314663333
81215,,C=CC(=O)OC1=CC=C(C=C1)OC(=O)C=C,,0,147.475893351,35.3349998043,181.379178841,0.1354432640890763,monomer,121.39669066543333
544164,,CC1CCC(C(C1)OC(=O)C=C)C(C)C,,1,202.691536962,221.470596553,235.712109869,0.2781024374256127,homopoly,219.958081128
163752588,,C=CC(=O)OC1=CC2=C(C=C1)SC(=O)O2,,1,286.349356055,101.382574632,265.450613317,0.27487388346789776,homopoly,217.727514668
58231725,,C=CC(=O)OC1=C(C2=C(C=C1)C=C(C=C2)C3=CC=CC4=C3SC5=CC=CC=C45)C6=CC=CC7=C6SC8=CC=CC=C78,,0,387.777676664,573.863447345,292.236462533,0.5646920965756401,monomer,417.9591955140001
19979416,,CC1(CC(CC(N1OC)(C)C)OC(=O)C=C)C,,0,102.174495014,116.734974054,138.665039043,0.13225144333451025,monomer,119.19150270366669
22728782,,C=CC(=O)OCCN1CCOC1=O,,1,138.271212838,171.657426072,155.469375048,0.18427320742891407,homopoly,155.13267131933333
129721294,,C=CC(=O)OC1=CC=C(C=C1)C2C(CC2(C#N)C#N)(C#N)C#N,,2,566.427875102,600.536518883,733.601385736,0.8767006921404286,homopoly,633.5219265736667
155509,,C=CC(=O)OC[C@@H]1CCCN2[C@@H]1CCCC2,,2,426.712875992,488.265266511,452.036539895,0.6192775161899713,homopoly,455.67156079933335
53702279,,CCCCCC=CCC=CCCCCCCCCOC(=O)C=C,,0,210.688153205,170.140975488,174.589561725,0.22770561446885898,monomer,185.1395634726667
76133726,,C=CC(=O)OCCCCCCCF,,0,66.7086461741,87.5454501392,105.67666447,0.0851411221770525,monomer,86.64358692776666
22728778,,C=CC(=O)OCCN1C(=O)CCC1=O,,2,342.62337956,302.83106331,399.190975652,0.463743547368362,homopoly,348.21513950733333
69446413,,CC(OC(=O)C=C)OC(=O)C1=CC=CC2=CC=CC=C21,,0,96.6381129325,166.646099697,184.364055136,0.17570946150071148,monomer,149.21608925516668
3015131,,C=CC(=O)OC1=CC=C(C=C1)C(=O)C2=CC=CC=C2,,2,510.716134198,479.337063572,859.888287639,0.8522759150432941,homopoly,616.647161803
10192585,,CC(C)(CO)COC(=O)C=C,,2,286.094135441,275.592419489,310.607942123,0.3805891469648352,homopoly,290.764832351
18366398,,C=CC(=O)OI,,0,37.3174319994,46.3186920034,58.5483649498,0.02833190670910033,monomer,47.39482965086668
20607910,,C=CC(=O)OCCOC1=CC=C(C=C1)C2=CC=CC=C2,,0,172.038323894,182.956919191,143.445998337,0.20021562156715517,monomer,166.14708047399998
13568817,,C=C/C=C/OC(=O)C=C,,1,173.504436731,131.250605121,124.965053337,0.1670596299348387,homopoly,143.24003172966664
4582075,,CC1=C(C=CC(=C1)N=NC2=CC=C(C=C2)N=NC3=CC=CC=C3)OC(=O)C=C,,1,382.483698784,470.493066932,987.813600444,0.847860761195053,homopoly,613.5967887200001
87565,,CCCCCCCCCCCCCCCCCCCCCCOC(=O)C=C,,1,453.270437752,422.018971592,397.592585925,0.5738611813664137,homopoly,424.293998423
129722417,,C=CC(=O)OC(=C=O)OC(=O)C=C,,0,93.1826201454,66.7522241705,108.702446847,0.08934177458517409,monomer,89.54576372096666
135398202,,CCOC(=O)C(C)(COC(=O)C=C)COC(=O)C=C,,2,591.527709377,436.729949136,424.419691619,0.6606073084050278,homopoly,484.2257833773333
129851461,,C=CC(=O)OC1=CC=C(C=C1)N2C=NC(=C2C3=CC=CC=C3)C4=CC=CC=C4,,1,328.099330553,538.44566174,564.648084676,0.6502417598036752,homopoly,477.0643589896667
86600777,,C=CC(=O)OCCCCCCCCCCCCCCCCCCCCCC,,0,215.509565837,223.586455308,202.412315604,0.269241411670231,monomer,213.83611224966668
68649062,,CC(C)C(OC(=O)C=C)OC12CC3CC(C1)CC(C3)C2,,2,556.692725158,584.484698838,558.401175697,0.7797301143125047,homopoly,566.5261998976666
129815894,,C=CC(=O)OC(=C1C=CC=C1)O,,0,90.0056649985,60.4936352182,113.716574639,0.08720856741212327,monomer,88.07195828523334
129675135,,C=CC1=C(C2=CC=CC=C2O1)OC(=O)C=C,,2,296.149340534,632.180691154,619.243701555,0.7063921047426436,homopoly,515.857911081
5748640,,C[C@H](CO)OC(=O)C=C,,1,95.7275964268,114.776784108,123.767069301,0.12100838282791909,homopoly,111.42381661193332
72941646,,CC[N+](C)(C)CCOC(=O)C=C,,0,75.7914476799,87.6572053451,109.774714442,0.09155442550703671,monomer,91.07445582233332
21421562,,COCCOCCOCCOCCOCCOCCOCCOC(=O)C=C,,2,717.012235213,703.311542421,656.701734559,0.9618374765800474,homopoly,692.3418373976668
54411860,,CC(C)(C)C1=CC(=CC(=C1O)C(C)(C)C)COC(=O)C=C,,0,190.335412808,149.121276334,144.673250181,0.19331082677468792,monomer,161.37664644099996
543940,,C=CC(=C)CCOC(=O)C=C,,2,305.16997897,349.628122265,307.233493107,0.4238847351486321,homopoly,320.677198114
17861479,,C=CC(=O)OC1(CC)CCCC1,,1,178.86618901,159.209525057,170.451579695,0.20508185394713202,homopoly,169.50909792066668
13932179,,CC(CCOC(=O)C=C)O,,2,250.367935241,278.990811068,242.222342703,0.33199780212684765,homopoly,257.19369633733334
114487,,CCCCOCC(COC(=O)C=C)O,,0,100.188022764,87.5529468924,88.2315459504,0.09288081101885806,monomer,91.9908385356
100948,,CCN(CCOC(=O)C=C)S(=O)(=O)C(C(C(C(C(C(C(F)(F)F)(F)F)(F)F)(F)F)(F)F)(F)F)(F)F,,0,121.292516839,176.470798329,192.337489629,0.19619159894665392,monomer,163.36693493233332
101152230,,C[C@@]12CC[C@@H](C1)C([C@@H]2OC(=O)C=C)(C)C,,1,205.359817632,189.059921984,257.915104972,0.2744648926945437,homopoly,217.444948196
129773823,,C=CC(=O)OC1=CC=CC=C1C(=O)OCC2=CC=CC=C2,,0,208.542052066,110.308074057,133.128007579,0.17779849823291177,monomer,150.65937790066667
53752639,,CC(CC1OCC(CO1)(C)C)OC(=O)C=C,,0,114.07617045,103.719675867,102.329514539,0.11418329864998636,monomer,106.70845361866668
17259,,CCCCCCOC(=O)C=C,,2,313.55792099,335.337413313,297.915622884,0.4165412121457027,homopoly,315.60365239566664
57709857,,C=CC(=O)OCCS(=O)(=O)CCC(C(F)(F)F)(C(F)(F)F)F,,1,201.812194473,223.94709724,238.241439,0.28009334978448547,homopoly,221.3335769043333
19098705,,C=CC(=O)OCCCC(C(C(C(C(C(F)(F)F)(F)F)(F)F)(F)F)(F)F)(F)F,,2,412.681724902,450.486983585,457.446026142,0.5968908657293867,homopoly,440.204911543
23688,,CCCCOCCOC(=O)C=C,,2,320.149989742,320.469822712,341.9909067,0.4338135755051891,homopoly,327.5369063846667
44607779,,C=CC(=O)OC1C[C@H]2C[C@@H]1[C@@H]3[C@H]2C=CC3,,2,397.695530291,438.90553406,445.573691866,0.5783446732917135,homopoly,427.3915854056666
13262697,,C=CC(=O)OCC1=CC=CC2=CC=CC=C21,,0,127.923499582,61.7073255583,178.184542061,0.13719236555304368,monomer,122.60512240043332
53845741,,CCCCCCCCCCCCSCC(CSCCCCCCCCCCCC)OC(=O)C=C,,0,270.807964923,252.232568183,327.357736047,0.37002484196080904,monomer,283.46608971766665
137796794,,C=CC(=O)OC(=C)C(=O)N,,0,70.8912956734,67.2765069505,48.3798892021,0.04973588588992015,monomer,62.182563942
57783180,,CC1=CC=C(C=C1)N(C2=CC=C(C=C2)C)C3=CC=C(C=C3)C4=CC=C(C=C4)CCCOC(=O)C=C,,0,465.866910185,221.36230964,370.23056268,0.46992611224516523,monomer,352.48659416833334
13847848,,CC(C)CCCCCCCCCCCCCOC(=O)C=C,,0,179.063836041,135.670339338,163.262383771,0.1903516458989163,monomer,159.33218638333335
18629896,,C=CC(=O)OC1=C(C=C(C=C1)[N+](=O)[O-])[N+](=O)[O-],,2,577.361814349,432.572683766,287.129810105,0.5855284571585685,homopoly,432.35476940666666
21895357,,CCCCOC(=O)CCOC(=O)C=C,,1,161.801706917,172.185535477,212.908513021,0.22359354158980452,homopoly,182.29858513833327
171714604,,C=CC(=O)OCBr,,1,97.4086914639,92.0715578931,89.3409167138,0.09425520356213066,homopoly,92.94038869026669
87194114,,C=CC(=O)OCCCCCCCCS(=O)(=O)O,,1,253.228086454,208.516933881,237.895538071,0.2972885494215786,homopoly,233.21351946866665
129767522,,C=CC(=O)OC1=CC2=CC=CC=C2OC1,,2,580.585135913,526.238230137,346.914696944,0.6611190720862902,homopoly,484.5793543313334
93013,,C[C@]12CC[C@H](C1(C)C)CC2OC(=O)C=C,,2,447.786718942,415.523907188,434.775698011,0.5860215506702785,homopoly,432.6954413803333
3016430,,C#CCOC(=O)C=C,,2,235.979639956,178.266365505,192.539258953,0.25248852032752617,homopoly,202.26175480466668
87489581,,C=CC(=O)OC(Cl)Cl,,2,196.727968836,222.08977919,204.645987587,0.26053540664747993,homopoly,207.8212452043333
115833,,C=CC(=O)OCC(COC1=CC=C(C=C1)CC2=CC=C(C=C2)OCC(COC(=O)C=C)O)O,,1,468.734636622,480.031447051,470.225965112,0.6443551119441826,homopoly,472.997349595
93414,,CC(COCC(C)OC(=O)C=C)OCC(C)OC(=O)C=C,,0,96.0361615283,137.644078522,176.682700473,0.1577203552966458,monomer,136.7876468411
85785799,,C=CC(=O)OCC1=C(OC(=N1)C2=CC=CC=C2)C3=CC=CC=C3,,1,177.122460738,571.130802464,441.497957008,0.533752955102274,homopoly,396.58374007
118885882,,C=CC(=O)NCCOCCOC(=O)C=C,,2,440.682566458,392.88577619,332.109493299,0.5221382342930586,homopoly,388.559278649
129827076,,C=CC(=O)OCC1CCC(CC1)COCC2CO2,,0,114.876324921,123.306359037,131.051267888,0.1378767921551544,monomer,123.07798394866666
90732367,,CC1=C(C(=CC=C1)C)OC(=O)C=C,,0,67.1643404676,110.012322309,120.098749961,0.10315885086147247,monomer,99.09180424586668
92212,,CC(C)(C1=CC=C(C=C1)OCC(COC(=O)C=C)O)C2=CC=C(C=C2)OCC(COC(=O)C=C)O,,1,470.481984007,610.680379607,458.077790458,0.7023713906479733,homopoly,513.0800513573333
131749375,,CCC1=C[C-](C=C1)OC(=O)C=C,,1,154.440876282,207.121179619,181.377121047,0.22168460540734228,homopoly,180.97972564933332
129808072,,CC(C([N+](=O)[O-])(F)F)OC(=O)C=C,,1,136.124010877,114.924133345,137.345179803,0.14712064238858247,homopoly,129.46444134166666
168435105,,C=CC(=O)OCCCCCCCCCCCCCCCCCCl,,0,158.356561158,173.28677683,192.497467986,0.2126149279517031,monomer,174.71360199133332
3019629,,CC(C1=CC=CC=C1[N+](=O)[O-])OC(=O)C=C,,2,329.755812842,504.275465142,473.408420718,0.5905342869338294,homopoly,435.81323290066666
3024058,,C=CC(=O)OCC(C(C(C(C(C(C(C(C(C(F)(F)F)(F)F)(F)F)(F)F)(F)F)(F)F)(F)F)(F)F)(F)F)(F)F,,2,533.673060055,528.006024786,502.167686088,0.7142433809643765,homopoly,521.2822569763333
543354,,C=CCCCCCCCCCOC(=O)C=C,,1,242.783321138,229.346970765,245.769832162,0.30609826869120305,homopoly,239.300041355
92001635,,C=CC(=O)OC(CC(C(C(C(C(C(F)(F)F)(F)F)(F)F)(F)F)(F)F)(F)F)CO,,0,93.1158845225,121.768258445,122.463776624,0.12249269167706461,monomer,112.4493065305
58895405,,CCCCCC1CCC(CC1)C2=CC=C(C=C2)OC(=O)C=C,,2,594.723062135,793.573721994,741.857752129,0.9874707142935121,homopoly,710.051512086
7827,,CCOCCOC(=O)C=C,,0,75.2138780421,39.2861883226,81.8108122789,0.05444634487050163,monomer,65.43695954786666
66603448,,CCC1C2CC3CC(C2)CC1(C3)OC(=O)C=C,,0,118.043715903,127.616469511,129.356023962,0.1406665663773503,monomer,125.00540312533332
175022,,CN(CCOC(=O)C=C)S(=O)(=O)CCC(C(C(C(C(C(C(C(C(C(C(C(C(C(F)(F)F)(F)F)(F)F)(F)F)(F)F)(F)F)(F)F)(F)F)(F)F)(F)F)(F)F)(F)F)(F)F)(F)F,,1,468.762326642,489.000205322,434.396942419,0.6314091606451485,homopoly,464.0531581276667
23572123,,C=CC(=O)OC1CC2CC1C1CCCC21,,2,449.285818423,417.486023767,413.067166053,0.5772177415607065,homopoly,426.6130027476667
91997189,,CC1C2CC(C1(C)C)CC2C3CCCC(C3)OC(=O)C=C,,0,149.62498532,135.061852348,186.112046482,0.18687897314600554,monomer,156.93296138333335
23467942,,CC1=CC(=C(C=C1)OC(=O)C=C)N2N=C3C=CC=CC3=N2,,1,482.201889914,275.81781417,249.288971763,0.44572963468545923,homopoly,335.7695586156667
13841383,,CC(C)CCCCCCCCCCCOC(=O)C=C,,0,153.717815933,156.330881356,125.682003856,0.16995957575510484,monomer,145.24356704833332
11217233,,C=CC(=O)OCO,,1,79.0615560399,70.9508821315,82.3271575099,0.07182917251681126,homopoly,77.44653189376668
129834451,,C=CC(=O)ON1C(=O)C=CC2=CC=CC=C21,,0,123.823749386,93.6112956731,152.176970678,0.13805919719198678,monomer,123.2040052457
10520851,,C=CC(=O)OCCOCCOCCOCCOCCOCCO,,2,552.500254676,625.541138182,559.107004802,0.7978564695219804,homopoly,579.0494658866668
89485934,,CCC(C)(OC(=O)CCOC(=O)C=C)Br,,0,97.7106716578,101.290019669,98.083496556,0.10306659032693272,monomer,99.0280626276
104247,,C=CC(=O)OCCC(C(C(C(F)(F)F)(F)F)(F)F)(F)F,,1,166.377659989,172.27003676,155.071329587,0.19793728756867152,homopoly,164.5730087786667
134767817,,C[C@H]1CC[C@@H]([C@H](C1)OC(=O)C=C)C(C)(C)C2=CC=C(C=C2)OC,,0,173.657142224,114.600226313,227.519607704,0.20857961882427328,monomer,171.92565874700003
137958541,,C=CC(=O)OC(C(C(F)(F)F)(OC(C(C(F)(F)F)(F)F)(F)F)F)(C(F)(F)F)C(F)(F)F,,1,183.767619718,224.391517222,204.367583729,0.2552586090990763,homopoly,204.17557355633332
109961,,CCN(CCOC(=O)C=C)S(=O)(=O)C(C(C(C(C(F)(F)F)(F)F)(F)F)(F)F)(F)F,,1,308.583595654,283.676606153,256.942737355,0.3694481293570192,homopoly,283.0676463873333
75617,,C=CC(=O)OCC1=CC=CC=C1,,1,201.471755718,122.056203432,172.675718923,0.19913606111534485,homopoly,165.40122602433334
67841,,CCCCN(CCOC(=O)C=C)S(=O)(=O)C(C(C(C(C(C(C(C(F)(F)F)(F)F)(F)F)(F)F)(F)F)(F)F)(F)F)(F)F,,0,188.084350737,174.757784722,199.153003816,0.23087856333868353,monomer,187.33171309166667
11485348,,COC(=O)C1(C(C1(C#N)C#N)C2=CC=C(C=C2)OCCOC(=O)C=C)C#N,,2,667.895653087,730.46868849,757.759162365,1.0,homopoly,718.7078346473332
129761964,,C=CC(=O)OC1CC2CC1CC2C(=O)O,,2,384.209907891,382.536222952,377.273596806,0.5116888152006357,homopoly,381.3399092163333
118536009,,C=CC(=O)OCC(C(C1=CC=CC=C1)(C2=CC=CC=C2)C3=CC=CC=C3)OC4=CC=CC=C4,,0,240.664970558,290.042096992,240.336892298,0.33173865263585,monomer,257.01465328266664
22034164,,C=CC(=O)OC1=NC2=CC=CC=C2C=C1,,0,215.239871262,31.1033449277,119.236474228,0.13611371531519287,monomer,121.8598968059
21798085,,C=CC(=O)OCC=O,,1,92.0569716819,89.0416811561,97.2556629774,0.09402996163864605,homopoly,92.78477193846668
8846,,CCCCOC(=O)C=C,,1,119.269858247,119.253283745,134.855064257,0.13987627662012797,homopoly,124.459402083
57596650,,CC1=CC=C(C=C1)N(C2=CC=C(C=C2)C)C3=CC=C(C=C3)C=CC4=CC=CC=C4OC(=O)C=C,,1,859.40253529,590.919063217,585.413759477,0.9419161556694646,homopoly,678.5784526613334
22613596,,C=CC(=O)OC1=CC=C(C=C1)C#N,,2,310.101849777,318.867743567,541.047727377,0.5242319118398138,homopoly,390.00577357366666
129767522,,C=CC(=O)OC1=CC2=CC=CC=C2OC1,,1,252.46083468,292.595068135,167.439566767,0.30349067716171463,homopoly,237.4984898606667
57567,,CC(OC(=O)CCN1CC1)OC(=O)C=C,,0,70.6532965133,118.180631651,97.9521833275,0.09809806239389618,monomer,95.59537049726669
91058,,CC=CCOC(=O)C=C,,0,46.7144246233,64.70857354,86.5916448811,0.05526836256538748,monomer,66.0048810148
20230537,,CCNC(=O)OCCOC(=O)C=C,,2,333.242098002,286.201550629,323.451908645,0.4146521434412004,homopoly,314.298519092
22114509,,CCCC(C)(C)OC(=O)C=C,,2,294.081578881,319.148071947,325.877160471,0.412824181644922,homopoly,313.03560376633334
3020591,,CCC(COC)OC(=O)C=C,,0,58.5632610481,87.5092507098,75.6278293148,0.06669603583162262,monomer,73.9001136909
169440089,,CCO[13C](=O)[13CH]=[13CH2],,0,69.1046139219,45.8471125182,24.9439619387,0.02722762575872651,monomer,46.63189612626667
13841397,,C=CC(=O)OCCCCCCCCCCCCBr,,2,510.097290313,596.706055231,581.638838725,0.7743571117237493,homopoly,562.814061423
14511978,,C=CC(=O)OCCOC(=O)C1=CC(=CC(=C1)[N+](=O)[O-])[N+](=O)[O-],,0,185.463305674,36.4913058009,176.225390082,0.15184243496834646,monomer,132.72666718563332
11040716,,CC(=O)COC(=O)C=C,,0,63.1810991044,33.3772800008,70.1693091101,0.04017329984630603,monomer,55.57589607176667
44148663,,CC(COCC(COCC(C)OC(=O)C=C)OCC(C)OC(=O)C=C)OCC(C)OC(=O)C=C,,0,192.643833225,278.171013594,197.844339768,0.28234092178298176,monomer,222.886395529
168442280,,C=CC(=O)OCCC(=O)N1CCC[C@H](C1)N2C3=NC=NC(=C3C(=N2)C4=CC=C(C=C4)OC5=CC=CC=C5)N,,0,267.163018282,398.778195403,241.875482994,0.39772759441691746,monomer,302.6055655596667
129773897,,CN(CCCOC(=O)C=C)C1=CC=CC=C1,,2,455.333020533,512.262667913,441.408073551,0.639536048652641,homopoly,469.6679206656666
70480932,,CC1(C2CCC1(CC2OC(=O)C=C)C)C,,2,452.948379312,408.198840606,440.744762641,0.5878576722366281,homopoly,433.96399418633337
545786,,CC(C)(C)C1=CC(=CC(=C1O)C(C)(C)C)CCCCOC(=O)C=C,,0,185.035791564,145.475395727,231.689186236,0.2309775830075189,monomer,187.400124509
543884,,CCCCC(CC)CCC(CC)OC(=O)C=C,,1,273.979798135,241.405799704,257.03228783,0.3324015326301686,homopoly,257.4726285563333
129782167,,C=CC(=O)ON1C(=O)CCN2C1=NC3=CC=CC=C32,,0,107.040791262,120.147621653,195.607705132,0.1637190085865839,monomer,140.932039349
154732282,,C=CC(=O)N1CCC2(CC1)SCC(S2)COC(=O)C=C,,0,136.621893099,115.529028001,195.342576307,0.17563478922015957,monomer,149.16449913566666
10866703,,C=CC(=O)OCC1=CCCCC1,,0,113.29712368,59.0026072637,96.0039643665,0.08918082410767195,monomer,89.4345651034
91938,,C=CC(=O)OCC(CO)(CO)CO,,0,92.7349776755,80.5449402171,58.8732625024,0.07173923246179903,monomer,77.384393465
129721473,,C=CC(=O)OCCOCC1=CC=C(C=C1)I,,0,79.0352585778,115.777674788,176.651546907,0.1389529584577926,monomer,123.82149342426668
86759008,,C=CC(=O)OC12CCC(C1)CC2,,2,349.827778853,321.727251026,326.236416593,0.44113784315086446,homopoly,332.597148824
13568817,,C=C/C=C/OC(=O)C=C,,0,82.3870392688,64.0409390895,75.2855421452,0.06670239453081894,monomer,73.9045068345
58231733,,C=CC(=O)OC1=C(C=C(C=C1)C2=CC=CC3=C2OC4=CC=CC=C34)C5=CC=CC6=C5OC7=CC=CC=C67,,0,252.307887881,428.210005468,364.926122899,0.4641288479777417,monomer,348.48133874933336
171378145,,CC1([C@@H](N2[C@H](S1)[C@@H](C2=O)NC(=O)[C@@H](C3=CC=C(C=C3)O)N)C(=O)OOC(=O)C=C)C,,1,422.397346838,315.682786342,466.19156003,0.5407586688843602,homopoly,401.4238977366667
86736826,,CCC(C)(N)OOC(=O)C=C,,1,154.572184053,145.937990844,133.90592538,0.16932531835736792,homopoly,144.805366759
78823,,CC(C)CCCOC(=O)C=C,,0,86.4595259608,70.0397358709,80.1146151585,0.0738913912526798,monomer,78.87129233006665
15311046,,C=CCCCCCCCCOC(=O)C=C,,1,244.189397369,195.355102891,224.5204823,0.28012434946679965,homopoly,221.35499418666663
68647810,,COC1=C(C=C(C=C1)CC(C#N)OC(=O)C=C)OC,,0,160.037831505,105.483982708,136.229457681,0.15356547097551904,monomer,133.91709063133337
169439624,,CCC(COC(=O)C=C)C(C)C,,2,330.557887617,361.780462815,349.105495741,0.4621988800886023,homopoly,347.1479487243334
5354844,,C=CC(=O)OC/C=C/C1=CC=CC=C1,,1,294.904234167,167.101955024,183.695491,0.2712645801954326,homopoly,215.233893397
12641354,,C=CC(=O)OC(C1=CC=CC=C1)(C2=CC=CC=C2)C3=CC=CC=C3,,1,343.487713067,381.917408201,384.707241613,0.4953294794772475,homopoly,370.0374542936667
12391804,,C=CC(=O)Oc1ccc2ccc(=O)oc2c1,,1,319.592012827,152.94604601,269.4900409,0.3177393282971241,homopoly,247.34269991233336
21251808,,CC1=CC(=O)OC2=C1C=CC(=C2)OCCOC(=O)C=C,,0,105.560667074,201.618898005,153.874286427,0.1821772730360333,monomer,153.68461716866668
61242,,C=CC(=O)OC1=CC=CC=C1,,1,144.947337896,199.745378974,129.228265166,0.1883852962657119,homopoly,157.97366067866668
53702279,,CCCCCC=CCC=CCCCCCCCCOC(=O)C=C,,1,349.843403966,352.7782651,393.544931324,0.4886010471124824,homopoly,365.38886679666666
20195709,,CC(O)OC(C)OC(=O)C=C,,2,265.229577195,248.669952629,289.735921547,0.34746311707591476,homopoly,267.8784837903333
3016430,,C#CCOC(=O)C=C,,1,104.579975064,81.7644234635,116.777802355,0.10597975926353781,homopoly,101.0407336275
86729957,,C=CC(=O)OCCCCCCCCCCCC,,2,542.338531793,496.734270949,519.425364937,0.7116628325550076,homopoly,519.4993892263334
18372054,,C=CCCOC(=O)C=C,,2,246.047775193,243.777227762,250.144221764,0.31674597986493497,homopoly,246.6564082396667
18362117,,CCC1=CC=C(C=C1)OC(=O)C=C,,0,145.494003123,106.968837453,54.9332005794,0.1080417652121243,monomer,102.4653470518
568158,,C=CC(=O)OCCCC,,1,136.945295317,116.242610607,119.244221666,0.13941982066994688,homopoly,124.14404253
66995440,,C=CC(=O)OC1=CC=CC2=C1CC3=CC=CC=C32,,1,314.319157246,305.924640149,292.818062938,0.40025823617356854,homopoly,304.35395344433334
109997,,CCCCN(CCOC(=O)C=C)S(=O)(=O)C(C(C(C(C(C(C(F)(F)F)(F)F)(F)F)(F)F)(F)F)(F)F)(F)F,,0,159.288077418,184.013225794,194.302501096,0.21911044038967295,monomer,179.20126810266666
88984,,CCCCCCCCCCCCCCOC(=O)C=C,,0,117.856543025,158.300289808,160.690448005,0.17049829358778482,monomer,145.61576027933333
162549,,CC1(CC(CC(N1C)(C)C)OC(=O)C=C)C,,1,233.134226912,245.024505592,208.397370935,0.29097567335387786,homopoly,228.85203447966668
98056,,CC1CC(CC(C1)(C)C)OC(=O)C=C,,2,410.67381869,426.252785434,389.48673411,0.5514413806460702,homopoly,408.804446078
121476710,,C[C@@]12CCC(C1(C)C)CC2OC(=O)C=C,,2,438.358044162,429.347273425,425.742763185,0.5837837306285436,homopoly,431.1493602573334
129762066,,C=CCC1=NN=NN1OC(=O)C=C,,1,139.043284841,153.214947349,186.304940855,0.19062502093107417,homopoly,159.52105768166666
18913838,,C=CC(=O)OC1=CC=CO1,,1,138.640116931,134.136342805,103.702556355,0.1413723288662034,homopoly,125.49300536366668
21896325,,CC(C)(C1CC2CCC1O2)OC(=O)C=C,,0,94.2286468781,110.415088045,97.5384542741,0.10552623045500462,monomer,100.72739639906666
57978544,,C=CC(=O)OC1CC2C3CCC(C3)C2C1,,1,198.80314903,219.421626089,215.098589228,0.26529239610009875,homopoly,211.1077881156667
3037072,,C=CC(=O)OC1C=CC2C1C3CCC2C3,,0,110.015207703,91.6922029647,120.005822145,0.11494940154837269,monomer,107.2377442709
12547706,,C=CC(=O)OC(=C)C#N,,0,57.803830923,66.1191061361,52.9735241522,0.04507944258180654,monomer,58.96548707043333
70480932,,CC1(C2CCC1(CC2OC(=O)C=C)C)C,,1,225.861612558,198.141020837,226.761808142,0.27370721804456355,homopoly,216.92148051233332
16680,,CC(C)(COC(=O)C=C)COC(=O)C=C,,0,81.0361005141,98.4464437534,125.034804323,0.10665287821262309,monomer,101.5057828635
22051805,,C=CC(=O)OCC1CCC2C1C3CCC2C3,,0,132.039196341,93.3945773907,113.30522749,0.12316384885966455,monomer,112.91300040723333
129851655,,C=CC(=O)OOC(N)=O,,0,76.213638007,41.2016966664,23.2757443622,0.02761137904875268,monomer,46.8970263452
15321490,,CC1(CCCC1)OC(=O)C=C,,0,89.2452615335,82.4420091862,58.3317797448,0.07070957568223915,monomer,76.6730168215
129824284,,C=CC(=O)OCC1COC(O1)C2=CC=C(C=C2)Cl,,1,273.816903594,273.888559733,217.673112918,0.32900526674763947,homopoly,255.12619208166663
14511978,,C=CC(=O)OCCOC(=O)C1=CC(=CC(=C1)[N+](=O)[O-])[N+](=O)[O-],,1,197.803530721,234.233377418,326.961146839,0.3259268473478641,homopoly,252.9993516593333
85957,,C=CC(=O)OCC(CC(C(C(C(C(C(C(C(C(C(C(C(F)(F)F)(C(F)(F)F)F)(F)F)(F)F)(F)F)(F)F)(F)F)(F)F)(F)F)(F)F)(F)F)(F)F)O,,1,369.294065938,331.413842646,363.919616581,0.4733843434983487,homopoly,354.87584172166663
87114693,,C=CC(=O)OC/C=C/C1=CC=C(C=C1)O,,0,140.683448577,119.768173916,96.7434400071,0.1320683716573111,monomer,119.06502083336666
13651710,,CC(C)(COC(=O)C=C)C=O,,1,154.472500602,134.060917001,139.043927421,0.16602581413816958,homopoly,142.52578167466666
124202872,,CO[13C](=O)C=C,,1,65.9015381551,73.4441945572,82.5057240586,0.06676894484289028,homopoly,73.95048559029999
2794997,,CC1(COC(=O)[C@@H]1OC(=O)C=C)C,,2,328.247393503,295.738294895,362.171467979,0.4355246302435901,homopoly,328.7190521256667
163201125,,CC(=O)N[C@H]1CCC2=CC(=C(C(=C2C3=CC=C(C(=O)C=C13)SC)OC)OC(=O)C=C)OC,,0,394.469336053,264.210910124,207.634625496,0.37770414838824773,monomer,288.77162389100005
54384939,,CCC(C)(CC)OC(=O)C=C,,1,154.347122155,148.342187563,165.187655872,0.1854692308376162,homopoly,155.95898853
132279467,,CC1(CCCCC(C1(C)OC(=O)C=C)C2CCCCCC2)C,,2,656.11254821,687.566741374,658.152040417,0.9255584298496009,homopoly,667.2771100003333
45036092,,C[C@]12CCC3C([C@@H]1CC[C@@H]2C(=O)COC(=O)C=C)CCC4=CC(=O)CC[C@]34C,,0,180.323225724,242.277152767,209.06447754,0.2644922131744387,monomer,210.55495201033327
22999312,,C=CC(=O)OC1=CC=C(C2=CC=CC=C21)C=O,,0,108.954973549,205.83596399,103.538224087,0.1615638296084213,monomer,139.44305387533333
640118,,C=CCCCOC(=O)C=C,,0,81.2509918871,39.507567456,87.2707747613,0.06010016516454356,monomer,69.34311136813334
129773823,,C=CC(=O)OC1=CC=CC=C1C(=O)OCC2=CC=CC=C2,,1,453.812908137,109.251814346,366.288871608,0.4081185327164219,homopoly,309.78453136366664
23070534,,C=CC(=O)OC(CSC1=CC=CC=C1)CSC2=CC=CC=C2,,1,358.089209645,341.494067334,381.54293801,0.4813444904361488,homopoly,360.3754049963333
22662497,,C=CC(=O)OC(CCO)O,,2,228.381757735,232.926401321,236.395924076,0.2963542553723607,homopoly,232.56802771066668
108956,,C=CC(=O)OCC(CO)(COCC(COC(=O)C=C)(COC(=O)C=C)COC(=O)C=C)COC(=O)C=C,,0,256.168953162,222.449694098,225.784147973,0.2995861927678024,monomer,234.80093174433333
14040031,,C=CC(=O)OCC(=C)CS(=O)(=O)C1=CC=CC=C1,,0,154.262689256,129.012709284,108.460694446,0.14873343300362696,monomer,130.578697662
15685473,,C=CC(=O)OCCCC#N,,1,124.432468629,115.878385882,129.246460483,0.1380328056446986,homopoly,123.18577166466666
10176402,,C=CC(=O)OCCN1CCCCC1,,1,169.432822554,178.73662781,192.442403923,0.2205617386493842,homopoly,180.203951429
75084,,CCCCCCCCCCCCOC(=O)C=C,,0,146.828109251,101.511292922,140.738560021,0.14745096076432035,monomer,129.69265406466667
58231729,,C=CC(=O)OC1=C(C=C(C=C1)C2=CSC3=CC=CC=C32)C4=CSC5=CC=CC=C54,,0,178.100502008,287.37381022,335.889869845,0.34636729446574044,monomer,267.12139402433337
22457115,,CC(=O)OOC(=O)C=C,,0,82.8222979954,44.3638410022,28.6766307201,0.03493128677552813,monomer,51.95425657256667
11368265,,C=C[C@@H](COCC1=CC=CC=C1)OC(=O)C=C,,1,218.740669645,275.53756458,230.383400082,0.3093605043973054,homopoly,241.55387810233333
10193306,,C=CC(=O)OC1=C(C(=C(C(=C1Cl)Cl)Cl)Cl)Cl,,2,457.781867466,646.32921467,547.257695906,0.7564702513609108,homopoly,550.4562593473333
11275754,,C=CC(=O)OCC1=CC2=C(C=C1)OCO2,,2,492.768786605,311.709271568,396.97065665,0.5393966623855129,homopoly,400.482904941
132276613,,C=CC(=O)OC1=CC2=C(C=C1)C=C(C(=O)O2)C#N,,0,98.2681650914,86.4814635506,263.884978716,0.17618534220218682,monomer,149.54486911933333
19050546,,C=CC(=O)OC1=C(C=C(C=C1Cl)Cl)Cl,,2,339.396162113,453.901960205,558.646701936,0.6120067397563452,homopoly,450.6482747513333
18325639,,CCCNCCOC(=O)C=C,,0,76.3451781726,80.8358970069,65.5221708443,0.06717990884581737,monomer,74.23441534126667
168449191,,CCCCCCSSCCOC(=O)C=C,,1,265.103458194,232.800592122,217.573041697,0.3049292248838056,homopoly,238.49236400433333
4582075,,CC1=C(C=CC(=C1)N=NC2=CC=C(C=C2)N=NC3=CC=CC=C3)OC(=O)C=C,,0,373.77136823,196.799658595,252.456056016,0.35681902578815256,monomer,274.34236094700003
129821362,,C=CC(=O)OC1=CC=CC(=C1C#N)C2=CC=CC=C2,,2,602.145696154,692.795319552,560.299333897,0.8548324657777853,homopoly,618.4134498676667
23648078,,CCCCCCOC(=O)C1=CC=CC=C1OC(=O)C=C,,0,172.033058966,133.101295425,134.156622441,0.1716773071574112,monomer,146.43032561066664
3016576,,CCCCCCCCCCCCCCC(CCCCCCCCCCCC)OC(=O)C=C,,0,245.702247228,253.85691143,255.510943918,0.324031722424725,monomer,251.690034192
100995,,C=CC(=O)OCCOCCOCCOCCOCCOC(=O)C=C,,2,586.892430649,621.372171375,624.734875874,0.8441018799746005,homopoly,610.999825966
23576933,,C=CC(=O)OCCC(=O)CCCC[C@H]1[C@@H]2[C@H](CS1)NC(=O)N2,,1,333.319299847,293.426627324,276.219124165,0.39538681401360354,homopoly,300.9883504453333
27282087,,C=CC(=O)OCCCCC1=C(C=C(C=C1)[N+](=O)[O-])[N+](=O)[O-],,0,98.5702154285,165.027377082,146.348178655,0.15751908298827103,monomer,136.6485903885
117666949,,CCC1=C(N=C(C(=N1)C(=O)N)NC2=CC=C(C=C2)N3CCN([C@@H](C3)COC(=O)C=C)C)OC4=CC=CC(=C4)NC(=O)C=C,,1,748.4704745,818.569700627,450.607689316,0.9331894562855276,homopoly,672.5492881476667
61249,,CC(COC(=O)C=C)O,,2,206.457145284,247.021121742,222.662411294,0.285950528008925,homopoly,225.38022610666667
21888930,,C=CC(=O)OOC1=CC=CC=C1,,1,178.840006288,89.9809433275,250.75425129,0.2104121538167316,homopoly,173.19173363516666
21871645,,C=CC(=O)OC1=CC=CC(=C1)O,,0,136.592667606,67.638951932,46.2650630857,0.08058944873060303,monomer,83.4988942079
76345,,CCCCCOC(=O)C=C,,2,295.082288257,304.328715358,249.282741744,0.36920245788037864,homopoly,282.89791511966666
145740231,,CC(=O)NC1=CC=C(C=C1)C(=O)C=CC2=CC=C(C=C2)OC(=O)C=C,,1,447.510933267,633.923440938,252.099555919,0.6031240088186501,homopoly,444.5113100413334
18546535,,CSCCCSCCCOC(=O)C=C,,1,216.733581081,214.594695877,233.405439273,0.2804469943761955,homopoly,221.57790541033333
19706381,,C=CC(=O)OC1CCC(CC1)C2CCC(CC2)C3=C(C(=CC=C3)F)F,,0,181.694926623,177.802696941,180.461860217,0.22024698850006666,monomer,179.98649459366666
14496496,,CCOC(=O)CCOC(=O)C=C,,2,284.099646352,316.915098712,296.504574224,0.3927594037314301,homopoly,299.1731064293333
44607774,,CCOC(COC(=O)C=C)C#N,,1,145.152775215,130.218111264,168.671102883,0.1739695351006941,homopoly,148.013996454
57077168,,C=CC(=O)OCCSC1=CC=CC2=CC=CC=C21,,2,545.070025836,628.686861295,559.588313193,0.7960215353574522,homopoly,577.7817334413334
13225029,,CCC(C)(C)OC(=O)C=C,,1,144.588263564,140.740934986,131.191854246,0.16069146870462414,homopoly,138.840350932
73893,,CN(CCCCOC(=O)C=C)S(=O)(=O)C(C(C(C(F)(F)F)(F)F)(F)F)(F)F,,0,121.840107672,140.275856638,161.732348968,0.16422666275399714,monomer,141.28277109266665
21871639,,C=CC(=O)OCCC1=CC=C(C=C1)O,,1,233.347862099,154.804515406,193.47351321,0.24034984061153222,homopoly,193.875296905
18628414,,C=CC(=O)OOOC(=O)C=C,,2,278.687568633,266.963843716,226.927617378,0.3324792800388124,homopoly,257.5263432423333
170992275,,CC(C)(C(=O)OC1CCOC1=O)OC(=O)C=C,,2,400.17724385,426.145656611,394.659219257,0.5488209727288446,homopoly,406.994039906
129692699,,CC(C)COC(=O)OC1=CC=C(C=C1)COC(=O)C=C,,0,61.9121882449,151.983156199,212.840038037,0.16561959124224906,monomer,142.24512749363333
23593431,,CC(CC(C(F)(F)F)(C(F)(F)F)O)OC(=O)C=C,,0,94.6832569004,56.9812626173,94.0106535857,0.07826320800161132,monomer,81.8917243678
21932355,,CC(C(C(C(OC(=O)C=C)(F)F)(F)F)(F)F)(F)F,,0,60.7950680047,82.2515376733,73.908699215,0.0644066913067837,monomer,72.31843496433333
58895405,,CCCCCC1CCC(CC1)C2=CC=C(C=C2)OC(=O)C=C,,1,361.492536525,388.973760836,286.85004895,0.46020747921145644,homopoly,345.772115437
543187,,CCC(=O)OC(C)OC(=O)C=C,,0,92.5208200476,55.6418938827,76.7458769743,0.06824392480629424,monomer,74.96953030153334
83174,,CCCCC(C)(C)COC(=O)C=C,,1,188.653454705,205.355731292,175.310600882,0.23441249674899775,homopoly,189.773262293
53735402,,C=CC(=O)ON=C=O,,2,143.238042635,179.653655388,234.664874334,0.228737081485431,homopoly,185.8521907856667
21649872,,C=CC(=O)OCC1=CC=NC=C1,,0,90.1662699809,53.218611488,95.5686719376,0.07502021834497183,monomer,79.65118446883334
57428991,,C=CC(=O)OCCC(=O)Cl,,0,69.8263071915,41.2511675643,77.8385057327,0.05087851757435869,monomer,62.97199349616667
129692699,,CC(C)COC(=O)OC1=CC=C(C=C1)COC(=O)C=C,,2,509.204816406,610.304932516,543.287535773,0.7619841796308495,homopoly,554.2657615649999
145793502,,CCCCC(CC)(C=O)OC(=O)C=C,,2,414.413710403,384.870590503,372.853025603,0.5252547541237459,homopoly,390.7124421696667
129786647,,C=CC(=O)OC1C=CS1,,0,80.6314716668,76.1988196001,32.4243987605,0.05104193525949855,monomer,63.0848966758
88543247,,CC(C)(C)OC(=O)NCCOCCOC(=O)C=C,,2,436.955140862,453.243425138,479.124909051,0.6203914427479492,homopoly,456.44115835033335
543283,,CCCCCCCCCCCC(CC)OC(=O)C=C,,1,288.38428948,286.528331677,292.117702425,0.37804933351405595,homopoly,289.01010786066666
21867900,,C=CC(=O)OC(=O)O,,1,63.472709007,94.661219878,77.9877337935,0.07365391189596623,homopoly,78.70722089283333
4391003,,CC(CCOC(=O)C=C)CC(C)(C)C,,1,214.121578329,197.583716627,205.087860535,0.25731704212896844,homopoly,205.597718497
181508,,C=CC(=O)ON1C(=O)CCC1=O,,1,150.271976337,143.112475397,134.280731263,0.16606819345308838,homopoly,142.555060999
6658,,C=CC(=O)OC,,2,129.341854279,150.446896728,162.610505533,0.17317696340062824,homopoly,147.46641884666667
11289038,,C=CC(=O)OCCCCCCI,,2,389.900879954,418.990289289,363.519616742,0.5253866905158905,homopoly,390.8035953283333
111992,,C=CC(=O)OC1CC2CCC1C2,,0,82.9125653834,82.5221281643,85.2211782562,0.08066625296650407,monomer,83.55195726796667
83410,,CCCCCCCCCCCCCCCCOC(=O)C=C,,0,174.906769393,164.397063003,144.55245566,0.19317879784885972,monomer,161.28542935199997
86614223,,CN(C)C1=CC=CC2=C1C=CC=C2S(=O)(=O)OCCOC(=O)C=C,,1,402.167687478,366.862530112,291.967050035,0.47163284784937787,homopoly,353.665755875
59642034,,C=CC(=O)OCCOC1CC2CC1C3C2C4C(C3)O4,,2,530.300990042,491.309899041,494.446381389,0.6911863109921649,homopoly,505.3524234906667
14910871,,CC(=CCC/C(=C\COC(=O)C=C)/C)C,,2,405.020791189,503.301195509,515.116485847,0.6465003844994517,homopoly,474.4794908483333
107516,,C=CC(=O)OCC(C(C(C(C(C(C(C(F)F)(F)F)(F)F)(F)F)(F)F)(F)F)(F)F)(F)F,,1,237.892138437,203.560483084,234.910308203,0.28605775796790023,homopoly,225.454309908
118107964,,C=CC(=O)OCCC1=CC=C(C=C1)OC2=CC=C(C=C2)OC3=CC=CC=C3,,0,135.001252475,267.688077327,250.668725274,0.27495856255073614,monomer,217.78601835866667
20474861,,CC(C)COC(C)OC(=O)C=C,,1,167.753612261,158.736482635,159.07229178,0.19400194173788676,homopoly,161.85412889199998
14657507,,C=CC(=O)OCCOC1[C@@H]([C@H]([C@@H]([C@H](O1)CO)O)O)O,,2,434.599665267,439.856597733,417.678315423,0.5831500032348703,homopoly,430.711526141
58021564,,CCOP(=O)(COC(=O)C=C)OCC,,2,358.683593598,369.490480838,416.141571694,0.5118315874216727,homopoly,381.43854871
94246,,CC(CO)OC(=O)C=C,,2,233.974115114,224.623461651,210.139399631,0.2823784531455632,homopoly,222.9123254653333
66643440,,CC(C)(CCOC(=O)C=C)SC1=CC=CC=C1,,1,273.582900105,209.887350812,327.779422945,0.35113676210421846,homopoly,270.416557954
15012035,,CN1C(=O)C[C@H](C1=O)OC(=O)C=C,,0,89.6396782377,82.4317941266,71.5464038239,0.07727062095898124,monomer,81.2059587294
640118,,C=CCCCOC(=O)C=C,,2,306.58526042,273.081949077,254.281026229,0.36208817034582036,homopoly,277.982745242
23290047,,C=CC(=O)OCCOC1=CC=CC=C1C2=CC=CC=C2,,2,638.674510906,731.863865949,477.339837775,0.8512804457818853,homopoly,615.9594048766667
44145593,,C=CC(=O)OCC(CO)(CO)COCC(CO)(CO)CO,,1,254.274031939,243.610189461,271.300517298,0.3308416314964903,homopoly,256.3949128993333
129695637,,COC(COCCOCCO)(O)OC(=O)C=C,,1,201.186760716,189.036276316,199.960892906,0.24447885027479896,homopoly,196.727976646
10920839,,C=CC(=O)OCCCCCl,,2,272.584731717,292.161502618,256.591246072,0.3560038408380397,homopoly,273.7791601356667
129773897,,CN(CCCOC(=O)C=C)C1=CC=CC=C1,,1,223.523360266,240.137949632,262.988914918,0.3103199425599484,homopoly,242.2167416053333
86761358,,C=CC(=O)OC1=CC=C(C=C1)NC(=O)C2(CCC2)N,,1,268.814414274,297.510400393,287.278101691,0.37157099277082706,homopoly,284.5343054526668
58231720,,C=CC(=O)OC1=C(C=C(C=C1C2=CC=CC3=C2SC4=CC=CC=C34)C5=CC=CC6=C5SC7=CC=CC=C67)C8=CC=CC9=C8SC1=CC=CC=C91,,0,485.725348947,481.330642186,503.326846389,0.6691497007242501,monomer,490.12761250733337
109855,,CN(CCCCOC(=O)C=C)S(=O)(=O)C(C(C(C(C(C(C(F)(F)F)(F)F)(F)F)(F)F)(F)F)(F)F)(F)F,,2,714.11607736,656.287506702,672.097983507,0.9451806586744368,homopoly,680.8338558563333
102466680,,C=CC(=O)OC[C@@H]1CCCN1CC2=CC=CC=C2,,0,128.074250399,139.726327353,123.146189416,0.1483526058252204,monomer,130.315589056
19880963,,CC(OC(=O)C=C)S(=O)(=O)N,,2,296.034965012,283.56493286,292.447457931,0.3804699083655659,homopoly,290.6824519343333
54092897,,C=CC(=O)OCCCCOC(=O)C1=CC=C(C=C1)O,,1,227.536200778,221.151732729,335.33749321,0.3380018398857314,homopoly,261.3418089056667
15458,,CC(C)(C)OC(=O)C=C,,1,132.195344,128.27858992,108.211487233,0.13761214175183445,homopoly,122.89514038433336
10444551,,C=CC(=O)OCCN1C(=O)C2=CC=CC=C2C1=O,,1,228.810161105,187.085448199,305.71253385,0.307887282068112,homopoly,240.536047718
9815589,,C=CC(=O)OCCCCOCC1CO1,,2,336.322359427,383.785930844,365.824905255,0.4836637213453817,homopoly,361.977731842
17789732,,C=CC(=O)OCCOC1=CC=C(C=C1)C2(C3=CC=CC=C3C4=CC=CC=C42)C5=CC=C(C=C5)OCCOC(=O)C=C,,0,324.758364069,336.803109631,342.620452873,0.44422106740380174,monomer,334.7273088576666
13878525,,C=CC(=O)OCCC(C(C(C(C(C(C(C(C(F)(F)F)(F)F)(F)F)(F)F)(F)F)(F)F)(F)F)(F)F)(F)F,,1,269.510059048,262.586702638,245.959669426,0.3351219698721885,homopoly,259.352143704
19761571,,C=CC(=O)OCCOCC#C,,0,63.305345623,76.4960258766,62.880575788,0.05752020364947439,monomer,67.56064909586667
129681856,,C=CC(=O)OC1=C(C=CC(=C1)N)C(=N)N,,0,150.596061986,111.969018988,63.2753407824,0.11694065241631288,monomer,108.6134739188
12141271,,CCC/C=C/COC(=O)C=C,,1,199.926893747,160.098364048,131.369455422,0.1968158728288306,homopoly,163.798237739
5066485,,CCN(CCOC(=O)C=C)C1=CC=C(C=C1)N=NC2=CC=C(C=C2)[N+](=O)[O-],,0,195.926491784,288.423891516,193.937424413,0.28698645665811306,monomer,226.09593590433332
68647810,,COC1=C(C=C(C=C1)CC(C#N)OC(=O)C=C)OC,,1,234.780062638,285.016131355,249.28418594,0.3307912813709648,homopoly,256.3601266443334
165429930,,C=CC(=O)OCCOCCCCC(=O)OC1C(=O)CCC1=O,,0,141.86080877,128.718430682,137.93522621,0.15682851893486552,monomer,136.171488554
129848039,,C=CC(=O)OC(=O)C1=C(C(=CC(=C1)[N+](=O)[O-])[N+](=O)[O-])CCO,,2,437.625494506,586.969107088,655.700348141,0.7704263035978205,homopoly,560.0983165783333
20226510,,CCC1(CCCCC1)OC(=O)C=C,,0,99.7818184501,73.1476820781,108.901702161,0.09570746031865013,monomer,93.94373422973337
5062351,,C=CC(=O)OCC(O)COC(=O)C=C,,1,147.952114318,186.045174482,161.803561208,0.1989417080714198,homopoly,165.26695000266668
129786785,,C=CC(=O)OC1=CSC1,,1,85.4958769674,154.760532172,151.533815397,0.1487595499316832,homopoly,130.59674151213335
14511978,,C=CC(=O)OCCOC(=O)C1=CC(=CC(=C1)[N+](=O)[O-])[N+](=O)[O-],,2,448.075679608,517.817373482,590.418836506,0.7106080157802686,homopoly,518.7706298653334
23505087,,C=CC(=O)OCCCCOC=C,,0,81.042686546,79.075651427,83.9809025172,0.07750286549569335,monomer,81.36641349673333
13086546,,CC1(CCCCC1)OC(=O)C=C,,1,162.32526887,188.201394221,160.450339783,0.20626376867456822,homopoly,170.32566762466666
103492,,CCCC(C)OC(=O)C=C,,0,56.2352592047,74.9902701888,82.6113279508,0.06290212937063738,monomer,71.27895244809999
132279467,,CC1(CCCCC(C1(C)OC(=O)C=C)C2CCCCCC2)C,,0,167.234615744,157.00744133,174.239370008,0.20023501000113417,monomer,166.16047569399998
154704334,,C=CC(=O)OCCCC(C(F)(F)F)(C(F)(F)F)C(F)(F)F,,2,377.517864408,325.756788359,343.257312832,0.464653752487568,homopoly,348.843988533
15621063,,C=CC(=O)OCC1=CC=C(C=C1)CC2=CC=CC=C2,,0,132.070483603,153.866352433,144.536212305,0.16742290834004164,monomer,143.4910161136667
13759504,,CC1=CC=C(C=C1)OC(=O)C=C,,1,150.742370672,194.163521754,188.818531861,0.21723875025402314,homopoly,177.90814142899998
129831059,,C=CC(=O)OC1([C@@H]([C@H]([C@@H]([C@H](O1)CO)O)O)O)O,,0,107.750263196,86.1096084143,82.7292959366,0.0931783279796009,monomer,92.1963891823
23505087,,C=CC(=O)OCCCCOC=C,,2,311.911190368,308.630205818,377.749489311,0.4413788082255389,homopoly,332.76362849899994
109855,,CN(CCCCOC(=O)C=C)S(=O)(=O)C(C(C(C(C(C(C(F)(F)F)(F)F)(F)F)(F)F)(F)F)(F)F)(F)F,,1,342.831073753,333.822970367,334.860999454,0.44775908705643674,homopoly,337.17168119133333
21798085,,C=CC(=O)OCC=O,,0,43.5524452581,57.4902789629,41.4276834588,0.028469854334339607,monomer,47.49013589326666
11608004,,C=CC1=CC=CC=C1OC(=O)C=C,,2,470.27393583,341.504236832,415.424815061,0.5518223639864962,homopoly,409.0676625743334
87701904,,CCCCC/C=C\C/C=C\CCCCCCCCOC(=O)C=C,,0,181.09153567,160.18807766,204.012954409,0.22282004929399415,monomer,181.76418924633333
18533715,,C=CC(=O)OC1=CC=C(C=C1)C2=CC=C(C=C2)C#N,,2,795.915817938,894.888611659,274.26172802,0.9078202835184617,homopoly,655.022052539
129807973,,CC(C(F)F)([N+](=O)[O-])OC(=O)C=C,,2,259.730639008,276.290565051,259.626284784,0.34360915314697144,homopoly,265.21582961433336
67889,,C=CC(=O)OCC(F)(F)F,,1,81.7786305221,95.4759115965,93.9530400016,0.09058186661134485,homopoly,90.4025273734
66643440,,CC(C)(CCOC(=O)C=C)SC1=CC=CC=C1,,2,628.173634778,463.997759661,536.070258487,0.745312073582185,homopoly,542.747217642
2737317,,C=CC(=O)OCCF,,0,60.5637335994,26.1139273565,52.6173599739,0.026937820858713275,monomer,46.43167364326666
129851430,,CC(C1=C(C2=C(C=C1)C3=CC=CC=C3C2)OC(=O)C=C)O,,1,295.720053424,391.971641027,343.533936192,0.4572688827416255,homopoly,343.741876881
122409,,C=CC(=O)OCC(COCC(COC(=O)C=C)(COC(=O)C=C)COC(=O)C=C)(COC(=O)C=C)COC(=O)C=C,,1,469.788204167,492.277689866,610.522710268,0.7184610660587203,homopoly,524.1962014336667
168437649,,C=CC(=O)OCCCCCCCCCCCCCCCCCCBr,,0,200.901147215,201.762643586,186.940790886,0.24419933127933255,monomer,196.53486056233336
86759871,,CC1=CC=C(C=C1)S(=O)(=O)OCCOC(=O)C=C,,0,146.578815054,97.9267755611,137.058399111,0.1438256835108464,monomer,127.18799657536664
19797972,,CCCCCCCCCCCCOC(=O)CCOC(=O)C=C,,1,282.490201053,310.590972547,356.102868637,0.4176861579502125,homopoly,316.3946807456667
10537474,,C=CC(=O)OCN1C(=O)C2=CC=CC=C2C1=O,,1,244.707567169,177.209156806,262.235309642,0.28981577828123917,homopoly,228.0506778723333
23635727,,CCCC(=O)NC1=CC=C(C=C1)OC(=O)C=C,,2,528.181350812,471.628448519,582.499772805,0.7231511555852029,homopoly,527.4365240453334
81466,,C=CC(=O)OCCOC,,0,69.5011456042,38.8053265856,64.1102452681,0.04291809408073443,monomer,57.472239152633335
100982165,,CCN(CCOC(=O)C=C)C1=CC=C(C=C1)C=O,,0,170.771177136,49.1545218081,212.250170957,0.16824447114120006,monomer,144.05862330036666
21896333,,C=CC(=O)OC1(CCCC1)C2CC3CCC2O3,,1,210.782373817,255.491816254,228.174952616,0.2947838395095023,homopoly,231.48304756233333
21496309,,C=CC(=O)OCC1=CC=CS1,,2,363.178024604,288.477695397,294.495339728,0.416222830456878,homopoly,315.38368657633333
13001872,,C=CC(=O)OC1CC2CC1C3C2CCC3,,1,204.183291981,210.689159258,220.013324132,0.26604621482515817,homopoly,211.62859179033333
54156327,,CC(=O)NOC(=O)C=C,,0,59.9228091103,55.0400177374,47.7994259567,0.038260090441205104,monomer,54.25408426813333
20812341,,CC1(OCC(O1)COC(=O)C=C)C,,2,353.491231223,308.810259397,323.764601998,0.435480694578996,homopoly,328.6886975393333
16206027,,C=CC(=O)OCCC(C(C(C(C(C(C(C(C(C(C(C(C(C(C(C(F)(F)F)(C(F)(F)F)F)(F)F)(F)F)(F)F)(F)F)(F)F)(F)F)(F)F)(F)F)(F)F)(F)F)(F)F)(F)F)(F)F)(F)F,,0,173.660909657,244.84773088,198.199043648,0.2572758046633283,monomer,205.56922806166668
109857,,CN(CCCCOC(=O)C=C)S(=O)(=O)C(C(C(C(C(F)(F)F)(F)F)(F)F)(F)F)(F)F,,2,610.085166655,580.960149667,630.205912359,0.8384336850435595,homopoly,607.0837428936667
23576933,,C=CC(=O)OCCC(=O)CCCC[C@H]1[C@@H]2[C@H](CS1)NC(=O)N2,,2,623.013704639,570.800772059,632.441867049,0.840848510207919,homopoly,608.7521145823333
15458,,CC(C)(C)OC(=O)C=C,,2,225.907642361,233.166627463,276.127027171,0.31444559082333706,homopoly,245.0670989983333
15208778,,COC(=O)NCCOC(=O)C=C,,2,235.242866851,283.183045624,319.65269405,0.3640809563681269,homopoly,279.3595355083333
13908061,,C=CC(=O)OCCOCCOCCO,,0,109.778669074,60.5046411004,93.1924252254,0.08685147124956269,monomer,87.82524513326666
67923,,C=CC(=O)OCC(C(C(F)(F)F)(F)F)(F)F,,1,148.800115021,113.552345475,121.000846023,0.1446889777931014,homopoly,127.78443550633334
101642,,C=CC(=O)OCC(C(C(C(F)(F)F)(F)F)(F)F)(F)F,,2,279.055618503,302.208147792,304.93057613,0.3872954256302399,homopoly,295.39811414166667
6436391,,CCCCCCCC/C=C\CCCCCCCCOC(=O)C=C,,1,322.500968082,396.331497385,378.014223202,0.48892917029615734,homopoly,365.6155628896667
67891023,,CC(C)(C1CCCC1)OC(=O)C=C,,0,99.3695049971,106.586563756,72.5807399912,0.09411800926816391,monomer,92.84560291476669
13932176,,CCCCCCC(COC(=O)C=C)O,,2,403.508266099,371.140679517,401.292146414,0.5270899624213194,homopoly,391.98036401
543931,,C=CC(=O)OCCCC=C1CC1,,0,80.6433115752,81.4760138731,104.739092827,0.08848351918913852,monomer,88.95280609176666
165365566,,CC(C)(C)C(CCC1=CC=C(C=C1)Cl)(CN2C=NC=N2)OC(=O)C=C,,1,373.471712922,320.126932955,374.074264553,0.47485365496793874,homopoly,355.89097014333333
11040716,,CC(=O)COC(=O)C=C,,2,242.409357455,227.305354669,196.519363987,0.2811708751953262,homopoly,222.0780253703333
59705777,,C=CC(=O)OC1=C(C2=C(CCCC2)C=C1)C3=C(C=CC4=C3CCCC4)OC(=O)C=C,,1,404.751391641,504.974899169,527.056968111,0.6529388630416685,homopoly,478.92775297366666
86729957,,C=CC(=O)OCCCCCCCCCCCC,,0,160.563246595,94.2761002255,137.080424421,0.14882205251939798,monomer,130.63992374716668
3016441,,CCOCCOCCOCCOC(=O)C=C,,0,102.573054662,102.810397984,103.252567571,0.10864001971811385,monomer,102.87867340566667
170899745,,C=CC(=O)OCCCCCCCCCCCCCCCCCBr,,0,159.795427122,187.85051257,203.224492188,0.22551120953975254,monomer,183.62347729333337
16627,,C=CC(=O)OCCCl,,0,29.4555836593,67.1530886682,60.74235936,0.03564933069828342,monomer,52.450343895833335
164510984,,C=CC(=O)OC(C)(C)CCc1ccccc1,,1,273.818460746,201.9801936,214.896352689,0.2929725762071955,homopoly,230.23166901166667
53873894,,CCCCCCCCCC=COC(=O)C=C,,0,96.1498368175,119.117793613,156.303516117,0.13900442189088802,monomer,123.85704884916667
181750,,C=CC(=O)OCC(Cl)(Cl)Cl,,1,146.618418471,151.306709835,130.055365192,0.1662203217702921,homopoly,142.66016449933335
4372816,,CC(=O)CC(=O)OCCOC(=O)C=C,,2,360.172471519,338.174257938,318.378588962,0.45027289595853465,homopoly,338.908439473
129762902,,CC(C)(C(Cl)(Cl)Cl)OC(=O)C=C,,2,341.399079282,343.098326891,390.257358084,0.4782704473106214,homopoly,358.2515880856666
175956,,C=CC(=O)OCCOC(=O)CCC(=O)O,,1,164.73543817,179.563073637,167.284562693,0.20655618093573902,homopoly,170.5276915
13165,,C=CC(=O)OCCO,,0,45.1050719569,57.5696703607,41.4297544305,0.0292582556699535,monomer,48.034832249366666
18459502,,C=CC(=O)OO,,1,69.4850314607,54.4116657331,71.9846288441,0.054239097998455284,homopoly,65.29377534596667
19859974,,C=CC(=O)OCCCCCCCCCCCCO,,2,551.331009423,531.5018782,512.098330285,0.7292407394257229,homopoly,531.6437393026666
18679053,,CC(C(C(C(C(C(C(C(C(OC(=O)C=C)(F)F)(F)F)(F)F)(F)F)(F)F)(F)F)(F)F)(F)F)F,,0,130.70966208,104.718367314,120.658126135,0.13153335569395463,monomer,118.69538517633332
129851430,,CC(C1=C(C2=C(C=C1)C3=CC=CC=C3C2)OC(=O)C=C)O,,0,245.859729914,86.9057115474,183.977808129,0.20904581813617956,monomer,172.24774986346668
22709169,,CC(C)(C1=CC=CC=C1)OC(=O)C=C,,2,430.648273279,375.90092799,404.67677028,0.5441139096953168,homopoly,403.7419905163333
67551,,C=CC(=O)OCC(C(C(C(C(C(C(F)(F)F)(F)F)(F)F)(F)F)(F)F)(F)F)(F)F,,0,87.1560951763,111.794561543,112.93110224,0.11020599602205253,monomer,103.96058631976666
543286,,CCCCCCCCCCCCC(CC)OC(=O)C=C,,2,606.005077136,651.552891737,611.961314817,0.8617216439283037,homopoly,623.1730945633334
156600199,,C=CC(=O)OCc1cc(C(=O)c2ccc(F)cc2)no1,,2,630.84510509,467.937600747,514.007363566,0.7378571255483203,homopoly,537.596689801
3023456,,CCCNC(=O)OCCOC(=O)C=C,,2,355.487013394,312.141496856,395.907625039,0.47285777903340864,homopoly,354.51204509633334
77078222,,CC(C)(C)OC(=O)CCOCCOCCOC(=O)C=C,,1,271.500309566,252.664677745,257.935908608,0.33707330870526653,homopoly,260.70029863966664
7837,,C=CC(=O)OCC1CO1,,2,237.786829404,215.095794054,200.022227388,0.27473990444502494,homopoly,217.634950282
75282,,C=CC(=O)OCCOC(=O)C=C,,2,269.2934692,327.556811733,296.795467763,0.3908905164794614,homopoly,297.88191623200004
129847753,,CC1=NN(C=C1OC(=O)C=C)C,,2,238.35635782,428.560850096,306.187933428,0.42922740551815025,homopoly,324.368380448
21365444,,CC1CCC(CC1)C(C)(C)OC(=O)C=C,,2,439.24767083,452.606682387,426.125700448,0.5956197073627898,homopoly,439.326684555
86607858,,C=CC(=O)OC=O,,1,88.4989736101,63.3799729562,74.906893191,0.06914964379766356,homopoly,75.5952799191
69060682,,C=CC(=O)OCC1=CC(=C(C=C1)Cl)Cl,,1,313.826505731,167.653966032,141.033628896,0.2600772348864644,homopoly,207.50470021966663
4184941,,COCCCOCCCOCCCOC(=O)C=C,,0,126.02313478,99.6324625345,141.278673279,0.13676726158786204,monomer,122.31142353116668
13841397,,C=CC(=O)OCCCCCCCCCCCCBr,,1,269.705537318,267.947598978,288.740613139,0.35844334632903807,homopoly,275.464583145
53735402,,C=CC(=O)ON=C=O,,0,63.0818278654,27.5535702784,47.2076454144,0.0262372832189618,monomer,45.94768118606667
170995230,,C=CC(=O)OCC1=CC=C(C=C1)[C-]2C=CC=C2,,0,74.1450889751,135.317757546,259.034744224,0.18576866476119383,monomer,156.1658635817
105376,,CC(C)(COC(=O)C=C)COC(=O)C1=CC=CC=C1,,2,562.063052173,364.764014751,629.561650242,0.7106450828899965,homopoly,518.7962390553333
129652150,,CCCCCCCC/C(=C\OC(=O)C=C)/C(=O)N,,1,246.824075171,290.801793838,235.680022107,0.3328299699130737,homopoly,257.768630372
543579,,CCCCCCCCCCCCCCCOC(=O)C=C,,0,167.872554387,126.724361625,163.993054348,0.1809885207066874,monomer,152.86332345333332
11019125,,C=CC(=O)OCCSC#N,,2,251.178653069,269.752971023,262.944601742,0.33792985471814546,homopoly,261.292075278
104367,,C=CC(=O)OCCC(C(C(C(C(C(C(C(C(C(F)(F)F)(C(F)(F)F)F)(F)F)(F)F)(F)F)(F)F)(F)F)(F)F)(F)F)(F)F,,0,154.954744602,146.882281365,137.621613257,0.17175819947616508,monomer,146.4862130746667
118536009,,C=CC(=O)OCC(C(C1=CC=CC=C1)(C2=CC=CC=C2)C3=CC=CC=C3)OC4=CC=CC=C4,,1,558.54368445,511.723450674,478.649724043,0.7070401246657441,homopoly,516.3056197223333
129677102,,C=CC(=O)OC[C-]1C=CC=C1,,0,103.907554979,72.9314826158,98.5972064605,0.09262207530141386,monomer,91.81208135176666
129721343,,C=CC(=O)OC1=CC(=CC2=C1N(C3=CC=CC=C32)CCO)Br,,0,196.327617684,116.056406861,252.166492656,0.23211146025289678,monomer,188.1835057336667
12860205,,C=CC(=O)OCC1CCC2C(C1)O2,,1,153.320114627,174.305675533,187.009164153,0.20802862583937295,homopoly,171.544984771
91809457,,CC(C)(C)OC(=O)CCOCCOCCOCCOCCOC(=O)C=C,,2,658.287966438,684.539189555,688.704211656,0.9398878503222721,homopoly,677.1771225496667
82655,,C=CC(=O)OCC#C,,2,181.666318225,227.314192679,205.081944421,0.25599955723796725,homopoly,204.68748510833333
54148783,,C=CC(=O)OC(=O)OC(=O)C=C,,1,155.904735112,121.803790784,128.69147821,0.15580835158463108,homopoly,135.46666803533333
53461614,,CC12CCC(=O)CC1CCC3C2CCC4(C3CCC4OC(=O)C=C)C,,1,364.091250399,335.279724245,395.494119281,0.4879731073904551,homopoly,364.9550313083333
22718872,,CCCCC/C=C/C/C=C/CCCCCCCCOC(=O)C=C,,0,206.871097674,176.344179283,174.15869826,0.2286489835770317,monomer,185.7913250723333
163212139,,CC(C)CCCC(C)CC(O)OC(=O)C=C,,1,242.687516794,207.230452781,240.254880911,0.29272065057559005,homopoly,230.05761682866668
175021,,CN(CCOC(=O)C=C)S(=O)(=O)CCC(C(C(C(C(C(C(C(C(C(C(C(F)(F)F)(F)F)(F)F)(F)F)(F)F)(F)F)(F)F)(F)F)(F)F)(F)F)(F)F)(F)F,,0,205.260437182,233.760809184,206.843694762,0.2713433489377743,monomer,215.28831370933332
165429929,,C=CC(=O)OCCOCCNC(=O)CCN1C(=O)C=CC1=O,,0,140.907388997,107.705055833,160.279447577,0.15701061656688992,monomer,136.297297469
543295,,CCCCCCCCCCCCC(C)OC(=O)C=C,,0,145.049523071,135.920576302,155.309162116,0.1702242404641861,monomer,145.42642049633335
88121797,,CCCCC(=O)OC(=O)C=C,,2,299.886652333,304.355609284,257.02402247,0.37526834897377204,homopoly,287.0887613623333
59609085,,C=CC(=O)OCC(C1=CC=CC=C1)(C(=O)C2=CC=CC=C2)O,,0,186.46494311,145.368008061,158.53850216,0.19632217913951305,monomer,163.45715111033334
3016305,,C=CC(=O)OCCOC(=O)Cl,,2,259.739176457,237.62618878,297.365074423,0.34316670309040687,homopoly,264.91014655333333
100973,,CNC(=O)CCOC(=O)C=C,,2,277.29438399,293.913074721,264.221914767,0.36280277703682506,homopoly,278.47645782599994
10241458,,C=CC(=O)OC1=CC(=CC=C1)Cl,,0,143.125826557,40.4850116934,85.3544639911,0.0895000305685725,monomer,89.65510074716667
12577030,,C=CC(=O)OC1CC2CC1C3C2C=CC3,,1,217.290136486,242.443119441,176.209430995,0.26655614448235915,homopoly,211.98089564066663
68636312,,CCC1(COC1)COC23CC4CC(C2)CC(C4)(C3)OC(=O)C=C,,2,611.811974208,658.260535723,647.46568128,0.8848893962612052,homopoly,639.1793970703334
54336186,,C=CC(=O)OCCSC1=CC2=CC=CC=C2C=C1,,2,595.672315676,488.029406622,718.511020914,0.8292481591973824,homopoly,600.7375810706667
11289038,,C=CC(=O)OCCCCCCI,,0,75.9279283593,104.780727475,99.963016874,0.09514802019793686,monomer,93.5572242361
54148783,,C=CC(=O)OC(=O)OC(=O)C=C,,0,96.1082044276,4.03244579893,100.062299968,0.05632415830710353,monomer,66.73431673150999
2794997,,CC1(COC(=O)[C@@H]1OC(=O)C=C)C,,1,143.468506758,176.243493088,161.965503194,0.1921275962650826,homopoly,160.55916768
129847753,,CC1=NN(C=C1OC(=O)C=C)C,,0,75.7287196543,68.6156066199,102.974554427,0.07905625000317884,monomer,82.4396269004
543280,,CCCCCCCCCCCC(C)OC(=O)C=C,,1,262.912660936,275.432985165,287.417596519,0.35813914478659903,homopoly,275.2544142066667
57789513,,C=CC(=O)OCCCCCCCCCCS(=O)(=O)O,,1,251.207788132,260.107074159,293.165834176,0.34787092370991957,homopoly,268.1602321556666
44574020,,C=CC(=O)OC1=CC=C(C=C1)C(C2=CC=CC=C2)OC(=O)C=C,,1,403.526886449,308.621559336,299.377318109,0.4477642593048595,homopoly,337.1752546313333
19855,,CCC(CC)COC(=O)C=C,,1,153.845472073,176.052225016,145.236929481,0.18897084511376916,homopoly,158.37820885666665
23635603,,CCCCCCCCC1=CC=C(C=C1)OC(=O)C=C,,0,146.407881186,137.935379724,170.655410185,0.17925582131346476,monomer,151.66622369833334
21871639,,C=CC(=O)OCCC1=CC=C(C=C1)O,,0,116.327860606,47.1857090819,126.660892984,0.09973284512865788,monomer,96.72482089063334
543295,,CCCCCCCCCCCCC(C)OC(=O)C=C,,1,277.893156125,295.830650591,303.937947424,0.38317869531814264,homopoly,292.5539180466667
4139468,,C=CC(=O)OC1=CC=CC(=C1)N2CC3=CC=CC=C3C2=O,,1,341.681661165,382.045761955,235.771416203,0.42266275314134777,homopoly,319.83294644099993
18352416,,CCOOC(=O)C=C,,2,213.041949683,181.116734128,216.748449262,0.2544772043099491,homopoly,203.63571102433332
58231726,,C=CC(=O)OC1=C(C=C(C=C1)C2=CC3=CC=CC=C3S2)C4=CC5=CC=CC=C5S4,,1,692.241508349,310.088204153,840.805362901,0.8489920164825817,homopoly,614.3783584676667
75873,,CCCCCCCCCOC(=O)C=C,,2,444.443436691,418.535378431,384.974944314,0.5618340190736743,homopoly,415.9845864786666
6538148,,C/C=C/COC(=O)C=C,,0,36.9327147736,85.1869151155,71.027040053,0.05291970448423495,monomer,64.38222331403334
14746151,,C=CC(=O)OCCCCOC(=O)OC1=CC=C(C=C1)C(=O)C2=CC=CC=C2,,1,321.11241998,451.341596044,438.706552873,0.5440823547824362,homopoly,403.72018963233336
23443674,,C=CC(=O)OC(F)(F)CF,,1,82.45838742,93.3404871519,94.5143325658,0.09015035620935913,homopoly,90.10440237923336
93279,,CNC(=O)OCCOC(=O)C=C,,0,79.8722590232,87.8709428539,44.4335479277,0.0621011748652835,monomer,70.72558326826667
69285273,,CC1=CC=C(C=C1)N(C2=CC=C(C=C2)C3=CC=C(C=C3)CCOC(=O)C=C)C4=C(C=C(C=C4C)C)C,,1,611.471356172,716.950525845,761.230065771,0.9679293713734546,homopoly,696.5506492626668
11492219,,CC(C)(C)OC(=O)NCCOC(=O)C=C,,2,377.72024273,361.993309272,398.927688172,0.5090938485056539,homopoly,379.547080058
129761964,,C=CC(=O)OC1CC2CC1CC2C(=O)O,,0,108.217787172,62.1427535913,110.696070605,0.09533374211454523,monomer,93.68553712276668
577100,,CC1CCC(C(C1)OC(=O)C=C)C(C)(C)C2=CC=CC=C2,,2,658.044667193,679.594751789,558.796668931,0.8747082337118997,homopoly,632.1453626376666
13049940,,CC(=O)C1=CC=C(C=C1)OC(=O)C=C,,2,390.226321224,514.260286579,362.33531807,0.5709373708481231,homopoly,422.273975291
2775925,,C=CC(=O)OCC1=C(C(=C(C(=C1F)F)F)F)F,,2,371.825433514,300.024523631,408.897835583,0.4811619124960682,homopoly,360.24926424266664
3037072,,C=CC(=O)OC1C=CC2C1C3CCC2C3,,2,407.03534161,489.576278812,379.781784274,0.575555336193001,homopoly,425.464468232
154731038,,C[C@]12CC[C@@H](C([C@@H]1CC[C@@]3([C@@H]2CC=C4[C@]3(CC[C@@]5([C@H]4CC(CC5)(C)C)C(=O)O)C)C)(C)C)OC(=O)C=C,,0,335.359941788,245.019887332,266.138558764,0.3681529099873057,monomer,282.1727959613333
21251808,,CC1=CC(=O)OC2=C1C=CC(=C2)OCCOC(=O)C=C,,2,657.524780495,676.76811141,460.103278583,0.8254768859570957,homopoly,598.1320568293334
21036103,,C=CC(=O)OCCCCOC1=CC=C(C=C1)C2=CC=C(C=C2)C#N,,0,165.648110081,288.332151277,166.065359532,0.2588862638527741,monomer,206.68187363
77343,,C=CC(=O)OC1=C(C=C(C=C1Br)Br)Br,,0,187.361892141,89.4189026676,82.1697804003,0.1329153564338172,monomer,119.6501917363
11816169,,CC(C1=CC=CC=C1)OC(=O)C=C,,0,69.471670225,93.3459616738,120.767956215,0.09655390121270435,monomer,94.52852937126666
12860622,,C[C@@H]1CC[C@H]([C@@H](C1)OC(=O)C=C)C(C)(C)C2=CC=C(C=C2)OC,,0,158.115354724,206.118781863,156.655657181,0.2110464073520433,monomer,173.629931256
54361431,,CC(C)(C1=CC=CC=C1)C2=CC=C(C=C2)OCCOC(=O)C=C,,1,360.317020014,316.492346447,373.686791888,0.4665663623442524,homopoly,350.1653861163333
23635725,,CCCCCOC(=O)C1=CC=C(C=C1)OC(=O)C=C,,2,625.952482154,374.54157145,660.524765031,0.7611261205175196,homopoly,553.6729395450001
75096,,C=CC(=O)OC(C(F)(F)F)C(F)(F)F,,0,72.3511593605,46.265568223,45.9219768711,0.03911717765930162,monomer,54.8462348182
129883324,,COC1=CC=C(C=C1)C=NC2=CC=C(C=C2)COC(=O)C=C,,0,158.56730975,184.431880436,189.084028891,0.21644691558314652,monomer,177.36107302566666
86736828,,CCC(C)(NC(=O)NC1=CC=CC=C1)OOC(=O)C=C,,2,438.893414361,560.530779525,706.241348012,0.7826668901941395,homopoly,568.5551806326666
129672441,,C=CC(=O)OOC(=O)C(C)=C=O,,2,306.90528746,305.53507308,273.071846478,0.38696631476573373,homopoly,295.1707356726667
20140283,,C=CC(=O)OCC1=CC=C(C=C1)C(F)(F)F,,1,217.220720169,174.914543913,171.177465042,0.23151426283444212,homopoly,187.770909708
57428991,,C=CC(=O)OCCC(=O)Cl,,2,239.506517077,301.985718232,221.861564079,0.32802836970491006,homopoly,254.4512664626667
154704334,,C=CC(=O)OCCCC(C(F)(F)F)(C(F)(F)F)C(F)(F)F,,0,98.1275717729,69.4503933854,97.9580778157,0.08784551084923065,monomer,88.51201432466667
102181891,,C=CC(=O)OCCCCCCCCCCCOC1=CC=C(C=C1)C2=NOC(C2)C3=CC=C(C=C3)Br,,0,228.525967497,413.490244617,248.848144138,0.3895485740111739,monomer,296.9547854173333
13835,,C=CCOC(=O)C=C,,0,60.7525479233,73.0195361626,29.7573034714,0.03863021106407385,monomer,54.50979585243334
7837,,C=CC(=O)OCC1CO1,,1,112.153091205,103.908253643,110.033665937,0.11706348435618363,homopoly,108.69833692833332
22400639,,C=CC(=O)OCC1=C2C=CC=NC2=C(C=C1)O,,2,495.748376636,524.964398905,475.017733406,0.6813792287186832,homopoly,498.5768363156667
23070318,,C=CC(=O)OC1=CC=C(C=C1)I,,0,185.34742279,44.3565536466,67.7444148622,0.10324230808013221,monomer,99.14946376626666
3016577,,CCCCCCCCCCCCCCCCCCCC(CCCCCCCCCCCCCCCC)OC(=O)C=C,,0,334.124066487,332.971333098,322.247573601,0.43706169592499133,monomer,329.780991062
139072596,,C=CC(=O)OCCOCC1=C2C=CC=NC2=C(C=C1)O,,1,258.445404892,225.613653856,379.601455829,0.3764234968495529,homopoly,287.8868381923333
77920,,CC(C)CCOC(=O)C=C,,2,269.755817812,265.057817687,313.06497352,0.36880917786178574,homopoly,282.6262030063333
3024058,,C=CC(=O)OCC(C(C(C(C(C(C(C(C(C(F)(F)F)(F)F)(F)F)(F)F)(F)F)(F)F)(F)F)(F)F)(F)F)(F)F,,1,292.226027351,252.937930795,245.498608712,0.3412040705678476,homopoly,263.55418895266666
23635600,,CCCCCC1=CC=C(C=C1)OC(=O)C=C,,1,332.954038675,217.606748078,190.933822362,0.3174819342987909,homopoly,247.164869705
53845741,,CCCCCCCCCCCCSCC(CSCCCCCCCCCCCC)OC(=O)C=C,,1,576.705743002,591.206913977,517.04030063,0.7726736594491035,homopoly,561.6509858696667
20594792,,CCCC1CCC(CC1)C2=CC=C(C=C2)OC(=O)C=C,,1,335.604670321,274.19245592,351.112126713,0.4233432374625638,homopoly,320.303084318
17259,,CCCCCCOC(=O)C=C,,1,162.471719717,163.839462007,143.212004463,0.18626348528957215,homopoly,156.50772872899998
4418430,,C=CC(=O)OCCOCCOC1=CC=CC=C1,,0,94.6510726697,105.428152573,152.526848219,0.1298543154242834,monomer,117.53535782056667
23176933,,C=CC(=O)OCC1C(C(C(C(C1(F)F)(F)F)(F)F)(F)F)(F)F,,0,96.9412830445,90.7899666466,82.654118247,0.09018517173595306,monomer,90.12845597936666
90375204,,CCCCCCCCCCCCSSCCOC(=O)C=C,,2,704.210750822,609.72668681,729.156249738,0.9454663395782554,homopoly,681.0312291233334
13262708,,C=CC(=O)OCC1=CC2=CC=CC=C2C=C1,,1,299.89158898,242.778007691,194.157833612,0.31523015372202856,homopoly,245.60914342766668
3023346,,C=CC(=O)OCCCCCOC(=O)CCBr,,0,122.243595121,111.526826231,111.609037737,0.12636768025002665,monomer,115.12648636299998
86713021,,C=CC(=O)OCCSSCCO,,0,109.400406488,50.9119980237,103.970407926,0.08724086288491928,monomer,88.09427081256666
2774977,,C=CC(=O)OCC(C(C(F)(F)F)F)(F)F,,1,130.754855528,119.560976623,129.582088585,0.14302185277572851,homopoly,126.63264024533332
129726845,,C=CC(=O)OCCCCCCCCCCC,,1,262.548088356,219.998395922,242.336851389,0.3094674689757499,homopoly,241.62777855566665
168437649,,C=CC(=O)OCCCCCCCCCCCCCCCCCCBr,,1,352.881826455,401.287366333,367.620621429,0.5009635164514048,homopoly,373.9299380723333
17111,,CN(C)CCOC(=O)C=C,,1,139.547284991,121.762477698,140.120365836,0.15341052846598582,homopoly,133.81004284166667
168490272,,C=CC(=O)OC1=CC=CC2=C1C(=O)N(C2=O)C3CCC(=O)NC3=O,,2,579.542659124,641.688054877,716.170215948,0.894472600784004,homopoly,645.8003099829999
93013,,C[C@]12CC[C@H](C1(C)C)CC2OC(=O)C=C,,0,89.8080321082,112.37298676,122.127862545,0.11620172791363467,monomer,108.10296047106664
14693001,,C=CC(=O)OCCOC1CC2CCC1C2,,2,400.028089652,421.136579401,403.164688274,0.5504359193390058,homopoly,408.1097857756667
16204988,,C=CC(=O)OCC(CC(C(C(C(C(C(C(C(C(C(C(C(C(C(F)(F)F)(C(F)(F)F)F)(F)F)(F)F)(F)F)(F)F)(F)F)(F)F)(F)F)(F)F)(F)F)(F)F)(F)F)(F)F)O,,0,193.600101317,239.093575235,165.134979254,0.2481672123118839,monomer,199.276218602
12391804,,C=CC(=O)Oc1ccc2ccc(=O)oc2c1,,2,444.663677902,566.722182424,496.02847345,0.6870163407213022,homopoly,502.47144459200007
11390128,,C=CC(=O)OC12CC3CC(C1)CC(C3)C2,,2,412.501117718,436.412445342,424.233949414,0.5739892858394877,homopoly,424.382504158
53685801,,CCC=COC(=O)C=C,,0,55.3857590918,81.1571100444,64.6149400533,0.056784850518783576,monomer,67.05260306316667
58468614,,C=CC(=O)OCCC(=O)NC1=CC=CC=N1,,1,264.85538489,196.290060515,188.191887222,0.27301867872774344,homopoly,216.44577754233333
23635728,,C=CC(=O)OC1=CC2=C(CCCC2)C=C1,,2,420.302023884,509.865086221,442.859570277,0.6221781336240164,homopoly,457.6755601273333
19806870,,CC(CF)(C(OC(=O)C=C)(F)F)C(F)(F)F,,0,74.1950980419,59.7642666782,76.6671173494,0.06135321493043049,monomer,70.2088273565
105380,,CC(C)(C1=CC(=C(C(=C1)Br)OCCOC(=O)C=C)Br)C2=CC(=C(C(=C2)Br)OCCOC(=O)C=C)Br,,1,623.698849982,557.829944538,540.291619453,0.7904611548812239,homopoly,573.9401379909999
62552,,CCCCCCCCCCCCCCCCCCOC(=O)C=C,,1,354.916795463,354.945517401,359.889413525,0.4758566243350101,homopoly,356.58390879633333
53685801,,CCC=COC(=O)C=C,,1,144.31894319,157.933780055,106.947432795,0.1571593449714139,homopoly,136.40005201333332
86078028,,C=CC(=O)OCCSSC1=CC=CC=N1,,2,421.571896708,464.482676388,502.326600975,0.6295862385840946,homopoly,462.79372469033336
15621059,,C=CC(=O)OCC1=CC=C(C=C1)C2=CC=CC=C2,,0,56.1565372699,169.812745341,216.151411772,0.17304256511049243,monomer,147.3735647943
44607784,,C=CC(=O)OCC1C2=CC=CC=C2C3=CC=CC=C13,,1,188.910715903,312.171106107,386.020007744,0.3877332623651619,homopoly,295.700609918
11485348,,COC(=O)C1(C(C1(C#N)C#N)C2=CC=C(C=C2)OCCOC(=O)C=C)C#N,,1,427.681978631,273.920262588,390.7089519,0.48674092314448225,homopoly,364.1037310396667
57276811,,C=CC(=O)OCCNCCO,,2,251.763493133,279.443959053,298.716486034,0.3601465616598637,homopoly,276.64131274
23067278,,C=CC(=O)OC1CCO1,,0,65.9804751386,60.9867070051,38.0737698317,0.0393594977530401,monomer,55.013650658466666
57003781,,C=CC(=O)OCCC(Br)Br,,1,169.600078497,141.621968804,148.795415382,0.18167724500933669,homopoly,153.33915422766665
170992275,,CC(C)(C(=O)OC1CCOC1=O)OC(=O)C=C,,0,113.063561797,80.8821257679,111.956156142,0.10732085759030552,monomer,101.96728123563334
86748998,,C=CC(=O)OCCOC(=O)CC(C)=O,,0,65.3295908888,82.7736514596,108.622231754,0.08359466283816472,monomer,85.57515803413332
22718872,,CCCCC/C=C/C/C=C/CCCCCCCCOC(=O)C=C,,1,322.940767928,374.129473868,408.59387961,0.4931833299263716,homopoly,368.5547071353333
121420658,,CCCCCCCCC(CCCCCCCC)OC(=O)C=C,,1,346.260839871,366.803925605,309.812563386,0.4532410654078399,homopoly,340.95910962066665
129700121,,C=CC(=O)OCC(CC)CCCC,,2,391.033889642,379.482473776,374.192792369,0.5120214445997019,homopoly,381.5697185956667
21293197,,C=CC(=O)OCC[N+](=O)[O-],,2,234.114056574,221.87760713,210.57319541,0.28133046855313193,homopoly,222.18828637133333
19756660,,C/C=C/C=C/OC(=O)C=C,,1,156.495848749,207.55042781,140.801003645,0.20330635243960238,homopoly,168.2824267346667
14987130,,COCOC(=O)C=C,,2,201.210137112,180.418070226,191.857550698,0.23642245892794114,homopoly,191.16191934533336
17792856,,CC(C)C1(C2CC3CC(C2)CC1C3)OC(=O)C=C,,2,522.981048051,524.493313872,531.548109575,0.7215652233471318,homopoly,526.3408238326666
11390128,,C=CC(=O)OC12CC3CC(C1)CC(C3)C2,,1,213.888636098,192.760001491,226.58409449,0.2652486686175966,homopoly,211.07757735966663
293395,,CC1=CC(=C(C=C1)C(C)C)OC(=O)C=C,,0,138.589610917,131.280590271,91.1176120666,0.13389826564442972,monomer,120.32927108486668
70117982,,C=CC(=O)OCC(C1=CC=CC=C1)SC2=CC=CC=C2,,0,194.133145579,170.056348872,118.080366142,0.19241339187745518,monomer,160.75662019766665
61249,,CC(COC(=O)C=C)O,,1,107.915448534,119.863455322,112.480919354,0.12389760206202463,homopoly,113.41994107
129651013,,C=CC(=O)OC1=CC=CC=C1C2=NC(=C(O2)C3=CC=CC=C3)CO,,0,341.508927873,183.278631528,92.433555914,0.2575235205293054,monomer,205.74037177166664
6455702,,C=CC(=O)OCCN,,1,102.955371233,101.627223639,92.2397124062,0.10294024040975663,homopoly,98.94076909273332
101059,,C=CC(=O)OCC1=C(C(=C(C(=C1Br)Br)Br)Br)Br,,1,298.618877072,292.523403662,362.619196688,0.4198946397787425,homopoly,317.920492474
102199009,,C=CC(=O)OC1=CC=C(C=C1)C(=C(C2=CC=CC=C2)C3=CC=CC=C3)C4=CC=CC=C4,,0,237.241640204,252.391451191,395.680348574,0.3868704153377603,monomer,295.1044799896667
12705069,,CC(C)(C)OOC(=O)C=C,,0,70.7029845103,75.6681308997,56.4119024405,0.05756896731133802,monomer,67.5943392835
168435105,,C=CC(=O)OCCCCCCCCCCCCCCCCCCl,,1,366.819876949,352.859794557,347.111805166,0.4744283883374084,homopoly,355.59715889066666
18615292,,C=CC(=O)OCC1=C2C=CC3=CC=CC4=C3C2=C(C=C4)C=C1,,1,278.327478175,513.206871874,319.997648853,0.4960144133384147,homopoly,370.5106663006666
86753072,,C=CC(=O)OCCCCOC1=CC=C(C=C1)C2(CC=CC(=C2F)C3=CC=C(C=C3)CCCCO)F,,0,335.993930489,262.504153313,236.504851999,0.3625970330289709,monomer,278.3343119336667
129672441,,C=CC(=O)OOC(=O)C(C)=C=O,,1,148.602188082,99.83551057,193.24391733,0.17283072231414542,homopoly,147.22720532733334
108597,,CC(C)(C1=CC=CC=C1)C2=CC=C(C=C2)OC(=O)C=C,,0,168.128588389,86.6845662197,230.766339334,0.1940101955057974,monomer,161.85983131423333
62414,,C=CC(=O)OCCOCCOCCOC(=O)C=C,,1,258.156981423,215.441577035,204.780626534,0.2870305435871587,homopoly,226.1263949973333
22123752,,C=CC(=O)OCC1=CC=C(C=C1)O,,1,200.378668585,87.4658605252,260.170685738,0.22413364881493805,homopoly,182.67173828273332
69782405,,C=CC(=O)OC1=CC=CC=C1C(=O)C(C2=CC=CC=C2)O,,0,155.127819548,141.529058592,167.641362936,0.18374259840284504,monomer,154.76608035866667
21727128,,C=CC(=O)OCCC1CO1,,1,122.032843857,129.322111667,123.658347996,0.1406651643847687,homopoly,125.00443450666668
23290045,,C=CC(=O)OCC(COC1=CC=CC=C1C2=CC=CC=C2)O,,0,161.471874127,142.686220794,189.150223133,0.1977391325449595,monomer,164.436106018
86753073,,C=CC(=O)OCCCCOC1=CC=C(C=C1)C2(CC=CC(=C2F)C3=CC=C(C=C3)CCCCOS(=O)(=O)C(F)(F)F)F,,0,273.618672653,404.653872051,217.578557457,0.39195453658156965,monomer,298.61703405366666
11218292,,CC1(C2CC3CC(C2)CC1C3)OC(=O)C=C,,1,223.761975155,250.439229082,207.390629332,0.288580554830793,homopoly,227.19727785633333
117434,,C[C@]12CC[C@H](C1(C)C)C[C@H]2OC(=O)C=C,,2,408.05850542,434.009081239,457.071335743,0.5865293992881636,homopoly,433.0463074673333
85065,,C=CC(=O)OCCCS(=O)(=O)O,,0,68.7029179672,66.6705522309,88.1376766586,0.06756969793874887,monomer,74.5037156189
57077168,,C=CC(=O)OCCSC1=CC=CC2=CC=CC=C21,,0,202.631840052,81.4135204868,155.483941429,0.1717922922332067,monomer,146.50976732259997
56776444,,C=CC(=O)OCC(C(F)(F)F)(OC(C(C(F)(F)F)(OC(C(C(F)(F)F)(F)F)(F)F)F)(F)F)F,,0,107.091017016,102.287970287,132.728482345,0.12478903873320735,monomer,114.035823216
8821,,CCOC(=O)C=C,,2,180.650391298,179.541453528,174.880338468,0.2178890055074347,homopoly,178.35739443133332
3022437,,CCCCCCCCC(C)COC(=O)C=C,,1,240.454682483,253.465294103,232.695473974,0.31030316497394816,homopoly,242.20515018666663
2777443,,C=CC(=O)OCC1=CC(=CC=C1)C(F)(F)F,,0,73.8991281895,116.298527284,92.9376959245,0.09633667484789649,monomer,94.378450466
19899675,,CCCC(OC(=O)C=C)Br,,1,159.490276187,164.63415059,123.1359562,0.17552231816118966,homopoly,149.08679432566666
24627,,C=CC(=O)OCCOCCC#N,,0,63.586170194,50.3031707705,104.155902294,0.0649325554593363,monomer,72.68174775283335
88709012,,C=CC(=O)OCC1=C(C=C(C=C1)[N+](=O)[O-])[N+](=O)[O-],,1,274.548864604,214.378008678,192.19989433,0.28835617378035927,homopoly,227.04225587066665
101375909,,CC1=CC(=C(C=C1)C(=O)C2=CC=C(C=C2)N(C)C)OC(=O)C=C,,0,150.619406293,180.468720653,260.608344971,0.24520860860899815,monomer,197.23215730566668
14365587,,C=CC(=O)Oc1cccc(O)c1O,,2,329.722587262,293.993298054,389.512238899,0.44858559957131683,homopoly,337.74270807166664
11298697,,C=CC(=O)OC1C2CC3CC(C2)CC1C3,,1,216.084133158,234.039102529,185.593338307,0.2664470514482688,homopoly,211.90552466466667
107516,,C=CC(=O)OCC(C(C(C(C(C(C(C(F)F)(F)F)(F)F)(F)F)(F)F)(F)F)(F)F)(F)F,,2,467.804828352,463.76927321,412.519961103,0.6082189713645078,homopoly,448.0313542216666
129815894,,C=CC(=O)OC(=C1C=CC=C1)O,,1,213.734653615,178.936242588,164.870625498,0.22872981997348377,homopoly,185.84717390033333
67829,,C=CC(=O)OCC(C(C(C(F)F)(F)F)(F)F)(F)F,,0,89.176620991,63.9403008538,70.9947362664,0.0678594274793739,monomer,74.70388603706667
129742744,,CCCCOC1CC2CC1CC2OC(=O)C=C,,0,130.065911547,97.9766847312,133.997898749,0.13440615455427823,monomer,120.68016500906668
20077225,,C=CC(=O)OCC(F)F,,2,169.945471604,187.204286057,186.80421236,0.22217421410104546,homopoly,181.317990007
44607784,,C=CC(=O)OCC1C2=CC=CC=C2C3=CC=CC=C13,,0,127.428269257,137.841877878,185.574339695,0.17725154597349232,monomer,150.28149561
20594786,,CCCCCC1=CC=C(C=C1)C#CC2=CC=C(C=C2)OC(=O)C=C,,0,240.545919557,332.782294622,160.385874567,0.3137280552907927,monomer,244.5713629153333
118677,,C=CC(=O)OCCC(C(C(C(C(C(C(C(C(C(C(C(F)(F)F)(F)F)(F)F)(F)F)(F)F)(F)F)(F)F)(F)F)(F)F)(F)F)(F)F)(F)F,,1,338.7343162,272.525691679,339.969235884,0.41867290931277773,homopoly,317.07641458766665
543695,,C=CC(=O)OC1=CC(=C(C=C1Cl)Cl)Cl,,0,189.425818885,72.3464840234,71.7286991859,0.12063666378260951,monomer,111.16700069809998
57648627,,C=CC(=O)OC(OC(=O)C=C)(OC(=O)C=C)OC(=O)C=C,,0,113.817278207,127.644281286,130.164058443,0.13903070278112786,monomer,123.87520597866666
13878525,,C=CC(=O)OCCC(C(C(C(C(C(C(C(C(F)(F)F)(F)F)(F)F)(F)F)(F)F)(F)F)(F)F)(F)F)(F)F,,0,123.024039698,147.910068869,118.939584952,0.14783487841702975,monomer,129.95789783966669
86294538,,C=CC(=O)OC(C)C,,1,97.9474037501,110.801982623,116.119024444,0.11647168488104095,homopoly,108.28947027236666
17827951,,C=COC(=O)C=C,,2,193.710510341,165.975375449,196.851765056,0.22824548093822591,homopoly,185.512550282
13668181,,CC(=CCOC(=O)C=C)C,,1,144.144491806,170.130304703,124.972914251,0.17165643251256277,homopoly,146.41590358666667
3016667,,CCCCC(C)OC(=O)C=C,,1,140.266116078,183.046181057,150.964007908,0.18855672947503174,homopoly,158.092101681
141485225,,C=CC(=O)OCC12CC3CC(CC(C3)C1)C2,,2,447.436344359,469.534577639,456.817719479,0.6225457581046139,homopoly,457.929547159
139600009,,C=CC(=O)OC1=CC2=C(C=C1)C(=O)CC(O2)C3=CC=CC=C3,,1,347.88421489,379.130543765,249.449675618,0.43084816847613105,homopoly,325.4881447576667
11289038,,C=CC(=O)OCCCCCCI,,1,170.356803613,188.742418865,205.491416663,0.23213081794379445,homopoly,188.19687971366668
11836752,,C=CC(=O)O[C@H]1C[C@@H](C)CC[C@@H]1C(C)C,,2,477.538842318,404.453015327,433.168973781,0.5942595130981453,homopoly,438.3869438086667
3034295,,CCN(CCOC(=O)C=C)S(=O)(=O)C(C(C(C(F)(F)F)(F)F)(F)F)(F)F,,1,291.707860045,258.324967334,248.064847775,0.3447912981093051,homopoly,266.0325583846667
2782282,,C=CC(=O)OC(C)(C)C,,1,127.894838935,122.597127354,116.429011005,0.13676084795026794,homopoly,122.30699243133334
11170937,,CC(=C)OC(=O)C=C,,2,236.755303525,189.773004279,239.918989544,0.2812737483564612,homopoly,222.149099116
170992186,,CC1CCC(C(=O)C1)C(C)(C)OC(=O)C=C,,1,193.164991268,238.948865093,239.875769049,0.28394776345836553,homopoly,223.99654180333332
13847846,,CC(C)CCCCCCCCOC(=O)C=C,,2,505.351726904,476.654603976,464.368882207,0.6575667071551408,homopoly,482.125071029
162085,,CN(CCOC(=O)C=C)S(=O)(=O)CCC(C(C(C(C(C(F)(F)F)(F)F)(F)F)(F)F)(F)F)(F)F,,2,649.118997921,599.174822168,631.977880744,0.866909378306478,homopoly,626.757233611
131740479,,C=CC(=O)OCCOCCN,,1,119.997011556,145.343263135,154.940770791,0.16250555785866563,homopoly,140.0936818273333
53766210,,C=CC(=O)OCC([N+](=O)[O-])([N+](=O)[O-])[N+](=O)[O-],,2,381.641668763,337.883414725,318.335663425,0.4604701369637493,homopoly,345.9535823043334
17768051,,C=CC(=O)ON1C=CC=N1,,2,284.502660984,231.6625492,225.590184816,0.3176077560450052,homopoly,247.2517983333333
14987130,,COCOC(=O)C=C,,1,96.0563376774,87.8406047671,102.819088925,0.09806425073509911,homopoly,95.5720104565
68412458,,C=CC(=O)OC1=C2C(=C(C=C1)Cl)C=CC=N2,,1,245.831477114,207.983111583,306.865133727,0.32673820389274577,homopoly,253.55990747466663
164511035,,C[C@H]1CCC([C@H](C1)OC(=O)C=C)C(=C)C,,2,457.423550804,442.102070946,439.59159775,0.6058177865854499,homopoly,446.3724065
136155102,,CC1=CC(=O)NC(=N1)NC(=O)NCCCCCCNC(=O)OCCOC(=O)C=C,,1,412.456481446,291.201254103,431.632840232,0.5074772485700192,homopoly,378.430191927
14693048,,COCCCCCCOC(=O)C=C,,1,193.599458138,173.360049645,174.205120849,0.2208284364936727,homopoly,180.388209544
102248214,,C=CC(=O)OCC([N+](=O)[O-])(F)F,,2,239.541950525,214.172749839,230.877936743,0.2900283568895481,homopoly,228.1975457023333
129862051,,C=CC(=O)OC(=O)C1=CC=CC=N1,,0,94.0037266932,33.7859545968,125.651005447,0.08200984668809824,monomer,84.48022891233335
20536718,,CC(CCOC(=O)C=C)OCCC#N,,0,95.4069595673,99.6465245091,76.4548561628,0.09072697381958472,monomer,90.50278007973334
102246,,CCCN(CCOC(=O)C=C)S(=O)(=O)C(C(C(C(C(C(C(C(F)(F)F)(F)F)(F)F)(F)F)(F)F)(F)F)(F)F)(F)F,,1,358.403710927,395.660861248,342.958400566,0.4890142223294329,homopoly,365.674324247
543682,,C=CC(=O)OCCl,,2,175.127448976,175.119099782,179.732435589,0.21543168238456514,homopoly,176.65966144900003
129753987,,C=CC(=O)OC1CCN(CC1)C2=C(C(=C(C(=C2F)F)C3=NN(C(C3)C4=CC=CC=C4)C5=CC=CC=C5)F)F,,1,637.51204906,676.914355064,742.36204439,0.9520736709571226,homopoly,685.5961495046666
129760090,,COC1=CC2=C(C=C1)N=C(C=C2[C@H]([C@@H]3CC4CCN3C[C@@H]4C=C)O)OC(=O)C=C,,0,340.350430435,100.22507229,241.45965979,0.28879444839383256,monomer,227.34505417166667
146012803,,C=CC(=O)OC1=C(C2=CC=CC=C2C=C1)Br,,2,491.710983808,793.228369905,385.26295779,0.7655568937129268,homopoly,556.7341038343333
20212931,,C=CC(=O)OCCCCCCOP(=O)(O)O,,0,100.338102196,89.8226332682,112.130582913,0.10557888216961156,monomer,100.7637727924
3517032,,C=CC(=O)OCC1CCCN2C1CCCC2,,0,125.936984617,85.0789073342,129.961292796,0.12424370852893521,monomer,113.6590615824
88259,,C=CC(=O)OCCOCCOCCOCCO,,1,199.533849807,225.897429165,204.874961137,0.2638367197694156,homopoly,210.1020800363333
78823,,CC(C)CCCOC(=O)C=C,,1,171.3236264,147.318626094,149.756042483,0.1857207573871654,homopoly,156.13276499233334
15621059,,C=CC(=O)OCC1=CC=C(C=C1)C2=CC=CC=C2,,1,375.83223582,208.034440445,301.958552625,0.3871173388847665,homopoly,295.27507629666667
19748636,,C=CC(=O)OCC[N+]#[C-],,1,124.809129812,109.060961289,89.8892251114,0.1159365783898279,homopoly,107.9197720708
67921,,CCN(CCOC(=O)C=C)S(=O)(=O)C(C(C(C(C(C(C(C(F)(F)F)(F)F)(F)F)(F)F)(F)F)(F)F)(F)F)(F)F,,2,711.518433275,708.451225513,638.256826352,0.9527674825850161,homopoly,686.0754950466667
15208778,,COC(=O)NCCOC(=O)C=C,,1,141.284513131,117.924936545,159.509224872,0.161751758475887,homopoly,139.572891516
119935,,CCCCCCCCCCCCCCCCCOC(=O)C=C,,0,199.288530443,165.227487996,145.646902763,0.20587099750318327,monomer,170.05430706733335
21896325,,CC(C)(C1CC2CCC1O2)OC(=O)C=C,,2,396.78633924,409.865553216,402.701042512,0.5432102230048169,homopoly,403.1176449893333
162549,,CC1(CC(CC(N1C)(C)C)OC(=O)C=C)C,,2,454.122446329,453.444088863,470.321824524,0.6245237551415996,homopoly,459.2961199053333
48619,,C[C@]12CCC(=O)C[C@H]1CC[C@@H]3[C@@H]2CC[C@]4([C@@H]3CC[C@@H]4OC(=O)C=C)C,,0,202.167874234,154.426753816,194.996500979,0.2258589253441521,monomer,183.8637096763333
13878527,,C=CC(=O)OCCC(C(C(C(C(C(C(C(C(C(C(C(C(F)(F)F)(F)F)(F)F)(F)F)(F)F)(F)F)(F)F)(F)F)(F)F)(F)F)(F)F)(F)F)(F)F,,0,132.900319242,191.948298257,179.925435781,0.20327102253880042,monomer,168.25801776
11217233,,C=CC(=O)OCO,,2,153.929387461,153.324672961,156.096546265,0.18328539185734227,homopoly,154.45020222899998
87150,,C=CC(=O)OCCC(C(F)(F)F)(F)F,,1,137.37514985,116.357744153,121.863821006,0.14094664377659802,homopoly,125.198905003
93359,,C=CC(=O)OCCOC1CC2CC1C3C2C=CC3,,2,504.064145266,467.779790884,534.880273523,0.6866833755389877,homopoly,502.2414032243334
18353926,,C=CC(=O)OCC1COC(=O)O1,,0,80.6872158379,47.5035789996,72.9651795856,0.056783965296363086,monomer,67.05199147436666
141326481,,CCCCCC1=CC=C(C=C1)OCCCCCCCCOC(=O)C=C,,0,185.491530168,199.82278851,196.186521201,0.24028950715233802,monomer,193.833613293
58805559,,CCCC(=O)CCOC(=O)C=C,,0,68.9547003634,93.7847894105,73.7177146924,0.07381580123161366,monomer,78.81906815543333
11031110,,C[C@@H]1CC[C@H]([C@@H](C1)OC(=O)C=C)C(C)C,,0,109.961428138,97.1988157881,129.63147619,0.12222434130511745,monomer,112.26390670536668
58048850,,C=CC(=O)OC(COC1=CC2=CC=CC=C2C=C1)COC3=CC4=CC=CC=C4C=C3,,0,265.434688584,157.589506289,318.50403848,0.31749815703392975,monomer,247.1760777843334
155717,,CN(CCOC(=O)C=C)S(=O)(=O)CCC(C(C(C(C(C(C(C(C(C(F)(F)F)(F)F)(F)F)(F)F)(F)F)(F)F)(F)F)(F)F)(F)F)(F)F,,0,204.155431566,214.334088734,177.153543541,0.24711272656949682,monomer,198.547687947
145945604,,C=CC(=O)OCCOC1OCCCO1,,1,174.184731219,151.909357996,177.98575374,0.20293608587099912,homopoly,168.02661431833334
10104558,,C[C@H]1CC[C@@H]([C@H](C1)OC(=O)C=C)C(C)C,,2,419.896440577,469.708472294,439.809435966,0.6011364284279314,homopoly,443.138116279
71353023,,CCCCCCCCC(CCCCCCCC)COC(=O)C=C,,1,368.876530077,343.396405853,363.922165926,0.47896536909231346,homopoly,358.7317006186666
54320061,,C=CC(=O)OCCOC1=CC=CC=C1OC(=O)C=C,,0,181.815741505,111.281401653,102.092333023,0.1503995918294473,monomer,131.72982539366666
117830683,,CCCCP(CCCC)(CCCC)(CCCC)OC(=O)C=C,,1,389.314515319,396.783864031,350.772338019,0.5082396217861465,homopoly,378.9569057896667
57783174,,CC1=CC=C(C=C1)N(C2=CC=C(C=C2)C)C3=CC=C(C=C3)C4=CC=C(C=C4)CCCCOC(=O)C=C,,1,928.557673638,484.293849856,697.646178698,0.9779868528980634,homopoly,703.499234064
19023869,,COCCOCCOCCOCCOCCOC(=O)C=C,,2,528.495734957,517.811671868,567.323922632,0.7382630095133003,homopoly,537.8771098189999
2776194,,C=CC(=O)OCCC(C(C(C(F)(F)F)(C(F)(F)F)F)(F)F)(F)F,,2,341.779558031,375.573288136,381.651149176,0.48997000919295,homopoly,366.33466511433335
10907737,,CCC(C)(C)C1=CC(=C(C(=C1)C(C)(C)CC)O)C(C)C2=C(C(=CC(=C2)C(C)(C)CC)C(C)(C)CC)OC(=O)C=C,,1,631.279115501,691.352381192,633.115137594,0.9033238795076932,homopoly,651.9155447623333
98887,,CC(C)(C)COC(=O)C=C,,0,71.0580441208,53.2909849423,85.8012167874,0.0611234445474012,monomer,70.05008195016667
21868062,,C=CC(=O)OC1CC2CCC1(C)C2(C)C,,1,202.996700249,216.705723883,223.021595635,0.26982794402863636,homopoly,214.24133992233337
129864505,,C=CC(=O)OCC/C=C/CCCCCCCCCCC,,0,164.842506168,144.246815622,167.057316501,0.18945911188451708,monomer,158.715546097
89428483,,C=CC(=O)OC12CC3CC(CC(C3)C1C)C2,,1,243.546140591,235.547483921,218.484520251,0.29629349370382563,homopoly,232.5260482543333
54411860,,CC(C)(C)C1=CC(=CC(=C1O)C(C)(C)C)COC(=O)C=C,,1,264.222248932,349.052100972,345.243812508,0.42218960452207316,homopoly,319.50605413733336
18469777,,COOC(=O)C=C,,2,171.472885797,155.071723958,180.237564192,0.20423988344525257,homopoly,168.92739131566668
13165,,C=CC(=O)OCCO,,2,205.34381037,189.932804079,176.004046732,0.23535856263283364,homopoly,190.4268870603333
57077168,,C=CC(=O)OCCSC1=CC=CC2=CC=CC=C21,,1,188.915349758,383.742413721,308.656962057,0.3849411497543392,homopoly,293.77157517866664
129892792,,C=CC(=O)OC1=CC=CC(=C1OC(=O)C=C)N=NC2=CC=CC=C2,,1,514.178133483,283.317990804,340.040022409,0.508560672443874,homopoly,379.1787155653333
68773183,,CCN(CC)C1=CC=C(C=C1)CCOC(=O)C=C,,2,427.585713511,601.792354472,639.915675477,0.7651185355643455,homopoly,556.4312478200001
129721791,,C=CC(=O)OC1=CC(=CC2=C1N(C3=C2C=C(C=C3)Br)CCO)Br,,0,240.777999267,46.4780166155,342.96691073,0.2637965233852714,monomer,210.0743088708333
68648721,,CC(C)C(OCC12CC3CC(C1)CC(C3)C2)OC(=O)C=C,,0,162.384610579,161.896940415,128.257333917,0.17806904468640627,monomer,150.84629497033333
11083924,,C=CC(=O)OCCS,,1,107.203783438,115.236490068,108.424771902,0.11936488991641428,homopoly,110.28834846933334
173048,,CN(CCOC(=O)C=C)S(=O)(=O)CC(C(C(C(C(C(C(C(C(C(C(C(C(C(C(C(F)(F)F)(F)F)(F)F)(F)F)(F)F)(F)F)(F)F)(F)F)(F)F)(F)F)(F)F)(F)F)(F)F)(F)F)(F)F)(F)F,,1,519.929869614,489.152669002,468.38001528,0.672565461806867,homopoly,492.4875179653333
9942853,,CC(COC(C)COC(=O)C=C)OC(=O)C=C,,0,172.516922913,92.6287787428,80.143640222,0.12632420126772995,monomer,115.0964472926
19996,,C=CC(=O)OCCOCCOC(=O)C=C,,1,180.626418344,183.291104612,189.303936762,0.22664551336902475,homopoly,184.40715323933333
59005029,,CC(COC(=O)C=C)OC(=O)CCCCCBr,,1,205.281442569,245.249999655,261.977855619,0.30349734890296365,homopoly,237.503099281
19098703,,C=CC(=O)OC(C(F)(F)F)(C(F)(F)F)C(F)(F)F,,2,249.248377566,253.087700688,261.876303038,0.32844261096811833,homopoly,254.73746043066663
88259,,C=CC(=O)OCCOCCOCCOCCO,,2,412.135646537,467.106814907,389.42433362,0.571827467576896,homopoly,422.888931688
22457115,,CC(=O)OOC(=O)C=C,,2,243.470664482,178.569670345,208.121047233,0.26376682989528244,homopoly,210.05379402000003
58800711,,C=CC(=O)OCC1=CC=C(C=C1)N(C2=CC=CC=C2)C3=CC=CC=C3,,0,171.051117904,215.152947062,272.701396358,0.277635027732445,monomer,219.6351537746667
3023748,,CCCCCCCCCCCCCCCCCCCCCCCCCCOC(=O)C=C,,0,253.091517081,199.424968926,298.620920729,0.3221343089281371,monomer,250.37913557866668
121455448,,C=CC(=O)OCCCCCCOC1(CC=C(C=C1)C2=CC=CC=C2)C#N,,0,223.22363986,164.36102808,210.757283295,0.24841486270600174,monomer,199.44731707833333
12014951,,C=CC(=O)OCCOCCOC(=O)C(CC1=CC=CC=C1)SC#N,,2,637.943724764,697.82565969,632.924300704,0.9095704620208341,homopoly,656.231228386
56835610,,CC(=O)NCCCCCOC(=O)C=C,,0,107.749694048,86.5458773103,91.7930528321,0.09776154467851261,monomer,95.36287473013331
81767,,COCCOCCOC(=O)C=C,,2,304.236966663,312.071811944,300.799865483,0.4022106938338346,homopoly,305.70288136333335
129849674,,C=CC(=O)O[C@@]1([C@@H]([C@H]([C@H]([C@H](O1)CO)O)O)O)O,,2,367.902865436,343.253409623,379.859119461,0.4861157373048871,homopoly,363.6717981733333
122231558,,CC1(COC(OC1)OCCOC(=O)C=C)C,,0,107.758743005,71.8382360994,125.292139202,0.10683224648956854,monomer,101.62970610213334
104027,,CC(C)CCCCCCOC(=O)C=C,,0,112.277327096,101.712163778,100.316773483,0.11137575067669839,monomer,104.76875478566669
129892792,,C=CC(=O)OC1=CC=CC(=C1OC(=O)C=C)N=NC2=CC=CC=C2,,0,197.120258185,171.903379691,167.127117397,0.21840938570291815,monomer,178.71691842433333
20342959,,CC(C)(C1=CC=CC=C1)C2=CC=CC=C2OC(=O)C=C,,2,644.187445354,693.959953776,509.721485554,0.8512759443492338,homopoly,615.9562948946667
102248210,,CCC(COC(=O)C=C)([N+](=O)[O-])[N+](=O)[O-],,1,165.404280974,175.775732852,182.759108782,0.21251762148401407,homopoly,174.64637420266664
18459502,,C=CC(=O)OO,,2,124.058796336,141.727522498,124.612088317,0.14808803776819898,homopoly,130.13280238366667
22179230,,CCCCOC(=O)C1=CC=C(C=C1)OC(=O)C=C,,1,262.499813589,332.690545761,205.503077744,0.3460436791576409,homopoly,266.89781236466666
104303,,CC1=C(C=C(C=C1)NC(=O)OC(C)COC(=O)C=C)NC(=O)OC(C)COC(=O)C=C,,1,371.284392517,412.945775364,507.719731578,0.5830609009058101,homopoly,430.6499664863333
104027,,CC(C)CCCCCCOC(=O)C=C,,1,198.7746654,213.206996307,204.20571952,0.2570247733364754,homopoly,205.39579374233332
14693048,,COCCCCCCOC(=O)C=C,,2,328.039198423,360.434302233,397.404994341,0.4836373299013905,homopoly,361.9594983323333
87274,,C=CC(=O)OCCC(C(C(C(C(C(C(C(C(C(F)(F)F)(F)F)(F)F)(F)F)(F)F)(F)F)(F)F)(F)F)(F)F)(F)F,,0,136.201158318,123.978956943,163.79816978,0.1642893704200168,monomer,141.32609501366667
129884945,,C=CC(=O)OC1=CC(=O)C2=CC=CC=C2O1,,2,453.387636017,398.39054019,420.359472546,0.5735020554174319,homopoly,424.0458829176667
137331643,,C=CC(=O)OP(OC(=O)C=C)OC(=O)C=C,,2,429.724043553,406.300994011,408.705410841,0.5602788635003108,homopoly,414.9101494683334
129851994,,CC1(CC=C(C=C1)/C=C/COC(=O)C=C)O,,0,143.018685812,130.468309318,104.821310857,0.14225490902979981,monomer,126.10276866233332
20550278,,CCOC(C)OC(=O)C=C,,2,259.246974075,244.70903421,280.162483551,0.338046741149403,homopoly,261.372830612
22709189,,CCCCC1=CC=CC=C1OC(=O)C=C,,1,229.681319342,205.187292005,240.422515688,0.28554064376163407,homopoly,225.097042345
86720806,,C=CC(=O)OCC1=C(C=CC(=C1)[N+](=O)[O-])C2=C(C=C(C=C2)[N+](=O)[O-])COC(=O)C=C,,0,287.233547115,149.372119939,190.688289434,0.2623833788982752,monomer,209.097985496
14047273,,CC(O)OC(=O)C=C,,0,58.5200256127,51.1113643538,33.0607406578,0.028576829326689264,monomer,47.56404354143333
90188966,,CCN(CCCCCCOC(=O)C=C)C1=CC=C(C=C1)N=NC2=C(C=C(C=C2)[N+](=O)[O-])C#N,,0,316.221560173,256.633385724,274.782427616,0.36869278861543603,monomer,282.545791171
129805157,,C=CC(=O)OC1=CC=CC=C1P(=O)(C2=CC=CC=C2)C3=CC=CC=C3,,1,410.617834029,433.043978406,375.783611692,0.5480795609662428,homopoly,406.4818080423333
18469648,,CCCCC1CCC(CC1)OC(=O)C=C,,1,205.872905732,242.239536173,213.481178239,0.2789319876382077,homopoly,220.53120671466664
3023456,,CCCNC(=O)OCCOC(=O)C=C,,1,155.637676609,193.098758872,176.559439161,0.21317221561627595,homopoly,175.09862488066665
68648721,,CC(C)C(OCC12CC3CC(C1)CC(C3)C2)OC(=O)C=C,,1,328.543934306,259.943759587,319.378065165,0.39775126561445645,homopoly,302.621919686
99770079,,C=CC(=O)OC(C#N)(C(F)(Cl)Cl)C(F)(Cl)Cl,,2,442.737367058,385.79872893,399.100713626,0.5520316706668467,homopoly,409.2122698713333
165429929,,C=CC(=O)OCCOCCNC(=O)CCN1C(=O)C=CC1=O,,1,279.983073543,246.759920471,288.346876075,0.35298954717763925,homopoly,271.696623363
54320061,,C=CC(=O)OCCOC1=CC=CC=C1OC(=O)C=C,,2,665.076574805,468.419318139,422.717180698,0.7105603399028484,homopoly,518.7376912139999
11253685,,CC(C)(C12CC3CC(C1)CC(C3)C2)OC(=O)C=C,,0,141.158216634,137.696027304,113.871405076,0.1492108655434283,monomer,130.90854967133336
12141271,,CCC/C=C/COC(=O)C=C,,2,354.876194944,334.264258636,288.698803816,0.431511481393054,homopoly,325.946419132
54436609,,C=CC(=O)OCCCF,,1,113.662558691,102.665249054,103.604176091,0.11408999975716427,homopoly,106.643994612
69446413,,CC(OC(=O)C=C)OC(=O)C1=CC=CC2=CC=CC=C21,,2,640.281269223,648.90836217,465.341960323,0.8062433645063789,homopoly,584.8438639053334
3022443,,CCCCCCCCCCCCCCC(C)COC(=O)C=C,,2,736.962919437,662.969974525,659.993361711,0.9535875733526805,homopoly,686.6420852243333
22709343,,CCCCCCCCCCCCC(CCCCCCCCCC)COC(=O)C=C,,0,214.13533195,235.216305297,242.245639951,0.2934078958084299,monomer,230.53242573266667
18979476,,C=CC(=O)OCCCCCCOC1=CC=C(C=C1)C2=CC=C(C=C2)C3CCC(CC3)CCC(=O)O,,0,244.419868744,429.604106228,185.089610608,0.37422973338603155,monomer,286.37119519333334
14149717,,CC1(CC(CC(N1)(C)C)OC(=O)C=C)C,,1,199.604170147,217.484034315,216.772760596,0.2655517730990651,homopoly,211.28698835266667
10131189,,CC(C(=O)OCCOC(=O)C=C)Br,,2,371.386894317,340.27655645,315.234332094,0.45518081971136964,homopoly,342.29926095366665
108608,,C=CC(=O)OCCOC(=O)NC1=CC=CC(=C1)CN=C=O,,1,340.124851027,286.421212818,217.333128008,0.36687957322974957,homopoly,281.293063951
45094573,,CCC1(COC1)OCCOC(=O)C=C,,2,369.189916725,367.396076899,349.565998058,0.4837692842458158,homopoly,362.0506638939999
170995230,,C=CC(=O)OCC1=CC=C(C=C1)[C-]2C=CC=C2,,1,368.67059794,176.984167198,286.070256594,0.3610155330482411,homopoly,277.24167391066663
19768089,,CC(C#N)OC(=O)C=C,,1,101.607181244,96.2010002174,133.873114562,0.11975870754108423,homopoly,110.5604320078
13907995,,C=CC(=O)OCCOC1CC2CC1C3C2CC=C3,,1,227.897994811,262.349590512,261.293868233,0.32232924998656415,homopoly,250.513817852
20140283,,C=CC(=O)OCC1=CC=C(C=C1)C(F)(F)F,,2,439.622562653,411.132952396,323.826598635,0.5264342941570604,homopoly,391.527371228
59609085,,C=CC(=O)OCC(C1=CC=CC=C1)(C(=O)C2=CC=CC=C2)O,,1,341.231619553,314.622539002,287.009035519,0.41463652911993937,homopoly,314.287731358
67859946,,C=CC(=O)OC1=C2C(=CC=C1)SC3=CC=CC=C3N2,,1,177.561357746,447.150423493,371.551247335,0.440400425138875,homopoly,332.0876761913333
10920839,,C=CC(=O)OCCCCCl,,1,142.544588325,141.821278005,128.496310456,0.15892616546070082,homopoly,137.62072559533334
87837975,,CC(C)(OC(=O)C=C)F,,0,72.8054466333,54.3767416272,34.0626962122,0.03752800352958096,monomer,53.74829482423333
97687,,C=CC(=O)OC1=CC=C(C=C1)[N+](=O)[O-],,1,233.981103404,117.91641628,225.340444174,0.23823279114235377,homopoly,192.41265461933332
39850,,C=CC(=O)OC1C=CC2C1C3CC2C=C3,,2,404.251277607,440.915709862,423.902902383,0.5720219493070559,homopoly,423.0232966173334
76340,,C=CC(=O)OCC(C(C(C(C(C(F)F)(F)F)(F)F)(F)F)(F)F)(F)F,,1,167.950661195,192.04408383,197.320193385,0.22862050000267095,homopoly,185.7716461366667
5367501,,C=C/C=C/CCCCOC(=O)C=C,,2,474.216057955,448.560959638,314.085807259,0.556482959692114,homopoly,412.287608284
44607774,,CCOC(COC(=O)C=C)C#N,,0,51.8345201094,71.9107954325,100.15592033,0.0677579047547408,monomer,74.63374529063333
129883324,,COC1=CC=C(C=C1)C=NC2=CC=C(C=C2)COC(=O)C=C,,1,302.687188982,440.558377532,297.212195225,0.4617231224938204,homopoly,346.819253913
76340,,C=CC(=O)OCC(C(C(C(C(C(F)F)(F)F)(F)F)(F)F)(F)F)(F)F,,2,391.535726112,392.067217092,351.594058448,0.5074321017235505,homopoly,378.3990005506666
21896333,,C=CC(=O)OC1(CCCC1)C2CC3CCC2O3,,2,433.185505923,469.822594764,487.153459963,0.6304452242930271,homopoly,463.3871868833333
54092897,,C=CC(=O)OCCCCOC(=O)C1=CC=C(C=C1)O,,2,546.356972384,505.313619299,499.375864006,0.7080675942050944,homopoly,517.0154852296666
18979455,,C=CC(=O)OCCCCCCOC1=CC=C(C=C1)C2=CC=C(C=C2)C3CCC(CC3)CCC=O,,0,374.031965913,206.289161311,262.188898348,0.36621898957763516,monomer,280.8366751906667
91179,,C=CC(=O)OCC(CC(C(C(C(C(C(C(C(F)(F)F)(C(F)(F)F)F)(F)F)(F)F)(F)F)(F)F)(F)F)(F)F)O,,0,161.753968976,122.077812304,132.707384334,0.16070020762233675,monomer,138.846388538
66701901,,C=CC(=O)OCCOCCOCC1=CC=CC=C1,,1,266.990728922,209.931527421,269.195480255,0.31971246135696546,homopoly,248.7059121993333
4372816,,CC(=O)CC(=O)OCCOC(=O)C=C,,1,180.438951128,164.475951998,153.738333887,0.2003179033890773,homopoly,166.21774567100002
29728,,C=CC(=O)OCC(CBr)Br,,0,88.1720482417,52.2445574431,81.0601895568,0.06658818134851693,monomer,73.82559841386667
7819,,CC(C)COC(=O)C=C,,0,79.3183159997,40.0463241691,67.2428627556,0.049764743037781854,monomer,62.20250097480001
4139468,,C=CC(=O)OC1=CC=CC(=C1)N2CC3=CC=CC=C3C2=O,,0,204.080500778,110.161028623,192.359067261,0.20415227758778232,monomer,168.866865554
129762343,,C=CC(=O)OC12CCC(C1)CC2CC#N,,0,100.303932866,115.528252714,86.0652671711,0.10538885324665162,monomer,100.63248425036666
139025639,,C[N@+]1(CCC2=CC(=C(C=C2[C@H]1CC3=CC(=C(C=C3)OC)OC)OC)OC)CCC(=O)OCCCCCOC(=O)C=C,,0,370.653910815,348.516672247,292.31230919,0.4477435749612283,monomer,337.160964084
21251808,,CC1=CC(=O)OC2=C1C=CC(=C2)OCCOC(=O)C=C,,1,228.875710205,366.729695043,325.509755465,0.4041437237512421,homopoly,307.0383869043333
57003781,,C=CC(=O)OCCC(Br)Br,,2,261.264150462,321.957755457,333.096656056,0.40182950176371157,homopoly,305.4395206583333
15374706,,C=CC(=O)OC(C(C(C(C(C(C(C(F)(F)F)(F)F)(F)F)(F)F)(F)F)(F)F)(F)F)(F)F,,2,404.406112031,420.766520819,397.124871903,0.5494556084647774,homopoly,407.4325015843333
57951767,,C=CC(=O)OCCOC1=CC=CC=C1CC2=CC=CC=C2,,2,570.808144481,601.613716038,700.678237142,0.8634492844664404,homopoly,624.3666992203333
54514640,,C=CC(=O)OC1=CC=C(C=C1)CO,,1,187.205448843,147.031247043,219.187112634,0.22674314089059097,homopoly,184.47460284
46988,,CCOCCCOC(=O)C=C,,2,288.565340688,272.110024277,310.164665694,0.3798874084428168,homopoly,290.2800102196666
137530330,,CC(C)(C)N(CC1=C(C(=CC(=C1)C=O)OC)OC(=O)C=C)C(C)(C)C,,0,207.503608419,205.164874825,166.042977215,0.23894371119609323,monomer,192.903820153
141738169,,CC1=CC(=O)NC(=N1)NC(=O)NCCCCCCNC(=O)OCCCCOC(=O)C=C,,1,452.087453686,391.561620546,425.682144698,0.5721480331283888,homopoly,423.11040631
155293052,,C=CC(=O)OC1=CC=C(C=C1)/C=C/C(=O)C2=C3C=CC4=CC=CC5=C4C3=C(C=C5)C=C2,,1,823.103219223,392.914607133,563.883793892,0.8184836791668276,homopoly,593.3005400826668
21918123,,CCCCCCCCCC1=CC=C(C=C1)OC(=O)C=C,,0,146.898410028,111.687315496,230.290902622,0.1956009686527497,monomer,162.95887604866667
18316,,CCCCCCCCCCCCCOC(=O)C=C,,2,532.540633593,565.157256544,551.915958028,0.7556235477841132,homopoly,549.8712827216667
22728778,,C=CC(=O)OCCN1C(=O)CCC1=O,,0,74.2477628085,71.0848094224,111.813889211,0.08379777721373768,monomer,85.7154871473
162724249,,CC(C)(CCC1=CC=CC=C1)OC(=O)C=C,,0,133.500702853,138.802634836,89.9543597936,0.13451094853966003,monomer,120.75256582753336
13847852,,CC(C)CCCCCCCCCCCCCCCCCOC(=O)C=C,,0,227.627699544,193.365594225,168.133837351,0.2439689750080529,monomer,196.37571037333336
3037072,,C=CC(=O)OC1C=CC2C1C3CCC2C3,,1,230.97917019,208.833300481,209.470617208,0.27299250718507617,homopoly,216.4276959596667
52991911,,C=CC(=O)OCCCCC(C(C(C(C(C(F)(F)F)(F)F)(F)F)(F)F)(F)F)(F)F,,2,453.53668119,482.384708826,479.603363864,0.6426822411153523,homopoly,471.8415846266666
6658,,C=CC(=O)OC,,1,75.2391129326,73.0626095852,73.0722452023,0.06653857000427554,homopoly,73.79132257336666
114868,,C=CC(=O)OC1=C(C=C(C2=C1N=CC=C2)Cl)Br,,0,85.1857852263,188.279038945,157.510729075,0.16766535261445514,monomer,143.65851774876668
129714429,,CCCCC(OC(=O)C=C)F,,0,89.9278459753,47.4315797404,75.9902607411,0.06266708332215196,monomer,71.11656215226667
54436609,,C=CC(=O)OCCCF,,0,44.3845852179,57.4123679615,60.6455086422,0.03810580041941388,monomer,54.147487273866666
4616638,,CCCCC(CC)COCCOCCOC(=O)C=C,,0,138.37256693,144.669467765,118.312164859,0.1533738949046277,monomer,133.78473318466666
81215,,C=CC(=O)OC1=CC=C(C=C1)OC(=O)C=C,,1,269.45315962,127.179707503,337.574380773,0.3139659905050186,homopoly,244.73574929866663
169613,,C=CC(=O)OC1=CC=CC2=C1N=CC=C2,,0,150.626124535,55.752070242,142.664671382,0.12813516960107538,monomer,116.347622053
23290047,,C=CC(=O)OCCOC1=CC=CC=C1C2=CC=CC=C2,,0,131.273004528,111.593905126,232.202029118,0.1889391526260821,monomer,158.356312924
105376,,CC(C)(COC(=O)C=C)COC(=O)C1=CC=CC=C1,,1,263.836119353,277.920531864,251.678752147,0.34254188504025185,homopoly,264.478467788
3023754,,CCCCCCCCCCCCCCCCCCCCCCCCCCCCCCCCCCCCOC(=O)C=C,,1,608.803073976,685.139893238,680.176203984,0.9121881041820049,homopoly,658.0397237326666
11170937,,CC(=C)OC(=O)C=C,,0,23.6671969629,61.5230270009,86.681436773,0.042655119769702744,monomer,57.29055357893333
69890866,,C=CC(=O)OC1C2CC3C1OC(=O)C3C2,,1,167.986477936,212.432622305,178.042920286,0.22917393438433684,homopoly,186.15400684233336
69890866,,C=CC(=O)OC12CC3CC(CC(C3)C1)C2,,1,167.986477936,212.432622305,178.042920286,0.22917393438433684,homopoly,186.15400684233336
22992681,,CC(CC1C2CC3CC(C2)CC1C3)OC(=O)C=C,,2,526.501244434,502.707779021,541.021472328,0.7173233460034434,homopoly,523.4101652610001
167312926,,C=CC(=O)OCCOCCOCCNC(=O)OCC1[C@H]2[C@@H]1CCC#CCC2,,1,364.822394253,312.929545057,396.356240711,0.47795848887142856,homopoly,358.036060007
14832789,,C=CC(=O)O[C@H]1C[C@@H]2CC[C@H]1C2,,0,89.2615983347,75.253365957,89.6150701108,0.08234243726147983,monomer,84.7100114675
129774010,,C=CC(=O)OC(CCCCCCCCCCCCCCCCCC)C(O)(O)OC(=O)C=C,,0,217.275431915,249.784878012,217.366731901,0.2899484618938178,monomer,228.142347276
129864505,,C=CC(=O)OCC/C=C/CCCCCCCCCCC,,1,363.688599878,287.723883537,290.317860621,0.4140899613101819,homopoly,313.9101146786667
58895405,,CCCCCC1CCC(CC1)C2=CC=C(C=C2)OC(=O)C=C,,0,208.55532025,134.175599017,199.222722705,0.2212091129103629,monomer,180.65121399066663
113159,,CCCCNC(=O)OCCOC(=O)C=C,,0,97.7233076171,90.500871502,100.655157792,0.09910798391429032,monomer,96.2931123037
2776220,,C=CC(=O)OCCC(C(C(C(C(C(F)(F)F)(C(F)(F)F)F)(F)F)(F)F)(F)F)(F)F,,0,135.65676409,80.5050148955,116.679651565,0.12031843933808414,monomer,110.94714351683336
139722226,,CCCCCCC(CCCCCC)OC(=O)C=C,,2,535.795380943,563.102473174,551.185836524,0.7558502333686339,homopoly,550.0278968803333
129774974,,C=CC(=O)OC(OC(=O)C=C)(OC(=O)C=C)F,,0,107.68230864,74.4903959384,102.091396531,0.0968812643671002,monomer,94.7547003698
102232917,,CC1(COC2=CSC=C2OC1)COC(=O)C=C,,0,109.983942154,125.612182038,133.054962236,0.1375955762269967,monomer,122.883695476
129696010,,C=CC(=O)OC1=CC=CC=C1C(C(C(O)(F)F)(F)F)(F)F,,2,414.634066557,431.426501761,476.379128191,0.5977713577487925,homopoly,440.81323216966666
56835610,,CC(=O)NCCCCCOC(=O)C=C,,1,168.364664144,205.188856498,192.161728614,0.2326734102258867,homopoly,188.571749752
2775925,,C=CC(=O)OCC1=C(C(=C(C(=C1F)F)F)F)F,,0,140.332648944,44.8037537604,91.8753733811,0.0933822245374677,monomer,92.33725869516668
19761571,,C=CC(=O)OCCOCC#C,,2,301.104233114,236.109780392,308.411457463,0.3677221030612729,homopoly,281.87515698966666
113159,,CCCCNC(=O)OCCOC(=O)C=C,,1,179.686772882,186.264248347,199.105832159,0.23235575301137887,homopoly,188.3522844626667
82224,,C=CCOCCOC(=O)C=C,,1,122.852469288,128.057832657,185.228190736,0.17015632353212104,homopoly,145.37949756033333
101152230,,C[C@@]12CC[C@@H](C1)C([C@@H]2OC(=O)C=C)(C)C,,2,419.046413203,448.674826621,422.240811578,0.5821018209550662,homopoly,429.9873504673333
22065604,,COCCCOC(=O)C=C,,0,80.8670883922,62.5455494075,50.6847219967,0.05337838520453648,monomer,64.69911993213334
17050,,CCN(CC)CCOC(=O)C=C,,0,78.7866701615,88.623687755,81.0572484308,0.07961047734072621,monomer,82.8225354491
346146,,COC1=CC=C(C=C1)COC(=O)C=C,,0,130.734229748,106.718488378,61.0626204128,0.10375707967083914,monomer,99.50511284626668
168449191,,CCCCCCSSCCOC(=O)C=C,,2,489.050030234,519.713735898,461.285662139,0.6689888402767422,homopoly,490.01647609033336
3022444,,CCCCCCCCCCCCCCCC(C)COC(=O)C=C,,1,363.309054089,361.542487851,347.204902773,0.4769685851455342,homopoly,357.35214823766665
21318160,,CCC(C)(C)C1=CC=C(C=C1)OC(=O)C=C,,1,236.863276876,281.552251965,225.203591843,0.31850695049345235,homopoly,247.873040228
129652150,,CCCCCCCC/C(=C\OC(=O)C=C)/C(=O)N,,2,493.21121316,580.416613483,504.771849458,0.7212647423437799,homopoly,526.1332253669999
58999836,,CC(CC(C(F)(F)F)(C(F)(F)F)O)COC(=O)C=C,,1,168.857995376,183.599864676,191.439510117,0.22214690628791697,homopoly,181.29912338966665
22235103,,C=CC(=O)OC1=CC=C(C=C1)C2=CC=C(C=C2)OC(=O)C=C,,1,318.146925418,289.838896938,505.664889265,0.4970366317534609,homopoly,371.2169038736667
145994990,,C=CC(=O)OCCOC1=C2C=CC(=CC2=NC=C1)Cl,,2,643.86484573,550.370893488,579.789042353,0.8156482722407201,homopoly,591.341593857
20226511,,C=CC(=O)OC1=CC=CC=C1CC2=CC=CC=C2,,0,209.149856307,88.1971653556,118.715581045,0.16047027962196117,monomer,138.68753423586668
19761571,,C=CC(=O)OCCOCC#C,,1,123.240105978,140.19249579,153.778288365,0.16102429553052838,homopoly,139.070296711
146014315,,C=CC(=O)OC(C(F)(F)F)(C(F)(F)F)C(Cl)(Cl)Cl,,0,103.845263056,64.742902335,92.5373424928,0.0857175535528128,monomer,87.04183596126666
175956,,C=CC(=O)OCCOC(=O)CCC(=O)O,,0,103.917690773,56.5780462702,98.4415779766,0.08466181295089253,monomer,86.31243833993334
57789513,,C=CC(=O)OCCCCCCCCCCS(=O)(=O)O,,2,558.699424362,522.758978473,535.352201158,0.7397969187347072,homopoly,538.9368679976666
3016431,,CCCCC(C)COC(=O)C=C,,0,99.7102788174,78.3605643051,82.7959736689,0.08559274248423882,monomer,86.95560559713333
3016577,,CCCCCCCCCCCCCCCCCCCC(CCCCCCCCCCCCCCCC)OC(=O)C=C,,1,664.069798087,658.364822719,645.833022092,0.9093649087903964,homopoly,656.0892142993333
117830683,,CCCCP(CCCC)(CCCC)(CCCC)OC(=O)C=C,,0,168.863276214,205.024543589,182.927614862,0.22837950370244361,monomer,185.6051448883333
251817,,CC1=CC=CC=C1OC(=O)C=C,,1,132.880271681,199.662376907,203.677600033,0.2184429142598631,homopoly,178.7400828736667
91757807,,C=CC(=O)OCCOCCOCCOCCOCCOCCOCCOCCOCCOCCOCCOCCN,,1,519.227848149,528.410482943,541.772119336,0.7265771266892558,homopoly,529.803483476
18372055,,C=CCCCCOC(=O)C=C,,2,317.183215964,327.255535145,292.316720237,0.41168972722907066,homopoly,312.25182378200003
518439,,CCCCOC(=O)C(C)OC(=O)C=C,,1,196.327005097,178.587153472,172.946055772,0.2240588654942073,homopoly,182.620071447
15390035,,C=CC(=O)OCCCCCCOC1=CC=C(C=C1)O,,1,299.621897469,224.556296053,299.826637915,0.35729076157901907,homopoly,274.66827714566665
129845937,,CCOC(COCCOCCO)(O)OC(=O)C=C,,0,91.5232550208,106.227462642,132.524347403,0.11908024124040281,monomer,110.09168835526668
16205839,,C=CC(=O)OCC(COC1=C(C=CC=C1Br)Br)O,,1,282.911333481,320.910345368,167.080873439,0.3316704275241761,homopoly,256.9675174293333
11211,,C=CC(=O)OCC(C(C(C(C(C(F)(F)F)(F)F)(F)F)(F)F)(F)F)(F)F,,1,177.824037947,208.147126637,166.960299044,0.22650559853260968,homopoly,184.310487876
81765,,CCCCOCCOCCOC(=O)C=C,,2,407.411987135,399.782755954,405.54422943,0.5448438894795731,homopoly,404.246324173
69286003,,CC1=CC(=C(C=C1)N(C2=CC=C(C=C2)C3=CC=C(C=C3)CCOC(=O)C=C)C4=C(C=C(C=C4C)C)C)C,,1,648.620235171,549.213195486,882.57494361,0.9634696109777846,homopoly,693.469458089
114868,,C=CC(=O)OC1=C(C=C(C2=C1N=CC=C2)Cl)Br,,1,270.093094491,302.495111699,289.395903385,0.3756146792837017,homopoly,287.328036525
3023750,,CCCCCCCCCCCCCCCCCCCCCCCCCCCCCCOC(=O)C=C,,1,586.553885825,523.818465405,585.426582945,0.7779065335785211,homopoly,565.2663113916666
14693001,,C=CC(=O)OCCOC1CC2CCC1C2,,0,113.909827627,90.5006107984,102.775745403,0.10794051504155233,monomer,102.39539460946666
81490,,CCC(CO)(CO)COC(=O)C=C,,2,336.893829203,342.322149322,323.998481851,0.4437542925769746,homopoly,334.40482012533334
129848039,,C=CC(=O)OC(=O)C1=C(C(=CC(=C1)[N+](=O)[O-])[N+](=O)[O-])CCO,,0,61.7084948854,160.316732686,199.539659832,0.1631249749425838,monomer,140.52162913446668
13847848,,CC(C)CCCCCCCCCCCCCOC(=O)C=C,,2,642.478243353,640.982550381,660.735500911,0.8977511702978946,homopoly,648.0654315483334
66357,,C=CC(=O)OCCOc1ccccc1,,2,376.857886307,352.097342452,459.003069887,0.5328879216208501,homopoly,395.9860995486667
16206038,,CC(COCC(COCC(C)OC(=O)C=C)OCC(C)O)O,,0,129.299293027,143.050998419,154.563281708,0.16570556315613755,monomer,142.30452438466668
53685801,,CCC=COC(=O)C=C,,2,244.090353513,291.589276888,266.416069407,0.3467202308940461,homopoly,267.3652332693333
23132660,,CC(C)CC1(OCC(O1)COC(=O)C=C)C,,1,227.01084594,203.71634231,211.885998433,0.2697744702289819,homopoly,214.204395561
164510984,,C=CC(=O)OC(C)(C)CCc1ccccc1,,0,89.1137813856,126.343512207,127.411190205,0.12515620633967686,monomer,114.2894945992
19098705,,C=CC(=O)OCCCC(C(C(C(C(C(F)(F)F)(F)F)(F)F)(F)F)(F)F)(F)F,,1,230.824755397,201.419709067,219.81000456,0.27432961948733653,homopoly,217.35148967466668
133188422,,C=CC(=O)ON(OC(=O)C=C)OC(=O)C=C,,1,196.05261581,178.284656077,196.14529116,0.23497350306233475,homopoly,190.160854349
22235103,,C=CC(=O)OC1=CC=C(C=C1)C2=CC=C(C=C2)OC(=O)C=C,,0,73.179716707,252.667573186,250.880969645,0.2379868733558317,monomer,192.2427531793333
10130166,,CC(C)(C)NCCOC(=O)C=C,,2,309.668827622,346.682093263,335.769452129,0.4384017120700152,homopoly,330.7067910046667
20243842,,C=CC(=O)OC(C1=CC=CC=C1)[N+](=O)[O-],,2,411.794832646,324.11984983,434.553629657,0.5244495023239977,homopoly,390.1561040443333
102248214,,C=CC(=O)OCC([N+](=O)[O-])(F)F,,0,60.532818581,44.3554256905,71.4671829077,0.0448184091034026,monomer,58.78514239306667
11211,,C=CC(=O)OCC(C(C(C(C(C(F)(F)F)(F)F)(F)F)(F)F)(F)F)(F)F,,0,115.526431426,76.3479643179,86.1220945493,0.09385732103716848,monomer,92.6654967644
145796951,,C=CC(=O)OC(O)(CO)C(O)(OC(=O)C=C)OC(=O)C=C,,0,127.440395692,126.917911332,99.1085163559,0.1302696026924642,monomer,117.82227445996666
132277090,,CCN(CC)CC1=C(C(=CC(=C1)C=O)OC)OC(=O)C=C,,0,160.533689909,194.035428919,121.386552477,0.18936697576431336,monomer,158.651890435
11058231,,C=CC(=O)OCCOCCOCCOCCOCCOCCOC(=O)C=C,,2,647.191575184,719.481953422,688.720018621,0.9514006708991365,homopoly,685.131182409
9989898,,C=CC(=O)OC1=CC=CC=C1Cl,,2,316.059224805,342.1167184,414.339504206,0.4771900408465567,homopoly,357.505149137
129866931,,C=CC(=O)OC(O)(OC(=O)C=C)C(O)CO,,2,329.697918944,375.882162469,364.830016033,0.4761742695789186,homopoly,356.80336581533334
19861678,,CCCCOCCOCCOCCOC(=O)C=C,,1,245.383813818,240.730207089,230.093814554,0.30528178774073333,homopoly,238.73594515366668
21649872,,C=CC(=O)OCC1=CC=NC=C1,,1,147.525839971,213.857906394,127.815027921,0.1957563949706695,homopoly,163.06625809533332
19989416,,C=CC(=O)ON1CCOCC1,,2,293.09200134,254.185838391,279.784159726,0.35876575789159565,homopoly,275.68733315233334
129847129,,C=CC(=O)OC1=CC2=C(C=C1)C3(C4=CC=CC=C4C(=O)O3)C5=CC=CC=C5O2,,0,201.664718621,180.537601585,284.483019625,0.281388597060348,monomer,222.2284466103333
21889445,,C=CC(=O)OC1CC(=O)OC1,,2,231.049871611,248.030200187,287.7147635,0.3296885713181315,homopoly,255.59827843266663
71487920,,CC(C)C1=CC2=C(C=C1)C3(C(=O)C4=CC=CC=C4C3(O2)OC(=O)C=C)O,,1,424.295492309,371.948867596,347.674837857,0.5116403123994621,homopoly,381.306399254
19861678,,CCCCOCCOCCOCCOC(=O)C=C,,0,120.8229364,122.256102597,108.311714379,0.12926795817035414,monomer,117.13025112533334
543285,,CCCCCCCCCCCCCC(C)OC(=O)C=C,,1,313.940859747,289.610262205,324.146124549,0.40731939227938607,homopoly,309.23241550033333
17853765,,CCCCCCCC(CC)OC(=O)C=C,,2,432.302259236,464.369752022,456.344514068,0.6125238049353092,homopoly,451.005508442
44717649,,C=CC(=O)OCCCCCC(C(C(C(C(C(F)(F)F)(F)F)(F)F)(F)F)(F)F)(F)F,,0,115.875607787,120.022367893,135.540318172,0.13894032425716416,monomer,123.81276461733334
12391804,,C=CC(=O)Oc1ccc2ccc(=O)oc2c1,,0,137.703382804,45.5472469449,192.657070085,0.14109668507854609,monomer,125.3025666113
131697901,,C=CC(=O)OC1=CC(=CC(=C1)C(F)(F)F)C(F)(F)F,,0,111.115294896,42.6414313166,148.539234918,0.10558112216561455,monomer,100.76532037686668
2782282,,C=CC(=O)OC(C)(C)C,,2,237.778761747,258.086418824,239.6641475,0.31460385645491024,homopoly,245.17644269033332
77920,,CC(C)CCOC(=O)C=C,,0,79.7288714807,49.056328927,83.4506819043,0.06212970461225938,monomer,70.745294104
122513490,,C=CC(=O)OCCC(=O)N1C[C@H]2CN(C(=O)[C@H]2C1)C3=CC=CC4=C3C=NN4C5=CC=CC=C5F,,1,640.704542042,578.361535704,313.333945413,0.6990712227120887,homopoly,510.8000077196666
92001635,,C=CC(=O)OC(CC(C(C(C(C(C(F)(F)F)(F)F)(F)F)(F)F)(F)F)(F)F)CO,,2,436.576556172,429.01096386,481.655615066,0.6097383089332397,homopoly,449.0810450326667
132275594,,CN(C)CC1=C(C(=CC(=C1)C=O)OC)OC(=O)C=C,,2,622.676575723,516.00422537,576.984259883,0.7874913727450163,homopoly,571.8883536586667
170900921,,C=CC(=O)OCCCCN1C=NC2=C(N=C(N=C21)N)N,,2,552.747750459,413.30585591,619.458423634,0.7246962501021234,homopoly,528.504010001
93359,,C=CC(=O)OCCOC1CC2CC1C3C2C=CC3,,0,139.062536001,93.3689965143,142.226251204,0.14049363622810543,monomer,124.88592790643334
14454815,,C=CC(=O)OC1CCCO1,,2,268.809978522,229.755476094,250.685813631,0.3212243009409792,homopoly,249.750422749
102091248,,CCCCCCOC1=CC=C(C=C1)N=NC2=CC=C(C=C2)OCCCCCCOC(=O)C=C,,1,533.803706548,1043.0329466,307.648412565,0.8689422066040668,homopoly,628.161688571
23635602,,CCCCCCCC1=CC=C(C=C1)OC(=O)C=C,,2,434.355202499,627.739568133,587.716465814,0.7557187819958792,homopoly,549.9370788153334
7636,,CCCCC(CC)COC(=O)C=C,,0,113.119186819,91.2847065995,85.2830958561,0.09949765312782807,monomer,96.5623297582
11170937,,CC(=C)OC(=O)C=C,,1,103.009901827,111.342449047,113.091470091,0.11771424677056536,homopoly,109.14794032166668
20474861,,CC(C)COC(C)OC(=O)C=C,,2,333.730818973,324.63856965,319.055499586,0.43131156008716837,homopoly,325.8082960696667
81865,,C=CC(=O)OCC(C(F)F)(F)F,,2,215.672374346,217.747407115,222.874770893,0.27637533867445757,homopoly,218.76485078466663
87150,,C=CC(=O)OCCC(C(F)(F)F)(F)F,,2,257.843795266,228.236600466,268.771196845,0.32392629758687586,homopoly,251.61719752566668
585841,,CC1(C2CCC1(C(C2OC(=O)C=C)OCC3=CC=CC=C3)C)C,,0,215.329426235,167.196138162,126.480877696,0.20531302934108442,monomer,169.668814031
11083924,,C=CC(=O)OCCS,,2,221.479664214,217.4567187,219.508158042,0.27741264681038125,homopoly,219.481513652
11959825,,C=CC(=O)OC1CCOC1=O,,1,133.114184643,108.399324612,137.519171464,0.1426043991630322,homopoly,126.34422690633332
75873,,CCCCCCCCCOC(=O)C=C,,1,205.552697543,215.110810587,201.562696027,0.2599383330413334,homopoly,207.408734719
105249,,C=CC(=O)OCCN(CCOC(=O)C=C)C=O,,2,462.556946906,453.970060874,367.735761666,0.5793520800790531,homopoly,428.0875898153333
543931,,C=CC(=O)OCCCC=C1CC1,,2,352.65499339,329.32085355,384.069397051,0.47406835236764877,homopoly,355.3484146636667
3051373,,C[C@]12CC[C@H]3[C@H]([C@@H]1CC[C@H]2C(=O)COC(=O)C=C)CCC4=CC(=O)CC[C@]34C,,1,413.386517229,445.862908681,401.795474541,0.5681501209687034,homopoly,420.3483001503334
22114509,,CCCC(C)(C)OC(=O)C=C,,1,163.454089195,156.961000049,147.592481087,0.18553224389745449,homopoly,156.00252344366666
21646008,,CCCOOC(=O)C=C,,2,240.056099486,247.948373219,222.522960539,0.30254115579992613,homopoly,236.842477748
16680,,CC(C)(COC(=O)C=C)COC(=O)C=C,,2,380.160611046,406.830708835,416.635900924,0.5404477293433492,homopoly,401.20907360166666
19899675,,CCCC(OC(=O)C=C)Br,,2,272.029441196,299.323766134,311.884702793,0.3858690314264198,homopoly,294.41263670766665
131718422,,C=CC(=O)OC1C[C@H]2CC[C@]1(C)C2(C)C,,2,418.167181437,443.524829427,433.439780698,0.5845960730285845,homopoly,431.71059718733335
21895357,,CCCCOC(=O)CCOC(=O)C=C,,2,344.679729438,352.149607454,399.308084366,0.48858696901411725,homopoly,365.3791404193333
21872246,,C=CC(=O)OCCOC1=CC=CC2=CC=CC=C21,,2,586.103394376,452.609047775,573.183755221,0.7374258578060782,homopoly,537.2987324573334
87149,,C=CC(=O)OCCC(C(C(C(C(C(F)(F)F)(F)F)(F)F)(F)F)(F)F)(F)F,,1,196.661597684,193.491730144,213.165058072,0.250815850395469,homopoly,201.10612863333333
22177432,,COC1=CC(=CC=C1)OC(=O)C=C,,0,23.9452041722,140.611538158,117.971315126,0.09604367285423926,monomer,94.17601915206666
22065604,,COCCCOC(=O)C=C,,1,132.19662894,126.331165639,128.140053541,0.1462881495126055,homopoly,128.88928270666665
105448,,CN(CCOC(=O)C=C)S(=O)(=O)C(C(C(C(C(F)(F)F)(F)F)(F)F)(F)F)(F)F,,1,251.421689694,302.677284301,248.467938821,0.3469475777211394,homopoly,267.522304272
77066,,C=CC(=O)OCCC1=CC=CC=C1,,1,211.045973928,158.038730905,187.471511314,0.2282544381660713,homopoly,185.51873871566667
67889,,C=CC(=O)OCC(F)(F)F,,2,184.57503836,179.617805807,185.939674765,0.22515518760370515,homopoly,183.3775063106667
59992627,,C=CC(=O)OCCOCCC(=O)ON1C(=O)CCC1=O,,2,454.841655,485.162643437,479.169923346,0.6444430052161727,homopoly,473.0580739276667
129774010,,C=CC(=O)OC(CCCCCCCCCCCCCCCCCC)C(O)(O)OC(=O)C=C,,1,456.392378327,474.167352254,456.869848958,0.6291271213826238,homopoly,462.476526513
21403530,,CCC(=O)OCCOC(=O)C=C,,0,93.9201360878,48.152866648,83.434534569,0.06853289934938328,monomer,75.1691791016
93013,,C[C@]12CC[C@H](C1(C)C)CC2OC(=O)C=C,,1,223.372341536,204.533131984,219.899039564,0.27227913704767237,homopoly,215.93483769466664
88543247,,CC(C)(C)OC(=O)NCCOCCOC(=O)C=C,,0,142.966272907,86.1284411485,114.863627566,0.12568203163320626,monomer,114.6527805405
544160,,CC1(C2CCC1(C(C2)OC(=O)C=C)C)C,,1,214.068276247,222.468142126,205.937050063,0.2697070601626144,homopoly,214.157822812
109856,,CN(CCCCOC(=O)C=C)S(=O)(=O)C(C(C(C(C(C(F)(F)F)(F)F)(F)F)(F)F)(F)F)(F)F,,0,147.208293551,153.415443422,168.876602993,0.18625246264001194,monomer,156.500113322
76709,,C=CC(=O)OC1=CC=C(C=C1)O,,1,194.58263862,95.9506593219,210.7235457,0.20157406927590582,homopoly,167.0856145473
70029087,,C=CC(=O)OC1=CC=C(C2=CC=CC=C21)C=NNC(=O)C3=CC(=C(C=C3)O)Cl,,1,275.693961167,595.390002368,605.465437868,0.6721248917920091,homopoly,492.183133801
13225029,,CCC(C)(C)OC(=O)C=C,,2,295.671449323,291.114832564,252.966653464,0.36488877223831595,homopoly,279.91764511699995
44145593,,C=CC(=O)OCC(CO)(CO)COCC(CO)(CO)CO,,2,517.265659382,504.93950442,485.368024881,0.6870929836799248,homopoly,502.5243962276666
69837073,,C=CC(=O)OC1=CC=NN1,,2,284.368868507,157.094267072,301.169055877,0.3180307853096775,homopoly,247.54406381866667
69837073,,C=CC(=O)OC1=CC=NN1,,1,60.2344855193,123.537690376,194.068682353,0.14202937883767627,homopoly,125.94695274943336
105237,,CN(CCOC(=O)C=C)S(=O)(=O)CC(C(C(C(C(C(C(C(C(C(F)(F)F)(F)F)(F)F)(F)F)(F)F)(F)F)(F)F)(F)F)(F)F)(F)F,,1,405.110573728,331.513380455,403.940957858,0.5100219652764266,homopoly,380.1883040136667
129712286,,C=CC(=O)OCCCCCCCCCCCCCCS(=O)(=O)O,,2,684.842155036,676.495639474,624.765310006,0.9179700099649305,homopoly,662.0343681720001
19706376,,C=CC(=O)OC1CCC(CC1)C2=C(C(=CC=C2)F)F,,0,116.603298506,119.64315743,155.9147873,0.14893855586469923,monomer,130.720414412
131697901,,C=CC(=O)OC1=CC(=CC(=C1)C(F)(F)F)C(F)(F)F,,1,178.067940093,246.423886465,170.172542499,0.24664053426992608,homopoly,198.22145635233332
2776194,,C=CC(=O)OCCC(C(C(C(F)(F)F)(C(F)(F)F)F)(F)F)(F)F,,0,108.418725113,79.5451252436,84.0411345182,0.09096659068113064,monomer,90.6683282916
577100,,CC1CCC(C(C1)OC(=O)C=C)C(C)(C)C2=CC=CC=C2,,0,193.007346745,117.226524545,162.8004358,0.18795750091156452,monomer,157.67810236333335
162078,,CCCCCCCCCCCCCCCCCCCCOC(=O)C=C,,1,362.243318944,405.827214787,415.630813815,0.5308340642161404,homopoly,394.5671158486667
10444551,,C=CC(=O)OCCN1C(=O)C2=CC=CC=C2C1=O,,2,447.081522899,530.602731076,472.568791861,0.6594376507762126,homopoly,483.4176819453334
11630244,,CC(C)CCCCCCCCCCOC(=O)C=C,,2,568.594397832,533.706428377,556.886277416,0.7602423703056351,homopoly,553.062367875
109961,,CCN(CCOC(=O)C=C)S(=O)(=O)C(C(C(C(C(F)(F)F)(F)F)(F)F)(F)F)(F)F,,2,589.274205166,568.0797623,548.494571429,0.7827551810221287,homopoly,568.6161796316667
59502627,,C=CC(=O)OC1=C2C=CC=CC2=NC3=CC=CC=C31,,1,402.263270534,309.824511375,272.830092768,0.4349267121946686,homopoly,328.30595822566664
22400639,,C=CC(=O)OCC1=C2C=CC=NC2=C(C=C1)O,,1,211.616411079,243.778443979,277.34863705,0.3132597701155313,homopoly,244.24783070266665
20550278,,CCOC(C)OC(=O)C=C,,0,57.4449760577,70.1591394804,67.1393535474,0.053690114495406095,monomer,64.91448969516667
44457096,,CC(=O)OCC([C@@H]1[C@@H]([C@H]2[C@@H](O1)OC(O2)(C)C)OC(=O)C=C)OC(=O)CCC(=O)N[C@H]3C4N(C3=O)[C@H](C(S4)(C)C)C(=O)O,,1,571.35206896,540.545734734,475.351757204,0.7255345591667042,homopoly,529.083186966
13049940,,CC(=O)C1=CC=C(C=C1)OC(=O)C=C,,1,181.656605431,277.622797423,174.421201777,0.2654744037700126,homopoly,211.233534877
76599744,,C=CC(=O)OCC=CC(C(F)(F)F)(C(F)(F)F)F,,1,162.894783504,182.760785165,160.777642489,0.20407151885958563,homopoly,168.81107038599998
58319698,,C=CC(=O)OCCC(=O)ON1C(=O)CCC1=O,,0,103.139480929,82.8704193211,115.570521062,0.10523589462598157,monomer,100.52680710403332
19706372,,C=CC(=O)OC1CCC(CC1)C2=CC=CC=C2,,2,481.190272144,508.423301905,549.917952795,0.7025119696941603,homopoly,513.1771756146667
67921,,CCN(CCOC(=O)C=C)S(=O)(=O)C(C(C(C(C(C(C(C(F)(F)F)(F)F)(F)F)(F)F)(F)F)(F)F)(F)F)(F)F,,0,175.987272789,127.564593294,215.736309929,0.21027367249782455,monomer,173.09605867066668
81862,,CCN(CCOC(=O)C=C)C1=CC(=C(C=C1)N=NC2=CC(=C(C=C2Cl)Cl)Cl)C,,1,560.726002409,622.986005864,426.580453102,0.7366521009610353,homopoly,536.7641537916667
3016467,,COCCOCCOCCOC(=O)C=C,,2,397.453720573,382.20341662,374.059506417,0.5163673003843972,homopoly,384.57221453666665
121005771,,CC1=CC=CC=C1N2CC3=C(C=CC(=C3)OC(=O)C=C)OC2,,2,599.071836088,845.484880984,622.602010949,0.9570770348328225,homopoly,689.0529093403334
54457440,,CC(C)(C)C(OC(=O)C=C)Br,,1,160.310939646,159.918042896,160.824925417,0.19182672943702528,homopoly,160.35130265300003
3014768,,C=CC(=O)OCCN=C=O,,1,121.571425155,100.094092526,112.602955976,0.12100694690659358,homopoly,111.42282455233332
129762053,,C=CC(=O)Oc1nn[nH]n1,,1,110.938247488,106.950907949,110.307745931,0.11807758657074374,homopoly,109.39896712266666
54152861,,C=CC(=O)OCCOCCOCCC#N,,1,184.369470653,196.508931154,181.050450556,0.23084658179559117,homopoly,187.3096174543333
17861479,,C=CC(=O)OC1(CC)CCCC1,,0,95.47580507,74.7996998558,85.4595636668,0.08311682044764071,monomer,85.24502286420001
21987925,,C=CC(=O)OCC1CS1,,1,117.722687209,123.438735941,141.37579357,0.1442952377577545,homopoly,127.51240557333335
11689422,,C=CC(=O)OC[C@@H](C(=O)O)N,,0,46.5374401967,71.5906296119,67.0576270853,0.049078762208966766,monomer,61.7285656313
3022439,,CCCCCCCCCCC(C)COC(=O)C=C,,0,149.249185787,108.971128897,157.63997996,0.16037267175551007,monomer,138.62009821466663
90375204,,CCCCCCCCCCCCSSCCOC(=O)C=C,,1,344.026910006,316.262497965,387.965644245,0.4654850926002795,homopoly,349.4183507386667
154733041,,C=CC(=O)OCCO[N+](=O)[O-],,2,225.169975488,234.467720937,240.951690462,0.2977463320823899,homopoly,233.529795629
69233288,,C=CC(=O)OC1=CC(=CC2=C1N(C3=C2C=C(C=C3)Cl)CCO)Cl,,0,232.208621099,44.6726761291,326.224746203,0.25071340121486074,monomer,201.0353478103667
67732070,,C=CC(=O)OCCCCCCCCCCCOC1=CC=C(C=C1)C2=CC=C(C=C2)C#N,,1,471.767138146,759.892318934,348.474507299,0.7221014869382084,homopoly,526.7113214596666
89485934,,CCC(C)(OC(=O)CCOC(=O)C=C)Br,,1,196.816260433,210.956637649,209.725093597,0.257657105472386,homopoly,205.832663893
129673036,,CCCCCC(O)(OC)OC(=O)C=C,,2,370.46365458,361.909550053,373.925555835,0.4934895251600464,homopoly,368.7662534893333
21888930,,C=CC(=O)OOC1=CC=CC=C1,,2,262.669709701,371.187994477,360.076267595,0.43927672170786236,homopoly,331.3113239243333
129851430,,CC(C1=C(C2=C(C=C1)C3=CC=CC=C3C2)OC(=O)C=C)O,,2,822.529215738,734.264522055,545.49590541,0.9740266987086365,homopoly,700.763214401
129860702,,CCCCCCCCCCCCSC(=S)SC(C)C(=O)OCCOC(=O)C=C,,1,490.787618697,406.602168806,485.55924909,0.6269653872939327,homopoly,460.9830121976667
15722985,,C=CC(=O)OCCCCl,,1,121.442747269,145.747650381,93.5500620147,0.1337789245972193,homopoly,120.24681988823336
86741359,,C=CC(=O)OCCN(CC)CC,,0,88.3711924281,60.5971221169,103.196816817,0.08139442762630517,monomer,84.05504378733333
11689422,,C=CC(=O)OC[C@@H](C(=O)O)N,,2,230.383454048,243.321419315,261.95250596,0.3146656375291872,homopoly,245.219126441
88157728,,C=CC(=O)OC(=O)[C@H](CO)N,,2,270.132083057,212.618556697,263.518843026,0.3197856745586716,homopoly,248.75649426
102223599,,C=CC1=C(C=C(C=C1)O)OC(=O)C=C,,2,550.154491812,374.304434855,370.617278144,0.5845692540077728,homopoly,431.6920682703333
86736827,,CCC(C)(NC(=O)NCC)OOC(=O)C=C,,0,109.011679591,107.945169659,95.1063466307,0.11029353415809198,monomer,104.02106529356666
118677,,C=CC(=O)OCCC(C(C(C(C(C(C(C(C(C(C(C(F)(F)F)(F)F)(F)F)(F)F)(F)F)(F)F)(F)F)(F)F)(F)F)(F)F)(F)F)(F)F,,0,167.172547672,144.892066251,168.647002776,0.1916615836736834,monomer,160.23720556633336
163752588,,C=CC(=O)OC1=CC2=C(C=C1)SC(=O)O2,,2,345.38811463,542.54176169,406.069185173,0.5840495631004453,homopoly,431.33302049766667
107300,,C=CC(=O)OCC1CCC=CO1,,1,145.98144017,164.002084004,163.898066048,0.18836629083977008,homopoly,157.960530074
4139468,,C=CC(=O)OC1=CC=CC(=C1)N2CC3=CC=CC=C3C2=O,,2,393.973733538,840.402781415,822.239008425,0.951990239514597,homopoly,685.5385077926667
20963,,C=CC(=O)OCCBr,,1,129.216364131,113.08833748,92.0629279023,0.12105478677717185,homopoly,111.45587650443332
20077225,,C=CC(=O)OCC(F)F,,0,54.169284949,20.1923450818,64.4179807414,0.026689150168404126,monomer,46.2598702574
22999312,,C=CC(=O)OC1=CC=C(C2=CC=CC=C21)C=O,,2,482.058695475,439.24348159,640.721975508,0.7133640196284123,homopoly,520.6747175243333
545786,,CC(C)(C)C1=CC(=CC(=C1O)C(C)(C)C)CCCCOC(=O)C=C,,1,358.14472804,356.19808309,391.029204534,0.49304239724307986,homopoly,368.45733855466665
66647127,,C=CC(=O)OC1=CC=CC2=C1NC3=CC=CC=C23,,0,100.756563787,123.223744644,231.305081632,0.17939415503204975,monomer,151.76179668766667
129767522,,C=CC(=O)OC1=CC2=CC=CC=C2OC1,,0,192.803720783,54.1456036381,116.340866924,0.13500909735908448,monomer,121.09673044836666
544160,,CC1(C2CCC1(C(C2)OC(=O)C=C)C)C,,2,407.691572117,476.903985396,409.535975015,0.5841134765938713,homopoly,431.3771775093333
74692,,CCN(CCOC(=O)C=C)S(=O)(=O)C(C(C(C(C(C(F)(F)F)(F)F)(F)F)(F)F)(F)F)(F)F,,1,318.72256072,330.815871993,270.555379029,0.40365095202387113,homopoly,306.69793724733336
141170139,,C=CC(=O)OCCC(C1=CC=CC=C1)C2=CC=CC=C2,,2,627.857178571,588.847528377,583.391375222,0.8282269306579303,homopoly,600.03202739
544156,,C=CC(=C)CCCCOC(=O)C=C,,1,203.023538538,225.440440861,155.557874738,0.24150582457754208,homopoly,194.673951379
102596112,,CCCCCC(CCCCC)OC(=O)C=C,,1,242.082016081,225.701444523,255.786536403,0.3088338205573472,homopoly,241.1899990023333
85975705,,CCCCCOC1=CC=C(C=C1)N=NC2=CC=C(C=C2)OC(=O)C=C,,1,413.512373822,388.44584691,417.720355147,0.5481920500320125,homopoly,406.559525293
3019629,,CC(C1=CC=CC=C1[N+](=O)[O-])OC(=O)C=C,,1,196.290134318,188.892368951,247.902888786,0.2651775812613659,homopoly,211.02846401833332
12353532,,C=CC(=O)OC1=C(C=C(C=C1)Cl)Cl,,0,189.223802649,113.102533187,6.13705099185,0.10855672903511637,monomer,102.82112894261668
57548328,,CCCCOCC1=CC=C(O1)COC(=O)C=C,,0,94.5520971211,133.29534555,122.563862369,0.12879540230349937,monomer,116.8037683467
81490,,CCC(CO)(CO)COC(=O)C=C,,0,79.996668356,97.1530194874,72.7354070967,0.08029437512907844,monomer,83.2950316467
18979484,,C=CC(=O)OCCCCCCOC1=CC=C(C=C1)C2=CC=C(C=C2)C3CCC(CC3)CCCS(=O)(=O)C(F)(F)F,,0,401.147173074,258.046628612,287.720422364,0.4165910354596783,monomer,315.63807468333334
58454459,,C=CC(=O)OCCCC(C(C(C(F)(F)F)(F)F)(F)F)(F)F,,1,178.481408198,174.351188521,190.404803856,0.2218284897955312,homopoly,181.079133525
86631897,,CS(=O)(=O)OC12CC3CC(C1)CC(C3)(C2)OC(=O)C=C,,2,498.215406494,576.556288948,588.024430648,0.761983620637006,homopoly,554.2653753633334
18696725,,CC(C(C(C(C(C(OC(=O)C=C)(F)F)(F)F)(F)F)(F)F)(F)F)(F)F,,0,100.291887179,82.3852340057,91.9636662959,0.09223829020788235,monomer,91.5469291602
10421594,,CC(C(C(OC(=O)C=C)(F)F)(F)F)(F)F,,0,45.3629739344,57.9256651806,90.0809571002,0.053027260048288914,monomer,64.45653207173332
53422786,,CC(C)(C)C(C)(C)OC(=O)C=C,,2,357.053172421,333.464263498,339.837476703,0.45684878614835134,homopoly,343.4516375406667
59005029,,CC(COC(=O)C=C)OC(=O)CCCCCBr,,2,568.318654549,448.971389655,434.142300072,0.6600066286142141,homopoly,483.81078142533335
8821,,CCOC(=O)C=C,,0,69.1046139219,45.8471125182,24.9439619387,0.02722762575872651,monomer,46.63189612626667
54484930,,CC(=O)NCOC(=O)C=C,,2,265.587092179,245.415288526,205.18836244,0.3052735411861088,homopoly,238.730247715
7234,,C=CC(=O)OCC1CC2CC1C=C2,,1,195.972417898,170.128551086,169.80980522,0.21829360168661696,homopoly,178.63692473466668
23572123,,C=CC(=O)OC1CC2CC1C1CCCC21,,0,113.94044746,132.434065664,77.6501650537,0.11606460796417745,monomer,108.00822605923334
129714184,,CC(=CCOC(=O)C=C)Cl,,1,110.827734091,147.32733172,159.87875371,0.16142133547235366,homopoly,139.344606507
19598189,,CC(=O)OC1=CC=C(C=C1)COC(=O)C=C,,0,93.1787168593,110.877462209,128.216745857,0.1200441516000981,monomer,110.75764164176668
58048850,,C=CC(=O)OC(COC1=CC2=CC=CC=C2C=C1)COC3=CC4=CC=CC=C4C=C3,,1,487.413064513,555.559547582,451.145169702,0.6806011338989415,homopoly,498.039260599
18952360,,CN(C)C1=NC=NC2=C(C=CC(=C21)Cl)OC(=O)C=C,,0,256.464379132,46.1752278344,169.176208848,0.1873696136490199,monomer,157.2719386048
108608,,C=CC(=O)OCCOC(=O)NC1=CC=CC(=C1)CN=C=O,,2,549.900224377,615.928415892,493.60175775,0.7603597529066807,homopoly,553.1434660063334
13782846,,CC(N(C)C)OC(=O)C=C,,1,132.300573903,133.879846746,136.737802757,0.1541284917731641,homopoly,134.30607446866665
3022436,,CCCCCCCC(C)COC(=O)C=C,,2,425.543027647,462.657589792,449.6021294,0.6051835910439313,homopoly,445.93424894633335
131697901,,C=CC(=O)OC1=CC(=CC(=C1)C(F)(F)F)C(F)(F)F,,2,490.425141129,307.453705492,390.42671094,0.5330554641359436,homopoly,396.10185252033335
25644,,C=CC(=O)OCCCCCCOC(=O)C=C,,1,226.571348917,218.813400387,203.239888407,0.2726748237723681,homopoly,216.20821257033333
85887894,,C=CC(=O)OCCNC1=CC=C(C2=NON=C12)[N+](=O)[O-],,0,151.962836653,93.5250450457,169.415908943,0.15991118587474484,monomer,138.30126354723333
18667925,,CC1=CC=CC=C1OCCOC(=O)C=C,,0,114.49691908,65.2650537233,144.777237686,0.11631285511884693,monomer,108.17973682976668
23635724,,CCCOC(=O)C1=CC=C(C=C1)OC(=O)C=C,,0,153.538143353,81.8979276268,143.174676452,0.14240082839469306,monomer,126.20358247726666
139896562,,C=CC(=O)OCCCCCCl,,0,82.0112876708,47.8545751857,104.148275354,0.07263709149269487,monomer,78.00471273683333
104368,,C=CC(=O)OCCC(C(C(C(C(C(C(C(C(C(C(C(F)(F)F)(C(F)(F)F)F)(F)F)(F)F)(F)F)(F)F)(F)F)(F)F)(F)F)(F)F)(F)F)(F)F,,1,375.159733809,323.479456895,306.738221429,0.4447978550651939,homopoly,335.12580404433334
129760090,,COC1=CC2=C(C=C1)N=C(C=C2[C@H]([C@@H]3CC4CCN3C[C@@H]4C=C)O)OC(=O)C=C,,1,467.813556485,426.074171484,430.793163984,0.5988526705827738,homopoly,441.56029731766665
71309119,,CCCCOC(=O)[13CH]=C,,0,78.7602473754,35.6508845498,71.4013907856,0.04938118777488488,monomer,61.93750757026667
86619238,,C=CC(=O)OCC(F)(F)C(F)C(F)(F)F,,1,118.061429028,147.851394363,116.286818574,0.1441323675734576,homopoly,127.399880655
16541,,CCCCCCCCCCOC(=O)C=C,,2,423.334653855,490.704504059,438.180005905,0.6121391007663132,homopoly,450.739721273
121642,,CC(C)(COC(=O)C=C)COC(=O)C(C)(C)COC(=O)C=C,,0,147.483390855,142.34640353,150.070573007,0.1719713207095087,monomer,146.63345579733334
163201124,,CC(=O)N[C@H]1CCC2=CC(=C(C(=C2C3=CC=C(C(=O)C=C13)OC)OC)OC(=O)C=C)OC,,0,350.953869189,232.598768233,217.223358762,0.346083511562181,monomer,266.92533206133334
2775925,,C=CC(=O)OCC1=C(C(=C(C(=C1F)F)F)F)F,,1,114.430933494,202.889651291,235.36731225,0.22638808460331575,homopoly,184.22929901166663
551273,,C=CC(=O)OCCC(C)C,,0,80.8864311274,83.6086165793,47.2770822852,0.061905957354136405,monomer,70.59070999730001
168438756,,CCNC1=CC2=C(C=C1C)C3(C4=CC=CC=C4C(=O)N3CCOC(=O)C=C)C5=C(O2)C=C(C(=C5)C)N(CC)CCOC(=O)C=C,,0,385.382511173,382.577234744,312.160592371,0.4808591836374464,monomer,360.04011276266664
132275594,,CN(C)CC1=C(C(=CC(=C1)C=O)OC)OC(=O)C=C,,1,411.232642043,147.86516014,306.629157623,0.3774204976924822,homopoly,288.57565326866666
57198481,,C=CC(=O)OCC(C)OC(=O)C=C,,2,362.536433127,318.380941906,320.989586113,0.443123461516879,homopoly,333.96898704866663
22250625,,COC(=O)C1=CC=CC=C1OC(=O)C=C,,1,203.426915995,190.471290504,224.296742711,0.25799336758867214,homopoly,206.06498307
2776194,,C=CC(=O)OCCC(C(C(C(F)(F)F)(C(F)(F)F)F)(F)F)(F)F,,1,200.610814285,184.213098799,160.335764122,0.22275593340475644,homopoly,181.719892402
20226493,,C=CC(=O)OCC1=CC(=CC=C1)C2=CC=CC=C2,,1,263.056286325,383.56987835,223.694533663,0.3796368454206128,homopoly,290.106899446
21807586,,C=CC(=O)OC1=CC2=CC=CC=C2N1,,1,274.979999623,239.843106767,119.925680855,0.2659801219642506,homopoly,211.58292908166663
18979564,,C=CC(=O)OCCCCCCOC1=CC=C(C=C1)C2=CC=C(C=C2)C3CCC(CC3)CCCO,,1,741.784910733,447.483592036,497.18639176,0.7733983011450225,homopoly,562.1516315096666
171378196,,C=CC(=O)OCCOP(=O)(OCP1(=O)C2=CC=CC=C2C3=CC=CC=C3O1)OC4=CC=CC=C4,,1,509.644338361,487.353969946,580.545608112,0.7208518627221354,homopoly,525.8479721396667
23635601,,CCCCCCC1=CC=C(C=C1)OC(=O)C=C,,0,109.258373043,103.26034632,191.256588408,0.15454201051654742,monomer,134.591769257
10192638,,C=CC(=O)OC1=CC=CC2=CC=CC=C21,,1,239.351907782,222.069081082,249.345795605,0.3026566359344742,homopoly,236.92226148966668
13841397,,C=CC(=O)OCCCCCCCCCCCCBr,,0,145.031992273,135.898461441,129.228823269,0.1576220934513748,monomer,136.71975899433335
33101,,C=CC(=O)OCCCO,,0,60.8212081188,51.669571348,56.4018632774,0.041217828614804435,monomer,56.2975475814
20097428,,CC(C)(C)C1=CC(=CC(=C1COC(=O)C=C)C(C)(C)C)O,,1,315.276591125,271.628494194,393.676877252,0.432834758358253,homopoly,326.86065419033326
105448,,CN(CCOC(=O)C=C)S(=O)(=O)C(C(C(C(C(F)(F)F)(F)F)(F)F)(F)F)(F)F,,2,565.398342848,494.819915038,564.922342557,0.7438159042687524,homopoly,541.713533481
19862056,,C=CC(=O)OC1=CC=CC=C1N=NC2=CC=CC=C2,,1,304.557019612,306.298052598,325.802467075,0.41164247780479524,homopoly,312.2191797616667
133083453,,C=CC(=O)OC1CN1,,1,95.2267644976,98.4006183358,95.1635125865,0.09906531341906558,homopoly,96.26363180663334
56835609,,CCN(CCCCCOC(=O)C=C)C(=O)C,,0,94.8878406559,129.261513425,106.298208971,0.11916346659529331,monomer,110.14918768396667
165746,,CC(C)CCCCCOC(=O)C=C,,0,111.625274733,109.621199528,67.3931951166,0.098992351169919,monomer,96.21322312586666
129808072,,CC(C([N+](=O)[O-])(F)F)OC(=O)C=C,,0,80.3222337153,71.2553589435,45.6683338868,0.05489747879526787,monomer,65.74864218186667
71685931,,C=CC(=O)OCC(C(F)(F)F)(OC(C(C(C(C(F)(F)F)(F)F)(F)F)(F)F)(F)F)F,,0,105.72021021,92.5997232582,104.425565754,0.10579801146418591,monomer,100.9151664074
18632887,,CCCCO[13C](=O)C=C,,0,78.7602473754,35.6508845498,71.4013907856,0.04938118777488488,monomer,61.93750757026667
10193306,,C=CC(=O)OC1=C(C(=C(C(=C1Cl)Cl)Cl)Cl)Cl,,1,281.270351194,252.286778167,287.815652546,0.35602087280422134,homopoly,273.79092730233333
67346638,,C=CC(=O)OC1=C(C=CC(=C1)Cl)OC2=C(C=C(C=C2)Cl)Cl,,2,709.284633022,758.240340885,611.400921821,0.9627543573953207,homopoly,692.975298576
82224,,C=CCOCCOC(=O)C=C,,0,77.1040871901,74.9610223418,67.6057694336,0.0657168782893971,monomer,73.22362632183335
137796794,,C=CC(=O)OC(=C)C(=O)N,,1,136.597814378,112.451678829,118.765832041,0.13719234531177385,homopoly,122.605108416
155490364,,C=CC(=O)OC1=C(C2=CC=CC=C2C=C1)C3=CC=CC=C3,,1,323.348237929,309.642000505,469.589673169,0.4916952867253188,homopoly,367.526637201
88597910,,C=CC(=O)OC(O)(O)C(C)O,,1,119.482152495,114.585662625,130.817937303,0.13577891003898854,homopoly,121.628584141
75096,,C=CC(=O)OC(C(F)(F)F)C(F)(F)F,,1,114.594276057,122.01786262,93.434066129,0.11896982269713272,homopoly,110.015401602
81862,,CCN(CCOC(=O)C=C)C1=CC(=C(C=C1)N=NC2=CC(=C(C=C2Cl)Cl)Cl)C,,0,175.052810796,238.242225327,317.227181288,0.3121880684734035,monomer,243.50740580366664
169440089,,CCO[13C](=O)[13CH]=[13CH2],,1,94.5612088561,76.2109679938,101.641736355,0.09116388692885391,homopoly,90.80463773496668
86705072,,CC1(/C(=C/CCOC(=O)C=C)/OC(=O)O1)C,,1,186.810523404,207.047956039,202.557749184,0.24748575651122826,homopoly,198.8054095423333
102181891,,C=CC(=O)OCCCCCCCCCCCOC1=CC=C(C=C1)C2=NOC(C2)C3=CC=C(C=C3)Br,,1,463.764224648,648.157497629,571.490607238,0.7719303503660451,homopoly,561.1374431716666
165746,,CC(C)CCCCCOC(=O)C=C,,1,182.518463676,181.995805201,207.367693208,0.23564867315680446,homopoly,190.627320695
146013805,,C=CC(=O)OC(C#N)(C(F)(F)Cl)C(F)(Cl)Cl,,1,172.412242599,169.890165616,182.786793991,0.21307250206470899,homopoly,175.02973406866667
10355061,,C=CC(=O)OCCCCCC,,2,325.059362493,327.142002292,294.310395146,0.4163968580093105,homopoly,315.50391997699995
614613,,CC1(C2CCC1(C(C2N(C3=CC=CC=C3)S(=O)(=O)C4=CC=CC=C4)OC(=O)C=C)C)C,,0,326.87779201,232.463388008,187.704944582,0.3201603820700672,monomer,249.01537486666663
87114693,,C=CC(=O)OC/C=C/C1=CC=C(C=C1)O,,2,544.853753194,558.141166378,230.712629128,0.6032077748261837,homopoly,444.5691829
13627534,,C=CC(=O)OC1=C(C(=C(C(=C1F)F)C#N)F)F,,0,119.613624549,73.9874151866,110.492303525,0.10644830774282102,monomer,101.36444775353334
13835,,C=CCOC(=O)C=C,,1,118.938506207,90.3794867964,107.62430297,0.11264756069452819,homopoly,105.64743199113332
68773183,,CCN(CC)C1=CC=C(C=C1)CCOC(=O)C=C,,1,262.133499507,306.923543331,261.758233879,0.3605766070442624,homopoly,276.9384255723333
543889,,CCCCC(CCC)OC(=O)C=C,,1,209.022722419,190.876834798,174.145708326,0.23669240533071814,homopoly,191.34842184766669
68649063,,C=CC(=O)OC(OC12CC3CC(CC(C3)C1)C2)C(C)C,,0,123.193347805,165.990058792,139.438731106,0.16652989678552504,monomer,142.87404590100002
129831453,,C=CC(=O)OCCC[N+](=O)[O-],,1,113.314210062,139.422929828,132.64976107,0.14567012906844126,homopoly,128.46230032000005
543200,,CC(C)(C1CC1=C)OC(=O)C=C,,2,292.699782954,362.718556989,376.349397659,0.4575304338766354,homopoly,343.92257920066663
23362714,,C=CC(=O)OCCCC1=CC=NC=C1,,2,338.847972828,438.510737459,403.018652355,0.5292303363724676,homopoly,393.45912088066666
68412458,,C=CC(=O)OC1=C2C(=C(C=C1)Cl)C=CC=N2,,0,186.79308412,40.6205577398,153.594129945,0.143557324239279,monomer,127.0025906016
129818296,,COC1=C(C(=C(C=C1)OC(=O)C=C)OC)OC,,2,458.215839224,538.152057519,471.379158221,0.6678780108699895,homopoly,489.2490183213333
2760316,,C=CC(=O)OCC(C(C(C(C(C(C(C(C(F)(F)F)(F)F)(F)F)(F)F)(F)F)(F)F)(F)F)(F)F)(F)F,,0,137.30499218,105.133755171,121.615578409,0.13537777040450327,monomer,121.35144192
165429930,,C=CC(=O)OCCOCCCCC(=O)OC1C(=O)CCC1=O,,1,268.805499127,290.375364137,270.654041835,0.36010360572014666,homopoly,276.611635033
66357,,C=CC(=O)OCCOc1ccccc1,,0,102.067157031,68.5210622919,124.15850006,0.10193882849128583,monomer,98.24890646096668
14473597,,C=CC(=O)OC1CCCCC1Cl,,2,353.797628172,326.850091876,370.363290214,0.46681476369747543,homopoly,350.3370034206667
6436391,,CCCCCCCC/C=C\CCCCCCCCOC(=O)C=C,,0,199.378422408,159.842116353,184.533886547,0.22207793947238788,monomer,181.25147510266663
118536010,,COC1=CC=C(C=C1)C(C2=CC=C(C=C2)OC)(C3=CC=C(C=C3)OC)C4=CC=C(C=C4)OCCOC(=O)C=C,,0,313.966851156,318.496871448,323.847910622,0.42112501716813944,monomer,318.77054440866664
29728,,C=CC(=O)OCC(CBr)Br,,1,149.530565119,191.841132269,110.158500943,0.1775823822012854,homopoly,150.51006611033336
162073,,C[N+](C)(CCOC(=O)C=C)CC1=CC=CC=C1,,1,1230.38426367,314.398694289,330.400857046,0.8644546186118801,homopoly,625.0612716683335
22728782,,C=CC(=O)OCCN1CCOC1=O,,2,285.838107528,314.101135407,302.269370626,0.39502185437726056,homopoly,300.73620452033333
13841383,,CC(C)CCCCCCCCCCCOC(=O)C=C,,1,272.066136883,291.637502894,314.305321157,0.3833462126863412,homopoly,292.66965364466665
23648078,,CCCCCCOC(=O)C1=CC=CC=C1OC(=O)C=C,,2,474.009068094,652.418128752,599.398548563,0.7923936129797313,homopoly,575.2752484696666
129762343,,C=CC(=O)OC12CCC(C1)CC2CC#N,,1,210.774602125,192.053987265,197.402313626,0.24932622802625318,homopoly,200.076967672
96408,,CCC(C)(C)C1=CC(=C(C=C1)OCCOC(=O)C=C)C(C)(C)CC,,0,149.12175783,207.870649053,199.560860156,0.22825301530563422,monomer,185.5177556796667
171789,,CCC1(COCOC1)COC(=O)C=C,,0,97.5346559012,74.414384893,100.842216388,0.09134594462782539,monomer,90.93041906073334
86759875,,C=CC(=O)OCCOS(=O)(=O)c1ccc(C)cc1,,2,491.114893825,452.877773357,538.663190753,0.6750710827794474,homopoly,494.2186193116667
30581,,C=CC(=O)OC(=O)CC(C)=O,,2,233.134173147,271.794068122,284.649540679,0.34068069281048485,homopoly,263.19259398266666
103492,,CCCC(C)OC(=O)C=C,,1,133.013599585,140.654882786,145.703716625,0.16206706536928386,homopoly,139.79073299866664
91241,,C=CC(=O)OCC(CCl)Cl,,2,310.498836275,274.496992407,257.438399739,0.3661824196156645,homopoly,280.81140947366663
87194114,,C=CC(=O)OCCCCCCCCS(=O)(=O)O,,0,135.370517732,95.290556982,116.350675633,0.12715521419348355,monomer,115.670583449
16217348,,C=CC(=O)OCc1ccccc1,,0,96.0873909438,105.170702437,50.7086822478,0.08129872664636903,monomer,83.98892520953333
71441474,,C=CC(=O)OC1=CC=CC(=C1)NC2=CC=CC=C2,,2,548.367357293,809.949899008,458.230076046,0.8361641893200656,homopoly,605.515777449
543282,,CCCCCCCCCC(CCC)OC(=O)C=C,,1,253.126555998,276.428271879,294.851558779,0.3574845005110785,homopoly,274.80212888533333
105236,,CN(CCOC(=O)C=C)S(=O)(=O)CC(C(C(C(C(C(C(C(C(C(C(C(F)(F)F)(F)F)(F)F)(F)F)(F)F)(F)F)(F)F)(F)F)(F)F)(F)F)(F)F)(F)F,,0,166.247316268,241.324267261,224.117096374,0.2645037075127027,monomer,210.562893301
93279,,CNC(=O)OCCOC(=O)C=C,,1,140.668249076,157.002272089,129.158345052,0.1656646944767233,homopoly,142.27628873899997
20243842,,C=CC(=O)OC(C1=CC=CC=C1)[N+](=O)[O-],,0,105.151604207,76.6710116971,121.689159515,0.10616771785828938,monomer,101.17059180636666
19797972,,CCCCCCCCCCCCOC(=O)CCOC(=O)C=C,,2,626.879283816,647.620417662,616.143804187,0.8719134781079549,homopoly,630.2145018883334
23688,,CCCCOCCOC(=O)C=C,,1,143.202298417,192.453924402,159.329655285,0.19854850738850363,homopoly,164.99529270133334
133550465,,C[C@@]12CCC3C([C@H]1CC[C@H]2C(=O)COC(=O)C=C)CCC4=CC(=O)CC[C@@]34C,,1,415.110041658,412.875931204,414.652083845,0.5592693442266479,homopoly,414.212685569
20224153,,C=CC(=O)OCCN=C=S,,1,136.583230655,118.418433941,147.969992549,0.1541542720271366,homopoly,134.323885715
11416795,,C=CC(=O)OCCCCCCOC1=CC=C(C=C1)C2=CC=C(C=C2)C#N,,1,534.009078135,490.873654114,243.138212492,0.5715158632297782,homopoly,422.673648247
88121797,,CCCCC(=O)OC(=O)C=C,,1,131.448757487,148.100014477,148.45884337,0.16623340728205616,homopoly,142.66920511133335
146036144,,C=CC(=O)OC1=COC2=CC=CC=C2C1=O,,1,244.759526843,296.473327769,152.735108301,0.2945516840022835,homopoly,231.32265430433333
54523676,,CCCCCCCC(=O)OCCOC(=O)C=C,,2,473.75380218,462.972232016,454.715774524,0.6310629074462196,homopoly,463.81393624
75588,,C=CC(=O)OCCCCO,,1,145.2716111,129.438652222,112.856764634,0.14672197811926588,homopoly,129.18900931866668
13847847,,CC(C)CCCCCCCCCCCCOC(=O)C=C,,0,148.15009256,163.045192881,148.721530597,0.18162868587576045,monomer,153.305605346
181508,,C=CC(=O)ON1C(=O)CCC1=O,,0,98.1221557286,58.5655720268,61.9970639273,0.06524111932015056,monomer,72.8949305609
162070,,CCC(C)COC(=O)C=C,,1,122.732772454,151.425356799,148.447636146,0.1636271688669308,homopoly,140.86858846633334
165429929,,C=CC(=O)OCCOCCNC(=O)CCN1C(=O)C=CC1=O,,2,566.607713468,502.69385935,550.447956659,0.7412148663985185,homopoly,539.9165098256667
223954,,CCCCN(CCCC)CCCOC(=O)C=C,,0,126.555632339,108.019463915,140.481493709,0.14068604885804326,monomer,125.018863321
21401083,,C=CC(=O)OC(O)C(O)CO,,0,47.185517352,59.9231526139,75.7213281344,0.04794220477693497,monomer,60.9433327001
21646008,,CCCOOC(=O)C=C,,0,48.4738288984,76.1426347378,55.2456331069,0.046510277081328356,monomer,59.95403224769999
88597910,,C=CC(=O)OC(O)(O)C(C)O,,2,243.235607849,279.418642982,217.959600459,0.3170569937866407,homopoly,246.8712837633333
155899493,,CCN1C2=CC=CC=C2C3=C1C=C(C=C3)COC(=O)C=C,,1,353.040602835,233.923968473,449.91170405,0.45999515753705034,homopoly,345.62542511933333
54152724,,C=CC(=O)OCCOC1=CC=C(C=C1)C2=CC=C(C=C2)C#N,,0,234.79693369,160.815750157,160.662943676,0.22811906216349523,monomer,185.4252091743333
81865,,C=CC(=O)OCC(C(F)F)(F)F,,1,98.3775853318,114.492109822,118.115820656,0.11942301344684081,homopoly,110.32850526993332
87149,,C=CC(=O)OCCC(C(C(C(C(C(F)(F)F)(F)F)(F)F)(F)F)(F)F)(F)F,,2,408.548652126,420.407510739,374.319439073,0.5402780832758564,homopoly,401.0918673126666
3517032,,C=CC(=O)OCC1CCCN2C1CCCC2,,2,410.623064576,466.547964514,500.114798643,0.6242330506571485,homopoly,459.095275911
54514640,,C=CC(=O)OC1=CC=C(C=C1)CO,,0,103.023180346,39.9175075641,139.368835615,0.0959382364698349,monomer,94.10317450836664
18632887,,CCCCO[13C](=O)C=C,,2,229.524377619,249.275622944,271.754780604,0.3218532087202762,homopoly,250.1849270556667
18513443,,CCCCCCOCCOC(=O)C=C,,2,369.639584098,398.505858385,412.607874713,0.5294117237143535,homopoly,393.5844390653333
17853765,,CCCCCCCC(CC)OC(=O)C=C,,1,221.577700539,236.150015176,213.16937476,0.28342064653514004,homopoly,223.63236349166667
543280,,CCCCCCCCCCCC(C)OC(=O)C=C,,0,144.254424821,140.290366728,120.983878884,0.15538795795683868,monomer,135.17622347766667
86713021,,C=CC(=O)OCCSSCCO,,2,325.609526508,441.467410511,318.995413078,0.4837308594541674,homopoly,362.024116699
129848039,,C=CC(=O)OC(=O)C1=C(C(=CC(=C1)[N+](=O)[O-])[N+](=O)[O-])CCO,,1,342.283459673,343.381244632,141.457078938,0.35879460186200385,homopoly,275.707261081
21868062,,C=CC(=O)OC1CC2CCC1(C)C2(C)C,,2,420.843438398,431.745385958,433.291745673,0.5801326226854125,homopoly,428.6268566763333
17792856,,CC(C)C1(C2CC3CC(C2)CC1C3)OC(=O)C=C,,1,265.818826321,255.534738948,260.195702133,0.33680716369028396,homopoly,260.5164224673333
129883543,,COC1=CC=C(C=C1)C=NCCOC(=O)C=C,,0,146.290512554,100.500498893,146.376719588,0.1494241575007448,monomer,131.055910345
2776049,,C=CC(=O)OCC1(C(C(C(C(C1(F)F)(F)F)(F)F)(F)F)(F)F)F,,0,114.633863181,76.7523513419,86.1777239308,0.09364862712041713,monomer,92.52131281789998
91369,,CN(CCOC(=O)C=C)S(=O)(=O)C(C(C(C(C(C(C(C(F)(F)F)(F)F)(F)F)(F)F)(F)F)(F)F)(F)F)(F)F,,2,678.747419404,626.74112987,660.401821147,0.9082179426718758,homopoly,655.2967901403333
59502627,,C=CC(=O)OC1=C2C=CC=CC2=NC3=CC=CC=C31,,2,552.948997654,707.739865876,703.501296952,0.9073976399033578,homopoly,654.730053494
22709169,,CC(C)(C1=CC=CC=C1)OC(=O)C=C,,0,74.241192197,111.747261268,121.800074721,0.10823112900210308,monomer,102.596176062
18913838,,C=CC(=O)OC1=CC=CO1,,0,90.0565851541,43.5564326566,54.0690899353,0.05028320919304958,monomer,62.560702582
44580062,,C=CC(=O)O[C@@H](CC1=CC=CC=C1)CN2CCN(CC2)CCCN(C3=CC=C(C=C3)F)C4=CC=C(C=C4)F,,0,226.457396196,312.88705696,315.677033567,0.3722554124833899,monomer,285.007162241
62552,,CCCCCCCCCCCCCCCCCCOC(=O)C=C,,0,187.339881898,173.273764295,178.154619758,0.21967225989659087,monomer,179.58942198366665
18767473,,CCCCCCCCCC(CCCCCC)OC(=O)C=C,,0,167.281179193,174.956961024,143.709319855,0.19418772866076953,monomer,161.98248669066666
181750,,C=CC(=O)OCC(Cl)(Cl)Cl,,2,269.850143081,304.307634933,292.588065846,0.37791208016775385,homopoly,288.91528128666664
20329016,,CC(C)(C)C1=CC(=CC(=C1O)C(C)(C)C)OC(=O)C=C,,1,319.016598288,355.75410328,253.927252755,0.4078022052415001,homopoly,309.56598477433334
2776220,,C=CC(=O)OCCC(C(C(C(C(C(F)(F)F)(C(F)(F)F)F)(F)F)(F)F)(F)F)(F)F,,1,198.904562462,231.766132796,232.920167663,0.2798956002732094,homopoly,221.19695430700003
71431852,,C=CC(=O)OCCNCCCS(=O)(=O)C(C(C(C(C(C(C(C(F)(F)F)(F)F)(F)F)(F)F)(F)F)(F)F)(F)F)(F)F,,0,170.417152684,169.253848771,186.7330177,0.2137068637153611,monomer,175.468006385
20226493,,C=CC(=O)OCC1=CC(=CC=C1)C2=CC=CC=C2,,0,111.370615468,116.998292425,222.412651925,0.1772211854862524,monomer,150.26051993933334
137331643,,C=CC(=O)OP(OC(=O)C=C)OC(=O)C=C,,0,77.9167455303,117.054309303,114.699340431,0.10913907615551194,monomer,103.2234650881
18718363,,C=CC(=O)OCCN1C(=O)C=CC1=O,,1,198.740781414,153.268700538,150.696208089,0.20227309631078966,homopoly,167.568563347
53422786,,CC(C)(C)C(C)(C)OC(=O)C=C,,0,111.527205637,70.0918118254,81.163935419,0.08651722345769369,monomer,87.59431762713332
19778492,,CCCCCCCCON1C(CC(CC1(C)C)OC(=O)C=C)(C)C,,0,191.328468644,163.06255115,181.40877525,0.21824005740946187,monomer,178.59993168133337
22168880,,CCC1(C2CC3CC(C2)CC1C3)OC(=O)C=C,,2,512.306919241,506.171908447,454.310290908,0.6703106626628655,homopoly,490.9297061986667
21871648,,C=CC(=O)OC1=CC=CC=C1O,,0,88.323754505,77.0256351465,84.2847830005,0.08017331228684357,monomer,83.211390884
14987130,,COCOC(=O)C=C,,0,27.5614799847,56.4018404842,60.0892940729,0.029233223986225236,monomer,48.017538180600006
14527814,,C[C@@H]1CC[C@H]([C@@H](C1)OC(=O)C=C)C(C)(C)C2=CC3=CC=CC=C3C=C2,,1,379.87439637,350.539882041,490.140682054,0.5486148805811653,homopoly,406.8516534883333
23194993,,C=CC(=O)ON1C(=O)C2=CC=CC=C2C1=O,,0,132.643171259,72.4358815917,123.490971456,0.1182576077390668,monomer,109.52334143556668
57119052,,CS(=O)(=O)OC(=O)C=C,,1,103.381203736,123.535255561,109.809025725,0.12219238476268293,homopoly,112.24182834066669
10308068,,C=CC(=O)OC1=C2C=CC=CC2=CC3=CC=CC=C31,,2,688.275332589,559.598013716,738.923826869,0.9183048782824476,homopoly,662.2657243913333
139072596,,C=CC(=O)OCCOCC1=C2C=CC=NC2=C(C=C1)O,,2,489.838175824,542.660319995,664.05515849,0.7782706645021062,homopoly,565.5178847696667
129829186,,C=CC(=O)OOC(=O)CCCCCCCCC(=O)OOC(=O)C=C,,0,174.950445675,173.276527203,121.500732391,0.18636215990929472,monomer,156.5759017563333
129723103,,CCCCCCCCCCCCCCCC(O)OC(=O)C=C,,2,662.872451463,646.578267162,672.048930256,0.9157489740119458,homopoly,660.4998829603333
11378874,,C=CC(=O)OCOP(=O)(O)O,,2,257.316751437,231.03249124,218.156590223,0.3006008484176526,homopoly,235.5019443
164946354,,CC/C=C/CCOC(=O)C=C,,2,303.075168288,347.778678883,332.16981957,0.43401281092964983,homopoly,327.67455558033333
81530,,C=CC(=O)OCC,,1,99.5339031575,92.2065273404,81.4130639517,0.09152071377044277,homopoly,91.05116481653332
18183725,,CC(C)(C)NOC(=O)C=C,,0,38.7311830957,76.5401860319,85.5024199515,0.056599571776140174,monomer,66.9245963597
23500968,,CCCCCC(CCC)COC(=O)C=C,,1,231.132130833,193.818748566,250.972485657,0.2858456805615564,homopoly,225.307788352
118536003,,CCC(C(C1=CC=CC=C1)(C2=CC=CC=C2)C3=CC=CC=C3)OC(=O)C=C,,1,394.996164424,482.015068674,416.11953608,0.5836306368410821,homopoly,431.043589726
13568817,,C=C/C=C/OC(=O)C=C,,2,268.329692673,257.173275914,357.392529836,0.3857038275542155,homopoly,294.2984994743333
92015353,,CC1=CC(=CC(=C1OC(=O)C=C)C)N=NC2=CC=C(C=C2)C(C)(C)C,,0,122.8307686,404.85216377,243.058522084,0.331592702417293,monomer,256.9138181513333
71685931,,C=CC(=O)OCC(C(F)(F)F)(OC(C(C(C(C(F)(F)F)(F)F)(F)F)(F)F)(F)F)F,,2,451.485315388,405.794532428,380.29617667,0.5568270581595189,homopoly,412.52534149533335
87149162,,CCCCCCCCCCC(CCCCCCCC)COC(=O)C=C,,0,193.642456947,208.92656593,193.70750378,0.2474183542980488,monomer,198.758842219
58947915,,CC1(C2=CC=CC=C2N(C13C=CC4=C(O3)C=CC(=C4)OC(=O)C=C)C)C,,1,428.311419857,437.341245542,418.961982148,0.5795218512195519,homopoly,428.20488251566667
81766,,CCOCCOCCOC(=O)C=C,,2,330.678473179,348.560746464,328.637219017,0.44600356403775987,homopoly,335.95881288666664
544477,,CC1(C2CCC1(C(C2OC(=O)C=C)OCC(C)(C)C)C)C,,2,595.969324332,635.536519699,598.146844423,0.8424871495912604,homopoly,609.8842294846667
21884903,,CC(C)(C)C1(CCCCC1)OC(=O)C=C,,0,95.2144464502,104.218829991,133.354096465,0.12029235806761177,monomer,110.92912430206668
85977944,,COC1=CC=C(C=C1)C=NC2=CC=C(C=C2)OC(=O)C=C,,1,362.842093104,335.202249832,423.43890836,0.5008156085918796,homopoly,373.8277504320001
86614223,,CN(C)C1=CC=CC2=C1C=CC=C2S(=O)(=O)OCCOC(=O)C=C,,0,227.022064252,174.057950847,176.533471568,0.2384139701795999,monomer,192.537828889
61642,,C=CC(=O)OCCOCCO,,2,254.875689401,265.870947953,283.822420875,0.347913555738081,homopoly,268.1896860763333
129880690,,COC1=C(C=CC(=C1OC(=O)C=C)C=O)O,,1,312.694212563,209.389091698,141.719370971,0.27999779366776256,homopoly,221.26755841066665
169501348,,CC(=C)[C@H]1CCC(=CC1)COC(=O)C=C,,2,467.393861508,407.596276495,493.172230212,0.6198312418396564,homopoly,456.0541227383333
21872250,,C=CC(=O)OCCOC1=CC=C(C=C1)Cl,,0,104.352609834,112.093181526,109.268087174,0.11687959892327607,monomer,108.57129284466669
129824056,,C=CC(=O)OC1=CC2=C(C=C1)C=C2,,1,157.748386937,230.244522356,210.266379075,0.24837498023202118,homopoly,199.41976278933336
22398902,,C=CC(=O)OC(C(C(C(C(C(C(C(C(C(C(C(F)(F)F)(F)F)(F)F)(F)F)(F)F)(F)F)(F)F)(F)F)(F)F)(F)F)(F)F)(F)F,,2,579.920131282,546.612452163,574.930208561,0.7806391833252899,homopoly,567.154264002
13878527,,C=CC(=O)OCCC(C(C(C(C(C(C(C(C(C(C(C(C(F)(F)F)(F)F)(F)F)(F)F)(F)F)(F)F)(F)F)(F)F)(F)F)(F)F)(F)F)(F)F)(F)F,,1,303.265581437,347.352538138,364.759740401,0.4496227857186746,homopoly,338.4592866586667
129700121,,C=CC(=O)OCC(CC)CCCC,,1,184.385534186,193.54606573,192.475572066,0.23493712902526884,homopoly,190.135723994
2776220,,C=CC(=O)OCCC(C(C(C(C(C(F)(F)F)(C(F)(F)F)F)(F)F)(F)F)(F)F)(F)F,,2,434.419579082,464.767717027,435.376781815,0.6036210257298792,homopoly,444.8546926413333
639970,,C[C@@]12CC[C@@H](C1(C)C)C[C@H]2OC(=O)C=C,,1,211.310706328,215.386092658,223.861960038,0.27360798210258985,homopoly,216.85291967466665
169029,,C=CC(=O)OCCNC(C)(C)C,,0,79.1339761599,72.0046542298,95.6288527159,0.07879021640118086,monomer,82.25582770186666
129834447,,CC1=CC(=O)N(C2=C1C=CC(=C2)OCCCCCCOC(=O)C=C)CC3=CC=CC=C3,,1,421.890276369,545.158809661,500.749572076,0.6679029079131581,homopoly,489.26621936866667
543283,,CCCCCCCCCCCC(CC)OC(=O)C=C,,2,585.437930238,594.883523174,560.892341053,0.7998179074466564,homopoly,580.4045981549999
10104558,,C[C@H]1CC[C@@H]([C@H](C1)OC(=O)C=C)C(C)C,,1,214.59500839,222.378273726,222.129110731,0.2777300415715127,homopoly,219.7007976156667
129723103,,CCCCCCCCCCCCCCCC(O)OC(=O)C=C,,0,187.174610698,174.725003345,141.136075219,0.2024323115161509,monomer,167.67856308733334
22731403,,CCOC1CC2COC(=O)C2CC1OC(=O)C=C,,2,468.755070804,499.800284184,429.52197535,0.634264357237184,homopoly,466.0257767793334
23467942,,CC1=CC(=C(C=C1)OC(=O)C=C)N2N=C3C=CC=CC3=N2,,0,230.380554987,125.023260656,201.904007785,0.2286170672269303,monomer,185.769274476
15055020,,C=CC(=O)OCCOC1=CC2=CC=CC=C2C=C1,,1,274.993210056,233.960326236,320.581751572,0.3599590489558738,homopoly,276.5117626213333
4616638,,CCCCC(CC)COCCOCCOC(=O)C=C,,2,568.261834582,503.072786814,532.454997094,0.7335146648718538,homopoly,534.5965394966667
118885882,,C=CC(=O)NCCOCCOC(=O)C=C,,0,93.283170615,116.248379241,83.8413546145,0.10127600200720113,monomer,97.79096815683332
21496309,,C=CC(=O)OCC1=CC=CS1,,0,74.5475842982,102.167415059,57.1192783257,0.0725503139216708,monomer,77.94475922763333
19768089,,CC(C#N)OC(=O)C=C,,2,214.89766519,194.608031464,237.977393335,0.27212405957832814,homopoly,215.827696663
89428483,,C=CC(=O)OC12CC3CC(CC(C3)C1C)C2,,2,443.413595452,432.88406,499.689852076,0.6236066482146296,homopoly,458.6625025093333
71310572,,C=CC(=O)OCCC(=O)[O-],,1,118.012315679,849.561607024,329.683038093,0.5856214065278376,homopoly,432.418986932
90732367,,CC1=C(C(=CC=C1)C)OC(=O)C=C,,2,404.331728478,441.776827716,342.6626639,0.53328013301727,homopoly,396.25707336466667
168446324,,C=CC(=O)OCCOCCOCCOCC(=O)ON1C(=O)CCC1=O,,0,127.81768528,186.956293372,136.977495497,0.17768914146786055,monomer,150.58382471633334
54384939,,CCC(C)(CC)OC(=O)C=C,,2,304.134770552,318.85471856,316.365343356,0.41294384477999435,homopoly,313.11827748933337
22597223,,CC1C2CC3CC(C2)CC1(C3)OC(=O)C=C,,0,127.655192056,91.5148272048,125.204595409,0.1258828714978296,monomer,114.79153822326668
86753072,,C=CC(=O)OCCCCOC1=CC=C(C=C1)C2(CC=CC(=C2F)C3=CC=C(C=C3)CCCCO)F,,1,648.383861347,484.263679681,497.764526218,0.7463592365440567,homopoly,543.4706890819999
67829,,C=CC(=O)OCC(C(C(C(F)F)(F)F)(F)F)(F)F,,2,282.253434915,306.366341114,289.984531954,0.3836334506452083,homopoly,292.868102661
13086546,,CC1(CCCCC1)OC(=O)C=C,,0,75.5542006006,73.1291219745,108.450884458,0.08379186481125453,monomer,85.71140234436666
3022441,,CCCCCCCCCCCCC(C)COC(=O)C=C,,1,323.152152967,313.732057127,290.888638827,0.40735586828920706,homopoly,309.25761630700003
19778492,,CCCCCCCCON1C(CC(CC1(C)C)OC(=O)C=C)(C)C,,2,674.968195104,720.797038701,721.546208529,0.9812742880401805,homopoly,705.770480778
132276613,,C=CC(=O)OC1=CC2=C(C=C1)C=C(C(=O)O2)C#N,,1,69.8025380754,425.676874583,398.985016108,0.39128550624682773,homopoly,298.1548095888
543296,,CCCCCCCCCCC(C)OC(=O)C=C,,0,126.111516677,106.755807854,163.060983156,0.15075605694351238,monomer,131.97610256233335
155293052,,C=CC(=O)OC1=CC=C(C=C1)/C=C/C(=O)C2=C3C=CC4=CC=CC5=C4C3=C(C=C5)C=C2,,0,273.725800515,183.710222073,499.251579421,0.4213064113751117,monomer,318.8958673363333
23662581,,C=CC(=O)OCCOCCCS(=O)(=O)[O-],,0,190.892281687,98.7466827456,105.574197031,0.15041101930228123,monomer,131.73772048786665
87193678,,C=CC(=O)OCCCCCCS(=O)(=O)O,,0,124.845568351,85.198398112,92.914306127,0.10590066854121483,monomer,100.98609086333332
129698270,,C=CC(=O)OC1=C(C=CO1)[N+](=O)[O-],,0,121.920518757,30.7106099814,80.7671626727,0.0723399629893596,monomer,77.79943047036666
129851950,,C=CC(=O)OCC1=CC(=CC(=C1)Br)Br,,2,605.519052949,414.41882092,341.4494756,0.6165624886659311,homopoly,453.79578315633336
11970919,,CCC1(COC(OC1)(C)C)COC(=O)C=C,,1,227.085241676,227.97894608,191.894799607,0.27187119502011464,homopoly,215.65299578766667
103668,,C=CC(=O)OC1CCC2CCCCC2C1,,1,238.001346511,228.090559999,195.875080179,0.2791121263396175,homopoly,220.65566222966663
53829200,,C=CC(=O)ON1CCCCC1,,2,297.301026962,299.077630783,300.456254656,0.39242919694265604,homopoly,298.9449708003333
129675135,,C=CC1=C(C2=CC=CC=C2O1)OC(=O)C=C,,0,146.42186627,62.0796896699,187.326740851,0.15070780454063495,monomer,131.94276559696667
129818970,,C=CC(=O)OC(C(C(F)(F)F)(F)F)(OC(C(C(C(C(F)(F)F)(F)F)(F)F)(F)F)(F)F)F,,2,423.685015932,404.40051627,401.173028051,0.5528141190624843,homopoly,409.7528534176667
543354,,C=CCCCCCCCCCOC(=O)C=C,,2,510.017589137,454.792218711,481.321194741,0.6574488825600626,homopoly,482.04366752966666
20607910,,C=CC(=O)OCCOC1=CC=C(C=C1)C2=CC=CC=C2,,2,681.302179515,485.241639608,744.948648697,0.8819725072808663,homopoly,637.16415594
138402884,,C/C=C\CCOC(=O)C=C,,2,311.874243093,258.669813291,297.37964399,0.3784803623176156,homopoly,289.3079001246667
68647810,,COC1=C(C=C(C=C1)CC(C#N)OC(=O)C=C)OC,,2,418.204574213,578.095553038,520.126528536,0.6913645288637311,homopoly,505.475551929
22637263,,C=CC(=O)OOP(=O)(O)O,,0,64.0057410589,52.8682271936,46.3917973664,0.03850302100304006,monomer,54.42192187296666
129773825,,C=CC(=O)OCC1=CC=C(C=C1)C(=O)C2=CC=CC=C2,,0,153.055263741,97.4556250979,210.210460691,0.18201685032276943,monomer,153.57378317663333
58231738,,CC1=CC(=C(C(=C1)C2=CC=CC3=C2SC4=CC=CC=C34)OC(=O)C=C)C5=CC=CC6=C5SC7=CC=CC=C67,,1,701.252375793,775.037248398,559.841028603,0.9421068741328648,homopoly,678.710217598
21318161,,C=CC(=O)OC1=C(C=C(C=C1[N+](=O)[O-])[N+](=O)[O-])[N+](=O)[O-],,0,31.713224233,150.916121537,183.89397236,0.13656898875354567,monomer,122.17443937666668
11027847,,C=CC(=O)OCCCC(C(C(C(C(C(C(C(F)(F)F)(F)F)(F)F)(F)F)(F)F)(F)F)(F)F)(F)F,,0,130.655255237,112.882845322,141.886348881,0.14568824513834003,monomer,128.47481648
15311046,,C=CCCCCCCCCOC(=O)C=C,,2,415.887563543,471.249536322,466.031306124,0.6125970830202594,homopoly,451.0561353296666
155643744,,CCCCCCCCSSCCOC(=O)C=C,,2,592.124277582,543.523028916,538.32264618,0.7673746730446094,homopoly,557.989984226
543280,,CCCCCCCCCCCC(C)OC(=O)C=C,,2,538.913915643,555.271836697,551.467887666,0.7537128603788588,homopoly,548.5512133353333
11031110,,C[C@@H]1CC[C@H]([C@@H](C1)OC(=O)C=C)C(C)C,,2,419.633344822,451.728355922,454.51113925,0.5994277514922155,homopoly,441.9576133313333
129753429,,C=CC(=O)OC1CCN(CC1)C2=C(C(=C(C(=C2F)F)C3CC(=NN3C4=CC=CC=C4)C5=CC=CC=C5)F)F,,0,368.847442853,294.248401708,324.794693595,0.43636093747812427,monomer,329.29684605200003
46988,,CCOCCCOC(=O)C=C,,0,81.017115268,67.5315324097,71.8413080867,0.06606381232112124,monomer,73.46331858813333
129721294,,C=CC(=O)OC1=CC=C(C=C1)C2C(CC2(C#N)C#N)(C#N)C#N,,1,228.032047059,289.756236638,408.389600653,0.40658634340685684,homopoly,308.72596145
3532725,,C=CC(=O)OCCSC,,1,114.515027669,139.2910964,132.455020228,0.14609192652606656,homopoly,128.75371476566667
3023346,,C=CC(=O)OCCCCCOC(=O)CCBr,,1,215.199501402,257.750821269,195.882337171,0.2824246176772805,homopoly,222.94421994733327
18952360,,CN(C)C1=NC=NC2=C(C=CC(=C21)Cl)OC(=O)C=C,,2,336.134938812,786.149301165,691.92150873,0.8350344420467741,homopoly,604.7352495690001
18679053,,CC(C(C(C(C(C(C(C(C(OC(=O)C=C)(F)F)(F)F)(F)F)(F)F)(F)F)(F)F)(F)F)(F)F)F,,1,239.344282939,231.67042955,247.007215283,0.30615703550333373,homopoly,239.34064259066668
121743,,C=CC(=O)OCCOC(=O)C1=CC=CC=C1C(=O)O,,0,99.7504681144,95.0795917597,168.553558971,0.13505417346124562,monomer,121.12787294836666
129742744,,CCCCOC1CC2CC1CC2OC(=O)C=C,,2,471.292846171,515.375906708,446.343317745,0.6511193723248623,homopoly,477.670690208
112001,,C=CC(=O)OCC(CO)O,,1,102.016522016,123.33670058,121.303871425,0.1269841026387179,homopoly,115.55236467366666
71431852,,C=CC(=O)OCCNCCCS(=O)(=O)C(C(C(C(C(C(C(C(F)(F)F)(F)F)(F)F)(F)F)(F)F)(F)F)(F)F)(F)F,,1,311.463233716,359.140767631,391.319639023,0.47207979625849605,homopoly,353.97454679
129714184,,CC(=CCOC(=O)C=C)Cl,,0,59.0186140694,68.4997462996,90.3392770564,0.06484204099947344,monomer,72.61921247513334
23325021,,C=CC(=O)OC1=CC=CC=N1,,2,257.431623773,380.821471043,255.199112071,0.3907971380806501,homopoly,297.8174022956666
66357,,C=CC(=O)OCCOc1ccccc1,,1,218.843617733,148.677180481,229.746398323,0.24789632423964872,homopoly,199.08906551233332
69060682,,C=CC(=O)OCC1=CC(=C(C=C1)Cl)Cl,,2,428.965647957,380.812447605,434.087674712,0.5598616809815722,homopoly,414.62192342466665
165429930,,C=CC(=O)OCCOCCCCC(=O)OC1C(=O)CCC1=O,,2,602.511403772,473.670596994,607.444410063,0.7720336384897842,homopoly,561.2088036096666
81767,,COCCOCCOC(=O)C=C,,1,156.520283662,169.134899932,135.53936801,0.18224515681748443,homopoly,153.73151720133333
22179230,,CCCCOC(=O)C1=CC=C(C=C1)OC(=O)C=C,,0,135.132228546,80.5772687291,190.971194337,0.15594377529499812,monomer,135.56023053736666
102380778,,C/C=C/OCCCOC(=O)C=C,,0,91.4701620729,88.1802358346,76.3876359589,0.08326299254507544,monomer,85.34601128880001
21401083,,C=CC(=O)OC(O)C(O)CO,,2,266.132321176,228.512551456,236.905123716,0.31268394247584674,homopoly,243.84999878266663
20329016,,CC(C)(C)C1=CC(=CC(=C1O)C(C)(C)C)OC(=O)C=C,,2,515.232086009,663.982503087,724.060664547,0.8780079359745347,homopoly,634.4250845476666
21895353,,CCCCC(CC)COC(=O)CCOC(=O)C=C,,1,237.885626296,255.740092473,247.67655631,0.3173891386159801,homopoly,247.10075835966663
18979484,,C=CC(=O)OCCCCCCOC1=CC=C(C=C1)C2=CC=C(C=C2)C3CCC(CC3)CCCS(=O)(=O)C(F)(F)F,,1,681.993827963,559.231759214,616.186028604,0.8558800397368285,homopoly,619.1372052603333
155108413,,CC(C)(CCOC(C)(C)COC(=O)C=C)OC(=O)C=C,,2,553.874904601,597.038879296,475.315285703,0.7443410595701375,homopoly,542.0763565333333
57038445,,C=CC(=O)OCC(COC(=O)C=C)OC(=O)C=C,,1,231.532675853,264.575914885,175.17127591,0.2836053251134921,homopoly,223.7599555493333
44577301,,C=CC(=O)OC[C@@H](CBr)Br,,2,307.893285317,307.983726768,321.202412727,0.411846025530201,homopoly,312.35980827066663
13550,,CCCOC(=O)C=C,,2,208.495090783,213.335643105,219.075060085,0.26895070197846543,homopoly,213.63526465766665
104368,,C=CC(=O)OCCC(C(C(C(C(C(C(C(C(C(C(C(F)(F)F)(C(F)(F)F)F)(F)F)(F)F)(F)F)(F)F)(F)F)(F)F)(F)F)(F)F)(F)F)(F)F,,0,209.151266021,157.793147791,143.067956283,0.2057983608910551,monomer,170.004123365
77078233,,C=CC(=O)OCCOCCOCCOCCN=[N+]=[N-],,0,148.741410615,86.4617885003,108.224246037,0.1254258892395573,monomer,114.47581505076668
92954,,C=CC(=O)OCC(CCl)O,,1,121.595278794,143.640263721,118.842379249,0.14503858396699165,homopoly,128.02597392133336
11217487,,CCC1(COC1)COC(=O)C=C,,0,87.7792369217,88.5115484705,62.9764246538,0.07517154872120599,monomer,79.755736682
121420658,,CCCCCCCCC(CCCCCCCC)OC(=O)C=C,,0,163.1518784,192.052857105,159.542531892,0.20808281369678555,monomer,171.58242246566667
174086,,C=CC(=O)OCCC(C(C(C(C(C(C(C(C(C(C(C(C(C(C(C(F)(F)F)(F)F)(F)F)(F)F)(F)F)(F)F)(F)F)(F)F)(F)F)(F)F)(F)F)(F)F)(F)F)(F)F)(F)F)(F)F,,0,171.046548491,241.118957707,185.952982624,0.2483070484697484,monomer,199.37282960733333
3517032,,C=CC(=O)OCC1CCCN2C1CCCC2,,1,249.051515332,195.317922432,239.84653141,0.28984662536265593,homopoly,228.07198972466668
129692971,,C=CC(=O)OC(CC)[N+](=O)[O-],,1,131.402316058,139.13793444,113.199910414,0.1448756239962037,homopoly,127.91338697066664
23635600,,CCCCCC1=CC=C(C=C1)OC(=O)C=C,,0,65.9830041012,143.702467226,179.015418854,0.1472690342804577,monomer,129.56696339373332
76133726,,C=CC(=O)OCCCCCCCF,,1,165.307191397,170.049256631,187.264081652,0.21188143803126772,homopoly,174.20684322666668
21649872,,C=CC(=O)OCC1=CC=NC=C1,,2,331.746671463,344.624048108,269.060850885,0.41587569741817326,homopoly,315.1438568186666
129883423,,C=CC(=O)OCCN=CC1=CC=C(C=C1)[N+](=O)[O-],,1,289.50305282,193.58764172,287.421412559,0.3314820488644915,homopoly,256.837369033
3022608,,CCCCCCC(CCCC)COC(=O)C=C,,0,153.586089455,120.055864937,112.624003057,0.14609424873453053,monomer,128.75531914966666
22134261,,C=CC(=O)OC1=CC=CC=C1[N+](=O)[O-],,2,266.065622704,443.772417165,441.94361426,0.5154337231878945,homopoly,383.927218043
3022443,,CCCCCCCCCCCCCCC(C)COC(=O)C=C,,1,362.087226094,325.269388489,344.939259366,0.4577852445901017,homopoly,344.09862464966665
11320950,,CCC(O)OC(=O)C=C,,1,105.239700013,124.422048024,104.502811559,0.1209568113380553,homopoly,111.388186532
109058,,CC1=CC(=C(C(=C1)C(C)(C)C)O)CC2=C(C(=CC(=C2)C)C(C)(C)C)OC(=O)C=C,,0,239.364175295,208.586330203,267.077438661,0.3047125238637381,monomer,238.342648053
18979434,,C=CC(=O)OCCCCCCOC1=CC=C(C=C1)C2=CC=C(C=C2)C3CCC(CC3)CCC4OCCO4,,1,473.304911114,528.360590805,815.784818264,0.8365998551780389,homopoly,605.8167733943334
129879867,,C=CC(=O)OC1=CC=C(C=C1)N=CC2=CC=C(C=C2)[N+](=O)[O-],,1,279.869841236,491.170366352,364.616139906,0.5076537229817591,homopoly,378.5521158313333
87489581,,C=CC(=O)OC(Cl)Cl,,0,42.5406860788,45.870078475,67.8451726908,0.03512097888554904,monomer,52.08531241486666
904858,,C[C@]12CC[C@H](C1(C)C)C[C@@H]2OC(=O)C=C,,1,208.812284092,225.708743101,212.564584602,0.27193228769446565,homopoly,215.69520393166667
162070,,CCC(C)COC(=O)C=C,,0,85.9919770294,42.1668090351,82.9207245225,0.061571788259875616,monomer,70.35983686233334
164109228,,C=CC(=O)OC1C(C(=O)C2(C1=O)CCCCC2)O,,1,204.980586559,250.869849274,248.154338471,0.299394159029793,homopoly,234.6682581013333
99769780,,C=CC(=O)OCCCC(C(C(C(F)(F)F)(F)F)(F)F)(C(F)(F)F)C(F)(F)F,,1,190.666060256,227.774372092,225.405786527,0.2703693730686655,homopoly,214.61540629166663
23688,,CCCCOCCOC(=O)C=C,,0,79.1831744947,74.5100815073,92.4976856124,0.07851205158720792,monomer,82.0636472048
16205728,,C=CC(=O)OCC(COC1=C(C=C(C=C1)Br)Br)O,,0,181.104634203,68.2486354102,163.842373248,0.15908705332426332,monomer,137.73188095373334
543354,,C=CCCCCCCCCCOC(=O)C=C,,0,88.683483625,141.388346012,131.012662369,0.13394491038259476,monomer,120.36149733533334
87701904,,CCCCC/C=C\C/C=C\CCCCCCCCOC(=O)C=C,,1,394.342904414,368.451407236,330.311751345,0.48712442517263643,homopoly,364.368687665
22398902,,C=CC(=O)OC(C(C(C(C(C(C(C(C(C(C(C(F)(F)F)(F)F)(F)F)(F)F)(F)F)(F)F)(F)F)(F)F)(F)F)(F)F)(F)F)(F)F,,1,290.99729455,253.68632519,310.521209121,0.37234386983206064,homopoly,285.06827628700006
22597223,,CC1C2CC3CC(C2)CC1(C3)OC(=O)C=C,,1,229.059745357,217.578507977,237.459636875,0.2897896556322294,homopoly,228.03263006966665
21932355,,CC(C(C(C(OC(=O)C=C)(F)F)(F)F)(F)F)(F)F,,1,153.003601951,134.753631494,148.749274468,0.17033388037774447,homopoly,145.50216930433334
10241458,,C=CC(=O)OC1=CC(=CC=C1)Cl,,2,393.603729023,469.660991844,175.614608144,0.46096157375386915,homopoly,346.2931096703333
140773107,,CC1=C(CC(CC1=O)C(=C)C)OC(=O)C=C,,2,488.742546274,434.681954187,534.315071886,0.6630496861388391,homopoly,485.9131907823333
139896562,,C=CC(=O)OCCCCCCl,,1,171.746992099,177.135656723,127.392185075,0.18952096260547896,homopoly,158.75827796566668
15685473,,C=CC(=O)OCCCC#N,,2,233.728223894,276.900773772,238.196402609,0.32101883179952695,homopoly,249.6084667583333
3664250,,C=CC(=O)OC1=CC2=CC=CC=C2C=C1,,0,188.753121622,65.1439186217,112.393025403,0.13645645108779877,monomer,122.0966885489
57191966,,C=CC(=O)OCCCCCC(O)O,,1,158.121336884,180.890752868,158.689817509,0.1998589139363993,homopoly,165.90063575366665
22348578,,C=CC(=O)OCC1=CC=CC=C1O,,2,249.166517391,416.345179783,409.488561842,0.4783888915249771,homopoly,358.333419672
76345,,CCCCCOC(=O)C=C,,1,135.806605798,139.642847666,145.801449904,0.1629734866071723,homopoly,140.4169677893333
91058,,CC=CCOC(=O)C=C,,1,157.807992052,98.745398152,131.064591399,0.14674656179963463,homopoly,129.20599386766668
543940,,C=CC(=C)CCOC(=O)C=C,,0,75.4510281575,60.4448090507,111.010639768,0.07885727697661035,monomer,82.30215899206668
129805408,,C=CC(=O)OC1=CC=CC=C1P(=S)(C2=CC=CC=C2)C3=CC=CC=C3,,1,490.240904178,356.119932226,406.527409825,0.5642147681121694,homopoly,417.6294154096667
85581302,,CCCCCCCCCCCCCCCC1=CC(=CC=C1)OC(=O)C=C,,0,220.945881145,219.205048185,173.272633706,0.25569130994365974,monomer,204.474521012
95218,,CC(CCOC(=O)C=C)OC,,1,142.804423262,148.365860638,148.2285581,0.17172934902230533,homopoly,146.46628066666665
78270,,COC1=CC=C(C=C1)OC(=O)C=C,,1,236.131184865,113.491414502,223.103089828,0.23605574740589033,homopoly,190.90856306500004
2794997,,CC1(COC(=O)[C@@H]1OC(=O)C=C)C,,0,83.3541674532,87.7482656222,75.9936324937,0.07894874806148516,monomer,82.3653551897
57119052,,CS(=O)(=O)OC(=O)C=C,,2,204.059676313,228.694130505,238.90559344,0.2837884392477453,homopoly,223.88646675266668
13878526,,C=CC(=O)OCCC(C(C(C(C(C(C(C(C(C(C(F)(F)F)(F)F)(F)F)(F)F)(F)F)(F)F)(F)F)(F)F)(F)F)(F)F)(F)F,,2,594.532785264,606.390556562,573.911617387,0.8160391598290581,homopoly,591.611653071
129880690,,COC1=C(C=CC(=C1OC(=O)C=C)C=O)O,,0,163.87100727,115.716099428,60.1271486798,0.12363438115447523,monomer,113.23808512593332
3020591,,CCC(COC)OC(=O)C=C,,2,290.969625985,300.558948534,285.113966175,0.38268695392063234,homopoly,292.21418023133333
129675398,,CC1=CC2=C(C=C1C)N(C3=NC(=O)N(C(=O)C3=N2)OC(=O)C=C)CC(C(C(CO)O)O)O,,0,238.30263034,155.437974137,368.072626977,0.32728508964733455,monomer,253.93774381800003
210152,,CCOC(=O)COC(=O)C=C,,0,68.1608642539,48.7469280613,82.7647232162,0.05606823872170257,monomer,66.55750517713334
146014315,,C=CC(=O)OC(C(F)(F)F)(C(F)(F)F)C(Cl)(Cl)Cl,,2,354.437941129,361.329071765,368.065373608,0.4826501409521693,homopoly,361.2774621673333
13049939,,C=CC(=O)OC1=CC=CC(=C1)[N+](=O)[O-],,0,160.279965839,108.404602249,19.1247292683,0.09859172036995265,monomer,95.9364324521
20224153,,C=CC(=O)OCCN=C=S,,0,95.1491004022,41.0079505363,80.7069707129,0.06436264974809958,monomer,72.28800721713333
12191274,,COC1=C(C=CC(=C1)C=O)OC(=O)C=C,,0,82.4287026258,90.9794143319,156.825132373,0.11906006634171334,monomer,110.0777497769
22709343,,CCCCCCCCCCCCC(CCCCCCCCCC)COC(=O)C=C,,1,454.394135643,447.922383591,474.023160553,0.6237765612779677,homopoly,458.77989326233336
146036144,,C=CC(=O)OC1=COC2=CC=CC=C2C1=O,,0,175.69104096,46.5952591286,128.239906284,0.12885083891693994,monomer,116.84206879086666
145430716,,C=CC(=O)OCC1=CC(=CC=C1)SC2=CC=CC=C2,,2,476.099778728,722.959356889,642.134102335,0.8480551353360074,homopoly,613.7310793173333
16205728,,C=CC(=O)OCC(COC1=C(C=C(C=C1)Br)Br)O,,1,300.652897019,223.992796369,280.009506528,0.3479551166434198,homopoly,268.218399972
129827076,,C=CC(=O)OCC1CCC(CC1)COCC2CO2,,2,485.743999576,486.5189903,488.11870801,0.664324436300392,homopoly,486.79389929533335
2776307,,C=CC(=O)OCC(CC(C(C(C(C(C(C(C(F)(F)F)(F)F)(F)F)(F)F)(F)F)(F)F)(F)F)(F)F)O,,1,252.511881734,256.030064634,270.86291758,0.33577255022886027,homopoly,259.801621316
17111,,CN(C)CCOC(=O)C=C,,2,272.098895429,247.029112021,276.001110684,0.34335905407511125,homopoly,265.043039378
3016430,,C#CCOC(=O)C=C,,0,50.9233263181,50.6060765691,50.107907249,0.032892623129670166,monomer,50.5457700454
15374706,,C=CC(=O)OC(C(C(C(C(C(C(C(F)(F)F)(F)F)(F)F)(F)F)(F)F)(F)F)(F)F)(F)F,,1,177.012928722,221.645874066,217.742465769,0.25712796786847136,homopoly,205.467089519
129712286,,C=CC(=O)OCCCCCCCCCCCCCCS(=O)(=O)O,,0,134.639035203,182.434581815,184.40631502,0.20168170305968003,monomer,167.159977346
46988,,CCOCCCOC(=O)C=C,,1,130.423647855,146.768627305,163.347440693,0.1722797880937863,homopoly,146.84657195100002
19806870,,CC(CF)(C(OC(=O)C=C)(F)F)C(F)(F)F,,1,153.050023262,130.485942224,139.068036751,0.16362631819158963,homopoly,140.86800074566668
21884854,,CCCCCCCCCC1=CC=CC=C1OC(=O)C=C,,2,584.100073382,656.020272135,608.304774446,0.851544311995396,homopoly,616.1417066543333
22662497,,C=CC(=O)OC(CCO)O,,1,115.730047705,129.300026458,104.019543419,0.1281384269699751,homopoly,116.34987252733332
3013855,,C=CC(=O)OCC(C(C(C(C(C(C(C(F)(F)F)(F)F)(F)F)(F)F)(F)F)(F)F)(F)F)(F)F,,0,98.5900553917,114.197362756,122.296915128,0.12140057588651557,monomer,111.69477775856669
99769778,,C=CC(=O)OC1(C(C(C(C(C1(F)F)(F)F)(F)F)(F)F)(F)F)C(F)(F)F,,0,79.7074940783,96.3653517131,101.971977176,0.09388064017296852,monomer,92.6816076558
69810535,,C=CC(=O)OC[C@@H]1C[C@H]2C[C@@H]1C=C2,,1,163.879351027,189.473215142,196.730536833,0.22513134582789965,homopoly,183.361034334
22372339,,CCCC1=CC=C(C=C1)OC(=O)C=C,,2,450.624062981,451.752929457,401.613169055,0.5888699836864827,homopoly,434.6633871643333
99770079,,C=CC(=O)OC(C#N)(C(F)(Cl)Cl)C(F)(Cl)Cl,,1,189.811653252,223.900206117,187.622495104,0.24985861185976663,homopoly,200.44478482433337
132279467,,CC1(CCCCC(C1(C)OC(=O)C=C)C2CCCCCC2)C,,1,310.907381809,355.318529364,347.591821247,0.44887006870175084,homopoly,337.93924414
156600199,,C=CC(=O)OCc1cc(C(=O)c2ccc(F)cc2)no1,,1,362.041736775,131.314944292,342.251691926,0.3628891391938445,homopoly,278.536124331
169029,,C=CC(=O)OCCNC(C)(C)C,,2,313.404347836,380.402487198,315.215508018,0.44655643020072766,homopoly,336.3407810173333
104367,,C=CC(=O)OCCC(C(C(C(C(C(C(C(C(C(F)(F)F)(C(F)(F)F)F)(F)F)(F)F)(F)F)(F)F)(F)F)(F)F)(F)F)(F)F,,1,284.456069508,325.014565289,287.379505562,0.3924365439977578,homopoly,298.95004678633336
69060682,,C=CC(=O)OCC1=CC(=C(C=C1)Cl)Cl,,0,124.151553732,74.5590132547,114.654969895,0.11092187651992014,monomer,104.45517896056668
86294538,,C=CC(=O)OC(C)C,,0,63.7636661146,48.5269325413,51.0748717658,0.03855112572463668,monomer,54.45515680723333
86808,,CC(C)CC(C)OC(=O)C=C,,2,302.523630432,334.205592939,309.32287266,0.416175083297195,homopoly,315.350698677
4443516,,C=CC(=O)OCC(COC1=CC=CC=C1)O,,2,434.473722879,392.383857628,441.54821218,0.5717015413794707,homopoly,422.80193089566666
20474861,,CC(C)COC(C)OC(=O)C=C,,0,77.3821898864,65.379685387,102.60421006,0.07811408197450717,monomer,81.78869511113334
104303,,CC1=C(C=C(C=C1)NC(=O)OC(C)COC(=O)C=C)NC(=O)OC(C)COC(=O)C=C,,0,190.076479199,232.381996618,236.716046366,0.2777648419174317,monomer,219.72484072766667
97687,,C=CC(=O)OC1=CC=C(C=C1)[N+](=O)[O-],,0,166.276288813,76.6860393906,45.2773874306,0.09879938490412768,monomer,96.0799052114
21807586,,C=CC(=O)OC1=CC2=CC=CC=C2N1,,0,190.169557669,58.5130617182,89.9813846854,0.12312766487577734,monomer,112.88800135753333
86759871,,CC1=CC=C(C=C1)S(=O)(=O)OCCOC(=O)C=C,,1,215.916098333,218.036838513,296.052371332,0.31193867452200025,homopoly,243.335102726
16204988,,C=CC(=O)OCC(CC(C(C(C(C(C(C(C(C(C(C(C(C(C(F)(F)F)(C(F)(F)F)F)(F)F)(F)F)(F)F)(F)F)(F)F)(F)F)(F)F)(F)F)(F)F)(F)F)(F)F)(F)F)O,,1,370.175185469,396.149066787,419.709538666,0.5319594015729316,homopoly,395.344596974
13847852,,CC(C)CCCCCCCCCCCCCCCCCOC(=O)C=C,,1,396.141937636,405.543861335,380.286302072,0.529999752134248,homopoly,393.9907003476666
155490364,,C=CC(=O)OC1=C(C2=CC=CC=C2C=C1)C3=CC=CC=C3,,0,194.926501133,201.635364252,149.446593714,0.22316544644236722,monomer,182.00281969966667
70139719,,C=CC(=O)OC1C=CC2=CC=CC=C2O1,,2,591.792836672,400.631245942,358.959574827,0.611735992785783,homopoly,450.46121914700007
23173068,,C=CC(=O)OCCCNC=O,,2,301.418064336,252.653058805,274.599701715,0.35954197022784284,homopoly,276.22360828533334
546207,,C=CC(=O)OCC(C)C,,0,43.5154853001,67.6638142605,77.2958179787,0.050665813784391146,monomer,62.82503917976667
90558,,C=CC(=O)OCCC(=O)O,,2,207.357472691,243.314486747,231.308921968,0.2887682593080205,homopoly,227.32696046866667
639970,,C[C@@]12CC[C@@H](C1(C)C)C[C@H]2OC(=O)C=C,,2,453.041286889,429.060100826,410.568989538,0.5834085108776832,homopoly,430.890125751
57931572,,C=CC(=O)OC1C2=CC=CC=C2C3=CC=CC=C13,,1,319.322609028,272.083068199,257.989408963,0.3695408348138075,homopoly,283.13169539666666
91809457,,CC(C)(C)OC(=O)CCOCCOCCOCCOCCOC(=O)C=C,,0,167.766436056,177.027067647,155.979372912,0.2013405689987159,monomer,166.924292205
597374,,CC1(C2CCC1(C(C2C(C3=CC=CC=C3)C4=CC=CC=C4)OC(=O)C=C)C)C,,0,238.857027194,214.194045773,191.329499508,0.27062718342925274,monomer,214.79352415833333
23023397,,C=CC(=O)OCCC=O,,1,135.749132706,92.7390291884,106.678879861,0.12144048036732202,homopoly,111.7223472518
155432394,,CC(C)(CCOC(C)(C)CC(=O)ON1C(=O)CCC1=O)OC(=O)C=C,,1,318.743553354,290.960909233,338.228858472,0.41708272067965935,homopoly,315.97777368633336
167312926,,C=CC(=O)OCCOCCOCCNC(=O)OCC1[C@H]2[C@@H]1CCC#CCC2,,2,723.96115818,725.616843391,686.177725883,0.9901731291775119,homopoly,711.918575818
54376974,,CC(C)(C)C(OCCC#N)OC(=O)C=C,,2,388.950153307,375.041461638,416.060465619,0.5290733970539683,homopoly,393.35069352133337
18352416,,CCOOC(=O)C=C,,0,75.8629185974,61.4630255605,20.4556670153,0.035857073010620764,monomer,52.593870391066666
21881314,,C=CC(=O)OCC(OC1=CCCC1)OC2=CCCC2,,2,528.057246526,570.914971094,510.652970844,0.7363301608266467,homopoly,536.541729488
21696203,,COCCOCCOCCOCCOCCOCCOCCOCCOCCOCCOC(=O)C=C,,0,242.71494185,207.277639528,248.969902075,0.2969613976102348,monomer,232.98749448433333
46835728,,CC(C)(C)C1=CC(=CC(=C1)OC(=O)C=C)C(C)(C)C,,0,171.011776912,140.834502324,148.774751074,0.18196844916245863,monomer,153.54034343666666
102248210,,CCC(COC(=O)C=C)([N+](=O)[O-])[N+](=O)[O-],,2,368.138733914,328.268909596,323.73697316,0.45192260977172066,homopoly,340.0482055566667
20226510,,CCC1(CCCCC1)OC(=O)C=C,,2,351.462696643,374.092560248,395.017905398,0.500376516621579,homopoly,373.52438742966666
129721791,,C=CC(=O)OC1=CC(=CC2=C1N(C3=C2C=C(C=C3)Br)CCO)Br,,1,341.67788863,426.683234697,458.946174064,0.5518726904241206,homopoly,409.1024324636667
20226511,,C=CC(=O)OC1=CC=CC=C1CC2=CC=CC=C2,,1,290.286949496,277.219843295,264.626395271,0.36121246165266496,homopoly,277.377729354
16206038,,CC(COCC(COCC(C)OC(=O)C=C)OCC(C)O)O,,1,292.951493534,274.009767774,285.508742438,0.3710243947709003,homopoly,284.15666791533334
21868062,,C=CC(=O)OC1CC2CCC1(C)C2(C)C,,0,105.752326855,125.865360494,98.2883922138,0.11890221626671513,monomer,109.96869318759998
23070525,,C=CC(=O)OC(CSCCSC1=CC=CC=C1)CSCCSC2=CC=CC=C2,,1,539.21407441,388.871362576,469.642461132,0.634095766164458,homopoly,465.9092993726667
11083924,,C=CC(=O)OCCS,,0,40.763858206,64.188399222,63.0898423705,0.04080746591952953,monomer,56.01403326616667
86736826,,CCC(C)(N)OOC(=O)C=C,,2,259.834618969,295.513234944,312.545748065,0.378465840700608,homopoly,289.297867326
27134,,CCSCCOC(=O)C=C,,2,254.444597569,311.705714149,314.856720119,0.3847926963267032,homopoly,293.6690106123333
129884945,,C=CC(=O)OC1=CC(=O)C2=CC=CC=C2O1,,0,160.831954737,87.0731713572,99.300944537,0.12724896818435966,monomer,115.73535687706668
86643208,,C=CC(=O)OC(C)OCc1ccccc1,,2,390.917227992,454.181424879,406.597680151,0.5636397040091383,homopoly,417.2321110073333
129854610,,CCCCCCCCCCOC(=O)CCOC(=O)C=C,,2,570.65959689,569.310667492,566.684422178,0.783144124261587,homopoly,568.88489552
102811,,CCC(COC(=O)C=C)O,,2,245.945903405,274.746683748,245.177333298,0.3292423263031872,homopoly,255.28997348366667
11298697,,C=CC(=O)OC1C2CC3CC(C2)CC1C3,,0,127.214300972,99.8695000923,100.52185702,0.11779232856150515,monomer,109.2018860281
91938,,C=CC(=O)OCC(CO)(CO)CO,,2,314.397783553,311.110095081,301.745013813,0.40710500413099493,homopoly,309.08429748233334
19979416,,CC1(CC(CC(N1OC)(C)C)OC(=O)C=C)C,,2,437.931841535,472.276438536,517.083884262,0.6483596807958674,homopoly,475.7640547776667
58231716,,C=CC(=O)OC1=C(C=C(C2=C1SC3=CC=CC=C32)C4=CC=CC5=C4SC6=CC=CC=C56)C7=CC=CC8=C7SC9=CC=CC=C89,,0,318.551163767,456.62362563,511.966469886,0.5807408692681291,monomer,429.0470864276667
4372816,,CC(=O)CC(=O)OCCOC(=O)C=C,,0,78.4633846005,87.1635123734,90.2342874516,0.08317766773744223,monomer,85.28706147516665
109997,,CCCCN(CCOC(=O)C=C)S(=O)(=O)C(C(C(C(C(C(C(F)(F)F)(F)F)(F)F)(F)F)(F)F)(F)F)(F)F,,1,345.538320763,376.418152666,369.850942019,0.48649786479694557,homopoly,363.93580514933336
22182933,,C=CC(=O)OC1CCCCC1O,,0,95.2493461604,56.9183125174,91.2531894334,0.0771755605353644,monomer,81.14028270373332
53752639,,CC(CC1OCC(CO1)(C)C)OC(=O)C=C,,1,213.759786338,222.323113336,205.624137723,0.26933727906161714,homopoly,213.902345799
129824284,,C=CC(=O)OCC1COC(O1)C2=CC=C(C=C2)Cl,,0,118.035904808,99.6681425393,148.432075321,0.13638217799453026,monomer,122.04537422276668
21459496,,C=CC(=O)OC1=CC=C(C=C1)C2=C(C(=CC=C2)F)F,,1,255.556143329,394.649656712,223.737100062,0.3813844543880725,homopoly,291.3143000343333
129808889,,C=CC(=O)OCC([N+](=O)[O-])[N+](=O)[O-],,2,289.649558047,279.129153348,268.643195843,0.3637641177055282,homopoly,279.14063574600004
69810535,,C=CC(=O)OC[C@@H]1C[C@H]2C[C@@H]1C=C2,,0,89.7611350081,97.8357874166,77.384022791,0.08757769202433921,monomer,88.32698173856666
168655174,,C=CC(=O)OC1=C(C=CC(=C1)C2=NC3=CC=CC=C3S2)C4=NC5=CC=CC=C5S4,,1,830.519447496,648.279393113,393.494526729,0.8630600601111272,homopoly,624.0977891126666
19855,,CCC(CC)COC(=O)C=C,,2,319.180262166,287.024376832,335.093188334,0.4138812843453065,homopoly,313.765942444
11027847,,C=CC(=O)OCCCC(C(C(C(C(C(C(C(F)(F)F)(F)F)(F)F)(F)F)(F)F)(F)F)(F)F)(F)F,,1,256.630027665,253.251709975,257.70565812,0.33007095911994555,homopoly,255.8624652533333
88216,,C=CC(=O)OCCN1CCOCC1,,1,187.366507765,153.122134204,167.533729288,0.20483824324986588,homopoly,169.340790419
59172004,,CCOP(=O)(CCCCCCCCCCCOC(=O)C=C)OCC,,1,372.345622983,331.434032872,362.487801456,0.47417556395218097,homopoly,355.42248577033337
86078028,,C=CC(=O)OCCSSC1=CC=CC=N1,,0,161.608379467,81.3029809611,118.383470916,0.13404639310976502,monomer,120.43161044803333
21746034,,C=CC(=O)OC1=CN=CC=C1,,1,114.712202887,144.490318536,196.052191531,0.17937935420253712,homopoly,151.75157098466667
737020,,CC1(COC(=O)[C@H]1OC(=O)C=C)C,,2,310.152248695,342.824091967,317.719597196,0.4280650335991556,homopoly,323.5653126193333
22228790,,C=CC(=O)OC12CC3CC(C1)CC(C3)(C2)O,,0,130.191978746,85.5688516824,111.351329756,0.11755422991012096,monomer,109.03738672813331
23635602,,CCCCCCCC1=CC=C(C=C1)OC(=O)C=C,,0,106.060938595,128.025691163,194.051354636,0.1662963066325387,monomer,142.71266146466667
83410,,CCCCCCCCCCCCCCCCOC(=O)C=C,,2,626.975552623,647.396706054,670.424897112,0.8980410686502169,homopoly,648.2657185963334
101642,,C=CC(=O)OCC(C(C(C(F)(F)F)(F)F)(F)F)(F)F,,1,155.336682126,145.470967365,136.94346239,0.17093436626906885,homopoly,145.91703729366668
88121797,,CCCCC(=O)OC(=O)C=C,,0,89.3395828458,50.3380654526,78.6294284692,0.06505888265427778,monomer,72.7690255892
92696,,C=CC(=O)OCCCCCO,,0,73.7799301069,43.4048043184,102.332988419,0.06564298483226921,monomer,73.17257428143334
74692,,CCN(CCOC(=O)C=C)S(=O)(=O)C(C(C(C(C(C(F)(F)F)(F)F)(F)F)(F)F)(F)F)(F)F,,2,599.115820476,598.222715833,634.128508723,0.8433625248551455,homopoly,610.4890150106667
153532451,,C=CC(=O)OC1=NC(=C2C(=N1)N=CN2)N,,2,532.571059995,257.489673409,385.602198082,0.5269557578980417,homopoly,391.88764382866674
68915228,,CN(C)C1(CCC(=O)C(C1)COC(=O)C=C)C2=CC=CC=C2,,0,156.274935032,176.603262592,147.177500076,0.19134512147777377,monomer,160.0185659
121642,,CC(C)(COC(=O)C=C)COC(=O)C(C)(C)COC(=O)C=C,,1,330.280639922,226.158967204,308.242188215,0.3769162356689932,homopoly,288.22726511366665
22003413,,CC(C)CCCCOC(=O)C=C,,0,99.2721857205,80.6934615067,85.428759114,0.08777717521646888,monomer,88.46480211373334
129773825,,C=CC(=O)OCC1=CC=C(C=C1)C(=O)C2=CC=CC=C2,,2,446.794727172,806.711865064,571.927549145,0.8404518210334582,homopoly,608.478047127
3015131,,C=CC(=O)OC1=CC=C(C=C1)C(=O)C2=CC=CC=C2,,0,107.449929616,98.4110565859,258.656790809,0.18384851822548384,monomer,154.83925900363332
69285274,,CC1=CC(=C(C=C1)N(C2=CC=C(C=C2)C3=CC=C(C=C3)CCOC(=O)C=C)C4=CC(=C(C=C4)C)C)C,,1,659.210724823,694.461653123,758.78994914,0.9789347283354904,homopoly,704.1541090286665
88597910,,C=CC(=O)OC(O)(O)C(C)O,,0,59.7745204276,59.2486952346,64.2820511774,0.04817150837862264,monomer,61.1017556132
21938748,,CC(CCC=C(C)C)CCOC(=O)C=C,,2,408.57453744,521.341015004,436.499645558,0.618988282079264,homopoly,455.47173266733336
3020591,,CCC(COC)OC(=O)C=C,,1,146.764008971,152.623122032,146.024942477,0.17463056158296433,homopoly,148.47069116
22676929,,C=CC(=O)OCCSC1=CC=CC=C1,,0,63.4629853532,111.45446287,142.991315172,0.11311385364082832,monomer,105.96958779839998
3051368,,CC(=O)O[C@H]1CC[C@]2([C@@H](C1)CC[C@@H]3[C@@H]2CC[C@]4([C@@]3(CC[C@H]4C(=O)COC(=O)C=C)O)C)C,,0,236.838457952,230.827834372,200.184657957,0.28195097083385456,monomer,222.616983427
118382728,,C=CC(=O)OCCCCCCCCCCCCCCC,,2,577.314591166,611.800578649,667.116144647,0.8553105780383335,homopoly,618.7437714873334
69286003,,CC1=CC(=C(C=C1)N(C2=CC=C(C=C2)C3=CC=C(C=C3)CCOC(=O)C=C)C4=C(C=C(C=C4C)C)C)C,,0,330.321396897,315.906355877,445.04773374,0.4862412242684989,monomer,363.75849550466666
20536718,,CC(CCOC(=O)C=C)OCCC#N,,1,180.209980623,186.920085642,167.783129203,0.21781229841918812,homopoly,178.3043984893333
18546536,,CSCCCOC(=O)C=C,,2,309.428831977,262.191327358,305.35050182,0.38284526267791685,homopoly,292.32355371833336
11218292,,CC1(C2CC3CC(C2)CC1C3)OC(=O)C=C,,2,457.909553449,452.938095126,460.429974139,0.6213342632204579,homopoly,457.0925409046667
138113129,,C=CC(=O)OC1=C(OC2=CC=CC=C2C1=O)C3=CC=CC=C3,,0,192.624761027,229.271928812,125.398965084,0.22378648168856344,monomer,182.43188497433331
44150458,,CC(=O)OCC1(CCC2C1C3CCC2C3)COC(=O)C=C,,1,258.870051538,305.163411607,298.524442822,0.37589151966566076,homopoly,287.51930198900004
18353926,,C=CC(=O)OCC1COC(=O)O1,,1,151.106538466,117.495817264,127.72614904,0.1509491406137154,homopoly,132.10950159
20812341,,CC1(OCC(O1)COC(=O)C=C)C,,0,109.909263212,56.5650988179,84.7940950812,0.08096180789294166,monomer,83.75615237036666
15153819,,C=CC(=O)OCCCCCCBr,,1,158.260571401,151.742688666,217.585456242,0.2142784462787787,homopoly,175.86290543633334
13668181,,CC(=CCOC(=O)C=C)C,,2,273.559266744,338.72079977,277.984068074,0.3892589841896996,homopoly,296.7547115293333
14899,,CC(C)CCCCCCCOC(=O)C=C,,1,218.604841529,212.488198059,243.232167506,0.28507461495919384,homopoly,224.77506903133332
19996,,C=CC(=O)OCCOCCOC(=O)C=C,,2,382.862146984,381.346424867,381.355404698,0.5124338712192449,homopoly,381.8546588496667
19028358,,CC(COC(=O)C=C)Cl,,1,131.029549109,98.9925493815,135.820891918,0.1362407500456986,homopoly,121.9476634695
15055442,,CC(C)(C(=O)C1=CC=C(C=C1)OCCOC(=O)C=C)O,,1,225.419143147,273.953078185,355.201772961,0.3720395101581537,homopoly,284.85799809766667
129753429,,C=CC(=O)OC1CCN(CC1)C2=C(C(=C(C(=C2F)F)C3CC(=NN3C4=CC=CC=C4)C5=CC=CC=C5)F)F,,1,736.79947277,552.058917308,630.23650124,0.885640459631812,homopoly,639.698297106
22731403,,CCOC1CC2COC(=O)C2CC1OC(=O)C=C,,1,220.283529644,242.946318447,221.666949282,0.2901751055366122,homopoly,228.29893245766667
5142305,,C=CC(=O)OC1=CC=C(C=C1)N2C(=O)C3=C(C2=O)C(=CC=C3)[N+](=O)[O-],,1,516.510261629,237.185933707,319.590342534,0.4775620699847156,homopoly,357.76217928999995
23635601,,CCCCCCC1=CC=C(C=C1)OC(=O)C=C,,2,581.499651571,410.693217023,575.984850271,0.7163329397304533,homopoly,522.7259062883332
543932,,C=CC(=O)OCCC1CC1=C,,0,72.3022067114,73.7354540264,92.7272112176,0.07492918493012402,monomer,79.58829065180001
131887749,,[2H]C([2H])([2H])C(C([2H])([2H])[2H])(C([2H])([2H])[2H])OC(=O)C=C,,0,44.9198682,65.8553476239,77.3319041936,0.050488265483433735,monomer,62.70237333916666
164946354,,CC/C=C/CCOC(=O)C=C,,1,159.267756712,156.937908605,160.469116045,0.18971392584212146,homopoly,158.8915937873333
58231733,,C=CC(=O)OC1=C(C=C(C=C1)C2=CC=CC3=C2OC4=CC=CC=C34)C5=CC=CC6=C5OC7=CC=CC=C67,,1,593.547254067,598.840337219,778.613882019,0.9106839039333375,homopoly,657.0004911016667
54376974,,CC(C)(C)C(OCCC#N)OC(=O)C=C,,0,110.220895982,77.9809245255,111.363794782,0.10426380822626452,monomer,99.8552050965
17789732,,C=CC(=O)OCCOC1=CC=C(C=C1)C2(C3=CC=CC=C3C4=CC=CC=C42)C5=CC=C(C=C5)OCCOC(=O)C=C,,1,701.816692037,635.525595995,655.644752114,0.921291312426502,homopoly,664.329013382
86614660,,CC1=CC2=C(C=C1Cl)OC(=O)C(=C2C3=CC(=CC=C3)OC(=O)C=C)CC(=O)NC4=C(C=C(C=C4O)F)C(F)(F)F,,1,579.882339217,786.569023883,491.6710984,0.8562230025074308,homopoly,619.3741538333334
76345,,CCCCCOC(=O)C=C,,0,81.8183606531,47.9764644446,83.8825132912,0.06282516602761479,monomer,71.22577946296667
11253685,,CC(C)(C12CC3CC(C1)CC(C3)C2)OC(=O)C=C,,1,270.349020488,256.585478058,254.941775047,0.33696493484409673,homopoly,260.625424531
20226495,,C=CC(=O)OCC1=CC=CC=C1C2=CC=CC=C2,,1,238.976835594,266.170234476,365.668781526,0.37987574273503333,homopoly,290.271950532
53860247,,CC(C)C1(CCCC1)OC(=O)C=C,,1,173.410675944,185.704396923,196.368493544,0.22773691528380388,homopoly,185.16118880366665
6658,,C=CC(=O)OC,,0,56.0372849984,31.8468024384,23.9879615437,0.01370701959411471,monomer,37.2906829935
100995,,C=CC(=O)OCCOCCOCCOCCOCCOC(=O)C=C,,1,291.826303486,325.482137193,294.851519318,0.39982309500330615,homopoly,304.053319999
98055,,CCCCCCC(C)OC(=O)C=C,,2,390.868525405,392.206714972,358.066463081,0.5103002506724647,homopoly,380.3805678193333
57648627,,C=CC(=O)OC(OC(=O)C=C)(OC(=O)C=C)OC(=O)C=C,,2,528.923485298,532.211656335,430.037905363,0.6791803834054863,homopoly,497.057682332
121420672,,CCCCCCCC(CCCCCCC)OC(=O)C=C,,1,320.674668885,301.93788181,303.158703662,0.40639015604118567,homopoly,308.590418119
3023748,,CCCCCCCCCCCCCCCCCCCCCCCCCCOC(=O)C=C,,1,521.736228801,500.207297033,458.572163216,0.6740385123767039,homopoly,493.5052296833333
3664250,,C=CC(=O)OC1=CC2=CC=CC=C2C=C1,,2,359.588705853,621.511711138,490.806423915,0.6698849888592326,homopoly,490.63561363533336
155490364,,C=CC(=O)OC1=C(C2=CC=CC=C2C=C1)C3=CC=CC=C3,,2,723.000513494,579.577606971,824.923242274,0.9861906337969385,homopoly,709.167120913
2776196,,C=CC(=O)OCC(CC(C(C(C(F)(F)F)(C(F)(F)F)F)(F)F)(F)F)O,,0,111.058841405,69.9151830243,124.378351325,0.10705575498597958,monomer,101.78412525143334
66995440,,C=CC(=O)OC1=CC=CC2=C1CC3=CC=CC=C32,,0,76.8995886482,152.537395209,220.409595128,0.17677008392046092,monomer,149.94885966173334
18979476,,C=CC(=O)OCCCCCCOC1=CC=C(C=C1)C2=CC=C(C=C2)C3CCC(CC3)CCC(=O)O,,1,473.776301739,530.430415504,671.724254912,0.768320808971239,homopoly,558.643657385
53766210,,C=CC(=O)OCC([N+](=O)[O-])([N+](=O)[O-])[N+](=O)[O-],,1,160.307442258,174.310375031,175.982372106,0.2060819669258851,homopoly,170.20006313166667
59689374,,C=CC(=O)OCCCC(C(F)(F)F)(F)F,,1,160.933391014,143.828899827,124.472389849,0.16682543129367405,homopoly,143.07822689666668
109855,,CN(CCCCOC(=O)C=C)S(=O)(=O)C(C(C(C(C(C(C(F)(F)F)(F)F)(F)F)(F)F)(F)F)(F)F)(F)F,,0,156.794315433,169.562437779,172.152375619,0.20024837530436895,monomer,166.16970961033334
102466680,,C=CC(=O)OC[C@@H]1CCCN1CC2=CC=CC=C2,,1,266.328663682,262.942924436,252.69728111,0.33700960959513815,homopoly,260.6562897426666
13668181,,CC(=CCOC(=O)C=C)C,,0,47.811948459,62.4632499897,115.762175097,0.06878853021313833,monomer,75.3457911819
22277950,,C=CC(=O)OC(C(C(C(C(C(F)(F)F)(F)F)(F)F)(F)F)(F)F)(F)F,,1,157.958922459,167.767602745,173.793814561,0.20073625571824524,homopoly,166.50677992166666
3023480,,C=CC(=O)OCCCC1=CC=CO1,,2,366.835380749,383.026915208,269.473495603,0.4515323747414689,homopoly,339.7785971866667
11027847,,C=CC(=O)OCCCC(C(C(C(C(C(C(C(F)(F)F)(F)F)(F)F)(F)F)(F)F)(F)F)(F)F)(F)F,,2,512.177209894,540.881212763,485.858864002,0.7022156163364174,homopoly,512.9724288863333
168059192,,CC(C)N(CC1=C(C(=CC(=C1)C=O)OC)OC(=O)C=C)C(C)C,,1,339.091991401,352.114267833,332.70696427,0.4537408550063088,homopoly,341.3044078346666
18366398,,C=CC(=O)OI,,1,119.127921246,61.3433548263,125.496064631,0.10735245802166646,homopoly,101.98911356776668
106569,,CN(CCOC(=O)C=C)S(=O)(=O)C(C(C(C(C(C(C(F)(F)F)(F)F)(F)F)(F)F)(F)F)(F)F)(F)F,,1,258.552038414,323.017765175,354.376359054,0.411299258878999,homopoly,311.98205421433335
23635603,,CCCCCCCCC1=CC=C(C=C1)OC(=O)C=C,,2,625.583431692,733.394437221,507.495024068,0.8602518473606808,homopoly,622.1576309936667
3016548,,CCCCCCCCCCCCCCCCCCCCCCCCOC(=O)C=C,,0,215.959285825,208.713564729,254.128165866,0.2872340652113411,monomer,226.2670054733333
53461614,,CC12CCC(=O)CC1CCC3C2CCC4(C3CCC4OC(=O)C=C)C,,0,161.139480513,180.100668682,204.780521819,0.2231713383428047,monomer,182.006890338
163212139,,CC(C)CCCC(C)CC(O)OC(=O)C=C,,2,425.245940632,505.033073947,440.474842893,0.6210815614403948,homopoly,456.91795249066666
94246,,CC(CO)OC(=O)C=C,,0,29.9771917722,58.8344913463,81.9973137397,0.042142414778616515,monomer,56.936332286066666
21365444,,CC1CCC(CC1)C(C)(C)OC(=O)C=C,,1,243.798564991,211.467971991,208.308873838,0.2798881450755077,homopoly,221.1918036066667
19033442,,C=CC(=O)OCCCCCCOC1=CC=CC=C1,,2,562.849292523,553.702425387,433.011435485,0.7073519431843546,homopoly,516.5210511316667
88088085,,C=CC(=O)OC(C1=CC=C(C=C1)F)(C(F)(F)F)C(F)(F)F,,1,215.613975994,282.205081765,140.808352413,0.2678514468236542,homopoly,212.87580339066665
13262697,,C=CC(=O)OCC1=CC=CC2=CC=CC=C21,,2,394.256942262,521.479422235,481.46094393,0.6338397717825346,homopoly,465.73243614233337
53860247,,CC(C)C1(CCCC1)OC(=O)C=C,,2,378.553361757,370.875067925,366.208860698,0.49799509930414776,homopoly,371.8790967933333
7825,,C=CC(=O)OCCC#N,,1,99.5117922852,101.822073819,121.7070176,0.11558995520997731,homopoly,107.68029456806669
57045534,,C=CC(=O)OCCC(Cl)Cl,,2,310.288722445,278.903158923,273.153012791,0.37578874754804076,homopoly,287.448298053
92029513,,COC1=CC2=CC3=C(C=C2C=C1)C(=CC(=O)O3)COC(=O)C=C,,1,360.134881168,516.966639465,250.226374351,0.5036354823546972,homopoly,375.7759649946667
91997189,,CC1C2CC(C1(C)C)CC2C3CCCC(C3)OC(=O)C=C,,1,335.921863157,307.40711518,291.228432494,0.41062922576718336,homopoly,311.5191369436667
5748640,,C[C@H](CO)OC(=O)C=C,,2,221.274515986,226.90235778,227.550084043,0.28575091967069494,homopoly,225.24231926966664
12716,,CC(C)OC(=O)C=C,,2,211.578670765,216.04492402,212.819251552,0.2687273429574536,homopoly,213.480948779
13908061,,C=CC(=O)OCCOCCOCCO,,2,327.024494005,381.941792951,340.858730347,0.46624255594513,homopoly,349.9416724343334
105249,,C=CC(=O)OCCN(CCOC(=O)C=C)C=O,,0,66.6301437881,129.768364249,125.266528727,0.11492614833052511,monomer,107.22167892136666
77078222,,CC(C)(C)OC(=O)CCOCCOCCOC(=O)C=C,,0,108.1515885,140.643803882,140.599539811,0.147603889741944,monomer,129.798310731
138402884,,C/C=C\CCOC(=O)C=C,,0,75.8475972217,31.772230411,110.198227828,0.06482294383124612,monomer,72.6060184869
3022608,,CCCCCCC(CCCC)COC(=O)C=C,,1,280.488274611,237.520002134,258.737936948,0.33448982736348254,homopoly,258.91540456433336
121005771,,CC1=CC=CC=C1N2CC3=C(C=CC(=C3)OC(=O)C=C)OC2,,0,144.605968448,178.108356764,199.054339794,0.21147043763981258,monomer,173.92288833533334
156595944,,C=CC(=O)Oc1cc(C)ccc1C(C)C,,2,455.788059958,468.163172564,479.106955731,0.6366674790185287,homopoly,467.686062751
21884854,,CCCCCCCCCC1=CC=CC=C1OC(=O)C=C,,1,234.103377818,363.972730909,331.346769996,0.40815196057385394,homopoly,309.807626241
21459496,,C=CC(=O)OC1=CC=C(C=C1)C2=C(C(=CC=C2)F)F,,0,129.236950833,51.8407878338,270.751110782,0.17772647284158385,monomer,150.60961648293335
91241,,C=CC(=O)OCC(CCl)Cl,,0,83.0677118801,47.7766033861,73.1975912151,0.058176345144753415,monomer,68.0139688271
69199120,,CC1CCC(CC1)(C(C)C)OC(=O)C=C,,2,421.302209799,435.65557011,461.967170522,0.5960755930833318,homopoly,439.6416501436667
3022442,,CCCCCCCCCCCCCC(C)COC(=O)C=C,,0,156.570416577,164.109236768,167.504516611,0.1952668773400768,monomer,162.728056652
13668398,,C=CC(=O)OCCOC(=O)CCS(=O)(=O)CCCl,,1,220.082682371,238.18843853,254.592595865,0.3036683459175577,homopoly,237.621238922
27282087,,C=CC(=O)OCCCCC1=C(C=C(C=C1)[N+](=O)[O-])[N+](=O)[O-],,2,474.549823867,655.446106882,507.559087977,0.7498055067604752,homopoly,545.8516729086666
11378874,,C=CC(=O)OCOP(=O)(O)O,,1,139.679996537,97.6487915263,112.932613996,0.12872307839376404,homopoly,116.75380068643334
15722986,,C=CC(=O)OCCI,,1,120.9306818,96.7356610105,145.148754574,0.13477987808313105,homopoly,120.93836579483332
15390035,,C=CC(=O)OCCCCCCOC1=CC=C(C=C1)O,,0,159.925500758,91.2777011802,162.365406005,0.15926699833123412,monomer,137.85620264773334
129773897,,CN(CCCOC(=O)C=C)C1=CC=CC=C1,,0,57.4990927175,127.960899406,174.318812376,0.13331495342737817,monomer,119.9262681665
20479854,,CCCCCC(O)OC(=O)C=C,,2,323.968454677,322.472077176,319.596941767,0.425817457565268,homopoly,322.01249120666665
14527824,,C=CC(=O)OC1=C(C2=CC=CC=C2C=C1)C3=CC=CC4=CC=CC=C43,,0,274.451224782,208.747953541,175.882888778,0.277720234979201,monomer,219.694022367
175021,,CN(CCOC(=O)C=C)S(=O)(=O)CCC(C(C(C(C(C(C(C(C(C(C(C(F)(F)F)(F)F)(F)F)(F)F)(F)F)(F)F)(F)F)(F)F)(F)F)(F)F)(F)F)(F)F,,1,428.571937951,414.824581464,439.020982768,0.5784617912919022,homopoly,427.4725007276667
10197737,,C=CC(=O)OC(F)(F)F,,2,146.805728315,134.545581771,154.328858137,0.16993519506254035,homopoly,145.226722741
17257,,CCCCCCCOC(=O)C=C,,2,342.25451812,355.009235326,350.117816726,0.465063662444798,homopoly,349.12719005733334
129692971,,C=CC(=O)OC(CC)[N+](=O)[O-],,2,277.559540922,244.564918934,255.745038353,0.3350317800818922,homopoly,259.2898327363333
293461,,C=CC(=O)OC1=CC=C(C=C1)Cl,,1,150.683277783,162.034098747,230.164053467,0.22165674415168665,homopoly,180.96047666566668
22465159,,C=CC(=O)OCC(CN(F)F)N(F)F,,2,271.860143356,266.375216864,305.972402981,0.36703809952714234,homopoly,281.4025877336667
3017303,,C=CC(=O)OCCn1ccnc1,,0,82.1660801876,53.3517344234,88.8565793664,0.06798619003586129,monomer,74.79146465913334
21896333,,C=CC(=O)OC1(CCCC1)C2CC3CCC2O3,,0,130.817118338,113.914416323,103.078540008,0.12754038289323663,monomer,115.93669155633334
23635603,,CCCCCCCCC1=CC=C(C=C1)OC(=O)C=C,,1,313.025562622,260.100604282,340.00458702,0.40029147536487897,homopoly,304.37691797466664
56835609,,CCN(CCCCCOC(=O)C=C)C(=O)C,,2,475.871460852,440.19071617,419.701679949,0.6041998848762049,homopoly,445.2546189903333
98056,,CC1CC(CC(C1)(C)C)OC(=O)C=C,,1,212.739477152,187.108756311,209.67162785,0.2538078852809801,homopoly,203.17328710433333
12705069,,CC(C)(C)OOC(=O)C=C,,2,319.277369845,266.323758773,230.904009724,0.3536723737154105,homopoly,272.16837944733334
7819,,CC(C)COC(=O)C=C,,1,137.63821801,114.765719864,118.859731554,0.13885607295667926,homopoly,123.754556476
12577030,,C=CC(=O)OC1CC2CC1C3C2C=CC3,,0,117.759975658,85.2789752003,119.27316297,0.11523834454525844,monomer,107.4373712761
140350948,,C=CC(=O)OOC(=O)OOC(=O)C=C,,2,324.201668279,288.118698705,299.088015463,0.39946048028680614,homopoly,303.802794149
210152,,CCOC(=O)COC(=O)C=C,,1,112.743007527,143.426350081,136.894248905,0.14937392039078096,homopoly,131.02120217100003
59172004,,CCOP(=O)(CCCCCCCCCCCOC(=O)C=C)OCC,,0,187.084670828,180.628100818,158.057913225,0.21340129799983062,monomer,175.256894957
12716,,CC(C)OC(=O)C=C,,0,68.8024132074,32.1107623375,62.4510734753,0.038550536433273934,monomer,54.4547496734
163212139,,CC(C)CCCC(C)CC(O)OC(=O)C=C,,0,137.512744268,80.970054106,126.541346434,0.12619625125075276,monomer,115.00804826933334
54550688,,CCC(COC(=O)C=C)C#N,,0,59.6911407296,77.7016174006,79.4834051243,0.06436850772505215,monomer,72.29205441816667
70139719,,C=CC(=O)OC1C=CC2=CC=CC=C2O1,,1,252.768377673,155.125113219,245.378376114,0.27491697926692366,homopoly,217.757289002
10997741,,CC(=O)OCCCCOC(=O)C=C,,0,89.9671692909,58.2998487139,96.6090022722,0.07787763957213223,monomer,81.62534009233333
163826037,,C=CC(=O)OC1CC2=CC=CC=C2C1,,2,469.597235798,326.728450418,468.891734735,0.5701632430187142,homopoly,421.739140317
67252608,,C=CC(=O)OC(C1=CC=CC2=CC=CC=C21)O,,1,325.723041271,194.527888103,236.110843827,0.3246549166346848,homopoly,252.120591067
543285,,CCCCCCCCCCCCCC(C)OC(=O)C=C,,0,181.780056587,115.644970591,171.422589429,0.18593754224919296,monomer,156.28253886899998
77078222,,CC(C)(C)OC(=O)CCOCCOCCOC(=O)C=C,,2,523.605018173,526.55104981,503.705715983,0.7094259097442146,homopoly,517.9539279886667
61642,,C=CC(=O)OCCOCCO,,0,65.2370086184,46.5242067046,91.6346760807,0.05786466130824356,monomer,67.7986304679
4391003,,CC(CCOC(=O)C=C)CC(C)(C)C,,0,115.389675319,86.2887299445,108.707851461,0.10948445887808494,monomer,103.46208557483334
95218,,CC(CCOC(=O)C=C)OC,,0,53.7305000703,74.967031569,95.495157155,0.06789852247120823,monomer,74.73089626476667
543187,,CCC(=O)OC(C)OC(=O)C=C,,1,149.592579239,150.027447675,143.281052908,0.17341907881125426,homopoly,147.633693274
121420672,,CCCCCCCC(CCCCCCC)OC(=O)C=C,,2,615.500495751,622.477502682,608.614151176,0.8506599561158614,homopoly,615.5307165363333
20594792,,CCCC1CCC(CC1)C2=CC=C(C=C2)OC(=O)C=C,,2,639.763424539,713.960755062,605.668897543,0.9050831841101586,homopoly,653.1310257146666
12084305,,CC1(CC(CC(N1OCC(C)(C)O)(C)C)OC(=O)C=C)C,,1,306.758186053,274.409766998,291.656196151,0.3808446890095028,homopoly,290.94138306733333
78823,,CC(C)CCCOC(=O)C=C,,2,335.711909511,299.528457371,310.705733009,0.41612394318496543,homopoly,315.31536663033336
19706366,,C=CC(=O)OC1CCC(CC1)C2CCC(=CC2)C3=C(C(=CC=C3)F)F,,0,167.725800401,197.391215308,212.710062475,0.23851702199026634,monomer,192.6090260613333
56776444,,C=CC(=O)OCC(C(F)(F)F)(OC(C(C(F)(F)F)(OC(C(C(F)(F)F)(F)F)(F)F)F)(F)F)F,,1,233.03468214,208.320461922,230.339152963,0.2838052759418063,homopoly,223.89809900833333
11320950,,CCC(O)OC(=O)C=C,,0,47.8376608093,55.8328371285,65.0975819212,0.0411577305779442,monomer,56.25602661966667
19033442,,C=CC(=O)OCCCCCCOC1=CC=CC=C1,,1,245.392916106,233.017260442,294.322402166,0.3325533630424757,homopoly,257.577526238
8846,,CCCCOC(=O)C=C,,2,269.907152627,250.613050028,225.724707161,0.31977381880489814,homopoly,248.748303272
109856,,CN(CCCCOC(=O)C=C)S(=O)(=O)C(C(C(C(C(C(F)(F)F)(F)F)(F)F)(F)F)(F)F)(F)F,,1,341.766705352,301.141438273,338.007748571,0.43299586987136357,homopoly,326.97196406533334
3016305,,C=CC(=O)OCCOC(=O)Cl,,0,83.4157503969,37.3629330823,72.9228106213,0.053187391304983615,monomer,64.56716470016666
7827,,CCOCCOC(=O)C=C,,1,118.613330746,146.238923784,121.912449973,0.14633487995294764,homopoly,128.92156816766666
66701901,,C=CC(=O)OCCOCCOCC1=CC=CC=C1,,2,523.193284967,531.727587769,430.849410009,0.6765737038589871,homopoly,495.256760915
59641530,,C=CC(=O)OCC1COC2(O1)CCCCC2,,1,237.016576891,208.176133914,191.70709026,0.26701792473859765,homopoly,212.2999336883333
23070525,,C=CC(=O)OC(CSCCSC1=CC=CC=C1)CSCCSC2=CC=CC=C2,,0,277.16909832,224.431817133,216.293304713,0.3060954202284435,monomer,239.2980733886667
86759875,,C=CC(=O)OCCOS(=O)(=O)c1ccc(C)cc1,,0,130.526869879,103.043032914,147.178916299,0.14343238694632912,monomer,126.91627303066666
59172001,,C=CC(=O)OCCCCCCCCCCCP(=O)(O)O,,1,289.064799073,275.167551686,300.029887371,0.37671381128960313,homopoly,288.08741271
102380778,,C/C=C/OCCCOC(=O)C=C,,1,169.166514044,177.79934687,159.288190125,0.20398507921572018,homopoly,168.75135034633334
3022437,,CCCCCCCCC(C)COC(=O)C=C,,2,498.942303368,446.353950087,487.621813416,0.651074018197076,homopoly,477.6393556236667
57978544,,C=CC(=O)OC1CC2C3CCC(C3)C2C1,,0,127.222629583,115.5285674,85.5621650661,0.11813377552537721,monomer,109.4377873497
86808,,CC(C)CC(C)OC(=O)C=C,,1,156.007224165,175.352688125,145.205751145,0.1896612795567659,homopoly,158.855221145
129808072,,CC(C([N+](=O)[O-])(F)F)OC(=O)C=C,,2,257.700295188,257.145055961,258.686029259,0.3329387620605937,homopoly,257.8437934693333
107198,,CCCC(C)COC(=O)C=C,,0,90.0338284239,67.9600211238,80.1762583406,0.0746422282433844,monomer,79.39003596276666
544164,,CC1CCC(C(C1)OC(=O)C=C)C(C)C,,2,449.573238954,439.214082048,440.002861504,0.6008352859880535,homopoly,442.9300608353333
68636312,,CCC1(COC1)COC23CC4CC(C2)CC(C4)(C3)OC(=O)C=C,,1,313.066269925,318.537019426,329.032763596,0.42321142625680586,homopoly,320.212017649
10193306,,C=CC(=O)OC1=C(C(=C(C(=C1Cl)Cl)Cl)Cl)Cl,,0,186.194418399,150.038259135,71.2195920472,0.15631603964286597,monomer,135.81742319373333
13001872,,C=CC(=O)OC1CC2CC1C3C2CCC3,,0,127.106825823,75.9742029191,119.190720612,0.11521886983853166,monomer,107.42391645136668
3022445,,CCCCCCCCCCCCCCCCC(C)COC(=O)C=C,,1,355.153804764,384.405800922,383.402548323,0.5015291369403588,homopoly,374.320718003
153532451,,C=CC(=O)OC1=NC(=C2C(=N1)N=CN2)N,,1,227.166462223,123.064391725,256.375921696,0.25240240459039165,homopoly,202.202258548
129761732,,C=CC(=O)OCC1OCCO1,,2,266.124770472,260.300919504,261.109664756,0.33969527997331084,homopoly,262.5117849106667
73893,,CN(CCCCOC(=O)C=C)S(=O)(=O)C(C(C(C(F)(F)F)(F)F)(F)F)(F)F,,2,545.029749263,581.306859598,584.471001117,0.7851477912788688,homopoly,570.269203326
59245520,,CCCC1CCC(CC1)C2CCC(CC2)C3=CC(=C(C(=C3)F)OCCCOC(=O)C=C)F,,1,411.010700179,452.042883532,542.365931511,0.6378067518845527,homopoly,468.47317174066666
132234056,,CCCCCCCC(=O)OC(C)COC(C)COC(=O)C=C,,1,329.705076656,304.108062589,291.249315616,0.40604818051477803,homopoly,308.3541516203333
11457964,,CC(CO)(CO)COC(=O)C=C,,0,76.8877197022,86.9280852936,61.0580666273,0.06822717374392123,monomer,74.9579572077
3017303,,C=CC(=O)OCCn1ccnc1,,2,323.223722827,279.7951008,274.141260308,0.38293665376280006,homopoly,292.38669464500003
23505087,,C=CC(=O)OCCCCOC=C,,1,145.937690982,165.253230564,179.833775688,0.1966373506779547,homopoly,163.674899078
4260109,,CCN(CCOC(=O)C=C)C1=CC=C(C=C1)N=NC2=C(C=C(C=C2)[N+](=O)[O-])Cl,,0,293.835238375,147.873123159,284.146801095,0.30993634774722556,monomer,241.95172087633333
11836752,,C=CC(=O)O[C@H]1C[C@@H](C)CC[C@@H]1C(C)C,,1,202.334328522,228.039279728,236.897986166,0.2816714481648503,homopoly,222.42386480533327
66603448,,CCC1C2CC3CC(C2)CC1(C3)OC(=O)C=C,,1,252.468288339,246.499054634,233.04266434,0.31290588463691904,homopoly,244.003335771
11457964,,CC(CO)(CO)COC(=O)C=C,,2,290.687036716,292.822250374,323.876922692,0.3975198967759852,homopoly,302.46206992733335
145945604,,C=CC(=O)OCCOC1OCCCO1,,0,87.8830778001,73.9298623216,89.23722556,0.08085648850868613,monomer,83.68338856056666
5300140,,C=CC(=O)OCCSC1=NC(=NC(=N1)N2CCOCC2)N3CCOCC3,,1,380.385415605,370.471545976,379.934879133,0.5053067373021813,homopoly,376.93061357133337
2775973,,C=CC(=O)OC1=C(C(=C(C(=C1F)F)F)F)F,,0,106.501879458,76.8686308083,75.5547010343,0.08465597325184046,monomer,86.30840376686668
543889,,CCCCC(CCC)OC(=O)C=C,,2,378.544372664,381.313334347,391.791137131,0.515369646159803,homopoly,383.8829480473334
135398202,,CCOC(=O)C(C)(COC(=O)C=C)COC(=O)C=C,,1,218.988746428,228.169028545,276.421564407,0.30883832798567157,homopoly,241.19311312666665
31232,,CCC1=CN=C(C=C1)CCOC(=O)C=C,,1,198.008776698,254.715486218,191.557744298,0.27057962850405004,homopoly,214.76066907133333
169406,,C=CC(=O)OCCOP(=O)(O)O,,2,244.262001864,282.67057659,273.256993968,0.34580057883460485,homopoly,266.729857474
118118627,,C=CC(=O)OCCC1=CC=C(C=C1)OC2=CC(=CC=C2)OC3=CC=C(C=C3)OC4=CC=CC=C4,,0,280.203243828,174.295498574,369.115036864,0.3571020900678439,monomer,274.537926422
23635599,,CCCCC1=CC=C(C=C1)OC(=O)C=C,,1,160.613651291,316.147823353,208.470440799,0.29033679044051475,homopoly,228.410638481
7825,,C=CC(=O)OCCC#N,,2,194.865672109,240.623352137,210.107586466,0.27121388717068695,homopoly,215.19887023733332
59502637,,C=CC(=O)OC1=NC2=CC=CC=C2N1,,1,194.318275036,248.390504586,175.37565981,0.25794004977493495,homopoly,206.0281464773333
104247,,C=CC(=O)OCCC(C(C(C(F)(F)F)(F)F)(F)F)(F)F,,0,95.4198008505,61.6475431346,93.9970114968,0.08086333468228024,monomer,83.68811849396667
52991911,,C=CC(=O)OCCCCC(C(C(C(C(C(F)(F)F)(F)F)(F)F)(F)F)(F)F)(F)F,,0,127.667358864,114.840301154,107.057108004,0.1283869723539551,monomer,116.52158934066668
146014315,,C=CC(=O)OC(C(F)(F)F)(C(F)(F)F)C(Cl)(Cl)Cl,,1,204.71345511,168.853531993,161.804521836,0.21803342158785496,homopoly,178.45716964633334
21496847,,C=CC(=O)OCCN(CO)C(=O)N,,1,133.917673069,175.388764421,131.912614414,0.17260754834892114,homopoly,147.07301730133335
57783180,,CC1=CC=C(C=C1)N(C2=CC=C(C=C2)C)C3=CC=C(C=C3)C4=CC=C(C=C4)CCCOC(=O)C=C,,1,499.780672851,1000.426155,504.12473448,0.9267647205876987,homopoly,668.110520777
77343,,C=CC(=O)OC1=C(C=C(C=C1Br)Br)Br,,1,257.240997361,222.136814317,271.946584439,0.32222452596745627,homopoly,250.44146537233328
6455702,,C=CC(=O)OCCN,,2,203.418835181,202.595327309,197.549462817,0.2509341714097727,homopoly,201.1878751023333
20342959,,CC(C)(C1=CC=CC=C1)C2=CC=CC=C2OC(=O)C=C,,0,115.314663558,202.760018771,146.240467636,0.18375075645917743,monomer,154.771716655
3016480,,C=CC(=O)OCC1=CC=CC=C1[N+](=O)[O-],,0,75.8220035292,134.963005573,79.4526513812,0.09976333626892744,monomer,96.7458868278
54307722,,C=CC(=O)OCCCCCCCCF,,0,103.396545758,83.6368684639,99.414570726,0.09793492598720405,monomer,95.48266164929998
3053846,,CC(=CCCC(=CCCC(=CCCC(=CCCC(=CCCC(=CCCC(=CCCC(=CCCC(=CCCC(=CCOC(=O)C=C)C)C)C)C)C)C)C)C)C)C,,0,503.47890412,500.058055403,425.182301418,0.6490482141773236,monomer,476.239753647
86672979,,CC1=CC(=C(C=C1C)I)NC2=CC=CC(=C2)COC(=O)C=C,,0,222.487147129,213.32672788,159.785828061,0.24709180623508367,monomer,198.53323435666664
18353926,,C=CC(=O)OCC1COC(=O)O1,,2,287.545097263,259.504470136,246.088558327,0.34239845706475525,homopoly,264.379375242
11040716,,CC(=O)COC(=O)C=C,,1,120.438706577,112.173044405,101.011337897,0.12069556717165084,homopoly,111.20769629299998
86753069,,C=CC(=O)OCCCCCCOC1=CC=C(C=C1)C2=CC=C(C=C2)C3CCC(CC3)CCCOS(=O)(=O)C(F)(F)F,,1,524.989622483,511.601484316,818.515145998,0.8547677678962542,homopoly,618.3687509323333
21421562,,COCCOCCOCCOCCOCCOCCOCCOC(=O)C=C,,0,169.276463807,178.408111329,174.56789609,0.21170386033226293,monomer,174.08415707533334
18392,,COCCOC(=O)C=C,,1,133.10134115,101.525880577,103.492516391,0.12286507208701206,homopoly,112.70657937266668
10130166,,CC(C)(C)NCCOC(=O)C=C,,0,78.8183802282,82.8585968338,86.0563727093,0.0792562194998094,monomer,82.5777832571
22465159,,C=CC(=O)OCC(CN(F)F)N(F)F,,1,131.149342226,134.399865368,156.496404442,0.1633569108570677,homopoly,140.68187067866666
164109228,,C=CC(=O)OC1C(C(=O)C2(C1=O)CCCCC2)O,,0,117.647450181,90.0810602651,142.020038716,0.12847564150860907,monomer,116.5828497207
11836752,,C=CC(=O)O[C@H]1C[C@@H](C)CC[C@@H]1C(C)C,,0,139.359362846,109.836025194,89.0244350483,0.12291336022857674,monomer,112.73994102943334
53719424,,CC(=CCCC(=CCCC(=CCOC(=O)C=C)C)C)C,,1,353.891147669,315.275694997,284.207296787,0.4197077602640223,homopoly,317.7913798176667
13323808,,C=CC(=O)ON,,0,53.3632046796,35.8145581834,10.1319615361,0.007646056534925651,monomer,33.10324146636666
3016480,,C=CC(=O)OCC1=CC=CC=C1[N+](=O)[O-],,2,325.050596054,478.369398774,372.349337802,0.5270070934131416,homopoly,391.9231108766666
30581,,C=CC(=O)OC(=O)CC(C)=O,,1,160.01087289,113.09014875,116.840429601,0.14786756958396746,homopoly,129.980483747
293461,,C=CC(=O)OC1=CC=C(C=C1)Cl,,2,353.667914521,316.992085167,416.791923883,0.48439646427986427,homopoly,362.4839745236666
59266108,,C=CC(=O)OCCOCCOC1=CC2=CC=CC=C2C=C1,,2,587.479667763,630.841518405,665.297169571,0.8685240437790732,homopoly,627.8727852463334
21938748,,CC(CCC=C(C)C)CCOC(=O)C=C,,1,198.117969499,262.538039978,230.751415673,0.2933162976139887,homopoly,230.46914171666663
10197737,,C=CC(=O)OC(F)(F)F,,1,72.3695416871,72.8111625225,71.3101383787,0.06418260150135546,homopoly,72.1636141961
21881314,,C=CC(=O)OCC(OC1=CCCC1)OC2=CCCC2,,0,164.45204949,103.212023829,142.855493306,0.15779592292032543,monomer,136.83985554166668
2776196,,C=CC(=O)OCC(CC(C(C(C(F)(F)F)(C(F)(F)F)F)(F)F)(F)F)O,,2,392.175027104,441.514539737,385.130307343,0.5477777509730658,homopoly,406.2732913946667
59266108,,C=CC(=O)OCCOCCOC1=CC2=CC=CC=C2C=C1,,1,416.764923932,272.715130289,270.145316329,0.42272380084694666,homopoly,319.8751235166667
129845937,,CCOC(COCCOCCO)(O)OC(=O)C=C,,2,427.975469707,431.51719486,436.089015225,0.5848131312589404,homopoly,431.86055993066674
19768089,,CC(C#N)OC(=O)C=C,,0,63.815353567,52.517004283,48.7189553115,0.03936449672960645,monomer,55.01710438716666
67732070,,C=CC(=O)OCCCCCCCCCCCOC1=CC=C(C=C1)C2=CC=C(C=C2)C#N,,0,382.707836713,272.815746578,133.251468938,0.34029339863241725,monomer,262.9250174096667
20097428,,CC(C)(C)C1=CC(=CC(=C1COC(=O)C=C)C(C)(C)C)O,,0,134.831413873,152.362945585,207.45845979,0.1983878159965824,monomer,164.88427308266668
737020,,CC1(COC(=O)[C@H]1OC(=O)C=C)C,,0,91.9393056302,86.5953923769,64.746995277,0.0771084223030177,monomer,81.09389776136666
89438320,,CC1=C(C(=C(C=C1)OC(=O)C=C)C)C,,1,203.01891459,175.490830651,267.197786934,0.27126740361068646,homopoly,215.23584405833336
168059192,,CC(C)N(CC1=C(C(=CC(=C1)C=O)OC)OC(=O)C=C)C(C)C,,2,667.481402268,660.699842635,776.956825935,0.9754009837432763,homopoly,701.7126902793333
98055,,CCCCCCC(C)OC(=O)C=C,,0,101.644209636,100.269815041,86.1673450341,0.09872298751570932,monomer,96.02712323703332
71310572,,C=CC(=O)OCCC(=O)[O-],,0,112.964025759,51.2455616157,94.688036503,0.08464266310768584,monomer,86.29920795923333
870529,,C=CC(=O)OC1=CC=C(C=C1)N2CC3=CC=CC=C3C2=O,,1,342.427696419,272.03636132,412.668227481,0.4552939604064682,homopoly,342.3774284066667
175023,,CN(CCOC(=O)C=C)S(=O)(=O)CCC(C(C(C(C(C(C(C(C(C(C(C(C(C(C(C(F)(F)F)(F)F)(F)F)(F)F)(F)F)(F)F)(F)F)(F)F)(F)F)(F)F)(F)F)(F)F)(F)F)(F)F)(F)F)(F)F,,1,484.984115523,513.482300854,523.571174597,0.6940716449452773,homopoly,507.345863658
14496496,,CCOC(=O)CCOC(=O)C=C,,0,73.8697180901,50.1603516814,99.2484482214,0.0674574611516115,monomer,74.4261726643
129692971,,C=CC(=O)OC(CC)[N+](=O)[O-],,0,65.9350011686,80.0945942027,51.520366744,0.055044167279926136,monomer,65.84998737176666
106992,,CCCCCC(C)COC(=O)C=C,,2,381.079208775,379.281954535,385.330015116,0.5124952424943271,homopoly,381.8970594753334
105376,,CC(C)(COC(=O)C=C)COC(=O)C1=CC=CC=C1,,0,132.38960612,78.2983844385,198.104173914,0.15696250068490825,monomer,136.26405482416666
17257,,CCCCCCCOC(=O)C=C,,0,78.3632700856,78.0408780755,105.808201681,0.08624192377726841,monomer,87.40411661403334
251817,,CC1=CC=CC=C1OC(=O)C=C,,0,98.954798746,65.8673750319,104.928804037,0.08987909660814411,monomer,89.91699260496667
141485225,,C=CC(=O)OCC12CC3CC(CC(C3)C1)C2,,1,243.676104962,222.875453034,223.870295651,0.29284078749377446,homopoly,230.14061788233332
3023753,,CCCCCCCCCCCCCCCCCCCCCCCCCCCCCCCCCCOC(=O)C=C,,0,317.992826007,308.603695785,315.599183076,0.4143144846293868,monomer,314.065234956
82224,,C=CCOCCOC(=O)C=C,,2,305.803968591,290.039436657,273.527094351,0.37917840164942623,homopoly,289.790166533
92188,,CCC(C)OC(=O)C=C,,2,245.993990533,266.280384992,232.818136073,0.3192178195562308,homopoly,248.36417053266663
12577030,,C=CC(=O)OC1CC2CC1C3C2C=CC3,,2,423.725754641,423.645724408,412.81145504,0.5677342468011085,homopoly,420.0609780296666
21871648,,C=CC(=O)OC1=CC=CC=C1O,,2,333.812758206,236.039075248,415.195439608,0.43498914322216853,homopoly,328.34909102066666
86676520,,C=CC(=O)OC(CCC1=CC=CC=C1)CCC2=CC=CC=C2,,1,247.788085894,401.209487667,334.765695866,0.43436964811605405,homopoly,327.921089809
129651013,,C=CC(=O)OC1=CC=CC=C1C2=NC(=C(O2)C3=CC=CC=C3)CO,,1,500.043869796,434.176954424,267.217354504,0.5393915790184646,homopoly,400.479392908
69837073,,C=CC(=O)OC1=CC=NN1,,0,96.9204925582,42.1138992197,45.6026295377,0.04881404190262479,monomer,61.54567377186667
68915228,,CN(C)C1(CCC(=O)C(C1)COC(=O)C=C)C2=CC=CC=C2,,2,659.148023941,640.497186783,567.14742904,0.86040611605733,homopoly,622.2642132546666
136155102,,CC1=CC(=O)NC(=N1)NC(=O)NCCCCCCNC(=O)OCCOC(=O)C=C,,0,160.897124611,188.216586434,239.667051514,0.243801862063352,monomer,196.26025418633333
145793502,,CCCCC(CC)(C=O)OC(=O)C=C,,1,190.908960255,202.553501661,190.665272174,0.24155690863286036,homopoly,194.7092446966667
129851655,,C=CC(=O)OOC(N)=O,,1,102.718278481,90.7359562446,86.7451585059,0.0949201588300865,homopoly,93.39979774383332
29854,,CC1(CO1)COC(=O)C=C,,1,128.371147421,132.763269753,118.304234264,0.14280026844781527,homopoly,126.47955047933333
154704334,,C=CC(=O)OCCCC(C(F)(F)F)(C(F)(F)F)C(F)(F)F,,1,184.42688133,161.780731915,183.674319322,0.21538485767074741,homopoly,176.62731085566665
22709189,,CCCCC1=CC=CC=C1OC(=O)C=C,,2,367.73662942,547.620186874,471.003598418,0.6286112798694834,homopoly,462.1201382373333
82347,,C=CC(=O)OCCCCCCO,,1,150.492488681,173.632482928,168.113809333,0.19722311141493218,homopoly,164.07959364733333
17768051,,C=CC(=O)ON1C=CC=N1,,0,99.2550075097,56.431626235,34.2799607396,0.05138540884091925,monomer,63.32219816143333
155899493,,CCN1C2=CC=CC=C2C3=C1C=C(C=C3)COC(=O)C=C,,0,151.050686309,114.717580818,271.855829467,0.21912023083848955,monomer,179.20803219799998
86713021,,C=CC(=O)OCCSSCCO,,1,153.339740299,181.812006104,200.80324165,0.21831493360681667,homopoly,178.65166268433333
86676520,,C=CC(=O)OC(CCC1=CC=CC=C1)CCC2=CC=CC=C2,,0,96.9071436925,203.982880506,183.904868211,0.19363164765996724,monomer,161.59829746983334
3247070,,CC1=C(C(=C(C2=C1O[C@](CC2)(C)CCC[C@H](C)CCC[C@H](C)CCCC(C)C)C)OC(=O)C=C)C,,1,546.600556081,522.682709927,625.016989203,0.7771834637533842,homopoly,564.766751737
121494101,,C=CC(=O)OCC1CC[C@H]2O[C@H]2C1,,2,322.681209261,344.69404075,365.629933297,0.4581274661108545,homopoly,344.33506110266666
86815,,C=CC(=O)OC(C1=CC=CC=C1)C(=O)C2=CC=CC=C2,,0,149.966243694,148.692590999,145.094600044,0.17383031572999957,monomer,147.91781157900002
171714604,,C=CC(=O)OCBr,,0,65.2127760514,50.1446948683,28.2022594255,0.028995421429167133,monomer,47.8532434484
23074693,,C=CC(=O)OC1CC2CC1C=C2,,2,295.108799729,332.110878318,347.852736753,0.4301765588111477,homopoly,325.0241382666666
86280152,,C[C@H](CCC(=O)N[C@@H]1[C@H]([C@@H]([C@H](OC1O)CO)O)O)[C@H]2CC[C@@H]3[C@@]2([C@H](C[C@H]4[C@H]3[C@@H](C[C@H]5[C@@]4(CC[C@H](C5)OC(=O)C=C)C)O)O)C,,1,577.22168179,595.601716797,600.678979365,0.8153962274048915,homopoly,591.1674593173334
20195709,,CC(O)OC(C)OC(=O)C=C,,1,126.921457565,138.788855199,139.049801183,0.15501715138832803,homopoly,134.92003798233335
52991911,,C=CC(=O)OCCCCC(C(C(C(C(C(F)(F)F)(F)F)(F)F)(F)F)(F)F)(F)F,,1,212.534896444,252.725014756,239.227490047,0.29962701275474957,homopoly,234.829133749
15185261,,C=CC(=O)OCCCBr,,1,119.476346334,142.995440671,114.529096597,0.14162411504522357,homopoly,125.66696120066668
57614810,,CCOC1=CC=C(C=C1)N=NC2=CC=C(C=C2)OCCCCCCOC(=O)C=C,,1,505.904518537,660.305486122,372.870111788,0.7022941770616724,homopoly,513.0267054823333
5142305,,C=CC(=O)OC1=CC=C(C=C1)N2C(=O)C3=C(C2=O)C(=CC=C3)[N+](=O)[O-],,0,166.220375258,197.157937871,214.29987309,0.23844518586679833,monomer,192.55939540633332
3023751,,CCCCCCCCCCCCCCCCCCCCCCCCCCCCCCCOC(=O)C=C,,1,602.650433665,561.465293176,570.650685984,0.796707229825224,homopoly,578.2554709416668
112001,,C=CC(=O)OCC(CO)O,,0,82.6397156382,43.175281038,49.731204543,0.044427980674466856,monomer,58.5154004064
53860247,,CC(C)C1(CCCC1)OC(=O)C=C,,0,89.2953796318,93.7820162364,100.546509575,0.09657238823049438,monomer,94.5413018144
102596112,,CCCCCC(CCCCC)OC(=O)C=C,,0,120.404954468,123.282056798,114.976552372,0.13277688154268436,monomer,119.55452121266669
102466680,,C=CC(=O)OC[C@@H]1CCCN1CC2=CC=CC=C2,,2,580.635568691,402.580972203,530.412121805,0.6900145770585259,homopoly,504.5428875663333
18513443,,CCCCCCOCCOC(=O)C=C,,0,79.0468161862,107.867069648,99.1457818498,0.0977475739906454,monomer,95.35322256133334
21496847,,C=CC(=O)OCCN(CO)C(=O)N,,2,303.590174914,339.953461826,263.748169691,0.3974743498535691,homopoly,302.43060214366665
18372054,,C=CCCOC(=O)C=C,,1,134.604650337,108.32679739,125.897404327,0.13768134306779103,homopoly,122.94295068466666
614613,,CC1(C2CCC1(C(C2N(C3=CC=CC=C3)S(=O)(=O)C4=CC=CC=C4)OC(=O)C=C)C)C,,1,482.908532136,529.624489426,439.859683235,0.6604699751551801,homopoly,484.130901599
90778654,,CC1=CC=C(C=C1)N=NC2=CC(=C(C(=C2)C)OC(=O)C=C)C,,0,186.441507947,226.536627649,138.321553507,0.2257183138980768,monomer,183.76656303433333
21365444,,CC1CCC(CC1)C(C)(C)OC(=O)C=C,,0,108.309297684,101.467132385,124.636834785,0.12107680452654496,monomer,111.47108828466668
129822428,,C=CC(=O)OC1=CC=CC=C1C(=C(C2=CC=CC=C2)C3=CC=CC=C3)C4=CC=CC=C4,,0,274.485959513,325.207459847,230.405850998,0.3602311544121542,monomer,276.699756786
18533710,,C=CC(=O)OCCCOC1=CC=C(C=C1)C2=CC=C(C=C2)C#N,,1,366.208512537,417.483862365,352.201055112,0.5077681085308977,homopoly,378.631143338
181508,,C=CC(=O)ON1C(=O)CCC1=O,,2,321.840061932,295.927275881,252.743348291,0.37972850909511524,homopoly,290.1702287013333
11485348,,COC(=O)C1(C(C1(C#N)C#N)C2=CC=C(C=C2)OCCOC(=O)C=C)C#N,,0,129.032928759,244.064496643,184.67059298,0.22883909815744366,monomer,185.922672794
105448,,CN(CCOC(=O)C=C)S(=O)(=O)C(C(C(C(C(F)(F)F)(F)F)(F)F)(F)F)(F)F,,0,120.039251678,135.681467927,137.687359627,0.1495401186458275,monomer,131.13602641066666
22731403,,CCOC1CC2COC(=O)C2CC1OC(=O)C=C,,0,142.01910321,102.121480196,110.982338996,0.13106862320258292,monomer,118.37430746733332
18913838,,C=CC(=O)OC1=CC=CO1,,2,288.847186011,257.562139177,228.951102216,0.3338212250318729,homopoly,258.4534758013333
86740375,,COC(=O)COC(=O)C=C,,0,38.3546700855,53.505956134,83.4106562364,0.04429534021785055,monomer,58.42376081863333
57978544,,C=CC(=O)OC1CC2C3CCC(C3)C2C1,,2,412.275320365,478.470557627,388.703165725,0.5770295948072003,homopoly,426.4830145723333
22177432,,COC1=CC(=CC=C1)OC(=O)C=C,,1,164.784370492,184.491303649,207.339319264,0.22828279651544767,homopoly,185.538331135
137331643,,C=CC(=O)OP(OC(=O)C=C)OC(=O)C=C,,1,212.076865866,197.106045067,192.96556022,0.2502513999215124,homopoly,200.716157051
19706376,,C=CC(=O)OC1CCC(CC1)C2=C(C(=CC=C2)F)F,,2,526.192753789,555.022463302,501.301920948,0.723251300209096,homopoly,527.5057126796665
162073,,C[N+](C)(CCOC(=O)C=C)CC1=CC=CC=C1,,0,178.285322804,106.573090493,170.626295778,0.17949032076641666,monomer,151.82823635833333
20802233,,C=CC(=O)OCC12CC3CC(C1)CC(C3)C2,,1,240.841626223,210.433509575,232.940292276,0.2898463642973499,homopoly,228.071809358
99769778,,C=CC(=O)OC1(C(C(C(C(C1(F)F)(F)F)(F)F)(F)F)(F)F)C(F)(F)F,,2,375.252034965,350.777198771,367.692933677,0.48742167796959324,homopoly,364.5740558043333
543579,,CCCCCCCCCCCCCCCOC(=O)C=C,,1,306.665009733,326.635342812,290.950080668,0.4056564032461763,homopoly,308.08347773766667
68649062,,CC(C)C(OC(=O)C=C)OC12CC3CC(C1)CC(C3)C2,,0,132.457721423,155.791482486,135.155399369,0.16401258534327856,monomer,141.13486775933333
169406,,C=CC(=O)OCCOP(=O)(O)O,,0,59.3195822558,67.6783614782,76.1834650517,0.057761179566778224,monomer,67.7271362619
15185261,,C=CC(=O)OCCCBr,,0,59.9954245423,51.0798771719,75.3414340596,0.0496727033324549,monomer,62.1389119246
145994990,,C=CC(=O)OCCOC1=C2C=CC(=CC2=NC=C1)Cl,,1,408.282541007,180.343666523,257.249630097,0.36784289782784324,homopoly,281.95861254233336
23635602,,CCCCCCCC1=CC=C(C=C1)OC(=O)C=C,,1,267.511763289,316.03058453,280.889163408,0.376795480727547,homopoly,288.1438370756667
21895353,,CCCCC(CC)COC(=O)CCOC(=O)C=C,,2,527.78588963,464.942172309,518.140722056,0.6886830143557476,homopoly,503.62292799833335
13847850,,CC(C)CCCCCCCCCCCCCCCOC(=O)C=C,,1,381.419675649,363.917271075,331.446256567,0.47924911124922853,homopoly,358.9277344303334
173047,,CN(CCOC(=O)C=C)S(=O)(=O)CC(C(C(C(C(C(C(C(C(C(C(C(C(C(F)(F)F)(F)F)(F)F)(F)F)(F)F)(F)F)(F)F)(F)F)(F)F)(F)F)(F)F)(F)F)(F)F)(F)F,,1,476.58425156,436.93642035,437.041376412,0.6113395898360672,homopoly,450.18734944066665
129860702,,CCCCCCCCCCCCSC(=S)SC(C)C(=O)OCCOC(=O)C=C,,0,257.309201612,222.803613294,205.839489568,0.29068435758677375,monomer,228.650768158
14910871,,CC(=CCC/C(=C\COC(=O)C=C)/C)C,,0,129.817695283,123.819757227,96.0768025404,0.12845909557852941,monomer,116.57141835013331
71347199,,C=CC(=O)OCCC(C(F)(F)Br)(F)F,,1,154.940030876,145.791983717,134.634500624,0.16978386643936624,homopoly,145.122171739
3022435,,CCCCCCC(C)COC(=O)C=C,,0,114.649066411,80.1775416181,121.952448987,0.11256880255676435,monomer,105.59301900536666
23513520,,C=CC(=O)OCCC1=CC=CC2=CC=CC=C21,,1,228.602276681,287.525782609,279.032722758,0.34337433100987114,homopoly,265.053594016
129673036,,CCCCCC(O)(OC)OC(=O)C=C,,1,188.783709657,176.164815941,182.719855732,0.22396631154165894,homopoly,182.55612711
132848333,,CN(C1=CC=C(C=C1)OC(=O)C=C)C2=NS(=O)(=O)C3=CC=CC=C32,,1,347.371652166,353.157585059,425.93568852,0.5032191243275739,homopoly,375.4883085816667
21727128,,C=CC(=O)OCCC1CO1,,2,285.394384095,241.896580752,235.987555893,0.3279920499058381,homopoly,254.42617358000004
14910870,,CC(=CCC/C(=C/COC(=O)C=C)/C)C,,2,487.333897547,417.934254647,531.674602431,0.6530158151665542,homopoly,478.9809182083333
58231729,,C=CC(=O)OC1=C(C=C(C=C1)C2=CSC3=CC=CC=C32)C4=CSC5=CC=CC=C54,,1,589.396470909,349.612568219,607.807156592,0.7060266145092794,homopoly,515.6053985733333
129786785,,C=CC(=O)OC1=CSC1,,0,105.194987048,18.7167337602,78.3714896729,0.05732782452100373,monomer,67.42773682703334
91369,,CN(CCOC(=O)C=C)S(=O)(=O)C(C(C(C(C(C(C(C(F)(F)F)(F)F)(F)F)(F)F)(F)F)(F)F)(F)F)(F)F,,1,329.110560413,328.741523927,317.588033652,0.4303539651063773,homopoly,325.1467059973333
163201125,,CC(=O)N[C@H]1CCC2=CC(=C(C(=C2C3=CC=C(C(=O)C=C13)SC)OC)OC(=O)C=C)OC,,1,682.905151648,490.085594106,533.786825913,0.7832034128183525,homopoly,568.9258572223333
59245534,,CCCC1CCC(CC1)C2CCC(CC2)C3=CC(=C(C(=C3)F)OCCCCCCOC(=O)C=C)F,,0,211.11921268,285.276228621,291.780938951,0.34000455649068967,monomer,262.725460084
3050397,,CC(C)CCCCCCCCCOC(=O)C=C,,1,254.709324125,264.027994735,254.155131958,0.33263049676961826,homopoly,257.63081693933333
19779557,,C=CC(=O)OC1=CC=CS1,,2,262.000056641,321.979713404,298.711125727,0.3856051126148357,homopoly,294.2302985906667
69237271,,C=CC(=O)OC1=CC=CC2=C1N(C3=CC=CC=C23)CCO,,0,202.139355133,92.1191884965,216.744917706,0.20627653412706992,monomer,170.33448711183334
54002635,,C=CC(=O)OCCCOC1=CC2=CC=CC=C2C=C1,,2,470.750196581,623.528899466,664.927177413,0.8084987650240347,homopoly,586.4020911533333
118656,,C=CC(=O)OCCC(C(C(C(C(C(C(C(C(C(C(C(C(C(F)(F)F)(F)F)(F)F)(F)F)(F)F)(F)F)(F)F)(F)F)(F)F)(F)F)(F)F)(F)F)(F)F)(F)F,,0,179.727387381,196.976294445,164.736012279,0.2209611477335319,monomer,180.479898035
105447,,CN(CCOC(=O)C=C)S(=O)(=O)C(C(C(C(F)(F)F)(F)F)(F)F)(F)F,,2,556.462672334,451.09359203,501.299318603,0.6877117023201158,homopoly,502.95186098900007
19986209,,C=CC(=O)OC1=NNN=N1,,1,87.2867053847,113.932634893,126.777103827,0.11798087166261229,homopoly,109.3321480349
543296,,CCCCCCCCCCC(C)OC(=O)C=C,,1,249.867921348,265.72904683,253.639199201,0.3308664443672058,homopoly,256.412055793
67744,,C=CC(=O)OCC(C(F)(F)F)(F)F,,2,226.113386202,229.325472744,205.687240201,0.2787064221010453,homopoly,220.3753663823333
105447,,CN(CCOC(=O)C=C)S(=O)(=O)C(C(C(C(F)(F)F)(F)F)(F)F)(F)F,,1,205.366441477,279.059947961,283.68497117,0.33032375720420654,homopoly,256.0371202026667
101059,,C=CC(=O)OCC1=C(C(=C(C(=C1Br)Br)Br)Br)Br,,0,222.685610564,92.1100039193,159.966280681,0.1887910128489436,monomer,158.25396505476667
91809457,,CC(C)(C)OC(=O)CCOCCOCCOCCOCCOC(=O)C=C,,1,315.643711143,347.5047157,337.218811244,0.4423805890873768,homopoly,333.455746029
118012601,,COCCOCCOCCOCCOCCOCCOCCOCCOCCOCCOCCOCCOC(=O)C=C,,1,541.077176138,562.11840829,528.832583598,0.747138959043984,homopoly,544.009389342
5367501,,C=C/C=C/CCCCOC(=O)C=C,,0,73.2711386539,70.990944944,161.809966081,0.107402977113811,monomer,102.02401655963337
54156327,,CC(=O)NOC(=O)C=C,,2,195.598096727,201.423335153,248.733111041,0.2712900849538602,homopoly,215.251514307
139722226,,CCCCCCC(CCCCCC)OC(=O)C=C,,0,125.731725473,134.283401148,156.464295126,0.1606713829117066,monomer,138.82647391566664
18546000,,C=CC(=O)OC1=CC=C(C=C1)F,,1,194.134432989,150.304675904,152.497466111,0.19948966296635587,homopoly,165.64552500133334
19797972,,CCCCCCCCCCCCOC(=O)CCOC(=O)C=C,,0,162.505491842,156.90210572,154.994539185,0.1886174396807486,monomer,158.13404558233333
14746151,,C=CC(=O)OCCCCOC(=O)OC1=CC=C(C=C1)C(=O)C2=CC=CC=C2,,0,184.028827242,180.367187375,230.90137339,0.2469459478458018,monomer,198.432462669
2760316,,C=CC(=O)OCC(C(C(C(C(C(C(C(C(F)(F)F)(F)F)(F)F)(F)F)(F)F)(F)F)(F)F)(F)F)(F)F,,2,474.932461739,486.916733594,512.772424144,0.6711947920350773,homopoly,491.54053982566666
81215,,C=CC(=O)OC1=CC=C(C=C1)OC(=O)C=C,,2,298.13750305,529.147444686,532.142158115,0.6156167270691245,homopoly,453.1423686170001
20973,,CSCCOC(=O)C=C,,0,75.0754803625,43.0005310174,76.4578373772,0.05358897866989427,monomer,64.84461625236666
118536001,,C=CC(=O)OCC(C(C1=CC=CC=C1)C2=CC=CC=C2)(OC3=CC=CC=C3)OC4=CC=CC=C4,,0,264.974753855,292.111810973,219.328824714,0.3343302141529413,monomer,258.8051298473334
119058299,,C=CC(=O)OCCOCCOCCOCCOCCOCCOCCOCCOCCOCCOCCOCCNC(=O)OC(C)(C)C,,0,312.016416772,329.871570132,281.422062398,0.4052026948493669,monomer,307.770016434
118536003,,CCC(C(C1=CC=CC=C1)(C2=CC=CC=C2)C3=CC=CC=C3)OC(=O)C=C,,0,262.066908491,194.219304287,189.365053985,0.27124025715531247,monomer,215.217088921
57276811,,C=CC(=O)OCCNCCO,,0,59.8888416174,69.1302336907,82.489297483,0.061778702032855244,monomer,70.50279093036666
90375286,,CCCCCCCCCCSSCCOC(=O)C=C,,0,140.844252582,172.531109671,151.086138391,0.18382136648468336,monomer,154.82050021466668
71413787,,C=CC(=O)OCCCS(=O)(=O)C(C(C(C(F)(F)F)(F)F)(F)F)(F)F,,0,116.67308742,86.2110999583,141.610686256,0.1259408930157937,monomer,114.83162454476668
162071,,C[N+](C)(C)CCOC(=O)C=C,,0,90.6982375006,88.9926433037,67.0148568666,0.0787604259912639,monomer,82.2352458903
3023751,,CCCCCCCCCCCCCCCCCCCCCCCCCCCCCCCOC(=O)C=C,,0,279.637293381,317.966259739,270.579361634,0.378605425857521,monomer,289.394304918
44607791,,C=CC(=O)OCC1=CC(=CC=C1)I,,0,122.588045951,126.282543349,60.3594761994,0.10892662961175112,monomer,103.0766884998
18316,,CCCCCCCCCCCCCOC(=O)C=C,,0,147.120790043,119.735910545,145.023948565,0.15845260639234218,monomer,137.29354971766665
181750,,C=CC(=O)OCC(Cl)(Cl)Cl,,0,93.7936426858,70.4743059343,47.4552837025,0.061882365624326564,monomer,70.5744107742
2776307,,C=CC(=O)OCC(CC(C(C(C(C(C(C(C(F)(F)F)(F)F)(F)F)(F)F)(F)F)(F)F)(F)F)(F)F)O,,0,139.103382195,123.835131031,131.175833987,0.14988087278850162,monomer,131.371449071
15509192,,C=CC(=O)OC1(CCCC1)C2CCCCC2,,2,475.897945186,475.37855841,451.534818917,0.6365483733449708,homopoly,467.603774171
21216989,,CC(C)(C(=O)OCCOC(=O)C=C)Br,,2,361.159936125,397.903664732,360.561942117,0.499919317348851,homopoly,373.2085143246666
21909953,,C=CC(=O)OF,,2,136.264335879,127.676255023,110.258098763,0.14027213645027564,homopoly,124.732896555
29854,,CC1(CO1)COC(=O)C=C,,2,260.68453101,281.332845018,218.685619851,0.32674943267051704,homopoly,253.567665293
57062121,,CC=COC(=O)C=C,,2,169.217680449,277.988363685,247.209115955,0.2947674438758918,homopoly,231.47172002966667
71487920,,CC(C)C1=CC2=C(C=C1)C3(C(=O)C4=CC=CC=C4C3(O2)OC(=O)C=C)O,,0,226.28753258,187.286552904,172.478091531,0.2424853974171107,monomer,195.35072567166665
18464005,,C=CC(=O)OC1=CC=C(C=C1)C(=O)Cl,,1,306.432858524,205.290706553,120.844527945,0.26492799924258814,homopoly,210.8560310073333
22992681,,CC(CC1C2CC3CC(C2)CC1C3)OC(=O)C=C,,0,148.108394023,117.62158812,125.168625306,0.1483293701353679,monomer,130.29953581633333
75873,,CCCCCCCCCOC(=O)C=C,,0,83.327748652,120.240146292,109.521161413,0.1107884825580038,monomer,104.36301878566668
15685473,,C=CC(=O)OCCCC#N,,0,81.5304690902,44.720963074,60.6796231267,0.04992084781985164,monomer,62.31035176363333
54436609,,C=CC(=O)OCCCF,,2,226.701854212,225.280122071,202.664809246,0.2755803382116237,homopoly,218.21559517633327
88387,,CC(C)(CN(C)C)COC(=O)C=C,,1,192.65557084,168.984962956,190.740666773,0.2262401123121395,homopoly,184.1270668563333
21871639,,C=CC(=O)OCCC1=CC=C(C=C1)O,,2,337.702435362,441.462690613,379.763119679,0.5188817496221321,homopoly,386.309415218
118382728,,C=CC(=O)OCCCCCCCCCCCCCCC,,0,138.694828254,176.682419862,149.543275989,0.1840428322032607,monomer,154.97350803499998
543288,,CCCCCCCCCCC(CCCC)OC(=O)C=C,,1,315.155955815,293.121384891,315.955235557,0.4056477877774708,homopoly,308.077525421
118536010,,COC1=CC=C(C=C1)C(C2=CC=C(C=C2)OC)(C3=CC=C(C=C3)OC)C4=CC=C(C=C4)OCCOC(=O)C=C,,1,674.948823815,623.249682036,598.538663137,0.8748534967371917,homopoly,632.2457229959999
53967443,,CCCCC(CC)CC1=C(OC=C1)OC(=O)C=C,,1,308.70494855,252.840451399,232.059448166,0.34262363729635137,homopoly,264.53494937166664
168435105,,C=CC(=O)OCCCCCCCCCCCCCCCCCCl,,2,705.570705576,702.53261983,733.984539433,0.9932282047351851,homopoly,714.0292882796666
13262708,,C=CC(=O)OCC1=CC2=CC=CC=C2C=C1,,2,472.549405788,510.442143053,543.116393152,0.6960354731368062,homopoly,508.702647331
21872251,,C=CC(=O)OC1=C(C(=C(C=C1)Br)Br)Br,,2,336.473594341,642.508916476,457.273600602,0.6526845294176913,homopoly,478.7520371396667
154731038,,C[C@]12CC[C@@H](C([C@@H]1CC[C@@]3([C@@H]2CC=C4[C@]3(CC[C@@]5([C@H]4CC(CC5)(C)C)C(=O)O)C)C)(C)C)OC(=O)C=C,,1,519.808123622,583.369542698,560.353820504,0.762338411202643,homopoly,554.510495608
11217233,,C=CC(=O)OCO,,0,45.7665978317,22.2754116973,49.7392690003,0.016558054191371838,monomer,39.26042617643333
19911713,,C=CC(=O)OC1=C(C(=C(C=C1)Cl)Cl)Cl,,1,251.304744672,141.392256316,273.074787737,0.28094783472609464,homopoly,221.923929575
129875431,,C=CC(=O)ONCC1=CC=CN1,,1,128.83376004,185.632565792,145.364071044,0.18158699109665374,homopoly,153.27679895866666
18632887,,CCCCO[13C](=O)C=C,,1,115.287967711,140.360746265,117.949199224,0.13998227895315393,homopoly,124.53263773333332
129851994,,CC1(CC=C(C=C1)/C=C/COC(=O)C=C)O,,2,564.265737724,427.853790925,466.70823057,0.6635747052457687,homopoly,486.2759197396667
141485225,,C=CC(=O)OCC12CC3CC(CC(C3)C1)C2,,0,133.956030739,83.5060914835,128.469073625,0.12663387748844354,monomer,115.31039861583334
72203001,,COC1=CC=C(C=C1)NC2=NC=C3C(=N2)N(C(=O)C=N3)C4=CC=C(C=C4)OC(=O)C=C,,1,762.461026467,324.789164791,477.032798893,0.7144538442885106,homopoly,521.4276633836668
45094573,,CCC1(COC1)OCCOC(=O)C=C,,0,82.8331125052,85.6569845708,101.304818465,0.08990029530692564,monomer,89.93163851366667
23572123,,C=CC(=O)OC1CC2CC1C1CCCC21,,1,213.126638446,200.314109448,224.998420461,0.2677606255197117,homopoly,212.8130561183333
11451824,,C=CC(=O)OCCOCCOCCOCCOCCOCCOCCO,,2,649.90939098,671.619726815,628.090736277,0.9003678829232821,homopoly,649.8732846906668
3023752,,CCCCCCCCCCCCCCCCCCCCCCCCCCCCCCCCOC(=O)C=C,,0,308.406470766,327.690873824,264.215304741,0.3941071057505145,monomer,300.10421644366664
88025334,,C=CC(=O)OC(=C)C=O,,1,83.6036757451,135.71146985,128.288192337,0.12744063831832067,homopoly,115.8677793107
105238,,CN(CCOC(=O)C=C)S(=O)(=O)CC(C(C(C(C(C(C(C(F)(F)F)(F)F)(F)F)(F)F)(F)F)(F)F)(F)F)(F)F,,0,181.942439404,124.917938979,207.0736506,0.20769044937331746,monomer,171.31134299433333
57062121,,CC=COC(=O)C=C,,0,61.1608011977,72.9567511824,32.3770747557,0.04006085452742963,monomer,55.49820904526666
15458,,CC(C)(C)OC(=O)C=C,,0,51.5103644549,68.8944641885,65.3068556037,0.04933253609426073,monomer,61.90389474903333
122231558,,CC1(COC(OC1)OCCOC(=O)C=C)C,,1,217.374592946,201.230972084,190.400328321,0.25355991040888504,homopoly,203.0019644503333
57747549,,CC1=CC=C(C=C1)N(C2=CC=C(C=C2)C)C3=CC=C(C=C3)C4=CC=C(C=C4)CCOC(=O)C=C,,0,432.437794877,149.862327207,435.776932712,0.45092507017945,monomer,339.35901826533336
2778248,,CC(C(F)(F)F)(C(F)(F)F)OC(=O)C=C,,2,267.216136743,232.274594023,246.990135201,0.31988766091314275,homopoly,248.82695532233333
11451824,,C=CC(=O)OCCOCCOCCOCCOCCOCCOCCO,,0,163.005177803,177.727021789,150.380834911,0.19667997088894268,monomer,163.70434483433334
19862056,,C=CC(=O)OC1=CC=CC=C1N=NC2=CC=CC=C2,,0,187.304011514,118.579103106,127.322563282,0.1687413241090619,monomer,144.401892634
3022439,,CCCCCCCCCCC(C)COC(=O)C=C,,1,275.046375746,294.709973797,250.403801272,0.3554358129130036,homopoly,273.38671693833334
90375204,,CCCCCCCCCCCCSSCCOC(=O)C=C,,0,167.407004454,161.313303895,183.938680704,0.2070752789990252,monomer,170.88632968433333
94232,,C=CC(=O)OCC1CCCO1,,0,75.2761998338,43.1297979219,96.6180013145,0.06347489137022427,monomer,71.67466635673334
84902,,C=CC(=O)OC1=CC(=C(C=C1)C(=O)C2=CC=CC=C2)O,,1,305.905794332,295.369961806,337.716023773,0.41276868228341473,homopoly,312.99725997033335
543283,,CCCCCCCCCCCC(CC)OC(=O)C=C,,0,154.093240583,147.732348767,131.699053026,0.16889521536394714,monomer,144.50821412533332
129673021,,C=CC(=O)OOC(=O)C1=CC1=O,,0,119.128712824,52.7905739033,45.3426658026,0.06455464003931291,monomer,72.42065084330001
91997189,,CC1C2CC(C1(C)C)CC2C3CCCC(C3)OC(=O)C=C,,2,669.326110879,629.267139097,584.289930049,0.8681693424803052,homopoly,627.627726675
4443516,,C=CC(=O)OCC(COC1=CC=CC=C1)O,,1,202.106946719,240.765695655,205.705243169,0.272652267185699,homopoly,216.1926285143333
15208801,,C=CC(=O)OCCCN=C=O,,1,125.287873914,136.146411696,145.597525952,0.15611318064923002,homopoly,135.67727052066667
13782846,,CC(N(C)C)OC(=O)C=C,,2,248.261475345,278.620601105,271.195034287,0.34478137636504796,homopoly,266.025703579
155908502,,CCN(CC)CC1=C(C=CC(=C1)C)OC(=O)C=C,,1,292.730287074,328.197103846,223.307494563,0.36705118525408864,homopoly,281.41162849433334
17861479,,C=CC(=O)OC1(CC)CCCC1,,2,332.81333876,341.087548998,342.014945155,0.44988234230606183,homopoly,338.638610971
129773823,,C=CC(=O)OC1=CC=CC=C1C(=O)OCC2=CC=CC=C2,,2,738.403743217,437.218195326,672.553738491,0.8514239629017033,homopoly,616.0585590113333
107198,,CCCC(C)COC(=O)C=C,,2,298.552567019,325.032718842,315.40458384,0.4127677606616105,homopoly,312.99662323366664
13907995,,C=CC(=O)OCCOC1CC2CC1C3C2CC=C3,,0,128.667447893,103.341957873,145.665681115,0.14194939888436695,monomer,125.891695627
543288,,CCCCCCCCCCC(CCCC)OC(=O)C=C,,2,627.809959024,586.45347483,629.709612212,0.8493963134102896,homopoly,614.6576820220001
98055,,CCCCCCC(C)OC(=O)C=C,,1,181.184394248,187.741926242,200.823530273,0.23461999029823113,homopoly,189.916616921
66995440,,C=CC(=O)OC1=CC=CC2=C1CC3=CC=CC=C32,,2,643.354695105,647.049135808,505.231401982,0.8260746982034037,homopoly,598.5450776316667
129786647,,C=CC(=O)OC1C=CS1,,1,110.39177339,115.605607964,151.70027784,0.14196028938113506,homopoly,125.89921973133336
44577301,,C=CC(=O)OC[C@@H](CBr)Br,,1,149.006047128,125.731250578,170.244970727,0.17442319291519584,homopoly,148.327422811
69736699,,C=CC(=O)OC1=NC2=C(C=CC=C2O)C=C1,,1,332.495044761,181.33885805,246.924087024,0.3267759656846606,homopoly,253.58599661166664
10421594,,CC(C(C(OC(=O)C=C)(F)F)(F)F)(F)F,,2,249.1621826,242.565088281,267.907548734,0.3262340681108087,homopoly,253.2116065383333
3016441,,CCOCCOCCOCCOC(=O)C=C,,1,216.628235672,200.192543715,201.971326152,0.258281478473499,homopoly,206.26403517966665
20566720,,C=CC(=O)OCCCOC1=CC=C(C=C1)O,,2,529.94714989,419.483604556,371.71194334,0.5971455928836212,homopoly,440.380899262
129854601,,CCCCCCCCOC(=O)CCOC(=O)C=C,,1,248.89521049,252.250633149,242.978765902,0.3187508344393938,homopoly,248.04153651366667
129834454,,C=CC(=O)OCCOCCOC1=CC2=C(C=C1)C(=CC(=O)N2CC3=CC=CC=C3)C4=CC=CC=C4,,0,291.969801827,308.022354885,243.640749561,0.3667607474668329,monomer,281.21096875766665
54438140,,C=CC(=O)OCCC1NCCO1,,1,164.01471261,137.793161329,152.992389527,0.17916009529538282,homopoly,151.600087822
53767698,,CCCCCCCCCCCCCCCCCCON1C(CC(CC1(C)C)OC(=O)C=C)(C)C,,1,546.163052959,487.073714199,527.503710454,0.7127446830981219,homopoly,520.2468258706667
129883255,,C=CC(=O)OCC1=CC=C(C=C1)N=CC2=CC=C(C=C2)[N+](=O)[O-],,0,190.988503029,222.898133122,114.796149988,0.2148063037450331,monomer,176.22759537966667
129818296,,COC1=C(C(=C(C=C1)OC(=O)C=C)OC)OC,,0,165.800246347,84.7836213963,122.883202201,0.13991915081678055,monomer,124.48902331476668
129721473,,C=CC(=O)OCCOCC1=CC=C(C=C1)I,,2,616.710938105,348.348251807,511.998789585,0.6723702662066305,homopoly,492.3526598323333
67923,,C=CC(=O)OCC(C(C(F)(F)F)(F)F)(F)F,,2,270.369373504,235.750253493,269.728552006,0.3340565512570826,homopoly,258.61605966766666
15509192,,C=CC(=O)OC1(CCCC1)C2CCCCC2,,1,226.990221423,224.892997675,244.444737416,0.2956903135563043,homopoly,232.10931883800004
81766,,CCOCCOCCOC(=O)C=C,,0,101.538587108,79.3753926738,74.2614377256,0.08284680477248016,monomer,85.05847250246666
154732282,,C=CC(=O)N1CCC2(CC1)SCC(S2)COC(=O)C=C,,1,340.90085934,316.212814751,281.102968373,0.41239470058905403,homopoly,312.73888082133334
19989416,,C=CC(=O)ON1CCOCC1,,0,64.6495510959,58.1011489939,85.5380779061,0.060225339437197024,monomer,69.42959266529999
20607910,,C=CC(=O)OCCOC1=CC=C(C=C1)C2=CC=CC=C2,,1,304.110516316,308.9021521,344.191710804,0.4215557416296682,homopoly,319.06812640666664
223953,,CCC(C)(C)C1CCC(CC1)OC(=O)C=C,,2,474.302146467,478.069785919,463.986714009,0.6430845704530479,homopoly,472.11954879833337
58999836,,CC(CC(C(F)(F)F)(C(F)(F)F)O)COC(=O)C=C,,2,367.988795922,348.209300038,365.289625382,0.4815189069334298,homopoly,360.495907114
54542510,,C=CC(=O)OC12CC3CC(C1)CC(C3)C2O,,2,446.089153526,431.432609587,425.686196821,0.5884925937597044,homopoly,434.4026533113333
3051373,,C[C@]12CC[C@H]3[C@H]([C@@H]1CC[C@H]2C(=O)COC(=O)C=C)CCC4=CC(=O)CC[C@]34C,,0,168.577427783,204.319720661,250.007148916,0.2602654936577813,monomer,207.63476578666663
58231724,,C=CC(=O)OC1=CC=CC(=C1)C2=CC=CC3=C2SC4=CC=CC=C34,,0,299.64617309,77.9228837626,271.139046098,0.2727150933682271,monomer,216.2360343168667
154733041,,C=CC(=O)OCCO[N+](=O)[O-],,1,124.27402026,128.665683415,96.3204810171,0.12824001959063433,homopoly,116.42006156403332
5066485,,CCN(CCOC(=O)C=C)C1=CC=C(C=C1)N=NC2=CC=C(C=C2)[N+](=O)[O-],,1,548.72018796,427.172442477,504.700449029,0.6740758510435622,homopoly,493.5310264886666
33101,,C=CC(=O)OCCCO,,1,112.832309348,121.981852194,104.09316476,0.1232450609066088,homopoly,112.96910876733334
129673036,,CCCCCC(O)(OC)OC(=O)C=C,,0,80.0950032554,82.7206144331,113.592610211,0.09309102976407338,monomer,92.1360759665
53767698,,CCCCCCCCCCCCCCCCCCON1C(CC(CC1(C)C)OC(=O)C=C)(C)C,,0,277.332860155,243.244871712,259.914829499,0.3362973331882047,monomer,260.164187122
16541,,CCCCCCCCCCOC(=O)C=C,,0,114.081791231,94.2817741663,127.661904959,0.12185464766616014,monomer,112.00849011876666
23496545,,CCCCCC(C)OC(=O)C=C,,1,159.919691822,195.276727485,166.922909876,0.2116396230966288,homopoly,174.03977639433333
162085,,CN(CCOC(=O)C=C)S(=O)(=O)CCC(C(C(C(C(C(F)(F)F)(F)F)(F)F)(F)F)(F)F)(F)F,,1,324.339175648,324.152544256,296.048352622,0.41544557511190255,homopoly,314.846690842
109857,,CN(CCCCOC(=O)C=C)S(=O)(=O)C(C(C(C(C(F)(F)F)(F)F)(F)F)(F)F)(F)F,,1,299.648388589,295.069828603,304.439549694,0.393549907933224,homopoly,299.71925562866664
14671035,,C=CC(=O)OCCC(C(C(C(C(F)(F)F)(F)F)(F)F)(F)F)(F)F,,1,181.508675851,178.883199176,186.507471407,0.22359527415397792,homopoly,182.29978214466664
56835610,,CC(=O)NCCCCCOC(=O)C=C,,2,351.652455271,378.425069618,395.431974081,0.5027581581782348,homopoly,375.16983299
7294,,COC(=O)C=C,,2,151.941842959,143.084194842,147.603755322,0.17328819072199708,homopoly,147.54326437433335
129634875,,CCCCCCCCCCCC(OC(=O)C=C)S,,2,560.638966226,516.426992031,608.883801533,0.7731545880509091,homopoly,561.9832532633334
20230537,,CCNC(=O)OCCOC(=O)C=C,,0,106.986905754,55.1560516893,81.6727652163,0.07736607623453765,monomer,81.2719075532
58800674,,CC1=CC=C(C=C1)N(C2=CC=C(C=C2)C)C3=CC=C(C=C3)C4=CC=C(C=C4)OC(=O)C=C,,0,249.598722513,500.76187042,248.760897396,0.4417795513500232,monomer,333.0404967763333
85065,,C=CC(=O)OCCCS(=O)(=O)O,,2,302.467039568,294.712160081,296.66921611,0.3909882975528764,homopoly,297.9494719196667
24950966,,C=CC(=O)OCCOCCOCCOCCC(=O)ON1C(=O)CCC1=O,,2,665.015249238,654.209889819,597.170629235,0.8843382098095924,homopoly,638.7985894306667
23290047,,C=CC(=O)OCCOC1=CC=CC=C1C2=CC=CC=C2,,1,409.399928958,270.78973296,257.978228986,0.4123711793528112,homopoly,312.7226303013333
66603448,,CCC1C2CC3CC(C2)CC1(C3)OC(=O)C=C,,2,489.968657211,503.021111439,471.379812065,0.6662484759440365,homopoly,488.12319357166666
9989898,,C=CC(=O)OC1=CC=CC=C1Cl,,1,192.309289851,124.247194928,220.313053606,0.21875617803909544,homopoly,178.956512795
56835609,,CCN(CCCCCOC(=O)C=C)C(=O)C,,1,220.499551278,235.024344751,210.748098544,0.28118916977098013,homopoly,222.09066485766667
13878525,,C=CC(=O)OCCC(C(C(C(C(C(C(C(C(F)(F)F)(F)F)(F)F)(F)F)(F)F)(F)F)(F)F)(F)F)(F)F,,2,548.546836602,544.399232435,486.179861303,0.7216151392854955,homopoly,526.3753101133334
68422741,,C=CC(=O)ON1CCCC1,,0,88.6393360196,64.5936665515,44.2740199618,0.05502345015699104,monomer,65.83567417763332
14149717,,CC1(CC(CC(N1)(C)C)OC(=O)C=C)C,,2,420.907545669,427.284229634,423.404466962,0.5732408422396869,homopoly,423.86541408833335
131719389,,C=CC(=O)OC(=O)[C@H](CCCCN)NC(=O)C1=CC=C(C=C1)C(=O)C2=CC=CC=C2,,1,427.182981481,394.221968985,547.557856001,0.6202174304502992,homopoly,456.320935489
124202872,,CO[13C](=O)C=C,,2,153.030113097,140.327915627,148.737510472,0.17303042845078748,homopoly,147.365179732
106992,,CCCCCC(C)COC(=O)C=C,,1,179.318573686,203.49396093,191.667009755,0.23690193247012933,homopoly,191.493181457
3023752,,CCCCCCCCCCCCCCCCCCCCCCCCCCCCCCCCOC(=O)C=C,,1,648.306154082,609.982981359,534.811650428,0.8248518998510349,homopoly,597.7002619563333
18372054,,C=CCCOC(=O)C=C,,0,58.1396508764,76.5245135508,53.5161679269,0.05052358834623149,monomer,62.726777451366665
129714429,,CCCCC(OC(=O)C=C)F,,1,146.570481147,146.852960829,130.632287496,0.16432673514757098,homopoly,141.35190982400002
137530330,,CC(C)(C)N(CC1=C(C(=CC(=C1)C=O)OC)OC(=O)C=C)C(C)(C)C,,1,334.302341059,385.479554745,413.45481859,0.5064863190716895,homopoly,377.7455714646667
13774217,,C=CC(=O)OC1=CC=C(C=C1)Br,,0,168.721918002,45.2547359391,65.8652427613,0.09474767695838965,monomer,93.28063223413334
21872251,,C=CC(=O)OC1=C(C(=C(C=C1)Br)Br)Br,,0,209.807666035,147.536814426,16.4728699806,0.1400881511590924,monomer,124.60578348053332
39850,,C=CC(=O)OC1C=CC2C1C3CC2C=C3,,1,254.777021357,181.740112977,200.526109517,0.26708713178872756,homopoly,212.3477479503333
44717649,,C=CC(=O)OCCCCCC(C(C(C(C(C(F)(F)F)(F)F)(F)F)(F)F)(F)F)(F)F,,2,501.891034205,494.11258944,516.309570558,0.6893799010550424,homopoly,504.1043980676666
129762230,,CC(=O)OC1CC2CC1CC2OC(=O)C=C,,2,432.691318349,422.642679916,399.02383859,0.5649238036444548,homopoly,418.1192789516667
30581,,C=CC(=O)OC(=O)CC(C)=O,,0,74.8986267585,42.8451444928,80.1307959135,0.05520077995149799,monomer,65.95818905493333
14657507,,C=CC(=O)OCCOC1[C@@H]([C@H]([C@@H]([C@H](O1)CO)O)O)O,,1,211.902038127,200.810180611,232.050606596,0.2708116095235362,homopoly,214.920941778
22277953,,C=CC(=O)OC(C(C(C(C(C(C(C(C(C(F)(F)F)(F)F)(F)F)(F)F)(F)F)(F)F)(F)F)(F)F)(F)F)(F)F,,2,491.982285366,487.786083756,489.708899077,0.6687127893724797,homopoly,489.8257560663333
81530,,C=CC(=O)OCC,,0,29.1364757703,55.6468978185,52.0926242139,0.025770711243158113,monomer,45.6253326009
13323808,,C=CC(=O)ON,,1,55.7939789684,68.9449115255,74.9990874536,0.056099822469055725,homopoly,66.5793259825
77078233,,C=CC(=O)OCCOCCOCCOCCN=[N+]=[N-],,2,476.722157424,446.429996428,478.237486479,0.6358624522695222,homopoly,467.1298801103333
28803,,C=CC(=O)OCCOCCOCCOCCOC(=O)C=C,,2,576.75784768,495.746081182,516.268686415,0.7262693894338607,homopoly,529.590871759
86753069,,C=CC(=O)OCCCCCCOC1=CC=C(C=C1)C2=CC=C(C=C2)C3CCC(CC3)CCCOS(=O)(=O)C(F)(F)F,,0,378.751829381,251.611005186,311.543589679,0.41417491498586095,monomer,313.96880808199995
165746,,CC(C)CCCCCOC(=O)C=C,,2,374.850865204,387.950189324,387.407170886,0.5146745887413923,homopoly,383.4027418046667
102596112,,CCCCCC(CCCCC)OC(=O)C=C,,2,488.577821693,472.202237183,493.192103687,0.6612320184467099,homopoly,484.657387521
11451824,,C=CC(=O)OCCOCCOCCOCCOCCOCCOCCO,,1,319.282710682,313.650273506,354.349610992,0.4360676223439901,homopoly,329.09419839333333
21746034,,C=CC(=O)OC1=CN=CC=C1,,0,30.0191006451,76.671896205,124.617543763,0.07133171787457071,monomer,77.10284687103332
20802233,,C=CC(=O)OCC12CC3CC(C1)CC(C3)C2,,0,126.953022836,109.942435666,109.030058361,0.12663113754051072,monomer,115.308505621
54152724,,C=CC(=O)OCCOC1=CC=C(C=C1)C2=CC=C(C=C2)C#N,,1,501.758360944,440.393234425,151.910986902,0.48758591842252597,homopoly,364.6875274236666
53967443,,CCCCC(CC)CC1=C(OC=C1)OC(=O)C=C,,0,175.830268868,103.978871659,127.74167004,0.15636358285597754,monomer,135.850270189
3016446,,CCCCCCCCCCCCCCCCCCCCCOC(=O)C=C,,1,421.505965025,416.480337286,388.468265872,0.5514612729196857,homopoly,408.8181893943333
19756660,,C/C=C/C=C/OC(=O)C=C,,2,382.48057665,181.880519243,466.395244732,0.45704246370232154,homopoly,343.58544687499995
57008258,,C=CC(=O)OC1=CC=C(C=C1)N=NC2=CC=CC=C2,,1,210.186152033,528.353485082,227.839488793,0.4259822950428573,homopoly,322.12637530266664
13782846,,CC(N(C)C)OC(=O)C=C,,0,62.1766776411,51.1692986365,90.5106913245,0.058086972672590186,monomer,67.95222253403334
44145593,,C=CC(=O)OCC(CO)(CO)COCC(CO)(CO)CO,,0,144.077031491,120.604984944,112.650621148,0.14178417687220082,monomer,125.77754586100002
22228790,,C=CC(=O)OC12CC3CC(C1)CC(C3)(C2)O,,1,216.188453137,209.943471693,224.457406728,0.2736227324776498,homopoly,216.86311051933333
15748566,,CCCCCC(CC)OC(=O)C=C,,0,102.769276122,94.5475952749,91.310084357,0.09898621720935347,monomer,96.2089852513
13668398,,C=CC(=O)OCCOC(=O)CCS(=O)(=O)CCCl,,2,421.283160226,457.641417398,563.318376551,0.6555730101722019,homopoly,480.7476513916667
165365566,,CC(C)(C)C(CCC1=CC=C(C=C1)Cl)(CN2C=NC=N2)OC(=O)C=C,,0,194.592739652,233.449360955,131.82821048,0.22985339438439142,monomer,186.623437029
66647127,,C=CC(=O)OC1=CC=CC2=C1NC3=CC=CC=C23,,1,383.904892468,400.014243462,125.859604728,0.3986742246365212,homopoly,303.2595802193334
21727128,,C=CC(=O)OCCC1CO1,,0,69.475282005,36.7725309234,85.1463989027,0.052074193463983655,monomer,63.798070610366665
88543247,,CC(C)(C)OC(=O)NCCOCCOC(=O)C=C,,1,213.972751749,244.542912234,228.986761033,0.2914322465050606,homopoly,229.16747500533333
87722336,,CC(CN(C)C)(N(C)C)OC(=O)C=C,,0,94.825570887,85.5653030399,107.790192053,0.09877108811989449,monomer,96.06035532663331
3051368,,CC(=O)O[C@H]1CC[C@]2([C@@H](C1)CC[C@@H]3[C@@H]2CC[C@]4([C@@]3(CC[C@H]4C(=O)COC(=O)C=C)O)C)C,,1,417.409625651,450.327871927,468.745637353,0.6045469159624183,homopoly,445.4943783103333
21895353,,CCCCC(CC)COC(=O)CCOC(=O)C=C,,0,120.428731735,127.683947426,118.549985887,0.136636219664269,monomer,122.22088834933334
18426508,,CS(=O)(=O)CCOC(=O)C=C,,0,95.1677438151,69.1047885441,58.8389188356,0.06737685618991515,monomer,74.3704837316
12084305,,CC1(CC(CC(N1OCC(C)(C)O)(C)C)OC(=O)C=C)C,,2,542.562667524,595.537659636,608.781323268,0.8025524861780012,homopoly,582.2938834759999
77920,,CC(C)CCOC(=O)C=C,,1,142.565718646,134.655593886,141.304376862,0.16165864864722534,homopoly,139.50856313133332
88088085,,C=CC(=O)OC(C1=CC=C(C=C1)F)(C(F)(F)F)C(F)(F)F,,0,149.807592549,98.82911673,67.911507665,0.11245742881056695,monomer,105.51607231466666
18648933,,C=CC(=O)OCCOC1[C@@H]([C@H]([C@H]([C@H](O1)CO)O)O)O,,0,113.284667382,87.9115820786,121.592254514,0.11546818919381663,monomer,107.59616799153332
10986943,,C=CC(=O)OCCN1CCCC1=O,,1,163.480360899,179.387679439,151.155203228,0.19808406369923962,homopoly,164.674414522
21459496,,C=CC(=O)OC1=CC=C(C=C1)C2=C(C(=CC=C2)F)F,,2,757.752627245,713.06293997,275.016755316,0.8020462154174042,homopoly,581.9441075103333
15055442,,CC(C)(C(=O)C1=CC=C(C=C1)OCCOC(=O)C=C)O,,0,148.581526182,81.3024192232,211.621376601,0.17274566550256903,monomer,147.16844066873333
23593431,,CC(CC(C(F)(F)F)(C(F)(F)F)O)OC(=O)C=C,,1,150.593266253,174.357983745,169.732267773,0.1984026271577388,homopoly,164.89450592366666
132234056,,CCCCCCCC(=O)OC(C)COC(C)COC(=O)C=C,,2,577.812347525,629.363478323,611.986432244,0.8374258163573445,homopoly,606.3874193639999
22465159,,C=CC(=O)OCC(CN(F)F)N(F)F,,0,83.9477299148,48.0071989105,78.7708197253,0.06140110817431734,monomer,70.24191618353332
13351124,,C/C=C/1\CCCC\C1=C/CCOC(=O)C=C,,2,471.318285439,511.273327295,555.665588339,0.7018971438812022,homopoly,512.7524003576667
12716,,CC(C)OC(=O)C=C,,1,107.712975827,112.919159255,100.488868002,0.11466366760757651,homopoly,107.04033436133334
45091793,,C=CC(=O)OCC1=NNN=C1,,2,252.373399412,252.965340047,269.846366392,0.3337366373865429,homopoly,258.3950352836667
105236,,CN(CCOC(=O)C=C)S(=O)(=O)CC(C(C(C(C(C(C(C(C(C(C(C(F)(F)F)(F)F)(F)F)(F)F)(F)F)(F)F)(F)F)(F)F)(F)F)(F)F)(F)F)(F)F,,1,425.382059975,411.876554984,418.732202626,0.565711670238473,homopoly,418.66360586166667
20329016,,CC(C)(C)C1=CC(=CC(=C1O)C(C)(C)C)OC(=O)C=C,,0,154.223716724,128.372679367,188.511260015,0.1870279468018686,monomer,157.03588536866667
69099902,,CC(=O)OC[C@@H]1[C@H]([C@@H]([C@H]([C@@H](O1)OCCOC(=O)C=C)OC(=O)C)OC(=O)C)OC(=O)C,,1,368.474535813,349.179794586,370.87763391,0.48491755310964435,homopoly,362.843988103
14040031,,C=CC(=O)OCC(=C)CS(=O)(=O)C1=CC=CC=C1,,2,553.517035304,429.803832888,598.051071949,0.7226987749093187,homopoly,527.1239800469999
75588,,C=CC(=O)OCCCCO,,0,72.4119630137,49.2136407073,71.6514097618,0.052982591522383625,monomer,64.42567116093333
18615292,,C=CC(=O)OCC1=C2C=CC3=CC=CC4=C3C2=C(C=C4)C=C1,,0,205.538521127,226.078797323,150.869944514,0.24076542813656163,monomer,194.162420988
18469777,,COOC(=O)C=C,,1,77.2390967367,78.468828991,99.5667920583,0.08289471432269613,homopoly,85.09157259533333
543932,,C=CC(=O)OCCC1CC1=C,,2,327.925175211,313.068831837,310.902809084,0.41899499392710415,homopoly,317.2989387106666
39485,,C=CC(=O)OCCOC1=CC=CC=C1,,1,233.745361512,189.696863002,162.039908031,0.24221036723043007,homopoly,195.1607108483333
13759504,,CC1=CC=C(C=C1)OC(=O)C=C,,0,116.064859357,104.754584383,52.3838030767,0.0915447178675465,monomer,91.0677489389
21881314,,C=CC(=O)OCC(OC1=CCCC1)OC2=CCCC2,,1,285.795539231,249.219047528,266.721636017,0.3465467934862271,homopoly,267.245407592
91757807,,C=CC(=O)OCCOCCOCCOCCOCCOCCOCCOCCOCCOCCOCCOCCN,,0,266.975216272,254.724193853,263.368106715,0.33850461862695264,monomer,261.68917228000004
168059192,,CC(C)N(CC1=C(C(=CC(=C1)C=O)OC)OC(=O)C=C)C(C)C,,0,221.914609261,183.563143188,118.037215074,0.21231297876165053,monomer,174.50498917433333
13351124,,C/C=C/1\CCCC\C1=C/CCOC(=O)C=C,,0,131.431467091,101.561727485,158.030528303,0.14838973475932354,monomer,130.3412409596667
223953,,CCC(C)(C)C1CCC(CC1)OC(=O)C=C,,1,209.835801969,270.94494867,230.623318111,0.30296410741081714,homopoly,237.1346895833333
129721473,,C=CC(=O)OCCOCC1=CC=C(C=C1)I,,1,228.782207082,154.024056188,353.429900185,0.3149448843533372,homopoly,245.412054485
22613596,,C=CC(=O)OC1=CC=C(C=C1)C#N,,1,220.041913136,263.596329861,93.9231553964,0.23838883907428096,homopoly,192.52046613113336
85416,,C=CC(=O)OCCOC1=CC(=C(C=C1)C(=O)C2=CC=CC=C2)O,,1,456.990968912,275.987057499,292.853540135,0.45466640077111337,homopoly,341.9438555153333
13086546,,CC1(CCCCC1)OC(=O)C=C,,2,342.910529949,349.984890211,322.180127647,0.449476928725665,homopoly,338.3585159356667
3022442,,CCCCCCCCCCCCCC(C)COC(=O)C=C,,2,619.056204298,675.165215573,664.815669117,0.9049114299854308,homopoly,653.012362996
585841,,CC1(C2CCC1(C(C2OC(=O)C=C)OCC3=CC=CC=C3)C)C,,1,319.335062311,351.438216232,310.017773508,0.43293563806456337,homopoly,326.9303506836667
23635727,,CCCC(=O)NC1=CC=C(C=C1)OC(=O)C=C,,0,62.1925607644,116.033142303,222.850268579,0.15323965788033556,monomer,133.6919905488
133188422,,C=CC(=O)ON(OC(=O)C=C)OC(=O)C=C,,0,99.7186269398,82.0943528818,111.043807365,0.10102699014863492,monomer,97.6189290622
21216989,,CC(C)(C(=O)OCCOC(=O)C=C)Br,,1,172.351785338,196.458273042,192.01875093,0.23031584241972577,homopoly,186.94293643666663
23290045,,C=CC(=O)OCC(COC1=CC=CC=C1C2=CC=CC=C2)O,,1,266.154714891,414.99699554,246.373139922,0.4072362160584722,homopoly,309.1749501176667
129851994,,CC1(CC=C(C=C1)/C=C/COC(=O)C=C)O,,1,230.004742291,259.989141704,235.566066321,0.30979391623209346,homopoly,241.853316772
129818970,,C=CC(=O)OC(C(C(F)(F)F)(F)F)(OC(C(C(C(C(F)(F)F)(F)F)(F)F)(F)F)(F)F)F,,1,210.673465832,194.144399288,206.260616506,0.2545598750961757,homopoly,203.69282720866667
19756660,,C/C=C/C=C/OC(=O)C=C,,0,110.533534166,32.9071598109,124.269713879,0.08889457984446311,monomer,89.23680261863332
88654,,CCCCCCCCCCCOC(=O)C=C,,1,233.233883204,264.59383352,227.187042516,0.30953087709865723,homopoly,241.67158641333333
129883477,,C=CC(=O)OCCCN=CC1=CC=C(C=C1)[N+](=O)[O-],,1,223.222278288,233.357469078,369.478056002,0.35828126194021553,homopoly,275.35260112266667
3019605,,C=CC(=O)OCC1=C(C=CC=C1Cl)[N+](=O)[O-],,0,139.550113531,89.1536249075,97.1627360282,0.11695322210544146,monomer,108.62215815556668
54241943,,C=CC(=O)OCC=CCCl,,1,130.461945163,158.647955094,140.848051106,0.16717438874995075,homopoly,143.319317121
71309119,,CCCCOC(=O)[13CH]=C,,1,125.465835778,126.191411302,121.522933555,0.1397807349133801,homopoly,124.393393545
105238,,CN(CCOC(=O)C=C)S(=O)(=O)CC(C(C(C(C(C(C(C(F)(F)F)(F)F)(F)F)(F)F)(F)F)(F)F)(F)F)(F)F,,2,737.283053989,659.457003373,627.911146813,0.9365683678183062,homopoly,674.883734725
67859946,,C=CC(=O)OC1=C2C(=CC=C1)SC3=CC=CC=C3N2,,2,760.247802643,413.725161012,817.627680815,0.9206224160830582,homopoly,663.8668814900001
19989416,,C=CC(=O)ON1CCOCC1,,1,127.208553787,154.273731654,135.363802566,0.16084828891684214,homopoly,138.94869600233332
544477,,CC1(C2CCC1(C(C2OC(=O)C=C)OCC(C)(C)C)C)C,,1,287.155112414,300.652405481,323.520943509,0.3994219206646489,homopoly,303.7761538013333
129827076,,C=CC(=O)OCC1CCC(CC1)COCC2CO2,,1,241.556349003,232.261142241,264.740961326,0.31606532256901676,homopoly,246.18615085666667
3016548,,CCCCCCCCCCCCCCCCCCCCCCCCOC(=O)C=C,,1,420.143357462,463.912592202,497.194988101,0.6261461030762172,homopoly,460.416979255
18392,,COCCOC(=O)C=C,,0,62.0295664136,38.2183995344,69.8302147002,0.04178981681610049,monomer,56.69272688273333
175956,,C=CC(=O)OCCOC(=O)CCC(=O)O,,2,351.625178889,330.999125407,333.416892801,0.4499428269467226,homopoly,338.68039903233336
13668398,,C=CC(=O)OCCOC(=O)CCS(=O)(=O)CCCl,,0,119.441275775,117.875726619,120.315888304,0.13227961126639368,monomer,119.210963566
3247070,,CC1=C(C(=C(C2=C1O[C@](CC2)(C)CCC[C@H](C)CCC[C@H](C)CCCC(C)C)C)OC(=O)C=C)C,,0,330.088060942,221.107696108,321.846991933,0.3809501571646044,monomer,291.014249661
3023753,,CCCCCCCCCCCCCCCCCCCCCCCCCCCCCCCCCCOC(=O)C=C,,1,647.253585198,646.592750357,592.548429685,0.8698635821195853,homopoly,628.79825508
44607779,,C=CC(=O)OC1C[C@H]2C[C@@H]1[C@@H]3[C@H]2C=CC3,,1,199.431312503,214.124379959,215.60502239,0.2632840365282642,homopoly,209.720238284
4418430,,C=CC(=O)OCCOCCOC1=CC=CC=C1,,1,242.913866102,189.594393011,274.193318329,0.3006952895722664,homopoly,235.56719248066668
138113129,,C=CC(=O)OC1=C(OC2=CC=CC=C2C1=O)C3=CC=CC=C3,,1,328.023177329,390.26194749,382.923764519,0.4910338076138975,homopoly,367.06962977933335
11959825,,C=CC(=O)OC1CCOC1=O,,2,271.270549014,255.77190531,255.104794528,0.337095672672443,homopoly,260.71574961733336
102232917,,CC1(COC2=CSC=C2OC1)COC(=O)C=C,,2,513.92461614,501.043287015,443.210689115,0.6632615007212683,homopoly,486.0595307566666
129849674,,C=CC(=O)O[C@@]1([C@@H]([C@H]([C@H]([C@H](O1)CO)O)O)O)O,,0,99.5389723331,67.5903099582,106.035595661,0.09152620598558989,monomer,91.05495931743332
88025334,,C=CC(=O)OC(=C)C=O,,0,79.1518438757,26.475347804,64.085213971,0.04161334081968301,monomer,56.570801883566666
85617,,C=CC(=O)OC1CCCC1,,2,273.351274401,292.914241292,258.891424737,0.357846621284879,homopoly,275.0523134766667
13338025,,C=CC(=O)OC1=CC=CC=C1C2=CC=CC=C2,,0,161.507416141,65.2738090068,178.900944227,0.1554620168151213,monomer,135.2273897916
129681856,,C=CC(=O)OC1=C(C=CC(=C1)N)C(=N)N,,1,268.177638045,162.250796155,224.957028769,0.2759367289932411,homopoly,218.46182098966665
71347199,,C=CC(=O)OCCC(C(F)(F)Br)(F)F,,2,250.043782619,350.242988039,283.20961225,0.3859937371679042,homopoly,294.4987943026667
129858029,,C=CC(=O)ON=[N+]=[N-],,0,66.5977303414,32.6004177496,43.0925995816,0.028383173508685335,monomer,47.4302492242
87061321,,C/C=C/CCCOC(=O)C=C,,2,354.546577265,330.269669885,284.47520885,0.4273874111891087,homopoly,323.097152
68915228,,CN(C)C1(CCC(=O)C(C1)COC(=O)C=C)C2=CC=CC=C2,,1,269.679769448,302.77681644,372.191828269,0.41549784685659513,homopoly,314.88280471900003
21872246,,C=CC(=O)OCCOC1=CC=CC2=CC=CC=C21,,1,344.239781914,230.71936943,226.193641792,0.34626530533705835,homopoly,267.05093104533336
21884903,,CC(C)(C)C1(CCCCC1)OC(=O)C=C,,2,444.030460445,446.190174146,429.326467063,0.5963757632911144,homopoly,439.84903388466665
54542510,,C=CC(=O)OC12CC3CC(C1)CC(C3)C2O,,0,141.620727629,104.770275845,84.4320208322,0.1193446159341536,monomer,110.2743414354
21746034,,C=CC(=O)OC1=CN=CC=C1,,2,292.750360683,291.185118282,322.149228644,0.3968919591247254,homopoly,302.0282358696667
104367,,C=CC(=O)OCCC(C(C(C(C(C(C(C(C(C(F)(F)F)(C(F)(F)F)F)(F)F)(F)F)(F)F)(F)F)(F)F)(F)F)(F)F)(F)F,,2,572.581101531,596.164669545,622.60220708,0.8240062201577969,homopoly,597.1159927186667
23513520,,C=CC(=O)OCCC1=CC=CC2=CC=CC=C21,,2,391.674467676,582.412475898,636.313107796,0.7367040100628109,homopoly,536.8000171233334
87693,,CN(C)CCCOC(=O)C=C,,2,276.145652828,300.371061619,307.253709257,0.386125954030357,homopoly,294.59014123466665
21807586,,C=CC(=O)OC1=CC2=CC=CC=C2N1,,2,537.399943711,386.135069129,384.126683829,0.5906413946166857,homopoly,435.887232223
76340,,C=CC(=O)OCC(C(C(C(C(C(F)F)(F)F)(F)F)(F)F)(F)F)(F)F,,0,115.562211597,58.7402193977,107.71640643,0.09579798872309606,monomer,94.00627914156668
170900921,,C=CC(=O)OCCCCN1C=NC2=C(N=C(N=C21)N)N,,1,214.646134313,228.390445703,332.16891012,0.33374647222225123,homopoly,258.4018300453333
68649062,,CC(C)C(OC(=O)C=C)OC12CC3CC(C1)CC(C3)C2,,1,261.696990396,315.968076591,270.876848297,0.3691292042026945,homopoly,282.84730509466664
22400639,,C=CC(=O)OCC1=C2C=CC=NC2=C(C=C1)O,,0,169.477046168,66.9973390232,135.798183131,0.13934283787734184,monomer,124.0908561074
23362714,,C=CC(=O)OCCCC1=CC=NC=C1,,1,238.157139493,175.652283427,155.444550309,0.2343807435413127,homopoly,189.75132440966664
2776224,,C=CC(=O)OCC(CC(C(C(C(C(C(F)(F)F)(C(F)(F)F)F)(F)F)(F)F)(F)F)(F)F)O,,0,135.840095569,113.376179354,108.318959939,0.1322324951127969,monomer,119.17841162066668
3532725,,C=CC(=O)OCCSC,,2,262.466814323,255.866906419,265.041143928,0.33768796226626474,homopoly,261.12495489
89428483,,C=CC(=O)OC12CC3CC(CC(C3)C1C)C2,,0,134.88762229,115.172080374,98.8408315884,0.12806649851854948,monomer,116.30017808413334
121420658,,CCCCCCCCC(CCCCCCCC)OC(=O)C=C,,2,674.468196751,665.481442232,704.767864639,0.9462497845732091,homopoly,681.5725012073334
17050,,CCN(CC)CCOC(=O)C=C,,2,332.005581977,331.266565011,341.356960984,0.44443681966545795,homopoly,334.876369324
3465231,,C=CC(=O)OC1=C(C(=C(C(=C1Br)Br)Br)Br)Br,,0,149.942530158,108.138084856,198.242511429,0.17989483321653713,monomer,152.10770881433334
544477,,CC1(C2CCC1(C(C2OC(=O)C=C)OCC(C)(C)C)C)C,,0,147.345287266,166.863635545,147.752743074,0.18261526756324575,monomer,153.98722196166668
21867900,,C=CC(=O)OC(=O)O,,2,150.390630494,161.341543698,160.920288881,0.18777327207187702,homopoly,157.55082102433337
22999312,,C=CC(=O)OC1=CC=C(C2=CC=CC=C21)C=O,,1,349.093721171,154.217624756,320.713104246,0.3573002270591852,homopoly,274.67481672433337
11630244,,CC(C)CCCCCCCCCCOC(=O)C=C,,0,146.301950418,139.557823112,123.799665104,0.15738093571426764,monomer,136.5531462113333
69285273,,CC1=CC=C(C=C1)N(C2=CC=C(C=C2)C3=CC=C(C=C3)CCOC(=O)C=C)C4=C(C=C(C=C4C)C)C,,0,380.198742867,211.92248988,474.800049932,0.47449101603088906,monomer,355.64042755966665
20536718,,CC(CCOC(=O)C=C)OCCC#N,,2,362.901413408,379.430094584,338.688501947,0.4812932495308071,homopoly,360.34000331300007
68773183,,CCN(CC)C1=CC=C(C=C1)CCOC(=O)C=C,,0,113.98472923,152.82190585,157.308693175,0.16435548985931198,monomer,141.371776085
23067278,,C=CC(=O)OC1CCO1,,1,98.1034473068,120.611678541,103.921929554,0.11539511958005527,homopoly,107.54568513393332
3022438,,CCCCCCCCCC(C)COC(=O)C=C,,0,135.776444042,105.45154258,152.504933761,0.1496968452296343,monomer,131.2443067943333
129626459,,CC(C)(C)OC(=O)OC1=CC=C(C=C1)OCCCCCCOC(=O)C=C,,0,182.100700098,176.408561714,203.934823637,0.23109516705390729,monomer,187.48136181633333
83174,,CCCCC(C)(C)COC(=O)C=C,,2,368.971356675,378.546532076,405.78939422,0.5161697955599684,homopoly,384.4357609903333
543279,,CCCCCCCCCC(CC)OC(=O)C=C,,1,259.277132299,249.066652617,258.447292581,0.3296867582864034,homopoly,255.59702583233332
3023749,,CCCCCCCCCCCCCCCCCCCCCCCCCCCCOC(=O)C=C,,1,548.67542457,543.547647131,480.270125845,0.7184150350225131,homopoly,524.164399182
129762343,,C=CC(=O)OC12CCC(C1)CC2CC#N,,2,447.546960965,389.802063594,367.675659336,0.5411219653981642,homopoly,401.6748946316666
39485,,C=CC(=O)OCCOC1=CC=CC=C1,,0,102.067157031,68.5210622919,124.15850006,0.10193882849128583,monomer,98.24890646096668
59172001,,C=CC(=O)OCCCCCCCCCCCP(=O)(O)O,,2,619.933221115,548.789385104,568.152961211,0.7977248367230707,homopoly,578.9585224766666
85617,,C=CC(=O)OC1CCCC1,,1,133.881741128,148.302210417,128.833588731,0.1580361809938693,homopoly,137.00584675866665
86720804,,C=CC(=O)OCC1=C(C=CC(=C1)N)C2=C(C=C(C=C2)N)COC(=O)C=C,,1,402.747868206,370.109628085,438.242271338,0.5440530199060037,homopoly,403.699922543
67252608,,C=CC(=O)OC(C1=CC=CC2=CC=CC=C21)O,,2,426.431653929,426.237274812,653.087213017,0.6862163104003995,homopoly,501.91871391933336
23070318,,C=CC(=O)OC1=CC=C(C=C1)I,,2,388.632968561,647.812536631,192.764514167,0.5527906994665737,homopoly,409.73667311966665
129735866,,C=CC(=O)OC1=C2C=C3C=CC(=N3)C=C4C=CC(=N4)C=C5C=CC(=CC(=C1)N2)N5,,1,379.136729234,845.526396497,908.112724532,0.9887354234839086,homopoly,710.925283421
18362117,,CCC1=CC=C(C=C1)OC(=O)C=C,,2,308.263956716,441.045891205,483.794845675,0.5546697686249189,homopoly,411.0348978653333
86736832,,CCC(C)(NC1=CC=CC=C1)OOC(=O)C=C,,2,455.481886424,484.790372797,550.854474939,0.6791580387839679,homopoly,497.04224472
85486,,C=CC(=O)OCC([N+](=O)[O-])([N+](=O)[O-])F,,1,142.169944465,142.595395527,151.566615694,0.17024966391025143,homopoly,145.44398522866666
543284,,CCCCCCCCCCC(CCC)OC(=O)C=C,,1,304.307841946,262.990626808,310.890545928,0.38343308348069344,homopoly,292.72967156066665
23663682,,C=CC(=O)OCCCS(=O)(=O)[O-],,0,114.906533847,76.8573362425,85.5721752207,0.09353867518315859,monomer,92.44534843673334
11031110,,C[C@@H]1CC[C@H]([C@@H](C1)OC(=O)C=C)C(C)C,,1,215.881633442,225.878884179,218.016751238,0.27805564998512755,homopoly,219.92575628633332
543284,,CCCCCCCCCCC(CCC)OC(=O)C=C,,0,165.790482914,122.244097365,153.617900174,0.17281666525298334,monomer,147.21749348433335
19357572,,C=CC(=O)OCCOCCOP(=O)(O)O,,1,168.175227908,173.288588898,177.80728542,0.21026543488339608,homopoly,173.09036740866668
3465231,,C=CC(=O)OC1=C(C(=C(C(=C1Br)Br)Br)Br)Br,,2,644.277430467,556.948074421,634.649485242,0.84548923255425,homopoly,611.9583300433334
16541,,CCCCCCCCCCOC(=O)C=C,,1,225.941775783,217.898429697,229.146759079,0.28442895113190503,homopoly,224.3289881863333
58021564,,CCOP(=O)(COC(=O)C=C)OCC,,0,132.142612531,94.589976744,69.8774178203,0.10283781163093644,monomer,98.8700023651
15390035,,C=CC(=O)OCCCCCCOC1=CC=C(C=C1)O,,2,610.520837608,479.492254611,519.24062252,0.7361509353568625,homopoly,536.417904913
20224153,,C=CC(=O)OCCN=C=S,,2,287.201294927,274.75130462,259.775386018,0.35619224843105507,homopoly,273.9093285216666
564417,,C=CC(=O)OCCCCC=C1CC1,,1,187.147053373,202.552648213,179.54879485,0.23437810114500776,homopoly,189.749498812
129819794,,C=CC(=O)OCCCCCCCCCCCC[N+](=O)[O-],,1,266.737233116,272.747184653,293.174159004,0.3614659467101837,homopoly,277.5528589243333
87061321,,C/C=C/CCCOC(=O)C=C,,1,149.009792697,180.493449406,149.191662276,0.19068857753987997,homopoly,159.56496812633333
118382728,,C=CC(=O)OCCCCCCCCCCCCCCC,,1,287.170281347,326.602504369,314.632946879,0.40766121659827376,homopoly,309.46857753166665
44457109,,CC(=O)OCC([C@@H]1[C@@H]([C@H]2[C@@H](O1)OC(O2)(C)C)OC(=O)C=C)OC(=O)CCC(=O)N3CCN(CC3)C4=C(C=C5C(=C4)N(C=C(C5=O)C(=O)O)C6CC6)F,,0,389.138651158,397.519425654,271.033997934,0.4700381866214093,monomer,352.5640249153333
18546000,,C=CC(=O)OC1=CC=C(C=C1)F,,2,265.259649494,358.244835173,361.913383094,0.4351679445869968,homopoly,328.472622587
129721060,,C=CC(=O)OC1=C(C=CC2=C1NC3=CC=CC=C23)CCO,,0,140.617369786,158.922617001,230.569247565,0.21549452429440816,monomer,176.70307811733332
54376974,,CC(C)(C)C(OCCC#N)OC(=O)C=C,,1,210.587476308,175.218175248,200.261781716,0.24249275812567214,homopoly,195.35581109066663
543279,,CCCCCCCCCC(CC)OC(=O)C=C,,0,135.9090164,119.283806611,132.986746663,0.1470175120151586,monomer,129.39318989133335
124202873,,CO[13C](=O)[13CH]=[13CH2],,2,152.447170242,140.569284164,148.264919155,0.17263761676965142,homopoly,147.093791187
44145730,,CCC1(CCC2C(C1OC(=O)C=C)O2)O,,2,438.714888797,349.904300246,390.838312012,0.5287865294112443,homopoly,393.1525003516667
640210,,C=CC(=O)OCCCCCCOC1=CC=C(C=C1)C(=O)OC2=CC=C(C=C2)C#N,,1,439.551754639,356.015567425,562.020085788,0.6147291252928964,homopoly,452.5291359506666
54002635,,C=CC(=O)OCCCOC1=CC2=CC=CC=C2C=C1,,0,145.537231144,115.499877502,196.348445607,0.1804074243112617,monomer,152.46185141766668
134820730,,CC(C)OC1=CC=C(C=C1)C(=O)NC2=CC=C(C=C2)OC(=O)C=C,,1,284.746054589,390.534560214,553.579274132,0.5526217715303458,homopoly,409.6199629783334
18325639,,CCCNCCOC(=O)C=C,,1,155.01149848,165.626634815,132.490962631,0.1783538046554599,homopoly,151.04303197533332
125483581,,C=CC(=O)OCCOC(=O)C(Cl)Cl,,0,117.019966585,72.666558588,58.6613438256,0.07955270748749771,monomer,82.78262299953333
121005771,,CC1=CC=CC=C1N2CC3=C(C=CC(=C3)OC(=O)C=C)OC2,,1,413.970962393,276.879553401,324.396072675,0.4495594509632719,homopoly,338.41552948966665
132281623,,C=CC(=O)OC1CCC2C1C3CC2C(C3)OC=O,,2,485.256273158,475.420824553,447.810456049,0.6392869929118,homopoly,469.4958512533333
58805559,,CCCC(=O)CCOC(=O)C=C,,2,331.349514513,314.704977132,319.413000705,0.4255424578707836,homopoly,321.82249745
4200359,,C=CC(=O)OCCCCBr,,2,255.97505912,351.674941247,261.492525753,0.3790684109525818,homopoly,289.7141753733333
17827951,,C=COC(=O)C=C,,0,77.851919026,51.5382573337,18.2001361094,0.03094006226388623,monomer,49.19677082303334
13587852,,C=CC(=O)OC1=C(C(=CC(=C1F)F)F)F,,0,127.661424061,68.1074189666,58.950686571,0.08262685186834498,monomer,84.9065098662
568158,,C=CC(=O)OCCCC,,2,283.464573987,246.684864822,223.46479411,0.3233293068683608,homopoly,251.2047443063333
16627,,C=CC(=O)OCCCl,,1,116.023361269,83.7880146098,114.37212428,0.11131652045497781,homopoly,104.72783338626664
45094573,,CCC1(COC1)OCCOC(=O)C=C,,1,182.417051091,166.241103475,190.076729059,0.21965615387708756,homopoly,179.57829454166668
54361431,,CC(C)(C1=CC=CC=C1)C2=CC=C(C=C2)OCCOC(=O)C=C,,2,774.857095738,657.924280149,654.501527604,0.9667863751169369,homopoly,695.7609678303334
69199120,,CC1CCC(CC1)(C(C)C)OC(=O)C=C,,1,218.689045126,222.714705831,215.15919431,0.2765048305945637,homopoly,218.854315089
13847847,,CC(C)CCCCCCCCCCCCOC(=O)C=C,,1,287.28321134,307.108531457,322.810498238,0.40225585168837197,homopoly,305.734080345
68648646,,C=CC(=O)OC(OCC12CC3CC(CC(C3)C1)C2)C(C)C,,2,582.496765435,617.417024037,611.212604046,0.8335487410584168,homopoly,603.7087978393334
174079,,C=CC(=O)OCCC(C(C(C(C(C(C(C(C(C(C(C(C(C(C(C(C(C(F)(F)F)(F)F)(F)F)(F)F)(F)F)(F)F)(F)F)(F)F)(F)F)(F)F)(F)F)(F)F)(F)F)(F)F)(F)F)(F)F)(F)F)(F)F,,1,458.613753957,446.019050441,396.195659827,0.587344554995199,homopoly,433.609488075
145740231,,CC(=O)NC1=CC=C(C=C1)C(=O)C=CC2=CC=C(C=C2)OC(=O)C=C,,0,225.404014202,376.729444542,85.7624456175,0.2916220890586561,monomer,229.29863478716663
21918123,,CCCCCCCCCC1=CC=C(C=C1)OC(=O)C=C,,2,601.809721121,585.260705138,744.897686336,0.8918514214730773,homopoly,643.9893708650001
129854619,,CCCCCCCCCCCCCCOC(=O)CCOC(=O)C=C,,0,174.108805468,174.485193436,175.065627196,0.21238277239623712,monomer,174.55320870000003
132281623,,C=CC(=O)OC1CCC2C1C3CC2C(C3)OC=O,,0,124.551190116,105.248521296,129.513364452,0.1330902526534823,monomer,119.771025288
23437533,,C=CC(=O)OC1=CC=C(C=C1)S(=O)(=O)C2=CC=C(C=C2)O,,0,152.876069379,128.178420178,206.003581204,0.1947235666193856,monomer,162.35269025366668
23132660,,CC(C)CC1(OCC(O1)COC(=O)C=C)C,,2,421.913389841,471.904465791,392.737920754,0.5804583904810614,homopoly,428.85192546200005
6455702,,C=CC(=O)OCCN,,0,60.1347987835,44.2353649496,46.7954808792,0.032665057976570745,monomer,50.388548204100005
86815,,C=CC(=O)OC(C1=CC=CC=C1)C(=O)C2=CC=CC=C2,,2,594.389480703,563.198300535,614.836889433,0.814876264401513,homopoly,590.808223557
19779557,,C=CC(=O)OC1=CC=CS1,,0,141.965869958,67.1854270285,30.6020018983,0.0754060727120773,monomer,79.91776629493334
22065604,,COCCCOC(=O)C=C,,2,259.193101577,252.796485899,270.214300019,0.33712299920112176,homopoly,260.734629165
2775973,,C=CC(=O)OC1=C(C(=C(C(=C1F)F)F)F)F,,1,195.799700855,107.809402552,209.095064221,0.20709707637198493,homopoly,170.90138920933336
129721294,,C=CC(=O)OC1=CC=C(C=C1)C2C(CC2(C#N)C#N)(C#N)C#N,,0,127.72638588,141.790169741,211.955035321,0.19202824955489922,monomer,160.490530314
107300,,C=CC(=O)OCC1CCC=CO1,,2,353.16897298,326.568171461,276.741708745,0.4212056960260811,homopoly,318.82628439533335
129807973,,CC(C(F)F)([N+](=O)[O-])OC(=O)C=C,,1,142.702637823,139.002121917,110.71948092,0.14906544461535975,homopoly,130.80808022
11058231,,C=CC(=O)OCCOCCOCCOCCOCCOCCOC(=O)C=C,,1,322.268967057,360.803422639,355.487592133,0.4608074978532972,homopoly,346.1866606096667
13932176,,CCCCCCC(COC(=O)C=C)O,,0,89.1227881539,106.419674802,93.7437775852,0.09930430330200393,monomer,96.42874684703334
3019605,,C=CC(=O)OCC1=C(C=CC=C1Cl)[N+](=O)[O-],,1,219.2290721,219.18920509,201.447075567,0.26844871878780896,homopoly,213.288450919
11630244,,CC(C)CCCCCCCCCCOC(=O)C=C,,1,264.114477699,315.845220508,249.114262535,0.35973647178661455,homopoly,276.357986914
57931572,,C=CC(=O)OC1C2=CC=CC=C2C3=CC=CC=C13,,2,565.911457084,426.360988806,704.201935302,0.778232417485751,homopoly,565.4914603973333
141170139,,C=CC(=O)OCCC(C1=CC=CC=C1)C2=CC=CC=C2,,1,259.144842413,391.164756477,262.401380478,0.40008894612272977,homopoly,304.23699312266666
87149,,C=CC(=O)OCCC(C(C(C(C(C(F)(F)F)(F)F)(F)F)(F)F)(F)F)(F)F,,0,81.263636018,104.757141942,115.030559186,0.10498062661685201,monomer,100.35044571533336
18366398,,C=CC(=O)OI,,2,201.398545599,226.821523109,182.597089635,0.25443379407076466,homopoly,203.60571944766664
174079,,C=CC(=O)OCCC(C(C(C(C(C(C(C(C(C(C(C(C(C(C(C(C(C(F)(F)F)(F)F)(F)F)(F)F)(F)F)(F)F)(F)F)(F)F)(F)F)(F)F)(F)F)(F)F)(F)F)(F)F)(F)F)(F)F)(F)F)(F)F,,0,179.67693024,274.098999724,206.106860814,0.27810656129925965,monomer,219.9609302593333
57747549,,CC1=CC=C(C=C1)N(C2=CC=C(C=C2)C)C3=CC=C(C=C3)C4=CC=C(C=C4)CCOC(=O)C=C,,1,481.683544887,585.875529664,886.778063354,0.9026438377329399,homopoly,651.445712635
124202872,,CO[13C](=O)C=C,,0,48.7001552204,32.1168975548,31.0298529062,0.013694888669933937,monomer,37.2823018938
3022440,,CCCCCCCCCCCC(C)COC(=O)C=C,,2,589.888686551,566.761386753,592.586454493,0.8036886472961087,homopoly,583.078842599
99770076,,C=CC(=O)OC(C#N)(C(F)(F)Cl)C(F)(F)Cl,,1,170.807882835,157.590513489,150.667181662,0.19086741697556608,homopoly,159.68852599533332
163826037,,C=CC(=O)OC1CC2=CC=CC=C2C1,,0,114.034168599,85.6839393043,112.08485156,0.11016797751431187,monomer,103.9343198211
119747,,C=CC(=O)OCCC(C(C(C(C(C(C(C(F)(F)F)(F)F)(F)F)(F)F)(F)F)(F)F)(F)F)(F)F,,1,211.820798784,275.62397351,230.337611654,0.3060414624452652,homopoly,239.2607946493333
5062351,,C=CC(=O)OCC(O)COC(=O)C=C,,0,91.4397577471,97.7239648977,70.1765957279,0.08485625056622628,monomer,86.4467727909
10520851,,C=CC(=O)OCCOCCOCCOCCOCCOCCO,,1,276.664623694,289.735130639,290.777650172,0.373295581279434,homopoly,285.72580150166664
54152861,,C=CC(=O)OCCOCCOCCC#N,,0,96.109072472,75.6938427396,104.547419812,0.09306309810381841,monomer,92.1167783412
117666949,,CCC1=C(N=C(C(=N1)C(=O)N)NC2=CC=C(C=C2)N3CCN([C@@H](C3)COC(=O)C=C)C)OC4=CC=CC(=C4)NC(=O)C=C,,0,404.253494034,326.425604762,357.233277592,0.4846186196219153,monomer,362.637458796
15012035,,CN1C(=O)C[C@H](C1=O)OC(=O)C=C,,2,345.950854012,369.125047066,249.805343438,0.42525961002344614,homopoly,321.62708150533336
125483581,,C=CC(=O)OCCOC(=O)C(Cl)Cl,,1,183.581556204,139.831408087,173.74687662,0.19959738239407282,homopoly,165.71994697033332
24627,,C=CC(=O)OCCOCCC#N,,1,159.749946548,126.992714815,153.44594859,0.17211038951823013,homopoly,146.72953665100002
53426370,,C=CC(=O)OCCCCOC(=O)CCl,,0,111.225015851,60.1387786393,106.95561184,0.09401311880846475,monomer,92.77313544343332
23176933,,C=CC(=O)OCC1C(C(C(C(C1(F)F)(F)F)(F)F)(F)F)(F)F,,1,168.421822072,182.021281933,184.018318394,0.21759433080781157,homopoly,178.15380746633332
129829186,,C=CC(=O)OOC(=O)CCCCCCCCC(=O)OOC(=O)C=C,,2,620.249567556,603.896843115,631.14920118,0.8548591282351613,homopoly,618.4318706170001
22728782,,C=CC(=O)OCCN1CCOC1=O,,0,54.6228017496,77.7835820864,97.5467960395,0.07067779500311175,monomer,76.6510599585
86736825,,CCC(C)(NS(=O)(=O)C)OOC(=O)C=C,,1,220.357583117,186.239191011,224.146024661,0.26404734687234577,homopoly,210.24759959633332
132281623,,C=CC(=O)OC1CCC2C1C3CC2C(C3)OC=O,,1,247.818438668,257.041886694,204.04996731,0.30176093163003637,homopoly,236.30343089066665
155432394,,CC(C)(CCOC(C)(C)CC(=O)ON1C(=O)CCC1=O)OC(=O)C=C,,0,160.431080049,151.794313709,167.359099729,0.19111777889401696,monomer,159.861497829
100982165,,CCN(CCOC(=O)C=C)C1=CC=C(C=C1)C=O,,1,292.433710018,264.467659296,271.944129751,0.35962624554816924,homopoly,276.28183302166667
15722986,,C=CC(=O)OCCI,,2,217.810538338,231.098089128,288.760975277,0.3156364778968619,homopoly,245.889867581
121494101,,C=CC(=O)OCC1CC[C@H]2O[C@H]2C1,,0,109.225026861,72.2490787769,85.739999663,0.08865512802704315,monomer,89.07136843363334
155643744,,CCCCCCCCSSCCOC(=O)C=C,,1,273.858530869,282.234097015,268.903455842,0.3577690125163386,homopoly,274.99869457533333
2776419,,C=CC(=O)OCC(C(C(C(C(C(C(C(C(C(F)F)(F)F)(F)F)(F)F)(F)F)(F)F)(F)F)(F)F)(F)F)(F)F,,1,299.372191431,253.776385009,235.750049548,0.3403530194441174,homopoly,262.96620866266665
18533710,,C=CC(=O)OCCCOC1=CC=C(C=C1)C2=CC=C(C=C2)C#N,,0,223.270153813,148.540708378,205.879849338,0.23845122897137846,monomer,192.56357050966668
171714604,,C=CC(=O)OCBr,,2,207.360363957,177.625219857,196.990557592,0.24051882657315507,homopoly,193.9920471353333
129718202,,C=CC(=O)OC1=C(C(=C(C(=C1C2CCC2)C#N)C#N)C#N)C#N,,0,139.175526242,180.764716053,209.26974355,0.21506066255595033,monomer,176.40332861499996
3022435,,CCCCCCC(C)COC(=O)C=C,,1,218.038132785,205.76947094,199.002540666,0.26022006753753385,homopoly,207.60338146366664
100973,,CNC(=O)CCOC(=O)C=C,,1,147.718078969,120.510683744,146.452229392,0.15980369193985805,homopoly,138.22699736833334
80995,,C=CC(=O)OCCN1CC1,,1,131.925587502,126.452736433,134.879897731,0.14946781664743697,homopoly,131.08607388866668
91179,,C=CC(=O)OCC(CC(C(C(C(C(C(C(C(F)(F)F)(C(F)(F)F)F)(F)F)(F)F)(F)F)(F)F)(F)F)(F)F)O,,2,653.998262187,529.621459234,510.826327068,0.7772538048488169,homopoly,564.8153494963334
129696010,,C=CC(=O)OC1=CC=CC=C1C(C(C(O)(F)F)(F)F)(F)F,,1,215.192923603,210.298022203,219.234668058,0.2707936560513435,homopoly,214.90853795466668
169439624,,CCC(COC(=O)C=C)C(C)C,,1,173.469571445,178.156365848,164.269280624,0.20863666705811315,homopoly,171.965072639
129721440,,COC(=O)C(COC(=O)C=C)C(=O)OC,,2,351.387229467,357.257646782,341.41056231,0.46635372762451277,homopoly,350.01847951966664
21318160,,CCC(C)(C)C1=CC=C(C=C1)OC(=O)C=C,,0,96.8971850616,121.936434735,169.244484335,0.14696855778695966,monomer,129.35936804386668
53430979,,C=CC(=O)OCCNCS(=O)(=O)C(C(C(C(C(C(C(C(F)(F)F)(F)F)(F)F)(F)F)(F)F)(F)F)(F)F)(F)F,,2,603.310932475,654.685465182,637.738859373,0.874370102813826,homopoly,631.9117523433333
17827951,,C=COC(=O)C=C,,1,108.469651925,108.471451136,64.568895507,0.09555248849791437,homopoly,93.83666618933331
18648933,,C=CC(=O)OCCOC1[C@@H]([C@H]([C@H]([C@H](O1)CO)O)O)O,,2,429.857346473,404.182612754,459.234974419,0.5837001920821789,homopoly,431.0916445486667
87193678,,C=CC(=O)OCCCCCCS(=O)(=O)O,,1,208.475858536,186.911814583,202.748292071,0.2483154803185014,homopoly,199.37865506333333
909765,,CC1=CC(=O)OC2=C1C=CC(=C2CN3CCOCC3)OC(=O)C=C,,0,175.232833459,244.782928174,129.949537783,0.22507450895998085,monomer,183.321766472
132277090,,CCN(CC)CC1=C(C(=CC(=C1)C=O)OC)OC(=O)C=C,,1,326.960597485,291.003273948,327.936890349,0.4161020688414041,homopoly,315.30025392733336
19067483,,C=CC(=O)OCC1=CC=C(C=C1)[N+](=O)[O-],,1,156.05184089,203.065189715,231.462282676,0.24466961145284474,homopoly,196.85977109366664
139024549,,CCC(CC(C)C)COC(=O)C=C,,2,402.178349921,375.404786292,370.230026856,0.5135190395193165,homopoly,382.6043876896667
81765,,CCCCOCCOCCOC(=O)C=C,,1,191.172323269,207.564903723,203.058553443,0.2500812367165048,homopoly,200.59859347833333
82655,,C=CC(=O)OCC#C,,1,110.96305362,97.3659967306,99.8336614814,0.10841166193142387,homopoly,102.720903944
81804,,C=CC(=O)OCCOC1=C(C=C(C=C1Br)Br)Br,,2,681.411297521,423.432949578,621.000082908,0.7924025795178287,homopoly,575.2814433356667
86705072,,CC1(/C(=C/CCOC(=O)C=C)/OC(=O)O1)C,,0,109.355132413,58.009146752,136.273421014,0.10622847296082208,monomer,101.21256672633336
19033442,,C=CC(=O)OCCCCCCOC1=CC=CC=C1,,0,163.862240661,73.4553026005,158.887532427,0.15088958960477955,monomer,132.0683585628333
13338025,,C=CC(=O)OC1=CC=CC=C1C2=CC=CC=C2,,2,553.368883717,623.805746963,439.632920852,0.7397954460093975,homopoly,538.9358505106667
85065,,C=CC(=O)OCCCS(=O)(=O)O,,1,134.091400786,165.507195228,150.823695785,0.17704784892124034,homopoly,150.14076393300002
129854601,,CCCCCCCCOC(=O)CCOC(=O)C=C,,2,510.339111491,478.713965493,506.714932502,0.6813973216584178,homopoly,498.5893364953333
9815589,,C=CC(=O)OCCCCOCC1CO1,,0,97.4146668673,71.1823669554,107.140269887,0.09276732799187787,monomer,91.9124345699
129883477,,C=CC(=O)OCCCN=CC1=CC=C(C=C1)[N+](=O)[O-],,2,604.949676106,552.530183854,455.125230621,0.7377678785463334,homopoly,537.5350301936666
4065231,,C=CC(=O)OCC1=C2C=CC=CC2=CC3=CC=CC=C31,,2,866.187338805,654.733394041,583.379619756,0.9749968086043915,homopoly,701.4334508673334
23132660,,CC(C)CC1(OCC(O1)COC(=O)C=C)C,,0,97.0228698845,106.257192794,122.313345918,0.11682147561686099,monomer,108.53113619883334
21403530,,CCC(=O)OCCOC(=O)C=C,,2,277.48001159,313.659423258,295.815844049,0.38766255575948455,homopoly,295.6517596323334
19911713,,C=CC(=O)OC1=C(C(=C(C=C1)Cl)Cl)Cl,,0,183.167682366,129.017936118,28.3430832125,0.1240273282574853,monomer,113.50956723216666
3664250,,C=CC(=O)OC1=CC2=CC=CC=C2C=C1,,1,227.053453733,277.881356975,215.8981543,0.30751328073764544,homopoly,240.27765500266665
20226493,,C=CC(=O)OCC1=CC(=CC=C1)C2=CC=CC=C2,,2,605.890013065,450.002545327,550.032610321,0.7345450069020073,homopoly,535.308389571
18628414,,C=CC(=O)OOOC(=O)C=C,,1,144.792214567,114.011018686,114.306143618,0.1397465741181169,homopoly,124.36979229033334
102246,,CCCN(CCOC(=O)C=C)S(=O)(=O)C(C(C(C(C(C(C(C(F)(F)F)(F)F)(F)F)(F)F)(F)F)(F)F)(F)F)(F)F,,0,160.705921959,191.529995987,187.749774272,0.22025963332288326,monomer,179.99523073933332
164511035,,C[C@H]1CCC([C@H](C1)OC(=O)C=C)C(=C)C,,1,211.471947063,213.890286713,231.744862494,0.2767673679224629,homopoly,219.03569875666665
10176402,,C=CC(=O)OCCN1CCCCC1,,0,92.098953619,85.2780410316,95.0826901378,0.09118597041148935,monomer,90.81989492946668
13049939,,C=CC(=O)OC1=CC=CC(=C1)[N+](=O)[O-],,1,101.677015542,238.606349539,224.674294279,0.2323078947240448,homopoly,188.31921978666665
53719424,,CC(=CCCC(=CCCC(=CCOC(=O)C=C)C)C)C,,2,713.540956802,594.113518762,615.606007513,0.8876502387620491,homopoly,641.0868276923334
28860,,CC(COC(=O)C=C)([N+](=O)[O-])[N+](=O)[O-],,2,287.62965672,318.236747673,331.399501386,0.41193599727427643,homopoly,312.42196859300003
110651,,CCC(COC(=O)C=C)[N+](=O)[O-],,2,277.144794931,290.287461234,296.333803505,0.3764744193444786,homopoly,287.92201988999994
88540130,,CCCCCCCCCCCCCCCC(=O)OC[C@H](COP(=O)([O-])OCC[N+](C)(C)C)OC(=O)CCCCCCCCCCCCCCCOC(=O)C=C,,0,404.367127734,362.995380787,442.308862411,0.5433638592687117,monomer,403.2237903106666
58800711,,C=CC(=O)OCC1=CC=C(C=C1)N(C2=CC=CC=C2)C3=CC=CC=C3,,1,379.838220532,418.859034242,486.411747076,0.5797603630609884,homopoly,428.3696672833333
15321490,,CC1(CCCC1)OC(=O)C=C,,2,283.59059741,335.140801084,300.371092093,0.4031726678606722,homopoly,306.3674968623333
129824099,,CC(C)(C(=O)OC12CC3CC(C1)CC(C3)(C2)OC(=O)C=C)Br,,0,171.48428423,148.088737519,147.452277379,0.1850583260777937,monomer,155.67509970933332
54500825,,CCCCCCCC(=O)OCCCCCCOC(=O)C=C,,0,142.212730365,151.696229974,153.824047627,0.175750346228815,monomer,149.24433598866668
11970919,,CCC1(COC(OC1)(C)C)COC(=O)C=C,,2,406.504328463,422.885481823,459.421049066,0.5815464036480329,homopoly,429.6036197840001
14473597,,C=CC(=O)OC1CCCCC1Cl,,1,167.336722117,169.041079186,169.54498152,0.20382525175649077,homopoly,168.64092760766664
133550465,,C[C@@]12CCC3C([C@H]1CC[C@H]2C(=O)COC(=O)C=C)CCC4=CC(=O)CC[C@@]34C,,0,189.215595481,198.390135339,229.014026697,0.2572333825556035,monomer,205.53991917233336
105239,,CN(CCOC(=O)C=C)S(=O)(=O)CC(C(C(C(C(C(F)(F)F)(F)F)(F)F)(F)F)(F)F)(F)F,,1,313.940375389,284.896943787,292.928673324,0.38998358776651376,homopoly,297.2553308333333
167312788,,C=CC(=O)OCCOCCNC(=O)CCCN1C(=O)C=CC1=O,,0,170.151511751,95.2312920662,164.664963731,0.1672177224957943,monomer,143.3492558494
107516,,C=CC(=O)OCC(C(C(C(C(C(C(C(F)F)(F)F)(F)F)(F)F)(F)F)(F)F)(F)F)(F)F,,0,128.961914426,81.7760481476,130.300949525,0.12427349021417608,monomer,113.6796373662
13835,,C=CCOC(=O)C=C,,2,190.021830919,220.357073125,237.332387122,0.27223416013295865,homopoly,215.903763722
71685931,,C=CC(=O)OCC(C(F)(F)F)(OC(C(C(C(C(F)(F)F)(F)F)(F)F)(F)F)(F)F)F,,1,192.781584754,187.447165638,236.82581115,0.25744316308757714,homopoly,205.68485384733333
106569,,CN(CCOC(=O)C=C)S(=O)(=O)C(C(C(C(C(C(C(F)(F)F)(F)F)(F)F)(F)F)(F)F)(F)F)(F)F,,0,132.142773164,180.663762239,155.532222703,0.1856920325461973,monomer,156.11291936866667
4616638,,CCCCC(CC)COCCOCCOC(=O)C=C,,1,264.04836444,275.43243862,264.341772335,0.3475533990766387,homopoly,267.940858465
12860205,,C=CC(=O)OCC1CCC2C(C1)O2,,0,75.0781251276,89.6220094778,90.9509480999,0.08307629965412675,monomer,85.21702756843335
97687,,C=CC(=O)OC1=CC=C(C=C1)[N+](=O)[O-],,2,220.746703097,478.482720385,475.130336724,0.5263270149502935,homopoly,391.453253402
23635599,,CCCCC1=CC=C(C=C1)OC(=O)C=C,,2,353.958314958,528.182109449,528.402034016,0.6402784257610228,homopoly,470.1808194743333
90778654,,CC1=CC=C(C=C1)N=NC2=CC(=C(C(=C2)C)OC(=O)C=C)C,,1,373.613478414,391.728214813,294.1156309,0.4708898690643498,homopoly,353.1524413756667
75096,,C=CC(=O)OC(C(F)(F)F)C(F)(F)F,,2,224.824543608,225.216402746,209.258746781,0.2778252333291676,homopoly,219.76656437833333
118677,,C=CC(=O)OCCC(C(C(C(C(C(C(C(C(C(C(C(F)(F)F)(F)F)(F)F)(F)F)(F)F)(F)F)(F)F)(F)F)(F)F)(F)F)(F)F)(F)F,,2,740.984046313,621.235808296,553.572149248,0.8840469107022277,homopoly,638.597334619
15722986,,C=CC(=O)OCCI,,0,41.0668113174,77.5300212472,65.387115653,0.048498952772720545,monomer,61.3279827392
87837975,,CC(C)(OC(=O)C=C)F,,1,115.534668645,108.563127273,95.4116783338,0.11388615094197113,homopoly,106.50315808393331
58165347,,CC(COC(C)COC(C)COC(=O)C=C)OC,,0,94.497769287,116.633500178,152.870304143,0.13535231899680455,monomer,121.33385786933331
19023869,,COCCOCCOCCOCCOCCOC(=O)C=C,,1,292.177542317,239.480432943,270.799093582,0.346894581138829,homopoly,267.485689614
18362117,,CCC1=CC=C(C=C1)OC(=O)C=C,,1,140.343110243,249.479623176,200.619995887,0.24460371358325958,homopoly,196.814243102
543884,,CCCCC(CC)CCC(CC)OC(=O)C=C,,2,503.845194678,552.73991844,497.53273266,0.7095494522600398,homopoly,518.039281926
54311286,,C=CC(=O)OC(CSCC1=CC=CC=C1)CSCC2=CC=CC=C2,,1,382.462602981,426.30255056,361.212969559,0.5242130001064519,homopoly,389.9927077
62012,,CCCCCCCCC(C)OC(=O)C=C,,0,129.642168059,86.1635661653,122.607157023,0.12300651010478175,monomer,112.80429708243334
3083883,,C=CC(=O)OC(C(C(C(C(C(C(C(C(C(CF)(F)F)(F)F)(F)F)(F)F)(F)F)(F)F)(F)F)(F)F)(F)F)F,,1,281.047042623,248.431023085,254.653713352,0.3380531518557418,homopoly,261.3772596866667
20963,,C=CC(=O)OCCBr,,2,227.878636416,250.370006483,229.404082658,0.30115419139027605,homopoly,235.8842418523333
58231724,,C=CC(=O)OC1=CC=CC(=C1)C2=CC=CC3=C2SC4=CC=CC=C34,,1,470.067356408,360.219156483,472.210839105,0.588149745711648,homopoly,434.16578399866665
53829200,,C=CC(=O)ON1CCCCC1,,0,65.166225853,81.8321824984,78.9460949565,0.06874372297408343,monomer,75.31483443596666
21895357,,CCCCOC(=O)CCOC(=O)C=C,,0,78.0489385151,98.1378756323,97.8681155795,0.09195563056315603,monomer,91.3516432423
15621063,,C=CC(=O)OCC1=CC=C(C=C1)CC2=CC=CC=C2,,1,289.695386684,315.343602708,244.643607928,0.3696795507279478,homopoly,283.22753244
129695637,,COC(COCCOCCO)(O)OC(=O)C=C,,0,116.902143817,104.184436914,74.9331638702,0.10255302682468634,monomer,98.6732482004
129712170,,C=CC(=O)ON1C=CN=C1,,1,134.115459337,114.168714144,118.709263199,0.13679580753589174,homopoly,122.33114556
129883305,,COC1=CC=C(C=C1)C=NCCCOC(=O)C=C,,1,335.749044405,312.333491502,198.547530877,0.36820679186903915,homopoly,282.21002226133334
129721440,,COC(=O)C(COC(=O)C=C)C(=O)OC,,1,182.069556314,158.488859887,174.218485002,0.20809711116237842,homopoly,171.592300401
86736827,,CCC(C)(NC(=O)NCC)OOC(=O)C=C,,2,433.00607994,431.824969227,397.183989805,0.5686181851155877,homopoly,420.6716796573333
53430979,,C=CC(=O)OCCNCS(=O)(=O)C(C(C(C(C(C(C(C(F)(F)F)(F)F)(F)F)(F)F)(F)F)(F)F)(F)F)(F)F,,0,174.348322984,160.531375904,135.291442699,0.18657610527625973,monomer,156.7237138623333
174625,,CCC1(COC(OC1)C(C)(C)COC(=O)C=C)COC(=O)C=C,,1,334.692019745,266.063809282,316.994019663,0.4025200567522021,homopoly,305.91661623
11566095,,C=CC(=O)Oc1c(C)cc(C)cc1C,,0,82.8580636274,140.285374902,109.055517954,0.12000846393807368,monomer,110.73298549446666
105449,,CN(CCOC(=O)C=C)S(=O)(=O)C(C(C(C(C(C(F)(F)F)(F)F)(F)F)(F)F)(F)F)(F)F,,1,275.648029528,310.132367594,294.386047174,0.38438713683005094,homopoly,293.38881476533334
23635727,,CCCC(=O)NC1=CC=C(C=C1)OC(=O)C=C,,1,253.388325071,285.97042936,250.489838479,0.340811351370218,homopoly,263.2828643033334
10192585,,CC(C)(CO)COC(=O)C=C,,0,89.1405734011,51.3191558852,77.5049944569,0.06489370709137582,monomer,72.6549079144
14793980,,C=CC(=O)OCC1CC2CC1C3C2CCC3,,0,129.765784338,100.948432154,113.204125441,0.12566273292516802,monomer,114.63944731099998
129673021,,C=CC(=O)OOC(=O)C1=CC1=O,,1,113.881627948,140.165104704,171.698740806,0.16514198839248365,homopoly,141.91515781933333
140773107,,CC1=C(CC(CC1=O)C(=C)C)OC(=O)C=C,,0,119.642437141,98.0772741244,148.279054506,0.1363159072121889,monomer,121.99958859046669
15321490,,CC1(CCCC1)OC(=O)C=C,,1,136.702531153,167.848605113,159.356185716,0.18355399109752404,homopoly,154.635773994
155509,,C=CC(=O)OC[C@@H]1CCCN2[C@@H]1CCCC2,,0,120.623221904,127.36822969,92.8758327834,0.12419068473726091,monomer,113.6224281258
22457115,,CC(=O)OOC(=O)C=C,,1,90.7343562218,140.201621458,84.5983116972,0.11196823769880573,homopoly,105.178096459
551273,,C=CC(=O)OCCC(C)C,,1,162.853173077,131.872322024,129.440743426,0.1643800526124813,homopoly,141.38874617566668
86705072,,CC1(/C(=C/CCOC(=O)C=C)/OC(=O)O1)C,,2,419.453877225,403.314984924,445.720550396,0.5717418855742946,homopoly,422.8298041816667
85617,,C=CC(=O)OC1CCCC1,,0,58.7799488712,70.7699749406,80.1560185037,0.060909080772985645,monomer,69.90198077183334
129808889,,C=CC(=O)OCC([N+](=O)[O-])[N+](=O)[O-],,0,77.2955308306,41.0691279809,92.5250660954,0.06148022208605199,monomer,70.29657496896667
88157728,,C=CC(=O)OC(=O)[C@H](CO)N,,1,135.786151193,106.927751438,130.465316042,0.13978027079417127,homopoly,124.39307289100002
75588,,C=CC(=O)OCCCCO,,2,259.685338483,243.909765073,272.733245149,0.33428821943339077,homopoly,258.776116235
70139719,,C=CC(=O)OC1C=CC2=CC=CC=C2O1,,0,111.499879988,68.4756914653,155.304111269,0.12149482641887549,monomer,111.75989424076666
10866703,,C=CC(=O)OCC1=CCCCC1,,2,368.733033064,333.473876352,353.302777901,0.46898524697617905,homopoly,351.83656243900003
87837975,,CC(C)(OC(=O)C=C)F,,2,220.99667885,230.369450518,190.933989311,0.2696234238525757,homopoly,214.10003955966667
7234,,C=CC(=O)OCC1CC2CC1C=C2,,0,86.1538962,90.5789122472,94.4446331704,0.09056732467910447,monomer,90.3924805392
80995,,C=CC(=O)OCCN1CC1,,0,78.0352571455,40.2730652398,80.4097156176,0.05560773055670657,monomer,66.23934600096666
44574020,,C=CC(=O)OC1=CC=C(C=C1)C(C2=CC=CC=C2)OC(=O)C=C,,2,733.499696774,680.249719323,680.859815573,0.9703211193567222,homopoly,698.2030772233334
89438320,,CC1=C(C(=C(C=C1)OC(=O)C=C)C)C,,2,569.217179855,387.454300383,377.472105664,0.6034181503308627,homopoly,444.714528634
57596650,,CC1=CC=C(C=C1)N(C2=CC=C(C=C2)C)C3=CC=C(C=C3)C=CC4=CC=CC=C4OC(=O)C=C,,0,314.477338952,201.710870685,490.999457085,0.4456712512364648,monomer,335.7292222406667
90375286,,CCCCCCCCCCSSCCOC(=O)C=C,,2,556.752681403,610.365681722,682.862777879,0.8522950477360396,homopoly,616.6603803346667
103492,,CCCC(C)OC(=O)C=C,,2,280.916112902,273.304348477,290.358365982,0.3672171273935038,homopoly,281.526275787
10421594,,CC(C(C(OC(=O)C=C)(F)F)(F)F)(F)F,,1,118.948660115,122.006205714,140.709267574,0.14387399997667005,homopoly,127.221377801
170992186,,CC1CCC(C(=O)C1)C(C)(C)OC(=O)C=C,,0,131.371060914,90.5459139274,113.676049494,0.12164600480386306,monomer,111.86434144513332
4443516,,C=CC(=O)OCC(COC1=CC=CC=C1)O,,0,122.5248316,104.83864054,93.0301676974,0.11431273560134722,monomer,106.7978799458
86676520,,C=CC(=O)OC(CCC1=CC=CC=C1)CCC2=CC=CC=C2,,2,619.837604527,693.798285488,649.589789729,0.9069323054752876,homopoly,654.4085599146666
90558,,C=CC(=O)OCCC(=O)O,,0,77.3792848573,44.2156965798,52.2970540551,0.04362989292405416,monomer,57.96401183073333
57428991,,C=CC(=O)OCCC(=O)Cl,,1,126.452840832,106.059687864,142.3914614,0.14061242377769043,homopoly,124.96799669866668
21981399,,C=CC(=O)OCCCN,,0,61.7602978697,44.654272092,69.5106567744,0.04461084966830119,monomer,58.641742245366665
10176402,,C=CC(=O)OCCN1CCCCC1,,2,372.407114661,362.891569374,347.08246732,0.481949961414603,homopoly,360.7937171183333
134767817,,C[C@H]1CC[C@@H]([C@H](C1)OC(=O)C=C)C(C)(C)C2=CC=C(C=C2)OC,,2,679.890302905,706.146636713,692.257987204,0.9624499329071631,homopoly,692.7649756073333
223954,,CCCCN(CCCC)CCCOC(=O)C=C,,2,510.281089037,495.818048252,493.905048127,0.6834411556365632,homopoly,500.0013951386666
21884879,,C=CC(=O)OC1=CC=CC=C1C(=O)C2=CC=CC=C2,,0,190.086331713,99.0476197528,139.700745637,0.16663245062910098,monomer,142.94489903426668
77078233,,C=CC(=O)OCCOCCOCCOCCN=[N+]=[N-],,1,215.620121551,241.807079656,246.416515547,0.2993164533587902,homopoly,234.61457225133336
23593431,,CC(CC(C(F)(F)F)(C(F)(F)F)O)OC(=O)C=C,,2,333.930066551,320.078565924,328.948174513,0.43398055300712496,homopoly,327.65226899600003
19050546,,C=CC(=O)OC1=C(C=C(C=C1Cl)Cl)Cl,,0,170.758650754,116.668630935,44.058014073,0.11966414300915865,monomer,110.49509858733332
68412458,,C=CC(=O)OC1=C2C(=C(C=C1)Cl)C=CC=N2,,2,519.302286355,440.969408982,550.379281039,0.6885779283962014,homopoly,503.5503254586667
21412899,,C=CC(=O)OC(C(C(C(C(C(C(C(C(F)(F)F)(F)F)(F)F)(F)F)(F)F)(F)F)(F)F)(F)F)(F)F,,2,412.755579032,475.270374767,466.98643316,0.6134867512077513,homopoly,451.670795653
20140283,,C=CC(=O)OCC1=CC=C(C=C1)C(F)(F)F,,0,111.016570213,69.8716048705,103.436142879,0.0969103172800237,monomer,94.77477265416668
13165,,C=CC(=O)OCCO,,1,107.404130651,91.6660034229,88.8318296595,0.09863642925203836,homopoly,95.96732124446667
92696,,C=CC(=O)OCCCCCO,,1,127.357273255,144.897463808,164.235169313,0.1703258706099797,homopoly,145.49663545866667
18469648,,CCCCC1CCC(CC1)OC(=O)C=C,,0,110.584385274,88.7109587136,136.39349322,0.12169223178002792,monomer,111.89627906920002
102199009,,C=CC(=O)OC1=CC=C(C=C1)C(=C(C2=CC=CC=C2)C3=CC=CC=C3)C4=CC=CC=C4,,1,648.221524098,573.198018582,518.503325787,0.7991950724979713,homopoly,579.9742894890001
68927558,,CC(C)(C)OC(=O)OC1=CC=C(C=C1)COC(=O)C=C,,1,289.925456269,222.234070134,334.698109627,0.3683165875349985,homopoly,282.28587867666664
71441474,,C=CC(=O)OC1=CC=CC(=C1)NC2=CC=CC=C2,,1,123.168217558,393.058990172,357.2320029,0.3811510880227175,homopoly,291.15307021
16680,,CC(C)(COC(=O)C=C)COC(=O)C=C,,1,224.866276627,197.572787485,179.018554996,0.24991808352795972,homopoly,200.485873036
5354844,,C=CC(=O)OC/C=C/C1=CC=CC=C1,,2,316.811212778,406.363122446,587.302478364,0.5919996081816034,homopoly,436.8256045293333
3016431,,CCCCC(C)COC(=O)C=C,,1,174.483713471,166.640811038,181.354394496,0.2118131149224036,homopoly,174.15963966833337
129721572,,C=CC(=O)OC(=O)C1=C(C(=CC=C1)[N+](=O)[O-])[N+](=O)[O-],,0,140.135125658,43.7294683413,157.690607984,0.12452258534770197,monomer,113.85173399443332
69446413,,CC(OC(=O)C=C)OC(=O)C1=CC=CC2=CC=CC=C21,,1,286.753076005,235.131113083,373.85144356,0.39189882583725477,homopoly,298.578544216
22051649,,CC1(C(COC1=O)OC(=O)C=C)C,,1,149.953272807,143.696835935,189.881011072,0.19302191345298123,homopoly,161.177039938
18767473,,CCCCCCCCCC(CCCCCC)OC(=O)C=C,,1,294.375959769,335.499749825,340.644517534,0.42798025818703084,homopoly,323.506742376
88216,,C=CC(=O)OCCN1CCOCC1,,2,317.693032593,340.722494966,352.589709224,0.44751311983058195,homopoly,337.00174559433333
54551523,,C=CC(=O)OCC1CCCC=C1,,2,333.187148491,381.737090537,332.284311324,0.4649801853199448,homopoly,349.069516784
21884854,,CCCCCCCCCC1=CC=CC=C1OC(=O)C=C,,0,121.752567335,182.548524807,156.898454035,0.18224756655640284,monomer,153.733182059
129831059,,C=CC(=O)OC1([C@@H]([C@H]([C@@H]([C@H](O1)CO)O)O)O)O,,1,172.454980761,182.631613183,198.720011639,0.22692782954777188,homopoly,184.602201861
86761358,,C=CC(=O)OC1=CC=C(C=C1)NC(=O)C2(CCC2)N,,2,540.4170451,582.36502828,599.517585927,0.7906923770763553,homopoly,574.0998864356667
31232,,CCC1=CN=C(C=C1)CCOC(=O)C=C,,2,361.277482547,463.391451151,474.696053991,0.5866384693368313,homopoly,433.121662563
69782405,,C=CC(=O)OC1=CC=CC=C1C(=O)C(C2=CC=CC=C2)O,,1,327.461723892,220.270760664,378.829197567,0.40677151487805074,homopoly,308.85389404100005
121420672,,CCCCCCCC(CCCCCCC)OC(=O)C=C,,0,153.64065789,144.026525369,167.012111661,0.18392644600661304,monomer,154.89309830666667
87565,,CCCCCCCCCCCCCCCCCCCCCCOC(=O)C=C,,0,209.961288425,178.100504164,248.970019624,0.2670816163496721,monomer,212.34393740433333
18979434,,C=CC(=O)OCCCCCCOC1=CC=C(C=C1)C2=CC=C(C=C2)C3CCC(CC3)CCC4OCCO4,,0,378.956238912,329.929039288,224.139566572,0.40988980638590744,monomer,311.0082815906667
13587852,,C=CC(=O)OC1=C(C(=CC(=C1F)F)F)F,,1,195.433473203,144.654199235,164.600707736,0.20322968771041994,homopoly,168.229460058
54002635,,C=CC(=O)OCCCOC1=CC2=CC=CC=C2C=C1,,1,373.941203417,232.742286034,273.402592732,0.38434836440420767,homopoly,293.3620273943333
132848333,,CN(C1=CC=C(C=C1)OC(=O)C=C)C2=NS(=O)(=O)C3=CC=CC=C32,,0,297.984256762,252.165986463,78.7832528141,0.2631744099362735,monomer,209.6444986797
86736828,,CCC(C)(NC(=O)NC1=CC=CC=C1)OOC(=O)C=C,,0,185.641357716,147.310373557,94.659855548,0.1660423348278996,monomer,142.53719560699997
10154104,,C=CC(=O)OCCOC=C,,0,66.0772881875,46.2460224623,81.1146337141,0.053060236079257576,monomer,64.47931478796666
16205716,,C=CC(=O)OCCC(C(C(C(C(C(C(C(C(C(C(C(C(C(F)(F)F)(C(F)(F)F)F)(F)F)(F)F)(F)F)(F)F)(F)F)(F)F)(F)F)(F)F)(F)F)(F)F)(F)F)(F)F,,1,369.263170659,371.844220551,385.056423499,0.5030738468469543,homopoly,375.38793823633335
132245749,,C=CC(=O)OCCSC(C(OC(C(C(F)(F)F)(F)F)(F)F)F)(F)F,,1,215.348705461,210.031841288,197.290837783,0.2601531198660223,homopoly,207.5571281773333
23635725,,CCCCCOC(=O)C1=CC=C(C=C1)OC(=O)C=C,,1,225.107436263,345.892288083,291.390687455,0.3758107085111504,homopoly,287.4634706003333
13847858,,CC(C)CCCCCCCCCCCCCCCCCCCCCCCOC(=O)C=C,,1,504.530734914,518.422146705,457.419260422,0.6739692550419512,homopoly,493.4573806803333
19050546,,C=CC(=O)OC1=C(C=C(C=C1Cl)Cl)Cl,,1,235.960477577,227.930407544,214.621031777,0.2870945829433964,homopoly,226.170638966
129822428,,C=CC(=O)OC1=CC=CC=C1C(=C(C2=CC=CC=C2)C3=CC=CC=C3)C4=CC=CC=C4,,1,596.52378056,604.177554721,442.800158556,0.7526745112784385,homopoly,547.833831279
22637263,,C=CC(=O)OOP(=O)(O)O,,1,94.2734432438,115.523968091,111.565646424,0.11478045207949175,homopoly,107.12101925293332
122231558,,CC1(COC(OC1)OCCOC(=O)C=C)C,,2,369.091240715,436.667171072,402.497443147,0.5426809132010492,homopoly,402.7519516446667
2775973,,C=CC(=O)OC1=C(C(=C(C(=C1F)F)F)F)F,,2,375.020623841,343.944224603,321.992730218,0.46196426989349393,homopoly,346.98585955399994
76599744,,C=CC(=O)OCC=CC(C(F)(F)F)(C(F)(F)F)F,,0,106.398901217,54.2977517873,92.2018754522,0.08174827079192934,monomer,84.2995094855
68636312,,CCC1(COC1)COC23CC4CC(C2)CC(C4)(C3)OC(=O)C=C,,0,183.127350786,132.267291724,167.896852231,0.19290630119458924,monomer,161.09716491366666
168446324,,C=CC(=O)OCCOCCOCCOCC(=O)ON1C(=O)CCC1=O,,1,290.416972367,317.601681823,291.726513364,0.39383331199006255,homopoly,299.91505585133336
69237271,,C=CC(=O)OC1=CC=CC2=C1N(C3=CC=CC=C23)CCO,,1,453.278540919,307.881802692,282.05033537,0.46305132648987635,homopoly,347.7368929936667
21888930,,C=CC(=O)OOC1=CC=CC=C1,,0,129.472662052,84.8946723022,36.81925894,0.08092231093782798,monomer,83.7288644314
89485934,,CCC(C)(OC(=O)CCOC(=O)C=C)Br,,2,421.638784844,412.39357911,398.899338078,0.5545863051327794,homopoly,410.9772340106667
129721060,,C=CC(=O)OC1=C(C=CC2=C1NC3=CC=CC=C23)CCO,,2,756.995810556,815.953404755,512.380528786,0.9658440314560136,homopoly,695.109914699
57127567,,CC[C@H](C)OC(=O)C=C,,1,122.336023061,131.187712214,116.254582873,0.13813943335867612,homopoly,123.25943938266666
129742744,,CCCCOC1CC2CC1CC2OC(=O)C=C,,1,235.649076365,230.627823127,247.954432401,0.3043281811821399,homopoly,238.077110631
68648721,,CC(C)C(OCC12CC3CC(C1)CC(C3)C2)OC(=O)C=C,,2,591.66046079,589.612287038,635.680869397,0.8363602101775995,homopoly,605.6512057416667
54500825,,CCCCCCCC(=O)OCCCCCCOC(=O)C=C,,2,574.733534752,580.637893007,642.315293765,0.8270644829137213,homopoly,599.2289071746667
88259,,C=CC(=O)OCCOCCOCCOCCO,,0,116.372271176,93.9226346579,106.753012623,0.11269852052816129,monomer,105.68263948563332
129854619,,CCCCCCCCCCCCCCOC(=O)CCOC(=O)C=C,,2,663.786272809,707.83808708,734.322306158,0.9757911078528573,homopoly,701.9822220156666
87722336,,CC(CN(C)C)(N(C)C)OC(=O)C=C,,2,417.930649943,364.633909092,370.420153006,0.5160141642929981,homopoly,384.328237347
18464005,,C=CC(=O)OC1=CC=C(C=C1)C(=O)Cl,,2,588.865746084,381.097176417,311.44736703,0.5779758399349726,homopoly,427.136763177
24950966,,C=CC(=O)OCCOCCOCCOCCC(=O)ON1C(=O)CCC1=O,,0,158.678116952,170.729562642,138.848470402,0.1856521764909063,monomer,156.085383332
11019125,,C=CC(=O)OCCSC#N,,0,83.3314269944,55.6399959366,60.1015117927,0.055778958095101895,monomer,66.3576449079
13049939,,C=CC(=O)OC1=CC=CC(=C1)[N+](=O)[O-],,2,532.832457405,261.328461413,303.020284339,0.4890905639889722,homopoly,365.727067719
59245520,,CCCC1CCC(CC1)C2CCC(CC2)C3=CC(=C(C(=C3)F)OCCCOC(=O)C=C)F,,0,237.170362129,207.05036661,274.21974603,0.3063589724833021,monomer,239.4801582563333
67829,,C=CC(=O)OCC(C(C(C(F)F)(F)F)(F)F)(F)F,,1,136.662850171,138.261514606,167.880669883,0.1733727397618909,homopoly,147.60167822
167312788,,C=CC(=O)OCCOCCNC(=O)CCCN1C(=O)C=CC1=O,,1,290.991689631,304.911839346,276.83260852,0.3808022258738526,homopoly,290.9120458323333
57859159,,C=CC(=O)OC1C2CC3C1C(=O)OC3C2,,0,91.7530009002,76.6535544688,116.555797614,0.09721815096674791,monomer,94.98745099433332
11211,,C=CC(=O)OCC(C(C(C(C(C(F)(F)F)(F)F)(F)F)(F)F)(F)F)(F)F,,2,355.173987919,359.233254328,398.930039914,0.4968854109848514,homopoly,371.112427387
19706372,,C=CC(=O)OC1CCC(CC1)C2=CC=CC=C2,,0,122.361526448,89.4856649779,172.404692736,0.1451225158587786,monomer,128.08396138729998
92954,,C=CC(=O)OCC(CCl)O,,2,220.275005583,234.811484832,333.760857352,0.3403282791660575,homopoly,262.9491159223333
69285274,,CC1=CC(=C(C=C1)N(C2=CC=C(C=C2)C3=CC=C(C=C3)CCOC(=O)C=C)C4=CC(=C(C=C4)C)C)C,,0,368.720092326,214.302699286,494.804192525,0.4797527057160409,monomer,359.275661379
19357572,,C=CC(=O)OCCOCCOP(=O)(O)O,,0,103.246554159,72.2708594939,87.2879496798,0.0865280358608114,monomer,87.60178777756668
5072272,,C=CC(=O)OC1=CC2=C(C=C1)C3(C4=C(O2)C=C(C=C4)O)C5=CC=CC=C5C(=O)O3,,1,318.847124742,525.654288282,516.911694484,0.6165749161845678,homopoly,453.8043691693333
2776166,,C=CC(=O)OCC(CC(C(C(C(C(C(F)(F)F)(F)F)(F)F)(F)F)(F)F)(F)F)O,,1,226.968225121,223.752425627,222.436455091,0.2845110394433669,homopoly,224.3857019463333
14365587,,C=CC(=O)Oc1cccc(O)c1O,,1,197.403082417,136.003908359,183.184465034,0.20897258196960408,homopoly,172.1971519366667
19911713,,C=CC(=O)OC1=C(C(=C(C=C1)Cl)Cl)Cl,,2,433.356084513,425.818745926,471.401732296,0.6016971634620416,homopoly,443.5255209116667
67346638,,C=CC(=O)OC1=C(C=CC(=C1)Cl)OC2=C(C=C(C=C2)Cl)Cl,,0,193.041051095,188.805631952,148.801974101,0.21575478039738147,monomer,176.882885716
58947915,,CC1(C2=CC=CC=C2N(C13C=CC4=C(O3)C=CC(=C4)OC(=O)C=C)C)C,,0,218.981473457,151.036149664,296.756917469,0.2814316338806155,monomer,222.25818019666667
58999836,,CC(CC(C(F)(F)F)(C(F)(F)F)O)COC(=O)C=C,,0,101.705655247,99.4259606095,69.8659450003,0.0904805373461389,monomer,90.33252028559998
20226504,,COC1=CC=CC(=C1)COC(=O)C=C,,1,137.609694526,243.304711233,199.075068415,0.23956031633677086,homopoly,193.32982472466668
54241943,,C=CC(=O)OCC=CCCl,,2,268.698463826,299.623301926,309.551735172,0.3832808570977886,homopoly,292.624500308
12803541,,C=CC(=O)OCCOC(=O)CBr,,1,145.555876511,151.10159671,157.802706465,0.17899601457813555,homopoly,151.48672656200003
7294,,COC(=O)C=C,,0,48.7001552204,32.1168975548,31.0298529062,0.013694888669933937,monomer,37.2823018938
82655,,C=CC(=O)OCC#C,,0,55.2684480729,20.3203734455,78.672544979,0.034158655428661346,monomer,51.42045549913333
129821362,,C=CC(=O)OC1=CC=CC(=C1C#N)C2=CC=CC=C2,,1,312.232266533,327.161321976,263.74154642,0.3954688744927345,homopoly,301.0450449763334
129847129,,C=CC(=O)OC1=CC2=C(C=C1)C3(C4=CC=CC=C4C(=O)O3)C5=CC=CC=C5O2,,1,471.113527925,437.404426887,448.092554528,0.6142577996432967,homopoly,452.2035031133333
129721572,,C=CC(=O)OC(=O)C1=C(C(=CC=C1)[N+](=O)[O-])[N+](=O)[O-],,2,441.590964359,565.960046266,344.743592249,0.6121754979571843,homopoly,450.7648676246666
17841663,,C=CC(=O)OC12CCC(C1)C=C2,,1,161.020552807,173.544547692,169.138919952,0.20275476223946928,homopoly,167.90134015033334
19880963,,CC(OC(=O)C=C)S(=O)(=O)N,,0,66.0811517499,74.9835380873,85.9881869349,0.06927848153558791,monomer,75.68429225736666
12860622,,C[C@@H]1CC[C@H]([C@@H](C1)OC(=O)C=C)C(C)(C)C2=CC=C(C=C2)OC,,1,298.711114007,330.436408577,421.024886206,0.4664101624224295,homopoly,350.05746959666664
87193678,,C=CC(=O)OCCCCCCS(=O)(=O)O,,2,401.354740293,401.736221524,406.533158188,0.5433410620450606,homopoly,403.2080400016666
129883477,,C=CC(=O)OCCCN=CC1=CC=C(C=C1)[N+](=O)[O-],,0,148.433825141,76.0034050952,215.19087057,0.17183995985283823,monomer,146.54270026873334
86736825,,CCC(C)(NS(=O)(=O)C)OOC(=O)C=C,,0,120.819296197,72.2491833099,124.191480884,0.11280082470925817,monomer,105.7533201303
22709169,,CC(C)(C1=CC=CC=C1)OC(=O)C=C,,1,211.560570475,255.731845975,150.692698803,0.2578921286934582,homopoly,205.99503841766668
229992,,CC(=C)COC(=O)C=C,,0,56.4228990931,49.7829557015,83.8913484879,0.05144842385824077,monomer,63.3657344275
23325021,,C=CC(=O)OC1=CC=CC=N1,,1,181.748696138,120.473436617,144.042761787,0.17504202340433245,homopoly,148.75496484733333
54241943,,C=CC(=O)OCC=CCCl,,0,64.566698192,57.8862569703,91.5219025927,0.06296871063002027,monomer,71.324952585
16217348,,C=CC(=O)OCc1ccccc1,,2,427.988591948,316.458672034,278.217572675,0.4531385439838372,homopoly,340.8882788856667
70029087,,C=CC(=O)OC1=CC=C(C2=CC=CC=C21)C=NNC(=O)C3=CC(=C(C=C3)O)Cl,,0,306.636518465,208.397151894,204.620805626,0.3069446934202441,monomer,239.8848253283333
168446324,,C=CC(=O)OCCOCCOCCOCC(=O)ON1C(=O)CCC1=O,,2,606.268102767,586.736315818,596.678562943,0.823202906806785,homopoly,596.5609938426666
92696,,C=CC(=O)OCCCCCO,,2,302.590668483,275.219724562,299.933475527,0.38321831318788896,homopoly,292.58128952399994
75118,,C=CC(=O)OC=C,,0,50.3016489984,44.32079071,48.202979086,0.028641137064478413,monomer,47.60847293146666
102223599,,C=CC1=C(C=C(C=C1)O)OC(=O)C=C,,1,239.299001485,253.329483744,148.642995554,0.26912713542693123,homopoly,213.757160261
2737317,,C=CC(=O)OCCF,,2,190.564094019,188.756100088,170.246564537,0.2248822244125613,homopoly,183.18891954800003
13590738,,C=CC(=O)OCCOP1(=O)OCCO1,,1,165.402716543,190.811398855,142.008570291,0.20011017466395636,homopoly,166.074228563
23201,,C=CC(=O)OC1CC2CCC(C1)N2C,,1,182.6340918,179.601736848,215.345761241,0.2383985808946064,homopoly,192.5271966296667
45091793,,C=CC(=O)OCC1=NNN=C1,,0,90.1044552744,13.2342877293,92.7309407578,0.0543299752240241,monomer,65.35656125383333
86753073,,C=CC(=O)OCCCCOC1=CC=C(C=C1)C2(CC=CC(=C2F)C3=CC=C(C=C3)CCCCOS(=O)(=O)C(F)(F)F)F,,1,545.461377354,661.443522001,614.503081574,0.8385093135292284,homopoly,607.135993643
23023397,,C=CC(=O)OCCC=O,,0,61.0364569861,41.0752062704,63.3642247975,0.03956934199710669,monomer,55.15862935133333
3051375,,CC(=O)OC[C@]12CC[C@@H](C[C@]1(CC[C@@H]3[C@@H]2CC[C@]4([C@@]3(CC[C@H]4C(=O)COC(=O)C=C)O)C)O)OC(=O)C,,0,234.359242493,249.115701383,253.026947155,0.3150730903244143,monomer,245.50063034366667
67058367,,C=CC(=O)OC1=CC=CC(=C1)OC2=CC=CC=C2,,1,235.931878087,309.698459799,252.407775404,0.3447625612099277,homopoly,266.01270443
14454815,,C=CC(=O)OC1CCCO1,,0,80.3110986206,73.2432698677,35.8012401994,0.05109062563269324,monomer,63.118536229233335
53426370,,C=CC(=O)OCCCCOC(=O)CCl,,1,187.605465053,178.755112756,173.980263784,0.22043098275971892,homopoly,180.11361386433336
169501348,,CC(=C)[C@H]1CCC(=CC1)COC(=O)C=C,,0,103.70116924,98.7279409533,132.433932709,0.12129380959737526,monomer,111.62101430076666
14047273,,CC(O)OC(=O)C=C,,2,180.130838736,203.358458496,182.479894539,0.23279593024139814,homopoly,188.656397257
21909470,,C=CC(=O)OC1CCCCO1,,1,140.609457247,133.312488897,152.337860824,0.16539013963105526,homopoly,142.08660232266666
88984,,CCCCCCCCCCCCCCOC(=O)C=C,,2,547.429351581,609.021700155,587.919512619,0.8013409588186915,homopoly,581.456854785
94232,,C=CC(=O)OCC1CCCO1,,2,287.066197944,273.581032222,302.577964278,0.37621346731019994,homopoly,287.7417314813333
28860,,CC(COC(=O)C=C)([N+](=O)[O-])[N+](=O)[O-],,0,71.0850422362,66.1349225552,99.713585737,0.07404562461080363,monomer,78.97785017613334
23173068,,C=CC(=O)OCCCNC=O,,1,140.116562948,116.967299842,153.777704298,0.15796092838241463,homopoly,136.953855696
107198,,CCCC(C)COC(=O)C=C,,1,141.972725233,163.361324565,166.885074845,0.1875641986476601,homopoly,157.406374881
15208801,,C=CC(=O)OCCCN=C=O,,0,69.0979092139,51.1710210421,78.0378876248,0.055409328584755176,monomer,66.10227262693333
18464005,,C=CC(=O)OC1=CC=C(C=C1)C(=O)Cl,,0,186.520940592,63.543602864,64.5252522831,0.11151254647606607,monomer,104.86326524636668
169501348,,CC(=C)[C@H]1CCC(=CC1)COC(=O)C=C,,1,218.010402769,239.539304217,218.984441621,0.28614036619205285,homopoly,225.511382869
16627,,C=CC(=O)OCCCl,,2,224.575172915,203.740317706,215.33821741,0.2702764920810412,homopoly,214.55123601033333
53422786,,CC(C)(C)C(C)(C)OC(=O)C=C,,1,184.396065681,167.131286522,162.993103158,0.207973383363039,homopoly,171.50681845366668
68055331,,C=CC(=O)OC1=C(C(=C(C=C1)F)F)F,,0,141.292582229,77.8087986727,33.6498861289,0.08167722135703853,monomer,84.25042234353333
10866703,,C=CC(=O)OCC1=CCCCC1,,1,184.782865931,186.370049667,164.008999335,0.21793229846214981,homopoly,178.38730497766664
48619,,C[C@]12CCC(=O)C[C@H]1CC[C@@H]3[C@@H]2CC[C@]4([C@@H]3CC[C@@H]4OC(=O)C=C)C,,1,355.054000697,364.44326038,378.483156222,0.48947616200147825,homopoly,365.993472433
155432394,,CC(C)(CCOC(C)(C)CC(=O)ON1C(=O)CCC1=O)OC(=O)C=C,,2,659.741554169,597.700315362,668.299922038,0.888847399288432,homopoly,641.913930523
133083453,,C=CC(=O)OC1CN1,,2,161.388053491,186.153556083,240.867058154,0.2436223369276502,homopoly,196.136222576
82347,,C=CC(=O)OCCCCCCO,,2,312.059274237,328.531709104,334.606207555,0.4302367597161336,homopoly,325.0657302986667
129721440,,COC(=O)C(COC(=O)C=C)C(=O)OC,,0,85.3824257018,103.295392478,72.5195623957,0.08575223007518218,monomer,87.06579352516667
44607791,,C=CC(=O)OCC1=CC(=CC=C1)I,,1,147.302496415,239.887513708,240.319246308,0.2624872549757251,homopoly,209.16975214366667
99770079,,C=CC(=O)OC(C#N)(C(F)(Cl)Cl)C(F)(Cl)Cl,,0,101.380495698,97.7039310083,91.9435028607,0.10014461854606355,monomer,97.00930985566669
7819,,CC(C)COC(=O)C=C,,2,249.066365848,246.223763319,242.628830263,0.3157567853812511,homopoly,245.9729864766667
62093,,CC(C)(C1=CC(=C(C(=C1)Br)OC(=O)C=C)Br)C2=CC(=C(C(=C2)Br)OC(=O)C=C)Br,,0,261.120402427,303.011591348,203.990959628,0.33032935039691474,monomer,256.04098446766665
90476426,,C=CC(=O)OC1CC2[C@@H]3CC[C@@H](C3)C2C1,,1,201.154712203,233.053588563,199.407982778,0.26543372125221054,homopoly,211.205427848
129851391,,C=CC(=O)OC1=CC(=CC2=C1N(C3=C2C=C(C=C3)I)CCO)I,,1,547.896866417,374.685889026,400.162277205,0.5979186737210175,homopoly,440.91501088266665
129834447,,CC1=CC(=O)N(C2=C1C=CC(=C2)OCCCCCCOC(=O)C=C)CC3=CC=CC=C3,,0,226.969405079,197.933124659,302.639700655,0.31075030979140744,monomer,242.51407679766663
121455448,,C=CC(=O)OCCCCCCOC1(CC=C(C=C1)C2=CC=CC=C2)C#N,,1,398.655078716,450.428628734,307.795167549,0.5178929867738187,homopoly,385.6262916663333
58231717,,C=CC(=O)OC1=C(C=C(C=C1)C2=CC=CC3=C2SC4=CC=CC=C34)C5=CC=CC6=C5SC7=CC=CC=C67,,0,341.906908237,290.761776651,450.695207071,0.4824241057068487,monomer,361.1212973196666
23074693,,C=CC(=O)OC1CC2CC1C=C2,,1,156.565845975,167.533684961,170.718883101,0.1984677107559018,homopoly,164.93947134566668
118656,,C=CC(=O)OCCC(C(C(C(C(C(C(C(C(C(C(C(C(C(F)(F)F)(F)F)(F)F)(F)F)(F)F)(F)F)(F)F)(F)F)(F)F)(F)F)(F)F)(F)F)(F)F)(F)F,,1,342.464201547,338.777937208,389.743069136,0.47645174395394474,homopoly,356.99506929700004
62093,,CC(C)(C1=CC(=C(C(=C1)Br)OC(=O)C=C)Br)C2=CC(=C(C(=C2)Br)OC(=O)C=C)Br,,1,449.282803956,408.419974311,650.690965428,0.6874888780530991,homopoly,502.797914565
22283435,,C=CC(=O)OCC1=CC(=CC=C1)OC2=CC=CC=C2,,1,264.690473725,348.33761877,253.852216089,0.3779769555592188,homopoly,288.9601028613333
518439,,CCCCOC(=O)C(C)OC(=O)C=C,,0,90.0305640015,93.6436125909,92.1204569241,0.09279498798736308,monomer,91.9315445055
19979417,,CC1(CC(CC(N1OC2CCCCC2)(C)C)OC(=O)C=C)C,,2,653.984448937,608.119997598,652.610753875,0.8835273837729571,homopoly,638.2384001366667
121642,,CC(C)(COC(=O)C=C)COC(=O)C(C)(C)COC(=O)C=C,,2,583.329947137,544.764496802,609.887963372,0.7982588553744524,homopoly,579.3274691036667
129626459,,CC(C)(C)OC(=O)OC1=CC=C(C=C1)OCCCCCCOC(=O)C=C,,1,441.062440921,377.882268381,288.828588706,0.49420094743714305,homopoly,369.2577660026666
44574020,,C=CC(=O)OC1=CC=C(C=C1)C(C2=CC=CC=C2)OC(=O)C=C,,0,135.278755724,164.377176458,234.463941679,0.2174295433866361,monomer,178.03995795366666
129634875,,CCCCCCCCCCCC(OC(=O)C=C)S,,1,298.901076942,257.240066571,284.603560363,0.36536727224477106,homopoly,280.2482346253333
93279,,CNC(=O)OCCOC(=O)C=C,,2,279.60120891,276.221891402,287.243332007,0.3664874399522133,homopoly,281.0221441063333
86736832,,CCC(C)(NC1=CC=CC=C1)OOC(=O)C=C,,0,171.372491419,156.809326575,48.4874278805,0.141464109307242,monomer,125.5564152915
129834451,,C=CC(=O)ON1C(=O)C=CC2=CC=CC=C21,,2,563.57030284,325.56187377,566.587640051,0.662075211667804,homopoly,485.2399388870001
3016446,,CCCCCCCCCCCCCCCCCCCCCOC(=O)C=C,,0,216.455730195,213.095680578,179.473426377,0.2535690502512125,monomer,203.00827905000003
14910871,,CC(=CCC/C(=C\COC(=O)C=C)/C)C,,1,229.055504336,243.499134419,231.275190372,0.29930975297514056,homopoly,234.60994304233336
6447059,,CC(=CCC/C(=C/CC/C(=C/CC/C(=C/CC/C(=C/CC/C(=C/CC/C(=C/CC/C(=C/CC/C(=C/CC/C(=C/COC(=O)C=C)/C)/C)/C)/C)/C)/C)/C)/C)/C)C,,0,523.624872436,456.306493778,433.302198383,0.6415768076809678,monomer,471.0778548656667
3014768,,C=CC(=O)OCCN=C=O,,0,71.2834280423,27.8530190407,81.9739551635,0.04711254885783477,monomer,60.370134082166665
132277864,,C=CC(=O)OC1=NC=CN1C2=CC=CC=C2,,1,265.498388285,102.028122073,292.748202923,0.27829565272078405,homopoly,220.09157109366663
33101,,C=CC(=O)OCCCO,,2,212.314245259,219.13169993,239.232102287,0.2833149645400036,homopoly,223.55934915866663
57038445,,C=CC(=O)OCC(COC(=O)C=C)OC(=O)C=C,,0,98.6721230381,118.925530338,116.237614764,0.12079793760915386,monomer,111.27842271336664
129824056,,C=CC(=O)OC1=CC2=C(C=C1)C=C2,,0,182.432771714,43.6706248527,79.6611123909,0.10725459749354901,monomer,101.92150298586668
129819794,,C=CC(=O)OCCCCCCCCCCCC[N+](=O)[O-],,2,552.744190305,568.777041129,563.93426513,0.7729161201515254,homopoly,561.8184988546667
10034607,,C=CC(=O)OCC#N,,1,81.1386466224,94.0797025332,97.5169645379,0.09131895349125543,homopoly,90.91177123116668
108608,,C=CC(=O)OCCOC(=O)NC1=CC=CC(=C1)CN=C=O,,0,118.485972417,113.766111313,187.08557976,0.16205040297334433,monomer,139.77922116333332
18183725,,CC(C)(C)NOC(=O)C=C,,2,263.978896074,265.051805454,280.788713756,0.3504467031624856,homopoly,269.93980509466667
86619238,,C=CC(=O)OCC(F)(F)C(F)C(F)(F)F,,0,68.8297266741,42.9676124189,78.4158167783,0.05150436767284134,monomer,63.40438529043333
10986943,,C=CC(=O)OCCN1CCCC1=O,,2,377.109658494,302.729451275,318.514279575,0.44140896454774414,homopoly,332.7844631146666
546207,,C=CC(=O)OCC(C)C,,1,117.318579642,108.533407215,152.808807738,0.142424974722501,homopoly,126.220264865
15055020,,C=CC(=O)OCCOC1=CC2=CC=CC=C2C=C1,,2,544.511385966,627.061478179,487.05306895,0.7599716215417264,homopoly,552.8753110316667
87194114,,C=CC(=O)OCCCCCCCCS(=O)(=O)O,,2,449.51414637,473.885769145,469.801031232,0.6319116413352842,homopoly,464.40031558233335
11320950,,CCC(O)OC(=O)C=C,,2,215.984965977,228.056060648,225.041075636,0.2825449665249128,homopoly,223.0273674203333
119058299,,C=CC(=O)OCCOCCOCCOCCOCCOCCOCCOCCOCCOCCOCCOCCNC(=O)OC(C)(C)C,,1,655.97962954,605.689666038,594.388660924,0.8552269377705811,homopoly,618.6859855006666
223954,,CCCCN(CCCC)CCCOC(=O)C=C,,1,264.636643916,238.444242757,242.187753941,0.31930279677941187,homopoly,248.42288020466663
22123752,,C=CC(=O)OCC1=CC=C(C=C1)O,,0,113.381373692,91.5982422992,61.8482992929,0.08846880236649474,monomer,88.94263842803332
14793980,,C=CC(=O)OCC1CC2CC1C3C2CCC3,,1,222.349289025,221.778729625,235.582968508,0.2876731001202247,homopoly,226.57032905266664
18546000,,C=CC(=O)OC1=CC=C(C=C1)F,,0,130.747310199,47.635260168,63.0810089644,0.07623123421308198,monomer,80.48785977713334
18718363,,C=CC(=O)OCCN1C(=O)C=CC1=O,,0,85.8451822944,71.5002185128,96.3557257064,0.08213550144688811,monomer,84.5670421712
129807973,,CC(C(F)F)([N+](=O)[O-])OC(=O)C=C,,0,67.6003858723,62.0929550257,71.9478172723,0.05701805260637036,monomer,67.2137193901
85887894,,C=CC(=O)OCCNC1=CC=C(C2=NON=C12)[N+](=O)[O-],,2,386.843145509,602.615367345,625.379412113,0.7388451574084696,homopoly,538.2793083223333
13323808,,C=CC(=O)ON,,2,127.150239737,129.015223148,140.008378804,0.15087452009149535,homopoly,132.05794722966667
21798085,,C=CC(=O)OCC=O,,2,220.895414463,163.57126317,186.854388217,0.23537805673240422,homopoly,190.44035528333333
145793502,,CCCCC(CC)(C=O)OC(=O)C=C,,0,113.685738065,75.5940091649,112.100713743,0.10513941946954525,monomer,100.46015365763331
132277864,,C=CC(=O)OC1=NC=CN1C2=CC=CC=C2,,0,133.298928121,72.3043190305,139.284104582,0.12613025249662688,monomer,114.96245057783334
174086,,C=CC(=O)OCCC(C(C(C(C(C(C(C(C(C(C(C(C(C(C(C(F)(F)F)(F)F)(F)F)(F)F)(F)F)(F)F)(F)F)(F)F)(F)F)(F)F)(F)F)(F)F)(F)F)(F)F)(F)F)(F)F,,1,417.506312944,400.034379618,375.315346388,0.5352509415272135,homopoly,397.6186796500001
100948,,CCN(CCOC(=O)C=C)S(=O)(=O)C(C(C(C(C(C(C(F)(F)F)(F)F)(F)F)(F)F)(F)F)(F)F)(F)F,,1,326.490862554,329.897841938,321.582824103,0.43157529847131354,homopoly,325.99050953166665
23070534,,C=CC(=O)OC(CSC1=CC=CC=C1)CSC2=CC=CC=C2,,0,136.755180699,155.885113318,221.438832422,0.20776045475449512,monomer,171.359708813
18979564,,C=CC(=O)OCCCCCCOC1=CC=C(C=C1)C2=CC=C(C=C2)C3CCC(CC3)CCCO,,0,365.849878271,215.163319364,279.005458158,0.37466640393147244,monomer,286.67288526433333
543286,,CCCCCCCCCCCCC(CC)OC(=O)C=C,,1,303.719543289,314.893725491,304.242595745,0.4049835636577147,homopoly,307.6186215083333
54457440,,CC(C)(C)C(OC(=O)C=C)Br,,2,347.439587225,304.698211173,316.173683031,0.42691460142883797,homopoly,322.7704938096667
87489581,,C=CC(=O)OC(Cl)Cl,,1,119.893682839,81.9037009787,115.576557563,0.11285581728361421,homopoly,105.79131379356666
175022,,CN(CCOC(=O)C=C)S(=O)(=O)CCC(C(C(C(C(C(C(C(C(C(C(C(C(C(F)(F)F)(F)F)(F)F)(F)F)(F)F)(F)F)(F)F)(F)F)(F)F)(F)F)(F)F)(F)F)(F)F)(F)F,,0,213.486225638,281.24686814,208.887209661,0.29920866281092046,monomer,234.5401011463333
544160,,CC1(C2CCC1(C(C2)OC(=O)C=C)C)C,,0,127.281840732,86.6991408527,116.226722269,0.11904774137817467,monomer,110.0692346179
21251844,,C=CC(=O)OCCCCCCOc1ccc2ccc(=O)oc2c1,,2,745.568414296,378.71999236,911.843230429,0.9421073490251788,homopoly,678.710545695
18372055,,C=CCCCCOC(=O)C=C,,0,85.3960300202,101.239528472,48.647248579,0.07324918800789168,monomer,78.42760235706668
16205839,,C=CC(=O)OCC(COC1=C(C=CC=C1Br)Br)O,,0,83.8322697899,177.740853331,143.648913668,0.1552400159754361,monomer,135.07401226296668
129723103,,CCCCCCCCCCCCCCCC(O)OC(=O)C=C,,1,323.36605842,316.481205453,346.376272232,0.43555665656775333,homopoly,328.7411787016667
10565559,,C=CC(=O)OCCOCCOCCOCCOCCO,,2,521.332112333,502.33013557,481.702328449,0.6860273912679853,homopoly,501.78819211733327
100995,,C=CC(=O)OCCOCCOCCOCCOCCOC(=O)C=C,,0,189.819577988,149.136173495,121.700007257,0.1819852046387217,monomer,153.55191957999995
3311244,,C=CC(=O)OCCN1C2=CC=CC=C2C3=CC=CC=C31,,0,142.363083286,167.591861002,172.704936637,0.19260156555576347,monomer,160.88662697499998
22637263,,C=CC(=O)OOP(=O)(O)O,,2,188.709507178,208.273843888,255.466714814,0.27452048367931076,homopoly,217.48335529333332
20226510,,CCC1(CCCCC1)OC(=O)C=C,,1,185.333996178,173.129598019,207.357921759,0.23272468087559392,homopoly,188.6071719853333
54148783,,C=CC(=O)OC(=O)OC(=O)C=C,,2,279.851133375,270.628074631,261.502080747,0.3514897454075212,homopoly,270.6604295843333
11457964,,CC(CO)(CO)COC(=O)C=C,,1,160.001056523,142.534656269,148.317028631,0.17725552857901392,homopoly,150.284247141
129721374,,C=CC(=O)OC1=CC(=CC2=C1N(C3=CC=CC=C32)CCO)I,,1,432.814781165,437.974663475,237.056312014,0.49423590666573813,homopoly,369.2819188846667
14527824,,C=CC(=O)OC1=C(C2=CC=CC=C2C=C1)C3=CC=CC4=CC=CC=C43,,1,496.337469548,317.227751932,498.251095104,0.5926458801453489,homopoly,437.27210552800005
13878526,,C=CC(=O)OCCC(C(C(C(C(C(C(C(C(C(C(F)(F)F)(F)F)(F)F)(F)F)(F)F)(F)F)(F)F)(F)F)(F)F)(F)F)(F)F,,0,163.632391415,118.240741646,162.744073507,0.17424706098485554,monomer,148.20573552266666
576412,,C=CC(=O)OCCCC1=CC=CC=C1,,1,227.407062429,243.43651162,139.459263759,0.25418564909226027,homopoly,203.43427926933336
58980492,,CS(=O)(=O)NC1CCC(CC1)OC(=O)C=C,,0,123.379409812,96.8233120426,129.387948699,0.12839946958614723,monomer,116.53022351786666
88654,,CCCCCCCCCCCOC(=O)C=C,,2,483.610305937,477.539027294,486.224406503,0.658048467762572,homopoly,482.4579132446667
10355061,,C=CC(=O)OCCCCCC,,1,172.127766994,152.207081091,153.633337517,0.19033795647183835,homopoly,159.322728534
82699,,C=CC(=O)OCC1=CC=CO1,,1,149.733606373,144.74918114,126.399485124,0.16279563280084883,homopoly,140.29409087899998
54336186,,C=CC(=O)OCCSC1=CC2=CC=CC=C2C=C1,,0,69.1064016306,158.590276584,210.643440331,0.17121854517342883,monomer,146.11337284853334
129883543,,COC1=CC=C(C=C1)C=NCCOC(=O)C=C,,2,427.199311779,556.248774956,615.612360711,0.7312329748221708,homopoly,533.0201491486667
129819794,,C=CC(=O)OCCCCCCCCCCCC[N+](=O)[O-],,0,141.757775515,135.369657963,133.212219331,0.15770911963916928,monomer,136.77988426966667
18546535,,CSCCCSCCCOC(=O)C=C,,2,490.413213478,428.284245741,440.365434228,0.6154410049794713,homopoly,453.0209644823333
59172001,,C=CC(=O)OCCCCCCCCCCCP(=O)(O)O,,0,144.823503148,128.885175763,156.225925777,0.1671631246456193,monomer,143.31153489599998
14693001,,C=CC(=O)OCCOC1CC2CCC1C2,,1,215.990690458,196.947735753,200.23935095,0.25557272527414315,homopoly,204.392592387
102091248,,CCCCCCOC1=CC=C(C=C1)N=NC2=CC=C(C=C2)OCCCCCCOC(=O)C=C,,0,246.907934254,276.202582035,273.299625022,0.3439771111953084,monomer,265.4700471036667
22662497,,C=CC(=O)OC(CCO)O,,0,56.0424815438,45.5558974979,71.3766336534,0.04318745559793329,monomer,57.65833756503334
57198481,,C=CC(=O)OCC(C)OC(=O)C=C,,1,151.393025435,206.523866235,144.511756823,0.2021394316711437,homopoly,167.47621616433335
3016441,,CCOCCOCCOCCOC(=O)C=C,,2,404.943613469,429.449498466,414.943154125,0.5625010390605291,homopoly,416.44542202
23067278,,C=CC(=O)OC1CCO1,,2,216.647846994,207.117850538,233.704088612,0.2769423554348466,homopoly,219.1565953813333
3311244,,C=CC(=O)OCCN1C2=CC=CC=C2C3=CC=CC=C31,,2,590.602417785,603.596008618,722.659867807,0.8845613653637058,homopoly,638.9527647366666
25644,,C=CC(=O)OCCCCCCOC(=O)C=C,,0,103.030628897,93.0886106506,123.789984692,0.1140790189015011,monomer,106.63640807986668
103668,,C=CC(=O)OC1CCC2CCCCC2C1,,0,136.638153602,106.257433945,90.2865672942,0.1204828290834628,monomer,111.0607182804
11416795,,C=CC(=O)OCCCCCCOC1=CC=C(C=C1)C2=CC=C(C=C2)C#N,,0,220.598401552,247.126189102,199.834085771,0.28180995704035605,monomer,222.51955880833336
171789,,CCC1(COCOC1)COC(=O)C=C,,2,384.092625173,363.083501743,338.480011223,0.4835300490638701,homopoly,361.8853793796666
107300,,C=CC(=O)OCC1CCC=CO1,,0,75.5603432013,64.5610600953,100.932224982,0.07603344453084629,monomer,80.3512094262
69890866,,C=CC(=O)OC1C2CC3C1OC(=O)C3C2,,2,444.351228468,394.92010729,442.510629686,0.5781551629546962,homopoly,427.260655148
69890866,,C=CC(=O)OC12CC3CC(CC(C3)C1)C2,,2,444.351228468,394.92010729,442.510629686,0.5781551629546962,homopoly,427.260655148
22277953,,C=CC(=O)OC(C(C(C(C(C(C(C(C(C(F)(F)F)(F)F)(F)F)(F)F)(F)F)(F)F)(F)F)(F)F)(F)F)(F)F,,1,264.447967883,247.121636003,223.138844275,0.3142078053277242,homopoly,244.90281605366667
22250625,,COC(=O)C1=CC=CC=C1OC(=O)C=C,,0,97.5700041472,80.3331545686,136.599792849,0.11147064664065523,monomer,104.83431718826668
11368265,,C=C[C@@H](COCC1=CC=CC=C1)OC(=O)C=C,,0,125.168556241,138.3650748,95.2603630638,0.13283981052019528,monomer,119.59799803493335
909765,,CC1=CC(=O)OC2=C1C=CC(=C2CN3CCOCC3)OC(=O)C=C,,1,392.03772205,359.377859669,342.465807415,0.4874984979055015,homopoly,364.6271297113333
129862051,,C=CC(=O)OC(=O)C1=CC=CC=N1,,1,174.726966918,209.313909283,119.41526981,0.20263516989695157,homopoly,167.818715337
57783174,,CC1=CC=C(C=C1)N(C2=CC=C(C=C2)C)C3=CC=C(C=C3)C4=CC=C(C=C4)CCCCOC(=O)C=C,,0,447.348665425,232.978049933,390.726968831,0.476484781813293,monomer,357.0178947296667
168449191,,CCCCCCSSCCOC(=O)C=C,,0,113.479480733,138.268449049,110.077829545,0.13430255070787475,monomer,120.60858644233332
543281,,CCCCCCCCCCC(CC)OC(=O)C=C,,2,558.42179352,505.162409448,578.840994086,0.7521552288000869,homopoly,547.4750656846667
10131189,,CC(C(=O)OCCOC(=O)C=C)Br,,0,107.906631171,47.1908023266,99.1599236773,0.0824038668651419,monomer,84.75245239163333
13351124,,C/C=C/1\CCCC\C1=C/CCOC(=O)C=C,,1,268.62325215,222.524504157,254.467239501,0.3194699032749168,homopoly,248.538331936
121743,,C=CC(=O)OCCOC(=O)C1=CC=CC=C1C(=O)O,,2,510.437608635,496.099685542,460.770431091,0.6676660468309292,homopoly,489.10257508933336
27134,,CCSCCOC(=O)C=C,,1,151.789603389,151.289145387,135.761598779,0.17145989139302875,homopoly,146.28011585166666
19598189,,CC(=O)OC1=CC=C(C=C1)COC(=O)C=C,,2,366.382805966,575.668244166,355.260819663,0.5856478985526534,homopoly,432.4372899316666
154733041,,C=CC(=O)OCCO[N+](=O)[O-],,0,74.2980416647,31.5891746786,71.3943274273,0.045265233925719996,monomer,59.09384792353333
19862056,,C=CC(=O)OC1=CC=CC=C1N=NC2=CC=CC=C2,,2,620.276832662,591.316188617,741.014978198,0.9018095777941504,homopoly,650.8693331589999
59005029,,CC(COC(=O)C=C)OC(=O)CCCCCBr,,0,115.922739986,136.267829332,98.7954605339,0.12907269062151308,monomer,116.99534328396663
23201,,C=CC(=O)OC1CC2CCC(C1)N2C,,2,365.90459164,390.997164716,403.993817036,0.5198309291046451,homopoly,386.96519113066665
23437533,,C=CC(=O)OC1=CC=C(C=C1)S(=O)(=O)C2=CC=C(C=C2)O,,2,545.694249058,722.576701142,578.519492904,0.8507556270675461,homopoly,615.5968143680001
62012,,CCCCCCCCC(C)OC(=O)C=C,,1,236.423923138,215.331854386,223.80917082,0.2856727547278739,homopoly,225.18831611466663
13049940,,CC(=O)C1=CC=C(C=C1)OC(=O)C=C,,0,89.3732592068,148.635022227,83.44052644,0.11482182406251679,monomer,107.1496026246
145945604,,C=CC(=O)OCCOC1OCCCO1,,2,358.477554933,317.766235714,327.295924767,0.44391121884944573,homopoly,334.5132384713333
23070318,,C=CC(=O)OC1=CC=C(C=C1)I,,1,153.204906211,173.003964135,260.77844731,0.24293657608579747,homopoly,195.66243921866663
59992627,,C=CC(=O)OCCOCCC(=O)ON1C(=O)CCC1=O,,1,274.174149586,193.97740126,253.341024594,0.30783152394461744,homopoly,240.49752514666667
737020,,CC1(COC(=O)[C@H]1OC(=O)C=C)C,,1,161.314167583,152.899171049,169.758054057,0.19323433254898903,homopoly,161.323797563
14657507,,C=CC(=O)OCCOC1[C@@H]([C@H]([C@@H]([C@H](O1)CO)O)O)O,,0,116.043546652,83.1556555444,122.695826063,0.11503711266263644,monomer,107.29834275313333
23437533,,C=CC(=O)OC1=CC=C(C=C1)S(=O)(=O)C2=CC=C(C=C2)O,,1,324.79674617,280.587954909,331.658916199,0.41182874941705755,homopoly,312.34787242600004
105249,,C=CC(=O)OCCN(CCOC(=O)C=C)C=O,,1,252.269596756,224.195532501,168.681034145,0.27099655920018834,homopoly,215.048721134
68649063,,C=CC(=O)OC(OC12CC3CC(CC(C3)C1)C2)C(C)C,,1,292.881416556,279.525963321,274.895590656,0.36853144872204846,homopoly,282.434323511
81767,,COCCOCCOC(=O)C=C,,0,85.4548662356,56.6274096735,84.2567860869,0.06893408627967712,monomer,75.44635399866667
85684803,,C=CC(=O)OC1=C2CCC(C2)C1,,0,94.6769022872,89.2567747968,113.290501604,0.10313413189485238,monomer,99.07472622933334
78270,,COC1=CC=C(C=C1)OC(=O)C=C,,0,58.2672439974,124.392153098,103.130624083,0.09761747724788963,monomer,95.2633403928
21918123,,CCCCCCCCCC1=CC=C(C=C1)OC(=O)C=C,,1,266.320482823,367.936792721,344.952489105,0.43217271202588475,homopoly,326.40325488300005
10537474,,C=CC(=O)OCN1C(=O)C2=CC=CC=C2C1=O,,0,94.0483194555,130.916319461,113.333379679,0.12295108732896032,monomer,112.7660061985
129721374,,C=CC(=O)OC1=CC(=CC2=C1N(C3=CC=CC=C32)CCO)I,,0,212.243530424,136.283116481,237.537864209,0.24249134826784083,monomer,195.354837038
44717649,,C=CC(=O)OCCCCCC(C(C(C(C(C(F)(F)F)(F)F)(F)F)(F)F)(F)F)(F)F,,1,272.014377825,243.103673714,239.982916348,0.324046614056331,homopoly,251.700322629
597374,,CC1(C2CCC1(C(C2C(C3=CC=CC=C3)C4=CC=CC=C4)OC(=O)C=C)C)C,,1,448.738334401,452.016221895,394.702638148,0.584753070631566,homopoly,431.81906481466666
155908502,,CCN(CC)CC1=C(C=CC(=C1)C)OC(=O)C=C,,0,96.6848660402,178.99675181,147.422351846,0.16386753822068317,monomer,141.0346565654
22186490,,CC(C)(C)CCOC(=O)C=C,,0,93.5864391777,92.8462832248,49.8555531028,0.07373429782946753,monomer,78.76275850176667
129782167,,C=CC(=O)ON1C(=O)CCN2C1=NC3=CC=CC=C32,,1,275.24931469,227.205523919,302.883364423,0.3482846461527526,homopoly,268.44606767733336
21318161,,C=CC(=O)OC1=C(C=C(C=C1[N+](=O)[O-])[N+](=O)[O-])[N+](=O)[O-],,2,616.987260008,374.729063962,498.489818704,0.6787138796673096,homopoly,496.73538089133336
22597223,,CC1C2CC3CC(C2)CC1(C3)OC(=O)C=C,,2,486.418201987,425.078038029,475.554555078,0.6289443686991006,homopoly,462.3502650313333
17258,,CCCCCCCCOC(=O)C=C,,1,191.971366009,169.116803336,209.150788831,0.23485597066499833,homopoly,190.0796527253333
66643588,,CC(C)(C1=CC=CC=C1)SCCOC(=O)C=C,,1,216.140606747,270.743400434,293.950784318,0.3364624494595137,homopoly,260.278263833
14149717,,CC1(CC(CC(N1)(C)C)OC(=O)C=C)C,,0,132.883215574,106.967270357,84.8261256015,0.11637914720051801,monomer,108.2255371775
22051649,,CC1(C(COC1=O)OC(=O)C=C)C,,2,302.050633422,342.892552961,330.177220521,0.4301997136315468,homopoly,325.0401356346667
104027,,CC(C)CCCCCCOC(=O)C=C,,2,414.382431469,436.776247848,397.220206195,0.5620391302714816,homopoly,416.12629517066665
67551,,C=CC(=O)OCC(C(C(C(C(C(C(F)(F)F)(F)F)(F)F)(F)F)(F)F)(F)F)(F)F,,2,424.188722641,404.645792141,397.382016229,0.5513464267782048,homopoly,408.7388436703333
3023750,,CCCCCCCCCCCCCCCCCCCCCCCCCCCCCCOC(=O)C=C,,0,277.502166152,287.90444664,262.253312115,0.3590542398553529,monomer,275.88664163566665
12014951,,C=CC(=O)OCCOCCOC(=O)C(CC1=CC=CC=C1)SC#N,,1,305.651188347,279.673477993,378.072937394,0.42454379569190737,homopoly,321.13253457800005
12547706,,C=CC(=O)OC(=C)C#N,,1,99.5947649859,117.094300167,129.846235985,0.1269253410488101,homopoly,115.51176704596666
58468614,,C=CC(=O)OCCC(=O)NC1=CC=CC=N1,,2,392.397626285,413.006699904,525.141783073,0.6016824705305159,homopoly,443.515369754
67346638,,C=CC(=O)OC1=C(C=CC(=C1)Cl)OC2=C(C=C(C=C2)Cl)Cl,,1,406.334061143,284.619018549,307.692818276,0.441550091610102,homopoly,332.8819659893333
129829186,,C=CC(=O)OOC(=O)CCCCCCCCC(=O)OOC(=O)C=C,,1,356.779759718,280.953725015,280.832932791,0.40291402790826397,homopoly,306.1888058413333
67891023,,CC(C)(C1CCCC1)OC(=O)C=C,,1,174.049021982,197.426937827,183.219719619,0.22735678230221787,homopoly,184.8985598093333
129714184,,CC(=CCOC(=O)C=C)Cl,,2,306.179797768,294.410417997,285.459821531,0.38722580252422534,homopoly,295.350012432
88709012,,C=CC(=O)OCC1=C(C=C(C=C1)[N+](=O)[O-])[N+](=O)[O-],,2,504.547205533,393.912788959,486.923524113,0.6281399553802277,homopoly,461.7945062016667
88387,,CC(C)(CN(C)C)COC(=O)C=C,,0,105.639861315,96.9203484291,75.3532156466,0.09381724459253396,monomer,92.63780846356669
293395,,CC1=CC(=C(C=C1)C(C)C)OC(=O)C=C,,1,212.822702378,199.496571953,284.998638398,0.29616793917491097,homopoly,232.439304243
70613,,C=CC(=O)OCCCCOC(=O)C=C,,1,214.40871091,168.106546391,166.823288344,0.22477211815415313,homopoly,183.11284854833332
3023754,,CCCCCCCCCCCCCCCCCCCCCCCCCCCCCCCCCCCCOC(=O)C=C,,0,343.434897716,316.921559072,331.436753244,0.43824386526902004,monomer,330.59773667733333
21696203,,COCCOCCOCCOCCOCCOCCOCCOCCOCCOCCOC(=O)C=C,,1,436.992654463,456.71320999,475.688388478,0.6204255910549211,homopoly,456.464750977
129862051,,C=CC(=O)OC(=O)C1=CC=CC=N1,,2,275.958282836,388.356066383,364.976934714,0.45633561566378444,homopoly,343.0970946443333
57428993,,C=CC(=O)OCCC(=O)N=[N+]=[N-],,2,305.128159172,243.637086867,308.707453367,0.373438052640919,homopoly,285.8242331353333
15153819,,C=CC(=O)OCCCCCCBr,,2,323.192998162,372.409879732,356.93692651,0.4675523632364561,homopoly,350.846601468
102811,,CCC(COC(=O)C=C)O,,1,138.458987902,109.354652288,141.82451219,0.14772123654022995,homopoly,129.87938412666668
69810535,,C=CC(=O)OC[C@@H]1C[C@H]2C[C@@H]1C=C2,,2,360.11633057,342.896907884,391.477606002,0.48779254270341565,homopoly,364.8302814853334
59317428,,CC(=O)OC1=CC=C(C=C1)CCOC(=O)C=C,,2,470.535563684,378.033236284,504.346869321,0.6124751447760695,homopoly,450.971889763
169613,,C=CC(=O)OC1=CC=CC2=C1N=CC=C2,,1,232.791301842,232.728380393,234.519079511,0.2974806711676891,homopoly,233.3462539153333
59266108,,C=CC(=O)OCCOCCOC1=CC2=CC=CC=C2C=C1,,0,161.639756857,177.465457808,145.145497465,0.19336909620699236,monomer,161.41690404333335
171395280,,C[C@]12CCC(=O)C=C1CC[C@@H]3[C@@H]2CC[C@]4([C@H]3CC[C@]4(C=C)OC(=O)C=C)C,,0,196.498454496,195.734233532,232.343663771,0.261072212201158,monomer,208.19211726633333
104368,,C=CC(=O)OCCC(C(C(C(C(C(C(C(C(C(C(C(F)(F)F)(C(F)(F)F)F)(F)F)(F)F)(F)F)(F)F)(F)F)(F)F)(F)F)(F)F)(F)F)(F)F,,2,709.666385761,690.342412024,634.683049282,0.9414126914356904,homopoly,678.230615689
121494101,,C=CC(=O)OCC1CC[C@H]2O[C@H]2C1,,1,179.821717126,185.415914898,155.331713114,0.21089180003424854,homopoly,173.52311504600002
13932179,,CC(CCOC(=O)C=C)O,,1,116.489630115,135.595600895,129.756789933,0.1439598256374897,homopoly,127.28067364766666
137958541,,C=CC(=O)OC(C(C(F)(F)F)(OC(C(C(F)(F)F)(F)F)(F)F)F)(C(F)(F)F)C(F)(F)F,,0,80.8614896197,106.048338116,121.250547037,0.10841053436701548,monomer,102.72012492423332
3018311,,CC(C)(C1=CC=C(C=C1)OCCO)C2=CC=C(C=C2)OCCOC(=O)C=C,,1,434.279346579,362.235278211,448.749710107,0.56053644849462,homopoly,415.0881116323333
59172004,,CCOP(=O)(CCCCCCCCCCCOC(=O)C=C)OCC,,2,724.830325694,683.828428035,735.188688703,0.9940771507022989,homopoly,714.6158141440001
13847846,,CC(C)CCCCCCCCOC(=O)C=C,,0,127.165664183,129.723953105,98.4998185727,0.13119720833963225,monomer,118.4631452869
129726845,,C=CC(=O)OCCCCCCCCCCC,,0,138.663160966,116.092256947,105.639175927,0.1336120542084342,monomer,120.13153128
102248214,,C=CC(=O)OCC([N+](=O)[O-])(F)F,,1,93.6754497991,137.260510527,111.675976167,0.1250324295875771,homopoly,114.20397883103334
2776166,,C=CC(=O)OCC(CC(C(C(C(C(C(F)(F)F)(F)F)(F)F)(F)F)(F)F)(F)F)O,,0,116.540275847,108.22548192,101.844782816,0.11731221276957102,monomer,108.87018019433332
54484930,,CC(=O)NCOC(=O)C=C,,1,119.950758719,129.971911084,113.398479422,0.1350240336525427,homopoly,121.10704974166669
10130166,,CC(C)(C)NCCOC(=O)C=C,,1,162.756650899,161.763120871,172.133270211,0.19935286637530072,homopoly,165.55101399366666
68422741,,C=CC(=O)ON1CCCC1,,1,157.861229346,107.438200696,136.691257963,0.15368098241571013,homopoly,133.99689600166667
54361431,,CC(C)(C1=CC=CC=C1)C2=CC=C(C=C2)OCCOC(=O)C=C,,0,261.097064834,125.127225956,154.081913593,0.22041427129450217,monomer,180.10206812766668
169613,,C=CC(=O)OC1=CC=CC2=C1N=CC=C2,,2,411.959692955,451.888045713,516.278580443,0.6256035066743011,homopoly,460.0421063703333
3050397,,CC(C)CCCCCCCCCOC(=O)C=C,,0,141.231917332,104.80567243,142.692264466,0.14728300860635277,monomer,129.57661807600002
18546536,,CSCCCOC(=O)C=C,,1,168.320554977,139.002816758,131.666020204,0.17153180105431398,homopoly,146.329797313
23176933,,C=CC(=O)OCC1C(C(C(C(C1(F)F)(F)F)(F)F)(F)F)(F)F,,2,381.382425203,323.435647998,374.115523261,0.4802866145781475,homopoly,359.644532154
92212,,CC(C)(C1=CC=C(C=C1)OCC(COC(=O)C=C)O)C2=CC=C(C=C2)OCC(COC(=O)C=C)O,,0,317.572117326,241.683721409,181.120518649,0.3169424097554989,monomer,246.792119128
99770075,,C=CC(=O)OC(C#N)(C(F)(F)F)C(F)(F)F,,0,82.5126988717,57.1959185198,56.4736851635,0.05438431057754494,monomer,65.39410085166666
543296,,CCCCCCCCCCC(C)OC(=O)C=C,,2,550.151842771,522.202844863,485.187917728,0.7112018010105221,homopoly,519.180868454
4128060,,CC(COC(C)COC(=O)C=C)OCC(C)OC(=O)C=C,,2,514.427686888,526.273125145,601.759323196,0.7521720854723261,homopoly,547.486711743
145796951,,C=CC(=O)OC(O)(CO)C(O)(OC(=O)C=C)OC(=O)C=C,,1,216.29819093,240.210637334,255.417225851,0.30321595045102856,homopoly,237.308684705
102811,,CCC(COC(=O)C=C)O,,0,83.4337593368,38.8307081274,69.5604218296,0.05228198304742707,monomer,63.9416297646
29854,,CC1(CO1)COC(=O)C=C,,0,78.6495495915,58.5873458949,51.8111750475,0.050942247251176735,monomer,63.0160235113
19042,,C=CC(=O)OCC(CO)(COC(=O)C=C)COC(=O)C=C,,0,146.27316564,157.228700645,88.5279379783,0.14887514031187615,monomer,130.6766014211
102232917,,CC1(COC2=CSC=C2OC1)COC(=O)C=C,,1,309.635951136,171.857338387,232.800358354,0.3043582468658096,homopoly,238.09788262566667
14693048,,COCCCCCCOC(=O)C=C,,0,98.1155790798,91.6425971552,79.1257252427,0.08946075702336317,monomer,89.62796715923334
3016667,,CCCCC(C)OC(=O)C=C,,2,307.445801945,301.155405712,340.585733587,0.4176875566383472,homopoly,316.3956470813334
23635600,,CCCCCC1=CC=C(C=C1)OC(=O)C=C,,2,363.470147195,577.659969169,530.67305034,0.6698349690158157,homopoly,490.601055568
118012601,,COCCOCCOCCOCCOCCOCCOCCOCCOCCOCCOCCOCCOC(=O)C=C,,0,272.582167398,264.736755298,274.140829625,0.35123811896466894,monomer,270.486584107
12705069,,CC(C)(C)OOC(=O)C=C,,1,141.28116103,123.770085406,137.86423033,0.1541271665977582,homopoly,134.305158922
156595944,,C=CC(=O)Oc1cc(C)ccc1C(C)C,,1,180.072493257,273.422787503,254.328857135,0.30123689295094463,homopoly,235.94137929833332
19028358,,CC(COC(=O)C=C)Cl,,0,88.1982952977,40.2310122135,53.9855766668,0.04774192415752313,monomer,60.80496139266666
10520851,,C=CC(=O)OCCOCCOCCOCCOCCOCCO,,0,180.911991939,145.695798814,110.381936879,0.17056702010020214,monomer,145.663242544
17257,,CCCCCCCOC(=O)C=C,,1,165.681833613,183.61768329,173.86300361,0.2121429331387971,homopoly,174.38750683766668
544156,,C=CC(=C)CCCCOC(=O)C=C,,2,375.422264167,402.269413032,378.595998963,0.5176077502088443,homopoly,385.42922538733336
57648627,,C=CC(=O)OC(OC(=O)C=C)(OC(=O)C=C)OC(=O)C=C,,1,223.447172503,275.584846737,241.787722559,0.31715633008074784,homopoly,246.939913933
543889,,CCCCC(CCC)OC(=O)C=C,,0,108.674861888,112.100081025,69.0555674292,0.0995668979465957,monomer,96.61017011406666
68422741,,C=CC(=O)ON1CCCC1,,2,259.536017303,278.185465271,252.064084969,0.3407809434294978,homopoly,263.26185584766665
22676929,,C=CC(=O)OCCSC1=CC=CC=C1,,2,471.914561215,355.070922657,446.759669959,0.5742776307364811,homopoly,424.5817179436667
86643208,,C=CC(=O)OC(C)OCc1ccccc1,,0,126.873509192,119.215664711,70.7007311247,0.11257403641273964,monomer,105.59663500923334
21251844,,C=CC(=O)OCCCCCCOc1ccc2ccc(=O)oc2c1,,1,326.673530536,357.808916225,353.958138477,0.460749892405933,homopoly,346.146861746
543287,,CCCCCCCCCCCC(CCC)OC(=O)C=C,,2,611.883269349,600.36565267,636.250090213,0.8515799629061702,homopoly,616.1663374106666
54551523,,C=CC(=O)OCC1CCCC=C1,,0,98.196431545,56.609841858,110.430799302,0.08770126622758731,monomer,88.41235756833333
90862337,,CC1=CC(=CC(=C1OC(=O)C=C)C)N=NC2=CC=C(C=C2)Br,,0,226.390702693,193.153444429,150.698424181,0.23485771389565072,monomer,190.080857101
68927558,,CC(C)(C)OC(=O)OC1=CC=C(C=C1)COC(=O)C=C,,0,147.036917816,153.61866578,125.497269124,0.16533853725906184,monomer,142.05095090666666
5062351,,C=CC(=O)OCC(O)COC(=O)C=C,,2,340.623265283,350.260891142,359.74820118,0.4666320745979007,homopoly,350.2107858683333
14527814,,C[C@@H]1CC[C@H]([C@@H](C1)OC(=O)C=C)C(C)(C)C2=CC3=CC=CC=C3C=C2,,0,219.907067468,143.343951642,240.334428093,0.2509446998517566,monomer,201.19514906766668
129805408,,C=CC(=O)OC1=CC=CC=C1P(=S)(C2=CC=CC=C2)C3=CC=CC=C3,,0,250.725766211,207.864362743,174.922997376,0.26538395084074795,monomer,211.17104211
22613596,,C=CC(=O)OC1=CC=C(C=C1)C#N,,0,182.418370985,86.9631172474,21.4312758269,0.10004080732980883,monomer,96.93758801976666
15284,,C=CC(=O)OCC(O)COc1ccc(C(C)(C)c2ccc(OCC(O)COC(=O)C=C)cc2)cc1,,1,555.129808146,484.599023869,465.542091173,0.6859822062893851,homopoly,501.756974396
20226495,,C=CC(=O)OCC1=CC=CC=C1C2=CC=CC=C2,,0,161.700198479,106.376311743,147.110367029,0.16004776708393118,monomer,138.39562575033335
23635601,,CCCCCCC1=CC=C(C=C1)OC(=O)C=C,,1,235.904367885,326.61298299,273.141039576,0.36291327118974137,homopoly,278.552796817
585841,,CC1(C2CCC1(C(C2OC(=O)C=C)OCC3=CC=CC=C3)C)C,,2,611.270389919,657.939636343,712.271096154,0.915740035521362,homopoly,660.493707472
11217487,,CCC1(COC1)COC(=O)C=C,,2,286.179310591,321.173071947,338.867135441,0.4162558596085815,homopoly,315.40650599300005
3023346,,C=CC(=O)OCCCCCOC(=O)CCBr,,2,469.277662174,432.753008253,431.82011542,0.6032768826613654,homopoly,444.61692861566667
146012803,,C=CC(=O)OC1=C(C2=CC=CC=C2C=C1)Br,,1,258.158183617,333.577220943,222.999429266,0.3528182523141152,homopoly,271.578277942
19859974,,C=CC(=O)OCCCCCCCCCCCCO,,0,140.760193794,124.331844616,122.501269465,0.14673465743010722,monomer,129.19776929166667
44607774,,CCOC(COC(=O)C=C)C#N,,2,278.98433977,265.407490896,329.388077927,0.3813058156365684,homopoly,291.259969531
20243842,,C=CC(=O)OC(C1=CC=CC=C1)[N+](=O)[O-],,1,192.757132175,228.263841939,168.367234361,0.24409493738022306,homopoly,196.4627361583333
149983942,,CC(=O)NC1=CC(=CC=C1)OC(=O)C=C,,0,113.464988348,90.4098103746,134.576048097,0.1230248225850962,monomer,112.81694893986668
21909470,,C=CC(=O)OC1CCCCO1,,0,52.8396713954,84.764438857,75.8704759073,0.06272734386393908,monomer,71.15819538656667
57119052,,CS(=O)(=O)OC(=O)C=C,,0,65.2677976553,44.7772795373,60.5724292012,0.04205002609502575,monomer,56.87250213126666
94232,,C=CC(=O)OCC1CCCO1,,1,163.36000485,136.873538338,127.559967851,0.16613010807064027,homopoly,142.597837013
162078,,CCCCCCCCCCCCCCCCCCCCOC(=O)C=C,,0,225.111420159,188.27104722,175.796016204,0.2439937511057587,monomer,196.392827861
21403530,,CCC(=O)OCCOC(=O)C=C,,1,133.360964062,163.257385063,152.541636133,0.17643882204370673,homopoly,149.719995086
101642,,C=CC(=O)OCC(C(C(C(F)(F)F)(F)F)(F)F)(F)F,,0,85.9954146615,53.5460390156,82.1409967142,0.06668740408847934,monomer,73.89415013043333
165429006,,C[N@@+]1(CCC2=CC(=C(C=C2[C@H]1CC3=CC(=C(C=C3)OC)OC)OC)OC)CCC(=O)OCCCCCOC(=O)C=C,,0,285.970525592,265.333532026,426.916619792,0.4316955056633959,monomer,326.0735591366667
99770076,,C=CC(=O)OC(C#N)(C(F)(F)Cl)C(F)(F)Cl,,0,94.4994311425,78.4002631273,67.556643379,0.07574526884971658,monomer,80.1521125496
4260109,,CCN(CCOC(=O)C=C)C1=CC=C(C=C1)N=NC2=C(C=C(C=C2)[N+](=O)[O-])Cl,,1,521.176614697,595.182431252,584.519227871,0.7803571699837454,homopoly,566.9594246066667
71441474,,C=CC(=O)OC1=CC=CC(=C1)NC2=CC=CC=C2,,0,176.202937064,89.9176480239,186.798416023,0.17825243990365808,monomer,150.9730003703
22051788,,C=CC(=O)OC1=CC=C(C=C1)C2=CC=CC=C2,,0,110.670483088,151.730213922,176.280398835,0.17138305698828393,monomer,146.22703194833332
129762053,,C=CC(=O)Oc1nn[nH]n1,,2,211.27421051,245.244980724,207.647087395,0.2801732219289202,homopoly,221.388759543
129821362,,C=CC(=O)OC1=CC=CC(=C1C#N)C2=CC=CC=C2,,0,119.603594299,158.094178241,176.472450208,0.17885611863144302,monomer,151.39007424933334
20520029,,CCCC(=O)OC(=O)C=C,,1,137.686032148,107.199127884,134.375307034,0.14271429957402773,homopoly,126.42015568866668
162085,,CN(CCOC(=O)C=C)S(=O)(=O)CCC(C(C(C(C(C(F)(F)F)(F)F)(F)F)(F)F)(F)F)(F)F,,0,149.629851617,153.796454034,176.706397552,0.19138227443509573,monomer,160.044234401
67891023,,CC(C)(C1CCCC1)OC(=O)C=C,,2,397.584243846,340.664117611,382.480085437,0.5004514370113894,homopoly,373.5761489646666
94246,,CC(CO)OC(=O)C=C,,1,107.016885121,118.349292962,112.139018716,0.12256857344070904,homopoly,112.50173226633336
81490,,CCC(CO)(CO)COC(=O)C=C,,1,175.162133054,171.906634275,150.308636181,0.1997023501384625,homopoly,165.79246783666667
22277950,,C=CC(=O)OC(C(C(C(C(C(F)(F)F)(F)F)(F)F)(F)F)(F)F)(F)F,,0,95.4629299013,71.7168232019,80.5669569606,0.07926266545961388,monomer,82.58223668793333
57428993,,C=CC(=O)OCCC(=O)N=[N+]=[N-],,0,75.8450415153,58.6750169676,78.197855601,0.06236227118414744,monomer,70.90597136129999
18426508,,CS(=O)(=O)CCOC(=O)C=C,,2,293.195529531,313.15916294,301.629724837,0.39780851483336155,homopoly,302.661472436
118536001,,C=CC(=O)OCC(C(C1=CC=CC=C1)C2=CC=CC=C2)(OC3=CC=CC=C3)OC4=CC=CC=C4,,1,475.468387951,517.707191638,556.97185185,0.7076338406642385,homopoly,516.7158104796667
57783175,,CC1=CC=C(C=C1)N(C2=CC=C(C=C2)C3=CC=C(C=C3)CCOC(=O)C=C)C4=C(C=C(C=C4)C)C,,0,266.942685793,308.793679496,470.941791727,0.4647242856737046,monomer,348.8927190053334
19023869,,COCCOCCOCCOCCOCCOC(=O)C=C,,0,162.258555807,135.359155238,111.026033536,0.15689089232343012,monomer,136.21458152699998
85486,,C=CC(=O)OCC([N+](=O)[O-])([N+](=O)[O-])F,,2,293.272810049,271.034803584,294.687760963,0.3741726999602055,homopoly,286.33179153199995
11492219,,CC(C)(C)OC(=O)NCCOC(=O)C=C,,1,196.219452835,188.868730966,192.228914509,0.23827097125680421,homopoly,192.43903277
131718422,,C=CC(=O)OC1C[C@H]2CC[C@]1(C)C2(C)C,,0,103.050767197,116.449461772,103.647076899,0.11564130086653082,monomer,107.71576862266666
17792856,,CC(C)C1(C2CC3CC(C2)CC1C3)OC(=O)C=C,,0,142.121688362,117.450467652,131.750968868,0.14853418768029938,monomer,130.44104162733333
87722336,,CC(CN(C)C)(N(C)C)OC(=O)C=C,,1,186.788003518,201.137385001,183.906272761,0.23562440445406738,homopoly,190.61055376
3023345,,CC(C(=O)OCCCCCOC(=O)C=C)Br,,0,107.954497752,125.568040396,96.9222015482,0.1191621044067517,monomer,110.1482465654
13590738,,C=CC(=O)OCCOP1(=O)OCCO1,,0,97.4118532621,67.9603513676,88.9967329133,0.08245770120804577,monomer,84.78964584766665
4065231,,C=CC(=O)OCC1=C2C=CC=CC2=CC3=CC=CC=C31,,1,179.606569522,334.63245329,483.180473301,0.44095838771877915,homopoly,332.473165371
86643208,,C=CC(=O)OC(C)OCc1ccccc1,,1,193.13737833,188.460832594,217.70649043,0.24887936215979936,homopoly,199.76823378466668
22034164,,C=CC(=O)OC1=NC2=CC=CC=C2C=C1,,2,527.328643193,450.346878588,466.055473351,0.6562909474625892,homopoly,481.243665044
164889234,,C[C@]12CCC(=O)C[C@@H]1CC[C@@H]3[C@@H]2CC[C@]4(C3CC[C@@H]4OC(=O)C=C)C,,1,329.794710174,362.990646528,393.346538769,0.48375958839759037,homopoly,362.043965157
7636,,CCCCC(CC)COC(=O)C=C,,1,203.950105073,195.338300457,174.77188893,0.23669965635421827,homopoly,191.35343148666664
139600009,,C=CC(=O)OC1=CC2=C(C=C1)C(=O)CC(O2)C3=CC=CC=C3,,0,137.618757357,206.569046032,175.838088856,0.21062959952449897,monomer,173.34196408166667
3022436,,CCCCCCCC(C)COC(=O)C=C,,0,100.046932639,126.221779419,113.381607582,0.12360353398582768,monomer,113.21677321333334
22051788,,C=CC(=O)OC1=CC=C(C=C1)C2=CC=CC=C2,,2,528.458328784,666.552348532,582.834131984,0.8174913265895011,homopoly,592.6149364333334
11298697,,C=CC(=O)OC1C2CC3CC(C2)CC1C3,,2,403.179268193,434.879646392,430.019102725,0.5715433991153669,homopoly,422.6926724366666
77066,,C=CC(=O)OCCC1=CC=CC=C1,,0,100.609531722,108.131302945,68.2142516837,0.09335487335845369,monomer,92.3183621169
117434,,C[C@]12CC[C@H](C1(C)C)C[C@H]2OC(=O)C=C,,0,131.889206489,100.417684876,97.5825045282,0.1188941668723151,monomer,109.9631319644
12191274,,COC1=C(C=CC(=C1)C=O)OC(=O)C=C,,1,218.613613375,185.556456409,249.148172016,0.27493935378140866,homopoly,217.77274726666667
129718202,,C=CC(=O)OC1=C(C(=C(C(=C1C2CCC2)C#N)C#N)C#N)C#N,,1,432.242909869,278.059398974,341.140456235,0.4670230730731364,homopoly,350.48092169266664
18696725,,CC(C(C(C(C(C(OC(=O)C=C)(F)F)(F)F)(F)F)(F)F)(F)F)(F)F,,1,198.019414449,163.402357942,191.006011909,0.2262625876327635,homopoly,184.14259476666663
543931,,C=CC(=O)OCCCC=C1CC1,,1,159.033101878,171.820261921,189.879267058,0.21097058073319794,homopoly,173.577543619
14040031,,C=CC(=O)OCC(=C)CS(=O)(=O)C1=CC=CC=C1,,1,273.112254844,219.036733241,285.82533972,0.33508235736993697,homopoly,259.324775935
23635724,,CCCOC(=O)C1=CC=C(C=C1)OC(=O)C=C,,1,179.292478894,261.976637178,319.469934909,0.3267668282281546,homopoly,253.57968366033333
21871645,,C=CC(=O)OC1=CC=CC(=C1)O,,1,147.500597994,148.72204791,193.811805518,0.1961595853370611,homopoly,163.34481714066666
23443674,,C=CC(=O)OC(F)(F)CF,,0,56.6350546792,33.7683663141,46.4877626751,0.025778037989926443,monomer,45.63039455613333
90862337,,CC1=CC(=CC(=C1OC(=O)C=C)C)N=NC2=CC=C(C=C2)Br,,1,424.236319928,362.479646171,309.232731737,0.4884959153495082,homopoly,365.316232612
15722985,,C=CC(=O)OCCCCl,,2,226.078838517,234.284384399,258.214909181,0.3064253882150744,homopoly,239.5260440323333
87149162,,CCCCCCCCCCC(CCCCCCCC)COC(=O)C=C,,1,387.009947652,382.628953061,411.901079892,0.5297912663564076,homopoly,393.8466602016667
54112393,,CCCCCC(CC)(CC)OC(=O)C=C,,1,217.912281009,234.861552289,218.364209904,0.28353689934869336,homopoly,223.71268106733336
23067259,,C=CC(=O)OCCOCCOC=C,,2,360.463921834,308.435925278,325.781591982,0.4396373533561833,homopoly,331.56047969800005
129774974,,C=CC(=O)OC(OC(=O)C=C)(OC(=O)C=C)F,,1,143.229279586,181.007513701,233.326051369,0.2287401076906758,homopoly,185.854281552
68978057,,C=CC(=O)OCCOC1=C(C=CC=C1C2=CC=CC=C2)C3=CC=CC=C3,,0,146.088861489,307.79429801,186.464302043,0.26868132251631965,monomer,213.44915384733332
54551523,,C=CC(=O)OCC1CCCC=C1,,1,188.979820917,163.330946871,162.730062775,0.20822444954555983,homopoly,171.68027685433333
70613,,C=CC(=O)OCCCCOC(=O)C=C,,2,348.723883983,304.276481017,424.470641154,0.4795809564994953,homopoly,359.15700205133334
22003413,,CC(C)CCCCOC(=O)C=C,,2,351.98345494,364.804683237,331.536347472,0.46551859224994696,homopoly,349.4414952163333
102514876,,CC(C)(C)OC(=O)CCOCCOCCOCCOCCOCCOC(=O)C=C,,0,195.283616616,179.203170879,183.739856919,0.22906037212787186,monomer,186.075548138
57859159,,C=CC(=O)OC1C2CC3C1C(=O)OC3C2,,1,198.412350379,193.542390089,170.563042523,0.2311307240144619,homopoly,187.50592766366665
68771319,,CCNC(CC1=CC=C(C=C1)CC2=CC=CC=C2)OC(=O)C=C,,0,155.70754273,167.802107396,199.486433653,0.2120626321650458,monomer,174.33202792633332
20195709,,CC(O)OC(C)OC(=O)C=C,,0,62.9722776601,72.8767971627,68.5104435922,0.05832958383754786,monomer,68.11983947166667
7837,,C=CC(=O)OCC1CO1,,0,36.6149305939,56.8486791207,71.3206489254,0.03923565054519904,monomer,54.92808621333333
85785799,,C=CC(=O)OCC1=C(OC(=N1)C2=CC=CC=C2)C3=CC=CC=C3,,0,61.2943777217,220.368187739,321.130245403,0.250562275441311,monomer,200.93093695456665
131749375,,CCC1=C[C-](C=C1)OC(=O)C=C,,0,100.865176357,112.907030595,101.983622075,0.11207512425679067,monomer,105.251943009
22413884,,C=CC(=O)OCCCCOCCC#N,,1,169.687807132,231.432737994,152.571581516,0.22687259672617424,homopoly,184.564042214
18934204,,CCC1(OCC(O1)COC(=O)C=C)C,,2,358.737633769,361.290194787,359.756390152,0.4806970155335537,homopoly,359.92807290266666
23067259,,C=CC(=O)OCCOCCOC=C,,0,76.7507538497,75.1109604658,103.820353269,0.08309124897397654,monomer,85.22735586150002
86753071,,C=CC(=O)OCCCCOC1=CC=C(C=C1)C2(CC=CC(=C2F)C3=CC=C(C=C3)CCCC=O)F,,1,422.879432201,543.044277073,599.267241681,0.7148919094616062,homopoly,521.7303169850001
155899493,,CCN1C2=CC=CC=C2C3=C1C=C(C=C3)COC(=O)C=C,,2,630.053899379,679.291608476,797.342213918,0.9761486460895891,homopoly,702.2292405909999
20342959,,CC(C)(C1=CC=CC=C1)C2=CC=CC=C2OC(=O)C=C,,1,269.898946692,342.118810677,322.309772684,0.41051831485300916,homopoly,311.4425100176667
173048,,CN(CCOC(=O)C=C)S(=O)(=O)CC(C(C(C(C(C(C(C(C(C(C(C(C(C(C(C(F)(F)F)(F)F)(F)F)(F)F)(F)F)(F)F)(F)F)(F)F)(F)F)(F)F)(F)F)(F)F)(F)F)(F)F)(F)F)(F)F,,0,234.229334395,285.643157312,220.999297094,0.3171814412736978,monomer,246.95726293366667
544523,,CC1=C(C(=C(C=C1)C(C)(C)C)O)CC2=C(C(=CC(=C2)C)C(C)(C)C)OC(=O)C=C,,1,425.689325481,495.834541863,463.981201794,0.6281986000431294,homopoly,461.83502304600006
251817,,CC1=CC=CC=C1OC(=O)C=C,,2,365.227876397,375.070241278,334.382889626,0.4782348616845077,homopoly,358.22700243366666
23067259,,C=CC(=O)OCCOCCOC=C,,1,167.391684102,178.343666828,162.5387572,0.20495969910606526,homopoly,169.42470271
87693,,CN(C)CCCOC(=O)C=C,,0,75.5959336004,85.8982377241,59.108727848,0.06616655143774167,monomer,73.53429972416667
18426508,,CS(=O)(=O)CCOC(=O)C=C,,1,145.444238433,138.547493761,159.543916928,0.1737252403867552,homopoly,147.845216374
111992,,C=CC(=O)OC1CC2CCC1C2,,1,184.219905528,156.633036993,156.150812538,0.19952207542545378,homopoly,165.667918353
68770745,,C=CC(=O)OC(CC1(CC=C(C=C1)CC2=CC=CC=C2)CC3=CC=CC=C3)N,,0,212.790862958,176.30228129,231.866827013,0.2593274118095775,monomer,206.986657087
68978057,,C=CC(=O)OCCOC1=C(C=CC=C1C2=CC=CC=C2)C3=CC=CC=C3,,1,527.028778817,502.640163781,204.982259975,0.555415915066174,homopoly,411.5504008576667
39485,,C=CC(=O)OCCOC1=CC=CC=C1,,2,424.564293434,378.748839452,355.228837845,0.5186953829967654,homopoly,386.1806569103333
59502637,,C=CC(=O)OC1=NC2=CC=CC=C2N1,,2,512.536207112,458.376074595,212.321563196,0.5306085075342593,homopoly,394.41128163433336
45036092,,C[C@]12CCC3C([C@@H]1CC[C@@H]2C(=O)COC(=O)C=C)CCC4=CC(=O)CC[C@]34C,,1,464.049993892,418.613776451,350.304493198,0.5546039450173406,homopoly,410.9894211803333
19706372,,C=CC(=O)OC1CCC(CC1)C2=CC=CC=C2,,1,305.435274391,299.894115096,162.332505362,0.33010690280405014,homopoly,255.88729828300004
22413884,,C=CC(=O)OCCCCOCCC#N,,0,89.6180461208,84.0731080314,95.7286066891,0.08971929387191022,monomer,89.8065869471
129698270,,C=CC(=O)OC1=C(C=CO1)[N+](=O)[O-],,2,255.567009623,366.626278979,304.533321113,0.40685108773386064,homopoly,308.908869905
21909470,,C=CC(=O)OC1CCCCO1,,2,282.814402251,266.547399405,308.067388749,0.37341706078976167,homopoly,285.809730135
121476710,,C[C@@]12CCC(C1(C)C)CC2OC(=O)C=C,,1,198.156741961,232.694585935,213.873176429,0.2707931207304442,homopoly,214.9081681083333
129864505,,C=CC(=O)OCC/C=C/CCCCCCCCCCC,,2,613.894842164,639.702153277,600.835007093,0.8544424613886717,homopoly,618.1440008446666
544164,,CC1CCC(C(C1)OC(=O)C=C)C(C)C,,0,103.783409322,97.7841417264,132.91112622,0.12110836414950499,monomer,111.4928924228
132277090,,CCN(CC)CC1=C(C(=CC(=C1)C=O)OC)OC(=O)C=C,,2,695.528877938,527.967920592,684.297239661,0.8801881205447069,homopoly,635.9313460636666
110651,,CCC(COC(=O)C=C)[N+](=O)[O-],,1,145.289781485,149.880956079,135.513588244,0.1675248436876302,homopoly,143.561441936
67744,,C=CC(=O)OCC(C(F)(F)F)(F)F,,1,105.475964117,104.951552961,118.120621712,0.11824704860191104,homopoly,109.51604626333334
91179,,C=CC(=O)OCC(CC(C(C(C(C(C(C(C(F)(F)F)(C(F)(F)F)F)(F)F)(F)F)(F)F)(F)F)(F)F)(F)F)O,,1,314.081221814,293.051322425,240.016669517,0.36845726546564084,homopoly,282.383071252
132275594,,CN(C)CC1=C(C(=CC(=C1)C=O)OC)OC(=O)C=C,,0,134.719541838,145.705103746,151.925529473,0.16832856840393917,monomer,144.116725019
71375967,,C=CC(=O)OCCCCOC1=CC=C(C=C1)C(=O)C2=CC=CC=C2,,1,369.823054963,341.001429413,390.173338348,0.49093197399686317,homopoly,366.9992742413333
3016667,,CCCCC(C)OC(=O)C=C,,0,68.3032328715,80.9754294784,88.9301653868,0.07466090946510331,monomer,79.40294257890001
54307722,,C=CC(=O)OCCCCCCCCF,,1,197.362796622,171.243896497,206.677797732,0.2372902961721091,homopoly,191.7614969503333
18325639,,CCCNCCOC(=O)C=C,,2,302.187054907,290.895371285,311.80443399,0.39631403192991776,homopoly,301.628953394
129762902,,CC(C)(C(Cl)(Cl)Cl)OC(=O)C=C,,0,101.172586989,96.184038519,67.9393284024,0.08772967472861729,monomer,88.4319846368
23500968,,CCCCCC(CCC)COC(=O)C=C,,0,144.757566731,103.545942081,98.1737409841,0.1268973329332813,monomer,115.4924165987
22134261,,C=CC(=O)OC1=CC=CC=C1[N+](=O)[O-],,1,249.672105676,228.36834503,84.8311510692,0.23130143147921398,homopoly,187.6238672584
13847850,,CC(C)CCCCCCCCCCCCCCCOC(=O)C=C,,0,162.866614977,196.614941488,177.211968077,0.21867125638359955,monomer,178.897841514
18459502,,C=CC(=O)OO,,0,39.3012489375,10.7413864671,47.9813352663,0.0070257170587929435,monomer,32.6746568903
543932,,C=CC(=O)OCCC1CC1=C,,1,147.00520408,158.653436164,153.694118298,0.18135654423315584,homopoly,153.11758618066668
13759504,,CC1=CC=C(C=C1)OC(=O)C=C,,2,406.603672589,368.063009035,322.000409346,0.4888425195324312,homopoly,365.55569699
3023345,,CC(C(=O)OCCCCCOC(=O)C=C)Br,,2,449.712787358,403.935913599,452.477549586,0.5899005856852846,homopoly,435.37541684766666
98887,,CC(C)(C)COC(=O)C=C,,2,266.854668249,276.016729869,301.771765199,0.3672481676560099,homopoly,281.54772110566665
57008258,,C=CC(=O)OC1=CC=C(C=C1)N=NC2=CC=CC=C2,,0,170.298958948,149.953101407,139.766779861,0.18167790962969196,monomer,153.33961340533335
16205716,,C=CC(=O)OCCC(C(C(C(C(C(C(C(C(C(C(C(C(C(F)(F)F)(C(F)(F)F)F)(F)F)(F)F)(F)F)(F)F)(F)F)(F)F)(F)F)(F)F)(F)F)(F)F)(F)F)(F)F,,0,187.461626765,179.63498593,207.746003587,0.23707710430446152,monomer,191.61420542733333
21421562,,COCCOCCOCCOCCOCCOCCOCCOC(=O)C=C,,1,361.211166204,330.553796055,341.518557979,0.4582617557353429,homopoly,344.4278400793333
12860205,,C=CC(=O)OCC1CCC2C(C1)O2,,2,339.205989284,379.128695761,331.154146548,0.46608035593539976,homopoly,349.829610531
21889445,,C=CC(=O)OC1CC(=O)OC1,,1,125.955797738,128.779704085,121.516679289,0.14126288746311413,homopoly,125.417393704
57008258,,C=CC(=O)OC1=CC=C(C=C1)N=NC2=CC=CC=C2,,2,889.14974478,750.82698435,474.738428132,0.9800216545955859,homopoly,704.9050524206667
17841663,,C=CC(=O)OC12CCC(C1)C=C2,,0,96.3590862406,55.8153667434,97.9481176659,0.0804089503810731,monomer,83.37419021663334
3465231,,C=CC(=O)OC1=C(C(=C(C(=C1Br)Br)Br)Br)Br,,1,403.755291924,364.602243539,154.975150298,0.40521361629474906,homopoly,307.7775619203333
162549,,CC1(CC(CC(N1C)(C)C)OC(=O)C=C)C,,0,107.287751792,129.017732724,113.035645655,0.1282790734738741,monomer,116.44704339033336
129652150,,CCCCCCCC/C(=C\OC(=O)C=C)/C(=O)N,,0,102.624823183,140.624252104,148.264414713,0.1486260334163715,monomer,130.50449666666665
129689811,,C=CC(=O)O[C@@]1([C@@H]([C@H]([C@H]([C@H](O1)O[C@@H]2[C@H](O[C@H]([C@@H]([C@H]2O)O)O)CO)O)O)O)CO,,1,324.682950481,282.46183334,286.406397761,0.3908448905460718,homopoly,297.85039386066666
58805559,,CCCC(=O)CCOC(=O)C=C,,1,167.925475959,166.464323932,146.277219674,0.1916400668294108,homopoly,160.222339855
122513490,,C=CC(=O)OCCC(=O)N1C[C@H]2CN(C(=O)[C@H]2C1)C3=CC=CC4=C3C=NN4C5=CC=CC=C5F,,0,223.653070015,353.141957967,217.53767217,0.3429748051299977,monomer,264.7775667173333
18298,,C=CC(=O)OC1CCCCC1,,2,306.429156883,296.653869113,320.367931971,0.4052706792584426,homopoly,307.816985989
90188966,,CCN(CCCCCCOC(=O)C=C)C1=CC=C(C=C1)N=NC2=C(C=C(C=C2)[N+](=O)[O-])C#N,,1,568.698962216,550.361840269,566.144119195,0.7727952249218534,homopoly,561.7349738933334
22348578,,C=CC(=O)OCC1=CC=CC=C1O,,0,96.7899795154,114.353641354,53.2301792459,0.08728476184240933,monomer,88.12460003843334
138402884,,C/C=C\CCOC(=O)C=C,,1,126.920413931,146.19202991,150.374227498,0.164052180840341,homopoly,141.16222377966668
14454815,,C=CC(=O)OC1CCCO1,,1,108.19619354,137.675044167,130.009779464,0.141083811455268,homopoly,125.29367239033331
92001635,,C=CC(=O)OC(CC(C(C(C(C(C(F)(F)F)(F)F)(F)F)(F)F)(F)F)(F)F)CO,,1,217.992572337,241.95322976,206.670939463,0.2813555003525086,homopoly,222.20558052
18629896,,C=CC(=O)OC1=C(C=C(C=C1)[N+](=O)[O-])[N+](=O)[O-],,0,111.63923902,117.068160447,104.769165544,0.1206248735873956,monomer,111.15885500366667
58231717,,C=CC(=O)OC1=C(C=C(C=C1)C2=CC=CC3=C2SC4=CC=CC=C34)C5=CC=CC6=C5SC7=CC=CC=C67,,1,652.397659193,509.110087936,848.830117374,0.9296625899550226,homopoly,670.112621501
101152230,,C[C@@]12CC[C@@H](C1)C([C@@H]2OC(=O)C=C)(C)C,,0,87.8282637426,115.535925107,120.96243758,0.116210289377573,monomer,108.10887547653331
93414,,CC(COCC(C)OC(=O)C=C)OCC(C)OC(=O)C=C,,2,583.393783238,534.475007848,552.989502992,0.7658733865824419,homopoly,556.9527646926666
59317428,,CC(=O)OC1=CC=C(C=C1)CCOC(=O)C=C,,0,125.541490639,168.05413554,61.058758133,0.1308425669470777,monomer,118.21812810400002
688322,,CC(C)(C)C1CCC(CC1)OC(=O)C=C,,0,107.104050353,104.419272502,125.586486739,0.12237781039935841,monomer,112.36993653133334
86631897,,CS(=O)(=O)OC12CC3CC(C1)CC(C3)(C2)OC(=O)C=C,,0,151.670625118,131.837661608,131.83474518,0.16012310724803394,monomer,138.447677302
85552495,,COC1=CC=C(C=C1)N=NC2=CC=C(C=C2)OCCOC(=O)C=C,,0,180.922705288,224.790682138,155.19872915,0.23035603579783162,monomer,186.97070552533333
86607858,,C=CC(=O)OC=O,,0,57.4436780611,49.1794325593,6.30010611024,0.014214178031339182,monomer,37.64107224354667
16205839,,C=CC(=O)OCC(COC1=C(C=CC=C1Br)Br)O,,2,603.446161607,490.817522836,480.214680653,0.7193728217051361,homopoly,524.8261216986667
171789,,CCC1(COCOC1)COC(=O)C=C,,1,180.650455808,182.974800961,180.064690315,0.2220468305696324,homopoly,181.22998236133333
129847185,,C[C@@H]1CC[C@H]2C[C@@H]3[C@@H](CCC([C@]3(CC[C@@H]1C2(C)C)C)(O)OC(=O)C=C)C,,1,380.973812209,413.407756925,361.735211469,0.5175252979792934,homopoly,385.372260201
44435789,,CCCCCCC1=CC=CC=C1OC(=O)C=C,,1,295.436140518,201.716715354,274.397906563,0.3319831704190202,homopoly,257.1835874783333
3034295,,CCN(CCOC(=O)C=C)S(=O)(=O)C(C(C(C(F)(F)F)(F)F)(F)F)(F)F,,0,155.225071768,111.519144468,138.999691946,0.15549180402745877,monomer,135.24796939400002
21896341,,CCC1(CCCC1)OC(=O)C=C,,1,175.469207822,182.231868478,150.303309421,0.20482956574208538,homopoly,169.3347952403333
54033718,,CCCCC(CN1C=NC=N1)(COC(=O)C=C)C2=CC=C(C=C2)Cl,,1,252.539454082,359.777366826,443.795570837,0.46927603466042067,homopoly,352.037463915
14899,,CC(C)CCCCCCCOC(=O)C=C,,2,454.335739633,453.746075478,442.653657053,0.6114232618900038,homopoly,450.245157388
13590738,,C=CC(=O)OCCOP1(=O)OCCO1,,2,325.518362906,368.55802313,310.842972294,0.44457685717892576,homopoly,334.97311944333336
11218292,,CC1(C2CC3CC(C2)CC1C3)OC(=O)C=C,,0,135.800800277,110.841405631,100.184659886,0.1270660126735987,monomer,115.60895526466668
57428993,,C=CC(=O)OCCC(=O)N=[N+]=[N-],,1,176.078499381,149.914312672,109.442528133,0.16981707252252032,homopoly,145.1451133953333
21938748,,CC(CCC=C(C)C)CCOC(=O)C=C,,0,135.721509367,99.6929748288,105.271998936,0.1241034532966516,monomer,113.56216104393332
22664433,,C=CC(=O)OCC(C(C(C(C(F)(F)F)(F)F)(F)F)(F)F)(F)F,,2,315.532450751,308.89906341,376.341719173,0.44257647020621976,homopoly,333.591077778
5367501,,C=C/C=C/CCCCOC(=O)C=C,,1,215.42308623,181.779439008,223.868403145,0.2593809454540267,homopoly,207.0236427943333
58231738,,CC1=CC(=C(C(=C1)C2=CC=CC3=C2SC4=CC=CC=C34)OC(=O)C=C)C5=CC=CC6=C5SC7=CC=CC=C67,,0,250.346627274,373.209475123,419.315661632,0.46288780969877863,monomer,347.62392134300006
85552495,,COC1=CC=C(C=C1)N=NC2=CC=C(C=C2)OCCOC(=O)C=C,,1,438.629994533,570.048709179,401.734133407,0.6402158871814679,homopoly,470.137612373
86740375,,COC(=O)COC(=O)C=C,,1,111.567626481,101.254347643,131.679183171,0.12594392470273444,homopoly,114.83371909833332
223953,,CCC(C)(C)C1CCC(CC1)OC(=O)C=C,,0,112.761044519,127.324474064,122.390157789,0.13461611713228594,monomer,120.82522545733332
19706366,,C=CC(=O)OC1CCC(CC1)C2CCC(=CC2)C3=C(C(=CC=C3)F)F,,1,314.10469261,348.597334613,447.260367908,0.4952571243182218,homopoly,369.98746504366665
58319698,,C=CC(=O)OCCC(=O)ON1C(=O)CCC1=O,,2,360.911457907,431.480619081,399.531623562,0.5348011148598281,homopoly,397.3079001833333
86280152,,C[C@H](CCC(=O)N[C@@H]1[C@H]([C@@H]([C@H](OC1O)CO)O)O)[C@H]2CC[C@@H]3[C@@]2([C@H](C[C@H]4[C@H]3[C@@H](C[C@H]5[C@@]4(CC[C@H](C5)OC(=O)C=C)C)O)O)C,,0,266.200541423,262.404586398,372.591015525,0.3945333663962439,monomer,300.3987144486667
210152,,CCOC(=O)COC(=O)C=C,,2,284.480799381,240.638506656,273.186969564,0.34489194187115063,homopoly,266.102091867
13627534,,C=CC(=O)OC1=C(C(=C(C(=C1F)F)C#N)F)F,,1,203.625809775,206.305654543,193.410902145,0.2508274203326681,homopoly,201.11412215433333
84902,,C=CC(=O)OC1=CC(=C(C=C1)C(=O)C2=CC=CC=C2)O,,0,133.437709515,177.831446956,164.350037819,0.18920463520823497,monomer,158.53973143
346146,,COC1=CC=C(C=C1)COC(=O)C=C,,1,160.530258371,243.618702641,196.010299511,0.24929166256818633,homopoly,200.053086841
19706381,,C=CC(=O)OC1CCC(CC1)C2CCC(CC2)C3=C(C(=CC=C3)F)F,,1,343.62950713,318.803426047,418.897032666,0.48144279440778803,homopoly,360.4433219476667
12803541,,C=CC(=O)OCCOC(=O)CBr,,0,73.0422680145,59.0571506883,93.4519830098,0.06855406267417768,monomer,75.18380057086667
543695,,C=CC(=O)OC1=CC(=C(C=C1Cl)Cl)Cl,,1,209.337433304,149.472426725,309.741848573,0.2822890667228342,homopoly,222.850569534
88387,,CC(C)(CN(C)C)COC(=O)C=C,,2,352.832514991,380.202308029,363.295165814,0.4886798773733124,homopoly,365.44332961133335
10131189,,CC(C(=O)OCCOC(=O)C=C)Br,,1,172.251521258,164.213155063,182.293463304,0.21001794506928875,homopoly,172.919379875
146013805,,C=CC(=O)OC(C#N)(C(F)(F)Cl)C(F)(Cl)Cl,,2,343.0650998,371.209784666,370.456417171,0.48308384184815223,homopoly,361.5771005456666
57038445,,C=CC(=O)OCC(COC(=O)C=C)OC(=O)C=C,,2,455.577745993,535.756380556,360.414210012,0.611911940052585,homopoly,450.5827788536667
543288,,CCCCCCCCCCC(CCCC)OC(=O)C=C,,0,142.592637899,176.452603058,143.824673677,0.18305347166158548,monomer,154.28997154466666
16206038,,CC(COCC(COCC(C)OC(=O)C=C)OCC(C)O)O,,2,532.629285533,576.887253926,607.814538527,0.7882951784012195,homopoly,572.443692662
3022443,,CCCCCCCCCCCCCCC(C)COC(=O)C=C,,0,202.114493555,155.288295008,155.268537842,0.20708123141923493,monomer,170.89044213499997
4065231,,C=CC(=O)OCC1=C2C=CC=CC2=CC3=CC=CC=C31,,0,143.854711081,169.671102055,217.808491245,0.2160855856176989,monomer,177.1114347936667
21909953,,C=CC(=O)OF,,0,44.0081785841,13.3452080057,34.5382249959,0.004067028828741062,monomer,30.63053719523333
163752588,,C=CC(=O)OC1=CC2=C(C=C1)SC(=O)O2,,0,172.270209808,113.544644979,42.3148732436,0.1180451773526961,monomer,109.3765760102
54530313,,CC1(COC(OC1)CCOCCOC(=O)C=C)C,,2,479.013979578,467.398283964,466.041508414,0.6412005799883695,homopoly,470.81792398533327
124202873,,CO[13C](=O)[13CH]=[13CH2],,0,48.7001552204,32.1168975548,31.0298529062,0.013694888669933937,monomer,37.2823018938
543285,,CCCCCCCCCCCCCC(C)OC(=O)C=C,,2,637.967393372,596.499203362,617.156795715,0.8530873871854423,homopoly,617.207797483
11689422,,C=CC(=O)OC[C@@H](C(=O)O)N,,1,114.620490285,117.840543757,132.737839481,0.1359299820326992,homopoly,121.732957841
4184941,,COCCCOCCCOCCCOC(=O)C=C,,1,247.572239502,262.664127185,214.173517098,0.30923904195585306,homopoly,241.46996126166664
15208778,,COC(=O)NCCOC(=O)C=C,,0,78.918726409,72.6925460952,58.3346773007,0.06102487753637575,monomer,69.9819832683
117434,,C[C@]12CC[C@H](C1(C)C)C[C@H]2OC(=O)C=C,,1,240.364925154,202.416814132,204.767950325,0.27215619199507013,homopoly,215.849896537
59502637,,C=CC(=O)OC1=NC2=CC=CC=C2N1,,0,213.370176901,79.3570753191,33.2858950289,0.11702398753659621,monomer,108.671049083
346146,,COC1=CC=C(C=C1)COC(=O)C=C,,2,402.860950003,387.886431339,341.359985765,0.5059414412393146,homopoly,377.369122369
117909270,,C=CC(=O)NC1=CC=CC(=C1)C2=CC=CC3=CN=C(N=C32)NC4=CC=C(C=C4)N5CCN(CC5)CCOC(=O)C=C,,0,412.333741894,452.691649251,207.6656138,0.477274742345984,monomer,357.56366831500003
2782282,,C=CC(=O)OC(C)(C)C,,0,51.7364918442,79.8119200486,54.200846228,0.04935066441589505,monomer,61.9164193736
18767473,,CCCCCCCCCC(CCCCCC)OC(=O)C=C,,2,686.885747719,605.590962887,665.859666249,0.904573356380843,homopoly,652.7787922850001
13587852,,C=CC(=O)OC1=C(C(=CC(=C1F)F)F)F,,2,362.838657829,292.083422811,357.820477166,0.4483513276379129,homopoly,337.580852602
86741359,,C=CC(=O)OCCN(CC)CC,,1,182.551223299,159.467538472,155.315688318,0.19968162633879782,homopoly,165.77815002966665
23496545,,CCCCCC(C)OC(=O)C=C,,0,85.7151409728,82.3479329628,94.2197389807,0.08627592019942706,monomer,87.42760430543335
54092897,,C=CC(=O)OCCCCOC(=O)C1=CC=C(C=C1)O,,0,162.542898433,136.053125319,85.0020820329,0.1448070864518868,monomer,127.86603526163331
3019629,,CC(C1=CC=CC=C1[N+](=O)[O-])OC(=O)C=C,,0,81.5514840833,103.886315183,137.948050181,0.11575639133508031,monomer,107.7952831491
54457440,,CC(C)(C)C(OC(=O)C=C)Br,,0,70.6344908236,64.5887836857,110.496059572,0.07828451441301432,monomer,81.90644469376666
546207,,C=CC(=O)OCC(C)C,,2,256.513409966,244.929830823,246.75143813,0.3207145267471788,homopoly,249.39822630633333
86736825,,CCC(C)(NS(=O)(=O)C)OOC(=O)C=C,,2,456.938582619,399.47529046,409.984702043,0.5707331161939574,homopoly,422.132858374
19779557,,C=CC(=O)OC1=CC=CS1,,1,161.47239209,118.622137668,156.014860266,0.17014228233076073,homopoly,145.36979667466667
88709012,,C=CC(=O)OCC1=C(C=C(C=C1)[N+](=O)[O-])[N+](=O)[O-],,0,159.444157228,59.5075094733,111.276609751,0.11905766706982021,monomer,110.07609215076666
155108413,,CC(C)(CCOC(C)(C)COC(=O)C=C)OC(=O)C=C,,0,121.669988847,139.925984223,139.579616415,0.1532877206441878,monomer,133.725196495
18679053,,CC(C(C(C(C(C(C(C(C(OC(=O)C=C)(F)F)(F)F)(F)F)(F)F)(F)F)(F)F)(F)F)(F)F)F,,2,504.450423611,491.920801667,454.480428604,0.6597264620730573,homopoly,483.61721796066666
13550,,CCCOC(=O)C=C,,1,109.664440811,109.953369458,102.897674325,0.11533646513514126,homopoly,107.50516153133331
114487,,CCCCOCC(COC(=O)C=C)O,,2,412.857846541,361.112617508,333.50743744,0.4940584270478735,homopoly,369.1593004963333
15284,,C=CC(=O)OCC(O)COc1ccc(C(C)(C)c2ccc(OCC(O)COC(=O)C=C)cc2)cc1,,0,195.977359499,240.673377716,315.554583732,0.32264954705475235,monomer,250.73510698233332
3023456,,CCCNC(=O)OCCOC(=O)C=C,,0,89.182876393,73.1377124607,108.889423304,0.09058303903508094,monomer,90.4033373859
169029,,C=CC(=O)OCCNC(C)(C)C,,1,157.65516844,158.336311739,184.139436981,0.20103084188435577,homopoly,166.71030571999998
640210,,C=CC(=O)OCCCCCCOC1=CC=C(C=C1)C(=O)OC2=CC=C(C=C2)C#N,,0,352.051212036,146.492046876,192.102160146,0.2929486514236231,monomer,230.215139686
19042,,C=CC(=O)OCC(CO)(COC(=O)C=C)COC(=O)C=C,,1,277.014275757,279.805634195,236.136074024,0.3423105788690334,homopoly,264.3186613253333
58800674,,CC1=CC=C(C=C1)N(C2=CC=C(C=C2)C)C3=CC=C(C=C3)C4=CC=C(C=C4)OC(=O)C=C,,1,589.98841895,505.779119366,792.85011579,0.8709360625521843,homopoly,629.5392180353333
22283435,,C=CC(=O)OCC1=CC(=CC=C1)OC2=CC=CC=C2,,0,149.262241543,193.765730488,95.0984986232,0.17111546616372336,monomer,146.04215688473332
3022446,,CCCCCCCCCCCCCCCCCC(C)COC(=O)C=C,,0,230.808129686,182.897788252,179.493792408,0.24593387824586235,monomer,197.733236782
59642034,,C=CC(=O)OCCOC1CC2CC1C3C2C4C(C3)O4,,1,223.759570481,254.499888467,278.66018178,0.32492407179391974,homopoly,252.3065469093333
129681856,,C=CC(=O)OC1=C(C=CC(=C1)N)C(=N)N,,2,440.678859075,456.447238995,394.018990803,0.5826726027688067,homopoly,430.381696291
86631897,,CS(=O)(=O)OC12CC3CC(C1)CC(C3)(C2)OC(=O)C=C,,1,276.81214393,266.385407191,272.242606118,0.35315855072968905,homopoly,271.8133857463334
114487,,CCCCOCC(COC(=O)C=C)O,,1,194.161545898,193.232465376,168.079687217,0.22773215429405205,homopoly,185.157899497
27134,,CCSCCOC(=O)C=C,,0,75.671916598,44.0792361395,104.48418134,0.06791909760317916,monomer,74.74511135916667
141738169,,CC1=CC(=O)NC(=N1)NC(=O)NCCCCCCNC(=O)OCCCCOC(=O)C=C,,0,238.101517546,143.599258143,248.91992885,0.2639884398815103,monomer,210.206901513
174625,,CCC1(COC(OC1)C(C)(C)COC(=O)C=C)COC(=O)C=C,,2,615.681771073,612.193753608,620.84402594,0.8516863663843005,homopoly,616.239850207
24627,,C=CC(=O)OCCOCCC#N,,2,287.659178233,305.502366799,284.275220018,0.3830701445038109,homopoly,292.47892168333334
19357572,,C=CC(=O)OCCOCCOP(=O)(O)O,,2,353.274045861,352.834760033,333.824297688,0.46146998990775534,homopoly,346.6443678606667
21867900,,C=CC(=O)OC(=O)O,,0,64.7793829655,52.0611505435,1.24546162401,0.016705071255502038,monomer,39.361998377670005
45120227,,CC(C)C(=O)NCCOC(=O)C=C,,0,71.985360515,88.4588133343,93.4691461508,0.08223787874774063,monomer,84.63777333336667
13878527,,C=CC(=O)OCCC(C(C(C(C(C(C(C(C(C(C(C(C(F)(F)F)(F)F)(F)F)(F)F)(F)F)(F)F)(F)F)(F)F)(F)F)(F)F)(F)F)(F)F)(F)F,,2,625.473412275,708.671882363,688.22583196,0.9354682954649185,homopoly,674.123708866
61642,,C=CC(=O)OCCOCCO,,1,131.945088821,132.905934479,135.088744455,0.15269147193203755,homopoly,133.31325591833334
2775810,,C=CC(=O)OCC(CC(C(C(C(F)(F)F)(F)F)(F)F)(F)F)O,,1,163.279198065,176.349798379,222.568706937,0.23097629473828465,homopoly,187.39923446033333
129883543,,COC1=CC=C(C=C1)C=NCCOC(=O)C=C,,1,248.013684131,236.193344051,297.833151512,0.33704401485965435,homopoly,260.680059898
3022441,,CCCCCCCCCCCCC(C)COC(=O)C=C,,0,160.818951006,176.964369978,129.681504056,0.18527038478547372,monomer,155.82160834666666
21889445,,C=CC(=O)OC1CC(=O)OC1,,0,47.4086292725,72.2498555848,73.8143009735,0.053077046092598716,monomer,64.49092861026666
23467942,,CC1=CC(=C(C=C1)OC(=O)C=C)N2N=C3C=CC=CC3=N2,,2,890.323824604,706.078338556,439.074593556,0.9417913879385998,homopoly,678.4922522386667
167312926,,C=CC(=O)OCCOCCOCCNC(=O)OCC1[C@H]2[C@@H]1CCC#CCC2,,0,187.291268832,139.635594104,214.839926506,0.22111896189774524,monomer,180.588929814
129824099,,CC(C)(C(=O)OC12CC3CC(C1)CC(C3)(C2)OC(=O)C=C)Br,,2,564.844483017,666.564728772,623.195236392,0.8545256614914404,homopoly,618.201482727
82699,,C=CC(=O)OCC1=CC=CO1,,0,78.4711933598,77.1088330633,50.6378746838,0.05922620044480533,monomer,68.73930036896665
7234,,C=CC(=O)OCC1CC2CC1C=C2,,2,336.43027056,378.338006817,366.553193964,0.48143869605302136,homopoly,360.440490447
17258,,CCCCCCCCOC(=O)C=C,,2,397.590544824,390.795590837,357.748051107,0.5127089813750874,homopoly,382.0447289226667
39850,,C=CC(=O)OC1C=CC2C1C3CC2C=C3,,0,97.4666196726,121.169046875,106.235999243,0.11647325531285194,monomer,108.29055526353334
23496545,,CCCCCC(C)OC(=O)C=C,,2,329.298651517,356.257069065,358.143981881,0.46328726636233164,homopoly,347.899900821
564417,,C=CC(=O)OCCCCC=C1CC1,,2,392.084245453,388.131529594,386.083631294,0.5224381242674268,homopoly,388.76646878033335
17787778,,CCCCCC(OC(=O)C=C)OC(=O)C=C,,2,424.27984902,371.588214213,496.854017619,0.583433456388487,homopoly,430.907360284
129712286,,C=CC(=O)OCCCCCCCCCCCCCCS(=O)(=O)O,,1,329.694851749,349.965258299,326.791595892,0.44531617116479405,homopoly,335.48390198
129851950,,C=CC(=O)OCC1=CC(=CC(=C1)Br)Br,,0,109.333077453,126.927826844,95.6486631487,0.11986884198706704,monomer,110.6365224819
543200,,CC(C)(C1CC1=C)OC(=O)C=C,,0,61.5506256202,84.5017725764,113.469687386,0.08494394805703995,monomer,86.50736186086665
22114509,,CCCC(C)(C)OC(=O)C=C,,0,102.352918351,70.2160887461,67.1657363055,0.07539712022152262,monomer,79.91158113419999
23648078,,CCCCCCOC(=O)C1=CC=CC=C1OC(=O)C=C,,1,335.739231351,271.052259921,256.22606557,0.3761132880935856,homopoly,287.67251894733334
10997741,,CC(=O)OCCCCOC(=O)C=C,,2,326.238524424,314.191676514,346.846063269,0.43606456783021497,homopoly,329.092088069
54542510,,C=CC(=O)OC12CC3CC(C1)CC(C3)C2O,,1,195.946524134,257.401508842,206.907673901,0.278286482673331,homopoly,220.08523562566663
21251844,,C=CC(=O)OCCCCCCOc1ccc2ccc(=O)oc2c1,,0,181.311463494,103.343932985,247.813228582,0.21663286297024661,monomer,177.489541687
156595944,,C=CC(=O)Oc1cc(C)ccc1C(C)C,,0,151.086604624,63.58620591,141.569308355,0.13160860356367987,monomer,118.747372963
87150,,C=CC(=O)OCCC(C(F)(F)F)(F)F,,0,75.6370412488,35.6682129886,79.3017853707,0.051694405333697103,monomer,63.53567986936667
129712170,,C=CC(=O)ON1C=CN=C1,,0,93.3893082525,45.9263162826,46.2140816482,0.04924473687245844,monomer,61.84323539443333
156600199,,C=CC(=O)OCc1cc(C(=O)c2ccc(F)cc2)no1,,0,69.613715394,136.985499341,197.026962367,0.15447005922521242,monomer,134.542059034
54530313,,CC1(COC(OC1)CCOCCOC(=O)C=C)C,,0,121.1821672,111.087729359,123.821472939,0.1315358712851811,monomer,118.697123166
543281,,CCCCCCCCCCC(CC)OC(=O)C=C,,0,144.392051924,117.831729486,154.340008577,0.16071208817948535,monomer,138.85459666233334
66643440,,CC(C)(CCOC(=O)C=C)SC1=CC=CC=C1,,0,134.748372617,109.012804018,159.292351517,0.15419377245126836,monomer,134.35117605066668
141326481,,CCCCCC1=CC=C(C=C1)OCCCCCCCCOC(=O)C=C,,1,410.373820641,395.473036744,373.443945657,0.5287061023778327,homopoly,393.0969343473333
67058367,,C=CC(=O)OC1=CC=CC(=C1)OC2=CC=CC=C2,,0,173.832583072,65.3807805794,182.574947396,0.1632327704739012,monomer,140.5961036824667
12353532,,C=CC(=O)OC1=C(C=C(C=C1)Cl)Cl,,2,436.634188947,467.858598018,362.001488062,0.5707792886666726,homopoly,422.1647583423334
58468614,,C=CC(=O)OCCC(=O)NC1=CC=CC=N1,,0,81.2998462068,104.491680137,140.714311649,0.11726169675819983,monomer,108.83527933093336
13225029,,CCC(C)(C)OC(=O)C=C,,0,56.0313617318,76.6254447262,77.9031004581,0.061321094319089615,monomer,70.1866356387
22051805,,C=CC(=O)OCC1CCC2C1C3CCC2C3,,2,436.14451796,450.306070156,488.527488729,0.6231196267210494,homopoly,458.326025615
22413884,,C=CC(=O)OCCCCOCCC#N,,2,346.100946899,360.23106446,366.436461517,0.47731211841161736,homopoly,357.58949095866666
59705777,,C=CC(=O)OC1=C(C2=C(CCCC2)C=C1)C3=C(C=CC4=C3CCCC4)OC(=O)C=C,,0,185.831695858,257.511734606,284.841741966,0.31106051097353793,monomer,242.72839081
18298,,C=CC(=O)OC1CCCCC1,,1,152.574037848,166.27870175,148.360776352,0.1851491353223621,homopoly,155.73783865
98056,,CC1CC(CC(C1)(C)C)OC(=O)C=C,,0,106.758286536,109.105020615,93.0442303315,0.1087710190491265,monomer,102.96917916083332
45120227,,CC(C)C(=O)NCCOC(=O)C=C,,2,347.06726162,342.764991554,336.096484996,0.4547132833062405,homopoly,341.9762460566667
3016305,,C=CC(=O)OCCOC(=O)Cl,,1,107.528707004,121.998650112,153.676152286,0.144616704959628,homopoly,127.734503134
85416,,C=CC(=O)OCCOC1=CC(=C(C=C1)C(=O)C2=CC=CC=C2)O,,0,205.225823545,105.270992449,214.568130938,0.21306079958729315,monomer,175.02164897733334
169440089,,CCO[13C](=O)[13CH]=[13CH2],,2,172.820288792,188.107223567,177.399381287,0.21945931035698782,homopoly,179.44229788200002
129675135,,C=CC1=C(C2=CC=CC=C2O1)OC(=O)C=C,,1,328.000302615,170.555260545,298.085427397,0.34408848936765074,homopoly,265.54699685233334
14793980,,C=CC(=O)OCC1CC2CC1C3C2CCC3,,2,470.990842733,461.96978957,439.071870623,0.621698471377109,homopoly,457.344167642
17841663,,C=CC(=O)OC12CCC(C1)C=C2,,2,346.577068675,305.562181455,351.273575637,0.443849998216427,homopoly,334.47094192233334
14671035,,C=CC(=O)OCCC(C(C(C(C(F)(F)F)(F)F)(F)F)(F)F)(F)F,,0,116.994944979,85.8171713619,71.3877157204,0.09202554180373079,monomer,91.39994402043332
129712170,,C=CC(=O)ON1C=CN=C1,,2,294.885221648,193.066342283,252.684320603,0.31706762419800233,homopoly,246.878628178
86748998,,C=CC(=O)OCCOC(=O)CC(C)=O,,1,150.892909901,167.622255306,184.484922365,0.20241513471686215,homopoly,167.66669585733334
146036144,,C=CC(=O)OC1=COC2=CC=CC=C2C1=O,,2,362.703712055,489.061731226,564.008514196,0.6428024747381861,homopoly,471.9246524923333
3022438,,CCCCCCCCCC(C)COC(=O)C=C,,1,254.275668401,263.330551925,254.084052135,0.33205048002469817,homopoly,257.2300908203333
640118,,C=CCCCOC(=O)C=C,,1,139.588223746,159.231720755,122.045596102,0.1627875600720062,homopoly,140.28851353433333
54311286,,C=CC(=O)OC(CSCC1=CC=CC=C1)CSCC2=CC=CC=C2,,0,158.980140657,197.2479375,220.35490913,0.2379167836410556,monomer,192.1943290956667
8846,,CCCCOC(=O)C=C,,0,78.7602473754,35.6508845498,71.4013907856,0.04938118777488488,monomer,61.93750757026667
18696725,,CC(C(C(C(C(C(OC(=O)C=C)(F)F)(F)F)(F)F)(F)F)(F)F)(F)F,,2,392.22298513,354.854387782,362.544392985,0.4950927804349876,homopoly,369.8739219656666
3050397,,CC(C)CCCCCCCCCOC(=O)C=C,,2,500.664416799,566.380478447,479.51552812,0.7059032116486772,homopoly,515.5201411219999
870529,,C=CC(=O)OC1=CC=C(C=C1)N2CC3=CC=CC=C3C2=O,,0,49.9263031986,215.762707232,251.068395686,0.20905264825601835,monomer,172.25246870553335
3018311,,CC(C)(C1=CC=C(C=C1)OCCO)C2=CC=C(C=C2)OCCOC(=O)C=C,,0,214.939911826,204.410026865,198.315635931,0.257737959459265,monomer,205.888524874
7827,,CCOCCOC(=O)C=C,,2,249.689411047,297.285373235,242.83494667,0.3407926015846731,homopoly,263.2699103173333
86759875,,C=CC(=O)OCCOS(=O)(=O)c1ccc(C)cc1,,1,255.297516896,225.018051517,298.075879875,0.33528360609761576,homopoly,259.463816096
13878526,,C=CC(=O)OCCC(C(C(C(C(C(C(C(C(C(C(F)(F)F)(F)F)(F)F)(F)F)(F)F)(F)F)(F)F)(F)F)(F)F)(F)F)(F)F,,1,324.864251369,258.455733647,318.030063513,0.39460762125431065,homopoly,300.4500161763333
13847846,,CC(C)CCCCCCCCOC(=O)C=C,,1,250.363081454,233.627962407,236.764497698,0.3074759261333074,homopoly,240.2518471863333
129698270,,C=CC(=O)OC1=C(C=CO1)[N+](=O)[O-],,1,146.724856872,149.284023701,160.040111652,0.17976257128063575,homopoly,152.01633074166668
19098703,,C=CC(=O)OC(C(F)(F)F)(C(F)(F)F)C(F)(F)F,,1,122.191261971,131.629140062,130.69899892,0.14525158507507407,homopoly,128.173133651
71353023,,CCCCCCCCC(CCCCCCCC)COC(=O)C=C,,0,196.687512332,156.271566619,186.403692836,0.21995909199419514,monomer,179.78759059566667
44580760,,C=CC(=O)OC(CCN1CCN(CC1)CCCN(C2=CC=C(C=C2)F)C3=CC=C(C=C3)F)C4=CC=CC=C4,,1,570.268183459,512.563972066,627.0154096,0.784684597038703,homopoly,569.9491883750001
99770075,,C=CC(=O)OC(C#N)(C(F)(F)F)C(F)(F)F,,1,136.062220272,127.028816791,121.399878934,0.14523784189681593,homopoly,128.16363866566667
23635728,,C=CC(=O)OC1=CC2=C(CCCC2)C=C1,,0,171.916322733,70.9823320392,115.942502985,0.13286256563634277,monomer,119.6137192524
125483581,,C=CC(=O)OCCOC(=O)C(Cl)Cl,,2,318.077674908,350.083043243,344.698604872,0.4484076635224262,homopoly,337.61977434100004
88216,,C=CC(=O)OCCN1CCOCC1,,0,96.5735590327,74.0654549132,84.8264899447,0.08298676317278708,monomer,85.15516796353333
543287,,CCCCCCCCCCCC(CCC)OC(=O)C=C,,0,149.181638598,154.349235648,156.394715143,0.18163291876721077,monomer,153.30852979633335
13651710,,CC(C)(COC(=O)C=C)C=O,,2,271.23740419,266.251218344,317.671257104,0.37232218311489473,homopoly,285.0532932126667
129854610,,CCCCCCCCCCOC(=O)CCOC(=O)C=C,,0,132.651272782,154.269308631,134.090861344,0.16285795369700137,monomer,140.33714758566668
22179230,,CCCCOC(=O)C1=CC=C(C=C1)OC(=O)C=C,,2,471.931914472,609.276310554,581.701070549,0.7620382216834577,homopoly,554.303098525
129762230,,CC(=O)OC1CC2CC1CC2OC(=O)C=C,,0,88.778326367,105.037261639,119.705243424,0.11099680170708914,monomer,104.50694381
129753987,,C=CC(=O)OC1CCN(CC1)C2=C(C(=C(C(=C2F)F)C3=NN(C(C3)C4=CC=CC=C4)C5=CC=CC=C5)F)F,,0,478.256700403,263.781128336,329.123648843,0.47653678904879815,monomer,357.0538258606667
229992,,CC(=C)COC(=O)C=C,,1,145.764918439,135.806803646,90.6350912514,0.1393111129734589,homopoly,124.06893777880002
129824284,,C=CC(=O)OCC1COC(O1)C2=CC=C(C=C2)Cl,,2,519.425294935,477.397373276,466.334549488,0.6656635453918374,homopoly,487.71907256633335
3532725,,C=CC(=O)OCCSC,,0,68.7502369718,65.8666593976,61.0308523698,0.05412640361854874,monomer,65.21591624640001
21036103,,C=CC(=O)OCCCCOC1=CC=C(C=C1)C2=CC=C(C=C2)C#N,,1,393.420946003,338.991429394,440.632135185,0.5256924445463034,homopoly,391.01483686066666
10355061,,C=CC(=O)OCCCCCC,,0,64.488985333,81.2915373224,90.1734471599,0.07357300487572815,monomer,78.65132327176667
20566720,,C=CC(=O)OCCCOC1=CC=C(C=C1)O,,1,272.158351316,183.34002461,184.835791106,0.2686749082946939,homopoly,213.444722344
44577301,,C=CC(=O)OC[C@@H](CBr)Br,,0,103.47832488,61.0177336168,55.6704031752,0.06595598280046158,monomer,73.38882055733333
129761732,,C=CC(=O)OCC1OCCO1,,1,119.868204977,125.879127817,147.660240806,0.14953987469281915,homopoly,131.13585786666667
16217174,,C=CC(=O)OC[C@@H]1CCCN1C2=CC=C(C=C2)[N+](=O)[O-],,2,767.511903545,516.393877537,500.566000543,0.820688651590605,homopoly,594.8239272083333
54438140,,C=CC(=O)OCCC1NCCO1,,0,62.1744250839,70.3639218706,90.5915497928,0.06738575564252713,monomer,74.3766322491
129854619,,CCCCCCCCCCCCCCOC(=O)CCOC(=O)C=C,,1,335.005135468,351.688380968,371.987500304,0.4705153229073312,homopoly,352.89367224666665
23201,,C=CC(=O)OC1CC2CCC(C1)N2C,,0,108.90014967,109.080928981,71.7365082587,0.09951241561345231,monomer,96.5725289699
19996,,C=CC(=O)OCCOCCOC(=O)C=C,,0,75.9855055809,115.436132887,93.7597844119,0.09732384593930513,monomer,95.06047429326668
129854430,,CCCCCCCCCCCCCCCCOC(=O)CCOC(=O)C=C,,0,189.036381795,192.67374222,194.295937272,0.23763843331256115,monomer,192.002020429
543200,,CC(C)(C1CC1=C)OC(=O)C=C,,1,187.827650462,173.958496241,158.611956547,0.21080918071083996,homopoly,173.46603441666664
11970919,,CCC1(COC(OC1)(C)C)COC(=O)C=C,,0,96.2287188624,106.128897341,119.951092904,0.11523670186460105,monomer,107.43623636913333
67923,,C=CC(=O)OCC(C(C(F)(F)F)(F)F)(F)F,,0,76.5205117892,46.1190291522,72.3469951099,0.053807387368836244,monomer,64.9955120171
131749375,,CCC1=C[C-](C=C1)OC(=O)C=C,,2,752.85893272,399.140250535,900.531247759,0.9500192990448499,homopoly,684.176810338
86672979,,CC1=CC(=C(C=C1C)I)NC2=CC=CC(=C2)COC(=O)C=C,,1,402.663211679,336.483490866,421.320827563,0.5196244104372403,homopoly,386.822510036
129834454,,C=CC(=O)OCCOCCOC1=CC2=C(C=C1)C(=CC(=O)N2CC3=CC=CC=C3)C4=CC=CC=C4,,1,786.767808122,498.119815377,428.449679155,0.7863682957930601,homopoly,571.112434218
67841,,CCCCN(CCOC(=O)C=C)S(=O)(=O)C(C(C(C(C(C(C(C(F)(F)F)(F)F)(F)F)(F)F)(F)F)(F)F)(F)F)(F)F,,1,410.986667658,380.798432081,344.070374503,0.5077497959542336,homopoly,378.618491414
11608004,,C=CC1=CC=CC=C1OC(=O)C=C,,1,129.61605484,224.069091776,264.254033166,0.25786996613978164,homopoly,205.979726594
122409,,C=CC(=O)OCC(COCC(COC(=O)C=C)(COC(=O)C=C)COC(=O)C=C)(COC(=O)C=C)COC(=O)C=C,,0,252.175774941,271.224516993,259.678420011,0.3375450770291837,monomer,261.02623731500006
7294,,COC(=O)C=C,,1,75.9263295401,67.8485017267,77.5943064404,0.06653623966090857,homopoly,73.78971256906667
129851491,,C=CC(=O)OC1=CC(=CC2=C1N(C3=CC=CC=C32)CCO)Cl,,1,204.325204649,355.502079823,464.008651807,0.45370356612616275,homopoly,341.2786454263333
88157728,,C=CC(=O)OC(=O)[C@H](CO)N,,0,58.5634951056,58.6839125084,71.5708322996,0.05083136053666123,monomer,62.93941330453333
2777443,,C=CC(=O)OCC1=CC(=CC=C1)C(F)(F)F,,2,398.469517319,364.688094914,379.125662807,0.5108510263782737,homopoly,380.76109168
7636,,CCCCC(CC)COC(=O)C=C,,2,391.612675552,377.110640468,378.630932697,0.5132976264427175,homopoly,382.451416239
13550,,CCCOC(=O)C=C,,0,66.5399603536,33.9098093261,61.2215516771,0.03773374715488361,monomer,53.89044045226667
129721343,,C=CC(=O)OC1=CC(=CC2=C1N(C3=CC=CC=C32)CCO)Br,,1,415.197346966,442.736542333,247.561601996,0.49310197071082074,homopoly,368.4984970983333
100948,,CCN(CCOC(=O)C=C)S(=O)(=O)C(C(C(C(C(C(C(F)(F)F)(F)F)(F)F)(F)F)(F)F)(F)F)(F)F,,2,646.935572526,696.96946336,615.44760002,0.9050636723670892,homopoly,653.1175453019999
69199120,,CC1CCC(CC1)(C(C)C)OC(=O)C=C,,0,106.120030357,96.6598034958,131.810935189,0.12116244523086972,monomer,111.53025634726669
4200359,,C=CC(=O)OCCCCBr,,0,78.3119429871,74.7441150906,62.1931994813,0.0635835721617879,monomer,71.74975251966667
129721572,,C=CC(=O)OC(=O)C1=C(C(=CC=C1)[N+](=O)[O-])[N+](=O)[O-],,1,241.939680839,266.607939869,171.63903365,0.28790259596782736,homopoly,226.728884786
129831453,,C=CC(=O)OCCC[N+](=O)[O-],,0,67.339335698,40.4020759817,83.4811512293,0.05199137775823936,monomer,63.740854303
2776049,,C=CC(=O)OCC1(C(C(C(C(C1(F)F)(F)F)(F)F)(F)F)(F)F)F,,1,165.280080626,219.359614299,168.175476148,0.2264494906940209,homopoly,184.271723691
15722985,,C=CC(=O)OCCCCl,,0,45.8057346677,63.3547059525,69.5791963885,0.045968722296499905,monomer,59.57987900290001
163201124,,CC(=O)N[C@H]1CCC2=CC(=C(C(=C2C3=CC=C(C(=O)C=C13)OC)OC)OC(=O)C=C)OC,,1,640.735358643,453.794812323,509.448403052,0.7336058305209832,homopoly,534.6595246726666
54550688,,CCC(COC(=O)C=C)C#N,,1,131.807125959,151.091790633,144.305103391,0.16584569546125513,homopoly,142.4013399943333
23194993,,C=CC(=O)ON1C(=O)C2=CC=CC=C2C1=O,,1,166.446824629,219.714740389,265.147534421,0.27396999993676246,homopoly,217.10303314633333
12641354,,C=CC(=O)OC(C1=CC=CC=C1)(C2=CC=CC=C2)C3=CC=CC=C3,,0,190.257083992,202.416669258,177.706573476,0.23492417695546067,monomer,190.1267755753333
11566095,,C=CC(=O)Oc1c(C)cc(C)cc1C,,1,223.717945364,228.781944408,204.575686704,0.2767521605214895,homopoly,219.02519215866664
17787778,,CCCCCC(OC(=O)C=C)OC(=O)C=C,,1,179.769888575,230.126210637,235.305753064,0.2710234274924327,homopoly,215.067284092
57548328,,CCCCOCC1=CC=C(O1)COC(=O)C=C,,1,215.694946461,221.843033846,271.930205342,0.30203009906816997,homopoly,236.48939521633332
81466,,C=CC(=O)OCCOC,,1,115.197729332,105.485684126,114.826859428,0.12160607959140277,homopoly,111.83675762866666
86619238,,C=CC(=O)OCC(F)(F)C(F)C(F)(F)F,,2,269.397980202,256.314789977,235.931583178,0.3272036107856166,homopoly,253.881451119
57567,,CC(OC(=O)CCN1CC1)OC(=O)C=C,,1,171.667918248,205.513781623,191.116578317,0.23391964796128548,homopoly,189.432759396
67252608,,C=CC(=O)OC(C1=CC=CC2=CC=CC=C21)O,,0,173.9078701,66.1746971169,153.67376712,0.14970814179411476,monomer,131.25211144563335
57951767,,C=CC(=O)OCCOC1=CC=CC=C1CC2=CC=CC=C2,,1,279.964687452,342.4715752,313.325217082,0.41121015464658894,homopoly,311.9204932446667
2776307,,C=CC(=O)OCC(CC(C(C(C(C(C(C(C(F)(F)F)(F)F)(F)F)(F)F)(F)F)(F)F)(F)F)(F)F)O,,2,530.602450143,532.09275147,517.832920169,0.722291656635195,homopoly,526.8427072606668
83092,,C=CC(=O)OC(C(F)(F)F)(C(F)(F)F)F,,2,192.315226978,240.000286886,222.652998601,0.2757355622755784,homopoly,218.3228374883333
2776224,,C=CC(=O)OCC(CC(C(C(C(C(C(F)(F)F)(C(F)(F)F)F)(F)F)(F)F)(F)F)(F)F)O,,2,471.042864478,482.050744027,499.030955474,0.6603406048637163,homopoly,484.0415213263333
61242,,C=CC(=O)OC1=CC=CC=C1,,0,65.1395091363,45.3597585423,127.194531535,0.07441242290254788,monomer,79.23126640453334
22372339,,CCCC1=CC=C(C=C1)OC(=O)C=C,,1,123.730949751,261.321829034,267.477536916,0.2745592019274691,homopoly,217.51010523366668
568158,,C=CC(=O)OCCCC,,0,66.7078237404,66.4651864784,54.7587097865,0.05040363998377905,monomer,62.64390666843334
170992275,,CC(C)(C(=O)OC1CCOC1=O)OC(=O)C=C,,1,199.181092734,216.137704159,193.149342524,0.25330045948419444,homopoly,202.822713139
137796794,,C=CC(=O)OC(=C)C(=O)N,,2,233.542068786,298.312068613,207.436041961,0.3164183598603932,homopoly,246.43005978666667
129847185,,C[C@@H]1CC[C@H]2C[C@@H]3[C@@H](CCC([C@]3(CC[C@@H]1C2(C)C)C)(O)OC(=O)C=C)C,,0,185.611885315,217.738074212,187.859357469,0.24497357026389324,monomer,197.069772332
61249,,CC(COC(=O)C=C)O,,0,64.7986179133,41.3048332886,62.6986514505,0.04117414560468798,monomer,56.2673675508
129756457,,C=CC(=O)OCCSC1=NN=NN1C2=CC=CC=C2,,1,366.573956444,167.406939952,304.703877857,0.36437341499576975,homopoly,279.56159141766665
112001,,C=CC(=O)OCC(CO)O,,2,242.43286228,218.752031833,251.063823572,0.30337162641415494,homopoly,237.41623922833327
129634875,,CCCCCCCCCCCC(OC(=O)C=C)S,,0,164.064385966,118.485956083,135.11649956,0.16124427910402325,monomer,139.22228053633333
19979416,,CC1(CC(CC(N1OC)(C)C)OC(=O)C=C)C,,1,237.090411506,230.407367387,239.247826108,0.30071653161285816,homopoly,235.58186833366668
99769780,,C=CC(=O)OCCCC(C(C(C(F)(F)F)(F)F)(F)F)(C(F)(F)F)C(F)(F)F,,2,426.620465596,429.338409177,422.8529405,0.5767221502706162,homopoly,426.270605091
21293197,,C=CC(=O)OCC[N+](=O)[O-],,1,114.460275825,90.774627739,123.576532512,0.11837408202742794,homopoly,109.60381202533333
102380778,,C/C=C/OCCCOC(=O)C=C,,2,330.611500942,349.262858653,354.322757082,0.458702539941475,homopoly,344.73237222566667
29728,,C=CC(=O)OCC(CBr)Br,,2,280.212084969,310.072830053,315.325699924,0.3966632229462852,homopoly,301.870204982
86761358,,C=CC(=O)OC1=CC=C(C=C1)NC(=O)C2(CCC2)N,,0,61.4641348587,159.912867696,216.857654248,0.17116766289254737,monomer,146.07821893423332
21618589,,CC1(CCCC(N1OC(=O)C=C)(C)C)C,,2,439.439147452,390.750837655,456.000114488,0.580281961866477,homopoly,428.7300331983333
18469777,,COOC(=O)C=C,,0,58.927779182,40.7262752513,27.0871927286,0.020880983322982383,monomer,42.2470823873
58980492,,CS(=O)(=O)NC1CCC(CC1)OC(=O)C=C,,1,220.378370015,232.611215574,246.924759132,0.2974206435042123,homopoly,233.30478157366667
85486,,C=CC(=O)OCC([N+](=O)[O-])([N+](=O)[O-])F,,0,77.065341829,73.0789374439,66.3899227424,0.06420352118732692,monomer,72.17806733843334
87693,,CN(C)CCCOC(=O)C=C,,1,151.148727515,147.492688173,145.991418368,0.1742546008017789,homopoly,148.21094468533332
145430716,,C=CC(=O)OCC1=CC(=CC=C1)SC2=CC=CC=C2,,0,169.57945481,215.159060064,80.9615767546,0.1844189512831386,monomer,155.2333638762
75084,,CCCCCCCCCCCCOC(=O)C=C,,1,252.910742902,272.405620433,255.476245869,0.33644209770613476,homopoly,260.264203068
18352416,,CCOOC(=O)C=C,,1,102.081065351,109.608354524,98.4064949879,0.10934437721674184,homopoly,103.36530495430002
11492219,,CC(C)(C)OC(=O)NCCOC(=O)C=C,,0,104.447368664,71.3114127897,109.976590261,0.09759111044144833,monomer,95.2451239049
86759871,,CC1=CC=C(C=C1)S(=O)(=O)OCCOC(=O)C=C,,2,546.393479964,511.727195497,483.942429148,0.7037333837099905,homopoly,514.0210348696667
129714429,,CCCCC(OC(=O)C=C)F,,2,268.058975439,286.518526371,296.743765969,0.37047016245381326,homopoly,283.7737559263333
109058,,CC1=CC(=C(C(=C1)C(C)(C)C)O)CC2=C(C(=CC(=C2)C)C(C)(C)C)OC(=O)C=C,,1,469.877878603,489.628525543,452.146594229,0.6408142295910554,homopoly,470.55099945833337
577100,,CC1CCC(C(C1)OC(=O)C=C)C(C)(C)C2=CC=CC=C2,,1,345.6928528,340.727712917,252.732009148,0.4128462612593426,homopoly,313.05085828833336
129756457,,C=CC(=O)OCCSC1=NN=NN1C2=CC=CC=C2,,2,435.008491835,516.169287394,657.839906441,0.736037058067764,homopoly,536.3392285566666
6581,,C=CC(=O)O,,1,49.062257766,68.3716862379,49.8722316558,0.040452403527156976,homopoly,55.7687252199
19598189,,CC(=O)OC1=CC=C(C=C1)COC(=O)C=C,,1,254.264983126,125.834732619,292.755943639,0.28436560013265344,homopoly,224.2852197946667
86808,,CC(C)CC(C)OC(=O)C=C,,0,79.6203653538,77.2177535081,78.3517039097,0.07320432573727381,monomer,78.39660759053334
19778492,,CCCCCCCCON1C(CC(CC1(C)C)OC(=O)C=C)(C)C,,1,361.595732126,323.515500864,385.917043504,0.4764725233256367,homopoly,357.009425498
132277864,,C=CC(=O)OC1=NC=CN1C2=CC=CC=C2,,2,547.642669853,422.720126965,411.880554215,0.6266249141527679,homopoly,460.7477836776668
13001872,,C=CC(=O)OC1CC2CC1C3C2CCC3,,2,420.043391443,441.105609459,413.387052174,0.5746592170485065,homopoly,424.8453510253333
133083453,,C=CC(=O)OC1CN1,,0,53.8282401827,50.8806807505,44.5624182756,0.03175110968626505,monomer,49.7571130696
2774977,,C=CC(=O)OCC(C(C(F)(F)F)F)(F)F,,2,233.850002659,272.827603232,260.268994483,0.3297617936356533,homopoly,255.6488667913333
53967443,,CCCCC(CC)CC1=C(OC=C1)OC(=O)C=C,,2,491.072527492,527.889580374,518.4615104,0.7014949639687772,homopoly,512.474539422
86614660,,CC1=CC2=C(C=C1Cl)OC(=O)C(=C2C3=CC(=CC=C3)OC(=O)C=C)CC(=O)NC4=C(C=C(C=C4O)F)C(F)(F)F,,0,324.609296188,231.21889799,362.292288451,0.4026988770492105,monomer,306.04016087633335
59642034,,C=CC(=O)OCCOC1CC2CC1C3C2C4C(C3)O4,,0,104.567749749,134.0547838,134.031418277,0.13952684453255423,monomer,124.217983942
57614810,,CCOC1=CC=C(C=C1)N=NC2=CC=C(C=C2)OCCCCCCOC(=O)C=C,,0,194.106064153,203.244331691,303.139301012,0.2976982344877651,monomer,233.49656561866664
14047273,,CC(O)OC(=O)C=C,,1,86.2897889328,96.0786972632,100.773478228,0.09633986544419382,homopoly,94.380654808
57951767,,C=CC(=O)OCCOC1=CC=CC=C1CC2=CC=CC=C2,,0,174.773315217,135.144842161,162.091018662,0.18746290443902336,monomer,157.33639201333335
3311244,,C=CC(=O)OCCN1C2=CC=CC=C2C3=CC=CC=C31,,1,266.237369948,379.099352814,268.509984812,0.40063690256639917,homopoly,304.6155691913333
54152861,,C=CC(=O)OCCOCCOCCC#N,,2,392.984402517,357.830013222,376.298531738,0.5035317763175582,homopoly,375.7043158256667
68770745,,C=CC(=O)OC(CC1(CC=C(C=C1)CC2=CC=CC=C2)CC3=CC=CC=C3)N,,1,411.20389792,468.807182825,400.982874648,0.5777749705963127,homopoly,426.997985131
44150458,,CC(=O)OCC1(CCC2C1C3CCC2C3)COC(=O)C=C,,2,554.554063052,522.68627537,650.970525761,0.7935443647126071,homopoly,576.070288061
22283435,,C=CC(=O)OCC1=CC(=CC=C1)OC2=CC=CC=C2,,2,587.555946051,507.891001075,615.478385232,0.7852045889672102,homopoly,570.3084441193333
6538148,,C/C=C/COC(=O)C=C,,1,155.195268736,129.51677681,105.685457707,0.1480876016632129,homopoly,130.13250108433334
169489099,,C=CC(=O)OC(C(C(F)(F)F)(C(F)(F)F)F)(C(C(F)(F)F)(C(F)(F)F)F)C(C(C(F)(F)F)(F)F)(F)F,,1,229.358965672,251.382051064,248.995281071,0.3118088846960325,homopoly,243.24543260233332
129808889,,C=CC(=O)OCC([N+](=O)[O-])[N+](=O)[O-],,1,146.098911403,134.487391912,133.942459461,0.15973024563351435,homopoly,138.17625425866666
139896562,,C=CC(=O)OCCCCCCl,,2,298.593357503,324.233823145,306.064979866,0.4078959041856635,homopoly,309.6307201713333
129675398,,CC1=CC2=C(C=C1C)N(C3=NC(=O)N(C(=O)C3=N2)OC(=O)C=C)CC(C(C(CO)O)O)O,,1,541.993964603,621.243112826,339.634631468,0.6848246538718684,homopoly,500.957236299
21884879,,C=CC(=O)OC1=CC=CC=C1C(=O)C2=CC=CC=C2,,2,665.807991824,458.397608736,607.414089043,0.7951890256837489,homopoly,577.206563201
105449,,CN(CCOC(=O)C=C)S(=O)(=O)C(C(C(C(C(C(F)(F)F)(F)F)(F)F)(F)F)(F)F)(F)F,,2,571.478537744,599.533246113,556.656267142,0.7932824728441916,homopoly,575.889350333
67551,,C=CC(=O)OCC(C(C(C(C(C(C(F)(F)F)(F)F)(F)F)(F)F)(F)F)(F)F)(F)F,,1,209.927991007,211.697178093,192.624972716,0.25609011061296477,homopoly,204.750047272
81765,,CCCCOCCOCCOC(=O)C=C,,0,79.5693697048,122.158822399,106.22235434,0.10830929818719912,monomer,102.65018214793332
44145730,,CCC1(CCC2C(C1OC(=O)C=C)O2)O,,1,208.578774013,188.556009737,204.146524348,0.24983301849786796,homopoly,200.4271026993333
15012035,,CN1C(=O)C[C@H](C1=O)OC(=O)C=C,,1,151.440148824,157.486542824,179.535388382,0.19540096101872848,homopoly,162.82069334333332
20212931,,C=CC(=O)OCCCCCCOP(=O)(O)O,,1,184.565219211,217.626661708,201.526868986,0.2510090146007728,homopoly,201.2395833016667
5072272,,C=CC(=O)OC1=CC2=C(C=C1)C3(C4=C(O2)C=C(C=C4)O)C5=CC=CC=C5C(=O)O3,,0,266.168131615,140.835312853,277.006502149,0.2897472253591577,monomer,228.003315539
86078028,,C=CC(=O)OCCSSC1=CC=CC=N1,,1,201.02518615,289.840335458,194.818203914,0.29055477590816003,homopoly,228.56124184066667
93414,,CC(COCC(C)OC(=O)C=C)OCC(C)OC(=O)C=C,,1,267.599731661,288.286866461,273.139880127,0.3597135628389779,homopoly,276.34215941633335
14671034,,C=CC(=O)OCCC(C(C(F)(F)F)(F)F)(F)F,,2,275.430146205,293.445515162,291.169367162,0.37467912802386716,homopoly,286.6816761763334
87274,,C=CC(=O)OCCC(C(C(C(C(C(C(C(C(C(F)(F)F)(F)F)(F)F)(F)F)(F)F)(F)F)(F)F)(F)F)(F)F)(F)F,,1,287.318556204,255.899912835,291.185792071,0.3623081895778157,homopoly,278.1347537033333
3086211,,CCC(COC(=O)CCOC(=O)C=C)(COC(=O)CCOC(=O)C=C)COC(=O)CCOC(=O)C=C,,0,236.621496064,221.682848442,216.521949549,0.2853163751159533,monomer,224.94209801833333
551273,,C=CC(=O)OCCC(C)C,,2,270.439608303,293.166514122,279.785547717,0.36664435791893846,homopoly,281.130556714
86607858,,C=CC(=O)OC=O,,2,145.34482562,135.969556128,164.827913506,0.17498287274707658,homopoly,148.71409841799996
81865,,C=CC(=O)OCC(C(F)F)(F)F,,0,53.8073032249,43.5581449218,69.3638459988,0.0401740746617914,monomer,55.57643138183334
58454459,,C=CC(=O)OCCCC(C(C(C(F)(F)F)(F)F)(F)F)(F)F,,2,400.813061381,334.592628436,362.470993108,0.48942611312678874,homopoly,365.9588943083333
138113129,,C=CC(=O)OC1=C(OC2=CC=CC=C2C1=O)C3=CC=CC=C3,,2,596.235057192,732.418523328,773.221754869,0.9738268070134716,homopoly,700.6251117963334
21987925,,C=CC(=O)OCC1CS1,,2,249.204593489,246.86318803,273.258300483,0.33090982560647825,homopoly,256.442027334
23576933,,C=CC(=O)OCCC(=O)CCCC[C@H]1[C@@H]2[C@H](CS1)NC(=O)N2,,0,143.876437429,143.030458475,142.217548273,0.16677224532249987,monomer,143.04148139233334
57127567,,CC[C@H](C)OC(=O)C=C,,2,266.477192105,223.668595175,248.35595474,0.31603796134726286,homopoly,246.16724734
16205176,,CC(C)(C(=O)OC)OC(=O)C=C,,1,149.384254067,143.999825504,150.17977527,0.17373884884113075,homopoly,147.85461828033334
129883423,,C=CC(=O)OCCN=CC1=CC=C(C=C1)[N+](=O)[O-],,2,462.481335833,579.590712522,524.081181518,0.7153561815743701,homopoly,522.0510766243333
18629896,,C=CC(=O)OC1=C(C=C(C=C1)[N+](=O)[O-])[N+](=O)[O-],,1,143.275364458,267.721470075,244.166895377,0.27582974912093394,homopoly,218.38790997
108597,,CC(C)(C1=CC=CC=C1)C2=CC=C(C=C2)OC(=O)C=C,,1,305.595191403,285.925349065,333.302190327,0.4059325204950891,homopoly,308.2742435983334
131887749,,[2H]C([2H])([2H])C(C([2H])([2H])[2H])(C([2H])([2H])[2H])OC(=O)C=C,,2,235.931154964,261.184341982,231.092014267,0.3110712887987464,homopoly,242.735837071
21896341,,CCC1(CCCC1)OC(=O)C=C,,2,333.989663471,345.167080936,336.721401774,0.4498641595335189,homopoly,338.62604872699995
58165347,,CC(COC(C)COC(C)COC(=O)C=C)OC,,2,499.341479255,474.389107239,465.87946343,0.654302709018917,homopoly,479.8700166413334
71431852,,C=CC(=O)OCCNCCCS(=O)(=O)C(C(C(C(C(C(C(C(F)(F)F)(F)F)(F)F)(F)F)(F)F)(F)F)(F)F)(F)F,,2,685.415040909,672.740956898,734.314504985,0.9692892437162556,homopoly,697.4901675973333
2776196,,C=CC(=O)OCC(CC(C(C(C(F)(F)F)(C(F)(F)F)F)(F)F)(F)F)O,,1,195.178021126,207.522095417,202.132535607,0.2515464406412119,homopoly,201.61088405
20594786,,CCCCCC1=CC=C(C=C1)C#CC2=CC=C(C=C2)OC(=O)C=C,,1,598.382189572,378.702541626,415.517975271,0.6316230074760026,homopoly,464.20090215633337
543284,,CCCCCCCCCCC(CCC)OC(=O)C=C,,2,616.089149851,587.144504683,547.262683122,0.804296469595837,homopoly,583.4987792186666
53719424,,CC(=CCCC(=CCCC(=CCOC(=O)C=C)C)C)C,,0,163.1755442,123.764036285,198.218473583,0.19380686279490658,monomer,161.71935135599998
3023480,,C=CC(=O)OCCCC1=CC=CO1,,1,191.003926336,197.118738723,119.921876943,0.2048489400015355,homopoly,169.34818066733337
71413787,,C=CC(=O)OCCCS(=O)(=O)C(C(C(C(F)(F)F)(F)F)(F)F)(F)F,,2,428.520600189,482.385663734,475.313465564,0.6285434032638302,homopoly,462.0732431623333
19986209,,C=CC(=O)OC1=NNN=N1,,0,93.4949389355,45.5017846314,27.485517221,0.04005487846809654,monomer,55.49408026263334
20520029,,CCCC(=O)OC(=O)C=C,,0,86.2853532859,54.3757702045,52.9876779534,0.05316196860206906,monomer,64.54960048126667
11275754,,C=CC(=O)OCC1=CC2=C(C=C1)OCO2,,1,197.430887167,237.330321151,189.660068789,0.2609973930883786,homopoly,208.14042570233332
19098705,,C=CC(=O)OCCCC(C(C(C(C(C(F)(F)F)(F)F)(F)F)(F)F)(F)F)(F)F,,0,127.795438331,77.0754300714,123.815045314,0.11831352107155485,monomer,109.5619712388
543682,,C=CC(=O)OCCl,,1,119.451082317,69.4136303605,74.0061275552,0.0865596265962329,homopoly,87.6236134109
8821,,CCOC(=O)C=C,,1,102.801531726,76.1887746047,93.1761191685,0.09104448117459785,homopoly,90.72214183306666
93359,,C=CC(=O)OCCOC1CC2CC1C3C2C=CC3,,1,245.877977072,221.860533493,286.718771373,0.3237360539578931,homopoly,251.485760646
146012803,,C=CC(=O)OC1=C(C2=CC=CC=C2C=C1)Br,,0,248.567918433,54.364324848,114.954311275,0.1613502843299481,monomer,139.29551818533335
57062121,,CC=COC(=O)C=C,,1,88.0661521015,121.296974372,133.668686949,0.1252350082219699,homopoly,114.3439378075
54074081,,COC1=NC(=C(C(=O)N1C2=CC(=C(C=C2F)Cl)OC(=O)C=C)F)C(F)(F)F,,0,249.784461191,132.895298564,141.954524445,0.212853017110992,monomer,174.8780947333333
10192638,,C=CC(=O)OC1=CC=CC2=CC=CC=C21,,0,74.6364760256,144.74693942,140.05031257,0.13314846387299983,monomer,119.81124267186664
70613,,C=CC(=O)OCCCCOC(=O)C=C,,0,109.634399888,89.598124233,80.6819437506,0.09478269047621696,monomer,93.30482262386666
77066,,C=CC(=O)OCCC1=CC=CC=C1,,2,347.974664072,374.788109535,386.834702311,0.4950810612133999,homopoly,369.865825306
44435789,,CCCCCCC1=CC=CC=C1OC(=O)C=C,,0,154.120764976,96.1211109022,145.793077855,0.15080751061693393,monomer,132.0116512444
129879867,,C=CC(=O)OC1=CC=C(C=C1)N=CC2=CC=C(C=C2)[N+](=O)[O-],,0,157.714989761,206.896071943,153.663222011,0.20978449840283162,monomer,172.75809457166667
132245749,,C=CC(=O)OCCSC(C(OC(C(C(F)(F)F)(F)F)(F)F)F)(F)F,,2,411.597957845,420.464384096,421.422987452,0.564502843696972,homopoly,417.828443131
53766210,,C=CC(=O)OCC([N+](=O)[O-])([N+](=O)[O-])[N+](=O)[O-],,0,106.291801201,66.5103476184,86.0377892059,0.08461483133036082,monomer,86.27997934176666
10565559,,C=CC(=O)OCCOCCOCCOCCOCCO,,1,236.728755381,232.857242783,280.688405362,0.32171793451097574,homopoly,250.091467842
12084305,,CC1(CC(CC(N1OCC(C)(C)O)(C)C)OC(=O)C=C)C,,0,161.410473129,145.304427737,136.56230201,0.17360054744958087,monomer,147.75906762533333
11019125,,C=CC(=O)OCCSC#N,,1,125.032016582,151.361308174,104.336042922,0.14342300219425247,homopoly,126.909789226
23443674,,C=CC(=O)OC(F)(F)CF,,2,206.026072432,178.478172816,166.229433112,0.22544522986954388,homopoly,183.57789278666667
44580062,,C=CC(=O)O[C@@H](CC1=CC=CC=C1)CN2CCN(CC2)CCCN(C3=CC=C(C=C3)F)C4=CC=C(C=C4)F,,1,649.978059471,540.072047218,515.388373741,0.7825573395165724,homopoly,568.4794934766668
21896325,,CC(C)(C1CC2CCC1O2)OC(=O)C=C,,1,193.142858091,203.371989947,210.775135115,0.2527320327135131,homopoly,202.42999438433333
86759008,,C=CC(=O)OC12CCC(C1)CC2,,0,112.228301455,56.5454410411,84.3264645913,0.08184557497506775,monomer,84.3667356958
86736832,,CCC(C)(NC1=CC=CC=C1)OOC(=O)C=C,,1,259.102170684,263.951220062,212.251269122,0.3144954604593973,homopoly,245.1015532893333
11816169,,CC(C1=CC=CC=C1)OC(=O)C=C,,1,233.202475759,214.079618811,125.045812847,0.23586382905141265,homopoly,190.775969139
19748636,,C=CC(=O)OCC[N+]#[C-],,2,250.9195503,196.910590941,215.047720548,0.279551597577354,homopoly,220.959287263
73893,,CN(CCCCOC(=O)C=C)S(=O)(=O)C(C(C(C(F)(F)F)(F)F)(F)F)(F)F,,1,274.481057169,270.573863264,301.50067618,0.36817086213704425,homopoly,282.185198871
21216989,,CC(C)(C(=O)OCCOC(=O)C=C)Br,,0,90.4762108955,65.4784906595,120.194473753,0.09296604428250149,monomer,92.04972510266668
76709,,C=CC(=O)OC1=CC=C(C=C1)O,,0,117.57611001,115.267972032,22.7524726875,0.08304999146212969,monomer,85.19885157649999
23635599,,CCCCC1=CC=C(C=C1)OC(=O)C=C,,0,89.0482786205,112.865122463,155.729049269,0.13228422352684016,monomer,119.21415011749998
162070,,CCC(C)COC(=O)C=C,,2,292.46543469,278.428210823,268.017162039,0.3644824696111404,homopoly,279.63693585066665
19979417,,CC1(CC(CC(N1OC2CCCCC2)(C)C)OC(=O)C=C)C,,0,174.67822356,132.06402636,167.50850588,0.18854440269450556,monomer,158.08358526666666
129718202,,C=CC(=O)OC1=C(C(=C(C(=C1C2CCC2)C#N)C#N)C#N)C#N,,2,674.134831693,793.493735096,662.863025049,0.9876333339906899,homopoly,710.1638639460001
44457109,,CC(=O)OCC([C@@H]1[C@@H]([C@H]2[C@@H](O1)OC(O2)(C)C)OC(=O)C=C)OC(=O)CCC(=O)N3CCN(CC3)C4=C(C=C5C(=C4)N(C=C(C5=O)C(=O)O)C6CC6)F,,1,589.809752964,834.265879194,709.891613883,0.9893102379422155,homopoly,711.3224153470001
23194993,,C=CC(=O)ON1C(=O)C2=CC=CC=C2C1=O,,2,345.312723425,496.622689243,485.734180042,0.6002946333951316,homopoly,442.5565309033333
15153819,,C=CC(=O)OCCCCCCBr,,0,71.2139686399,99.6663242621,93.562039779,0.08731782684931691,monomer,88.14744422700001
24950966,,C=CC(=O)OCCOCCOCCOCCC(=O)ON1C(=O)CCC1=O,,1,297.902795508,350.191224209,304.439921578,0.41930238863355374,homopoly,317.511313765
85977944,,COC1=CC=C(C=C1)C=NC2=CC=C(C=C2)OC(=O)C=C,,0,173.239738914,131.972628568,229.052617551,0.2174995553853923,monomer,178.08832834433335
18648933,,C=CC(=O)OCCOC1[C@@H]([C@H]([C@H]([C@H](O1)CO)O)O)O,,1,189.526971713,238.528691207,221.055629027,0.272909620551251,homopoly,216.370430649
54384939,,CCC(C)(CC)OC(=O)C=C,,0,87.4578405688,85.9354621641,62.1792441134,0.07338897917968315,monomer,78.5241822821
154732282,,C=CC(=O)N1CCC2(CC1)SCC(S2)COC(=O)C=C,,2,599.797896357,529.37337212,708.97661651,0.8465858394502456,homopoly,612.7159616623334
140773107,,CC1=C(CC(CC1=O)C(=C)C)OC(=O)C=C,,1,232.306634848,256.702355559,224.052595117,0.3037638119457625,homopoly,237.6871951746667
3015131,,C=CC(=O)OC1=CC=C(C=C1)C(=O)C2=CC=CC=C2,,1,248.882295703,295.627183289,354.268064891,0.39336646118652485,homopoly,299.5925146276667
6581,,C=CC(=O)O,,0,26.74193874,49.9560855186,6.76401339147,0.0,monomer,27.82067921669
129672441,,C=CC(=O)OOC(=O)C(C)=C=O,,0,105.876565241,43.9843805689,67.7053479342,0.06470147598871881,monomer,72.5220979147
20802233,,C=CC(=O)OCC12CC3CC(C1)CC(C3)C2,,2,467.733333213,458.52385801,457.045367647,0.6271359517024234,homopoly,461.1008529566666
22168880,,CCC1(C2CC3CC(C2)CC1C3)OC(=O)C=C,,1,235.291318289,248.128192403,251.662185287,0.31438788674674517,homopoly,245.027231993
83174,,CCCCC(C)(C)COC(=O)C=C,,0,114.254247414,104.741585303,69.0704320465,0.09871569980961473,monomer,96.0220882545
10565559,,C=CC(=O)OCCOCCOCCOCCOCCO,,0,139.714543958,99.6790679986,136.434799119,0.1410584305157101,monomer,125.2761370252
3086211,,CCC(COC(=O)CCOC(=O)C=C)(COC(=O)CCOC(=O)C=C)COC(=O)CCOC(=O)C=C,,1,504.026464025,396.532559372,446.792422188,0.609790565651841,homopoly,449.1171485283333
140350948,,C=CC(=O)OOC(=O)OOC(=O)C=C,,0,91.085254927,63.0415742374,74.7275155232,0.07014763838768245,monomer,76.28478156253333
129762230,,CC(=O)OC1CC2CC1CC2OC(=O)C=C,,1,209.970347929,209.163816513,203.2568091,0.26001782956678127,homopoly,207.4636578473333
22051805,,C=CC(=O)OCC1CCC2C1C3CCC2C3,,1,233.60829983,245.512583211,207.185202432,0.2908550468212452,homopoly,228.76869515766663
20077225,,C=CC(=O)OCC(F)F,,1,87.3191866191,81.5435707726,105.755183392,0.09222726732871395,homopoly,91.53931359456668
23635728,,C=CC(=O)OC1=CC2=C(CCCC2)C=C1,,1,238.813242107,216.222110438,255.068620764,0.30233684846759673,homopoly,236.70132443633332
89065,,CC[N+](C)(CC)CCOC(=O)C=C,,0,133.236596921,74.1799837345,93.2188014547,0.10477994018418327,monomer,100.21179403673334
67859946,,C=CC(=O)OC1=C2C(=CC=C1)SC3=CC=CC=C3N2,,0,219.013230829,25.2496317817,257.035228061,0.20159396979051994,monomer,167.09936355723335
13847858,,CC(C)CCCCCCCCCCCCCCCCCCCCCCCOC(=O)C=C,,0,258.382494807,269.587126945,218.265489653,0.3197690913512549,monomer,248.745037135
72203001,,COC1=CC=C(C=C1)NC2=NC=C3C(=N2)N(C(=O)C=N3)C4=CC=C(C=C4)OC(=O)C=C,,0,104.186255217,384.677888136,317.629227559,0.3488419816842837,monomer,268.8311236373333
7825,,C=CC(=O)OCCC#N,,0,35.2344926951,57.1254709002,71.0085987957,0.03855261751157358,monomer,54.45618746366667
21896341,,CCC1(CCCC1)OC(=O)C=C,,0,76.8154918476,79.3132853432,102.744294987,0.08463081761323377,monomer,86.29102405926666
5354844,,C=CC(=O)OC/C=C/C1=CC=CC=C1,,0,144.583026298,10.801391332,184.793021311,0.12385785400362734,monomer,113.392479647
19986209,,C=CC(=O)OC1=NNN=N1,,2,253.803463023,161.791384225,245.330765274,0.2786096930267316,homopoly,220.3085375073333
4128060,,CC(COC(C)COC(=O)C=C)OCC(C)OC(=O)C=C,,0,140.37243724,129.471795406,148.72657753,0.1616804181367121,monomer,139.523603392
91369,,CN(CCOC(=O)C=C)S(=O)(=O)C(C(C(C(C(C(C(C(F)(F)F)(F)F)(F)F)(F)F)(F)F)(F)F)(F)F)(F)F,,0,152.157605817,145.485438577,187.815869139,0.1939520188996989,monomer,161.81963784433333
3086961,,CC(OCCOCCOC=C)OC(=O)C=C,,1,237.307733614,185.792646376,196.521573377,0.2586818563651595,homopoly,206.5406511223333
106992,,CCCCCC(C)COC(=O)C=C,,0,97.7965130938,104.584914517,86.6469646603,0.09917989887118231,monomer,96.3427974237
86294538,,C=CC(=O)OC(C)C,,2,218.999735779,225.124170088,199.408649929,0.2702180395855564,homopoly,214.510851932
155108413,,CC(C)(CCOC(C)(C)COC(=O)C=C)OC(=O)C=C,,1,280.759669324,278.902041657,227.402627464,0.33946802805848525,homopoly,262.35477948166664
13907995,,C=CC(=O)OCCOC1CC2CC1C3C2CC=C3,,2,522.020156852,503.216896374,494.052110634,0.692745607307825,homopoly,506.4297212866666
129875431,,C=CC(=O)ONCC1=CC=CN1,,2,271.28313894,287.731101302,313.65272745,0.3807688534171708,homopoly,290.8889892306667
171378196,,C=CC(=O)OCCOP(=O)(OCP1(=O)C2=CC=CC=C2C3=CC=CC=C3O1)OC4=CC=CC=C4,,0,312.970085641,280.815769507,179.338396074,0.33274233384854796,monomer,257.7080837406667
15055020,,C=CC(=O)OCCOC1=CC2=CC=CC=C2C=C1,,0,73.6066870382,131.832466859,228.433673191,0.16906320454976578,monomer,144.62427569606666
54500825,,CCCCCCCC(=O)OCCCCCCOC(=O)C=C,,1,326.925822513,298.004276867,269.018705554,0.39103673246452625,homopoly,297.982934978
134820730,,CC(C)OC1=CC=C(C=C1)C(=O)NC2=CC=C(C=C2)OC(=O)C=C,,0,324.908318222,125.414885297,166.175003239,0.2571747377836633,monomer,205.49940225266667
23074693,,C=CC(=O)OC1CC2CC1C=C2,,0,89.3900681333,60.17310647,99.6416342316,0.07996615649990838,monomer,83.06826961163334
13847848,,CC(C)CCCCCCCCCCCCCOC(=O)C=C,,1,309.362248304,343.031036722,316.751182818,0.42731649359914503,homopoly,323.048155948
92029513,,COC1=CC2=CC3=C(C=C2C=C1)C(=CC(=O)O3)COC(=O)C=C,,0,138.780017346,210.705081508,239.409691892,0.24385687740901,monomer,196.298263582
132245749,,C=CC(=O)OCCSC(C(OC(C(C(F)(F)F)(F)F)(F)F)F)(F)F,,0,113.946612193,93.6271518491,104.171468938,0.11014012613378549,monomer,103.91507766003332
133188422,,C=CC(=O)ON(OC(=O)C=C)OC(=O)C=C,,2,338.289617192,406.686761855,379.428337147,0.5022251320213019,homopoly,374.8015720646666
86600776,,C=CC(=O)OCCCCCCCC,,1,192.715384051,177.459574538,202.130988414,0.23585323377844733,homopoly,190.768649001
54074081,,COC1=NC(=C(C(=O)N1C2=CC(=C(C=C2F)Cl)OC(=O)C=C)F)C(F)(F)F,,1,331.382365634,304.950917676,354.00957018,0.4375441096332892,homopoly,330.1142844966667
23290045,,C=CC(=O)OCC(COC1=CC=CC=C1C2=CC=CC=C2)O,,2,689.507107919,532.243596554,766.713385589,0.9191091181041018,homopoly,662.821363354
67058367,,C=CC(=O)OC1=CC=CC(=C1)OC2=CC=CC=C2,,2,684.003463537,535.924796543,425.385694956,0.7535489720760538,homopoly,548.437985012
3017303,,C=CC(=O)OCCn1ccnc1,,1,178.936597712,111.923380122,154.350845817,0.1745334642845039,homopoly,148.40360788366667
23635725,,CCCCCOC(=O)C1=CC=C(C=C1)OC(=O)C=C,,0,128.790567388,123.734556401,180.994623698,0.1688928537197136,monomer,144.50658249566666
164889234,,C[C@]12CCC(=O)C[C@@H]1CC[C@@H]3[C@@H]2CC[C@]4(C3CC[C@@H]4OC(=O)C=C)C,,0,194.918249903,168.436035124,196.157186595,0.22968026458445265,monomer,186.503823874
68771319,,CCNC(CC1=CC=C(C=C1)CC2=CC=CC=C2)OC(=O)C=C,,2,680.760372398,740.903569733,599.975693434,0.9351153719195656,homopoly,673.8798785216667
12803541,,C=CC(=O)OCCOC(=O)CBr,,2,295.521631739,318.84126832,308.680273747,0.4050739350396534,homopoly,307.6810579353333
95218,,CC(CCOC(=O)C=C)OC,,2,300.558339848,295.083403642,276.003575047,0.38027593685958755,homopoly,290.54843951233335
129883423,,C=CC(=O)OCCN=CC1=CC=C(C=C1)[N+](=O)[O-],,0,136.079029785,66.3329640144,183.685074203,0.1460127643969546,monomer,128.69902266746666
59609085,,C=CC(=O)OCC(C1=CC=CC=C1)(C(=O)C2=CC=CC=C2)O,,2,599.055052798,630.950324505,656.476696487,0.8699057060030172,homopoly,628.82735793
3019605,,C=CC(=O)OCC1=C(C=CC=C1Cl)[N+](=O)[O-],,2,408.619590822,639.774325646,333.399063648,0.6264076230397111,homopoly,460.5976600386667
17768051,,C=CC(=O)ON1C=CC=N1,,1,116.873815134,94.5019608387,159.878473106,0.13885152790701571,homopoly,123.75141635956668
4128060,,CC(COC(C)COC(=O)C=C)OCC(C)OC(=O)C=C,,1,260.081969344,262.77288302,287.33804473,0.350626897475968,homopoly,270.0642990313333
109961,,CCN(CCOC(=O)C=C)S(=O)(=O)C(C(C(C(C(F)(F)F)(F)F)(F)F)(F)F)(F)F,,0,136.593402805,154.328542744,133.554511458,0.16452972417488795,monomer,141.49215233566667
139722226,,CCCCCCC(CCCCCC)OC(=O)C=C,,1,277.731159435,266.791414598,280.701279747,0.35787890506642656,homopoly,275.07461792666663
86729957,,C=CC(=O)OCCCCCCCCCCCC,,1,242.66327774,281.879249207,256.491394476,0.3365585239643175,homopoly,260.3446404743333
68648646,,C=CC(=O)OC(OCC12CC3CC(CC(C3)C1)C2)C(C)C,,0,155.150771947,139.919796166,154.940725438,0.17684955399720947,monomer,150.003764517
904858,,C[C@]12CC[C@H](C1(C)C)C[C@@H]2OC(=O)C=C,,2,436.367844635,410.506002601,451.197086433,0.5860141252068103,homopoly,432.690311223
544156,,C=CC(=C)CCCCOC(=O)C=C,,0,89.1186819719,85.8731759521,111.962816044,0.09817938897758641,monomer,95.65155798933333
3024058,,C=CC(=O)OCC(C(C(C(C(C(C(C(C(C(F)(F)F)(F)F)(F)F)(F)F)(F)F)(F)F)(F)F)(F)F)(F)F)(F)F,,0,135.530710534,97.2348227713,161.516114014,0.14996159031474549,monomer,131.42721577310002
86736828,,CCC(C)(NC(=O)NC1=CC=CC=C1)OOC(=O)C=C,,1,317.663312635,315.426523143,219.995368157,0.371321211303173,homopoly,284.361734645
12014951,,C=CC(=O)OCCOCCOC(=O)C(CC1=CC=CC=C1)SC#N,,0,199.756039553,133.85781282,158.341264709,0.1970862516987589,monomer,163.98503902733333
22134261,,C=CC(=O)OC1=CC=CC=C1[N+](=O)[O-],,0,136.347743138,103.091868959,43.6508170072,0.09631500112330102,monomer,94.36347636806666
13841383,,CC(C)CCCCCCCCCCCOC(=O)C=C,,2,577.288333775,584.798203926,595.134376061,0.807540885635486,homopoly,585.7403045873333
86720804,,C=CC(=O)OCC1=C(C=CC(=C1)N)C2=C(C=C(C=C2)N)COC(=O)C=C,,0,181.560044191,161.673257012,245.22198196,0.24364482754454928,monomer,196.1517610543333
69099902,,CC(=O)OC[C@@H]1[C@H]([C@@H]([C@H]([C@@H](O1)OCCOC(=O)C=C)OC(=O)C)OC(=O)C)OC(=O)C,,0,198.206988975,170.712944315,182.724393486,0.22588459173872036,monomer,183.88144225866668
102514876,,CC(C)(C)OC(=O)CCOCCOCCOCCOCCOCCOC(=O)C=C,,1,367.357206241,356.089694337,394.517099036,0.49911767010108676,homopoly,372.654666538
4200359,,C=CC(=O)OCCCCBr,,1,135.873394081,133.902676165,166.074636219,0.17001747489683725,homopoly,145.28356882166668
69736699,,C=CC(=O)OC1=NC2=C(C=CC=C2O)C=C1,,0,110.590760082,159.719515131,108.798178128,0.1426409572904603,monomer,126.369484447
28803,,C=CC(=O)OCCOCCOCCOCCOC(=O)C=C,,0,169.049913008,116.609371699,112.430894508,0.15179909825207089,monomer,132.696726405
75617,,C=CC(=O)OCC1=CC=CC=C1,,0,96.0873909438,105.170702437,50.7086822478,0.08129872664636903,monomer,83.98892520953333
22709189,,CCCCC1=CC=CC=C1OC(=O)C=C,,0,76.9900612275,125.326284113,145.906517295,0.1277395413053619,monomer,116.07428754516664
85538564,,C=CC(=O)OCCCCCCCCCCCCCCCCCCCCBr,,1,400.134592157,428.611752356,427.356395817,0.565765669768459,homopoly,418.7009134433333
164510984,,C=CC(=O)OC(C)(C)CCc1ccccc1,,2,480.044344834,435.588341409,487.147192918,0.6365332028250807,homopoly,467.5932930536667
21496309,,C=CC(=O)OCC1=CC=CS1,,1,180.787308314,170.615364735,121.162113281,0.18773097054583138,homopoly,157.52159544333333
17787778,,CCCCCC(OC(=O)C=C)OC(=O)C=C,,0,96.4601096884,117.753863642,115.570363007,0.11884347863523023,monomer,109.92811211246664
75282,,C=CC(=O)OCCOC(=O)C=C,,1,143.697502842,165.435096256,137.278082353,0.1751123614269044,homopoly,148.80356048366667
129721590,,COC(=O)C1(C(C1(C#N)C(=O)OC)C2=CC=C(C=C2)OC(=O)C=C)C#N,,0,254.352102805,128.588112689,154.576163513,0.21906826017721573,monomer,179.17212633566666
129834451,,C=CC(=O)ON1C(=O)C=CC2=CC=CC=C21,,1,256.257401322,147.090459018,325.758665489,0.31150503769147236,homopoly,243.03550860966664
129880690,,COC1=C(C=CC(=C1OC(=O)C=C)C=O)O,,2,363.467471853,496.819001091,491.899745875,0.6121232057441228,homopoly,450.72873960633336
98887,,CC(C)(C)COC(=O)C=C,,1,132.145296012,150.482850403,133.619600905,0.1605596066130839,homopoly,138.74924910666664
14473597,,C=CC(=O)OC1CCCCC1Cl,,0,88.0638333847,74.0125325209,93.9445296917,0.08325472381939167,monomer,85.34029853243334
19899675,,CCCC(OC(=O)C=C)Br,,0,55.882673454,86.7122173052,78.8267532055,0.0665615724315293,monomer,73.8072146549
18546536,,CSCCCOC(=O)C=C,,0,65.4861820256,65.208331899,89.5738534666,0.06600514940140309,monomer,73.4227891304
18952360,,CN(C)C1=NC=NC2=C(C=CC(=C21)Cl)OC(=O)C=C,,1,337.50022072,221.826564636,349.088704943,0.39801649524792065,homopoly,302.805163433
131718422,,C=CC(=O)OC1C[C@H]2CC[C@]1(C)C2(C)C,,1,209.702947217,220.163077225,214.741923092,0.2707368854055271,homopoly,214.86931584466663
100982165,,CCN(CCOC(=O)C=C)C1=CC=C(C=C1)C=O,,2,586.249565173,575.070530873,469.708772702,0.7466568256641476,homopoly,543.6762895826666
57191966,,C=CC(=O)OCCCCCC(O)O,,0,87.0255680078,90.1961670881,75.7145417204,0.08176648329812677,monomer,84.3120922721
54112393,,CCCCCC(CC)(CC)OC(=O)C=C,,0,89.7214558052,120.730896931,123.906618488,0.1210506093998043,monomer,111.45299040806668
57045534,,C=CC(=O)OCCC(Cl)Cl,,1,124.794200332,162.995854573,139.361512597,0.1658203886362608,homopoly,142.383855834
20550278,,CCOC(C)OC(=O)C=C,,1,118.731491437,129.58357137,138.303501221,0.14626437134487213,homopoly,128.872854676
105449,,CN(CCOC(=O)C=C)S(=O)(=O)C(C(C(C(C(C(F)(F)F)(F)F)(F)F)(F)F)(F)F)(F)F,,0,121.51609849,149.567237781,160.882543418,0.16814315685736012,monomer,143.988626563
119935,,CCCCCCCCCCCCCCCCCOC(=O)C=C,,2,714.479517189,684.206557595,641.815744044,0.9442158369833299,homopoly,680.1672729426667
2778248,,CC(C(F)(F)F)(C(F)(F)F)OC(=O)C=C,,1,132.944254418,122.61667333,123.256346817,0.14250047184180625,homopoly,126.272424855
105994,,C=CC(=O)OCCOCCOCCOCCOCCOCC1CCCO1,,1,332.563146644,337.062341445,331.338769276,0.44266863384900795,homopoly,333.65475245500005
129851461,,C=CC(=O)OC1=CC=C(C=C1)N2C=NC(=C2C3=CC=CC=C3)C4=CC=CC=C4,,0,170.27197354,185.393684115,394.221998238,0.32153133981652626,monomer,249.96255196433336
85975705,,CCCCCOC1=CC=C(C=C1)N=NC2=CC=C(C=C2)OC(=O)C=C,,0,205.945368923,231.996621076,178.891153673,0.25733633528496636,monomer,205.61104789066667
53752639,,CC(CC1OCC(CO1)(C)C)OC(=O)C=C,,2,416.365696574,438.089405125,432.628396368,0.5807130011300179,homopoly,429.027832689
77343,,C=CC(=O)OC1=C(C=C(C=C1Br)Br)Br,,2,520.175611133,534.734166442,457.288426471,0.6893244215863159,homopoly,504.06606801533326
139072596,,C=CC(=O)OCCOCC1=C2C=CC=NC2=C(C=C1)O,,0,186.254087006,38.7302039946,219.231638375,0.1740534561926953,monomer,148.07197645853333
105994,,C=CC(=O)OCCOCCOCCOCCOCCOCC1CCCO1,,2,732.514337276,626.431839827,656.295195792,0.9320283927992142,homopoly,671.7471242983333
19861678,,CCCCOCCOCCOCCOC(=O)C=C,,2,478.480245206,467.4829055,489.016468633,0.652068658422471,homopoly,478.3265397796667
164946354,,CC/C=C/CCOC(=O)C=C,,0,103.299884753,53.3876936896,89.9284976126,0.07871716682079238,monomer,82.20535868506666
129845937,,CCOC(COCCOCCO)(O)OC(=O)C=C,,1,208.779751086,204.415762701,227.914388761,0.26904917854027716,homopoly,213.70330084933332
15185261,,C=CC(=O)OCCCBr,,2,248.809177394,281.058706718,228.791934961,0.32576365817756264,homopoly,252.88660635766664
119747,,C=CC(=O)OCCC(C(C(C(C(C(C(C(F)(F)F)(F)F)(F)F)(F)F)(F)F)(F)F)(F)F)(F)F,,2,491.904951683,487.331130478,471.683619936,0.6597592933945763,homopoly,483.639900699
113159,,CCCCNC(=O)OCCOC(=O)C=C,,2,396.311685403,344.383429543,412.798515373,0.5162597028366901,homopoly,384.497876773
110651,,CCC(COC(=O)C=C)[N+](=O)[O-],,0,70.8802680295,75.9609143628,72.8663625256,0.06573456856491786,monomer,73.23584830596667
18513443,,CCCCCCOCCOC(=O)C=C,,1,184.760329052,204.798005583,191.862180529,0.2402507527699623,homopoly,193.806838388
11058231,,C=CC(=O)OCCOCCOCCOCCOCCOCCOC(=O)C=C,,0,137.464964505,211.92190691,166.481501506,0.2086237151137476,monomer,171.95612430699998
57783175,,CC1=CC=C(C=C1)N(C2=CC=C(C=C2)C3=CC=C(C=C3)CCOC(=O)C=C)C4=C(C=C(C=C4)C)C,,1,684.049206992,664.391386484,669.135753075,0.9331549509438867,homopoly,672.5254488503333
66701901,,C=CC(=O)OCCOCCOCC1=CC=CC=C1,,0,163.020690806,114.5231479,85.4614807872,0.13487165482129776,monomer,121.0017731644
19880963,,CC(OC(=O)C=C)S(=O)(=O)N,,1,134.412262784,148.222116943,156.269275284,0.1714904354336401,homopoly,146.301218337
132234056,,CCCCCCCC(=O)OC(C)COC(C)COC(=O)C=C,,0,140.265140289,147.877852006,170.159421971,0.18084978309870048,monomer,152.767471422
22177432,,COC1=CC(=CC=C1)OC(=O)C=C,,2,404.423881845,377.445741247,344.093219113,0.502976883349891,homopoly,375.3209474016667
20566720,,C=CC(=O)OCCCOC1=CC=C(C=C1)O,,0,86.019121771,109.287389352,135.102291742,0.11914476591139947,monomer,110.13626762166666
86736827,,CCC(C)(NC(=O)NCC)OOC(=O)C=C,,1,203.243975269,213.621963663,209.798361762,0.262079587949179,homopoly,208.88810023133337
58021564,,CCOP(=O)(COC(=O)C=C)OCC,,1,204.466085464,183.696383628,192.940707044,0.2400976457463789,homopoly,193.701058712
3016576,,CCCCCCCCCCCCCCC(CCCCCCCCCCCC)OC(=O)C=C,,1,496.583897407,496.776733645,537.413823565,0.6982869322872234,homopoly,510.258151539
15748566,,CCCCCC(CC)OC(=O)C=C,,2,373.941591875,377.350050718,387.505889199,0.509169254750495,homopoly,379.599177264
57709857,,C=CC(=O)OCCS(=O)(=O)CCC(C(F)(F)F)(C(F)(F)F)F,,2,459.373640024,412.660916951,450.876014817,0.5979985416332126,homopoly,440.9701905973333
173047,,CN(CCOC(=O)C=C)S(=O)(=O)CC(C(C(C(C(C(C(C(C(C(C(C(C(C(F)(F)F)(F)F)(F)F)(F)F)(F)F)(F)F)(F)F)(F)F)(F)F)(F)F)(F)F)(F)F)(F)F)(F)F,,0,265.170439155,223.297056713,204.309214115,0.2939769384640596,monomer,230.92556999433336
19859974,,C=CC(=O)OCCCCCCCCCCCCO,,1,270.425545656,259.562795058,254.05652302,0.3380112176916664,homopoly,261.34828791133333
44148663,,CC(COCC(COCC(C)OC(=O)C=C)OCC(C)OC(=O)C=C)OCC(C)OC(=O)C=C,,1,429.42172557,439.127054872,468.332028551,0.6047387823470004,homopoly,445.626936331
139024549,,CCC(CC(C)C)COC(=O)C=C,,1,198.723424512,202.739937739,174.349589144,0.2375452633013748,homopoly,191.937650465
57045534,,C=CC(=O)OCCC(Cl)Cl,,0,83.2475070956,40.0552619517,80.6856210017,0.05815052499362388,monomer,67.99613001633332
81804,,C=CC(=O)OCCOC1=C(C=C(C=C1Br)Br)Br,,0,75.4537150439,169.9807372,164.328244336,0.15743075472599696,monomer,136.58756552663334
104247,,C=CC(=O)OCCC(C(C(C(F)(F)F)(F)F)(F)F)(F)F,,2,327.752057192,312.259334224,353.872054338,0.4392523443457983,homopoly,331.294481918
22277950,,C=CC(=O)OC(C(C(C(C(C(F)(F)F)(F)F)(F)F)(F)F)(F)F)(F)F,,2,339.52906733,324.481608085,331.291334073,0.43993676085909306,homopoly,331.7673364959999
44580760,,C=CC(=O)OC(CCN1CCN(CC1)CCCN(C2=CC=C(C=C2)F)C3=CC=C(C=C3)F)C4=CC=CC=C4,,0,265.862406445,339.089048987,223.543701837,0.3594572156309842,monomer,276.165052423
149983942,,CC(=O)NC1=CC(=CC=C1)OC(=O)C=C,,1,231.235215644,233.782086472,208.649464329,0.28475693613913167,homopoly,224.555588815
139600009,,C=CC(=O)OC1=CC2=C(C=C1)C(=O)CC(O2)C3=CC=CC=C3,,2,715.945174732,535.425635257,714.840739147,0.9083729022348452,homopoly,655.403849712
131740479,,C=CC(=O)OCCOCCN,,0,68.3614651834,78.2714698778,60.2490559446,0.05954660486670454,monomer,68.96066366859999
44457096,,CC(=O)OCC([C@@H]1[C@@H]([C@H]2[C@@H](O1)OC(O2)(C)C)OC(=O)C=C)OC(=O)CCC(=O)N[C@H]3C4N(C3=O)[C@H](C(S4)(C)C)C(=O)O,,0,252.064632044,226.568930494,299.531293419,0.3351742817652609,monomer,259.388285319
86600776,,C=CC(=O)OCCCCCCCC,,0,101.385981633,87.7908451874,94.360680434,0.09653070357035809,monomer,94.51250241813334
129677102,,C=CC(=O)OC[C-]1C=CC=C1,,1,180.224931783,200.988170923,124.358725661,0.20365592624834217,homopoly,168.523942789
576412,,C=CC(=O)OCCCC1=CC=CC=C1,,0,135.157953747,40.674487037,129.459642814,0.1070266657414114,monomer,101.764027866
18934204,,CCC1(OCC(O1)COC(=O)C=C)C,,1,166.084358086,198.856173778,176.769283511,0.22109147353656008,homopoly,180.56993845833333
86748998,,C=CC(=O)OCCOC(=O)CC(C)=O,,2,320.411009169,383.34358943,321.437930826,0.4543580835994996,homopoly,341.73084314166664
14899,,CC(C)CCCCCCCOC(=O)C=C,,0,120.964228644,94.4475651273,124.466028307,0.12371329741897868,monomer,113.29260735943332
129762053,,C=CC(=O)Oc1nn[nH]n1,,0,92.5348576785,12.4330324692,58.7570350722,0.03872455240528178,monomer,54.5749750733
13847847,,CC(C)CCCCCCCCCCCCOC(=O)C=C,,2,639.196387229,591.013265744,623.005582678,0.8538554060963395,homopoly,617.7384118836667
14832789,,C=CC(=O)O[C@H]1C[C@@H]2CC[C@H]1C2,,1,152.018434737,172.40167247,167.094178189,0.19687356299239306,homopoly,163.838095132
20594792,,CCCC1CCC(CC1)C2=CC=C(C=C2)OC(=O)C=C,,0,158.39721078,116.076873459,211.411609366,0.19415792810336807,monomer,161.96189786833332
57191966,,C=CC(=O)OCCCCCC(O)O,,2,306.06480738,347.720758218,351.953577449,0.44497237990674804,homopoly,335.24638101566666
57931572,,C=CC(=O)OC1C2=CC=CC=C2C3=CC=CC=C13,,0,207.515614903,49.4303959788,191.918271504,0.17629615384776198,monomer,149.62142746193334
16205176,,CC(C)(C(=O)OC)OC(=O)C=C,,0,91.0670122984,74.5581087751,61.9035720276,0.06950804933367663,monomer,75.84289770036666
162724249,,CC(C)(CCC1=CC=CC=C1)OC(=O)C=C,,1,212.138773669,254.649847405,244.58535338,0.3029495877719425,homopoly,237.1246581513333
170992186,,CC1CCC(C(=O)C1)C(C)(C)OC(=O)C=C,,2,452.67760836,423.014472185,464.748413408,0.6064562287403896,homopoly,446.8134979843333
13262697,,C=CC(=O)OCC1=CC=CC2=CC=CC=C21,,1,198.603193726,284.224176271,236.820833572,0.3069416671585502,homopoly,239.882734523
57789513,,C=CC(=O)OCCCCCCCCCCS(=O)(=O)O,,0,150.521795328,115.413675744,122.517448157,0.14714939537355817,monomer,129.48430640966666
20230537,,CCNC(=O)OCCOC(=O)C=C,,1,155.041009595,162.369362209,156.882499941,0.18856472243590328,homopoly,158.097623915
88088085,,C=CC(=O)OC(C1=CC=C(C=C1)F)(C(F)(F)F)C(F)(F)F,,2,352.236433378,516.848205483,390.553868765,0.5674715765716215,homopoly,419.879502542
129762902,,CC(C)(C(Cl)(Cl)Cl)OC(=O)C=C,,1,161.837769727,183.687187495,184.380511198,0.21539621304806442,homopoly,176.63515614000002
99769780,,C=CC(=O)OCCCC(C(C(C(F)(F)F)(F)F)(F)F)(C(F)(F)F)C(F)(F)F,,0,129.469463002,105.387696699,86.9791332404,0.11500877454811306,monomer,107.2787643138
21572427,,C=CC(=O)OC(C1=C(C(=C(C=C1)Br)Br)Br)(Br)Br,,0,248.619869378,94.0622012163,138.203599819,0.1917455596230271,monomer,160.2952234711
90732367,,CC1=C(C(=CC=C1)C)OC(=O)C=C,,1,197.110029459,175.650474488,212.200682587,0.24195902564885866,homopoly,194.987062178
22182933,,C=CC(=O)OC1CCCCC1O,,2,319.99384082,323.121539862,313.567709949,0.42130423476398954,homopoly,318.89436354366666
129831059,,C=CC(=O)OC1([C@@H]([C@H]([C@@H]([C@H](O1)CO)O)O)O)O,,2,333.22056072,378.295979722,390.708502218,0.49152407258891906,homopoly,367.4083475533333
18469648,,CCCCC1CCC(CC1)OC(=O)C=C,,2,442.629424916,430.585025031,451.57576874,0.5989054176115473,homopoly,441.59673956233337
20812341,,CC1(OCC(O1)COC(=O)C=C)C,,1,165.869134328,164.738698438,163.430914886,0.1980915439782201,homopoly,164.67958255066665
13774217,,C=CC(=O)OC1=CC=C(C=C1)Br,,1,138.215161245,154.437443495,252.793937829,0.22289433775475062,homopoly,181.8155141896667
11959825,,C=CC(=O)OC1CCOC1=O,,0,48.0334088481,69.0230114715,77.0074844612,0.05336224411437577,monomer,64.68796826026666
15621059,,C=CC(=O)OCC1=CC=C(C=C1)C2=CC=CC=C2,,2,411.602607225,538.138031111,796.010726201,0.802007155495986,homopoly,581.9171215123333
22182933,,C=CC(=O)OC1CCCCC1O,,1,162.020257951,149.299391148,163.5523029,0.1888441121304663,homopoly,158.2906506663333
46835728,,CC(C)(C)C1=CC(=CC(=C1)OC(=O)C=C)C(C)(C)C,,2,647.512788749,602.561870235,570.264348392,0.8379935643003337,homopoly,606.7796691253334
86815,,C=CC(=O)OC(C1=CC=CC=C1)C(=O)C2=CC=CC=C2,,1,313.228619704,296.393554515,276.021396865,0.38702969417821204,homopoly,295.2145236946667
23362714,,C=CC(=O)OCCCC1=CC=NC=C1,,0,117.944966273,104.062714485,73.0052502527,0.10206726800354066,monomer,98.33764367023332
10192585,,CC(C)(CO)COC(=O)C=C,,1,136.421295933,152.137372657,139.799775923,0.1664026723476279,homopoly,142.786148171
145430716,,C=CC(=O)OCC1=CC(=CC=C1)SC2=CC=CC=C2,,1,346.018019678,279.624539448,310.336676952,0.41131521586741115,homopoly,311.99307869266664
45091793,,C=CC(=O)OCC1=NNN=C1,,1,87.5061245514,140.033242618,150.989822502,0.1423614791031052,homopoly,126.17639655713332
11368265,,C=C[C@@H](COCC1=CC=CC=C1)OC(=O)C=C,,2,519.603515989,418.188973855,501.746650802,0.6542684973161601,homopoly,479.8463802153333
45120227,,CC(C)C(=O)NCCOC(=O)C=C,,1,165.672956912,185.052342215,157.335752732,0.20485690553631694,homopoly,169.353683953
22003413,,CC(C)CCCCOC(=O)C=C,,1,182.495877006,158.825979062,177.122667229,0.20986663414220277,homopoly,172.81484109899998
18628414,,C=CC(=O)OOOC(=O)C=C,,0,86.5407002114,49.7583946872,59.5203245095,0.05420922981650334,monomer,65.2731398027
3034295,,CCN(CCOC(=O)C=C)S(=O)(=O)C(C(C(C(F)(F)F)(F)F)(F)F)(F)F,,2,504.3508812,503.421870526,565.98136956,0.7190233947380318,homopoly,524.5847070953333
12353532,,C=CC(=O)OC1=C(C=C(C=C1)Cl)Cl,,1,214.59478275,206.178760584,196.285988569,0.2574455611448966,homopoly,205.68651063433333
17050,,CCN(CC)CCOC(=O)C=C,,1,162.088285489,160.003357222,178.175986338,0.2010968014687951,homopoly,166.75587634966666
124202873,,CO[13C](=O)[13CH]=[13CH2],,1,70.1872277727,87.8644676291,66.4566286996,0.06805080749808468,homopoly,74.8361080338
92015353,,CC1=CC(=CC(=C1OC(=O)C=C)C)N=NC2=CC=C(C=C2)C(C)(C)C,,1,430.705173158,382.924593828,408.955170793,0.549594286695967,homopoly,407.528312593
25644,,C=CC(=O)OCCCCCCOC(=O)C=C,,2,473.530900637,373.651228621,432.873034513,0.577322030433499,homopoly,426.6850545903333
14365587,,C=CC(=O)Oc1cccc(O)c1O,,0,152.132256848,71.5726942914,45.5787108605,0.08965363006544042,monomer,89.76122066663333
54320061,,C=CC(=O)OCCOC1=CC=CC=C1OC(=O)C=C,,1,264.937293739,260.701911594,261.626277862,0.33956507465932745,homopoly,262.4218277316667
175023,,CN(CCOC(=O)C=C)S(=O)(=O)CCC(C(C(C(C(C(C(C(C(C(C(C(C(C(C(C(F)(F)F)(F)F)(F)F)(F)F)(F)F)(F)F)(F)F)(F)F)(F)F)(F)F)(F)F)(F)F)(F)F)(F)F)(F)F)(F)F,,0,257.91578533,258.899778149,248.212322151,0.3288360685352429,monomer,255.00929521
102223599,,C=CC1=C(C=C(C=C1)O)OC(=O)C=C,,0,132.028095595,21.6097945448,171.094509533,0.11640606338591888,monomer,108.24413322426666
13908061,,C=CC(=O)OCCOCCOCCO,,1,175.38159691,170.443766697,174.377030165,0.21071475647360546,homopoly,173.40079792400002
3022445,,CCCCCCCCCCCCCCCCC(C)COC(=O)C=C,,0,185.852487438,179.264684605,202.960302918,0.23381311670637914,monomer,189.3591583203333
21872250,,C=CC(=O)OCCOC1=CC=C(C=C1)Cl,,2,546.352698192,422.621363208,333.678058781,0.5882244169435482,homopoly,434.2173733936667
21896322,,C=CC(=O)OC1(CCCC1)C2CCCO2,,2,419.312519098,402.067005006,406.490084967,0.552143989760334,homopoly,409.2898696903333
9989898,,C=CC(=O)OC1=CC=CC=C1Cl,,0,118.732874073,97.5147889484,49.0545126861,0.08773267656813677,monomer,88.43405856916667
22186490,,CC(C)(C)CCOC(=O)C=C,,2,322.729768968,290.885927222,333.803860702,0.41683484413283517,homopoly,315.806518964
129677092,,C=CC(=O)OCC[C-]1C=CC=C1,,1,565.151862162,160.758596932,330.662730265,0.46949835635718307,homopoly,352.1910631196667
69233288,,C=CC(=O)OC1=CC(=CC2=C1N(C3=C2C=C(C=C3)Cl)CCO)Cl,,1,322.066954149,474.227826656,365.787899036,0.5204036740841347,homopoly,387.36089328033336
54530313,,CC1(COC(OC1)CCOCCOC(=O)C=C)C,,1,229.098565726,252.345815441,220.216992148,0.2982635349374793,homopoly,233.88712443833333
15509192,,C=CC(=O)OC1(CCCC1)C2CCCCC2,,0,140.287572906,116.808236279,96.3446349941,0.13025687548098805,monomer,117.81348139303334
105239,,CN(CCOC(=O)C=C)S(=O)(=O)CC(C(C(C(C(C(F)(F)F)(F)F)(F)F)(F)F)(F)F)(F)F,,2,645.538298888,554.739291493,599.079208732,0.8278702476833957,homopoly,599.7855997043333
18392,,COCCOC(=O)C=C,,2,238.813778276,242.379620712,202.489178302,0.2895892790025896,homopoly,227.89419243
155509,,C=CC(=O)OC[C@@H]1CCCN2[C@@H]1CCCC2,,1,232.133459907,211.441195364,235.202754454,0.28722267565478116,homopoly,226.259136575
58319698,,C=CC(=O)OCCC(=O)ON1C(=O)CCC1=O,,1,207.769431748,233.449794991,163.000570435,0.2512507556072751,homopoly,201.406599058
688322,,CC(C)(C)C1CCC(CC1)OC(=O)C=C,,2,423.680566815,428.424313191,452.979118655,0.5893977288999626,homopoly,435.0279995536666
155908502,,CCN(CC)CC1=C(C=CC(=C1)C)OC(=O)C=C,,2,535.18255906,494.978402788,628.850402926,0.7601575813259305,homopoly,553.003788258
54033718,,CCCCC(CN1C=NC=N1)(COC(=O)C=C)C2=CC=C(C=C2)Cl,,2,791.228322555,621.063469825,678.215643019,0.9683421197286072,homopoly,696.8358117996668
75084,,CCCCCCCCCCCCOC(=O)C=C,,2,513.785041859,529.14402175,511.241464918,0.7095748701827721,homopoly,518.0568428423334
53829200,,C=CC(=O)ON1CCCCC1,,1,130.929726628,173.931895555,142.660750995,0.17564872095550066,homopoly,149.17412439266667
92188,,CCC(C)OC(=O)C=C,,1,115.985354216,119.96698346,134.795334471,0.13860711899608713,homopoly,123.58255738233332
86720806,,C=CC(=O)OCC1=C(C=CC(=C1)[N+](=O)[O-])C2=C(C=C(C=C2)[N+](=O)[O-])COC(=O)C=C,,1,574.387006279,432.337785572,304.857248856,0.5925328487213513,homopoly,437.194013569
3051375,,CC(=O)OC[C@]12CC[C@@H](C[C@]1(CC[C@@H]3[C@@H]2CC[C@]4([C@@]3(CC[C@H]4C(=O)COC(=O)C=C)O)C)O)OC(=O)C,,1,476.226495325,524.541899865,483.354259157,0.6757787701832297,homopoly,494.707551449
155717,,CN(CCOC(=O)C=C)S(=O)(=O)CCC(C(C(C(C(C(C(C(C(C(F)(F)F)(F)F)(F)F)(F)F)(F)F)(F)F)(F)F)(F)F)(F)F)(F)F,,1,377.393907726,381.922284545,400.715659485,0.5194142080674441,homopoly,386.6772839186667
21896322,,C=CC(=O)OC1(CCCC1)C2CCCO2,,0,122.866495993,107.654465933,82.2012465971,0.11061148894864395,monomer,104.24073617436666
86741359,,C=CC(=O)OCCN(CC)CC,,2,342.857389893,328.143297395,327.387763043,0.4414258804732682,homopoly,332.7961501103334
129818296,,COC1=C(C(=C(C=C1)OC(=O)C=C)OC)OC,,1,217.663093347,279.905866862,237.312280536,0.3142911728176931,homopoly,244.96041358166667
129773825,,C=CC(=O)OCC1=CC=C(C=C1)C(=O)C2=CC=CC=C2,,1,236.065030496,432.257222183,239.754772446,0.3978531954618704,homopoly,302.69234170833334
2737317,,C=CC(=O)OCCF,,1,87.1212622063,91.0654844515,95.0449712173,0.0915584543406093,homopoly,91.0772392917
19979417,,CC1(CC(CC(N1OC2CCCCC2)(C)C)OC(=O)C=C)C,,1,304.08311231,315.118089892,330.207599527,0.4177945979900624,homopoly,316.46960057633333
168490272,,C=CC(=O)OC1=CC=CC2=C1C(=O)N(C2=O)C3CCC(=O)NC3=O,,1,402.817701574,210.582838659,360.655877811,0.42968636937475235,homopoly,324.6854726813333
87061321,,C/C=C/CCCOC(=O)C=C,,0,82.1554399681,84.1153614563,75.0655400506,0.07616984557896622,monomer,80.44544715833332
108597,,CC(C)(C1=CC=CC=C1)C2=CC=C(C=C2)OC(=O)C=C,,2,551.137775802,597.020027896,752.469710159,0.8767304770990451,homopoly,633.5425046189999
2776419,,C=CC(=O)OCC(C(C(C(C(C(C(C(C(C(F)F)(F)F)(F)F)(F)F)(F)F)(F)F)(F)F)(F)F)(F)F)(F)F,,0,110.454545245,117.434352373,167.115573797,0.15031033231022103,monomer,131.66815713833333
129875431,,C=CC(=O)ONCC1=CC=CN1,,0,97.0008329618,36.6026300405,96.3972243642,0.07070071601157002,monomer,76.66689578883334
129689811,,C=CC(=O)O[C@@]1([C@@H]([C@H]([C@H]([C@H](O1)O[C@@H]2[C@H](O[C@H]([C@@H]([C@H]2O)O)O)CO)O)O)O)CO,,0,181.559754656,157.608482573,116.476194455,0.17956738236648864,monomer,151.881477228
44150458,,CC(=O)OCC1(CCC2C1C3CCC2C3)COC(=O)C=C,,0,137.644990351,146.560556686,145.02378098,0.1668228487817264,monomer,143.07644267233331
23635724,,CCCOC(=O)C1=CC=C(C=C1)OC(=O)C=C,,2,470.187812004,369.615139137,677.152548786,0.6916196810671182,homopoly,505.651833309
129854610,,CCCCCCCCCCOC(=O)CCOC(=O)C=C,,1,296.743414851,279.791870874,284.123119411,0.3749750647298731,homopoly,286.88613504533333
129883305,,COC1=CC=C(C=C1)C=NCCCOC(=O)C=C,,2,456.508219814,574.678834256,531.236969095,0.7135569457760265,homopoly,520.8080077216666
86600777,,C=CC(=O)OCCCCCCCCCCCCCCCCCCCCCC,,1,396.03688452,455.364363045,418.556220424,0.5724501804250819,homopoly,423.3191559963333
129722417,,C=CC(=O)OC(=C=O)OC(=O)C=C,,1,189.080021165,172.100077529,180.862829198,0.22125219081838224,homopoly,180.680975964
164511035,,C[C@H]1CCC([C@H](C1)OC(=O)C=C)C(=C)C,,0,125.542989765,111.164231471,97.5681289524,0.12101026463672554,monomer,111.42511672946668
16217174,,C=CC(=O)OC[C@@H]1CCCN1C2=CC=C(C=C2)[N+](=O)[O-],,0,135.076250122,68.8642933601,262.756563929,0.1848999829415713,monomer,155.56570247036666
293461,,C=CC(=O)OC1=CC=C(C=C1)Cl,,0,160.983254162,70.3576119251,41.7250935792,0.09147848073590067,monomer,91.02198655543332
71413787,,C=CC(=O)OCCCS(=O)(=O)C(C(C(C(F)(F)F)(F)F)(F)F)(F)F,,1,234.155542909,194.582024451,266.332210336,0.29508327818730545,homopoly,231.68992589866664
19028358,,CC(COC(=O)C=C)Cl,,2,259.561292917,253.705998914,238.137880397,0.3222634981355183,homopoly,250.46839074266663
9942853,,CC(COC(C)COC(=O)C=C)OC(=O)C=C,,2,401.18272275,419.221558309,527.298733526,0.6099601876599295,homopoly,449.234338195
162071,,C[N+](C)(C)CCOC(=O)C=C,,1,143.248745978,161.607474166,150.338802619,0.179350555389045,homopoly,151.73167425433334
18183725,,CC(C)(C)NOC(=O)C=C,,1,116.912935218,139.590021466,143.192433604,0.1525735667791825,homopoly,133.23179676266668
129722417,,C=CC(=O)OC(=C=O)OC(=O)C=C,,2,319.599768537,331.033836769,392.313193152,0.4629240116691534,homopoly,347.6489328193333
54336186,,C=CC(=O)OCCSC1=CC2=CC=CC=C2C=C1,,1,293.263371405,326.515669396,299.316482376,0.40316930628420966,homopoly,306.36517439233336
19855,,CCC(CC)COC(=O)C=C,,0,104.960133269,72.1425639219,63.814195961,0.07596747373488,monomer,80.30563105063334
44607784,,C=CC(=O)OCC1C2=CC=CC=C2C3=CC=CC=C13,,2,454.14553359,557.184445739,753.847064218,0.8113794911744956,homopoly,588.392347849
3013855,,C=CC(=O)OCC(C(C(C(C(C(C(C(F)(F)F)(F)F)(F)F)(F)F)(F)F)(F)F)(F)F)(F)F,,2,436.922844985,432.937841593,466.913901104,0.6046875335961901,homopoly,445.5915292273333
2776419,,C=CC(=O)OCC(C(C(C(C(C(C(C(C(C(F)F)(F)F)(F)F)(F)F)(F)F)(F)F)(F)F)(F)F)(F)F)(F)F,,2,559.747483249,493.533031455,522.089575615,0.7198030536737917,homopoly,525.1233634396666
20226495,,C=CC(=O)OCC1=CC=CC=C1C2=CC=CC=C2,,2,507.425129491,721.472141072,441.059361284,0.7654383602910461,homopoly,556.6522106156666
576412,,C=CC(=O)OCCCC1=CC=CC=C1,,2,423.501253585,364.360005309,426.326464693,0.545542870519922,homopoly,404.72924119566665
61242,,C=CC(=O)OC1=CC=CC=C1,,2,229.174702309,459.970112567,259.502409755,0.4174271587770574,homopoly,316.21574154366664
21572427,,C=CC(=O)OC(C1=C(C(=C(C=C1)Br)Br)Br)(Br)Br,,2,667.797111313,564.968286311,660.899701435,0.8733713106788501,homopoly,631.2216996863333
13338025,,C=CC(=O)OC1=CC=CC=C1C2=CC=CC=C2,,1,253.128439517,255.145164777,294.509451321,0.3470518604525527,homopoly,267.5943518716667
20973,,CSCCOC(=O)C=C,,2,243.585534091,252.622674396,286.096704402,0.3371717410702803,homopoly,260.7683042963333
2776166,,C=CC(=O)OCC(CC(C(C(C(C(C(F)(F)F)(F)F)(F)F)(F)F)(F)F)(F)F)O,,2,421.853780058,413.773606038,513.308300134,0.6105549165459763,homopoly,449.64522874333335
129824099,,CC(C)(C(=O)OC12CC3CC(C1)CC(C3)(C2)OC(=O)C=C)Br,,1,297.779081629,342.495315798,293.304260604,0.4101570054765485,homopoly,311.1928860103333
27282087,,C=CC(=O)OCCCCC1=C(C=C(C=C1)[N+](=O)[O-])[N+](=O)[O-],,1,250.714974891,214.587856795,371.221471789,0.3633310495091064,homopoly,278.8414344916667
54307722,,C=CC(=O)OCCCCCCCCF,,2,391.616259016,381.026568772,382.644563502,0.5171251413080334,homopoly,385.0957970966667
129815894,,C=CC(=O)OC(=C1C=CC=C1)O,,2,311.26663029,432.146160405,358.115464561,0.4911878925540547,homopoly,367.1760850853333
78270,,COC1=CC=C(C=C1)OC(=O)C=C,,2,359.770827392,332.136298515,464.726070714,0.5177744539685365,homopoly,385.5443988736667
57198481,,C=CC(=O)OCC(C)OC(=O)C=C,,0,93.9721046086,62.1594409663,95.3917752786,0.08108477237438008,monomer,83.84110695116667
10907737,,CCC(C)(C)C1=CC(=C(C(=C1)C(C)(C)CC)O)C(C)C2=C(C(=CC(=C2)C(C)(C)CC)C(C)(C)CC)OC(=O)C=C,,0,270.855450532,405.533503757,305.384788859,0.43340975847109464,monomer,327.2579143826667
21872246,,C=CC(=O)OCCOC1=CC=CC2=CC=CC=C21,,0,169.385008359,55.7370161479,193.874554517,0.16188583945361523,monomer,139.66552634130002
58231726,,C=CC(=O)OC1=C(C=C(C=C1)C2=CC3=CC=CC=C3S2)C4=CC5=CC=CC=C5S4,,0,30.3238865792,402.425202713,502.033674839,0.4107379523025413,monomer,311.5942547104
92954,,C=CC(=O)OCC(CCl)O,,0,78.0142735407,31.8735493889,78.8024729749,0.05076963120402261,monomer,62.8967653015
82347,,C=CC(=O)OCCCCCCO,,0,95.4186327989,53.8477689737,97.3501582755,0.07871740033355262,monomer,82.20552001603333
20097428,,CC(C)(C)C1=CC(=CC(=C1COC(=O)C=C)C(C)(C)C)O,,2,538.2325103,691.559179177,711.763138731,0.8964767381342448,homopoly,647.184942736
129824056,,C=CC(=O)OC1=CC2=C(C=C1)C=C2,,2,556.692266511,200.741325278,437.847838647,0.5364211236941734,homopoly,398.42714347866666
121743,,C=CC(=O)OCCOC(=O)C1=CC=CC=C1C(=O)O,,1,149.547847025,287.867191157,289.594429067,0.31049326678044575,homopoly,242.336489083
11566095,,C=CC(=O)Oc1c(C)cc(C)cc1C,,2,462.550397476,330.273745351,526.691730444,0.5963606964876312,homopoly,439.8386244236667
14288021,,C[C@H](CCCC(C)C)[C@H]1CC[C@@H]2[C@@]1(CC[C@H]3[C@H]2CC=C4[C@@]3(CC[C@@H](C4)OC(=O)C=C)C)C,,1,511.464629663,441.479994255,547.810696109,0.6838035566476379,homopoly,500.2517733423333
108956,,C=CC(=O)OCC(CO)(COCC(COC(=O)C=C)(COC(=O)C=C)COC(=O)C=C)COC(=O)C=C,,1,485.153087532,453.000288657,478.747386962,0.6433461263148308,homopoly,472.3002543836667
15055442,,CC(C)(C(=O)C1=CC=C(C=C1)OCCOC(=O)C=C)O,,2,522.881757604,523.09092219,579.141364454,0.7438030916626265,homopoly,541.704681416
66647127,,C=CC(=O)OC1=CC=CC2=C1NC3=CC=CC=C23,,2,830.568071309,329.975930136,632.322448767,0.8247388395848935,homopoly,597.6221500706666
105994,,C=CC(=O)OCCOCCOCCOCCOCCOCC1CCCO1,,0,166.613491551,178.413737375,159.598553223,0.2031994859500177,monomer,168.2085940496667
544523,,CC1=C(C(=C(C=C1)C(C)(C)C)O)CC2=C(C(=CC(=C2)C)C(C)(C)C)OC(=O)C=C,,0,201.188209358,232.27352684,259.861952946,0.294240840297473,monomer,231.1078963813333
54523676,,CCCCCCCC(=O)OCCOC(=O)C=C,,1,242.762264248,223.828735241,235.077046512,0.29826675431802385,homopoly,233.889348667
129883305,,COC1=CC=C(C=C1)C=NCCCOC(=O)C=C,,0,106.387149879,127.386430639,200.508029837,0.16926043080858716,monomer,144.760536785
129735866,,C=CC(=O)OC1=C2C=C3C=CC(=N3)C=C4C=CC(=N4)C=C5C=CC(=CC(=C1)N2)N5,,0,94.1901812412,551.87696758,392.285960201,0.4607076876285381,monomer,346.1177030074
10308068,,C=CC(=O)OC1=C2C=CC=CC2=CC3=CC=CC=C31,,1,293.23944288,359.116146895,378.103676592,0.4568991338518702,homopoly,343.4864221223333
57709857,,C=CC(=O)OCCS(=O)(=O)CCC(C(F)(F)F)(C(F)(F)F)F,,0,115.029239714,120.911366267,91.4346258799,0.11768115448549346,monomer,109.12507728696666
53873894,,CCCCCCCCCC=COC(=O)C=C,,2,542.29432781,474.629745312,500.116721382,0.69166083326606,homopoly,505.6802648346666
16205176,,CC(C)(C(=O)OC)OC(=O)C=C,,2,295.238895304,321.881088686,279.66341039,0.3924043409679406,homopoly,298.9277981266667
3016467,,COCCOCCOCCOC(=O)C=C,,1,192.643583165,185.69982818,196.101010588,0.2368849868962519,homopoly,191.4814739776667
3022608,,CCCCCCC(CCCC)COC(=O)C=C,,2,520.566837967,508.397573443,544.463669743,0.7188660896796311,homopoly,524.476027051
22348578,,C=CC(=O)OCC1=CC=CC=C1O,,1,160.496103376,148.163820629,204.624040925,0.20737681202174216,homopoly,171.09465497666667
870529,,C=CC(=O)OC1=CC=C(C=C1)N2CC3=CC=CC=C3C2=O,,2,582.549699154,889.823441218,633.32099782,0.975669270370419,homopoly,701.8980460639999
59502627,,C=CC(=O)OC1=C2C=CC=CC2=NC3=CC=CC=C31,,0,252.773501921,36.2648387421,214.733899808,0.20278767645204546,monomer,167.92408015703333
229992,,CC(=C)COC(=O)C=C,,2,257.370235066,259.719560664,241.253789543,0.3256110843949442,homopoly,252.7811950910001
105447,,CN(CCOC(=O)C=C)S(=O)(=O)C(C(C(C(F)(F)F)(F)F)(F)F)(F)F,,0,104.167848545,107.702884579,162.728014285,0.14046515289338815,monomer,124.86624913633334
132276613,,C=CC(=O)OC1=CC2=C(C=C1)C=C(C(=O)O2)C#N,,2,530.865593418,444.594962532,800.032023488,0.8163564428179568,homopoly,591.8308598126667
21896322,,C=CC(=O)OC1(CCCC1)C2CCCO2,,1,214.888790754,197.328837948,201.635356533,0.25589849389819536,homopoly,204.617661745
12191274,,COC1=C(C=CC(=C1)C=O)OC(=O)C=C,,2,535.050989631,357.157640666,406.763415209,0.5864488859488104,homopoly,432.99068183533336
543295,,CCCCCCCCCCCCC(C)OC(=O)C=C,,2,596.397494254,562.249072374,598.520749995,0.8075150265456772,homopoly,585.7224388743333
71309119,,CCCCOC(=O)[13CH]=C,,2,233.86103871,274.072602217,239.800521049,0.32049234046616315,homopoly,249.2447206586667
11390128,,C=CC(=O)OC12CC3CC(C1)CC(C3)C2,,0,123.397087957,96.5209048046,104.35203626,0.1161829827436048,monomer,108.09000967386665
3022435,,CCCCCCC(C)COC(=O)C=C,,2,418.124930471,416.909886366,416.685584512,0.5636513162899625,homopoly,417.240133783
20226504,,COC1=CC=CC(=C1)COC(=O)C=C,,0,129.13608649,75.5394997324,99.9497079037,0.10670495885259038,monomer,101.5417647087
543884,,CCCCC(CC)CCC(CC)OC(=O)C=C,,0,138.004602805,133.488277432,114.998001491,0.14620276827940462,monomer,128.83029390933334
109856,,CN(CCCCOC(=O)C=C)S(=O)(=O)C(C(C(C(C(C(F)(F)F)(F)F)(F)F)(F)F)(F)F)(F)F,,2,654.313199483,670.320922629,625.248534415,0.9004946776069648,homopoly,649.960885509
129721590,,COC(=O)C1(C(C1(C#N)C(=O)OC)C2=CC=C(C=C2)OC(=O)C=C)C#N,,1,300.380366157,397.765606384,347.502906686,0.46422768851795115,homopoly,348.549626409
11816169,,CC(C1=CC=CC=C1)OC(=O)C=C,,2,306.541461053,409.989904195,394.704301576,0.49587144156863017,homopoly,370.4118889413333
129677092,,C=CC(=O)OCC[C-]1C=CC=C1,,0,121.099441746,48.5121661405,101.78164744,0.09067144863393736,monomer,90.46441844216668
21293197,,C=CC(=O)OCC[N+](=O)[O-],,0,54.9509182426,37.0978079421,76.6233668587,0.04111141967905354,monomer,56.22403101446667
3013855,,C=CC(=O)OCC(C(C(C(C(C(C(C(F)(F)F)(F)F)(F)F)(F)F)(F)F)(F)F)(F)F)(F)F,,1,223.161030706,238.46327188,216.031522447,0.2866815430529354,homopoly,225.885275011
129854430,,CCCCCCCCCCCCCCCCOC(=O)CCOC(=O)C=C,,1,377.686504218,379.347946172,382.203334943,0.5093816645183996,homopoly,379.7459284443333
145796951,,C=CC(=O)OC(O)(CO)C(O)(OC(=O)C=C)OC(=O)C=C,,2,449.707452445,494.503342702,459.458944775,0.6369625352440367,homopoly,467.8899133073333
16217348,,C=CC(=O)OCc1ccccc1,,1,176.020675432,153.606950132,164.881633041,0.19831855208381383,homopoly,164.836419535
88654,,CCCCCCCCCCCOC(=O)C=C,,0,126.723439119,119.616978173,118.180011556,0.1356026518410429,monomer,121.506809616
129700121,,C=CC(=O)OCC(CC)CCCC,,0,89.9252034869,90.189993869,107.149631843,0.09832903002410759,monomer,95.75494306630002
57548328,,CCCCOCC1=CC=C(O1)COC(=O)C=C,,2,475.55355881,499.265579907,431.439230869,0.6382114751727704,homopoly,468.752789862
129851391,,C=CC(=O)OC1=CC(=CC2=C1N(C3=C2C=C(C=C3)I)CCO)I,,0,251.707207196,55.9107772405,366.694195137,0.2850683295523815,monomer,224.7707265245
3023345,,CC(C(=O)OCCCCCOC(=O)C=C)Br,,1,231.583383637,195.938999069,238.211835381,0.28092970796559324,homopoly,221.911406029
53426370,,C=CC(=O)OCCCCOC(=O)CCl,,2,379.654792231,325.81387602,383.24369945,0.48500459259724704,homopoly,362.904122567
91058,,CC=CCOC(=O)C=C,,2,303.080823444,252.107189605,215.605636582,0.33161788510045126,homopoly,256.93121654366666
62414,,C=CC(=O)OCCOCCOCCOC(=O)C=C,,0,155.339653522,84.8813225986,102.854424209,0.1252560376605969,monomer,114.35846677653332
67744,,C=CC(=O)OCC(C(F)(F)F)(F)F,,0,78.5911038103,53.1040018362,36.1709344184,0.04072252212312894,monomer,55.9553466883
23663682,,C=CC(=O)OCCCS(=O)(=O)[O-],,1,126.166599067,144.266835246,180.177576461,0.17713890044029887,homopoly,150.20367025800002
68055331,,C=CC(=O)OC1=C(C(=C(C=C1)F)F)F,,1,102.378745072,137.047750509,268.783257515,0.20492864963896867,homopoly,169.403251032
85957,,C=CC(=O)OCC(CC(C(C(C(C(C(C(C(C(C(C(C(F)(F)F)(C(F)(F)F)F)(F)F)(F)F)(F)F)(F)F)(F)F)(F)F)(F)F)(F)F)(F)F)(F)F)O,,0,193.650279255,179.877148585,154.026337242,0.21426158330932207,monomer,175.8512550273333
129858029,,C=CC(=O)ON=[N+]=[N-],,1,104.834959145,90.4460784773,89.5098465579,0.09713542216342497,homopoly,94.93029472673334
4184941,,COCCCOCCCOCCCOC(=O)C=C,,2,502.101075832,469.992586709,470.365215939,0.6556771874864963,homopoly,480.8196261599999
129673021,,C=CC(=O)OOC(=O)C1=CC1=O,,2,299.508820543,325.256053947,243.56610527,0.3786768629968745,homopoly,289.44365992
19067483,,C=CC(=O)OCC1=CC=C(C=C1)[N+](=O)[O-],,0,95.2001886438,122.981399122,79.8018540108,0.1035004546643678,monomer,99.32781392553332
57003781,,C=CC(=O)OCCC(Br)Br,,0,85.4399561406,82.0684341068,52.1809736685,0.06572579675037135,monomer,73.22978797196667
54514640,,C=CC(=O)OC1=CC=C(C=C1)CO,,2,224.317967095,385.663266768,506.027313317,0.49817422011381096,homopoly,372.00284906
3086961,,CC(OCCOCCOC=C)OC(=O)C=C,,0,102.587183108,97.5211592157,110.603053052,0.10964132899724707,monomer,103.57046512523334
129884945,,C=CC(=O)OC1=CC(=O)C2=CC=CC=C2O1,,1,201.229951459,309.130644944,159.979214909,0.283151775244742,homopoly,223.44660377066663
86753071,,C=CC(=O)OCCCCOC1=CC=C(C=C1)C2(CC=CC(=C2F)C3=CC=C(C=C3)CCCC=O)F,,0,254.3771917,245.048793439,329.694524301,0.3597589302048161,monomer,276.3735031466667
13774217,,C=CC(=O)OC1=CC=C(C=C1)Br,,2,353.756303773,503.437458011,279.241919997,0.5080297295316345,homopoly,378.811893927
3022442,,CCCCCCCCCCCCCC(C)COC(=O)C=C,,1,330.461410098,330.17364969,308.826944355,0.42746969580035554,homopoly,323.154001381
86600776,,C=CC(=O)OCCCCCCCC,,2,405.918681977,389.429330062,350.209901314,0.5124309459002294,homopoly,381.85263778433335
12860622,,C[C@@H]1CC[C@H]([C@@H](C1)OC(=O)C=C)C(C)(C)C2=CC=C(C=C2)OC,,2,719.477928359,633.243277257,689.843063125,0.9452109102003224,homopoly,680.854756247
170899745,,C=CC(=O)OCCCCCCCCCCCCCCCCCBr,,1,373.322287962,331.11207136,380.950135743,0.48339898903384715,homopoly,361.7948316883333
22228790,,C=CC(=O)OC12CC3CC(C1)CC(C3)(C2)O,,2,417.469298135,444.511362737,437.569553029,0.586727835697432,homopoly,433.1834046336666
19042,,C=CC(=O)OCC(CO)(COC(=O)C=C)COC(=O)C=C,,2,544.924882283,456.273838069,561.393430774,0.7136380627185345,homopoly,520.8640503753332
118107964,,C=CC(=O)OCCC1=CC=C(C=C1)OC2=CC=C(C=C2)OC3=CC=CC=C3,,1,343.737385323,537.765076246,415.959021014,0.5857200824526454,homopoly,432.487160861
57127567,,CC[C@H](C)OC(=O)C=C,,0,69.0424481221,49.6421136787,69.4896817357,0.05052065066552528,monomer,62.7247478455
54484930,,CC(=O)NCOC(=O)C=C,,0,54.6498099053,59.9868157166,67.905872398,0.047803494193911326,monomer,60.84749933996667
76133726,,C=CC(=O)OCCCCCCCF,,2,334.747917574,349.628711413,363.412212693,0.4652601593231468,homopoly,349.2629472266667
129756457,,C=CC(=O)OCCSC1=NN=NN1C2=CC=CC=C2,,0,125.636556787,148.625698764,141.437787069,0.1602953547278111,monomer,138.56668087333333
88984,,CCCCCCCCCCCCCCOC(=O)C=C,,1,284.136780433,300.426213911,286.007794941,0.37975750716449497,homopoly,290.19026309500003
543187,,CCC(=O)OC(C)OC(=O)C=C,,2,302.191706646,283.466997867,307.998752079,0.3908961652051169,homopoly,297.885818864
75282,,C=CC(=O)OCCOC(=O)C=C,,0,83.8443984441,48.4739771708,90.0504648402,0.06701856770345596,monomer,74.12294681836666
21412899,,C=CC(=O)OC(C(C(C(C(C(C(C(C(F)(F)F)(F)F)(F)F)(F)F)(F)F)(F)F)(F)F)(F)F)(F)F,,1,229.79021277,233.050926684,210.384203933,0.2845439621126546,homopoly,224.40844779566663
10104558,,C[C@H]1CC[C@@H]([C@H](C1)OC(=O)C=C)C(C)C,,0,122.45481647,93.2943727905,115.900245233,0.1197433352622928,monomer,110.54981149783332
70117982,,C=CC(=O)OCC(C1=CC=CC=C1)SC2=CC=CC=C2,,2,639.816133719,645.048153671,643.815563067,0.8902649288444076,homopoly,642.8932834856668
54156327,,CC(=O)NOC(=O)C=C,,1,118.280445191,82.5728779421,114.976378911,0.11211076587907265,homopoly,105.27656734803332
10997741,,CC(=O)OCCCCOC(=O)C=C,,1,174.688511364,169.696822195,155.604964914,0.20096299738138854,homopoly,166.66343282433334
81804,,C=CC(=O)OCCOC1=C(C=C(C=C1Br)Br)Br,,1,291.223631601,309.207309713,221.331064684,0.35620866231897325,homopoly,273.920668666
54550688,,CCC(COC(=O)C=C)C#N,,2,276.718785194,289.604407916,282.426336101,0.36922937199679723,homopoly,282.916509737
57567,,CC(OC(=O)CCN1CC1)OC(=O)C=C,,2,408.753325071,376.045585662,347.782044832,0.5061699341532332,homopoly,377.5269851883333
14288021,,C[C@H](CCCC(C)C)[C@H]1CC[C@@H]2[C@@]1(CC[C@H]3[C@H]2CC=C4[C@@]3(CC[C@@H](C4)OC(=O)C=C)C)C,,0,253.995767469,180.073694328,337.635362284,0.33205750076601875,monomer,257.2349413603333
139024549,,CCC(CC(C)C)COC(=O)C=C,,0,97.0206515889,106.985573945,80.5695918698,0.09703165858215632,monomer,94.85860580123334
129726845,,C=CC(=O)OCCCCCCCCCCC,,2,478.92716765,493.327571362,466.647849228,0.6539613789486156,homopoly,479.63419608
10034607,,C=CC(=O)OCC#N,,0,56.6837548445,31.4604299886,49.5644712441,0.026172445095039694,monomer,45.902885359066666
17258,,CCCCCCCCOC(=O)C=C,,0,114.070204585,98.8651665759,74.6771784126,0.0984967951802872,monomer,95.87084985783332
2775810,,C=CC(=O)OCC(CC(C(C(C(F)(F)F)(F)F)(F)F)(F)F)O,,0,97.5043650818,77.9951786372,99.4196976502,0.09237263626155712,monomer,91.63974712306668
89065,,CC[N+](C)(CC)CCOC(=O)C=C,,1,286.397484257,297.699796505,787.676068967,0.6215734373562548,homopoly,457.257783243
21496847,,C=CC(=O)OCCN(CO)C(=O)N,,0,81.692606769,89.7966275775,58.8235526993,0.07085129519894609,monomer,76.77092901526666
67889,,C=CC(=O)OCC(F)(F)F,,0,63.1309219421,19.8978155014,56.0631728658,0.026839825781464426,monomer,46.3639701031
85581302,,CCCCCCCCCCCCCCCC1=CC(=CC=C1)OC(=O)C=C,,1,410.262762552,433.245855894,400.415848774,0.5598900005827007,homopoly,414.6414890733333
85538564,,C=CC(=O)OCCCCCCCCCCCCCCCCCCCCBr,,0,199.717274877,191.347033807,219.554530721,0.25433811084355884,monomer,203.539613135
153532451,,C=CC(=O)OC1=NC(=C2C(=N1)N=CN2)N,,0,155.916027036,121.518313379,21.6741809274,0.10404327344307213,monomer,99.70284044746668
12547706,,C=CC(=O)OC(=C)C#N,,2,269.081982011,251.557554143,168.174731409,0.2920651730916425,homopoly,229.6047558543333
15311046,,C=CCCCCCCCCOC(=O)C=C,,0,115.445815314,90.2184866839,137.324189517,0.1252141066380381,monomer,114.32949717163336
129883255,,C=CC(=O)OCC1=CC=C(C=C1)N=CC2=CC=C(C=C2)[N+](=O)[O-],,1,542.569188161,311.558891329,319.277481554,0.5258666410891888,homopoly,391.13518701466666
155643744,,CCCCCCCCSSCCOC(=O)C=C,,0,120.406556057,157.178677918,135.39234375,0.15898184312001795,monomer,137.659192575
543940,,C=CC(=C)CCOC(=O)C=C,,1,146.440902051,151.847517889,185.625777123,0.19320673729191004,homopoly,161.3047323543333
22250625,,COC(=O)C1=CC=CC=C1OC(=O)C=C,,2,495.522424581,299.312886866,447.643645817,0.5591925832863845,homopoly,414.1596524213333
20479854,,CCCCCC(O)OC(=O)C=C,,1,163.794547134,167.325123507,153.791115144,0.1936875629058406,homopoly,161.636928595
17853765,,CCCCCCCC(CC)OC(=O)C=C,,0,127.637007371,84.4477545788,127.840354604,0.12373611565353806,monomer,113.3083721846
129805157,,C=CC(=O)OC1=CC=CC=C1P(=O)(C2=CC=CC=C2)C3=CC=CC=C3,,0,248.339807369,133.817938131,232.720095539,0.25639295757239755,monomer,204.95928034633332
16217174,,C=CC(=O)OC[C@@H]1CCCN1C2=CC=C(C=C2)[N+](=O)[O-],,1,282.766595717,322.682132965,312.329213492,0.40253361105639357,homopoly,305.92598072466666
129866931,,C=CC(=O)OC(O)(OC(=O)C=C)C(O)CO,,1,194.791535828,180.733009396,160.146714378,0.2181780427273294,homopoly,178.55708653399998
129695637,,COC(COCCOCCO)(O)OC(=O)C=C,,2,401.354354894,389.093044679,386.899096271,0.527768029648822,homopoly,392.448831948
31232,,CCC1=CN=C(C=C1)CCOC(=O)C=C,,0,141.678222271,105.95699246,80.3729725285,0.11798653739963255,monomer,109.33606241983334
3022438,,CCCCCCCCCC(C)COC(=O)C=C,,2,492.635438127,516.70040318,545.841762948,0.7100607554777796,homopoly,518.3925347516666
14910870,,CC(=CCC/C(=C/COC(=O)C=C)/C)C,,0,153.770606225,104.62265312,96.9723336607,0.13118570484261274,monomer,118.45519766856668
164109228,,C=CC(=O)OC1C(C(=O)C2(C1=O)CCCCC2)O,,2,473.833558809,469.076559541,460.720318472,0.6369435726200678,homopoly,467.876812274
14671034,,C=CC(=O)OCCC(C(C(F)(F)F)(F)F)(F)F,,0,94.3025013525,59.7958039379,63.1038481262,0.06452578867391989,monomer,72.40071780553333
84997,,C=CC(=O)OCCC(C(C(C(C(C(C(C(F)(F)F)(C(F)(F)F)F)(F)F)(F)F)(F)F)(F)F)(F)F)(F)F,,1,267.814704807,251.86711171,257.907844865,0.33489676679991104,homopoly,259.196553794
20226504,,COC1=CC=CC(=C1)COC(=O)C=C,,2,386.01581212,367.774736817,411.319710285,0.5218643947229066,homopoly,388.3700864073333
131740479,,C=CC(=O)OCCOCCN,,2,266.547156568,278.438574932,288.898009454,0.3620570534591271,homopoly,277.9612469846666
169489099,,C=CC(=O)OC(C(C(F)(F)F)(C(F)(F)F)F)(C(C(F)(F)F)(C(F)(F)F)F)C(C(C(F)(F)F)(F)F)(F)F,,2,491.384895172,469.449373628,513.457973319,0.6710358768608644,homopoly,491.430747373
69782405,,C=CC(=O)OC1=CC=CC=C1C(=O)C(C2=CC=CC=C2)O,,2,668.0066749,536.025788173,583.477684993,0.8221545766779449,homopoly,595.836716022
22992681,,CC(CC1C2CC3CC(C2)CC1C3)OC(=O)C=C,,1,272.90973911,244.685340739,265.504396655,0.3375550953362432,homopoly,261.03315883466666
59245534,,CCCC1CCC(CC1)C2CCC(CC2)C3=CC(=C(C(=C3)F)OCCCCCCOC(=O)C=C)F,,1,412.081769058,533.868572353,611.779627876,0.7112921987566312,homopoly,519.2433230956666
91938,,C=CC(=O)OCC(CO)(CO)CO,,1,156.934751706,163.774181717,141.604130855,0.1827848072583261,homopoly,154.10435475933332
169439624,,CCC(COC(=O)C=C)C(C)C,,0,79.9433681991,95.6761542061,83.5973212962,0.08479667756151321,monomer,86.40561456713333
13932179,,CC(CCOC(=O)C=C)O,,0,81.041805382,47.9141898527,63.6211580532,0.052644928953612995,monomer,64.19238442929999
103668,,C=CC(=O)OC1CCC2CCCCC2C1,,2,459.7332012,397.981131502,461.457049907,0.5961944895755992,homopoly,439.723794203
21871645,,C=CC(=O)OC1=CC=CC(=C1)O,,2,311.125701241,369.080704795,334.932994166,0.44950773568379027,homopoly,338.3798000673333
10920839,,C=CC(=O)OCCCCCl,,0,90.6558834221,55.424983307,62.5280390642,0.06037979196241946,monomer,69.5363019311
10154104,,C=CC(=O)OCCOC=C,,1,133.797953566,145.913677661,114.352001086,0.14985640429674607,homopoly,131.3545441043333
22664433,,C=CC(=O)OCC(C(C(C(C(F)(F)F)(F)F)(F)F)(F)F)(F)F,,0,93.1201157532,54.5246359868,103.434132986,0.08087034462786774,monomer,83.69296157533334
70117982,,C=CC(=O)OCC(C1=CC=CC=C1)SC2=CC=CC=C2,,1,295.528960593,305.080613344,322.406850896,0.4050610294236447,homopoly,307.672141611
57859159,,C=CC(=O)OC1C2CC3C1C(=O)OC3C2,,2,370.499713417,357.637377406,396.705253434,0.5024362750710075,homopoly,374.9474480856666
4418430,,C=CC(=O)OCCOCCOC1=CC=CC=C1,,2,450.948906397,525.586642415,402.802955595,0.6252234085652697,homopoly,459.779501469
14832789,,C=CC(=O)O[C@H]1C[C@@H]2CC[C@H]1C2,,2,333.844123297,367.328888783,294.115075878,0.4399300441182136,homopoly,331.762695986
16206027,,C=CC(=O)OCCC(C(C(C(C(C(C(C(C(C(C(C(C(C(C(C(F)(F)F)(C(F)(F)F)F)(F)F)(F)F)(F)F)(F)F)(F)F)(F)F)(F)F)(F)F)(F)F)(F)F)(F)F)(F)F)(F)F)(F)F,,1,441.441972333,355.818100545,444.319928613,0.5587588627837267,homopoly,413.860000497
68649063,,C=CC(=O)OC(OC12CC3CC(CC(C3)C1)C2)C(C)C,,2,580.305434525,571.035668157,558.504947295,0.7846838660230379,homopoly,569.9486833256666
12141271,,CCC/C=C/COC(=O)C=C,,0,107.310561222,80.9381514336,56.0968343212,0.07762170134544774,monomer,81.44851565893333
18979455,,C=CC(=O)OCCCCCCOC1=CC=C(C=C1)C2=CC=C(C=C2)C3CCC(CC3)CCC=O,,1,477.233285767,482.206467199,728.929798122,0.7743220682869986,homopoly,562.7898503626667
3016480,,C=CC(=O)OCC1=CC=CC=C1[N+](=O)[O-],,1,126.494158858,215.701999606,252.614818363,0.24671126833450166,homopoly,198.270325609
68927558,,CC(C)(C)OC(=O)OC1=CC=C(C=C1)COC(=O)C=C,,2,621.166046962,485.939132571,566.125525495,0.7670180071529417,homopoly,557.7435683426667
56776444,,C=CC(=O)OCC(C(F)(F)F)(OC(C(C(F)(F)F)(OC(C(C(F)(F)F)(F)F)(F)F)F)(F)F)F,,2,431.024416014,476.281596261,449.176826125,0.6141962020587051,homopoly,452.1609461333333
86736826,,CCC(C)(N)OOC(=O)C=C,,0,76.858869822,75.1855011006,65.4293711186,0.06465682243366161,monomer,72.49124734706668
18316,,CCCCCCCCCCCCCOC(=O)C=C,,1,261.567321821,268.969982142,289.239352546,0.35525078785597586,homopoly,273.25888550300004
20479854,,CCCCCC(O)OC(=O)C=C,,0,96.2716095871,53.1207657527,95.8179766031,0.07803894505850195,monomer,81.73678398096666
115833,,C=CC(=O)OCC(COC1=CC=C(C=C1)CC2=CC=C(C=C2)OCC(COC(=O)C=C)O)O,,0,251.674447279,249.917464837,203.98780386,0.30015402343486525,monomer,235.19323865866667
90558,,C=CC(=O)OCCC(=O)O,,1,109.208087092,104.452628276,123.54902691,0.12242602506712988,homopoly,112.403247426
639970,,C[C@@]12CC[C@@H](C1(C)C)C[C@H]2OC(=O)C=C,,0,114.612372377,93.20555717,114.892193644,0.11543037270285819,monomer,107.57004106366666
21618589,,CC1(CCCC(N1OC(=O)C=C)(C)C)C,,1,198.732226707,208.058135052,234.302478546,0.26904094649501675,homopoly,213.697613435
90476426,,C=CC(=O)OC1CC2[C@@H]3CC[C@@H](C3)C2C1,,2,422.391512792,455.633194617,401.981306088,0.577298316829131,homopoly,426.6686711656666
54523676,,CCCCCCCC(=O)OCCOC(=O)C=C,,0,100.287821717,117.472300119,131.491034238,0.12823566354009408,monomer,116.41705202466666
171378145,,CC1([C@@H](N2[C@H](S1)[C@@H](C2=O)NC(=O)[C@@H](C3=CC=C(C=C3)O)N)C(=O)OOC(=O)C=C)C,,0,197.414766838,223.613302081,181.730656335,0.2505458301074953,monomer,200.91957508466663
131887749,,[2H]C([2H])([2H])C(C([2H])([2H])[2H])(C([2H])([2H])[2H])OC(=O)C=C,,1,125.953522213,128.56983482,114.110993386,0.13758750158033006,homopoly,122.87811680633337
10444551,,C=CC(=O)OCCN1C(=O)C2=CC=CC=C2C1=O,,0,152.954489924,63.3552090672,149.956271632,0.1364448259266753,monomer,122.0886568744
5748640,,C[C@H](CO)OC(=O)C=C,,0,56.6340424759,30.1032780989,84.0417948909,0.04212799785960395,monomer,56.9263718219
22051788,,C=CC(=O)OC1=CC=C(C=C1)C2=CC=CC=C2,,1,280.293183278,361.139477088,225.341374878,0.377925681705901,homopoly,288.92467841466663
13643270,,C=CC(=O)OC(COC1=CC(=C(C=C1)C(=O)C2=CC=CC=C2)O)COC3=CC(=C(C=C3)C(=O)C4=CC=CC=C4)O,,0,241.743002744,347.120392116,347.385116371,0.41144513344313655,monomer,312.082837077
114868,,C=CC(=O)OC1=C(C=C(C2=C1N=CC=C2)Cl)Br,,2,529.792495653,504.102851507,712.087324929,0.8021187547878925,homopoly,581.9942240296667
129761964,,C=CC(=O)OC1CC2CC1CC2C(=O)O,,1,197.530370066,168.001449029,200.056607782,0.23261222204775792,homopoly,188.52947562566663
58454459,,C=CC(=O)OCCCC(C(C(C(F)(F)F)(F)F)(F)F)(F)F,,0,100.512053061,67.1800507961,104.583587691,0.09109719892454257,monomer,90.75856384936668
44607779,,C=CC(=O)OC1C[C@H]2C[C@@H]1[C@@H]3[C@H]2C=CC3,,0,115.977391561,108.358985621,93.4882903033,0.11307327976455009,monomer,105.94155582843332
11275754,,C=CC(=O)OCC1=CC2=C(C=C1)OCO2,,0,122.113499027,100.085789561,83.4148744305,0.10718205986907675,monomer,101.87138767283334
118118627,,C=CC(=O)OCCC1=CC=C(C=C1)OC2=CC(=CC=C2)OC3=CC=C(C=C3)OC4=CC=CC=C4,,1,592.702673003,554.350015721,491.681855339,0.7503745940698032,homopoly,546.2448480209999
102248210,,CCC(COC(=O)C=C)([N+](=O)[O-])[N+](=O)[O-],,0,104.248778737,80.2771411673,76.5505459204,0.0856938921590456,monomer,87.02548860823333
22168880,,CCC1(C2CC3CC(C2)CC1C3)OC(=O)C=C,,0,125.856099222,121.523569307,119.333838731,0.13666074958043084,monomer,122.23783575333334
53430979,,C=CC(=O)OCCNCS(=O)(=O)C(C(C(C(C(C(C(C(F)(F)F)(F)F)(F)F)(F)F)(F)F)(F)F)(F)F)(F)F,,1,355.995655724,280.694905951,312.70452221,0.41778797952186436,homopoly,316.4650279616667
111992,,C=CC(=O)OC1CC2CCC1C2,,2,363.886555502,316.61341133,310.363033496,0.43779506563669796,homopoly,330.287666776
129851950,,C=CC(=O)OCC1=CC(=CC(=C1)Br)Br,,1,289.327203763,144.177574832,237.261665731,0.28335761349712363,homopoly,223.58881477533336
44607791,,C=CC(=O)OCC1=CC(=CC=C1)I,,2,380.533427515,484.545845858,404.419507797,0.5722288771266612,homopoly,423.16626039
101059,,C=CC(=O)OCC1=C(C(=C(C(=C1Br)Br)Br)Br)Br,,2,748.099671086,678.45106555,482.86634795,0.8809711941056313,homopoly,636.4723615286666
162724249,,CC(C)(CCC1=CC=CC=C1)OC(=O)C=C,,2,482.269948284,518.980436102,433.460429004,0.6519389672242836,homopoly,478.2369377966666
21646008,,CCCOOC(=O)C=C,,1,122.103602759,115.170194504,121.138910409,0.13265585069896974,homopoly,119.47090255733332
81466,,C=CC(=O)OCCOC,,2,201.686233773,237.68654151,241.206999898,0.28809226554454953,homopoly,226.85992506033332
10192638,,C=CC(=O)OC1=CC=CC2=CC=CC=C21,,2,499.072935499,502.489875475,445.315488232,0.6578094318485757,homopoly,482.292766402
99769778,,C=CC(=O)OC1(C(C(C(C(C1(F)F)(F)F)(F)F)(F)F)(F)F)C(F)(F)F,,1,198.561653693,167.514456668,183.5677539,0.2249194256720308,homopoly,183.21462142033337
44435789,,CCCCCCC1=CC=CC=C1OC(=O)C=C,,2,506.130572896,499.175407023,588.989746545,0.7289341329420617,homopoly,531.4319088213333
87114693,,C=CC(=O)OC/C=C/C1=CC=C(C=C1)O,,1,365.748756945,186.683330022,144.693866012,0.29607532407441245,homopoly,232.37531765966665
119935,,CCCCCCCCCCCCCCCCCOC(=O)C=C,,1,328.534142873,367.664860398,327.641067146,0.4537055607297521,homopoly,341.28002347233337
14671035,,C=CC(=O)OCCC(C(C(C(C(F)(F)F)(F)F)(F)F)(F)F)(F)F,,2,354.4158629,374.274663373,362.491441408,0.4861961041007721,homopoly,363.7273225603333
83410,,CCCCCCCCCCCCCCCCOC(=O)C=C,,1,330.315854314,333.461593179,313.388212672,0.4311864899547729,homopoly,325.72188672166664
