y,run_0,run_1,run_2,run_3,run_4,run_5,run_6,run_7,run_8,run_9,run_10,run_11,run_12,run_13,run_14,run_15,run_16,run_17,run_18,run_19,run_20,run_21,run_22,run_23,run_24,run_25,run_26,run_27,run_28,run_29,run_30,run_31,run_32,run_33,run_34,run_35,run_36,run_37,run_38,run_39,run_40,run_41,run_42,run_43,run_44,run_45,run_46,run_47,run_48,run_49,run_50,run_51,run_52,run_53,run_54,run_55,run_56,run_57,run_58,run_59,run_60,run_61,run_62,run_63,run_64,run_65,run_66,run_67,run_68,run_69,run_70,run_71,run_72,run_73,run_74,run_75,run_76,run_77,run_78,run_79,run_80,run_81,run_82,run_83,run_84,run_85,run_86,run_87,run_88,run_89,run_90,run_91,run_92,run_93,run_94,run_95,run_96,run_97,run_98,run_99
0.03902933,0.04513742,0.058212627,0.09141311,0.019646421,0.047904916,0.0012222566,0.040119942,0.019771695,0.08792138,0.027322486,0.020639367,0.024302676,0.019465504,0.07308666,0.008778222,0.047291633,0.023235738,0.03565065,0.00033834577,0.042269733,0.069865614,0.07388088,0.044588592,0.03476493,0.071558945,0.036628287,0.03789994,0.04439853,0.079858355,0.040557563,0.04512807,0.03962196,0.05711317,0.06699825,0.07277552,0.026153535,0.025132,0.009421237,0.025173359,0.036950063,0.042393487,0.059234887,0.009923533,0.056984123,0.05191692,0.0001399517,0.03000034,0.043977164,0.009538453,0.039901257,0.009136874,0.04421041,0.037892096,0.024308365,0.030159451,0.015029499,0.022731282,0.03561792,0.019464783,0.06769629,0.018476583,0.06578876,0.07774381,0.0029924326,0.016802013,0.0555228,0.041542433,0.029916361,0.025025737,0.022085875,0.042489126,0.048686184,0.03410404,0.074740015,0.0113009885,0.022955403,0.041994125,0.05243406,0.034925178,0.043158785,0.021324094,0.05543885,0.024906812,0.022242539,0.028519683,0.0417409,0.034819745,0.03550598,0.049011394,0.039078772,0.03234598,0.0334426,0.05062994,0.06339713,0.02370068,0.02047164,0.020332914,0.05505429,0.033309277,0.058843795
0.042829882,0.06105263,0.05088243,0.03730324,0.027515609,0.027145065,0.03688786,0.056013186,0.029986344,0.08053934,0.053108804,0.046156503,0.060940906,0.05663819,0.089148045,0.034345254,0.04438456,0.019561134,0.038929217,0.05389098,0.048268184,0.062112633,0.0025127828,0.05689225,0.029557506,0.05691482,0.012628593,0.011757351,0.039991923,0.070065886,0.023182958,0.0058024973,0.083750024,0.06756014,0.024152521,0.046173546,0.0322536,0.063179776,0.021624796,0.09059925,0.04485485,0.025317073,0.03748782,0.031016782,0.06744322,0.061569244,0.042949714,0.021240361,0.06219686,0.067919865,0.043626018,0.038595602,0.056940265,0.05761875,0.038374618,0.0706943,0.10556871,0.05011993,0.01664988,0.040880878,0.047486886,0.022063948,0.034284003,0.04946106,0.028691787,0.006036751,0.07958704,0.027273525,0.04610436,0.0386611,0.08641712,0.046181086,0.051389344,0.047269657,0.026893329,0.044493392,0.04595043,0.05528314,0.08271366,0.051173616,0.044722818,0.059113257,0.03776963,0.0031946376,0.05416439,0.053674232,0.07410212,0.07183249,0.054881487,0.061547115,0.051469874,0.07576112,0.07424332,0.060419366,0.04511916,0.041560985,0.06315985,0.024673741,0.032840997,0.029503692,0.0046213344
0.044065844,0.04869972,0.05502346,0.011115883,0.034294464,0.037696525,0.021092884,0.045354396,0.046544764,0.022688791,0.056443837,0.04087773,0.05454707,0.0515122,0.04379696,0.04729218,0.01590985,0.013517983,0.04045841,0.05687131,0.050417617,0.010469466,0.016259558,0.08365263,0.039871216,0.043302707,0.06246507,0.036893714,0.040948123,0.03240395,0.0033732057,0.014547564,0.05154948,0.03243461,0.045845103,0.058434483,0.05221217,0.065240785,0.008440763,0.03032865,0.038851343,0.05764375,0.01352942,0.026758887,0.06315489,0.003915161,0.05819926,0.059208624,0.05108513,0.06963719,0.04931008,0.056597553,0.046100974,0.02457489,0.026880369,0.0049728975,0.07350982,0.05788567,0.05903016,0.018811312,0.05319398,0.039399993,0.048647273,0.018155605,0.033623792,0.04242231,0.018136188,0.036021903,0.06104243,0.06028361,0.02049739,0.037701607,0.031426847,0.059517164,0.048275456,0.06996472,0.04330779,0.02496723,0.030245364,0.02558482,0.032488186,0.061862774,0.050347947,0.056574345,0.07937737,0.029419713,0.076321125,0.035007387,0.052086614,0.030697145,0.05360229,0.011021405,0.09849921,0.055410936,0.023585334,0.032507747,0.0065078884,0.04855801,0.013938606,0.055090398,0.03160692
0.04625895,0.034044206,0.025115572,0.036358487,0.007105835,0.023206964,0.0028463975,0.025932234,0.014157578,0.023107024,0.052206993,0.039039116,0.05270139,0.075804785,0.06034422,0.048626155,0.053193495,0.018038236,0.017474517,0.10109515,0.009508237,0.012637218,0.06257528,0.0075623915,0.013423674,0.033229206,0.0015777722,0.038998313,0.09030275,0.038141,0.009397872,0.035098195,0.02979384,0.020464398,0.06955142,0.033556383,0.006632015,0.036898572,0.02391858,0.00016009435,0.026786026,0.007511139,0.0020005777,0.04072141,0.064532235,0.02045244,0.045261115,0.017233811,0.04366528,0.03148509,0.013099112,0.016516726,0.031821035,0.023540817,0.036699988,0.063410446,0.05769137,0.050226536,0.023860894,0.054441065,0.07928918,0.05634567,0.053701337,0.026621636,0.0022098497,0.05537222,0.022099301,0.038106244,0.0029845983,0.017333776,0.041356385,0.0069782436,0.031732492,0.06104661,0.048090793,0.06110873,0.049106643,0.03111235,0.0040441453,0.06009229,0.02441489,0.045609944,0.07304863,0.015493587,0.04112041,0.02528033,0.02402553,0.057247333,0.04024832,0.04872387,0.018642157,0.039115608,0.0147885755,0.041073322,0.040720567,0.040365264,0.011844948,0.025033455,0.026916228,0.017936878,0.028820943
0.047855835,0.047377974,0.08012026,0.07139743,0.03579396,0.07457699,0.0731973,0.0357445,0.021011364,0.05679328,0.033438083,0.06907566,0.053206556,0.100158766,0.061355703,0.026340246,0.011420071,0.08319001,0.071587116,0.08994143,0.07330324,0.05603623,0.05717429,0.028275391,0.047723122,0.044361442,0.0383966,0.017978333,0.026910003,0.06050745,0.042712457,0.06492488,0.057123736,0.07242561,0.079988696,0.06530795,0.062553436,0.09079421,0.049392477,0.080756456,0.0643009,0.054015707,0.04166032,0.014979266,0.050233115,0.08022339,0.08815357,0.079492874,0.044557244,0.04284119,0.06942401,0.025578856,0.05453299,0.04159289,0.06291747,0.07540619,0.08529208,0.053841025,0.038204834,0.050582737,0.03391155,0.039499864,0.08468261,0.05127295,0.08352262,0.04042063,0.050239462,0.052453257,0.061273184,0.10372744,0.061647072,0.065506294,0.060477838,0.0513322,0.069114566,0.044950984,0.0362259,0.04322683,0.0728375,0.036940284,0.08658864,0.08423871,0.04692769,0.051774923,0.07210108,0.064056195,0.10108903,0.021426216,0.04315549,0.05946243,0.07722057,0.025171064,0.07446894,0.040280987,0.042454384,0.015224922,0.025932342,0.0635256,0.07214547,0.053834103,0.0399726
0.04964231,0.04591707,0.06593503,0.018748604,0.039205045,0.060425468,0.023913048,0.031280823,0.06033074,0.0025578141,0.076362595,0.071356915,0.02621402,0.04569952,0.03348095,0.0557836,0.0538975,0.070813976,0.062358238,0.044918336,0.02386228,0.037689798,0.02731859,0.09500606,0.038679034,0.054142445,0.08805172,0.070034,0.007878482,0.067833595,0.03236963,0.07337265,0.07695167,0.024394676,0.05948528,0.06216368,0.077823564,0.03744102,0.0037821606,0.08770432,0.048863932,0.051532425,0.036662016,0.020820055,0.055383705,0.050161533,0.04634109,0.054720376,0.06438072,0.04084366,0.031082548,0.054637298,0.04896077,0.06596215,0.007673897,0.016127218,0.06423335,0.045533188,0.0052710474,0.028167512,0.032363746,0.027240738,0.09829833,0.005294837,0.0108722,0.026858024,0.024542721,0.015667621,0.07849242,0.0622602,0.039433204,0.02352088,0.06784998,0.034955703,0.001533147,0.049823936,0.03658962,0.039828427,0.026219193,0.056660272,0.073728114,0.07560247,0.0044204295,0.07163751,0.016213443,0.021464165,0.014270924,0.039647397,0.045658454,0.040261716,0.017925873,0.016606092,0.063397594,0.025324859,0.022205936,0.034058347,0.08511819,0.050427966,0.043006714,0.016569477,0.053884454
0.0523801,0.0066369846,0.017577577,0.005632296,0.053168446,0.0043748245,0.06858732,0.07714279,0.021202575,0.04630762,0.040909108,0.07028111,0.05774602,0.026603777,0.05037182,0.07460008,0.044153642,0.025399264,0.017897133,0.0048729107,0.03945668,0.05178072,0.052401423,0.046750657,0.016421687,0.037757672,0.010264643,0.04328355,0.0043353364,0.04171209,0.030394115,0.003984131,0.06709202,0.031581704,0.01557485,0.046228692,0.019056708,0.031846955,0.06775998,0.06850186,0.026177939,0.05431056,0.051689975,0.071218684,0.050254315,0.00527161,0.043228716,0.026846945,0.025342286,0.038594015,0.071637504,0.02112408,0.04032611,0.021473363,0.05373009,0.02890481,0.01926288,0.037088446,0.03776279,0.030763857,0.012804806,0.04788682,0.040886194,0.0045336895,0.05005268,0.05450747,0.046077352,0.04947038,0.039758567,0.03440842,0.012294218,0.008730765,0.017217606,0.046608396,0.048614707,0.0035587624,0.0278316,0.01805731,0.050961003,0.011938542,0.055287905,0.039768483,0.015854824,0.015130794,0.012445167,0.07631715,0.029748142,0.02204302,0.04890923,0.005040884,0.042510197,0.03740994,0.06114163,0.043899685,0.03821584,0.018090986,0.060885426,0.028775662,0.0034250394,0.044762224,0.02309212
0.055267807,0.07219465,0.064283505,0.094405316,0.08914306,0.0056027547,0.02191075,0.07703357,0.058767848,0.07589446,0.061497353,0.0785077,0.047386833,0.037846252,0.08487688,0.030064773,0.07485477,0.080030225,0.062237702,0.10228258,0.031501517,0.073452525,0.06489292,0.079393506,0.043873936,0.08468459,0.1039586,0.056083795,0.050774883,0.024503246,0.07127696,0.083294526,0.06868487,0.058835283,0.06339021,0.050911233,0.057128184,0.06558885,0.06296992,0.059393942,0.11039535,0.054457597,0.0741858,0.08916067,0.064831614,0.06366451,0.058438346,0.07328333,0.0087338425,0.053146437,0.08364999,0.07439408,0.027717808,0.09054451,0.028595803,0.0073077194,0.07506877,0.06712163,0.0941024,0.05131104,0.06793539,0.049634792,0.025834806,0.042720653,0.08467339,0.027937032,0.07022222,0.02487763,0.04408302,0.08423859,0.043055013,0.058035716,0.057614397,0.07079481,0.075650804,0.041763842,0.04617528,0.027414307,0.071939506,0.055239,0.081288934,0.056033935,0.053594053,0.053914025,0.07761052,0.069769084,0.07057463,0.059507154,0.10629284,0.066463724,0.019517887,0.030471332,0.07576236,0.07934448,0.042647604,0.07688504,0.057323508,0.100315586,0.0972711,0.023077004,0.06400479
0.056474134,0.092749976,0.12439761,0.070059374,0.08966984,0.108055405,0.07331459,0.069279656,0.092948474,0.09330888,0.085460424,0.08391377,0.08688393,0.10610586,0.07268147,0.09050868,0.1314792,0.079633825,0.09271438,0.075360075,0.10543101,0.050578814,0.08777624,0.093288034,0.07590274,0.044273518,0.09803204,0.1012594,0.07882755,0.108545534,0.11890067,0.10201292,0.06524174,0.053893767,0.088262185,0.0487565,0.08749747,0.056739345,0.11166384,0.09733697,0.07216982,0.1143712,0.0678516,0.086183555,0.071021475,0.055009946,0.09013425,0.07593934,0.0892307,0.064745605,0.038372234,0.110834986,0.056134485,0.10052411,0.1027351,0.104644045,0.07695427,0.060261883,0.06861627,0.07656793,0.064732015,0.10097377,0.061303735,0.06856481,0.041973326,0.0513457,0.10768936,0.10281813,0.05243746,0.06609239,0.059454203,0.11459324,0.09581603,0.047681797,0.09415338,0.080611356,0.075225964,0.079754874,0.07853342,0.095469356,0.105738156,0.1124151,0.075761035,0.03861901,0.09900957,0.08734147,0.046523727,0.059977993,0.074018836,0.05563993,0.103533275,0.058997795,0.10128103,0.08744717,0.1091326,0.09110849,0.108038954,0.0951286,0.058445465,0.047612675,0.08230399
0.057279013,0.03418205,0.046523616,0.01742854,0.026653018,0.047882162,0.05976841,0.03528116,0.026417777,0.05129592,0.07464282,0.050634332,0.06988198,0.04152119,0.035740703,0.040939253,0.0028309636,0.050202113,0.036658727,0.052170232,0.05373322,0.050690513,0.06194266,0.044365972,0.007468559,0.046473444,0.03792152,0.024806961,0.056942854,0.03524779,0.04387933,0.03014741,0.062260073,0.03486061,0.045554787,0.013705611,0.0668218,0.067469195,0.08560715,0.056918956,0.011938494,0.032370493,0.03610634,0.033212025,0.010404296,0.045791194,0.06420838,0.035412394,0.05494968,0.02467876,0.029135507,0.0028944612,0.046535537,0.04611679,0.01791859,0.060123757,0.04579961,0.049606457,0.03260496,0.04068669,0.025761038,0.051293988,0.012265615,0.04809651,0.040181037,0.020356767,0.092143536,0.039738532,0.05247093,0.022437215,0.066595785,0.013082337,0.032520603,0.05248247,0.059833385,0.055115156,0.01940424,0.09443034,0.0708938,0.054518543,0.0798942,0.013405893,0.043468207,0.0688693,0.07691914,0.040074326,0.05287051,0.06159351,0.058022693,0.006199017,0.022236,0.043626614,0.05371207,0.04557462,0.09372051,0.06253221,0.044098347,0.046746492,0.07419892,0.07563527,0.02773286
0.057590276,0.07575227,0.045635723,0.07588941,0.060597837,0.022661664,0.02441476,0.06106188,0.06024476,0.06700265,0.07149235,0.082464986,0.0726023,0.07863797,0.0747398,0.053646855,0.07895206,0.08808169,0.030670159,0.03916516,0.060125954,0.10591597,0.060943548,0.08223386,0.078629225,0.081740394,0.065700985,0.039189704,0.04473038,0.073474236,0.039172,0.06375922,0.026630078,0.05255815,0.034794334,0.10370763,0.056681156,0.09031273,0.044646375,0.07237909,0.05504759,0.054448746,0.06454033,0.062281862,0.0047866777,0.09082022,0.078057036,0.07136959,0.05134444,0.08270741,0.051917106,0.08233118,0.06243755,0.067003265,0.0761974,0.07063934,0.051362168,0.06530163,0.054889172,0.08338326,0.093244806,0.109734476,0.062341366,0.052197497,0.057173666,0.052620187,0.07193288,0.08185102,0.08066897,0.026776012,0.05155538,0.086924836,0.079235084,0.041450366,0.038197495,0.07570761,0.045645528,0.06437809,0.05002891,0.057501387,0.052391656,0.072417185,0.07594794,0.08332364,0.05566714,0.076288074,0.062303215,0.09768376,0.04673379,0.060117844,0.038256146,0.09359062,0.10731231,0.04485763,0.046332344,0.096293405,0.05359019,0.071820945,0.039688714,0.045787252,0.052466616
0.06147097,0.08891307,0.10100647,0.07095498,0.09227394,0.08528113,0.0487701,0.056090698,0.018978044,0.061571814,0.08654424,0.08668786,0.07881406,0.09352323,0.093015224,0.0977415,0.061111707,0.08621381,0.06399847,0.06019736,0.05755481,0.045302995,0.07510585,0.08302231,0.09829066,0.063036054,0.06992002,0.065495476,0.099083126,0.09046393,0.09858854,0.060176797,0.0736195,0.09271146,0.08625651,0.0830608,0.059099093,0.08907686,0.10789121,0.10522979,0.074500054,0.059340637,0.040077977,0.07643661,0.085760616,0.07031222,0.08764901,0.047873504,0.08155568,0.04550208,0.065979734,0.09131505,0.12189745,0.060108427,0.07279642,0.049007736,0.09303127,0.08218499,0.08589783,0.056933947,0.07498039,0.0856702,0.053010777,0.1108416,0.08204277,0.07609763,0.07276098,0.04959457,0.052777015,0.079936735,0.06451395,0.06419697,0.05054541,0.099400386,0.08224355,0.06420781,0.049140066,0.121856615,0.08072372,0.050362863,0.05939682,0.09367871,0.07863027,0.08673285,0.049211845,0.082443506,0.10922998,0.08066438,0.09303343,0.08602461,0.068891734,0.072277136,0.02481122,0.083578385,0.08364039,0.08849692,0.08014859,0.071051635,0.050454352,0.08556565,0.045395494
0.062034376,0.060016215,0.0381381,0.05390832,0.03993407,0.07918124,0.074603595,0.059884496,0.056652598,0.104753606,0.088771194,0.053714424,0.061084747,0.08407652,0.060713556,0.029132843,0.056118354,0.07479473,0.06558034,0.0658512,0.06883872,0.07100657,0.10629839,0.1000568,0.06107158,0.10744909,0.062077597,0.08739726,0.09443052,0.07909487,0.057318833,0.08639622,0.10584438,0.056934126,0.03195343,0.052091353,0.097705334,0.08110878,0.09806,0.055308614,0.036685094,0.08945426,0.06711231,0.070094444,0.016780015,0.043667838,0.081406735,0.12109936,0.061634332,0.048961636,0.112650044,0.052892778,0.06847988,0.042503476,0.11961392,0.072184056,0.070430875,0.042973243,0.04810538,0.07072363,0.077633895,0.08528142,0.06919047,0.07676208,0.062600255,0.048170403,0.06351295,0.042741757,0.119705535,0.029155787,0.057459116,0.099962465,0.05911295,0.09446438,0.06767425,0.07523331,0.06618766,0.079467,0.10265428,0.08148056,0.06471884,0.096907414,0.064057834,0.0834381,0.06787974,0.06752759,0.058218565,0.048428226,0.104881175,0.09025292,0.09500583,0.071536876,0.07145728,0.07388036,0.07795816,0.042816233,0.06087625,0.10039845,0.048284203,0.054882675,0.087455794
0.063751504,0.0432202,0.09491865,0.06251875,0.09208222,0.07920147,0.0971204,0.08541578,0.08643749,0.06637825,0.05924905,0.0703085,0.08022399,0.020287562,0.06728282,0.040322162,0.09800014,0.08212931,0.069937326,0.062052883,0.07262425,0.09779702,0.082723685,0.03750465,0.06314003,0.08322563,0.06757608,0.07368464,0.025629088,0.10226889,0.08717146,0.060831416,0.0801107,0.09303853,0.07532748,0.07966925,0.06467341,0.076177105,0.05554595,0.09536491,0.07503845,0.06966758,0.089954406,0.07266937,0.09346232,0.07716251,0.048957508,0.055753965,0.091822386,0.078283966,0.0895908,0.047449686,0.08754068,0.045230784,0.033689216,0.058242172,0.0364519,0.035293527,0.06241802,0.0965782,0.07824539,0.07743029,0.07350238,0.07636379,0.070590585,0.083955705,0.07251686,0.07108355,0.058562264,0.06656612,0.06086686,0.032798614,0.052938204,0.05879926,0.06392749,0.06408819,0.051481355,0.08810589,0.081479006,0.07905558,0.07871099,0.06487279,0.036943488,0.046486907,0.10867069,0.08692727,0.1017573,0.079199076,0.06394497,0.07967472,0.053721584,0.054494422,0.08367768,0.07416127,0.04872556,0.08835757,0.10273911,0.058927156,0.091480024,0.08196953,0.07622038
0.0641378,0.065722,0.032306418,0.027202807,0.07831934,0.02704322,0.033893548,0.03844154,0.044922598,0.071709916,0.04010251,0.073020294,0.05660041,0.019311186,0.06410812,0.050320487,0.06554862,0.065681286,0.047231637,0.048678115,0.092011504,0.07170224,0.05239236,0.045441695,0.04370881,0.05021292,0.06506555,0.08474601,0.035343446,0.02537202,0.06557977,0.036450043,0.07123513,0.02997978,0.03344536,0.06485168,0.04338357,0.0741871,0.0596029,0.07689596,0.035975166,0.062415563,0.047033243,0.077383086,0.08174034,0.08191343,0.01150316,0.001988247,0.061512444,0.049630675,0.06931034,0.04858347,0.06792915,0.047174037,0.07593208,0.07787578,0.080670625,0.00621327,0.031594407,0.06344744,0.09603377,0.05540236,0.059813574,0.102735,0.013982661,0.06023797,0.04993774,0.095490925,0.056879178,0.019031212,0.022673108,0.06654312,0.07730842,0.07199796,0.04967646,0.015162058,0.04887517,0.04751511,0.028961845,0.058279507,0.056564197,0.05940228,0.037302345,0.04258278,0.030444916,0.037824064,0.056965422,0.08810266,0.0670646,0.038092986,0.07901344,0.007015258,0.09563738,0.047877327,0.017103348,0.0573401,0.052870803,0.059798017,0.052697964,0.015333176,0.044022027
0.06471911,0.08802342,0.065500945,0.10838957,0.077270634,0.06880695,0.07312776,0.072230175,0.059488684,0.05268556,0.076500416,0.07772346,0.0809943,0.03558754,0.06409941,0.077187344,0.05947204,0.08491188,0.06604164,0.055216603,0.06220751,0.084686205,0.06690207,0.026716664,0.054660268,0.090817176,0.06577962,0.06353697,0.05826366,0.08566702,0.01923386,0.081072226,0.035113454,0.08166794,0.03288035,0.064238355,0.0645062,0.04166402,0.043498944,0.069313824,0.043938197,0.074815534,0.020314485,0.06654242,0.060340732,0.032707796,0.058660693,0.05657725,0.06587248,0.07916341,0.055356156,0.06924693,0.057286404,0.064506546,0.07695029,0.076104164,0.02003216,0.069998756,0.06219877,0.03643391,0.032408774,0.041320644,0.07541291,0.04365632,0.051809758,0.04643609,0.07337112,0.050894678,0.08122206,0.046563983,0.08273677,0.09112556,0.07005445,0.05949389,0.09511715,0.04348915,0.033599805,0.06341815,0.0485954,0.05882676,0.057359695,0.046012495,0.046681274,0.060184114,0.058256984,0.06637711,0.053366326,0.060707584,0.0758023,0.07107893,0.100566566,0.05408479,0.05617684,0.033575222,0.04000748,0.09297529,0.084700175,0.07460916,0.055144124,0.078444265,0.07793464
0.064732134,0.07790946,0.09605935,0.030319639,0.094606936,0.047769606,0.046836816,0.09503923,0.06969847,0.07086443,0.07937691,0.060268864,0.06581843,0.068976596,0.099422,0.04454418,0.070424244,0.109993435,0.06436715,0.068385065,0.041079402,0.063661836,0.04182133,0.09052444,0.049004212,0.08076605,0.06671792,0.08728792,0.031626567,0.07827251,0.05884674,0.092072695,0.030379893,0.051804304,0.07044747,0.038319565,0.06279443,0.08752434,0.080543324,0.05516696,0.08952457,0.05010065,0.09058555,0.120086014,0.07272182,0.052797414,0.083509006,0.07073655,0.075332195,0.10384179,0.0774487,0.06636791,0.06113728,0.065227,0.08714268,0.079513624,0.05665633,0.070091546,0.0625967,0.059483007,0.04112255,0.047238506,0.03263372,0.070124105,0.078991234,0.04920747,0.072719894,0.022173416,0.09285544,0.034947872,0.07587233,0.092592396,0.04490708,0.10781012,0.06370178,0.07155284,0.06917524,0.065573245,0.047883235,0.068019606,0.015019439,0.0032387972,0.03945832,0.04769371,0.09573446,0.037118167,0.08944702,0.072273165,0.051328402,0.07472573,0.12112311,0.055052146,0.058889367,0.03603268,0.06084676,0.057031922,0.05841223,0.064641416,0.06749596,0.050346836,0.10279825
0.06551271,0.050722197,0.12344778,0.048878826,0.07097043,0.08038432,0.11428489,0.09581316,0.048519805,0.081348374,0.0436607,0.08755228,0.082610466,0.07263817,0.06031663,0.13542016,0.08651699,0.09579892,0.11863657,0.048196983,0.06006865,0.104623206,0.067267045,0.068823636,0.07391615,0.04669136,0.059116893,0.029564235,0.04954795,0.10141141,0.068867065,0.082751065,0.052492335,0.06716822,0.08384673,0.080521554,0.07943995,0.08146016,0.08738439,0.02595758,0.048167832,0.07792914,0.06823085,0.0939133,0.05662182,0.054512933,0.08718547,0.05442336,0.056934405,0.06564027,0.055467516,0.0911136,0.07626812,0.061931342,0.104873456,0.06225777,0.07748472,0.08040741,0.05612187,0.06801213,0.032465033,0.025637083,0.069929525,0.0859365,0.027357366,0.081621416,0.0457278,0.0803865,0.0904772,0.07317223,0.06484955,0.09819496,0.06648198,0.069049135,0.09559565,0.0727649,0.052662678,0.039084293,0.013068393,0.05373136,0.076003365,0.07387315,0.092994034,0.082552366,0.060715657,0.049795914,0.049473844,0.06968849,0.110146075,0.051538065,0.07072075,0.0888164,0.076071024,0.08364499,0.13393322,0.10415548,0.110391684,0.04161412,0.08299919,0.06735242,0.06720622
0.067138955,0.09418782,0.079192646,0.091672644,0.0907732,0.09169465,0.13929975,0.051992685,0.09672078,0.07637214,0.07950091,0.10594933,0.079571255,0.12875761,0.084524006,0.10377109,0.101455286,0.11647174,0.06437135,0.06019554,0.112246454,0.10861767,0.060514335,0.10808171,0.114163645,0.076649606,0.11396219,0.06178276,0.0795528,0.08536214,0.08775986,0.09001725,0.078991,0.11692285,0.072484,0.06635243,0.1133136,0.07832789,0.12219286,0.075209886,0.13323379,0.09977563,0.06630493,0.12874848,0.07468203,0.08364564,0.07494562,0.07168234,0.08327173,0.09155214,0.08613284,0.09123078,0.13156986,0.08866092,0.12134463,0.11829259,0.10802526,0.08216785,0.101618074,0.110674076,0.07163787,0.074277595,0.10345495,0.101162404,0.08172135,0.09057831,0.0848652,0.100634366,0.08484942,0.0964912,0.076646104,0.10651543,0.106996246,0.06763647,0.07089469,0.09413087,0.08826865,0.08083942,0.10061407,0.09585482,0.09359568,0.12489088,0.110726565,0.080510765,0.06319163,0.09109303,0.07656718,0.13880041,0.078153454,0.1100992,0.105069555,0.08587932,0.09065622,0.09487125,0.08847582,0.08963587,0.07509415,0.077118784,0.057520572,0.10613504,0.08597973
0.067228265,0.102572545,0.08785204,0.09872505,0.059394673,0.10524712,0.061416887,0.07204281,0.11228066,0.091796055,0.11440138,0.09123027,0.06923895,0.08602154,0.10872271,0.11505475,0.10999251,0.0788263,0.07919671,0.10495975,0.10854519,0.08848005,0.11023284,0.083059505,0.07052772,0.045153826,0.10637159,0.09209388,0.09341395,0.082134694,0.10697354,0.0942214,0.061988104,0.09134747,0.06861232,0.07850811,0.11486867,0.08002193,0.09192694,0.044452295,0.09851285,0.07870501,0.10174402,0.09964724,0.066980734,0.11468824,0.061282277,0.07002663,0.06463159,0.12195326,0.091253504,0.08761516,0.120063126,0.08751705,0.0967701,0.08001201,0.06258522,0.077134326,0.09282395,0.11825491,0.11479917,0.08165851,0.08536991,0.11876321,0.08249141,0.08477934,0.07365839,0.12713742,0.0970612,0.053669643,0.102124855,0.08293878,0.10939393,0.077295914,0.06790799,0.11887261,0.1358147,0.07106376,0.09889473,0.114099234,0.09713791,0.111251704,0.11204292,0.11014175,0.09711621,0.07844026,0.08656965,0.09008339,0.08761226,0.09745886,0.090656646,0.080603816,0.115158424,0.108226284,0.11661685,0.09033881,0.07856947,0.11560973,0.13920343,0.10587115,0.11016838
0.070232935,0.090961546,0.09046525,0.0971865,0.058630798,0.097388625,0.06451985,0.08565037,0.05531735,0.06998729,0.05851968,0.08579269,0.040800694,0.037870497,0.0879855,0.055846594,0.054155756,0.0778698,0.10205811,0.074428864,0.03679678,0.07270105,0.11216441,0.1000198,0.07761909,0.059151474,0.0888677,0.05012858,0.08906334,0.07552239,0.05201464,0.06996102,0.038498994,0.053842235,0.093081355,0.052688587,0.07409309,0.029426653,0.065073416,0.07340486,0.083395295,0.070388004,0.036811903,0.091698706,0.057693258,0.03953293,0.07145384,0.04703095,0.08507506,0.045022,0.08172564,0.07430405,0.084865116,0.076495595,0.062767,0.10500071,0.06522539,0.058203936,0.07814123,0.05065742,0.05897636,0.12369778,0.08609374,0.114908546,0.036039084,0.06738017,0.059374075,0.09215377,0.0649855,0.031587742,0.086857855,0.0776521,0.061054908,0.09358916,0.09669359,0.090356216,0.0506739,0.042876024,0.062323593,0.037434395,0.09502797,0.06866505,0.06735861,0.055540137,0.0320879,0.100885525,0.080181785,0.062687516,0.07322683,0.05511557,0.07722699,0.10402096,0.09294276,0.06472652,0.09885176,0.07809256,0.11131851,0.049635082,0.04870995,0.04204559,0.05666083
0.070323735,0.076673076,0.12313596,0.10429742,0.058824804,0.060695074,0.09045747,0.08683422,0.059179462,0.07205929,0.09758209,0.09717396,0.08383532,0.115499295,0.08175278,0.0644466,0.12373855,0.10358087,0.074157104,0.09698478,0.09661636,0.11084997,0.09503101,0.08877586,0.0881916,0.07844031,0.08588043,0.09855407,0.094026126,0.08167943,0.077698424,0.082257904,0.048167437,0.08707911,0.1228905,0.136181,0.07208387,0.06330699,0.086114205,0.09288128,0.107250884,0.12224701,0.033322208,0.1207323,0.110725984,0.071544886,0.11793314,0.09157178,0.08400393,0.07745808,0.10458614,0.07526654,0.09594511,0.104525976,0.10419214,0.0892412,0.1026531,0.101135045,0.08403411,0.12092703,0.086527966,0.08888143,0.049048025,0.13126948,0.1297611,0.06883939,0.088393085,0.06755233,0.08010516,0.06864947,0.06663023,0.0753318,0.07039401,0.050634965,0.068451315,0.077248886,0.071491934,0.071566984,0.08001315,0.064292625,0.052238543,0.07694636,0.08390964,0.096860304,0.105759196,0.086174995,0.104204364,0.07815756,0.03715086,0.02176321,0.08072728,0.07307495,0.06314446,0.08983569,0.07827653,0.091771364,0.06934917,0.08176474,0.084678456,0.09748868,0.07453752
0.070507236,0.058671046,0.07564692,0.06817563,0.028015226,0.06899978,0.06359406,0.055170532,0.0674029,0.061575264,0.074274786,0.05051408,0.059375793,0.074174285,0.097008646,0.12190872,0.09211167,0.055070344,0.06646201,0.10164326,0.046054006,0.069423884,0.065653674,0.04472431,0.06194549,0.042588405,0.0873126,0.014693972,0.06153688,0.061149094,0.081078336,0.079822846,0.042751912,0.10747017,0.095007405,0.058408625,0.092107415,0.08100351,0.11096681,0.04717373,0.014899589,0.03120903,0.05107783,0.09459991,0.11281619,0.11773237,0.078602076,0.08196741,0.072003655,0.07031657,0.06457753,0.09185343,0.07815303,0.0691428,0.06880396,0.08357307,0.07230478,0.069535695,0.083594926,0.077405855,0.058725387,0.07160972,0.08627137,0.069858104,0.06259487,0.0944853,0.0671691,0.03075584,0.056544237,0.057555337,0.04605665,0.06503682,0.07727667,0.06906931,0.065609336,0.06384327,0.06701355,0.08497222,0.099836126,0.07948682,0.05958078,0.05958774,0.056413475,0.07298984,0.065479025,0.08701545,0.05065433,0.084761254,0.06514992,0.088692375,0.09513337,0.07513288,0.044766307,0.060610563,0.07171024,0.08723728,0.07288538,0.05982642,0.059693318,0.034101516,0.03166442
0.07171637,0.096027285,0.08661236,0.10634163,0.03923871,0.05754306,0.10597234,0.05692628,0.08315061,0.04596421,0.071430296,0.06422104,0.08657911,0.057427205,0.116232544,0.09757771,0.055704366,0.07472811,0.056381326,0.093847215,0.06665142,0.105138846,0.09654663,0.07347623,0.04842373,0.09701482,0.100680485,0.090145215,0.044325225,0.13215649,0.1058424,0.07472046,0.06574216,0.08177985,0.110779576,0.08534895,0.04990601,0.049466003,0.07008499,0.09940166,0.108545996,0.08155365,0.07087389,0.09555754,0.11346432,0.10342346,0.071796544,0.098700725,0.058445074,0.07862393,0.070641965,0.09397067,0.056362953,0.05965084,0.10749038,0.051383983,0.096371904,0.083780475,0.080265045,0.09657685,0.06757775,0.06506008,0.06656325,0.075448945,0.084904134,0.10173916,0.07316917,0.082417555,0.05827073,0.091524504,0.08692887,0.10010657,0.041105725,0.0895483,0.07679494,0.08379102,0.090091005,0.07145201,0.07089229,0.07479672,0.10418113,0.09917401,0.095807455,0.07327182,0.031719234,0.042712495,0.07500043,0.06482525,0.095403515,0.10822322,0.069370024,0.060265828,0.074353136,0.109847285,0.088962406,0.08063028,0.06170942,0.100823745,0.07509678,0.089012764,0.04388715
0.07240957,0.08399492,0.073195204,0.08239426,0.06810035,0.08791587,0.103750356,0.07545602,0.07595062,0.08231655,0.071998164,0.09491937,0.08395378,0.14382666,0.06644091,0.08295049,0.062089726,0.07137371,0.09020516,0.10005811,0.07532467,0.030705184,0.09864661,0.03191372,0.08224988,0.055993296,0.07001565,0.112728424,0.12364872,0.082556635,0.099124596,0.095601484,0.04638989,0.05421091,0.08714786,0.0984989,0.09398554,0.10154456,0.10928763,0.06806818,0.08012492,0.08457427,0.079987645,0.042982616,0.095562294,0.06900783,0.10030408,0.023540288,0.08023104,0.08383335,0.04936753,0.09296958,0.068380356,0.063740864,0.08596562,0.13502231,0.08772114,0.053105254,0.06857587,0.06674,0.07340865,0.0726857,0.05940967,0.07043949,0.08128376,0.075644135,0.089440525,0.06731685,0.0693243,0.09111233,0.09967406,0.096435525,0.11272071,0.10406999,0.067329034,0.06017884,0.09657535,0.12457027,0.05855903,0.063597344,0.10718169,0.11439523,0.073143736,0.07922211,0.08288273,0.09293034,0.07951559,0.082115054,0.06036341,0.09063143,0.059638873,0.10637849,0.094236076,0.093984656,0.06811292,0.07690598,0.119261436,0.07835326,0.088111416,0.09688533,0.0669793
0.073237546,0.099880844,0.11690081,0.076066524,0.07654979,0.09312743,0.075658225,0.09267874,0.08880752,0.112552494,0.12568161,0.07206521,0.091736846,0.098435685,0.0847757,0.082394116,0.09596158,0.10572689,0.09096232,0.09758584,0.12438931,0.10097724,0.09213227,0.081629924,0.106201075,0.05942031,0.08267967,0.084924676,0.08666341,0.06021852,0.08607143,0.06419256,0.11161959,0.101185575,0.096752845,0.100501746,0.08676497,0.07944683,0.056082502,0.06756012,0.08813291,0.0856992,0.05663568,0.046931185,0.07886792,0.11041024,0.13957575,0.10114284,0.09784682,0.081557214,0.10257125,0.085727654,0.07306286,0.105151035,0.10016066,0.0807502,0.10556843,0.119104266,0.11663193,0.09332062,0.063847125,0.09691474,0.06908683,0.07252862,0.10632332,0.11873574,0.07656537,0.06513888,0.14031878,0.0637849,0.10238539,0.09772259,0.109838225,0.080129996,0.09432599,0.07576895,0.08708498,0.09050386,0.118029855,0.10059985,0.11376447,0.0800115,0.10055114,0.06007335,0.08553101,0.10738737,0.1388866,0.05794245,0.06834777,0.063746765,0.098123044,0.06646577,0.124902524,0.057066344,0.065678924,0.09125449,0.09488698,0.060165882,0.10715626,0.092567086,0.07469213
0.0756184,0.042780984,0.06341495,0.06693146,0.045044024,0.073178,0.056873772,0.07380122,0.079380795,0.09257583,0.06970589,0.057147138,0.058589384,0.042841308,0.055198085,0.07536687,0.07027765,0.0862328,0.04718838,0.029204171,0.05351437,0.057583593,0.047636554,0.0370398,0.074192196,0.07589251,0.09338553,0.06914638,0.1131789,0.0828999,0.05587745,0.072359726,0.078604706,0.09133827,0.083721906,0.07406579,0.094034754,0.09371937,0.0609245,0.06862578,0.061341994,0.047111534,0.098532036,0.06486595,0.07795611,0.09040856,0.06963558,0.065901,0.06379322,0.06182537,0.107774995,0.027607404,0.1020568,0.04889586,0.09086324,0.08000804,0.06132434,0.08407063,0.049024906,0.06970775,0.0599678,0.07538511,0.095175296,0.07249007,0.07671931,0.06610195,0.08456963,0.03790953,0.036857765,0.07549429,0.036500715,0.036704496,0.087027386,0.037270643,0.06538351,0.08976166,0.08490824,0.0691104,0.07285455,0.093652174,0.06481538,0.057099607,0.09722305,0.05015081,0.06310988,0.05984307,0.06940746,0.07098378,0.083296955,0.05125685,0.08967719,0.073803246,0.04535925,0.070841596,0.07227051,0.068666756,0.034811944,0.050668504,0.07129124,0.07759781,0.06049508
0.07776263,0.076147184,0.062205005,0.09215903,0.038189873,0.05548001,0.08410264,0.09596124,0.072267994,0.10135614,0.07742351,0.09693595,0.036878623,0.07706861,0.05006752,0.09769541,0.113465376,0.10579241,0.11145536,0.103434876,0.055256575,0.081407905,0.06501679,0.107757635,0.070786424,0.0885873,0.06052116,0.07628621,0.10035163,0.0935626,0.080187,0.0898054,0.059284024,0.09733218,0.09202337,0.05847636,0.06895283,0.074578196,0.08553785,0.09742225,0.065614276,0.07870551,0.08222181,0.05497177,0.07040459,0.03511344,0.07539195,0.095625915,0.054687522,0.069461636,0.06936769,0.0632322,0.084227115,0.06892343,0.039538793,0.057958517,0.0870736,0.072530195,0.11367748,0.08069319,0.08253587,0.0668703,0.06286915,0.04695885,0.09250042,0.039087642,0.06391956,0.03577339,0.08830565,0.04212773,0.09182823,0.031081498,0.08693321,0.06922475,0.08299889,0.08028917,0.08031094,0.057007015,0.05604564,0.09505834,0.004848413,0.088766165,0.09131108,0.06725751,0.0721731,0.080970235,0.07898255,0.10088092,0.06814973,0.09126815,0.05719116,0.051534176,0.08550234,0.09251773,0.06510014,0.06451364,0.051101424,0.051906608,0.06539944,0.03994202,0.08618467
0.07935171,0.0728523,0.051182143,0.082190484,0.06509871,0.07772077,0.054685183,0.0891788,0.08178879,0.056270786,0.062693164,0.034076497,0.065414324,0.08544177,0.093696915,0.071053796,0.06954114,0.07729298,0.07480351,0.05124736,0.086676836,0.07532409,0.07417652,0.054022565,0.067004316,0.03242705,0.07841543,0.05279831,0.074194446,0.07129417,0.021234568,0.10640441,0.025698066,0.06500844,0.10232027,0.08587353,0.07897647,0.07717081,0.05982636,0.08493826,0.09126509,0.09992148,0.060317516,0.05870677,0.084799446,0.05407086,0.07229099,0.054279275,0.08326579,0.08040187,0.053975876,0.10834377,0.07295976,0.06383961,0.07701172,0.07829076,0.04947748,0.09279079,0.10702371,0.06861454,0.06510861,0.049698986,0.054118548,0.09244719,0.052201457,0.062201634,0.048086166,0.079351075,0.06199763,0.06385268,0.07892177,0.09311643,0.08045216,0.07560388,0.0773516,0.097055174,0.05864728,0.09101814,0.057139378,0.06569251,0.073102705,0.0861913,0.076340616,0.038027704,0.07778697,0.098771274,0.10886101,0.074743055,0.054797377,0.06958471,0.07177953,0.059961945,0.06049472,0.082244575,0.10368564,0.056643613,0.07507017,0.026157804,0.043574974,0.06438291,0.09803753
0.08055668,0.099564895,0.0984933,0.09643641,0.14500132,0.11214589,0.084855735,0.12570155,0.08173925,0.104480505,0.11051988,0.1196023,0.13311768,0.121497445,0.0811347,0.10873116,0.12232831,0.09940083,0.12482456,0.12440019,0.11284664,0.09130037,0.1506543,0.11769191,0.11222695,0.105871655,0.08507227,0.0853945,0.11095869,0.09701066,0.0778316,0.104667015,0.0810789,0.08407244,0.11573943,0.0976826,0.11640531,0.09946925,0.09492183,0.087027326,0.124422975,0.099912144,0.107354484,0.11639563,0.095170215,0.10846636,0.1283238,0.12656637,0.09904297,0.122358635,0.11752589,0.13197276,0.11805612,0.12723619,0.14423177,0.12133079,0.104579724,0.10382672,0.105702795,0.103803165,0.12689602,0.055137157,0.09230179,0.11952773,0.11740652,0.11197906,0.106996715,0.08872932,0.12470696,0.11189818,0.1291261,0.09422737,0.117619514,0.08467259,0.112960495,0.12039786,0.13031906,0.10495062,0.0861106,0.116877265,0.13102156,0.115866475,0.11359144,0.07686387,0.10623538,0.09221266,0.12254613,0.105758145,0.081193544,0.12328004,0.12189608,0.103520855,0.10824736,0.08842271,0.12708652,0.098106235,0.10420388,0.09651363,0.102153614,0.09289545,0.070062354
0.080940254,0.14754397,0.062629566,0.08610766,0.096870735,0.08604664,0.09783497,0.093726225,0.08766913,0.07902525,0.114158206,0.09547971,0.10132052,0.06949349,0.1288575,0.11767006,0.072192684,0.12490236,0.110412866,0.07075854,0.102990195,0.10368893,0.12758955,0.10243738,0.07783263,0.090073004,0.09555195,0.086876184,0.1198772,0.084604025,0.09132657,0.083403304,0.09811809,0.10190107,0.0697511,0.103058994,0.1261662,0.0898861,0.08155261,0.12037944,0.11556759,0.08603076,0.09614389,0.090910845,0.13942158,0.076732375,0.08660623,0.12945879,0.116709135,0.14650634,0.10584799,0.088688806,0.10732876,0.108390845,0.11067247,0.06878068,0.10172583,0.15041137,0.071968675,0.15268907,0.089435786,0.08890906,0.12547162,0.098764315,0.09432319,0.09951087,0.07053329,0.11406351,0.09023848,0.066942036,0.08417602,0.10761414,0.13992739,0.106340475,0.10482943,0.100058176,0.0859303,0.10715209,0.07005491,0.1075624,0.121151246,0.12574983,0.072718605,0.11419418,0.069546804,0.076791406,0.11934184,0.09365179,0.08840971,0.12071892,0.12414251,0.117726795,0.08601515,0.07437611,0.11596087,0.11606643,0.09075745,0.060134746,0.11039237,0.11364632,0.06508696
0.081427366,0.06760645,0.044870816,0.04792115,0.029088244,0.05867155,0.05291504,0.049909838,0.04353198,0.046111643,0.058332827,0.04410169,0.06463213,0.08020169,0.099392466,0.04939395,0.07345557,0.0635884,0.07542592,0.044331506,0.0729838,0.059849806,0.010122467,0.051884204,0.06539035,0.049439058,0.044939604,0.05803366,0.08297026,0.04464291,0.03779337,0.04881909,0.062489085,0.047002837,0.08659871,0.058195926,0.05031664,0.039801482,0.0628181,0.05819048,0.03978397,0.071030855,0.045744665,0.086111024,0.07257803,0.06716675,0.08920601,0.06629348,0.07614888,0.068643704,0.0779513,0.0739572,0.044211827,0.07664274,0.10633245,0.12098859,0.104417406,0.04250402,0.04646171,0.07613047,0.10299532,0.060399033,0.03236711,0.059476823,0.05660844,0.029387042,0.07458159,0.031647116,0.03400953,0.06555742,0.06566849,0.056447066,0.053581066,0.08560583,0.056427874,0.06601991,0.09778855,0.06692809,0.082363635,0.08547348,0.07394548,0.102540314,0.073446915,0.069775425,0.026999466,0.07834008,0.06793481,0.029101908,0.048598275,0.037563648,0.061661575,0.056780525,0.014999665,0.014603728,0.020764641,0.03533744,0.065633744,0.0630122,0.08435215,0.07187692,0.04388009
0.083768554,0.081748605,0.064005926,0.088168256,0.07518614,0.08309539,0.059461486,0.059416585,0.116469465,0.08872214,0.09402305,0.087173305,0.10437123,0.105595894,0.06720306,0.056473903,0.09076623,0.06044432,0.0560423,0.09860959,0.090203494,0.081047595,0.10148145,0.1117275,0.11335247,0.084338434,0.08143407,0.07572873,0.08744794,0.072109655,0.08386348,0.09748727,0.099743664,0.120410636,0.08520446,0.055026095,0.11860711,0.0983241,0.079022616,0.07462291,0.09011565,0.09320626,0.116715126,0.1048271,0.08841763,0.10013352,0.09477613,0.08923243,0.07118194,0.08777784,0.08801859,0.07994172,0.06994761,0.09548472,0.086754724,0.09103474,0.05124942,0.092314035,0.06496231,0.076360725,0.10468712,0.10465785,0.06604154,0.0700192,0.08421164,0.06291419,0.10032227,0.096220426,0.070824,0.07959814,0.06654675,0.09546487,0.08733167,0.049792513,0.08879172,0.0571399,0.092734784,0.10776966,0.09591293,0.083956204,0.07970707,0.07342935,0.0763567,0.09459168,0.068146184,0.10727155,0.056740817,0.08922292,0.083745964,0.10155906,0.1057386,0.061232656,0.09459837,0.056940775,0.07733247,0.0983177,0.11059523,0.103037104,0.07652495,0.093551375,0.055958595
0.084170446,0.13692313,0.12707353,0.13001367,0.10995809,0.119056754,0.13556808,0.12512857,0.11405855,0.1229308,0.09357714,0.1124452,0.08013294,0.10482861,0.15067345,0.12077606,0.10229934,0.120751396,0.11773071,0.10700105,0.08941069,0.11128503,0.1438115,0.119440824,0.1283344,0.111773804,0.16095036,0.117187075,0.12251975,0.114155285,0.13087478,0.12157393,0.11513068,0.10612475,0.10970171,0.12551874,0.1253982,0.12491018,0.107476175,0.12526599,0.12250741,0.10271366,0.12355006,0.10475812,0.10498567,0.12692583,0.13755086,0.13177085,0.09544293,0.13150632,0.13768512,0.1272457,0.127004,0.124665,0.14452231,0.08402164,0.10309811,0.13699272,0.10633268,0.11426898,0.09680407,0.12200536,0.09433512,0.06574616,0.10476006,0.13760358,0.11575591,0.09956284,0.11525952,0.14435792,0.12280659,0.11449536,0.10935249,0.11099749,0.121314146,0.121838875,0.11404557,0.11079203,0.14108929,0.09492949,0.12350722,0.12098281,0.123263724,0.13324201,0.12591606,0.110153146,0.11173565,0.11270454,0.15750274,0.12014534,0.10654441,0.13594446,0.12435065,0.1062972,0.12320345,0.08226876,0.1409382,0.09799314,0.13002008,0.12877381,0.13416085
0.084432006,0.12521958,0.09922907,0.08667253,0.08878816,0.064028785,0.11114193,0.085692674,0.09805499,0.094610624,0.10432779,0.10293534,0.13883175,0.08269432,0.14158261,0.090304025,0.10673795,0.15117174,0.10697625,0.076853365,0.116604604,0.10066704,0.083076894,0.0852671,0.10392707,0.12459283,0.10804929,0.1263761,0.08223001,0.13151106,0.08693077,0.112670004,0.12601544,0.098756075,0.111379884,0.09352295,0.08673403,0.121925436,0.100430414,0.0893106,0.06103558,0.0990828,0.09966112,0.111177854,0.067358986,0.101807795,0.0878098,0.098481774,0.11812134,0.06353843,0.12579426,0.068452,0.095377944,0.07722169,0.088619545,0.08268912,0.1106292,0.11744438,0.103281,0.09236639,0.13267344,0.10932523,0.06226776,0.12632716,0.058695856,0.060842916,0.05324529,0.06470553,0.07671864,0.10523522,0.09587474,0.077153325,0.07164092,0.13524446,0.1111187,0.10569609,0.063800596,0.055403434,0.0869066,0.11666609,0.10298708,0.10986387,0.09718084,0.09722694,0.102116734,0.06794576,0.06902796,0.13425627,0.0630491,0.076174125,0.12533355,0.068424046,0.07000939,0.09691405,0.08192242,0.045830693,0.1322811,0.1357539,0.11286836,0.08043522,0.09467056
0.085390076,0.12408151,0.11455446,0.13738766,0.11753426,0.10280794,0.14994763,0.1364347,0.12842682,0.13922076,0.10191743,0.12755507,0.09892108,0.11379517,0.08837746,0.15302172,0.12988916,0.11132814,0.09844128,0.14070398,0.13954073,0.11814729,0.12848666,0.1295996,0.09474386,0.11458479,0.13897024,0.12415484,0.1266765,0.12475797,0.10814489,0.11828378,0.1491045,0.12494389,0.10796346,0.11571904,0.11550795,0.14842829,0.106709845,0.092572115,0.09669441,0.14268863,0.07961276,0.119367324,0.1111826,0.14304903,0.13322681,0.11768881,0.106698915,0.13245258,0.14814952,0.10484176,0.13379964,0.12817162,0.11706882,0.12625045,0.10396748,0.11668378,0.12258714,0.12337498,0.11189941,0.09937491,0.10777476,0.13446069,0.13363093,0.10818437,0.10308954,0.097264014,0.1367189,0.11364892,0.10338928,0.10213134,0.1197419,0.13258721,0.15206882,0.12621403,0.09546438,0.15325984,0.12087757,0.13605848,0.122271284,0.08937262,0.12511766,0.09385905,0.091868386,0.14002706,0.13639781,0.12214375,0.137122,0.11107339,0.14233768,0.10435575,0.10057821,0.0966492,0.13425407,0.12346397,0.088407695,0.12570246,0.13341522,0.10302727,0.13136098
0.085444525,0.09883124,0.13365874,0.085944675,0.111435495,0.11031792,0.0830945,0.0934525,0.11672295,0.06594403,0.08849148,0.051119708,0.1137188,0.09186729,0.08409837,0.099907115,0.10691776,0.084478,0.096369594,0.094996944,0.08199529,0.13525909,0.0820585,0.09752309,0.10918492,0.098560855,0.091415346,0.08673076,0.06915462,0.080027536,0.08898098,0.09300237,0.10207525,0.12219391,0.09948432,0.069873884,0.09365781,0.1066586,0.12905848,0.09859015,0.103384316,0.05793959,0.11714386,0.1006619,0.07690566,0.11992899,0.10201089,0.10141511,0.111842394,0.068268,0.07864902,0.077657945,0.08744118,0.0873511,0.09353965,0.10186507,0.092857,0.09755542,0.10094259,0.11996185,0.13144499,0.07844496,0.1050496,0.07782556,0.05122253,0.09709416,0.109713875,0.071149185,0.0887226,0.09908672,0.058436796,0.09560652,0.06824564,0.07632109,0.12196461,0.10329247,0.035644032,0.062877074,0.11269197,0.11814875,0.091441624,0.054591905,0.099364325,0.10084535,0.09442007,0.09876939,0.06655846,0.08353854,0.075962745,0.08381046,0.079816625,0.09309091,0.08849376,0.08905224,0.04991424,0.06065151,0.11684348,0.097210765,0.10733875,0.09955783,0.08391805
0.08550956,0.11308469,0.08870129,0.09950499,0.08991097,0.1176636,0.09071882,0.12728319,0.058165506,0.118802585,0.078697816,0.08861699,0.09233778,0.117814444,0.11857668,0.09213912,0.09458257,0.10020611,0.05920162,0.082652204,0.11913548,0.09473834,0.08785264,0.08378889,0.107621126,0.122775055,0.093229294,0.07578416,0.102715775,0.12020876,0.12505358,0.1229893,0.12640387,0.10700634,0.08439453,0.1180945,0.10288424,0.093072504,0.06630876,0.09639199,0.12592316,0.080055654,0.07203114,0.10028012,0.06513339,0.09064381,0.11056224,0.10364353,0.08891723,0.11893895,0.09881304,0.12591386,0.09004526,0.07010335,0.11568516,0.117353566,0.07856013,0.0835509,0.09910925,0.1134978,0.09877634,0.07587813,0.10772725,0.08668308,0.069084376,0.08914159,0.10177441,0.10854686,0.09218113,0.11812246,0.09670852,0.121854104,0.09675151,0.09339247,0.09391719,0.1072514,0.118044,0.13485715,0.09386185,0.0964421,0.09127356,0.11619122,0.097134456,0.12018076,0.044568203,0.09895995,0.10468001,0.08508262,0.09558669,0.08624525,0.111593835,0.08163044,0.075644836,0.10743676,0.14183262,0.111584745,0.13265839,0.10854802,0.12518919,0.07682965,0.09499401
0.08786674,0.013101794,0.060576044,0.034141287,0.05581563,0.018802471,0.061568175,0.056677774,0.07546576,0.04195252,0.021428227,0.06495494,0.04115343,0.016488863,0.046697322,0.034880325,0.05755765,0.05593811,0.04520411,0.020662375,0.041084554,0.020555522,0.04806657,0.04054325,0.03348346,0.049343377,0.07228392,0.000391908,0.07681482,0.03939046,0.044795953,0.06519029,0.0376564,0.046693005,0.049342446,0.040104713,0.042518687,0.04934361,0.060495533,0.0352522,0.0406081,0.06731544,0.0430998,0.05502561,0.0338343,0.026316188,0.059729856,0.008639477,0.02552728,0.03764508,0.028794007,0.07173164,0.05452837,0.014337294,0.035944294,0.044351317,0.034574687,0.05295842,0.04712388,0.03482219,0.010873932,0.042952906,0.006571755,0.058654133,0.02445672,0.045684464,0.028916486,0.08506994,0.04975978,0.033606365,0.058302164,0.04804976,0.05109249,0.055932283,0.06408186,0.06573555,0.008479275,0.06703231,0.04111505,0.017006017,0.042986937,0.05786121,0.07213658,0.06701079,0.00595361,0.03076687,0.05509631,0.06011948,0.0608095,0.033952005,0.01138543,0.06731477,0.029400062,0.055762067,0.04806568,0.068012945,0.022279609,0.074286066,0.027258568,0.013516754,0.07540639
0.08869626,0.11266891,0.045059692,0.106368594,0.07664721,0.123516925,0.060694426,0.05059447,0.085829124,0.103268415,0.09694724,0.10655385,0.08243071,0.069533095,0.06800164,0.089921996,0.0978171,0.07728414,0.07335498,0.08111243,0.05431598,0.10060236,0.124552816,0.107920654,0.09415961,0.07106075,0.11753265,0.08153085,0.10921624,0.09660265,0.09283825,0.0889042,0.07154068,0.09992262,0.0766774,0.0444704,0.08133176,0.06423333,0.07984169,0.070567064,0.11660786,0.11432081,0.09442823,0.10053837,0.0942464,0.100619264,0.07286262,0.100195125,0.08205502,0.08663581,0.07486291,0.076312006,0.0827318,0.08890491,0.09402028,0.04940629,0.120155014,0.12521791,0.08507994,0.07943566,0.04958106,0.08552189,0.09499836,0.10945756,0.10090929,0.07918197,0.05998668,0.108617045,0.12705052,0.07482433,0.07199529,0.06662507,0.062142752,0.08565822,0.060518973,0.10007781,0.1127161,0.103905946,0.041150015,0.083098926,0.09297758,0.11350619,0.092537984,0.040907342,0.07264367,0.08630119,0.089940876,0.11360512,0.08741299,0.09480159,0.12714124,0.09425367,0.0867338,0.07243173,0.09545661,0.0838056,0.05986015,0.080787145,0.08141494,0.09826769,0.103086606
0.089135095,0.09666109,0.056641616,0.07925704,0.09870851,0.091119364,0.08167449,0.09102111,0.10339588,0.09489771,0.08675247,0.069653764,0.08850518,0.09524413,0.10035808,0.0989209,0.117447115,0.030997708,0.05605364,0.09185274,0.08856444,0.077558786,0.099825405,0.11937734,0.12133737,0.08834365,0.081884764,0.062223725,0.12878636,0.07133725,0.106901765,0.087964535,0.07841555,0.05748231,0.09434348,0.057916038,0.083086886,0.090569794,0.06288228,0.07920678,0.091944166,0.08714621,0.10921255,0.075828455,0.087322176,0.098045476,0.047010772,0.0978468,0.05814244,0.071740285,0.11116184,0.08335069,0.053345527,0.10085186,0.09859514,0.066518895,0.06334527,0.07212751,0.09918462,0.070924476,0.09923133,0.11468924,0.10011851,0.07631567,0.0692681,0.09294483,0.09277508,0.055999033,0.111673646,0.08810929,0.07878882,0.09966068,0.101077884,0.09421371,0.09194888,0.12653345,0.058276035,0.06509806,0.049652144,0.091569185,0.094906,0.0687273,0.110382,0.09178449,0.09147106,0.09985161,0.057820264,0.080696866,0.07157593,0.09150383,0.08782236,0.0713806,0.0657139,0.060223114,0.08781376,0.09778877,0.078250274,0.1312561,0.10647904,0.08999373,0.09851629
0.08970286,0.09420213,0.11255919,0.09587515,0.13363904,0.088017404,0.113506235,0.09783974,0.08952507,0.10885033,0.11399361,0.106782325,0.09446871,0.110637166,0.08597852,0.08645651,0.117487736,0.10674996,0.08875484,0.11904894,0.081432454,0.102686405,0.10130438,0.114461325,0.10533386,0.09724909,0.11168168,0.11063862,0.10820464,0.08198489,0.12193688,0.092828326,0.11500899,0.10930019,0.14487329,0.12234376,0.080710314,0.10262456,0.11675419,0.12310863,0.10937804,0.09594253,0.09103195,0.10222517,0.11177786,0.102668226,0.100982495,0.08177956,0.10324277,0.10320656,0.0900149,0.099221855,0.10514155,0.0922229,0.08418271,0.07828205,0.07980156,0.08710152,0.07479228,0.14415666,0.1160763,0.07471358,0.107918695,0.08174314,0.12319494,0.12510768,0.09202738,0.105497934,0.08129803,0.07741842,0.16714364,0.08213012,0.094126046,0.13000032,0.08685343,0.10751081,0.124131,0.10203905,0.09298661,0.10606393,0.073112085,0.093054235,0.09659255,0.10169407,0.08667048,0.094989955,0.08718735,0.10846077,0.08446503,0.10989935,0.13210073,0.10939554,0.1294811,0.08498633,0.07719071,0.111228876,0.107453145,0.09835167,0.10398735,0.09779371,0.08850449
0.089711696,0.08352599,0.063693024,0.08906379,0.09959247,0.13433072,0.1208178,0.06528351,0.096226275,0.13725409,0.111610875,0.11294734,0.10015277,0.08713625,0.12474801,0.1049756,0.079344176,0.12797207,0.099232584,0.099492095,0.09768158,0.09125248,0.06409008,0.122208916,0.0966327,0.0732577,0.08773355,0.07125575,0.08783348,0.07793577,0.06973466,0.073457494,0.11016178,0.100521214,0.11234972,0.101366445,0.0721996,0.0939116,0.10348539,0.10265978,0.11283076,0.090285376,0.0500694,0.06586807,0.11015916,0.101850644,0.1056503,0.13974944,0.092015415,0.11968611,0.07155038,0.11095583,0.093116134,0.100114405,0.09735741,0.06726411,0.092528924,0.060476165,0.1194082,0.10066843,0.09882836,0.11512626,0.05222363,0.06538637,0.06937975,0.08552143,0.06505365,0.0789607,0.118182234,0.08375834,0.07290012,0.08857647,0.11631038,0.0857313,0.048744913,0.07578022,0.08246428,0.116300605,0.10725578,0.09456889,0.104688324,0.08084651,0.08688765,0.09046413,0.11398553,0.10384107,0.04833139,0.08103131,0.10223599,0.11432713,0.08545905,0.08092745,0.069038466,0.1253577,0.13203332,0.10496167,0.12869713,0.10516323,0.07712786,0.10112303,0.11690653
0.09359777,0.1254166,0.13781601,0.109960504,0.13732198,0.1443584,0.10387312,0.15290901,0.11790266,0.13936111,0.14106557,0.1309985,0.14858666,0.14200315,0.13850808,0.16524275,0.1713236,0.12910646,0.10397602,0.14992031,0.10796506,0.13743335,0.1007095,0.15288328,0.110934325,0.14508313,0.109588824,0.13528103,0.13002755,0.11906901,0.15091911,0.13787621,0.14544678,0.122495286,0.12853983,0.1496776,0.13809222,0.15236577,0.14152415,0.12462636,0.101966895,0.15071906,0.13441339,0.128194,0.14994997,0.13197881,0.11048371,0.13494658,0.1764304,0.13652563,0.16988754,0.1850506,0.10975214,0.09265748,0.16927212,0.13226387,0.11558494,0.11560609,0.101611525,0.1275368,0.18463752,0.12745021,0.12980103,0.1393864,0.12755239,0.113795586,0.12327855,0.13844508,0.14303696,0.15203892,0.12993345,0.12451401,0.1364597,0.12097597,0.11804182,0.16700757,0.12103078,0.10782424,0.114734076,0.15449977,0.11712956,0.14549616,0.121001765,0.106912665,0.11484468,0.12407153,0.18033037,0.13374408,0.14140183,0.16801602,0.13791393,0.0914915,0.13680989,0.14018264,0.14156398,0.09855936,0.16326046,0.1494227,0.14898965,0.14854093,0.16423574
0.09425373,0.08325587,0.074079536,0.09820664,0.07858798,0.053765997,0.081029475,0.10143927,0.08086682,0.10403603,0.063079864,0.057899825,0.07616545,0.106164,0.05374413,0.07721509,0.09399302,0.078018755,0.078016624,0.14144692,0.08990391,0.108401306,0.0466226,0.062320974,0.07971592,0.09055259,0.13315566,0.0694526,0.06095743,0.069351874,0.12988913,0.08359113,0.12516044,0.07558219,0.089474976,0.11542451,0.039855547,0.059797138,0.059024435,0.060479198,0.10468683,0.092565306,0.07436997,0.08149615,0.09114817,0.090764716,0.109812066,0.08016782,0.07578981,0.092889585,0.0932702,0.060278762,0.091402374,0.075392276,0.08563213,0.098897964,0.054579575,0.12360807,0.08340791,0.11896214,0.07452426,0.11309279,0.06607069,0.07884747,0.07820536,0.09777681,0.06665512,0.07693766,0.109683715,0.10653896,0.086348966,0.089853644,0.091696195,0.08929588,0.1033203,0.08932747,0.09763552,0.090349324,0.040578388,0.07408514,0.07195137,0.08923569,0.11311684,0.100276165,0.09429908,0.09209597,0.08803809,0.08140764,0.099413574,0.06973971,0.109706305,0.08444065,0.06744541,0.075986,0.0665875,0.1371083,0.100484096,0.0862073,0.08364314,0.09103121,0.086646065
0.094318956,0.124087535,0.080557175,0.11353771,0.08311512,0.11132092,0.15144403,0.08484398,0.07014541,0.112861745,0.10240166,0.08261164,0.11401587,0.10311979,0.10043049,0.12596303,0.1030359,0.09678511,0.14614585,0.120599136,0.11882458,0.08763028,0.11379101,0.11223658,0.098854214,0.116902046,0.12076124,0.10630756,0.1048934,0.0871917,0.08744745,0.10569701,0.11256724,0.11397224,0.0677806,0.1459974,0.09716512,0.10855136,0.12040108,0.13846333,0.0861008,0.10133931,0.11210454,0.12520015,0.106135614,0.14242196,0.11679181,0.11016183,0.13290772,0.08890277,0.12297476,0.13453291,0.11418105,0.094026275,0.10576289,0.12940225,0.09484078,0.12687752,0.15704006,0.13125867,0.08356987,0.107893474,0.07895909,0.12007042,0.08603989,0.09456519,0.09204833,0.09239258,0.11650529,0.12289224,0.11480812,0.08748722,0.12931165,0.13560814,0.11911193,0.17455018,0.11779564,0.12927777,0.10851394,0.11674198,0.119577244,0.120509036,0.08617301,0.11210065,0.14278817,0.14479053,0.118451595,0.10656893,0.106726415,0.091498174,0.14866707,0.08985198,0.1415095,0.0831282,0.108487606,0.12349988,0.07306975,0.12907928,0.11768496,0.07019826,0.13502437
0.098449044,0.095645964,0.09379724,0.097265705,0.088923,0.088388085,0.12714982,0.1006611,0.10325944,0.11210648,0.14450186,0.10672543,0.122893654,0.1353051,0.10583324,0.10975116,0.11682915,0.11280764,0.107806705,0.079946645,0.098677054,0.10836512,0.12117003,0.08727364,0.11088174,0.09075071,0.096516445,0.13256487,0.11145237,0.090375334,0.11547814,0.0967148,0.10640031,0.13736972,0.11223715,0.10612754,0.117262654,0.1273177,0.08167883,0.09924265,0.10583423,0.12161389,0.13007072,0.081759505,0.117181145,0.1207727,0.091288015,0.08306086,0.12725273,0.06937383,0.09951141,0.10769444,0.10122513,0.09667826,0.11282761,0.08477906,0.09908981,0.14868969,0.078511976,0.098407894,0.10104792,0.09057182,0.1383045,0.08651823,0.10432224,0.12336913,0.11566034,0.11132885,0.09187174,0.11495818,0.07840243,0.1273132,0.117962375,0.10050079,0.09861192,0.11334184,0.104500614,0.12641019,0.10070017,0.11958499,0.09534137,0.10909343,0.12434445,0.08386778,0.11711344,0.10023141,0.1194101,0.11280504,0.089318596,0.078913845,0.10854302,0.0870651,0.09950568,0.10397835,0.10737587,0.08665369,0.099689916,0.12601802,0.11070717,0.11139663,0.15162078
0.09847361,0.09702672,0.089190945,0.09727288,0.10182148,0.077160224,0.111637466,0.13518259,0.085556574,0.085239656,0.068125375,0.103501186,0.08120608,0.115161546,0.112625465,0.11556972,0.12914419,0.1547212,0.11676038,0.08978482,0.08300297,0.105986975,0.10705109,0.12702736,0.10006204,0.10352546,0.08682559,0.10971195,0.12063355,0.09933247,0.10531173,0.09277178,0.13350129,0.09775614,0.09915455,0.12469534,0.11830411,0.09345916,0.12490966,0.09627517,0.097455084,0.0943283,0.09174188,0.10515774,0.112624675,0.07749847,0.104976974,0.11977748,0.12497416,0.120415114,0.09832868,0.09639023,0.11701773,0.1078957,0.1018093,0.122659095,0.14256437,0.074850895,0.13316321,0.10692071,0.07638094,0.09516119,0.120867625,0.114516765,0.08325084,0.0888955,0.09852605,0.12088444,0.14256233,0.12274582,0.1170873,0.084549844,0.06032215,0.092304476,0.082317546,0.074694335,0.11151981,0.092466354,0.09111654,0.041568145,0.07415937,0.14873475,0.120570436,0.13535848,0.08063088,0.09451286,0.1111089,0.11421316,0.12230556,0.06399093,0.10793945,0.09277369,0.1086298,0.09363262,0.09648676,0.12297689,0.12301812,0.1037509,0.08444351,0.14102173,0.1545276
0.10109743,0.10963365,0.15341774,0.12946168,0.12726256,0.11681302,0.10929332,0.12748471,0.12273402,0.13737226,0.111451045,0.14359424,0.10305695,0.09720696,0.11320335,0.11013269,0.10262957,0.13349979,0.1514,0.12442777,0.12942898,0.11633643,0.117883705,0.12362815,0.1328277,0.1156543,0.13490817,0.11771055,0.109054126,0.14975913,0.09302813,0.12511435,0.13160366,0.1310882,0.12016993,0.12250356,0.16491121,0.14622612,0.104782686,0.12594953,0.124345355,0.1132742,0.09405649,0.1170535,0.12665081,0.11214671,0.14845808,0.10463058,0.103690416,0.12749907,0.10286559,0.121905945,0.11538823,0.13647458,0.1342978,0.12947065,0.1251472,0.121887974,0.12701145,0.15403804,0.118480876,0.10699683,0.096165106,0.13331133,0.14136738,0.10921468,0.12750223,0.112583555,0.1358513,0.12910676,0.121368475,0.16147396,0.1254266,0.1104736,0.13493839,0.10858489,0.1646384,0.115944214,0.12241634,0.10945178,0.11605246,0.13051915,0.12699464,0.14117607,0.13521296,0.10850357,0.15563121,0.12852088,0.115626216,0.10606555,0.10385909,0.12986603,0.101011276,0.12852323,0.10635347,0.11612208,0.12390917,0.13011096,0.12023785,0.14005676,0.14524241
0.10120632,0.0836071,0.11684875,0.083774924,0.12790902,0.11022559,0.08441174,0.090067245,0.093730226,0.07755843,0.09642153,0.078101315,0.070091784,0.05161996,0.06958553,0.06924548,0.10373783,0.070409685,0.086151704,0.10117637,0.07973672,0.08086671,0.12754378,0.06816076,0.05234479,0.13814232,0.09578456,0.093087785,0.09465409,0.05781599,0.10182116,0.11155866,0.085293874,0.07276328,0.08782393,0.09077299,0.0766208,0.08923417,0.073837124,0.107234485,0.110447936,0.09466219,0.12357297,0.111155875,0.10489604,0.06220025,0.11458015,0.061680492,0.08817777,0.10285145,0.0738579,0.1010033,0.10106122,0.10490028,0.112787984,0.09863947,0.10996685,0.054503433,0.09847084,0.12218876,0.09692621,0.0735341,0.08809858,0.09980598,0.09213708,0.06972198,0.10356605,0.12108108,0.11221957,0.119433865,0.1090045,0.08093047,0.086538814,0.08833742,0.0860862,0.09470512,0.07929233,0.07270792,0.10339335,0.07340676,0.13173717,0.06172008,0.1007572,0.10168901,0.10446831,0.10831743,0.14080745,0.072536886,0.08606957,0.06548554,0.07342246,0.0907007,0.049913615,0.08546286,0.078412846,0.06543011,0.076438725,0.10272805,0.11335558,0.11685048,0.12103852
0.101294845,0.11973425,0.1090159,0.098839134,0.07447324,0.10427181,0.103351966,0.12202228,0.11088404,0.08084479,0.14006886,0.09402578,0.07889757,0.08021273,0.12993446,0.11650162,0.085051276,0.117044635,0.13854173,0.10660281,0.11176095,0.13828996,0.08663701,0.11113032,0.088437326,0.098204374,0.08741526,0.116141975,0.06521194,0.10552543,0.113908194,0.08861013,0.086256325,0.099191025,0.10218372,0.08222586,0.099090874,0.08686542,0.11594595,0.12017405,0.08697063,0.13658616,0.12508723,0.08123061,0.105393544,0.08585539,0.11353134,0.09887554,0.111110665,0.09297465,0.11562101,0.12411445,0.103909865,0.06893949,0.12687123,0.09825228,0.096317224,0.09387969,0.10791512,0.09038535,0.10513032,0.11142544,0.08947457,0.11437086,0.108550996,0.10486447,0.10778568,0.12434413,0.12142799,0.15690163,0.0801882,0.10031682,0.12212317,0.10135245,0.13399273,0.103899226,0.08728631,0.08643614,0.12039698,0.11367321,0.11741664,0.08799344,0.096253105,0.110573806,0.11724081,0.111186884,0.07584624,0.073229454,0.11028595,0.07063791,0.11344281,0.12774536,0.090784885,0.11200536,0.109913014,0.10793232,0.12656848,0.09151161,0.10994733,0.09520863,0.12312908
0.10244814,0.08687777,0.120199114,0.13219163,0.081996545,0.09960717,0.12833843,0.09316717,0.14600393,0.12365072,0.093584165,0.15258853,0.08887314,0.09950802,0.11740603,0.1549376,0.1302791,0.11525874,0.09312567,0.07892236,0.1327447,0.12999406,0.131576,0.082377166,0.12890232,0.09880404,0.1252977,0.096464865,0.08905698,0.10380222,0.11099719,0.124063544,0.09761279,0.118017055,0.044143427,0.12246035,0.11387733,0.11012056,0.11353137,0.09834759,0.0769699,0.079236224,0.14985634,0.11027122,0.1148591,0.109691255,0.09329387,0.09791941,0.09408103,0.14875692,0.114121445,0.119086236,0.109599635,0.108387955,0.10298014,0.13151947,0.08569531,0.12982398,0.119568,0.12785566,0.08494888,0.11897237,0.12732887,0.08973959,0.13573089,0.11594762,0.12196276,0.072226375,0.12319539,0.14270967,0.1533657,0.074102566,0.107645474,0.09635055,0.10125305,0.09236793,0.1009908,0.117965974,0.17086846,0.123450235,0.1299488,0.10820943,0.09735431,0.11210719,0.14145407,0.14695045,0.14156917,0.11603483,0.104037456,0.09396903,0.13117962,0.086329564,0.11975179,0.15467972,0.112090595,0.122660965,0.12407311,0.119484164,0.10676695,0.09437761,0.11812543
0.102852814,0.12435901,0.13692597,0.09440562,0.12904254,0.13169274,0.12227204,0.13551404,0.12907302,0.08366493,0.14183894,0.10036263,0.10899853,0.09444101,0.1354104,0.11690612,0.11844648,0.12982455,0.13435201,0.09927338,0.12755772,0.116265945,0.08696281,0.1415433,0.117144704,0.105697066,0.104001015,0.12572436,0.12527019,0.11518639,0.14011933,0.10759985,0.14803639,0.14594936,0.12780753,0.13782427,0.13466123,0.10140436,0.14514217,0.13356327,0.14266619,0.10015324,0.116850756,0.119552724,0.11533909,0.09728281,0.13654225,0.088692866,0.129794,0.10647168,0.10367463,0.13248271,0.1112868,0.12220586,0.12693524,0.12034296,0.13594326,0.100141644,0.10987925,0.11993114,0.11996603,0.12320284,0.13109928,0.091750756,0.104051985,0.10083823,0.112901054,0.08862051,0.111339584,0.10556487,0.14737417,0.098020405,0.09186231,0.12107498,0.10126517,0.09898515,0.13996463,0.116572894,0.1263319,0.104555376,0.1576426,0.10288784,0.097843744,0.09831443,0.14646101,0.12974492,0.096535355,0.12595186,0.10956683,0.16311154,0.10213786,0.10628731,0.119845845,0.13933942,0.11336544,0.12050118,0.10311271,0.09092109,0.14028001,0.117562175,0.13810445
0.10440973,0.123608835,0.10985176,0.1476903,0.118969396,0.08753394,0.072409324,0.103731446,0.09635028,0.13025984,0.111971356,0.119843245,0.14735818,0.086691596,0.09036282,0.11002855,0.1470442,0.122084655,0.100947484,0.09283066,0.12097578,0.10657438,0.094754495,0.09185476,0.10772638,0.09381409,0.10910706,0.13128954,0.08043384,0.10542352,0.11496446,0.13545734,0.12093326,0.1264475,0.11557611,0.095928945,0.1377207,0.099084914,0.12650833,0.116044335,0.09263267,0.10419517,0.107256934,0.111024536,0.07821437,0.088123076,0.11599342,0.09397915,0.14556304,0.124124065,0.112416424,0.10013964,0.1248078,0.10344599,0.099927545,0.071541056,0.12054006,0.12156182,0.1138415,0.12321096,0.10336445,0.104672104,0.1089534,0.0968169,0.10267073,0.13852327,0.10200221,0.14244413,0.120018564,0.10297815,0.13086617,0.12423764,0.09005029,0.09645705,0.07417697,0.09636509,0.10590438,0.116389416,0.118602164,0.0920001,0.10206809,0.1174244,0.10465486,0.12140063,0.10699487,0.12792727,0.08354449,0.11423853,0.122948535,0.12546134,0.12740129,0.11752651,0.10712715,0.12290009,0.108017765,0.10659338,0.1475435,0.0802375,0.10837605,0.105035275,0.08739523
0.10447798,0.12339351,0.11338593,0.115222715,0.113223016,0.10823641,0.08854468,0.10577661,0.10879975,0.108015575,0.117789574,0.10661423,0.09172108,0.14067483,0.13787812,0.11398679,0.08053906,0.105600126,0.10731459,0.093233466,0.08505575,0.10242546,0.070222996,0.08755277,0.11841772,0.1165029,0.099343136,0.14585774,0.1211169,0.13675314,0.09550068,0.08432531,0.09058182,0.11674151,0.099514075,0.09921262,0.14184839,0.08251459,0.086616606,0.120903626,0.0795779,0.10611725,0.12570612,0.10510247,0.047170788,0.10588475,0.10957737,0.08647803,0.07226527,0.1496877,0.12316718,0.1094364,0.1171385,0.10912504,0.09403018,0.09634837,0.056587577,0.105098255,0.11600516,0.10486638,0.105897285,0.0764042,0.10267511,0.16105488,0.10339397,0.10512578,0.11295759,0.1151147,0.110758156,0.09739008,0.082565814,0.04805648,0.073125005,0.11337514,0.09837865,0.083369255,0.08846135,0.102408245,0.083711445,0.12200678,0.10659989,0.10299972,0.09797633,0.11116058,0.08856954,0.09861648,0.1120494,0.10342066,0.11113739,0.08809808,0.107472695,0.09629943,0.092487246,0.10677056,0.09468308,0.14060618,0.100343056,0.10740466,0.11439088,0.06644769,0.111070566
0.104948595,0.08995603,0.13580512,0.14035338,0.13024752,0.061380815,0.12646726,0.11038812,0.11798057,0.14391561,0.09228158,0.07624583,0.10365592,0.11970111,0.109359585,0.123571046,0.115238234,0.119192176,0.10629732,0.1458973,0.10479275,0.104511,0.1463778,0.104521416,0.11905796,0.14357853,0.080268316,0.09973827,0.1012243,0.110057935,0.09697266,0.14055502,0.0932224,0.11840179,0.07908984,0.14508086,0.116130166,0.12499837,0.09970951,0.09108606,0.08753888,0.09472471,0.10196762,0.1062692,0.11067336,0.14694762,0.09259038,0.11191023,0.08460133,0.08516063,0.13793565,0.12221079,0.099166945,0.09349474,0.0831728,0.08308188,0.15982717,0.10689651,0.12922978,0.08861734,0.11789139,0.08638404,0.11320144,0.084135845,0.107749514,0.10152543,0.0979681,0.11704645,0.12844855,0.10319561,0.1160027,0.12790704,0.12610105,0.12272753,0.08942483,0.11160411,0.10167153,0.13744786,0.092910826,0.11417962,0.13284162,0.09734341,0.09862113,0.08669665,0.12802333,0.10802868,0.12314218,0.099311456,0.07796177,0.11099773,0.11498635,0.093767494,0.10955348,0.112540215,0.12614726,0.10515096,0.1400213,0.111576624,0.13266855,0.10374302,0.11482383
0.106839135,0.108794026,0.12681541,0.13987997,0.1397901,0.11697255,0.106093556,0.09500636,0.09328952,0.13643911,0.09368028,0.12187674,0.1373002,0.11801526,0.11852176,0.13203925,0.1196201,0.12665164,0.10849781,0.16702178,0.15038392,0.10797872,0.118151106,0.123114966,0.11064248,0.15367162,0.12834626,0.13211396,0.15665017,0.11295696,0.118452035,0.10449874,0.10738099,0.10175046,0.10452827,0.11080418,0.12068912,0.12846643,0.10714267,0.12724325,0.14675874,0.117474094,0.13540667,0.12334148,0.10206736,0.11434767,0.13599148,0.09626876,0.122556426,0.11554548,0.13690165,0.10955133,0.14781219,0.12509722,0.1510399,0.1290928,0.11186574,0.13269322,0.10341974,0.1353108,0.1031611,0.10425066,0.09989634,0.13694736,0.11224817,0.11992941,0.11781437,0.1100394,0.12631755,0.17437333,0.15110525,0.11583916,0.14573053,0.13884565,0.114049576,0.12553799,0.14253795,0.13393119,0.12299309,0.1119509,0.12058894,0.08895522,0.13718966,0.117598034,0.13360715,0.124728195,0.1496625,0.12040522,0.117714755,0.13200235,0.15344146,0.15499648,0.08851232,0.13568158,0.120003335,0.12887704,0.14094517,0.13315272,0.15648845,0.14750999,0.1504325
0.106902085,0.103003226,0.09876782,0.09321234,0.10884206,0.10244018,0.09831761,0.0738072,0.09059142,0.12639907,0.1438644,0.04185985,0.10694484,0.10132994,0.15639168,0.08358451,0.097380616,0.089169815,0.13166317,0.06557512,0.12719405,0.11354597,0.10346381,0.12367368,0.09668243,0.12938184,0.09586732,0.103989094,0.089319676,0.102952495,0.082487926,0.10754237,0.11689549,0.121627256,0.120990865,0.073491834,0.12705737,0.10723386,0.07990185,0.10517295,0.14701271,0.11538522,0.12508366,0.08704338,0.15571457,0.090520404,0.1050963,0.08364066,0.09643992,0.096532226,0.08560598,0.0778172,0.11637606,0.1073652,0.09091781,0.11511435,0.10004292,0.1184927,0.089150265,0.10078001,0.12570572,0.07600587,0.08107723,0.14184822,0.110466726,0.108556144,0.10552605,0.09327227,0.084759995,0.09073914,0.11833955,0.09950745,0.11555607,0.13024563,0.110059455,0.10205446,0.12199365,0.09983127,0.07820113,0.089154914,0.10551097,0.110255,0.06290374,0.13335001,0.1059942,0.13911472,0.1325637,0.124327905,0.09046461,0.13355048,0.083625495,0.05447958,0.12780029,0.09977886,0.10111495,0.10519302,0.14020315,0.09654912,0.09182611,0.13001192,0.10449379
0.1070826,0.13475525,0.12671228,0.15199241,0.1350109,0.12040061,0.13014966,0.11782281,0.11598035,0.12719446,0.17293015,0.150799,0.12849498,0.11710734,0.1546995,0.12853295,0.1312109,0.106830426,0.13811496,0.11613666,0.121997505,0.15582582,0.10558116,0.15254492,0.11243255,0.14352018,0.13866301,0.13663602,0.13971427,0.14877278,0.15080327,0.1294842,0.13212629,0.12617722,0.11167623,0.13068011,0.10977821,0.155909,0.12491008,0.12862816,0.16082515,0.13548052,0.15053013,0.13893269,0.11542849,0.13891369,0.13138255,0.12533051,0.13685936,0.138758,0.12532541,0.13637188,0.09899818,0.119597755,0.11214072,0.10612194,0.14696592,0.12442402,0.09736885,0.1253216,0.108141415,0.09385725,0.1441372,0.11993344,0.12774268,0.11910508,0.12642094,0.11467307,0.14746632,0.16792998,0.13342422,0.15482396,0.13888651,0.11366644,0.122697614,0.15700483,0.13756251,0.12753293,0.13626684,0.14955577,0.1675365,0.1509697,0.14934087,0.13459986,0.12302324,0.12903002,0.14531052,0.12343534,0.11809643,0.11479981,0.13104501,0.12279502,0.14131352,0.15911219,0.1246566,0.118784554,0.115121566,0.12380108,0.13955398,0.13410434,0.122535735
0.10708847,0.111063786,0.10444372,0.12879136,0.12573183,0.10909601,0.14219508,0.11913005,0.122945145,0.10360113,0.10675097,0.114513345,0.13945778,0.118470244,0.16116458,0.1112697,0.10939202,0.09001583,0.100376196,0.12013913,0.10277593,0.13435535,0.1321227,0.09631126,0.1103585,0.095463306,0.12554401,0.12136301,0.11379301,0.104923315,0.1109406,0.10093713,0.098634005,0.11114126,0.13151824,0.11105823,0.1341624,0.116572835,0.15207401,0.12757471,0.09183678,0.09743832,0.14241725,0.15232295,0.13333091,0.082002886,0.14371565,0.11603614,0.11249856,0.105595194,0.096144214,0.1096608,0.11302986,0.09732681,0.10097267,0.12376829,0.12700072,0.13113703,0.10908084,0.1270465,0.11310353,0.11519958,0.10790757,0.13702399,0.12825203,0.1406711,0.15376377,0.15131095,0.10795064,0.11486095,0.12643096,0.12980177,0.10473888,0.1231465,0.11605139,0.13653335,0.112928055,0.11911468,0.1162832,0.11594807,0.118093416,0.12520015,0.119554706,0.11758976,0.1130129,0.1272242,0.10936937,0.10566069,0.12526566,0.12618011,0.18092063,0.1347124,0.12583444,0.10735152,0.13776654,0.09346993,0.1287919,0.10595732,0.13927189,0.13217211,0.12193681
0.10745489,0.115023,0.15627438,0.096752696,0.11970418,0.10143331,0.1350412,0.09233749,0.14636236,0.11998587,0.113778904,0.13232276,0.14752838,0.09721204,0.10045062,0.12531745,0.09963788,0.14349133,0.12058688,0.121232115,0.11683596,0.10190407,0.1267224,0.13475871,0.1434319,0.13438638,0.11263609,0.103167556,0.09963308,0.111718655,0.13462117,0.09914518,0.15522712,0.13005492,0.18318257,0.1372278,0.095597625,0.15228653,0.0921821,0.120913364,0.18303591,0.11399313,0.14333385,0.113691494,0.13250974,0.12728569,0.14466467,0.107535385,0.07544077,0.13610028,0.13176155,0.09896449,0.15700099,0.13357034,0.11992252,0.15027335,0.14079836,0.15077037,0.115605846,0.12911344,0.15075055,0.1241032,0.12384141,0.07269592,0.10890475,0.11668425,0.086582765,0.13499972,0.120361544,0.106227554,0.1025616,0.11214632,0.1135684,0.11087041,0.103485346,0.15309922,0.09715305,0.12732404,0.10242465,0.11769243,0.11148057,0.09564861,0.11788046,0.110180296,0.13840687,0.1290063,0.11247899,0.12519512,0.096064255,0.13588485,0.09215613,0.105524644,0.091457814,0.11917016,0.14436996,0.13449986,0.1128213,0.1277321,0.12563232,0.11935306,0.1522786
0.10746115,0.15223885,0.15142271,0.14022633,0.14189592,0.14308324,0.16466886,0.14997125,0.12816581,0.11542608,0.16175264,0.13275656,0.13057232,0.16035488,0.15311101,0.15977272,0.149926,0.15711007,0.117318615,0.1422396,0.12106993,0.13186786,0.14392287,0.16919813,0.15434712,0.13749179,0.16474316,0.16679147,0.14036915,0.13343881,0.15067631,0.1763216,0.14007722,0.17477188,0.1427575,0.14819026,0.1395086,0.14611831,0.11943791,0.16196525,0.13066643,0.13295981,0.150592,0.14596897,0.14194372,0.12984833,0.13126697,0.15170377,0.16543812,0.12593555,0.11045609,0.14088964,0.16815284,0.14431581,0.12994835,0.14455107,0.14603886,0.13902445,0.15761754,0.13375953,0.14801216,0.14785764,0.16148487,0.13385403,0.14154688,0.11080686,0.15614372,0.11988323,0.12723497,0.13058251,0.13668114,0.16462463,0.1195322,0.13367252,0.14403021,0.15698496,0.1351695,0.12551016,0.17279637,0.13867144,0.14090139,0.13546316,0.17086673,0.155132,0.15002137,0.12864098,0.14573142,0.13258043,0.12812012,0.16252619,0.17178646,0.1248854,0.12753087,0.12710506,0.10750103,0.14547841,0.14729635,0.148285,0.14137986,0.15353632,0.12304176
0.10850439,0.14311051,0.113680355,0.13049087,0.09725164,0.13139099,0.11601823,0.13919367,0.111010306,0.10571613,0.116787374,0.09445509,0.1135698,0.1392667,0.13658321,0.12665316,0.14468151,0.13591203,0.11665665,0.07831898,0.09333338,0.1558933,0.09400034,0.117340274,0.08290299,0.11662652,0.12501827,0.14504549,0.105175205,0.08204754,0.12616642,0.10595939,0.13416705,0.13407278,0.119251475,0.11448447,0.1355861,0.100149795,0.09406489,0.13232303,0.14034773,0.13048592,0.12146924,0.15004578,0.09719057,0.083639905,0.095403224,0.119493,0.12750438,0.14717522,0.09242917,0.07246109,0.081702545,0.12865536,0.13823667,0.11008901,0.14078325,0.12173911,0.10290255,0.10490261,0.13479617,0.12474401,0.13165975,0.1155365,0.11277489,0.12733138,0.10839897,0.12386036,0.10877366,0.13368848,0.11279323,0.15315893,0.1356875,0.11916702,0.13578546,0.11893384,0.12155304,0.13515541,0.11397433,0.080938034,0.12101552,0.12608954,0.13919523,0.1358996,0.15171364,0.111887164,0.13815716,0.098870136,0.1200089,0.11985141,0.13283208,0.12266093,0.11585691,0.14520437,0.13667297,0.09245437,0.09223753,0.088278525,0.1162243,0.103189886,0.11436368
0.11023808,0.10006913,0.09843026,0.09824649,0.0898318,0.07456525,0.07394384,0.06440392,0.11290843,0.09871608,0.103516355,0.038897242,0.10038741,0.09917348,0.0947903,0.10513151,0.06609513,0.09532709,0.08520293,0.104914434,0.0987983,0.08641738,0.11715316,0.10835897,0.12724048,0.10794895,0.11167685,0.07425453,0.11632422,0.06638608,0.08880488,0.11694848,0.09869643,0.11412295,0.06901888,0.11516524,0.10624815,0.10670499,0.098804854,0.1178851,0.07262917,0.09939341,0.14092907,0.0774939,0.057867512,0.11187781,0.13084105,0.08592768,0.08747028,0.09085631,0.10290933,0.054255992,0.10468695,0.122196585,0.078073636,0.09595407,0.1648185,0.0903973,0.11318157,0.1294772,0.11176253,0.083147705,0.091704994,0.076943256,0.096910514,0.0927863,0.089887396,0.12116703,0.12246537,0.10791042,0.10180797,0.12451779,0.10249014,0.09816687,0.07680848,0.108291715,0.14160231,0.09962383,0.13158065,0.10023338,0.11746232,0.0744869,0.11725388,0.075957015,0.11217661,0.08722155,0.07729842,0.09943069,0.07699179,0.10939831,0.13289835,0.09550877,0.09264135,0.056632467,0.11723748,0.119999416,0.08093654,0.08980203,0.076398164,0.12528619,0.08170195
0.11156565,0.11578268,0.11450032,0.13978857,0.108437024,0.11261503,0.09446153,0.083735876,0.14635126,0.095125526,0.10658663,0.13451198,0.11746245,0.10097258,0.11462524,0.10149863,0.12742087,0.11845184,0.113643765,0.16404286,0.11782571,0.100517586,0.11259533,0.11354299,0.1199424,0.13163565,0.11108767,0.115616955,0.1190863,0.1250934,0.11471287,0.13578953,0.13712095,0.10403611,0.106746145,0.10869357,0.16633314,0.115590885,0.140242,0.11167722,0.07686429,0.13240805,0.15310255,0.13154353,0.103613056,0.09875499,0.11009059,0.1008783,0.15103525,0.07505818,0.12171552,0.117777646,0.13108796,0.100996256,0.12396847,0.10848134,0.112012364,0.126234,0.14063506,0.08375512,0.10969591,0.104215324,0.14332736,0.118106216,0.08728652,0.09139282,0.12566814,0.10645427,0.09445412,0.12968564,0.14967492,0.086420625,0.113355495,0.08754181,0.12923636,0.08741422,0.094489254,0.11039183,0.1505802,0.13762048,0.11267149,0.09089209,0.1206154,0.11334974,0.11257019,0.123250596,0.13737154,0.119550355,0.09956084,0.098095134,0.11866345,0.11543362,0.07396367,0.09128094,0.14766791,0.08949625,0.12090864,0.10435398,0.098112345,0.10165372,0.104564495
0.11210982,0.091525555,0.09423818,0.11659757,0.11538304,0.10220496,0.08689168,0.075512245,0.113050334,0.118373804,0.08440298,0.117237784,0.11955812,0.094921224,0.08822861,0.11305527,0.11255356,0.079150215,0.08404842,0.11907102,0.11993057,0.13034385,0.09042242,0.0906018,0.09744038,0.09899737,0.0938853,0.12503806,0.08394113,0.1101849,0.120791905,0.1499314,0.10129032,0.07132088,0.11896601,0.10941357,0.10618617,0.083310276,0.09128048,0.096359454,0.088679865,0.060105767,0.08843204,0.1047832,0.09762706,0.12166492,0.09175364,0.13681918,0.11680893,0.11098864,0.09221843,0.111001424,0.09372114,0.11006229,0.08516744,0.08631337,0.0613564,0.12409709,0.12941387,0.10977664,0.10489497,0.08567187,0.08812916,0.06596859,0.077664845,0.10968835,0.1123753,0.09123193,0.086542025,0.11574151,0.103118554,0.0967548,0.09603901,0.10447075,0.086338535,0.1125773,0.09917699,0.10961927,0.10305033,0.106472306,0.116470285,0.1148811,0.1178347,0.10085287,0.084044464,0.09939864,0.12428362,0.0875984,0.12596285,0.08754876,0.0969669,0.09329272,0.13441119,0.111926086,0.10427658,0.09921686,0.11503629,0.08083975,0.08664845,0.118785895,0.1243608
0.116207115,0.098136574,0.15918455,0.14648339,0.16989303,0.15907276,0.1437287,0.19867086,0.1487572,0.1735372,0.13858059,0.12271158,0.14207241,0.13689269,0.12235787,0.13202664,0.1424137,0.18109924,0.1331768,0.1535478,0.20741081,0.15795231,0.13023552,0.12719262,0.11364874,0.14843439,0.12336336,0.20098794,0.1629371,0.13651708,0.1506393,0.15962961,0.14874819,0.16986012,0.1435867,0.170796,0.16207203,0.1262035,0.1406098,0.18742904,0.15255073,0.10840313,0.17364985,0.15229486,0.16729143,0.103550866,0.14253569,0.17648396,0.12103293,0.16700366,0.157462,0.12624267,0.122001275,0.15016334,0.15823549,0.1047278,0.14070883,0.14850792,0.15282786,0.13019538,0.18356875,0.1418195,0.14226454,0.12764797,0.14119503,0.1404637,0.14700434,0.16296566,0.17747512,0.17190814,0.13940069,0.15035033,0.14144143,0.14218363,0.18001798,0.1315335,0.16109969,0.14573157,0.13066849,0.1552712,0.16100632,0.1525695,0.13015206,0.1521892,0.20613873,0.12659758,0.18622333,0.17385742,0.18756467,0.19363809,0.16237883,0.15753114,0.14166713,0.13750869,0.17218646,0.15957892,0.15168345,0.1602322,0.15798101,0.14658159,0.17580232
0.116363294,0.13344288,0.15581298,0.15580833,0.123170234,0.16675761,0.13106528,0.14041743,0.1523134,0.1411728,0.17054492,0.13794698,0.14865255,0.15566117,0.19327071,0.13106355,0.1452361,0.13860884,0.15075108,0.12430682,0.1289061,0.15349497,0.17748863,0.101773664,0.13546711,0.109965004,0.17473683,0.13180181,0.14664799,0.12429755,0.10890209,0.13395318,0.15629074,0.1512191,0.11569437,0.13007654,0.123277135,0.1489054,0.10980127,0.1269482,0.1452533,0.1356565,0.13742405,0.15376127,0.18433002,0.11580349,0.15673032,0.111126,0.16892093,0.18805215,0.1501038,0.16880703,0.11372552,0.16012752,0.112012714,0.12862867,0.13057557,0.14077196,0.17020902,0.17544091,0.14022034,0.1436319,0.15205881,0.17436728,0.14184251,0.14828835,0.14697984,0.1356385,0.10872775,0.10678171,0.13417509,0.13091993,0.16240108,0.16902333,0.15350887,0.15500662,0.12659454,0.10103896,0.10836034,0.15661949,0.12528658,0.124961846,0.11877016,0.13653266,0.1424025,0.1293746,0.13935308,0.14156479,0.14851099,0.1327315,0.17932999,0.124769166,0.15707043,0.14475456,0.1488418,0.13039304,0.1275768,0.16637865,0.116375595,0.18929553,0.11658904
0.11703474,0.13770822,0.15304449,0.13563383,0.11472357,0.12591635,0.13231477,0.15574116,0.106546886,0.14822298,0.16227943,0.13424063,0.14827076,0.15396798,0.11276559,0.13358846,0.1391083,0.15020786,0.09028305,0.123542406,0.103260644,0.13323215,0.13827679,0.12866849,0.1317813,0.10967288,0.14746764,0.118710585,0.15778658,0.1188611,0.13408479,0.15126541,0.12730259,0.1470235,0.15165466,0.15019643,0.14696562,0.1372389,0.13673876,0.120176665,0.13060853,0.16492337,0.12177322,0.12872177,0.11523099,0.14082775,0.111693464,0.11716203,0.14459339,0.10498585,0.1388655,0.13881198,0.1443339,0.14319095,0.11764705,0.15770999,0.15873656,0.13826674,0.11940222,0.122260936,0.14712498,0.16029331,0.12803441,0.13126609,0.12526135,0.13789356,0.15777916,0.15423346,0.18782619,0.12672672,0.14732082,0.12863483,0.17161062,0.16769624,0.11469018,0.12346997,0.14520022,0.12353545,0.14542204,0.16423802,0.13932338,0.16366236,0.16017073,0.1598005,0.141951,0.14143181,0.12586534,0.13387325,0.18553498,0.16955829,0.12037685,0.12095633,0.12690508,0.15080813,0.13477024,0.14892125,0.14183712,0.10512053,0.14192978,0.13123512,0.133633
0.11739528,0.1785132,0.17853674,0.13640329,0.16793662,0.1817069,0.16267917,0.16512051,0.14986432,0.12025964,0.1942549,0.17203653,0.13935664,0.1576952,0.15257478,0.15644851,0.17691416,0.16058111,0.15337092,0.18554553,0.18867919,0.15622756,0.13149303,0.15223491,0.18150333,0.16726542,0.14916605,0.1634106,0.13821098,0.14941949,0.16837886,0.13864774,0.15585858,0.14699414,0.1507223,0.18519801,0.1575461,0.15279728,0.15195444,0.17716035,0.15381235,0.13988242,0.14422095,0.13912675,0.15064533,0.15056214,0.13389367,0.17029065,0.17516181,0.18450284,0.15730703,0.14913836,0.17577618,0.16866317,0.17207879,0.1533349,0.13123785,0.16872007,0.15318915,0.20354033,0.16572648,0.13973159,0.15142927,0.14672914,0.15522212,0.14756611,0.1561409,0.1495685,0.16635457,0.15659949,0.16018084,0.1372762,0.1769616,0.17025197,0.15245768,0.12719834,0.15067385,0.15889528,0.14204562,0.1313991,0.15491313,0.1782752,0.18164673,0.1441183,0.14592354,0.16824117,0.17062509,0.16243985,0.14479728,0.17625737,0.17298263,0.20280287,0.13922563,0.16573791,0.20503902,0.1373792,0.16185701,0.1881898,0.17010292,0.1555847,0.15391421
0.11742217,0.10087177,0.13320474,0.14108843,0.15740502,0.121728875,0.12897435,0.1431787,0.14805439,0.117101714,0.15720043,0.114922486,0.12898043,0.11734926,0.12697122,0.099000506,0.107920356,0.114908166,0.13173762,0.13034557,0.09001386,0.08935681,0.12378904,0.13096505,0.1211498,0.11453365,0.13436468,0.111565255,0.13031065,0.11051854,0.1300742,0.11825536,0.13867486,0.108643346,0.14882827,0.118218906,0.1255328,0.1510044,0.10775123,0.1552299,0.1444599,0.13295579,0.15264505,0.10169573,0.09737904,0.13961235,0.11221195,0.16804019,0.10468036,0.08169004,0.12798594,0.10917504,0.10453262,0.11847034,0.113917254,0.11925256,0.14135757,0.12335988,0.11702928,0.124529526,0.11915503,0.110633224,0.1203107,0.117263526,0.1379627,0.10927717,0.14657594,0.14882699,0.13823763,0.11104075,0.1044771,0.122842416,0.12249148,0.12249221,0.112798,0.108607404,0.16367406,0.109113865,0.13333124,0.12146077,0.11106067,0.12476344,0.121131465,0.103528276,0.14040944,0.10624684,0.13235304,0.1476439,0.12059591,0.113871016,0.099934146,0.1361625,0.1469514,0.13455042,0.11484981,0.120435916,0.117690034,0.10140434,0.11255585,0.11504371,0.12583944
0.11909094,0.09998791,0.098599516,0.11220207,0.07534695,0.09505927,0.08204374,0.10718964,0.094882265,0.072825804,0.13758022,0.04745777,0.09882694,0.10396517,0.10883236,0.07289192,0.09689221,0.093117885,0.074373595,0.1010255,0.09694335,0.11615508,0.11777609,0.08540059,0.06674413,0.09837915,0.10831535,0.10767493,0.07753421,0.10762978,0.07487145,0.064037845,0.1284225,0.060420804,0.12851675,0.07923196,0.10090112,0.08838925,0.1105803,0.08618639,0.11027852,0.11054193,0.11553532,0.09542804,0.1084183,0.10472199,0.06983589,0.117754556,0.08788813,0.09662452,0.10391872,0.11417411,0.10898589,0.070956774,0.085569344,0.07596135,0.10999624,0.094255924,0.11877724,0.06675418,0.10647205,0.10355109,0.09086709,0.10635714,0.057586584,0.087148726,0.09951252,0.10119127,0.10426354,0.1118675,0.10281505,0.10654654,0.075132675,0.09893066,0.12151833,0.10321781,0.08942613,0.07551487,0.10717749,0.11649426,0.097251326,0.0932028,0.071912624,0.12205686,0.09974276,0.09725797,0.10232442,0.106258705,0.11097032,0.09361277,0.106441505,0.094284646,0.09627892,0.10326698,0.09859267,0.09079205,0.08145097,0.06987658,0.07370048,0.09212084,0.09524286
0.11932104,0.1335631,0.17386612,0.18424147,0.16786867,0.13939342,0.16142863,0.15593155,0.12431995,0.1168698,0.17599422,0.15027633,0.15101695,0.14146608,0.1380797,0.14891526,0.15225485,0.1639657,0.14934945,0.13820124,0.14289352,0.16411787,0.14529932,0.1618495,0.1352118,0.13370433,0.16349581,0.14244992,0.17007813,0.14289838,0.14160983,0.17740855,0.1648153,0.16807118,0.13763237,0.14182103,0.17222464,0.1553863,0.14850819,0.18245572,0.14583373,0.12764448,0.14478013,0.15767854,0.15472695,0.13018224,0.119523205,0.13883862,0.15977436,0.1719422,0.14522952,0.13873565,0.17510915,0.15100527,0.13510281,0.12858257,0.1394876,0.15393776,0.14357495,0.1429017,0.15028891,0.13847846,0.15694183,0.1322926,0.14948538,0.14964384,0.13107617,0.15448445,0.1552603,0.14587945,0.17376676,0.15275666,0.13587078,0.15319985,0.16130441,0.17684099,0.1455079,0.14033538,0.12247906,0.13887915,0.13322297,0.14019921,0.12644139,0.143231,0.1583702,0.1133921,0.14069828,0.14229953,0.14554754,0.14774266,0.16769966,0.13891885,0.15659869,0.12827203,0.13015217,0.14610422,0.1500538,0.14322713,0.15458444,0.155846,0.16280234
0.122780085,0.11894215,0.12949672,0.13481858,0.12928747,0.10573015,0.10705615,0.11131592,0.1115736,0.14456055,0.105172716,0.12938331,0.13735949,0.11640889,0.11700972,0.121047966,0.1644238,0.121271916,0.10828841,0.12836587,0.13299218,0.13206266,0.1357016,0.10519285,0.11376908,0.11289064,0.11537464,0.12597129,0.12306874,0.110313304,0.10381625,0.09681414,0.115175,0.11975206,0.101099044,0.1663487,0.11612547,0.10738972,0.14844328,0.15957215,0.127701,0.124882214,0.12876025,0.10745953,0.11725817,0.12608898,0.16590634,0.101003274,0.13770524,0.10319225,0.12766537,0.16133039,0.1463475,0.08722648,0.11598929,0.15143734,0.10735112,0.12405675,0.12493741,0.14714262,0.13380638,0.14982142,0.1072473,0.14808589,0.10377643,0.115426295,0.14234272,0.11666267,0.1252374,0.1322537,0.134368,0.08096588,0.12977213,0.12693372,0.12796673,0.10536,0.13643208,0.14591822,0.126585,0.11190781,0.11346435,0.10652631,0.13271643,0.12352202,0.14241761,0.13217801,0.1387165,0.14127272,0.097326174,0.12638071,0.10948318,0.15146789,0.124693744,0.13518089,0.12624255,0.16629547,0.124384865,0.12753423,0.117148966,0.1206741,0.14921698
0.12321622,0.1196868,0.14716128,0.1202179,0.11781499,0.119278334,0.1646401,0.14190027,0.14838356,0.112064965,0.13433444,0.19792247,0.09906833,0.1425811,0.13656232,0.18674585,0.11659023,0.2007491,0.12287324,0.1515691,0.12244787,0.13388804,0.12240513,0.097714,0.17434934,0.15743348,0.17060086,0.14507821,0.11272589,0.123074986,0.13699433,0.14094591,0.13281907,0.10198961,0.13504574,0.1793161,0.14115334,0.14750856,0.16567853,0.10814243,0.13117608,0.097580075,0.1038042,0.109538786,0.1111758,0.1091653,0.18329006,0.12860173,0.13487062,0.15763521,0.098861724,0.15699053,0.15334764,0.13437814,0.13790157,0.11648861,0.13962013,0.1203717,0.15475905,0.15444362,0.18354759,0.12952939,0.1407609,0.136186,0.115087226,0.13904457,0.11909179,0.12139649,0.1263226,0.15120327,0.124777645,0.20712826,0.13342083,0.14244774,0.12685877,0.14323136,0.109456696,0.16293916,0.104146406,0.12756017,0.1278919,0.11178176,0.15658724,0.13227957,0.107249685,0.1441389,0.17624745,0.12439097,0.115966044,0.079978816,0.16541748,0.13524336,0.13844344,0.14376645,0.13601035,0.124881364,0.12163052,0.13295901,0.117621236,0.11293534,0.1106941
0.12679234,0.10541206,0.09311318,0.1431052,0.12868324,0.12790743,0.13033804,0.13940254,0.11046097,0.13094008,0.11278477,0.15211746,0.12249386,0.093163155,0.12708536,0.14220941,0.13464706,0.14372212,0.13978252,0.12332309,0.13893181,0.13235885,0.106888734,0.1273948,0.14423859,0.1253114,0.10884175,0.121833086,0.1560285,0.11809092,0.16310942,0.14115006,0.1412285,0.11713781,0.09980621,0.13250983,0.10556475,0.12686238,0.13240913,0.10919315,0.1504839,0.14211878,0.13120659,0.13176519,0.117503755,0.12711993,0.15235251,0.14188041,0.12236163,0.11702206,0.1085305,0.11604117,0.13631147,0.11601105,0.13223782,0.12539324,0.11387686,0.124756984,0.12199187,0.10347759,0.1505537,0.11978481,0.15320128,0.12670043,0.13367483,0.13654715,0.09098875,0.14964125,0.1618098,0.09836402,0.14994952,0.1392116,0.088342816,0.13826054,0.16606843,0.13727145,0.14887345,0.14830264,0.0958159,0.09331241,0.15925804,0.10584844,0.11248181,0.12324004,0.13379958,0.12042696,0.16053614,0.13935818,0.14675966,0.10767344,0.10507068,0.1405721,0.10424958,0.12610704,0.11081333,0.14052933,0.11407964,0.10574094,0.13514256,0.07244386,0.15344474
0.12713166,0.15098244,0.12800895,0.13584855,0.12702644,0.14895222,0.17487386,0.13295263,0.13674235,0.1274971,0.1321001,0.10258815,0.132321,0.14844951,0.13310528,0.16639555,0.12883645,0.13199154,0.13368973,0.17510775,0.14125824,0.1418681,0.15172693,0.149365,0.16673207,0.14540711,0.15665424,0.16329601,0.14524804,0.12506597,0.14391449,0.1299566,0.13000241,0.13864169,0.15848227,0.11123449,0.11320968,0.1493477,0.10597717,0.1337568,0.14824252,0.118125714,0.11699287,0.13771367,0.132017,0.11613317,0.13732296,0.16725814,0.16413349,0.13340694,0.1297571,0.1765312,0.11999948,0.12341244,0.13712767,0.16630693,0.14828256,0.13777232,0.16357994,0.12830192,0.15340126,0.14746618,0.15558434,0.1501288,0.13497514,0.13001135,0.1467391,0.10563272,0.15603125,0.13602513,0.12141569,0.139079,0.1635805,0.12433779,0.12078305,0.12112166,0.15141162,0.12178513,0.16712356,0.12925449,0.17131492,0.14479199,0.12821768,0.17084235,0.13433707,0.14339772,0.1494939,0.14886369,0.11761487,0.14063802,0.15534432,0.11565212,0.10975178,0.18050048,0.13803908,0.12792265,0.13257483,0.15181491,0.1414291,0.1283637,0.13342774
0.1279712,0.10105263,0.096909,0.12101721,0.10158357,0.06847129,0.10542639,0.12418744,0.11753947,0.10279874,0.084234625,0.09324247,0.13480335,0.101151675,0.13719454,0.10517267,0.09715866,0.097385794,0.104264334,0.08320367,0.10782634,0.07964429,0.09948774,0.10286764,0.100686125,0.10063742,0.1270698,0.12336936,0.09072891,0.075227275,0.12280696,0.098361656,0.12912834,0.08428419,0.110525735,0.11762466,0.10217701,0.13454321,0.12689254,0.1153444,0.09492234,0.118896715,0.10864894,0.08845765,0.114424326,0.11319416,0.1146224,0.08930367,0.109009705,0.09271887,0.09826865,0.092458025,0.114373386,0.11612367,0.089509144,0.1156596,0.111403145,0.1251795,0.13610181,0.11721145,0.08959751,0.13874087,0.059306256,0.09486331,0.08644611,0.10509076,0.10228161,0.116380274,0.108325176,0.11601304,0.10479725,0.13490331,0.11195509,0.08837542,0.10292555,0.102732256,0.11727388,0.084772155,0.11388371,0.12053987,0.13339978,0.10910196,0.12358519,0.08300091,0.13865668,0.107217416,0.082744926,0.086705126,0.1521748,0.10502034,0.099015564,0.11688159,0.12719274,0.08401334,0.110726446,0.108376205,0.085365064,0.10242474,0.11076548,0.11915603,0.105914906
0.12854253,0.1443761,0.1744577,0.17447677,0.15949753,0.15883818,0.13896325,0.13934895,0.13556358,0.14370605,0.13196638,0.17100787,0.18616998,0.17868346,0.14139044,0.19286686,0.1519395,0.16646796,0.14540765,0.1430139,0.16726586,0.16649476,0.1748949,0.14027065,0.15695663,0.1818662,0.1337462,0.1432221,0.11543535,0.2149136,0.15933761,0.11998527,0.15058908,0.08957821,0.138003,0.19057456,0.15519848,0.14174476,0.15238452,0.17028943,0.15120816,0.12572095,0.13674349,0.15870118,0.17925933,0.18488488,0.17804381,0.12811476,0.14953597,0.14584166,0.16815901,0.11628867,0.13358384,0.1642184,0.13948643,0.15812665,0.11681272,0.1748594,0.15246026,0.12629777,0.15855911,0.15835689,0.122101225,0.12081516,0.15142986,0.16103154,0.13039997,0.14016233,0.1433917,0.14893326,0.11723011,0.17440814,0.16340557,0.12795931,0.15141115,0.1186853,0.11594001,0.17789939,0.16678107,0.16310537,0.11866206,0.15507051,0.13500336,0.1579147,0.15475443,0.22720549,0.19177732,0.15883121,0.14669219,0.17626286,0.15487108,0.15878215,0.10514436,0.15249544,0.16913965,0.115170546,0.13076833,0.15641668,0.10824093,0.17395577,0.15114638
0.12935871,0.14165717,0.117094316,0.13402987,0.13944288,0.1734438,0.15132213,0.1203165,0.14227843,0.14262944,0.13282356,0.1641491,0.14951912,0.15822315,0.14048159,0.16323388,0.1620137,0.1326607,0.1347116,0.17265418,0.17120188,0.12610616,0.17241633,0.14804462,0.14676073,0.15897354,0.14554307,0.15648054,0.15872344,0.15707307,0.14363469,0.1670624,0.15339819,0.15717535,0.17133641,0.12073577,0.15377125,0.19295886,0.15096298,0.1617156,0.1662511,0.14584371,0.15474926,0.18824065,0.14681333,0.14408526,0.14621958,0.14232033,0.123999186,0.130562,0.15881917,0.14467454,0.20593578,0.15624125,0.14348447,0.13999066,0.13697578,0.17011851,0.15756577,0.1355874,0.15051547,0.14655602,0.15435225,0.1268161,0.1664364,0.17699212,0.13195042,0.1704118,0.13930395,0.14889398,0.13659383,0.17538199,0.13411227,0.18545192,0.15144575,0.14160055,0.15614259,0.15533221,0.1307792,0.1407892,0.1732054,0.13847911,0.14179608,0.16688085,0.1560956,0.17704442,0.1538943,0.14736632,0.14929378,0.15525618,0.1318759,0.15139057,0.15694115,0.1729795,0.133201,0.17709088,0.14377606,0.13108149,0.122128434,0.15388837,0.17217416
0.13080783,0.17901027,0.15102044,0.14261135,0.15889853,0.112304434,0.14797169,0.13236678,0.14725202,0.15394223,0.14923587,0.14676443,0.14118761,0.11874021,0.12485755,0.13797978,0.13170666,0.1135659,0.14901584,0.13770418,0.1595273,0.14542943,0.1487517,0.14279366,0.13621993,0.1267919,0.15280294,0.10925303,0.119046666,0.13211915,0.12549749,0.13075784,0.14177707,0.1211363,0.1581974,0.15340045,0.14067903,0.15409434,0.13930145,0.13625136,0.12914354,0.11379766,0.14425257,0.19047159,0.114372924,0.12840547,0.14416553,0.14223316,0.14645247,0.17386973,0.13668522,0.108001344,0.13282743,0.1346392,0.14375821,0.17122242,0.13195579,0.14998946,0.18357307,0.12483553,0.12867633,0.15151052,0.13783108,0.11794898,0.13148475,0.1329431,0.14253533,0.14300051,0.12656769,0.14589709,0.12698108,0.10686755,0.110668816,0.12028229,0.11244067,0.11561205,0.15178859,0.13426524,0.14356092,0.099287696,0.12972698,0.12839209,0.13865843,0.113444544,0.14671409,0.12301088,0.10840244,0.11793236,0.15160978,0.13129231,0.12733096,0.14648084,0.13889463,0.14689422,0.14933634,0.12721258,0.145655,0.137631,0.11731929,0.13328984,0.11312735
0.13126132,0.18205532,0.16884813,0.16259134,0.14935818,0.15475291,0.18164477,0.15357794,0.1806575,0.17054266,0.15893736,0.13903329,0.17503914,0.15726909,0.14219688,0.17036304,0.16953301,0.17883459,0.17112324,0.17216417,0.15218312,0.13195795,0.15901884,0.18287367,0.14805087,0.12861079,0.17919165,0.14315665,0.14426786,0.1461274,0.16444904,0.16793597,0.13273236,0.14568183,0.1673232,0.1601395,0.13635454,0.13451166,0.15571114,0.18734488,0.15560955,0.16808367,0.1666326,0.17125067,0.13580659,0.15427586,0.16451767,0.12726639,0.15073285,0.15391839,0.15328026,0.16303632,0.17555127,0.16190852,0.15291014,0.12171107,0.16258442,0.14130229,0.15296462,0.1441047,0.15027481,0.13999328,0.15086657,0.12876743,0.14374769,0.14467156,0.13961321,0.15002996,0.1351155,0.13530478,0.14648452,0.1490427,0.15886238,0.1571995,0.15710716,0.14903745,0.15424478,0.13885802,0.1653021,0.12560874,0.14032872,0.14430128,0.14936489,0.14775525,0.1556966,0.18124959,0.15144375,0.15712473,0.15957052,0.17028466,0.13556287,0.1515247,0.14628598,0.1867921,0.16298833,0.12056174,0.18747568,0.16403553,0.13775206,0.1686931,0.16025907
0.13202503,0.10074774,0.10316836,0.096457735,0.13892487,0.12944466,0.13411555,0.116726525,0.1137182,0.12460417,0.109248936,0.11490343,0.093082294,0.1509271,0.13208386,0.121544234,0.1441338,0.101232715,0.111972585,0.09405382,0.09969698,0.098960675,0.10261687,0.15311193,0.13555965,0.12156998,0.115272366,0.11562449,0.123535596,0.0993542,0.16037609,0.12549767,0.10118039,0.15142107,0.10702992,0.12309292,0.1082057,0.122619934,0.1444991,0.15447246,0.0809983,0.09572837,0.12918304,0.12118406,0.12122384,0.10039511,0.14481148,0.15212722,0.14587027,0.07228522,0.09959427,0.123486154,0.10982112,0.12784925,0.14362758,0.062257342,0.0955189,0.13520777,0.15976867,0.12725636,0.13446283,0.13917679,0.16694978,0.10950115,0.103582904,0.13265333,0.11664648,0.10546365,0.123202115,0.13101864,0.0979389,0.07119861,0.110799186,0.07858543,0.15579471,0.12057421,0.08694879,0.14243984,0.10372943,0.109510615,0.115868054,0.14531597,0.114283964,0.12852037,0.091432855,0.14522064,0.12159938,0.13050982,0.12197067,0.15150693,0.13612443,0.14469972,0.099608466,0.1633754,0.13173565,0.12766768,0.114142425,0.13517082,0.12987976,0.1231275,0.12236604
0.13680238,0.16130158,0.13061412,0.18590635,0.17086467,0.14585924,0.15355709,0.14689362,0.13679674,0.15611222,0.14823082,0.18541989,0.15886611,0.16328245,0.1574189,0.119112425,0.1357089,0.155987,0.14892522,0.13040823,0.15479383,0.14383255,0.16643278,0.159079,0.12628052,0.16953772,0.17533457,0.14654511,0.13670251,0.16706246,0.1631738,0.1491571,0.1395998,0.124933325,0.16609141,0.1485858,0.15784252,0.16607574,0.18464735,0.18138543,0.15073752,0.1768983,0.16376063,0.15300816,0.14655423,0.13547826,0.15004334,0.1368565,0.15582237,0.16642681,0.16041961,0.16172177,0.15852848,0.13612986,0.13789777,0.16311845,0.15443113,0.15187272,0.15494557,0.15887159,0.117998734,0.17161825,0.16835713,0.13505462,0.151933,0.13986537,0.16597834,0.13146555,0.13766022,0.13882719,0.18633929,0.17715895,0.17273983,0.16714916,0.15146369,0.17049828,0.11336293,0.17455998,0.15355122,0.15297969,0.17558548,0.16230026,0.13915867,0.14693505,0.15045339,0.12519151,0.16327815,0.12899557,0.16144148,0.13737917,0.15225253,0.17122668,0.14965165,0.14860016,0.15061973,0.15520403,0.15723398,0.12598152,0.2026957,0.19274881,0.18323126
0.1376738,0.1283618,0.13100554,0.12864687,0.13197699,0.14049762,0.106305875,0.12188131,0.11662515,0.116975196,0.117219545,0.09773699,0.11802702,0.109367125,0.11785294,0.12126479,0.14844534,0.14418879,0.16251072,0.16082382,0.13783917,0.14940542,0.13666064,0.11440369,0.11616495,0.116381966,0.13499458,0.12051338,0.12759799,0.12723519,0.14021897,0.15611264,0.11838118,0.10754031,0.124200255,0.1299282,0.11379197,0.13811032,0.13797235,0.14391369,0.12991852,0.10670981,0.12145213,0.14339101,0.12695831,0.15408106,0.11014252,0.1542609,0.1663669,0.1077691,0.1300045,0.11620529,0.121375956,0.12858862,0.11492388,0.11367998,0.088760406,0.13325924,0.15052566,0.15230727,0.10627208,0.12793201,0.120134935,0.16044194,0.13788188,0.11806994,0.13150725,0.15141183,0.15129608,0.13798341,0.14014973,0.10953562,0.14523506,0.12172143,0.08291209,0.10381794,0.13708794,0.13282475,0.14720243,0.14283745,0.11405255,0.11909173,0.15385816,0.12829405,0.10487541,0.110772975,0.13640785,0.12629926,0.123576604,0.14785838,0.11913351,0.15663359,0.10855993,0.11735707,0.12768817,0.12777182,0.14443743,0.15630674,0.116705395,0.14280301,0.14786084
0.13798931,0.14461929,0.15220371,0.13629213,0.16568127,0.14079536,0.121204816,0.1677854,0.13528281,0.14365053,0.13017729,0.14509249,0.15117095,0.124909095,0.17542642,0.13916403,0.1281278,0.14709736,0.16040215,0.15393451,0.1657362,0.16126162,0.15888263,0.16010672,0.16443858,0.1406293,0.1756677,0.14937147,0.16575009,0.17558092,0.13936453,0.17107436,0.19977754,0.13168481,0.15293702,0.14318506,0.1253556,0.12691337,0.12749866,0.18128002,0.17629299,0.13549235,0.1816386,0.15111732,0.16159675,0.12873039,0.14773342,0.13883838,0.14261639,0.14626622,0.11450758,0.18382585,0.14444089,0.16624501,0.11214278,0.15448014,0.16639015,0.17114288,0.13758305,0.123999,0.12973006,0.15651563,0.1846079,0.1830872,0.15336904,0.15322205,0.18680596,0.14944091,0.1621556,0.1472837,0.16599822,0.17687544,0.16067696,0.14411256,0.1414715,0.121290825,0.13977101,0.15521446,0.18484026,0.13409689,0.15844661,0.17569342,0.14798598,0.1390051,0.17166892,0.15246698,0.18084168,0.15224934,0.13980794,0.14152424,0.17322648,0.12288339,0.14497879,0.19092542,0.12309942,0.1706419,0.17108032,0.14869568,0.16248842,0.12404043,0.15620765
0.13956666,0.12241258,0.12891397,0.16715357,0.11936941,0.12941861,0.12960356,0.14242858,0.15510619,0.13775069,0.14818496,0.09581996,0.13742933,0.13315417,0.14503989,0.11293844,0.13943058,0.15878148,0.117405824,0.14971435,0.16280776,0.11075268,0.14727893,0.11921293,0.13494155,0.18128833,0.1134871,0.14311907,0.13671413,0.15778646,0.1558063,0.1450265,0.15367553,0.12527925,0.17216393,0.1347447,0.13635422,0.13665691,0.14251624,0.13193443,0.122188255,0.1533075,0.13265416,0.14219058,0.12002251,0.13774681,0.12905203,0.15072781,0.14945105,0.12389195,0.09572756,0.12689877,0.12575379,0.13899893,0.11992194,0.1407233,0.14854942,0.15970162,0.16813365,0.14307618,0.14122483,0.129463,0.16426843,0.15219343,0.15469274,0.14355814,0.14134035,0.13742644,0.14909953,0.15836146,0.14551474,0.13524175,0.15227368,0.1324332,0.1499672,0.13130756,0.15991256,0.15093982,0.15391997,0.12785947,0.16516963,0.15758306,0.13340735,0.14749682,0.15044887,0.10937924,0.18476662,0.1353159,0.14917836,0.10929855,0.14368936,0.13451102,0.1330778,0.15627795,0.12708378,0.14296377,0.16128582,0.19753689,0.13849369,0.14593607,0.14022285
0.13960008,0.11107558,0.117077544,0.09915299,0.11786326,0.13190097,0.101998836,0.084799685,0.09117024,0.10272865,0.13131386,0.11197443,0.1255979,0.08679667,0.1003468,0.10561372,0.12716958,0.092040524,0.15033114,0.08997215,0.08658926,0.09333333,0.07709391,0.15809056,0.083050475,0.12526166,0.11761123,0.10826445,0.08330022,0.10749475,0.09146124,0.07619455,0.1283432,0.12284801,0.07089902,0.13741288,0.11300915,0.055050977,0.12783587,0.108270295,0.13606495,0.112041384,0.115710594,0.14771113,0.13778262,0.11682847,0.13337237,0.114510104,0.12221577,0.10280514,0.09527692,0.09291214,0.11584827,0.09884024,0.09276838,0.11266727,0.14169243,0.14041474,0.10874242,0.10315497,0.16654384,0.1427896,0.12534091,0.14684787,0.122695744,0.08451476,0.12549806,0.11788222,0.09449084,0.09997964,0.13212919,0.131378,0.16537437,0.0845845,0.1314624,0.088299245,0.15578851,0.10575792,0.0906115,0.100664064,0.08689158,0.08420086,0.14494056,0.122355886,0.092482835,0.13013281,0.08888854,0.12872404,0.10407399,0.11788335,0.13641998,0.12057339,0.13404855,0.1071506,0.11310496,0.12379873,0.13052559,0.09607174,0.11200508,0.108046226,0.121500716
0.14064384,0.14981288,0.1644032,0.12783879,0.13821569,0.1456868,0.13230455,0.14133474,0.15162027,0.15877777,0.1337904,0.17081234,0.12890938,0.12592363,0.115537204,0.14376047,0.10761185,0.14482711,0.14481136,0.13984084,0.15830502,0.118091606,0.13714829,0.11255997,0.11027948,0.17185533,0.14282203,0.13745928,0.11089248,0.17235395,0.12816176,0.16016594,0.16082174,0.14229935,0.15135282,0.13838276,0.14486136,0.12249918,0.13245243,0.11765862,0.15314528,0.13105205,0.13036522,0.118953995,0.13354799,0.15528029,0.14875726,0.13465807,0.13818088,0.13296136,0.13347007,0.1435327,0.16273034,0.12614283,0.1284515,0.1401676,0.16084424,0.115955815,0.10111804,0.12244805,0.15438443,0.13746609,0.16133642,0.1353379,0.1559524,0.13537726,0.09459384,0.10499156,0.13984317,0.10758806,0.124586545,0.121425845,0.10506827,0.13151744,0.12998036,0.15536985,0.1518155,0.13004246,0.16147083,0.13859762,0.18609148,0.14961725,0.14993145,0.11798877,0.15677372,0.13852198,0.11671305,0.15761828,0.1300785,0.11437309,0.11169217,0.114480175,0.17935392,0.15817054,0.14542532,0.1316479,0.12834561,0.17169598,0.15072167,0.17127326,0.123884976
0.14080691,0.17719325,0.15210846,0.19888356,0.17247218,0.12001091,0.14093864,0.107693024,0.15756413,0.14676124,0.122580476,0.20580086,0.14429444,0.15120739,0.13620251,0.11855926,0.13939464,0.1493381,0.1516707,0.1517099,0.13548633,0.12094831,0.16568896,0.17484409,0.17535546,0.17837161,0.15441576,0.12250433,0.14987834,0.1488149,0.13140184,0.18796247,0.15991807,0.18458167,0.13491443,0.15159221,0.1441248,0.14153215,0.17782351,0.12141621,0.17947763,0.17302185,0.18203485,0.16916001,0.15691835,0.14816335,0.14839363,0.17140579,0.13768396,0.1357201,0.1363082,0.1648879,0.11388293,0.18174344,0.17310837,0.17379743,0.17298526,0.16556108,0.13521646,0.14572555,0.13238563,0.15926161,0.1270786,0.11470611,0.122647434,0.15540415,0.14010611,0.15215614,0.19832799,0.12728229,0.12920739,0.15945888,0.13566446,0.12506127,0.1269691,0.1473542,0.13592964,0.16570508,0.16043654,0.14963597,0.15399787,0.15675212,0.1351662,0.14097705,0.12675127,0.1645053,0.17616534,0.16482374,0.14972097,0.16406909,0.1494213,0.16514638,0.10626184,0.13000612,0.13582975,0.15716411,0.14701113,0.11902017,0.15506262,0.14740896,0.1584636
0.14095116,0.14001065,0.13498932,0.14652812,0.15887116,0.13765919,0.1318436,0.17114934,0.17495704,0.17713058,0.15217116,0.16594127,0.17037901,0.1730983,0.18562898,0.13354865,0.16302931,0.13754585,0.1544761,0.17903131,0.18030763,0.1494531,0.16759002,0.16136661,0.17058796,0.1760244,0.16693217,0.15730837,0.12695473,0.16174588,0.14443961,0.16864991,0.17739415,0.13548502,0.12612084,0.14023784,0.15805805,0.15388566,0.12944712,0.14668602,0.13720268,0.11919152,0.14286128,0.16460615,0.16529441,0.16830587,0.15799865,0.17666942,0.1745368,0.14304616,0.16960463,0.15812182,0.13656041,0.14136237,0.12862924,0.16616951,0.14034095,0.15432423,0.15495473,0.18024856,0.17014727,0.15198323,0.15952906,0.15590107,0.16571407,0.15751305,0.16754678,0.16799602,0.16342834,0.12651101,0.15849894,0.17455724,0.15978067,0.16718778,0.11912727,0.15151799,0.18287778,0.16780493,0.16529791,0.13742672,0.15588084,0.11547302,0.14285098,0.170692,0.13882348,0.16100463,0.18845823,0.15350097,0.16822633,0.16576385,0.16675028,0.16826609,0.20518634,0.18123001,0.17560887,0.1332028,0.1731905,0.1463202,0.17611536,0.20710334,0.14821768
0.14142805,0.1167435,0.119605355,0.10511597,0.12795727,0.10090633,0.120139256,0.085791625,0.13406608,0.11932897,0.08943479,0.1464305,0.11758057,0.1280221,0.12439073,0.11938032,0.09171976,0.11786429,0.11606952,0.09845818,0.1321035,0.12425981,0.14079347,0.12148925,0.15444794,0.14875829,0.10533388,0.13415885,0.10888017,0.0947246,0.11224757,0.10596184,0.13905448,0.097431935,0.112407275,0.107664235,0.13602293,0.10524354,0.12804124,0.10752886,0.09977667,0.15912151,0.1307118,0.12668076,0.10043639,0.1347284,0.13492659,0.1211647,0.13690862,0.1343295,0.13532978,0.11099719,0.1120306,0.12827766,0.08095704,0.12227999,0.12971155,0.1192215,0.112519376,0.12624754,0.13265589,0.13503404,0.13107587,0.14881134,0.13073704,0.119710185,0.120707974,0.12260302,0.11274494,0.077437885,0.12039252,0.14991342,0.1418846,0.11471743,0.12325647,0.10498204,0.09419152,0.1174768,0.11661029,0.10006165,0.15101281,0.12413736,0.1247985,0.13514678,0.114480115,0.095280245,0.08818556,0.1193998,0.13495752,0.11993066,0.115896195,0.13024414,0.13471591,0.1168223,0.13535887,0.11078723,0.114621796,0.1325762,0.14145109,0.11989323,0.1581318
0.14212401,0.17306367,0.18270999,0.16767433,0.17071593,0.17927885,0.17809287,0.17074934,0.16844341,0.16028985,0.17433545,0.18442783,0.14004394,0.18128654,0.1476292,0.18804821,0.18441927,0.18065384,0.15106726,0.1581645,0.1924907,0.20433772,0.17110065,0.1950266,0.1655995,0.1888555,0.21015072,0.19554242,0.21057671,0.15969469,0.1770289,0.20893267,0.16861069,0.17034075,0.16414729,0.17969143,0.1735807,0.15763232,0.14781606,0.15989983,0.20453817,0.19573006,0.17036012,0.17231461,0.15797135,0.166567,0.18075633,0.17747885,0.14370236,0.1603187,0.16624281,0.17160481,0.15003473,0.1611044,0.1795151,0.17816994,0.14092776,0.1810506,0.15712136,0.18993351,0.17166826,0.16250625,0.17377794,0.18739814,0.1817854,0.18246037,0.18523493,0.17661646,0.16524026,0.204768,0.15445204,0.158867,0.19390401,0.20461765,0.21507353,0.14302373,0.17042384,0.1887599,0.1682269,0.14974883,0.1693551,0.19480506,0.17158616,0.19521698,0.17715845,0.18332857,0.18112263,0.15874094,0.16694653,0.18253785,0.14481634,0.16898513,0.17852867,0.16580078,0.15932757,0.19914326,0.15801564,0.1822941,0.16242367,0.17951569,0.17612708
0.14281133,0.13331953,0.12801352,0.12717356,0.14238565,0.16214424,0.13612276,0.12648481,0.16503248,0.121790595,0.13970959,0.16345549,0.14800799,0.16944683,0.13698089,0.13532123,0.13973597,0.14342411,0.16351357,0.14584735,0.12568632,0.12696806,0.13285822,0.14170808,0.11675454,0.15589002,0.13030818,0.16547054,0.17073381,0.15022457,0.16097212,0.13909079,0.16466597,0.14647025,0.15692648,0.17952845,0.1390307,0.19098845,0.13338745,0.17022142,0.13985023,0.14392254,0.10989752,0.13028246,0.12390388,0.123255126,0.11854798,0.15464875,0.13709162,0.12597442,0.13623804,0.15741763,0.16788751,0.116356,0.15904182,0.18040621,0.111104615,0.118608005,0.14121652,0.14256117,0.13432969,0.14049315,0.13995501,0.19069988,0.15449943,0.15323305,0.14005123,0.13723397,0.16606188,0.15358533,0.114528246,0.11960075,0.14644381,0.12904069,0.121886455,0.14138258,0.13426676,0.13336039,0.119869225,0.13009486,0.14792007,0.114211805,0.12593834,0.21560493,0.15947828,0.14008841,0.16989401,0.112187006,0.16418889,0.14180475,0.15423433,0.16176131,0.13318282,0.15614223,0.13931024,0.12545066,0.123926595,0.15357034,0.12267711,0.17185193,0.13344422
0.14458744,0.20400384,0.15285355,0.15911198,0.17295772,0.17164427,0.16263938,0.14822394,0.18430659,0.11550205,0.14629677,0.16230577,0.17509189,0.14305365,0.12995645,0.16892579,0.16420981,0.19907317,0.14749157,0.16513127,0.17546657,0.18831813,0.15274718,0.19503391,0.15537563,0.20387584,0.18976542,0.16644019,0.17186671,0.14317617,0.15288842,0.16777813,0.1561068,0.17478442,0.12722048,0.14543107,0.19005543,0.15621802,0.13328537,0.13643521,0.16903687,0.13770802,0.14860132,0.17596859,0.16491169,0.17967728,0.15581003,0.19431803,0.16405925,0.13948897,0.15915602,0.17349413,0.14423281,0.15771878,0.15493694,0.1726625,0.16914755,0.15927744,0.16208687,0.1419543,0.1474418,0.17953202,0.16132402,0.14407387,0.13624114,0.15922093,0.16963345,0.16894928,0.17906019,0.19030678,0.13322845,0.1466968,0.13726911,0.15753682,0.1724706,0.14297435,0.16237646,0.16977993,0.14444354,0.1526869,0.1835188,0.16156521,0.19280234,0.15748835,0.14496058,0.15285471,0.18594325,0.12333606,0.1652419,0.14073753,0.15090573,0.13866794,0.15857863,0.14968365,0.15426184,0.14136106,0.1506645,0.14528582,0.16326833,0.11643709,0.17912862
0.14543515,0.14301772,0.16868824,0.12516464,0.14499706,0.14026451,0.13664705,0.12962636,0.12114828,0.15390685,0.1348342,0.14067823,0.1636433,0.1731531,0.16374215,0.1561561,0.1732097,0.12554249,0.16276518,0.17581195,0.15841803,0.1394364,0.12343422,0.14045843,0.1267024,0.14141205,0.15951976,0.16144769,0.1334105,0.17045924,0.13861305,0.09802132,0.16101107,0.17312062,0.15386143,0.15086092,0.15039739,0.13084865,0.15313265,0.15257314,0.14570764,0.11139607,0.14911374,0.12274691,0.12447422,0.11487085,0.1436879,0.16497049,0.15299034,0.14408177,0.15724567,0.15802161,0.13561547,0.1706729,0.14130929,0.14164019,0.13329664,0.13698784,0.120209925,0.119029164,0.16461724,0.14426965,0.14868115,0.1386401,0.1667727,0.14492697,0.1375882,0.12954408,0.13228944,0.12430336,0.15334022,0.13692296,0.13392091,0.175978,0.13607171,0.17152926,0.11243831,0.14902064,0.18507087,0.12638558,0.17215821,0.1724813,0.15908934,0.1317532,0.14324516,0.14995673,0.1633228,0.17136002,0.14859074,0.16130766,0.15931407,0.15280552,0.11999624,0.13983908,0.16950157,0.14461446,0.14754286,0.14878008,0.14276427,0.14127031,0.13894114
0.14547914,0.20728916,0.22443998,0.18155408,0.21942109,0.19773734,0.15770799,0.192592,0.18480769,0.21793586,0.19256073,0.20569459,0.18302566,0.18616644,0.18990082,0.20555791,0.19654146,0.16084686,0.2009916,0.19589901,0.20613205,0.19564837,0.19262421,0.21568814,0.1598598,0.20666099,0.18111417,0.16452551,0.17974839,0.17568111,0.16637132,0.2158956,0.201514,0.21088207,0.18038353,0.18960053,0.17467162,0.20827362,0.19515511,0.20727149,0.19596472,0.1761795,0.16935825,0.19259298,0.18120864,0.20027003,0.19167113,0.15822655,0.18436393,0.18822005,0.22158289,0.18180743,0.2111595,0.16848776,0.19623134,0.17692566,0.18315879,0.16622311,0.17279893,0.1825628,0.19761258,0.1889553,0.18664631,0.18598503,0.16827092,0.18450633,0.22156557,0.1971029,0.18140242,0.16763675,0.21154922,0.18215787,0.2100721,0.19903415,0.19830877,0.15753438,0.1806581,0.18083838,0.17788664,0.1974115,0.24083683,0.20880505,0.19411749,0.21270326,0.18827745,0.18673193,0.18618813,0.18949375,0.2266545,0.18142435,0.19727743,0.24258548,0.18839058,0.19061443,0.21324724,0.16747934,0.19796342,0.17911413,0.23561478,0.20239949,0.20382535
0.14641735,0.1902082,0.1753236,0.1781683,0.19077075,0.19511405,0.15976658,0.16406095,0.19420904,0.15324458,0.22854373,0.20621637,0.15225172,0.17765841,0.185352,0.1832304,0.15185821,0.15685502,0.1635566,0.18953487,0.1890749,0.16069081,0.18364537,0.14868355,0.16936082,0.18226951,0.18496197,0.1723237,0.13012171,0.20988631,0.15349367,0.18963227,0.17037514,0.19511822,0.15553218,0.15526854,0.14524877,0.1790818,0.17432418,0.21053258,0.17939717,0.19959736,0.1909329,0.19558245,0.17201519,0.15854082,0.16506696,0.1971884,0.21313667,0.15105535,0.1871551,0.20547572,0.12990585,0.16063811,0.16197278,0.18868148,0.15369293,0.18233246,0.17762038,0.17555937,0.19421405,0.18430576,0.17848042,0.14840645,0.16931921,0.17528066,0.20761582,0.15477589,0.14985989,0.18447283,0.18485111,0.18543848,0.1926502,0.16837624,0.17791602,0.16725037,0.2013534,0.15935618,0.18035778,0.17188185,0.1364485,0.1578008,0.20636249,0.1922952,0.1413855,0.18993497,0.17814612,0.1844191,0.18565786,0.18049172,0.16429886,0.17925659,0.17434296,0.19666955,0.17463222,0.1717056,0.18598562,0.14701876,0.18234602,0.17185244,0.19277999
0.14666477,0.1248882,0.13226387,0.14262503,0.15965053,0.15159157,0.15042397,0.1876243,0.14289692,0.15534192,0.15610853,0.13296956,0.14095314,0.1515389,0.16320032,0.13790244,0.15088491,0.17712983,0.13234961,0.14664358,0.13962367,0.14644328,0.17410222,0.16119963,0.16221458,0.16405842,0.14038521,0.17487434,0.17011401,0.14335586,0.13489033,0.12910041,0.16425684,0.11765658,0.13232455,0.20814362,0.15066913,0.1617578,0.15375948,0.16690075,0.16658777,0.14060223,0.15014246,0.1441344,0.1483967,0.1736992,0.17116117,0.14394471,0.1730648,0.1491316,0.16548035,0.15788898,0.16693619,0.16475114,0.1364392,0.1920583,0.12938353,0.15949151,0.145365,0.15708867,0.14000364,0.12711507,0.16221677,0.13571496,0.15107685,0.16699243,0.20115834,0.15379193,0.14715248,0.14402637,0.16226804,0.11465626,0.16799644,0.13931616,0.14373726,0.18051538,0.17411408,0.1350879,0.1557956,0.14593956,0.14699377,0.1430723,0.13696226,0.1135065,0.17049745,0.14946017,0.17603227,0.12580082,0.1950883,0.13765293,0.1456222,0.16633463,0.13098606,0.1645211,0.13970357,0.16288932,0.14358628,0.15054448,0.16674677,0.13184597,0.14550416
0.14681585,0.1797769,0.2035886,0.17890269,0.17679596,0.1841931,0.18675646,0.18276918,0.1677813,0.17594042,0.19314179,0.19692686,0.16004103,0.15675935,0.19952914,0.20393339,0.1943075,0.19432089,0.18721089,0.16146909,0.16920578,0.19345903,0.18145743,0.2034902,0.18017393,0.18908781,0.18401712,0.18281394,0.1645374,0.18903369,0.19037962,0.20457473,0.18585524,0.19477415,0.15210539,0.18252146,0.17412192,0.1641146,0.19863492,0.20202523,0.16729626,0.18692204,0.20699793,0.17123508,0.1973769,0.15809938,0.2062974,0.17540652,0.18740976,0.16642773,0.1683827,0.15755834,0.18110323,0.18537164,0.15580338,0.20333362,0.19699734,0.17776099,0.17146024,0.21165478,0.21319899,0.18664458,0.20086831,0.17769974,0.18664604,0.18766207,0.18791512,0.1826038,0.20475164,0.18730775,0.1793921,0.197157,0.1743967,0.18737882,0.17070073,0.16823441,0.20490137,0.21092436,0.20502514,0.19978204,0.1785214,0.15540907,0.17145327,0.17832217,0.187601,0.1939291,0.21001294,0.18593651,0.16374102,0.19630766,0.17442992,0.2056432,0.19794372,0.17240223,0.20156696,0.19778335,0.14879951,0.15262201,0.1814237,0.190061,0.18198219
0.14970167,0.18913397,0.13563472,0.16067031,0.15445372,0.1655958,0.14670059,0.13535398,0.15486115,0.14343992,0.18108326,0.1647076,0.14580241,0.13995886,0.14620793,0.18291196,0.16819474,0.15083148,0.14072967,0.18541658,0.17722404,0.14352402,0.18341336,0.15764038,0.14067276,0.17197505,0.17781097,0.13149825,0.16078354,0.1400305,0.12026306,0.17693558,0.18056408,0.14824623,0.1644797,0.16398132,0.124592744,0.11917451,0.16669402,0.17154199,0.13600695,0.14791958,0.17381006,0.15350898,0.13934441,0.13454014,0.14345375,0.1322714,0.16487044,0.14391002,0.15478775,0.117128015,0.17762083,0.1519315,0.13369542,0.19490835,0.17471242,0.1401844,0.15710557,0.123121835,0.20218492,0.19269139,0.18741179,0.16237792,0.17079681,0.16261154,0.14777118,0.19861689,0.14524032,0.14968282,0.1190989,0.15311879,0.13709438,0.16779405,0.17985857,0.15382302,0.17055556,0.18023193,0.1353037,0.16329098,0.16068037,0.18214393,0.17301542,0.15129635,0.14206693,0.14378798,0.14464653,0.16320425,0.16637486,0.18076992,0.16575202,0.16147438,0.12754625,0.1524784,0.16399193,0.14609122,0.19030342,0.14141175,0.16543117,0.18817785,0.13374063
0.14995618,0.16273963,0.1484912,0.13078487,0.14846781,0.13778934,0.11631962,0.11925266,0.14882152,0.17036766,0.13416466,0.11623097,0.14915302,0.13746531,0.17640972,0.17796835,0.14033031,0.14632197,0.1759876,0.16128841,0.1301161,0.13495079,0.18075687,0.17135805,0.1511323,0.14138114,0.13944052,0.15462983,0.15349165,0.14864296,0.1568259,0.1873295,0.14746201,0.13518512,0.14476329,0.1294181,0.14954707,0.14211607,0.12859195,0.1552628,0.148002,0.10263776,0.12748772,0.13771573,0.15219173,0.13206613,0.13863108,0.14156055,0.118623175,0.18224204,0.14486781,0.14505759,0.15551662,0.16545254,0.15363494,0.16771397,0.15362638,0.14537269,0.1620748,0.15787509,0.157832,0.15880726,0.14401516,0.1480721,0.14937165,0.15446728,0.13129038,0.16580433,0.15598053,0.16281614,0.106877275,0.15255143,0.10931865,0.1448052,0.17078024,0.1400679,0.12735277,0.15581906,0.14357248,0.13888502,0.13790607,0.11142058,0.11483457,0.14586666,0.16650283,0.14722595,0.1384095,0.17378801,0.15793239,0.14144579,0.16183543,0.123168685,0.14360665,0.16589323,0.12804827,0.13993286,0.1873636,0.19054416,0.15933198,0.13059127,0.12015904
0.15079783,0.14466444,0.20440763,0.15736762,0.17377055,0.158344,0.17481771,0.16961458,0.16038111,0.201004,0.13862085,0.15678558,0.13885602,0.17628169,0.1778486,0.15606466,0.18820116,0.16099443,0.1868118,0.17280358,0.15373978,0.19427136,0.15344658,0.18668908,0.17229018,0.16467136,0.1454508,0.14321432,0.15849677,0.17002982,0.1508625,0.12449307,0.18057734,0.12571594,0.15296693,0.15569961,0.18828884,0.16850084,0.16105777,0.16332844,0.17144543,0.1486617,0.19074106,0.16851214,0.17331201,0.13168499,0.13458171,0.15907463,0.17318037,0.126914,0.15130004,0.1770375,0.13879353,0.13329464,0.16687945,0.19406313,0.15657079,0.14776993,0.19544211,0.16833228,0.17367268,0.1679655,0.14935845,0.1648711,0.12880921,0.14476809,0.17606056,0.17311889,0.15260306,0.16364256,0.14540385,0.17496511,0.14923647,0.17797646,0.18031916,0.13666508,0.15966181,0.14250132,0.15225512,0.14384878,0.15199956,0.16968897,0.1686247,0.12889102,0.14602989,0.18015459,0.16860998,0.1741645,0.1588951,0.15048471,0.208049,0.1586389,0.15883479,0.17968762,0.1773361,0.18484256,0.20001715,0.16056912,0.1411559,0.20122173,0.17919517
0.15087864,0.15101075,0.16609618,0.16478997,0.1699754,0.15885472,0.16903055,0.13151556,0.15810418,0.1412372,0.16553137,0.18990657,0.14836878,0.18273324,0.13612485,0.15526262,0.17234686,0.15709153,0.12963232,0.1629003,0.20162928,0.14912248,0.16899735,0.1439609,0.15169102,0.13960356,0.14771828,0.17924091,0.15410776,0.16128898,0.15682662,0.17845818,0.16384035,0.15078673,0.16436055,0.18325838,0.16907156,0.13765481,0.15398976,0.18236467,0.16878513,0.16872942,0.15194476,0.15901625,0.15115947,0.17393628,0.20923644,0.15095839,0.1488544,0.18299806,0.18557891,0.17962828,0.14195648,0.1465741,0.15426734,0.17628428,0.16382226,0.14711592,0.16789728,0.15403906,0.16845876,0.16105276,0.19011703,0.13872859,0.15715337,0.14194593,0.20785445,0.13716432,0.16820902,0.1429381,0.14982018,0.16540748,0.19437638,0.12338936,0.13357344,0.17508975,0.14270127,0.18471268,0.17603785,0.15038952,0.17461723,0.1593593,0.1796954,0.16326286,0.16685936,0.16753411,0.14836192,0.16430268,0.15171257,0.1735582,0.1544235,0.15279846,0.18445435,0.15705049,0.14051202,0.15814,0.1745927,0.15887794,0.21718794,0.1481164,0.15845183
0.15185963,0.23525056,0.24061087,0.25753313,0.22472054,0.24721318,0.25380066,0.25934714,0.25955984,0.23813218,0.25415772,0.23140514,0.2826237,0.23864996,0.26485112,0.24218434,0.24562737,0.23030129,0.2625416,0.26117128,0.23350209,0.22811002,0.251241,0.22613406,0.24378741,0.24372786,0.2556715,0.21865109,0.2754774,0.24660563,0.21125323,0.25075245,0.2709784,0.2436105,0.24518651,0.25763452,0.27307433,0.23166099,0.25981557,0.24353158,0.25705746,0.2608522,0.2524744,0.30940992,0.2692557,0.27723396,0.25563034,0.2397294,0.28948846,0.2757277,0.24597499,0.2342144,0.29861596,0.25693393,0.2672704,0.2502427,0.23692143,0.2572251,0.26570842,0.24906993,0.25437295,0.24795139,0.2581481,0.26526478,0.27040192,0.26624578,0.25596604,0.25376233,0.22206232,0.27432746,0.2668734,0.24665838,0.2454395,0.25765356,0.2596383,0.24712747,0.2365072,0.277062,0.2354311,0.26848546,0.24517721,0.28405038,0.26951087,0.26018655,0.25450295,0.26456726,0.25941908,0.2432749,0.26005417,0.2969191,0.2381053,0.28138816,0.2845319,0.24519756,0.24275422,0.25285524,0.24173012,0.2599422,0.23888606,0.23057601,0.26884326
0.15241365,0.15308382,0.15699846,0.1402165,0.1529598,0.1324445,0.1549786,0.1707761,0.13127813,0.14530495,0.13061416,0.12776437,0.12343391,0.16518027,0.15783349,0.14874019,0.12087326,0.18044919,0.13885885,0.17200032,0.14725634,0.16480759,0.17787635,0.14310531,0.12170733,0.15726766,0.13258195,0.14278391,0.15293334,0.14042836,0.17360047,0.15861282,0.1522764,0.15589154,0.13811132,0.15163466,0.13660944,0.13544962,0.15405542,0.14795423,0.15079886,0.14499035,0.17305896,0.16279039,0.15353185,0.15374723,0.16137186,0.15034798,0.13539949,0.12940392,0.15802416,0.14777991,0.13609242,0.1225748,0.13063651,0.15234926,0.15967047,0.15966944,0.17779827,0.13050222,0.12732604,0.16449979,0.11391298,0.14366606,0.16048265,0.18672973,0.1405741,0.1692889,0.15503238,0.1520279,0.1595715,0.16911921,0.15333986,0.1445353,0.14788964,0.13840777,0.15454231,0.1608498,0.14643192,0.17968377,0.14583093,0.15378073,0.17197731,0.14575118,0.13312566,0.12729168,0.15443605,0.15548417,0.16173187,0.13546227,0.16255565,0.15726149,0.12701967,0.13378613,0.14442894,0.16877145,0.17320156,0.15060285,0.15285492,0.14777702,0.13978994
0.15247688,0.1766155,0.21584037,0.20193687,0.1920776,0.18797547,0.1629558,0.16894358,0.2122778,0.21365863,0.14212462,0.16158253,0.18872741,0.20118818,0.18665797,0.19218338,0.18784177,0.1873849,0.22881857,0.16893426,0.20048907,0.1787037,0.1881772,0.19964266,0.19705305,0.18714121,0.17257151,0.15574491,0.16681892,0.1837906,0.17427173,0.17980883,0.23311499,0.1613639,0.18368247,0.19672477,0.20941773,0.17720371,0.19848981,0.1948171,0.20875257,0.17085499,0.20832586,0.2099441,0.1762076,0.16107084,0.20486364,0.19934821,0.19850484,0.19140953,0.14916044,0.17726582,0.16232228,0.1941736,0.18084621,0.18862933,0.18992877,0.15781155,0.17618853,0.19041589,0.16765231,0.19689995,0.18224451,0.19932908,0.20525885,0.15203734,0.15855974,0.17831206,0.18197238,0.16304484,0.21300569,0.20004132,0.1871934,0.20381027,0.17875227,0.16095221,0.179643,0.236952,0.22315204,0.18840545,0.1742318,0.16809002,0.18170601,0.14353216,0.14817888,0.22120318,0.18141732,0.16465844,0.17175177,0.17603546,0.20334718,0.13911733,0.21660432,0.18473217,0.19603926,0.20447594,0.15912825,0.18593684,0.16116758,0.15205935,0.20998716
0.15265939,0.13675228,0.14653862,0.13817236,0.15317595,0.15965985,0.16176546,0.16575138,0.1633668,0.17425886,0.13912967,0.19170359,0.19748762,0.14210787,0.123647876,0.13178965,0.17081407,0.15841502,0.14969206,0.15575923,0.16475332,0.114991784,0.15374726,0.15684098,0.13562796,0.15777811,0.16914397,0.16377544,0.14449245,0.1326878,0.121408336,0.16292728,0.15086809,0.15676227,0.1530381,0.15335095,0.16861746,0.17015556,0.1559059,0.14633065,0.17510939,0.14171405,0.131818,0.1582821,0.15114379,0.13002318,0.17057002,0.13291968,0.16004881,0.18503016,0.16099006,0.14070551,0.17653012,0.16558827,0.14537948,0.18673792,0.15659031,0.1357438,0.15393935,0.15346599,0.16408217,0.13641228,0.13008638,0.15975225,0.13952373,0.1669347,0.1429551,0.1620957,0.17763531,0.18031088,0.152264,0.14177218,0.17357689,0.16473699,0.15595917,0.12790456,0.14418992,0.15819436,0.15771103,0.13823926,0.13849819,0.14222923,0.14345595,0.15826672,0.13895312,0.14359325,0.13250604,0.168107,0.13682836,0.18481633,0.13318282,0.12535034,0.13069129,0.17428184,0.14436957,0.14470115,0.16406697,0.18507296,0.1403127,0.15513843,0.19579563
0.15275586,0.17672396,0.16376957,0.16703218,0.13844432,0.18183875,0.13569847,0.16986495,0.18187323,0.17506424,0.14723656,0.17518255,0.18152419,0.19280386,0.1817607,0.16970289,0.19058487,0.18053961,0.17369634,0.1657967,0.16494721,0.21297061,0.17487222,0.17325255,0.16076434,0.1530153,0.15875122,0.18914497,0.16867492,0.18304697,0.18133855,0.13023901,0.16713053,0.19971475,0.16170217,0.18166023,0.1512143,0.18690634,0.16917259,0.15391263,0.15776548,0.13625905,0.19655648,0.18331376,0.17995265,0.14608198,0.17955351,0.16175058,0.19343767,0.17461425,0.19764939,0.15501153,0.20867446,0.16622141,0.15231568,0.20031166,0.16469541,0.18642682,0.17231622,0.1773493,0.17067191,0.18168321,0.19639647,0.18367234,0.17166808,0.15338793,0.1342695,0.1727728,0.1506702,0.17990229,0.18999442,0.18083104,0.18579209,0.18687853,0.1533727,0.16079858,0.159652,0.1907737,0.2095241,0.20732999,0.16700757,0.1769692,0.18593618,0.14051446,0.19198325,0.17538592,0.16184649,0.16515547,0.15362507,0.18551454,0.1545102,0.16938269,0.16657324,0.16462374,0.18771997,0.22511023,0.23709339,0.15456074,0.14721951,0.20293579,0.1562798
0.15348963,0.17000645,0.16855246,0.18114442,0.1535638,0.15598655,0.20855027,0.15719151,0.14215761,0.20848659,0.14349344,0.18109006,0.17133036,0.16932043,0.1428747,0.1776213,0.18928853,0.20671088,0.18551725,0.20444116,0.16513789,0.20882481,0.14751801,0.1934264,0.2032286,0.13610032,0.13966769,0.16254926,0.15431994,0.12915027,0.17160335,0.16447946,0.13452902,0.16029555,0.18258932,0.22071066,0.17595151,0.15621918,0.19167721,0.14382318,0.15544826,0.19240099,0.17177653,0.17737144,0.16196817,0.15865663,0.17356056,0.17113784,0.17197144,0.20217878,0.15944502,0.18620083,0.1240473,0.16317433,0.15821859,0.18912718,0.16583446,0.17903447,0.16870338,0.1557538,0.15962037,0.1610024,0.19192642,0.1515562,0.17126828,0.18426326,0.18374354,0.16134396,0.18212992,0.1442745,0.12517717,0.16137418,0.20730954,0.1575597,0.14904198,0.16055194,0.17223197,0.16658655,0.15065643,0.18925378,0.1630016,0.1820639,0.1906623,0.17890859,0.16110912,0.17056957,0.16762337,0.13224596,0.23081985,0.16016592,0.18469933,0.15473887,0.12553884,0.17139253,0.14485162,0.17097941,0.16760802,0.14628771,0.1537005,0.150969,0.17474514
0.15381229,0.1645751,0.15545058,0.19088581,0.18415907,0.13670802,0.1736109,0.17018938,0.17900673,0.17590895,0.19677395,0.18151,0.15783052,0.17787504,0.16328469,0.16862449,0.17369464,0.1852915,0.16664346,0.19256172,0.16170469,0.17871517,0.15965182,0.17201644,0.19474927,0.18901211,0.17197675,0.19303066,0.20575893,0.18356505,0.15166065,0.15199581,0.14365071,0.17708433,0.13428733,0.22421587,0.18589818,0.21816683,0.1651277,0.16467905,0.17559531,0.20005515,0.16987625,0.19485894,0.19412982,0.20419696,0.16266742,0.17390066,0.17572942,0.20899114,0.16703188,0.19515789,0.17292625,0.15987557,0.1876803,0.19100341,0.19848013,0.17297241,0.16725504,0.21397963,0.1670855,0.23336914,0.16453078,0.16388607,0.2075477,0.18838453,0.17872289,0.15163434,0.16663402,0.19195926,0.1514045,0.13685153,0.19594616,0.15271842,0.2094897,0.17227587,0.19507894,0.1989764,0.18610942,0.1700916,0.18698391,0.1943973,0.20834064,0.15847966,0.19839412,0.18619835,0.118597694,0.17614046,0.17356199,0.13410476,0.16383761,0.22341815,0.19727921,0.18562561,0.15496472,0.16609824,0.17065856,0.17631188,0.17090818,0.18271509,0.14996582
0.15753537,0.16478086,0.16423714,0.18990645,0.17941871,0.18812352,0.17700484,0.18031016,0.19723213,0.18688387,0.18439081,0.18056971,0.1762318,0.1582165,0.16796595,0.17167729,0.162449,0.15362087,0.18329948,0.20251173,0.17553124,0.17897993,0.14423779,0.16590717,0.18999186,0.16026148,0.17050245,0.18088552,0.13939893,0.19243944,0.21010083,0.16325796,0.16968417,0.19697067,0.17379963,0.19062832,0.1787929,0.19772759,0.17214149,0.16849983,0.19047499,0.1666497,0.19567734,0.17239824,0.19095567,0.15176584,0.17589515,0.17822951,0.17664066,0.18537974,0.15945855,0.1985276,0.17727408,0.16560909,0.17886081,0.13820982,0.15340754,0.14482081,0.18743104,0.18992808,0.22151434,0.14875707,0.16573103,0.1764324,0.16628864,0.16507784,0.15921664,0.1453999,0.16185088,0.19308537,0.21385482,0.1923495,0.16712394,0.15622544,0.18457922,0.19476339,0.19562405,0.18350765,0.18249601,0.16986036,0.13726398,0.17455292,0.17998433,0.15240845,0.19816113,0.19249904,0.15362453,0.18018168,0.16187835,0.12901953,0.1852648,0.19118011,0.18991801,0.18733656,0.13308024,0.19118372,0.19638023,0.22169474,0.16566524,0.16555598,0.19307923
0.15887883,0.19720024,0.18676162,0.21850967,0.17376053,0.19688514,0.19277558,0.2049492,0.16723001,0.20039976,0.19921622,0.16263184,0.17602092,0.23256335,0.19626486,0.20241901,0.14775881,0.21898869,0.19820791,0.18313855,0.20227942,0.20861265,0.20694229,0.21018654,0.19485927,0.20686066,0.20956147,0.14549139,0.19045866,0.18976748,0.20597315,0.17840165,0.18963751,0.18481657,0.21038866,0.21146864,0.17322117,0.18400303,0.17925796,0.18804333,0.19190803,0.23840463,0.1911057,0.17520013,0.19899046,0.20329574,0.19127563,0.2279903,0.20193782,0.24659759,0.19640976,0.20687932,0.17613631,0.2241593,0.17111927,0.21066454,0.19405973,0.17885101,0.1900582,0.23702618,0.17857224,0.1666623,0.19853473,0.21094045,0.16527846,0.20584458,0.19933423,0.1733838,0.24512553,0.2113164,0.21131825,0.20323643,0.17472196,0.18392143,0.19545466,0.17425495,0.20095578,0.1910226,0.20081261,0.2026107,0.20072708,0.22192162,0.21186551,0.21540779,0.20877716,0.18715495,0.18659896,0.18776852,0.18701574,0.16086617,0.1986515,0.175625,0.20165437,0.197528,0.1859746,0.18277863,0.17743286,0.20086113,0.19592732,0.196998,0.21873316
0.16146824,0.13171393,0.17178136,0.14894165,0.15767747,0.14466947,0.17131963,0.15543605,0.11406901,0.1274341,0.14227909,0.15322748,0.13748862,0.12734865,0.14995718,0.13122499,0.13877952,0.17713368,0.15010548,0.1329028,0.12474839,0.13540345,0.15804113,0.12201424,0.17593384,0.16158369,0.15003514,0.12596443,0.13582599,0.15032446,0.15151119,0.15482661,0.14091659,0.16415226,0.13907331,0.14929184,0.14983374,0.16430113,0.1739865,0.18552434,0.14607179,0.14590883,0.16688004,0.13636905,0.13214251,0.15373084,0.14827353,0.14172024,0.15715641,0.14416179,0.1461918,0.14318436,0.14006507,0.17962092,0.14983983,0.14707989,0.15991569,0.120162934,0.13918555,0.16825327,0.16779321,0.18345821,0.11600038,0.16253,0.1359523,0.16005453,0.1331389,0.14328611,0.14906314,0.16709521,0.12811577,0.137268,0.13222086,0.15090746,0.15677309,0.13662511,0.16900808,0.18630329,0.16606283,0.1614486,0.12892878,0.116350554,0.12070022,0.15795921,0.14452134,0.14184949,0.20150521,0.161333,0.15379451,0.15601093,0.1475186,0.17363563,0.1903834,0.14714661,0.15911308,0.1531151,0.14395136,0.121214576,0.15754694,0.15546721,0.15798236
0.16211373,0.12415124,0.13646889,0.14249822,0.16104013,0.1482226,0.16687575,0.1390439,0.10856531,0.122044645,0.14336833,0.1325849,0.13527104,0.12712985,0.15360475,0.14966163,0.12754357,0.1587806,0.14671358,0.12952012,0.12856221,0.14575866,0.11472485,0.19372392,0.19619864,0.13467216,0.1397216,0.16090107,0.14492957,0.15555629,0.13748442,0.1236669,0.15709153,0.14632499,0.14421138,0.15041226,0.07944857,0.108551465,0.12588182,0.14818087,0.12908071,0.13187724,0.17117241,0.13088357,0.1479018,0.13170123,0.14901632,0.15237075,0.16070701,0.14744395,0.09899847,0.10545961,0.12964389,0.14622438,0.110092446,0.113844626,0.112985976,0.15292749,0.1786978,0.14112657,0.15471937,0.12744014,0.13709149,0.12242667,0.1329045,0.12099588,0.1549434,0.13244176,0.10097695,0.1520777,0.10121287,0.121713,0.16141757,0.16690537,0.118209705,0.17036447,0.14439276,0.13251537,0.19366604,0.1282619,0.14513952,0.13159084,0.15771581,0.104003504,0.11115425,0.13064978,0.12378848,0.14064464,0.11803468,0.13891521,0.1314067,0.1578514,0.15572166,0.11528543,0.11806926,0.14030719,0.122870736,0.13804913,0.12881207,0.12813589,0.1916059
0.16307832,0.18877798,0.17177609,0.15729961,0.15885074,0.1914011,0.16311951,0.17722186,0.16512755,0.17508146,0.15692097,0.18864563,0.18643096,0.16050506,0.18187776,0.17093575,0.15403727,0.1469877,0.18153045,0.19677281,0.17573673,0.19299376,0.1689054,0.15195778,0.17402488,0.15782133,0.18070117,0.18015662,0.17020318,0.1983332,0.17578208,0.19743219,0.1522018,0.16767693,0.19554564,0.17197499,0.1817007,0.16072057,0.17236033,0.179535,0.15668876,0.18998116,0.20534322,0.14630389,0.20110708,0.18292534,0.14179361,0.20584959,0.17120919,0.17354721,0.15273906,0.17098933,0.1679574,0.21118689,0.16243216,0.17406747,0.19617805,0.19118384,0.14993018,0.19168502,0.17584711,0.12851232,0.17506114,0.19599804,0.13652128,0.1462151,0.19324023,0.19899559,0.16880119,0.19340584,0.18855044,0.16408907,0.17538798,0.14336309,0.15845764,0.18306166,0.20618573,0.17182145,0.16963893,0.19629344,0.20469067,0.19175977,0.16217324,0.19885907,0.14809349,0.17795834,0.21006128,0.18969512,0.1647895,0.13293302,0.122412615,0.17857331,0.16471405,0.1416131,0.20764437,0.17419955,0.19012237,0.17279065,0.16395152,0.23271361,0.16921481
0.1637391,0.19870627,0.16954431,0.17135364,0.15877932,0.16918975,0.18845397,0.18636751,0.17622596,0.20309222,0.16180792,0.18280101,0.17715481,0.15574017,0.16962108,0.20531571,0.19496664,0.14452098,0.20142287,0.18829525,0.18171358,0.17856458,0.1767833,0.19876668,0.1876877,0.17705095,0.17672658,0.19169003,0.21403643,0.19302782,0.1942612,0.20540398,0.19229963,0.16990918,0.18434599,0.1788244,0.19964385,0.18977705,0.18794984,0.19019115,0.19807926,0.17859924,0.15410954,0.15285534,0.17120954,0.1898211,0.20490456,0.16313905,0.17053822,0.21480465,0.21208075,0.16043916,0.15455452,0.18239117,0.16883501,0.17337382,0.18866977,0.1993024,0.14960435,0.1808322,0.17169723,0.17440888,0.17215118,0.16279782,0.18898058,0.17293835,0.1696589,0.1817024,0.18645614,0.1915079,0.18102276,0.15265352,0.1680111,0.2066623,0.18377045,0.17274594,0.18044785,0.2007592,0.16788903,0.17111686,0.21286315,0.19635418,0.17383188,0.20371965,0.1765857,0.15450162,0.1720042,0.18313205,0.17714521,0.16400844,0.1771135,0.18145514,0.17910066,0.18653041,0.19255167,0.174535,0.21192756,0.17325917,0.17813832,0.15343615,0.21101838
0.1649802,0.18205133,0.17506254,0.179963,0.14785159,0.15278207,0.16943416,0.1716086,0.1568257,0.18621883,0.19580284,0.18823299,0.16192529,0.17922103,0.16409968,0.17487648,0.16807812,0.14961475,0.14538538,0.15054938,0.21844059,0.16697305,0.20512539,0.18238369,0.17270085,0.18397692,0.20636025,0.18269366,0.15984175,0.20240638,0.14067784,0.16385114,0.1731621,0.15836564,0.1446422,0.18568948,0.20309034,0.19765607,0.17903838,0.15980376,0.16654348,0.2007002,0.1887657,0.15763727,0.17907211,0.2059662,0.17365071,0.15128174,0.1908598,0.15931252,0.20820603,0.18643475,0.17493251,0.15746069,0.1781649,0.15072969,0.18050566,0.16308868,0.1690984,0.18474168,0.15941688,0.18006772,0.19035754,0.1799554,0.19507843,0.1885255,0.18575299,0.2113502,0.17147762,0.1651486,0.15850778,0.20558786,0.18295765,0.16109407,0.17368087,0.17032242,0.2043638,0.18522072,0.19735816,0.1677649,0.15989202,0.15764645,0.1924493,0.1666033,0.1956479,0.19451389,0.17562544,0.15188935,0.20552707,0.17156732,0.1781503,0.14932594,0.12658653,0.18009928,0.1648061,0.15191622,0.1801872,0.18409446,0.16767547,0.1657596,0.1680806
0.16581157,0.15631738,0.16056767,0.21747637,0.16021279,0.17971408,0.14084688,0.15868944,0.17206508,0.20380998,0.17477939,0.19546351,0.19021922,0.22014579,0.18722662,0.17693245,0.1739158,0.14506304,0.16761386,0.1488429,0.14963001,0.165178,0.18113142,0.17191309,0.16259497,0.1559327,0.18864453,0.1847798,0.17824453,0.17901424,0.17257687,0.17848948,0.1836291,0.1849953,0.1453287,0.1809484,0.16989833,0.16989338,0.16833267,0.17436677,0.1745739,0.1873529,0.15913612,0.17800662,0.16315553,0.19248596,0.19037515,0.20105395,0.1678488,0.19953719,0.17767125,0.1827113,0.16831875,0.17221093,0.16031563,0.16550107,0.20555407,0.18166167,0.17953962,0.16318613,0.20144874,0.21178213,0.18082201,0.18532372,0.17975053,0.20945382,0.1785095,0.19152516,0.14088689,0.1817348,0.19885042,0.20174795,0.21562773,0.18307316,0.17895877,0.21514243,0.1930094,0.16580355,0.19819316,0.18025014,0.16355944,0.1905443,0.17114106,0.16363284,0.2208656,0.16755736,0.20172668,0.18580127,0.14968163,0.17201555,0.15452078,0.15402916,0.17767495,0.17473671,0.21188378,0.17611152,0.18643588,0.19519243,0.19685185,0.20533553,0.17346406
0.16614269,0.1728889,0.17870966,0.21566102,0.16212833,0.16958165,0.19869015,0.17258582,0.1961675,0.15763986,0.19349602,0.16898361,0.16882205,0.17469192,0.17776546,0.21326822,0.17019442,0.16020036,0.20556864,0.17269167,0.21089035,0.18987352,0.16096777,0.20927799,0.20270836,0.17330581,0.18659937,0.23447198,0.18338749,0.17165902,0.1888754,0.20497125,0.18242094,0.2036027,0.16534549,0.20123321,0.1843206,0.19095233,0.17372105,0.17410222,0.18155104,0.18642682,0.16106662,0.15765193,0.19670793,0.20048368,0.20846644,0.18020898,0.16917917,0.19279951,0.1983253,0.17832413,0.14575058,0.1636717,0.15077299,0.18342614,0.2574024,0.15646395,0.21327561,0.17518729,0.20398575,0.16930863,0.1528083,0.22138926,0.19836974,0.19735786,0.18684581,0.17396629,0.19505829,0.16069926,0.14813063,0.20774838,0.17068338,0.18340623,0.20148641,0.16619483,0.14366558,0.17718083,0.17249557,0.16081117,0.20995295,0.17349717,0.18482941,0.1804725,0.17539266,0.16417244,0.1835804,0.18663451,0.14945595,0.16411471,0.17157161,0.18516535,0.20623708,0.2029458,0.15235507,0.20164806,0.17351645,0.16560341,0.1789186,0.17161483,0.18320683
0.16715626,0.14848834,0.15331379,0.18723583,0.16338864,0.16696623,0.14414236,0.21416643,0.16267447,0.15916768,0.1574072,0.14674672,0.1935212,0.15461761,0.1777272,0.14357659,0.1654242,0.12354316,0.13992792,0.1480186,0.1609352,0.14346123,0.17922303,0.16665351,0.1653409,0.14682162,0.18024662,0.1661537,0.17436913,0.15807453,0.13297643,0.14298958,0.1629255,0.15616706,0.11993649,0.18007767,0.15844515,0.15278068,0.15135151,0.12938845,0.16222876,0.15734102,0.15989898,0.13170972,0.14705494,0.17858353,0.15493885,0.18324474,0.15706456,0.1721223,0.18088707,0.14734808,0.13488299,0.15785396,0.15021639,0.20798734,0.15586188,0.14051138,0.17839268,0.13997409,0.1784207,0.16045696,0.13786486,0.18922299,0.16720441,0.14248046,0.14311746,0.13471308,0.16619524,0.14895025,0.16737503,0.14726944,0.15243375,0.14919816,0.1278544,0.16521817,0.1952618,0.1880342,0.15818998,0.12669998,0.15311693,0.1393486,0.1402869,0.18719444,0.15547237,0.14674783,0.19277161,0.17664212,0.1657092,0.1618938,0.15483287,0.14563644,0.14487901,0.18331671,0.15712392,0.13857292,0.15784809,0.18059471,0.16532752,0.12775384,0.13493684
0.16751237,0.18216205,0.19525021,0.21202472,0.20433533,0.19238734,0.18255839,0.21032646,0.1922065,0.24338624,0.23353231,0.19669196,0.21525353,0.18668473,0.20384815,0.17685732,0.20504442,0.19141716,0.17980528,0.18449467,0.20244098,0.19682983,0.20239201,0.1771358,0.17426407,0.23337299,0.204642,0.19471055,0.2045734,0.20297465,0.20337757,0.16876727,0.20726705,0.22583485,0.21823874,0.17208907,0.19672114,0.2292957,0.21256736,0.17394918,0.1806854,0.19639707,0.17529702,0.21435305,0.23045138,0.21641159,0.20765963,0.18536696,0.19420967,0.19819799,0.17040467,0.187552,0.17745978,0.1801981,0.21672833,0.20106992,0.19097054,0.1831331,0.24356282,0.19980311,0.21893498,0.2152983,0.2230733,0.23309216,0.21229675,0.18257856,0.18326566,0.23518708,0.19907257,0.20384175,0.22690216,0.19911978,0.22630021,0.19190833,0.20624283,0.19041184,0.19586736,0.21020639,0.16901469,0.1876089,0.21895352,0.17942905,0.19974035,0.19550276,0.20240864,0.22865552,0.21910655,0.20152697,0.2038768,0.18269864,0.1965296,0.22196373,0.24116197,0.19466361,0.19942144,0.20856488,0.18918654,0.21620294,0.2159225,0.18120363,0.21686172
0.17102303,0.19593135,0.22219872,0.20908633,0.20700565,0.20939961,0.20745987,0.19973308,0.19109774,0.19389004,0.24142164,0.20593998,0.20762834,0.2080527,0.23251915,0.22736499,0.26852462,0.20581052,0.228156,0.22990912,0.1841034,0.22500628,0.2268331,0.20744494,0.20012963,0.20370716,0.23784345,0.18370497,0.19987133,0.20600912,0.2147784,0.24432343,0.19327334,0.20456472,0.2154792,0.22457889,0.20261353,0.19354051,0.22321928,0.19702235,0.2057156,0.19074479,0.2457749,0.1985327,0.24600083,0.19263664,0.2397955,0.19674337,0.18342093,0.19076926,0.21913975,0.19551301,0.2332752,0.24101067,0.19641057,0.16706014,0.21694595,0.19137543,0.20185459,0.21104375,0.17541906,0.18899643,0.24212056,0.23552,0.2141954,0.18395475,0.205192,0.21539661,0.22101995,0.24248973,0.18692672,0.1994473,0.18921527,0.19609302,0.22908723,0.18763196,0.23259556,0.19691256,0.18392897,0.20453086,0.23075274,0.22796217,0.22253928,0.2116999,0.21422961,0.19969669,0.20612156,0.20037636,0.22829977,0.19972023,0.19737896,0.20837647,0.19658908,0.20305058,0.17227569,0.20176917,0.22722131,0.24678156,0.23185527,0.24021131,0.20870918
0.17175236,0.18941128,0.17181376,0.15550992,0.2133919,0.19722685,0.23069721,0.17289934,0.19098955,0.23096123,0.16530222,0.16196525,0.21466485,0.17988083,0.1625135,0.16792658,0.11660433,0.19900739,0.18340012,0.20376879,0.18777895,0.18375656,0.1747339,0.16046393,0.16644025,0.17919052,0.18582556,0.17920089,0.19259685,0.19037712,0.17629814,0.22911415,0.13485062,0.16913784,0.18658417,0.14076135,0.1765565,0.22223833,0.17837146,0.16748461,0.19588566,0.20207754,0.18721446,0.18394908,0.16975114,0.17472968,0.17670009,0.22005782,0.15972206,0.18927127,0.18664926,0.16448036,0.18181726,0.20013341,0.1914883,0.18546054,0.18208292,0.1678522,0.17108837,0.16897291,0.18080804,0.15541807,0.19433081,0.1887953,0.1842291,0.17668319,0.18368497,0.1727618,0.19389546,0.18579489,0.18292573,0.13899261,0.1768299,0.21199635,0.1532602,0.15937737,0.22562116,0.14777091,0.251764,0.18300766,0.18449518,0.21838173,0.16631636,0.1789501,0.19410056,0.1850901,0.15311304,0.13123965,0.21111327,0.19343877,0.16782624,0.16077644,0.18942451,0.20177335,0.17781341,0.20332482,0.19870222,0.17541161,0.21143946,0.18864536,0.16751248
0.1727242,0.1542756,0.17057842,0.16267775,0.17478687,0.19125652,0.17251661,0.15877843,0.16682959,0.12250037,0.1718257,0.20284271,0.15214606,0.16988134,0.17710006,0.14595404,0.16558278,0.15082291,0.17845586,0.17829713,0.16345845,0.15468878,0.17282975,0.16279179,0.20147672,0.1881929,0.14049113,0.17176229,0.14150947,0.16374359,0.16558644,0.17318457,0.15067491,0.1642499,0.1631509,0.17300463,0.16440329,0.18986559,0.16749787,0.1872521,0.13961697,0.17323068,0.17384753,0.15481049,0.1836093,0.14387187,0.15488261,0.1568057,0.14122713,0.15876418,0.17447138,0.17355567,0.16641983,0.20702985,0.15991801,0.16455358,0.14523168,0.16331974,0.13591889,0.26594993,0.15015265,0.16846952,0.17281607,0.15904447,0.1817922,0.16358042,0.17110953,0.12887636,0.1655012,0.19667083,0.15294501,0.19614547,0.15469322,0.17618108,0.15263599,0.13188893,0.14468205,0.16208282,0.17423663,0.14663923,0.21352935,0.1545686,0.1586119,0.17561391,0.14282396,0.1824258,0.13420582,0.15333605,0.14808339,0.19052061,0.16054094,0.1534583,0.160079,0.17972007,0.18445575,0.14692259,0.14786181,0.18864289,0.18714386,0.17837623,0.15912029
0.17282665,0.17923,0.17955336,0.19327915,0.17517456,0.18084612,0.17737153,0.20470303,0.22775695,0.20230016,0.1778962,0.19282368,0.20953676,0.20117217,0.18969938,0.16108379,0.21392077,0.22008687,0.2114538,0.19219923,0.1918242,0.19977823,0.19514298,0.21429986,0.19850168,0.1974251,0.19239438,0.19331622,0.18915805,0.2101863,0.20939225,0.1937348,0.23119524,0.21361345,0.18217787,0.21671176,0.2100668,0.18211192,0.19881725,0.20464459,0.22496414,0.17985266,0.1958035,0.16704598,0.16941667,0.22353408,0.19893157,0.21048155,0.19854134,0.17951542,0.2198025,0.19423333,0.23539585,0.20814264,0.1818763,0.21436471,0.16778001,0.17127791,0.17149821,0.1848655,0.17857766,0.22317353,0.17906806,0.23186928,0.18228543,0.23331583,0.19131091,0.19370496,0.19793141,0.18212882,0.18549725,0.20903069,0.21463892,0.21771854,0.1948402,0.19003189,0.17268366,0.19228679,0.17800051,0.18039703,0.1598329,0.195777,0.19633818,0.18749443,0.19382739,0.20045686,0.22359443,0.20594883,0.20806843,0.21176869,0.19281766,0.22078747,0.1778107,0.19758001,0.20046264,0.19643697,0.20805538,0.19667926,0.20776099,0.17416632,0.21775842
0.17697689,0.21265426,0.21200103,0.1917668,0.20541549,0.19437653,0.18327838,0.21421662,0.21070188,0.23545793,0.17133015,0.19572848,0.22682396,0.22190654,0.15828592,0.21797055,0.17814702,0.18308482,0.19045323,0.14440906,0.19015968,0.1869379,0.17157838,0.19618306,0.19083917,0.20765215,0.19600928,0.23856452,0.17083305,0.22473362,0.16978222,0.20077157,0.22407964,0.20871398,0.19004321,0.21291757,0.20882627,0.17590135,0.17173764,0.19972453,0.1884358,0.17637733,0.15909435,0.20974779,0.2008706,0.15340167,0.20021757,0.17179632,0.1854999,0.19603571,0.21639714,0.21900836,0.21212244,0.20323527,0.20793122,0.17525965,0.22526282,0.1924302,0.22726151,0.18805555,0.19854686,0.18187594,0.19931501,0.22647592,0.2265526,0.1931003,0.20491204,0.24599493,0.17313406,0.20806181,0.16760561,0.22157636,0.19489232,0.18933508,0.21293354,0.1426022,0.18011647,0.19739088,0.20394605,0.22411641,0.22336003,0.1899367,0.18721846,0.18838781,0.16752192,0.21656302,0.1474357,0.1998181,0.21677777,0.16048893,0.1680108,0.20758161,0.18861887,0.17735913,0.19363782,0.2082412,0.19437352,0.21752834,0.18661305,0.21189883,0.19241047
0.17767431,0.15439495,0.18661952,0.18190825,0.17842838,0.1806435,0.20046538,0.13189004,0.17156088,0.19259351,0.18735242,0.20048597,0.1843408,0.143427,0.15359913,0.18311194,0.17482966,0.17679143,0.13992369,0.2172594,0.14946039,0.16836777,0.18690467,0.16287136,0.18622214,0.16624328,0.1414699,0.17191371,0.17210573,0.14071219,0.1677143,0.13665518,0.1777887,0.17787525,0.19851166,0.17040488,0.17363498,0.17343304,0.20641813,0.19960946,0.18791479,0.1680176,0.16447255,0.15190753,0.17709908,0.16739875,0.16438192,0.16295023,0.15577969,0.164756,0.14813289,0.2122286,0.15507123,0.1664151,0.17786899,0.17112756,0.19300187,0.1607438,0.1521745,0.17002723,0.16025515,0.15331551,0.206954,0.14751023,0.15292758,0.15544991,0.15594193,0.18097728,0.15606913,0.18194056,0.23289296,0.13320205,0.16260515,0.16075951,0.18651491,0.16457388,0.14945357,0.17317411,0.20708635,0.17302626,0.16110507,0.17653632,0.2020526,0.17664179,0.18371776,0.17914745,0.17723355,0.15229882,0.17798844,0.17029637,0.14678256,0.15394421,0.1842787,0.16850877,0.16166832,0.17852288,0.16587582,0.19581753,0.14610618,0.15469632,0.1785172
0.18216157,0.18087265,0.19876352,0.19913942,0.22233835,0.2245386,0.22253418,0.21389598,0.2125316,0.24145016,0.19582376,0.17735189,0.20132875,0.18738541,0.21549949,0.19903547,0.26935154,0.2191365,0.20944744,0.1801393,0.21650735,0.1983768,0.19951722,0.17651787,0.20856544,0.19428125,0.1918925,0.19523272,0.17248482,0.24265957,0.19725499,0.19471917,0.20747715,0.23125389,0.23744226,0.21256578,0.23711061,0.21398798,0.19353789,0.21377638,0.22791621,0.20653683,0.19841784,0.199911,0.20440349,0.19182953,0.22967806,0.21699214,0.1947262,0.19022125,0.19459975,0.19657007,0.2357085,0.19610384,0.20643976,0.22168696,0.17571166,0.22565743,0.19923487,0.21886683,0.2036354,0.22764987,0.2035056,0.22394302,0.22242051,0.204575,0.21414828,0.2100172,0.19405651,0.22335282,0.20835224,0.19344378,0.23694023,0.23369062,0.20403454,0.18107614,0.24375284,0.22300303,0.19700077,0.18837404,0.19542632,0.20640439,0.2122567,0.19411552,0.17837805,0.1998026,0.21229345,0.20840985,0.2027663,0.21301788,0.20829171,0.22282928,0.20872161,0.19080421,0.21707964,0.2016645,0.18636173,0.20683259,0.18839845,0.22100109,0.26784316
0.18322563,0.14353508,0.14273612,0.16589627,0.15284532,0.18486077,0.17678514,0.14790094,0.21917501,0.20037878,0.17181137,0.23689175,0.19604975,0.19238907,0.17984968,0.25544012,0.19043794,0.16833678,0.1669428,0.18744531,0.20414755,0.20554295,0.19264802,0.17419487,0.16985667,0.14943197,0.18323395,0.17108017,0.18849501,0.1799941,0.15520039,0.15334675,0.17970371,0.15311937,0.19567564,0.18052125,0.19607964,0.22501144,0.21290275,0.16879684,0.1774731,0.1823225,0.21082819,0.20277923,0.18037394,0.19411573,0.16002056,0.18680683,0.1876187,0.17750975,0.25173035,0.16339102,0.18602285,0.15181306,0.1952897,0.18967104,0.20514455,0.14443469,0.18400496,0.16945964,0.18121722,0.18942368,0.12155954,0.14721712,0.20697993,0.12080669,0.19412562,0.1798473,0.22194085,0.18539262,0.19126505,0.18651834,0.15871988,0.18197483,0.16359296,0.19181287,0.16593793,0.16684744,0.19556361,0.1753194,0.1495503,0.17004326,0.18774644,0.15884861,0.1825014,0.179259,0.19464952,0.18359044,0.1663109,0.19533879,0.15644655,0.18296745,0.20153975,0.13196737,0.18103123,0.18823239,0.17690483,0.14298925,0.18670416,0.15888284,0.16521361
0.18335605,0.21510419,0.21607271,0.1689437,0.20845073,0.16805875,0.16092709,0.2055155,0.19866318,0.14698546,0.22297513,0.1991826,0.17912191,0.21195385,0.17593727,0.18532974,0.20023686,0.17503145,0.17887539,0.19886571,0.17540878,0.20055485,0.17022163,0.17745245,0.21962085,0.15312746,0.16748059,0.17434677,0.18932334,0.19075325,0.19637734,0.18122113,0.17529956,0.19900799,0.1625003,0.17184204,0.20128977,0.20214453,0.18793091,0.1979348,0.19219148,0.19369352,0.20034659,0.1878685,0.21185729,0.1987682,0.19057414,0.20269114,0.1836594,0.1994336,0.21793562,0.23485482,0.19933632,0.20337379,0.21176687,0.19685322,0.16602904,0.16199148,0.15785253,0.19232485,0.16111648,0.18487495,0.18025368,0.21093419,0.17973992,0.17207474,0.16145834,0.21209711,0.17215788,0.18666801,0.2034984,0.17746451,0.18830466,0.19102293,0.18100193,0.16328818,0.17317337,0.18509385,0.22218668,0.20695105,0.16516438,0.1688723,0.17157647,0.17065156,0.17558524,0.19798923,0.20380992,0.18258908,0.20194626,0.19038802,0.20163733,0.19473633,0.2104725,0.16474938,0.20700985,0.18631256,0.17467049,0.21107274,0.18287545,0.18040174,0.19233978
0.18514097,0.18186274,0.20792475,0.18862018,0.22301564,0.20113942,0.21533689,0.16240987,0.22420314,0.19059435,0.20806429,0.2087268,0.20568836,0.18502447,0.19574064,0.23759335,0.19097844,0.19735527,0.18556169,0.23747814,0.19177353,0.19594422,0.21277496,0.20057032,0.20578039,0.21885788,0.21839094,0.21624216,0.18064168,0.21153107,0.18765062,0.19221616,0.17409629,0.20129922,0.20523843,0.22255975,0.2153829,0.21357399,0.19898114,0.19018808,0.20619333,0.17926657,0.20402294,0.19260538,0.18076879,0.19715098,0.17195275,0.1759173,0.21640554,0.21566978,0.1823555,0.19132161,0.19698384,0.19978672,0.23785856,0.19470248,0.2260662,0.1922827,0.21131328,0.21181196,0.17044169,0.18965447,0.18364602,0.19152027,0.18707433,0.19185355,0.18562627,0.16224018,0.19293565,0.20792145,0.19303033,0.19813514,0.17009106,0.18715739,0.22023532,0.20507702,0.18412837,0.22427413,0.1942409,0.17747921,0.15561399,0.192337,0.21428037,0.17821768,0.19417918,0.19750077,0.18627533,0.1840753,0.18382847,0.2120237,0.2010848,0.17034629,0.1862998,0.2033771,0.21820581,0.18939352,0.18524319,0.18113214,0.18640542,0.20959744,0.21533561
0.19053695,0.19283092,0.16773221,0.17029196,0.19031179,0.18408874,0.1780034,0.18360847,0.16187313,0.18040925,0.17125961,0.15989341,0.18807271,0.16524033,0.18727848,0.17089024,0.16685677,0.18985745,0.18734807,0.18770003,0.21811938,0.17149317,0.22150373,0.18137899,0.15080072,0.19918737,0.18099126,0.18482733,0.20720878,0.21553814,0.21509796,0.17188457,0.1581789,0.19483462,0.17342076,0.17503694,0.22441995,0.16954115,0.16737685,0.18997565,0.17898676,0.20375124,0.16512494,0.18226105,0.1723043,0.18721157,0.19661456,0.18717754,0.18178359,0.21313447,0.16326433,0.17774597,0.21991527,0.21226218,0.19172922,0.1822933,0.1839396,0.19099462,0.1836949,0.18708536,0.16181168,0.18770823,0.17430276,0.18776816,0.19817281,0.19653839,0.17993805,0.19118011,0.18424615,0.17151165,0.2162585,0.18323225,0.19862288,0.19456416,0.2075584,0.18423581,0.22093138,0.15145272,0.19522515,0.1705508,0.15896437,0.17027912,0.1651786,0.17932987,0.19002292,0.20116207,0.19206753,0.20158875,0.17253599,0.19249701,0.17262602,0.17553192,0.1760144,0.22183189,0.18409595,0.18310529,0.17183772,0.17271018,0.17187718,0.20312074,0.18007138
0.19224054,0.21766126,0.20039836,0.20224291,0.19884545,0.23171815,0.22478029,0.20921868,0.20003727,0.22058025,0.18933427,0.21513662,0.19291508,0.2304466,0.21219194,0.21753994,0.20311609,0.20710745,0.24673906,0.23215804,0.22094393,0.20870078,0.22666627,0.21722972,0.25466824,0.21656749,0.19237518,0.20581892,0.20166829,0.2652408,0.19161066,0.20491105,0.19223988,0.19531363,0.20211232,0.23090616,0.23110405,0.19098678,0.19890994,0.18230686,0.21317163,0.21551535,0.19730246,0.19965875,0.23080006,0.20655578,0.21230549,0.2425152,0.2070232,0.17914662,0.22077721,0.1836361,0.21827608,0.21381667,0.19099155,0.2106458,0.19348738,0.23312977,0.20969322,0.20948216,0.21977898,0.1946508,0.20803908,0.20241046,0.19017869,0.23227042,0.20234579,0.20825925,0.2134921,0.22507545,0.19286343,0.25812188,0.2195,0.22919467,0.21692932,0.20905048,0.19477984,0.2318936,0.18021092,0.21656978,0.24598622,0.2086541,0.23655635,0.22448981,0.20484602,0.22817019,0.21672288,0.19816718,0.22027695,0.19554058,0.20109579,0.23611191,0.18308741,0.22566873,0.20883185,0.22782576,0.19479352,0.18183655,0.1830396,0.20345429,0.22377542
0.19267878,0.16465831,0.18175513,0.15636152,0.25218824,0.17290187,0.16785914,0.16331169,0.17963046,0.1960946,0.1608977,0.13545181,0.1632865,0.20776248,0.17374834,0.16183707,0.2198019,0.16889495,0.13845423,0.16344771,0.19618261,0.17597303,0.16698357,0.18460238,0.2141926,0.13337708,0.1903756,0.19455975,0.20920363,0.16886064,0.19155437,0.1570816,0.2283617,0.20156807,0.18615943,0.19034803,0.18296713,0.19736007,0.15663998,0.18145424,0.15752912,0.17327228,0.19451219,0.16523048,0.17820618,0.17167297,0.17134196,0.19879186,0.17665264,0.15715265,0.20752573,0.18138334,0.19563693,0.16980019,0.19030517,0.1573309,0.20013648,0.16971368,0.20040128,0.19801223,0.17438313,0.16778514,0.15370557,0.17363933,0.20972598,0.16406375,0.13398635,0.1445983,0.17654234,0.18784133,0.16762406,0.18639919,0.17851022,0.17774475,0.21646908,0.17271101,0.20786679,0.17063683,0.16489998,0.18064395,0.18342662,0.1607528,0.16035047,0.16613147,0.18749562,0.17635602,0.177212,0.16852817,0.14561705,0.1492945,0.17753595,0.17544031,0.20438015,0.17595184,0.18155074,0.2068615,0.18290544,0.19711617,0.11395001,0.20753643,0.16238457
0.19363973,0.20706433,0.18854871,0.1787065,0.18951255,0.19731748,0.23534304,0.20630816,0.19004694,0.24703231,0.22749335,0.20988351,0.22495362,0.1871315,0.18464908,0.19820759,0.20268813,0.19301486,0.17866701,0.17900252,0.20824426,0.19258717,0.20277837,0.16912866,0.18206698,0.19857135,0.1817283,0.19115674,0.18174517,0.21011868,0.2133058,0.22611097,0.1838944,0.18089595,0.2165434,0.20726949,0.23271927,0.21545589,0.2176641,0.18208367,0.17386147,0.18684003,0.18345091,0.21918401,0.19103959,0.2040996,0.17095357,0.1834076,0.18658337,0.1892407,0.20229158,0.20339474,0.22900543,0.20932546,0.17010063,0.23718047,0.18865761,0.2141589,0.18343726,0.16477409,0.20700607,0.17629066,0.19911763,0.18881175,0.18601528,0.20530397,0.22804707,0.20529443,0.19899473,0.19668928,0.17546952,0.18180916,0.21631253,0.1972602,0.21026903,0.18479726,0.22845122,0.21394345,0.19893667,0.21741262,0.1750592,0.20511395,0.20148045,0.18380457,0.21111998,0.20948425,0.20442834,0.21652153,0.20610878,0.21073571,0.20530772,0.18743649,0.16463804,0.1738959,0.21018821,0.1887531,0.21619841,0.211415,0.19621041,0.17329463,0.22135004
0.19454165,0.2065148,0.22886151,0.19343102,0.1644997,0.18174824,0.1604498,0.17786947,0.20290342,0.22591686,0.16551739,0.18768016,0.17844158,0.16708702,0.1733489,0.206539,0.17965311,0.19364235,0.15483505,0.1825364,0.16791698,0.18883109,0.21802574,0.17292032,0.1733847,0.1510557,0.16826755,0.16686532,0.1790677,0.1484848,0.16000518,0.21648857,0.190285,0.17530629,0.21973184,0.17295226,0.16502118,0.17202753,0.18360928,0.19490927,0.18182266,0.21246853,0.16585284,0.19489548,0.20005926,0.18573913,0.18164015,0.16397291,0.20770001,0.19627655,0.18697563,0.20163861,0.16975519,0.21289489,0.17135665,0.19925502,0.18438238,0.17607561,0.16518115,0.1766612,0.17358997,0.16067772,0.18184242,0.20524517,0.1853483,0.20301831,0.16626188,0.1749284,0.19100916,0.17910776,0.17488235,0.17189372,0.19869754,0.1710042,0.21888345,0.18362081,0.1983544,0.1911011,0.162626,0.15899593,0.1591641,0.17585307,0.18800473,0.16769624,0.16828936,0.1583204,0.18683392,0.15600798,0.15900049,0.18442762,0.1865817,0.22056615,0.17556706,0.19259349,0.19438511,0.18689847,0.1488795,0.19781208,0.18724343,0.17694202,0.17208815
0.19631568,0.15036258,0.15797138,0.17106575,0.19865307,0.18314463,0.17542937,0.1958319,0.18301794,0.1779483,0.24064499,0.17137155,0.21048254,0.16910729,0.17376694,0.17835048,0.195959,0.13468912,0.20873073,0.16666976,0.1641697,0.18611845,0.2105811,0.17564785,0.18428624,0.21427447,0.20393115,0.15944372,0.17332673,0.19586036,0.1771934,0.19700024,0.17544633,0.18335187,0.1591151,0.18675557,0.14963832,0.18308276,0.16521364,0.17508888,0.18354014,0.17674369,0.17558807,0.18163785,0.17120683,0.16673708,0.18547958,0.17929748,0.17011067,0.17751184,0.1721251,0.16878536,0.18624392,0.17439461,0.19429982,0.20456716,0.19818291,0.18526301,0.17408603,0.1779862,0.19027859,0.16986918,0.18480974,0.19913918,0.17376152,0.18891793,0.19580606,0.18719175,0.18291831,0.1649808,0.19587171,0.17357403,0.19894853,0.22001931,0.22181791,0.19227672,0.164623,0.18798307,0.20704013,0.1691038,0.18110833,0.22487265,0.18135774,0.15677963,0.16571732,0.18643647,0.16509119,0.1925318,0.20349106,0.18818527,0.1763272,0.15425494,0.1878035,0.21967581,0.1893811,0.17095935,0.1786038,0.1768662,0.19108284,0.1918863,0.1669924
0.19711357,0.21275645,0.2258228,0.18855652,0.22383314,0.23007575,0.23262954,0.20062119,0.19681999,0.18822137,0.17509288,0.20433319,0.21815103,0.19350776,0.21963263,0.19507477,0.24052668,0.18128487,0.19044185,0.20509124,0.22045141,0.19301692,0.18897933,0.22981086,0.22963852,0.21943524,0.18937296,0.21478406,0.18892312,0.1868177,0.20997298,0.1894398,0.1920973,0.21599278,0.18918204,0.22633716,0.22306657,0.17032352,0.19698039,0.20979783,0.20412898,0.2015917,0.22037315,0.22779363,0.22984883,0.22895652,0.20659718,0.21421206,0.2127339,0.20684943,0.19589338,0.20015892,0.19284898,0.2070648,0.20585418,0.18680099,0.20407411,0.19274989,0.21831274,0.20965886,0.21512944,0.22843644,0.2121447,0.19431639,0.19276491,0.2034989,0.20823279,0.19082099,0.2138764,0.20288038,0.23056608,0.21720436,0.19463277,0.21747786,0.21200311,0.21337953,0.22178406,0.25810057,0.24514842,0.25994614,0.19515345,0.21580622,0.20237264,0.21065256,0.19805714,0.21738991,0.20793954,0.21225199,0.21723032,0.20053124,0.18504563,0.19873315,0.2040563,0.2159324,0.18633425,0.22213864,0.22397172,0.21427584,0.20428357,0.18294686,0.22716561
0.19727887,0.18832192,0.19283456,0.18546972,0.17860675,0.21246064,0.19991854,0.1710498,0.19109565,0.22839832,0.16662858,0.1918197,0.19843775,0.20156541,0.20583752,0.18989405,0.18176395,0.18717724,0.18409684,0.21028382,0.17920992,0.18501794,0.2034167,0.19392782,0.20896876,0.18138504,0.19204977,0.1891931,0.21254113,0.17186368,0.17341784,0.18222839,0.22647753,0.1849469,0.2111097,0.19271982,0.20695964,0.18907613,0.18386969,0.18290761,0.18869936,0.20838946,0.15694758,0.20737487,0.17468163,0.19100624,0.17842767,0.23054677,0.1944519,0.19779733,0.22887164,0.19860455,0.21001264,0.17665553,0.17928392,0.21045628,0.16748774,0.21336684,0.19032258,0.19824255,0.19812283,0.20397806,0.18218365,0.20018524,0.17813885,0.20493942,0.17396963,0.202667,0.18772325,0.18298033,0.15781322,0.21000075,0.18588477,0.19082803,0.18671435,0.17749825,0.1955331,0.1819422,0.21342066,0.18821236,0.17901555,0.19182923,0.18565938,0.22711393,0.19825795,0.19390583,0.21929699,0.19946244,0.20617697,0.22771236,0.20022714,0.22395608,0.21709827,0.17932367,0.19980043,0.19568855,0.20173448,0.18937269,0.19058329,0.1881254,0.1965988
0.19978988,0.1923621,0.18900725,0.16706094,0.21102071,0.19501695,0.15778422,0.2121363,0.17887479,0.1576708,0.20487905,0.17334497,0.19208348,0.18280041,0.19122523,0.20572942,0.20621377,0.20187357,0.18870223,0.19997129,0.18104488,0.18702433,0.16421762,0.1732358,0.19093946,0.21498987,0.15368485,0.20968163,0.1841586,0.19639456,0.22145629,0.18413344,0.19040087,0.2131905,0.19041726,0.19951284,0.18949312,0.21447048,0.18116865,0.1980609,0.1860179,0.18772593,0.14730474,0.19005457,0.19084749,0.18483725,0.20432511,0.19950125,0.18680519,0.20382303,0.212293,0.2057685,0.19313252,0.20076689,0.16895881,0.17069289,0.19643727,0.21803117,0.19615886,0.18579906,0.17226452,0.20144859,0.20152739,0.20652491,0.19356257,0.17865041,0.21410704,0.18637279,0.16331571,0.19059914,0.2006922,0.15493882,0.20809337,0.14493021,0.16938537,0.18200728,0.18501824,0.20962057,0.17117333,0.18429592,0.1628074,0.20966402,0.20489085,0.20925951,0.17947593,0.20745462,0.22020116,0.2034384,0.16975418,0.21270528,0.15664816,0.17654818,0.17462274,0.17224833,0.21213207,0.21273398,0.1707735,0.20900357,0.188959,0.18474865,0.19351685
0.20285204,0.20568198,0.19261122,0.15677539,0.16205123,0.14015153,0.18510666,0.17590004,0.16744623,0.15003449,0.18744427,0.15997192,0.13962552,0.18016371,0.17826289,0.17511523,0.16209282,0.17159867,0.16324738,0.19008926,0.15930161,0.15332097,0.198086,0.1619841,0.1566273,0.17257062,0.17755398,0.14324477,0.16228989,0.1631684,0.15145394,0.19099134,0.18210065,0.19729242,0.18487376,0.14513707,0.1763792,0.14762387,0.16373439,0.19814011,0.16584232,0.18794444,0.1703541,0.18457067,0.17736918,0.14494959,0.1859166,0.16810554,0.19903654,0.19337505,0.16962442,0.16411483,0.19103801,0.14293042,0.17469913,0.15669632,0.13768336,0.1366905,0.16814959,0.17838794,0.1584653,0.20536849,0.1747354,0.16396746,0.17383546,0.16158566,0.14391917,0.17536813,0.19932884,0.15596673,0.17813152,0.20122227,0.165182,0.2047131,0.15573174,0.18460304,0.14811385,0.16163257,0.1955558,0.17108932,0.18234968,0.15978025,0.17860779,0.20482191,0.1893957,0.16696781,0.167045,0.14022559,0.17086464,0.16698557,0.18290642,0.17425728,0.16469723,0.15102535,0.1765745,0.17700839,0.14060974,0.19786313,0.15364043,0.20821908,0.16401091
0.20286658,0.18610999,0.17202336,0.19402921,0.20165694,0.21845412,0.15423164,0.21717626,0.20948851,0.17327532,0.19377187,0.20120585,0.16861418,0.17166713,0.21204051,0.19514248,0.2046467,0.20049873,0.18080857,0.22732508,0.22446245,0.1848984,0.20264548,0.19109175,0.20285863,0.20333901,0.18402454,0.21005127,0.18470219,0.16817847,0.19681591,0.19223678,0.20379424,0.22093162,0.1941101,0.19305414,0.18379524,0.2177445,0.22923467,0.20903757,0.2028982,0.1896894,0.21285912,0.201467,0.1845077,0.20507681,0.22185397,0.21375746,0.20608261,0.21961209,0.22506616,0.2047934,0.20780766,0.20299482,0.18412253,0.18415788,0.21405569,0.22300977,0.19517723,0.22117862,0.19848269,0.19045594,0.18568021,0.21448368,0.18217975,0.20882377,0.1914835,0.22018456,0.21234733,0.1969901,0.22506449,0.20042199,0.22880095,0.18586391,0.17580709,0.19877854,0.23725751,0.19320664,0.22430608,0.23005453,0.22217333,0.18018487,0.20140707,0.21341106,0.1875144,0.1948663,0.21874121,0.15669183,0.16949216,0.21028847,0.20806667,0.22003758,0.20114106,0.19635522,0.19535613,0.1874646,0.2035251,0.20372424,0.21251655,0.23726416,0.21036339
0.20406638,0.21163437,0.21803299,0.235358,0.22169778,0.24778426,0.24867484,0.23676088,0.21276069,0.22821692,0.23163739,0.21782294,0.1916424,0.22847897,0.22101426,0.19925553,0.24844185,0.24462098,0.2101112,0.24235046,0.2110275,0.2381039,0.21104917,0.22280419,0.21739462,0.22250953,0.2047461,0.25129214,0.18651947,0.23322159,0.24489051,0.23438466,0.21227989,0.20332909,0.21367884,0.22507277,0.23826,0.20413661,0.2260406,0.19625744,0.20061332,0.24080715,0.2528204,0.22878769,0.21587887,0.21452278,0.2231946,0.21515065,0.22266206,0.1839692,0.21040997,0.2150127,0.18978235,0.2372325,0.22140458,0.22656292,0.23985839,0.27375585,0.22329882,0.23222369,0.20032156,0.22200206,0.24826536,0.21294901,0.23020014,0.22291061,0.23287258,0.20432544,0.24146083,0.25370985,0.22104591,0.23424384,0.24333093,0.22868904,0.23466003,0.25414217,0.20373115,0.21946698,0.19910693,0.24749035,0.22119516,0.21318492,0.23523387,0.19951996,0.24535042,0.25157076,0.24594843,0.23580462,0.21542785,0.2572597,0.2271885,0.26858708,0.23714638,0.2169111,0.2132698,0.23662451,0.22316295,0.2046884,0.22341424,0.21560824,0.23217884
0.20443274,0.1420854,0.15698624,0.17031112,0.21294215,0.16136637,0.14809735,0.14924571,0.12581052,0.2059209,0.18164793,0.1866096,0.17730188,0.16233,0.167494,0.16670604,0.16793105,0.15976217,0.15959927,0.17953238,0.16300614,0.15163195,0.15797876,0.16207908,0.14767952,0.16206697,0.16514647,0.15493193,0.16627121,0.16721937,0.1647723,0.15335914,0.17720029,0.13355824,0.17297298,0.16491422,0.1678218,0.18780029,0.16451937,0.18840152,0.17298776,0.19553554,0.17301577,0.2139231,0.18740004,0.18943495,0.19088906,0.18256226,0.19119224,0.18827012,0.19101155,0.1787197,0.21436533,0.16852552,0.13442251,0.16842309,0.18155324,0.16369423,0.17098081,0.13202807,0.1357995,0.15427208,0.15656832,0.15231624,0.17346317,0.16749445,0.17209724,0.15510559,0.15054783,0.18476745,0.18967944,0.16986597,0.15840526,0.16768706,0.15570536,0.1691834,0.17962536,0.18490192,0.1640752,0.18301818,0.16988873,0.19000396,0.18149447,0.1704044,0.14833823,0.15693794,0.18331635,0.17857581,0.16487059,0.17724296,0.1806536,0.16794157,0.13289863,0.1927045,0.17122516,0.1779539,0.15774831,0.18394288,0.1618776,0.14007458,0.16589516
0.20594193,0.19713816,0.18260095,0.17942643,0.22594392,0.2498967,0.15750548,0.18035015,0.20615634,0.19903445,0.21507615,0.22244659,0.18913236,0.20812282,0.1858379,0.18450221,0.21174046,0.18484363,0.18583792,0.18998149,0.17541417,0.24094078,0.2326054,0.20638332,0.17945218,0.20101273,0.2092078,0.18102556,0.20750189,0.20858803,0.20658666,0.18988097,0.21041992,0.19879097,0.21529129,0.17644754,0.16880736,0.18804297,0.19578567,0.20101988,0.18849525,0.21259034,0.19809917,0.20628834,0.20162249,0.17559484,0.21988904,0.19221082,0.21666208,0.21395627,0.21386048,0.21143314,0.20006064,0.21667,0.20220709,0.19707483,0.20126069,0.19047385,0.18638,0.20113614,0.20776719,0.20185229,0.18171749,0.17572212,0.17975247,0.19639525,0.21952984,0.2115525,0.1824947,0.17319378,0.21108103,0.21455073,0.19277325,0.2012699,0.20111689,0.22098851,0.21167669,0.21584502,0.19284075,0.18902406,0.1964162,0.18890563,0.18751228,0.18043983,0.18306488,0.22010225,0.20222506,0.19306275,0.20541918,0.20147523,0.17253283,0.261931,0.2068429,0.19417763,0.20224655,0.18529546,0.19360992,0.20770341,0.20080218,0.19384715,0.20671767
0.20682572,0.21565077,0.24488142,0.24419993,0.22908044,0.22981018,0.26445037,0.23913103,0.2554644,0.24401355,0.23008734,0.21588597,0.22833619,0.274496,0.26045382,0.22559461,0.2134459,0.22699222,0.23949957,0.25559136,0.26305702,0.24344048,0.22363174,0.2400476,0.23712942,0.21351308,0.23917323,0.21540552,0.21445796,0.2266311,0.29036197,0.2677983,0.26436493,0.2278662,0.2249398,0.23851255,0.25207078,0.19032317,0.25072658,0.24262515,0.21740177,0.25675163,0.2647843,0.22823977,0.20808288,0.23904702,0.27802846,0.24290499,0.23012254,0.24184823,0.2253345,0.2414377,0.23014414,0.22616616,0.22658268,0.25089872,0.261287,0.24177217,0.21388268,0.22248921,0.24923643,0.22399935,0.23725435,0.23947391,0.21682382,0.2338599,0.25489658,0.22386229,0.24959531,0.23694232,0.20531419,0.26702517,0.26172778,0.23947862,0.22098464,0.23338655,0.24460149,0.21849838,0.23885894,0.23984432,0.2559454,0.27186576,0.23650527,0.2408706,0.23809522,0.21702114,0.24714386,0.24369016,0.23498803,0.275873,0.22286391,0.2504383,0.20608273,0.24703085,0.2654276,0.2591844,0.24964714,0.26417214,0.24135125,0.25604028,0.24915394
0.20748518,0.19523901,0.20698538,0.19438776,0.21301508,0.22046053,0.19767788,0.20139688,0.1918591,0.2246112,0.23294446,0.20700952,0.21149164,0.18658945,0.21003515,0.23502186,0.22780263,0.23443815,0.20884925,0.20454553,0.19597572,0.20148939,0.20354697,0.21462417,0.19065031,0.18954194,0.22779712,0.2025649,0.22946435,0.20329627,0.22414777,0.19215274,0.24520153,0.23874933,0.23370492,0.18876255,0.2318413,0.21694604,0.19768241,0.20312694,0.22045699,0.21132636,0.2067233,0.20320904,0.20242468,0.19085681,0.21142203,0.21130624,0.17844924,0.20435646,0.19917843,0.22298458,0.2210077,0.19440728,0.18852144,0.18844298,0.19350797,0.18857184,0.2072677,0.1944887,0.19767305,0.21886116,0.23247537,0.18697184,0.19805637,0.22863391,0.20464996,0.22982818,0.18882707,0.1998645,0.19844458,0.1772987,0.20284006,0.21359146,0.21309945,0.20601702,0.18218389,0.19120872,0.21300334,0.18105265,0.22374603,0.24909723,0.216201,0.24240664,0.19687146,0.20072195,0.21722108,0.19223943,0.21519345,0.2252881,0.20032358,0.20199639,0.18961984,0.20141414,0.21718568,0.20713726,0.1914469,0.19863185,0.22695011,0.20788777,0.21037862
0.20819007,0.25268903,0.23611036,0.18660939,0.21115571,0.2352339,0.21882024,0.23151258,0.22709042,0.24188077,0.20552897,0.23449835,0.21347103,0.2428804,0.19161373,0.21463364,0.216872,0.24914229,0.24053717,0.21700764,0.2268658,0.23618183,0.23109356,0.21479762,0.21350801,0.21189672,0.22220045,0.20590293,0.22341487,0.25120014,0.24237046,0.2026434,0.23843247,0.22726682,0.23114344,0.23529842,0.22169548,0.24400187,0.23760143,0.24668956,0.22185767,0.21602395,0.22851366,0.24929434,0.20269322,0.20351654,0.22180289,0.21684092,0.23307717,0.25349045,0.22699863,0.24302846,0.21742544,0.23057479,0.22211704,0.1788502,0.21347752,0.22781491,0.21054858,0.19357878,0.21222875,0.27543744,0.20407456,0.21335098,0.2390587,0.214098,0.21667081,0.21575794,0.2236526,0.22144625,0.2075229,0.21916708,0.20562083,0.23295763,0.21688926,0.19872293,0.21592811,0.22647434,0.25363824,0.21951908,0.19209206,0.20599377,0.2710796,0.23305982,0.22708458,0.22315803,0.22925499,0.1903573,0.24360204,0.19845182,0.20918459,0.22764435,0.20572448,0.24494281,0.23293969,0.20845565,0.23107862,0.21018305,0.21355313,0.22071433,0.21341377
0.20825931,0.2713493,0.21715918,0.25094333,0.23417705,0.2618822,0.24457553,0.22211435,0.24464396,0.23773271,0.2196188,0.22905913,0.2528291,0.23057336,0.22938147,0.20498118,0.22237396,0.24017295,0.26982942,0.2106961,0.20794871,0.23635867,0.21593538,0.23326758,0.24455896,0.22843814,0.21092358,0.24680036,0.2436389,0.25615877,0.23573238,0.20609239,0.22037584,0.2226266,0.24192649,0.24512589,0.2268936,0.18286395,0.243976,0.25624192,0.24286532,0.24154025,0.206812,0.20760858,0.21500409,0.21233907,0.22007784,0.22829956,0.23136008,0.21744314,0.22356096,0.23479024,0.23488909,0.22293472,0.2156586,0.21065134,0.22346765,0.22163305,0.22552669,0.23233789,0.21936402,0.24357781,0.20038548,0.2622492,0.31204134,0.21409675,0.24154949,0.25554726,0.2375946,0.22672817,0.23378548,0.2351388,0.2720541,0.23833263,0.216306,0.2178883,0.23091328,0.24098116,0.22323507,0.22875023,0.24322957,0.22973001,0.24521592,0.24533367,0.24900451,0.22351879,0.21205553,0.23600048,0.21604985,0.22180048,0.20595905,0.22637942,0.24293453,0.25160694,0.2104471,0.2656794,0.25078568,0.20501819,0.23412254,0.24261099,0.23406309
0.211174,0.1767264,0.18652606,0.19772002,0.19702163,0.17528966,0.18057153,0.19247553,0.17659703,0.16604309,0.20581138,0.17162937,0.18614739,0.18116915,0.19996178,0.18460813,0.19329518,0.18423742,0.15558046,0.16064036,0.16721117,0.18190956,0.17171395,0.16248134,0.19874564,0.19235212,0.15814987,0.18247434,0.19129401,0.18117279,0.2002295,0.20400769,0.15765314,0.17153755,0.18656242,0.20944813,0.18591774,0.19522527,0.16835883,0.20870623,0.16057524,0.19868755,0.18477127,0.16042091,0.18537605,0.18486089,0.1932551,0.17147529,0.14708781,0.18679446,0.22572678,0.15591799,0.19269305,0.16101873,0.18081251,0.18352374,0.16286394,0.19082302,0.1862995,0.18491212,0.19454014,0.16585976,0.16754118,0.1806249,0.16649531,0.1455906,0.16794783,0.18831456,0.16634655,0.1694256,0.17935821,0.16488197,0.16589266,0.17058638,0.1790964,0.18433166,0.18139952,0.20175299,0.1919289,0.206723,0.17038319,0.15291145,0.16350734,0.21497518,0.20066315,0.19223878,0.17431828,0.17696908,0.1742582,0.18427664,0.16841474,0.22012538,0.19327211,0.17298296,0.17715263,0.17643082,0.17187822,0.15573987,0.2198911,0.16933742,0.16524026
0.21370383,0.13500097,0.16572216,0.1579513,0.15171753,0.14901112,0.14775741,0.17668495,0.17574674,0.107523195,0.17722598,0.13656472,0.18009877,0.1611007,0.14977321,0.13814098,0.18191811,0.1875225,0.18095371,0.16835916,0.15287289,0.14413515,0.17911863,0.13055609,0.162952,0.13835786,0.15473107,0.15291715,0.15056038,0.16756919,0.15660977,0.12065496,0.15004303,0.1793268,0.15100126,0.16038616,0.18971172,0.17222658,0.13873547,0.18649802,0.16564912,0.18061823,0.123296596,0.17023748,0.18070048,0.15624192,0.162422,0.20045361,0.13536596,0.18288451,0.15455711,0.19379976,0.1556257,0.1668877,0.16935498,0.18164012,0.18726209,0.13424529,0.18237078,0.14850214,0.15230626,0.13765858,0.14110538,0.14925799,0.15736926,0.19292098,0.19761041,0.15338555,0.1730645,0.16649061,0.14586094,0.18246105,0.11420472,0.17302042,0.1490857,0.18003923,0.13547498,0.13723433,0.18144229,0.15853018,0.16098246,0.14900666,0.11498127,0.14314306,0.1291003,0.14714783,0.16190591,0.17219743,0.17577663,0.18607497,0.13951196,0.1278064,0.18018022,0.17165694,0.12608567,0.1673733,0.15898386,0.20694864,0.19004565,0.18304688,0.1414275
0.2141637,0.24216172,0.19190091,0.20734477,0.17181477,0.17717507,0.18494621,0.20281664,0.20780551,0.19463447,0.17733803,0.19254142,0.19247094,0.21775419,0.19574192,0.1685526,0.17301911,0.16790563,0.20310813,0.19753855,0.1914249,0.18453047,0.23745105,0.210881,0.21492553,0.20192659,0.23286909,0.20869502,0.21244994,0.21201885,0.20373407,0.2305851,0.20465338,0.22575024,0.19767568,0.21689788,0.20308954,0.18498561,0.19378203,0.19401646,0.21198043,0.19432098,0.19371772,0.21542758,0.20385283,0.19314414,0.24284276,0.22216672,0.19683835,0.18682879,0.19419712,0.17027864,0.19325772,0.26113102,0.1798543,0.18136197,0.23114523,0.1817956,0.21565911,0.1966188,0.18288055,0.23011911,0.2599301,0.20479888,0.19279388,0.19823855,0.19144869,0.20067486,0.19332051,0.21238574,0.22183502,0.1958538,0.20304182,0.18219867,0.18804854,0.2052016,0.19774571,0.19431463,0.21767613,0.22803989,0.19792113,0.20053452,0.21345478,0.24913365,0.23344445,0.17898303,0.20531148,0.21174243,0.21659788,0.1877628,0.18372533,0.1943022,0.20783576,0.19863218,0.19621682,0.20100358,0.21961945,0.20616338,0.21386856,0.21485761,0.1980508
0.21456826,0.27924326,0.27140558,0.28876507,0.26764077,0.2765618,0.30798846,0.3071403,0.26896745,0.2703798,0.27986547,0.26481202,0.27672607,0.2843649,0.2614771,0.2738235,0.28394604,0.2521585,0.2601016,0.26340675,0.25349116,0.24081975,0.2903085,0.2550108,0.248636,0.26408765,0.26225796,0.26446393,0.23373514,0.2661657,0.2739775,0.2734969,0.26852754,0.27354237,0.2735471,0.24051541,0.2588114,0.27813983,0.24952227,0.24713981,0.26395753,0.29476464,0.24291044,0.2576152,0.26595104,0.27827933,0.30349764,0.30195493,0.2624988,0.23926884,0.26523915,0.25980565,0.26201472,0.28802744,0.2787585,0.2500372,0.26177612,0.27528688,0.27037564,0.26952115,0.24471042,0.24864602,0.22914147,0.2850641,0.25093967,0.27312636,0.2793783,0.27298185,0.2641387,0.2934923,0.24761921,0.25640112,0.2432436,0.25361273,0.25773385,0.28075606,0.29648966,0.24444956,0.26559743,0.28917897,0.28454027,0.22881839,0.27064866,0.2934568,0.23271939,0.26250052,0.27472726,0.26186556,0.25914937,0.2502419,0.25989604,0.3054579,0.24438605,0.26493457,0.23759282,0.25653625,0.25427073,0.26449698,0.26151413,0.30618507,0.28232163
0.21473452,0.23584503,0.23351258,0.24223468,0.2479716,0.23879617,0.2565776,0.24322358,0.2337971,0.25185865,0.25359234,0.237746,0.2666098,0.27387345,0.24101573,0.23850694,0.24809793,0.24529222,0.2587598,0.20510104,0.25653893,0.25960442,0.26025572,0.2685974,0.23265761,0.2914581,0.28332844,0.23656443,0.2645251,0.25122562,0.28627437,0.239907,0.23569223,0.2639659,0.2577316,0.27845854,0.2575242,0.2731416,0.27280292,0.22642767,0.28614876,0.2885178,0.26459157,0.23509166,0.2206597,0.29488105,0.29292506,0.23578301,0.2583304,0.23223501,0.25052652,0.281849,0.26392916,0.22356442,0.24160811,0.25270766,0.24536684,0.23583713,0.2660937,0.27057925,0.2699101,0.2603187,0.25481868,0.24894893,0.26210836,0.25302175,0.24247935,0.26924717,0.24131119,0.23235312,0.25250491,0.24308702,0.227337,0.2508805,0.21410269,0.22681546,0.25228962,0.27295092,0.24427319,0.2601788,0.24683568,0.29581898,0.24178854,0.2745354,0.25305673,0.22441834,0.25736627,0.24565497,0.23927525,0.25601214,0.26186815,0.25217474,0.27945936,0.2465586,0.25461817,0.25499776,0.25306654,0.25029865,0.23746297,0.25135258,0.25696856
0.21596693,0.22446448,0.21957135,0.23265299,0.21362624,0.23453966,0.22736725,0.21468735,0.20189029,0.19606963,0.21332294,0.23759764,0.2065961,0.19203132,0.21787912,0.25253722,0.2197882,0.197703,0.22214818,0.20849726,0.20150614,0.2031112,0.19771051,0.22001559,0.23413908,0.22940466,0.19545323,0.18908444,0.22440937,0.22632423,0.20923087,0.21286261,0.21238092,0.23065737,0.22668242,0.21029297,0.2644362,0.20383054,0.22877917,0.2534297,0.22450623,0.22808439,0.22392437,0.1932522,0.21323934,0.21041232,0.23624533,0.20727828,0.21579918,0.2319395,0.24259624,0.23085707,0.21447659,0.24831662,0.21691501,0.21879181,0.22512919,0.23810866,0.22452116,0.26003888,0.20537752,0.2214526,0.24778312,0.21841767,0.21990475,0.23584464,0.21809,0.21222463,0.20099711,0.18600932,0.21208775,0.22695217,0.2231966,0.20543912,0.20148689,0.20333466,0.23310983,0.20794713,0.22765195,0.21042621,0.21647081,0.22630617,0.2315087,0.20232347,0.21115813,0.22874305,0.22288069,0.24422833,0.22871804,0.22878739,0.21752092,0.25013477,0.2220943,0.21701771,0.19799113,0.23506632,0.26349437,0.20067447,0.20686176,0.2379596,0.21055257
0.21947758,0.26344845,0.2061595,0.21054906,0.19773379,0.25506192,0.23309982,0.23244563,0.24396592,0.2527108,0.28327578,0.21455374,0.22358352,0.22282982,0.21201348,0.22950265,0.23091462,0.26384884,0.21911103,0.25461465,0.24230486,0.26153582,0.21353254,0.22678384,0.2411581,0.25988162,0.23278871,0.2632821,0.23489183,0.24767202,0.23897648,0.1975927,0.2121878,0.22293368,0.22553012,0.2129398,0.23543033,0.23246971,0.23938218,0.2465362,0.22363204,0.22727376,0.2623834,0.24979171,0.2340174,0.21914014,0.1959584,0.21814346,0.23533815,0.22024202,0.2290385,0.2206383,0.25924444,0.21537048,0.25408995,0.2361941,0.23157084,0.24172464,0.2662763,0.23466828,0.23117095,0.20477694,0.2573352,0.24881008,0.21322912,0.2763828,0.2240057,0.24173707,0.23759681,0.25566116,0.23391217,0.23856011,0.23936215,0.23964372,0.25927782,0.2149202,0.25686273,0.22826073,0.23722133,0.25983498,0.19660532,0.251792,0.23496756,0.23576316,0.2360661,0.20646435,0.2591827,0.2367253,0.24489224,0.26398417,0.25014883,0.20543921,0.23144907,0.24625492,0.21588358,0.20995027,0.27169973,0.23820332,0.2788077,0.23900512,0.22180134
0.22095454,0.21741787,0.21890971,0.22584924,0.17148569,0.21548435,0.2058666,0.20861965,0.20400745,0.22409105,0.22179163,0.21511236,0.18702072,0.213462,0.23183745,0.19671589,0.21257019,0.1910705,0.21912888,0.22798735,0.20115358,0.22268805,0.2120497,0.18664217,0.19800934,0.20957106,0.20466042,0.20223358,0.22885981,0.20784047,0.21202302,0.21265092,0.23394987,0.24187496,0.20971999,0.24198589,0.24903339,0.21981859,0.21496129,0.22990528,0.21738714,0.2320548,0.21269411,0.22348577,0.20028675,0.22288942,0.22994375,0.21856031,0.2257841,0.26467013,0.23326078,0.24204543,0.21829057,0.19897702,0.21779788,0.23409134,0.19520766,0.22211018,0.20469919,0.22434825,0.24951595,0.21899772,0.201229,0.22567567,0.2172885,0.18929014,0.21380612,0.21817252,0.19005415,0.20597756,0.21822357,0.20743763,0.23410738,0.19223821,0.18738806,0.21768239,0.21120426,0.21018556,0.23773208,0.2122632,0.23597497,0.2428138,0.2101404,0.22002378,0.17787427,0.24051884,0.18392423,0.2355009,0.21340117,0.2046093,0.20214206,0.23426512,0.20658013,0.21224645,0.21981445,0.20982248,0.212625,0.20623538,0.211847,0.23017249,0.21046239
0.22102563,0.23425835,0.23999745,0.27001113,0.24368918,0.23614174,0.23295328,0.26802653,0.23574471,0.21019047,0.21749589,0.25161406,0.22744063,0.25142297,0.23629889,0.28323942,0.2644401,0.23861805,0.22409266,0.2297517,0.26543656,0.24320203,0.27153465,0.22623941,0.24354523,0.2470625,0.25671974,0.23885584,0.271956,0.26021308,0.26005563,0.24613571,0.2565319,0.2569086,0.24175948,0.23806629,0.23403704,0.27774385,0.25785816,0.2587105,0.23619768,0.24337715,0.25034386,0.23846436,0.24603179,0.2274397,0.25001192,0.23921782,0.2257767,0.256031,0.2516298,0.28849238,0.25428993,0.2617093,0.23892051,0.2640409,0.23226845,0.23060933,0.23445046,0.26823318,0.2631871,0.25874984,0.25725073,0.25495037,0.24285606,0.247367,0.2830906,0.2476379,0.20922524,0.23467988,0.25045148,0.24860004,0.27716213,0.21035439,0.27637866,0.26183385,0.21161065,0.24858955,0.23161137,0.22323427,0.22913441,0.2112168,0.24028167,0.24223584,0.23193413,0.23278183,0.28630808,0.25403127,0.22618377,0.23013663,0.28869,0.23516259,0.23836598,0.23780847,0.23186368,0.25189754,0.2503546,0.23565593,0.21874973,0.25257295,0.24600509
0.22103494,0.1982966,0.21154398,0.20791385,0.208078,0.20598477,0.19535652,0.19573334,0.21101081,0.1879417,0.20161825,0.20387924,0.21158916,0.20885205,0.19026968,0.20268413,0.18976495,0.24398333,0.18480617,0.21459597,0.22555134,0.18238068,0.21323967,0.21575621,0.2525875,0.20525968,0.22136825,0.25400513,0.22237566,0.19332623,0.2225681,0.19514841,0.19564325,0.21921617,0.18074816,0.22001126,0.18490434,0.18642434,0.21195003,0.2052458,0.19668448,0.21085984,0.19388112,0.21305409,0.20240459,0.18456897,0.19108629,0.19984424,0.22656986,0.23980936,0.19056967,0.22714564,0.18028772,0.20245841,0.19039077,0.22468477,0.20870554,0.19498882,0.19069055,0.17769584,0.19811693,0.24290958,0.19279465,0.21157163,0.21198863,0.2049532,0.1889286,0.20770895,0.18797076,0.19439673,0.16832048,0.21185431,0.19798884,0.18449137,0.19386813,0.21917585,0.22026223,0.19262502,0.22436878,0.20311785,0.18366578,0.20164949,0.20295629,0.18129015,0.20941341,0.22629535,0.18486157,0.17731932,0.19569868,0.22695768,0.2122108,0.18338302,0.19048464,0.24032396,0.18637082,0.19956866,0.21308178,0.22144419,0.19770283,0.21738079,0.21825957
0.22120683,0.28186792,0.24692312,0.254053,0.25322542,0.2602242,0.2634544,0.29131064,0.30726302,0.28206494,0.27856603,0.26710713,0.27326795,0.25544596,0.24809965,0.3064576,0.28229105,0.27068982,0.24399602,0.28572124,0.2737908,0.26876518,0.29210818,0.26958853,0.30418903,0.26918715,0.28939724,0.27790377,0.26449585,0.31425947,0.2264561,0.2816411,0.28122866,0.29775023,0.27711567,0.2672681,0.2623533,0.2563433,0.26867822,0.27371868,0.27602634,0.2449598,0.28914866,0.30338538,0.32088473,0.26298806,0.26393437,0.2624141,0.2654568,0.2966019,0.25225264,0.27769145,0.2777932,0.2673178,0.25990677,0.23882616,0.26173565,0.2640612,0.2737049,0.27316695,0.23684177,0.24536961,0.2848385,0.29730222,0.31206,0.28461885,0.28342527,0.25402057,0.25076094,0.311736,0.25916278,0.24967065,0.27332667,0.27859426,0.26098278,0.3203261,0.28732842,0.29354328,0.26895148,0.30077982,0.28517768,0.2577622,0.2708337,0.25249827,0.23550117,0.2920109,0.28628227,0.26807928,0.2530083,0.27260992,0.25910968,0.24540278,0.30477917,0.2681724,0.28602996,0.25757962,0.27427837,0.2619299,0.30826896,0.22821653,0.267388
0.22131582,0.21932316,0.20321158,0.22339746,0.2134937,0.24872655,0.22667706,0.20075348,0.23682636,0.2205024,0.22276923,0.24146989,0.21392247,0.22060615,0.23544529,0.21435186,0.2198394,0.22879201,0.24768117,0.21543479,0.22467843,0.23575169,0.19709933,0.24402672,0.26909617,0.23186871,0.22671431,0.22978559,0.22403395,0.18444091,0.24795699,0.27706566,0.23788455,0.19581431,0.22728425,0.22547734,0.26654392,0.23923329,0.20089784,0.23451105,0.2189183,0.22663945,0.18170694,0.23408633,0.20983043,0.2325939,0.24025959,0.23946977,0.21109477,0.2176221,0.22699445,0.21387753,0.22553211,0.25423998,0.27983057,0.2609766,0.20917836,0.18925798,0.2600329,0.203426,0.22631967,0.23767784,0.23504972,0.23364216,0.23794186,0.21997255,0.19564354,0.26371926,0.24458435,0.23392975,0.22906974,0.19276896,0.2507706,0.2526204,0.2414371,0.25714612,0.22781676,0.2307873,0.19917929,0.2198722,0.19926846,0.24093547,0.23075166,0.2186214,0.20476413,0.21622702,0.21502885,0.25060257,0.20160654,0.25639755,0.20561579,0.22168943,0.2423163,0.25207058,0.2333363,0.22812107,0.26029006,0.21268815,0.2095176,0.22838989,0.20353869
0.22317223,0.2576988,0.2334351,0.23112825,0.18170667,0.22622675,0.21494272,0.23672304,0.22485149,0.19700795,0.22203055,0.23436677,0.21529973,0.21095392,0.1958681,0.17767408,0.21649,0.17865124,0.22168466,0.21501061,0.19183582,0.22153541,0.23609984,0.2216427,0.21642938,0.2144759,0.1998938,0.22508729,0.20031372,0.20825794,0.23076555,0.20878538,0.23023194,0.24164131,0.2184284,0.22609556,0.20493272,0.22829658,0.24200672,0.19576415,0.20164615,0.23685199,0.23474985,0.21406376,0.23562336,0.24594739,0.20358422,0.19767454,0.20031458,0.21589082,0.22578049,0.24517736,0.2046035,0.20453513,0.19834971,0.20097518,0.23237869,0.1937432,0.21144268,0.21582249,0.21486658,0.22198755,0.21679181,0.2164754,0.180487,0.17973566,0.23172483,0.19615093,0.19888014,0.23087335,0.21429694,0.216537,0.22225383,0.21142563,0.1870077,0.2037653,0.2278921,0.1828267,0.221026,0.21855417,0.19244155,0.20012537,0.20192382,0.18710837,0.2164019,0.20329037,0.19576257,0.21339178,0.18595284,0.21597388,0.21052456,0.21419692,0.20957989,0.19675541,0.22160664,0.23255137,0.19917336,0.19305411,0.22716856,0.19888863,0.22497356
0.22331025,0.21286449,0.2748095,0.23200041,0.22594368,0.24278969,0.237701,0.21855912,0.22960636,0.24549598,0.22307023,0.25008813,0.26285607,0.24472445,0.2257702,0.23757657,0.24376333,0.24895078,0.23866493,0.24079546,0.27950665,0.2672839,0.23498875,0.2576874,0.22223079,0.25977176,0.2390044,0.23506439,0.21024102,0.26896343,0.20959878,0.22014952,0.26473284,0.2667775,0.24634257,0.242255,0.23637867,0.22014627,0.21779874,0.22243378,0.2285968,0.23959067,0.24057752,0.22052723,0.22724837,0.20986891,0.26728308,0.25416532,0.24371934,0.23456535,0.24761963,0.25159255,0.24682555,0.26692024,0.21755609,0.26950642,0.21836495,0.26404238,0.22217885,0.22968763,0.24305606,0.26445487,0.21341306,0.24550548,0.2179389,0.23949254,0.2306059,0.2501224,0.2036354,0.25766513,0.2558244,0.21797365,0.2485275,0.25857177,0.21265581,0.24631086,0.22593519,0.2622179,0.25815618,0.24292383,0.23743615,0.23845759,0.24630988,0.21921158,0.21844006,0.23404267,0.26663795,0.2747687,0.23422596,0.224621,0.2575921,0.24411732,0.2673931,0.21710801,0.25130883,0.2729787,0.28272343,0.23573035,0.26799753,0.24601427,0.22103354
0.2239393,0.21251148,0.21512333,0.20459464,0.21039763,0.23594439,0.21393844,0.18986872,0.1909833,0.21413514,0.22941527,0.2211251,0.22530356,0.21441191,0.2317192,0.2071155,0.18854386,0.24582893,0.18767112,0.19160265,0.23382321,0.23648787,0.23347539,0.17505443,0.19161654,0.21645743,0.21581733,0.21937773,0.21831763,0.19478828,0.21028522,0.20507184,0.2329489,0.2363326,0.21312022,0.2099199,0.22482586,0.20551541,0.20903364,0.20965698,0.18385771,0.19351074,0.20387352,0.22169921,0.23959532,0.19237041,0.23864001,0.21389067,0.2013458,0.23200047,0.21375373,0.20208964,0.21249428,0.217956,0.23393139,0.24769449,0.20405102,0.20218116,0.19913316,0.21299064,0.17686358,0.21128812,0.22907475,0.2389445,0.22662282,0.21883541,0.20887887,0.23722276,0.21188012,0.22019598,0.20231304,0.2117526,0.19827661,0.20958695,0.2538827,0.19666222,0.2139728,0.24537024,0.16944605,0.21067408,0.20873412,0.19537535,0.22646964,0.20762295,0.20405537,0.25334188,0.21724772,0.2040123,0.21950829,0.21614593,0.2254116,0.18820989,0.21360719,0.20728794,0.20917705,0.22566226,0.22364417,0.20341942,0.20402023,0.2204999,0.20056945
0.22591461,0.26551735,0.29242736,0.23474833,0.25019452,0.21440119,0.2200714,0.25573355,0.24832782,0.2474136,0.25044525,0.2552722,0.21118674,0.23418176,0.25802934,0.24014825,0.23522583,0.24818602,0.2396231,0.26187372,0.25703114,0.23149249,0.25926667,0.23269767,0.26598155,0.28399032,0.25178415,0.28846478,0.23289114,0.25641364,0.30574903,0.29234296,0.26808557,0.2792822,0.23309496,0.24884686,0.26729098,0.22003275,0.24542323,0.26051563,0.25669885,0.215769,0.23104295,0.27419522,0.25221017,0.2567923,0.27378285,0.2337211,0.22408184,0.2585173,0.23571807,0.23407277,0.20528513,0.2678134,0.257258,0.26678255,0.24342147,0.244852,0.24856836,0.25819573,0.2184389,0.27288163,0.22949022,0.23348832,0.23749846,0.25518087,0.28156266,0.24649072,0.2250117,0.25207072,0.27958208,0.22344545,0.2766373,0.23772156,0.23922053,0.25142187,0.27152348,0.241306,0.25697532,0.32527345,0.2592135,0.27387214,0.22676772,0.26747298,0.24719879,0.25210837,0.23673001,0.24619612,0.23328656,0.261421,0.25253594,0.24800411,0.25152794,0.23274654,0.23189011,0.2810442,0.23281178,0.24397448,0.2262857,0.2235831,0.24741057
0.22684282,0.29089326,0.2781616,0.25564525,0.25969785,0.2674453,0.2678105,0.25469735,0.2624869,0.2621095,0.25997692,0.25715655,0.25928304,0.289752,0.26802447,0.28517464,0.26169115,0.28787345,0.2611449,0.26903066,0.2815217,0.2324537,0.25484708,0.24648094,0.28655693,0.25388017,0.27671424,0.2579109,0.26921245,0.25884074,0.2508966,0.24154767,0.3029721,0.24876782,0.24138942,0.24191305,0.29667026,0.26067135,0.24966547,0.259589,0.26847804,0.25097996,0.27656487,0.29893863,0.28052613,0.27382982,0.2307437,0.23021373,0.2535232,0.2807673,0.2581907,0.25517952,0.26264253,0.26424974,0.29774278,0.25839472,0.28841364,0.25701824,0.26796332,0.28142142,0.2796712,0.24469045,0.26837128,0.25609034,0.2936039,0.28286776,0.27301335,0.27070323,0.29298854,0.30026543,0.25661635,0.26526967,0.26958522,0.28502065,0.2918307,0.29154396,0.24635574,0.29147694,0.26378486,0.27731794,0.27254218,0.2741929,0.28177422,0.28246564,0.29386073,0.25014406,0.2848563,0.27264035,0.2951012,0.27778378,0.29004413,0.2744805,0.27564633,0.27173325,0.28444263,0.25827888,0.26883456,0.2548098,0.26049224,0.2867503,0.28411707
0.2270123,0.20156732,0.1973823,0.21871564,0.2554198,0.2580481,0.23346812,0.21642503,0.20764318,0.21601784,0.22515771,0.2475949,0.23815545,0.20084614,0.22893688,0.23105654,0.23787674,0.23186705,0.206583,0.22194362,0.2605612,0.23997018,0.26148954,0.20874086,0.21177584,0.23955232,0.20362762,0.23229069,0.2198498,0.25656483,0.2272129,0.25828812,0.23202804,0.21616495,0.2763038,0.21598253,0.20946181,0.24393985,0.22781101,0.20967436,0.21564224,0.24833786,0.207154,0.24695146,0.23427433,0.23826149,0.22702572,0.20686486,0.25988716,0.21824786,0.24702188,0.24407747,0.23720607,0.22479165,0.24451289,0.26412866,0.23865059,0.2312006,0.25259635,0.17113125,0.30711174,0.20963803,0.2677782,0.21377602,0.2288324,0.19173253,0.25577006,0.21969062,0.2271257,0.27517602,0.23611698,0.21016645,0.24603227,0.22428674,0.21761444,0.22282597,0.19552988,0.28057462,0.17780092,0.18546692,0.2782597,0.22637755,0.22620425,0.24775738,0.25881067,0.1941495,0.21779624,0.22319078,0.2252995,0.23070943,0.25337383,0.2156125,0.26612717,0.2165384,0.23268458,0.19473204,0.19807857,0.23808625,0.2274164,0.22776186,0.22588244
0.2295168,0.21989524,0.22450575,0.22952455,0.21542445,0.21660414,0.24749017,0.24767223,0.24346814,0.237151,0.2577782,0.2171903,0.20026934,0.20583126,0.22443014,0.22768778,0.2337093,0.21533936,0.22668794,0.23784935,0.22891754,0.24295813,0.2264457,0.20525879,0.20979646,0.21471971,0.23515391,0.18798766,0.23388776,0.24208352,0.22032115,0.23079896,0.20682147,0.21510512,0.20410854,0.2900615,0.25198016,0.21274936,0.2117607,0.22197095,0.20577866,0.24572292,0.24428025,0.20654869,0.20732531,0.21710491,0.20275402,0.24137247,0.22487515,0.2262949,0.21461451,0.24444246,0.25767237,0.22453281,0.22808143,0.23635325,0.1994429,0.22121122,0.19534335,0.23890227,0.22583872,0.22956848,0.26133603,0.21157756,0.26666307,0.26681933,0.2082038,0.23234162,0.23444381,0.21933651,0.22185314,0.2309871,0.22157216,0.22654352,0.21597445,0.23160908,0.20053738,0.23260728,0.21714577,0.23669535,0.21495074,0.20530781,0.25188056,0.21483162,0.21618769,0.24028003,0.23187271,0.20283777,0.24720007,0.23735258,0.25815552,0.22928724,0.24685967,0.2318238,0.22225437,0.22415644,0.22681054,0.24421486,0.21936065,0.21175072,0.20195788
0.2300571,0.23931906,0.21432272,0.24071825,0.27626392,0.22731832,0.24581775,0.2778473,0.22794792,0.22089055,0.21510065,0.24499848,0.24224585,0.24549162,0.23732108,0.23736757,0.236934,0.20737556,0.24111474,0.24961811,0.27002826,0.21754655,0.25845674,0.2562244,0.2749059,0.23479363,0.23146632,0.27066752,0.22783381,0.21610418,0.26187605,0.261939,0.24283215,0.25357485,0.23138082,0.23645869,0.25505367,0.22133625,0.2530863,0.2813816,0.23659587,0.24576351,0.23998171,0.23497066,0.28437957,0.23269677,0.2669154,0.23307145,0.23155776,0.2592146,0.2227608,0.2410014,0.23772344,0.28075737,0.2493988,0.24610335,0.25444138,0.25824204,0.23502931,0.2579399,0.25555408,0.23667514,0.2367504,0.26379314,0.22493312,0.25996003,0.23589146,0.25717336,0.24089462,0.26670602,0.2512089,0.25100443,0.21861151,0.22973493,0.26035267,0.21729252,0.22591773,0.25388205,0.24983117,0.27506688,0.21510157,0.20520851,0.25205582,0.24528554,0.26005262,0.2361502,0.23032525,0.2551714,0.2158261,0.22780266,0.23676011,0.27985695,0.2412844,0.25762427,0.22988814,0.247935,0.21669695,0.2692735,0.21849251,0.24356934,0.27444014
0.23234318,0.20692503,0.21280807,0.21788505,0.2278677,0.20452744,0.26518387,0.22399342,0.22603258,0.2586995,0.22713283,0.22695425,0.22000399,0.24078739,0.2198095,0.23127356,0.22878337,0.20779842,0.21306342,0.23814973,0.23390034,0.25162846,0.23332864,0.25023872,0.21356353,0.22562444,0.2323918,0.22827268,0.21572432,0.21404365,0.22287297,0.22385588,0.22379068,0.21619889,0.23827735,0.23157397,0.24240068,0.20877546,0.22861543,0.20655617,0.24625626,0.25020134,0.24172392,0.23567736,0.25595984,0.21549895,0.23826438,0.25472218,0.231608,0.23018438,0.22505715,0.21477586,0.20748395,0.22584084,0.22715908,0.21190816,0.23008129,0.22969294,0.2556591,0.23723164,0.24700618,0.23334888,0.23516917,0.21180084,0.21795362,0.23310512,0.22000864,0.24077776,0.2161577,0.24846905,0.22188199,0.24295089,0.22628418,0.24103326,0.23310924,0.21840975,0.2205337,0.24370036,0.2569191,0.22512248,0.21053866,0.24294093,0.21367273,0.23245153,0.23564711,0.20620066,0.27081984,0.23103383,0.21612704,0.22682753,0.27214208,0.20778424,0.20979136,0.24326214,0.2346695,0.24220163,0.22385523,0.1866149,0.22876006,0.22890341,0.20989153
0.2327293,0.21105945,0.21398598,0.18884891,0.20971856,0.19041586,0.22073108,0.22985727,0.21084854,0.1937033,0.22583523,0.20438313,0.19907385,0.2078344,0.22267601,0.22599512,0.24709332,0.22534475,0.15787852,0.18107378,0.23700213,0.19637462,0.21320733,0.1795187,0.19457272,0.20265713,0.18958238,0.2112796,0.18172848,0.24281937,0.22570509,0.20342168,0.2132653,0.18430397,0.1866852,0.17850953,0.2545752,0.20189479,0.21616995,0.22087607,0.22508207,0.200575,0.23443407,0.19450825,0.18937439,0.25062874,0.22903621,0.21638414,0.20582646,0.20927265,0.19376832,0.22446337,0.22608933,0.17899105,0.18998459,0.20648319,0.19439438,0.22923541,0.21974847,0.15016243,0.1802428,0.19608003,0.22086707,0.19412503,0.21626934,0.19286165,0.21439892,0.22307074,0.18746066,0.20473054,0.23798689,0.18301547,0.21166739,0.24035636,0.17313272,0.20622021,0.19747162,0.2106778,0.18390211,0.23011023,0.18723077,0.20568222,0.21152121,0.20549202,0.19858181,0.19867569,0.19121796,0.19512191,0.1846788,0.20455873,0.22375196,0.20565647,0.179232,0.19753659,0.19224271,0.18287578,0.20456627,0.273987,0.17973378,0.21227336,0.2442717
0.235103,0.25077748,0.253761,0.27491143,0.28046775,0.24292213,0.26502186,0.27416793,0.24597472,0.23361132,0.25759256,0.247412,0.27443,0.24613863,0.24651262,0.28004298,0.23932514,0.25272018,0.2661685,0.25191623,0.22113872,0.26241535,0.2672738,0.27057314,0.28147486,0.27631035,0.28892833,0.24374744,0.25449944,0.24714497,0.28843406,0.25780982,0.30023304,0.24431324,0.26242766,0.24089497,0.24801692,0.25937772,0.28850922,0.24398547,0.2472535,0.2333054,0.25712094,0.2453551,0.24350485,0.28891975,0.28849,0.29196918,0.27400297,0.27076775,0.2577236,0.25015748,0.28491005,0.3068877,0.24806869,0.25210223,0.2707633,0.21533859,0.28056812,0.27003622,0.23851138,0.24099877,0.26275775,0.289404,0.26267907,0.25319055,0.21934447,0.2524187,0.26532063,0.23868364,0.2422103,0.2636366,0.29075375,0.2700722,0.28983894,0.28496152,0.2435979,0.26782054,0.25994912,0.23606473,0.24930358,0.25726864,0.28725103,0.27431253,0.27868548,0.29219913,0.23854327,0.28296614,0.29825908,0.24829805,0.28273743,0.24855989,0.27463642,0.25855958,0.25808194,0.27234057,0.27864257,0.2550208,0.29268697,0.2422356,0.29382658
0.23697032,0.22619739,0.25258148,0.21879527,0.22636124,0.29259545,0.24930817,0.27665317,0.23162705,0.2814123,0.22413033,0.24709868,0.2094726,0.23664656,0.24267763,0.2178567,0.2657511,0.2574121,0.27453265,0.21672103,0.25959364,0.2604524,0.26181003,0.23632017,0.24270287,0.2559035,0.26529363,0.25651652,0.26317108,0.2528372,0.27215207,0.2373291,0.26956367,0.21982968,0.25441766,0.2370632,0.24069217,0.25753847,0.2591507,0.27057317,0.23878363,0.2489729,0.23137808,0.29143888,0.27052397,0.26854837,0.22207668,0.23638341,0.2500867,0.25773132,0.26074782,0.26883882,0.26232964,0.2595885,0.25464734,0.23903024,0.28232566,0.25206134,0.2661845,0.2712148,0.31168342,0.2641034,0.26614738,0.23984006,0.24865383,0.23956093,0.24775177,0.25044382,0.25545233,0.25479665,0.23801038,0.22225598,0.2775053,0.21395347,0.24305323,0.25686735,0.24896905,0.2824905,0.24855259,0.22945434,0.24014619,0.24862006,0.24902335,0.24600637,0.24523267,0.2854753,0.23404512,0.24308121,0.27855954,0.236193,0.2281358,0.27040443,0.26964074,0.2595315,0.23553348,0.2596651,0.27233842,0.20668006,0.26449767,0.20972145,0.2471543
0.23731287,0.2570993,0.27492052,0.26270577,0.25956428,0.27578527,0.28596687,0.26900083,0.27112,0.27003944,0.2575109,0.25968024,0.28088176,0.2681076,0.30751058,0.26190323,0.268731,0.27416533,0.25858802,0.2393353,0.27316168,0.23810562,0.25655502,0.27548447,0.22603488,0.29037818,0.2639809,0.28965098,0.26562738,0.27049825,0.26822895,0.29210234,0.25153077,0.2548619,0.27398482,0.25505492,0.2715527,0.24616948,0.2570012,0.2840585,0.25211194,0.2681537,0.2757276,0.28519982,0.3044807,0.24984252,0.31217998,0.2786939,0.2266928,0.26737493,0.26908982,0.2581145,0.25614497,0.2960886,0.30061793,0.27449897,0.2749402,0.24765718,0.27769345,0.25284082,0.263324,0.27431569,0.28386757,0.269348,0.23044044,0.2673355,0.3013597,0.2637195,0.285248,0.26886696,0.24530545,0.26043922,0.26791033,0.26526517,0.25201067,0.24015874,0.2803603,0.26243344,0.2488558,0.25633153,0.24360847,0.27594975,0.26703402,0.2627471,0.2646196,0.2650449,0.25504884,0.2763376,0.2545774,0.2605156,0.31192067,0.25608018,0.2884389,0.25760147,0.2850452,0.26986128,0.26333365,0.2653025,0.3009451,0.3129457,0.254713
0.23984154,0.41732842,0.33663523,0.35913664,0.33396596,0.37799078,0.36128408,0.3531266,0.34629747,0.3344659,0.33673063,0.34049714,0.3426411,0.3234862,0.35099047,0.34076917,0.3477136,0.32552907,0.33451307,0.319763,0.31643945,0.40076402,0.33901426,0.34770572,0.35369784,0.35164592,0.3178119,0.34301153,0.33953357,0.31212747,0.31132343,0.3257553,0.3183547,0.33631247,0.35272542,0.34862554,0.36201203,0.3061412,0.3425424,0.3779078,0.35131517,0.34258896,0.36263332,0.34485808,0.3369385,0.36894006,0.34498316,0.35682762,0.34152237,0.34582168,0.3590564,0.37236273,0.32740396,0.31591287,0.33610404,0.33509815,0.35062182,0.33575204,0.39761424,0.31304246,0.35175073,0.3010031,0.35916153,0.32919103,0.38234162,0.3357814,0.32452792,0.35055858,0.36312908,0.33206284,0.32741582,0.32588303,0.30072355,0.32376373,0.35106373,0.34818017,0.29828778,0.34581196,0.3681918,0.38972685,0.36752832,0.32935315,0.34305662,0.34746522,0.32568756,0.35013393,0.356237,0.34815013,0.30936402,0.33833677,0.3811545,0.35860515,0.36305723,0.33336446,0.31820402,0.3634687,0.32131174,0.30526263,0.33635098,0.31200463,0.35889012
0.24144797,0.23744163,0.25555107,0.26108214,0.27517548,0.21610701,0.2583844,0.2574154,0.2716187,0.27327868,0.24458247,0.26391926,0.26553577,0.27557948,0.2698607,0.24437529,0.27037427,0.276486,0.26165247,0.2539598,0.30385524,0.23210728,0.25140223,0.26061675,0.22555026,0.25133097,0.24894124,0.25837797,0.2721605,0.25509185,0.26961574,0.26217422,0.27766398,0.26052436,0.24127021,0.2616869,0.24394399,0.27485058,0.26029184,0.2770959,0.24180236,0.28776088,0.30736986,0.27229312,0.26010218,0.28616044,0.28632888,0.26647404,0.2724359,0.24669433,0.29235294,0.23416054,0.26505005,0.24700469,0.25601724,0.23473293,0.2472027,0.2582097,0.23410365,0.22482216,0.22482681,0.24026647,0.26847756,0.24331182,0.23549753,0.28191212,0.2661207,0.24774209,0.22308058,0.28281942,0.28952003,0.23538175,0.23520306,0.24625927,0.26222575,0.22010896,0.26218575,0.25544035,0.24885449,0.2722159,0.25422305,0.25963658,0.24168411,0.24707294,0.26132116,0.2650103,0.27455324,0.28741774,0.26191953,0.2335437,0.23850697,0.2656629,0.26628092,0.27389324,0.25258124,0.24926472,0.2593366,0.24448359,0.23635384,0.28864706,0.23708728
0.24262774,0.2287372,0.2262027,0.21715653,0.23116997,0.26045498,0.22199014,0.2594952,0.22451961,0.24030179,0.23801723,0.22034791,0.22278735,0.22055995,0.24982646,0.269313,0.23283675,0.2285451,0.22096008,0.2257187,0.23135471,0.22514766,0.24574926,0.22779429,0.23662612,0.2762913,0.24345097,0.20777988,0.21579543,0.20940617,0.21654129,0.20267221,0.24431893,0.26487717,0.23548347,0.23264205,0.23951882,0.24065062,0.23813376,0.22065783,0.19896498,0.22046298,0.21855348,0.2935893,0.23508272,0.2594903,0.20572108,0.24100834,0.2432768,0.23439765,0.23249859,0.18929681,0.20491171,0.23286283,0.20915058,0.21753165,0.22994348,0.22691756,0.25404704,0.21500847,0.21092743,0.24103987,0.29283506,0.23913366,0.24594098,0.21378097,0.2751929,0.2435233,0.21126354,0.228291,0.24293467,0.23139486,0.25547343,0.22469929,0.21357122,0.25647077,0.23290771,0.21592388,0.22313753,0.24068478,0.22582176,0.24636117,0.25033957,0.2531205,0.19989517,0.23487532,0.26473042,0.22659871,0.2080346,0.20125964,0.24882436,0.2560174,0.24242616,0.23970753,0.24621943,0.200733,0.23881537,0.22231299,0.21644321,0.2269448,0.22181252
0.24288563,0.28503218,0.30315927,0.26121017,0.31237584,0.2920108,0.31797856,0.3040656,0.24568269,0.28781956,0.27963722,0.259518,0.3165534,0.27041915,0.27444562,0.2806073,0.27939045,0.28429484,0.310759,0.26685256,0.2989458,0.2731072,0.281926,0.29325187,0.25441623,0.25979513,0.29142702,0.29562572,0.27450514,0.29561502,0.27043125,0.27188054,0.28796452,0.274664,0.28415668,0.27235356,0.2746927,0.26114386,0.29108813,0.300876,0.3025798,0.2922937,0.31280476,0.2808568,0.28422385,0.28257072,0.2831365,0.26131546,0.25625098,0.30277646,0.2875133,0.27796385,0.23530567,0.2852001,0.2769752,0.26368067,0.2971464,0.27567288,0.29143423,0.30193162,0.22702733,0.2963114,0.2925229,0.29213142,0.26700047,0.25019193,0.29824263,0.31129736,0.26916367,0.2646637,0.29202464,0.28451592,0.2903169,0.23826015,0.2852113,0.29342645,0.25332123,0.30214015,0.27415287,0.2823174,0.3337624,0.28110212,0.28679824,0.28174424,0.29647017,0.31107658,0.29073417,0.27607483,0.2986222,0.26230663,0.26760206,0.27164596,0.28537908,0.29434514,0.3079763,0.2579153,0.32135117,0.32962525,0.27822763,0.2793084,0.24939886
0.24304175,0.27196687,0.27855206,0.25956467,0.24308228,0.28635803,0.2682181,0.27149802,0.30836308,0.2908668,0.22060841,0.25199705,0.24089143,0.27065822,0.2723233,0.2632746,0.25244623,0.25395396,0.2882162,0.2651523,0.28601253,0.26257607,0.2660901,0.243882,0.2524321,0.26260167,0.28505135,0.2586577,0.2751108,0.2823185,0.27606428,0.25712794,0.2600935,0.24773937,0.26800865,0.2743174,0.26782018,0.2733275,0.2542107,0.3000845,0.28360188,0.2640831,0.24866802,0.26208147,0.29085624,0.27019626,0.2818533,0.2543975,0.25832146,0.27086696,0.2574521,0.27646613,0.28474313,0.27873603,0.24850813,0.2900242,0.2516438,0.26710865,0.24242607,0.25361183,0.2539843,0.2464968,0.29659227,0.25424933,0.27380612,0.2807044,0.2763924,0.264221,0.24596992,0.22385961,0.2569407,0.28773242,0.26478857,0.27882916,0.2622829,0.27149275,0.27479094,0.24623191,0.27667964,0.2627971,0.2646012,0.2383843,0.24810746,0.2648686,0.23823467,0.2885577,0.25952104,0.31589592,0.25909513,0.26180065,0.27390572,0.26668662,0.28099018,0.2590289,0.29383093,0.24808705,0.25992337,0.25810823,0.2794195,0.24471435,0.24437892
0.24500722,0.2384434,0.21316844,0.24417853,0.22297838,0.28409874,0.23813727,0.25961208,0.2438952,0.23955491,0.25633615,0.23897702,0.2091465,0.2866656,0.24365169,0.2424303,0.22299817,0.2374911,0.23459461,0.28415418,0.24264655,0.2600309,0.23402736,0.23395771,0.26035327,0.23548827,0.23177409,0.25147387,0.2553113,0.22391471,0.22726539,0.2325288,0.25880712,0.23850521,0.22143641,0.26327562,0.20833623,0.2553982,0.2507464,0.23774368,0.21999702,0.24276161,0.241745,0.21120554,0.2496086,0.23062834,0.2370263,0.2776592,0.2208429,0.2475178,0.22808635,0.26741198,0.25960982,0.24309376,0.27964845,0.24698108,0.25118923,0.2320812,0.21447015,0.22286218,0.23361126,0.22744638,0.23790777,0.24808142,0.22927508,0.2529662,0.23145229,0.2321245,0.2262454,0.24162808,0.2617086,0.2588946,0.24918029,0.23918319,0.25785244,0.27451983,0.25364885,0.22447601,0.25703737,0.24316081,0.2621074,0.25189346,0.23649746,0.22320673,0.2520796,0.25454906,0.23379004,0.24924695,0.22808152,0.26630273,0.23382166,0.24974003,0.2371096,0.23230633,0.23234937,0.24829322,0.21074405,0.22703406,0.23540905,0.2659074,0.25123554
0.24580817,0.23772207,0.23344025,0.25117925,0.21537253,0.23863885,0.23629469,0.2509402,0.23877442,0.25182375,0.2829879,0.22526664,0.23665932,0.25325552,0.26999697,0.25098008,0.252013,0.2472373,0.20679638,0.22665006,0.23323092,0.22913426,0.22411013,0.26871482,0.27659792,0.2660208,0.28244272,0.21557516,0.23835233,0.23140353,0.26129276,0.26553357,0.2475389,0.24994847,0.23600811,0.261626,0.25267893,0.23777285,0.23186097,0.23788348,0.27713794,0.23441964,0.24263704,0.22370714,0.26664698,0.22419724,0.21552062,0.24514869,0.25147498,0.23643267,0.25738743,0.24134412,0.25547323,0.2842285,0.27307317,0.2643349,0.23624706,0.23306534,0.22927967,0.25850785,0.25427735,0.24746853,0.24165389,0.23843962,0.25521928,0.2648257,0.23174387,0.23195744,0.20602107,0.24130973,0.26622072,0.23578086,0.24259779,0.25790936,0.23514745,0.21742931,0.24116987,0.26549453,0.24818143,0.24596956,0.21425372,0.26010007,0.26115406,0.229469,0.24715415,0.26302928,0.25260505,0.24052235,0.24790633,0.2881577,0.23344299,0.24846509,0.26181585,0.25288227,0.27798766,0.27939743,0.23478311,0.2538444,0.22318435,0.2322877,0.2225852
0.24735153,0.2714635,0.25972277,0.23207617,0.26018032,0.21111509,0.23581252,0.22878242,0.23222086,0.24848321,0.21802339,0.23789334,0.23779607,0.24727508,0.24324575,0.25919425,0.21922195,0.23456225,0.22674367,0.23768795,0.22490591,0.25932017,0.28482673,0.2325843,0.27811986,0.25875744,0.27326685,0.2596714,0.22254121,0.25231326,0.22838458,0.24330387,0.2639359,0.24783978,0.26963475,0.21192133,0.23556554,0.26065463,0.23598108,0.25783515,0.24272382,0.24010402,0.24054518,0.2584094,0.25051427,0.2324192,0.23980433,0.22738758,0.2284185,0.2460976,0.22997937,0.26617453,0.24796021,0.20164925,0.23838922,0.21006113,0.265832,0.24640399,0.24975511,0.2705998,0.27511698,0.26320532,0.2261543,0.24992806,0.26062185,0.2656199,0.23597291,0.24837592,0.25449762,0.23486286,0.24270481,0.24833152,0.23881006,0.23779804,0.25410867,0.25494945,0.24158627,0.2390478,0.22704259,0.2853695,0.22747424,0.22204027,0.24459264,0.22530314,0.2580167,0.2392892,0.25884447,0.25503415,0.25667083,0.2957436,0.2710102,0.25380498,0.2464565,0.24992773,0.25910467,0.2695496,0.23710048,0.2734903,0.2350601,0.26955432,0.2561237
0.2480341,0.20855916,0.2134237,0.23323938,0.25410718,0.23165762,0.232259,0.21086958,0.23708221,0.25080016,0.2329785,0.23155653,0.26817316,0.23532566,0.22364208,0.24518874,0.25749552,0.22594914,0.25767908,0.2460241,0.22652262,0.23153025,0.26870814,0.2207953,0.2394737,0.24534068,0.24500301,0.22586796,0.22316554,0.2580009,0.21746969,0.20227554,0.26541695,0.20315912,0.21970204,0.22900474,0.24012509,0.2555458,0.26475242,0.2650244,0.22101545,0.23856038,0.25255525,0.23301074,0.23872143,0.21064004,0.22309184,0.24992672,0.23539817,0.21416983,0.20538777,0.23764619,0.23588568,0.23193473,0.2510239,0.22717619,0.23254219,0.24334502,0.22736663,0.23021919,0.21058545,0.24333614,0.24331933,0.25848806,0.2761571,0.23461333,0.24463308,0.2307651,0.25383604,0.27635047,0.2041153,0.22940448,0.23059571,0.21004775,0.25450048,0.2067863,0.24935806,0.26989004,0.24068275,0.23624441,0.2242465,0.21899605,0.24181601,0.19549897,0.2412653,0.2242445,0.22635677,0.21834838,0.21350506,0.21551368,0.25735015,0.2198981,0.2630485,0.22936839,0.23525214,0.24159297,0.21020511,0.21917945,0.2229811,0.2537257,0.24231762
0.25230518,0.27391085,0.23492849,0.26295793,0.25271162,0.25531062,0.23167416,0.24145225,0.27948543,0.19689998,0.25060305,0.2814934,0.27023184,0.25622416,0.23564193,0.239299,0.26573154,0.26760873,0.22935712,0.26583695,0.25549144,0.26365167,0.22909719,0.26960403,0.24924815,0.24726576,0.252942,0.24131447,0.24142554,0.2548489,0.20626968,0.28148407,0.22582522,0.2213965,0.2428785,0.24580339,0.240866,0.26938745,0.26845202,0.2265949,0.2505455,0.27758017,0.24868843,0.22847939,0.23960444,0.2311399,0.2999564,0.24164647,0.26079077,0.25173965,0.24284932,0.2500166,0.25860786,0.26885793,0.23163512,0.27078786,0.23877099,0.23234046,0.23381856,0.28888658,0.23285854,0.27078763,0.27312264,0.24088919,0.25053394,0.22940373,0.23618698,0.2427789,0.25960067,0.27953362,0.25530797,0.2610152,0.24519446,0.25670907,0.2519241,0.2566153,0.25480434,0.24926275,0.27458197,0.24544421,0.27193654,0.26776737,0.26582575,0.25066924,0.24096671,0.24525261,0.2133581,0.24748,0.28486666,0.2514791,0.24886096,0.22652683,0.25096327,0.22562382,0.27109498,0.20670414,0.2635756,0.28557995,0.2486915,0.237093,0.2599684
0.25637355,0.24873444,0.2594741,0.2305336,0.258271,0.22943816,0.24987322,0.26537612,0.26431748,0.24973902,0.25168997,0.25383195,0.27035505,0.24329662,0.2250773,0.23426357,0.22164685,0.26487038,0.23749056,0.23135903,0.2495637,0.27437735,0.26079014,0.22668052,0.2751216,0.27435353,0.22263476,0.2557406,0.26204148,0.23455167,0.23092654,0.22050059,0.26073238,0.26828665,0.2581386,0.2576556,0.22935262,0.2903742,0.23093128,0.23893312,0.22964698,0.21641472,0.2213754,0.2796893,0.2677914,0.21214503,0.247823,0.25916588,0.2751349,0.27157375,0.21310395,0.2702959,0.20345375,0.29154047,0.2487722,0.2397713,0.24528882,0.2559445,0.22188532,0.24827072,0.25901058,0.2417014,0.2249355,0.2432254,0.23066843,0.25232357,0.25946423,0.24347031,0.2753007,0.24795607,0.25491765,0.22904128,0.2943949,0.23148805,0.28182155,0.23190409,0.27372354,0.22523206,0.25527492,0.2904954,0.23359254,0.261666,0.21785608,0.27278736,0.25047997,0.21353853,0.22768733,0.26600102,0.24029931,0.26615453,0.24225095,0.23772955,0.25882974,0.24825841,0.21233425,0.27387315,0.29048833,0.23186931,0.28152207,0.22962093,0.24886033
0.25661197,0.21140155,0.20751673,0.22275245,0.23731148,0.20851901,0.20722991,0.19508237,0.23585805,0.2046603,0.2416825,0.20353025,0.2048912,0.16856498,0.20491788,0.20731652,0.22100362,0.22091147,0.2480058,0.22156766,0.19643283,0.21809614,0.237701,0.22053468,0.23188812,0.18840712,0.25665754,0.21456158,0.19256392,0.19866115,0.19088009,0.2070429,0.21044073,0.24746817,0.22154516,0.2285822,0.21562839,0.24837354,0.22406062,0.21524283,0.20133272,0.22881144,0.1930961,0.21970421,0.22802293,0.22003227,0.19272974,0.20998749,0.19637403,0.23470005,0.2069611,0.23146895,0.1899581,0.20910257,0.22806972,0.21824166,0.2097587,0.23963842,0.20362023,0.2438015,0.21235263,0.24849242,0.19300556,0.21325076,0.18812555,0.21462765,0.20709017,0.20779955,0.21098897,0.21293432,0.20896545,0.21725208,0.20791164,0.22588113,0.20020631,0.24194142,0.19375035,0.22656882,0.2174874,0.21976969,0.21843278,0.22800222,0.1978139,0.21632311,0.21055341,0.1955497,0.20284435,0.19681755,0.21904966,0.21656987,0.22546786,0.20915875,0.18975022,0.20113382,0.21628588,0.19460362,0.19629562,0.1913805,0.21972692,0.17991108,0.2063627
0.25853992,0.28928077,0.3056274,0.30540815,0.306691,0.31748793,0.32308212,0.31330016,0.33405998,0.30939546,0.32965547,0.3013542,0.31343305,0.31194443,0.34816962,0.2928158,0.3318657,0.30542147,0.28267023,0.2970621,0.32204884,0.31594867,0.32190758,0.3143065,0.33065724,0.28202584,0.32528567,0.27508175,0.30759567,0.3231408,0.3096097,0.26850963,0.3090213,0.31741786,0.28494847,0.30283624,0.3487534,0.30586648,0.2967624,0.31217557,0.310744,0.2912864,0.3110749,0.317678,0.2848209,0.27349943,0.32346192,0.33453178,0.30289003,0.31524813,0.30450016,0.29968086,0.29140225,0.2859117,0.2940591,0.2875451,0.3137297,0.3379511,0.29609352,0.31796908,0.3309828,0.304887,0.2960962,0.30186048,0.31725472,0.29043478,0.31503758,0.28937212,0.31433314,0.29176703,0.29251134,0.32995498,0.30343586,0.28502187,0.31695598,0.29122984,0.3248907,0.27156872,0.29074466,0.27027538,0.3355318,0.32541,0.3007775,0.2765114,0.30159354,0.34330636,0.30374748,0.29433525,0.3044884,0.32153013,0.30293068,0.285135,0.26333,0.30995557,0.32252803,0.31088334,0.3214587,0.3177265,0.3251535,0.33148015,0.3214646
0.25968003,0.34154624,0.33429044,0.30664974,0.3324674,0.32938054,0.31880862,0.3155626,0.34560758,0.32117736,0.36053938,0.32754862,0.31373203,0.3075443,0.317321,0.32720605,0.31526166,0.31743702,0.3486778,0.35737854,0.32279962,0.3377989,0.30818832,0.3197376,0.30417487,0.32468846,0.31848165,0.3065901,0.31576782,0.35368162,0.30815163,0.32898715,0.3326283,0.35041654,0.35061786,0.30785984,0.36362818,0.33510578,0.31044534,0.32763475,0.32445157,0.3392376,0.34781188,0.304074,0.33564347,0.31034082,0.31859353,0.35241842,0.32681745,0.31522414,0.34267473,0.32402292,0.32587856,0.34415126,0.32993877,0.321185,0.3213619,0.31691727,0.35234326,0.35290587,0.33735567,0.34056115,0.33053148,0.30327106,0.3016398,0.319053,0.3173843,0.30341974,0.29881334,0.3272612,0.3518509,0.2995848,0.31583172,0.28677922,0.3485628,0.34478378,0.31103355,0.33070165,0.34195137,0.32816324,0.29856777,0.34993216,0.34313053,0.29695958,0.3425416,0.33349025,0.3531226,0.32474416,0.31987166,0.27513623,0.30982813,0.34963936,0.3160077,0.35922247,0.34687388,0.3177958,0.3695048,0.30421495,0.3465423,0.31949127,0.33585143
0.2652077,0.30052125,0.27423078,0.28212225,0.28925225,0.28751904,0.28701532,0.28542447,0.27736136,0.30633274,0.26807716,0.2742489,0.28694904,0.30326945,0.31657243,0.2889316,0.28046212,0.26445812,0.23936579,0.29012156,0.26608995,0.28264886,0.28771466,0.3078357,0.29298565,0.26998225,0.28419876,0.25291425,0.27049607,0.2606053,0.29010853,0.30603465,0.29189068,0.2544304,0.28812566,0.26940247,0.25309035,0.28188404,0.2560522,0.27828306,0.25916967,0.27278933,0.29260197,0.28757194,0.2835727,0.28068715,0.27843022,0.30203927,0.2587908,0.31300458,0.28053457,0.28222606,0.27585945,0.2885717,0.30320343,0.2811341,0.2789195,0.2752642,0.2763526,0.2792531,0.26053894,0.28392762,0.29275003,0.27158073,0.2841932,0.29215914,0.24929062,0.28986534,0.27062723,0.27159825,0.30391997,0.23997554,0.26624885,0.26494446,0.2719639,0.27443534,0.28196386,0.26774946,0.26689112,0.3104037,0.26337963,0.26379386,0.26758698,0.27238294,0.28429407,0.260917,0.2779328,0.25022474,0.29777318,0.2760416,0.29133293,0.2609173,0.26934972,0.2980012,0.27105814,0.28284028,0.26222983,0.29114228,0.29541707,0.2885829,0.297264
0.26638064,0.21621269,0.27701876,0.22405046,0.23657233,0.24383524,0.23069948,0.23811367,0.236485,0.27302563,0.22236368,0.23896256,0.22132099,0.2530113,0.23141515,0.27572218,0.23349923,0.2458379,0.22298932,0.20540136,0.25811335,0.24362189,0.23196372,0.27334487,0.23595673,0.23658001,0.2421459,0.24545375,0.24687281,0.21679279,0.25093147,0.26174375,0.20468557,0.2501158,0.21748388,0.22012138,0.22832775,0.26355585,0.2514651,0.24339345,0.22161722,0.2615282,0.23509812,0.21309164,0.2599109,0.28187892,0.24148571,0.25018245,0.23717833,0.23316452,0.23117986,0.24478176,0.22755635,0.24387637,0.22443187,0.25326926,0.24223459,0.24540007,0.24836823,0.24476054,0.21792775,0.26711792,0.22973579,0.22380394,0.2562334,0.23990637,0.23756224,0.22151816,0.21614179,0.22781771,0.23335731,0.23466909,0.24593827,0.21934006,0.24090877,0.22591084,0.229435,0.25025842,0.23309734,0.23757353,0.24986559,0.28542805,0.2323977,0.23906857,0.2528054,0.22268069,0.20502448,0.25005493,0.24406749,0.21278518,0.21415043,0.23537421,0.27331966,0.20348057,0.2229873,0.2401348,0.22905609,0.23064357,0.22222832,0.26392567,0.23074797
0.266439,0.27668095,0.25602502,0.2986949,0.26746315,0.30772853,0.2663441,0.28197408,0.27283734,0.31768888,0.282351,0.29483292,0.28317273,0.30318666,0.2613747,0.25675285,0.2776252,0.28892732,0.2575705,0.2595653,0.2780453,0.28233466,0.2615774,0.2907336,0.27793884,0.298872,0.30016553,0.2903169,0.28502604,0.25769588,0.26916283,0.28881168,0.25717902,0.23973498,0.2921747,0.28007486,0.29474992,0.25377217,0.27081865,0.29296395,0.2791038,0.31114507,0.2766159,0.26019213,0.27968386,0.28486305,0.30289018,0.29849467,0.2733362,0.2740622,0.30537117,0.2757887,0.2769065,0.26007158,0.25651082,0.25340256,0.31289855,0.26408723,0.26472366,0.26245692,0.26027074,0.30171394,0.29824543,0.27567986,0.28096,0.2676284,0.2746717,0.2722862,0.298412,0.26217216,0.27652013,0.2826767,0.27485695,0.2868162,0.29209712,0.29050148,0.26524606,0.29580507,0.28093645,0.27572864,0.2797362,0.29429036,0.27979246,0.28046516,0.28948608,0.27168927,0.2236509,0.27468634,0.27712432,0.2721139,0.25726333,0.23191446,0.26176217,0.2709017,0.3035315,0.3051194,0.29393685,0.29777557,0.3145721,0.30161706,0.27760473
0.26689297,0.3086829,0.26879185,0.26810345,0.27073318,0.24769866,0.26940513,0.2785537,0.27288824,0.2902794,0.2465536,0.2692842,0.2979579,0.28226125,0.27951908,0.26212654,0.23879018,0.25650492,0.2789592,0.27646127,0.25553453,0.25006786,0.26131055,0.24621809,0.31387872,0.3213849,0.28117597,0.29205656,0.267977,0.26681316,0.24293569,0.253798,0.25136092,0.2779857,0.2594264,0.27628466,0.25398022,0.292135,0.28301856,0.28822783,0.26718733,0.27143136,0.2875349,0.28781104,0.27323186,0.2508953,0.24909574,0.26912713,0.24737257,0.25123882,0.27997282,0.3318894,0.28217167,0.26456106,0.27782914,0.27424985,0.25945798,0.2525484,0.28227624,0.3220209,0.26449588,0.2930248,0.2854955,0.26145348,0.26976332,0.30807364,0.2586278,0.29140028,0.28277463,0.26715684,0.2459448,0.26152632,0.26335937,0.26470977,0.27273533,0.3009272,0.2798389,0.30247617,0.30837867,0.27597648,0.27260947,0.3152203,0.2702168,0.27217197,0.27726215,0.28828493,0.29434398,0.23479292,0.25818977,0.26520205,0.28767774,0.26931486,0.26245508,0.24744412,0.27578798,0.25076133,0.2827084,0.24954796,0.2630396,0.26920167,0.26276168
0.26756084,0.25756088,0.24367782,0.26884928,0.30504584,0.24605903,0.26601654,0.25717196,0.260149,0.27938327,0.2715164,0.23138765,0.28062397,0.24954084,0.26638183,0.2689914,0.27281544,0.23636511,0.25762203,0.23744556,0.238886,0.2577257,0.27661258,0.25389174,0.26692823,0.26725706,0.27029026,0.25454602,0.28160203,0.2635854,0.26027885,0.25557706,0.23966032,0.25846916,0.25564146,0.2779939,0.27191022,0.2708641,0.27623197,0.24559653,0.27228966,0.24868226,0.26655042,0.29131597,0.28524956,0.24469727,0.25940827,0.25855124,0.28814435,0.2658341,0.28136462,0.25436506,0.2462875,0.27698076,0.27270925,0.2689586,0.27886817,0.24850726,0.25621897,0.2419509,0.26947317,0.22930309,0.28389916,0.2076306,0.28978872,0.23808098,0.25912786,0.2918948,0.26544592,0.28608337,0.29244334,0.28993082,0.273885,0.2500405,0.25584456,0.2451353,0.27463725,0.24573237,0.26037803,0.28780034,0.25413784,0.24101266,0.2721414,0.2960568,0.24832296,0.25938126,0.2607403,0.2715003,0.2646918,0.25783762,0.25953242,0.2646619,0.31482074,0.2386272,0.2553461,0.23585922,0.26998672,0.29185468,0.28867084,0.26654246,0.2852943
0.26806656,0.22398198,0.20584011,0.23624113,0.23530132,0.2245028,0.22850898,0.24818543,0.24088398,0.2670485,0.24203873,0.24024722,0.19152123,0.23492238,0.22658923,0.24702719,0.2356776,0.24142617,0.27044317,0.22816718,0.2634488,0.20904171,0.20294532,0.21932882,0.18634465,0.2509893,0.22551697,0.23666722,0.23945078,0.23077801,0.2146971,0.24429408,0.24265379,0.22959971,0.23658785,0.20628026,0.24607033,0.21532854,0.22760528,0.2426266,0.20316613,0.2094804,0.23890078,0.23519492,0.22238553,0.24587712,0.1926867,0.23652014,0.22708729,0.24443838,0.26623246,0.24968728,0.22223565,0.23493934,0.22422057,0.22739562,0.20985663,0.23036084,0.21142319,0.223299,0.21728942,0.2413429,0.23381233,0.21533373,0.2396462,0.23354062,0.22783741,0.23161101,0.23639274,0.23404813,0.24024162,0.228645,0.24844909,0.22644058,0.22870553,0.21834484,0.20389852,0.22230107,0.22493768,0.20234472,0.22644654,0.1966955,0.2574918,0.24326524,0.26313695,0.22335282,0.24084976,0.22897783,0.25069723,0.22980443,0.22959664,0.23848653,0.22759777,0.23705778,0.26753885,0.21135202,0.21996704,0.25334817,0.21836033,0.23035914,0.23225552
0.2690683,0.2905805,0.26409322,0.26614133,0.27685937,0.26857233,0.26150486,0.26270616,0.26348305,0.2538853,0.30313703,0.2953994,0.274463,0.2896336,0.26677078,0.26287907,0.26865387,0.26301867,0.27221468,0.27601507,0.29743528,0.2515181,0.31189522,0.28301063,0.23895079,0.2656927,0.26988715,0.28599867,0.31317312,0.26861468,0.2603927,0.27786925,0.27358747,0.25952572,0.29092112,0.24671593,0.27832416,0.28665662,0.27236298,0.25998303,0.289455,0.28028855,0.27567235,0.2499876,0.23868653,0.2660612,0.30948895,0.25893724,0.24122652,0.23890343,0.2917889,0.2830181,0.29926625,0.24797845,0.27124533,0.2839524,0.25363404,0.25520465,0.27656242,0.28149247,0.29902977,0.28469452,0.26990736,0.26737833,0.27789015,0.29765475,0.26031867,0.24905294,0.24530071,0.3029301,0.24590763,0.2601328,0.26511386,0.2496632,0.2942461,0.28589973,0.26633018,0.3308502,0.27171838,0.3155815,0.2789113,0.2500319,0.31430492,0.26803753,0.26813006,0.258232,0.2830936,0.26879323,0.27105963,0.2572727,0.31599307,0.2489942,0.26564422,0.25885364,0.29339308,0.24506551,0.2727604,0.30420476,0.23124099,0.28474137,0.2673705
0.27015728,0.24217513,0.27900785,0.25297472,0.23626727,0.26196706,0.23957127,0.26198465,0.23095965,0.22023144,0.22932434,0.23161027,0.24167496,0.23647654,0.23644474,0.24580911,0.24366191,0.23020512,0.24975091,0.27171886,0.24024379,0.22832647,0.22611153,0.23489717,0.2758862,0.252157,0.23984262,0.255876,0.27166116,0.24971172,0.22417924,0.24119177,0.23474187,0.23302266,0.21452332,0.25450253,0.24452847,0.2595386,0.26322407,0.25177974,0.26097214,0.23751599,0.26240954,0.21712837,0.23878047,0.25300583,0.28691924,0.26865464,0.21655431,0.2724028,0.22510102,0.21105483,0.24263829,0.2413347,0.30254656,0.24279034,0.210839,0.22590327,0.22389805,0.25494874,0.23501429,0.24196199,0.24299186,0.24080673,0.21232611,0.26070946,0.24325287,0.26954463,0.26986516,0.23888057,0.23508981,0.27762985,0.23715958,0.26489648,0.26157105,0.26588076,0.2535623,0.24386814,0.22605556,0.26342034,0.26141223,0.23089778,0.2439276,0.24177304,0.24761751,0.24248728,0.23133433,0.20950049,0.24298766,0.23285365,0.2712017,0.26221535,0.23291418,0.22596654,0.21680143,0.22948691,0.26500857,0.22620368,0.2265023,0.24547508,0.27264026
0.2744327,0.24785236,0.21583188,0.23575327,0.25379375,0.23621348,0.24052486,0.24966455,0.2705071,0.22712758,0.30197772,0.23437062,0.2576225,0.2363669,0.2850956,0.22480905,0.2818219,0.23892501,0.23606116,0.23998195,0.2577102,0.25154942,0.25240153,0.22741339,0.23373786,0.24248248,0.22505593,0.23907223,0.23126939,0.26439616,0.21393523,0.23563269,0.22506467,0.26874742,0.21780396,0.24397194,0.2214145,0.24001312,0.24088845,0.20371786,0.1947327,0.2406911,0.25203156,0.2919855,0.26513737,0.22301641,0.25452194,0.2475253,0.22769934,0.22369248,0.22744086,0.20423543,0.22341838,0.2190083,0.27153608,0.28636384,0.2570399,0.2449686,0.24053368,0.24204278,0.2653947,0.2621616,0.2689397,0.257283,0.22290987,0.26539695,0.2119376,0.21525404,0.26212567,0.26170707,0.24189046,0.237676,0.20220926,0.2544756,0.28571,0.24981433,0.23235923,0.24622124,0.22736967,0.20945674,0.21955404,0.23251998,0.2281147,0.23463523,0.26587382,0.24042943,0.22981784,0.25464192,0.26243585,0.23768246,0.26801884,0.22325301,0.23057798,0.24877363,0.22020513,0.24317351,0.24024144,0.23394862,0.23284492,0.22409463,0.24510852
0.27458987,0.2370925,0.22975552,0.28867352,0.24653551,0.23593363,0.30222788,0.2801268,0.26768878,0.28100947,0.27792522,0.25672993,0.24464896,0.23220968,0.22248161,0.23717576,0.21130067,0.24797207,0.23663113,0.2360667,0.24518126,0.24422756,0.26936895,0.26430166,0.26439604,0.2400524,0.2469993,0.28093234,0.25990462,0.28163427,0.24696982,0.2562407,0.23970374,0.25046074,0.23643672,0.2646803,0.28341937,0.25087586,0.25015527,0.25723785,0.24832836,0.24795741,0.24847159,0.26306656,0.23948002,0.27416766,0.27699816,0.24312666,0.2970541,0.2483907,0.28507018,0.2679984,0.2783537,0.25035778,0.23237205,0.22082233,0.2495363,0.25222063,0.27001998,0.24182376,0.27934757,0.2797102,0.270764,0.2948797,0.28072968,0.28410733,0.28039578,0.23905751,0.25108504,0.22390214,0.24937844,0.26470515,0.29838523,0.26043522,0.23596963,0.2676858,0.27420703,0.2713654,0.26384997,0.25644824,0.25639898,0.26551557,0.2666179,0.2740728,0.2574089,0.27304718,0.23183686,0.2990572,0.27480763,0.2579686,0.30106014,0.22872874,0.25044337,0.23763359,0.2851866,0.24418834,0.26921532,0.2530695,0.24935067,0.24145094,0.27876168
0.27579555,0.24564308,0.21534503,0.2340231,0.20352927,0.20971724,0.23817956,0.200405,0.20863435,0.2359241,0.21160272,0.21877688,0.24508166,0.23667201,0.22227076,0.2584302,0.2543341,0.2388629,0.21532354,0.23042697,0.23739448,0.21548852,0.23299187,0.2303856,0.23977414,0.22921893,0.2402426,0.19876802,0.23486274,0.20356059,0.2501933,0.24053702,0.22297156,0.2117989,0.23590413,0.21415365,0.22804469,0.22759178,0.2231045,0.2329061,0.2545496,0.22467485,0.19932747,0.19949594,0.24417076,0.21706206,0.18909064,0.22891197,0.23135188,0.25228566,0.20457411,0.24455005,0.22260249,0.238383,0.228405,0.20703483,0.23685917,0.23096731,0.2559997,0.23106286,0.21258512,0.23003271,0.17622957,0.20194525,0.23976007,0.2090089,0.22183862,0.21704435,0.20648399,0.2194809,0.22253919,0.24080846,0.25958875,0.23261794,0.23913252,0.22333547,0.21738899,0.2241145,0.26114205,0.2274729,0.21577218,0.21917385,0.24578384,0.22073829,0.23340186,0.18947724,0.25708443,0.24502209,0.23647147,0.24083877,0.22566801,0.20047683,0.24968806,0.2266056,0.2334801,0.22958165,0.25421086,0.23815763,0.23356354,0.24043009,0.21319169
0.27642357,0.17617369,0.19704995,0.1835747,0.19627866,0.1791121,0.21318492,0.1369853,0.22749832,0.1792436,0.21596485,0.17658505,0.17424756,0.16260234,0.17526186,0.16981396,0.16020995,0.17570964,0.23762718,0.21468058,0.13376677,0.19178975,0.15714437,0.2326881,0.13875803,0.18283457,0.16572702,0.21377134,0.16448286,0.19056568,0.16774854,0.21627891,0.18133393,0.1802594,0.20954639,0.17471004,0.1866554,0.16504517,0.18519688,0.17303991,0.18402326,0.13796498,0.19749448,0.19023365,0.19921151,0.17779508,0.20135999,0.17195535,0.18862996,0.18379802,0.1711151,0.19349137,0.14815262,0.20655107,0.20283514,0.1801835,0.17551231,0.20191693,0.16430035,0.18703827,0.17467752,0.18816122,0.15410253,0.21841478,0.16607329,0.2168644,0.1472201,0.19605628,0.20750973,0.16097084,0.2029359,0.15915263,0.15086313,0.22813615,0.1779337,0.19000131,0.18312469,0.19664806,0.22169161,0.17235121,0.20742911,0.18024138,0.16444391,0.17852107,0.18047372,0.15297696,0.17365411,0.1418316,0.16473734,0.18839526,0.16458039,0.23721373,0.15238708,0.2658943,0.1651279,0.20127407,0.15740234,0.17750156,0.2150034,0.18735456,0.20011309
0.2767376,0.35693586,0.35452098,0.35770446,0.32047468,0.35990703,0.32213056,0.34915036,0.32852513,0.33720413,0.33558744,0.33571473,0.34748036,0.33450142,0.32594636,0.32059327,0.31021926,0.32413208,0.31370634,0.33581352,0.345084,0.34586418,0.32874572,0.33445427,0.34451634,0.35685742,0.33944553,0.3491792,0.34192327,0.30814925,0.3598837,0.33503687,0.32495946,0.32582164,0.32870978,0.34591496,0.3707773,0.3205051,0.33889046,0.33287388,0.34129,0.35542017,0.31195688,0.34742576,0.31166545,0.34291983,0.3702541,0.36186302,0.36327785,0.37441364,0.3225628,0.33720177,0.30888158,0.3578164,0.33556807,0.34230712,0.3283574,0.33339393,0.31319994,0.35349977,0.35093072,0.32910505,0.3514566,0.336483,0.32262886,0.32814205,0.3405308,0.3443473,0.32471788,0.33982125,0.34724253,0.3355391,0.35942024,0.3440715,0.35385936,0.3119074,0.3664481,0.32953128,0.34243095,0.31627452,0.33929464,0.33890873,0.3281244,0.35774827,0.3250401,0.34704253,0.33348417,0.33929223,0.32896474,0.33158642,0.3537434,0.34577477,0.36849838,0.33155656,0.36443722,0.3562389,0.34662038,0.34205467,0.31215376,0.33610046,0.3697513
0.2808584,0.32628062,0.27504188,0.31945574,0.29030138,0.30516186,0.27056876,0.29111665,0.2770916,0.293338,0.29733062,0.2702009,0.27616802,0.30120167,0.27243692,0.28888756,0.25686285,0.28602165,0.30204254,0.28654212,0.29009795,0.28255826,0.2740819,0.24174374,0.29262403,0.29856545,0.28443566,0.3140485,0.28962564,0.27654195,0.2765539,0.26634353,0.29046074,0.29858547,0.29597634,0.29372242,0.294334,0.30503148,0.26834336,0.26858458,0.31788814,0.28713125,0.28604248,0.29604852,0.31877148,0.31356397,0.29689658,0.28620538,0.2694846,0.26194817,0.24271926,0.31963998,0.2899626,0.30157965,0.29440588,0.2868402,0.24893674,0.30264714,0.29017553,0.28660148,0.32059425,0.29444313,0.29083765,0.28460577,0.2979773,0.27760985,0.29353082,0.29075524,0.28926873,0.28375778,0.2499856,0.30208296,0.2812684,0.28679845,0.30197558,0.26535156,0.29732013,0.3130828,0.3075955,0.2680113,0.3275839,0.2671621,0.27307352,0.29135856,0.30599123,0.2612651,0.29760927,0.2967757,0.3094223,0.27183858,0.27530956,0.272562,0.27276063,0.33864084,0.27381632,0.2898977,0.28392088,0.2940585,0.28530976,0.31607652,0.2836517
0.28343666,0.263334,0.31775028,0.30884588,0.27571258,0.2935596,0.2949913,0.26933444,0.2586348,0.31960952,0.29096556,0.3048125,0.2901864,0.2692832,0.27495655,0.30845445,0.28647515,0.30452397,0.27061692,0.2611477,0.24911487,0.27581596,0.27769643,0.29607496,0.25371844,0.310933,0.2911329,0.30580625,0.2673605,0.29714596,0.27629256,0.28114066,0.29562962,0.2923545,0.3002629,0.2962467,0.31185627,0.2732186,0.264775,0.29211524,0.2871345,0.30390978,0.2647188,0.24982142,0.25907055,0.29828367,0.28709698,0.2933923,0.28214616,0.30075473,0.27334625,0.28936967,0.2869054,0.29186141,0.2956305,0.29615062,0.32365137,0.2806478,0.2975688,0.31156316,0.28302658,0.28490826,0.3139217,0.29966664,0.257069,0.26031616,0.2761938,0.2875654,0.3453532,0.3020925,0.25841767,0.2978454,0.27185184,0.29778576,0.2617179,0.2884458,0.3074122,0.27101994,0.2647453,0.2873811,0.2805124,0.30036315,0.29741523,0.25895587,0.28496832,0.27586073,0.27011734,0.26775286,0.27356064,0.28462195,0.26496986,0.32963613,0.28111023,0.29533875,0.276552,0.29941094,0.31395656,0.32092008,0.27992946,0.30184722,0.2767453
0.2841581,0.2917352,0.27078617,0.2712138,0.28027776,0.25080267,0.27071428,0.2826725,0.26768145,0.2635726,0.28439707,0.29686397,0.2777259,0.25165063,0.2768025,0.25613225,0.28328994,0.27396315,0.27045417,0.29586563,0.31380454,0.23967576,0.26156765,0.25356686,0.2564953,0.27353507,0.29349712,0.26797956,0.2870087,0.2626863,0.27933303,0.2730637,0.28410158,0.26213646,0.2897534,0.27591464,0.25690547,0.29352397,0.28726307,0.28236052,0.2567563,0.3057458,0.2708527,0.26899466,0.28104192,0.25085336,0.26179066,0.32676747,0.26549447,0.2784686,0.2563752,0.27961445,0.2608934,0.30937663,0.2614379,0.3071791,0.2627284,0.2610218,0.28195328,0.27787316,0.24363893,0.2607895,0.24675113,0.30752826,0.30887252,0.23099685,0.28254014,0.2944134,0.28464398,0.27192265,0.2793435,0.29633924,0.27909845,0.27482578,0.2840311,0.26725203,0.3147735,0.26253018,0.24151328,0.2710035,0.29032105,0.27248076,0.2631986,0.30531532,0.26173255,0.2366361,0.2967193,0.27996558,0.2815827,0.28763074,0.24587691,0.2908482,0.2468301,0.26139683,0.24611193,0.27284768,0.25093046,0.2300156,0.2977265,0.30441064,0.25869957
0.28590736,0.2609301,0.24805972,0.21147442,0.22424561,0.26133662,0.23794356,0.25111797,0.22368544,0.2447002,0.26757184,0.22988904,0.24931473,0.2510554,0.21271497,0.27961954,0.24162894,0.27057412,0.24543238,0.22946969,0.2257762,0.2515531,0.22025496,0.2655364,0.27164847,0.2577794,0.25696933,0.23695251,0.2776623,0.23208532,0.29048148,0.2469655,0.24172497,0.24993545,0.25081667,0.24679282,0.28256896,0.24970955,0.28851226,0.22506103,0.22576052,0.23324081,0.25243652,0.2668313,0.27151462,0.25601685,0.24592656,0.26489028,0.24672905,0.26161605,0.24998161,0.23641956,0.27296948,0.27335158,0.29154888,0.21618792,0.25712952,0.26850587,0.22935915,0.24421951,0.2293396,0.20998618,0.25733554,0.2449925,0.23133117,0.30731633,0.26628667,0.22832718,0.27061054,0.24285462,0.21253961,0.24364552,0.24166587,0.31983456,0.25977516,0.22797963,0.25558248,0.23927435,0.2720722,0.20927319,0.2673301,0.26798624,0.22995415,0.22879437,0.2822008,0.27138615,0.25282708,0.21198538,0.22915563,0.24926218,0.21997738,0.24970996,0.2376203,0.25149938,0.26033428,0.25962064,0.25184152,0.25991848,0.2598022,0.23674285,0.255253
0.2861898,0.38174874,0.36162364,0.3875794,0.38650608,0.3868526,0.39214504,0.35005775,0.4071023,0.37474197,0.41162336,0.39285862,0.36068004,0.3826545,0.37876016,0.39650303,0.37564617,0.37294915,0.38653642,0.39087868,0.36640373,0.37561762,0.39839047,0.39099446,0.3801386,0.34729874,0.40131468,0.36697596,0.39616853,0.39784545,0.35664135,0.40221292,0.3771962,0.3676406,0.3675726,0.36308628,0.38515544,0.42198077,0.37434292,0.3722948,0.36570925,0.4017436,0.4005553,0.3714869,0.37022498,0.38621417,0.3665604,0.3858676,0.38990146,0.37883583,0.40553713,0.38015866,0.38773215,0.40033168,0.35461748,0.38924778,0.372072,0.38565493,0.3790218,0.38439655,0.3712613,0.37818754,0.39308578,0.39154613,0.36513454,0.37314355,0.37442616,0.39037484,0.37559065,0.372548,0.39476037,0.38633657,0.3928736,0.38216883,0.3805521,0.38241526,0.3819397,0.41203532,0.40825772,0.3729036,0.35844156,0.39125088,0.3654546,0.37220252,0.36774224,0.38709712,0.37157542,0.36065602,0.40482843,0.3732403,0.361687,0.37869874,0.38298506,0.40589672,0.39088392,0.3724926,0.385082,0.38301912,0.36633477,0.36926466,0.3783986
0.28740057,0.3057807,0.2975305,0.27019843,0.29968345,0.27807745,0.2914428,0.2884245,0.30339724,0.28094316,0.27272195,0.3097835,0.29081997,0.29072326,0.3307867,0.3049674,0.31049228,0.32660514,0.2848528,0.3031984,0.2878109,0.29658544,0.30379704,0.305285,0.28889024,0.28766963,0.2786137,0.29212004,0.30298865,0.3069726,0.28773168,0.2987123,0.30938333,0.31499982,0.29110262,0.27869955,0.30134875,0.3173893,0.2870355,0.3057568,0.30589893,0.30207795,0.33915377,0.29804385,0.31775534,0.3119195,0.34935993,0.31440938,0.32080698,0.31137973,0.32958555,0.2932195,0.29325718,0.3111444,0.31477755,0.31358114,0.32578164,0.3087814,0.3091852,0.30681217,0.31914604,0.28480762,0.29857254,0.2939834,0.28696063,0.34043288,0.29228526,0.30280697,0.28276068,0.2994004,0.2999007,0.33473426,0.32501572,0.3189729,0.29892135,0.33827353,0.31645533,0.29983896,0.3210557,0.30396068,0.28699964,0.28274754,0.3286168,0.30793208,0.32334068,0.30722296,0.2803889,0.2910724,0.3024606,0.29390466,0.3474347,0.29919836,0.28567916,0.31465816,0.29861125,0.3181158,0.2889951,0.3069994,0.30507147,0.3325032,0.3176994
0.29022095,0.26809683,0.272768,0.23775929,0.2218554,0.2545101,0.22486335,0.2279295,0.26065338,0.23680082,0.24360797,0.26217443,0.24521434,0.25209588,0.31444496,0.23020777,0.26132405,0.27518496,0.24815977,0.24875754,0.26676887,0.21908629,0.23237017,0.26205897,0.24224558,0.24268097,0.23018321,0.2549051,0.271044,0.23086151,0.2469689,0.25591293,0.28810072,0.25832176,0.24748215,0.23818585,0.24514762,0.2320596,0.26132014,0.2772522,0.21163177,0.24100587,0.22024715,0.2696391,0.25428393,0.25005236,0.21252611,0.2410475,0.25996962,0.25395137,0.2619893,0.2147924,0.2500624,0.26581252,0.2670786,0.24054295,0.26446533,0.24910319,0.25985086,0.22544795,0.23057574,0.27433634,0.2897261,0.21088666,0.2539277,0.25638062,0.21755755,0.23113817,0.21995485,0.26143864,0.27728644,0.21768239,0.2605593,0.21620572,0.31253797,0.25303236,0.25162557,0.20869902,0.2316615,0.28743166,0.26601323,0.2689396,0.23823795,0.24908799,0.2452693,0.22307342,0.21899077,0.21667868,0.2345404,0.24481848,0.2127521,0.2649488,0.24327469,0.25371373,0.24134088,0.24761993,0.2475385,0.24468046,0.27299967,0.26923463,0.24322122
0.29075384,0.2649935,0.25153303,0.2807504,0.28922993,0.28848156,0.2671421,0.24860969,0.2449964,0.25196365,0.29022816,0.2674095,0.26217413,0.27375838,0.24850771,0.2582463,0.27547696,0.24879944,0.25821522,0.24125937,0.2737079,0.27276123,0.26095656,0.26880598,0.22362033,0.28175652,0.2640111,0.27268687,0.25072843,0.28759193,0.2735831,0.23680574,0.27971727,0.27844182,0.25725514,0.2564693,0.24901432,0.2821739,0.24789146,0.28203663,0.24398139,0.26785362,0.2720866,0.27247694,0.24761775,0.24757648,0.25667778,0.29319358,0.2354464,0.2725495,0.24157009,0.2392425,0.26858348,0.2568953,0.29036608,0.25836724,0.24202013,0.2700886,0.27127472,0.26372778,0.2661262,0.27654198,0.23704436,0.247542,0.25712016,0.2660136,0.25814387,0.25124168,0.24531186,0.24305972,0.28437302,0.2976613,0.2516558,0.2701384,0.29332215,0.25801814,0.27542877,0.24878511,0.24619293,0.28269625,0.25512746,0.24805179,0.27080834,0.2703447,0.2580259,0.27272862,0.28197646,0.2748841,0.24007666,0.22027367,0.2767305,0.27341968,0.25032538,0.2537158,0.25023705,0.23891759,0.25572175,0.250281,0.23424962,0.24204385,0.26130077
0.2919055,0.30169392,0.2787835,0.31757167,0.2870805,0.31682962,0.27594227,0.31667635,0.31553894,0.30661148,0.29203072,0.28815275,0.2750453,0.28417322,0.30283946,0.30786222,0.2827476,0.30906892,0.2924505,0.27907062,0.3016525,0.3164094,0.30993503,0.2586239,0.2884032,0.29894337,0.28282332,0.2659714,0.29359,0.28516343,0.25478905,0.30467832,0.3111611,0.2950257,0.29740304,0.29166123,0.29184225,0.26745862,0.30997232,0.29184723,0.299923,0.3488506,0.29133448,0.29278672,0.3001882,0.31496394,0.32960048,0.3292296,0.3212567,0.29165074,0.31005597,0.312688,0.3124367,0.31193417,0.29031056,0.29376608,0.30951622,0.32477984,0.29037452,0.31969133,0.32763532,0.32841325,0.30640656,0.32749653,0.27677068,0.27064332,0.28430614,0.30214006,0.2845606,0.30122757,0.32098746,0.28405982,0.2945363,0.3125577,0.31460097,0.3001917,0.29099697,0.29887432,0.31425276,0.30377245,0.27878684,0.25222704,0.28842136,0.3649516,0.2881701,0.28380382,0.2949481,0.31397748,0.27565795,0.29464126,0.28197846,0.29256052,0.30111992,0.3344897,0.2862385,0.29486975,0.3070172,0.31343007,0.2884398,0.31548133,0.2889119
0.29337555,0.334825,0.30462664,0.3149249,0.28928137,0.3175301,0.29090115,0.26962882,0.33495256,0.26440895,0.31534094,0.30158657,0.28402036,0.3057016,0.27260092,0.25908974,0.28964913,0.31254417,0.3135766,0.282932,0.2865155,0.28924105,0.30647245,0.2674948,0.29345128,0.30130845,0.294384,0.30831587,0.3615092,0.28995052,0.2735735,0.31970412,0.27863374,0.29201648,0.3211671,0.29160398,0.31245565,0.29338068,0.30373347,0.29168597,0.2909315,0.27996936,0.28583363,0.32085183,0.28271973,0.31011844,0.289024,0.30538586,0.2952588,0.3208815,0.3080127,0.28183794,0.27593517,0.29613295,0.33683828,0.29396218,0.2680991,0.30385676,0.29770708,0.31221467,0.3004881,0.28294742,0.2852783,0.31327915,0.2539652,0.30749252,0.30514783,0.28978488,0.2836266,0.2888873,0.3128757,0.30298024,0.31352967,0.3281493,0.28101522,0.31192523,0.28605202,0.31370622,0.3198798,0.31105018,0.2806589,0.27421454,0.2973011,0.2952171,0.30045182,0.27205467,0.27311018,0.29667628,0.31233814,0.32377398,0.3089081,0.3058043,0.30273136,0.31602308,0.29207158,0.26486266,0.32621247,0.29425532,0.29741675,0.30712113,0.30133167
0.29403573,0.2880098,0.2589994,0.3175615,0.29645324,0.32187897,0.30397192,0.31112763,0.30600166,0.2979542,0.31718925,0.2979585,0.30513525,0.299973,0.30356148,0.29833728,0.29029343,0.27820024,0.30973697,0.28963554,0.28343022,0.30236262,0.3420486,0.26516694,0.28233662,0.288246,0.29907688,0.31346053,0.2977601,0.30603644,0.31566507,0.30420065,0.2870869,0.32209212,0.303958,0.29584444,0.28356764,0.30459085,0.2878226,0.31644696,0.29762548,0.31167302,0.29044667,0.29957855,0.30702513,0.3032571,0.30890593,0.27769858,0.2996062,0.3019666,0.2559278,0.26858196,0.30408257,0.3007356,0.34331024,0.30213776,0.30355155,0.29591227,0.31708074,0.29535252,0.3136098,0.27115268,0.3228668,0.2739754,0.2740373,0.31952122,0.30055422,0.31058908,0.29982817,0.2786429,0.32979316,0.27170056,0.28579473,0.32392636,0.31993324,0.3182341,0.27922612,0.3199048,0.30087364,0.27848116,0.33168206,0.29649302,0.3383329,0.2841613,0.29566616,0.28858727,0.2945751,0.29384854,0.34534168,0.29872456,0.29864576,0.31610554,0.3419122,0.27813014,0.2788384,0.27512333,0.31649607,0.3063899,0.29135865,0.29422003,0.2677712
0.2955293,0.27987304,0.31090483,0.299702,0.33206668,0.28862166,0.3100389,0.27493536,0.33128762,0.3126921,0.29586476,0.3171875,0.30292013,0.3140032,0.3240393,0.31872815,0.31442976,0.30731884,0.32552868,0.28735527,0.3074029,0.30301714,0.30275145,0.33009717,0.31630942,0.33309364,0.3085344,0.3303536,0.31504965,0.3302424,0.2959836,0.30529615,0.3174679,0.29867408,0.31121558,0.30229312,0.31308782,0.29888308,0.3656065,0.31228146,0.29565036,0.29284126,0.29193503,0.29614675,0.3320729,0.32906383,0.3195498,0.29129905,0.31937817,0.3023336,0.32259196,0.33546394,0.32594478,0.303584,0.31790605,0.31757885,0.32557905,0.3046573,0.30418524,0.31998557,0.323293,0.32217827,0.31522688,0.3092927,0.3028811,0.32900542,0.30226466,0.30969784,0.35989958,0.31702465,0.31582597,0.30842093,0.29508424,0.3364783,0.3304571,0.32321954,0.3187527,0.29071367,0.29690835,0.3402092,0.28554615,0.3413631,0.34813273,0.3359027,0.28266293,0.32110882,0.31036457,0.32735628,0.29769653,0.31228113,0.3308453,0.2938716,0.31005982,0.31202018,0.2893108,0.29201758,0.33097553,0.31989366,0.3220505,0.30397314,0.32069847
0.29862452,0.29156283,0.30274045,0.31655025,0.27368703,0.305115,0.31148046,0.2821737,0.30797344,0.3212976,0.25023463,0.30161977,0.27153164,0.31161392,0.28998205,0.3275202,0.31307507,0.31372383,0.2926767,0.32026023,0.31227106,0.31076276,0.30153456,0.29731873,0.3468904,0.28002027,0.2990432,0.2638613,0.28238848,0.27700016,0.27727532,0.30364805,0.2811256,0.3036158,0.29458028,0.2864351,0.2988852,0.30753568,0.3107165,0.28154957,0.27540493,0.31253678,0.3059057,0.29823574,0.28841627,0.29024887,0.2729853,0.3157075,0.31607357,0.25884897,0.3270203,0.3011274,0.3071053,0.3177387,0.32474577,0.28839865,0.33246344,0.30736953,0.28951126,0.29243848,0.31019914,0.28036395,0.27563286,0.29235396,0.26614916,0.25161737,0.29537296,0.30967698,0.285512,0.30442807,0.2879376,0.29276428,0.31343853,0.30493677,0.28615,0.29871073,0.31907043,0.29946768,0.27921346,0.3459319,0.3354374,0.28269726,0.30398476,0.2956934,0.29699254,0.31359267,0.27915817,0.3005285,0.3255478,0.30262125,0.30491537,0.3393291,0.2947545,0.29852545,0.25097063,0.30014855,0.31220853,0.297416,0.28713834,0.28457013,0.28837815
0.30141968,0.3636576,0.3348729,0.3563277,0.35920548,0.33890212,0.36729926,0.34462574,0.35338646,0.35582685,0.33272994,0.35879117,0.36902487,0.35680088,0.35787058,0.36274818,0.3614232,0.33799872,0.36189997,0.36126652,0.37197533,0.35353893,0.35932887,0.34673995,0.36040628,0.36185884,0.36808088,0.3600087,0.32753038,0.34905854,0.34755003,0.33779967,0.35785225,0.34374228,0.35180524,0.35370052,0.3205767,0.36062127,0.35187066,0.35851687,0.37265342,0.32912704,0.3549536,0.36242327,0.34418565,0.34694275,0.3529575,0.35355347,0.358493,0.35588503,0.3395571,0.3388461,0.3543198,0.3288723,0.3609177,0.34105098,0.37099236,0.36598402,0.3631711,0.33593446,0.343803,0.36395192,0.36489922,0.3326503,0.34836534,0.3659002,0.34391147,0.33640486,0.351211,0.36352128,0.35477322,0.3158701,0.3641399,0.3748821,0.3363218,0.33143058,0.35446173,0.35819438,0.3789379,0.35298634,0.37808058,0.3387907,0.33914158,0.36183053,0.38490653,0.3395789,0.3614583,0.35945976,0.34792656,0.35621855,0.34630388,0.34247226,0.36963248,0.34500313,0.34174028,0.3412722,0.3638015,0.3741519,0.34519133,0.34405932,0.3487712
0.30503768,0.31665224,0.31226757,0.30957398,0.28189898,0.28916502,0.2887651,0.28403106,0.2935946,0.28494442,0.26899478,0.29889125,0.3121822,0.3157493,0.2916938,0.3439014,0.32730776,0.33450335,0.29906863,0.26448166,0.31965148,0.3040567,0.29631904,0.29144135,0.32276702,0.293602,0.3123596,0.32167602,0.298427,0.3106209,0.32858276,0.29689443,0.27848127,0.2791513,0.28539577,0.31055236,0.32900378,0.30334824,0.29981452,0.3199263,0.30819184,0.30215943,0.28596786,0.29415035,0.3001089,0.31786928,0.27731887,0.30630377,0.28606144,0.2922302,0.2959432,0.30255714,0.29865578,0.293856,0.27921525,0.31196997,0.2954902,0.31481445,0.28607854,0.29713973,0.323734,0.29571277,0.30542558,0.28310782,0.340061,0.30528483,0.32272893,0.27977484,0.2959335,0.28551587,0.28549308,0.3035266,0.29959804,0.3153472,0.305664,0.2998605,0.29771793,0.31011763,0.29895467,0.28394052,0.27957323,0.28952256,0.32324347,0.32385594,0.30867708,0.26462424,0.3179179,0.30986923,0.3150667,0.31568503,0.2814518,0.30360287,0.27973562,0.33048022,0.2850214,0.29665712,0.27862304,0.31854475,0.32481617,0.3130467,0.30782318
0.30912095,0.35938436,0.37636793,0.3365608,0.35574538,0.34928703,0.3410595,0.35775262,0.35609275,0.375455,0.37206006,0.36691123,0.35237548,0.33228385,0.36192477,0.37988305,0.33989388,0.37094456,0.32054085,0.33115944,0.3416369,0.3841014,0.35831374,0.35022268,0.37629554,0.33450502,0.36705053,0.3824065,0.3484007,0.3628751,0.36614132,0.3741566,0.35902488,0.3801286,0.38268435,0.3460744,0.388256,0.37641597,0.3680149,0.34726053,0.3538714,0.35531765,0.35219547,0.35880035,0.34885746,0.34536248,0.35577527,0.34474623,0.36396486,0.340172,0.40700322,0.36462498,0.36444986,0.35195023,0.3545689,0.3592007,0.36256367,0.37096325,0.3697974,0.35978508,0.36739737,0.36996263,0.34828544,0.37364638,0.38548106,0.35309073,0.3566169,0.36516553,0.33572876,0.3538452,0.3605408,0.34795856,0.36061484,0.36146122,0.35522193,0.34860212,0.34323648,0.3598202,0.35916692,0.35348436,0.35709393,0.34916687,0.38230425,0.36260834,0.36187968,0.34737402,0.37841675,0.368117,0.37125677,0.36490554,0.33856267,0.35563228,0.34059837,0.38583133,0.3291758,0.36880094,0.35887033,0.36393878,0.37834933,0.3308171,0.3601576
0.31101894,0.32418612,0.3133697,0.30094975,0.32693186,0.3140063,0.2937778,0.3049605,0.29695597,0.33360803,0.35570523,0.32439682,0.32379013,0.31884044,0.29956108,0.3106842,0.2993624,0.31965494,0.32191145,0.30241773,0.31039923,0.3382061,0.32026666,0.3132457,0.30411035,0.3357433,0.28168148,0.3415096,0.33228958,0.3363757,0.28519994,0.29981875,0.28565115,0.31195137,0.3139139,0.31133717,0.30787605,0.31779373,0.32149765,0.3078971,0.33342692,0.33539772,0.32666695,0.28079936,0.29185674,0.31253272,0.30140272,0.3168624,0.32564884,0.30701506,0.3202904,0.32754248,0.3318714,0.31677675,0.3108364,0.31503063,0.33145103,0.32097432,0.32264614,0.32127982,0.32998496,0.32817525,0.3117574,0.32873288,0.3027277,0.36245298,0.34361315,0.3113421,0.30792826,0.32868624,0.29984987,0.31668,0.30643344,0.30875033,0.33777422,0.3082778,0.3308402,0.32731044,0.3150279,0.3313622,0.28798145,0.3130799,0.3417666,0.3111248,0.33312225,0.30810016,0.32135612,0.33405024,0.3182946,0.32283917,0.33887866,0.3178663,0.32153642,0.3347398,0.31870592,0.29546928,0.3087131,0.34293625,0.3450225,0.3018207,0.2975036
0.31192413,0.3269505,0.3323476,0.29446435,0.2704949,0.30455744,0.2874746,0.30810064,0.2762303,0.302041,0.3084383,0.29201573,0.31402138,0.26203996,0.29996645,0.30428964,0.29800618,0.3174804,0.3127674,0.32302418,0.32745355,0.30210882,0.31085703,0.29748195,0.292926,0.2951231,0.31980443,0.30941638,0.29998273,0.29248884,0.3063726,0.2704214,0.3220247,0.31158745,0.33286926,0.29893547,0.28260165,0.31166327,0.30737895,0.3312356,0.30272397,0.28665304,0.26789036,0.2956034,0.31080383,0.29116672,0.31755605,0.32395148,0.31488967,0.32243705,0.32049564,0.2869747,0.34467882,0.30235988,0.30074996,0.3145354,0.31413117,0.31948715,0.3019759,0.29624414,0.28641182,0.28728154,0.3327263,0.3135649,0.3026322,0.32168967,0.299087,0.33382112,0.2703209,0.28212819,0.32416853,0.29904813,0.2914921,0.31139982,0.29452398,0.31453776,0.2804214,0.30182713,0.32503766,0.2715683,0.3298728,0.31880137,0.2778472,0.31304425,0.29812413,0.31018162,0.35303068,0.30615574,0.2871076,0.30799162,0.28270778,0.33269626,0.2979555,0.284463,0.29393947,0.28684422,0.3111676,0.28555316,0.30579373,0.2982506,0.28944606
0.3132145,0.28461593,0.28629503,0.2963791,0.28823522,0.2678278,0.2736035,0.28995907,0.27920792,0.2898972,0.3078788,0.3227473,0.27334586,0.28078625,0.27822873,0.27349603,0.32252425,0.29533482,0.28502744,0.28645688,0.28497115,0.30179232,0.2659783,0.27959123,0.2632416,0.2586193,0.29758376,0.2735302,0.2867595,0.27894714,0.3095309,0.29129076,0.2850033,0.27488804,0.2932957,0.25700355,0.32593966,0.27890986,0.29848126,0.24616393,0.30152068,0.29064596,0.33749834,0.27406335,0.3061819,0.3288769,0.29857084,0.27100593,0.2707562,0.29680234,0.2949673,0.29199904,0.28682956,0.28603593,0.3110084,0.2904959,0.2679727,0.26181903,0.28557658,0.27702004,0.28317663,0.309175,0.31619427,0.2995651,0.3190552,0.29704493,0.27365616,0.29776827,0.30511767,0.2981127,0.31569397,0.2628461,0.31406242,0.32098204,0.2969837,0.25232413,0.28469867,0.29575154,0.27956223,0.30098426,0.27454805,0.3038361,0.3290105,0.27834836,0.28786126,0.32499743,0.31271404,0.29626623,0.3027591,0.3163733,0.2933444,0.2789718,0.2779813,0.33579534,0.27954814,0.29149637,0.30786127,0.31745356,0.266603,0.26831353,0.27738047
0.31473774,0.31645793,0.31612378,0.30734432,0.3079554,0.30450824,0.30382434,0.29649132,0.31715536,0.32054442,0.2830659,0.2837799,0.30616176,0.3192555,0.32474747,0.29200634,0.29610378,0.30517307,0.26961753,0.3548511,0.3219155,0.28529266,0.32172638,0.3086359,0.29547778,0.31279677,0.28858626,0.31352597,0.30932516,0.27037615,0.30537382,0.2762439,0.30299503,0.3124722,0.32237217,0.2648613,0.31075898,0.30140582,0.30912322,0.28992325,0.29017,0.3241686,0.29245538,0.2903531,0.31252086,0.31566346,0.29729065,0.29825494,0.30870512,0.29245746,0.32643396,0.2972439,0.31696537,0.3317052,0.30234855,0.29549772,0.2953732,0.2975151,0.2760479,0.2814575,0.32652044,0.30192012,0.29679793,0.26412734,0.3109393,0.32088667,0.3199835,0.2848669,0.32237995,0.2912651,0.31991762,0.32336584,0.29371008,0.2992606,0.2979866,0.2839538,0.296696,0.29506007,0.28273302,0.3025465,0.31164128,0.2987537,0.29564616,0.30632117,0.29334822,0.31828725,0.27463984,0.30873048,0.32893854,0.29869568,0.31763408,0.3049085,0.28576222,0.31194633,0.30440438,0.29977512,0.34496126,0.31089717,0.3365391,0.29721105,0.30250585
0.31755707,0.33745486,0.37050307,0.33869982,0.33406928,0.31429914,0.346035,0.30582935,0.31370974,0.3223635,0.36724317,0.320539,0.3522869,0.30375448,0.34193945,0.30803752,0.3205448,0.3357013,0.34351045,0.29455262,0.30872834,0.30688468,0.33516443,0.3316232,0.32493907,0.33673877,0.30311388,0.35375148,0.32050115,0.36462998,0.32195437,0.29547024,0.31787565,0.31907052,0.31013685,0.34168893,0.31955144,0.33417612,0.34477073,0.31650448,0.28605214,0.29487926,0.3329273,0.3129555,0.28831133,0.31769234,0.32794788,0.32006174,0.31775612,0.3311382,0.33923668,0.32381725,0.3137899,0.31067348,0.31499392,0.37863737,0.34026343,0.31494176,0.31339318,0.2791798,0.3417989,0.31872076,0.2980931,0.3304285,0.31647876,0.29241377,0.30857927,0.32291368,0.32285523,0.30847445,0.32599378,0.32104552,0.3171175,0.32911694,0.31971297,0.32207996,0.32504576,0.33729148,0.3162884,0.3135355,0.3080096,0.34433532,0.3137864,0.3108087,0.35949954,0.29741287,0.30977514,0.32373017,0.32141846,0.33345124,0.31810242,0.29780722,0.34570232,0.316118,0.29391328,0.32529896,0.3080054,0.35858464,0.3159507,0.2993972,0.312073
0.32166904,0.2842028,0.3023396,0.33224437,0.2933458,0.31767374,0.30614012,0.306823,0.29998052,0.29909474,0.2748186,0.30503973,0.30168432,0.32246956,0.30366683,0.31714565,0.2944542,0.31034383,0.3078807,0.29480016,0.31580186,0.33924186,0.30656156,0.27898005,0.31026164,0.34398714,0.31983277,0.31284645,0.3171615,0.34289658,0.3401457,0.30049282,0.2978022,0.32903644,0.28362942,0.27480194,0.32006848,0.29079667,0.29804403,0.3002623,0.3036559,0.3028749,0.3252082,0.31215385,0.32640475,0.30545884,0.31413275,0.31564718,0.29726037,0.2934311,0.30517855,0.30975986,0.2918105,0.299528,0.3292481,0.30273542,0.31546336,0.30314472,0.3159304,0.32140094,0.30060458,0.3062389,0.29599467,0.32545117,0.30484244,0.30484107,0.30875137,0.27709332,0.27364576,0.30818647,0.33572152,0.3271096,0.32097796,0.31683862,0.31452632,0.31042516,0.294928,0.35326973,0.30322316,0.30671498,0.32721418,0.3193855,0.30100524,0.299668,0.3145728,0.29884535,0.35448742,0.30622676,0.32292962,0.31165567,0.32811263,0.28036895,0.2942993,0.29666114,0.28179443,0.30871964,0.2828007,0.32465756,0.34117043,0.30858386,0.3230864
0.32264465,0.3425484,0.35726106,0.36585867,0.3438873,0.35607097,0.34510428,0.36111355,0.3565465,0.3396786,0.35604048,0.34628135,0.35693255,0.38549107,0.31966794,0.36473787,0.3448858,0.3397161,0.340132,0.3806233,0.34080222,0.3347664,0.3550508,0.34742385,0.3546843,0.3694349,0.37981945,0.38574383,0.37349418,0.34120122,0.37201965,0.34540707,0.35991845,0.3342698,0.35481715,0.356316,0.3655278,0.33571264,0.38654375,0.32816783,0.3486208,0.36579263,0.36734402,0.3522658,0.3555754,0.32172275,0.3530484,0.33900774,0.3380831,0.36689538,0.33285332,0.38717026,0.34122825,0.3858828,0.36718315,0.3508125,0.38147223,0.37873864,0.32470053,0.38118002,0.35939056,0.35551906,0.36194745,0.3807816,0.33879846,0.341167,0.38491863,0.37287638,0.3796562,0.35235757,0.3680608,0.34506977,0.38165465,0.33622193,0.3522929,0.346126,0.36097157,0.35564506,0.36390144,0.37651986,0.34674823,0.35924563,0.3611274,0.3314301,0.3298788,0.34053484,0.34892452,0.35130644,0.3620161,0.36494458,0.33763486,0.34293443,0.3674615,0.34520853,0.32797962,0.33465555,0.37422198,0.36130244,0.36960313,0.3592025,0.36405545
0.32278866,0.3521767,0.36351746,0.36837488,0.37191695,0.37786204,0.3597855,0.36516997,0.35755306,0.3646727,0.33722624,0.35399783,0.34385216,0.38282228,0.37028188,0.34381717,0.39524707,0.35869858,0.37612134,0.38729376,0.34912694,0.36196432,0.3598503,0.3651689,0.34871346,0.34262484,0.36404604,0.34734973,0.34083748,0.34672782,0.35975176,0.3738476,0.37149054,0.36414972,0.37249112,0.3868189,0.3936993,0.35709393,0.37530398,0.35725743,0.35720485,0.35177884,0.3597861,0.34132236,0.37948573,0.3591884,0.36518735,0.37564635,0.34789485,0.35794848,0.36396664,0.36128104,0.37135714,0.336375,0.33954954,0.38816682,0.3597626,0.37013942,0.34359828,0.39659995,0.3677105,0.31601432,0.3392309,0.34731907,0.35692132,0.35535693,0.35869944,0.35474756,0.33799517,0.36950222,0.35437226,0.3822144,0.35024792,0.36732724,0.36622393,0.35122424,0.35731366,0.37669194,0.35329714,0.38954052,0.34355962,0.3606028,0.35338283,0.36454147,0.3517204,0.35902107,0.3532794,0.36966902,0.35980695,0.38067532,0.37815613,0.37927368,0.38308325,0.3727084,0.36441958,0.35612288,0.36694714,0.36643785,0.36652666,0.3714562,0.35180867
0.32320312,0.37750724,0.36100608,0.36792302,0.38002047,0.36140046,0.3554814,0.34377038,0.35244516,0.36123696,0.37984833,0.35581976,0.34758294,0.3515479,0.38635594,0.33101857,0.3597982,0.35842255,0.35863227,0.35493284,0.33832875,0.37294734,0.36354125,0.37410843,0.3649945,0.37856826,0.39876544,0.39176717,0.36152953,0.37414432,0.3692831,0.36571094,0.3472969,0.3506962,0.35562947,0.35791144,0.37782153,0.3755815,0.34829694,0.3493795,0.36004174,0.3678669,0.3644811,0.3684346,0.376098,0.35803762,0.36109114,0.37415084,0.36722785,0.35692838,0.34845674,0.3483413,0.34018365,0.36622325,0.33314043,0.36454105,0.3335835,0.34374762,0.37232482,0.3620637,0.34509546,0.37111467,0.3385458,0.35250866,0.3751707,0.40123242,0.35834903,0.36849973,0.3703364,0.3433724,0.37074447,0.36800045,0.38121903,0.35307676,0.3279562,0.3606078,0.33251807,0.3515411,0.37349862,0.364775,0.36307532,0.34941196,0.38604236,0.39652276,0.37271014,0.33827692,0.3535331,0.367536,0.35475352,0.36881113,0.36231077,0.3996109,0.37463328,0.3556355,0.35634023,0.34782535,0.37586182,0.38824517,0.36630246,0.39217284,0.3611485
0.32448402,0.34626824,0.3138826,0.3398279,0.35289764,0.35406935,0.33928165,0.33970666,0.31595176,0.34975356,0.3371065,0.33048522,0.3131692,0.32644564,0.30834693,0.32163554,0.29603362,0.33320028,0.3445502,0.37654284,0.36174065,0.29651397,0.29985762,0.32693693,0.33986548,0.2912623,0.32496604,0.29129836,0.32824028,0.3601694,0.31784683,0.28268492,0.30279344,0.3556668,0.33512914,0.30120903,0.30742094,0.29821154,0.33246619,0.31966525,0.35016626,0.3401109,0.34772247,0.332075,0.3179898,0.34331682,0.34580028,0.32122034,0.30811882,0.31528842,0.3227869,0.3266064,0.3363666,0.31615445,0.32782453,0.30316967,0.34413782,0.3426879,0.33195102,0.30485755,0.30756885,0.34764576,0.3421794,0.3080477,0.32814613,0.32272622,0.32752025,0.33689153,0.34625146,0.31043628,0.30669153,0.34597856,0.3051489,0.32298028,0.32312837,0.32061216,0.3376397,0.33385026,0.31045586,0.3288833,0.3136894,0.3158627,0.31663847,0.35209316,0.317375,0.30407974,0.34231162,0.32973653,0.30587795,0.35389882,0.31865263,0.337385,0.32520676,0.3530329,0.33360532,0.31519428,0.31082875,0.28918716,0.28991103,0.29462034,0.32192123
0.32541278,0.35684425,0.2999101,0.35132104,0.342773,0.32102087,0.34517893,0.339643,0.34924728,0.3010595,0.35117108,0.3303352,0.31853238,0.33200812,0.3466517,0.34068894,0.34334528,0.33862868,0.32674938,0.34161445,0.3213026,0.32857472,0.33800638,0.31536642,0.3615136,0.34787303,0.33586863,0.3502409,0.34255946,0.3452084,0.31615204,0.33351868,0.3509919,0.32253727,0.3387227,0.3481414,0.31984723,0.3438425,0.31588474,0.30901378,0.31019068,0.33161357,0.3552134,0.29402894,0.32507372,0.32914257,0.32147133,0.32956982,0.37028998,0.3553834,0.36486784,0.3500666,0.31193373,0.3028022,0.29033393,0.3424459,0.3279947,0.3339895,0.3536672,0.310097,0.32551175,0.31693226,0.3233579,0.3438676,0.33955526,0.36418682,0.32997733,0.33784398,0.31653118,0.36513466,0.3039673,0.31005996,0.28247365,0.34022155,0.32649574,0.36547238,0.2690819,0.3308751,0.33669603,0.31211072,0.29922882,0.35813808,0.31086266,0.34095514,0.3539323,0.3238986,0.36358118,0.33216566,0.32193524,0.34156227,0.35618302,0.35164365,0.324573,0.355559,0.34446013,0.35707796,0.31123188,0.3433213,0.33309937,0.30914807,0.3474667
0.32763943,0.35785136,0.34439933,0.32479757,0.33608457,0.32647818,0.35026276,0.35389203,0.32083857,0.37573016,0.349008,0.36552462,0.36511266,0.3603207,0.34007823,0.3655058,0.3202076,0.3275243,0.34049404,0.32587215,0.31718904,0.33440536,0.32701966,0.34356594,0.35240448,0.33275503,0.3302539,0.33515477,0.34586293,0.3424768,0.33966988,0.34386736,0.337331,0.35400033,0.30198893,0.33287352,0.2928053,0.3309242,0.33122236,0.32560563,0.311135,0.3625168,0.293294,0.313905,0.33576977,0.3274664,0.31949025,0.3484194,0.3747925,0.3316913,0.33977744,0.34057108,0.3251003,0.31984377,0.33147746,0.36078128,0.35944,0.3398549,0.3545345,0.3019387,0.34940785,0.34244537,0.35965908,0.32250962,0.33120754,0.34109864,0.3110494,0.33288014,0.304338,0.31869787,0.33289903,0.34904742,0.33361644,0.33457917,0.33119938,0.32059544,0.3568167,0.3087886,0.32874316,0.31329888,0.34765851,0.33914405,0.34674817,0.33602118,0.3370831,0.37351936,0.30343753,0.34128797,0.33848912,0.32839972,0.3271804,0.35935992,0.33190438,0.3373493,0.32990173,0.321945,0.3097463,0.36236683,0.30828553,0.36136144,0.36492878
0.3297092,0.36854303,0.3384565,0.3797329,0.3368448,0.3520214,0.35412198,0.35033733,0.35625193,0.32629403,0.32925862,0.33922434,0.34635508,0.3541596,0.32711124,0.3481797,0.34086916,0.34290802,0.34306645,0.3492333,0.3458013,0.34454215,0.31453288,0.3377766,0.3770553,0.34468532,0.3317787,0.34394577,0.31719026,0.35336304,0.31660944,0.30931294,0.3581722,0.33955082,0.31203103,0.32063258,0.3565914,0.3357006,0.35811496,0.35661906,0.3168429,0.36798972,0.38143608,0.32803544,0.3250079,0.32498747,0.34282547,0.3326184,0.38522255,0.3228042,0.33992806,0.32673734,0.3534581,0.33323324,0.35422015,0.34835196,0.3489052,0.36844492,0.33444315,0.37210408,0.3587253,0.33672243,0.3544272,0.32713652,0.36468363,0.37037465,0.33763444,0.37212142,0.33731887,0.30137867,0.3385603,0.32138914,0.33787054,0.35096762,0.3371703,0.34993586,0.33426356,0.3333914,0.3272794,0.33885834,0.3484462,0.3221063,0.31919086,0.33897394,0.32332796,0.3511746,0.34391993,0.33791313,0.33772507,0.3221829,0.3390857,0.35468853,0.34268898,0.3368408,0.3392049,0.3331054,0.34674639,0.34813792,0.3428035,0.35359803,0.35178104
0.3348993,0.28280774,0.31755185,0.31218454,0.30970472,0.2814062,0.32994413,0.28946164,0.30861515,0.29451597,0.31389493,0.3223142,0.2843904,0.32253224,0.3293448,0.36442015,0.31720468,0.3033096,0.36750865,0.28176284,0.28351542,0.32393524,0.31320098,0.33717683,0.31357393,0.28844222,0.30034757,0.2858435,0.31742978,0.2730297,0.25800171,0.3170771,0.3006946,0.29365486,0.29387045,0.30657363,0.3079747,0.28747678,0.29188544,0.28334942,0.29781038,0.30791143,0.30530742,0.3333205,0.3104701,0.28558192,0.29104942,0.30617732,0.31566226,0.3185667,0.3482548,0.31219155,0.2971222,0.28174022,0.2955864,0.25691456,0.32802293,0.271,0.35013637,0.30580142,0.31411126,0.3036425,0.32769555,0.3058265,0.29713407,0.30394375,0.32389152,0.29520848,0.2757425,0.28380197,0.30243862,0.33171174,0.32120985,0.28806296,0.29282573,0.32027024,0.3251344,0.29396313,0.3240317,0.3321157,0.28579152,0.29029214,0.36988586,0.26081717,0.31996477,0.30833912,0.32779497,0.30220222,0.29649162,0.31086275,0.31338215,0.29329544,0.3174659,0.3045576,0.26711157,0.29292193,0.2993517,0.27824712,0.31284016,0.29985985,0.32184047
0.33693105,0.37757212,0.43203923,0.38762644,0.42173672,0.3891834,0.42086655,0.39094746,0.39025578,0.38284793,0.42860144,0.39650926,0.39131176,0.39737427,0.41633052,0.39303076,0.40619513,0.40992206,0.40901285,0.39781576,0.3952275,0.41957107,0.38739106,0.4094261,0.39808363,0.41325563,0.4201209,0.42173386,0.39793557,0.43052882,0.42835522,0.38415754,0.38688138,0.40310693,0.40101486,0.38007945,0.4009282,0.404837,0.3960222,0.40399066,0.3815137,0.42975557,0.39070183,0.4124008,0.39413014,0.4117627,0.41656762,0.4169556,0.37951708,0.3994652,0.41298413,0.42941752,0.4207331,0.4083361,0.41223997,0.4085611,0.39363557,0.40369603,0.41837835,0.4225434,0.41189235,0.43374124,0.4167,0.4077943,0.3964687,0.4080432,0.41522336,0.41627944,0.384166,0.41893196,0.41242644,0.41574204,0.41745162,0.42581666,0.4144286,0.41104615,0.3907092,0.41647768,0.39111724,0.40822154,0.41419372,0.42149162,0.41905108,0.41700578,0.39559636,0.4361838,0.42191663,0.41705772,0.38362974,0.4103265,0.42715108,0.41077664,0.4003406,0.43535298,0.40922642,0.3814172,0.43638784,0.40813953,0.42340928,0.39359906,0.42680466
0.33751097,0.35396203,0.32485527,0.35891265,0.32100683,0.38074684,0.3500231,0.35760164,0.36947113,0.3273127,0.37408504,0.32847738,0.32054216,0.372186,0.3646872,0.37983024,0.35244715,0.34860742,0.33831382,0.3211485,0.37319398,0.34313336,0.35774094,0.3232618,0.34814173,0.32556158,0.33364147,0.33705586,0.3708998,0.3224479,0.3236372,0.37880045,0.3406875,0.3105846,0.3646252,0.35650527,0.3321451,0.3178512,0.32992804,0.33961976,0.38478833,0.33830133,0.37545577,0.34962678,0.3421322,0.3229164,0.35909954,0.33640844,0.36459616,0.36559165,0.33070704,0.34879333,0.34494802,0.34867236,0.3618298,0.37001345,0.32427135,0.37137434,0.3683849,0.32349718,0.3602489,0.34098157,0.36452582,0.36024636,0.3904797,0.3463183,0.35826498,0.3063426,0.3831114,0.34677756,0.34066743,0.33945453,0.3148096,0.37990087,0.33836925,0.3321116,0.31284267,0.33107162,0.3444013,0.35870966,0.36009106,0.31719553,0.32973236,0.3445706,0.35898504,0.37111187,0.3421471,0.31465614,0.35628363,0.3401088,0.33181155,0.3443133,0.35229713,0.3668023,0.3293415,0.33759308,0.3550939,0.36240876,0.3593468,0.34300923,0.35966116
0.3385807,0.32277438,0.31962907,0.3150772,0.29798704,0.3074547,0.31304222,0.32550684,0.310404,0.32222813,0.31696606,0.31638533,0.2843264,0.32951385,0.30433765,0.3140584,0.2935362,0.31934637,0.3080123,0.3088969,0.32169157,0.29757318,0.27388975,0.32299048,0.26811704,0.33422905,0.33880848,0.34255064,0.29438204,0.33008286,0.3320186,0.35007143,0.30247357,0.32855898,0.3283829,0.29277298,0.34576207,0.285573,0.31986734,0.31282994,0.32899955,0.32305115,0.33714533,0.308585,0.27500948,0.3167259,0.29855824,0.30555385,0.3075319,0.3231816,0.3077857,0.3144828,0.30957824,0.29684752,0.29255545,0.31410018,0.3039024,0.30385742,0.3174116,0.31263492,0.33954448,0.3347024,0.28450802,0.3248407,0.27687666,0.29081786,0.3253138,0.30712134,0.32714573,0.35756662,0.308853,0.30657512,0.32614917,0.29493254,0.29746208,0.31454796,0.3466766,0.30796552,0.29844552,0.30455965,0.33172438,0.30382228,0.3040276,0.30164018,0.35202718,0.27960706,0.30420983,0.31219143,0.30642936,0.31665623,0.34163737,0.3057772,0.28998512,0.29592705,0.30045298,0.3051126,0.28980878,0.3255831,0.29183787,0.31469065,0.34591544
0.3388945,0.3156837,0.31834018,0.29668683,0.31948358,0.30094442,0.32368094,0.31114835,0.3030462,0.30993837,0.32855672,0.3319796,0.28840777,0.30149496,0.31586176,0.2949858,0.29665786,0.32220465,0.30250728,0.29491192,0.31720877,0.3260822,0.33661807,0.32846472,0.31775838,0.31172782,0.3148916,0.30182084,0.31981555,0.32685775,0.293622,0.3508607,0.3253943,0.30192554,0.3144963,0.3547523,0.2999177,0.3291569,0.32617718,0.33716518,0.31020427,0.3227678,0.28840795,0.30163273,0.31900024,0.31830156,0.3125961,0.32989734,0.30420047,0.29533553,0.39217204,0.2992162,0.34786037,0.30834895,0.3036964,0.31972378,0.31111592,0.31806016,0.32112396,0.31448948,0.3076596,0.31851786,0.2957462,0.30440402,0.35715246,0.30113468,0.34944642,0.2973396,0.30272135,0.31726187,0.30296344,0.2940753,0.33094043,0.27153966,0.3130335,0.2957881,0.34331447,0.32389873,0.33567813,0.31298748,0.28647098,0.32956666,0.30843398,0.31025428,0.29739618,0.31750122,0.31621972,0.31711212,0.3000339,0.3477868,0.32320082,0.30687132,0.3179425,0.33844316,0.3108393,0.3275681,0.31923312,0.30345404,0.32354724,0.2952995,0.29962048
0.3392048,0.32444406,0.29366893,0.30663976,0.28127727,0.32612252,0.3136176,0.3227888,0.2720148,0.296847,0.28031188,0.31106317,0.29282728,0.29871917,0.31482035,0.30451185,0.27370054,0.3163488,0.28836283,0.32542866,0.32388875,0.31242427,0.29958773,0.30848312,0.3315888,0.29996985,0.25626075,0.26096123,0.30879226,0.3215263,0.3268587,0.2829089,0.2969947,0.27409005,0.2950455,0.31341615,0.3312243,0.29208848,0.29309368,0.32246533,0.36342743,0.2993007,0.29147783,0.30683655,0.30989027,0.33730072,0.2872319,0.3385579,0.31884432,0.34406525,0.3049705,0.30984032,0.31006643,0.27820686,0.29614252,0.27776915,0.29763514,0.31355375,0.31182027,0.31469187,0.3311329,0.29444194,0.3273077,0.30198294,0.30634263,0.26285636,0.28690052,0.28681687,0.26898018,0.26513776,0.29212114,0.32069308,0.28758073,0.32413143,0.28923905,0.31797606,0.28672627,0.27897787,0.2920936,0.30218711,0.27263784,0.29086226,0.2746369,0.30127728,0.30663952,0.28361517,0.3153809,0.30259642,0.27549434,0.27886578,0.3592326,0.32173452,0.31132972,0.31167445,0.31457943,0.28992188,0.3176707,0.29273844,0.30377898,0.3121165,0.30202246
0.34059703,0.36763132,0.33216625,0.35686585,0.35629007,0.33172864,0.35500824,0.3544216,0.33067226,0.34667465,0.36081138,0.37791836,0.35102075,0.35923818,0.3657751,0.37230673,0.36661774,0.33974236,0.3457259,0.38854793,0.35977244,0.362995,0.3498757,0.3459549,0.34787506,0.3557911,0.36627793,0.35488614,0.34952712,0.36395383,0.3342378,0.3406624,0.3617437,0.36043757,0.37388766,0.34324843,0.32976422,0.366911,0.35945827,0.33905494,0.3323621,0.34971786,0.35519645,0.36002594,0.3421634,0.33029124,0.3287968,0.36265266,0.3525318,0.37057123,0.3609289,0.3434619,0.35461766,0.33758414,0.37254116,0.36645946,0.37066138,0.37990686,0.3558581,0.36272198,0.3381724,0.36876416,0.34671456,0.34483576,0.340622,0.36366662,0.35106212,0.3621521,0.3671137,0.33989376,0.3235847,0.34301853,0.35629714,0.34067136,0.34308505,0.34294578,0.34738055,0.3622843,0.37554735,0.32768568,0.31947294,0.35044143,0.3667832,0.35157156,0.35858086,0.33409625,0.35256773,0.36604902,0.33800876,0.37036264,0.37298754,0.34603524,0.33464783,0.35126525,0.35122544,0.35327443,0.35367104,0.3472392,0.35045776,0.35812554,0.3510615
0.34238288,0.3112626,0.37630957,0.3523031,0.34822974,0.3580625,0.33917212,0.37083146,0.36070886,0.35521814,0.34905452,0.38697627,0.33961034,0.3758188,0.38323784,0.351264,0.36286274,0.35661817,0.35927558,0.37095457,0.35039642,0.3954445,0.37062693,0.3569832,0.3304879,0.33492577,0.3651024,0.3466422,0.42260098,0.35272515,0.33515242,0.3668569,0.34426188,0.3397113,0.36087027,0.3474448,0.34842145,0.35729396,0.37410778,0.3653098,0.3496294,0.31677532,0.3732796,0.35671282,0.35912383,0.4094618,0.3479845,0.3260262,0.35495925,0.3590836,0.34003556,0.38633734,0.35976595,0.3527754,0.3261193,0.3474223,0.35496923,0.36223143,0.3876205,0.31485966,0.36362946,0.39470097,0.3738255,0.33419698,0.3734097,0.3559686,0.38206393,0.3849463,0.40517706,0.34432152,0.37751403,0.38696182,0.38924307,0.3656303,0.35093075,0.32540447,0.3673335,0.4070642,0.36041504,0.33310658,0.3488964,0.36867535,0.37489927,0.32426894,0.37106723,0.35169885,0.35562685,0.37097842,0.32216713,0.37034878,0.35754976,0.36140653,0.381515,0.367188,0.3311622,0.3529026,0.35535967,0.39508986,0.35736665,0.34459847,0.3667413
0.3457134,0.34624434,0.34230018,0.3465385,0.33586484,0.36989155,0.34139985,0.33566856,0.3573795,0.358212,0.32145235,0.2869481,0.33324158,0.29195288,0.34366405,0.35340434,0.3364694,0.3641385,0.34838933,0.32320657,0.33141005,0.32295096,0.36202496,0.38631964,0.33011037,0.35482365,0.32736817,0.33576423,0.3448642,0.333299,0.33511892,0.3115823,0.3586986,0.33567142,0.33714518,0.35340017,0.3433121,0.329683,0.32925707,0.34543565,0.33823836,0.32476315,0.33338273,0.29245722,0.31368917,0.31010967,0.34632438,0.32399634,0.3406343,0.3693715,0.341502,0.31902418,0.31398875,0.3284353,0.30331582,0.29147887,0.30955762,0.35541704,0.31013906,0.34202972,0.30394632,0.33882084,0.3644632,0.34830034,0.32200268,0.31447476,0.31299952,0.34504986,0.37367958,0.3598268,0.3166002,0.33736274,0.31052086,0.35174954,0.39501995,0.33124113,0.31631732,0.3423439,0.30628234,0.30077606,0.3257303,0.3378007,0.3388687,0.3504067,0.32758263,0.3350773,0.31885508,0.3207761,0.32278252,0.31668642,0.3401267,0.38312808,0.31867394,0.33794072,0.30233887,0.32694337,0.35743904,0.35401127,0.35104972,0.30840427,0.34177196
0.34776035,0.3620913,0.35722446,0.39665872,0.35873544,0.36355746,0.3993059,0.37533444,0.37567672,0.37048453,0.40675777,0.38919705,0.36286443,0.38026106,0.35104513,0.39757416,0.37226123,0.37543344,0.36069283,0.3569534,0.35499597,0.37560695,0.34980708,0.35285297,0.39088836,0.37709928,0.36845583,0.37976342,0.34506723,0.38554424,0.38832334,0.38549015,0.3730502,0.3790552,0.3788224,0.3741178,0.34856576,0.3627079,0.36791134,0.39288202,0.35145915,0.36410123,0.37447834,0.37733376,0.37603712,0.3794461,0.3834787,0.38521048,0.39470118,0.36957246,0.40948057,0.39641026,0.3653062,0.37112647,0.40822887,0.37229508,0.36812702,0.3730447,0.38912,0.3677943,0.36614394,0.36979702,0.35636848,0.39438128,0.3682979,0.37817097,0.38421336,0.35964876,0.37145123,0.38321757,0.36481842,0.3647437,0.3867883,0.37816882,0.3496884,0.38876855,0.39788607,0.3881455,0.38762626,0.39935702,0.38009787,0.38993752,0.38204843,0.38187537,0.37216884,0.3690616,0.38393712,0.37113228,0.37907565,0.38535172,0.38451436,0.38754702,0.36262667,0.36938912,0.3793425,0.35617393,0.3875858,0.37105727,0.35131842,0.3571547,0.38433778
0.35225347,0.3780247,0.38027328,0.3817337,0.3853172,0.35285252,0.38258433,0.3708801,0.3830762,0.38051814,0.38482457,0.38773534,0.3841508,0.39690596,0.3907998,0.3523851,0.3799189,0.39447895,0.3875844,0.38641664,0.38575372,0.36769912,0.36506975,0.37468898,0.36226144,0.36936688,0.38173008,0.3522741,0.36138397,0.38447446,0.37414563,0.3867643,0.3822793,0.38708103,0.3702737,0.39360794,0.39912322,0.37409833,0.370565,0.37044218,0.3767168,0.35799202,0.38816023,0.39884707,0.37582463,0.37677243,0.3666312,0.36298704,0.35316497,0.37371024,0.38303685,0.3818609,0.3988568,0.38202816,0.3925298,0.37371752,0.36387867,0.36871663,0.38048193,0.37197256,0.36986065,0.39383227,0.39417303,0.37141564,0.35712445,0.36595598,0.4077022,0.3966962,0.39278805,0.39512292,0.364897,0.39600438,0.39162743,0.37164432,0.35953772,0.36912602,0.3679076,0.37750292,0.3928666,0.38084885,0.37968618,0.39064896,0.36559862,0.3685083,0.3864665,0.37170178,0.41081998,0.37267727,0.3932057,0.37860078,0.36650962,0.37351763,0.3752231,0.38034934,0.3664732,0.35153347,0.40020424,0.38147736,0.38351792,0.36804658,0.3734337
0.35257357,0.39130592,0.40710986,0.3583638,0.40943757,0.3759032,0.3689637,0.37891147,0.38009423,0.40733758,0.35776335,0.40553397,0.39612195,0.3763147,0.41412395,0.38349426,0.3840152,0.38425493,0.35964105,0.38138017,0.40887752,0.37586576,0.40485284,0.39317,0.38442677,0.36019328,0.35857615,0.3807272,0.35768783,0.3921834,0.36687422,0.3850839,0.38126135,0.37349063,0.4020692,0.35602123,0.36425126,0.37437913,0.34695587,0.39133823,0.33535844,0.38284904,0.36972854,0.36331964,0.3740943,0.37475285,0.36920068,0.35921305,0.36298263,0.36221892,0.36808997,0.3734221,0.3736238,0.3742653,0.40218836,0.35259423,0.37012583,0.382118,0.4064451,0.38878575,0.37442613,0.36309132,0.3493366,0.35366756,0.37707967,0.40228832,0.406151,0.39487317,0.4174076,0.38032478,0.40097433,0.37749073,0.3601148,0.39662284,0.34489948,0.35353658,0.38338375,0.3729676,0.3722239,0.40617174,0.38139197,0.38014346,0.41558778,0.3807972,0.38415164,0.37570328,0.39203897,0.38700563,0.37750846,0.38767055,0.4074777,0.35680002,0.37553272,0.33820072,0.34991908,0.38622022,0.35881227,0.37231,0.40445992,0.37952164,0.4089166
0.36160898,0.33666217,0.33910188,0.3401959,0.3623273,0.3548716,0.3486738,0.38699353,0.34269503,0.35173288,0.33351448,0.33521932,0.35519868,0.32458383,0.35362035,0.35034013,0.3094616,0.32256952,0.3239313,0.35471177,0.33379576,0.32614183,0.3548199,0.35437664,0.30667883,0.31909063,0.3686884,0.34998992,0.30077654,0.3562293,0.33295044,0.33101717,0.37808737,0.3265942,0.3502242,0.347789,0.33736807,0.33302516,0.31873482,0.37104505,0.35291916,0.3574801,0.31908643,0.3767109,0.33323088,0.34914923,0.34468704,0.34443712,0.3598134,0.31795955,0.38535503,0.3231469,0.37625772,0.34711322,0.34896487,0.33754522,0.34817958,0.32380491,0.3257108,0.3215019,0.35700524,0.35366482,0.35236865,0.31860742,0.33715004,0.30862388,0.30343857,0.35487908,0.31115034,0.3489891,0.34510478,0.3689621,0.37480098,0.34128472,0.30900565,0.33342552,0.32475483,0.34462813,0.367015,0.33505383,0.35625142,0.3419875,0.34198853,0.34467983,0.32817557,0.3400907,0.32599753,0.33385697,0.35508025,0.3510543,0.29976255,0.3567587,0.3316474,0.3929549,0.31021935,0.34893152,0.3222358,0.35032922,0.3463089,0.3658874,0.3248135
0.36218047,0.3405065,0.36221284,0.37089646,0.37498844,0.3844942,0.37296206,0.3641663,0.35849732,0.3804375,0.3436252,0.37598062,0.3595316,0.3712126,0.34938914,0.36693308,0.35575935,0.36373833,0.35359746,0.3463297,0.3722114,0.34465158,0.34603643,0.35715762,0.38554537,0.332472,0.3666497,0.35589463,0.36921352,0.35641873,0.34842342,0.36630517,0.34956545,0.3867006,0.36362404,0.34722593,0.3703855,0.3787946,0.33618036,0.3494912,0.3442502,0.38339543,0.3704331,0.34827656,0.37432355,0.3740219,0.36396566,0.34610552,0.34898958,0.3511963,0.37565953,0.36695778,0.35243666,0.3526377,0.34684154,0.36669195,0.36769503,0.3420943,0.37949595,0.37567234,0.35505104,0.3513446,0.36819243,0.36984506,0.36405298,0.34195694,0.36924297,0.36509797,0.39231935,0.36490846,0.37961063,0.38373154,0.3531654,0.38928014,0.3687027,0.35205764,0.3607798,0.36832285,0.36511424,0.36281237,0.3652851,0.3739227,0.38550627,0.35549647,0.3623161,0.38533807,0.37283978,0.38215098,0.35658288,0.34195036,0.3581563,0.3820398,0.37866345,0.3497169,0.3553211,0.3586788,0.3524533,0.37767056,0.36986947,0.35510015,0.37487897
0.36508298,0.36934483,0.37093735,0.3827886,0.3744964,0.3898776,0.40460622,0.37051606,0.38454893,0.37781233,0.40040594,0.4150233,0.4042002,0.3917506,0.4109211,0.36988494,0.39053583,0.3740325,0.36590967,0.37484917,0.3658898,0.36448896,0.35640162,0.3792224,0.37425804,0.38597623,0.40173924,0.42377988,0.3647433,0.38481688,0.37903038,0.40017778,0.39967757,0.4012546,0.38024545,0.38378453,0.38082665,0.38757393,0.39621493,0.3666522,0.3917122,0.36810195,0.38251865,0.37135422,0.37740105,0.36969966,0.39451525,0.4143124,0.396486,0.37779653,0.4134625,0.3893193,0.395139,0.38607123,0.39283744,0.36063343,0.370853,0.37437487,0.40469208,0.38930047,0.36913067,0.38425502,0.40838912,0.37229735,0.36467034,0.42343986,0.37733674,0.37421325,0.36210972,0.40204945,0.3963444,0.38378483,0.3718822,0.39709914,0.41028637,0.35793844,0.3679009,0.3712802,0.40122816,0.3682052,0.381485,0.36499354,0.39669198,0.39196312,0.374591,0.37755466,0.34970325,0.3433558,0.40526742,0.4019152,0.38670313,0.39018553,0.37147298,0.38609648,0.38530898,0.3852421,0.38751876,0.38574135,0.35897505,0.38355577,0.38499773
0.3664089,0.40984598,0.45878732,0.43705365,0.40662447,0.40371478,0.4326917,0.4204941,0.4397112,0.42835936,0.39488137,0.4036765,0.4329883,0.44134942,0.4364503,0.418989,0.41650373,0.4488207,0.39950642,0.43741843,0.41949093,0.41163486,0.42092457,0.40633905,0.4262569,0.41825587,0.422398,0.44993913,0.43273386,0.42566538,0.4149358,0.42751664,0.43640417,0.44390762,0.43411678,0.4639936,0.38708314,0.4241382,0.43706813,0.4764365,0.4124178,0.44780883,0.45063603,0.41838035,0.4193862,0.4207036,0.43591774,0.46048313,0.46267995,0.42986658,0.43395233,0.41072878,0.42860892,0.42304033,0.42750388,0.3935486,0.44306275,0.43913305,0.43954948,0.46540764,0.4553889,0.415905,0.43425977,0.459018,0.4049266,0.39327687,0.4359707,0.42011476,0.42826295,0.4465272,0.41957265,0.42400685,0.41757774,0.44800717,0.45420843,0.44872916,0.4102723,0.4304058,0.41786826,0.4390228,0.46873382,0.4285412,0.41796649,0.43517488,0.40574414,0.43573043,0.45160863,0.42764044,0.42214254,0.40079188,0.39919782,0.43472028,0.42776906,0.4340753,0.4284971,0.4528516,0.42896718,0.4256001,0.4004007,0.44737482,0.4195776
0.36700767,0.37627128,0.35924995,0.4264416,0.34852782,0.3743329,0.3849803,0.38630348,0.36308843,0.39142174,0.3637957,0.3932613,0.37262183,0.40891367,0.39747423,0.37710392,0.3443272,0.36287737,0.38695306,0.3986138,0.3751934,0.3744589,0.3862154,0.38875237,0.36319637,0.36925912,0.38887304,0.38789323,0.3768763,0.3862806,0.41971925,0.37471932,0.37845147,0.39378244,0.36955887,0.352475,0.3915696,0.3759332,0.37788093,0.3876444,0.38238758,0.36923778,0.40807706,0.36722162,0.4070791,0.38483208,0.35804504,0.3777508,0.3904965,0.37869006,0.38016167,0.37427297,0.3679297,0.37600395,0.38731444,0.38676107,0.3926354,0.39837888,0.3976189,0.38032383,0.42074937,0.4188192,0.38212442,0.37622595,0.35193107,0.41340435,0.37092125,0.37934452,0.38638937,0.38375032,0.35982302,0.39797923,0.35419276,0.37740612,0.36805966,0.38375357,0.40592784,0.37937886,0.40852588,0.36918044,0.37792626,0.36029685,0.39293855,0.3786606,0.37580442,0.35920495,0.42508602,0.37179148,0.37252328,0.3924836,0.38208386,0.37893528,0.37105897,0.38438785,0.3894443,0.40793937,0.36068457,0.39777508,0.38779777,0.3773428,0.4009655
0.37104368,0.36918923,0.35357946,0.3578626,0.3489095,0.37720254,0.38820145,0.37790173,0.3548252,0.38132033,0.32803774,0.35877073,0.33132797,0.3671252,0.39228007,0.35899946,0.3794508,0.34527296,0.35603887,0.3767972,0.36777115,0.37892953,0.36682266,0.36899918,0.37314963,0.3260973,0.36270398,0.35434318,0.34526926,0.36958444,0.36766836,0.35030812,0.33940506,0.33649665,0.3565938,0.35685772,0.36960056,0.35676825,0.32797045,0.3559963,0.3416629,0.39643583,0.38174117,0.3962385,0.35065514,0.3594678,0.33677715,0.36363676,0.31442958,0.3417325,0.3626231,0.37243488,0.37090707,0.3499097,0.37649673,0.342753,0.35162568,0.36215907,0.36501518,0.36700863,0.3501752,0.4005267,0.36878473,0.39136845,0.3325987,0.3813722,0.34404653,0.39038986,0.3457553,0.3598829,0.3338335,0.36272806,0.33984703,0.34357285,0.39662242,0.33628702,0.3374084,0.4005936,0.37118688,0.37118262,0.34360662,0.35047174,0.40203297,0.33372283,0.33482432,0.35891443,0.33635753,0.39174354,0.40260664,0.35151356,0.31328958,0.37401444,0.3519822,0.35684386,0.3741063,0.36714518,0.35329878,0.33088213,0.40154517,0.38244098,0.37975556
0.37118098,0.3662191,0.3909542,0.40976128,0.38300812,0.35065198,0.3528327,0.3769442,0.37468463,0.35308075,0.3653804,0.3779381,0.36404765,0.39948437,0.38069868,0.37902558,0.39138758,0.3661207,0.4036606,0.393014,0.3567828,0.39071319,0.35080308,0.36648571,0.38313258,0.35964537,0.38412905,0.3902772,0.34837812,0.35815597,0.39483988,0.34916544,0.36680186,0.37607676,0.39483178,0.38864195,0.39242917,0.40297985,0.35217565,0.37563053,0.34894398,0.3438634,0.38041073,0.37455273,0.40656608,0.3668399,0.34502608,0.39940196,0.38819388,0.38369143,0.3781829,0.39038068,0.3739673,0.39911652,0.3766964,0.38196608,0.35510007,0.37734175,0.35858792,0.38713497,0.3637156,0.36791453,0.35038587,0.34807727,0.36523038,0.35241222,0.3915861,0.36585158,0.3864102,0.3963836,0.40582407,0.3628759,0.3737296,0.37117207,0.36636922,0.37978023,0.3836937,0.39632457,0.3674491,0.353,0.4117241,0.39964387,0.38663855,0.3555798,0.41806915,0.3801185,0.3695585,0.40952867,0.38041687,0.37667623,0.37531582,0.38025376,0.37732542,0.3810413,0.3625104,0.3681208,0.3624975,0.38881457,0.36959058,0.36468947,0.3617915
0.3717143,0.40646338,0.38466066,0.37656182,0.38014078,0.36972234,0.41020018,0.38273793,0.42649966,0.35089958,0.40221745,0.36876136,0.37905183,0.38527048,0.36634588,0.38960457,0.42314622,0.3921369,0.38951704,0.42322838,0.37387067,0.3664471,0.38029253,0.38980535,0.3847931,0.38435936,0.4022174,0.3822099,0.37952143,0.39898247,0.37337887,0.3805391,0.3906064,0.39769912,0.4056445,0.38800535,0.38514137,0.408602,0.3777393,0.3868417,0.39255697,0.38287073,0.3920135,0.3965491,0.4032906,0.4087661,0.38390672,0.39796194,0.40054858,0.39427346,0.3884436,0.39170733,0.40118325,0.3697211,0.40184444,0.41180122,0.37766778,0.3758156,0.35466862,0.40179893,0.37155285,0.41311437,0.36829376,0.39147806,0.41170073,0.37102568,0.36642104,0.3886891,0.36172366,0.37832522,0.37288055,0.38623577,0.4139195,0.3880539,0.38198972,0.40475392,0.3920495,0.3925774,0.4029023,0.39687067,0.369568,0.41206408,0.36772263,0.39362478,0.38632852,0.35206693,0.4049883,0.38869706,0.39082754,0.39344677,0.4021083,0.3991131,0.3751186,0.3946694,0.39634752,0.36591506,0.3783561,0.4178598,0.36577338,0.4093309,0.37288678
0.37341478,0.35021454,0.34546667,0.36340496,0.36259764,0.3335274,0.31799293,0.36704287,0.35343087,0.36579028,0.3602086,0.3226587,0.34135753,0.3470081,0.3526286,0.35982317,0.36395305,0.37444675,0.3456011,0.34474444,0.3241128,0.3336075,0.35072592,0.33753228,0.34898072,0.35309064,0.35397965,0.3793448,0.36322892,0.36532098,0.32694295,0.3217248,0.36944515,0.33307737,0.35047382,0.37542486,0.33779746,0.3606304,0.37010318,0.36656666,0.32541725,0.35943598,0.3531015,0.34917045,0.33744317,0.35133404,0.32899892,0.33891934,0.36286288,0.36081713,0.34827524,0.3417467,0.33876348,0.3668757,0.37150884,0.35021836,0.3468495,0.35520113,0.385396,0.3540505,0.36329383,0.34188277,0.33384466,0.34028673,0.35627687,0.36301768,0.33359444,0.3467956,0.33697188,0.34905428,0.32547078,0.3525458,0.3634926,0.34077838,0.35261416,0.35616207,0.35065693,0.34855607,0.35045457,0.3595404,0.3530012,0.3302214,0.3640135,0.32326928,0.35840148,0.35456452,0.33829713,0.3450879,0.3416291,0.37933034,0.36412588,0.3616095,0.33997554,0.34519815,0.36796215,0.3556571,0.3635739,0.33794868,0.35031447,0.3722989,0.34586227
0.37940174,0.34699124,0.38175863,0.37843198,0.37531596,0.3684168,0.37109983,0.40578726,0.35111004,0.3502517,0.34842062,0.35887152,0.36336946,0.36790264,0.36456183,0.38263303,0.3596552,0.37170017,0.3718055,0.38945115,0.3943364,0.38082254,0.37698108,0.38059467,0.37913233,0.3503665,0.3635408,0.36914504,0.36787337,0.36279702,0.3710196,0.36580265,0.37877077,0.37143838,0.39147013,0.36751232,0.35434347,0.38041782,0.3673661,0.3802372,0.3930509,0.3766871,0.3645833,0.35071605,0.38298622,0.35963368,0.36187732,0.34887987,0.36708573,0.41002268,0.3254854,0.36013085,0.34628278,0.3463021,0.36367953,0.3684116,0.348696,0.3736986,0.36451387,0.36946607,0.38048023,0.37098733,0.35492194,0.34293088,0.412937,0.37438467,0.36486566,0.37349403,0.37063506,0.39280063,0.3968233,0.35764217,0.35222393,0.3495362,0.35939425,0.39065176,0.36562687,0.37079364,0.37482047,0.3511834,0.34835762,0.36769444,0.3512841,0.3445641,0.37773117,0.36376506,0.3707015,0.35829428,0.37522483,0.3792349,0.34790576,0.37670496,0.36784655,0.35558665,0.39992368,0.36255503,0.37841135,0.3915215,0.37424508,0.38259792,0.38286656
0.38004744,0.29046506,0.31203136,0.28985494,0.3085429,0.32076746,0.30507678,0.32441592,0.3163779,0.30088198,0.30986124,0.2740083,0.26480576,0.28555018,0.3154388,0.32110682,0.32086214,0.29766715,0.3202646,0.31404912,0.28784055,0.30907655,0.31604365,0.32942674,0.3071579,0.2788747,0.3389024,0.30147994,0.32026136,0.28379706,0.2764941,0.30886543,0.2792014,0.33521533,0.310978,0.29250488,0.33665574,0.290505,0.31835228,0.28726763,0.29657367,0.26943505,0.27156353,0.29247904,0.2998658,0.28030074,0.29516295,0.31402528,0.28914568,0.2782374,0.2795949,0.2919082,0.33264047,0.30914485,0.29562616,0.31499213,0.31369352,0.31646508,0.28879467,0.2994739,0.31906706,0.2812772,0.28021824,0.28877142,0.2823147,0.2938047,0.32794362,0.3000294,0.30123925,0.2879753,0.33372402,0.31776994,0.3089089,0.30917627,0.31577295,0.29561347,0.2896909,0.32356244,0.29165614,0.31528276,0.33299857,0.3015796,0.2882936,0.307596,0.30455428,0.30068624,0.2978876,0.28476048,0.2928363,0.31994462,0.28850687,0.30129516,0.31539184,0.29260713,0.2974021,0.29495355,0.27757588,0.31353158,0.31077558,0.27990717,0.3352733
0.3806601,0.41251883,0.4143232,0.42231292,0.42343986,0.43274075,0.4266637,0.42405158,0.40992612,0.4140479,0.40286243,0.4360663,0.44295073,0.41923058,0.42994428,0.43332183,0.4256363,0.42198867,0.41564852,0.43222845,0.41742074,0.42132717,0.42500985,0.46513575,0.42475045,0.40729332,0.4229964,0.41231114,0.43666005,0.41539973,0.41394478,0.46207413,0.42374575,0.41746643,0.43226016,0.43001375,0.4181764,0.4364314,0.42091006,0.40013152,0.443819,0.41380483,0.43324417,0.39845037,0.4243036,0.42030823,0.3924932,0.44928187,0.4471022,0.4451522,0.40769708,0.41910785,0.43229473,0.42391163,0.423848,0.4206531,0.43499747,0.4321124,0.4105501,0.4468488,0.42351824,0.43082988,0.41456312,0.42970675,0.4167834,0.42920458,0.40518358,0.42397484,0.45504034,0.43594608,0.4195143,0.45297655,0.43570256,0.42030847,0.41643506,0.4508465,0.43134648,0.43171412,0.42937684,0.41140068,0.4358837,0.413119,0.4547308,0.42521095,0.42643386,0.44344574,0.42122197,0.43433377,0.44576746,0.41066074,0.40022662,0.4285244,0.40344614,0.4478007,0.42942202,0.44092423,0.43550825,0.41651952,0.4152703,0.42064673,0.45283967
0.38232112,0.3864337,0.35272545,0.38602048,0.35191104,0.38041967,0.37689164,0.3516211,0.3613786,0.36589357,0.36841828,0.37739876,0.42204893,0.38252884,0.38311547,0.34353906,0.37997127,0.39181203,0.34672493,0.37598103,0.36219138,0.39750797,0.35234752,0.38135397,0.37387645,0.35885078,0.37784207,0.3647347,0.36096314,0.37202838,0.35142282,0.35013124,0.38121793,0.39137465,0.4076959,0.38664195,0.36179936,0.34365198,0.3501626,0.40480042,0.3741967,0.3944482,0.39288098,0.39337006,0.37282056,0.3792699,0.38745344,0.3983459,0.40939927,0.37877494,0.3419942,0.37095356,0.39083147,0.37329555,0.40746436,0.37360427,0.3602575,0.36255714,0.35582206,0.35001275,0.3936602,0.3375401,0.3777319,0.36353764,0.39902356,0.35213494,0.38637957,0.37929353,0.35479325,0.3991605,0.37276447,0.36847013,0.3647528,0.38709217,0.4223224,0.3869154,0.38595474,0.39394692,0.3570786,0.3761446,0.3558642,0.35764843,0.35617414,0.37090147,0.37722185,0.37482476,0.37608382,0.3639555,0.38129076,0.38462776,0.39514315,0.38017273,0.36296898,0.37745875,0.36082613,0.3641354,0.36311242,0.36926782,0.38168496,0.36901662,0.32425547
0.38356677,0.47243446,0.46800244,0.48787457,0.47903037,0.4886408,0.47728604,0.4946305,0.4568226,0.4521105,0.49429366,0.4663633,0.49361363,0.44659925,0.47410083,0.47676328,0.49054474,0.47753593,0.4454143,0.4547804,0.46324492,0.44061643,0.4747131,0.49599743,0.49095786,0.47640574,0.5034762,0.48073822,0.45482966,0.49154404,0.47099552,0.46882883,0.44723547,0.4582063,0.49431813,0.46426612,0.43905944,0.46894848,0.4959427,0.4455189,0.48314926,0.46922868,0.49140614,0.47365627,0.44447672,0.49794573,0.49187905,0.46453243,0.4634577,0.5110243,0.45243263,0.4672687,0.4666276,0.48117816,0.47637692,0.5005024,0.5032162,0.47350416,0.44874948,0.5020343,0.46183446,0.47978938,0.4824589,0.481183,0.49383157,0.46395874,0.45100284,0.48300406,0.48491994,0.44999722,0.47839484,0.4811436,0.4850214,0.48148397,0.4924447,0.47116098,0.451988,0.49933553,0.5056036,0.4915656,0.49418727,0.48103774,0.47703898,0.4762952,0.46611875,0.49993578,0.5000456,0.45373487,0.4731966,0.48327434,0.48675406,0.46862477,0.47269616,0.45445,0.49299926,0.5095066,0.45397127,0.4951907,0.4576503,0.48199886,0.5039139
0.38398904,0.3645703,0.40008283,0.38680345,0.33942407,0.4011961,0.35577276,0.3497161,0.36343867,0.3892665,0.35281006,0.3598013,0.35175893,0.42403683,0.39260656,0.3691005,0.37312055,0.3937751,0.35852975,0.385772,0.4094196,0.38244194,0.39155418,0.40363258,0.40307885,0.3485196,0.38431066,0.4021942,0.40145206,0.37910962,0.34287018,0.35582036,0.38722214,0.3861228,0.35463455,0.37971935,0.38427556,0.3797348,0.3984918,0.36723462,0.4179415,0.3703039,0.38112265,0.36522883,0.3994336,0.37609538,0.37501124,0.36815304,0.37524584,0.3624666,0.38286358,0.3592356,0.34197178,0.3844626,0.35989264,0.3767258,0.381486,0.3242838,0.3649071,0.42066848,0.3611479,0.39489442,0.383474,0.39732265,0.34975365,0.41775078,0.36018437,0.3769847,0.364273,0.38246197,0.36811912,0.37954953,0.3521103,0.35319245,0.3750204,0.4014725,0.3986413,0.35372156,0.35188973,0.3605511,0.37884575,0.38268584,0.38503808,0.3752368,0.38115042,0.37328976,0.3843876,0.3857146,0.35619873,0.3794886,0.35794243,0.39326,0.38218996,0.37848556,0.37419766,0.35239813,0.37936312,0.36468217,0.40785193,0.376702,0.37793395
0.38610592,0.390867,0.40331757,0.4195075,0.40203455,0.41724116,0.38815546,0.39777017,0.39349833,0.41279048,0.41274172,0.40474033,0.40976954,0.39723524,0.40796095,0.40804663,0.40341496,0.38440663,0.38734704,0.39680243,0.40103644,0.418538,0.38022584,0.3982414,0.39651048,0.38771507,0.40065068,0.41166317,0.40102488,0.4168118,0.39666766,0.39228982,0.39879978,0.41174638,0.40561378,0.39713132,0.40408856,0.42115402,0.40424043,0.4085536,0.40228975,0.40663093,0.40574023,0.42341733,0.40351433,0.40149814,0.4088411,0.37849998,0.43096644,0.40087864,0.4002391,0.40531868,0.399656,0.3924775,0.4000425,0.3688441,0.41542724,0.39398474,0.3948694,0.41264355,0.405012,0.4041819,0.39124033,0.40206087,0.40094522,0.4019129,0.4272366,0.39708266,0.42185402,0.39398217,0.39133438,0.39119846,0.4009827,0.43190074,0.3969222,0.39477628,0.39365643,0.39487895,0.3866701,0.41512415,0.4073098,0.3961776,0.40900445,0.3966793,0.4016798,0.4105147,0.39168274,0.40498334,0.4157965,0.38804975,0.40626138,0.40688094,0.43376368,0.38911408,0.3847342,0.40700942,0.3955804,0.40816456,0.40880442,0.42746815,0.3963057
0.38762486,0.4116857,0.39843136,0.3935741,0.39109102,0.39095914,0.39285606,0.41863757,0.3683281,0.40081346,0.3884287,0.4164229,0.37422115,0.38530067,0.3739002,0.40464166,0.40582174,0.40045103,0.38873917,0.36697134,0.38909465,0.3905684,0.37619823,0.40101805,0.36626184,0.38766974,0.3873999,0.3817964,0.4042575,0.40857142,0.38318846,0.3922658,0.37475255,0.37537485,0.39739722,0.3886631,0.39362335,0.38567954,0.39007866,0.41155812,0.3956998,0.37992853,0.41794974,0.3957944,0.38987124,0.38796124,0.39092553,0.3977477,0.38164496,0.39430672,0.3927111,0.3946851,0.39501828,0.39612406,0.38878894,0.38890156,0.3847134,0.3882988,0.38393176,0.39658645,0.40782788,0.37769783,0.37569168,0.38852274,0.38949114,0.4174271,0.39833677,0.38902515,0.39350536,0.39572155,0.384103,0.40343335,0.39592433,0.3918574,0.37001318,0.39384085,0.39073855,0.38473946,0.38866878,0.40276065,0.34423876,0.3817643,0.38898814,0.3907738,0.3794672,0.39332116,0.41005808,0.3896254,0.38327497,0.41794413,0.39099783,0.39373535,0.38471013,0.3930193,0.4026587,0.37896016,0.37839967,0.3611182,0.39445394,0.4088332,0.3586144
0.38828892,0.3358551,0.3435557,0.35181677,0.36775568,0.31459773,0.35878372,0.34716797,0.34977478,0.34185007,0.34582382,0.34105065,0.37097225,0.31349772,0.33620447,0.34709728,0.33338124,0.36297917,0.34426194,0.3387412,0.29483494,0.3445235,0.33605438,0.3441006,0.35302457,0.35824993,0.39754337,0.3193357,0.3145566,0.35425103,0.35301572,0.34463912,0.328728,0.34122723,0.35180628,0.3553679,0.3787244,0.36564535,0.38830692,0.37808603,0.36577702,0.3486638,0.34325773,0.36939573,0.36492667,0.3495871,0.33070815,0.36287272,0.31318396,0.3250565,0.3409235,0.3434627,0.39394653,0.3229167,0.3362186,0.3295565,0.3830185,0.36041674,0.3596526,0.3715856,0.3554176,0.36089602,0.36053756,0.3100699,0.3326193,0.37023783,0.38726175,0.32494253,0.37140197,0.38860554,0.33886123,0.3319084,0.3309049,0.32073203,0.35930556,0.36963314,0.3469347,0.34835705,0.35062528,0.35930318,0.3672918,0.31619024,0.35361433,0.32750052,0.3290053,0.32750732,0.31672555,0.36024013,0.33981687,0.33362287,0.31391245,0.33571616,0.38834736,0.3059368,0.3503668,0.3489498,0.3486114,0.3478807,0.34914756,0.371176,0.36707246
0.3928809,0.3012408,0.30102047,0.28580797,0.33346,0.30182487,0.32099652,0.31056392,0.30979997,0.33650422,0.35259685,0.30633086,0.32828832,0.28724283,0.33781916,0.30285925,0.2898338,0.30006438,0.34143394,0.30069476,0.3059563,0.31368738,0.3210449,0.31799737,0.2739579,0.3260529,0.33762038,0.32224298,0.33370572,0.34031266,0.29308382,0.32562405,0.3110288,0.31008083,0.34721017,0.30195308,0.30094165,0.29186034,0.3327616,0.3186816,0.33159336,0.28907907,0.2700653,0.31828344,0.32174468,0.3143351,0.29699913,0.2972076,0.3171523,0.32065868,0.2804688,0.33720368,0.29963136,0.31406984,0.29878214,0.2625709,0.317874,0.2947046,0.32089406,0.30488217,0.2978592,0.31858546,0.3023953,0.29237133,0.30220503,0.35956025,0.30451286,0.3218596,0.28709972,0.3010512,0.3234942,0.33576268,0.29593065,0.283456,0.30816206,0.3186382,0.32573277,0.33998406,0.3013841,0.33655077,0.31894255,0.3077188,0.27449962,0.3502855,0.31988725,0.32474217,0.31178996,0.32546952,0.29221725,0.31342384,0.29855508,0.3306067,0.28132862,0.28892863,0.30991924,0.32530105,0.30449933,0.30228478,0.30731568,0.31237793,0.28715405
0.3935391,0.40396163,0.38981247,0.42234015,0.38648903,0.4252879,0.4235342,0.42174196,0.409035,0.37341088,0.40533915,0.37596673,0.3678925,0.38850227,0.41621256,0.40989655,0.39789504,0.38061205,0.39554244,0.38334855,0.39009964,0.4167577,0.3867389,0.37980223,0.4465484,0.38806832,0.427566,0.3886209,0.41039193,0.43464392,0.40796673,0.39498693,0.40561467,0.4278944,0.38779837,0.42655253,0.40238637,0.3938246,0.39722067,0.4343853,0.41408527,0.37739035,0.4071716,0.4155976,0.40365022,0.38062355,0.42413154,0.4260906,0.3855782,0.4007849,0.3909651,0.36530527,0.38552135,0.37762743,0.4098156,0.394238,0.38436902,0.38062122,0.41828465,0.37845197,0.39551342,0.41440886,0.4573254,0.38660046,0.3692515,0.39357287,0.41126126,0.37896094,0.38236105,0.3819111,0.42027608,0.3865947,0.384584,0.40561026,0.38878578,0.39121896,0.402953,0.4050507,0.39159632,0.3852257,0.40741527,0.39520374,0.3938384,0.41662067,0.40250495,0.35991913,0.41312838,0.39344352,0.40210962,0.3897543,0.38553837,0.4069927,0.41218412,0.40750313,0.40436763,0.37505487,0.41873652,0.4147945,0.41932082,0.4020757,0.3905315
0.39613485,0.42978704,0.4854094,0.45289424,0.4545315,0.44146743,0.44217306,0.45904744,0.4508244,0.44703674,0.43739828,0.45069847,0.4358604,0.4279722,0.45348498,0.45908162,0.4377025,0.46263456,0.44665572,0.4534291,0.44126922,0.44636583,0.4558429,0.41969508,0.4739711,0.45633382,0.4755258,0.44615632,0.4437342,0.45905548,0.42826492,0.44534594,0.44402185,0.45803154,0.45111844,0.45344126,0.43487698,0.45655197,0.45105484,0.46199334,0.450647,0.45386308,0.4751413,0.4549723,0.46775186,0.41145214,0.45931643,0.47293317,0.4680627,0.46392536,0.4491126,0.4678673,0.4695329,0.44626865,0.47970074,0.44836956,0.45890653,0.47604448,0.45091367,0.4449694,0.43423185,0.4598468,0.44311565,0.46996903,0.4369238,0.4566594,0.47777337,0.45538372,0.4616192,0.45161748,0.44386375,0.4526803,0.45877326,0.45283878,0.45955557,0.43687785,0.44053692,0.43254733,0.46473807,0.43708992,0.46452782,0.45349565,0.4563859,0.44660714,0.46788287,0.47198766,0.43203342,0.41882083,0.4493691,0.45847636,0.42843467,0.44174767,0.4395221,0.45946854,0.4518965,0.44531262,0.43746763,0.4437661,0.47593442,0.44876352,0.44166064
0.39677876,0.43190855,0.44328088,0.43499207,0.43435013,0.42878366,0.4373077,0.43875718,0.4193703,0.4519096,0.4362703,0.4605273,0.4062802,0.4322678,0.4579512,0.4302121,0.41418487,0.4397687,0.42795062,0.42427123,0.4266945,0.42365158,0.42360523,0.44711125,0.41765758,0.42518845,0.42543808,0.44512248,0.44440696,0.44925904,0.44715393,0.44636536,0.4143378,0.43608773,0.42994547,0.41304302,0.43984774,0.44072372,0.4305036,0.41804582,0.41827244,0.42200923,0.4514324,0.42161557,0.4567514,0.4496824,0.43926114,0.44294184,0.43804365,0.44225377,0.43787915,0.4554582,0.41370848,0.4336785,0.42440152,0.44001117,0.45566595,0.4092999,0.43841374,0.4430879,0.42760208,0.4441487,0.451274,0.4311944,0.43073085,0.43722433,0.45656133,0.44678152,0.43333,0.43711203,0.44689417,0.44819975,0.46620393,0.44747037,0.41918033,0.44087023,0.43788254,0.43584347,0.43871522,0.44589138,0.42599902,0.4072789,0.46201116,0.43574858,0.4240547,0.43548265,0.45180142,0.43204343,0.43418697,0.4248526,0.44708368,0.43095472,0.4360568,0.43250275,0.429985,0.45060468,0.4353056,0.44192594,0.45600468,0.45229298,0.45006788
0.39832357,0.41210333,0.41594762,0.4517649,0.44774944,0.42741627,0.41640627,0.43280652,0.4296587,0.4008286,0.4219526,0.42970616,0.4314156,0.4192653,0.4244253,0.42719036,0.40553027,0.41676298,0.4398181,0.43293685,0.43203077,0.4215654,0.41615978,0.43618536,0.43100986,0.4448017,0.41253692,0.42915654,0.42520255,0.43012396,0.42535082,0.42926717,0.4500214,0.41307163,0.43224323,0.4155389,0.423657,0.42442918,0.41628048,0.4234711,0.41844362,0.42456007,0.42529324,0.42852062,0.4295233,0.4336537,0.43398848,0.41437405,0.40201324,0.42031148,0.4218233,0.4401713,0.4409495,0.42037135,0.42534977,0.418019,0.42382586,0.43701017,0.4332248,0.45052338,0.4118073,0.4324442,0.42079622,0.4305655,0.42268986,0.41615367,0.4200804,0.41354254,0.4275964,0.43052936,0.43402654,0.43032014,0.421758,0.429227,0.42519012,0.4188763,0.41871998,0.43421453,0.4184753,0.43137813,0.43034863,0.39185935,0.41319007,0.42097127,0.43192655,0.42754507,0.4177196,0.42050195,0.43385977,0.4306674,0.44379118,0.42423755,0.4144113,0.41896963,0.41448522,0.43332666,0.42012453,0.42967695,0.42889512,0.4296437,0.4237883
0.4076391,0.44646567,0.467538,0.4378712,0.45669058,0.46146324,0.44541293,0.47415477,0.45085102,0.42002374,0.4475969,0.42971295,0.44652945,0.4981798,0.4543587,0.43320557,0.42066544,0.44114876,0.4254334,0.4690788,0.44541705,0.4796169,0.4471292,0.44745684,0.43979168,0.49093476,0.4598506,0.44539917,0.4614809,0.47875413,0.44750422,0.4665045,0.46952868,0.46760273,0.4871556,0.47472954,0.4682201,0.457434,0.4582131,0.4141767,0.4576013,0.45756376,0.4684206,0.47635394,0.40925583,0.4514176,0.4499055,0.4531292,0.4771478,0.4278304,0.45222422,0.43721083,0.43672615,0.43307498,0.4508473,0.4640935,0.43537152,0.45047173,0.46074727,0.44413465,0.4421788,0.4795096,0.47015578,0.41755518,0.44715306,0.46172658,0.43830052,0.4361086,0.48748404,0.47018662,0.4551924,0.4903096,0.45681778,0.44759908,0.4209545,0.43713945,0.442794,0.42343736,0.46593714,0.42048565,0.410257,0.43792364,0.47601646,0.4432006,0.44664538,0.4893239,0.44045272,0.44970614,0.46336028,0.4651615,0.4678743,0.45421314,0.4475358,0.4234487,0.45638716,0.4454848,0.4374324,0.4616736,0.47540167,0.4855655,0.47910282
0.4119025,0.4151135,0.40848553,0.41970158,0.40420872,0.38712046,0.41266525,0.41830075,0.40868357,0.4154445,0.4160121,0.39298713,0.39676157,0.41079432,0.3882599,0.40462995,0.40178186,0.38490653,0.39303565,0.40089065,0.41052824,0.40562648,0.404115,0.3998033,0.4094321,0.3728522,0.40453732,0.39943826,0.41255754,0.39298588,0.39779037,0.39834058,0.3875862,0.39814278,0.4151255,0.37556958,0.40313184,0.3982092,0.4002623,0.39845338,0.39572352,0.4115218,0.39601344,0.41459358,0.40173778,0.4076237,0.39704505,0.4120841,0.42743734,0.40343058,0.3952371,0.41118756,0.40902787,0.42208156,0.42267087,0.3826001,0.4168095,0.4099797,0.4084432,0.40016657,0.41010863,0.40073347,0.40064526,0.375834,0.40164202,0.42251322,0.40323964,0.39546838,0.40031093,0.3777048,0.38748503,0.39296404,0.4005422,0.3998591,0.41518742,0.40466824,0.40133923,0.41679606,0.42866254,0.39697266,0.3929006,0.39713266,0.3939154,0.417651,0.40990233,0.39750004,0.40088657,0.41369963,0.3907785,0.39080572,0.39050758,0.42002362,0.4136986,0.3950597,0.399188,0.39797327,0.3976512,0.40670162,0.40001136,0.4005248,0.4101908
0.4123141,0.49603084,0.48812675,0.4831797,0.4885405,0.48705113,0.49658126,0.4792781,0.48015392,0.48884055,0.4753543,0.48690146,0.48828858,0.47907355,0.48695678,0.4821909,0.5020131,0.5085088,0.4842478,0.49925804,0.46829894,0.47527376,0.4934129,0.48252013,0.49395835,0.5055266,0.49977475,0.49540097,0.5004658,0.48277825,0.49518067,0.47213876,0.4811536,0.49647576,0.51150227,0.50459856,0.5082144,0.4722374,0.4928242,0.48987123,0.5357123,0.48218465,0.48622203,0.49427372,0.48456937,0.501923,0.48247185,0.49355066,0.4907394,0.47999406,0.48824137,0.47333583,0.52019364,0.47576594,0.49022692,0.4945519,0.4952773,0.5088232,0.5132886,0.51527655,0.4887882,0.51965183,0.46883523,0.5006526,0.49332723,0.50297916,0.46852964,0.48259783,0.49118322,0.50203496,0.5065128,0.499031,0.48805985,0.4894867,0.49515235,0.4989828,0.48622912,0.4883191,0.49063876,0.47513896,0.49710613,0.49602863,0.4980961,0.5045926,0.47478905,0.48691893,0.4683559,0.46675262,0.5109411,0.48416442,0.47664058,0.48692665,0.491526,0.47748882,0.49487966,0.50802726,0.4780204,0.494209,0.482337,0.45651162,0.5015414
0.41381988,0.47567338,0.48467922,0.4777798,0.4740972,0.45734656,0.48539907,0.45264912,0.43800193,0.44356793,0.4449868,0.45810908,0.46523213,0.43360484,0.47089678,0.46206576,0.4833284,0.46284735,0.44291297,0.45607018,0.4828567,0.44778532,0.48368734,0.45770276,0.4713759,0.46100187,0.48656642,0.45384872,0.45755062,0.45046014,0.48169124,0.46721727,0.4603384,0.48086292,0.47861063,0.44707304,0.475123,0.465801,0.45186573,0.46397978,0.46077216,0.44440794,0.4442731,0.45710692,0.45570144,0.46246842,0.47422245,0.468786,0.4532351,0.45348215,0.47067818,0.46161154,0.45814794,0.4521727,0.4543559,0.46115506,0.4540977,0.4640109,0.47378683,0.45293644,0.43906927,0.45908204,0.45324302,0.44333723,0.4566452,0.45584127,0.45844078,0.4522362,0.45040846,0.46129647,0.4855906,0.44751042,0.47777024,0.48592192,0.45584846,0.46814513,0.4777751,0.46555176,0.43418187,0.43055576,0.47903812,0.46456975,0.46685308,0.45297933,0.45135248,0.4624334,0.4642663,0.47812805,0.46319562,0.4907704,0.4543509,0.4638963,0.46646327,0.4561292,0.43474588,0.45980954,0.4490499,0.47370297,0.45591432,0.46118593,0.4568882
0.41893658,0.4366635,0.39820766,0.40797377,0.43239915,0.4128735,0.39659566,0.40919533,0.38282302,0.39037037,0.411138,0.41400695,0.3839358,0.3979484,0.3824819,0.41627806,0.4111328,0.41423094,0.39534065,0.41031194,0.4096573,0.43206584,0.4080668,0.40290442,0.40841082,0.40315223,0.4037922,0.36800486,0.40288144,0.3930135,0.41906965,0.41149384,0.40066066,0.38776863,0.43305665,0.41570863,0.40024957,0.40853727,0.4096989,0.4021177,0.40893364,0.43445188,0.43669826,0.42406568,0.41262406,0.41252044,0.41945097,0.4270915,0.41877064,0.38116792,0.40945888,0.4077789,0.40347964,0.3895021,0.41532677,0.4224755,0.42288476,0.43866456,0.40120208,0.42048526,0.44167438,0.44181064,0.40293318,0.38375753,0.40163827,0.42065537,0.4024943,0.42989576,0.42661363,0.39215514,0.40890437,0.394102,0.3956927,0.41645277,0.41467717,0.40355623,0.41837886,0.39948905,0.4089417,0.42850852,0.42596024,0.42621815,0.41735563,0.40772262,0.44213426,0.4379023,0.4004984,0.39668846,0.43580917,0.41730723,0.41062617,0.3965971,0.41382736,0.4160896,0.41151166,0.40393776,0.4198004,0.4001518,0.38238722,0.4197864,0.38654712
0.4243383,0.48475164,0.51739,0.49591842,0.49718714,0.4948007,0.50545937,0.4780754,0.5036826,0.46174875,0.5127007,0.47232246,0.47790384,0.47641522,0.5012423,0.48985204,0.51686126,0.4945974,0.49160233,0.49079382,0.47440296,0.5057089,0.5097924,0.48330244,0.5126634,0.5204287,0.52234524,0.5201613,0.5139752,0.4728325,0.5035321,0.5083206,0.5115428,0.49704438,0.5205477,0.5068079,0.51075536,0.5157833,0.4881528,0.48312584,0.5013643,0.51885194,0.49337706,0.49436787,0.49186328,0.5113725,0.49639103,0.49822226,0.5095112,0.48608795,0.4817669,0.48589548,0.50127107,0.49829215,0.5081232,0.4897322,0.4879281,0.49767688,0.49025196,0.4819732,0.5185231,0.5238723,0.50590456,0.50245154,0.49858516,0.48669714,0.500906,0.4995414,0.48801413,0.50847834,0.49908876,0.50540936,0.49223712,0.49874863,0.48845556,0.4958483,0.51228946,0.49510118,0.49751008,0.48961636,0.5099285,0.49194145,0.4871332,0.50246257,0.49890774,0.48314363,0.5056061,0.49013183,0.49151307,0.49310628,0.46388006,0.49830276,0.5068063,0.49840307,0.5027975,0.4960133,0.49101323,0.48417032,0.48808253,0.48938483,0.5015325
0.4260199,0.41753998,0.42552567,0.42799845,0.41340417,0.44573274,0.42302367,0.4284254,0.4224406,0.4021019,0.42007646,0.40970045,0.40332702,0.40364122,0.4508325,0.43351194,0.43630224,0.43451974,0.4083369,0.398322,0.43320358,0.4324757,0.41337165,0.40278253,0.39204955,0.3924216,0.4227432,0.4190371,0.41966778,0.39928424,0.4036523,0.40320945,0.44443095,0.4303531,0.42446792,0.3941914,0.4155172,0.42247796,0.4304551,0.41123277,0.4147122,0.4364853,0.42131165,0.40776312,0.4139382,0.4182753,0.41897446,0.4277882,0.41648275,0.40748063,0.41057324,0.41332817,0.42060217,0.39683524,0.4023146,0.4305579,0.41548404,0.44397503,0.41105628,0.4512778,0.42287755,0.4483739,0.4282217,0.3830799,0.45168114,0.4326666,0.41096413,0.42836633,0.42654738,0.42362148,0.4073519,0.4524675,0.3830586,0.42387444,0.452594,0.41188973,0.41569573,0.41617668,0.42795098,0.4167922,0.4124005,0.41916138,0.41881242,0.42531887,0.4197718,0.44827443,0.4325108,0.408223,0.4470277,0.42426687,0.41817498,0.43043318,0.42863047,0.4259042,0.42278254,0.43851405,0.43175152,0.41161382,0.41908258,0.40383664,0.4289264
0.42622596,0.4366094,0.40741694,0.41180122,0.40994585,0.43373808,0.41048875,0.41261703,0.4056111,0.40529832,0.40708756,0.41817713,0.41609085,0.4204995,0.41839284,0.4465379,0.4219131,0.42784727,0.44308913,0.40367335,0.4265002,0.41948187,0.43195423,0.4272762,0.46925604,0.42886937,0.4350773,0.43132997,0.45458534,0.41937694,0.4127085,0.42681175,0.4241521,0.41401476,0.41126698,0.42666462,0.42652187,0.38097507,0.43174613,0.41201788,0.41933417,0.44077563,0.40805215,0.42155358,0.42305052,0.43452144,0.42489928,0.42222783,0.41904247,0.43866354,0.43435574,0.4441197,0.42070854,0.4455626,0.41521138,0.39917165,0.41693598,0.44339272,0.40024763,0.44916657,0.44606426,0.4301089,0.45128483,0.426979,0.40736693,0.41098946,0.42171627,0.39643818,0.41066465,0.4273005,0.43176705,0.4024741,0.41867876,0.40316206,0.44127575,0.41844696,0.43021244,0.41758806,0.4171484,0.41895995,0.40604657,0.40885568,0.43454784,0.43363032,0.41354895,0.40260738,0.42237452,0.42899364,0.44221747,0.42192692,0.43204618,0.4214337,0.41959113,0.41981745,0.42001647,0.42536563,0.42854202,0.41518503,0.44116282,0.40376955,0.42410874
0.43160436,0.35618365,0.33064938,0.35354447,0.34897077,0.34711558,0.36572975,0.35090524,0.34933752,0.3728214,0.33741295,0.36331832,0.352213,0.3604581,0.3661877,0.35976973,0.33783048,0.34597638,0.36773378,0.35318196,0.35708928,0.34714916,0.36400628,0.3513321,0.38276654,0.35690206,0.3633887,0.37757087,0.3628536,0.33667606,0.35084426,0.3390289,0.32048512,0.34457433,0.3557892,0.3573989,0.33713913,0.3649748,0.35505453,0.33901614,0.3677128,0.33903283,0.36439186,0.34229004,0.35384673,0.35586363,0.35545385,0.36575034,0.35658857,0.3612221,0.35598704,0.3391453,0.33473,0.32649818,0.3623302,0.35095888,0.3426454,0.34197086,0.34156382,0.35130823,0.3586405,0.31661645,0.3564108,0.35186863,0.32871068,0.34029025,0.34583008,0.35291886,0.36984336,0.35375577,0.3475412,0.3424851,0.3382435,0.33590734,0.34957606,0.36265737,0.34715688,0.35494196,0.37891537,0.33411196,0.34609276,0.3598839,0.32773665,0.34993175,0.35848516,0.33649576,0.38087255,0.33519703,0.35072076,0.33813506,0.34417033,0.3334016,0.35097808,0.3414026,0.33899087,0.31035745,0.33522484,0.37051076,0.36362737,0.32996875,0.35998347
0.43269137,0.4588344,0.47305387,0.43921235,0.465123,0.46821904,0.46035326,0.46518242,0.45269024,0.46463013,0.4853505,0.46136189,0.46852776,0.46326232,0.4712283,0.46492,0.47342238,0.46505445,0.45333955,0.46177727,0.46405306,0.47957236,0.4604624,0.46680194,0.46184438,0.4544832,0.48599112,0.47253832,0.455484,0.47805417,0.45008892,0.46130288,0.47992855,0.4444509,0.45330727,0.47454953,0.46992898,0.47469348,0.44648603,0.46300346,0.44150564,0.46179795,0.4722817,0.4829858,0.471946,0.48207188,0.45638046,0.4766872,0.4639149,0.46208993,0.45867455,0.46490002,0.4549654,0.457393,0.48151267,0.44639838,0.47076723,0.45477647,0.46722427,0.46213567,0.4552725,0.463668,0.47091073,0.48015264,0.43987685,0.47628444,0.464579,0.48109794,0.44703537,0.48321438,0.45351735,0.46276298,0.46754217,0.46823782,0.46533343,0.46859246,0.4724302,0.45729908,0.4755049,0.47950944,0.4646042,0.45578513,0.4524253,0.46606874,0.4684009,0.4731254,0.47854888,0.47419327,0.4676708,0.4599027,0.46321157,0.45731413,0.4871924,0.44008052,0.46540016,0.4599886,0.46520936,0.44655585,0.4661596,0.4486717,0.46924484
0.43786418,0.46549922,0.46462944,0.45619518,0.4706933,0.4817687,0.46698868,0.46218383,0.44196665,0.45831773,0.4289722,0.45853817,0.45889062,0.45469555,0.43791574,0.46588713,0.4357894,0.46378714,0.4616653,0.4539637,0.44330359,0.46539873,0.44511548,0.457387,0.43038028,0.44100314,0.45293382,0.44197667,0.4577788,0.44224715,0.4458241,0.4755605,0.44337398,0.42674613,0.45935956,0.45124,0.45931625,0.4659776,0.43342006,0.45444772,0.45262986,0.45012793,0.4449945,0.49360335,0.43946636,0.43607542,0.43286335,0.474945,0.4566772,0.46869528,0.42655063,0.4524659,0.4269868,0.44439912,0.46808025,0.45292842,0.4612465,0.4621259,0.44554093,0.46804136,0.46028677,0.45322698,0.46061426,0.43788126,0.41868395,0.44028726,0.4763748,0.44654542,0.45350513,0.43981344,0.45976278,0.46162343,0.44626778,0.44578296,0.4552264,0.49503314,0.40378353,0.45111656,0.47202516,0.42902675,0.44292572,0.4093039,0.44567698,0.43210846,0.4444052,0.44460034,0.45243308,0.4578957,0.4429616,0.41339576,0.44056633,0.46904257,0.4676171,0.4452511,0.44832113,0.4279155,0.45973122,0.4575187,0.4522139,0.47818866,0.4500358
0.4438729,0.4325239,0.41511837,0.44279763,0.4191507,0.4179876,0.43966317,0.46097207,0.449415,0.44375777,0.4507163,0.42765713,0.42173305,0.42891163,0.44080225,0.47602576,0.4683149,0.4650999,0.43714267,0.4113267,0.45328796,0.4369966,0.43027306,0.4676356,0.45685858,0.43766564,0.4192557,0.44698042,0.4404962,0.43671757,0.47039506,0.45475504,0.47255522,0.42974964,0.41570887,0.4386161,0.44589204,0.46872485,0.4446522,0.42561334,0.45640263,0.4265474,0.4182182,0.43575016,0.41797906,0.4536301,0.40466562,0.45620698,0.42988613,0.42648858,0.44662774,0.44681472,0.44289845,0.43323502,0.43646613,0.46559125,0.4293105,0.44131565,0.43537658,0.44219208,0.45536175,0.4723852,0.4412639,0.47332913,0.43139625,0.4175756,0.42634153,0.43365896,0.46441916,0.45866206,0.4575317,0.41775763,0.43005198,0.4340408,0.44937706,0.4439465,0.46488494,0.44845527,0.45301998,0.42748803,0.44279337,0.4697237,0.40761033,0.43477634,0.43124565,0.41907778,0.43878156,0.43202636,0.45475414,0.46359208,0.4377287,0.43321157,0.42285103,0.43975496,0.43811715,0.44981965,0.43406653,0.44120848,0.47600758,0.46219224,0.42279908
0.4500622,0.44557762,0.45133176,0.4704936,0.47011474,0.44495404,0.47359332,0.48763254,0.4957736,0.49346542,0.4677203,0.47382832,0.46959263,0.47962764,0.4795751,0.46047866,0.46846777,0.47362047,0.4826342,0.48876223,0.4800539,0.475193,0.4952146,0.44163322,0.47434527,0.49182278,0.48167497,0.48211986,0.45240325,0.47820026,0.4585357,0.4794584,0.45342952,0.48511887,0.4420777,0.43332022,0.47813773,0.47101673,0.4694081,0.46359295,0.48265296,0.4661502,0.48881432,0.43446928,0.46488953,0.47874677,0.49714065,0.48238474,0.43422645,0.46836597,0.4732138,0.470569,0.4620242,0.4729603,0.452313,0.44025072,0.4721791,0.4533629,0.47162896,0.48820424,0.45685297,0.45439485,0.50213337,0.46136042,0.45350277,0.47510964,0.45488024,0.4710402,0.49983943,0.47523516,0.44450432,0.44836944,0.45767492,0.48094603,0.46196365,0.49814665,0.4780833,0.4795062,0.47199792,0.4635287,0.47776648,0.48480183,0.4787301,0.46368986,0.46742922,0.4723153,0.47505808,0.4724083,0.4614516,0.48736772,0.453142,0.46727228,0.49255314,0.46042103,0.46213326,0.4428796,0.44947028,0.47736508,0.46154165,0.45758516,0.45000583
0.46428838,0.51149315,0.4909156,0.5549851,0.53033394,0.532292,0.54645973,0.519347,0.5202333,0.5224401,0.51682234,0.50951004,0.45424026,0.52903455,0.5030168,0.5138701,0.4723246,0.5441499,0.54631704,0.5197563,0.4896025,0.49590006,0.51277345,0.4779753,0.46924698,0.5487604,0.49026757,0.49791598,0.5211874,0.5621758,0.4949544,0.5266048,0.53383833,0.518184,0.52460706,0.5010491,0.53012943,0.51037776,0.5192471,0.46090502,0.52165776,0.5125062,0.48090908,0.48712885,0.5537798,0.5262954,0.55292267,0.51692575,0.501721,0.51858866,0.51391834,0.50566554,0.5531108,0.5246823,0.519734,0.5113488,0.5089467,0.46625924,0.5280307,0.52103114,0.4895913,0.5166104,0.518187,0.50795394,0.49764287,0.49929276,0.49371734,0.5249287,0.4770571,0.57488847,0.523902,0.48124063,0.48262846,0.5227107,0.5259049,0.51569116,0.505836,0.51217806,0.49432236,0.5207615,0.51090014,0.4750719,0.4886979,0.50406873,0.5129088,0.4494416,0.54981244,0.55578274,0.48685318,0.4944254,0.5278783,0.44159973,0.48789373,0.48366502,0.4889322,0.49914205,0.48370332,0.4690742,0.51274574,0.55239487,0.49458683
0.46751627,0.44824156,0.41738993,0.45915195,0.42652598,0.44692266,0.43542302,0.45808613,0.45347655,0.45568824,0.45288447,0.43051702,0.45367578,0.4306221,0.43249774,0.44891983,0.44706756,0.40347117,0.4525724,0.42290902,0.45994163,0.44591704,0.42402264,0.44133657,0.4579507,0.42552546,0.46069252,0.45228207,0.423161,0.4347921,0.44242418,0.46063447,0.45739132,0.43240622,0.44225878,0.4201598,0.44439185,0.4300413,0.4701602,0.428713,0.46505007,0.4198547,0.4508104,0.43861717,0.41409588,0.42777482,0.47334704,0.4490162,0.48714682,0.4203096,0.41878483,0.44060957,0.41954476,0.43838108,0.4503849,0.44205958,0.4632882,0.4697417,0.46504056,0.42988822,0.4451489,0.4328947,0.4379983,0.44103658,0.45992076,0.46514672,0.45125547,0.45734212,0.45768693,0.46649674,0.43752187,0.42701703,0.44266853,0.42135984,0.45884052,0.45600146,0.45058057,0.46017542,0.47486648,0.42529494,0.4233855,0.4548574,0.4495378,0.41816312,0.47175443,0.4721641,0.42388564,0.39606893,0.44042888,0.44268286,0.44456756,0.4339869,0.44377607,0.45780915,0.42654774,0.4624254,0.4317016,0.47028553,0.4508287,0.4247691,0.42516267
0.47366402,0.54678434,0.51149356,0.5182613,0.523942,0.5243781,0.5569225,0.52285314,0.51459867,0.512516,0.53284776,0.5394145,0.5308191,0.5023081,0.5507519,0.5385285,0.5236282,0.510458,0.538898,0.510948,0.54347044,0.5416978,0.54833084,0.51186,0.5096656,0.5328727,0.53322494,0.5277039,0.5196977,0.5355624,0.5480972,0.5259045,0.5201784,0.52199113,0.53502846,0.5338566,0.5013549,0.5048189,0.5158996,0.52190256,0.55220217,0.49548638,0.52824724,0.53707546,0.55878,0.5486563,0.5041961,0.5227588,0.53223664,0.53746706,0.52766377,0.5490071,0.53552777,0.5486313,0.51366866,0.5058952,0.5299309,0.5258577,0.54516405,0.5129556,0.5182405,0.52962446,0.53045297,0.5449177,0.51808095,0.5268653,0.5246117,0.53267395,0.53268033,0.5387244,0.5027926,0.5439522,0.50582194,0.52017224,0.5475393,0.5121617,0.5507849,0.5069536,0.53863305,0.5547274,0.53166735,0.5218622,0.5588395,0.5338382,0.5217372,0.5313209,0.56400204,0.53089386,0.5298536,0.5136346,0.5171787,0.5252262,0.53341883,0.4918108,0.5264366,0.51647764,0.51719123,0.53270084,0.54321206,0.53044045,0.52333033
0.47790763,0.51147413,0.56227446,0.57301444,0.5580208,0.5748539,0.5502409,0.55248314,0.57781535,0.60100704,0.5796548,0.5537636,0.57625186,0.5615435,0.5495736,0.5507443,0.56642747,0.5914817,0.40995705,0.5316461,0.56860644,0.5630347,0.6206988,0.5684578,0.58238655,0.56759286,0.5717673,0.55316997,0.61217785,0.6355507,0.5532541,0.38304743,0.5538221,0.56540567,0.60050285,0.53585714,0.55792785,0.5509849,0.6038186,0.5436935,0.56009334,0.5885133,0.58283275,0.5643502,0.6071408,0.56001765,0.556811,0.55771255,0.53474855,0.5970248,0.57591325,0.58923215,0.56173563,0.58530873,0.563551,0.6129791,0.5828861,0.5807398,0.5514482,0.58107024,0.5883936,0.57840115,0.56135654,0.5442098,0.57079333,0.5244656,0.56505036,0.57472974,0.5743663,0.5610568,0.57542634,0.54975957,0.60178965,0.54640406,0.55423784,0.5786764,0.5637145,0.5673529,0.5584058,0.5637277,0.60469115,0.553763,0.5729062,0.5322809,0.55406284,0.5696101,0.57320064,0.5860051,0.549431,0.5371659,0.5780234,0.5446726,0.54958946,0.5505698,0.59022146,0.5760924,0.6108412,0.57419425,0.57265323,0.58321697,0.60520864
0.48478758,0.53523546,0.48667324,0.5045167,0.5299196,0.516776,0.5018435,0.5003146,0.48226273,0.53317875,0.5093847,0.5104234,0.50123787,0.5217342,0.50328505,0.49720776,0.5023174,0.4975491,0.51301813,0.5075071,0.5311515,0.49029893,0.51119184,0.5230322,0.50229186,0.49767175,0.5211084,0.5032738,0.49745715,0.5032462,0.49211076,0.49424672,0.5168001,0.52019167,0.50826794,0.53353924,0.51365805,0.4855717,0.49531198,0.51474464,0.5040171,0.50840163,0.4928794,0.50383526,0.52731985,0.5138827,0.5099234,0.5054755,0.51636314,0.52026206,0.4887228,0.49933076,0.5164544,0.49707496,0.50153905,0.51662934,0.50931484,0.50110507,0.50191134,0.5137506,0.5030538,0.50079507,0.5060576,0.5022337,0.4992723,0.51465935,0.5296508,0.512401,0.49542868,0.5186913,0.51890993,0.52465755,0.47585672,0.49477285,0.5150688,0.52750283,0.50968206,0.48813272,0.49515152,0.534056,0.5021294,0.4934184,0.49700066,0.51961833,0.4963222,0.49771908,0.49302086,0.50237143,0.5205017,0.4923445,0.48838013,0.51765203,0.50429183,0.52415115,0.51743954,0.4995811,0.50309956,0.5253151,0.4975325,0.47795692,0.5024043
0.4907315,0.514732,0.49800485,0.4760363,0.516264,0.48605734,0.4625345,0.4879586,0.44958052,0.4882816,0.48635894,0.48577127,0.45283294,0.49486804,0.49659967,0.49038208,0.4903416,0.48482955,0.5095158,0.47312757,0.4826474,0.47857106,0.48432207,0.51340824,0.49949434,0.4577304,0.4890561,0.47926247,0.45821694,0.49639177,0.46751732,0.48922363,0.50365365,0.4635601,0.49422908,0.4857113,0.49343634,0.48171473,0.4672814,0.48203743,0.49811792,0.5029874,0.44519216,0.48770213,0.46708927,0.50033015,0.4838785,0.48029876,0.49453795,0.47861814,0.49035278,0.50267625,0.48903802,0.44949597,0.489576,0.47442305,0.48468718,0.4991898,0.48830765,0.4615469,0.4855721,0.47653797,0.4814481,0.49312997,0.4805262,0.4894762,0.48559767,0.45692223,0.48851904,0.49400842,0.48348582,0.4616678,0.47276142,0.48724547,0.49753392,0.49632743,0.4754709,0.48237324,0.4841649,0.49067026,0.49302754,0.47269613,0.49565148,0.48146337,0.47771633,0.52102524,0.49453127,0.4913677,0.4957531,0.48054242,0.48776639,0.460716,0.46887386,0.48464206,0.4793098,0.46174145,0.4788614,0.4756449,0.48125458,0.4837819,0.47614247
0.49881136,0.4887315,0.46301436,0.4603938,0.46422935,0.45177722,0.44715124,0.44647086,0.47123712,0.48159122,0.44962767,0.4575841,0.44935295,0.45540437,0.45577782,0.46003312,0.4463401,0.48080164,0.46496424,0.4475997,0.46077847,0.46069336,0.46283752,0.4425549,0.48748785,0.4688853,0.4437784,0.4217914,0.45844525,0.4417302,0.45313454,0.4682403,0.46123487,0.45643094,0.4584184,0.43933094,0.43057775,0.44104722,0.47162092,0.4625434,0.48136187,0.4440505,0.45444167,0.4449276,0.4535794,0.4658754,0.46847975,0.46571434,0.4620602,0.44168472,0.45405877,0.44673768,0.45659202,0.4653426,0.4771446,0.46059394,0.45961174,0.44854462,0.48080438,0.45651257,0.4565556,0.44810823,0.46226448,0.4529448,0.4477895,0.46063757,0.44069397,0.45373863,0.4513452,0.44915372,0.46346962,0.4412806,0.45066234,0.4315272,0.44469377,0.4807696,0.40727466,0.5072139,0.47732705,0.47004506,0.47414413,0.45439973,0.45833963,0.4670118,0.4310152,0.4431463,0.44639194,0.46507215,0.45994702,0.46369538,0.45573923,0.44806695,0.46589625,0.47426277,0.44987446,0.4581426,0.46097645,0.4647948,0.45594406,0.45311213,0.47607875
0.50150913,0.572437,0.5746581,0.58512706,0.58524007,0.6378576,0.58924955,0.61377645,0.5792715,0.6129048,0.5852663,0.60182476,0.593581,0.5835405,0.6167626,0.6349992,0.5665943,0.6308819,0.5954198,0.6227231,0.59166014,0.5817719,0.59054196,0.55809456,0.55259657,0.550813,0.5871691,0.59451574,0.5763268,0.5654809,0.59913164,0.5752381,0.60186714,0.58202183,0.5986095,0.609052,0.5615771,0.60302705,0.5483847,0.5542007,0.5486433,0.6072998,0.5897288,0.5782529,0.61859024,0.61305255,0.5676322,0.62580734,0.6173761,0.56144047,0.6040785,0.59440166,0.5508612,0.6527048,0.6218206,0.59743625,0.5800689,0.55266386,0.56366634,0.6295621,0.6434541,0.5751803,0.57399184,0.6029696,0.60355574,0.59158736,0.600287,0.59512,0.61025935,0.595308,0.6043977,0.5977991,0.6023858,0.62704813,0.5748337,0.6104017,0.6207666,0.55242574,0.6567015,0.6129951,0.59478754,0.5940139,0.6051735,0.5761213,0.5739847,0.6110197,0.568566,0.5771257,0.5543029,0.63998455,0.55781066,0.58993536,0.57480925,0.5778466,0.58658475,0.6348582,0.618872,0.62177604,0.59191644,0.5894205,0.6080808
0.50615424,0.4779426,0.4901958,0.48718238,0.46795866,0.4648186,0.4684456,0.4885121,0.47915065,0.4668768,0.46206552,0.47549543,0.5265553,0.4684051,0.48350012,0.47334182,0.46539086,0.4686988,0.4811188,0.48363373,0.47287685,0.5006446,0.49003428,0.48442668,0.49084485,0.5175843,0.49843302,0.49062335,0.4613284,0.49714535,0.4979987,0.49138033,0.48138988,0.4802308,0.50579745,0.46465743,0.5150315,0.46832427,0.47069195,0.5102386,0.489981,0.48890606,0.49283963,0.4969936,0.48933887,0.49273843,0.50184417,0.4652828,0.47901052,0.4572856,0.5141907,0.49553254,0.49283183,0.47972775,0.4827041,0.4797596,0.48431283,0.47240326,0.4549151,0.49415642,0.46296138,0.47811458,0.5122176,0.48468244,0.5039326,0.5105048,0.47193795,0.45177495,0.454398,0.4774442,0.4987604,0.48747876,0.47957653,0.4657485,0.48737302,0.5133519,0.49253717,0.47895864,0.47098505,0.49317497,0.48770022,0.48170012,0.50212145,0.44915044,0.514296,0.47484654,0.47566772,0.47783232,0.5132419,0.46474004,0.49455032,0.5038756,0.47739127,0.48873413,0.48113954,0.47191745,0.47907037,0.46332055,0.4980104,0.47580463,0.4608214
0.5064745,0.5034205,0.53770393,0.5067553,0.5143067,0.51966184,0.51361924,0.5189957,0.5057356,0.51593643,0.5068655,0.52673006,0.49754068,0.51969683,0.4962231,0.49246353,0.5106022,0.4848253,0.49679774,0.53779525,0.514365,0.5104114,0.48913497,0.49221066,0.5170593,0.49879757,0.5032216,0.5182788,0.5056334,0.52712035,0.50017446,0.49435118,0.505056,0.48124126,0.526458,0.5006688,0.5055142,0.48912874,0.48111534,0.5452103,0.5196776,0.50087214,0.5111629,0.5086933,0.517828,0.50777125,0.5214984,0.5008809,0.507768,0.5186364,0.49418336,0.5182073,0.5094178,0.5282738,0.53429615,0.5135634,0.50311476,0.49880528,0.51787615,0.5468789,0.5503212,0.49166667,0.51638585,0.513207,0.49829966,0.51004887,0.51500934,0.5130326,0.47436285,0.49573225,0.4760266,0.495543,0.49655414,0.51238257,0.5191077,0.51718557,0.5227364,0.50348145,0.4851185,0.49375954,0.49662375,0.5057495,0.53865415,0.4863969,0.51149875,0.4961296,0.51010716,0.50360405,0.49739313,0.4759084,0.5166338,0.5147441,0.49684668,0.52200586,0.49140745,0.51193744,0.50053376,0.5297217,0.49126536,0.4901262,0.5083043
0.5070181,0.5203876,0.5346951,0.5353331,0.53695875,0.53545886,0.5187873,0.5223872,0.53518397,0.49640524,0.52577704,0.5139472,0.55975336,0.5194678,0.5117762,0.53918535,0.53379077,0.5356657,0.53689295,0.55217755,0.50972,0.5047276,0.52937657,0.57821625,0.52432144,0.53034914,0.54706246,0.53654695,0.53352815,0.52441794,0.5394724,0.537523,0.5507749,0.52166647,0.51962435,0.51597804,0.53674144,0.4997375,0.52761537,0.5113783,0.49691543,0.52684075,0.5406597,0.5202215,0.5320281,0.5197464,0.549285,0.5010696,0.5358029,0.5458308,0.5202571,0.54520506,0.51962036,0.54432595,0.5413556,0.5191694,0.5246126,0.52434516,0.5528124,0.53592116,0.49095845,0.53332716,0.52831155,0.52769214,0.5131247,0.54125,0.5444479,0.5346297,0.5283149,0.53452724,0.5340471,0.5297966,0.51953405,0.52931976,0.5166902,0.5273186,0.49456197,0.532857,0.535382,0.54045594,0.50783306,0.49256396,0.52438664,0.526818,0.5102745,0.52480733,0.53780997,0.5485614,0.548517,0.538784,0.5386131,0.51149684,0.52582043,0.5105136,0.5122341,0.531595,0.5488896,0.5149644,0.5401197,0.5168082,0.559393
0.507287,0.55228263,0.5555133,0.55867827,0.5440085,0.54819655,0.5489334,0.5712839,0.5696273,0.5753783,0.53353137,0.53746307,0.5391668,0.5651273,0.53282213,0.5742465,0.5503275,0.5615081,0.56911016,0.57756406,0.5521402,0.5411711,0.553044,0.5522488,0.5462585,0.537632,0.5493929,0.5550514,0.54909724,0.54617685,0.5507059,0.5386079,0.55684584,0.517806,0.53908587,0.55868167,0.5626172,0.5809708,0.5461243,0.5281533,0.54220736,0.5463398,0.5553833,0.58680266,0.5822401,0.55668235,0.5211122,0.5834158,0.57710093,0.54721546,0.5617048,0.5678844,0.5603225,0.56688946,0.5824613,0.5512833,0.5404115,0.557507,0.53678936,0.5855522,0.5787516,0.5474554,0.5608795,0.56966037,0.5572983,0.56739026,0.55974436,0.5163541,0.53759164,0.5451098,0.5382622,0.5628176,0.53916115,0.56165123,0.51974297,0.5489848,0.56339306,0.5544074,0.5612132,0.56472826,0.55537647,0.5355782,0.5401466,0.5665852,0.5564138,0.55997247,0.53430414,0.56734234,0.510541,0.5305846,0.54113024,0.55287004,0.5688171,0.5052803,0.5806274,0.5712225,0.5617365,0.5719579,0.5589721,0.5683524,0.55938905
0.5095065,0.49965006,0.5395262,0.5364946,0.5120339,0.5463131,0.52049303,0.5283174,0.54461116,0.51624596,0.5076881,0.5136154,0.5500949,0.5157038,0.54304755,0.54025096,0.53037965,0.54715824,0.5516045,0.5314414,0.5133612,0.500305,0.54044855,0.54018456,0.5410075,0.5498278,0.5481657,0.5314501,0.5214314,0.5381358,0.54689276,0.5405645,0.5330322,0.54405415,0.52618617,0.52209866,0.5253593,0.5370344,0.54504657,0.55783653,0.5114939,0.50988436,0.53582895,0.50152785,0.52610886,0.55028355,0.5468951,0.5522124,0.5182572,0.5543243,0.5460362,0.55312866,0.5237193,0.52930266,0.5287612,0.5334389,0.53266627,0.55277437,0.5378061,0.5157106,0.5311337,0.5494215,0.529801,0.5369725,0.5285217,0.53238374,0.522805,0.5393275,0.5288123,0.53087974,0.5374233,0.5430235,0.53774786,0.54415697,0.52188325,0.5026053,0.51734686,0.5133463,0.52961385,0.5320903,0.5582815,0.55178887,0.536448,0.548021,0.515163,0.53082305,0.5136233,0.5441266,0.54533225,0.5528671,0.5055609,0.51892686,0.528152,0.54310095,0.53099537,0.5386505,0.51489604,0.5043572,0.50908065,0.5399944,0.5239287
0.5188962,0.5435142,0.52551854,0.55389816,0.53438073,0.55122775,0.5577109,0.529869,0.52695453,0.5524729,0.59533435,0.52074265,0.55213827,0.52949655,0.5552389,0.5439726,0.5316263,0.56804806,0.5402527,0.54197276,0.55320925,0.5378411,0.5387908,0.52925605,0.5173929,0.55649924,0.5351062,0.55254084,0.50190485,0.52714306,0.5477933,0.5539934,0.52392244,0.5400086,0.5129003,0.5172449,0.5324234,0.5357964,0.49974304,0.5407608,0.5510866,0.5646768,0.50210774,0.535044,0.5358597,0.53936607,0.54457855,0.531373,0.5385377,0.5456942,0.54161876,0.5293868,0.5246194,0.5448878,0.5270495,0.5396611,0.54038256,0.55992657,0.54130626,0.552902,0.5617251,0.5374167,0.59646493,0.5134851,0.53772885,0.5639759,0.5475574,0.52977943,0.5138876,0.542442,0.51795435,0.5373031,0.5334883,0.56285036,0.5519706,0.5667061,0.5258421,0.5405682,0.56554484,0.5556962,0.54837924,0.56055933,0.54719514,0.5316979,0.56113565,0.5399087,0.5724916,0.52628654,0.5444838,0.54074943,0.54421824,0.5467649,0.55216056,0.5261212,0.5302796,0.5701571,0.5519443,0.55890423,0.5541362,0.5387154,0.55824214
0.5191321,0.5272044,0.5408417,0.563343,0.5314145,0.5313325,0.5169209,0.5105334,0.5264615,0.5128149,0.51110905,0.54693216,0.5336655,0.50368553,0.5470045,0.5412054,0.4996593,0.53313464,0.52922773,0.52952886,0.51051337,0.5048354,0.5562975,0.5120336,0.5122484,0.53401595,0.51289517,0.5364644,0.55046743,0.5317294,0.53553826,0.51420885,0.54011726,0.5509976,0.5096518,0.533522,0.52154046,0.5024338,0.5330322,0.52400756,0.4928731,0.52063406,0.5018505,0.5167851,0.53727293,0.51651853,0.5278486,0.49918166,0.5323082,0.5264112,0.54671806,0.5164522,0.5194095,0.49885708,0.5396832,0.49733582,0.5449528,0.5589818,0.5449808,0.51544434,0.54961884,0.51808214,0.5059675,0.51507276,0.54068434,0.50281364,0.5224271,0.53556466,0.5051194,0.47876662,0.49036676,0.5163442,0.51933426,0.5094852,0.5362123,0.50666,0.5381426,0.5358884,0.53725857,0.5323388,0.5192745,0.50841224,0.5122638,0.5473543,0.52027935,0.5122286,0.4818568,0.54698056,0.49717492,0.5127242,0.52136093,0.4991402,0.51392657,0.55593497,0.5139204,0.5387451,0.5322403,0.5067502,0.5062062,0.5106541,0.53538156
0.52073896,0.51193684,0.51518977,0.5080154,0.5205869,0.5291659,0.49894875,0.5152576,0.52820754,0.5277883,0.48005563,0.5305039,0.48220766,0.5128975,0.50673294,0.50210416,0.5126776,0.5248721,0.48294532,0.4838143,0.50776136,0.49374127,0.50805175,0.5151083,0.5072754,0.5306904,0.50035065,0.48825765,0.5171565,0.5230709,0.536799,0.5347556,0.50880945,0.49275237,0.4984429,0.5220995,0.47753048,0.50089157,0.5293651,0.50059885,0.52827984,0.48747337,0.5305236,0.50793326,0.51500887,0.5377072,0.5171771,0.5002876,0.52721274,0.5118221,0.49756494,0.50168794,0.48683196,0.4890468,0.51428837,0.51539314,0.5182662,0.5233748,0.5154941,0.5208026,0.48799267,0.4877762,0.5050882,0.51733387,0.5335553,0.516003,0.5152994,0.5299221,0.5419187,0.51254505,0.52313685,0.5136706,0.4853043,0.4785468,0.5291743,0.5166637,0.5213776,0.5176719,0.51251596,0.5138403,0.5095678,0.48659268,0.53111374,0.5129139,0.5050377,0.51554835,0.53479546,0.5035076,0.5434825,0.50311935,0.5098402,0.5324265,0.5076342,0.54428494,0.5072586,0.51852727,0.5176892,0.5048956,0.51942927,0.5032462,0.51923186
0.52485627,0.538307,0.51661927,0.5377743,0.5294395,0.5388472,0.5391692,0.55764776,0.5428455,0.53181547,0.5330013,0.5437662,0.5584945,0.5347283,0.5287628,0.5365709,0.5597451,0.5395579,0.5439009,0.52809983,0.54759073,0.53799915,0.5501116,0.4994377,0.52558994,0.5253507,0.5014876,0.5581076,0.546906,0.5611698,0.51446766,0.5411286,0.52024275,0.55250645,0.5356392,0.5057254,0.51529956,0.5437404,0.53634924,0.54601926,0.5385261,0.5459978,0.5454708,0.5236089,0.54110456,0.54611737,0.5386979,0.5308735,0.51326233,0.575044,0.529279,0.53026533,0.5068688,0.5384395,0.5459759,0.5449155,0.50955576,0.5424584,0.5211088,0.54240245,0.54447377,0.5320792,0.5068329,0.54372483,0.5270065,0.5367663,0.507806,0.5332197,0.53803575,0.5540765,0.51618946,0.5303827,0.5298427,0.5210887,0.52088726,0.5452901,0.49733427,0.54423314,0.52859515,0.52109444,0.51784474,0.53001004,0.5222464,0.5266781,0.544672,0.539267,0.55414736,0.52825415,0.5187384,0.5204785,0.55465084,0.52514505,0.53522843,0.52555484,0.5332937,0.55944616,0.54201907,0.5196136,0.5102206,0.51411873,0.5272049
0.531714,0.6499756,0.659766,0.6028359,0.63227135,0.67183346,0.6853114,0.66984594,0.67660743,0.67827785,0.6498389,0.6412776,0.61620843,0.67697173,0.5976703,0.6569906,0.6702806,0.66365045,0.61850303,0.6375902,0.65854764,0.6575211,0.64891607,0.64143175,0.66631514,0.64914477,0.6533007,0.6230183,0.689399,0.6382512,0.66891176,0.6460435,0.6745147,0.66647065,0.61511725,0.63968885,0.67476165,0.65302616,0.6894683,0.61036694,0.6453626,0.6675723,0.64442027,0.58646595,0.5889153,0.6066125,0.6512036,0.6476266,0.6693698,0.6526258,0.63192254,0.5771361,0.65744394,0.6266757,0.65815586,0.6463748,0.6286618,0.63858503,0.63236946,0.6185642,0.63536197,0.6707724,0.6388394,0.6513627,0.6629196,0.639841,0.64445496,0.6259983,0.6686359,0.6639137,0.6410307,0.64219695,0.6369748,0.66046137,0.63901466,0.657085,0.62075305,0.642706,0.65373015,0.6086008,0.64983946,0.6573195,0.661506,0.61986417,0.64381355,0.67826706,0.68008155,0.6373429,0.65066206,0.6021431,0.6406187,0.6084261,0.65654916,0.64754087,0.61618656,0.6634825,0.6412241,0.6749889,0.658463,0.630153,0.66974586
0.5344528,0.52280295,0.5219223,0.50225,0.4999118,0.52064914,0.53399104,0.50077945,0.52655417,0.5319307,0.5098821,0.49411792,0.52287287,0.5386021,0.50194556,0.5305513,0.5190817,0.5055689,0.5213077,0.5139349,0.5117112,0.5031549,0.50658274,0.52496535,0.52328753,0.52201843,0.4895659,0.5035866,0.5032189,0.5076054,0.50450647,0.5007699,0.48574027,0.5216872,0.5266952,0.5089981,0.49115703,0.5262895,0.5105059,0.5062401,0.5037003,0.50523263,0.4917877,0.4973651,0.5008652,0.54753834,0.4853899,0.51716214,0.5230493,0.5117879,0.51239043,0.50310135,0.5026699,0.5027487,0.52357906,0.5178382,0.51413953,0.5285602,0.51311195,0.49046606,0.51582426,0.51681226,0.5141934,0.48894048,0.5281354,0.5105879,0.5017687,0.51449394,0.5267489,0.5519617,0.5186578,0.53620905,0.5373866,0.5213329,0.5114544,0.50794554,0.5310788,0.5100623,0.48616827,0.5087531,0.49810457,0.516735,0.49263728,0.5171688,0.5095902,0.50597554,0.5283676,0.49621752,0.5010247,0.5069395,0.49512738,0.50348777,0.52995145,0.48772663,0.5214928,0.51616466,0.4975484,0.54568416,0.52450496,0.49452242,0.50320655
0.54674125,0.6907233,0.6535724,0.69229996,0.6474497,0.629303,0.6368407,0.6278104,0.66176844,0.60858434,0.612126,0.71126133,0.64655685,0.6748445,0.69192326,0.67485857,0.6279856,0.63495636,0.6668151,0.6572743,0.6747187,0.651961,0.6799266,0.67488056,0.6645211,0.6524473,0.5993616,0.6628024,0.62072915,0.66998357,0.6412614,0.66453,0.6808103,0.6495181,0.6618802,0.67146355,0.6822552,0.6300411,0.6401897,0.6204034,0.6523227,0.6274677,0.67908627,0.6932728,0.6098145,0.6726555,0.64820796,0.6723159,0.6458564,0.63529426,0.60865957,0.6250607,0.64332694,0.65330875,0.63876253,0.6680045,0.66611594,0.64240724,0.6137381,0.6622136,0.6651225,0.65796834,0.71765685,0.6235229,0.6587648,0.59181017,0.62820023,0.61716336,0.67883724,0.6624412,0.64943475,0.64061946,0.62656057,0.6349681,0.64558303,0.65328115,0.67557377,0.6239215,0.63992804,0.6108006,0.68671316,0.6135601,0.619535,0.6551249,0.6962804,0.6370804,0.60982424,0.6053517,0.63078576,0.6481424,0.6651623,0.6432403,0.6730827,0.65310234,0.6836693,0.6613509,0.6418678,0.65119964,0.6474955,0.6887678,0.66435033
0.55080837,0.6178669,0.6073021,0.58517975,0.5797356,0.60978144,0.6011172,0.5721921,0.5820501,0.56465083,0.5636788,0.6014829,0.61206824,0.5671397,0.57204556,0.5991203,0.5952161,0.5927042,0.5657889,0.6092867,0.59662646,0.6100585,0.5940754,0.57840306,0.6149317,0.54375726,0.5807904,0.5962181,0.55595034,0.5703968,0.5631048,0.58959633,0.57297444,0.59640163,0.5958442,0.5801732,0.6093484,0.60486984,0.57414484,0.6230019,0.5900299,0.5883667,0.5804717,0.58507633,0.5770115,0.5868478,0.569374,0.582026,0.59650606,0.5665683,0.6141558,0.5722745,0.5812983,0.57623714,0.57861155,0.59065604,0.6116099,0.57174206,0.5721335,0.61147314,0.57284397,0.57133466,0.57114,0.5736255,0.5877816,0.5828729,0.5712698,0.59305984,0.58273304,0.58580333,0.563912,0.5639929,0.56076425,0.56999964,0.5822799,0.5931646,0.5652539,0.5778157,0.5763379,0.61370987,0.60255516,0.56939393,0.56253296,0.54549915,0.62080956,0.55552596,0.56178206,0.5856595,0.60495394,0.60966974,0.602015,0.5930012,0.58360904,0.5855598,0.5757951,0.604079,0.5893088,0.5717964,0.58310765,0.6045128,0.59308076
0.5522821,0.5776422,0.60554254,0.60071117,0.5991135,0.58816755,0.64031184,0.586829,0.56252664,0.59246165,0.5829607,0.5860798,0.58697426,0.60505927,0.6294524,0.591664,0.59574383,0.5750316,0.6152705,0.5985214,0.6171771,0.6110796,0.5707722,0.6216239,0.5930492,0.59659463,0.622819,0.6066268,0.63775516,0.5988792,0.5831836,0.6064697,0.5796034,0.5717479,0.5885566,0.5972363,0.556783,0.6022257,0.60108787,0.64362615,0.6227222,0.5907033,0.5900095,0.59357625,0.57173246,0.6010099,0.60996467,0.6144067,0.5931823,0.5791002,0.58330864,0.62060314,0.6426709,0.6206617,0.59827477,0.5806526,0.5845826,0.59519106,0.59762084,0.5882513,0.5954587,0.5900896,0.62037677,0.5776815,0.5918591,0.6238732,0.61906344,0.6413071,0.598229,0.5694523,0.6094174,0.591757,0.63554955,0.6400029,0.5979491,0.5772113,0.602833,0.5592024,0.60113144,0.632183,0.6397415,0.6274289,0.59920365,0.5589565,0.61440325,0.5836732,0.60778433,0.6116283,0.6053141,0.6055197,0.6445251,0.6350365,0.6068642,0.617457,0.60509855,0.6593146,0.60829896,0.5723427,0.5686143,0.57130426,0.6171852
0.56136066,0.62955517,0.5772758,0.57140213,0.58474666,0.5407765,0.60662705,0.63276416,0.57938117,0.59238154,0.6101988,0.5573858,0.60140955,0.5774947,0.6204405,0.5802308,0.5945983,0.55989754,0.5639685,0.59039575,0.5838279,0.58842266,0.60006183,0.58968323,0.5921389,0.605655,0.5936461,0.605769,0.5740829,0.5974861,0.6086663,0.5823156,0.6121333,0.6056444,0.5541013,0.59533906,0.59803396,0.586723,0.55018836,0.6058393,0.5857974,0.6001299,0.6147652,0.5958027,0.58415353,0.5729504,0.61575025,0.59106666,0.609573,0.5710229,0.6341937,0.5799164,0.56450945,0.6096094,0.5630676,0.60130507,0.6083452,0.60371596,0.58429784,0.5714025,0.57261044,0.590656,0.56747496,0.6045577,0.5743248,0.6307685,0.60421354,0.591163,0.5743715,0.5748773,0.62064976,0.5817831,0.6273721,0.58694446,0.58101404,0.6078541,0.572589,0.58574975,0.59336287,0.57562774,0.5890694,0.5984875,0.6062898,0.5925276,0.59630007,0.63917696,0.57161206,0.57065845,0.5559886,0.6012538,0.57443553,0.6106984,0.6166053,0.65684754,0.5941674,0.60877043,0.6141169,0.59362614,0.59698504,0.57234,0.6021742
0.56871176,0.5876189,0.5620683,0.625174,0.5860662,0.6419299,0.56670105,0.5856574,0.59577113,0.6179351,0.60470647,0.62083757,0.5795649,0.6001914,0.5851327,0.6020238,0.6237711,0.63104624,0.57786256,0.5876122,0.62236905,0.63273805,0.5744123,0.59443194,0.6203048,0.61722463,0.60132456,0.5903143,0.5835802,0.5562931,0.598723,0.6094673,0.60270554,0.6137043,0.5694463,0.6401383,0.6012876,0.6357406,0.5703771,0.57344544,0.60038126,0.5676917,0.60862154,0.57921946,0.63058716,0.58180815,0.60139805,0.5689381,0.58649623,0.62736255,0.590899,0.5786322,0.60168046,0.57251173,0.59376365,0.5796762,0.6280431,0.6228412,0.5778233,0.6094004,0.6201904,0.6153689,0.5951213,0.60097003,0.5555216,0.5817067,0.6333311,0.60279447,0.5750309,0.5841087,0.597024,0.58448714,0.65501076,0.60908574,0.5966901,0.61547464,0.59739256,0.6492814,0.59809226,0.6228978,0.5760188,0.6203923,0.58864826,0.61388606,0.56047595,0.56972474,0.6052112,0.5931787,0.63313025,0.59422946,0.61091655,0.5715904,0.585025,0.6438617,0.6204614,0.5996525,0.5690845,0.5668312,0.5434377,0.60669553,0.588589
0.57330734,0.5909425,0.61413497,0.61547226,0.6027961,0.60788304,0.6096976,0.59977,0.5628529,0.54193205,0.5968027,0.5451769,0.6026426,0.6107855,0.5838998,0.5848196,0.62112296,0.56406456,0.5836558,0.5799671,0.54202545,0.60679513,0.60780394,0.5867955,0.5910199,0.58821636,0.5822265,0.5855574,0.5931373,0.5583845,0.5550559,0.574398,0.5955458,0.5900933,0.5727641,0.6108188,0.60702384,0.57315487,0.63235545,0.6097983,0.57643205,0.59631926,0.59786576,0.5967046,0.61220574,0.56257814,0.5856728,0.6018627,0.6116598,0.6034675,0.5926918,0.57082015,0.6160918,0.6244589,0.6121478,0.5684987,0.57437557,0.61368734,0.59657216,0.55788237,0.6157698,0.58329004,0.6078777,0.5838352,0.6023645,0.5695158,0.5939658,0.5935889,0.56853586,0.57191485,0.5801278,0.5935488,0.6015449,0.5984549,0.581642,0.6080484,0.59495944,0.5544303,0.5752097,0.6024347,0.5645885,0.57140076,0.570438,0.568087,0.6203876,0.5912486,0.5681489,0.5803097,0.6188115,0.58697945,0.61805815,0.6235452,0.6108139,0.59923935,0.58181256,0.6023064,0.567275,0.5887324,0.56480324,0.57807595,0.5521649
0.5735127,0.50405777,0.4854983,0.514024,0.5127945,0.50165176,0.51371896,0.5121466,0.48878166,0.49856627,0.50876254,0.50445485,0.4977082,0.4909895,0.49033445,0.5099724,0.5178257,0.50238144,0.49567884,0.5101833,0.5032301,0.4866386,0.5086993,0.50727814,0.48426682,0.49452204,0.508114,0.5260669,0.50484514,0.49674866,0.5022761,0.4937898,0.48714286,0.500919,0.49973488,0.5067349,0.5004101,0.5130183,0.49755752,0.517274,0.49666637,0.5156035,0.4919834,0.485457,0.50205386,0.5079075,0.526833,0.5120738,0.49610466,0.5425811,0.5124612,0.5119516,0.52319753,0.49107444,0.46353897,0.49026626,0.50779885,0.4948241,0.4992268,0.4888734,0.49050945,0.4801975,0.5046227,0.49883392,0.5059089,0.4853872,0.49225956,0.50851166,0.51792365,0.49368948,0.48679262,0.489937,0.5235615,0.4851119,0.5010185,0.4741339,0.50444454,0.49718022,0.5040786,0.4980892,0.5141481,0.5067733,0.5083354,0.54631054,0.51773864,0.49907944,0.4869818,0.52503735,0.5071606,0.50021434,0.51888204,0.49016953,0.49885702,0.4959492,0.5059431,0.4846198,0.5083752,0.49226898,0.4684791,0.5169917,0.5121358
0.57541287,0.69338065,0.62587374,0.65966916,0.6284487,0.64256424,0.6317855,0.6289118,0.6542162,0.62756723,0.6521426,0.67159337,0.62742436,0.6250597,0.6219702,0.6463725,0.60724884,0.61542076,0.6263455,0.63681793,0.662831,0.63473135,0.63726807,0.6448702,0.6609047,0.634015,0.6372139,0.65862495,0.64755815,0.62147003,0.65792435,0.63950044,0.6856267,0.6057705,0.6415404,0.62872225,0.6427981,0.621868,0.6247998,0.65394956,0.64479357,0.6634266,0.6154555,0.6696801,0.5951721,0.65843123,0.5967752,0.6056102,0.6704562,0.6155357,0.6294346,0.6575409,0.6491767,0.61001843,0.63719505,0.6416243,0.6206971,0.6389683,0.671432,0.65471464,0.6344529,0.6852861,0.6554167,0.65066016,0.6291837,0.620627,0.63431317,0.6147376,0.61136895,0.6394358,0.65607226,0.6533969,0.6125328,0.6633343,0.6401109,0.60524374,0.65247244,0.65463036,0.65346897,0.63576084,0.6355645,0.66168207,0.6192923,0.6561862,0.6319411,0.61454326,0.61522645,0.60369784,0.6499951,0.67896074,0.647434,0.6991983,0.6260945,0.68140566,0.58847207,0.6997248,0.66990346,0.64132375,0.6450003,0.6288424,0.66806215
0.58282137,0.5865964,0.57474524,0.56338865,0.57291126,0.5628533,0.5891577,0.5694583,0.5899202,0.5951108,0.57591355,0.5573862,0.5523917,0.558418,0.58028257,0.59454817,0.55787206,0.58294755,0.56514114,0.59430456,0.5636199,0.57622963,0.5823355,0.6123819,0.589016,0.5855921,0.602642,0.57642305,0.568854,0.58727324,0.57118016,0.58375835,0.5943391,0.6027976,0.5747842,0.5894621,0.6009543,0.6075135,0.56530756,0.5943912,0.549539,0.5828727,0.5511531,0.56502134,0.6093043,0.5847592,0.58280355,0.600793,0.5900021,0.58987945,0.5761729,0.5971543,0.58389467,0.58244413,0.52807486,0.5883065,0.5463945,0.56465274,0.5636536,0.56461054,0.5649195,0.6100364,0.5865868,0.5657494,0.5831372,0.54743856,0.55055934,0.5774653,0.5614249,0.5709949,0.59099954,0.60556793,0.57558817,0.57930255,0.5779323,0.5793036,0.58395165,0.57868123,0.6047897,0.5705568,0.5823588,0.58908176,0.58483595,0.5785132,0.5692149,0.5621982,0.5947457,0.59224504,0.5480529,0.6012022,0.5822339,0.60365355,0.5870537,0.59658736,0.5706681,0.5700993,0.59434927,0.5551291,0.6131875,0.59726256,0.6100473
0.61004704,0.6785611,0.597071,0.6085755,0.5837199,0.63556135,0.58026546,0.6315107,0.6419254,0.5787819,0.65871274,0.6275677,0.62181944,0.59565026,0.5659804,0.6004521,0.63889927,0.60888726,0.61504364,0.61423,0.5899176,0.6394896,0.60594934,0.6458161,0.5935696,0.61107725,0.64940983,0.63596326,0.6520671,0.63135695,0.61730105,0.62791866,0.62430066,0.601194,0.6143556,0.6158631,0.5965777,0.62137055,0.6114314,0.6035526,0.69370836,0.5992909,0.6202073,0.6797012,0.63207203,0.6352575,0.61716264,0.6061127,0.6145051,0.5785642,0.61689717,0.6304982,0.662473,0.6422182,0.56514055,0.6235663,0.6142928,0.5788627,0.60767406,0.62773776,0.6510402,0.6640386,0.6177242,0.6083129,0.59534484,0.6730043,0.6048397,0.6657298,0.6369103,0.6126997,0.5892257,0.6112174,0.63201576,0.60936534,0.61561877,0.6092598,0.6419534,0.66978824,0.6055885,0.5799096,0.6606728,0.61414057,0.56986815,0.6721477,0.5962061,0.6132807,0.6089156,0.5929061,0.62451726,0.64958715,0.60191995,0.6398024,0.6330673,0.6091413,0.63921744,0.6335837,0.6131888,0.66728204,0.6164215,0.5827251,0.6117553
0.6115252,0.6392359,0.63961214,0.6173569,0.6247089,0.6230419,0.5743874,0.6236375,0.66925484,0.68807465,0.59930974,0.5902687,0.64733213,0.6448235,0.5905393,0.648974,0.5936175,0.6228066,0.6480101,0.647579,0.6304891,0.65365964,0.59650606,0.6452961,0.63667166,0.6199934,0.6212992,0.6808669,0.61894286,0.61395293,0.6662473,0.62619495,0.58716077,0.66234815,0.6050055,0.6196071,0.6665971,0.66013813,0.6432416,0.6240966,0.62515324,0.6302137,0.64150393,0.65711695,0.6843112,0.59731215,0.6566472,0.63999444,0.6700153,0.64089185,0.60326904,0.6263357,0.6567065,0.6323207,0.62134665,0.5933562,0.6052244,0.67860305,0.63211966,0.6239055,0.6306322,0.6811603,0.58800286,0.6338969,0.6331979,0.5681651,0.6487811,0.6876808,0.61744314,0.58621866,0.6067036,0.6498781,0.62506163,0.65303296,0.6880994,0.6477526,0.6125403,0.63844323,0.6501543,0.64911383,0.6094408,0.5954562,0.6210517,0.6561728,0.6297634,0.6857714,0.64757645,0.6247874,0.6222524,0.5982502,0.6624971,0.6139589,0.63251346,0.6271766,0.6118158,0.62964064,0.65466183,0.66285795,0.6264507,0.6692657,0.6342692
0.615545,0.6038646,0.60145575,0.61033994,0.62678635,0.5733157,0.60933036,0.5752407,0.61127454,0.607976,0.6049412,0.5713442,0.6525344,0.61767095,0.5731834,0.603895,0.59876376,0.5948821,0.580684,0.62490714,0.58824587,0.6089038,0.60076225,0.56337196,0.6329467,0.58639735,0.6453833,0.6358838,0.6078939,0.5825202,0.6071668,0.6448689,0.62568134,0.57472473,0.6386444,0.58034915,0.63470215,0.62606245,0.58258593,0.5956587,0.6120946,0.6055591,0.6418,0.62369657,0.5861144,0.59835523,0.6051435,0.60576975,0.6342601,0.59836876,0.5701451,0.5755507,0.63015085,0.61198246,0.6520434,0.5700739,0.60071504,0.64446175,0.601301,0.59686935,0.6076053,0.620344,0.6001577,0.5947365,0.59134454,0.5703406,0.6237746,0.64326984,0.60631925,0.6281398,0.6284883,0.60788864,0.58778924,0.6061195,0.60583353,0.6381312,0.5670052,0.6198562,0.5826045,0.6093355,0.62089896,0.60766226,0.6141477,0.59445983,0.59245056,0.5678539,0.6317085,0.58474684,0.58997434,0.60817873,0.6111223,0.640648,0.6272591,0.5935819,0.6404007,0.61904633,0.59283656,0.59149677,0.5441417,0.57838744,0.6353314
0.625528,0.60398215,0.5964573,0.5998298,0.56700134,0.5943596,0.5937777,0.5794678,0.5953261,0.6180137,0.62903756,0.5649643,0.59089464,0.6019779,0.5857206,0.60469335,0.5858012,0.61436796,0.59729546,0.62733847,0.5957931,0.58088773,0.63560104,0.59268624,0.6209498,0.5934747,0.59018713,0.6076346,0.5999772,0.6015049,0.5980602,0.6241243,0.6093326,0.5875384,0.588327,0.6307164,0.62112314,0.5854375,0.5980161,0.6134171,0.6184251,0.62719,0.64175373,0.55297965,0.5928443,0.60161746,0.6215579,0.58452517,0.62562966,0.5847234,0.60320586,0.6090452,0.6085673,0.5933913,0.6161193,0.5651249,0.56252885,0.625303,0.5858898,0.6185108,0.58097595,0.6188694,0.61372536,0.58417344,0.61780447,0.60996526,0.58166844,0.5959039,0.6080638,0.6004427,0.59289986,0.5989579,0.6101768,0.5720729,0.6395124,0.62607485,0.6213201,0.60946125,0.61945885,0.5731966,0.6058025,0.577607,0.6469359,0.5760141,0.6071369,0.584193,0.60288244,0.60878676,0.5736474,0.5768128,0.5863224,0.56686956,0.62148213,0.5911097,0.62848014,0.5788312,0.5628295,0.5460071,0.6227078,0.6328384,0.60764897
0.6269873,0.6334676,0.6853047,0.6200545,0.6451791,0.6472215,0.6847317,0.6284792,0.6352623,0.61081624,0.6044649,0.6269783,0.6499159,0.6301558,0.6242451,0.6419521,0.6703934,0.65186095,0.5855781,0.64418113,0.62661856,0.593936,0.62082446,0.612701,0.59705096,0.5999522,0.6039515,0.6302338,0.62752855,0.61446756,0.6535379,0.6509591,0.60142547,0.6007622,0.65423316,0.6590023,0.6408681,0.5876617,0.65895414,0.633912,0.60444444,0.6560389,0.6087181,0.62810916,0.62014645,0.6516703,0.5879951,0.61604226,0.5869645,0.6243626,0.63247806,0.6363052,0.6833815,0.6405876,0.6222917,0.6453355,0.6350995,0.6292632,0.6557324,0.6232959,0.6256617,0.63647544,0.6407118,0.6224633,0.6281387,0.67397195,0.60970825,0.66840976,0.59488827,0.6389286,0.6200767,0.6364987,0.6362801,0.5933332,0.6387868,0.6102601,0.6302795,0.63529575,0.6211599,0.64976007,0.639835,0.5965188,0.6321115,0.6523269,0.6720206,0.6185666,0.64411587,0.62758774,0.6494573,0.64041346,0.6493047,0.64507276,0.58135575,0.65200156,0.6221406,0.65772206,0.62159944,0.623321,0.6981941,0.60383177,0.6340244
0.6358117,0.70979923,0.6469696,0.67869973,0.6682189,0.6806832,0.6845096,0.6757442,0.6615905,0.7062863,0.6819179,0.6467191,0.66870636,0.6955007,0.6902087,0.69905394,0.6870525,0.6919332,0.6748714,0.69968545,0.67567563,0.73942876,0.68966776,0.6354434,0.6878565,0.6581934,0.6978535,0.70398694,0.6879455,0.7163738,0.7152059,0.6843013,0.69561917,0.71003056,0.6911822,0.68704265,0.69773656,0.6899673,0.7024618,0.6661517,0.64104027,0.6690478,0.6976515,0.7564265,0.69108504,0.6158955,0.6628918,0.6945388,0.67620367,0.6520408,0.6468515,0.6916223,0.7038227,0.70367724,0.6911748,0.6770087,0.64592963,0.72100663,0.71004874,0.6481199,0.66291326,0.71718335,0.6712423,0.6808782,0.68443173,0.7098635,0.73250145,0.70603424,0.65719444,0.7167867,0.6630773,0.68704236,0.7087312,0.69245094,0.6267184,0.6927954,0.64719105,0.68236315,0.7852264,0.6740782,0.70130366,0.6963787,0.6964445,0.7156779,0.71095103,0.7104127,0.6768673,0.6972979,0.73424876,0.701638,0.6905429,0.70040774,0.7082938,0.7321101,0.6811195,0.6569341,0.664718,0.6584812,0.6641272,0.64421636,0.71803176
0.63736695,0.64058506,0.6471955,0.6335178,0.59715325,0.63570863,0.647393,0.67445606,0.6193859,0.5834549,0.6170668,0.63517076,0.63577235,0.6502128,0.6211306,0.6765756,0.5865155,0.59254867,0.6145983,0.58809596,0.5970381,0.65233755,0.61915916,0.63730085,0.6453247,0.64249307,0.6546669,0.6664004,0.62836665,0.6390494,0.6775393,0.6432959,0.6554174,0.6521668,0.65067035,0.6131975,0.6207424,0.6169288,0.62381595,0.6803238,0.6252534,0.6178211,0.6760059,0.6070743,0.65648705,0.65667874,0.61214906,0.63974315,0.6235097,0.64243084,0.6339827,0.5977724,0.6431902,0.6015851,0.6097997,0.6388917,0.6392922,0.60899,0.6716854,0.622147,0.61588854,0.59653753,0.63014525,0.6536374,0.6807762,0.6555157,0.6396623,0.591868,0.5933592,0.6439498,0.61263615,0.6225026,0.63389105,0.6561567,0.63665336,0.6539293,0.64760405,0.6120624,0.6262297,0.6326543,0.66189235,0.6679611,0.6581702,0.66365176,0.6340167,0.58784515,0.6563392,0.6689367,0.671652,0.5993885,0.6132494,0.63200504,0.64713603,0.64710665,0.64431494,0.6193051,0.6377359,0.6117254,0.6409717,0.62981635,0.68002427
0.64505196,0.6339534,0.6052155,0.6374987,0.60466045,0.61947745,0.5980111,0.60755324,0.6038539,0.6162117,0.6171535,0.5934398,0.63263506,0.6313527,0.5970375,0.65367717,0.60270673,0.61770207,0.6505496,0.60913116,0.5943906,0.64037013,0.6416202,0.6003477,0.6449433,0.6086517,0.587729,0.62812775,0.6083929,0.6507559,0.6129448,0.6525925,0.61959165,0.62891656,0.61578876,0.5931805,0.61318964,0.58646077,0.6202795,0.6173797,0.6049064,0.6464049,0.65518683,0.6407937,0.6774806,0.61694497,0.56947625,0.69139796,0.6157536,0.631749,0.5984839,0.6111012,0.6060303,0.6448269,0.59893316,0.6678154,0.6177198,0.60912687,0.5977525,0.65530044,0.6049605,0.62118953,0.6419839,0.64649975,0.648558,0.6246373,0.59987545,0.62464595,0.61113375,0.6149482,0.6600188,0.6028405,0.61995643,0.64756614,0.6035624,0.64613444,0.6032058,0.6419379,0.633563,0.6646765,0.6237839,0.6309893,0.5863231,0.59539527,0.6389988,0.5728769,0.611649,0.5954381,0.61763054,0.58205974,0.6488124,0.59815466,0.6256864,0.5806084,0.6149579,0.62215954,0.62219757,0.5885641,0.60625535,0.5846536,0.6603461
0.64765966,0.687283,0.6629595,0.6586087,0.7147561,0.68920165,0.6747443,0.6831327,0.713473,0.6734867,0.67513067,0.631216,0.6832573,0.6554237,0.69605714,0.6714174,0.6867649,0.68533546,0.66977715,0.6618474,0.66737145,0.67740816,0.63794,0.6416622,0.6932052,0.7119559,0.67569417,0.713003,0.70313877,0.68955976,0.6747765,0.6402549,0.69274384,0.64882654,0.6648124,0.6391085,0.6737327,0.63442475,0.6892409,0.68997437,0.67587906,0.6907303,0.6833108,0.6483699,0.6450837,0.6609389,0.65282243,0.67405945,0.63092667,0.63863045,0.71067935,0.63215894,0.65795296,0.6635923,0.67602545,0.67696923,0.6956107,0.67902297,0.70692044,0.6358921,0.6952565,0.7062741,0.67734987,0.7070971,0.68645924,0.6599609,0.68857616,0.67287356,0.66596663,0.68168324,0.6687279,0.74445003,0.66970426,0.6979104,0.6394288,0.6801841,0.65501076,0.63963985,0.6982123,0.66510457,0.6485673,0.68308586,0.7028126,0.68751055,0.6629717,0.7046436,0.64588326,0.66791785,0.6665478,0.6655242,0.6352138,0.6208978,0.6336479,0.68929905,0.6305066,0.67723316,0.6703991,0.70836943,0.6980479,0.7333675,0.6667622
0.652629,0.63753384,0.6950334,0.6877386,0.6933733,0.66253334,0.68473166,0.7160589,0.7075684,0.6967409,0.7165051,0.736697,0.7223175,0.680572,0.62992007,0.69895047,0.65016156,0.6729363,0.6650217,0.68372077,0.65027493,0.7311854,0.70758593,0.6654096,0.6276732,0.634535,0.6557951,0.6624187,0.6295596,0.6786524,0.65844756,0.64998204,0.7195489,0.63400745,0.7107947,0.6844718,0.70196944,0.6831915,0.70731163,0.6896668,0.6722935,0.65274984,0.6881287,0.7230001,0.6917216,0.74017006,0.66108227,0.649712,0.7170397,0.696496,0.6569157,0.6948227,0.65189433,0.6386801,0.68602556,0.6867995,0.6928043,0.73762345,0.70045775,0.7059764,0.6573758,0.6833678,0.6619612,0.6926169,0.696705,0.69012076,0.65789706,0.68587565,0.7173678,0.66171676,0.70691305,0.6589254,0.6806032,0.7095415,0.65766466,0.6622655,0.6846384,0.67770404,0.69115645,0.65743774,0.68945307,0.6521327,0.6614995,0.65166545,0.6410714,0.7103525,0.6479055,0.68873185,0.69567764,0.6609159,0.6755895,0.6932817,0.722965,0.68265444,0.6945869,0.70826584,0.69119686,0.6876486,0.70575505,0.7226389,0.62592846
0.6544639,0.6906045,0.7194379,0.6892758,0.7000777,0.6909093,0.6513247,0.7171112,0.6764907,0.6956234,0.66843754,0.687761,0.6929175,0.6489112,0.68326265,0.7330274,0.7543687,0.6655523,0.6909386,0.706657,0.7501753,0.72351414,0.6879261,0.6896325,0.7375327,0.68705696,0.6726794,0.69870466,0.71652085,0.65607375,0.6752617,0.7276575,0.74841034,0.69325507,0.7368781,0.6717854,0.67684495,0.68176347,0.68101203,0.67772883,0.68389136,0.68676776,0.7082741,0.7368566,0.7212203,0.6951181,0.7100269,0.6776698,0.6883532,0.7186176,0.7474512,0.6991891,0.7031641,0.75709206,0.6837356,0.66624457,0.6945488,0.70923585,0.66100675,0.6764541,0.7120464,0.69238365,0.69848734,0.6962548,0.6938332,0.6607838,0.66432655,0.72239155,0.7118036,0.68632203,0.6757799,0.7004643,0.7227997,0.6957436,0.7093379,0.66349214,0.6904816,0.7190898,0.68832844,0.6886597,0.70615155,0.72084445,0.7415318,0.72854096,0.6559594,0.68205136,0.68679875,0.7079028,0.69563943,0.70142275,0.6485236,0.7072442,0.6738902,0.71573514,0.7949621,0.67903465,0.693483,0.68452626,0.6992406,0.7053444,0.74597317
0.65788364,0.6412042,0.606762,0.6886994,0.6334004,0.68425316,0.6974659,0.654838,0.6638996,0.63553196,0.605374,0.650972,0.63117176,0.6872068,0.66672546,0.65929395,0.64046943,0.6588173,0.6448149,0.63029736,0.70488936,0.66050917,0.59658116,0.6284161,0.63451797,0.63939303,0.6509324,0.6730842,0.6630138,0.654159,0.6135705,0.63346046,0.6447217,0.65082663,0.67975897,0.63353336,0.62187153,0.6214103,0.650099,0.6346037,0.6463334,0.68000823,0.6375752,0.67237383,0.6671551,0.6581393,0.647703,0.63944334,0.6863492,0.6682003,0.6181732,0.66812056,0.63094145,0.62556356,0.6656631,0.64119214,0.6193637,0.63159144,0.6492651,0.6526962,0.67700094,0.64762354,0.6517505,0.7121034,0.6611503,0.64282656,0.6650149,0.6509736,0.63815635,0.66100025,0.64745116,0.6487567,0.64653426,0.649373,0.7215202,0.66509193,0.6420509,0.6486091,0.6883422,0.67069674,0.6523344,0.6499333,0.64622855,0.64338946,0.6887167,0.6466283,0.69408745,0.64478767,0.6636106,0.6305541,0.70105976,0.63552594,0.67717177,0.58675414,0.6692886,0.61999756,0.68555087,0.6825685,0.6317765,0.6130344,0.6722051
0.667822,0.7846733,0.7505417,0.76904154,0.8154361,0.76515615,0.74706185,0.73296535,0.76382154,0.75753325,0.7778792,0.7830563,0.7826269,0.7896156,0.71981156,0.7701722,0.7698199,0.7691564,0.774673,0.7995518,0.75465703,0.74939305,0.7462452,0.79936314,0.8188003,0.8042483,0.7347184,0.7444967,0.74756336,0.7926404,0.81255955,0.80504185,0.7421903,0.7661082,0.7378723,0.72064704,0.736694,0.8328604,0.77325946,0.778982,0.7745298,0.807993,0.76803994,0.7606434,0.7183586,0.7345978,0.7973667,0.8004431,0.77831644,0.77883095,0.7922958,0.76031345,0.8253027,0.74728984,0.8060475,0.80833375,0.8228416,0.81238276,0.8256741,0.7451307,0.78705853,0.79829293,0.74361306,0.7442723,0.7926665,0.824856,0.79580325,0.7872245,0.7369221,0.80141383,0.76767427,0.745253,0.77758855,0.7329561,0.8268407,0.78706604,0.7557363,0.7513575,0.7711132,0.82665604,0.7718117,0.75193745,0.72682744,0.7500908,0.8204907,0.74296564,0.8117359,0.7785637,0.86828214,0.7064099,0.77479285,0.7722296,0.7296381,0.75100154,0.76023763,0.8291971,0.78080696,0.7625955,0.7541651,0.78823483,0.72999233
0.66993123,0.6330528,0.61676115,0.6641161,0.6212656,0.67028385,0.6484316,0.6412516,0.63952804,0.62715816,0.6269112,0.6276825,0.6002031,0.63273364,0.5986211,0.6317025,0.62914604,0.6472484,0.6319175,0.6495411,0.64642286,0.621445,0.65152365,0.6165059,0.6889194,0.6187203,0.608577,0.5967612,0.6077151,0.64475846,0.6556402,0.62633306,0.60198927,0.5894444,0.62231785,0.6768066,0.6065247,0.6302056,0.64549774,0.6108765,0.5984534,0.6553349,0.6684999,0.6550811,0.60690457,0.63984215,0.6433429,0.6632704,0.6284979,0.67760164,0.6424868,0.64555365,0.60790426,0.6190402,0.64421254,0.59444386,0.6045026,0.6286081,0.64491594,0.65913886,0.6052579,0.6162622,0.6432356,0.6480225,0.64043283,0.635992,0.65258604,0.6058247,0.62485105,0.6321246,0.6348154,0.64217883,0.6428996,0.61954886,0.6365576,0.65680814,0.6406092,0.6272058,0.6224434,0.6163143,0.62236446,0.6597716,0.6538422,0.6700637,0.627956,0.61788297,0.6072538,0.65307194,0.6547292,0.6432374,0.59400564,0.6416301,0.6263371,0.64465505,0.63899034,0.6372352,0.65067863,0.58999574,0.6380586,0.6320488,0.62803894
0.6816478,0.5079795,0.5047071,0.53357637,0.5372483,0.50688,0.49792606,0.5079001,0.51052314,0.5227653,0.48260006,0.5176985,0.5226334,0.50807214,0.5063908,0.5261699,0.505939,0.5127739,0.50639457,0.5064193,0.50538707,0.49925283,0.5174503,0.52312046,0.51584786,0.49454886,0.5172408,0.52680117,0.51737344,0.52145344,0.52384526,0.52088684,0.5055645,0.50303817,0.4982051,0.5291734,0.50067705,0.517021,0.5154268,0.52900755,0.51662165,0.5192111,0.4958532,0.50115114,0.50488883,0.5443688,0.5271483,0.5138489,0.52921987,0.5093509,0.5191895,0.531175,0.5111145,0.5075842,0.53366804,0.50647175,0.5181233,0.50439155,0.4944541,0.5174641,0.5291781,0.49704552,0.5103074,0.5002073,0.50738794,0.49571478,0.4974231,0.51218903,0.5027801,0.50191647,0.5237007,0.50204325,0.5019568,0.49351904,0.5257481,0.493909,0.53786325,0.50225806,0.5408751,0.5130023,0.49851125,0.49992126,0.5181033,0.524865,0.50301355,0.52459705,0.51555425,0.5186125,0.5408368,0.5048636,0.50276774,0.51787186,0.53513885,0.504808,0.5199183,0.5191898,0.5269822,0.5252428,0.5168065,0.5160968,0.5063217
0.6889613,0.58869606,0.60443425,0.65832156,0.6175361,0.629391,0.6149502,0.6425523,0.5841758,0.6390583,0.6210337,0.61860585,0.58799046,0.6600495,0.59974986,0.5943858,0.6102194,0.5673489,0.66131055,0.61080325,0.61073875,0.62654,0.60354275,0.62739784,0.6065908,0.62577134,0.6209908,0.6359175,0.64660454,0.60231876,0.61156183,0.60354495,0.5786168,0.56981504,0.59485096,0.59879524,0.601227,0.6046276,0.62909883,0.60588187,0.5968006,0.644489,0.66640395,0.57956856,0.6509895,0.6079436,0.59900457,0.5974154,0.62417865,0.5984634,0.63175577,0.56771296,0.58741874,0.64458424,0.6132179,0.5976871,0.628521,0.5902756,0.595273,0.61307657,0.6070973,0.61280483,0.65041214,0.58593816,0.6163925,0.6591169,0.6188222,0.638,0.61054474,0.607123,0.6384927,0.59459984,0.6226953,0.5774428,0.6233036,0.5664304,0.58889633,0.5919639,0.62475616,0.62472147,0.6087826,0.59188193,0.6360777,0.5804196,0.60549206,0.6193959,0.6125511,0.5911183,0.5913964,0.60072744,0.64182884,0.612532,0.6001838,0.5864991,0.57835704,0.6358581,0.6431536,0.6115652,0.6118812,0.6124901,0.6332853
0.6890038,0.7569544,0.77781445,0.7876327,0.80727476,0.74317706,0.8376965,0.7492087,0.80363506,0.7456154,0.7686145,0.73005706,0.7532837,0.7104688,0.75992006,0.75652236,0.78424436,0.7437838,0.8187701,0.79824144,0.8105434,0.81627417,0.7613049,0.75431925,0.78117234,0.79484844,0.7593133,0.7866594,0.70995957,0.78724045,0.7605851,0.76766926,0.80408996,0.74469876,0.7401684,0.7831394,0.77636796,0.7217729,0.84260476,0.8044416,0.7206299,0.81502193,0.84348464,0.7678551,0.84322315,0.8090109,0.79842174,0.7458684,0.742775,0.8208316,0.74201643,0.8085783,0.7972323,0.73353404,0.7900622,0.7705092,0.7882404,0.7922334,0.80999225,0.7488495,0.77799946,0.802272,0.71902114,0.7592872,0.7929205,0.7618906,0.7596114,0.7911536,0.8187816,0.7836407,0.765518,0.79878235,0.74657553,0.7324751,0.8066355,0.79645747,0.74749213,0.76002055,0.725404,0.7479517,0.74222416,0.7586896,0.77737033,0.83597964,0.74627763,0.7631895,0.72206634,0.77160007,0.8000969,0.7914652,0.76592064,0.72824115,0.72295195,0.77260244,0.76022774,0.8129535,0.83916074,0.83762133,0.8194614,0.75838834,0.74512756
0.6938014,0.6986768,0.73235583,0.7727002,0.7926994,0.70779115,0.7425789,0.7053855,0.7237918,0.77061933,0.7771613,0.7323788,0.7913022,0.77936816,0.7770186,0.71315646,0.73546803,0.71493566,0.6564021,0.7112594,0.73962486,0.7515704,0.74693006,0.7004321,0.7711243,0.6831132,0.7654055,0.74132174,0.73511285,0.7297207,0.74489945,0.7377702,0.7024148,0.718484,0.758516,0.68475604,0.6962405,0.7247527,0.75046545,0.77112436,0.7525139,0.7736041,0.7058274,0.76450074,0.8134928,0.7176443,0.7543954,0.74877876,0.7280814,0.7687433,0.7306971,0.771799,0.7447397,0.7713085,0.7214201,0.7164058,0.78104013,0.7454211,0.77894413,0.7561348,0.7213128,0.7808897,0.716252,0.72219056,0.77010375,0.6999419,0.74145997,0.7790782,0.6986978,0.751752,0.7310611,0.7440112,0.76981944,0.7141766,0.76179487,0.716082,0.73910147,0.69557256,0.764538,0.7942198,0.6744979,0.7815463,0.6637121,0.7630197,0.7611884,0.7211613,0.7192525,0.78029203,0.72632545,0.6705847,0.7678546,0.7515401,0.7636105,0.7523299,0.7678471,0.73613256,0.7884599,0.7750026,0.8076752,0.694668,0.77306813
0.695616,0.77653235,0.69318193,0.74115294,0.8068561,0.81208867,0.7159154,0.7572241,0.7589135,0.78339124,0.7435257,0.74492645,0.81023335,0.7903467,0.7901886,0.77503616,0.80194646,0.7775287,0.73176455,0.8164074,0.8450741,0.7446801,0.7966879,0.74783,0.7790765,0.755987,0.7936147,0.74179125,0.7273703,0.7187668,0.82171136,0.72478706,0.7438477,0.75714487,0.77386904,0.7613927,0.78175265,0.8091189,0.7879322,0.71198237,0.75826764,0.707259,0.7352081,0.7120902,0.74112195,0.8217482,0.8039065,0.775301,0.74415684,0.8000165,0.7681897,0.7674393,0.74479896,0.72515684,0.7186461,0.7689118,0.78310865,0.75182474,0.75610435,0.67362696,0.8116829,0.73785645,0.7128499,0.7840468,0.75024796,0.7232403,0.77128315,0.77831274,0.80103797,0.7658121,0.7241187,0.79124266,0.7481263,0.7460249,0.73014563,0.72641975,0.77897483,0.7985409,0.77107644,0.7711262,0.7349602,0.77802867,0.74734664,0.7662886,0.7444524,0.71843964,0.7916035,0.79945105,0.73561996,0.7589381,0.71060336,0.7115626,0.7552049,0.78726095,0.78370625,0.77350277,0.7795431,0.75694865,0.7622389,0.8197548,0.7529298
0.69716835,0.74756616,0.7307114,0.78109413,0.7829419,0.77241164,0.78432745,0.6978535,0.78096026,0.7481661,0.7425603,0.7645616,0.7650228,0.7380732,0.7062662,0.79634315,0.76297957,0.7843295,0.72492516,0.76063406,0.7494943,0.8035558,0.7370686,0.7995068,0.76224726,0.82281756,0.73556715,0.7816686,0.7802759,0.68362916,0.77021295,0.7321017,0.8097032,0.7720307,0.74060446,0.7645832,0.7507666,0.77197397,0.7843731,0.76117235,0.7207696,0.73364586,0.77774304,0.7041393,0.73413926,0.7882852,0.74170214,0.7417622,0.7524568,0.75917894,0.75608,0.78232175,0.65972656,0.7194546,0.77136487,0.781635,0.76062906,0.7330586,0.73109317,0.7874258,0.7438872,0.73929083,0.7748082,0.70902836,0.74311036,0.7506884,0.78738815,0.7411609,0.75337166,0.7550701,0.7334339,0.6814466,0.6998834,0.7512921,0.82239574,0.7625368,0.761244,0.7548657,0.6983885,0.79905635,0.77647996,0.7434358,0.7694496,0.7430288,0.73933476,0.7603907,0.803413,0.7029913,0.7322594,0.7793692,0.7379337,0.77835983,0.76759386,0.7688255,0.7060331,0.7326121,0.7540886,0.70054543,0.72025913,0.7706036,0.7511149
0.7086035,0.7011428,0.68091947,0.6498452,0.67338496,0.69881207,0.7115715,0.70715994,0.66709065,0.71606606,0.717126,0.66899,0.69174594,0.68146,0.6700921,0.7131523,0.71083146,0.7360352,0.6679283,0.69512403,0.7048674,0.7102436,0.65995234,0.7181566,0.7226568,0.68539095,0.74130744,0.7672607,0.6795299,0.7453871,0.7142437,0.7152102,0.7000613,0.73386437,0.6937458,0.685006,0.74325854,0.65775603,0.7152969,0.7531561,0.7607694,0.74651474,0.6809744,0.713068,0.6648781,0.7508289,0.71107334,0.6832897,0.6836142,0.69116884,0.6478117,0.68763226,0.71904016,0.73712176,0.717893,0.7374577,0.73527557,0.6853203,0.6595587,0.7588951,0.704977,0.7164455,0.70805365,0.733936,0.7100248,0.78966224,0.71553427,0.76496166,0.71864086,0.68827015,0.6981494,0.68328696,0.6591982,0.7178443,0.73208046,0.7265708,0.6912707,0.6817986,0.75564396,0.672852,0.6697845,0.70791507,0.7277102,0.76155007,0.7251037,0.73947734,0.6784455,0.6951221,0.70830065,0.71584886,0.65153414,0.6737201,0.684259,0.71095544,0.6788958,0.68168086,0.6439865,0.67446315,0.7576823,0.7385118,0.6836487
0.70873165,0.6510508,0.6955555,0.6888706,0.61878175,0.7084315,0.65635616,0.68236333,0.7116955,0.6318869,0.6505043,0.65031254,0.6323395,0.6464068,0.6541704,0.6203382,0.6095101,0.61153275,0.67130727,0.6496715,0.59959453,0.6387931,0.6413876,0.6156436,0.6684567,0.684184,0.5957349,0.65366215,0.6654117,0.6610586,0.6322128,0.633509,0.6771241,0.6803462,0.6422387,0.68248075,0.6759369,0.6658872,0.7103718,0.63926977,0.6235978,0.66935104,0.64142716,0.6925154,0.64924836,0.63927215,0.67222023,0.65705526,0.6059864,0.64503515,0.62923956,0.6674947,0.7148694,0.6371897,0.65936434,0.649363,0.67560476,0.6560021,0.68637204,0.6276023,0.7061332,0.618223,0.6137847,0.6406711,0.66702706,0.62788165,0.6678193,0.63971126,0.6310623,0.6308306,0.69190204,0.6038964,0.6277262,0.62012345,0.6658614,0.6484564,0.66257256,0.6767301,0.6903139,0.7026417,0.64839166,0.7300349,0.65586334,0.6751863,0.6723514,0.6507812,0.6668563,0.6382304,0.6621348,0.67258316,0.6465786,0.6251516,0.642893,0.6563759,0.6513035,0.67349744,0.6660722,0.6019955,0.66840416,0.6590038,0.616852
0.73737013,0.69914275,0.77123815,0.77413446,0.765958,0.7397626,0.8367221,0.80604964,0.7894826,0.75038564,0.75029534,0.76466006,0.79188704,0.7596198,0.7386101,0.7728179,0.77655095,0.7038687,0.7814694,0.71421117,0.76631933,0.7306023,0.7528468,0.7535817,0.76431733,0.7682489,0.7500213,0.8018872,0.75293857,0.8355753,0.7552093,0.7909017,0.80066586,0.7281999,0.7873224,0.7746317,0.80024743,0.7986612,0.78041655,0.8221875,0.77912986,0.7509667,0.75700134,0.77702147,0.7464454,0.8122378,0.8202798,0.7452768,0.7717233,0.75675046,0.8254894,0.8088661,0.8279621,0.7182999,0.8825899,0.82937855,0.7742037,0.78362924,0.778364,0.790625,0.7719291,0.815976,0.7527763,0.77923745,0.7935024,0.7671149,0.76331204,0.7682369,0.75204176,0.77408534,0.7849601,0.79572827,0.7204914,0.8232416,0.776359,0.74449617,0.86416334,0.7891602,0.7450156,0.7381982,0.81294024,0.7730459,0.7344006,0.7951985,0.76018995,0.79258865,0.7421216,0.7650056,0.7620527,0.7589901,0.8361978,0.7529693,0.7028598,0.7770212,0.77834624,0.76528794,0.80910265,0.79864246,0.85457313,0.7488182,0.81152385
0.75751084,0.7389731,0.79407924,0.78098184,0.7998324,0.7679299,0.7736395,0.784652,0.7962431,0.7360089,0.8002071,0.7497027,0.73028404,0.7768864,0.7639359,0.7555481,0.79533625,0.7532198,0.79451793,0.7947992,0.7488895,0.797055,0.8385659,0.76091915,0.74046797,0.76025325,0.76354414,0.72722006,0.75015175,0.72289413,0.7480425,0.76236236,0.740913,0.7486145,0.7739766,0.73381895,0.82078713,0.77487326,0.7573089,0.7772351,0.79649466,0.78382075,0.7655198,0.8077092,0.7962367,0.80005676,0.76877135,0.7842298,0.82779723,0.7930161,0.7573657,0.7859055,0.772638,0.76199675,0.8084752,0.7744455,0.7928531,0.791251,0.7887332,0.7972581,0.7794191,0.7551939,0.7900492,0.74029595,0.7934814,0.76863486,0.7751061,0.77584153,0.7210262,0.78902906,0.7623325,0.75043094,0.80084914,0.67741483,0.7267644,0.6991829,0.7534888,0.7981038,0.79005814,0.76428515,0.72182375,0.7514258,0.76409835,0.779126,0.7567477,0.7847803,0.7760852,0.7461859,0.7757553,0.77048177,0.72684926,0.7762349,0.8039157,0.72665507,0.7777409,0.7185164,0.807887,0.82066506,0.7712347,0.82902217,0.80124515
0.76197314,0.70729625,0.72791255,0.7359429,0.7105772,0.7166348,0.74933094,0.67810583,0.70624083,0.68581665,0.7022,0.74820954,0.7340696,0.73424923,0.71644825,0.7162649,0.7269922,0.70258766,0.73340994,0.7257274,0.6934908,0.70689565,0.68267053,0.7123783,0.77848583,0.7283667,0.72087234,0.65970606,0.7605739,0.72036874,0.6823203,0.72187,0.73662,0.6973062,0.74034,0.7142334,0.74604875,0.7356984,0.7186038,0.6775412,0.7228403,0.6796704,0.71248096,0.69561225,0.69816035,0.71692294,0.74007446,0.6701461,0.6869675,0.7296093,0.70735765,0.6813341,0.73193395,0.70677394,0.7290979,0.7059709,0.7463817,0.6621054,0.7218308,0.6802006,0.6945061,0.7064794,0.7436002,0.67419845,0.694441,0.7059924,0.71596843,0.69818884,0.6929874,0.6971305,0.70403516,0.65545624,0.72888124,0.66076976,0.7008372,0.7493545,0.6883077,0.716996,0.7126844,0.71379834,0.7308945,0.7008543,0.73058885,0.72741675,0.6983159,0.7197889,0.7108095,0.6939344,0.6871568,0.7121565,0.7538114,0.67944485,0.68422,0.68671846,0.7663923,0.7097623,0.69678026,0.6996703,0.71244013,0.7325416,0.71118367
0.76429397,0.79564005,0.8112436,0.7792799,0.777338,0.7890692,0.81390506,0.82097596,0.8165104,0.78854066,0.7706848,0.8119295,0.7766275,0.7316595,0.7575046,0.8068575,0.82518834,0.8306109,0.7519234,0.77683264,0.86259437,0.7770569,0.85678923,0.84545356,0.7664533,0.8245782,0.80052346,0.77888453,0.8052375,0.81493413,0.83726573,0.84540766,0.8332606,0.7959134,0.83274835,0.7665666,0.8037722,0.82448745,0.79466814,0.8269624,0.8460686,0.7735736,0.77939403,0.7607053,0.775664,0.8073508,0.8516479,0.8133966,0.76910657,0.7883204,0.7260305,0.7914846,0.835576,0.77764344,0.81297356,0.7332018,0.78574413,0.84095746,0.826809,0.7756466,0.78207475,0.81273085,0.8182567,0.7882325,0.8064447,0.8373365,0.8218643,0.820043,0.80062777,0.8275886,0.808767,0.74877465,0.7903095,0.8509046,0.7747764,0.8792741,0.79466146,0.80680543,0.74195486,0.7072711,0.7924265,0.7926884,0.7898318,0.7980939,0.76098365,0.8327161,0.73324186,0.7932798,0.83242923,0.79006964,0.79576147,0.7743284,0.7973041,0.7798309,0.7212149,0.81782967,0.8496502,0.7780319,0.8303385,0.76945704,0.7725196
0.76465845,0.79256594,0.84798115,0.8198165,0.78150374,0.7967142,0.7312595,0.8350549,0.8240849,0.8029054,0.81549346,0.7876479,0.81922024,0.81103593,0.81484264,0.82965046,0.8141505,0.77369523,0.7973396,0.79831,0.7709617,0.83456224,0.84937066,0.8375054,0.7862207,0.768357,0.87028354,0.8106944,0.7584339,0.8212128,0.7859908,0.81645954,0.8939577,0.79502004,0.78058153,0.7913989,0.8139294,0.8130786,0.82457936,0.78490764,0.83838224,0.8229159,0.8195372,0.7633503,0.82533735,0.7889443,0.8663514,0.8343421,0.79210055,0.8257114,0.70169914,0.8038251,0.78453785,0.77530515,0.84367037,0.80017906,0.83312243,0.80543697,0.8325239,0.874047,0.8559608,0.83445054,0.86390084,0.7339023,0.827681,0.8401038,0.8216816,0.86182684,0.8219306,0.8086423,0.77877474,0.85358506,0.8300777,0.8143762,0.85795146,0.8190047,0.89607173,0.83352053,0.8449406,0.82665414,0.83299845,0.79456943,0.7952127,0.8281923,0.72957677,0.8371137,0.807681,0.78233963,0.7694566,0.87150884,0.83073854,0.8623361,0.858079,0.7967054,0.8363138,0.82076246,0.8692995,0.75586164,0.7828825,0.77761763,0.7971547
0.76875323,0.7581455,0.79225165,0.7699348,0.7744244,0.72758913,0.85302794,0.81063974,0.79791206,0.83447534,0.7918568,0.7736456,0.80971515,0.732153,0.7584278,0.73937887,0.7470873,0.79425293,0.7906112,0.7434389,0.8085901,0.770001,0.73734826,0.81397295,0.7987166,0.8096594,0.77611625,0.78245836,0.7197348,0.7780729,0.79452354,0.78143555,0.8006577,0.7866625,0.8043663,0.81289536,0.8620611,0.77613115,0.7880912,0.8080271,0.7387864,0.7572276,0.73524344,0.7597336,0.7663,0.76086265,0.7574573,0.80534667,0.7515555,0.77282685,0.8061608,0.75095594,0.8322614,0.80510086,0.8514162,0.7488682,0.7341679,0.7784625,0.8293652,0.74357814,0.79933804,0.7671928,0.7733226,0.77746177,0.81731045,0.75816685,0.73199195,0.87188035,0.799096,0.8260891,0.8183072,0.7757302,0.7831538,0.7950389,0.7356216,0.8276544,0.8008083,0.7476917,0.82615894,0.75584924,0.76017827,0.7952171,0.7838846,0.82772666,0.7382705,0.77004665,0.7303723,0.7939909,0.76144487,0.78339535,0.74299306,0.7747798,0.79840857,0.7658085,0.7456937,0.8293106,0.7981208,0.86519253,0.7747209,0.7929987,0.76839894
0.77414685,0.82188636,0.80664504,0.80004954,0.8100373,0.80454314,0.7964503,0.8019739,0.79962665,0.80370474,0.8659204,0.76992875,0.80574113,0.8155995,0.8497768,0.7741079,0.781392,0.7797435,0.7716698,0.8414746,0.85624415,0.79002005,0.7568733,0.76270753,0.73707306,0.79304695,0.76304114,0.7558015,0.76503724,0.83105314,0.8170404,0.7902057,0.80649453,0.8121944,0.70780426,0.78338164,0.7562349,0.8143627,0.8202953,0.72547275,0.805585,0.7693298,0.73888797,0.7510845,0.7770766,0.732809,0.78970355,0.8474111,0.84065014,0.8240904,0.78855723,0.7287607,0.76432955,0.86527103,0.8053728,0.79932004,0.75079805,0.7763916,0.8623149,0.7367409,0.80262077,0.8215979,0.79772204,0.83154106,0.81546897,0.8049457,0.7496572,0.81212217,0.778128,0.7661404,0.79065245,0.7783444,0.83352643,0.8326388,0.84928614,0.81021327,0.83045727,0.79321516,0.7875199,0.7712779,0.8608458,0.8104569,0.7817566,0.7899534,0.8077943,0.7989318,0.7243735,0.81825477,0.82015306,0.8153144,0.7945793,0.7813813,0.74810153,0.7589384,0.79225427,0.7947336,0.787382,0.74153286,0.8126078,0.7724908,0.75538963
0.78148377,0.8064936,0.85093397,0.77516264,0.8407729,0.7890794,0.82042783,0.890361,0.8357006,0.83401316,0.8113743,0.8583771,0.80366886,0.84249187,0.85221654,0.8356152,0.8178323,0.80488557,0.87425655,0.8513765,0.86579055,0.85870594,0.8181248,0.8044748,0.86168975,0.8618365,0.8347784,0.8510297,0.82037336,0.84887826,0.84084827,0.8346717,0.8619632,0.8201632,0.7928363,0.8315422,0.8131263,0.88135356,0.81774324,0.78375477,0.81538266,0.82590044,0.85921377,0.83472645,0.8670632,0.8639057,0.8155715,0.79844314,0.80396897,0.80973095,0.8116932,0.7777379,0.84859705,0.82767063,0.8329399,0.7995387,0.83834445,0.83049124,0.81561,0.82812136,0.76044935,0.7525588,0.8131023,0.74759394,0.85218805,0.84076893,0.8596608,0.85249186,0.802331,0.8204882,0.78159785,0.7936924,0.86250514,0.8102261,0.84864026,0.8583437,0.8085614,0.7780513,0.84431833,0.8239117,0.7647417,0.83225256,0.81013376,0.85882586,0.8594061,0.8275161,0.84029144,0.78997,0.7792535,0.85216177,0.8130384,0.7602983,0.8808385,0.81940234,0.7660355,0.8698965,0.8165341,0.87204975,0.82757384,0.8385095,0.8388496
0.7881802,0.8628342,0.8199756,0.82808787,0.8568637,0.8381012,0.83884215,0.84651697,0.8303551,0.7836256,0.8888791,0.79402286,0.85135907,0.804668,0.7935075,0.7940082,0.81953937,0.8219648,0.8045374,0.8064144,0.8676994,0.8424979,0.85027003,0.8619256,0.8270664,0.8173295,0.8005137,0.8072598,0.78522235,0.85775834,0.7770242,0.80113834,0.7851562,0.8818222,0.8642712,0.87613255,0.84305125,0.8895119,0.80576473,0.80886567,0.86577266,0.89706236,0.8600504,0.86433643,0.8473088,0.84751457,0.8917939,0.8944747,0.83674854,0.79817927,0.8422883,0.8403502,0.79767174,0.78692293,0.818772,0.83084244,0.8893308,0.82575595,0.86931664,0.7915196,0.8395688,0.78479594,0.8280657,0.8086223,0.8159904,0.8286572,0.8462728,0.83941394,0.79415196,0.8482563,0.833365,0.8154592,0.77339786,0.8166119,0.78326666,0.84940857,0.82223576,0.84616834,0.8261314,0.8370623,0.85779303,0.8192353,0.8677301,0.823927,0.84718186,0.80979174,0.7636558,0.80625045,0.8396545,0.8346393,0.85328156,0.79406196,0.79718745,0.84323245,0.8797007,0.79106534,0.8099177,0.8166658,0.81786627,0.825839,0.7979701
0.7908207,0.48711717,0.38462245,0.5706358,0.526188,0.6262298,0.49062356,0.49078757,0.4136492,0.41759872,0.4331496,0.5465203,0.635944,0.5060781,0.48726007,0.5027699,0.57910234,0.57793707,0.49334002,0.607269,0.57899255,0.561596,0.48488492,0.5797061,0.60900456,0.5971907,0.482813,0.43834528,0.6226139,0.402198,0.5957681,0.4152054,0.40889877,0.44078863,0.44809127,0.50550896,0.49036488,0.6747946,0.73685956,0.5039892,0.63392216,0.47210702,0.4112171,0.48176542,0.44555473,0.53977346,0.6206264,0.43149447,0.5918237,0.4138631,0.48592585,0.6181222,0.72862643,0.49796927,0.63573056,0.44644356,0.48143774,0.5296824,0.49455765,0.5458916,0.63738316,0.4329304,0.6405444,0.61225075,0.6044823,0.41548836,0.5170571,0.43477288,0.5711119,0.61130774,0.6815979,0.43963057,0.46134037,0.4747573,0.41564745,0.40264845,0.43030202,0.5867695,0.5854405,0.44087368,0.4724632,0.44221276,0.6070936,0.560684,0.4917035,0.37321407,0.4495602,0.44301903,0.58618814,0.598589,0.50364697,0.61842215,0.46628508,0.5008283,0.4936275,0.5678467,0.6015416,0.4279524,0.59673756,0.7236735,0.7471698
0.79732186,0.8096605,0.70641524,0.7672495,0.7515369,0.79216695,0.7591267,0.78937346,0.72994703,0.762765,0.7033856,0.71861213,0.7782761,0.7590741,0.7862001,0.76634216,0.71290666,0.7881527,0.72485876,0.72438323,0.718848,0.7157381,0.7480388,0.7568036,0.74829775,0.75934243,0.77690774,0.76096314,0.690496,0.8003454,0.7371239,0.77973413,0.787241,0.74768597,0.75583607,0.7157273,0.7630648,0.72284716,0.7594443,0.72847694,0.7525194,0.76527655,0.78335017,0.71099275,0.70770806,0.7788257,0.73186564,0.7833653,0.7185558,0.76644164,0.7460149,0.6934336,0.6833344,0.6823546,0.77656776,0.7983309,0.74605846,0.72204787,0.7112847,0.7790853,0.7766618,0.7979421,0.7595175,0.7124695,0.71548086,0.7329493,0.7298835,0.7510168,0.7860554,0.7670364,0.73561317,0.7861983,0.72918576,0.7746576,0.7274544,0.78840566,0.7428971,0.77903825,0.7784915,0.7752867,0.7425291,0.74494463,0.7133241,0.7890114,0.82486373,0.75744754,0.71309596,0.7572005,0.6964957,0.7638262,0.7934256,0.73771936,0.7900836,0.7658497,0.712739,0.81645703,0.7627581,0.735722,0.7443267,0.75775665,0.77699393
0.80384004,0.71145636,0.72554314,0.77886635,0.7736238,0.69147587,0.69060206,0.7556246,0.73160267,0.78510135,0.70418954,0.717815,0.76657206,0.71635014,0.69505405,0.7724804,0.75249624,0.7294195,0.79769766,0.67447466,0.6636453,0.7015724,0.8059798,0.7037013,0.74226743,0.6612765,0.7406251,0.7450994,0.80619586,0.66338664,0.7720847,0.711313,0.7887071,0.762619,0.6772806,0.69778484,0.7357004,0.6830215,0.7408498,0.759677,0.7474746,0.74634534,0.79293656,0.69683206,0.7694115,0.7740033,0.829306,0.73149353,0.73573965,0.7597702,0.72839797,0.78354526,0.7112995,0.7110428,0.72860384,0.7981451,0.69189113,0.71622413,0.6924959,0.71088594,0.6914422,0.79571486,0.72683316,0.6967729,0.7800663,0.70411175,0.7307047,0.72861874,0.72752607,0.74963456,0.69024366,0.7945073,0.77020025,0.77376264,0.75835025,0.7130181,0.77935845,0.75881106,0.7892576,0.75696343,0.7198793,0.6899803,0.7189575,0.7514559,0.75529015,0.7792061,0.732521,0.71366376,0.73069274,0.7335947,0.7768256,0.6642557,0.7170238,0.7443314,0.7093989,0.74364716,0.81725997,0.7139246,0.7334631,0.76101017,0.76364416
0.81785214,0.7849933,0.6962809,0.78964216,0.8432938,0.76316947,0.78317857,0.792117,0.7345889,0.7611589,0.7589749,0.72707134,0.73397416,0.78518003,0.7833808,0.7681374,0.7348515,0.76391673,0.72942966,0.700244,0.78398526,0.77790457,0.75189924,0.7751197,0.76754344,0.7742631,0.742584,0.7688729,0.7819689,0.79163796,0.78890234,0.7603262,0.7758285,0.7549111,0.79327136,0.7084684,0.73565596,0.7117118,0.7781891,0.72365147,0.7893296,0.78715366,0.75490636,0.79613537,0.7437387,0.80572623,0.82423884,0.70276326,0.814935,0.76067287,0.78244615,0.75501686,0.7545063,0.7546762,0.7397801,0.8148342,0.7370905,0.7457436,0.7841882,0.7344573,0.7832654,0.7087839,0.7693592,0.7424688,0.85017425,0.76519436,0.7401286,0.7636069,0.7584049,0.8563048,0.73137915,0.7463859,0.7745601,0.76762176,0.81007737,0.7020785,0.74963135,0.737996,0.7947065,0.79607373,0.78499514,0.80723614,0.7249909,0.784035,0.77145904,0.7615388,0.76721585,0.77036947,0.8334307,0.7984219,0.7557011,0.7791309,0.77592623,0.73735875,0.7895592,0.73131317,0.807265,0.7422399,0.7547909,0.72871107,0.74981105
0.8276375,0.7616244,0.7685092,0.7776506,0.7790542,0.78121936,0.75332814,0.7430269,0.72737443,0.7783305,0.76736367,0.75249726,0.73316026,0.7374341,0.77574134,0.7892137,0.7588986,0.7248005,0.8186348,0.73929304,0.758261,0.7685505,0.75746423,0.83030474,0.7174776,0.75508887,0.76505804,0.8156398,0.75726265,0.75322723,0.73694414,0.7571604,0.8075562,0.7947313,0.74208605,0.738754,0.8036922,0.76788735,0.7419662,0.7839548,0.732977,0.7394183,0.6959638,0.7581195,0.764119,0.7636899,0.74783474,0.7368625,0.7987314,0.79667515,0.7681075,0.8152819,0.7634814,0.75578064,0.75182647,0.7864612,0.7349394,0.75066644,0.75829315,0.7340928,0.7977431,0.79968446,0.7673654,0.739158,0.80785304,0.7985495,0.67880195,0.78493696,0.7568495,0.75615996,0.7754827,0.7893743,0.8043949,0.7812323,0.7706099,0.7642399,0.757699,0.7510118,0.73685735,0.75179297,0.7739111,0.7835645,0.7755818,0.7926385,0.738393,0.77717704,0.76899076,0.7467662,0.7190739,0.7255762,0.75111586,0.7659063,0.77721196,0.80806667,0.7788628,0.73176634,0.7936868,0.78626937,0.81420296,0.76367056,0.73493236
0.83709854,0.8925587,0.88951856,0.8571602,0.9079276,0.9438637,0.8969669,0.8658139,0.8553235,0.8858964,0.8610812,0.9626359,0.94310224,0.8766569,0.8928406,0.89288867,0.85006374,0.85804003,0.8644509,0.94222474,0.88930494,0.96678334,0.8832062,0.9177909,0.84657747,0.916621,0.89185345,0.9077141,0.9253425,0.87433285,0.8838022,0.8621337,0.89476407,0.8813653,0.89047223,0.8974133,0.9068894,0.9006825,0.94883734,0.82378006,0.90334177,0.9405134,0.89950734,0.8592538,0.88656133,0.87526697,0.8546354,0.9044615,0.92551106,0.9009778,0.8924349,0.89806443,0.898604,0.8523198,0.8638268,0.8621102,0.94740736,0.87907165,0.9411976,0.9193695,0.9489643,0.82782584,0.9084005,0.8950886,0.8970542,0.86347795,0.9267332,0.9401231,0.9126441,0.90116906,0.9161094,0.953397,0.9484628,0.8958687,0.94666,0.8562643,0.9575222,0.87734467,0.8879406,0.92046463,0.9318878,0.9172335,0.94459766,0.8960652,0.95291096,0.8840469,0.87269515,0.89420766,0.8839372,0.96055675,1.0012437,0.90180075,0.8492199,0.9024343,0.9260977,0.9218757,0.8777965,0.9168034,0.90472865,0.8601844,0.92619246
0.84241736,0.82205683,0.83846337,0.83740664,0.82391995,0.81988335,0.8052133,0.83272994,0.81265336,0.8095753,0.7776257,0.8864628,0.7541576,0.80915946,0.80124813,0.8782528,0.77914494,0.8411147,0.7864067,0.86355597,0.8435104,0.8716872,0.80818516,0.868681,0.83628076,0.88033843,0.77592635,0.82249075,0.9031692,0.82579774,0.8355629,0.82759744,0.82014614,0.8425498,0.8158854,0.76643306,0.7754656,0.7525235,0.80710095,0.7378866,0.8555492,0.8859306,0.8018761,0.8529127,0.7548285,0.84848624,0.79911846,0.85241413,0.8435717,0.86582273,0.8686523,0.8061219,0.8643105,0.85498303,0.78455776,0.81427747,0.84702307,0.8103923,0.85194045,0.85661227,0.87857884,0.81360316,0.8342003,0.8366602,0.8587943,0.8488501,0.84576744,0.79789597,0.81490535,0.8269018,0.8031586,0.8668222,0.8493493,0.8142734,0.855636,0.8211811,0.8331391,0.84764475,0.8131697,0.81234044,0.85091805,0.84962195,0.85335356,0.8888784,0.8334771,0.9097576,0.83249754,0.7937432,0.8352341,0.83559537,0.85760313,0.7655321,0.8424849,0.841073,0.83329934,0.8766406,0.8087254,0.8397899,0.88403213,0.80410427,0.80064255
0.8558546,0.74358195,0.66545075,0.7458529,0.70625085,0.7228956,0.74687564,0.7036217,0.6702338,0.7936767,0.7302504,0.76501274,0.74926674,0.82380515,0.72442675,0.74896663,0.74423456,0.76337117,0.70810217,0.74326867,0.7381448,0.741664,0.76999766,0.78515154,0.73954743,0.78180075,0.7547173,0.75842005,0.7005465,0.7172969,0.7961977,0.8093298,0.7487271,0.8685809,0.7234257,0.75798696,0.7362501,0.81303436,0.85053587,0.7631041,0.7125912,0.74835736,0.74617517,0.7048574,0.7380263,0.7579749,0.73085684,0.8115564,0.7236165,0.77277595,0.6809734,0.7437348,0.75550765,0.7313321,0.82671577,0.7743829,0.75715727,0.7920522,0.7444181,0.74486715,0.72891253,0.77664965,0.76352066,0.7424189,0.8183326,0.79459816,0.780924,0.7727515,0.7582578,0.76011086,0.7655507,0.74224186,0.76556057,0.7440031,0.75019395,0.70589846,0.7130688,0.7392567,0.74673665,0.8054301,0.7396489,0.7916309,0.80180943,0.8391044,0.75226825,0.7653877,0.7328866,0.74570113,0.793346,0.7438243,0.7407488,0.7548294,0.7570301,0.7650222,0.80572784,0.68268615,0.82075936,0.80971044,0.7398163,0.752652,0.7735927
0.87001526,0.74008566,0.7608405,0.76909435,0.8183144,0.82987934,0.7807974,0.8459477,0.79069906,0.7552764,0.8163814,0.79561156,0.8534301,0.8116993,0.77513844,0.79896224,0.85664386,0.83955914,0.83614784,0.81555355,0.80002904,0.78045744,0.81992495,0.7693408,0.82471925,0.7731629,0.8311816,0.78387165,0.8287242,0.8455674,0.8295322,0.83173007,0.8514194,0.82428735,0.8296235,0.83429986,0.8181141,0.7952617,0.82578284,0.8076659,0.78854156,0.82590896,0.7789225,0.8180696,0.8204296,0.8510995,0.8476326,0.79576635,0.8117688,0.80133784,0.8532442,0.78246593,0.79767156,0.7479511,0.8806234,0.8480472,0.823325,0.79949874,0.85382307,0.8454475,0.77361006,0.83810973,0.7594171,0.82792693,0.79431546,0.8523453,0.8075126,0.81982344,0.7936394,0.8038049,0.80485433,0.7557889,0.79795635,0.82576036,0.8154293,0.8454481,0.7762211,0.8719464,0.76350015,0.8376099,0.86408746,0.81744885,0.80075526,0.7909166,0.82506496,0.8082039,0.7440521,0.81280655,0.68767565,0.8058339,0.7694699,0.81006557,0.83977383,0.8329086,0.77745944,0.82159305,0.7687306,0.7872634,0.8143415,0.75629145,0.83300567
0.8774146,0.8799244,0.8617978,0.85003096,0.8570748,0.8642954,0.8091815,0.80641586,0.8074307,0.8365091,0.78769153,0.8418189,0.7902984,0.7809096,0.8368915,0.81039244,0.77849466,0.81813985,0.87919337,0.7948961,0.85570526,0.81973934,0.8785029,0.84799564,0.89402133,0.8356303,0.83409,0.81813085,0.8662679,0.81611043,0.8554531,0.8485244,0.89092714,0.8593771,0.8072354,0.8332676,0.9026604,0.89009565,0.865148,0.8632874,0.86575264,0.90777546,0.8441329,0.8506147,0.8445057,0.8252863,0.8574967,0.868832,0.88350135,0.8171407,0.8461904,0.79346263,0.90928143,0.81524795,0.8073373,0.8736255,0.8171522,0.78408104,0.8427755,0.81816745,0.82198447,0.8587671,0.8830271,0.83060116,0.8408087,0.8640731,0.8088565,0.7995053,0.847212,0.77906567,0.84935397,0.8376033,0.8189301,0.82854384,0.843201,0.8472876,0.76969355,0.8198765,0.8611445,0.84044003,0.743419,0.8281297,0.7875032,0.80184287,0.82473606,0.85166925,0.8491116,0.8386164,0.89483863,0.82948893,0.8483359,0.8614489,0.83700424,0.8941987,0.8536459,0.80307955,0.8858466,0.82282275,0.7981368,0.8640492,0.79299533
0.88825065,0.8132786,0.8368556,0.81448025,0.781618,0.88728786,0.7911292,0.8131967,0.9085857,0.85222834,0.84653133,0.8845242,0.8785359,0.80647856,0.85327065,0.8266858,0.79695755,0.8843424,0.8614114,0.76547235,0.81670886,0.84381497,0.83577514,0.819007,0.85602933,0.90067405,0.91222537,0.849141,0.90597767,0.8049515,0.84615105,0.79409915,0.85716224,0.7969171,0.8371032,0.78874296,0.8372057,0.9140074,0.8514747,0.8466558,0.8110581,0.8488239,0.79414475,0.81068534,0.80846566,0.8866371,0.86991364,0.90211004,0.84715897,0.82657075,0.8287294,0.83573383,0.83662844,0.8630422,0.8396436,0.8479897,0.8215255,0.84159166,0.836724,0.8442243,0.8410843,0.7956917,0.83189946,0.8131246,0.89815205,0.90166277,0.85723895,0.8456886,0.8420625,0.88574916,0.8496957,0.8256213,0.85806495,0.8464071,0.84373516,0.87578064,0.8020852,0.849418,0.8566517,0.8272878,0.80663675,0.82921785,0.89051455,0.87154216,0.815007,0.76602906,0.8528747,0.83553106,0.80523974,0.85341305,0.8566266,0.8746474,0.8313851,0.84546643,0.8320535,0.8092949,0.83795375,0.83622134,0.88127077,0.86495364,0.80354184
0.9182193,0.6962432,0.7205644,0.7682363,0.75846976,0.72957724,0.746326,0.75586826,0.75221175,0.7830884,0.707614,0.7890717,0.7257324,0.7039708,0.71974635,0.715269,0.75353193,0.7502211,0.70365644,0.72656566,0.6906249,0.6621022,0.70485175,0.7002936,0.70275337,0.715272,0.7076145,0.7123373,0.7477817,0.7424095,0.7226281,0.73920256,0.7088718,0.73648375,0.7515162,0.6832371,0.72611696,0.7546905,0.7407463,0.7121808,0.6799053,0.7905411,0.7193641,0.7379368,0.75536877,0.6967854,0.751822,0.73069304,0.6943533,0.7475626,0.75441056,0.7626643,0.7344075,0.7343839,0.72249633,0.780443,0.7612887,0.7198763,0.7761944,0.73853856,0.73892754,0.7148418,0.72823745,0.74608916,0.727781,0.73359114,0.75618166,0.7434895,0.8155748,0.7118973,0.71219295,0.7717238,0.6642759,0.7643804,0.7226519,0.70154995,0.7075939,0.73596215,0.76155347,0.7431423,0.74381155,0.74455005,0.73625493,0.71953934,0.71623343,0.7691265,0.72669286,0.6521653,0.74206644,0.7297248,0.66913086,0.6919847,0.7177312,0.74759763,0.72500193,0.72745407,0.71468025,0.72559714,0.75244755,0.7418855,0.7521131
0.9258585,0.8947752,1.0299716,0.96136475,0.9610304,0.9921464,0.95719844,1.0555564,0.9456395,0.9824067,0.9569456,1.0117327,0.9956537,0.9899711,0.94512206,0.963247,0.96370655,0.9550958,0.917968,0.96652246,0.9396877,0.9165531,0.9096639,0.98312217,0.98065436,1.0232772,0.9655746,0.9129016,0.97630364,0.9595386,0.9951168,1.050195,0.94154954,1.038461,0.95788604,0.9591549,0.98043096,0.91601175,0.98264813,0.9958331,0.9357005,0.92823356,0.97005177,0.9800107,0.95971555,0.9747604,0.94774157,0.96826726,0.9673778,0.9928395,0.93034023,0.9129301,0.9597418,0.9357808,1.0004218,0.90967023,0.88600737,0.9866031,0.9684224,0.9841003,0.9282259,0.97214466,0.95565385,0.95019406,1.0636929,0.93719697,0.96354914,0.93571335,0.94591975,0.9505406,0.9333486,0.9310759,0.9875132,0.95880425,1.0056114,0.9681741,0.950373,0.918392,0.9341226,0.9111412,0.96673495,0.99003035,0.9489774,0.95362645,0.95005846,0.9257489,0.99553823,0.97495264,0.97487605,0.9702898,0.99596137,0.9775368,0.91330594,0.9272274,0.924555,0.9254124,0.94025373,0.971186,0.9448892,0.89378786,0.9574805
0.9290047,0.80674607,0.78716904,0.8082596,0.8250355,0.77505213,0.8076335,0.79538727,0.770318,0.7390967,0.73699194,0.7845265,0.7392587,0.74903697,0.75732285,0.7895749,0.76977545,0.7211773,0.7816081,0.7542015,0.81804436,0.808969,0.74588746,0.7393083,0.7656569,0.7871837,0.79178435,0.7939684,0.75476736,0.75944704,0.80470175,0.76407725,0.80777186,0.7685488,0.8153284,0.7588252,0.7765804,0.7709047,0.8120013,0.85473406,0.75284404,0.69381493,0.75773513,0.8053319,0.7224688,0.8020366,0.715843,0.7316219,0.8526359,0.75955784,0.81180173,0.7766006,0.7413407,0.78007144,0.70172435,0.8086849,0.7943459,0.72151834,0.8308134,0.77150625,0.8670746,0.79820603,0.7607766,0.74355155,0.81806177,0.75111485,0.7413595,0.803178,0.7308448,0.7321103,0.7709768,0.7531957,0.76589423,0.74237496,0.76717013,0.79512244,0.80482,0.76774263,0.77304316,0.7500238,0.75133675,0.72746474,0.8495236,0.8423436,0.7504849,0.74421024,0.81982845,0.7930474,0.77963215,0.7218774,0.81308025,0.83147645,0.77156615,0.79244345,0.83512425,0.80324167,0.78843737,0.7846577,0.77132624,0.81024927,0.78393716
0.9486896,0.915406,0.91476077,0.9365868,0.89802,0.88349,0.9507596,0.9020292,0.8793031,0.83302754,0.96194816,0.93113166,0.93303865,0.9287045,0.9034386,0.90808266,0.9041831,0.9174308,0.8546953,0.87303543,0.85900766,0.89909166,0.96050423,0.9130466,0.95953065,0.89902335,0.92635983,0.9208988,0.8880407,0.86253893,0.8516977,0.90133446,0.87332916,0.9221027,0.8603954,0.89405435,0.8169535,0.85466176,0.878053,0.86604065,0.9237587,0.86638355,0.9053281,0.8716038,0.92897743,0.9106576,0.90001327,0.93871456,0.9519921,0.88526577,0.89313704,0.9235769,0.9077614,0.91244835,0.8647918,0.83829004,0.85902435,0.9412529,0.85673195,0.86008507,0.89610785,0.8966177,0.862002,0.8574632,0.9056854,0.8508937,0.8686546,0.8995667,0.8845315,0.93457013,0.9069353,0.8920788,0.8604782,0.8907836,0.8847837,0.8984927,0.9392092,0.9058407,0.94621795,0.8945149,0.8816239,0.8900779,0.9002089,0.94164664,0.86114275,0.8497859,0.90404624,0.94661087,0.8802786,0.8768805,0.88312024,0.9316613,0.86991507,0.92047447,0.8807465,0.9157111,0.87481314,0.8622232,0.9294088,0.87398416,0.8697374
0.9953968,0.89976805,0.85326487,0.86458117,0.83518195,0.8549651,0.837269,0.82449895,0.92404944,0.85381246,0.8859883,0.84040785,0.9069559,0.9126342,0.87507135,0.8564968,0.85394377,0.86001176,0.8810929,0.853743,0.83076775,0.8737269,0.8253604,0.89737433,0.8533625,0.8835409,0.9246921,0.8570825,0.86067885,0.8454643,0.87549454,0.8828873,0.9018145,0.91325134,0.89675003,0.9129343,0.8606487,0.88585436,0.85057455,0.86444056,0.8180125,0.8729651,0.9018742,0.87496245,0.908801,0.8557646,0.8332856,0.87948054,0.90823865,0.90216213,0.8480143,0.8733593,0.89568627,0.83647305,0.86913455,0.8974504,0.83861774,0.8810877,0.90807766,0.8402671,0.83979064,0.82384187,0.82327837,0.88186663,0.82927996,0.85664594,0.89334506,0.8017985,0.8216961,0.8521474,0.82162756,0.85686994,0.8143913,0.7745717,0.8855957,0.8914252,0.8685402,0.90616256,0.8207834,0.84171975,0.8896231,0.84779865,0.8316288,0.80996925,0.8483967,0.84343195,0.79763,0.8501193,0.91501874,0.8063363,0.81513447,0.85551876,0.81921357,0.8147702,0.85786146,0.8451269,0.88108295,0.85412055,0.90176314,0.8612837,0.8491034
