y,run_0,run_1,run_2,run_3,run_4,run_5,run_6,run_7,run_8,run_9,run_10,run_11,run_12,run_13,run_14,run_15,run_16,run_17,run_18,run_19,run_20,run_21,run_22,run_23,run_24,run_25,run_26,run_27,run_28,run_29,run_30,run_31,run_32,run_33,run_34,run_35,run_36,run_37,run_38,run_39,run_40,run_41,run_42,run_43,run_44,run_45,run_46,run_47,run_48,run_49,run_50,run_51,run_52,run_53,run_54,run_55,run_56,run_57,run_58,run_59,run_60,run_61,run_62,run_63,run_64,run_65,run_66,run_67,run_68,run_69,run_70,run_71,run_72,run_73,run_74,run_75,run_76,run_77,run_78,run_79,run_80,run_81,run_82,run_83,run_84,run_85,run_86,run_87,run_88,run_89,run_90,run_91,run_92,run_93,run_94,run_95,run_96,run_97,run_98,run_99
0.0,0.06394785,0.07175809,0.010725513,0.007334918,0.023438618,0.0610637,0.05869545,0.039157405,0.016606405,0.035709843,0.09697083,0.05939118,0.023627467,0.032285288,0.103754655,0.13086364,0.089118876,0.06064418,0.014848076,0.07683674,0.06768368,0.020816192,0.034808017,0.014482133,0.03810472,0.018823326,0.10414718,0.074948594,0.0051283836,0.10680647,0.038281903,0.06618229,0.009921297,0.024818137,0.07432479,0.038146064,0.032353133,0.042839482,0.053361908,0.019857295,0.07101538,0.032346442,0.051243722,0.028023034,0.11099382,0.009228185,0.03244658,0.013525084,0.03563457,0.030744523,0.06881436,0.011017665,0.04578182,0.10659535,0.017386906,0.014494851,0.04273255,0.062247083,0.0697574,0.13259497,0.0535098,0.122715086,0.050273083,0.052063987,0.029161707,0.030161895,0.091237105,0.027183786,0.05301398,0.030683532,0.010043085,0.034583777,0.017414182,0.04290714,0.006360717,0.10832166,0.04147777,0.047942176,0.0073905066,0.04380901,0.026872806,0.04601443,0.041883573,0.083474495,0.03734742,0.021495879,0.023383975,0.061804794,0.04891984,0.009383649,0.0042456836,0.060491517,0.016808033,0.058790676,0.025204882,0.04176472,0.013683647,0.060818464,0.005990915,0.008303992
0.056403916,0.08495272,0.0666738,0.11270234,0.11489223,0.077025615,0.10295777,0.047209263,0.04876603,0.09866143,0.14667124,0.067035675,0.06072191,0.10014021,0.10731854,0.1053502,0.085987285,0.13427792,0.06389089,0.096730396,0.0834464,0.06681713,0.079689264,0.14408109,0.09940162,0.021497011,0.05968748,0.07608637,0.11063816,0.08921006,0.1425004,0.15736833,0.06983255,0.09351787,0.104992375,0.004660666,0.1490337,0.09502956,0.07680498,0.068607785,0.052128933,0.108835965,0.039308667,0.052820817,0.06699099,0.115396574,0.11222795,0.10816545,0.11715712,0.10954314,0.09817323,0.07785058,0.08569053,0.088019416,0.049804684,0.0150709525,0.07363734,0.06496146,0.03650637,0.061247855,0.08633456,0.015036285,0.12568854,0.07424426,0.11188267,0.11265071,0.16768411,0.09736772,0.103662364,0.048485473,0.16751868,0.10316389,0.07814929,0.073819324,0.0435393,0.035740644,0.13260452,0.12812483,0.08609469,0.13524394,0.0996497,0.09175579,0.024837151,0.1375972,0.05913362,0.13134333,0.077356115,0.07880913,0.05952044,0.15656804,0.021685772,0.13620363,0.07934545,0.056347147,0.035189345,0.10450019,0.096467115,0.07070826,0.03851922,0.1244802,0.073205486
0.06114767,0.07352172,0.15143532,0.09523069,0.1067545,0.01803331,0.09265038,0.09020351,0.06614543,0.11833356,0.0121368915,0.067229085,0.09664095,0.037766054,0.13371183,0.102600545,0.05587119,0.07993218,0.002867721,0.11508669,0.124501646,0.07759543,0.13604751,0.005989425,0.14691022,0.030299857,0.060293764,0.09394756,0.082856625,0.06359406,0.0018447712,0.13142693,0.13357449,0.0756717,0.019348606,0.045726113,0.08015582,0.02770555,0.03739529,0.096962355,0.067481175,0.12638076,0.05956439,0.12317147,0.05175808,0.065866575,0.060479715,0.048514172,0.097832546,0.06748787,0.06969235,0.06368522,0.078731865,0.02191101,0.028831057,0.08177693,0.073399454,0.13636813,0.061079144,0.072992235,0.07931527,0.044101313,0.068698704,0.09591654,0.1217275,0.033747032,0.048031747,0.10363701,0.0908353,0.057769075,0.11841539,0.07764529,7.0005655e-05,0.12015818,0.0628055,0.046756268,0.12812734,0.08736475,0.110873,0.014409274,0.07621763,0.06364523,0.068798825,0.03742534,0.14014465,0.022025928,0.08862299,0.08158752,0.12433137,0.09620361,0.055072505,0.07405391,0.0999906,0.0835008,0.042565525,0.049942814,0.06117353,0.019730642,0.0585984,0.11599042,0.009132266
0.07833544,0.07113291,0.0829749,0.09434697,0.1032666,0.14472492,0.1643469,0.07011996,0.111015104,0.11765921,0.10672233,0.08849794,0.05976409,0.099752,0.15466264,0.1209205,0.1307025,0.12522276,0.12688272,0.0072138608,0.097874306,0.03427099,0.18087646,0.053066254,0.08227884,0.13302426,0.0866603,0.12504403,0.062373135,0.100766174,0.053370036,0.11278003,0.090627044,0.106099136,0.02716469,0.10541515,0.08633657,0.051504895,0.10929452,0.13390356,0.15175566,0.073189914,0.10738786,0.111141786,0.087922186,0.029223353,0.13928579,0.15957099,0.11629067,0.17698732,0.13472687,0.09989624,0.10577084,0.18915394,0.04506293,0.1388261,0.0719417,0.113637656,0.000845246,0.13842925,0.09201967,0.14642799,0.09305929,0.07750897,0.06550991,0.14059357,0.095785014,0.09718145,0.09705795,0.06801149,0.05682507,0.122740306,0.09487593,0.07397954,0.1480324,0.13044077,0.15559272,0.06724697,0.10025996,0.09006857,0.11644016,0.04496093,0.07617985,0.045073286,0.05729562,0.091671824,0.13939273,0.13709834,0.078662604,0.1084913,0.14431058,0.07844764,0.112828776,0.1144554,0.06025488,0.03496241,0.10354799,0.09449717,0.13443884,0.12235089,0.08704607
0.10432452,0.13187245,0.16275047,0.15850297,0.0940422,0.14857064,0.13884047,0.13003601,0.11749211,0.13970055,0.12926225,0.13461113,0.13154963,0.13778958,0.12798402,0.179467,0.22003743,0.112453714,0.12443842,0.14012916,0.18818316,0.1442164,0.17035997,0.15329519,0.12869535,0.20352478,0.17353106,0.17884618,0.15699229,0.13091223,0.15130155,0.19446054,0.13009138,0.1629233,0.17055434,0.17312619,0.21760003,0.09091295,0.14045995,0.1327274,0.20192105,0.116513625,0.12557134,0.15866806,0.13369799,0.14440402,0.15165547,0.17970201,0.09482278,0.17687027,0.15866193,0.1745857,0.19591558,0.21271348,0.10230653,0.14619747,0.14245847,0.1546055,0.15917352,0.08881253,0.15171394,0.14339253,0.13924704,0.18594721,0.1749974,0.124583974,0.13656704,0.14905475,0.11744343,0.14642559,0.14250275,0.16998534,0.15907897,0.14064126,0.13926902,0.10887952,0.13526656,0.1449517,0.18918215,0.17322074,0.16158715,0.14946164,0.14987734,0.1745137,0.17172869,0.13656658,0.13335446,0.12602368,0.11210706,0.104951754,0.16977635,0.16623282,0.16059873,0.07535089,0.16992864,0.16347404,0.18846641,0.12099665,0.073418096,0.124495596,0.13888335
0.11613122,0.16424319,0.11930406,0.118767045,0.13454996,0.1671991,0.16066375,0.062032312,0.10914783,0.20633131,0.08101639,0.10853364,0.13257854,0.17479041,0.14213976,0.16479082,0.11270841,0.07788115,0.14686191,0.092427835,0.15370117,0.19742545,0.12453863,0.10275977,0.12664863,0.1595449,0.116358705,0.19040981,0.15126693,0.118389115,0.17645174,0.10158415,0.09971349,0.16027644,0.082092285,0.14530715,0.08591391,0.11939983,0.16486281,0.11431791,0.107718736,0.16744423,0.1844032,0.14715393,0.14546177,0.1084418,0.131221,0.19187146,0.112403795,0.14619951,0.11100946,0.093865186,0.12881283,0.1317933,0.12809423,0.13004413,0.08061013,0.15229836,0.0843233,0.152253,0.11739542,0.11154656,0.10374011,0.13607612,0.1375623,0.09138061,0.1378456,0.104746416,0.1326223,0.1410847,0.17001888,0.18548721,0.119574204,0.15047061,0.12376243,0.1321505,0.102837175,0.12026699,0.17980841,0.17600392,0.16877918,0.11589719,0.13671663,0.141871,0.18621041,0.12765841,0.14392865,0.14086851,0.1467557,0.109287724,0.12239842,0.14189558,0.112756796,0.1631006,0.08840466,0.2023882,0.13422877,0.122564405,0.09918726,0.11671114,0.12646875
0.119501896,0.17059833,0.12870754,0.16486253,0.12492279,0.17796582,0.1887781,0.120228805,0.15238833,0.13620147,0.16215023,0.13103473,0.15505637,0.11047341,0.17525676,0.16460252,0.091881976,0.18607369,0.09825081,0.16069645,0.15408432,0.2024521,0.15629297,0.15493238,0.09983511,0.13393465,0.16694981,0.09619461,0.1619029,0.18710554,0.16118295,0.13757917,0.18063661,0.13707942,0.12447558,0.1480009,0.13516434,0.15411094,0.11728655,0.10692078,0.13687608,0.13924481,0.18640368,0.113451146,0.11698822,0.14560893,0.115810156,0.16196609,0.19263384,0.16290429,0.17034735,0.178036,0.16558409,0.15893023,0.15672398,0.15818158,0.17322679,0.16428658,0.1532921,0.12961449,0.16848415,0.16219056,0.123050824,0.13406515,0.15836106,0.13647681,0.093399286,0.1911006,0.17505339,0.14557728,0.18672815,0.13302265,0.13457157,0.15805252,0.14343011,0.1837852,0.1636181,0.16393292,0.12532263,0.10268283,0.14937192,0.13491471,0.1752413,0.14733343,0.13437423,0.119437985,0.13978155,0.12449169,0.20794168,0.13429964,0.13927095,0.12764853,0.19534981,0.13311687,0.16641334,0.19724628,0.13839357,0.16872033,0.12445985,0.12957498,0.16899708
0.13530777,0.1672408,0.16479546,0.15608308,0.19184288,0.14208125,0.11978784,0.13860896,0.17016035,0.16435215,0.1928649,0.15764533,0.11626989,0.15134452,0.15176515,0.16642237,0.15895598,0.17462914,0.15243357,0.17528297,0.18370052,0.1185655,0.14623247,0.12676817,0.10029438,0.13617931,0.15521498,0.1606652,0.1508119,0.18762739,0.1316169,0.12641318,0.15595898,0.14316824,0.14823106,0.15368013,0.14544757,0.07556652,0.17996593,0.174356,0.13961571,0.093902305,0.16284415,0.18146636,0.10145934,0.10390437,0.10728526,0.16314957,0.10961815,0.100969605,0.1463613,0.132725,0.13319497,0.15729327,0.1252576,0.09168102,0.18656337,0.17635567,0.10993344,0.15146956,0.13830903,0.14897689,0.102077514,0.17628534,0.17817625,0.15839529,0.1765045,0.14871015,0.13989499,0.16159081,0.13997146,0.11505653,0.18313281,0.19768739,0.19151567,0.101022646,0.069544435,0.16180313,0.13291523,0.10495313,0.13297367,0.14801908,0.16950426,0.15611154,0.14315483,0.1573692,0.106288105,0.10424033,0.14885587,0.14355133,0.15193564,0.16942465,0.16370413,0.17556027,0.09519006,0.15576111,0.17992905,0.1712052,0.14115442,0.11265403,0.12104369
0.13885829,0.13062191,0.15873279,0.1205735,0.106740095,0.10443879,0.13081895,0.15167947,0.18830289,0.11379142,0.12729736,0.06412587,0.08123365,0.11949487,0.1645579,0.12877141,0.14880586,0.1822893,0.19925897,0.10384594,0.17563227,0.13826737,0.13908893,0.16035494,0.11635134,0.104690105,0.19496419,0.1227064,0.10880639,0.18861039,0.093376,0.1578249,0.11252427,0.14370199,0.15980256,0.15261877,0.16204289,0.17834058,0.15030232,0.14637254,0.08199397,0.08309835,0.17727093,0.09354549,0.14463165,0.15533447,0.22006361,0.12984571,0.10482782,0.18157515,0.07273645,0.18477821,0.12949297,0.09504682,0.13323256,0.16599351,0.0712502,0.15227932,0.16915812,0.13515061,0.08938077,0.11375041,0.15052615,0.12785487,0.18748166,0.16145574,0.18173571,0.18406884,0.15890858,0.17941129,0.109891415,0.14534354,0.113725565,0.09664351,0.16980931,0.18294957,0.12112626,0.12317392,0.15592305,0.1317119,0.2000342,0.12101459,0.107150085,0.13431887,0.11224598,0.18224195,0.16335145,0.14148463,0.118498266,0.13640091,0.15854982,0.11189775,0.1698795,0.17508188,0.067618094,0.12654334,0.102625564,0.15569514,0.063718334,0.17950004,0.10024412
0.1399519,0.20694597,0.17597571,0.13253054,0.09215696,0.14179274,0.16148458,0.15039079,0.17347847,0.12183036,0.14860173,0.19593747,0.12507331,0.09633362,0.12628631,0.1810776,0.15290998,0.18729545,0.14775315,0.18197227,0.19843912,0.1521655,0.1522303,0.14978914,0.16239637,0.1603337,0.08757129,0.17397305,0.15663165,0.18402638,0.17733517,0.13302073,0.1657276,0.16765922,0.21743639,0.16617183,0.1862173,0.14689468,0.15679394,0.15424386,0.10945972,0.17214763,0.18004832,0.16007075,0.13252768,0.14358719,0.15591155,0.16952564,0.15115558,0.20622902,0.192512,0.16335312,0.19479781,0.19654392,0.1857791,0.21277702,0.15332481,0.1709212,0.15466869,0.1829012,0.11584269,0.17071795,0.18443587,0.21103501,0.14945798,0.1918079,0.15161091,0.13026688,0.13939631,0.17719337,0.13390642,0.17340454,0.18386534,0.10677776,0.11399529,0.14015701,0.12850156,0.15386498,0.16714266,0.12725702,0.09681883,0.14081155,0.16684997,0.15670682,0.15953365,0.1642316,0.20740676,0.15472983,0.1600888,0.16527422,0.13634431,0.16355072,0.1518003,0.15746251,0.15801373,0.13871145,0.16556579,0.13609837,0.16470414,0.079011574,0.18465854
0.14446723,0.12912029,0.1434091,0.16496757,0.16456789,0.1503864,0.122162014,0.14598422,0.14026836,0.12901205,0.17149937,0.17621781,0.1756158,0.10152541,0.19318627,0.15731116,0.17447957,0.11154863,0.14700115,0.14493322,0.21065561,0.13180718,0.18561742,0.17165835,0.14370057,0.14643404,0.14250585,0.1501745,0.1395585,0.1635784,0.15326315,0.14671561,0.16001415,0.15508574,0.16819692,0.15153545,0.15850079,0.15898953,0.11139371,0.11367005,0.18365787,0.15562926,0.11125537,0.120142356,0.18718237,0.14934509,0.15455142,0.15594774,0.19156462,0.17710334,0.15110585,0.1636132,0.21587402,0.13672633,0.074624896,0.20607093,0.16364513,0.20219973,0.15787178,0.15151006,0.14964211,0.120088995,0.16521665,0.2174607,0.12839712,0.19525456,0.2035746,0.2253498,0.12064657,0.18206532,0.19385542,0.14676645,0.17252772,0.19326976,0.14588928,0.14049062,0.1719282,0.104770795,0.22617032,0.18450052,0.20349064,0.12960301,0.19279128,0.1627993,0.12287185,0.1764642,0.15499867,0.13774794,0.11864734,0.14662184,0.20211267,0.21583802,0.10876964,0.18605685,0.1354036,0.1875352,0.10213075,0.15643036,0.17204075,0.13504232,0.16891755
0.15082055,0.14476353,0.15942249,0.18331048,0.13171469,0.14694631,0.1689576,0.16509466,0.16126108,0.17480648,0.10866796,0.18195179,0.14583692,0.11774753,0.17973182,0.18601647,0.13834344,0.16167875,0.07921735,0.15571624,0.13469526,0.1512651,0.1633243,0.14569172,0.17029801,0.2194918,0.15708119,0.10101907,0.13018148,0.18082263,0.10171947,0.13981673,0.16368154,0.15178633,0.15101658,0.19772977,0.16811338,0.15081146,0.08550833,0.12021524,0.11618852,0.16954279,0.17698318,0.18983743,0.15318918,0.10646276,0.14930674,0.15251791,0.14114526,0.17313978,0.17892209,0.17615677,0.14470336,0.18730427,0.1692656,0.13770984,0.16685508,0.11305062,0.11942189,0.16866596,0.19667475,0.13815847,0.18728644,0.1198896,0.1269188,0.14066425,0.2214163,0.15026012,0.16944803,0.16016714,0.17385471,0.10072898,0.14715092,0.15764031,0.17206523,0.13238892,0.20296612,0.20199841,0.14179686,0.18112937,0.16915858,0.087997854,0.17771307,0.19040795,0.18105812,0.110594526,0.14979756,0.10732782,0.11493081,0.14113563,0.16192965,0.13936354,0.090259425,0.09069462,0.17294313,0.16726567,0.12682277,0.1314729,0.13249099,0.1568799,0.16824335
0.1512833,0.10682332,0.15022512,0.068322755,0.1274588,0.16477503,0.17994589,0.1796789,0.11615047,0.22050995,0.1233071,0.063491166,0.119453475,0.13206327,0.17294139,0.14965808,0.15242717,0.16542152,0.18920961,0.1814091,0.13130872,0.12420668,0.15379292,0.081378125,0.18836284,0.1166504,0.14651862,0.1377438,0.14867252,0.12939966,0.12377145,0.07798579,0.1847899,0.07716993,0.14870875,0.16125175,0.16686594,0.19242814,0.13996002,0.14406455,0.13300252,0.17107928,0.17515908,0.11815647,0.11916871,0.14748076,0.085321054,0.100948915,0.15434057,0.13354541,0.07405417,0.15739024,0.13195114,0.1240363,0.13441586,0.16115071,0.1908067,0.10543373,0.08888504,0.13908738,0.18462534,0.18157327,0.12221276,0.09745252,0.17082274,0.11349314,0.1710803,0.15664312,0.14901334,0.13530841,0.14779861,0.112402335,0.12812203,0.18117091,0.14916262,0.1494745,0.127231,0.097037986,0.14170566,0.12871358,0.12116371,0.14547093,0.14857838,0.15168226,0.07598816,0.15611944,0.14274536,0.072166845,0.110666364,0.15384685,0.14171389,0.16546881,0.12725787,0.13961083,0.12907265,0.1491177,0.104872935,0.0905022,0.15637684,0.11728805,0.120736465
0.16380547,0.1727007,0.17654373,0.20067188,0.22013165,0.20708883,0.1975256,0.18168737,0.24987204,0.2049546,0.20182629,0.105531156,0.16687518,0.19599885,0.18038367,0.16773143,0.21737619,0.17308974,0.18413524,0.1481095,0.19611229,0.20627512,0.179362,0.23911786,0.14500211,0.21307215,0.18694535,0.18192159,0.12118116,0.19994918,0.16101772,0.12363128,0.21773998,0.2077277,0.140208,0.15756367,0.17318726,0.16011819,0.21032116,0.20180866,0.15509729,0.17909849,0.16872688,0.20360082,0.1803973,0.1631265,0.17858368,0.23129354,0.14699492,0.13351461,0.19466084,0.16997936,0.20087674,0.14209212,0.14775264,0.16972838,0.19442879,0.20971826,0.15562242,0.15174127,0.14123827,0.24041782,0.20292988,0.07723285,0.18778461,0.21812443,0.20444396,0.2243185,0.18639411,0.15179355,0.16672274,0.19066705,0.17769021,0.17283255,0.16464277,0.16160965,0.15401828,0.13549745,0.19364922,0.17123237,0.16007975,0.1842685,0.16620016,0.17965391,0.1996637,0.17063935,0.18373781,0.21744817,0.2197885,0.17204738,0.18429275,0.18986979,0.23295821,0.18454862,0.15467167,0.18132815,0.19654585,0.21236122,0.1561072,0.25048077,0.19068442
0.16653535,0.18429777,0.18981397,0.19109866,0.23014304,0.19286498,0.19642764,0.1863715,0.21899399,0.19915777,0.13362522,0.18596832,0.16948426,0.21408832,0.18993032,0.15837246,0.19303235,0.17791837,0.20873676,0.17685279,0.1889612,0.15545787,0.17893168,0.2353373,0.20137626,0.2371424,0.19658571,0.19813232,0.22749025,0.17828663,0.20126195,0.2165332,0.18404372,0.200901,0.16531502,0.2132992,0.19148658,0.19686404,0.21008177,0.21167833,0.18732741,0.17167433,0.17353329,0.20492074,0.198302,0.17290317,0.2437884,0.18902749,0.21681972,0.19571543,0.16442761,0.21405843,0.19297469,0.18196094,0.2558548,0.16972037,0.15942079,0.1608898,0.15148927,0.21096116,0.17479087,0.19448403,0.21759348,0.1847015,0.18923065,0.17151143,0.23886873,0.16654727,0.18566723,0.2020777,0.18836708,0.21905497,0.20024195,0.17037222,0.21944667,0.21655172,0.15902825,0.18807968,0.23070459,0.21533968,0.19522905,0.19287302,0.19331756,0.1528242,0.20688537,0.15054174,0.23765835,0.21861102,0.19777322,0.18874952,0.19756973,0.20098132,0.21117306,0.2315157,0.22272699,0.1985918,0.22782691,0.21176134,0.23669621,0.23016936,0.25453982
0.1723768,0.19513299,0.19948088,0.23531936,0.19760229,0.19905864,0.15357205,0.17954424,0.25423163,0.21403608,0.24181904,0.16327552,0.18323229,0.18395796,0.20023873,0.17734538,0.2058008,0.21658994,0.19834237,0.12580796,0.14056747,0.20146754,0.18634683,0.16267739,0.16458055,0.15933287,0.18857269,0.20089076,0.18657812,0.17550522,0.1630155,0.1910936,0.18608661,0.19867736,0.19218118,0.19669932,0.17964968,0.16278015,0.19675158,0.20087314,0.18015608,0.20382123,0.17077678,0.16115908,0.20784566,0.16205887,0.21365291,0.19159716,0.18139648,0.21832906,0.23062639,0.17413202,0.20398177,0.23580946,0.23332824,0.19941676,0.15351221,0.18466882,0.16456601,0.16304177,0.20852816,0.22806095,0.18535368,0.18863434,0.22960779,0.19106817,0.21933654,0.2118023,0.21206506,0.20629326,0.14117171,0.16835955,0.16742185,0.18771432,0.24410382,0.19679126,0.19248526,0.17708941,0.18016624,0.2215228,0.20527707,0.22502516,0.14210922,0.19160113,0.20657809,0.15055028,0.2585361,0.17660335,0.22503017,0.19639981,0.20351686,0.18032369,0.24043588,0.17523861,0.20253214,0.20124345,0.20526893,0.17215963,0.17497423,0.17590246,0.17342189
0.17697202,0.2059484,0.2013491,0.1887567,0.20356783,0.16718334,0.18904471,0.20357323,0.18727304,0.15329182,0.18884419,0.22431986,0.1522037,0.14784998,0.19643699,0.20060402,0.20222527,0.17274147,0.19221765,0.16980362,0.18938366,0.20433892,0.22403166,0.20722717,0.16755602,0.18751182,0.21050367,0.22377989,0.27587578,0.16919139,0.24022074,0.16519971,0.19507945,0.18080205,0.18139066,0.21503294,0.19203931,0.20991617,0.18697229,0.22688547,0.18777883,0.1996569,0.18401237,0.24065714,0.17070335,0.22650217,0.23516257,0.19281739,0.2015608,0.21162245,0.2154547,0.23308167,0.19994771,0.18832988,0.1812281,0.23439132,0.17537102,0.21430221,0.23181246,0.16586211,0.21068566,0.1857864,0.19578019,0.19939378,0.1896441,0.22477925,0.24837413,0.19907877,0.2491503,0.18104696,0.2030556,0.1702882,0.20364876,0.17706658,0.2317194,0.23689722,0.23622341,0.19831267,0.16907544,0.14550975,0.22203672,0.22943081,0.23534003,0.19336812,0.20706081,0.24410626,0.22493488,0.18995184,0.1889629,0.22075222,0.23633324,0.1497696,0.21490845,0.15057056,0.19621396,0.21736832,0.19470629,0.22548696,0.14134488,0.22189751,0.25579256
0.17857654,0.16249904,0.23399387,0.20188281,0.225477,0.17703044,0.19786794,0.16382775,0.1803629,0.17162034,0.20371266,0.19842777,0.22201021,0.18124717,0.19104703,0.17738001,0.18116474,0.17894928,0.23192735,0.19435132,0.20085871,0.22310537,0.18247047,0.18741794,0.21705925,0.19255304,0.20880717,0.20015506,0.22845466,0.16013104,0.15198892,0.20232864,0.20007381,0.16008793,0.2070961,0.16349736,0.19180468,0.24893169,0.22557715,0.17413807,0.19585302,0.18608731,0.1858265,0.21002418,0.19691415,0.23618504,0.15244779,0.1954107,0.22829041,0.16125374,0.18665728,0.2224302,0.2200856,0.21452016,0.183815,0.21559516,0.21151522,0.20302197,0.18560222,0.237083,0.17471775,0.21797751,0.20803156,0.20257786,0.21128756,0.16878232,0.19480239,0.18904832,0.24892627,0.20370206,0.15856704,0.19973454,0.23209147,0.24233676,0.1686432,0.21769033,0.21624124,0.1621773,0.24590759,0.17873026,0.12534109,0.1801528,0.2498273,0.16817161,0.22606938,0.14201787,0.17943217,0.14270562,0.20469978,0.25143832,0.21526971,0.16965827,0.23073871,0.25963575,0.20855965,0.24100557,0.19272757,0.18473783,0.1648434,0.18136145,0.22412921
0.18250932,0.18909127,0.1646823,0.21412617,0.2160322,0.17341334,0.20272289,0.18043406,0.20158245,0.16506541,0.16617878,0.14492273,0.21513522,0.2140958,0.19153902,0.16612473,0.1704646,0.1758022,0.22819276,0.22157927,0.22154364,0.20126899,0.20617224,0.19040382,0.21724395,0.17107797,0.16817099,0.16793212,0.23468807,0.2258927,0.19100885,0.1370236,0.19795349,0.2077384,0.14640939,0.16213709,0.1856706,0.17166737,0.17648415,0.19148538,0.23099203,0.2342053,0.20143273,0.19572765,0.17264703,0.2212814,0.21440685,0.2237345,0.18447775,0.17279084,0.19178535,0.21241248,0.1716358,0.19586955,0.18065858,0.2016451,0.21163517,0.17272834,0.20314759,0.1709722,0.22544019,0.18705307,0.17726988,0.19682293,0.1714328,0.19558953,0.20524783,0.14163819,0.23433934,0.18520918,0.25190172,0.1702218,0.2070016,0.16125336,0.22821599,0.18006814,0.18997514,0.17828496,0.22081466,0.1955772,0.2157415,0.22473778,0.1880151,0.15394363,0.17427528,0.20435119,0.16553679,0.18098384,0.19908541,0.13838366,0.17956188,0.21525063,0.27067322,0.2315634,0.16804221,0.22983137,0.18585838,0.19596393,0.26100072,0.2419007,0.20784944
0.18614459,0.16107461,0.2171307,0.21230285,0.19962192,0.19715652,0.19967179,0.1638633,0.24635531,0.15086809,0.2110984,0.16445945,0.16685444,0.18360384,0.18263182,0.23910181,0.1549921,0.1942827,0.19075437,0.20754445,0.20397118,0.19332998,0.18072541,0.20356649,0.19469485,0.19252461,0.17463544,0.20512144,0.20779835,0.22590822,0.17675576,0.20779118,0.18080297,0.21176799,0.21137688,0.198633,0.25671226,0.19704962,0.17877091,0.24929519,0.22088026,0.22009811,0.22338472,0.23330939,0.19751184,0.19349894,0.17718162,0.205293,0.23233339,0.15579183,0.18921903,0.20295589,0.18174154,0.19865772,0.17790058,0.15849109,0.17794353,0.18482515,0.18834247,0.2084505,0.22466938,0.20857471,0.22998448,0.20275885,0.19496031,0.19030643,0.15077393,0.19853242,0.21792087,0.22271632,0.18637979,0.17589836,0.19999973,0.21967864,0.23615788,0.19573586,0.20987687,0.22793691,0.18657029,0.18590444,0.2075184,0.21078053,0.22011974,0.22323953,0.22331554,0.25160462,0.18470316,0.17981659,0.17242414,0.2597491,0.21193793,0.20135748,0.1932499,0.211117,0.22705524,0.20520222,0.23530294,0.23873882,0.19338337,0.17546886,0.20451841
0.18973103,0.20144936,0.23639882,0.21757196,0.16920634,0.22599237,0.2147085,0.19391684,0.2545392,0.16758788,0.21469896,0.19556399,0.20185754,0.18915622,0.2522264,0.19120134,0.20175968,0.22033904,0.23257665,0.2447355,0.1595324,0.17762215,0.21199606,0.18478581,0.22166222,0.239169,0.19275227,0.20012027,0.21347225,0.22349536,0.22790651,0.2430158,0.19606268,0.25209588,0.22263457,0.1842256,0.17448083,0.19416955,0.22547685,0.17776977,0.21236956,0.19654155,0.24612752,0.19963725,0.18939121,0.17085403,0.2226515,0.20978333,0.23800777,0.19931948,0.17718847,0.2476196,0.23448549,0.22793002,0.20004022,0.22699472,0.21398579,0.17746748,0.22000559,0.22994798,0.19382118,0.1743842,0.24129866,0.253074,0.18300904,0.1737779,0.21924151,0.22523047,0.19779292,0.22195643,0.20247872,0.24772592,0.17358887,0.20938154,0.20611165,0.23378417,0.1940715,0.20132029,0.21588275,0.17691493,0.19597697,0.23120335,0.20469713,0.263788,0.21109425,0.22520709,0.20715325,0.19475092,0.24970399,0.2206656,0.2578374,0.17589034,0.24567172,0.20897926,0.2165564,0.21647497,0.2314051,0.22839801,0.2098325,0.20762017,0.18836957
0.19205973,0.24687205,0.26384956,0.23027222,0.2880023,0.2172322,0.21191871,0.18327236,0.2023158,0.26262313,0.20552333,0.22485274,0.215243,0.22120662,0.30106598,0.30509877,0.21983387,0.21232781,0.18337455,0.16344923,0.21769561,0.23934487,0.2409502,0.24435334,0.2267135,0.23137483,0.2263099,0.24769327,0.28091478,0.22420458,0.19159114,0.26655495,0.19908446,0.24323946,0.30812538,0.25437945,0.21653242,0.2203689,0.21715264,0.23520686,0.23340522,0.25702858,0.2714008,0.23798881,0.21878053,0.2638541,0.24468216,0.24513216,0.20034158,0.24479927,0.2388183,0.23583694,0.25374824,0.24156953,0.2431346,0.22907735,0.27582583,0.24952039,0.24122845,0.2137869,0.24673058,0.2506991,0.25081217,0.25885928,0.2417289,0.25770092,0.22713779,0.20170955,0.24391533,0.24929465,0.23642595,0.26901776,0.26338166,0.19450946,0.23375729,0.17069077,0.25642848,0.30841738,0.20086958,0.25022298,0.24819492,0.24005668,0.24510749,0.24814956,0.22984663,0.2787988,0.23645435,0.2555644,0.23539135,0.26127008,0.22265135,0.25761425,0.21461967,0.2445709,0.22045687,0.1957131,0.24888305,0.212605,0.19966692,0.26006573,0.21828227
0.19778249,0.2712103,0.2352451,0.23404118,0.21417215,0.20467572,0.2482527,0.2882338,0.19175187,0.2514798,0.23360339,0.26535642,0.27147877,0.20771623,0.25465673,0.23492514,0.2067954,0.2551244,0.20650008,0.27171183,0.20550928,0.2538303,0.23090638,0.21808288,0.2403822,0.21731073,0.21291448,0.28197783,0.25308698,0.19632679,0.22347854,0.24368045,0.22411673,0.28729832,0.19587776,0.27314025,0.2113511,0.22860992,0.22885525,0.22866449,0.25678563,0.22850594,0.2430341,0.22252439,0.21714829,0.27611876,0.2711742,0.2748055,0.24012654,0.25950527,0.21316537,0.22771187,0.25640094,0.22355504,0.21425076,0.19333977,0.24787092,0.23024175,0.2590075,0.21304253,0.2131521,0.26953232,0.22972724,0.18307334,0.25093633,0.22326009,0.23274374,0.24142633,0.22994457,0.23284975,0.24071936,0.254932,0.21942998,0.24618469,0.17943183,0.2744015,0.22438149,0.20055859,0.24935819,0.2502106,0.2567493,0.26588964,0.24937911,0.2645265,0.21136726,0.22637574,0.23659427,0.2448505,0.26934248,0.21512133,0.21178253,0.28491744,0.21908443,0.2542289,0.21843565,0.19680184,0.22881359,0.24788798,0.24292882,0.23175064,0.25081837
0.19781327,0.21161398,0.25830156,0.24333002,0.21882334,0.20827807,0.2368747,0.26556665,0.25895244,0.22973181,0.18092716,0.24562168,0.18363607,0.27561262,0.21583976,0.24805644,0.20372368,0.22594397,0.20371349,0.24143247,0.22107624,0.20933804,0.17842168,0.22302745,0.20448878,0.26540428,0.24051397,0.22122848,0.22861843,0.25676775,0.18840745,0.24784014,0.17115319,0.22884338,0.2530483,0.21045735,0.20581844,0.23310755,0.22491387,0.21361086,0.24574,0.23663335,0.2398435,0.25073454,0.22200146,0.24495383,0.20766747,0.2054163,0.24606912,0.1954582,0.16258867,0.19140022,0.25470233,0.17786568,0.24029149,0.1938326,0.2329434,0.22161047,0.2554198,0.20491497,0.24886233,0.2278698,0.23137258,0.2472516,0.21559596,0.24482186,0.21692313,0.22772242,0.21909367,0.19287783,0.21549979,0.22698279,0.19066982,0.2408948,0.24250601,0.28447753,0.1977737,0.21461928,0.1886824,0.217488,0.2051996,0.1800307,0.20877162,0.21838187,0.22810118,0.20671108,0.24071996,0.22041507,0.18619132,0.20497477,0.21969643,0.22081596,0.21004352,0.22877531,0.23696315,0.18754607,0.18150228,0.20686857,0.20678759,0.22243665,0.2359137
0.2032027,0.23438735,0.15236804,0.20026311,0.21831806,0.22957271,0.21791764,0.19269831,0.20238885,0.23624332,0.20220038,0.22845422,0.17433515,0.22422244,0.20801313,0.16641563,0.22717379,0.17394052,0.21547513,0.21286994,0.20651859,0.2291362,0.25991267,0.25768405,0.19833523,0.15346974,0.20783848,0.16234481,0.20220695,0.20960572,0.17127931,0.21951526,0.225294,0.21759021,0.21511993,0.1592232,0.20502809,0.19969718,0.22567481,0.21600428,0.17604196,0.22649297,0.2205828,0.22275747,0.23012717,0.21618581,0.23437549,0.26876593,0.21114735,0.25288075,0.21410148,0.2352104,0.21329919,0.20704621,0.22536029,0.22339751,0.23362362,0.21046548,0.20651706,0.14222383,0.20367512,0.22842354,0.1897122,0.21186727,0.22479205,0.23844306,0.23330642,0.19145904,0.17931014,0.2271909,0.2278036,0.19959867,0.20604914,0.22740988,0.2264018,0.24461676,0.24899267,0.18489015,0.16732049,0.20158891,0.16401215,0.22481348,0.23178303,0.22290172,0.19817287,0.20544049,0.22433771,0.22805424,0.20849924,0.21925169,0.1840073,0.19034229,0.2506023,0.2217678,0.1824801,0.1867536,0.22576235,0.19511664,0.19219759,0.21970518,0.20083483
0.20334089,0.22889026,0.19599454,0.2166718,0.19508004,0.1514083,0.24660291,0.2514711,0.1985478,0.2348575,0.1869924,0.17262554,0.24092902,0.17264009,0.1692321,0.20462216,0.18277113,0.20589165,0.1818641,0.20307368,0.1702632,0.24036421,0.17643997,0.2675614,0.22928043,0.2055816,0.20155126,0.19755623,0.2345323,0.16209233,0.20422782,0.2257645,0.24464081,0.21302795,0.21146697,0.21448576,0.22750476,0.24296457,0.24093145,0.22646068,0.1677432,0.21032663,0.1795312,0.17972015,0.22504966,0.21146294,0.26366517,0.22238497,0.21947433,0.18761547,0.20753175,0.18717854,0.19185096,0.22041409,0.16864434,0.17786731,0.20431316,0.21246569,0.19272104,0.17501517,0.23088722,0.15723069,0.21051148,0.22920094,0.20424537,0.18436421,0.2367758,0.1727171,0.19663343,0.17763446,0.23090796,0.21708198,0.2679519,0.22070499,0.24150303,0.20023763,0.20481133,0.1955272,0.16658826,0.20429769,0.21966507,0.2268972,0.20570731,0.19608663,0.1745244,0.23507555,0.16735736,0.18596117,0.21871786,0.20110312,0.18161649,0.22391142,0.26880378,0.24578543,0.24723057,0.20521343,0.22242224,0.26938218,0.25845551,0.2623685,0.20003268
0.20337452,0.2430014,0.19561215,0.21773514,0.19882382,0.19598082,0.22734416,0.23559572,0.20739609,0.21965553,0.22389224,0.23176897,0.23247167,0.22271374,0.23981407,0.2258706,0.2115754,0.18735287,0.21448529,0.19146626,0.25215036,0.18749079,0.21260954,0.24000609,0.25373828,0.18427384,0.23797803,0.19140285,0.20698662,0.21977161,0.24078546,0.21790878,0.20858201,0.19567733,0.21550289,0.20641552,0.25401175,0.21049559,0.25252938,0.20398816,0.2451327,0.22357897,0.22129868,0.21189693,0.18568233,0.22348298,0.16196886,0.17946528,0.20934081,0.23493476,0.20191765,0.20436889,0.21381402,0.22027095,0.19435747,0.20415297,0.22774497,0.2454742,0.22073592,0.23365028,0.2018888,0.23412761,0.2210113,0.21966375,0.23605429,0.21518801,0.19237947,0.22526373,0.20382108,0.1697577,0.20934494,0.2327113,0.18724507,0.21552606,0.2474234,0.21666895,0.19182375,0.22105286,0.20181966,0.23104234,0.2061418,0.17266974,0.22622864,0.2127997,0.23770681,0.22757097,0.24090554,0.18527043,0.2377506,0.19392094,0.20985946,0.1836758,0.1949613,0.2573437,0.25084218,0.1971248,0.17856398,0.19566987,0.1860928,0.22840138,0.24209918
0.20356852,0.22147378,0.22301167,0.21215928,0.16671664,0.20693444,0.2681388,0.22624701,0.22969529,0.16196838,0.20116489,0.15811852,0.25298566,0.2290702,0.20687582,0.23668006,0.21558444,0.20933723,0.26038104,0.19416416,0.23545206,0.17240778,0.24851385,0.1811821,0.1966291,0.23950009,0.22894937,0.22150247,0.21815242,0.2365029,0.20115598,0.22857386,0.21112505,0.22389403,0.20783633,0.17678048,0.21398988,0.24871263,0.2350529,0.23559503,0.22958787,0.23018692,0.20892884,0.22532476,0.25151825,0.23654962,0.28566596,0.25569212,0.23623632,0.19972783,0.20692632,0.2334657,0.24452646,0.20155978,0.19274573,0.19949475,0.20704475,0.21143846,0.20837733,0.19546163,0.16221464,0.2312665,0.21801592,0.2184989,0.20655726,0.2788648,0.2628325,0.23699492,0.20494731,0.24207988,0.22922376,0.2325168,0.20432046,0.23760246,0.238932,0.20834318,0.20466363,0.1888214,0.26496097,0.2659394,0.19751176,0.23204054,0.24199888,0.21195598,0.22808765,0.2599303,0.19434313,0.28698334,0.24445908,0.24004255,0.1971473,0.23458892,0.21759258,0.22113012,0.2289131,0.23273592,0.22692907,0.22046515,0.20298263,0.2073836,0.2214312
0.2092924,0.27058,0.24139234,0.21186614,0.23116031,0.21028173,0.21810351,0.19378005,0.25366902,0.23743156,0.1971921,0.20850007,0.23745228,0.19172913,0.14171286,0.20760286,0.1891241,0.2428927,0.22425872,0.24832863,0.2552514,0.18522711,0.19442506,0.20059232,0.26661912,0.21103694,0.20348045,0.23453587,0.22628613,0.23567125,0.2569009,0.2472266,0.25799632,0.1853501,0.20006959,0.19201237,0.15407646,0.26352838,0.22991142,0.22369495,0.26048005,0.18993992,0.22269307,0.1987883,0.18063314,0.17199609,0.18988678,0.20035592,0.19611329,0.2381204,0.21660075,0.19493008,0.20855947,0.26921952,0.25924826,0.22883157,0.24171768,0.21031418,0.24955064,0.20886764,0.22568382,0.20823427,0.23617336,0.22634912,0.2146362,0.23260964,0.23644346,0.2710688,0.1944753,0.23312536,0.21615928,0.20267048,0.21539715,0.2234482,0.21001562,0.21907254,0.23876229,0.18070687,0.20172319,0.18331283,0.23102887,0.25115895,0.24346691,0.13720277,0.21691416,0.23916478,0.2331072,0.24663888,0.24286576,0.22464953,0.19863504,0.1912752,0.2547239,0.20406151,0.20886442,0.20450722,0.2570815,0.23791216,0.21553911,0.21716924,0.1750276
0.21206495,0.22630303,0.21914673,0.27578706,0.2688586,0.22895592,0.21116047,0.27751577,0.26667666,0.2299332,0.2373045,0.22836162,0.21465647,0.27108747,0.24692196,0.24650767,0.24177825,0.2030739,0.20501794,0.26295537,0.24687767,0.2888289,0.25207847,0.20948973,0.25475973,0.25085056,0.22425894,0.23522486,0.24795106,0.20268828,0.22141021,0.22405437,0.19377312,0.23759356,0.26233482,0.23279287,0.21541098,0.22764744,0.23224448,0.28176013,0.22144297,0.2396099,0.25004515,0.22051153,0.25615948,0.25213528,0.2418035,0.2614945,0.25094903,0.19921234,0.22562131,0.1985471,0.27061903,0.27215034,0.2365904,0.2117652,0.22239941,0.23723586,0.25293273,0.23629338,0.23452581,0.20513515,0.25660673,0.23562165,0.21549949,0.23033299,0.20224875,0.2556986,0.21582288,0.18548511,0.1785515,0.2155613,0.19163543,0.19233273,0.20577107,0.19980732,0.23559348,0.26122516,0.22133592,0.2532913,0.22154105,0.27467972,0.27246475,0.24720812,0.22478858,0.22182053,0.23965196,0.1959873,0.22454132,0.23427506,0.19702326,0.24906322,0.30430079,0.23448035,0.28739578,0.24104123,0.20303157,0.2407624,0.24831654,0.25420994,0.23499864
0.21478653,0.24315009,0.25738436,0.23486961,0.23767336,0.24110602,0.26342934,0.26658154,0.23118205,0.23520537,0.24432844,0.26757914,0.2407146,0.23932321,0.23754315,0.26262385,0.26596722,0.25899887,0.25150567,0.24319525,0.25288665,0.18453869,0.2551813,0.23369531,0.23265119,0.2267059,0.22216843,0.23426275,0.22611341,0.2526726,0.25794542,0.21523106,0.23103295,0.23807837,0.2532336,0.23141344,0.25710458,0.2533542,0.24316084,0.26235038,0.27730387,0.2568695,0.23945163,0.21262442,0.2540251,0.24032201,0.23130922,0.2043443,0.26335394,0.2426165,0.25182974,0.20701368,0.25486225,0.221175,0.22359376,0.23927967,0.23785706,0.24914722,0.27303553,0.22654158,0.24702638,0.26866236,0.24627902,0.20552358,0.21494384,0.24718702,0.2517122,0.26765674,0.26394117,0.253554,0.23133737,0.27530515,0.2615948,0.2005646,0.198449,0.23117308,0.21280196,0.22851701,0.21107517,0.21768363,0.23528452,0.26676983,0.23780748,0.2284524,0.2428691,0.22571485,0.28021747,0.24545081,0.23524062,0.22545601,0.21807426,0.26848057,0.26890457,0.24930666,0.27314475,0.2585088,0.30121315,0.21857877,0.26468366,0.22628456,0.23113255
0.2181508,0.18389921,0.21409562,0.22092727,0.23729841,0.23300157,0.21254128,0.19505043,0.2222726,0.19131391,0.2548039,0.23843773,0.22575818,0.20799486,0.2004613,0.21362478,0.18774444,0.29386747,0.20842192,0.2157323,0.22267021,0.2613092,0.25149927,0.19993043,0.23584226,0.23258536,0.20697817,0.2578628,0.22070272,0.22742938,0.24217276,0.20352803,0.24811946,0.22483481,0.23590444,0.21408844,0.20311192,0.2279266,0.22701134,0.26408237,0.2619472,0.24729885,0.2364117,0.20636034,0.26586595,0.2672798,0.25117874,0.20770219,0.20063376,0.24673428,0.21624878,0.20268828,0.16484015,0.22057964,0.22683416,0.24133623,0.24011654,0.27017123,0.21765758,0.2273477,0.25688267,0.1968545,0.24046893,0.24811256,0.23786633,0.25724775,0.2117072,0.23900785,0.25300813,0.23673756,0.26434886,0.21450926,0.22190988,0.2648679,0.20383912,0.24116361,0.19992712,0.19404407,0.20715262,0.2231641,0.2116863,0.21510737,0.19107959,0.19734147,0.23785545,0.23866168,0.2135379,0.2226301,0.19704854,0.23745818,0.21705948,0.2545671,0.29837853,0.23411758,0.22528498,0.23907198,0.25766826,0.2275101,0.24000674,0.25726366,0.20892973
0.21872948,0.2153408,0.23819001,0.21105169,0.23502003,0.275324,0.2420774,0.2385044,0.23106723,0.23634534,0.23708096,0.24812175,0.2505666,0.25234377,0.19699809,0.27703655,0.23859648,0.19872555,0.25208637,0.20357516,0.23718643,0.22005537,0.27044752,0.26795453,0.25246745,0.23878698,0.24230474,0.20995761,0.20931195,0.23659426,0.24206014,0.25314897,0.22720723,0.2710405,0.19479156,0.23396699,0.24088371,0.1744586,0.22411102,0.24662833,0.21902283,0.24851887,0.23399577,0.23493709,0.23507331,0.29203928,0.2612788,0.24756633,0.27877074,0.20058101,0.25255713,0.23550412,0.24904567,0.22943608,0.23949715,0.2310678,0.25573224,0.22281873,0.23817782,0.22937383,0.25488973,0.2163069,0.2394513,0.2546473,0.25707817,0.20074145,0.25684416,0.2471336,0.2537229,0.26105586,0.22095041,0.25633907,0.24774478,0.2421859,0.18872246,0.23390986,0.25808775,0.20248592,0.2605992,0.24134372,0.23741236,0.19907838,0.22713093,0.22621949,0.27648818,0.19139984,0.24651043,0.22793837,0.24598168,0.19601929,0.22724964,0.27261746,0.2122274,0.26997176,0.23122074,0.23245905,0.1962106,0.23488878,0.2094385,0.21499301,0.23736638
0.22451866,0.21659105,0.20962323,0.23755181,0.23805612,0.28234762,0.24291795,0.21873187,0.24033912,0.2691604,0.19433092,0.2601098,0.27953383,0.24910724,0.24214627,0.22674413,0.25473168,0.20846698,0.22719266,0.22664882,0.26475054,0.26081413,0.2503556,0.24121615,0.2331918,0.22880353,0.22811373,0.23236354,0.2750622,0.22728197,0.20504555,0.20336759,0.22739752,0.24435423,0.19778726,0.23315917,0.22549249,0.22694571,0.2404275,0.252976,0.26022777,0.25743076,0.24990174,0.21673776,0.25854063,0.22000341,0.20428121,0.2214091,0.2341388,0.27054185,0.20361748,0.27986535,0.18737149,0.19051602,0.23754044,0.25755137,0.20699403,0.23896432,0.21445411,0.25741407,0.21004085,0.21964706,0.27809417,0.22651933,0.2374464,0.23992424,0.19094431,0.20597461,0.25610903,0.24521022,0.22337463,0.25078177,0.18058796,0.27263904,0.26070386,0.23702314,0.229023,0.22104643,0.204458,0.20644663,0.23352157,0.22346492,0.23910321,0.2183894,0.22611128,0.20815231,0.25927824,0.22424786,0.20216198,0.23517598,0.20727047,0.25306076,0.27090722,0.23404305,0.25245768,0.21000619,0.23582402,0.23970757,0.3087839,0.21722884,0.24907412
0.2249947,0.2349455,0.26189643,0.21016765,0.2548253,0.23747325,0.26982054,0.22641589,0.23113923,0.25422323,0.21196382,0.26834732,0.26287597,0.23006143,0.25260752,0.257621,0.27188754,0.23231956,0.2595238,0.2557781,0.1862038,0.24636139,0.26448017,0.26710117,0.2649612,0.25365847,0.23113205,0.26924282,0.24234502,0.23337863,0.24590535,0.22637485,0.22053921,0.2782485,0.22177885,0.27205658,0.2305876,0.27748615,0.21481296,0.267146,0.23303182,0.17934205,0.23805094,0.26800424,0.25430936,0.19808398,0.21828629,0.25860173,0.23500966,0.27069682,0.23967259,0.22599962,0.24470295,0.22394904,0.22514388,0.26135254,0.22876498,0.25609815,0.22707362,0.2841596,0.20875072,0.2423254,0.22464778,0.22477381,0.2145901,0.22367665,0.28172415,0.22108357,0.2629599,0.24586314,0.24719195,0.2505057,0.23697111,0.20047206,0.21106039,0.23422852,0.20401627,0.28899857,0.2511298,0.27755862,0.241084,0.23238987,0.2764976,0.23261525,0.2239539,0.24058595,0.22208112,0.261455,0.272278,0.19286375,0.2162106,0.25707322,0.25522244,0.2657731,0.22638056,0.2546045,0.25234932,0.22375862,0.25608456,0.2604224,0.23150796
0.22590575,0.24321268,0.26830208,0.2249125,0.23125593,0.24508826,0.2386308,0.22101487,0.18865125,0.21382892,0.22353587,0.2113735,0.18613467,0.21227866,0.20586056,0.24882764,0.20220311,0.25594807,0.2289604,0.22455677,0.26355648,0.21394181,0.22531995,0.26352108,0.2655707,0.23287693,0.20884162,0.21763279,0.23439829,0.21623622,0.2095934,0.25335163,0.20495799,0.24964842,0.22342606,0.24028815,0.20885481,0.22022276,0.24159473,0.23803936,0.212516,0.25557378,0.2396778,0.21731041,0.21727766,0.24590851,0.2470348,0.25851595,0.18339074,0.25516438,0.21421057,0.21881594,0.22084643,0.21090531,0.24412501,0.21811247,0.23528214,0.27354515,0.28149047,0.23086812,0.24959703,0.15883705,0.2405562,0.21907543,0.21432939,0.27433252,0.23887534,0.25572982,0.25261325,0.1824736,0.2109428,0.2672905,0.23814553,0.21806864,0.24047154,0.22183964,0.252554,0.24897616,0.25841087,0.2283172,0.22195892,0.212953,0.26192296,0.26928014,0.21212465,0.23158528,0.26745945,0.23808643,0.24664284,0.25849992,0.24131241,0.2562605,0.24178897,0.25273865,0.23287731,0.20086251,0.23923483,0.23900719,0.25496408,0.22188036,0.23539594
0.23113947,0.21839647,0.27945036,0.24326521,0.26866227,0.2568071,0.2194767,0.24866205,0.24312808,0.22311312,0.21139273,0.20306705,0.20156127,0.24899758,0.22319569,0.27788973,0.21817052,0.2364483,0.22866939,0.2304811,0.2607001,0.2660391,0.24180962,0.21532762,0.25039548,0.20614567,0.2765339,0.27539235,0.25081486,0.22196817,0.2308684,0.24661537,0.23411475,0.26721317,0.22273663,0.21630019,0.26502705,0.21495953,0.24558887,0.24190526,0.2334887,0.24865925,0.26085,0.215963,0.2432183,0.23680444,0.22968751,0.22170906,0.19329265,0.21350825,0.2878496,0.2473201,0.25444782,0.25127035,0.21863388,0.24151756,0.26558718,0.23706356,0.26342684,0.22186382,0.21349064,0.26094347,0.23181804,0.29789722,0.24741596,0.24474992,0.23915413,0.24255575,0.21944559,0.23351118,0.2545604,0.25281996,0.27735206,0.26735115,0.2288013,0.20476058,0.23594823,0.2281072,0.22185634,0.22953226,0.27675027,0.2525258,0.2533154,0.2729731,0.20895177,0.2843843,0.2595082,0.26309454,0.2904276,0.21957383,0.21832727,0.25610155,0.25109518,0.18741909,0.26722476,0.26959208,0.23913969,0.268731,0.29190117,0.20752802,0.2306474
0.2319875,0.23467611,0.22985585,0.2095634,0.26172405,0.24328303,0.22354881,0.22419725,0.26657993,0.24469967,0.24803285,0.2988552,0.23508726,0.26704141,0.25594246,0.24482079,0.25697383,0.2441454,0.2687539,0.261891,0.2891329,0.2664308,0.25220674,0.2581658,0.22279409,0.24382187,0.22771227,0.26000696,0.27703094,0.27014685,0.2841494,0.23507546,0.18710548,0.20986137,0.2312587,0.26357514,0.248634,0.21057077,0.24519399,0.25086024,0.276982,0.25208762,0.27344352,0.2655425,0.25394514,0.2584622,0.18982753,0.22908902,0.26325333,0.26508164,0.28785652,0.28290135,0.23818639,0.26539433,0.27536517,0.25741422,0.2362126,0.22036119,0.25713408,0.2733478,0.24704303,0.23131207,0.2954437,0.23592426,0.24775732,0.27176088,0.25507313,0.24641417,0.2395018,0.23979123,0.2655605,0.272008,0.28733453,0.28470978,0.25164688,0.28687245,0.27859646,0.28955746,0.25004625,0.28286803,0.25799376,0.2492187,0.21867988,0.25260162,0.23002128,0.25667524,0.22323166,0.26866266,0.28204584,0.25368357,0.27238157,0.23540898,0.2305967,0.2801013,0.2585352,0.2327333,0.2605397,0.278459,0.23137732,0.24665058,0.23189819
0.23525582,0.27403325,0.2567756,0.25465405,0.2589676,0.26027575,0.26909098,0.23536564,0.28313747,0.2972442,0.25925225,0.27836004,0.24600367,0.25144118,0.26279682,0.25987142,0.28399897,0.27128094,0.2703027,0.2679646,0.23435871,0.22558744,0.22709155,0.26035768,0.23170812,0.22192036,0.26850268,0.28051353,0.2652135,0.22817989,0.24017279,0.2878748,0.26433742,0.29085737,0.24096735,0.21860074,0.26028875,0.2809112,0.26154256,0.26397645,0.23507772,0.2424525,0.25481254,0.27068913,0.28677267,0.27516,0.27106583,0.22301263,0.25305068,0.29869956,0.24987343,0.25828183,0.2809446,0.24067111,0.24235226,0.2633782,0.25933293,0.2627792,0.24488376,0.28961408,0.2307763,0.26118314,0.27947122,0.2225855,0.2505843,0.26385802,0.2413637,0.25183177,0.274386,0.22649537,0.2804178,0.25451815,0.26417738,0.25441164,0.27460048,0.2755031,0.26866782,0.22345826,0.26200482,0.2468087,0.2204885,0.2705074,0.24453856,0.26650107,0.31815195,0.24059589,0.24379233,0.29738912,0.223493,0.2737556,0.21482186,0.24577643,0.24091733,0.25624764,0.23841555,0.22049694,0.25306794,0.2661063,0.2776304,0.26748404,0.24466313
0.23538308,0.24951528,0.2532363,0.24632697,0.24130034,0.24579169,0.27153212,0.24130566,0.26369166,0.25043857,0.26453412,0.24611565,0.23790233,0.26481676,0.2559864,0.26507998,0.23425308,0.24539731,0.26204187,0.2567218,0.26436472,0.23553456,0.2545277,0.24093485,0.25575095,0.28202644,0.25062054,0.23508638,0.27612388,0.26041764,0.24179453,0.21149097,0.31264055,0.25640464,0.23886523,0.25116903,0.27347323,0.2364505,0.24512336,0.23572439,0.23815864,0.21734321,0.23416167,0.2555949,0.2576437,0.23836866,0.27992356,0.25762737,0.28967828,0.23240049,0.22499809,0.29589808,0.2600689,0.260894,0.26777762,0.3075958,0.27262008,0.24239291,0.21599947,0.26613128,0.26391423,0.27349752,0.25698662,0.251234,0.27146733,0.22299312,0.2612424,0.29086924,0.24488646,0.2598819,0.25805157,0.26633197,0.21989386,0.24371672,0.28918946,0.25627095,0.26742798,0.2616733,0.26858586,0.27496833,0.25842896,0.2762027,0.26940805,0.23568216,0.20275384,0.24132572,0.22210813,0.21267635,0.26432836,0.26887858,0.24203058,0.27136087,0.27069798,0.2767922,0.22700627,0.27149677,0.2524782,0.25628477,0.20804724,0.26296568,0.27377784
0.2364656,0.25818568,0.257604,0.27461103,0.268811,0.24773704,0.2718379,0.25316137,0.24452187,0.25358897,0.2381057,0.23604797,0.27522153,0.26251858,0.26745084,0.23237285,0.24220914,0.24123079,0.2861114,0.25544238,0.21930404,0.23784427,0.30235052,0.28743017,0.21736701,0.2703517,0.2916193,0.2546528,0.2601043,0.2350772,0.276703,0.25938106,0.25257826,0.3233657,0.23193564,0.27060682,0.22937995,0.24569905,0.25064063,0.27486622,0.28273487,0.2961576,0.26820517,0.27991366,0.2841704,0.25506887,0.2680381,0.22304575,0.2865401,0.26762637,0.24715513,0.2569908,0.22082093,0.26797786,0.22474618,0.27337387,0.25156763,0.22730963,0.2868833,0.28608423,0.2273375,0.26634842,0.26499832,0.23933779,0.22242881,0.2566108,0.25837988,0.24665686,0.2959109,0.28840616,0.27717972,0.26263407,0.25108212,0.25531042,0.2653972,0.23115446,0.26639545,0.27942568,0.24391107,0.21795799,0.26182812,0.28986079,0.23824628,0.25923944,0.26747936,0.25540102,0.2179494,0.25053847,0.28631294,0.232086,0.25290132,0.2764083,0.2537561,0.26595357,0.26234025,0.2594651,0.27316242,0.25415993,0.2512666,0.2454968,0.25255603
0.23801549,0.20449439,0.20912465,0.2164776,0.2284992,0.20861883,0.26093164,0.21858853,0.2453477,0.24968357,0.2061977,0.23923925,0.24390687,0.22860526,0.25666398,0.20810188,0.23218523,0.25341505,0.23471515,0.24221337,0.2658295,0.23392773,0.251247,0.24259312,0.24213625,0.22252582,0.22918107,0.2190322,0.25052458,0.22169189,0.2130745,0.23970048,0.23634951,0.29138207,0.2745337,0.23899822,0.28020972,0.27679002,0.26856145,0.20796347,0.23853137,0.23414972,0.23174718,0.25532943,0.25875145,0.24765344,0.21716431,0.18435115,0.2397766,0.2477999,0.24476315,0.23749034,0.23197295,0.23594432,0.21002164,0.24056208,0.25569826,0.21817572,0.2068195,0.27056116,0.22803496,0.25858188,0.21435359,0.2239352,0.25913686,0.2411818,0.20061338,0.23281963,0.24067636,0.25976637,0.27638334,0.23761441,0.2793781,0.21758701,0.20453751,0.22229329,0.24442689,0.22057922,0.21681924,0.2301529,0.23902124,0.2288197,0.2124625,0.2574724,0.26801318,0.25562617,0.28677085,0.24519253,0.21434799,0.2170689,0.19963194,0.27110106,0.25484926,0.2517541,0.26300174,0.24817418,0.2133157,0.20221731,0.22068147,0.2531544,0.2834604
0.23846121,0.22427954,0.21877412,0.2371765,0.21716313,0.24342428,0.22945337,0.24336043,0.26778308,0.28710037,0.25238907,0.26431167,0.2590779,0.22031392,0.25115445,0.24733426,0.23182265,0.21710178,0.25846612,0.26461118,0.2491192,0.24676089,0.2788478,0.21982695,0.23998518,0.21393341,0.22752379,0.26295054,0.24806128,0.24318653,0.23892343,0.21862638,0.20472082,0.21826732,0.23463927,0.2506175,0.2713491,0.26214874,0.24926558,0.19871153,0.23929645,0.2511167,0.21532202,0.24487802,0.24859414,0.25625825,0.24099852,0.22096272,0.23379445,0.2500797,0.25184786,0.24481378,0.29566061,0.24928209,0.2608318,0.24683113,0.23135875,0.22364818,0.22370897,0.18036051,0.2692749,0.23821132,0.25873432,0.27999344,0.25478202,0.21796176,0.25285935,0.2527928,0.22481161,0.2278465,0.25457075,0.2584759,0.20573264,0.19666222,0.24633616,0.2511845,0.28063074,0.22755139,0.23387602,0.23524736,0.25034982,0.24694473,0.22903857,0.26070625,0.28165567,0.21532857,0.25201178,0.25684696,0.1942164,0.2147359,0.26486278,0.22162183,0.23518233,0.22841544,0.23684695,0.26071784,0.25005704,0.23250185,0.22567394,0.21737176,0.25513923
0.23850533,0.201435,0.14876527,0.23717588,0.18123972,0.24022055,0.19411975,0.16147777,0.227553,0.22870784,0.20273334,0.20782301,0.22695306,0.22015084,0.23292963,0.20551586,0.24669053,0.23437674,0.18892835,0.17700318,0.16952354,0.23617734,0.21574832,0.17689674,0.16879484,0.26042172,0.27242345,0.20508271,0.2288015,0.2168471,0.22832951,0.21178019,0.22384293,0.21810482,0.1992523,0.20500441,0.24811581,0.1868042,0.25604782,0.22002049,0.16971421,0.23772962,0.2552219,0.21006969,0.2055102,0.22858316,0.19533554,0.22028904,0.18838027,0.22311191,0.21585807,0.17595567,0.20828158,0.16982612,0.2127271,0.20224269,0.17090525,0.22843847,0.2204912,0.20106912,0.17065987,0.19492717,0.16517341,0.20451573,0.26036835,0.22052924,0.2285574,0.21099709,0.19739453,0.20541865,0.21347106,0.25776768,0.22300212,0.24886878,0.20397219,0.21350068,0.19514593,0.22380556,0.19654012,0.21110864,0.19508955,0.24314268,0.2533654,0.1927663,0.2285025,0.20566896,0.22931172,0.20676589,0.19165342,0.21933821,0.23756362,0.2429186,0.22004175,0.20023063,0.20396507,0.20179823,0.21144874,0.20833233,0.23979655,0.22102702,0.20228858
0.24377371,0.24859042,0.23841654,0.20938353,0.23333758,0.26369756,0.2496943,0.30441839,0.23824748,0.20503154,0.2506032,0.22534221,0.23766662,0.21529026,0.25601262,0.21675454,0.24729438,0.23825015,0.20721108,0.23976183,0.23675875,0.23846409,0.24842323,0.249373,0.22696128,0.27029932,0.24154718,0.21231082,0.27425396,0.23241577,0.2698214,0.24145456,0.22304536,0.21997248,0.26529098,0.2625357,0.20559095,0.24607864,0.2396793,0.23197903,0.21857177,0.23985428,0.2445241,0.21293189,0.24379167,0.25131607,0.24076745,0.28579533,0.24298926,0.19584377,0.21066329,0.24040237,0.28627342,0.20605598,0.25428396,0.27171454,0.21904017,0.26358238,0.2531274,0.1744946,0.2635212,0.27475578,0.27643046,0.24699157,0.24105181,0.27549455,0.23127395,0.23464306,0.22510189,0.21529941,0.25943637,0.22393991,0.20824784,0.20766842,0.27703997,0.23236923,0.24168806,0.22789502,0.2570354,0.23697123,0.23303185,0.24357665,0.25718403,0.24592197,0.24989296,0.23823468,0.25024217,0.26308095,0.21663581,0.23154894,0.20396082,0.28379145,0.2736773,0.28243226,0.26503778,0.24756356,0.24603462,0.2536124,0.2785407,0.24484988,0.25162745
0.24507275,0.26423836,0.28569317,0.24882498,0.2783541,0.26379952,0.23982002,0.2446656,0.26634473,0.2716607,0.3525136,0.30470586,0.2584381,0.2666149,0.25319874,0.29188538,0.28651667,0.27526355,0.2726699,0.27981496,0.282986,0.2570948,0.27937075,0.29442447,0.27543938,0.28191787,0.28936833,0.28167668,0.28467238,0.31294894,0.2751175,0.2645834,0.2625913,0.30895257,0.2678644,0.30303288,0.28587955,0.28943872,0.30502588,0.29202765,0.28186387,0.2726116,0.25729564,0.2576485,0.286227,0.33223557,0.3010506,0.26357746,0.29358906,0.27252114,0.27233535,0.30145743,0.27115875,0.2597732,0.29835507,0.25096723,0.29531297,0.2697975,0.27072063,0.29120868,0.26141447,0.2900142,0.24245349,0.25931007,0.29284453,0.24418719,0.26080206,0.27221504,0.27402502,0.23544593,0.2828002,0.25791067,0.2573263,0.3194688,0.31359956,0.26732194,0.27617604,0.2842846,0.26051247,0.2532129,0.30784965,0.280877,0.27622628,0.2884128,0.31888193,0.3226397,0.29382956,0.26037037,0.3015297,0.28720146,0.26238802,0.30789325,0.2737148,0.2720033,0.25590938,0.28461146,0.31384498,0.29162517,0.25983578,0.28523532,0.25573778
0.24616103,0.25272438,0.28128344,0.281373,0.28825575,0.26626602,0.25929993,0.28149992,0.28079325,0.28079957,0.2464766,0.2841012,0.2499936,0.24339378,0.2601284,0.2657584,0.2906016,0.2904306,0.25573772,0.24102442,0.2772589,0.29749683,0.24526156,0.2611742,0.27469975,0.25773478,0.30748063,0.28467095,0.2758392,0.24561445,0.25908065,0.23757225,0.26632866,0.27582783,0.25799182,0.24879399,0.24679385,0.27247483,0.2754287,0.29764116,0.2761244,0.2728173,0.25331074,0.26563781,0.26892215,0.29660207,0.25373304,0.265749,0.27527875,0.22337106,0.25326848,0.26664835,0.2902406,0.2794304,0.2701674,0.2826296,0.25776967,0.29350185,0.2671976,0.26274088,0.25512525,0.25743255,0.24672736,0.27832133,0.26510173,0.2767948,0.2581732,0.29321843,0.26049334,0.2819423,0.26699182,0.28105694,0.23976393,0.27845645,0.23323612,0.26973638,0.25665057,0.24848844,0.28975093,0.27054018,0.2755891,0.29487717,0.27769372,0.23076387,0.26386043,0.23540542,0.26302192,0.26346725,0.26801032,0.28671926,0.23824298,0.28982502,0.26236528,0.2734255,0.26672024,0.30771315,0.27399603,0.24497569,0.23825772,0.28442594,0.26240546
0.24663287,0.24861279,0.23531857,0.25558454,0.27490813,0.24070026,0.23384504,0.30051214,0.26531315,0.2337565,0.26683506,0.25416785,0.22951926,0.29056048,0.25799918,0.26444602,0.2656684,0.2660039,0.2593028,0.2663054,0.25327682,0.2865597,0.260884,0.22749422,0.26376075,0.26810396,0.2648791,0.22747846,0.26212192,0.21180633,0.27016294,0.27420634,0.28724992,0.29185438,0.25708967,0.24554706,0.25900108,0.27920675,0.2731449,0.25196868,0.2598619,0.2721972,0.26962405,0.25824088,0.27869156,0.2605089,0.27467406,0.2699191,0.2589756,0.244947,0.25540203,0.26627338,0.2578953,0.25903523,0.27142817,0.25078982,0.2752048,0.24784604,0.29029882,0.22094817,0.23046626,0.23658703,0.27947766,0.27092826,0.2398159,0.29858816,0.24710625,0.21529031,0.25425583,0.26623848,0.31592277,0.23973481,0.25300574,0.22896753,0.2620643,0.21680836,0.2818734,0.28745735,0.2582655,0.28710896,0.24325077,0.28146744,0.23684053,0.23967879,0.26408944,0.2949801,0.2981473,0.2584619,0.2621777,0.2443584,0.22093232,0.2606692,0.27274358,0.27711374,0.25523996,0.23512305,0.26453096,0.29221207,0.2630803,0.2668147,0.26962957
0.24683066,0.26331976,0.2350348,0.23129039,0.24539246,0.26918244,0.2662152,0.27235729,0.25197357,0.1959376,0.27348185,0.26315004,0.20342824,0.2364386,0.25061452,0.26471585,0.26227513,0.2533751,0.21712585,0.26588547,0.22702728,0.2823874,0.27018452,0.27088493,0.24334122,0.24501194,0.27860218,0.27706683,0.26668108,0.27104923,0.24109805,0.26774648,0.21440285,0.22340685,0.22767755,0.22118624,0.27984035,0.2825207,0.241862,0.24165748,0.26691604,0.2729392,0.24946114,0.26495716,0.24382769,0.2519675,0.2419682,0.23047943,0.26045406,0.22876425,0.2362089,0.23371573,0.22340356,0.23809117,0.25813967,0.25457102,0.28344458,0.26017022,0.23039398,0.23535217,0.27329788,0.2153579,0.29824537,0.20361249,0.23687337,0.25668886,0.23922823,0.24638617,0.23603542,0.26080918,0.2622335,0.23232271,0.25297666,0.2760731,0.29218346,0.246956,0.25909257,0.24613541,0.23136173,0.23536131,0.28221917,0.23404053,0.28712335,0.23529904,0.23759222,0.24738279,0.29436868,0.23240875,0.2266192,0.22876123,0.24846676,0.23234715,0.2644992,0.25628942,0.2308939,0.23629971,0.25798732,0.26087153,0.25522268,0.30656993,0.24777475
0.24750881,0.26114398,0.24303825,0.244792,0.27872795,0.27640218,0.26800722,0.24706031,0.25138813,0.2267538,0.2610109,0.27526683,0.24436253,0.26444766,0.24420463,0.2623679,0.2285356,0.2465222,0.22530942,0.2400421,0.23657687,0.24537581,0.25537604,0.272344,0.26635465,0.2641758,0.24267522,0.26497626,0.2560558,0.2505046,0.24498631,0.26179367,0.2769886,0.23358987,0.25026697,0.2547719,0.30618387,0.24675925,0.25710735,0.24903654,0.24572472,0.2754355,0.25870106,0.24729885,0.28249693,0.28433532,0.2160254,0.22611164,0.25706983,0.24720141,0.24825625,0.2978021,0.26586467,0.252136,0.24844931,0.26431888,0.2552237,0.28146923,0.27599397,0.2915123,0.26415527,0.24319777,0.26584843,0.2340226,0.3149246,0.2630093,0.26544374,0.22483268,0.26313332,0.2541578,0.22924869,0.2582838,0.25513303,0.2669122,0.20426649,0.2964724,0.2546264,0.25117248,0.26053357,0.24573801,0.28144985,0.25384596,0.31010675,0.29460257,0.21068914,0.28279638,0.28091422,0.30143458,0.19610064,0.26625633,0.25153315,0.25815994,0.25824344,0.23745243,0.2677924,0.25877857,0.20661747,0.2546662,0.2664231,0.22508906,0.2694608
0.24868275,0.2312632,0.24081248,0.22791316,0.31081247,0.22766292,0.233591,0.30132878,0.24492128,0.27854413,0.24232513,0.23244587,0.25927043,0.23223804,0.2275945,0.23215182,0.25595665,0.21734938,0.25702554,0.27560526,0.23517309,0.26540136,0.26266342,0.270226,0.2987494,0.27986377,0.26691207,0.23802498,0.302835,0.24058448,0.23246361,0.26105064,0.23780355,0.24124739,0.24089947,0.24605869,0.26993734,0.3012002,0.2309704,0.244105,0.2901224,0.2576238,0.24142927,0.26085782,0.26314408,0.25913465,0.22497614,0.27072665,0.24131957,0.26806676,0.2451418,0.2395076,0.2727319,0.24023382,0.22172228,0.27234477,0.22276998,0.23324648,0.27291948,0.23025054,0.24702975,0.28261757,0.23301215,0.26061156,0.27006096,0.2817411,0.26757354,0.25065187,0.28132296,0.1985517,0.22102915,0.25685176,0.28346926,0.29473448,0.25083047,0.2669546,0.2758456,0.23762931,0.23151563,0.25755078,0.22416875,0.25265735,0.25856513,0.25553334,0.27810097,0.26296586,0.2467735,0.25587407,0.2551071,0.22970374,0.2771152,0.26696795,0.23407128,0.26080534,0.24439947,0.263898,0.29969525,0.22110313,0.2611215,0.23913397,0.2549169
0.25169662,0.24547014,0.23503245,0.22439766,0.26782352,0.2838599,0.24429213,0.26687944,0.2481376,0.28635758,0.24962527,0.27956325,0.28753483,0.2676249,0.2506929,0.23395452,0.24232762,0.2783522,0.2404073,0.22512047,0.23687674,0.25315243,0.2065585,0.27364397,0.22423491,0.25478902,0.2796325,0.26965666,0.26455885,0.24691077,0.275477,0.257506,0.24460278,0.27073357,0.2590866,0.25739044,0.26108795,0.27215546,0.30724093,0.24179626,0.26518208,0.31130654,0.28904045,0.25169396,0.25217503,0.25950146,0.26527476,0.26120174,0.24762261,0.24278145,0.25453347,0.24724787,0.2668169,0.2769122,0.26395905,0.2996408,0.24587288,0.26895368,0.2571019,0.25689933,0.250165,0.2515005,0.27777496,0.2537865,0.24239376,0.2525162,0.29245448,0.27956802,0.24637263,0.24558984,0.24335623,0.25559664,0.24636416,0.20519878,0.23335992,0.21051392,0.24270874,0.2746507,0.22471467,0.27928483,0.26060337,0.23478998,0.23804814,0.24880658,0.29908437,0.25076938,0.23723206,0.25544143,0.28557986,0.2557963,0.25505334,0.19880587,0.23313135,0.23671584,0.2772931,0.24246149,0.2343951,0.25892788,0.2548139,0.24164437,0.2584763
0.2520346,0.307686,0.27820492,0.28583747,0.28357166,0.25171056,0.309044,0.26343942,0.26231706,0.2834717,0.3108468,0.29063484,0.25537765,0.25793827,0.26040405,0.25871903,0.2716329,0.28970343,0.25718838,0.2647365,0.27490097,0.26714534,0.25262833,0.23707917,0.3067981,0.24744643,0.26427117,0.31603503,0.24903338,0.25517654,0.2546368,0.3010458,0.26675734,0.3239305,0.27311516,0.29422045,0.2593708,0.26661882,0.27218097,0.29930437,0.23857537,0.26323086,0.23817594,0.27588862,0.30301678,0.30728912,0.2516563,0.24979264,0.23853432,0.32286072,0.27451593,0.25074306,0.29181385,0.3099931,0.277649,0.2993105,0.2532966,0.2335451,0.28042573,0.26661652,0.27627653,0.3096648,0.2807809,0.23019056,0.27202392,0.25099504,0.2624509,0.25274384,0.27733558,0.28604504,0.29686144,0.28255296,0.2986216,0.24527662,0.28872338,0.26020274,0.267345,0.25404084,0.2533177,0.31064105,0.25937474,0.21907426,0.28139567,0.27328327,0.26549995,0.27235132,0.2550475,0.26345617,0.233705,0.2999043,0.26478815,0.28019118,0.2918847,0.27062052,0.27342856,0.28870815,0.2982595,0.24918336,0.29143482,0.25880882,0.3030805
0.252261,0.26475132,0.33730674,0.29838932,0.28122035,0.2696465,0.2562294,0.24692549,0.26565313,0.2883234,0.290949,0.27477437,0.30492008,0.25602382,0.31289116,0.23806486,0.28383303,0.2829774,0.25650495,0.24114317,0.24688385,0.26685166,0.29054323,0.2619161,0.25428838,0.31436747,0.26974887,0.3084608,0.27004546,0.25713676,0.29456908,0.27211887,0.30588257,0.23861548,0.23384833,0.2977211,0.27351713,0.27606577,0.25815952,0.27423608,0.26975468,0.29113388,0.3094487,0.27048147,0.28104192,0.25145435,0.27582133,0.24837577,0.29734072,0.28097996,0.2795754,0.28542984,0.27072003,0.31610104,0.23717605,0.31148952,0.28148514,0.26662904,0.2952441,0.25144756,0.2874962,0.2875195,0.26382542,0.273197,0.26421443,0.28540832,0.2757709,0.27382624,0.25762022,0.30284488,0.2892338,0.23228803,0.27636236,0.28396016,0.2541473,0.25132796,0.28967765,0.30126822,0.29919004,0.25365818,0.22949211,0.25713462,0.2541766,0.32340047,0.23397903,0.24286994,0.2828986,0.2736258,0.2871756,0.28418422,0.2744512,0.3242858,0.2827428,0.25803617,0.27760637,0.2655453,0.2508157,0.2488151,0.2628858,0.2513988,0.27641207
0.25311136,0.28687328,0.2806859,0.2764032,0.2792343,0.29029638,0.25902224,0.30751088,0.2562883,0.25929466,0.22982806,0.26440978,0.27266866,0.26155257,0.20909223,0.28793728,0.25143236,0.30513003,0.25349957,0.27965665,0.28019327,0.22752604,0.27955842,0.2486202,0.26277542,0.29808235,0.249844,0.26856762,0.31144863,0.2547719,0.2579556,0.28548598,0.25141585,0.25777793,0.23802634,0.25850025,0.25994354,0.29397565,0.27707183,0.24296229,0.2700377,0.24139361,0.27922833,0.26180738,0.27686483,0.2808482,0.29979703,0.2679276,0.26552743,0.26423347,0.2422697,0.262294,0.27728778,0.2945665,0.26407546,0.3261354,0.26150182,0.27232862,0.26745367,0.28289682,0.26832974,0.23831688,0.24766497,0.25604707,0.27862358,0.26884648,0.3036815,0.3031938,0.29219383,0.23153888,0.265168,0.24386519,0.2829871,0.27664906,0.2575017,0.25264895,0.28269118,0.23996118,0.28996903,0.2491798,0.29017156,0.23382646,0.26314688,0.26491582,0.28243405,0.23952432,0.28596616,0.2570718,0.26141316,0.25566685,0.30580807,0.27043593,0.29461306,0.2527988,0.24533556,0.28494275,0.2757759,0.2673441,0.25675452,0.22559024,0.23561583
0.2532198,0.2828793,0.2421384,0.28136474,0.2823549,0.28974244,0.25052422,0.2732734,0.28898782,0.2765062,0.26755917,0.26734942,0.25689822,0.24555579,0.26282197,0.26367438,0.26481143,0.23096912,0.28323716,0.25346908,0.27968052,0.26742488,0.28604448,0.27159417,0.21182421,0.25062263,0.25747985,0.28525633,0.26977092,0.265231,0.3017235,0.22887959,0.25392783,0.29934782,0.2589826,0.249374,0.2877547,0.27446437,0.26901388,0.27922285,0.2714303,0.24722697,0.2905268,0.2987712,0.2584762,0.2771853,0.28476888,0.30389422,0.27911586,0.25684175,0.26088852,0.2946015,0.27049565,0.29755652,0.26991713,0.29320508,0.3037194,0.2515093,0.24551123,0.26480043,0.27071053,0.2685586,0.24756943,0.2303758,0.23636444,0.27211103,0.32828426,0.26256377,0.26774633,0.27904886,0.23692031,0.2856568,0.29980722,0.28336078,0.24507241,0.28380617,0.31319222,0.2609313,0.27112785,0.281898,0.25012696,0.25860792,0.2598841,0.25515294,0.26636183,0.2791114,0.24739155,0.29504535,0.2308281,0.2642665,0.24518815,0.2747674,0.24051262,0.25094882,0.25854343,0.2481069,0.26373944,0.2787798,0.23540105,0.28717533,0.28269675
0.25344333,0.2411705,0.27088875,0.27478802,0.27793607,0.29951823,0.27119935,0.24695365,0.27339464,0.28726333,0.2579877,0.24634282,0.2828303,0.28793418,0.26791146,0.2787149,0.3059682,0.29468226,0.24924068,0.28729996,0.23745544,0.26718816,0.2631619,0.23050977,0.31326914,0.25557786,0.25767407,0.24449208,0.28233767,0.28275305,0.26783198,0.23145731,0.2668867,0.26514387,0.22186351,0.26809174,0.32821596,0.2521864,0.29374236,0.27161074,0.2696492,0.25628826,0.27520502,0.2630723,0.26520467,0.25900996,0.28254753,0.29116273,0.22213738,0.26406455,0.23664963,0.31289786,0.2663067,0.23914464,0.28087908,0.23628666,0.26119077,0.26880667,0.27689177,0.2750942,0.25772607,0.25351918,0.27102447,0.2520891,0.28610948,0.28565705,0.2333395,0.29282576,0.25347483,0.25251967,0.24019179,0.2526191,0.24968906,0.27128035,0.2274105,0.2991358,0.27572203,0.28222108,0.23489256,0.23740122,0.26112658,0.24491052,0.258403,0.26828465,0.26320797,0.28286195,0.2376304,0.25837162,0.25403267,0.23272583,0.27438754,0.27369905,0.2902396,0.23598059,0.28388315,0.23184259,0.28270108,0.2734146,0.22699961,0.28936094,0.24370067
0.25429222,0.2422833,0.22861703,0.20577885,0.29257336,0.23617047,0.2740957,0.24535218,0.2516496,0.20926942,0.27824077,0.23382318,0.26302284,0.26578224,0.25107566,0.2247124,0.25237525,0.26606306,0.24661036,0.2514795,0.26922005,0.24523775,0.25758255,0.24509318,0.25745338,0.22141726,0.2693671,0.23910089,0.24660678,0.24823873,0.2780772,0.26051062,0.2691878,0.28813124,0.29699928,0.26744297,0.20716034,0.2580836,0.25292277,0.2203411,0.23485309,0.20742907,0.25998712,0.25102758,0.22765091,0.23224752,0.22835115,0.2840238,0.2555555,0.25700203,0.28714207,0.25257927,0.268687,0.25667435,0.26133996,0.25113788,0.28678787,0.21602166,0.23931,0.22812624,0.27951443,0.2588681,0.29324788,0.27135605,0.22621988,0.23888639,0.24289764,0.23233442,0.23715118,0.258209,0.22921194,0.27074245,0.25475556,0.25039566,0.2710278,0.2598235,0.2687937,0.24104653,0.25520012,0.23817082,0.27091217,0.2160033,0.25441408,0.25984508,0.2509998,0.27312627,0.27964768,0.282187,0.22597401,0.26938823,0.26056534,0.22661155,0.29911995,0.28816557,0.24025595,0.223024,0.3035424,0.2623042,0.27468535,0.2664764,0.26279435
0.25637305,0.2112698,0.25326097,0.23492439,0.27513582,0.2361727,0.24632995,0.23683287,0.25255036,0.27081597,0.28480262,0.26029062,0.29033035,0.22201958,0.25692892,0.26645213,0.26257282,0.23981246,0.25950232,0.2543049,0.26672828,0.23757985,0.26309973,0.270463,0.2402779,0.27581322,0.24989991,0.23562449,0.268176,0.27524954,0.24497487,0.2655086,0.28339553,0.26996118,0.25046304,0.2325924,0.23982118,0.26005334,0.23392658,0.25698197,0.21949007,0.24865516,0.24997221,0.23544428,0.26932758,0.27036923,0.28315634,0.26850784,0.24576561,0.21914633,0.22868034,0.26213437,0.23227172,0.23150037,0.25378942,0.25134724,0.24810173,0.19950035,0.23053662,0.2331994,0.2579453,0.22939251,0.26362282,0.24616219,0.23690961,0.2764851,0.27215648,0.26060432,0.19306308,0.21937099,0.26770175,0.23596743,0.27139267,0.23096628,0.2053854,0.20267709,0.256761,0.25670183,0.27524987,0.25963897,0.27096564,0.27153033,0.26509762,0.2649336,0.24218553,0.262587,0.2028887,0.23798098,0.25691503,0.28126502,0.21652149,0.25157773,0.22887897,0.288719,0.19809599,0.25865448,0.27137145,0.29785466,0.2820816,0.24217983,0.19507766
0.2594963,0.2899587,0.2769602,0.27725255,0.23706914,0.27454048,0.23998472,0.2582515,0.31637263,0.30220497,0.33681217,0.2951422,0.28585547,0.271298,0.26770392,0.25810188,0.26864004,0.24139076,0.23293562,0.26197696,0.25041112,0.2633707,0.27995014,0.27094758,0.27895266,0.2788986,0.28851956,0.29093707,0.27514833,0.29071927,0.21733016,0.26343417,0.26309696,0.26377004,0.28379726,0.21617012,0.3015396,0.27210534,0.2668835,0.25605255,0.24258283,0.283129,0.28949612,0.25832778,0.25367188,0.27575237,0.28801388,0.29911768,0.27742732,0.27094924,0.23077537,0.272977,0.26304805,0.32623553,0.24629167,0.24252577,0.24869329,0.29037943,0.25369248,0.28616443,0.3107116,0.276212,0.30059427,0.3112617,0.28047723,0.30554402,0.2479827,0.23953311,0.24304754,0.26575488,0.20690785,0.2506262,0.28090417,0.28324395,0.26169503,0.26392096,0.25069153,0.24901548,0.27557945,0.25112587,0.24889778,0.26784152,0.29523176,0.23665327,0.26923037,0.2915516,0.31113833,0.2727087,0.27161586,0.27924657,0.24652489,0.267214,0.2678359,0.34397316,0.28019714,0.28092068,0.27292272,0.27445716,0.24080001,0.26725793,0.28338745
0.2617634,0.27467453,0.27885735,0.29296473,0.28600806,0.26007092,0.3027789,0.3023032,0.26691282,0.26759315,0.28855348,0.31191003,0.28509644,0.26404017,0.29744118,0.27858847,0.28823078,0.27657473,0.30174065,0.3218887,0.26053086,0.2830493,0.3220523,0.30215344,0.25732696,0.3129677,0.2384641,0.27493355,0.25575906,0.28339523,0.30700475,0.2818607,0.24979639,0.29276305,0.27658898,0.26899686,0.2538122,0.2714861,0.28322855,0.28574377,0.28926483,0.31574315,0.31750622,0.27098063,0.26999778,0.2687778,0.29280323,0.3060941,0.2650714,0.2837935,0.2749074,0.28017133,0.29330212,0.32526296,0.30394933,0.31826156,0.27236706,0.3107752,0.27356598,0.2935243,0.3071919,0.28526282,0.25959152,0.27365246,0.27417165,0.30670595,0.27897668,0.30011755,0.2998559,0.30363172,0.30148998,0.27854037,0.27653188,0.30678982,0.28760827,0.2435954,0.27935758,0.27774262,0.2855246,0.26410943,0.26161748,0.29795486,0.3120429,0.24928963,0.2609558,0.29452258,0.2729841,0.26162773,0.2629795,0.28251374,0.29108948,0.30662566,0.30804846,0.323923,0.26272464,0.2953465,0.2608832,0.28890193,0.29161072,0.2941001,0.26112974
0.26179457,0.24856551,0.23294224,0.24319758,0.22371253,0.270531,0.21821085,0.23690787,0.23137154,0.2689328,0.26628757,0.29151767,0.30292004,0.26767144,0.23504955,0.2376503,0.25331002,0.26326826,0.24190627,0.24961555,0.26288554,0.25981224,0.28016084,0.24664836,0.24223506,0.271622,0.26547968,0.24406838,0.25105697,0.24711697,0.22807014,0.24272713,0.283378,0.25060278,0.3001853,0.312259,0.28140032,0.26041305,0.26829126,0.27526253,0.27574414,0.28025353,0.25851318,0.23245111,0.26664835,0.27738416,0.23207508,0.27469766,0.27944052,0.2595368,0.27888995,0.22453424,0.28720963,0.30551565,0.30499208,0.2533912,0.29388225,0.24719122,0.29610562,0.23237813,0.26732168,0.2811644,0.24531466,0.28078997,0.24178194,0.27543455,0.29137155,0.23384757,0.25629586,0.2849383,0.22721967,0.27239424,0.25965244,0.24645229,0.25184083,0.2833423,0.25296992,0.2511586,0.2713728,0.23592108,0.2584918,0.24595313,0.22312729,0.2386684,0.27116835,0.28748757,0.26796234,0.2601686,0.29106456,0.25752586,0.26860672,0.2799436,0.27576104,0.23970813,0.20915136,0.22844197,0.28626287,0.2628668,0.28385025,0.2496898,0.26533923
0.26239577,0.26619232,0.30663887,0.25115496,0.26599312,0.2855333,0.26108333,0.2815336,0.291674,0.28452003,0.27717924,0.280097,0.23242892,0.25584978,0.2948388,0.26861316,0.29085088,0.27710462,0.27124688,0.29551488,0.27529824,0.25722244,0.26490116,0.26818156,0.26288146,0.26624763,0.25259703,0.26854992,0.25272128,0.2440858,0.29850322,0.26687962,0.24732888,0.26575124,0.29399633,0.25919926,0.28664362,0.2932073,0.31639022,0.2530523,0.24065639,0.24534124,0.27390528,0.26638275,0.29408425,0.28754956,0.31876677,0.22833352,0.28095967,0.27416882,0.26525956,0.2702992,0.2970019,0.2516762,0.25387633,0.31268588,0.26791653,0.23665494,0.25450432,0.28837246,0.27149343,0.2574488,0.30208308,0.28459796,0.25239038,0.2639091,0.24489659,0.29338914,0.28527665,0.24501751,0.269805,0.2705286,0.3006189,0.23775022,0.29005527,0.2558756,0.25534886,0.27453333,0.29409724,0.267048,0.28372812,0.24989757,0.26863593,0.27926147,0.30719712,0.29136285,0.25341886,0.27811098,0.2477506,0.29461098,0.2952168,0.26795387,0.28828079,0.2733317,0.2717768,0.25406215,0.2708114,0.25451297,0.2482986,0.2812959,0.27070808
0.2639934,0.27309826,0.2947473,0.2542433,0.27399644,0.28557378,0.2810114,0.26813877,0.24699096,0.2956794,0.31810704,0.25613832,0.28733975,0.28846705,0.3223245,0.29875293,0.25804564,0.27828628,0.292171,0.3006082,0.26227355,0.26058948,0.28346086,0.28233036,0.24760439,0.30185717,0.31352353,0.28622955,0.29607618,0.283823,0.3052621,0.28311473,0.26739943,0.26553947,0.26720107,0.28108212,0.28573263,0.26762563,0.28342718,0.28678894,0.2438741,0.26991034,0.30269796,0.2664415,0.29636878,0.26337364,0.2529723,0.30487466,0.2701023,0.281592,0.30501336,0.30007944,0.2736407,0.29378402,0.2968912,0.2866764,0.24970129,0.2547613,0.2619448,0.27254897,0.302783,0.26089525,0.2659524,0.3114777,0.26300448,0.28442466,0.2785906,0.27893466,0.29506782,0.27512175,0.316576,0.2781698,0.28052223,0.2997678,0.30738056,0.31010568,0.2919076,0.2736169,0.29733956,0.27696803,0.28886873,0.27233452,0.28207794,0.22541125,0.22204943,0.28232396,0.2764457,0.22805695,0.29739565,0.29172164,0.2653982,0.29205924,0.24662091,0.27750567,0.25872272,0.23804215,0.29216188,0.26614904,0.26572326,0.2742092,0.26005659
0.26505965,0.25885308,0.29594052,0.24873687,0.29834494,0.31004918,0.23027928,0.29899627,0.28124604,0.275218,0.30821925,0.2660162,0.29673612,0.24427411,0.29943684,0.27330112,0.24295896,0.25006986,0.29685664,0.27607638,0.26525715,0.2807662,0.26739088,0.28472626,0.22862312,0.29357386,0.27333498,0.29164857,0.29938346,0.28758746,0.2357034,0.25663656,0.26573718,0.2846079,0.28069887,0.25574166,0.23698324,0.2619518,0.26918554,0.2816308,0.30794913,0.24771705,0.29242587,0.29551163,0.32894313,0.29205167,0.27580985,0.31706154,0.31038153,0.27268592,0.27211154,0.28019142,0.31033957,0.27619165,0.2866089,0.2690525,0.3101372,0.26221547,0.2455002,0.24511766,0.2780645,0.31561726,0.2728148,0.2935931,0.27800328,0.27155277,0.29504007,0.2844543,0.2793847,0.29266536,0.27086964,0.27911574,0.30699146,0.24560015,0.29066104,0.26994595,0.28865337,0.26146162,0.28740007,0.2654789,0.29525697,0.27927482,0.26609898,0.27695227,0.27512032,0.28464615,0.3080958,0.28766066,0.30034477,0.3065338,0.24214308,0.31161544,0.25374725,0.3129191,0.26292008,0.27760243,0.26197773,0.30395484,0.293723,0.2577297,0.30198658
0.2664796,0.2931111,0.30172393,0.30813128,0.29477194,0.27969593,0.25886217,0.29864362,0.2821736,0.27030832,0.2774788,0.27195555,0.30759972,0.26875067,0.32565373,0.2861905,0.3206328,0.26000035,0.3000044,0.24152197,0.30383775,0.31215313,0.31017345,0.26877135,0.25728703,0.27640486,0.3052313,0.32181287,0.303909,0.315575,0.25203782,0.29160202,0.30692703,0.309082,0.29911053,0.30137414,0.29273912,0.33963287,0.27362713,0.30012667,0.30813992,0.291534,0.32283515,0.29237998,0.28339052,0.29327923,0.2934548,0.2928763,0.27800652,0.29011482,0.24928701,0.29690036,0.27538407,0.2981827,0.2860605,0.30498493,0.31913376,0.2853335,0.24607337,0.29599077,0.3077538,0.29238883,0.3295429,0.29833525,0.27973843,0.28337902,0.30868846,0.31094778,0.28550658,0.29058444,0.29859072,0.30803725,0.29437768,0.31495765,0.2866161,0.28125367,0.26861984,0.26034307,0.32562584,0.2931224,0.25092024,0.29066306,0.23299345,0.31664667,0.2845822,0.33167088,0.25826377,0.30062044,0.24692981,0.30463672,0.24636197,0.28039366,0.29396242,0.27143934,0.2922948,0.30217326,0.26994288,0.27769917,0.2838683,0.31326666,0.29356962
0.26716718,0.25071913,0.22397633,0.22599275,0.2004532,0.2856422,0.23001231,0.24796553,0.25823608,0.24330385,0.20166227,0.20972916,0.26057893,0.2565503,0.21671669,0.2818551,0.19610214,0.27102584,0.24900039,0.25307608,0.20405246,0.2682684,0.24912395,0.24180979,0.26783115,0.2532441,0.26421762,0.24772714,0.20835447,0.23838612,0.25457203,0.23437192,0.26019585,0.24640067,0.2043491,0.22957124,0.21770798,0.22914486,0.2863754,0.25771526,0.2367839,0.28743833,0.2462271,0.23667125,0.21117249,0.23233843,0.21742688,0.24283384,0.24550611,0.2498671,0.20140459,0.2596612,0.24702492,0.24202652,0.2374607,0.25986803,0.23979662,0.25452936,0.23405927,0.21704373,0.28904808,0.21984117,0.25476962,0.23946437,0.23134434,0.24356902,0.23444206,0.28887588,0.24073823,0.21238026,0.23247,0.20290363,0.21191917,0.22372638,0.22902913,0.26750985,0.24039418,0.20887159,0.21270216,0.26251298,0.30571413,0.28564093,0.24021485,0.24677508,0.24034314,0.24882457,0.2329131,0.24214564,0.27278918,0.23134696,0.2466257,0.24420579,0.19702375,0.21435374,0.23160145,0.2366775,0.25593865,0.2549398,0.22591226,0.21750994,0.24463362
0.2694285,0.2760424,0.29104006,0.29269075,0.2802943,0.30583757,0.29470277,0.3010786,0.30402523,0.30799526,0.28071895,0.2709851,0.28977865,0.30107856,0.30812472,0.3071841,0.26900327,0.30625418,0.2960251,0.2836117,0.30504724,0.2829172,0.3368731,0.31530416,0.30874097,0.27177817,0.31595963,0.30003712,0.29167283,0.29722524,0.3056717,0.33053768,0.27854794,0.2693557,0.28878358,0.3027619,0.32078403,0.29227686,0.27291697,0.28991145,0.28754932,0.2657916,0.31414703,0.28371173,0.26706645,0.27808136,0.27885368,0.2933734,0.28123927,0.31426525,0.2702278,0.3400873,0.26204187,0.24260293,0.27114153,0.27100873,0.2837879,0.26427338,0.30897617,0.30390418,0.29730868,0.3441227,0.2797575,0.2954341,0.28086236,0.28259733,0.26679385,0.32604688,0.29224032,0.3151013,0.29355037,0.27587408,0.306418,0.25831437,0.27282774,0.2929161,0.29085177,0.31884015,0.32538462,0.30949712,0.28455174,0.26029664,0.3177749,0.27998358,0.30032903,0.31724826,0.31294072,0.30265036,0.27387303,0.30166674,0.28419417,0.31009263,0.29721755,0.2535106,0.3059755,0.32817852,0.26075363,0.28571135,0.2882914,0.28915715,0.31954217
0.26950777,0.2796203,0.2499998,0.28954756,0.28262073,0.28188735,0.25859746,0.2685821,0.260307,0.2616821,0.27668005,0.27707112,0.28434283,0.2833689,0.24961147,0.25983292,0.25564244,0.31549042,0.33280644,0.30337298,0.27611387,0.25525358,0.2547238,0.26484668,0.25150776,0.26588714,0.302708,0.28210467,0.27574486,0.23927712,0.29348633,0.2255058,0.30691457,0.25852478,0.26990333,0.2912436,0.31558695,0.27104425,0.28646967,0.29775017,0.2750827,0.27143562,0.25288594,0.28790665,0.31435663,0.26618344,0.27089873,0.25992417,0.28261936,0.27479637,0.28074667,0.26920217,0.25452262,0.2922259,0.22997028,0.31189674,0.25559625,0.23655896,0.27459013,0.25793892,0.29455137,0.2672856,0.26903927,0.25350577,0.27271932,0.29250428,0.32080144,0.2545603,0.2623769,0.29029304,0.29155803,0.32393548,0.2712264,0.2391463,0.3006236,0.2907518,0.28107184,0.27025002,0.2645952,0.27827084,0.30931735,0.26146072,0.29491687,0.28678071,0.30030978,0.26995477,0.27288985,0.26413184,0.23479502,0.26391572,0.2822343,0.29714543,0.29280275,0.25799465,0.31087548,0.26075107,0.2570684,0.29243195,0.2964182,0.27901012,0.28534657
0.27084538,0.2892379,0.27803487,0.25822526,0.27103955,0.24964766,0.2523011,0.24790154,0.27272454,0.28803658,0.25621444,0.24706508,0.26040283,0.24513668,0.26852643,0.24395494,0.26583368,0.2762832,0.23856047,0.2631876,0.2783478,0.24902028,0.26285574,0.25982437,0.2546001,0.30400962,0.25797832,0.28227082,0.2750131,0.25658947,0.26668626,0.2758143,0.27139753,0.27593988,0.27871275,0.27946663,0.2549342,0.26313502,0.25719908,0.24780421,0.29855055,0.26823175,0.26817387,0.2820147,0.28652263,0.2710177,0.25958207,0.27836263,0.27056468,0.2935266,0.27510583,0.23784621,0.28048557,0.24093051,0.30699486,0.28009427,0.24994761,0.2646836,0.22023879,0.27347532,0.2573095,0.2934468,0.2567042,0.25501543,0.26014328,0.26341212,0.26950532,0.25563985,0.2355734,0.2694685,0.26665407,0.2621103,0.24445651,0.27585196,0.24392378,0.22500011,0.2533007,0.25258315,0.3001275,0.23303317,0.25437635,0.26164043,0.28002453,0.30128652,0.27192605,0.25035495,0.27610347,0.28835788,0.2549279,0.24235249,0.2590444,0.25210673,0.2881567,0.2752424,0.26322764,0.25970954,0.27694613,0.25558543,0.27393204,0.32563657,0.27080458
0.2745393,0.27332672,0.28804657,0.27418336,0.28356415,0.28752816,0.2797329,0.31502372,0.29663044,0.258083,0.2914393,0.28420764,0.26580596,0.28011215,0.3231008,0.2741609,0.28449786,0.24231885,0.28769898,0.28824717,0.27988636,0.30878973,0.28916016,0.2821405,0.2812683,0.27953327,0.30221373,0.27775985,0.25686622,0.29332906,0.2739143,0.31166708,0.2643918,0.28196096,0.31556016,0.31006187,0.2904849,0.31487018,0.29964507,0.29075518,0.26101258,0.3332219,0.2822498,0.26657173,0.30187452,0.29892507,0.30370653,0.29249358,0.3070954,0.26550007,0.26880997,0.31760883,0.28884488,0.30624902,0.32325652,0.28782636,0.29472297,0.28082275,0.31675678,0.27650717,0.26033378,0.27878356,0.29673082,0.29450923,0.32512352,0.28568977,0.30128065,0.27730054,0.3104786,0.29721758,0.2632285,0.28284857,0.28403935,0.28813154,0.30297858,0.30371654,0.3084469,0.2927274,0.26004246,0.25043786,0.29519323,0.26990235,0.28711915,0.29106158,0.29982477,0.3081519,0.29230678,0.32134154,0.32709786,0.25989562,0.30431765,0.29262507,0.28015652,0.31023723,0.2786063,0.26644242,0.24964844,0.29573542,0.289311,0.2973872,0.28359258
0.27543604,0.2938512,0.2907235,0.2886207,0.26518083,0.26611593,0.30086872,0.3010439,0.25134224,0.29033756,0.3038195,0.29984754,0.2441109,0.27834827,0.28983307,0.31376672,0.27538007,0.266509,0.3135714,0.3157603,0.31855905,0.29944313,0.27957362,0.27719808,0.32072002,0.25932086,0.25714284,0.30397546,0.31635344,0.2885235,0.24325897,0.25696522,0.28642225,0.3185253,0.31687206,0.2986719,0.3035036,0.29565614,0.3112517,0.299612,0.24157023,0.30887896,0.25558203,0.30724603,0.28759316,0.30002862,0.25973278,0.29529908,0.3114465,0.28752607,0.28202513,0.30761403,0.28868824,0.257496,0.28186804,0.29523438,0.2765634,0.2653944,0.32698393,0.3029262,0.30288902,0.31031126,0.29547745,0.29924265,0.2844186,0.2964984,0.2860269,0.27254045,0.29730558,0.29842782,0.28639895,0.29280832,0.3016811,0.27317166,0.31251618,0.30158037,0.26423597,0.28502756,0.2978081,0.3071268,0.29657754,0.29931778,0.27883223,0.30518824,0.25524813,0.26040256,0.2881186,0.30922198,0.28329116,0.2787112,0.29985863,0.2839389,0.2783926,0.29337198,0.27768478,0.3132435,0.3487994,0.27096525,0.3225785,0.2644306,0.2858691
0.2777242,0.3008501,0.30284342,0.28585088,0.27173364,0.28337044,0.3035261,0.2950464,0.2982058,0.3141086,0.3016561,0.2895,0.33564842,0.28431118,0.2967071,0.3240969,0.29254556,0.27347142,0.27859157,0.3136376,0.2971834,0.2901523,0.30332774,0.29376057,0.2546276,0.31323692,0.25934428,0.2885993,0.26812232,0.32123947,0.2965938,0.26017562,0.27329564,0.35672212,0.288983,0.32446963,0.30702794,0.28695822,0.25056815,0.28177184,0.3019933,0.28005463,0.30999422,0.2841224,0.29460987,0.29815578,0.2914515,0.28150964,0.32102662,0.29206654,0.28856224,0.3046894,0.28449327,0.2884817,0.29120225,0.3297696,0.28307405,0.31411445,0.31117076,0.30630964,0.2680605,0.28074455,0.2987635,0.29493868,0.26520902,0.29132533,0.31776795,0.27200693,0.30091375,0.27710396,0.26419243,0.3405912,0.29211324,0.300256,0.27504522,0.28154272,0.28653592,0.35389155,0.29818064,0.28789544,0.28449935,0.33105692,0.28769714,0.31227887,0.28432637,0.28738284,0.27061087,0.26565897,0.2846167,0.28551537,0.28722507,0.30452147,0.28422558,0.27452457,0.29754573,0.30189934,0.29894143,0.32444787,0.29598725,0.25803304,0.3005585
0.2830655,0.32255912,0.25589442,0.28237045,0.28370416,0.2758947,0.2761745,0.3212314,0.3275566,0.32547432,0.3143431,0.28478658,0.29074633,0.31323528,0.2974828,0.29533094,0.32260948,0.2829144,0.29756844,0.3003238,0.2799854,0.2893753,0.28851247,0.30090535,0.27625078,0.31696737,0.2782874,0.31821603,0.27764285,0.29294407,0.29175478,0.29531848,0.2900182,0.29481155,0.30612567,0.32973754,0.281447,0.27725595,0.2979576,0.2698301,0.28557992,0.29354018,0.27088648,0.2673023,0.3296551,0.2864138,0.31944615,0.3091037,0.30386746,0.28457946,0.34306115,0.3119083,0.2752577,0.2911052,0.2509684,0.27252817,0.31278634,0.29103494,0.2727158,0.2887267,0.29693854,0.2665274,0.30239892,0.31362838,0.31672972,0.29847234,0.3067117,0.306082,0.2866091,0.31868684,0.2858472,0.30184603,0.2977141,0.3192997,0.27362797,0.29099607,0.28351164,0.29933715,0.28219318,0.27517498,0.3168298,0.34115803,0.2538768,0.30345508,0.30215234,0.28594226,0.33058482,0.2867869,0.27570894,0.28007728,0.29167938,0.26706648,0.2997179,0.2925446,0.29505432,0.28278074,0.31554574,0.28509164,0.2560507,0.27916855,0.26805398
0.2845699,0.2719435,0.3106681,0.28793895,0.28680348,0.28148845,0.29714745,0.28245547,0.25536883,0.29157686,0.2717262,0.2667209,0.27372772,0.26227057,0.24151982,0.269341,0.2628351,0.30106008,0.27889034,0.23912951,0.2806397,0.27146608,0.26479647,0.28208962,0.29436487,0.2726308,0.30119342,0.2729084,0.27199244,0.26335162,0.24568292,0.2741282,0.28606367,0.28161848,0.2657771,0.30783454,0.26470304,0.27306655,0.26676077,0.27036723,0.31761456,0.3197736,0.2761402,0.3082744,0.275497,0.2839206,0.25367692,0.30327514,0.30446061,0.31270772,0.26687706,0.29798114,0.29694214,0.2975995,0.26294112,0.27056336,0.3095386,0.28340453,0.2953439,0.26873127,0.26923072,0.24360639,0.25544703,0.3012798,0.2749557,0.29333758,0.25485906,0.29216772,0.26470262,0.29471934,0.27614212,0.2778668,0.29708585,0.30582136,0.27593982,0.2821918,0.25081027,0.29859164,0.28069276,0.26791817,0.2609554,0.2815745,0.29048932,0.2826383,0.23713432,0.28005755,0.26519164,0.28408498,0.2571811,0.28896317,0.31033564,0.27447218,0.27241504,0.27944225,0.26681596,0.27142334,0.26077244,0.31347072,0.25523543,0.31275383,0.26111937
0.28604132,0.29721978,0.29495233,0.27355444,0.2977031,0.28600305,0.24068233,0.26505303,0.30319822,0.2837837,0.2762377,0.26526403,0.2685241,0.27731264,0.29507148,0.27474755,0.2701535,0.29744333,0.30892998,0.26703537,0.2855837,0.26060277,0.28799707,0.2991556,0.28946853,0.3135209,0.28623915,0.2790506,0.27878928,0.24356854,0.27389255,0.27595156,0.28570232,0.30483806,0.2615978,0.2902978,0.31745827,0.3136738,0.28672552,0.27590317,0.28617543,0.30584303,0.2467676,0.3000362,0.27711523,0.24186821,0.2633838,0.2756753,0.29615033,0.2900377,0.30379432,0.28000522,0.28459567,0.27441275,0.3111689,0.2889889,0.27805316,0.27642405,0.2966118,0.28972805,0.27627736,0.27791816,0.27666983,0.2904337,0.30027828,0.29668286,0.2820155,0.26605338,0.25909266,0.27857313,0.30642247,0.30730343,0.3009215,0.33121997,0.31558335,0.27130806,0.27585644,0.28537464,0.24411643,0.27464932,0.28929752,0.32156986,0.25693357,0.30222386,0.2392814,0.25367892,0.30924618,0.33842626,0.28930876,0.2781278,0.276851,0.27617168,0.3049683,0.3117908,0.2759689,0.30664527,0.24782424,0.30849004,0.29871565,0.28153375,0.26408854
0.28692916,0.25813782,0.26198256,0.2967472,0.27092057,0.2563078,0.27595395,0.26947343,0.29135448,0.26681864,0.30119336,0.2702152,0.28606504,0.2629582,0.27150604,0.28715172,0.3003444,0.2764756,0.26516905,0.29762125,0.2669263,0.288214,0.2954268,0.26848537,0.29731387,0.2688259,0.26244605,0.29531336,0.2673639,0.29035312,0.280617,0.25906947,0.29533115,0.2773889,0.2983855,0.2918247,0.26840177,0.28826457,0.2588141,0.25137216,0.3005034,0.27449885,0.2966258,0.3124079,0.28824723,0.30921456,0.27823472,0.28676474,0.28698573,0.3230249,0.29083234,0.27118653,0.27111584,0.29327416,0.2873838,0.27991065,0.2880051,0.31004184,0.27318308,0.27758652,0.32831234,0.2996415,0.27338997,0.25340366,0.270956,0.2558317,0.30659652,0.29721388,0.2850753,0.28923142,0.29663432,0.25758675,0.26234788,0.29445586,0.28349096,0.3048371,0.308343,0.29869145,0.29667848,0.2896093,0.2933998,0.2874046,0.27826625,0.279733,0.2747699,0.30318868,0.3081385,0.3061825,0.30418324,0.31678593,0.30845177,0.25818753,0.28175563,0.249673,0.28551602,0.28610587,0.31267837,0.33253253,0.3033054,0.26118284,0.2917241
0.28858447,0.2961377,0.3228045,0.31262404,0.33241904,0.31375504,0.2982083,0.28141707,0.29435933,0.35198015,0.29690513,0.3358605,0.33640283,0.2964872,0.32153267,0.32571453,0.31459284,0.31912392,0.31957728,0.33134872,0.2766025,0.28635818,0.30408245,0.29482532,0.3046894,0.30841815,0.32814395,0.28100812,0.28444412,0.28639823,0.33250704,0.28236473,0.29192495,0.294265,0.297935,0.31919312,0.29578927,0.3539977,0.27476346,0.32354963,0.29794094,0.2737859,0.3187765,0.30923772,0.29663265,0.32563746,0.32985836,0.32581893,0.32008386,0.31557488,0.31823212,0.28668463,0.28082296,0.32894787,0.3238516,0.32046446,0.30812556,0.29718888,0.30636126,0.29480982,0.27260557,0.29374814,0.31208652,0.29836446,0.28436315,0.3004241,0.35020125,0.31661183,0.3080269,0.31786597,0.30405897,0.3045172,0.28613847,0.3085936,0.28724146,0.3422258,0.2901606,0.31569493,0.3427149,0.3433789,0.3290465,0.3144903,0.357049,0.3048268,0.28059816,0.29163805,0.3065707,0.2821564,0.3258825,0.33947057,0.28725886,0.31076092,0.2955901,0.31538242,0.30739304,0.29086655,0.3327723,0.30655938,0.30888104,0.3081786,0.32085818
0.28930885,0.30042815,0.269531,0.3055054,0.26373506,0.27590787,0.30405977,0.3346985,0.30084512,0.30362585,0.29403615,0.31620622,0.2984078,0.32307395,0.27775413,0.28596443,0.3000672,0.2635039,0.32506996,0.28171527,0.29788792,0.27546653,0.31162292,0.3177906,0.31252444,0.289652,0.29644406,0.29790467,0.2963094,0.28744906,0.2929548,0.27843213,0.30527085,0.29642484,0.3092115,0.27485612,0.2970134,0.29364532,0.31272668,0.30294123,0.30358583,0.2746275,0.34377843,0.30611336,0.3016135,0.3112164,0.3014654,0.3043298,0.3090961,0.29485738,0.3294735,0.2651065,0.34030086,0.30745882,0.29521734,0.25428867,0.32555363,0.31337348,0.30686373,0.32132098,0.30191445,0.31247035,0.26548776,0.29148597,0.30424127,0.29955125,0.30113754,0.29002142,0.3334194,0.26113617,0.2835706,0.28261763,0.28508103,0.29776084,0.2988528,0.2707881,0.3460613,0.3155083,0.2800138,0.31668904,0.29223362,0.2929219,0.31785256,0.2822578,0.2606085,0.30243737,0.29360634,0.30521387,0.30678442,0.25467837,0.29226667,0.29327023,0.28904295,0.32498252,0.28767926,0.30417055,0.27248344,0.31491172,0.27823687,0.27957225,0.30155885
0.29035878,0.32189685,0.2679178,0.21777739,0.25305408,0.27927512,0.2849388,0.2977144,0.27720603,0.2884801,0.25729573,0.29698816,0.28467828,0.25643942,0.24250038,0.2598163,0.260066,0.24150346,0.29590827,0.28059453,0.30912924,0.25697443,0.2574016,0.29357016,0.30980426,0.2743811,0.2871734,0.27311805,0.28264466,0.24632967,0.24855773,0.27132207,0.28508246,0.25776356,0.29476765,0.2612195,0.27796793,0.28400955,0.2658496,0.25430983,0.26778525,0.26347318,0.32432598,0.2999932,0.2769739,0.30291075,0.27357438,0.27470073,0.2898503,0.28587896,0.2723033,0.29162163,0.25009924,0.25970715,0.2735501,0.26622668,0.3311712,0.2875744,0.2762457,0.24154294,0.2860926,0.31156802,0.25901365,0.2502303,0.29095864,0.28097427,0.30411178,0.28507674,0.278138,0.26428562,0.26814818,0.25886732,0.24885936,0.2614296,0.25357115,0.31051642,0.25130522,0.29291528,0.2503304,0.2823065,0.25914955,0.27942032,0.2672385,0.2775336,0.26537582,0.25929755,0.26496768,0.2823196,0.3014188,0.28973642,0.28202227,0.28934252,0.30163825,0.2784432,0.25929767,0.27102172,0.27268478,0.2737871,0.33587658,0.28377748,0.27346444
0.29044044,0.3146863,0.3363443,0.2994331,0.30615062,0.31261864,0.2821771,0.27887428,0.27043656,0.28189445,0.32765156,0.32880044,0.30130166,0.29017887,0.31165814,0.31638688,0.31283972,0.29640478,0.28256404,0.29190862,0.34013474,0.28459102,0.3030625,0.28789413,0.27063295,0.2872275,0.2854183,0.30426162,0.29896396,0.29209504,0.30639786,0.29273772,0.3007543,0.30085248,0.2865004,0.31580263,0.33698323,0.3015555,0.33062667,0.32582477,0.28737026,0.27715325,0.29657972,0.2867526,0.35559928,0.3033582,0.26680902,0.29789865,0.31118077,0.28857994,0.32972616,0.28924203,0.28901494,0.31358922,0.31059605,0.31177753,0.30047816,0.29311246,0.2861081,0.29840696,0.33205494,0.24254462,0.29983932,0.35654116,0.3466,0.31981218,0.29988092,0.2665066,0.27759707,0.32180405,0.27749532,0.32384104,0.2919107,0.3175369,0.30241448,0.30265802,0.31988183,0.2684223,0.26842207,0.3033057,0.28270945,0.28701735,0.32510054,0.3520522,0.28840578,0.32104534,0.33774424,0.28495482,0.32560956,0.3054546,0.2946729,0.29476517,0.28666407,0.3140282,0.34496504,0.34136993,0.28252995,0.25130683,0.30222988,0.2989297,0.27712667
0.29143563,0.31363225,0.32997006,0.28466326,0.2901286,0.2944793,0.3090847,0.2906002,0.30276805,0.33571237,0.28295368,0.32799184,0.34047395,0.31344187,0.3079935,0.3124358,0.30151975,0.30237114,0.28552142,0.30187955,0.31167287,0.31363353,0.3429734,0.36316168,0.3078931,0.31892034,0.29657775,0.3091571,0.3225991,0.28777057,0.3131181,0.32233405,0.30342036,0.30797982,0.2992257,0.3549133,0.28918695,0.28687274,0.325708,0.37032747,0.3114643,0.31389022,0.30773783,0.32352987,0.3413223,0.31541282,0.28392804,0.2895776,0.3008108,0.2956699,0.31905803,0.33115584,0.30172527,0.30137914,0.32608128,0.30227494,0.29656383,0.32514334,0.29239547,0.29320008,0.27360913,0.3189789,0.2924189,0.2758015,0.2933377,0.29504794,0.3285125,0.33413154,0.30213726,0.30173296,0.30199963,0.3498382,0.31354934,0.3197701,0.31904835,0.2996155,0.30778712,0.2859381,0.3107431,0.29298562,0.30788642,0.3046857,0.31516194,0.33114666,0.31272444,0.3335461,0.33038682,0.31688505,0.32273275,0.30542445,0.3257572,0.32583648,0.31473348,0.303571,0.33870685,0.30611983,0.3230348,0.34359157,0.32567587,0.33244568,0.3042407
0.2928091,0.27813482,0.31797493,0.30885327,0.30600053,0.30890554,0.29525438,0.28670913,0.29911828,0.27456397,0.321269,0.31281978,0.28621262,0.2840401,0.31513512,0.3130492,0.28729868,0.29508838,0.29285836,0.31592402,0.30251545,0.3109662,0.26588282,0.2829612,0.34719318,0.31331682,0.28899777,0.28528947,0.3069429,0.31524485,0.31165802,0.30791652,0.32694498,0.33608788,0.27696306,0.28711033,0.31628,0.30961427,0.29371163,0.3099103,0.32500464,0.3039226,0.30048788,0.31994027,0.32027042,0.30224967,0.3215133,0.29715988,0.35036987,0.31013933,0.29529363,0.31528538,0.3165456,0.31395143,0.2894237,0.27970588,0.2834737,0.27611142,0.29756194,0.27948266,0.29056883,0.32065582,0.32357043,0.28017956,0.27883655,0.324987,0.31818473,0.2746029,0.3230542,0.3012674,0.3380485,0.3342922,0.28453606,0.30314887,0.31726176,0.31753242,0.29387832,0.3286599,0.31955415,0.325172,0.30092183,0.29490083,0.31010133,0.30464798,0.32588756,0.31511128,0.30886954,0.27314442,0.28194913,0.29678327,0.34010783,0.28252834,0.2904588,0.2950626,0.27143013,0.31194904,0.28700083,0.30735606,0.27765203,0.26874238,0.25711578
0.29309037,0.3042825,0.29794455,0.29867747,0.30348086,0.30601907,0.32579756,0.27334708,0.3001184,0.2986493,0.264952,0.32097697,0.3001666,0.3180487,0.28641784,0.27959248,0.3298332,0.29554677,0.28264177,0.30273288,0.31052077,0.3071053,0.33664668,0.32946622,0.245179,0.32113153,0.29487455,0.28564838,0.31807172,0.2751364,0.31796592,0.2891754,0.2947789,0.32255197,0.30124724,0.27685803,0.2662822,0.31691605,0.32211977,0.2902676,0.30381638,0.29372156,0.28817618,0.2939518,0.33117285,0.31378853,0.29954118,0.2917974,0.28978652,0.31688434,0.2780316,0.33394444,0.29732907,0.31635708,0.30242157,0.3302204,0.2903911,0.32089734,0.30010426,0.29354167,0.2979959,0.30976123,0.3244158,0.33408982,0.32659066,0.30775392,0.33277828,0.3118742,0.3020481,0.31260502,0.2851286,0.31382287,0.32668853,0.31431434,0.3334353,0.31554604,0.31378114,0.31422624,0.296339,0.29627615,0.29655695,0.33819383,0.31797972,0.31563163,0.267786,0.31858742,0.30022633,0.278948,0.29477024,0.26523358,0.28206456,0.33090785,0.31080887,0.29167557,0.29165927,0.30302966,0.32324606,0.27512974,0.30638194,0.2940308,0.29171008
0.2937575,0.3046586,0.3027462,0.3389116,0.29562265,0.3016739,0.3089786,0.30406314,0.3172583,0.32907957,0.32518852,0.31546503,0.3121696,0.30148408,0.3087632,0.310161,0.31324422,0.34748143,0.29562086,0.27335376,0.28764462,0.31995735,0.28748727,0.306119,0.32855797,0.32643074,0.31521213,0.31270185,0.29236916,0.31945786,0.31120992,0.35028768,0.2724378,0.2842782,0.3033054,0.31442875,0.329154,0.3128304,0.31041384,0.31917444,0.314043,0.30026633,0.29815745,0.30625117,0.33320844,0.31772012,0.29860178,0.31695437,0.30090657,0.2864868,0.28247398,0.3305859,0.3589,0.3176846,0.31180537,0.32107505,0.30295682,0.2983244,0.31423867,0.30717778,0.304308,0.29684675,0.33154732,0.3205651,0.30276448,0.31054765,0.3007713,0.32820052,0.310284,0.2871784,0.31269532,0.29428402,0.30579266,0.33471996,0.30399126,0.32997668,0.31162345,0.3148832,0.3181445,0.29877323,0.31982863,0.33698857,0.32212496,0.322905,0.26137567,0.32087427,0.32904822,0.30038851,0.31389263,0.32132584,0.32402,0.33100927,0.3116,0.33850345,0.28874382,0.31749612,0.33008093,0.3084011,0.34727114,0.33628076,0.30573487
0.29474288,0.31445724,0.3210612,0.28909814,0.29690033,0.31412497,0.30703014,0.30830228,0.3252169,0.30603242,0.2754792,0.30427167,0.31850952,0.3057614,0.31084955,0.276917,0.37320596,0.32181093,0.28989863,0.3199833,0.2875618,0.30754256,0.27897707,0.290803,0.28985715,0.3144384,0.28979665,0.3106194,0.3370911,0.29055136,0.33180928,0.2783916,0.30099112,0.32404226,0.27250472,0.3315246,0.26190287,0.30418277,0.32202542,0.28129786,0.29613823,0.29028594,0.31373417,0.28192466,0.28301322,0.31359035,0.3243187,0.26812357,0.24804637,0.31938207,0.3100353,0.2963923,0.33180732,0.27213013,0.29500255,0.31637645,0.3263,0.2779233,0.30081993,0.27096254,0.3313139,0.30859798,0.28644842,0.28644264,0.33721775,0.27340844,0.2867856,0.31596398,0.3339609,0.33160925,0.28138798,0.29449207,0.33256447,0.29378015,0.30548656,0.31175923,0.29732698,0.353131,0.32597885,0.29331285,0.29748374,0.29400522,0.28528297,0.30703953,0.3098777,0.31525773,0.2945726,0.33264726,0.30460322,0.3023005,0.31282988,0.32815135,0.31711417,0.3391845,0.3076976,0.2962764,0.28930694,0.34399498,0.29530174,0.31232882,0.3335644
0.2979956,0.29003257,0.29303133,0.35319084,0.2810948,0.307344,0.30328763,0.31170225,0.3126725,0.31957573,0.32376203,0.34156758,0.29919738,0.3146586,0.28791514,0.30123457,0.32192802,0.32609183,0.35054326,0.30953872,0.32864624,0.31970495,0.32374677,0.32801372,0.29918915,0.31090575,0.3146516,0.30071127,0.3252793,0.30757213,0.32966042,0.2775744,0.30080432,0.29130685,0.32833916,0.29232895,0.27645683,0.2982304,0.2758208,0.3046621,0.30488694,0.28575444,0.31228212,0.33198634,0.30853885,0.311859,0.30415794,0.3205619,0.2887733,0.3020174,0.32069877,0.30110973,0.2867722,0.314118,0.29182932,0.32228333,0.32695523,0.3168015,0.3185833,0.3125608,0.29805958,0.31535077,0.31169832,0.2732523,0.29178888,0.3069504,0.29061902,0.31168664,0.34981298,0.3062895,0.3256942,0.34608608,0.35162497,0.31541872,0.30122757,0.29709166,0.32293624,0.31841186,0.29889628,0.3114305,0.29628032,0.31658256,0.32837284,0.33093944,0.34255046,0.30800545,0.2991896,0.3029017,0.32275933,0.27865893,0.3173416,0.301641,0.32652116,0.30180615,0.28299856,0.28980643,0.3147127,0.29731524,0.27729657,0.32782757,0.2941609
0.298053,0.28480273,0.29366958,0.33432877,0.2842184,0.29624006,0.32140917,0.28740922,0.33032608,0.31450027,0.30555603,0.31074965,0.28167832,0.2869251,0.31174213,0.28766662,0.28426456,0.2643094,0.30544016,0.30626714,0.27375147,0.2466626,0.26764232,0.31715116,0.30071238,0.29352885,0.2972318,0.32334125,0.28324598,0.2795943,0.29118094,0.2919824,0.2835673,0.31510407,0.28551784,0.33231336,0.29491627,0.29370207,0.2998389,0.3083137,0.3053422,0.32213736,0.30630606,0.2652957,0.3129692,0.28404552,0.26967806,0.2988894,0.29525852,0.29469627,0.29497457,0.284357,0.30549335,0.32643867,0.27273458,0.3222596,0.30874074,0.30366486,0.26895803,0.28518647,0.31918392,0.3069339,0.3120566,0.31023806,0.31667703,0.31285712,0.32498944,0.287782,0.30394998,0.32347703,0.2938989,0.29035234,0.30121297,0.30524212,0.33363742,0.30909294,0.26565203,0.29039764,0.33622873,0.30822897,0.27219313,0.2870322,0.32189953,0.28304756,0.29876924,0.28680003,0.29733652,0.27908295,0.34006116,0.2966504,0.31869438,0.28509343,0.32471246,0.30115384,0.27974075,0.29064012,0.28574723,0.3061257,0.3323302,0.29069462,0.30367613
0.29858863,0.30724543,0.29785258,0.32664174,0.28607148,0.32018358,0.33727592,0.31608632,0.2913599,0.35338163,0.31882438,0.34982175,0.30476663,0.31687263,0.31359285,0.2944895,0.30155107,0.3452959,0.32438594,0.34857124,0.3390632,0.335531,0.3228007,0.3492481,0.30267674,0.3442589,0.29688543,0.30831292,0.33503157,0.33256698,0.33831546,0.3043645,0.3238951,0.3163771,0.3173834,0.31523457,0.34690827,0.33326668,0.2757613,0.3243944,0.3035717,0.3098393,0.31286645,0.26618975,0.35528618,0.315955,0.319151,0.3216715,0.35661852,0.29417956,0.32366866,0.30809963,0.34090132,0.31265637,0.31242955,0.34654337,0.30708766,0.31508258,0.33042127,0.33306235,0.31207258,0.3246442,0.31299525,0.2982204,0.3033474,0.2968027,0.32248724,0.3097582,0.32112736,0.33422577,0.2882467,0.3100894,0.2920938,0.2928366,0.30503884,0.2889728,0.30669266,0.31102088,0.31279898,0.30339062,0.3134393,0.36032593,0.32839802,0.34158486,0.33785528,0.3252687,0.33594155,0.2969637,0.31612253,0.30063045,0.36330354,0.3465485,0.33813012,0.29163742,0.305979,0.33398688,0.3397203,0.3581667,0.30443633,0.3290928,0.3062951
0.2986196,0.30457577,0.3090875,0.31727707,0.3319265,0.31494164,0.35081303,0.3571303,0.3275844,0.32714206,0.31058222,0.3190149,0.32344395,0.34562355,0.32396367,0.30045444,0.31418747,0.31610456,0.33539152,0.317571,0.33917427,0.33129326,0.37505805,0.3298082,0.3311751,0.29857355,0.33862734,0.33735093,0.32146102,0.32359433,0.3340258,0.31952256,0.30809894,0.34054595,0.3316458,0.32021904,0.3153667,0.29922628,0.30743045,0.33339474,0.33288735,0.30924863,0.30543596,0.3291182,0.3259554,0.33047986,0.33188865,0.29946896,0.3154061,0.33991963,0.3557443,0.3283128,0.34377807,0.30880803,0.32880023,0.28889698,0.3262757,0.35173166,0.31844968,0.34453452,0.3734817,0.34674472,0.31772077,0.35865933,0.34386957,0.3241258,0.31440586,0.31698692,0.33159247,0.34107482,0.29307866,0.27493227,0.31376177,0.33903486,0.30809587,0.3342412,0.29314893,0.30357045,0.3203917,0.34449524,0.3545673,0.344298,0.34232306,0.33479255,0.32470745,0.31331336,0.30590957,0.32003087,0.30833846,0.3235239,0.34435183,0.34337753,0.3339675,0.3018606,0.31333953,0.32603794,0.29933822,0.2893386,0.3264441,0.3352456,0.31063044
0.29922482,0.32117754,0.3365816,0.31253755,0.31306934,0.3245394,0.34162968,0.30557853,0.31721467,0.35352737,0.2562181,0.3266529,0.33058986,0.31478876,0.3131331,0.2991459,0.3003046,0.32766676,0.33780175,0.31985185,0.31140542,0.3164904,0.32829416,0.31938982,0.32255697,0.33329433,0.36257225,0.28934082,0.3200512,0.32728708,0.30868962,0.31541097,0.32835776,0.33214468,0.3325686,0.33515254,0.3235348,0.3404705,0.3119883,0.35032213,0.2930467,0.312186,0.30102623,0.31588638,0.28665608,0.29720813,0.33104935,0.3152401,0.3311132,0.3534838,0.33083582,0.3343721,0.3299348,0.32164097,0.30244178,0.28503874,0.3328823,0.33029062,0.30754012,0.33555132,0.33811268,0.37090302,0.32950902,0.29437396,0.30768406,0.31265897,0.33993202,0.308424,0.32940084,0.28781897,0.3079971,0.353715,0.31817955,0.32623184,0.30270362,0.32776427,0.31667918,0.31849545,0.27546388,0.29587433,0.26741946,0.3279036,0.29238224,0.33407262,0.31662333,0.32337773,0.32429272,0.3118085,0.29672417,0.33721685,0.2926165,0.31965792,0.34035546,0.29733074,0.31685895,0.32157588,0.32099771,0.30610728,0.33261395,0.30909747,0.31809312
0.29999918,0.31677067,0.30600986,0.33092934,0.30523843,0.24984567,0.28050297,0.32401747,0.2856303,0.27482396,0.28574848,0.28268695,0.2909192,0.27739078,0.25002176,0.26572204,0.28831738,0.3062384,0.2901764,0.30240625,0.2893495,0.2845807,0.2717746,0.2887499,0.28382194,0.2714783,0.28607783,0.29127973,0.26096752,0.27739626,0.30793405,0.29986414,0.3169284,0.2656935,0.3184812,0.30265838,0.2772973,0.29751313,0.30920994,0.26964095,0.3102876,0.29495615,0.26265848,0.2771405,0.29818887,0.2837079,0.29016685,0.2847986,0.26937693,0.30776745,0.31917208,0.26429176,0.3040921,0.30501747,0.2737636,0.29247767,0.29282612,0.30323327,0.29894376,0.30897105,0.3113255,0.33080786,0.29524884,0.27226448,0.30450743,0.2814911,0.3052625,0.26992247,0.34221423,0.33694506,0.31614897,0.28528404,0.29353303,0.29411852,0.28702655,0.29499346,0.28910318,0.30861086,0.26082423,0.2806664,0.2846387,0.3001125,0.27608603,0.26270634,0.2966239,0.29764634,0.33388245,0.30236268,0.27931613,0.30469608,0.31026787,0.32502604,0.31050667,0.2619677,0.29872787,0.30140164,0.27955735,0.32567888,0.26171905,0.30707633,0.28412533
0.30032519,0.30794975,0.27686152,0.28000993,0.30351996,0.27191108,0.26449645,0.27713484,0.3144734,0.2776868,0.29388702,0.30067188,0.25500792,0.29714862,0.27240935,0.2946387,0.28627056,0.2720118,0.2761547,0.31416035,0.26406503,0.28307682,0.3021251,0.2611314,0.24095903,0.27862245,0.27815413,0.28734183,0.29203308,0.25050688,0.27629057,0.28627306,0.29357353,0.27449363,0.28101385,0.25373128,0.27461183,0.31458604,0.2692241,0.3059932,0.2598194,0.30351073,0.28575325,0.30862957,0.2779013,0.26226652,0.29312307,0.26880342,0.29014352,0.28159752,0.27218062,0.28706598,0.27202642,0.2717579,0.29022998,0.29840076,0.31881976,0.26660073,0.2700917,0.28465062,0.28520352,0.30152932,0.2510678,0.29201275,0.30012023,0.24961151,0.29416254,0.2990405,0.27369356,0.32557833,0.29088202,0.30336604,0.29006457,0.25523555,0.2786157,0.30328453,0.2764657,0.29946172,0.243102,0.3019892,0.26143682,0.2531615,0.28596634,0.26563632,0.27786127,0.28003883,0.28975827,0.24220407,0.26645184,0.27220702,0.29230943,0.3060016,0.29554522,0.29598776,0.2774305,0.27531436,0.28874612,0.28375086,0.30287886,0.2800359,0.3064745
0.3014584,0.298042,0.30106246,0.3404171,0.3114705,0.3204012,0.32929277,0.3222798,0.32307228,0.2800265,0.30576622,0.35948694,0.30404437,0.3297807,0.34090498,0.27021998,0.28538674,0.30302238,0.2814064,0.313692,0.32066998,0.30135292,0.30212164,0.31397033,0.32091194,0.32609403,0.30384064,0.31202203,0.29678255,0.2863443,0.32535666,0.30276084,0.295814,0.31305316,0.28763294,0.3069005,0.32911766,0.261424,0.32034755,0.2928611,0.29899925,0.30169192,0.29031637,0.31202453,0.2955185,0.29063055,0.31233782,0.27713594,0.32869,0.32197624,0.3023309,0.3372438,0.3157423,0.25315803,0.28604257,0.28988224,0.30761647,0.30354124,0.25916475,0.28268564,0.29502648,0.31806076,0.3134576,0.30690557,0.29139262,0.3117838,0.314268,0.31296122,0.32356182,0.3046958,0.31558973,0.30020082,0.33474398,0.2933666,0.27757254,0.32536972,0.28037518,0.3091632,0.31189227,0.29510152,0.3164004,0.2994985,0.258065,0.30265057,0.31416166,0.2870108,0.34279042,0.3166566,0.3105676,0.2984389,0.3089157,0.2995506,0.3058783,0.35402614,0.32167402,0.32215983,0.32226032,0.31182498,0.3013093,0.3043285,0.29807663
0.30222142,0.256804,0.2924845,0.27751958,0.26055568,0.3024029,0.27145553,0.27505398,0.2443741,0.29077286,0.298507,0.27916938,0.24855146,0.28743756,0.29315406,0.24936111,0.26736152,0.2847185,0.3255639,0.27147952,0.2918415,0.2951876,0.27008894,0.291251,0.28733742,0.25004524,0.27961424,0.30244088,0.34053636,0.3036723,0.26049542,0.2730293,0.29567018,0.2963839,0.27215707,0.31429073,0.32449502,0.2547055,0.27761406,0.30230823,0.32120258,0.30376935,0.30139047,0.28493118,0.28256863,0.33119756,0.28480762,0.2856728,0.2750064,0.28617448,0.3038953,0.24737522,0.25977665,0.27110153,0.2595847,0.2766335,0.31492698,0.28041148,0.28629458,0.29486984,0.29888138,0.25954586,0.25334632,0.28956604,0.2924821,0.29254845,0.2448144,0.3245288,0.27212876,0.27750117,0.24674815,0.30753708,0.2609805,0.27071613,0.31595844,0.28099036,0.32519692,0.3210984,0.27755356,0.2716271,0.30680734,0.2890493,0.26183426,0.2874512,0.30855864,0.2552366,0.29055533,0.26329127,0.2804175,0.27480486,0.26638442,0.29507327,0.2687999,0.28577292,0.28703701,0.29373306,0.2802752,0.26527706,0.26889664,0.31347215,0.2895674
0.30416635,0.3249694,0.3067598,0.29329553,0.29773223,0.27389798,0.3180258,0.2970677,0.30844474,0.33192253,0.31791705,0.31721544,0.29370874,0.32495797,0.32563215,0.3083095,0.29613668,0.32802743,0.2936986,0.29393125,0.29572237,0.32314348,0.30789405,0.3091122,0.32195038,0.32509255,0.31420773,0.32857406,0.3051821,0.31216714,0.29492885,0.3130026,0.30618817,0.29433036,0.34298748,0.30390775,0.28965238,0.2939709,0.29495984,0.32422626,0.2849183,0.3429634,0.34322423,0.30823553,0.29884332,0.30103987,0.33191976,0.33458382,0.28984547,0.30591515,0.3089816,0.31527603,0.3298306,0.31210262,0.3012992,0.33470273,0.3223939,0.30326092,0.32403225,0.3026013,0.30679947,0.28430623,0.31620318,0.30511862,0.31780207,0.29544964,0.3218834,0.31654662,0.29413444,0.30853844,0.32361352,0.3322643,0.31021422,0.32835644,0.30149806,0.28631008,0.29865766,0.27200502,0.3374443,0.2931524,0.3017835,0.31939447,0.29058534,0.31037903,0.29208213,0.3197557,0.31521893,0.29700118,0.33841148,0.32611844,0.35731798,0.30273652,0.27964556,0.2895993,0.33063412,0.3122905,0.3231802,0.28604215,0.29536337,0.30220294,0.31004137
0.30446595,0.32812262,0.33634698,0.30588412,0.32389343,0.3377738,0.2931682,0.3037138,0.32523888,0.30257583,0.28507626,0.3252542,0.32177383,0.33729947,0.34766155,0.32514042,0.3244511,0.29423672,0.29009855,0.29903072,0.31284255,0.31813937,0.2935639,0.35426039,0.32745573,0.30281878,0.3408816,0.29475117,0.3228132,0.33301973,0.3000846,0.33580488,0.2727681,0.2840185,0.33023483,0.3588637,0.31313935,0.30362862,0.29042387,0.3274473,0.27013803,0.34409934,0.29476494,0.27357203,0.33428013,0.31462318,0.30387676,0.28352302,0.30652356,0.34381884,0.30140275,0.28883964,0.30801815,0.29549384,0.32866696,0.274817,0.31127262,0.30224407,0.30682397,0.33173627,0.34687018,0.33202988,0.2924343,0.32455975,0.30897748,0.30812594,0.3486905,0.32536268,0.29248205,0.3015014,0.30154106,0.34778464,0.32980913,0.29657298,0.31422704,0.31783134,0.33806723,0.29577088,0.3449998,0.28511173,0.3148263,0.30553722,0.31616673,0.30342,0.33013153,0.3279574,0.3054493,0.31150323,0.3263229,0.33298558,0.30952796,0.32672077,0.3085732,0.315957,0.32893163,0.31838602,0.31273824,0.3252517,0.30918962,0.31291062,0.30769163
0.3047859,0.2886597,0.30514866,0.33390844,0.27292204,0.30653054,0.3031559,0.31495804,0.32438672,0.31044653,0.3009003,0.31284827,0.29390097,0.30965966,0.27355808,0.2870375,0.3127342,0.30494958,0.31002933,0.29255706,0.31224412,0.29203975,0.29336584,0.3053097,0.28458413,0.3019963,0.304762,0.3107689,0.31194407,0.32534307,0.353131,0.32443357,0.28667217,0.29905584,0.34212625,0.3043507,0.30567652,0.3179779,0.2728976,0.3100161,0.33626562,0.3393833,0.28878927,0.3178541,0.30286294,0.31520578,0.30062532,0.31319296,0.31243694,0.28775588,0.29329905,0.30166098,0.31098676,0.33011526,0.3159201,0.269644,0.29625368,0.28833848,0.33652186,0.31393814,0.2797932,0.28840595,0.2979707,0.28498945,0.2950238,0.27948797,0.31636274,0.27184767,0.30974877,0.28074056,0.29775554,0.28860897,0.32658422,0.30268127,0.2855835,0.2651435,0.34458125,0.28443927,0.31044674,0.30372804,0.27759427,0.3076682,0.3274488,0.32441467,0.29894495,0.30529132,0.32695,0.2488047,0.3004489,0.3154286,0.30004752,0.30054006,0.33917594,0.28965837,0.3077308,0.28361872,0.31960112,0.2924465,0.3115672,0.30934924,0.31864524
0.30649918,0.33927315,0.2796484,0.30083376,0.3025766,0.30348194,0.33249813,0.31042522,0.29853207,0.3461796,0.31595302,0.29918063,0.30263084,0.33187985,0.35041732,0.31860912,0.31711107,0.31710726,0.30505636,0.34255332,0.26689523,0.30424672,0.294085,0.3374141,0.3248992,0.29590264,0.3010508,0.33774328,0.3063113,0.3368172,0.32332325,0.33231965,0.31954312,0.34275073,0.32069772,0.3740247,0.33020872,0.28446,0.3018846,0.3076166,0.31295216,0.2977725,0.32671505,0.30136526,0.29722965,0.30539486,0.32778066,0.32900298,0.31567967,0.33881062,0.33117288,0.29134253,0.29875505,0.322997,0.31747955,0.31129783,0.31246644,0.31021544,0.26922444,0.27325094,0.31758004,0.31912303,0.30733883,0.32574183,0.3073904,0.3086996,0.33173352,0.30991057,0.3302917,0.30446225,0.32083625,0.33273423,0.3016277,0.2842781,0.30168557,0.31048435,0.3353845,0.30852085,0.3226262,0.32622182,0.3308351,0.31167567,0.29886723,0.3171391,0.32378712,0.3224522,0.33767635,0.33281922,0.31318468,0.32656115,0.32713437,0.30046517,0.33486706,0.29525548,0.29375598,0.32538652,0.3282791,0.31249535,0.30463356,0.29955244,0.34799588
0.3071989,0.33179453,0.35334677,0.30567563,0.28779733,0.32861143,0.32611793,0.338305,0.32071763,0.31690222,0.32707244,0.32409674,0.3413633,0.33547658,0.35948431,0.33230984,0.33666694,0.31811643,0.34590966,0.31749684,0.37227225,0.33434695,0.29213426,0.3378492,0.34889072,0.31993592,0.3266312,0.30148923,0.29954445,0.30227542,0.2912503,0.35038203,0.34992707,0.33891544,0.32435593,0.28949672,0.3318962,0.33560157,0.3109262,0.3174491,0.32756954,0.3018257,0.3250269,0.30901194,0.31560028,0.2739855,0.34997612,0.33166414,0.32524553,0.33177894,0.29399148,0.3296251,0.32183897,0.34078118,0.3246786,0.34276932,0.37418592,0.3270428,0.33592626,0.31112832,0.33163947,0.3169315,0.33891982,0.35085905,0.30643386,0.30735803,0.3285854,0.3410012,0.32008526,0.32968944,0.30981624,0.3554576,0.3490801,0.36269563,0.33982298,0.35305226,0.29992434,0.31387034,0.31956935,0.326192,0.35094315,0.32995355,0.30754972,0.3242171,0.33506137,0.3353495,0.35542727,0.3223623,0.31211734,0.32468283,0.31149542,0.3541317,0.33948278,0.3667763,0.34639776,0.36897767,0.30834883,0.36423945,0.32849336,0.33677185,0.33174783
0.30745453,0.34297633,0.3299641,0.30795464,0.323751,0.31369558,0.33096087,0.30752793,0.32855064,0.3484193,0.31516844,0.34045047,0.3445441,0.3094194,0.3161191,0.3551361,0.3108157,0.29925156,0.302105,0.35692173,0.3206787,0.3374138,0.31096652,0.3207358,0.27975816,0.3244226,0.31255323,0.31279022,0.33711135,0.3475548,0.31703842,0.3147073,0.31233987,0.32108855,0.2965666,0.32079998,0.33229148,0.30908763,0.2946049,0.36558092,0.3015076,0.29110646,0.31288296,0.32863218,0.302089,0.28893262,0.31866708,0.32672718,0.31506276,0.27883667,0.3089372,0.3457259,0.32817602,0.30951706,0.36682898,0.2999316,0.31990778,0.31543514,0.32784393,0.34160036,0.29096895,0.3548594,0.30998254,0.30106598,0.27344427,0.29823261,0.3227235,0.28942904,0.33339703,0.32423204,0.31682566,0.317353,0.37550372,0.31547576,0.34125853,0.31303942,0.33042735,0.31719005,0.33975786,0.3392735,0.2987253,0.32211667,0.29205996,0.31183553,0.2873711,0.31832713,0.32409775,0.35810393,0.32471466,0.31522107,0.31393355,0.29908866,0.35801256,0.3397082,0.3075943,0.31044072,0.34456605,0.3302396,0.3040257,0.32617724,0.31642222
0.30746505,0.34848988,0.34152168,0.33479756,0.3317058,0.33211625,0.36322415,0.3275058,0.32673585,0.32466686,0.33040905,0.311184,0.3385836,0.3120305,0.32322848,0.35672927,0.3202593,0.32933542,0.31418514,0.3629387,0.3095181,0.3207108,0.31594428,0.30653334,0.33427218,0.33462304,0.3279376,0.31542236,0.34592944,0.3101089,0.29243588,0.30623108,0.32856572,0.3221498,0.3425783,0.3006245,0.3243014,0.33847553,0.33792317,0.33203733,0.3361953,0.33796012,0.3071494,0.33019787,0.35594738,0.3225818,0.34821498,0.33009636,0.3326494,0.30680358,0.3380037,0.30844247,0.34696186,0.32276678,0.3384207,0.3556618,0.28844845,0.30776244,0.3452847,0.32174,0.2981096,0.3266312,0.328424,0.32613653,0.33541036,0.29663235,0.28173468,0.344056,0.29453105,0.31656724,0.3161407,0.3136742,0.3470608,0.31922817,0.3293624,0.33522257,0.35032624,0.32467216,0.34614646,0.3327315,0.29682958,0.33552918,0.3342629,0.35777467,0.3305635,0.34230733,0.3466261,0.33473676,0.37723428,0.34025466,0.3090744,0.29524827,0.3209761,0.3284076,0.30390835,0.30861646,0.32237253,0.32847533,0.32908896,0.3272661,0.3168519
0.3091977,0.3025779,0.32149792,0.28275788,0.30309564,0.34567565,0.33628348,0.32256228,0.31755403,0.29397017,0.28319722,0.3367751,0.32578358,0.27797264,0.30017942,0.3246774,0.32450855,0.30766067,0.32300836,0.29433703,0.33148867,0.31052375,0.3483647,0.32786715,0.3688889,0.2935152,0.304026,0.31367517,0.32920384,0.33242252,0.33195108,0.31227124,0.3353787,0.3181523,0.3336808,0.30780447,0.28394645,0.29902607,0.3025087,0.305377,0.29238728,0.32236075,0.3510189,0.2996761,0.3252871,0.29226708,0.3231753,0.3212911,0.32052925,0.30963612,0.3167156,0.3113745,0.30847734,0.34884626,0.30864036,0.35256124,0.31938154,0.3023505,0.32236916,0.29104906,0.30225557,0.28394467,0.3130172,0.31029677,0.28656343,0.28585476,0.33198246,0.29879493,0.33510897,0.31928724,0.31599426,0.30667332,0.30411133,0.29636127,0.3078553,0.29673347,0.29241556,0.3375646,0.32401532,0.33536726,0.3076523,0.34900773,0.308029,0.3195486,0.34019953,0.31864613,0.3214419,0.31390214,0.32334647,0.3026868,0.31343687,0.30588466,0.3021464,0.34041822,0.31505847,0.29072127,0.28741115,0.2931791,0.31289303,0.31617358,0.2936474
0.30959457,0.31858283,0.2910918,0.33824724,0.36301833,0.3471166,0.31245053,0.32086766,0.31133205,0.36511946,0.30721962,0.32962245,0.34349513,0.33713764,0.31953943,0.31055033,0.3515877,0.3143428,0.32158655,0.3469224,0.36035836,0.33490986,0.3239421,0.32071418,0.31452835,0.3476827,0.34401214,0.3063623,0.2882207,0.3307795,0.3326661,0.31378067,0.33803093,0.3387252,0.308518,0.35097784,0.34773612,0.34741235,0.34639466,0.32736504,0.32038587,0.33432555,0.34923512,0.3662749,0.32868212,0.2901224,0.35177636,0.33635077,0.34638554,0.34420192,0.29247323,0.32211494,0.34471977,0.32559255,0.33905694,0.35003537,0.3535872,0.31576714,0.33175373,0.3225688,0.33159468,0.34784454,0.34130907,0.31361032,0.3380181,0.30067575,0.3721707,0.31837243,0.32181844,0.3322047,0.350869,0.31541616,0.32587996,0.31975538,0.31800893,0.3066319,0.35809106,0.328166,0.32631838,0.32119596,0.33786198,0.34767032,0.32428563,0.34180915,0.3168739,0.35682136,0.3030681,0.31566316,0.3342446,0.30805427,0.30766156,0.3210143,0.32942873,0.3262384,0.33427006,0.3213178,0.2979357,0.3194133,0.33312,0.31089988,0.32223302
0.31025046,0.28289485,0.3195266,0.3156873,0.29676086,0.31765276,0.30228132,0.2939198,0.29293203,0.30226785,0.3008111,0.31250244,0.3070026,0.32812205,0.29609007,0.32561255,0.3340745,0.2722134,0.29747772,0.27657476,0.25304574,0.32356912,0.29733366,0.28505713,0.30449605,0.29698834,0.3023309,0.29276627,0.32186168,0.328378,0.29435748,0.3262598,0.29156923,0.30021763,0.28256142,0.29994917,0.31023273,0.34342963,0.28318667,0.28224617,0.29000783,0.30141526,0.277597,0.33585358,0.29020748,0.2885463,0.28093967,0.27573025,0.30888653,0.32815418,0.3167253,0.29559776,0.28301033,0.27982867,0.2919367,0.2822347,0.3418051,0.27300286,0.32874697,0.26422548,0.294323,0.31338722,0.25844628,0.2923411,0.31540805,0.2908581,0.29877844,0.30417472,0.3009328,0.30153432,0.29188043,0.2857869,0.2669726,0.26667768,0.32020214,0.30698335,0.29190713,0.2876815,0.32394457,0.2736538,0.29025,0.3402503,0.2958222,0.31368312,0.3194968,0.28264907,0.3180502,0.31311643,0.28128487,0.3150069,0.29669636,0.29347596,0.29942173,0.28415442,0.30117595,0.28484592,0.28987753,0.2911511,0.30868167,0.30827293,0.25234628
0.31032175,0.32288405,0.30876166,0.30951047,0.36259425,0.29801124,0.34229833,0.31035876,0.32134598,0.32135022,0.3237308,0.3177706,0.30972803,0.29457936,0.31384075,0.29689538,0.31692228,0.31799552,0.30018133,0.3444,0.3149721,0.305442,0.30650675,0.28913373,0.3371954,0.31987542,0.33682552,0.28999376,0.3246165,0.3109954,0.30557024,0.31926864,0.3165053,0.30967504,0.2742067,0.3642618,0.31628165,0.31327486,0.320916,0.31870663,0.30572918,0.32681793,0.3215838,0.31378752,0.3040663,0.3316417,0.3179357,0.33626842,0.29600763,0.34798276,0.29015183,0.3181154,0.30452955,0.32913464,0.3253884,0.3312269,0.3355211,0.31229284,0.323088,0.34381056,0.29606563,0.30106872,0.30855244,0.3256206,0.32445678,0.29143733,0.33091098,0.29765236,0.2972881,0.35149658,0.33490196,0.32440555,0.3201493,0.33320034,0.34514523,0.35602725,0.29497823,0.31813028,0.3336423,0.31986523,0.30571088,0.33321917,0.337264,0.31970507,0.33037472,0.2989974,0.2942552,0.30717874,0.37566298,0.33776784,0.32403105,0.3408363,0.28395635,0.31214577,0.33737534,0.33103192,0.31893125,0.32842302,0.3387203,0.31157726,0.31936568
0.31053525,0.3082407,0.318573,0.31220174,0.30277205,0.33870345,0.29525167,0.3217212,0.3078375,0.30342472,0.2795273,0.2758878,0.28656292,0.31466907,0.2533236,0.2874543,0.31595147,0.28677267,0.30422366,0.3195476,0.32292596,0.30540162,0.31269264,0.30564713,0.30436674,0.27905035,0.29740012,0.34251493,0.2730142,0.27551055,0.3160035,0.31020254,0.28777444,0.32223076,0.27368996,0.28409266,0.28821898,0.32403892,0.29382482,0.2676375,0.31443143,0.27361596,0.28165376,0.33867538,0.318696,0.2883985,0.2837205,0.31743228,0.33456695,0.32183212,0.26462424,0.29768717,0.31130347,0.27447075,0.33588046,0.28979445,0.31602192,0.2716767,0.28915983,0.3061474,0.27759355,0.28495967,0.31986117,0.308873,0.28425342,0.28217074,0.3066371,0.32175893,0.30604947,0.306619,0.30080244,0.31539387,0.31696916,0.28619337,0.31770575,0.2948751,0.3122365,0.30031466,0.26825985,0.32521594,0.29316318,0.29363805,0.30975357,0.2838838,0.32658017,0.25508577,0.31425732,0.28462988,0.3189866,0.27794588,0.28108662,0.3008451,0.28182334,0.3210653,0.28304678,0.30885112,0.28052244,0.30821824,0.3013901,0.30509657,0.31014183
0.3125058,0.3159874,0.3304462,0.29111663,0.303144,0.29492426,0.3159494,0.3138615,0.3341989,0.35015327,0.33052677,0.3028878,0.29331607,0.3162864,0.3172651,0.33111313,0.29948854,0.3286276,0.2924686,0.32400566,0.30226305,0.29155403,0.352166,0.30941308,0.27897793,0.33168292,0.28664058,0.33568734,0.32479262,0.3105855,0.3264317,0.2846437,0.31180328,0.30543417,0.30732483,0.3243822,0.3328173,0.35255355,0.33389968,0.27780557,0.30293298,0.28614557,0.3182177,0.34425795,0.32124186,0.31100905,0.31503344,0.3337316,0.28919902,0.32386804,0.3242252,0.29498023,0.32389295,0.34234542,0.30825496,0.305718,0.32848412,0.2955559,0.31212527,0.28948027,0.31780612,0.3483804,0.31277913,0.28299892,0.31234163,0.2998886,0.30154726,0.35302263,0.30829823,0.29963124,0.36383814,0.31463057,0.318681,0.33317834,0.3010189,0.31154555,0.33007547,0.29670864,0.3089059,0.3003537,0.3039372,0.3011635,0.3177847,0.3226859,0.285268,0.30595666,0.30375242,0.34558856,0.30580997,0.32290053,0.3288725,0.31133664,0.28415576,0.34051335,0.3041443,0.33758897,0.26287192,0.3322319,0.31144816,0.30834115,0.31513205
0.31416726,0.3238271,0.28801328,0.30035388,0.3388505,0.30884394,0.314747,0.31777734,0.3032647,0.31010062,0.33483943,0.32875323,0.34035,0.3032472,0.29724962,0.3187182,0.31786382,0.3460902,0.3223271,0.30750072,0.25111902,0.3354867,0.28695148,0.3145942,0.33055657,0.31043428,0.34364915,0.31015503,0.3358837,0.29588634,0.33699,0.27747095,0.33169615,0.3138199,0.32756853,0.31630427,0.30371672,0.33816308,0.30119157,0.3188998,0.31489724,0.32799163,0.33920282,0.30371872,0.2976756,0.32305083,0.32518917,0.28661054,0.33166057,0.35155833,0.30720735,0.3191949,0.30555058,0.3201165,0.3482926,0.31967402,0.31818414,0.3220538,0.32157373,0.30853397,0.32084012,0.28959766,0.31463683,0.2897976,0.33323276,0.32488862,0.35396242,0.31266695,0.29131457,0.293171,0.34144455,0.3291977,0.32199064,0.30723298,0.3106249,0.28847516,0.29878184,0.2986679,0.3209448,0.3434688,0.2980802,0.33304983,0.30764532,0.3667283,0.32696265,0.33697006,0.31681293,0.3270886,0.27079058,0.32177272,0.3275016,0.33551896,0.3286022,0.30865347,0.30750453,0.31952468,0.29774117,0.33753347,0.31898683,0.3103308,0.2995039
0.31439742,0.3369311,0.31208867,0.30165255,0.31153122,0.30122942,0.3056646,0.3296174,0.30982554,0.3024531,0.29213762,0.3152289,0.31601068,0.34197176,0.30438793,0.28321776,0.2793097,0.30573484,0.3028968,0.30649698,0.29640672,0.3227406,0.30388498,0.34918404,0.29805505,0.29726487,0.3215108,0.30525512,0.3278032,0.29173177,0.33015925,0.30498627,0.29074684,0.28025556,0.3060607,0.28123772,0.28613162,0.3154636,0.30603158,0.32394913,0.32156396,0.301988,0.3119532,0.30566055,0.30381626,0.31403065,0.34018582,0.3090679,0.30783725,0.30250636,0.28585792,0.28999907,0.3268171,0.28475302,0.32044315,0.28515932,0.3018549,0.31731063,0.2972425,0.32183746,0.2816713,0.31467453,0.31588957,0.32284838,0.29607457,0.29475927,0.2979064,0.32298368,0.29412347,0.29368526,0.27185857,0.29660034,0.3395506,0.31365016,0.30416042,0.29353303,0.32085854,0.29519153,0.29014057,0.2794636,0.29821295,0.3039957,0.26110247,0.28852355,0.27703297,0.28030926,0.3141079,0.33231324,0.30563703,0.31672424,0.2833736,0.3047151,0.31308785,0.30550808,0.30194986,0.30995217,0.3035084,0.31085485,0.33077776,0.32998097,0.32504755
0.3146961,0.31973147,0.35249144,0.33331257,0.3398391,0.32510072,0.3302096,0.32942855,0.3163319,0.31227422,0.3167171,0.31623927,0.29861537,0.33192316,0.32039613,0.3191155,0.30356437,0.3154511,0.3337891,0.31164455,0.27271518,0.3051185,0.35982722,0.33621523,0.34155232,0.34063303,0.33194327,0.2941209,0.32774186,0.3701586,0.3100533,0.37479126,0.31199735,0.30883235,0.35083193,0.34019652,0.3089637,0.3274814,0.3319559,0.295134,0.32742336,0.29541898,0.31067693,0.32927656,0.29367435,0.31254047,0.33549798,0.32172322,0.33443344,0.3416624,0.3455403,0.3318749,0.33975434,0.32894188,0.30770513,0.31885433,0.30599308,0.28846407,0.2939663,0.3241331,0.31174237,0.3316479,0.307352,0.3048448,0.34529555,0.3307491,0.3260725,0.34189433,0.35139698,0.30913925,0.31421995,0.3103296,0.33170182,0.33127356,0.3718843,0.3408729,0.2925555,0.3479389,0.3588636,0.32563537,0.3148387,0.3508253,0.3152941,0.35002947,0.3233181,0.35851783,0.3406387,0.33252987,0.34102547,0.30957896,0.29943928,0.31612837,0.34834683,0.33831245,0.32559857,0.28292364,0.27972156,0.34519732,0.2963866,0.34412217,0.33433044
0.31658274,0.27705348,0.32305348,0.3035416,0.303492,0.33454382,0.2685439,0.3006649,0.3337527,0.29380596,0.32190382,0.32652518,0.30922246,0.2934751,0.29999876,0.31659415,0.32541412,0.317267,0.30836886,0.33498976,0.29105195,0.33591032,0.33953637,0.28231,0.31845033,0.30093458,0.30601883,0.306713,0.32139236,0.3020478,0.30014753,0.36108774,0.29555863,0.34313852,0.32786205,0.2996525,0.3070783,0.30029893,0.29774883,0.32017216,0.33403456,0.3404314,0.30413538,0.32841098,0.26427323,0.3124181,0.31494355,0.30316132,0.26148355,0.29588437,0.2824228,0.31070405,0.31737968,0.30481994,0.30606586,0.3105163,0.31781882,0.30059952,0.2974969,0.2629533,0.32356146,0.33028942,0.31896144,0.31526467,0.3085938,0.2928934,0.30110413,0.30625162,0.2738133,0.2894438,0.2986887,0.27887553,0.29327637,0.32834697,0.3038171,0.30560374,0.30211198,0.2954378,0.29359502,0.2915783,0.32819414,0.27905172,0.27179942,0.31236923,0.30913168,0.27646253,0.28426307,0.3064685,0.28546676,0.32761246,0.32721305,0.2846641,0.28562024,0.2989098,0.28871405,0.27707314,0.34163588,0.29236802,0.32810947,0.29308152,0.3041527
0.31741178,0.31664014,0.33021086,0.2997282,0.34293532,0.31539935,0.31058252,0.33026314,0.34595513,0.33291435,0.34267628,0.32133335,0.32224947,0.35376704,0.340455,0.34622937,0.31355697,0.36205113,0.3061448,0.3082642,0.29797202,0.32179368,0.341676,0.3363446,0.3687262,0.31643492,0.3075147,0.3475989,0.33482292,0.31952047,0.3460672,0.32499346,0.33831385,0.32798815,0.30992204,0.33340448,0.3335712,0.31898904,0.3260771,0.30684406,0.30507755,0.3262226,0.34210485,0.3389964,0.32131398,0.32909638,0.3595621,0.3143615,0.30434626,0.36863905,0.3626355,0.34115845,0.38369215,0.32195687,0.32723862,0.326557,0.3098446,0.3217143,0.34331757,0.3277401,0.30993766,0.33053797,0.3218363,0.3045131,0.35124892,0.34468728,0.3303784,0.299923,0.33903944,0.31827658,0.32489818,0.3425207,0.3218912,0.33376646,0.3316714,0.3471316,0.35060477,0.31736338,0.34351957,0.32591176,0.35634434,0.32575756,0.3277759,0.32537127,0.325155,0.32395118,0.2863003,0.35007238,0.3091954,0.3120193,0.3429162,0.36225855,0.3004381,0.33975905,0.28974506,0.31447995,0.29152256,0.33364087,0.3568824,0.32937366,0.32265127
0.31744334,0.32832536,0.31340057,0.347934,0.3364801,0.31838447,0.31154186,0.3237172,0.34824938,0.32164,0.3055833,0.29122165,0.33467144,0.32641733,0.32213825,0.3193985,0.30712545,0.33369017,0.34002274,0.31635618,0.33349356,0.34300637,0.32671455,0.31022394,0.32056195,0.31764367,0.32546675,0.31632024,0.34057465,0.32999173,0.3337655,0.3215664,0.31405693,0.34275144,0.32935447,0.32603997,0.32504344,0.2903862,0.3306812,0.34066117,0.31773,0.31327325,0.31813526,0.3134904,0.30637485,0.33959746,0.30415887,0.3381176,0.32579973,0.33178514,0.32375786,0.34182578,0.32019806,0.33195838,0.2974217,0.31650126,0.31795532,0.32466012,0.31706166,0.32218176,0.30870247,0.3128858,0.31017452,0.32192147,0.32831293,0.31528533,0.33509582,0.30673915,0.32925624,0.31895798,0.34401274,0.3039716,0.33000964,0.31848496,0.3444276,0.33474118,0.3334664,0.3330009,0.318707,0.31965137,0.30829698,0.34303248,0.30433804,0.34306407,0.3280517,0.32756168,0.3183568,0.31074375,0.32408518,0.30816942,0.3314945,0.31329024,0.32207206,0.3108362,0.33972108,0.3036208,0.35463256,0.33860245,0.2952508,0.3307578,0.3356103
0.31879652,0.32040572,0.3101068,0.28141356,0.29797345,0.3075871,0.2842782,0.33345005,0.30073392,0.2899562,0.28723618,0.27551025,0.28676128,0.30372834,0.32920158,0.3145936,0.31716603,0.300003,0.28559923,0.26951498,0.29166308,0.27828646,0.32597303,0.30521622,0.33887,0.30824327,0.2975015,0.30957767,0.27515298,0.27770007,0.28649405,0.31291056,0.29328698,0.30232444,0.301852,0.3149926,0.27973902,0.2907343,0.31052306,0.29948962,0.3430279,0.28702283,0.2858473,0.29880872,0.3236736,0.32330424,0.29636443,0.2969098,0.26279816,0.29092258,0.33012342,0.28965235,0.2504111,0.2975535,0.3228212,0.2821991,0.3279604,0.3114503,0.31441587,0.3057317,0.31256938,0.3006453,0.34476924,0.2816503,0.30606276,0.32241237,0.29045993,0.33036363,0.31372458,0.30390972,0.29283875,0.29691768,0.28300232,0.3041529,0.26305115,0.322986,0.2775762,0.2955753,0.27858853,0.31096095,0.32978064,0.2975381,0.3096524,0.3227945,0.30871654,0.29324824,0.298908,0.29699716,0.2824949,0.2697808,0.26707155,0.2891977,0.2927109,0.2959682,0.27246183,0.32408404,0.30579153,0.29749256,0.33538973,0.3340366,0.30770797
0.31907526,0.2936755,0.3100673,0.31160218,0.32135636,0.3468669,0.31748134,0.3021164,0.31604344,0.3171925,0.34509665,0.31328958,0.32643664,0.3468774,0.31475747,0.31989336,0.3454244,0.34189576,0.30173743,0.31010526,0.30783623,0.34000766,0.32720578,0.286135,0.30886286,0.29750308,0.34254545,0.31094152,0.34088254,0.3256777,0.3010066,0.31028536,0.3299892,0.34829366,0.3199026,0.29382443,0.31579435,0.33974487,0.31037724,0.33991975,0.319942,0.2815903,0.33347145,0.30938584,0.3197481,0.3103364,0.30550426,0.30805585,0.30057073,0.33083868,0.3255029,0.32245314,0.3388449,0.32814214,0.34717393,0.3125621,0.34686983,0.30437598,0.3192479,0.33800063,0.3346085,0.32879698,0.3024705,0.31998193,0.29770476,0.29764813,0.3205955,0.34519535,0.32548568,0.3663714,0.31186503,0.32041165,0.2931398,0.3396696,0.3157392,0.3565172,0.30860555,0.32386667,0.3189547,0.31449306,0.32412183,0.3290937,0.34660238,0.27209523,0.3387019,0.3175671,0.31511262,0.31165507,0.31908685,0.34376413,0.32729366,0.319399,0.3338719,0.34273523,0.30099416,0.32906374,0.3148613,0.3317604,0.31431878,0.30900854,0.3030833
0.31918943,0.32709813,0.29348958,0.30395222,0.32342666,0.34642625,0.31058264,0.33121753,0.3086041,0.32101393,0.34469545,0.3272549,0.33775973,0.32758224,0.32754883,0.31355166,0.31217027,0.33131388,0.2769944,0.3150756,0.31532934,0.37504983,0.3193037,0.3042733,0.32033235,0.3044504,0.31476867,0.33272615,0.3396315,0.34637523,0.33287072,0.31527555,0.34895796,0.3512826,0.32486206,0.3192252,0.3198027,0.31165752,0.34097248,0.30783087,0.3267538,0.31733012,0.31684852,0.3705259,0.34962475,0.34253561,0.31176347,0.32064646,0.31448403,0.31467775,0.3099166,0.29930305,0.31445402,0.3310647,0.32640538,0.33315808,0.320713,0.32355982,0.32775944,0.30312073,0.34755868,0.34192592,0.33244509,0.3153861,0.3071869,0.3547212,0.30965978,0.32943273,0.2990945,0.29433116,0.2908736,0.32501104,0.30912018,0.35361922,0.3005752,0.30611354,0.34372538,0.31925392,0.350375,0.32109314,0.3363337,0.32463515,0.35166162,0.3066002,0.32284522,0.31210038,0.35869396,0.3188904,0.3125401,0.3473035,0.30392158,0.28910905,0.28871226,0.31007996,0.3305639,0.3131526,0.32275063,0.2841537,0.30032605,0.38221413,0.33823335
0.3204164,0.34562218,0.3138727,0.3141445,0.34006944,0.33142054,0.30154246,0.324013,0.3292905,0.31913376,0.30448914,0.30908227,0.34321135,0.3167202,0.30862805,0.32785863,0.3113212,0.34637183,0.2923975,0.32696235,0.32363945,0.32371193,0.30591363,0.330239,0.3170563,0.2974985,0.34374738,0.317451,0.33731967,0.3196327,0.33260798,0.32889497,0.34478152,0.29507554,0.32305276,0.29476276,0.30587494,0.32606593,0.3149615,0.32707196,0.32466495,0.33939683,0.3331349,0.30151483,0.3553487,0.31369632,0.30202505,0.32693756,0.34400725,0.33605808,0.33508906,0.33850837,0.31222695,0.322765,0.34754747,0.34378952,0.29979163,0.35459638,0.30396754,0.30948836,0.3468606,0.3179176,0.32712117,0.33254236,0.32281002,0.31623226,0.31968594,0.30929708,0.3628475,0.32975507,0.3188914,0.31060022,0.30105215,0.31895983,0.33520687,0.32178247,0.28496987,0.33386648,0.35003483,0.3382121,0.33249676,0.34499282,0.31271878,0.3161704,0.3388306,0.3134092,0.2906437,0.32859385,0.338781,0.32890472,0.33578157,0.31873482,0.3480541,0.30749404,0.33876795,0.33686724,0.35079533,0.2840631,0.33823413,0.32103717,0.32395482
0.32115334,0.3313228,0.33988166,0.3196148,0.34527045,0.31189257,0.33713838,0.30455244,0.31100315,0.29988873,0.33650804,0.3387484,0.32800758,0.32691574,0.2921413,0.35739487,0.3375196,0.33696103,0.32740396,0.29577187,0.3358447,0.3549943,0.29883903,0.32005134,0.35588402,0.34131825,0.32763326,0.29113543,0.30394626,0.29284242,0.35273218,0.33356804,0.30859923,0.3037172,0.34542018,0.33966452,0.36522907,0.32303452,0.31841284,0.31615865,0.31855604,0.30724794,0.30483735,0.3100062,0.29963452,0.29102314,0.33423424,0.3673373,0.35016686,0.30152455,0.32784677,0.34345174,0.2993654,0.34593105,0.32728058,0.33427206,0.32907856,0.34812504,0.33504435,0.34663385,0.31859714,0.32972646,0.32517043,0.3244986,0.3351642,0.3258622,0.3290887,0.33507288,0.33749825,0.3321631,0.31064337,0.3527155,0.33324093,0.30387866,0.30946702,0.342471,0.27627045,0.31076932,0.35065365,0.30305886,0.29286236,0.3194716,0.34348822,0.3294262,0.31195825,0.33129412,0.33894897,0.3619541,0.31354916,0.30333066,0.32365322,0.30868283,0.27451038,0.336626,0.32680243,0.29835105,0.31990707,0.33772993,0.29445502,0.32809806,0.32034415
0.32115778,0.36524838,0.36999953,0.36033309,0.30648386,0.34836304,0.31817532,0.3452034,0.3443777,0.3275644,0.33245683,0.39148313,0.35426825,0.35743678,0.34794587,0.34814566,0.3496198,0.33807123,0.34435385,0.3471974,0.34566456,0.3675552,0.35972422,0.3737023,0.3718831,0.35135013,0.3499236,0.35681093,0.33620048,0.32947695,0.36242217,0.31085414,0.3470288,0.356198,0.35134703,0.37402868,0.340675,0.3461758,0.3924039,0.3472777,0.36404347,0.34133077,0.37609315,0.3594936,0.34443742,0.32100487,0.3347944,0.35717225,0.35464287,0.34159392,0.36839193,0.31598485,0.3513381,0.3543399,0.36641908,0.34452468,0.35196954,0.37176538,0.34643924,0.36002892,0.36162525,0.3449366,0.34174567,0.35244834,0.3331033,0.36873215,0.37675983,0.33618075,0.35916412,0.33552316,0.3436824,0.32208836,0.32202095,0.31605536,0.332322,0.34538662,0.40160692,0.3591249,0.34625655,0.35190105,0.35793746,0.3230917,0.35773855,0.359523,0.33493593,0.3287375,0.3238491,0.35709566,0.34360766,0.31357247,0.34687734,0.32558239,0.37048125,0.32882103,0.3600253,0.35044724,0.325738,0.3437938,0.3602159,0.3510065,0.3664111
0.3214663,0.3364963,0.34223408,0.32796013,0.3010245,0.32958138,0.31843477,0.3503173,0.31189936,0.302142,0.32927167,0.3584243,0.32970375,0.31789583,0.31872374,0.32149482,0.33104137,0.3038481,0.3221346,0.3400873,0.31267273,0.32236397,0.3348952,0.33090508,0.33176827,0.3196668,0.32399225,0.28874403,0.28793824,0.29901168,0.34990114,0.32984018,0.283238,0.32823956,0.3092268,0.32966444,0.3168302,0.33816987,0.29245502,0.32213002,0.32251906,0.31273505,0.29304022,0.28619313,0.3122996,0.3069322,0.31541833,0.2947473,0.31372446,0.28992414,0.33603883,0.31286448,0.29608756,0.31176877,0.31967163,0.3081228,0.32164246,0.34111828,0.3188318,0.325356,0.3060287,0.33605957,0.31597185,0.300152,0.32477003,0.28992313,0.3159358,0.31060767,0.3269918,0.32150835,0.30865508,0.33377683,0.33363837,0.32160935,0.32866174,0.30599082,0.3037056,0.28393704,0.31558195,0.31760877,0.2910549,0.3143051,0.2915926,0.29872242,0.30981135,0.30171245,0.33460996,0.3401028,0.3069741,0.32818317,0.3456778,0.32420623,0.31803656,0.30758876,0.3257298,0.3071122,0.30495793,0.2960134,0.31963164,0.31854916,0.31770837
0.3249622,0.37238824,0.3703621,0.3420893,0.33499926,0.3576854,0.34600902,0.34724528,0.3493858,0.33917212,0.3579889,0.35065424,0.3695917,0.39362568,0.34230286,0.36506402,0.33566904,0.34711128,0.37358314,0.37269187,0.36283517,0.34129518,0.38707685,0.36846983,0.34211272,0.34953135,0.3506897,0.34408796,0.3593799,0.35565567,0.34133738,0.34376216,0.34477597,0.33798277,0.35659862,0.34982252,0.360556,0.35851824,0.3808236,0.3659941,0.34718543,0.35809004,0.33520335,0.35138923,0.35573524,0.35055786,0.35503632,0.3667627,0.3647306,0.36275,0.35589868,0.3337417,0.3479814,0.36903757,0.34139675,0.3454938,0.3791923,0.36211622,0.33644143,0.34740877,0.3462875,0.35609567,0.37069577,0.36476475,0.37517548,0.37085283,0.35942602,0.36662084,0.33853054,0.36259896,0.3225248,0.34865206,0.34283745,0.37091517,0.34854472,0.36153954,0.34682918,0.32576656,0.35376996,0.36948776,0.32320493,0.3689862,0.34041145,0.33752233,0.3514284,0.34268427,0.3587861,0.32882836,0.35328907,0.3441751,0.33424652,0.32823217,0.35554367,0.33580506,0.35208666,0.3414502,0.36878407,0.3793249,0.35157394,0.34887254,0.366203
0.32677752,0.29831773,0.32102937,0.30680203,0.33767876,0.31593966,0.31649062,0.30852607,0.28680897,0.334386,0.34977305,0.32652348,0.29072082,0.31873542,0.30894578,0.31593496,0.35836625,0.36436588,0.34235662,0.33876902,0.29144162,0.30394185,0.29847118,0.30971813,0.270492,0.30296278,0.27903867,0.30866092,0.29470903,0.3002372,0.3181839,0.32656205,0.327465,0.31279072,0.30348915,0.2988214,0.34876645,0.30369726,0.3086638,0.26992482,0.3065431,0.30148226,0.34128946,0.30238658,0.3311422,0.3311105,0.31846642,0.33921927,0.32548052,0.34515184,0.31271935,0.3339076,0.3006991,0.26610416,0.33531994,0.3098696,0.2961374,0.30383354,0.3174569,0.34125096,0.3042224,0.29892936,0.36279905,0.31388003,0.30185694,0.31514263,0.30488494,0.3064771,0.31825364,0.32002294,0.3037949,0.3002364,0.27861464,0.29885876,0.3186047,0.31064534,0.32156605,0.3042882,0.35987598,0.30971175,0.30540225,0.3027351,0.30388746,0.32882208,0.3336451,0.31719893,0.2954504,0.31698334,0.30561066,0.29657912,0.34332526,0.31211674,0.3173513,0.3183149,0.30670094,0.31321132,0.29063982,0.30497587,0.30064678,0.2867604,0.34001404
0.32793134,0.33733368,0.33565918,0.31818956,0.33747262,0.32985896,0.33701888,0.34739435,0.33163804,0.35094333,0.35836577,0.32772374,0.34507698,0.34929603,0.35795522,0.3434714,0.33467254,0.37853402,0.33866358,0.32534212,0.3342893,0.30018866,0.3315444,0.34309238,0.33236027,0.3504176,0.36716622,0.36118388,0.3258649,0.39103645,0.34131896,0.33594579,0.3151474,0.35178882,0.36806238,0.3318926,0.33476514,0.32646805,0.34379613,0.36633992,0.3320169,0.3636005,0.35819685,0.3266704,0.3146029,0.36882567,0.35582912,0.35499215,0.34052122,0.34669954,0.3476308,0.35799366,0.3441291,0.34591013,0.3520168,0.347364,0.33145005,0.34545517,0.36346054,0.31827116,0.33035558,0.35112298,0.32715803,0.32708293,0.3477999,0.34548432,0.32446265,0.34502137,0.34055156,0.34458238,0.36732745,0.3356285,0.33292967,0.32617903,0.34579176,0.34504092,0.35676157,0.33959305,0.346956,0.32326162,0.304753,0.33121616,0.35721064,0.33761644,0.29883975,0.34565735,0.35607094,0.31734502,0.3361128,0.37014204,0.34798676,0.35169482,0.365511,0.32535154,0.35392833,0.33203644,0.3447343,0.33448678,0.3308081,0.3353691,0.34919626
0.32853153,0.34597498,0.34216613,0.33158404,0.33437604,0.36453044,0.3092996,0.3322263,0.33095214,0.31219214,0.34583372,0.3272739,0.35456753,0.3066175,0.34647208,0.3034587,0.3369093,0.33980453,0.32792687,0.29672527,0.31762826,0.35141444,0.29834938,0.33555573,0.2999141,0.3350445,0.33347747,0.35728586,0.34756577,0.32088363,0.33145466,0.37049347,0.3499452,0.3250697,0.31935388,0.33352417,0.33733624,0.30933627,0.32437456,0.319142,0.33201414,0.33717966,0.33516836,0.31883597,0.33874154,0.31894034,0.32242203,0.3216943,0.35766047,0.33510464,0.27188307,0.3324235,0.28575116,0.32439077,0.3697968,0.32275575,0.32669932,0.33290136,0.31428647,0.32830557,0.31092513,0.3142238,0.33458006,0.32617998,0.30378675,0.34291905,0.3147822,0.3777135,0.32069993,0.34391665,0.32032722,0.3508402,0.32830957,0.2889729,0.33823907,0.35126907,0.3149824,0.34712845,0.35423654,0.34038857,0.3085504,0.35948592,0.33392566,0.30484414,0.34237254,0.3236944,0.30379498,0.34430695,0.3129713,0.32729632,0.32721806,0.32277578,0.33262724,0.3215462,0.31990916,0.3393082,0.33839697,0.34493417,0.32221317,0.31776118,0.31941772
0.32931858,0.37404954,0.3743742,0.3781168,0.35311604,0.3658225,0.33984563,0.3364463,0.35539156,0.374323,0.3262167,0.34929633,0.3607939,0.37333405,0.3328374,0.33395642,0.3416726,0.35129493,0.33578786,0.3851102,0.32926404,0.3303517,0.3581171,0.3390347,0.365117,0.3622961,0.3548755,0.38700163,0.37374872,0.3659309,0.37843925,0.37816304,0.33702415,0.3525164,0.35278958,0.38738513,0.3454818,0.3452524,0.34330148,0.365151,0.36459833,0.35649407,0.37071782,0.38555217,0.3337114,0.36865002,0.37117732,0.3580039,0.35740876,0.35524905,0.3336581,0.3609252,0.36213654,0.31958592,0.3224752,0.3518077,0.35222918,0.3444689,0.32808602,0.35929054,0.3581609,0.3336224,0.36539423,0.39790606,0.37951612,0.36166883,0.38412058,0.356619,0.36502057,0.3489557,0.32853633,0.3526265,0.34166276,0.3355932,0.35340583,0.3395061,0.33369154,0.35348403,0.36566406,0.33842003,0.31046593,0.367306,0.41057324,0.34586442,0.35681885,0.35364175,0.30798382,0.34263808,0.33051616,0.35517234,0.32830173,0.36339885,0.3308319,0.35122985,0.32937118,0.39310253,0.3372544,0.31385463,0.34720337,0.38392282,0.33755642
0.3295089,0.34126753,0.3514111,0.37198853,0.3498758,0.37732053,0.34102392,0.3582626,0.38065606,0.33378804,0.35950834,0.3687274,0.36267626,0.33700994,0.35797668,0.33098465,0.3534286,0.37522107,0.3467008,0.32682085,0.37890637,0.34654516,0.32274526,0.34541166,0.3453794,0.35383767,0.35279763,0.36624563,0.3407972,0.35667247,0.33784592,0.3556345,0.3332377,0.3234051,0.36560667,0.35276967,0.38323665,0.34323585,0.33084062,0.35167885,0.36049676,0.3463043,0.33190542,0.35754347,0.3690837,0.368608,0.32670504,0.34378302,0.34139186,0.34060183,0.3910905,0.3516122,0.33310777,0.33390057,0.3659566,0.33646357,0.32578772,0.36546868,0.36022538,0.33382648,0.36237782,0.3361069,0.35070115,0.36260045,0.36237752,0.3840769,0.34445024,0.36843067,0.3486051,0.35810804,0.34987068,0.34498686,0.34664613,0.35817784,0.32404798,0.35541183,0.34709704,0.35692072,0.35142004,0.34606785,0.3672207,0.36092287,0.3813936,0.3402468,0.33287728,0.3390807,0.34299397,0.3621838,0.34076917,0.3611266,0.34462285,0.36760682,0.36501223,0.3481002,0.35464197,0.35491943,0.34725225,0.33328807,0.36731625,0.3713287,0.347508
0.33074224,0.32477355,0.3078745,0.32705927,0.3255164,0.3159446,0.31718487,0.28824633,0.32294303,0.3370446,0.33124572,0.35017294,0.26276612,0.3138494,0.3244487,0.32514113,0.34436542,0.29080313,0.31524563,0.2966832,0.30657396,0.32278788,0.30765855,0.3193736,0.3077408,0.33618698,0.31171173,0.30658942,0.32017106,0.3045838,0.3352638,0.3059464,0.30870628,0.2696482,0.34207267,0.28893828,0.28892308,0.3352574,0.2801228,0.31237096,0.31845325,0.28551918,0.32380205,0.30391455,0.32319337,0.31590787,0.30477113,0.31328028,0.30903792,0.2972294,0.32021117,0.33207977,0.23958108,0.31039524,0.31699988,0.3083251,0.3121354,0.31618196,0.30744344,0.29643404,0.28767982,0.31087822,0.3083053,0.29311353,0.3255897,0.31089407,0.32578832,0.3245926,0.2912342,0.32808912,0.30178392,0.33817178,0.31882483,0.30379257,0.30762702,0.3176288,0.31321946,0.330077,0.30532122,0.31954736,0.31246012,0.29140973,0.3448974,0.31135178,0.30534887,0.33193576,0.32019514,0.3235982,0.2969116,0.2991318,0.30975717,0.31303155,0.31427336,0.32626832,0.31954384,0.30079,0.3209076,0.35212183,0.29138494,0.2971683,0.32780695
0.33217013,0.3313218,0.3297882,0.32503557,0.3223972,0.351982,0.3410772,0.31419033,0.31256562,0.32628828,0.31872347,0.34868968,0.32036197,0.3498773,0.32636297,0.33012778,0.33256215,0.37208205,0.29946017,0.32971096,0.3463471,0.35286456,0.32637495,0.34005028,0.36957014,0.32584673,0.31774044,0.3243473,0.33854336,0.3287412,0.32910544,0.3317497,0.32054657,0.32674694,0.2911166,0.33950457,0.32574594,0.320921,0.29828435,0.33219516,0.34210068,0.34750056,0.34902948,0.33066183,0.33930033,0.3305632,0.35308534,0.31334904,0.30714524,0.3445803,0.31853235,0.34819287,0.3604893,0.33661765,0.35244226,0.31299174,0.317154,0.29528588,0.3599813,0.35126865,0.31343624,0.335954,0.33759373,0.32125568,0.3287933,0.31954426,0.31564426,0.35428518,0.31642878,0.3354088,0.3287167,0.32781988,0.3482892,0.32108563,0.34696895,0.35204512,0.34129864,0.34174556,0.3446952,0.3422082,0.33199435,0.30962694,0.3622355,0.35852706,0.3262424,0.34057993,0.35566998,0.2991736,0.34754127,0.3372721,0.3555495,0.30629942,0.3478887,0.317786,0.3543957,0.36419195,0.32867572,0.32906258,0.32285017,0.3471294,0.32366788
0.3323839,0.32164103,0.29227406,0.33032972,0.32107288,0.31078944,0.3219048,0.32246292,0.299806,0.3460005,0.35599363,0.32886076,0.31700182,0.30856448,0.30871972,0.30574876,0.32311624,0.32291192,0.29649222,0.33269995,0.34766066,0.32129884,0.34194714,0.31327266,0.31603342,0.33707944,0.30122077,0.32573825,0.31888306,0.30867365,0.28987336,0.29541647,0.32589835,0.3330338,0.30290723,0.36553174,0.29698688,0.29095376,0.3376199,0.3218577,0.30707067,0.32589138,0.30201074,0.31530023,0.31548005,0.32651353,0.30744916,0.30558044,0.30096072,0.3267598,0.3254975,0.3045627,0.33298182,0.3396592,0.2882866,0.32107782,0.33162892,0.31981337,0.33072037,0.335008,0.3008358,0.30202767,0.35429162,0.32137585,0.31603193,0.2877357,0.29336447,0.33488482,0.3160584,0.32245237,0.32601953,0.32006395,0.30832773,0.32142356,0.3123665,0.32567847,0.2763967,0.32307354,0.32091916,0.3276956,0.33763605,0.33045238,0.33104032,0.32449698,0.29984248,0.31809127,0.30751342,0.30209365,0.3375824,0.30741233,0.3251409,0.32122868,0.33463222,0.32171232,0.30197042,0.32077038,0.31286448,0.30705065,0.32745147,0.3450204,0.33001834
0.3333319,0.3446033,0.3204751,0.34350824,0.31048256,0.32016695,0.30789226,0.33580068,0.32574922,0.35393518,0.32407707,0.30050626,0.3461029,0.31461394,0.3338766,0.3106547,0.35649168,0.31076574,0.31747288,0.35865456,0.31935418,0.34580833,0.3129677,0.35545266,0.30425042,0.30827904,0.35285026,0.3332141,0.3191468,0.36395508,0.31108588,0.3281331,0.3364221,0.34018385,0.29606134,0.30074924,0.3267668,0.3439014,0.3602864,0.34654987,0.31563008,0.30341727,0.3322593,0.29440808,0.3225102,0.35200244,0.32692134,0.31999838,0.32429036,0.31078726,0.3345881,0.37958372,0.34895843,0.3341058,0.35921258,0.34067795,0.32967442,0.3280867,0.32167274,0.34336114,0.33538473,0.31855363,0.33641768,0.32585624,0.3378414,0.3154332,0.2877233,0.31097788,0.30112556,0.33972508,0.32450956,0.35158992,0.32771683,0.3267116,0.3311398,0.32078472,0.3274892,0.3232522,0.32638243,0.2914327,0.34570575,0.33534473,0.30230767,0.28819895,0.32773304,0.32479864,0.32334465,0.34377468,0.36441588,0.31311083,0.30656734,0.30761296,0.33278745,0.31724375,0.31521413,0.32881582,0.32701343,0.33135337,0.35649812,0.32160217,0.31836393
0.3338793,0.35854542,0.37162322,0.35221744,0.37136644,0.376747,0.37886524,0.33683032,0.38309306,0.35244858,0.3771326,0.36946416,0.368612,0.36604208,0.37249398,0.35433823,0.38381284,0.38659745,0.3767221,0.3599031,0.38667798,0.36799073,0.35833585,0.37524462,0.3802458,0.38160795,0.37592518,0.3631888,0.3830862,0.37391198,0.3761223,0.37684542,0.3884614,0.35983807,0.37184715,0.34211195,0.39407367,0.3819465,0.34468734,0.38177353,0.37387687,0.37582028,0.3692937,0.37316424,0.36809993,0.42083824,0.35420227,0.38475358,0.38232332,0.36332154,0.4001524,0.35816932,0.3508249,0.3703633,0.3803659,0.37703592,0.36512303,0.38720047,0.3451743,0.36626357,0.33942786,0.37638402,0.3524186,0.3622833,0.39425427,0.3860851,0.36363894,0.37041909,0.3944912,0.3889587,0.35296315,0.3424759,0.4099666,0.35921317,0.35162538,0.41033578,0.37724823,0.37831593,0.36857194,0.38367504,0.35712165,0.36897528,0.32528108,0.34641165,0.3778655,0.34057826,0.3590377,0.36862665,0.36447453,0.36317593,0.38348806,0.36409992,0.38039005,0.38610393,0.37211823,0.39379507,0.37805718,0.37424773,0.36755782,0.36800528,0.3708635
0.33506182,0.32236636,0.36973268,0.35089517,0.36098236,0.35337055,0.35581088,0.37279725,0.34387684,0.34148794,0.35063,0.37045145,0.36321414,0.32563862,0.31291512,0.34153128,0.36348772,0.3610437,0.37642282,0.33750305,0.33431405,0.35277236,0.3516035,0.34352022,0.36941248,0.3456813,0.32685387,0.34721553,0.35050875,0.3358662,0.3408853,0.36057115,0.33048669,0.347992,0.35233235,0.34999996,0.34047437,0.3549437,0.32891214,0.34180403,0.36516744,0.34867233,0.34544575,0.32989258,0.32058036,0.35375124,0.35111737,0.33952522,0.36924303,0.31476605,0.35204053,0.3450299,0.34508777,0.34550965,0.3130755,0.31870952,0.33909202,0.35905868,0.30915636,0.33301818,0.34212315,0.35522258,0.35354108,0.35330617,0.334733,0.35929036,0.3475548,0.35606718,0.3574453,0.35560554,0.34158123,0.350098,0.34482253,0.35188198,0.34175324,0.34492958,0.34952706,0.35432595,0.3294138,0.32997784,0.3570158,0.3624897,0.36126167,0.36129993,0.33523262,0.36324835,0.3029923,0.3429497,0.32755286,0.33320534,0.36578983,0.350927,0.34505957,0.34196454,0.34341443,0.34340215,0.37881583,0.353773,0.36390066,0.34869695,0.35642648
0.33656737,0.3699888,0.38391834,0.33429992,0.36502445,0.3521083,0.33048624,0.33755046,0.33577573,0.35086513,0.3480088,0.34329486,0.36222285,0.34107763,0.33407763,0.35299605,0.3865344,0.36031735,0.3574071,0.3803525,0.32163644,0.3422758,0.3141909,0.36516738,0.3532747,0.35570806,0.3433931,0.38706857,0.3471328,0.34008116,0.33767453,0.39459205,0.36786103,0.37545043,0.32946882,0.31004542,0.3371965,0.34336853,0.36920154,0.3742075,0.3278339,0.36015803,0.3597445,0.3430544,0.3501594,0.35940272,0.3734511,0.323958,0.3504268,0.34502614,0.35879564,0.3468343,0.36371458,0.36023837,0.3738507,0.3552299,0.37939233,0.33875465,0.36196882,0.35954309,0.3633353,0.3657,0.36725032,0.3643272,0.3464303,0.35385084,0.3434205,0.3477643,0.34271246,0.34234798,0.35906935,0.35686296,0.37104934,0.36102855,0.34031218,0.35544235,0.3728758,0.34492987,0.3695082,0.3774473,0.3363772,0.3475061,0.34382766,0.35089463,0.35270578,0.40480947,0.36308843,0.3275699,0.36668634,0.35972357,0.3700226,0.34343213,0.34996808,0.3696739,0.3460667,0.35018206,0.37087256,0.3277353,0.34930772,0.38878894,0.37746453
0.33667195,0.32739705,0.33623546,0.31415588,0.33894128,0.33975965,0.29642913,0.33232856,0.28344494,0.34408534,0.29850268,0.3472879,0.30907422,0.33747047,0.31701878,0.31628335,0.3205735,0.31402063,0.33804846,0.30227745,0.35244405,0.36568344,0.30865714,0.31703156,0.3353486,0.31197992,0.33159232,0.32401842,0.35072786,0.3727001,0.34288234,0.35842305,0.33505332,0.30173957,0.3368113,0.32366145,0.33888805,0.30608094,0.3010581,0.34477746,0.32118186,0.33828628,0.32929772,0.2992807,0.3122708,0.3189155,0.32757455,0.3221126,0.31788337,0.31940842,0.33128613,0.3585946,0.32847685,0.3526882,0.3441546,0.30231798,0.2797325,0.323367,0.32663697,0.3144342,0.3350129,0.3156072,0.35324258,0.34307802,0.34644675,0.2938211,0.33107266,0.32809502,0.3191535,0.3059244,0.30228505,0.34805644,0.3163709,0.3364876,0.3281207,0.30809665,0.32094318,0.34571075,0.32247415,0.3433451,0.34238762,0.33485967,0.32317728,0.34702682,0.31567693,0.331146,0.32000032,0.3257371,0.3238418,0.32499075,0.33556804,0.3101135,0.3690012,0.33253968,0.33330745,0.34853518,0.34068513,0.35106754,0.32817888,0.33130968,0.36249375
0.33691567,0.3535763,0.3348667,0.35342258,0.3402745,0.3329996,0.32762018,0.31250745,0.35459566,0.3321712,0.35424304,0.33039588,0.34257853,0.35938978,0.32862604,0.34083325,0.34117687,0.3417511,0.33646202,0.34149587,0.3531497,0.3656696,0.3518877,0.30651057,0.34036174,0.32252735,0.342575,0.3400951,0.36051273,0.37280267,0.3175926,0.33728185,0.37195164,0.33398634,0.34729135,0.34366328,0.32515687,0.36144358,0.35581845,0.32768002,0.36454982,0.3602916,0.3191977,0.32906437,0.3220303,0.34260064,0.34129685,0.34350318,0.32388866,0.3584664,0.3011238,0.36165917,0.34313488,0.3347246,0.33474123,0.3238303,0.3583989,0.3248368,0.3676108,0.32113963,0.35061044,0.34387165,0.38503522,0.35248405,0.33430797,0.34482044,0.36902702,0.3512475,0.32244283,0.3271753,0.34173423,0.3555888,0.35044903,0.29910886,0.33377337,0.34782904,0.36293364,0.35407954,0.3361789,0.34156823,0.35455012,0.3485787,0.36245006,0.37496144,0.37336892,0.32024705,0.31795853,0.34502494,0.33723342,0.3532046,0.32760715,0.3396796,0.29589623,0.33009055,0.31848693,0.35997242,0.31234896,0.32793722,0.32257473,0.34120417,0.33704853
0.33697617,0.32953662,0.35297602,0.32784748,0.31744397,0.334314,0.33915704,0.31696022,0.3323235,0.32673502,0.30862784,0.32609838,0.328152,0.34171224,0.30129394,0.32249233,0.3526039,0.33595246,0.3261867,0.33412838,0.3467993,0.32020625,0.33997825,0.28704596,0.3164151,0.319494,0.31428504,0.3464135,0.3586663,0.32313645,0.33511257,0.3185827,0.30426598,0.34189045,0.3159678,0.31759527,0.35728407,0.31845048,0.32372117,0.32683247,0.3428833,0.36842495,0.34381366,0.3577283,0.3235187,0.2979291,0.33003905,0.3538651,0.29802576,0.31333745,0.34129566,0.33469623,0.33372688,0.32463324,0.3172919,0.33581567,0.30815542,0.33858234,0.3233707,0.32340503,0.34216005,0.3275662,0.31385282,0.3409971,0.3201828,0.31103265,0.32844877,0.3328892,0.32329065,0.3135718,0.34009594,0.32005185,0.31654763,0.3280724,0.322986,0.30586988,0.3262049,0.30687192,0.3419593,0.35439545,0.3147546,0.32102472,0.323955,0.35736227,0.32587987,0.32957512,0.31113124,0.3121254,0.35871756,0.2840486,0.31152374,0.35827416,0.34719825,0.3424855,0.3100783,0.31993115,0.3184876,0.3411911,0.29157728,0.36798954,0.3214597
0.33895326,0.3622855,0.34233052,0.34879714,0.3453213,0.37386507,0.36495215,0.3350274,0.37239516,0.35338658,0.35342658,0.35363185,0.35755843,0.35486138,0.35891396,0.36678034,0.31179756,0.3763101,0.36608815,0.32068264,0.35648364,0.36045188,0.35613322,0.38140637,0.35922867,0.3772174,0.35933012,0.3356844,0.39083517,0.3737228,0.35097605,0.35024452,0.34738433,0.38321114,0.35544866,0.36199898,0.36439812,0.33562285,0.37882543,0.3769936,0.37941647,0.35271448,0.33906394,0.35015202,0.36615145,0.367832,0.35345757,0.33421806,0.37293935,0.38437295,0.3582815,0.34937304,0.35693055,0.38121277,0.33034915,0.34368128,0.3497362,0.33726978,0.3138082,0.36297148,0.35078883,0.35378057,0.34098643,0.32996982,0.36201185,0.33276877,0.36299956,0.3616429,0.34504944,0.3419515,0.38246578,0.35109198,0.37772208,0.34877324,0.34871668,0.3868184,0.3441944,0.33419633,0.35886395,0.346664,0.36310422,0.34627473,0.36018747,0.36186343,0.37516344,0.35553354,0.36026853,0.34901756,0.3744303,0.35039932,0.33609402,0.346883,0.33422846,0.3612516,0.33035457,0.35566717,0.3495267,0.3582201,0.3585809,0.37267083,0.32939363
0.34172088,0.3482057,0.31662354,0.3063513,0.3291403,0.34449095,0.36871505,0.3034351,0.31392768,0.30051088,0.35231632,0.32677752,0.32879782,0.32941028,0.31091934,0.32293218,0.32305384,0.3596486,0.31941086,0.32238168,0.34351462,0.30554283,0.3555826,0.3160259,0.37437874,0.33564907,0.33638233,0.31631598,0.3185023,0.3098536,0.30926263,0.345883,0.31232274,0.31967086,0.32909918,0.32276964,0.34405452,0.3661669,0.3310575,0.31800622,0.36016315,0.33117247,0.34982973,0.36145598,0.35008734,0.32448083,0.326446,0.32876986,0.32872286,0.3349265,0.3309017,0.30871522,0.31401372,0.30500638,0.33031702,0.30565572,0.33204597,0.3312118,0.3000631,0.30270833,0.33563936,0.3175183,0.3224418,0.34714997,0.35714895,0.29760426,0.34999985,0.33512968,0.35327512,0.34422135,0.31545973,0.32646582,0.3141635,0.3186459,0.35284573,0.30831125,0.30394962,0.3427629,0.30434942,0.33067167,0.29320914,0.33868384,0.3188528,0.30897495,0.3351217,0.32573682,0.31947452,0.30784935,0.32131886,0.33189404,0.3451662,0.34089714,0.3337801,0.34481943,0.32681584,0.32704866,0.31629127,0.36134362,0.35017008,0.36493272,0.33353972
0.34238058,0.36354595,0.38752973,0.37246013,0.34834158,0.33449274,0.29932496,0.32487208,0.36484712,0.33189994,0.35509682,0.38153762,0.31208462,0.35860366,0.33315054,0.31948662,0.33755875,0.3320322,0.3648641,0.3727377,0.36542106,0.36664587,0.36286908,0.3606482,0.3245638,0.3046052,0.33136728,0.35950065,0.349738,0.32842714,0.36260527,0.33982265,0.3569885,0.35024178,0.34578675,0.36062545,0.31777138,0.32154086,0.37363678,0.35455054,0.34320724,0.3175781,0.3492707,0.33495945,0.33612996,0.3363825,0.34308648,0.35979474,0.3432768,0.3277424,0.3369353,0.3411681,0.3662535,0.34715438,0.33793926,0.31978926,0.36675203,0.307904,0.34695554,0.34929168,0.33266857,0.34879965,0.33668482,0.34802288,0.3313862,0.3271804,0.33423662,0.35891652,0.3507927,0.33725291,0.32156342,0.3317342,0.34510642,0.36507827,0.3415652,0.37011242,0.3436777,0.34670424,0.35612738,0.3195271,0.36548996,0.35166782,0.3426265,0.34610635,0.34607464,0.35038722,0.36328524,0.36079907,0.34077856,0.3414812,0.34053588,0.3513013,0.35827047,0.34896988,0.32389337,0.33470222,0.3351186,0.32621598,0.36414164,0.36176497,0.34855336
0.34265977,0.3986767,0.3454612,0.39737052,0.3527859,0.38963175,0.36651838,0.4026757,0.37047797,0.3745774,0.3690533,0.42408323,0.36956298,0.34588236,0.37408596,0.37140512,0.38560015,0.34150952,0.34582537,0.3535685,0.35084867,0.35819578,0.34804493,0.32908523,0.35326552,0.35287744,0.3501683,0.40202302,0.36555928,0.37609965,0.37929618,0.3494982,0.3990705,0.3566178,0.3733592,0.36819983,0.35938472,0.3812173,0.3756932,0.3711847,0.3746199,0.33692467,0.3560233,0.35004485,0.38755655,0.33845872,0.36246067,0.3671006,0.36307317,0.35626024,0.35912514,0.37281013,0.39462334,0.39898753,0.34858334,0.3893174,0.363805,0.35232615,0.3645745,0.3277442,0.3706324,0.3694796,0.36098367,0.35240835,0.37006634,0.3457471,0.3847338,0.34313625,0.3665375,0.3547395,0.36763573,0.37672627,0.382313,0.35220987,0.3528052,0.3754229,0.36298376,0.35194033,0.3709516,0.37023556,0.37004972,0.38595843,0.34513706,0.35974085,0.3802408,0.3453169,0.36328596,0.3421768,0.36528587,0.33558583,0.39893055,0.37910384,0.3517658,0.3813855,0.35760343,0.3692981,0.39370197,0.37277097,0.39135128,0.36765206,0.37422282
0.34297058,0.3247645,0.33259842,0.3675099,0.33352166,0.33977324,0.32839882,0.34637195,0.30640602,0.30610454,0.3283772,0.33294314,0.35354173,0.33555853,0.34491342,0.33997542,0.33509016,0.29901472,0.35532022,0.32149416,0.3294587,0.32725444,0.31292874,0.338143,0.3517354,0.3627317,0.31828636,0.3403506,0.33987674,0.32787758,0.31372052,0.35484272,0.34160757,0.34655362,0.3381522,0.33091038,0.30894223,0.3409602,0.31460476,0.32367963,0.31450963,0.35113913,0.35539365,0.34262496,0.32946622,0.30233335,0.3215075,0.34622836,0.33944243,0.33129764,0.34353065,0.34876043,0.31969142,0.33560032,0.34904152,0.34854704,0.30636662,0.32408422,0.30255973,0.37096846,0.31327313,0.3471992,0.32016093,0.3489011,0.31703195,0.34068626,0.3422346,0.34031123,0.32168534,0.31369954,0.32795918,0.35346007,0.3117572,0.33014306,0.33737564,0.32906795,0.30282742,0.34631532,0.34807944,0.3131556,0.32412225,0.34638125,0.37116945,0.32601047,0.29718947,0.3613122,0.31737953,0.3319586,0.33071405,0.3485065,0.31954616,0.324885,0.31766897,0.31887335,0.33213288,0.33741817,0.319106,0.3201208,0.3255177,0.37619317,0.32985598
0.34457007,0.35099232,0.34268963,0.342497,0.35358614,0.32919452,0.33675468,0.32602346,0.32971084,0.3502862,0.35077983,0.35751897,0.34550065,0.34417987,0.3418147,0.31017947,0.35165173,0.36662018,0.32864732,0.347874,0.3346929,0.3424806,0.33148158,0.3113703,0.3445381,0.35259712,0.35442013,0.33599463,0.34633666,0.3433671,0.35683447,0.34924102,0.35713398,0.33835155,0.3626988,0.32089972,0.3445714,0.34576672,0.3291244,0.3334571,0.35656375,0.31926733,0.33256507,0.32248205,0.31209654,0.35250163,0.31532353,0.3553732,0.33307946,0.35938376,0.3288515,0.3283922,0.3467613,0.35571146,0.36375695,0.30961788,0.35681003,0.36415666,0.34976244,0.35165435,0.3174165,0.3412329,0.3857563,0.33360463,0.33522582,0.3314165,0.33018094,0.366273,0.343585,0.34279722,0.35029233,0.3127706,0.3526705,0.32592005,0.3281647,0.36140233,0.34091753,0.36185592,0.34838623,0.3367257,0.3519566,0.37221038,0.3543706,0.3280362,0.3816383,0.33985877,0.36016196,0.34263277,0.3375577,0.33342117,0.37891865,0.34459394,0.37113106,0.33160746,0.38922328,0.3237843,0.34608233,0.32264066,0.33763477,0.34787834,0.35159886
0.34547424,0.32254505,0.35258174,0.35948324,0.37056696,0.35163748,0.36181492,0.36157328,0.337425,0.3774004,0.36036277,0.37675595,0.32372373,0.3435287,0.35216773,0.3608302,0.36086428,0.35653305,0.34829068,0.3389297,0.37368822,0.34781426,0.3738292,0.3575182,0.32758364,0.35664892,0.3391282,0.32677078,0.35064942,0.34254658,0.34634906,0.3397225,0.3639512,0.33806127,0.34212703,0.35200667,0.3714279,0.34316462,0.34373742,0.35114497,0.32939756,0.33826047,0.34115088,0.34420842,0.34948212,0.32758927,0.36205757,0.3510406,0.3352375,0.33452916,0.3585413,0.34755552,0.35333997,0.3438294,0.35627937,0.34934193,0.37020922,0.3397383,0.35146815,0.33891422,0.34997696,0.3344204,0.3542201,0.33748794,0.35385388,0.3571515,0.3457269,0.3369552,0.3564542,0.33692008,0.34459454,0.33154064,0.35031557,0.3497542,0.33547133,0.32983682,0.36451,0.33009005,0.3329821,0.34081507,0.33681172,0.35534298,0.3310787,0.3665107,0.35203463,0.3182028,0.34488535,0.34227824,0.3172249,0.38038957,0.3469665,0.34749722,0.3926469,0.35769612,0.35423863,0.36389732,0.38900906,0.36757267,0.37728637,0.32930326,0.34503222
0.34567785,0.3643784,0.34805518,0.31386048,0.3699447,0.32460028,0.32052916,0.31897235,0.3145209,0.31638527,0.36353058,0.3431719,0.37479866,0.32462272,0.37578303,0.36160147,0.35468477,0.32046187,0.3443594,0.33077043,0.33972502,0.3449515,0.36188126,0.34896684,0.3476969,0.33444276,0.340633,0.32654303,0.39288384,0.35105902,0.33410898,0.3381099,0.36498076,0.33180952,0.34199923,0.3556031,0.3597759,0.3526442,0.35205412,0.3560484,0.32431048,0.34593737,0.33564204,0.33860034,0.32994473,0.34295017,0.33006048,0.35001695,0.3647248,0.35683352,0.36735952,0.34615415,0.34821743,0.32722598,0.36488384,0.35837728,0.3274575,0.35752785,0.34337002,0.337393,0.3397851,0.34934515,0.37068534,0.3425734,0.3459074,0.37146735,0.35599434,0.36764705,0.33357203,0.3263551,0.33594322,0.3545689,0.3309157,0.35521924,0.38877165,0.3568256,0.35676652,0.34127122,0.32534546,0.3644297,0.34531575,0.33735484,0.36463994,0.31885347,0.35322553,0.36183518,0.35484773,0.34212828,0.3286662,0.33443403,0.3336354,0.374268,0.35251516,0.35268462,0.32682282,0.35292423,0.34545386,0.3537132,0.31546408,0.32976875,0.33861908
0.3456806,0.33238497,0.32906026,0.33894438,0.35984772,0.34866464,0.34406734,0.3300612,0.32135916,0.3397413,0.3524155,0.365317,0.33802208,0.35132366,0.33871567,0.32090628,0.34665716,0.3183987,0.35823357,0.3603654,0.3439803,0.34080005,0.35950065,0.34513235,0.33253413,0.3692519,0.3580495,0.3324642,0.34342867,0.38357776,0.32639772,0.3318768,0.33583927,0.32969093,0.35776,0.38518047,0.3513658,0.35265136,0.34532052,0.3396697,0.34592283,0.3296209,0.33547306,0.32647306,0.3105864,0.34347612,0.37383634,0.35862398,0.3279777,0.3665412,0.31968492,0.33590543,0.33350265,0.293073,0.3325996,0.3317865,0.3860492,0.3889084,0.34992206,0.3401956,0.33296406,0.36520356,0.3764106,0.32670164,0.31242445,0.34157878,0.350496,0.33284742,0.33360794,0.36225665,0.36789095,0.3401493,0.3369344,0.3229302,0.3212276,0.3476078,0.31698635,0.31830627,0.36624283,0.36110228,0.35363758,0.33610654,0.31540293,0.3497007,0.36960632,0.3575278,0.36254632,0.32874507,0.36507523,0.35483086,0.3454104,0.35081142,0.3469804,0.35916656,0.34808713,0.35040742,0.3373652,0.34211814,0.31525654,0.34965247,0.33316505
0.34631306,0.36891973,0.35203075,0.35342664,0.34283525,0.3491745,0.3616959,0.36736703,0.34824187,0.35896575,0.3636852,0.36662287,0.35878992,0.3693052,0.34767252,0.38821346,0.3880638,0.3525266,0.36972076,0.3637792,0.33520132,0.34951013,0.3623368,0.30178985,0.36518538,0.34742916,0.36100614,0.3526981,0.37737638,0.34673744,0.34508055,0.35086554,0.36861974,0.33634037,0.3479861,0.36619085,0.35997373,0.34952313,0.3604414,0.3565899,0.35997045,0.35678542,0.3480811,0.3702497,0.38017118,0.37200493,0.37810254,0.36398542,0.35405093,0.3890921,0.3803203,0.37980843,0.36694932,0.34870082,0.35135174,0.39156818,0.3398052,0.3656429,0.36115026,0.35580957,0.35763997,0.35931408,0.37686783,0.362149,0.35997778,0.38512856,0.37765753,0.3521685,0.35360515,0.38028234,0.3622815,0.34752262,0.35705954,0.3379849,0.37863225,0.36049485,0.3688779,0.38361585,0.35133958,0.33716804,0.3699975,0.38329846,0.3383528,0.35553926,0.35664648,0.3756892,0.34973758,0.3548634,0.3627866,0.34387624,0.33930352,0.34078342,0.3625608,0.3832152,0.3508327,0.3863557,0.34389758,0.37113756,0.34207708,0.3649428,0.37397623
0.34765548,0.3414812,0.36542636,0.3008939,0.3451193,0.3433742,0.33750403,0.34823984,0.33479416,0.36177033,0.365968,0.34238636,0.35309923,0.35093528,0.34464312,0.3425147,0.35937595,0.3477599,0.35425347,0.35033077,0.35914695,0.35769683,0.34216374,0.3556894,0.3736422,0.35171694,0.35195673,0.34775347,0.34289718,0.33967954,0.36033583,0.34728307,0.3738166,0.3248866,0.3418224,0.37213194,0.3415684,0.34463942,0.36465913,0.37903214,0.3284015,0.36362123,0.34797263,0.34966075,0.3721398,0.37762147,0.3390041,0.34327716,0.36294836,0.3572464,0.3365876,0.35606337,0.35124838,0.3376829,0.3669675,0.37361908,0.3470763,0.34054744,0.37566125,0.33032575,0.37423807,0.36262012,0.36618012,0.37929952,0.3805191,0.37457055,0.33648857,0.37856513,0.35317826,0.36501223,0.3385073,0.32726938,0.34069467,0.34491426,0.32092565,0.374075,0.38343376,0.35898077,0.35345376,0.3396492,0.38717067,0.31657234,0.36009157,0.36606902,0.32674915,0.351915,0.32098264,0.34385222,0.35426277,0.36158705,0.35374397,0.3573531,0.3500194,0.3375199,0.3708495,0.36219287,0.32955992,0.36259896,0.37173933,0.3331749,0.34738678
0.3493196,0.3450455,0.3477056,0.36029077,0.37062132,0.35042244,0.37945688,0.38033396,0.36453146,0.36915553,0.3370728,0.35144526,0.33937585,0.36179125,0.36694133,0.33319345,0.35491526,0.3504272,0.3273616,0.36499506,0.35040992,0.3614552,0.36571294,0.3762558,0.3794405,0.35445392,0.36869234,0.352948,0.36496162,0.37696737,0.33169562,0.36014766,0.34806347,0.36184675,0.35969436,0.3595618,0.37557214,0.355555,0.34882462,0.35256946,0.38493484,0.3447864,0.36510903,0.36914122,0.37409472,0.35176027,0.3494963,0.3397327,0.35031408,0.34884542,0.36828417,0.34297168,0.3766967,0.34414548,0.3938524,0.34124106,0.3589341,0.37097323,0.38065523,0.36723053,0.36396885,0.36888236,0.35415184,0.33565432,0.3482805,0.37323278,0.37184626,0.33321205,0.36514616,0.34567374,0.37480676,0.3576014,0.3449911,0.35625476,0.36188716,0.33440602,0.34639233,0.35051984,0.37988234,0.36072177,0.38826066,0.3307529,0.35716408,0.33712864,0.34561133,0.3417681,0.39705002,0.37153494,0.3620261,0.35076475,0.35900062,0.35426444,0.33614653,0.35957724,0.3829282,0.35841948,0.3635999,0.365992,0.35042244,0.39346057,0.4013059
0.3497401,0.3525073,0.366391,0.34962493,0.3632154,0.36782193,0.33899805,0.32865864,0.3131634,0.337506,0.36496574,0.34035575,0.36385846,0.35781568,0.35206228,0.33968765,0.3685947,0.38361716,0.32862264,0.33297503,0.33326727,0.3303851,0.35756838,0.34911412,0.322208,0.35454553,0.34434217,0.3409853,0.34758896,0.3593856,0.3680036,0.35720974,0.31769305,0.35479742,0.3459608,0.36115634,0.37846637,0.37079263,0.3354243,0.3415048,0.35895717,0.30593902,0.3619423,0.35035843,0.36260468,0.32721573,0.3689021,0.32774577,0.36451757,0.3617946,0.33508992,0.32189667,0.31317523,0.37824035,0.33906418,0.3430838,0.32460064,0.32098705,0.35976994,0.30531645,0.3693695,0.33437377,0.3373756,0.36924833,0.34983623,0.35593498,0.3455751,0.3479718,0.32410872,0.37133944,0.33297938,0.34474468,0.37126344,0.34883058,0.33508444,0.3279125,0.32738805,0.3317058,0.36550665,0.3353762,0.3422838,0.3472517,0.340387,0.35001498,0.39575332,0.33616638,0.3231073,0.33476627,0.342961,0.33751774,0.3395837,0.3254503,0.34474695,0.35606527,0.34260863,0.3604877,0.34615493,0.33856586,0.3478977,0.32317424,0.34967846
0.34980893,0.3762297,0.3788566,0.36820978,0.36693788,0.33204633,0.3618375,0.37363696,0.33794826,0.3703707,0.37255412,0.36739022,0.34252983,0.3586623,0.34074926,0.37396473,0.37831008,0.371719,0.36513728,0.38549805,0.37967932,0.36037934,0.33961576,0.33174527,0.34226876,0.3759234,0.37910056,0.38743007,0.3597427,0.35422093,0.37352532,0.39562076,0.3532582,0.37210506,0.35655946,0.3736933,0.40308893,0.39246756,0.3563171,0.36984438,0.33691832,0.36594224,0.38135213,0.3799222,0.36780167,0.37770855,0.41159624,0.3778602,0.3402648,0.35063934,0.37290722,0.3633502,0.36160064,0.36101145,0.36677635,0.35135627,0.3660534,0.36809778,0.36753172,0.35843998,0.34712183,0.38886476,0.3627646,0.3677963,0.35016525,0.3407851,0.35674053,0.3705027,0.369223,0.3913461,0.35665148,0.3524031,0.363263,0.3501581,0.35377926,0.37806535,0.3602004,0.35573566,0.3611523,0.36954254,0.3537131,0.37227285,0.35901183,0.3733318,0.3785113,0.37572747,0.3910581,0.3727699,0.37581074,0.37370282,0.37352186,0.3777073,0.34012234,0.3730681,0.35316843,0.3530535,0.38310713,0.36480618,0.34124786,0.3727976,0.35142404
0.350018,0.3560372,0.3456205,0.33909827,0.33643812,0.32982785,0.3281464,0.36436582,0.38964128,0.38227344,0.3542658,0.36495078,0.37747782,0.37418878,0.34574854,0.3656456,0.36607015,0.3603875,0.3683958,0.3595577,0.36094415,0.36418498,0.33746785,0.35368705,0.33907223,0.39942253,0.3572036,0.3824224,0.3760953,0.30681473,0.3666044,0.34948605,0.36003256,0.3506468,0.3607605,0.3756255,0.37932515,0.37042147,0.3573104,0.3462236,0.3245169,0.34522444,0.35376656,0.36859602,0.34883094,0.3459705,0.33851036,0.35700476,0.3566804,0.37521154,0.36326373,0.32543474,0.34431487,0.39137554,0.3596518,0.3750947,0.32603937,0.3641113,0.31284574,0.37091762,0.32552785,0.35968012,0.32980296,0.34562552,0.34849215,0.3464399,0.3281229,0.33465987,0.3581484,0.37686294,0.3505413,0.34922105,0.355039,0.36545897,0.3636819,0.3406465,0.36429602,0.3652603,0.3349048,0.32596058,0.3219592,0.3634227,0.35347086,0.37701428,0.3668998,0.3393401,0.32744265,0.3358553,0.33079582,0.33706808,0.3591991,0.37351555,0.379022,0.37267274,0.3635021,0.38848716,0.36106032,0.37046713,0.3574583,0.35074085,0.3738603
0.3501645,0.31836396,0.34075552,0.30449468,0.35360777,0.37415755,0.35172868,0.31230682,0.3454327,0.3308879,0.35158062,0.34926003,0.34685224,0.29042074,0.35561073,0.33279735,0.3352198,0.33604312,0.34135377,0.3438962,0.29244453,0.3397286,0.3098457,0.33699954,0.30256182,0.36401743,0.3178389,0.34378874,0.31337252,0.31610173,0.3221231,0.35822487,0.32622993,0.30826473,0.35800654,0.35140717,0.3172664,0.34617823,0.34779966,0.33541346,0.31788963,0.32652766,0.32870334,0.3228424,0.3222319,0.3201359,0.31964636,0.32827693,0.32484123,0.32746923,0.3452049,0.3171602,0.32350916,0.3471772,0.35657603,0.31005818,0.3155684,0.32096773,0.32773602,0.3196507,0.32771778,0.30633432,0.32829565,0.3095628,0.29427046,0.32920945,0.33926737,0.3257966,0.33275613,0.3198611,0.3225434,0.3425302,0.31799224,0.30312705,0.35649174,0.33280003,0.3168319,0.2972962,0.32374108,0.32009014,0.3395244,0.3523715,0.33356327,0.32509574,0.32035744,0.33862615,0.3209287,0.33012247,0.3188079,0.35714328,0.3262315,0.33198577,0.34305114,0.32869947,0.30510318,0.3379057,0.31446666,0.30930138,0.3556245,0.31106403,0.33161128
0.35082737,0.32684004,0.3374403,0.35816884,0.3611893,0.37175667,0.36545432,0.34114534,0.3365162,0.30481845,0.32744923,0.37034404,0.32939333,0.3412506,0.33659023,0.34462464,0.32204014,0.33794087,0.33955717,0.34884036,0.31577355,0.33490825,0.36779648,0.3244909,0.32664806,0.34307724,0.3363977,0.3543315,0.32561928,0.3558417,0.35526127,0.3695792,0.3460223,0.34251958,0.37724096,0.32677054,0.33846134,0.32029018,0.3531354,0.35001582,0.36154407,0.36304003,0.36200887,0.34540176,0.32949466,0.35242516,0.36355072,0.35031688,0.3715207,0.3287309,0.32282078,0.33752865,0.3638276,0.35244608,0.33867395,0.32448336,0.34323502,0.38334268,0.36004406,0.31872427,0.34471792,0.33269036,0.34152198,0.36120528,0.3346653,0.35474932,0.3502618,0.30470031,0.33805442,0.35059464,0.344321,0.34935653,0.33880243,0.34674972,0.33932874,0.3327,0.331724,0.3397527,0.35595173,0.32519317,0.36187834,0.3454789,0.34433615,0.34830284,0.33408386,0.334189,0.32705578,0.34814596,0.37736857,0.32523352,0.3470809,0.33037686,0.34900767,0.3539778,0.3260759,0.38967866,0.32956952,0.3633591,0.34759027,0.34957612,0.3653707
0.35190094,0.3130463,0.34884274,0.34451288,0.32261154,0.34791952,0.32068276,0.35751796,0.35629928,0.33013242,0.36341542,0.32978868,0.3339163,0.3456968,0.33338422,0.33024687,0.32934687,0.3237083,0.31999812,0.35819697,0.36363852,0.35805458,0.31474578,0.3295328,0.35416532,0.3413995,0.3433395,0.3767181,0.33280006,0.3830757,0.349424,0.3331331,0.3136069,0.37921607,0.35789222,0.3848942,0.35430127,0.32851058,0.35173833,0.35473937,0.34406692,0.3161159,0.34238768,0.31980526,0.343939,0.32786065,0.36130983,0.3306831,0.3434556,0.3540324,0.3190983,0.36285204,0.31341848,0.31905532,0.36994237,0.36631274,0.34875852,0.34977835,0.36652672,0.32438475,0.37218326,0.330197,0.34773058,0.35364306,0.3464828,0.35263413,0.3269048,0.34453946,0.36108404,0.3533069,0.3268481,0.32795078,0.3495769,0.36923242,0.35130125,0.3353957,0.33883244,0.3225001,0.33969343,0.37795937,0.3410017,0.33349997,0.36024106,0.333566,0.3008157,0.38270456,0.32995623,0.3461184,0.34728736,0.3593914,0.36838317,0.36160308,0.3516062,0.33160698,0.3415724,0.35837352,0.33731237,0.38553035,0.33504236,0.358648,0.33562297
0.3539781,0.36306393,0.39327115,0.40005046,0.39894515,0.36632442,0.37769085,0.37366545,0.37898612,0.36045718,0.3936298,0.39819282,0.3722083,0.38730443,0.40542102,0.3907147,0.348491,0.38463622,0.3764755,0.37189096,0.3910812,0.38686842,0.38234323,0.3815667,0.37509197,0.3925351,0.3755806,0.371131,0.36526817,0.38239944,0.39556372,0.37653017,0.38197458,0.37163138,0.39564478,0.40279394,0.36054987,0.3962515,0.36783344,0.3730026,0.39140517,0.39399058,0.38155448,0.40501767,0.374466,0.38225687,0.35930306,0.38553518,0.38132983,0.3879038,0.381137,0.36626244,0.36567223,0.40847605,0.42262167,0.39244962,0.4157591,0.40150112,0.3653605,0.39821035,0.37874824,0.38134247,0.37676817,0.38056314,0.37390387,0.39518887,0.37961888,0.38221306,0.37430018,0.40186036,0.41361326,0.398201,0.36420715,0.38700414,0.3903296,0.3919837,0.37961918,0.3597883,0.39028096,0.3794188,0.37864268,0.37856328,0.37591362,0.37432176,0.3642707,0.38095808,0.3835609,0.3794911,0.36237776,0.3996954,0.3857742,0.3608449,0.39588344,0.3799402,0.39031893,0.3715948,0.36433703,0.37991232,0.3899538,0.35531193,0.36721247
0.35402212,0.34141797,0.31241328,0.3511722,0.36660385,0.34679216,0.33746004,0.35375327,0.33258826,0.3190289,0.35712546,0.36324054,0.32664746,0.32021034,0.32897297,0.32062578,0.31893125,0.36239374,0.32350808,0.36727816,0.33771932,0.31244093,0.34319347,0.35601652,0.34492475,0.3470512,0.32447976,0.3531084,0.3475303,0.34599,0.32965377,0.35686523,0.32980537,0.36187828,0.35257167,0.36561978,0.35556638,0.33086967,0.3391943,0.3479026,0.32409072,0.33432752,0.32623333,0.33482927,0.34292394,0.35326487,0.32607085,0.34708375,0.34140575,0.3251316,0.33264828,0.3651973,0.3245539,0.36807162,0.3521973,0.3059128,0.34313762,0.34955615,0.34087288,0.34476393,0.34510577,0.3622638,0.3343945,0.37249207,0.35872918,0.31096384,0.3294133,0.3571608,0.34731025,0.36752397,0.33901352,0.32540548,0.3419202,0.35938263,0.35136867,0.3604251,0.3261952,0.32677794,0.35631168,0.35255402,0.33308014,0.359594,0.33731014,0.34208113,0.36939478,0.38276333,0.33445758,0.34141374,0.31190318,0.3500269,0.3483621,0.33560157,0.31451488,0.335876,0.35575205,0.31234413,0.32636952,0.35598338,0.34413576,0.37353563,0.33590168
0.35423788,0.3808381,0.35690773,0.3662455,0.3843655,0.3884598,0.39012426,0.38597667,0.3981642,0.39220077,0.3534543,0.38909197,0.35864168,0.3610924,0.38108158,0.40023583,0.3895085,0.37429553,0.39031947,0.38319886,0.37234473,0.38893116,0.400208,0.37211174,0.3808121,0.3858626,0.36826354,0.3777442,0.41625094,0.38174576,0.3861971,0.398111,0.36955744,0.3907479,0.38364053,0.35651332,0.37185824,0.39323133,0.3804646,0.38594997,0.39412957,0.36490977,0.37662584,0.36173683,0.36569387,0.389463,0.38635057,0.39867634,0.4027173,0.37334007,0.40193897,0.37890494,0.3608821,0.3857484,0.387842,0.37099618,0.37730503,0.38154864,0.35586232,0.40144593,0.3900255,0.3696577,0.38609022,0.3960232,0.36925453,0.40350223,0.37214106,0.38243306,0.37607116,0.38301283,0.3827694,0.37534338,0.38619322,0.3797273,0.3955124,0.37981874,0.37246615,0.37606895,0.37612456,0.38269633,0.4181317,0.37862033,0.3908465,0.3850866,0.36716753,0.38641405,0.36720568,0.35576075,0.36624557,0.40325207,0.34430104,0.37400883,0.38896286,0.39311928,0.38477588,0.40930742,0.37793088,0.38995612,0.36859018,0.38655168,0.39652866
0.35432974,0.34744018,0.3641218,0.3618344,0.35885817,0.35001063,0.3786862,0.3374561,0.3443607,0.34312016,0.36208498,0.39178985,0.32921624,0.36008286,0.30623356,0.33447355,0.36274385,0.33317792,0.33064264,0.33738232,0.35067755,0.3337029,0.3387919,0.34516352,0.34961188,0.30991045,0.3812347,0.32491487,0.38106412,0.3402571,0.35744923,0.3798179,0.36740243,0.35108173,0.36401957,0.3449868,0.34180498,0.33548427,0.3473717,0.3382069,0.3160501,0.34561235,0.32228333,0.3650139,0.3332584,0.310123,0.37513703,0.33307523,0.3655269,0.35382462,0.3461082,0.3692909,0.33149385,0.35358036,0.34319484,0.36974806,0.33915997,0.35574389,0.35109687,0.34338337,0.34439623,0.357055,0.35827935,0.35048342,0.34065062,0.34875333,0.3678637,0.33617485,0.3326522,0.33029753,0.33980152,0.33566028,0.36540133,0.38399643,0.32138944,0.34473056,0.35262078,0.34901577,0.33443525,0.34615445,0.37221426,0.3375227,0.34939307,0.345115,0.37655348,0.3617645,0.32840598,0.36308116,0.32293332,0.34224677,0.33903372,0.37398863,0.3334936,0.34474093,0.3431428,0.32584494,0.28790575,0.3867579,0.34315795,0.36800164,0.37066394
0.35547754,0.35979074,0.37517983,0.3427232,0.35938162,0.36236334,0.3654979,0.3774311,0.35883594,0.36743313,0.38669395,0.38523608,0.36747342,0.35176688,0.3457486,0.35933757,0.37738633,0.33813506,0.36337513,0.3563797,0.33982491,0.35947227,0.34441566,0.36763507,0.37514246,0.37529373,0.36203104,0.38759607,0.36705458,0.33926463,0.35852408,0.37349308,0.36875987,0.35876578,0.36138326,0.36692303,0.35540384,0.38489085,0.35241067,0.38444054,0.3786537,0.34324187,0.34988546,0.36450446,0.33723366,0.35873222,0.34830862,0.3602141,0.36747688,0.38791186,0.35513037,0.3497523,0.37259972,0.32682905,0.33766252,0.34401673,0.34206426,0.34481502,0.3717721,0.39702755,0.3700347,0.35127246,0.36728752,0.36303693,0.3803392,0.35515386,0.33645254,0.35636342,0.34500515,0.37529415,0.37338722,0.3809951,0.3639686,0.35545868,0.37920994,0.36037916,0.36348403,0.373487,0.36372137,0.38170844,0.36706096,0.36642385,0.37479693,0.35881424,0.35558718,0.3971641,0.35683197,0.40221506,0.37219715,0.38052255,0.34458494,0.34768724,0.3402474,0.3632989,0.35210258,0.36012644,0.33752787,0.35085028,0.36764485,0.38351685,0.34801704
0.35594314,0.35349387,0.3341393,0.36524522,0.31674525,0.34221923,0.3203085,0.32464877,0.32286388,0.34393215,0.33597684,0.3530677,0.3159706,0.31751502,0.3107946,0.325051,0.32713878,0.33802778,0.3700601,0.34103984,0.32890236,0.33188394,0.34168035,0.33877558,0.34321594,0.32522696,0.31239128,0.33717388,0.31361818,0.31409967,0.3407728,0.3059535,0.3252761,0.37400305,0.3472373,0.32628393,0.33764416,0.33510342,0.3127242,0.32782614,0.33023608,0.32003087,0.3269608,0.3560831,0.32720447,0.32539415,0.30877143,0.33081198,0.34801936,0.30636108,0.3458736,0.3162821,0.34463024,0.33293158,0.3149199,0.32691723,0.3166836,0.33378026,0.3465516,0.33226988,0.3536299,0.33260775,0.35068935,0.33257213,0.3244864,0.3252205,0.33280897,0.34495002,0.34194064,0.30452105,0.31476736,0.3468405,0.32582575,0.32671684,0.34050968,0.3525372,0.31918907,0.34106088,0.36630774,0.35278946,0.3525343,0.3683622,0.35241222,0.35192788,0.32142812,0.37811756,0.34144175,0.33191228,0.34068614,0.34284723,0.33803988,0.32661328,0.29402772,0.32119465,0.33899283,0.3078186,0.34397548,0.33708453,0.35190767,0.28762758,0.30857122
0.35607263,0.34055245,0.35644978,0.3565542,0.3755418,0.3913123,0.36646008,0.35370427,0.3713336,0.34086132,0.3757295,0.37764406,0.36854684,0.33638275,0.3363092,0.34818935,0.35915285,0.36698455,0.3765942,0.38880944,0.35170543,0.35647482,0.36273724,0.36793143,0.3657961,0.35510463,0.36192793,0.35673732,0.3708704,0.37019444,0.38538462,0.37936848,0.35763627,0.35766315,0.37062687,0.35606474,0.35728222,0.34382355,0.38216245,0.3563218,0.37180144,0.36766946,0.3553639,0.399365,0.3746686,0.38240242,0.3471784,0.3567953,0.37788558,0.36266738,0.35739613,0.35806835,0.34881997,0.3510912,0.3824368,0.36742216,0.3398924,0.3590588,0.3349048,0.3604924,0.3697669,0.3738854,0.3785572,0.34051067,0.3401283,0.36545908,0.37624913,0.37801808,0.3608622,0.3738286,0.34135514,0.3706081,0.37967736,0.37818426,0.38874865,0.36624962,0.37382913,0.36332142,0.36195552,0.33962667,0.38657278,0.35293382,0.37855172,0.35761052,0.40051818,0.3599897,0.37026978,0.3932687,0.38401508,0.36755198,0.36801767,0.36578232,0.37218958,0.38406157,0.35567367,0.34366512,0.3390445,0.36113024,0.37275082,0.3715859,0.40232772
0.3561722,0.35057855,0.36401123,0.35288817,0.35466093,0.3614788,0.34537572,0.36123472,0.3539784,0.36023855,0.36228746,0.34747314,0.36690313,0.35521793,0.3527996,0.34515405,0.34171706,0.39111114,0.35389984,0.31891263,0.34272176,0.35773838,0.3366328,0.3528214,0.35944325,0.364694,0.36844265,0.3668726,0.36256945,0.3657751,0.38265365,0.3559857,0.35121012,0.375521,0.33155933,0.35154998,0.37143397,0.3411975,0.34697598,0.36988944,0.3135425,0.35791165,0.3634711,0.37200868,0.34979248,0.34716892,0.3476054,0.37662876,0.3576597,0.3886246,0.34891105,0.3482678,0.35628366,0.34559417,0.34119695,0.37100768,0.35631877,0.36581367,0.3435126,0.340053,0.39357215,0.34451282,0.3375793,0.36020523,0.3715741,0.3576818,0.39229965,0.35938728,0.35502756,0.39322406,0.3500293,0.35641658,0.36035675,0.34424192,0.38028693,0.35162592,0.3987671,0.3621422,0.38618255,0.36219263,0.32307267,0.3738901,0.352651,0.34391117,0.33550948,0.36605197,0.35311425,0.38242555,0.37348872,0.35103297,0.35358667,0.3476975,0.37493545,0.35329425,0.36524737,0.34454322,0.3340535,0.38028157,0.37815887,0.35754365,0.35072088
0.35686573,0.36321396,0.37202644,0.40310955,0.37522757,0.37194508,0.36897004,0.3565709,0.3826487,0.39095724,0.40155107,0.37405157,0.38853216,0.36723793,0.3584712,0.38970506,0.3775038,0.34172505,0.38556927,0.3685465,0.3930757,0.35487062,0.37048542,0.36274928,0.3502987,0.37444586,0.37676346,0.3746314,0.3822695,0.37002498,0.3585235,0.36322308,0.38269323,0.36082435,0.36665237,0.34483802,0.3581766,0.40837908,0.3500749,0.3575982,0.3648885,0.37911135,0.37924266,0.37223667,0.3571989,0.3704937,0.3742929,0.37833565,0.34986216,0.3679723,0.3718766,0.3960858,0.37668216,0.379987,0.36144722,0.39041853,0.3832183,0.36461323,0.37851298,0.3591833,0.38714945,0.3727104,0.3666433,0.3702433,0.3652565,0.38517696,0.3455847,0.40096015,0.35963613,0.37019384,0.36824965,0.36364865,0.35326225,0.3826558,0.36636376,0.36090183,0.38044685,0.3667394,0.37518644,0.37056345,0.36496335,0.36394536,0.37041992,0.3625005,0.38407034,0.3904186,0.3826332,0.36214137,0.3693915,0.38222307,0.35188943,0.36297953,0.36849195,0.3946426,0.3687328,0.35587204,0.36249357,0.40691555,0.37731457,0.4090702,0.35043365
0.3572142,0.3864287,0.35810196,0.37225568,0.3460607,0.3712023,0.36381,0.3730262,0.35034627,0.35878104,0.3361249,0.3529185,0.36818886,0.32434434,0.3548947,0.36874038,0.34196633,0.3903212,0.37025082,0.3633634,0.35945678,0.36946625,0.3442554,0.36011302,0.33262014,0.36912102,0.318411,0.36533594,0.34708196,0.36959213,0.3615483,0.3533374,0.38584197,0.36575758,0.37896287,0.3449788,0.33639663,0.37823957,0.33459386,0.3769487,0.34402144,0.3435046,0.35116202,0.38122994,0.36971974,0.3413937,0.37981397,0.35431445,0.36034077,0.37312096,0.35171366,0.35634148,0.37965906,0.37954175,0.3568887,0.3664912,0.35968506,0.339985,0.3626365,0.35994315,0.35679853,0.3521713,0.373883,0.37480223,0.3683123,0.3634194,0.35183495,0.38571358,0.3629282,0.3479907,0.35071337,0.33821917,0.35875297,0.3372174,0.3513567,0.35045987,0.34577245,0.34499484,0.3521486,0.3543033,0.3715825,0.34799445,0.39462936,0.38882452,0.33690828,0.38300455,0.34792054,0.3414082,0.35068673,0.3379562,0.32986504,0.33628994,0.3661697,0.38134778,0.332483,0.3663128,0.35534668,0.35880512,0.3260941,0.34147137,0.37111914
0.35730222,0.37408626,0.39081293,0.3389625,0.37709838,0.34722298,0.3623343,0.36823893,0.3665656,0.35657096,0.38847142,0.35004532,0.3878613,0.35616922,0.3922906,0.36160642,0.35288352,0.35397935,0.36682105,0.35311168,0.3609553,0.35642195,0.35938627,0.36461413,0.3475545,0.35119694,0.36473298,0.36251014,0.35742825,0.37238675,0.37862206,0.3477357,0.3694328,0.37876767,0.36383086,0.37596673,0.36501026,0.37357754,0.39370143,0.3619563,0.38726085,0.38381267,0.3744365,0.36063015,0.35073936,0.37541533,0.35888183,0.36930245,0.35100543,0.3488899,0.36750162,0.33181715,0.37041754,0.36911082,0.36248726,0.33960927,0.3697763,0.36136317,0.39281034,0.3415537,0.35563558,0.3492642,0.3414232,0.35905576,0.36921644,0.36317712,0.35373056,0.36627877,0.3628295,0.34990555,0.3468324,0.3664388,0.37374842,0.37495202,0.39429313,0.38238138,0.3742326,0.37451303,0.36563224,0.35998303,0.3655153,0.3643976,0.38118953,0.37108445,0.34955955,0.3770036,0.36093473,0.3435976,0.37093228,0.35658884,0.34695023,0.3485185,0.3678645,0.3462885,0.38563937,0.34962797,0.36646903,0.3452515,0.36551666,0.36131698,0.39447862
0.3573844,0.34128374,0.36429876,0.36096275,0.3354553,0.34458858,0.32558182,0.33861828,0.37287062,0.33997288,0.37234932,0.35571015,0.3712719,0.34270358,0.36556935,0.350865,0.3432694,0.33993042,0.3328913,0.34647083,0.35994732,0.3569408,0.33197027,0.32070312,0.3535409,0.3296656,0.36239392,0.32953215,0.3506413,0.32754487,0.326533,0.35685587,0.36257088,0.35369128,0.3480891,0.35280526,0.36035937,0.36136425,0.37378907,0.36062503,0.35197645,0.3607707,0.36680764,0.34021646,0.3510487,0.36582983,0.33257866,0.34995997,0.35122275,0.3397867,0.36579973,0.3865766,0.34390914,0.33770895,0.37721848,0.34785616,0.36701924,0.3182752,0.34815466,0.38658965,0.35930187,0.3508051,0.38582444,0.3608197,0.35525447,0.35818118,0.37142885,0.34346753,0.35339463,0.32552248,0.33655035,0.36072576,0.3305654,0.3481189,0.3391068,0.35035956,0.3601461,0.33603013,0.3732921,0.34090137,0.32981402,0.34299314,0.33971393,0.34864724,0.37415636,0.37156332,0.34735155,0.35509884,0.35024923,0.32687244,0.35826427,0.4075356,0.3698209,0.3603673,0.35477173,0.36003834,0.36584634,0.3530262,0.37077445,0.3450722,0.3582735
0.35745108,0.32984412,0.34628212,0.34551907,0.33578777,0.36114496,0.32365468,0.35434127,0.34270746,0.352623,0.32951307,0.37317842,0.3542639,0.33016506,0.32854465,0.382452,0.3517304,0.35256112,0.37806123,0.3512286,0.3571518,0.3448537,0.3637178,0.33341238,0.3620994,0.33835945,0.34905243,0.3586436,0.3553325,0.34296328,0.34722584,0.3472079,0.3448307,0.36708075,0.39094657,0.34595174,0.34185392,0.3601308,0.34142762,0.33682662,0.35162222,0.35688514,0.37756526,0.35090035,0.33463222,0.3385411,0.3389852,0.34706253,0.35265052,0.3132797,0.35076702,0.3240742,0.36391252,0.36137456,0.3484648,0.35900247,0.35627747,0.34747708,0.33801627,0.35229164,0.3282485,0.33422512,0.3208537,0.3557999,0.3351295,0.3577087,0.35560155,0.37392527,0.33851147,0.34876066,0.3521101,0.35173196,0.36573917,0.3381686,0.37540346,0.30750117,0.3458141,0.35437697,0.34095797,0.35005426,0.35885012,0.3587075,0.3559971,0.36026454,0.37274402,0.34447753,0.35325408,0.37907988,0.3338557,0.34643698,0.36808085,0.32283354,0.3294664,0.3448162,0.35939467,0.3515669,0.33722138,0.34994906,0.33931625,0.34533006,0.3250032
0.35754472,0.39024585,0.37574303,0.37638146,0.39635426,0.35967302,0.3584605,0.37382734,0.36061406,0.38910812,0.3906824,0.3773495,0.3646381,0.3719151,0.37646395,0.36856163,0.35995698,0.37915045,0.36533636,0.36266196,0.37878704,0.37550277,0.34502077,0.37498426,0.35669,0.36562788,0.36738306,0.34558296,0.37327832,0.37218952,0.39045626,0.38058043,0.3974805,0.35764575,0.35718685,0.36963028,0.35464376,0.35558552,0.37017202,0.39009786,0.37103158,0.36735088,0.38883013,0.37860477,0.37396455,0.3731938,0.36423635,0.3918833,0.3727367,0.41568577,0.33949476,0.36460865,0.3639291,0.37714565,0.34808564,0.3481359,0.37847835,0.394625,0.39838237,0.39810503,0.39016587,0.3740915,0.3911571,0.392532,0.35240525,0.35397297,0.3627752,0.36319047,0.39069682,0.4063418,0.3807106,0.3670858,0.35888588,0.37491083,0.3634941,0.3738414,0.3616554,0.38067865,0.4100992,0.37832385,0.3973679,0.40502644,0.36814559,0.37814218,0.33025455,0.3682726,0.37602586,0.40122527,0.37630117,0.3890717,0.3852073,0.37792665,0.38553113,0.37885636,0.36213917,0.38289058,0.3740523,0.34591186,0.36004817,0.39468873,0.38214868
0.35760456,0.3802899,0.3847502,0.37487173,0.3644449,0.38826334,0.37891173,0.3801986,0.35670292,0.37316203,0.3834169,0.3825367,0.36068952,0.36990792,0.36186713,0.38990158,0.40641403,0.38038707,0.38562292,0.37680078,0.402344,0.38292217,0.3760603,0.39771873,0.36059082,0.39444023,0.38327312,0.37426102,0.38415223,0.38271528,0.40568972,0.36881298,0.36830842,0.3696627,0.37131506,0.36158663,0.34955126,0.3943079,0.42470175,0.37624496,0.35885543,0.41679543,0.37972635,0.35666895,0.37863076,0.40062845,0.38265312,0.36750543,0.36204284,0.35811025,0.3657791,0.3817839,0.38261992,0.38339305,0.3771991,0.40051997,0.3878669,0.39488852,0.39653534,0.3624485,0.3730554,0.36513144,0.37432522,0.39966816,0.3834949,0.41069263,0.37612557,0.3897462,0.3934753,0.3771943,0.3715818,0.38974917,0.40234655,0.3862422,0.36411572,0.3710801,0.3725767,0.3831795,0.375185,0.37796915,0.36826432,0.36549127,0.377748,0.40377033,0.3852573,0.39906734,0.35531968,0.38574356,0.37819767,0.39379412,0.36251134,0.38261116,0.37588108,0.37378573,0.3810132,0.39029258,0.37670296,0.37297148,0.4068445,0.36745334,0.39753366
0.35907108,0.3738832,0.38030016,0.3829745,0.36156803,0.3601151,0.37271118,0.3555342,0.35888243,0.3911643,0.3650592,0.3563683,0.35124618,0.3800239,0.36919248,0.36594653,0.3604265,0.38431865,0.36031157,0.33683956,0.35674673,0.37096894,0.36775112,0.36504132,0.34968394,0.36885858,0.378469,0.34935582,0.3863666,0.39582878,0.3569038,0.36601245,0.32796815,0.34777695,0.35195225,0.36118788,0.37477303,0.34490138,0.36711156,0.35172522,0.3539791,0.36816096,0.36908233,0.36585826,0.36471987,0.3563506,0.35963786,0.37376088,0.3628584,0.35643542,0.34550583,0.38088936,0.36450237,0.36239558,0.36808604,0.36524838,0.3513189,0.37082535,0.36761498,0.3512205,0.38658607,0.34848028,0.3775245,0.35158426,0.35690188,0.39712757,0.36115772,0.36365956,0.37561202,0.3563947,0.359752,0.37099743,0.34119213,0.34303772,0.34877235,0.35882574,0.34453857,0.35165006,0.3544709,0.37107742,0.3349714,0.3600567,0.37239784,0.38010532,0.3671456,0.37248725,0.39651614,0.3802538,0.37593675,0.378237,0.36433727,0.37029076,0.3679881,0.37829715,0.3773045,0.34823608,0.37649137,0.37410295,0.34648365,0.37107223,0.35827714
0.3602257,0.36866242,0.3377101,0.34306425,0.34228182,0.32722646,0.34596926,0.33745074,0.3760736,0.36397034,0.3565703,0.3533572,0.36223948,0.33109337,0.33911306,0.37506372,0.32750863,0.33110598,0.34254438,0.33901796,0.35502863,0.35847843,0.39972258,0.33758086,0.34683263,0.39386523,0.3552035,0.3603382,0.36035055,0.32862884,0.32516396,0.32925996,0.34648246,0.3502035,0.35970324,0.33520985,0.35193866,0.35956198,0.3438785,0.33610404,0.37412345,0.37695104,0.39712185,0.3351399,0.3578956,0.38044143,0.3629452,0.34997863,0.3496194,0.3729036,0.3544876,0.332371,0.33685732,0.34276092,0.36005986,0.31791568,0.33860725,0.3436116,0.369788,0.36853683,0.34290868,0.3440023,0.3561517,0.35418284,0.3687048,0.3284617,0.3459087,0.378159,0.36771715,0.36377066,0.35675007,0.33513653,0.35479325,0.35168135,0.32984316,0.32559657,0.3752362,0.35756278,0.33127576,0.3429507,0.35619867,0.35629952,0.35587603,0.339288,0.34422404,0.33636653,0.3594408,0.37061703,0.3507604,0.35892057,0.3676439,0.34144837,0.33175343,0.3281746,0.35343337,0.3468191,0.34454685,0.3760683,0.33502054,0.38924348,0.3575573
0.36056158,0.36398405,0.32972538,0.35473675,0.34710133,0.35759354,0.35997224,0.35495287,0.36749732,0.33662194,0.3715139,0.35046828,0.35449755,0.3410436,0.331152,0.31325477,0.3397954,0.34094316,0.38798624,0.36472857,0.33730668,0.3508333,0.34908748,0.39539206,0.3231266,0.3734182,0.36355305,0.34863377,0.37553823,0.34321827,0.37918591,0.34772694,0.36581802,0.34414262,0.36709195,0.351992,0.34604412,0.32537234,0.34798026,0.38109994,0.3687312,0.34916973,0.34063134,0.35092467,0.36693776,0.36575967,0.33651036,0.33056808,0.3405975,0.34299576,0.31915832,0.33563903,0.32173872,0.34739035,0.35105968,0.35643762,0.3401255,0.34439272,0.37436163,0.34368944,0.34669405,0.34660512,0.33414835,0.35390306,0.3703254,0.3497293,0.35693645,0.35657644,0.32575184,0.34197026,0.31392503,0.3269148,0.34083867,0.3510685,0.36253595,0.3503409,0.33403516,0.34610456,0.3212502,0.35368055,0.34987372,0.35775506,0.35841638,0.35993123,0.37489492,0.362702,0.36033666,0.3491708,0.3373037,0.34978217,0.35158628,0.34681994,0.34024882,0.3594126,0.34297335,0.36993295,0.31042698,0.3624698,0.35269445,0.35632926,0.36713642
0.3609113,0.3241694,0.35463804,0.34826767,0.37221736,0.355276,0.37439358,0.3837028,0.36616904,0.3642975,0.38732302,0.3499754,0.38436836,0.33867404,0.37085307,0.35991877,0.33738124,0.37506545,0.33969247,0.3453266,0.3444227,0.36378038,0.34830332,0.38004392,0.3678016,0.37014222,0.34772325,0.3585233,0.37644362,0.36490983,0.34286904,0.34628332,0.39611983,0.3659091,0.36541045,0.35196573,0.3699125,0.34661108,0.36088473,0.39199072,0.364981,0.35333014,0.32967114,0.37656265,0.36545634,0.3409242,0.41327196,0.38352704,0.37054622,0.35572428,0.3933062,0.37337804,0.35257047,0.36242294,0.38005924,0.3518201,0.3683176,0.35071677,0.3743127,0.3899191,0.35995984,0.37478006,0.3715067,0.3541606,0.36695224,0.37552488,0.36323547,0.3376404,0.36634076,0.37948143,0.36804992,0.35793972,0.34162277,0.37048286,0.36635685,0.39440018,0.36364806,0.37090182,0.3276416,0.38749146,0.36617762,0.3934481,0.34716356,0.35038024,0.36948627,0.37086135,0.3883046,0.3849575,0.36847252,0.34918338,0.4155652,0.34815353,0.35038322,0.36224824,0.3753993,0.35585892,0.34379977,0.3438527,0.34509325,0.36397034,0.3631307
0.36099,0.3414567,0.3662501,0.35572588,0.32770935,0.3522293,0.33616114,0.35487384,0.35716212,0.3338881,0.36170328,0.32823417,0.33952314,0.29881832,0.34520233,0.34317607,0.32889283,0.38151383,0.31226695,0.31161463,0.37694192,0.3081025,0.34267503,0.34589225,0.3572265,0.34233648,0.37351418,0.37750483,0.3747872,0.3615538,0.32660556,0.324233,0.3371997,0.31374538,0.36163145,0.33616626,0.35280472,0.3533311,0.36919546,0.34556234,0.32303,0.3537801,0.33451945,0.3624854,0.3379438,0.34455538,0.36802697,0.3587528,0.32443023,0.3384614,0.35007375,0.36260045,0.33695614,0.3336687,0.34423995,0.3359942,0.32140118,0.34066373,0.32620537,0.38692665,0.364133,0.31491888,0.3545969,0.36399722,0.3258713,0.3592791,0.30615503,0.360866,0.36268085,0.33402514,0.33739316,0.35552186,0.34657913,0.3128453,0.3375187,0.36842674,0.35052848,0.33232135,0.34335613,0.3582018,0.3542108,0.32714623,0.3387004,0.36642438,0.3576213,0.29481143,0.35212368,0.3334517,0.35024977,0.30784094,0.35446572,0.31557977,0.33571762,0.33686817,0.33648133,0.35727084,0.36697,0.3612727,0.36199564,0.34346062,0.36801255
0.3620429,0.3570633,0.3571126,0.34422278,0.35050684,0.3648867,0.35337228,0.32631433,0.34865528,0.3610744,0.37033737,0.38412642,0.35293472,0.36795032,0.34370142,0.37610203,0.36060524,0.32632643,0.35588014,0.37669426,0.343005,0.36754876,0.35539442,0.3559397,0.3733431,0.3590623,0.36205512,0.37826318,0.34217042,0.3414927,0.33985066,0.34830004,0.37451774,0.35283667,0.34894913,0.3721146,0.37834507,0.37793994,0.37371993,0.35352612,0.36486793,0.34895825,0.34765482,0.35110265,0.39698088,0.35318565,0.38247973,0.35785466,0.35175985,0.36161786,0.37795836,0.36309463,0.33064395,0.32885185,0.37596792,0.35368305,0.34606206,0.36629152,0.35771126,0.3720206,0.35147434,0.34081203,0.3665548,0.36468852,0.3776213,0.35682863,0.38918853,0.34302527,0.3432445,0.38308847,0.36575484,0.34617418,0.33932945,0.3421067,0.33724582,0.37882072,0.35796833,0.3626104,0.3581348,0.37186152,0.34614426,0.37133938,0.37179524,0.3787337,0.40484393,0.36411935,0.38654923,0.35548365,0.348184,0.33081514,0.34445924,0.32300547,0.38616306,0.38327104,0.35714114,0.3436681,0.37811768,0.35396987,0.34866846,0.3281288,0.37828112
0.3621038,0.37514842,0.35927767,0.3710032,0.37548327,0.38596213,0.38396382,0.36586404,0.37407583,0.37050217,0.34035003,0.3713678,0.36811668,0.35323668,0.3616231,0.3680231,0.36090118,0.3748318,0.38506496,0.41141582,0.38057816,0.36005306,0.34876162,0.34315038,0.35540664,0.3248796,0.3623593,0.34961677,0.3756894,0.32896033,0.39126855,0.3863718,0.38020933,0.39879555,0.3613218,0.34676528,0.35636503,0.33720845,0.36847943,0.3585956,0.3588252,0.34502363,0.32787853,0.34590125,0.37206054,0.36312896,0.35329276,0.3699634,0.3468175,0.3572734,0.35651797,0.34770882,0.3738109,0.36672705,0.34306794,0.3474177,0.35740936,0.35130572,0.39439678,0.3506118,0.3444832,0.3427701,0.3410238,0.34160686,0.38891602,0.37140274,0.3446132,0.3495816,0.38997746,0.36681235,0.345926,0.380625,0.35453153,0.3639078,0.399175,0.35764003,0.37473655,0.36143714,0.35819352,0.35353398,0.38150054,0.37961817,0.3549639,0.35338378,0.37123263,0.3555625,0.37152237,0.36883903,0.3849482,0.38000184,0.4061532,0.37739694,0.3449602,0.36880618,0.36887908,0.3784759,0.36407882,0.3687582,0.367642,0.3704877,0.34900004
0.36258578,0.3596512,0.36128753,0.35324,0.36477512,0.36754704,0.38482618,0.32830906,0.35757804,0.3589602,0.33943462,0.35643792,0.37559056,0.31995195,0.36435413,0.34791285,0.31964174,0.331608,0.38808095,0.36419338,0.37128866,0.3650384,0.35077572,0.3242245,0.36896735,0.36419433,0.3413291,0.3236825,0.335088,0.34578586,0.34559214,0.3302467,0.3636356,0.34472406,0.34082547,0.3619762,0.3575269,0.34754473,0.3402825,0.37073195,0.33964503,0.37706643,0.34481633,0.37585473,0.36163294,0.3257407,0.30777276,0.34461462,0.33437556,0.3389672,0.34095109,0.3614381,0.3637368,0.3523447,0.33665442,0.366013,0.32556742,0.36351645,0.356938,0.37156504,0.35112458,0.35498554,0.34101015,0.35237926,0.34067202,0.3817212,0.35972494,0.33508825,0.36757833,0.34349835,0.3647673,0.35425413,0.3405462,0.33031684,0.3654657,0.340962,0.3554263,0.33926523,0.35068846,0.34181136,0.3492574,0.35591143,0.35913217,0.36627156,0.3412066,0.3507049,0.32953054,0.3563956,0.3771941,0.34094012,0.34233904,0.37520498,0.32698393,0.3413937,0.333965,0.33941036,0.35755914,0.36652172,0.3465641,0.35349953,0.34852636
0.36347827,0.36602026,0.35948557,0.37889642,0.35817343,0.36180782,0.3760746,0.35004324,0.35043776,0.37730074,0.39478922,0.37353384,0.36375093,0.36278635,0.38182896,0.37698084,0.3442825,0.37033898,0.39298767,0.3601004,0.3826229,0.3522578,0.36364484,0.3661179,0.3601606,0.38504207,0.37804663,0.36048627,0.38046104,0.34309113,0.35130906,0.36615968,0.34158045,0.37492508,0.37243736,0.340263,0.36519182,0.3825264,0.35975188,0.3591467,0.35821247,0.37420297,0.39576846,0.36765987,0.36529285,0.39853007,0.3898276,0.38407844,0.37496626,0.39935124,0.3722391,0.37105113,0.3738324,0.38692975,0.3676178,0.35327262,0.38257074,0.34292966,0.36288548,0.3543347,0.38874322,0.37175632,0.3728763,0.34072876,0.3739974,0.3766259,0.39026648,0.327345,0.38515687,0.36394954,0.37044322,0.37128896,0.38352424,0.37799752,0.36958033,0.37754625,0.36368042,0.36895382,0.40435785,0.37486166,0.38044357,0.3692205,0.3703277,0.36809164,0.37269634,0.36444223,0.3944897,0.3579507,0.36500382,0.36866063,0.37610102,0.3645187,0.37984854,0.37357056,0.36648864,0.35674214,0.37860757,0.34958255,0.38699526,0.35433745,0.36444277
0.36405462,0.3766945,0.3482514,0.38783616,0.39060664,0.36885566,0.36918926,0.34627628,0.3692947,0.37092412,0.3681305,0.36510164,0.37551492,0.3718331,0.36705786,0.39267576,0.33993804,0.36743706,0.37641567,0.37104368,0.39299262,0.36482,0.39160496,0.37311995,0.37633806,0.36665756,0.37238127,0.38479304,0.33180916,0.36794347,0.4042496,0.41198087,0.37699258,0.38174444,0.36243522,0.3775214,0.36072445,0.37704706,0.40249032,0.35948998,0.36711228,0.38361502,0.3602494,0.3661629,0.3740611,0.3809517,0.3723907,0.37964588,0.34942925,0.37356567,0.38106978,0.33805352,0.36152238,0.37476897,0.39297545,0.3488382,0.38008904,0.37850285,0.38744205,0.38932896,0.38859677,0.3642611,0.35274673,0.37786514,0.39097655,0.3899852,0.38051963,0.37319905,0.38826376,0.38128793,0.36902547,0.3811484,0.3924328,0.36531317,0.38988858,0.38564992,0.37105685,0.37854105,0.39102334,0.3671288,0.39403665,0.375095,0.37191844,0.3618337,0.38603777,0.37098825,0.35910004,0.36441207,0.38266456,0.3826939,0.3559019,0.36460733,0.36538595,0.3777982,0.40112585,0.3678729,0.35684508,0.36253273,0.37646687,0.39187884,0.34611958
0.3648731,0.33167005,0.3504799,0.36505932,0.3543206,0.34902912,0.34682292,0.34112525,0.37435192,0.3262444,0.35668904,0.34103006,0.35697,0.33472842,0.35735285,0.34337735,0.36591536,0.37941885,0.35905504,0.35441715,0.33545274,0.3662656,0.35547644,0.37077492,0.36883414,0.38189262,0.34063148,0.35569686,0.32793027,0.33925092,0.35360235,0.34217185,0.32641944,0.34958887,0.36430407,0.3372439,0.3350225,0.3320827,0.36739224,0.3395939,0.3600899,0.32476944,0.3621515,0.33418208,0.3236475,0.35327536,0.3533193,0.33021992,0.34405184,0.35303807,0.35225362,0.34586447,0.36630046,0.35118723,0.3229929,0.3053789,0.3521766,0.37047595,0.36372995,0.34399098,0.33185577,0.32544968,0.3629802,0.3670286,0.3764578,0.34387255,0.39085156,0.35030705,0.32783428,0.39228123,0.34137172,0.33192244,0.3534552,0.37070304,0.31634593,0.31238922,0.3415926,0.3206623,0.34023637,0.34107274,0.36472547,0.3729176,0.35771686,0.3467574,0.37207568,0.34447706,0.36189914,0.34054798,0.3418036,0.34037176,0.3435182,0.36344904,0.3294388,0.32702255,0.33106726,0.358629,0.32653397,0.362387,0.36213064,0.341572,0.3788827
0.3649001,0.3783906,0.38311547,0.38587052,0.3966303,0.3738652,0.3940028,0.3871699,0.35393357,0.3972873,0.3595757,0.39129394,0.36857545,0.40492868,0.36827022,0.39432496,0.37356466,0.39581454,0.38132823,0.39752543,0.3590607,0.34754646,0.3708812,0.3492452,0.37190992,0.37805057,0.38833636,0.3821938,0.38447195,0.35544395,0.37821472,0.40426308,0.39609593,0.3683256,0.36792582,0.36296016,0.3859657,0.32679904,0.3671229,0.37723756,0.39704335,0.38289303,0.37829888,0.39052373,0.37200397,0.37712175,0.39528573,0.37843257,0.36908066,0.3673063,0.3824188,0.38828766,0.3607725,0.3774436,0.3971191,0.36897534,0.35720676,0.36969435,0.3920089,0.3931986,0.3807733,0.3785891,0.33847904,0.379596,0.37574387,0.3763764,0.37217742,0.38642025,0.40038395,0.39013684,0.387428,0.40783072,0.37535405,0.3724687,0.3712147,0.40531528,0.36504102,0.372746,0.42032212,0.36609393,0.36441857,0.4016192,0.37306058,0.37509018,0.37670636,0.34978032,0.40686476,0.3892135,0.3677532,0.39522487,0.37889498,0.38284248,0.38745034,0.35897624,0.37952387,0.382923,0.38384217,0.3638047,0.38738334,0.39588243,0.35456938
0.36513868,0.30041528,0.33582976,0.3237002,0.35077125,0.3021977,0.36735392,0.33133924,0.34781885,0.33041084,0.32625958,0.32170522,0.3267448,0.33197615,0.32459074,0.32119077,0.31224662,0.29712635,0.30726492,0.3279798,0.30197382,0.2887147,0.31542712,0.33553284,0.32820022,0.3218056,0.34903818,0.30040187,0.3213626,0.33360052,0.31132668,0.353696,0.34008944,0.3179264,0.32057077,0.33057866,0.3113451,0.31717297,0.3138612,0.3345184,0.2936878,0.33020926,0.32321346,0.34119952,0.29159993,0.34322274,0.3204832,0.33023548,0.29903334,0.32777238,0.2820474,0.3189738,0.35043418,0.34962302,0.31638613,0.31977212,0.32092714,0.32674614,0.3231434,0.3218165,0.30106318,0.3201164,0.2982666,0.31958944,0.2947204,0.35031533,0.34701842,0.31844866,0.30360228,0.34187955,0.3141303,0.29925305,0.32090646,0.32920513,0.30999333,0.31058043,0.32773757,0.28683805,0.31096977,0.30086225,0.29917789,0.34550625,0.30128387,0.30964348,0.31101024,0.3375703,0.27649927,0.30263197,0.34825093,0.3215406,0.32608503,0.34401554,0.32101405,0.32752728,0.30228055,0.30910742,0.341052,0.30201957,0.3407277,0.3239208,0.30433714
0.36609018,0.3719555,0.33636725,0.3526119,0.3674444,0.3388729,0.34619713,0.35705584,0.40087038,0.3587631,0.34258533,0.34505194,0.342085,0.36522168,0.37508905,0.38004154,0.35779822,0.36213326,0.39031255,0.36815035,0.36240894,0.38157028,0.32813835,0.36984885,0.36246532,0.3311519,0.36376548,0.3355144,0.3810311,0.32303566,0.36899227,0.34682918,0.34776688,0.37014002,0.36241257,0.3389873,0.35815805,0.34544903,0.36125678,0.37228835,0.37675077,0.3650837,0.34755307,0.35952663,0.36178988,0.36615914,0.37533396,0.37870574,0.34824425,0.3764158,0.37086195,0.36577004,0.36012214,0.36469513,0.40132368,0.37367558,0.34402406,0.3606177,0.36880475,0.33061016,0.35759592,0.3241411,0.3807423,0.37372613,0.36040658,0.3594547,0.32784903,0.3349905,0.34583646,0.38410652,0.3419912,0.3657859,0.3363853,0.3632077,0.36198896,0.3667969,0.35672933,0.34286106,0.3532462,0.35147268,0.36551547,0.35723102,0.33073,0.3709259,0.35105503,0.36809498,0.35248822,0.38101268,0.37831998,0.3802213,0.3437066,0.34015864,0.32682264,0.3596664,0.35899842,0.3587762,0.3820967,0.3611775,0.3569411,0.33919692,0.36277723
0.36653757,0.39282143,0.38673997,0.37218708,0.3624506,0.3721788,0.38211793,0.38635957,0.3656336,0.38093823,0.37696242,0.39115977,0.36909866,0.38111567,0.36854923,0.38988554,0.344696,0.36381912,0.34697056,0.38069344,0.37052673,0.38310504,0.35861707,0.3550735,0.37964272,0.3882128,0.3780917,0.39122373,0.39349425,0.37175506,0.34171635,0.37331456,0.3706739,0.34334457,0.35368323,0.37242728,0.3916322,0.37385124,0.38120168,0.3527918,0.35698372,0.36643374,0.3766201,0.38550538,0.35970932,0.3796475,0.38984072,0.36698115,0.3659141,0.36486667,0.35573143,0.39260703,0.3827721,0.38580376,0.34741074,0.3677705,0.3410852,0.35096526,0.34885037,0.39726412,0.3821994,0.37449455,0.38529176,0.38658667,0.3492806,0.35800552,0.37509322,0.36708182,0.3739618,0.37609208,0.38590026,0.3498218,0.3700993,0.3568954,0.3686239,0.37457168,0.37675488,0.37212342,0.3775642,0.37066203,0.37663954,0.352064,0.35153323,0.35726732,0.37498564,0.38926196,0.35699254,0.35332835,0.37178838,0.36088276,0.3358798,0.34785336,0.3826648,0.36991066,0.36336493,0.3871541,0.37157345,0.36062533,0.37530625,0.36776185,0.37012428
0.36681756,0.35307276,0.36508787,0.37481594,0.3769483,0.3775077,0.38323158,0.35712492,0.3583929,0.3691758,0.38145608,0.35991007,0.38364577,0.3603043,0.31126618,0.3808912,0.38584745,0.37801713,0.3716318,0.3865114,0.3690399,0.38801163,0.32790187,0.36925733,0.35472602,0.34624606,0.3740955,0.35043746,0.39076757,0.37383044,0.36279517,0.36165708,0.3475672,0.37447834,0.389664,0.34826106,0.35587287,0.3725683,0.3675347,0.3642944,0.35580438,0.346525,0.38730758,0.36154932,0.37162232,0.37426758,0.3667214,0.3606298,0.3548882,0.38338262,0.35719866,0.36797208,0.36628747,0.38452435,0.35277593,0.34328276,0.37907314,0.36440778,0.36198944,0.35137546,0.35495913,0.3854881,0.38553625,0.3532769,0.37203807,0.39481044,0.36353606,0.3720734,0.34762496,0.3737468,0.35664332,0.37892103,0.35372925,0.36153853,0.35390437,0.38465995,0.36378396,0.37710112,0.3567928,0.37138522,0.37075627,0.3703081,0.36049122,0.34408867,0.38458675,0.38693082,0.3807388,0.3433172,0.3355189,0.3743325,0.3657289,0.3864854,0.3516574,0.36034244,0.38678992,0.3673414,0.35067087,0.3765173,0.39026093,0.36935163,0.38324296
0.36785758,0.36724752,0.35417348,0.3485058,0.39726382,0.38194823,0.35212272,0.3784533,0.35771477,0.36344963,0.37229502,0.3781994,0.38120043,0.38293839,0.35448015,0.3736595,0.33977056,0.3692513,0.35910308,0.3993109,0.3609957,0.38075465,0.37463635,0.34141558,0.37913263,0.37573266,0.36730337,0.3608551,0.3919102,0.3902862,0.36470968,0.3760209,0.37467682,0.36913437,0.35024405,0.37362915,0.36331964,0.35625517,0.392084,0.36456877,0.35164547,0.35827792,0.3838473,0.34333193,0.35134274,0.34710932,0.37244016,0.34347707,0.35831392,0.35109317,0.38640225,0.3785599,0.34473938,0.36933297,0.35885823,0.35101885,0.3735457,0.3641131,0.35099536,0.32845104,0.37607855,0.3453169,0.3679843,0.31977075,0.3492989,0.33585095,0.36186826,0.35268617,0.37368727,0.35448682,0.36218953,0.3263476,0.3505779,0.35311568,0.35171282,0.34686297,0.35444188,0.37647313,0.36045402,0.39758724,0.38340968,0.36057508,0.37677085,0.37290174,0.36558515,0.3737437,0.37656796,0.35120273,0.37137377,0.363019,0.37404042,0.3891825,0.38530958,0.35960704,0.38127166,0.39019966,0.35977066,0.35183954,0.35184592,0.3589834,0.3931982
0.36866316,0.40777844,0.3645268,0.34853154,0.3897121,0.37609035,0.36693376,0.40444452,0.36394387,0.3899697,0.34391314,0.4059075,0.36389643,0.3671416,0.36143875,0.3898952,0.3937412,0.3696195,0.37906128,0.36871046,0.35803133,0.37948608,0.3634379,0.38268858,0.38641196,0.37888688,0.38540292,0.3978426,0.3864451,0.38202596,0.37865448,0.37797046,0.3755098,0.3617307,0.3980019,0.37881958,0.35812396,0.38504314,0.37612343,0.3757792,0.36610347,0.3826968,0.39070088,0.36935133,0.34170663,0.36065745,0.3950022,0.3677174,0.36953765,0.37379748,0.37981218,0.368344,0.36240947,0.361782,0.37472028,0.40002966,0.35313064,0.33859432,0.36689842,0.34486866,0.3982671,0.3675375,0.3506843,0.34717697,0.36701024,0.39775556,0.37735367,0.37499565,0.36343563,0.37936896,0.38360733,0.37587237,0.39523554,0.3795392,0.3561319,0.39229572,0.37373435,0.3690309,0.35764664,0.36356175,0.36537814,0.39390767,0.35321844,0.3637181,0.34503043,0.37652218,0.3564316,0.37440425,0.3549947,0.36238348,0.3603903,0.3480854,0.3671136,0.37351203,0.36966836,0.39387453,0.393672,0.3761875,0.41041887,0.36720163,0.41185236
0.36923203,0.34782028,0.36625266,0.37182474,0.3381638,0.34442323,0.35551435,0.3480007,0.36708385,0.37806243,0.3394118,0.35753953,0.35109645,0.35510856,0.3431884,0.3717665,0.3495943,0.3480966,0.3553558,0.3568794,0.35882926,0.35701376,0.38212448,0.35456312,0.3671019,0.3289469,0.36582434,0.3447507,0.35030562,0.37237936,0.3235818,0.34613526,0.35299563,0.35864908,0.3621921,0.3420766,0.36779624,0.34535372,0.3558272,0.36049026,0.3496545,0.33095294,0.3567052,0.35229677,0.35564065,0.36632395,0.354307,0.3410672,0.35042197,0.3374669,0.38923198,0.3671587,0.37451047,0.3516162,0.36345077,0.35559297,0.32773358,0.37688726,0.34939104,0.3549115,0.3700043,0.37554336,0.3595587,0.35257167,0.3382507,0.38045764,0.3600948,0.35704422,0.3643626,0.38428855,0.36859345,0.38060772,0.3645317,0.36216354,0.37048268,0.34273762,0.36238426,0.3457917,0.36395663,0.35164124,0.36754745,0.38049954,0.37502033,0.33517075,0.3876937,0.332955,0.34400147,0.3725208,0.38247764,0.37610793,0.36045998,0.33279055,0.36467177,0.3740312,0.37138927,0.35562205,0.34666067,0.36349738,0.3717724,0.33349997,0.3593244
0.36980325,0.3657037,0.3812377,0.37107646,0.38347661,0.3594216,0.36757934,0.40637028,0.39106148,0.39984685,0.38710564,0.37735355,0.3942169,0.38247204,0.3877855,0.406138,0.3762737,0.38064486,0.37826997,0.36944544,0.40287083,0.3939154,0.3851444,0.36355424,0.3777393,0.41291618,0.39112413,0.3957218,0.3867777,0.38257235,0.38965565,0.40188122,0.381752,0.38265938,0.38235384,0.39930838,0.40107358,0.37979215,0.37075508,0.42184561,0.39560932,0.38489348,0.34552455,0.3928132,0.37821877,0.39734644,0.38513488,0.39720494,0.3746642,0.39871925,0.37283248,0.37377942,0.37168032,0.39561808,0.3684526,0.4144438,0.38161606,0.38347125,0.37482864,0.39031595,0.39895427,0.39419305,0.36134863,0.3561268,0.3769276,0.36316073,0.41042447,0.3733279,0.38808358,0.38813132,0.39199,0.38987148,0.39435023,0.37706304,0.3888222,0.36622256,0.38563663,0.39377958,0.36545914,0.38113934,0.3563043,0.36445886,0.37948585,0.3780535,0.36631292,0.38417202,0.38592207,0.37537438,0.37261325,0.40522772,0.37352854,0.39943248,0.3738988,0.3922698,0.38370466,0.36468267,0.39565456,0.35559487,0.386882,0.38292557,0.38702005
0.37011817,0.37934023,0.37134856,0.3831212,0.32914984,0.37925345,0.37148422,0.3393575,0.3664996,0.3929693,0.3749836,0.36336815,0.37765932,0.35645807,0.3652742,0.38356233,0.37561172,0.38367492,0.35824966,0.34463823,0.38739544,0.3596629,0.3614264,0.36956173,0.36411005,0.37336183,0.38318378,0.3844139,0.37522817,0.37218297,0.36798894,0.3890037,0.38969576,0.3589689,0.33753237,0.3749733,0.3823418,0.3540393,0.35043615,0.38400847,0.3857671,0.39205337,0.37288487,0.36084217,0.35108173,0.3767259,0.366826,0.3552531,0.39269352,0.38043797,0.3815273,0.36387157,0.353581,0.35473704,0.36689043,0.3615921,0.36737245,0.37159026,0.3519553,0.3888232,0.3753988,0.38203067,0.3667267,0.36679256,0.37501794,0.35620272,0.35083336,0.36726272,0.38674003,0.36103964,0.3644033,0.38763577,0.3895269,0.3313731,0.38027114,0.40553033,0.37055182,0.3714277,0.37707967,0.34028435,0.37689072,0.3842014,0.37301493,0.3746333,0.3643176,0.36481482,0.33860964,0.37172878,0.35586208,0.38090134,0.37937498,0.38999707,0.38527972,0.34602046,0.39070117,0.3780375,0.35291553,0.38231105,0.34795755,0.37940478,0.37124032
0.37011924,0.37262857,0.39364386,0.36425477,0.37031567,0.38052326,0.36796784,0.36897558,0.39089513,0.39580172,0.38627326,0.41339338,0.3883174,0.38037682,0.37946224,0.37720847,0.35915476,0.3913538,0.39481127,0.40157723,0.38836044,0.38344866,0.37984145,0.38070554,0.37404484,0.38091218,0.39318776,0.38195962,0.34680283,0.38824803,0.38981122,0.37359542,0.37601018,0.39181656,0.38239956,0.36156332,0.3890218,0.3591571,0.38059694,0.35731995,0.36877108,0.39304626,0.3946507,0.40516442,0.40293068,0.37284046,0.3720448,0.37948126,0.40090436,0.3746249,0.38608277,0.3873067,0.35451043,0.3878293,0.38002968,0.39841163,0.40089738,0.3653298,0.389517,0.38737893,0.37400782,0.37070882,0.37203693,0.3612547,0.39343786,0.3707456,0.37148046,0.36857855,0.37423503,0.35170704,0.3920554,0.3736801,0.3679675,0.3835507,0.3692491,0.3694045,0.37079477,0.3782218,0.38235658,0.40544236,0.35117388,0.352993,0.3840379,0.38314772,0.4022715,0.38715118,0.39074266,0.3958112,0.3587342,0.40136373,0.36387157,0.3773799,0.37938958,0.37022746,0.36149758,0.39596003,0.36761105,0.36686897,0.40895087,0.38672054,0.36192036
0.370139,0.37179542,0.36309397,0.37355566,0.3873849,0.3913672,0.3333823,0.36916554,0.34597772,0.3770632,0.36150897,0.38688546,0.37923813,0.3879897,0.3762492,0.34633,0.38277256,0.38471514,0.37670326,0.35697812,0.36159497,0.35307372,0.36011255,0.4147513,0.36811107,0.3510933,0.38772583,0.34211463,0.37430853,0.35205585,0.39156044,0.36066693,0.37507904,0.38709366,0.33535385,0.36228687,0.37536365,0.35918695,0.38001817,0.35770452,0.3569262,0.35559887,0.3755973,0.35785133,0.38739687,0.35138547,0.35591847,0.36807626,0.34800917,0.3676219,0.36782813,0.35480905,0.3771001,0.3636816,0.3656422,0.3675102,0.37294745,0.3401694,0.39352983,0.3886431,0.36399132,0.38822305,0.36878705,0.384319,0.34679842,0.38865787,0.345919,0.375992,0.35572726,0.38321275,0.31587934,0.35510534,0.37012404,0.3306837,0.35729605,0.38687682,0.369013,0.36102504,0.34524518,0.3746482,0.3663721,0.3729533,0.37166268,0.38139594,0.35650927,0.3640054,0.35371536,0.36587363,0.3748588,0.37377733,0.35715514,0.35106945,0.35377884,0.3718899,0.37807858,0.3637219,0.35898155,0.39014882,0.3610444,0.34448642,0.35310018
0.37094745,0.37396955,0.3945549,0.38704878,0.38554138,0.3965636,0.37644583,0.39093292,0.4095189,0.39499408,0.3928619,0.37569863,0.3657456,0.38286316,0.3656816,0.3867244,0.38517475,0.37983018,0.36766922,0.39675796,0.3951677,0.39687747,0.37529784,0.36361384,0.40853935,0.38818336,0.35861373,0.3913979,0.38029128,0.3826,0.3669126,0.40891337,0.39270478,0.3780983,0.40712905,0.3804909,0.3966155,0.38936526,0.3699388,0.41443104,0.38674927,0.39696085,0.36405814,0.3868087,0.3841033,0.39918095,0.37041342,0.35573047,0.38741636,0.36356652,0.38075417,0.38535756,0.3845085,0.38863945,0.4040143,0.36759758,0.40421462,0.38093603,0.40911663,0.40880042,0.37424135,0.38877177,0.3709963,0.3996383,0.39203995,0.3614455,0.39044327,0.3995573,0.37378907,0.38261968,0.39147437,0.40294808,0.40742397,0.38779044,0.38259172,0.39010304,0.38853627,0.3680598,0.38128388,0.37951392,0.37048924,0.378093,0.37665468,0.39742523,0.41419888,0.3996234,0.37788135,0.36825293,0.37424886,0.35881895,0.38086087,0.38954008,0.39018977,0.38402724,0.35679257,0.39221066,0.3938715,0.39855957,0.36837727,0.38096666,0.3934278
0.37131312,0.37903678,0.38298035,0.38220954,0.38163495,0.37218225,0.3658163,0.38934726,0.36669976,0.3617769,0.35543716,0.4030354,0.3894729,0.3630042,0.37792712,0.36213428,0.3761078,0.37336087,0.37026608,0.37806398,0.35570663,0.39240712,0.4007609,0.40315336,0.3657813,0.37170637,0.404436,0.37660456,0.37616652,0.38646162,0.36866254,0.3760171,0.38292885,0.36997497,0.37969488,0.3603261,0.36581552,0.3921855,0.40261066,0.34699547,0.34576488,0.38920206,0.39255142,0.40611464,0.36605096,0.39363712,0.37880266,0.36082214,0.3689062,0.40222508,0.40719932,0.37168992,0.38096112,0.36010963,0.3614235,0.37318885,0.38515818,0.38709944,0.3663494,0.3925587,0.39233184,0.36902165,0.36698914,0.39244854,0.37606162,0.3603155,0.3841123,0.3725288,0.35917234,0.38493335,0.36584133,0.37405598,0.3770219,0.37382728,0.3933791,0.37478626,0.38282067,0.35354567,0.38850307,0.35344446,0.3899166,0.3836887,0.3926522,0.38604987,0.3748312,0.37889624,0.37674922,0.36161137,0.38533282,0.40724355,0.38893867,0.38940787,0.35990226,0.37464517,0.38131642,0.3781399,0.3697201,0.4032312,0.35543072,0.397184,0.37493902
0.3719666,0.3623389,0.40832508,0.3792748,0.3945368,0.3785302,0.36193246,0.38402992,0.3826909,0.38673872,0.3586986,0.33327195,0.38982564,0.39330494,0.37189847,0.3796516,0.37415242,0.37871158,0.37753916,0.38437635,0.38065273,0.39931905,0.3951404,0.39474005,0.3733648,0.3753112,0.3518551,0.35948354,0.39011544,0.36352372,0.38283783,0.36773264,0.36387032,0.40569305,0.36335146,0.362132,0.38261557,0.393717,0.38503557,0.38965005,0.37051606,0.3689111,0.35267586,0.39410365,0.36534303,0.38004243,0.3873074,0.4192477,0.37567925,0.3812443,0.36837578,0.38240588,0.37871134,0.39408535,0.38270253,0.37237293,0.3976313,0.37221777,0.37737364,0.3977738,0.37740397,0.3699603,0.37957835,0.3644303,0.35794926,0.3751464,0.37625384,0.37270755,0.38117808,0.40939838,0.37891638,0.3825544,0.40407455,0.39716887,0.34163833,0.36710566,0.379269,0.36766362,0.37634426,0.36704433,0.40204978,0.3805362,0.36146855,0.35616857,0.3564443,0.36912125,0.36188638,0.39091855,0.37956965,0.3647462,0.36561614,0.39309162,0.40943056,0.4110974,0.37697506,0.36100477,0.36531115,0.38818377,0.38415915,0.37738866,0.37063193
0.37228158,0.39307082,0.38353032,0.40651733,0.39317036,0.38549215,0.41124612,0.39458102,0.4072622,0.38249642,0.4076354,0.4024917,0.40168315,0.3838114,0.38588268,0.4026779,0.39771843,0.3809265,0.3871655,0.38900137,0.3836267,0.39392763,0.42188066,0.42510867,0.4009444,0.4060353,0.39631683,0.40422535,0.3715973,0.40613663,0.38751864,0.3920383,0.40122396,0.41822892,0.41119426,0.37002844,0.4094054,0.38613683,0.4038514,0.40219724,0.389834,0.36633193,0.39969617,0.40111703,0.38801414,0.40708882,0.39846617,0.37443554,0.38893282,0.40507066,0.39112216,0.409822,0.40696657,0.3892578,0.42668366,0.41621363,0.39373946,0.40799958,0.4017744,0.40273166,0.40732694,0.39206016,0.3984604,0.3893311,0.4172547,0.41235036,0.38777232,0.4041978,0.40171492,0.3790273,0.39746404,0.3761431,0.3985904,0.38485795,0.3731625,0.3718837,0.41645348,0.40240377,0.40931726,0.37485456,0.39534736,0.4047374,0.38499373,0.40049613,0.3771609,0.40682906,0.40071517,0.4058385,0.40877825,0.40100604,0.41631192,0.3987149,0.38059467,0.4048044,0.39995432,0.378071,0.40131915,0.40068007,0.40260464,0.3958025,0.37109673
0.37248918,0.349199,0.3481,0.37710983,0.35587138,0.33821222,0.3334766,0.37968272,0.3550735,0.39161372,0.3565542,0.35587293,0.35023355,0.34488082,0.3599252,0.34089822,0.37880248,0.36510843,0.33266288,0.3599795,0.3385732,0.344078,0.35662925,0.33701915,0.35258496,0.34331036,0.36168998,0.37688923,0.34902024,0.3249578,0.3602745,0.33206576,0.37146586,0.38427198,0.360066,0.38541555,0.36471176,0.3570335,0.34342426,0.3487504,0.32616782,0.3635195,0.39423913,0.38406253,0.33045608,0.30900577,0.3391433,0.34357363,0.37008995,0.3721918,0.38860017,0.36138034,0.35671318,0.34024566,0.39067882,0.37691456,0.3426242,0.3627622,0.38866693,0.3579992,0.3389563,0.3631919,0.3807963,0.36074555,0.38719904,0.36687255,0.3480307,0.36217254,0.3684126,0.34199303,0.34376103,0.34743065,0.37198365,0.34348476,0.3776549,0.36841643,0.37372273,0.3496911,0.3472917,0.35364008,0.3727002,0.38526154,0.36891592,0.34681332,0.3698809,0.3724385,0.344262,0.39289856,0.33300883,0.36673492,0.3761865,0.36431992,0.35196888,0.3437913,0.38844484,0.33898246,0.32440662,0.3533243,0.35297018,0.35549843,0.34174407
0.373349,0.37867403,0.3825313,0.38102823,0.39376706,0.4149406,0.37604904,0.39419925,0.36925566,0.3777356,0.37284207,0.3941301,0.36676157,0.39240825,0.36292195,0.36905622,0.395571,0.38457173,0.37123078,0.36464775,0.3875798,0.38439173,0.37909627,0.40472454,0.37103522,0.36053586,0.37569785,0.37741286,0.364307,0.39259797,0.38024414,0.38111037,0.39666712,0.40234995,0.41215533,0.38734764,0.36313522,0.37731498,0.36620688,0.38756412,0.4036311,0.36988539,0.37803978,0.38879716,0.4135803,0.39136773,0.34771812,0.3842551,0.3602572,0.3543256,0.38303524,0.37864828,0.3771999,0.39942628,0.39493895,0.35034752,0.37285787,0.37217057,0.38334244,0.37787342,0.39443892,0.37409163,0.3801623,0.34628522,0.37488842,0.37215614,0.36759365,0.35709184,0.4068479,0.35966146,0.3847648,0.37485164,0.36697227,0.37643844,0.37010694,0.36120558,0.3718956,0.36614704,0.36162972,0.3676374,0.41540545,0.38483512,0.36060756,0.38319278,0.41240895,0.3965186,0.4069276,0.3790753,0.37995476,0.37835723,0.38040632,0.39376515,0.3726523,0.38439614,0.410505,0.34701914,0.39034277,0.3643003,0.38490558,0.40524298,0.35599124
0.37336567,0.346556,0.3770669,0.39119345,0.3802222,0.37980664,0.34844267,0.35084426,0.37349218,0.3839504,0.38396353,0.37736273,0.3657961,0.36945182,0.3758483,0.3718053,0.37912202,0.35170686,0.35180736,0.34301263,0.335628,0.37778002,0.36456913,0.39090294,0.37353426,0.34478366,0.3637151,0.37031955,0.35309595,0.37938476,0.38047266,0.3565756,0.36850184,0.36142987,0.38415158,0.39350593,0.36637223,0.36603206,0.35955495,0.36078608,0.37622875,0.3683763,0.36095744,0.3558612,0.37211686,0.40937775,0.379498,0.3902985,0.3809011,0.3713016,0.40112376,0.3627749,0.3904186,0.379479,0.34700716,0.3791834,0.32523304,0.3685919,0.37137622,0.38254118,0.35650265,0.36581016,0.37102032,0.3699972,0.3427273,0.3806672,0.38133132,0.3467602,0.3554182,0.38060063,0.367311,0.36215216,0.36770064,0.35043585,0.36652976,0.36216325,0.36067563,0.34305358,0.35656595,0.34291685,0.3679459,0.37452173,0.40627933,0.38366157,0.39625502,0.35980558,0.34398037,0.393,0.35448217,0.3333935,0.38284034,0.34833717,0.34357703,0.3567223,0.3515755,0.38270587,0.39481086,0.3652603,0.35008258,0.377353,0.37164032
0.3736297,0.39172727,0.38313693,0.37820888,0.35732216,0.36224335,0.38829458,0.3673632,0.4145288,0.36633247,0.37507296,0.374646,0.35681933,0.3820622,0.39901817,0.3700781,0.3788154,0.36900812,0.36657333,0.3503306,0.36250252,0.39530706,0.3864593,0.37511218,0.385464,0.3721705,0.39655566,0.3921972,0.3596626,0.38185924,0.35531843,0.3767482,0.38109595,0.36527795,0.37158275,0.39567804,0.36329287,0.37656826,0.3985368,0.36990607,0.3477854,0.37723702,0.41092008,0.38060468,0.39389914,0.3967353,0.3797229,0.374151,0.35856807,0.36761707,0.37231863,0.3813808,0.39366776,0.4040677,0.39421165,0.35694605,0.36750847,0.35387915,0.3707317,0.3822406,0.40674806,0.39534009,0.35723037,0.3603664,0.39772177,0.39894813,0.36077005,0.3851117,0.3973511,0.4084928,0.36167765,0.38381833,0.36501038,0.37598455,0.3848369,0.37020195,0.3734225,0.3743055,0.3866992,0.37247497,0.38989884,0.38418776,0.39079678,0.3934675,0.38360852,0.37595546,0.38480997,0.38672423,0.3767116,0.3979748,0.38002247,0.36594826,0.40064704,0.4073674,0.3852638,0.38782793,0.38026148,0.38315868,0.38091058,0.38211197,0.40588474
0.37386978,0.37569624,0.38880968,0.38104713,0.38478935,0.3940655,0.38966072,0.3964271,0.3866064,0.39766997,0.3881905,0.3992344,0.39120936,0.4031974,0.40267652,0.3771702,0.38256842,0.39327484,0.3873036,0.3893311,0.42581666,0.42329645,0.390729,0.38225764,0.39678794,0.40193528,0.39169174,0.38038898,0.39332503,0.36375254,0.38705355,0.4076537,0.39109325,0.3754425,0.39425266,0.36954212,0.3866294,0.3843915,0.3933832,0.39170736,0.39065188,0.39268994,0.3782586,0.39763677,0.3850264,0.38727587,0.3987115,0.3898328,0.37630624,0.39825243,0.3892576,0.40014398,0.3805691,0.39395368,0.40446585,0.38729292,0.40744835,0.35188472,0.39734071,0.39216077,0.38867307,0.39759386,0.3642763,0.4087283,0.36728632,0.3858934,0.37660766,0.36923808,0.39111495,0.39000595,0.38562065,0.39210308,0.3851598,0.39075392,0.37899494,0.3753016,0.37748802,0.39685035,0.41052896,0.39629555,0.3910014,0.38974375,0.39062846,0.38734716,0.39178765,0.39102983,0.38672262,0.38467127,0.39665473,0.3837124,0.39073282,0.40305632,0.4049524,0.38756913,0.37854755,0.3757366,0.37732345,0.41530907,0.3971048,0.38152277,0.38244593
0.37453517,0.36165482,0.3493454,0.37752056,0.40319288,0.37439913,0.38197464,0.38976592,0.36096,0.39077806,0.36162788,0.39285356,0.36889786,0.35324734,0.33456331,0.37415332,0.38083458,0.36068177,0.3952644,0.36817378,0.371297,0.3693782,0.35727674,0.3644967,0.3590039,0.38855958,0.38876283,0.38538855,0.38449836,0.37287962,0.363598,0.35363495,0.35751623,0.3599071,0.38234383,0.3355754,0.36733794,0.35319483,0.37822306,0.36007607,0.3826924,0.38357145,0.37651604,0.39295632,0.39755285,0.3488636,0.36380118,0.35374624,0.33641052,0.35167307,0.35507524,0.3578499,0.36507833,0.38404202,0.35768598,0.38212252,0.3712502,0.34394777,0.3757491,0.37840247,0.3644386,0.37877953,0.36399364,0.4080696,0.3738895,0.36961287,0.37245798,0.36396217,0.37679064,0.35213476,0.36869913,0.38223642,0.3451171,0.3640684,0.36322862,0.3663872,0.35104138,0.36566192,0.3820089,0.39493924,0.3657251,0.39156657,0.36299413,0.34953833,0.3902467,0.37483728,0.38542032,0.37925482,0.39100957,0.37500477,0.36919683,0.3727126,0.34548998,0.39082718,0.33479232,0.38935328,0.38432646,0.387708,0.38928413,0.3832776,0.3635589
0.37467846,0.41166544,0.38508272,0.378402,0.37734324,0.38907892,0.4040324,0.36441797,0.4038067,0.37979513,0.3850733,0.36306345,0.3816536,0.39477247,0.4095689,0.3863706,0.36903822,0.37000853,0.3908838,0.3942551,0.37691885,0.39916658,0.37253904,0.39049977,0.3532378,0.36734402,0.36648333,0.38690364,0.3841048,0.377968,0.3499502,0.38822788,0.38295412,0.37126648,0.36170763,0.3817718,0.4012798,0.38211036,0.40172487,0.3651539,0.36815792,0.34883827,0.3752498,0.39106637,0.37374008,0.37359768,0.39063442,0.37153757,0.35813624,0.39995873,0.3809389,0.37263006,0.4041775,0.385163,0.38920063,0.3890785,0.38999128,0.3899821,0.36738837,0.40377474,0.38900512,0.4219607,0.38424706,0.36341435,0.36055088,0.38725293,0.38210416,0.3936665,0.3828687,0.37536097,0.37312,0.3932687,0.38560414,0.3623516,0.38760936,0.39069188,0.36068398,0.36946994,0.37224996,0.3637051,0.38413215,0.3491763,0.39448065,0.39726573,0.38611728,0.37131697,0.39993232,0.37668246,0.39961725,0.3685,0.39385998,0.3807239,0.3783065,0.3625824,0.3888154,0.40725076,0.36877877,0.38759148,0.39734203,0.37488425,0.39899808
0.37482437,0.38908154,0.4033612,0.3917293,0.36533797,0.40279514,0.36950213,0.37428045,0.39663053,0.3984475,0.37777984,0.38385594,0.3730483,0.38097155,0.40440965,0.4077788,0.42008215,0.3919028,0.39849567,0.38790834,0.41040248,0.4027822,0.38342315,0.4007836,0.42064065,0.38681763,0.40828073,0.40430307,0.38765597,0.40117437,0.39007717,0.402512,0.38657528,0.3925925,0.3865019,0.38594025,0.38333607,0.40522277,0.3724209,0.38379657,0.3888412,0.40501815,0.3899842,0.39145458,0.37379462,0.40182275,0.40002126,0.38135046,0.40598553,0.38172168,0.38553923,0.4073491,0.42655474,0.39636624,0.3916813,0.39490247,0.399235,0.382944,0.3841554,0.4049067,0.38976824,0.3919518,0.40115237,0.38425016,0.37157166,0.3822971,0.37952256,0.38318735,0.4190241,0.37805367,0.38548392,0.39618033,0.3974198,0.39164305,0.392515,0.3972438,0.3900755,0.38521415,0.37794316,0.40275657,0.38383394,0.3854741,0.4012512,0.40116787,0.3950929,0.38387364,0.3795519,0.3707233,0.3950693,0.41704804,0.41878784,0.38764393,0.3948835,0.38813424,0.3992306,0.3979457,0.3883407,0.39560914,0.36177564,0.37717456,0.379269
0.37526828,0.3890218,0.39643252,0.40127903,0.40863252,0.37236798,0.39429826,0.3958032,0.39091527,0.3830369,0.37874192,0.38188976,0.40686846,0.37236828,0.36127687,0.36631048,0.38896543,0.375942,0.3806249,0.39130294,0.38220334,0.38535702,0.3856669,0.37589467,0.3985812,0.36686248,0.40131772,0.39232165,0.3860262,0.40620422,0.39460522,0.37942183,0.38124132,0.36077458,0.37952495,0.3615185,0.3939724,0.36193997,0.38907284,0.3979206,0.38548756,0.3956256,0.39444107,0.38901353,0.37384087,0.39802855,0.37376827,0.36011916,0.3720153,0.39062005,0.387464,0.38653684,0.40295762,0.35393244,0.3706602,0.39683604,0.37332523,0.40861934,0.3810162,0.38496423,0.37161326,0.3994462,0.38388103,0.3583238,0.3733843,0.36237317,0.36132288,0.38143188,0.36970168,0.3831249,0.38793862,0.3915689,0.4072731,0.3589285,0.36437887,0.37347746,0.3620513,0.38992578,0.4182729,0.38969398,0.3582977,0.39137256,0.37226224,0.35741425,0.3655613,0.39771825,0.36467874,0.38440776,0.41284996,0.38300568,0.3917157,0.38136095,0.36313337,0.4079147,0.3926431,0.38739717,0.3984005,0.3999725,0.4043489,0.3904338,0.37395483
0.37528652,0.3728277,0.3898794,0.36148262,0.38422018,0.38971043,0.3285754,0.35815436,0.3796155,0.35789067,0.35701942,0.3850255,0.35219765,0.37146997,0.35156465,0.3946005,0.36899954,0.3662542,0.33270442,0.3530712,0.37246042,0.36781842,0.35707206,0.38632238,0.36228174,0.37836254,0.36380273,0.3679555,0.36751056,0.36422098,0.37797326,0.34726667,0.3803438,0.36895198,0.34577274,0.35846925,0.3724084,0.3606736,0.34922457,0.35482895,0.34877294,0.35517508,0.3592918,0.37666148,0.3505968,0.3590635,0.3539791,0.3766039,0.35494363,0.36126542,0.34782273,0.3831963,0.3431813,0.34914726,0.39201492,0.3672999,0.378892,0.34478992,0.37675196,0.3822328,0.3638206,0.3767392,0.35053432,0.36551517,0.37137133,0.4122638,0.37742627,0.3791045,0.3587702,0.34745026,0.34322953,0.39497405,0.33034712,0.39219028,0.35746694,0.389284,0.31495738,0.32649457,0.36835796,0.35112977,0.36398613,0.3344139,0.3660534,0.3471766,0.34333342,0.33652353,0.40565836,0.35021996,0.3578211,0.3792997,0.35595906,0.37197238,0.37425268,0.3950863,0.37308657,0.34175152,0.35531378,0.358572,0.37772465,0.35632664,0.3250473
0.37573004,0.36410916,0.38874996,0.3904587,0.3745917,0.3930863,0.3861794,0.3979985,0.39390755,0.39404124,0.38795555,0.38949186,0.4094147,0.38768476,0.38060266,0.3717208,0.3784706,0.36853784,0.38515615,0.40806592,0.40503478,0.39188457,0.3952186,0.34707904,0.42590553,0.40599257,0.395916,0.41598094,0.39323843,0.36283928,0.36581218,0.3857574,0.38007784,0.40711457,0.3939429,0.37125486,0.3728904,0.41726822,0.38220304,0.40100837,0.38652343,0.37213176,0.37398678,0.38358825,0.38045758,0.38496,0.39875728,0.40478587,0.37294698,0.37592393,0.37253225,0.36536002,0.3546018,0.38722277,0.37001795,0.40369636,0.38166583,0.39014506,0.3769768,0.37868994,0.37889832,0.39235026,0.38292116,0.38967574,0.4050641,0.39534658,0.39243418,0.39181113,0.41273034,0.38874894,0.38470906,0.38560575,0.39174163,0.37743193,0.38593423,0.39845216,0.3910519,0.4051321,0.40539688,0.36915463,0.39641643,0.38492644,0.39285475,0.37613553,0.39158088,0.4077254,0.39891112,0.37316775,0.38728982,0.3985548,0.4092821,0.37613118,0.40267467,0.38420177,0.40194774,0.39716518,0.38419098,0.40727574,0.400612,0.39316446,0.39395714
0.37604395,0.3536942,0.39346367,0.38801587,0.38651806,0.38719195,0.3475927,0.38194382,0.3545795,0.35467875,0.36814672,0.36158323,0.37932128,0.35343742,0.3691215,0.40822953,0.35736609,0.37203485,0.38964736,0.36651963,0.3507778,0.36603612,0.36362797,0.36623728,0.35874802,0.34562647,0.36517823,0.37796986,0.40334338,0.37371236,0.3693486,0.37999636,0.3454764,0.3800025,0.36411476,0.39024138,0.38851666,0.36079973,0.35716188,0.35482174,0.3647946,0.35204923,0.37294722,0.37041938,0.3733331,0.36639285,0.35485274,0.3924266,0.3863644,0.37575406,0.35798746,0.36075854,0.38682085,0.37654275,0.3879081,0.38921684,0.3909101,0.3963235,0.37489766,0.38011682,0.37665784,0.3708315,0.36105537,0.3542019,0.35899407,0.3644278,0.39568353,0.38535804,0.3726459,0.36951184,0.3826036,0.35506976,0.37278205,0.37780464,0.36836982,0.33420864,0.37315214,0.35509485,0.3730924,0.38918108,0.36677116,0.35668194,0.37976694,0.4039638,0.40186292,0.38595694,0.3674261,0.3916285,0.36710817,0.40668398,0.36372685,0.38868833,0.3842693,0.3491751,0.3931108,0.38649803,0.35364223,0.37126803,0.35817015,0.36973536,0.3645761
0.37624866,0.3491547,0.3627932,0.35566396,0.38227165,0.36853963,0.36234367,0.37048006,0.32286394,0.36471772,0.33031127,0.37300247,0.3727559,0.36165512,0.34327132,0.36155665,0.35741466,0.35933077,0.3731398,0.35308558,0.3515187,0.34518337,0.3702761,0.3524183,0.36918926,0.36070544,0.36623955,0.368501,0.3396813,0.39154416,0.374812,0.35219085,0.3576765,0.37747443,0.33816433,0.37325346,0.3692562,0.35842937,0.35679638,0.35278368,0.36776286,0.33990172,0.33897024,0.34238803,0.33790553,0.35151517,0.35229778,0.36768562,0.35532176,0.3495351,0.35369688,0.36298013,0.37883675,0.3228073,0.36121476,0.3448304,0.37295836,0.34559035,0.3935038,0.35939568,0.34676886,0.37495464,0.3648979,0.33781672,0.33602297,0.37443924,0.36470604,0.35695583,0.34961492,0.3715418,0.37263954,0.36997604,0.3765257,0.327581,0.3392502,0.35374683,0.37094396,0.37964618,0.33883423,0.333063,0.348796,0.360802,0.36761332,0.32894546,0.36851537,0.37513906,0.36005837,0.35893965,0.37200797,0.35255933,0.37556022,0.41585612,0.38032734,0.3278842,0.34807712,0.36832714,0.38064092,0.36810493,0.35224378,0.38156176,0.3597628
0.37680075,0.37105745,0.3567385,0.38294482,0.38770747,0.3676722,0.38241148,0.37314707,0.3653252,0.3736844,0.38469458,0.38716692,0.3735655,0.35694003,0.35894495,0.40202987,0.39285284,0.38600987,0.38359416,0.3801356,0.39576685,0.3914612,0.38020617,0.36584085,0.39200902,0.36255085,0.3688174,0.38376665,0.37816644,0.39950305,0.39327085,0.39112055,0.38794392,0.36236578,0.41158122,0.38842458,0.38447535,0.37624484,0.3623343,0.38159543,0.37150353,0.36205417,0.380934,0.37820178,0.3875447,0.39058626,0.35444248,0.36787266,0.3611564,0.3704502,0.37419063,0.38392353,0.39309853,0.3731693,0.36359388,0.39657313,0.3961258,0.36491656,0.37359697,0.3737054,0.39548123,0.38366866,0.38283467,0.35176557,0.39865887,0.37972194,0.35426474,0.3553626,0.38335717,0.39527452,0.3856523,0.377069,0.3758555,0.3951081,0.38910848,0.4099437,0.393865,0.36190337,0.37985462,0.36994028,0.38194865,0.38879335,0.38534415,0.41103905,0.3736887,0.3900376,0.3707807,0.36783195,0.3718238,0.39693952,0.40188843,0.39038575,0.38752502,0.38363314,0.4034539,0.42124856,0.3617313,0.40206867,0.40391618,0.3809458,0.39118403
0.37714365,0.40563208,0.4234467,0.41143996,0.4040308,0.3797953,0.39557302,0.42710006,0.4239509,0.4002905,0.3848384,0.4073975,0.38097042,0.4106893,0.38466465,0.39698583,0.39651424,0.4226359,0.4181624,0.40768588,0.38421965,0.4008459,0.41767746,0.40953118,0.39028138,0.41088927,0.4257496,0.3890047,0.40675604,0.41287893,0.4053827,0.39692158,0.38534695,0.4187132,0.38581765,0.40567333,0.40339077,0.40662277,0.39081502,0.4055382,0.40984613,0.4097389,0.39617133,0.40611428,0.41144055,0.40008616,0.40940475,0.39180326,0.42215276,0.37904984,0.40729326,0.40997678,0.42379892,0.3995726,0.42439216,0.3992058,0.39309812,0.4093203,0.4075473,0.4257018,0.4147092,0.39548934,0.42084008,0.41498005,0.4153009,0.41562724,0.40196794,0.40785295,0.3960452,0.39641774,0.4105425,0.3911913,0.4023108,0.39660513,0.4033832,0.41843963,0.41554886,0.40521407,0.41189605,0.4305405,0.40343678,0.41508442,0.40552807,0.42997688,0.40566224,0.39560395,0.4141699,0.4033954,0.42607707,0.39743716,0.41068876,0.43503088,0.40005213,0.39798588,0.40326935,0.39500588,0.41784447,0.40443367,0.40496582,0.39972866,0.41883576
0.3774367,0.38066256,0.3658564,0.37645912,0.37817174,0.39666033,0.38747203,0.35253656,0.35049284,0.38519156,0.37040693,0.39460707,0.39357227,0.39661372,0.38372713,0.38376582,0.39475822,0.41219693,0.34909928,0.35671896,0.3808093,0.38267946,0.40295,0.39465523,0.3981098,0.36195695,0.3869666,0.36754096,0.3933254,0.4037909,0.35895324,0.36459637,0.37702465,0.3487575,0.3900339,0.37607735,0.37762225,0.3583442,0.36496186,0.37606174,0.3612309,0.3725335,0.37418997,0.35317194,0.37665808,0.38174897,0.3902135,0.41492516,0.39010584,0.39528,0.3633476,0.3614335,0.37746364,0.37034947,0.3896951,0.3929149,0.3595962,0.3647498,0.37248892,0.37934893,0.41847682,0.38840818,0.37695688,0.37794536,0.37283063,0.37343985,0.38055474,0.35626626,0.3649962,0.38716555,0.38144296,0.39387298,0.37255573,0.3703456,0.386366,0.38133204,0.38041872,0.38099456,0.38120848,0.37959576,0.39649886,0.38266802,0.35121185,0.37710136,0.37683368,0.3614136,0.3817762,0.39816904,0.37747884,0.38645267,0.36385536,0.4008062,0.38308728,0.36732322,0.403094,0.40008545,0.40822595,0.38112515,0.39442664,0.37688833,0.3497821
0.37798423,0.39724886,0.36395162,0.35179716,0.35411912,0.40256113,0.34751612,0.3657956,0.36631256,0.3729366,0.33540833,0.35435194,0.384089,0.35160244,0.3587467,0.35570943,0.3345183,0.34571886,0.3431971,0.36450106,0.39220488,0.33896846,0.36711872,0.36339724,0.38221633,0.34260505,0.3533609,0.35257494,0.33961385,0.39036876,0.39698434,0.38242155,0.39459455,0.3475386,0.384719,0.3570215,0.36766058,0.3561682,0.36531484,0.3649568,0.3500316,0.35767138,0.34305042,0.35228205,0.3793252,0.33877203,0.36893833,0.36734915,0.34385723,0.3851177,0.36358964,0.36151505,0.36273193,0.35682493,0.36664128,0.3519652,0.37329787,0.3660305,0.36088324,0.38609374,0.37824196,0.3456598,0.34347844,0.3362109,0.35818416,0.36290705,0.37710428,0.35350066,0.35739547,0.34677166,0.36351043,0.32724792,0.36710578,0.36138606,0.3547935,0.38011926,0.36097956,0.3653332,0.3656537,0.35513735,0.36374235,0.3811804,0.3584146,0.3187797,0.36000735,0.3350926,0.36055177,0.35937428,0.3747108,0.36338395,0.3607911,0.34378254,0.3660779,0.3523292,0.3608337,0.3712781,0.36382866,0.35419858,0.33568585,0.3529021,0.35865957
0.37939143,0.33409506,0.3275532,0.35350943,0.3516004,0.37542588,0.3481112,0.3564999,0.37311715,0.3675595,0.39864385,0.3731696,0.3554415,0.37084055,0.34985363,0.33262825,0.35342526,0.344945,0.36582905,0.3797804,0.39601225,0.360543,0.3635869,0.35647917,0.34720677,0.35327756,0.3631271,0.39222133,0.38523918,0.35508293,0.358804,0.3323763,0.35389096,0.35304654,0.3775671,0.38367057,0.364177,0.34630007,0.38421535,0.33861917,0.3421769,0.32633883,0.3645103,0.37375963,0.34579778,0.35543108,0.33617884,0.32677025,0.3734355,0.36578578,0.3545223,0.3510092,0.3409319,0.3677814,0.35058922,0.3517959,0.35125285,0.3632766,0.36809605,0.36418068,0.36339414,0.37249202,0.38707006,0.35362124,0.3572744,0.36015975,0.36370254,0.333241,0.3489262,0.35602975,0.3612132,0.35432774,0.34767908,0.34203243,0.37159926,0.3336135,0.36528617,0.35053074,0.39495975,0.3325491,0.37692028,0.33083934,0.34173894,0.33425325,0.3743888,0.34996444,0.354738,0.3554539,0.3427441,0.3675928,0.36868066,0.3452525,0.34291267,0.3528691,0.34286857,0.35276926,0.3621387,0.36594558,0.35266864,0.35574907,0.36789638
0.37975442,0.3734914,0.3554399,0.37205416,0.38536716,0.3588822,0.36331564,0.3503548,0.38849407,0.37242532,0.35592812,0.35906172,0.3491344,0.35564506,0.36829692,0.37703162,0.37004918,0.3751607,0.3665613,0.37152725,0.35610408,0.3784182,0.3497095,0.36717165,0.35045218,0.35283083,0.35216576,0.34354973,0.36355948,0.35745198,0.35171902,0.36789382,0.3614968,0.36541384,0.34232527,0.36031228,0.3765661,0.33508795,0.37617183,0.37699032,0.35392427,0.37186968,0.39943886,0.3573196,0.3917312,0.3621109,0.34398186,0.4050597,0.35318613,0.40075094,0.35152316,0.34809887,0.3702287,0.36742282,0.35099936,0.37026197,0.37719142,0.37457883,0.38739246,0.3787518,0.37388277,0.34987348,0.35422403,0.35980004,0.34460455,0.36846948,0.35542893,0.38128245,0.3410552,0.35753745,0.3567884,0.3717299,0.36855,0.36837012,0.35431665,0.38485307,0.36555022,0.3678444,0.3669206,0.375274,0.3773368,0.3844096,0.36962086,0.37632996,0.37035525,0.3712598,0.3572467,0.3690291,0.38284022,0.35788602,0.34863722,0.40623176,0.3666255,0.37172943,0.38318443,0.3490696,0.36695224,0.34331864,0.35809857,0.36697108,0.3734486
0.38093406,0.3395037,0.36286294,0.3713132,0.38154882,0.3671474,0.37810975,0.37618673,0.37739027,0.3461957,0.37086773,0.39914894,0.37297332,0.3735513,0.37844193,0.3705266,0.34163064,0.34208632,0.35607755,0.3646155,0.37042683,0.3560661,0.35423976,0.37962848,0.3117238,0.37098682,0.36155516,0.37875396,0.33798653,0.36107576,0.404001,0.3401965,0.35845584,0.36920625,0.38720232,0.346977,0.3661589,0.3574741,0.36607206,0.3719141,0.40144658,0.36634403,0.3767575,0.3842054,0.3458835,0.36740273,0.37736207,0.36824447,0.3353206,0.33582103,0.3291539,0.36813897,0.39213365,0.3796094,0.36298954,0.36612505,0.346896,0.3511693,0.38083023,0.3288377,0.35900897,0.36773425,0.37038875,0.35733163,0.3508193,0.38846022,0.38383096,0.376225,0.37498033,0.3634439,0.3295691,0.36121082,0.34899908,0.3530445,0.360928,0.3766713,0.35127407,0.37331212,0.36649108,0.34441847,0.34789878,0.33874342,0.34528124,0.37331104,0.38397622,0.40081823,0.3492201,0.3999108,0.37308347,0.3726694,0.38565356,0.3952304,0.36330736,0.3627668,0.37713045,0.3797847,0.36513436,0.34205353,0.36443317,0.3779149,0.35807407
0.3823733,0.37889802,0.4017715,0.43130893,0.4111144,0.41157228,0.4035998,0.37819993,0.39851987,0.398185,0.38742894,0.4001637,0.40358448,0.3868441,0.41627872,0.39818668,0.39024466,0.39462823,0.4034961,0.378801,0.40210307,0.40126538,0.40540838,0.39684784,0.39645076,0.40783906,0.40638888,0.39032674,0.41109252,0.37571728,0.40345293,0.3974238,0.39223248,0.418777,0.4049973,0.4086852,0.40905458,0.41216952,0.4066825,0.39636743,0.3939737,0.39826655,0.3999995,0.3803851,0.3985328,0.38366067,0.41824257,0.41258854,0.4235745,0.38445926,0.40737224,0.39580548,0.388686,0.41810447,0.4104693,0.36829495,0.39448375,0.4087913,0.38980538,0.3979236,0.4016993,0.39010125,0.41635287,0.39952523,0.3830375,0.38840872,0.41036868,0.42772198,0.40840042,0.39771372,0.38024884,0.38635433,0.4092844,0.39678532,0.3966635,0.38138282,0.37896478,0.39016956,0.39988428,0.40827972,0.38600922,0.39003092,0.40372026,0.3860376,0.4014218,0.36879492,0.40934604,0.38716972,0.40378433,0.36128134,0.399967,0.41907692,0.39380902,0.37826854,0.41953164,0.38259953,0.39370447,0.39267594,0.4289748,0.3836851,0.40901124
0.38384715,0.37812865,0.392955,0.3937276,0.4056499,0.40329188,0.39774328,0.4019755,0.3982455,0.38832146,0.39339596,0.38937825,0.3848226,0.39461654,0.39286208,0.38148344,0.40879345,0.37644613,0.39158022,0.38870478,0.41488987,0.3837285,0.39838672,0.35166174,0.38759297,0.3812253,0.37706536,0.38947868,0.3964315,0.3934266,0.38281727,0.38636357,0.403161,0.37564176,0.37708032,0.3666476,0.3898229,0.36773753,0.39298683,0.40316594,0.37824655,0.40183336,0.39126402,0.38494742,0.40683258,0.3945154,0.41084254,0.39979297,0.38390076,0.3912111,0.38508707,0.40338403,0.38040048,0.38054657,0.39142567,0.3736087,0.4174738,0.40189844,0.40992087,0.39523298,0.36874187,0.37260914,0.41118586,0.38494807,0.38563067,0.36944783,0.39374876,0.4252503,0.35944092,0.37997937,0.35974562,0.36546147,0.38281894,0.36277258,0.4051929,0.40549624,0.36901444,0.39137882,0.37124324,0.37554502,0.39835578,0.38351798,0.38877875,0.37673128,0.41024858,0.3890283,0.4011832,0.39007002,0.3964228,0.40789425,0.36129725,0.3856188,0.38480276,0.41867673,0.3783986,0.38987696,0.37500215,0.4068696,0.35698366,0.39290273,0.37106562
0.38484097,0.3510754,0.37701923,0.38869935,0.3839414,0.39563912,0.37767118,0.38176203,0.38115108,0.36472446,0.37625092,0.3911888,0.3867485,0.36911923,0.39182973,0.3726737,0.4033695,0.39165205,0.37524074,0.3853932,0.37306213,0.36189616,0.3838901,0.35535592,0.3451357,0.35041064,0.37356418,0.395671,0.4065042,0.3904379,0.36903208,0.38294977,0.38680232,0.392224,0.365853,0.3832897,0.3654399,0.37101996,0.36213857,0.35519522,0.38596296,0.3700593,0.36926013,0.38688338,0.41364717,0.38536566,0.3737381,0.3563797,0.3831461,0.3850001,0.38484108,0.3915887,0.39264596,0.38068902,0.38151938,0.36920893,0.36659682,0.36701196,0.3466547,0.37413865,0.3898384,0.3517611,0.37358928,0.3890643,0.36518782,0.39502633,0.38741904,0.37509102,0.3724985,0.38180554,0.38103485,0.40680778,0.38736546,0.37396705,0.3808853,0.3835941,0.3816176,0.36136633,0.3819816,0.39027518,0.36342007,0.4202081,0.3807243,0.36379302,0.38710886,0.3661164,0.40023333,0.39013404,0.38141268,0.37056154,0.38281494,0.36286306,0.36876577,0.3696378,0.37697923,0.37437975,0.3750159,0.37370664,0.37014592,0.39949405,0.382388
0.38497195,0.37299377,0.41960073,0.41455245,0.37067962,0.3755322,0.39116257,0.38033277,0.3862486,0.38523388,0.3773585,0.4145648,0.40030313,0.37617177,0.4106065,0.4158482,0.37117738,0.4303189,0.3770492,0.38386238,0.38795143,0.39234865,0.40133375,0.3885737,0.37945932,0.3854897,0.3989113,0.39500624,0.3883636,0.42278373,0.4022997,0.38482547,0.39461958,0.3667875,0.3882085,0.39124852,0.41081214,0.3565228,0.3999598,0.37830955,0.38058227,0.37616462,0.39090663,0.40185183,0.3682927,0.39352167,0.39346123,0.381917,0.36822164,0.37806606,0.36024845,0.39818156,0.3830567,0.3711918,0.42343885,0.40206105,0.40389448,0.38794166,0.3852657,0.39329702,0.4014982,0.38716322,0.41336465,0.38847578,0.40090793,0.41266054,0.38151485,0.4061566,0.40956974,0.37615192,0.39089882,0.39402896,0.4100384,0.3893001,0.37628114,0.39926827,0.3776173,0.39141327,0.39268774,0.4123007,0.38169926,0.38068044,0.39174646,0.38434875,0.36788917,0.3959691,0.4070667,0.3986988,0.36562002,0.3788255,0.40226734,0.35795164,0.38641554,0.38348693,0.4065218,0.3911953,0.38784587,0.389786,0.40188944,0.37445372,0.39631343
0.38563952,0.37721056,0.36604768,0.38162774,0.3744191,0.35923183,0.36846256,0.36316758,0.3792904,0.37174875,0.3799929,0.36787397,0.3777362,0.35553908,0.37526196,0.3728521,0.3680929,0.37323385,0.36722857,0.37555152,0.3625306,0.36367476,0.36400807,0.3607781,0.38666403,0.35674918,0.34476644,0.36686677,0.37620628,0.36651945,0.3673737,0.34358495,0.35867023,0.3775031,0.3948633,0.35996735,0.35817719,0.3775732,0.34745204,0.3458056,0.37762052,0.368564,0.3576951,0.37663633,0.3507259,0.38310266,0.36634356,0.37772554,0.34373266,0.35386884,0.38018227,0.3643005,0.35208827,0.36223233,0.34547275,0.3882122,0.36067414,0.37381816,0.38024122,0.36981368,0.35750198,0.38491744,0.3570267,0.36589706,0.3931659,0.34428602,0.37525517,0.38834053,0.38097584,0.3759029,0.35971433,0.3533272,0.3623501,0.36523718,0.37163174,0.4055686,0.37094682,0.36872756,0.3545469,0.37214196,0.37682074,0.36171335,0.36631244,0.36749667,0.40279144,0.40384102,0.382639,0.36383772,0.38872766,0.38021344,0.39764744,0.37704408,0.38222134,0.36509717,0.35775542,0.3700431,0.35777634,0.3864838,0.38942307,0.3808397,0.35950404
0.38605893,0.4195441,0.3954587,0.39294744,0.43544126,0.39967102,0.3988374,0.40942037,0.3860184,0.42596745,0.39083022,0.39740533,0.4088168,0.41440028,0.40606004,0.396473,0.39905703,0.40426922,0.40450972,0.388776,0.41670525,0.3947422,0.41099977,0.4124211,0.40513724,0.42213893,0.4293915,0.40081638,0.41671467,0.40527147,0.38791645,0.3770733,0.40919065,0.4150976,0.4002096,0.39499444,0.40571636,0.4041869,0.39089912,0.4116547,0.39630264,0.42449868,0.41380268,0.38302833,0.40962732,0.40166992,0.41776878,0.41151005,0.4051069,0.41761112,0.41848743,0.39165902,0.4050433,0.37602484,0.4123838,0.43680847,0.4048403,0.4050529,0.4153335,0.39780062,0.4216895,0.3991037,0.38987917,0.39789176,0.38813484,0.39536947,0.39643925,0.4329437,0.40681612,0.40337533,0.41452354,0.40620255,0.40677053,0.4183674,0.40679502,0.40517932,0.42944068,0.40552157,0.39767647,0.4078737,0.39120334,0.41745085,0.4247992,0.41280794,0.40195495,0.42097247,0.43621898,0.40255052,0.3895213,0.40703028,0.39647555,0.4004069,0.4009689,0.38824874,0.38397288,0.402097,0.39230657,0.39560628,0.4008286,0.38554245,0.38743347
0.38808313,0.43205303,0.41647166,0.4069978,0.40500206,0.42078364,0.42914546,0.39861757,0.41612387,0.4267934,0.4254201,0.4031291,0.42988855,0.41080683,0.39236075,0.402471,0.41146684,0.40486157,0.415039,0.42829394,0.4155025,0.4047112,0.42954123,0.40415746,0.40256667,0.38624883,0.40098953,0.4184513,0.42083204,0.42551368,0.40830356,0.40849066,0.39684135,0.40907544,0.4228415,0.3941409,0.4006344,0.43491924,0.42976475,0.42246354,0.42671436,0.4288109,0.43725622,0.43946135,0.3897335,0.4285099,0.4148891,0.424851,0.42645574,0.41324508,0.4289143,0.39819175,0.42936623,0.40420532,0.4010557,0.43002778,0.40231407,0.40351963,0.41287255,0.40675706,0.40416408,0.41766703,0.41719645,0.4065054,0.4037856,0.40767634,0.4227649,0.39642483,0.42884564,0.3966365,0.39813185,0.3971038,0.43189085,0.41983724,0.4078666,0.41981715,0.41715598,0.42882258,0.40204638,0.40649796,0.41645217,0.3860631,0.3795846,0.4029894,0.43484068,0.41777152,0.40353453,0.38834035,0.42802215,0.4106146,0.42055994,0.41855836,0.41360307,0.43561214,0.40443623,0.4125983,0.41395473,0.4115672,0.424573,0.4069382,0.42271566
0.39014065,0.38771027,0.41377074,0.39937174,0.4003697,0.421228,0.4105327,0.38709283,0.4019391,0.38713914,0.40021384,0.39608276,0.4054224,0.4155621,0.3977751,0.41662717,0.42808473,0.39849043,0.40377855,0.4115938,0.42685223,0.40359664,0.3777336,0.38886833,0.4091338,0.40681857,0.41146964,0.41242892,0.3999493,0.42396045,0.38323176,0.39172447,0.41405308,0.39287663,0.4163335,0.40181088,0.41119206,0.39167416,0.4109338,0.4080246,0.40120387,0.39276707,0.3952428,0.39499986,0.39325553,0.39896828,0.38151163,0.4050374,0.39392704,0.3987679,0.38289148,0.4122373,0.39819688,0.3754568,0.41527885,0.376549,0.39290118,0.3953272,0.3856225,0.36139727,0.4023894,0.3924684,0.3856541,0.39079785,0.41809243,0.39884305,0.39337158,0.40139735,0.41163677,0.40451586,0.41783738,0.4277917,0.40642947,0.4048171,0.4014665,0.40945238,0.38415462,0.3996367,0.4082461,0.38869852,0.392837,0.43601,0.3834507,0.40549725,0.4009483,0.40763795,0.40923136,0.41266894,0.3988955,0.4132306,0.38530838,0.4084835,0.3943057,0.38181317,0.4021945,0.41315508,0.40235043,0.38056952,0.3782484,0.39399546,0.41150206
0.39065984,0.37594175,0.37436527,0.38203555,0.37844527,0.39484417,0.3918283,0.4018262,0.40854514,0.39881498,0.4055655,0.39652306,0.4036677,0.4016351,0.3741032,0.3728397,0.3689732,0.36707103,0.35999358,0.39497167,0.41331422,0.389589,0.3883264,0.39993757,0.36804557,0.3997115,0.3940307,0.39411443,0.3943209,0.3787803,0.38963717,0.36524862,0.3746094,0.38670862,0.402735,0.3866896,0.3824008,0.3979364,0.41913968,0.40056306,0.35993534,0.394638,0.40482116,0.39548975,0.3925764,0.38133377,0.37082142,0.37685615,0.4135877,0.39133316,0.40512866,0.4049992,0.3975957,0.3839655,0.38366568,0.38737363,0.4151469,0.40047836,0.36851442,0.39288658,0.3881287,0.34074742,0.4029019,0.39867228,0.396514,0.3829108,0.3933609,0.3928002,0.38605452,0.3816749,0.40957814,0.385499,0.4043342,0.39085323,0.3627771,0.39672792,0.4010023,0.35845977,0.3950323,0.38160825,0.39527678,0.41078407,0.39874786,0.38317227,0.363356,0.3820278,0.35754377,0.38706398,0.3734992,0.39147925,0.3753146,0.38230437,0.37585437,0.38310355,0.38130432,0.38145763,0.40417665,0.37697965,0.37910557,0.37878257,0.36771786
0.3909036,0.36117852,0.38160437,0.3434252,0.3992318,0.3674968,0.3804934,0.36241066,0.3609308,0.3794936,0.35149002,0.37108725,0.3565421,0.3678878,0.38104165,0.346151,0.3574701,0.37427056,0.35945255,0.38057286,0.34169996,0.38473797,0.3476289,0.3461225,0.38648444,0.37203723,0.37390023,0.3588043,0.35372168,0.37607354,0.3799842,0.37172616,0.36758024,0.3719672,0.38343,0.35710502,0.35818112,0.37846065,0.36926174,0.36040252,0.36416662,0.38315493,0.36026,0.39551252,0.37157816,0.37662148,0.32855844,0.34194005,0.37950224,0.3957057,0.36143392,0.3711297,0.36746293,0.39282292,0.37993467,0.37508118,0.36421722,0.3899644,0.37547958,0.3657102,0.40341944,0.36234796,0.36097533,0.3528651,0.37509918,0.38489318,0.36031747,0.3535012,0.39174992,0.39048094,0.37105888,0.39453357,0.35760874,0.3820598,0.36864018,0.38788754,0.37197608,0.37772685,0.3764488,0.35586345,0.37734878,0.36737394,0.38558406,0.37851232,0.37636906,0.3649425,0.35158658,0.39877403,0.37246072,0.37786728,0.37070704,0.36466753,0.36289418,0.36886275,0.36731106,0.37791234,0.3622784,0.393844,0.37280935,0.3532744,0.3627922
0.3909745,0.372666,0.42158502,0.4112649,0.4064778,0.37502873,0.39886034,0.4143535,0.4226004,0.42282307,0.42786252,0.4157223,0.4071542,0.39828968,0.3991071,0.4253515,0.3814932,0.40159714,0.3994956,0.40992945,0.40770477,0.41085356,0.38760793,0.40542686,0.38702703,0.39167517,0.38400143,0.41323978,0.41017145,0.41465616,0.39928913,0.39859968,0.41009724,0.41035968,0.39032954,0.38960302,0.4131248,0.3852499,0.4024607,0.40162736,0.39536703,0.4024796,0.40082943,0.3974018,0.41660404,0.38243902,0.38760072,0.40927356,0.38780642,0.3817895,0.41184378,0.41463357,0.41429585,0.418077,0.40352064,0.39116502,0.42470723,0.38555938,0.39455444,0.38581318,0.3840261,0.39867854,0.41844946,0.3984145,0.40480685,0.40409023,0.43208414,0.40816092,0.39881462,0.40023255,0.41622734,0.4262092,0.41254413,0.40794444,0.4057628,0.39891213,0.4282621,0.3810991,0.40002823,0.4016595,0.4038573,0.4087844,0.385759,0.41783583,0.37237757,0.40737104,0.4006648,0.40743047,0.41319227,0.3844837,0.40307164,0.4134856,0.40890455,0.43568838,0.39707625,0.3972144,0.3971998,0.37696993,0.40648216,0.39261228,0.40923953
0.3925466,0.37036878,0.38648415,0.3493631,0.3877744,0.36341,0.36404407,0.36627632,0.38207978,0.38328904,0.41166848,0.38706994,0.38540065,0.38196385,0.3709033,0.3810326,0.39382398,0.38050318,0.3825065,0.35298622,0.3915671,0.34411526,0.3607751,0.3643911,0.3929705,0.37729424,0.40313745,0.3905726,0.37047535,0.36216795,0.38343507,0.34968084,0.3683573,0.38473696,0.37160915,0.37789065,0.38642037,0.37822413,0.39231348,0.34925628,0.36073905,0.38188177,0.38489705,0.34273976,0.39128637,0.3732667,0.37195826,0.35324645,0.3845269,0.40973788,0.38352382,0.38693726,0.38625652,0.3974808,0.39791626,0.40854418,0.36586636,0.38040173,0.36927998,0.38507074,0.38104182,0.39402676,0.3808596,0.39691877,0.37268382,0.372391,0.37359917,0.40357882,0.38023227,0.39852417,0.3689652,0.37433493,0.40909123,0.38170868,0.3568253,0.393965,0.38270795,0.34327173,0.36023462,0.36778682,0.36409962,0.37442672,0.39695323,0.3856184,0.3977676,0.3960756,0.39281833,0.3988083,0.35619116,0.4215275,0.36103767,0.40425706,0.38568258,0.3662938,0.3660643,0.41153055,0.3764999,0.39409947,0.37942696,0.35737234,0.4074207
0.39268306,0.4091221,0.41419274,0.39521462,0.42183656,0.4033488,0.41508174,0.41004896,0.41565603,0.37871438,0.41401982,0.40856397,0.38706923,0.39275742,0.38194984,0.375077,0.40865153,0.3827601,0.40925276,0.38242024,0.4051494,0.40554047,0.42514598,0.36570847,0.38060868,0.40072286,0.37976062,0.37968868,0.4062823,0.38533044,0.41631967,0.3985827,0.416776,0.41542554,0.40757477,0.39088517,0.39868796,0.4034766,0.41832274,0.4018128,0.42749804,0.39354378,0.42996728,0.38070405,0.40522182,0.36984098,0.41206574,0.4023713,0.40429842,0.39288312,0.39279997,0.41297823,0.41311717,0.4108829,0.39425325,0.40272248,0.3863178,0.42327124,0.42393053,0.40682465,0.4073211,0.40937227,0.3870662,0.3963533,0.40724063,0.40963924,0.4019152,0.37481207,0.39477748,0.40106004,0.38837564,0.3997345,0.39371562,0.41360968,0.38842523,0.3963021,0.4083119,0.39712423,0.385871,0.40931016,0.4014967,0.41492027,0.3787259,0.40634936,0.40532517,0.3833536,0.41434425,0.4381482,0.3934443,0.41630912,0.36859715,0.39279395,0.40197045,0.36824286,0.4093129,0.36578488,0.39869392,0.4030372,0.40508825,0.4030772,0.3881396
0.39343706,0.41712093,0.4039845,0.42453688,0.39955437,0.40536988,0.4260276,0.41231787,0.42626762,0.42010373,0.42582792,0.4005993,0.4338563,0.40424013,0.40381533,0.40440875,0.41680074,0.4105184,0.4078827,0.43504465,0.4318329,0.41597277,0.4226634,0.43436766,0.4076696,0.42891878,0.40530485,0.403942,0.40349603,0.3947497,0.4188568,0.43422616,0.4294877,0.43574554,0.4293285,0.41748285,0.38993055,0.4128031,0.41646266,0.406794,0.41002506,0.40050417,0.4023072,0.40480876,0.43660706,0.4278646,0.40195948,0.40820897,0.43091607,0.41201866,0.4215908,0.42357045,0.42429543,0.4197383,0.43628198,0.44508696,0.40633112,0.41857535,0.42406005,0.41811246,0.4245662,0.4044776,0.42236394,0.42164665,0.4143834,0.43153507,0.40316612,0.42831028,0.41684234,0.4062093,0.40696043,0.41905236,0.4142509,0.4101069,0.41271198,0.40234184,0.42140967,0.41632807,0.44212508,0.43346322,0.42361408,0.42653793,0.42733663,0.42835355,0.43702513,0.43241274,0.39546573,0.39368993,0.41388452,0.4063843,0.39877886,0.43080074,0.4114157,0.4372704,0.4463126,0.4072994,0.41337025,0.4251266,0.4244957,0.41581428,0.40583462
0.394589,0.34269035,0.36147887,0.38236415,0.41194117,0.37997293,0.37627846,0.4037376,0.37266415,0.35596377,0.37356627,0.35271168,0.37053525,0.3657276,0.39248395,0.39591706,0.3879668,0.38370615,0.38740754,0.36824632,0.38181192,0.36584777,0.3792538,0.39547932,0.3678009,0.3687991,0.36851317,0.36876673,0.36246353,0.37925214,0.40058738,0.38585562,0.3759578,0.35983926,0.3459944,0.37153125,0.37453234,0.37665755,0.39276266,0.3651762,0.3774857,0.3555588,0.3471715,0.3585199,0.3825943,0.36635363,0.36564952,0.40408415,0.34596348,0.34356934,0.37816954,0.35817665,0.39049256,0.35758865,0.35506505,0.36554456,0.3646741,0.38663995,0.34298104,0.3686636,0.3522808,0.3593793,0.33917853,0.37451512,0.37181574,0.3708158,0.3656705,0.3401606,0.41158378,0.38473868,0.38053626,0.3560571,0.37988108,0.34210694,0.3691184,0.3587333,0.38489598,0.37616724,0.36371785,0.37574464,0.33983004,0.39139104,0.3648247,0.39779943,0.3571865,0.37863386,0.38357234,0.39134324,0.3723986,0.38726383,0.38518393,0.35661948,0.3823173,0.3763036,0.40603846,0.35213494,0.40353382,0.37629378,0.37994236,0.38128603,0.36720908
0.39461643,0.42432958,0.38918102,0.3874117,0.39975673,0.40410596,0.38689637,0.39706331,0.41033268,0.38985366,0.3905062,0.4011215,0.39116096,0.4115879,0.3819461,0.37578046,0.40640885,0.3892138,0.42174345,0.3915975,0.37885386,0.4126268,0.40030926,0.40242118,0.38706356,0.3803419,0.41099125,0.41308117,0.402974,0.3693719,0.35458034,0.39344913,0.39755332,0.3917966,0.39688414,0.40451092,0.38301772,0.4028412,0.39846343,0.38979954,0.39008963,0.40757358,0.39597762,0.38886607,0.39749712,0.41118217,0.4150135,0.40966594,0.39125204,0.39115047,0.4048034,0.39372343,0.39032912,0.41576713,0.42540115,0.41028976,0.42896914,0.37808532,0.38336927,0.38964254,0.39032018,0.3800735,0.39438927,0.40294206,0.42727637,0.39680004,0.39680845,0.4073906,0.4252125,0.39805406,0.41090196,0.41769218,0.4260478,0.38805908,0.38706023,0.42602068,0.36803526,0.40042925,0.395809,0.4052713,0.40688914,0.39130414,0.40337145,0.40447885,0.43065786,0.38945955,0.41071254,0.40167528,0.41807938,0.3997128,0.38631737,0.39680034,0.416323,0.41144967,0.40736914,0.4035207,0.41037607,0.40916002,0.3736558,0.40758526,0.41704482
0.39544755,0.36669546,0.3662871,0.40714455,0.3995772,0.3863938,0.3913492,0.3843481,0.38619465,0.38700634,0.40151626,0.38130778,0.4035868,0.41206956,0.3831269,0.39637917,0.39282227,0.38364774,0.37946105,0.41154498,0.41139162,0.38676047,0.39037234,0.3806603,0.35811943,0.37996107,0.36928785,0.37960964,0.390266,0.40886992,0.37025762,0.39782047,0.38805974,0.3847018,0.37378222,0.3661241,0.38130444,0.38836908,0.38629514,0.40763468,0.3839298,0.37350535,0.3947078,0.39635432,0.39554036,0.39204746,0.40826917,0.36761945,0.37396878,0.37842196,0.37507898,0.3941602,0.3930012,0.3967893,0.36837995,0.3957773,0.40194827,0.4096561,0.3869837,0.3932324,0.36851573,0.39249665,0.3649493,0.39003646,0.3957038,0.3797474,0.38497847,0.37958896,0.37054604,0.38248485,0.39291668,0.38133043,0.33783096,0.391423,0.40910906,0.37534612,0.38811982,0.36198515,0.42214507,0.39807153,0.37180144,0.38680363,0.3910535,0.41490972,0.3992074,0.40217102,0.4044971,0.3785296,0.41458422,0.3505836,0.37606305,0.3661136,0.3966576,0.38650304,0.40417057,0.39317065,0.39461058,0.3946296,0.38967592,0.40987676,0.3691535
0.3957773,0.38981158,0.38642073,0.39589387,0.41377437,0.39100266,0.40514833,0.40051496,0.42394042,0.4110604,0.40117675,0.3783909,0.39871597,0.4177845,0.39937288,0.39235634,0.39417076,0.42390352,0.40073436,0.40471286,0.39097953,0.4147824,0.38671207,0.39992577,0.39945847,0.38019657,0.3994475,0.39176828,0.38153017,0.39997196,0.41917956,0.39351118,0.38668758,0.39969218,0.38048583,0.40864855,0.39459705,0.36840641,0.39456767,0.40981972,0.383861,0.38370538,0.41775525,0.41749245,0.40657097,0.3938617,0.3775338,0.38049036,0.40118676,0.38570577,0.42902678,0.4214329,0.3778118,0.42215407,0.38372666,0.3875134,0.38680875,0.400348,0.4283046,0.42763025,0.39795732,0.4128393,0.40895814,0.37201053,0.3859145,0.40237623,0.4072606,0.41646641,0.40348893,0.41616988,0.39007038,0.39668888,0.3948477,0.40147597,0.40689158,0.38585085,0.39203417,0.38511783,0.4076453,0.43412977,0.39883584,0.3981495,0.38905817,0.38032156,0.40706402,0.40321493,0.39391756,0.41127884,0.38980556,0.41358232,0.38281178,0.4096219,0.3956961,0.40769637,0.4180615,0.39872593,0.4112996,0.36954552,0.37680042,0.40165818,0.40071428
0.39581567,0.37964916,0.39793497,0.3958643,0.39018857,0.41862923,0.35738593,0.41740197,0.36585844,0.3766122,0.40814453,0.39062297,0.37116748,0.4071055,0.41005838,0.41835254,0.39362878,0.3864866,0.4016406,0.38812804,0.3752668,0.3960724,0.39253658,0.40367407,0.39066082,0.4026634,0.40356225,0.40817666,0.4172027,0.40882516,0.39041024,0.38627088,0.3580941,0.40781724,0.37744492,0.39012963,0.40386838,0.3873008,0.38621736,0.38350147,0.41057807,0.40844142,0.38656622,0.39372718,0.40998924,0.39738846,0.42014432,0.38312906,0.40232432,0.4096192,0.41113472,0.38611603,0.40376174,0.39267528,0.39715952,0.39184356,0.39180768,0.40317172,0.38729286,0.36506706,0.39582908,0.36480546,0.37932074,0.37299615,0.3739797,0.36860228,0.38687915,0.36939228,0.41272426,0.41110265,0.3773827,0.42529064,0.40862733,0.39333236,0.40989363,0.39969802,0.4148426,0.39329064,0.3825462,0.3716662,0.40260237,0.36354107,0.38489825,0.37886202,0.3739193,0.39598167,0.38810867,0.3862121,0.3885287,0.3805341,0.3778842,0.38675177,0.42149442,0.39152646,0.3981068,0.40887398,0.39488137,0.376194,0.41029495,0.4103598,0.40306962
0.39737716,0.38274765,0.39022446,0.39092547,0.3742622,0.43443733,0.40372574,0.43420142,0.4093117,0.41831732,0.38263845,0.4112352,0.39667672,0.424573,0.42213315,0.41200292,0.4179048,0.44111598,0.40661907,0.41284692,0.4231255,0.39698428,0.42154884,0.40544248,0.4187308,0.37256926,0.40993756,0.39253873,0.3841784,0.39905655,0.39962322,0.4402625,0.39316988,0.38763815,0.4179951,0.42081523,0.38696432,0.40416634,0.3850168,0.41301137,0.38678396,0.39426053,0.4165836,0.36963874,0.4057154,0.41475135,0.4107709,0.4001758,0.39636654,0.41312182,0.4235342,0.43295097,0.39924055,0.41106582,0.401002,0.40959805,0.41706675,0.40986198,0.39787185,0.4167375,0.41098112,0.4081458,0.3879562,0.42426574,0.41482884,0.40050656,0.38859648,0.41055512,0.39560264,0.43309438,0.41650695,0.4091367,0.3901832,0.4081226,0.39147455,0.42837852,0.40667337,0.3977341,0.43040287,0.40455925,0.39781922,0.42537355,0.4261682,0.4369524,0.38388312,0.40387148,0.37302494,0.4024033,0.42707008,0.44610792,0.41623837,0.40812004,0.38183403,0.3941115,0.38927126,0.40430802,0.39464456,0.41403526,0.40268844,0.41215205,0.42068774
0.39812008,0.42637557,0.41530985,0.43111682,0.4167394,0.41817683,0.40946847,0.42011678,0.41541308,0.41806275,0.41867518,0.4271704,0.44497418,0.38333172,0.42671156,0.4154449,0.40515196,0.42887622,0.41708004,0.4392866,0.41874355,0.418356,0.4117524,0.4035024,0.4224537,0.41134387,0.4193089,0.40556782,0.41737998,0.39844924,0.42415154,0.4244315,0.41135228,0.40830535,0.40235442,0.38775575,0.4211653,0.40570706,0.43957472,0.43231225,0.40577745,0.43324453,0.40010065,0.4288302,0.411169,0.41458684,0.4113748,0.4110728,0.44296283,0.40023476,0.40230405,0.41120565,0.42087728,0.41916525,0.4191574,0.41176867,0.41492563,0.41417068,0.42978472,0.41567636,0.42526758,0.39365357,0.41327095,0.39466727,0.4135748,0.4284575,0.40433872,0.40586865,0.4306125,0.39934725,0.41636443,0.4308117,0.41091424,0.40633303,0.4108296,0.40935695,0.40053737,0.41212213,0.43912405,0.41909605,0.43841517,0.41148978,0.40122062,0.43688506,0.42890275,0.4053794,0.4165346,0.39894855,0.41102898,0.4257325,0.41402346,0.4143088,0.42088205,0.410626,0.43373644,0.44126505,0.40167004,0.4009713,0.39954746,0.4075542,0.3900184
0.39825422,0.38160115,0.39801216,0.38759726,0.41266477,0.3806814,0.38898253,0.41802627,0.38629907,0.39616597,0.40034676,0.39621967,0.42125678,0.4002369,0.40065306,0.3930872,0.41055775,0.43248487,0.390427,0.3918484,0.40621245,0.42012966,0.36701006,0.38337088,0.4051869,0.43048668,0.40600216,0.40588093,0.39467698,0.38211787,0.357179,0.4201424,0.36703277,0.38113105,0.39107144,0.4182853,0.39196134,0.40875512,0.4171819,0.42282254,0.39260232,0.38993973,0.3992821,0.39175975,0.39567536,0.4028846,0.40718472,0.3712883,0.40251148,0.405308,0.3965968,0.4067223,0.408742,0.3902691,0.39296967,0.38332206,0.39767683,0.38758308,0.4118535,0.40118462,0.38671893,0.40322906,0.38350755,0.39474308,0.39298874,0.38294125,0.43248612,0.38049096,0.40108436,0.3964734,0.39219415,0.40306634,0.39732766,0.3770737,0.41154534,0.4021594,0.4017095,0.4031716,0.40315163,0.4041701,0.39980394,0.41300458,0.4014746,0.43291938,0.41496408,0.38642442,0.37501365,0.41422713,0.39463413,0.4062987,0.41460514,0.36755276,0.38630182,0.41218227,0.40044123,0.38442898,0.4243636,0.3842579,0.41082668,0.40423256,0.39139926
0.39892817,0.3983162,0.40972173,0.39544785,0.41013056,0.421705,0.41140705,0.41615182,0.41831017,0.42272854,0.4324121,0.41524506,0.4232741,0.40710175,0.40726918,0.4265954,0.44150442,0.42036647,0.41267574,0.41808975,0.40758908,0.4228481,0.41641563,0.41016507,0.40271568,0.38724476,0.38968164,0.41670012,0.40468663,0.41192228,0.42321438,0.42613375,0.41634429,0.40341794,0.42596447,0.41032958,0.4363473,0.4269215,0.4191643,0.41188222,0.39824653,0.43112588,0.41623038,0.41808778,0.39076138,0.4273908,0.43311363,0.3899712,0.41597432,0.4278484,0.417767,0.43088168,0.41986996,0.4082216,0.43656147,0.4158988,0.39389026,0.3952251,0.39402717,0.42288542,0.42270905,0.42999774,0.42383242,0.42810625,0.4231971,0.4168139,0.40701675,0.40821308,0.4278971,0.41239548,0.39380252,0.40716594,0.40861076,0.4009651,0.41682965,0.40463406,0.4006644,0.40343505,0.40717244,0.4039389,0.42542744,0.4264502,0.41598505,0.4445113,0.40441084,0.41964376,0.392161,0.42171365,0.42027605,0.40551,0.40267402,0.40120113,0.41021818,0.42152297,0.44268095,0.39964008,0.40162778,0.41973042,0.40386975,0.42236805,0.4328903
0.39910933,0.3996361,0.40570474,0.4096173,0.38490552,0.42537594,0.39651483,0.38068694,0.40208077,0.42326027,0.3942234,0.4324448,0.39036262,0.41393334,0.40669376,0.4117664,0.40274912,0.4060948,0.400535,0.4050125,0.40150928,0.39978987,0.40673798,0.391573,0.39998245,0.39095926,0.39941096,0.4110787,0.3761338,0.43245143,0.37949324,0.4175412,0.38911325,0.39485902,0.43175626,0.39406353,0.39708185,0.40282315,0.38379413,0.41017824,0.4018618,0.4140541,0.40311855,0.40241414,0.4109701,0.404701,0.39011765,0.40631467,0.41224372,0.40178722,0.3981622,0.41162008,0.4073931,0.4137975,0.40135735,0.39432412,0.40268236,0.39523184,0.42505866,0.41005152,0.39627033,0.43294638,0.4077965,0.3944419,0.40109676,0.39978933,0.39120138,0.39071548,0.4134373,0.39311707,0.41181946,0.39990348,0.40147042,0.40287554,0.40717387,0.40894014,0.3808148,0.39632744,0.40158725,0.37649953,0.382946,0.42312765,0.40448904,0.3927518,0.401762,0.4126299,0.39950836,0.42820984,0.39782977,0.42465377,0.40461493,0.43479162,0.42294735,0.41740924,0.41021854,0.399912,0.39604223,0.38994813,0.39150858,0.3942498,0.39372814
0.39925364,0.38687336,0.37482697,0.38637966,0.39149368,0.3890388,0.39482385,0.41482478,0.37273026,0.39433837,0.37495577,0.3820392,0.3985591,0.3816682,0.40953106,0.38664442,0.4055192,0.4016984,0.40518367,0.37817544,0.40411347,0.388111,0.40996945,0.40015644,0.39976358,0.3881588,0.39310426,0.3662821,0.37952375,0.39319503,0.38267767,0.39231586,0.3807829,0.3992871,0.38537443,0.39562094,0.38712215,0.39106303,0.39266557,0.41789538,0.39670265,0.3789215,0.3895744,0.38432825,0.41522402,0.4259615,0.3866275,0.38645792,0.37975162,0.40795404,0.3516451,0.39596248,0.3850838,0.40677238,0.3832094,0.3999223,0.3742895,0.38669813,0.37937504,0.39888793,0.39901578,0.3797649,0.41095388,0.38323283,0.42755616,0.42516512,0.37490278,0.42546743,0.37768942,0.4182421,0.36546463,0.41895676,0.38507712,0.36930907,0.39585382,0.37234032,0.4028865,0.3780207,0.40709633,0.4037438,0.3948515,0.38456357,0.41417664,0.41722494,0.40193605,0.40541005,0.36175835,0.4196946,0.39255184,0.39197367,0.38279444,0.3738501,0.386676,0.39432752,0.3878706,0.40771806,0.3846587,0.4076907,0.40645885,0.3717419,0.38262773
0.3994075,0.43110055,0.44118202,0.44057137,0.4420994,0.44115365,0.43613648,0.43875813,0.4509884,0.43834376,0.44092166,0.44301742,0.43485332,0.4116767,0.44712442,0.44028842,0.44292575,0.43817353,0.44247591,0.42610365,0.45411742,0.42706943,0.44467062,0.4541868,0.4418835,0.45223343,0.43030238,0.4467395,0.45773512,0.4375258,0.42813432,0.44066715,0.44006777,0.42258072,0.4461493,0.42319483,0.44459206,0.44561946,0.43570423,0.4303401,0.4408713,0.44984353,0.44055295,0.432604,0.42870587,0.444651,0.44394433,0.4321621,0.41894507,0.4395557,0.43597758,0.4206136,0.45206165,0.44397986,0.4426394,0.46337438,0.46375853,0.4459414,0.43824077,0.4461075,0.43883002,0.45715398,0.43909752,0.4476413,0.43472314,0.4319296,0.43004167,0.4603775,0.4182505,0.4306972,0.4372052,0.41945523,0.45395225,0.43636823,0.4367264,0.43674296,0.4386757,0.4247567,0.43791622,0.40835345,0.43896526,0.43833542,0.44676757,0.44110596,0.45533085,0.4234832,0.4519859,0.43546945,0.45242035,0.44355357,0.42594498,0.43775517,0.42622894,0.44774324,0.44628608,0.4212966,0.4285869,0.4365124,0.4509107,0.4352315,0.4134556
0.39941266,0.42560822,0.4157005,0.4292301,0.44180852,0.4206053,0.4231246,0.4179132,0.42132872,0.44448608,0.41503042,0.40941018,0.4440531,0.43152803,0.41461068,0.44878668,0.43936902,0.43675113,0.4363671,0.41644424,0.4359464,0.43703115,0.4363197,0.40694356,0.42436022,0.43283564,0.43369704,0.4301738,0.461905,0.43174028,0.42494494,0.42364603,0.42444217,0.42156124,0.4384824,0.40812325,0.43689585,0.42278624,0.4418134,0.42875755,0.42227942,0.4112897,0.43756783,0.42760158,0.4176417,0.4244085,0.43974853,0.424087,0.447226,0.4474972,0.41941464,0.41963595,0.42481166,0.41968447,0.4378103,0.42477846,0.4322952,0.42744368,0.44445854,0.44241357,0.41848725,0.41559583,0.44498682,0.44203275,0.43543285,0.43161243,0.4198535,0.44690955,0.43153387,0.43846804,0.43675268,0.43688804,0.42783117,0.4252407,0.4470294,0.4234749,0.43210155,0.41637254,0.45939124,0.42441732,0.4236458,0.43975157,0.41949445,0.45849925,0.4057986,0.4352941,0.4520831,0.4163375,0.43257594,0.4422112,0.44377708,0.42372048,0.42714578,0.4459961,0.4252476,0.45365554,0.41982406,0.43134266,0.40131408,0.42771316,0.4160515
0.3998735,0.3976084,0.39945734,0.40739638,0.41122144,0.37966633,0.41381007,0.42127067,0.38552886,0.38928783,0.3841731,0.41106117,0.40175688,0.38931113,0.4141698,0.4083491,0.4237402,0.40135396,0.41782975,0.38871753,0.4055872,0.42264634,0.3900802,0.43949962,0.420707,0.41160822,0.40252835,0.40861332,0.40833718,0.41574776,0.39869946,0.39225382,0.39387083,0.380561,0.4267097,0.41126543,0.40962642,0.4232881,0.39361668,0.4031288,0.41084272,0.41357923,0.40483785,0.4049157,0.4066466,0.41572708,0.41960317,0.4059615,0.41738027,0.4139157,0.4128676,0.41013592,0.4131245,0.39698684,0.40278733,0.37890285,0.40996987,0.39570707,0.40653527,0.39909637,0.4066285,0.40198582,0.40416068,0.41431284,0.40359843,0.3941936,0.39106846,0.42195415,0.41859585,0.40998334,0.39854372,0.38666368,0.41628373,0.37553155,0.4301721,0.4288798,0.41954905,0.40228307,0.41584682,0.39604795,0.40864164,0.40913242,0.41642058,0.40122032,0.41682363,0.41963726,0.3804314,0.4124179,0.41777825,0.43596023,0.41867036,0.41323012,0.42435014,0.38661212,0.42258346,0.39785177,0.38121146,0.42058778,0.41472185,0.39645368,0.39953887
0.39996773,0.38556892,0.38471067,0.39707392,0.38813174,0.39934826,0.408921,0.40771133,0.38681108,0.38796014,0.39851415,0.37554866,0.40002,0.3966024,0.3865893,0.41653168,0.39235938,0.40145135,0.4073462,0.4037475,0.3729645,0.36175686,0.3843835,0.39100504,0.3746658,0.40454334,0.3868472,0.39047188,0.4151107,0.42414862,0.38066274,0.39378935,0.3849023,0.4070462,0.39423513,0.4017976,0.39019012,0.3905391,0.40151548,0.39544785,0.39397818,0.38875073,0.38357794,0.38988024,0.40609664,0.39285362,0.3982004,0.39632463,0.38867664,0.37601805,0.390657,0.41301465,0.41750008,0.38311452,0.3892765,0.41829455,0.41222858,0.40416104,0.41134083,0.4023993,0.36928725,0.4003535,0.38258922,0.38108152,0.39251924,0.4191239,0.38668996,0.40070754,0.3982612,0.4069929,0.40492254,0.39118952,0.4136222,0.37957537,0.4017774,0.41030133,0.40553486,0.4166363,0.41214955,0.39548814,0.37578917,0.42277336,0.38713646,0.40676802,0.4177519,0.39828908,0.39380127,0.40874344,0.40051895,0.38551605,0.3868819,0.39839727,0.37947917,0.40725327,0.40359306,0.3523329,0.4155246,0.39600104,0.38796604,0.40453142,0.3918305
0.4000066,0.3996538,0.38013488,0.40936816,0.38548028,0.40208942,0.4159974,0.39598227,0.36649328,0.40297443,0.4025193,0.3723405,0.38220924,0.39856052,0.39030254,0.40065253,0.3964166,0.3957519,0.4198233,0.38324696,0.38603133,0.41779894,0.3794859,0.4018935,0.39272678,0.39441168,0.40279222,0.37477165,0.3947054,0.3875277,0.4047264,0.39987135,0.38896996,0.38877165,0.39163625,0.38830483,0.41107446,0.3857872,0.3784538,0.38858247,0.4044271,0.39893663,0.4143175,0.4003371,0.38677073,0.39896578,0.37459242,0.40549576,0.3709827,0.3833359,0.39575934,0.35591173,0.37202483,0.36801606,0.3856938,0.3919595,0.41410518,0.38688242,0.35968554,0.38243836,0.37906843,0.38185257,0.408122,0.39505333,0.38202715,0.3903184,0.41535795,0.40115315,0.39751464,0.39476162,0.38988757,0.38393617,0.39336956,0.38901603,0.40167695,0.40092117,0.41104513,0.36723495,0.38046724,0.39630365,0.40452832,0.3836698,0.3727576,0.39610052,0.39398116,0.3714198,0.3785134,0.40238768,0.39822727,0.3835531,0.36656833,0.4033851,0.38724846,0.39052474,0.36657822,0.38855815,0.42460644,0.41004056,0.41786468,0.3866589,0.41528404
0.4005591,0.37030083,0.38076496,0.38394183,0.38571858,0.39889818,0.37556565,0.39913672,0.4198249,0.3932383,0.3853534,0.3811065,0.38793182,0.4051665,0.38613653,0.39716727,0.3889076,0.38566864,0.38302684,0.39231235,0.3712011,0.40500933,0.3999654,0.40163767,0.3906601,0.3803345,0.36920905,0.40040898,0.38808697,0.39431792,0.38255185,0.39496756,0.39644092,0.369282,0.37613064,0.4117149,0.37082434,0.3911509,0.399135,0.39094,0.3833754,0.39517313,0.38027614,0.3880164,0.404571,0.4010126,0.38812613,0.39152014,0.3871063,0.40459144,0.3961866,0.39397943,0.3969494,0.38832176,0.39532,0.38909596,0.36440283,0.39655894,0.38328123,0.40011537,0.4131961,0.38598508,0.39767772,0.36792958,0.3895899,0.36489362,0.36893582,0.39927638,0.4003585,0.37781167,0.37605256,0.4050433,0.38810003,0.38561368,0.39769953,0.39434803,0.39140493,0.3821388,0.36501777,0.4121986,0.4333294,0.3744775,0.38235766,0.3914013,0.38844842,0.3911239,0.38573992,0.3938325,0.4037534,0.42108172,0.3799712,0.39897418,0.38424647,0.36809677,0.40048635,0.39387143,0.3946969,0.40670347,0.3985209,0.41090435,0.3792839
0.4006393,0.42416447,0.40150416,0.40714186,0.4152869,0.41296828,0.40254498,0.40067178,0.41499025,0.4290493,0.40533954,0.39840168,0.39479375,0.40108484,0.41344333,0.3915646,0.40763348,0.41248542,0.41246188,0.4251064,0.38659722,0.41307068,0.39949745,0.41388708,0.38904154,0.4136718,0.40839696,0.38675982,0.39034528,0.3965358,0.4027694,0.41243964,0.4099146,0.40537536,0.41135985,0.40999144,0.37882507,0.4156142,0.39417362,0.43751806,0.4234231,0.40066624,0.4281847,0.41429204,0.4062608,0.40352535,0.43425518,0.38516563,0.4091,0.39575917,0.3950637,0.39215612,0.41768616,0.43031758,0.37554735,0.4452719,0.39140004,0.41053933,0.39188468,0.40325385,0.4067738,0.40742123,0.39413488,0.41736233,0.4118451,0.39417094,0.39354795,0.39768475,0.42229426,0.41702205,0.38350457,0.4035213,0.4052087,0.40978563,0.3921305,0.42220467,0.40246195,0.42438233,0.41763103,0.42248923,0.38394028,0.4069237,0.3943414,0.38639116,0.37867552,0.42298096,0.40880662,0.40226144,0.4138611,0.41406518,0.3825938,0.4215122,0.41257846,0.39491206,0.43020833,0.41210288,0.41157156,0.41916984,0.4000911,0.40017903,0.41463953
0.40070614,0.38319117,0.39313334,0.41497695,0.39563417,0.395787,0.37378973,0.4308735,0.3535807,0.38552278,0.38102078,0.35574704,0.38400668,0.39127123,0.3822382,0.388466,0.39760393,0.3849221,0.40377563,0.39500195,0.3986845,0.38801277,0.40663403,0.3757568,0.37718737,0.37883925,0.3758374,0.38141775,0.37340325,0.38275462,0.4009716,0.40393752,0.382599,0.4130931,0.40846467,0.38982928,0.3886131,0.3909459,0.37646353,0.38180375,0.3937946,0.39303935,0.39519614,0.37630033,0.36297035,0.3837226,0.3921075,0.3975371,0.38242167,0.40946287,0.36865175,0.37686038,0.37420094,0.38937408,0.39172566,0.37706363,0.37853992,0.36081296,0.3816008,0.3959208,0.4001389,0.40308863,0.37583226,0.38748103,0.38166225,0.39037508,0.38056266,0.38481164,0.4112289,0.4056062,0.41771245,0.39835954,0.39881128,0.39250135,0.40752262,0.38502097,0.3936658,0.3654316,0.3916582,0.42178124,0.3778562,0.405127,0.40326744,0.38369316,0.37526947,0.36493653,0.39036107,0.3742997,0.3906042,0.39245975,0.40471637,0.37407368,0.4096806,0.37306458,0.37706363,0.4071629,0.37645125,0.38583952,0.38876206,0.37180263,0.37063044
0.4012294,0.40748048,0.39679408,0.43176866,0.42538828,0.42394614,0.41619688,0.40629238,0.42033577,0.4290607,0.39939618,0.43427837,0.42438346,0.43061322,0.42381132,0.4179176,0.4320212,0.44057006,0.41169047,0.4137743,0.39884198,0.42051387,0.4193483,0.4303692,0.42584646,0.40291345,0.40822613,0.4170037,0.4292574,0.39272952,0.43805653,0.41111332,0.39913553,0.45437974,0.39877236,0.4197654,0.40030974,0.42784464,0.4170707,0.4127767,0.43659842,0.41712868,0.42279106,0.40109873,0.4062547,0.433353,0.4137208,0.44477636,0.4268713,0.3944028,0.43274057,0.43041384,0.41740096,0.41935754,0.4080485,0.41131914,0.4270925,0.43562227,0.40311557,0.41412765,0.39199436,0.41549772,0.4355908,0.4390334,0.40660912,0.41132987,0.4251706,0.42324686,0.42918795,0.42627335,0.40291727,0.4263718,0.41381758,0.4364475,0.39879817,0.40088797,0.42414743,0.40214097,0.40457255,0.38821542,0.41676784,0.42543274,0.41560906,0.4402787,0.41850823,0.4068823,0.42487496,0.42103195,0.4237054,0.42857504,0.41612965,0.43361324,0.4052471,0.42241853,0.4031148,0.44170165,0.4039933,0.43040425,0.4103465,0.43819106,0.40704453
0.40164784,0.39519447,0.3911013,0.36195666,0.38176823,0.39258838,0.3595078,0.39284438,0.38950634,0.3752339,0.38735968,0.37671965,0.39078468,0.36645973,0.3911839,0.380705,0.3979774,0.37996566,0.38187778,0.39087027,0.39255893,0.3884619,0.3747611,0.4149118,0.36847883,0.38686383,0.39240265,0.38409597,0.36596,0.40529972,0.36905986,0.38325262,0.37884223,0.40006816,0.3882463,0.36724442,0.37483776,0.3657601,0.40149087,0.38200712,0.37293518,0.39601493,0.37135482,0.39766878,0.4091776,0.38426816,0.36680394,0.38178253,0.38499695,0.40478474,0.41058975,0.37245798,0.38949496,0.39442158,0.42408264,0.39678442,0.38871145,0.40834004,0.40565217,0.38070077,0.3673246,0.39767152,0.3959427,0.38868332,0.40100753,0.35629773,0.37264413,0.4230368,0.40065813,0.3847134,0.41854984,0.38850302,0.39815158,0.38104236,0.3924678,0.37038028,0.35834187,0.39140558,0.3842286,0.3690458,0.40238637,0.35684496,0.39670545,0.39616597,0.3844905,0.3818891,0.38037717,0.39059162,0.40221858,0.38671136,0.39558977,0.40287918,0.37505835,0.39092523,0.38642412,0.40333688,0.373137,0.40478814,0.39246053,0.39908206,0.3772958
0.40199992,0.40829098,0.40505403,0.40750027,0.41425174,0.39749664,0.39831024,0.40376115,0.4008066,0.37817442,0.40357405,0.38624567,0.37440193,0.41242993,0.3955657,0.40700346,0.4105122,0.39811808,0.39987034,0.3971911,0.3915075,0.39097244,0.38655806,0.43555665,0.3792382,0.40810102,0.4010964,0.38793236,0.40720165,0.43523622,0.40359116,0.41163832,0.40984166,0.40757376,0.4033606,0.3819211,0.40583068,0.40083706,0.41686273,0.40320927,0.4057194,0.41225195,0.41055238,0.40240687,0.4029888,0.3847866,0.40882486,0.39471042,0.39684898,0.4222641,0.3943963,0.39423704,0.3986392,0.3962642,0.41416955,0.3888688,0.40995312,0.38954854,0.43161893,0.40179282,0.39606088,0.40770173,0.39930826,0.3885612,0.42759317,0.3920139,0.38449597,0.39011174,0.39660788,0.41184992,0.40924162,0.39522249,0.4137866,0.4096229,0.4114635,0.3907919,0.39680183,0.39841384,0.41972792,0.40181702,0.4247402,0.3887527,0.37090307,0.40673697,0.41967142,0.39475828,0.40874892,0.3890075,0.4029969,0.4032076,0.4008748,0.39575726,0.41814405,0.3853135,0.3924784,0.39171392,0.39241332,0.40980643,0.40151143,0.38337505,0.40192062
0.40244827,0.40053415,0.40762842,0.41350967,0.37391025,0.3981815,0.3859027,0.38683462,0.38287067,0.38188624,0.40967202,0.3884849,0.41277575,0.3935737,0.4020831,0.40567,0.38915557,0.3671885,0.40517092,0.3826012,0.40068752,0.3952301,0.4020455,0.41684353,0.37272835,0.38618666,0.38996512,0.3757044,0.40745902,0.3958603,0.3979532,0.3821668,0.36217976,0.4002931,0.38084352,0.3841145,0.3929124,0.39265108,0.36129218,0.40563422,0.39657968,0.4115216,0.38386118,0.38988215,0.41005152,0.3927436,0.3989591,0.39809775,0.42087716,0.37603444,0.42142445,0.37996274,0.3758812,0.39783502,0.4002877,0.39076203,0.3846293,0.3880139,0.41912007,0.3964941,0.38384837,0.38942963,0.43584782,0.37820816,0.39446384,0.39693826,0.40374637,0.38385755,0.39401186,0.4044032,0.39155775,0.39661938,0.4137026,0.38392055,0.42320782,0.39843768,0.40169168,0.38799196,0.39580524,0.40416574,0.38227457,0.38214988,0.3654614,0.37368518,0.3627445,0.38965392,0.37056965,0.41286695,0.40435642,0.38289338,0.37537777,0.3792929,0.37114823,0.39912647,0.3831542,0.39113998,0.3694607,0.38722098,0.39628386,0.40202928,0.40543246
0.40248823,0.384084,0.39566243,0.39852536,0.40402782,0.41992027,0.3768853,0.4013744,0.39132768,0.40475428,0.39723092,0.37351072,0.40288317,0.38769054,0.40752894,0.38727087,0.3944248,0.39719075,0.40146142,0.37932998,0.3871402,0.38781238,0.3807764,0.39792258,0.40051556,0.40905255,0.39427978,0.40065092,0.39838827,0.38284534,0.37479234,0.37979513,0.40617138,0.40353006,0.40462112,0.40054077,0.3986634,0.42111522,0.41489536,0.39815325,0.41336435,0.39284724,0.4013837,0.40364516,0.3706032,0.3571399,0.4203208,0.4144438,0.4135257,0.37884575,0.40622061,0.40416205,0.40851343,0.4000736,0.4070431,0.40712035,0.4158079,0.40597898,0.39275616,0.3976069,0.4253394,0.38580847,0.39479125,0.38841516,0.38274843,0.4243105,0.37238848,0.39934772,0.42466044,0.3777266,0.41363764,0.39988393,0.3890677,0.40212005,0.38716102,0.40152472,0.38345027,0.35798013,0.3786291,0.40583694,0.4035225,0.39558935,0.39973426,0.42683923,0.39643514,0.39851415,0.39822644,0.4030465,0.3680544,0.40588194,0.4315809,0.3980645,0.40058094,0.40537006,0.38847762,0.3924433,0.40446442,0.4172303,0.38934225,0.41487706,0.37426317
0.4030449,0.43431085,0.41963488,0.40937954,0.4206283,0.40641022,0.4257592,0.4411751,0.42500764,0.40751988,0.4236142,0.4161352,0.41976517,0.4114433,0.42967784,0.441469,0.4371323,0.40909564,0.42342156,0.42479646,0.4327647,0.39858466,0.42113018,0.42620963,0.44037294,0.4192664,0.43254054,0.40628558,0.40976328,0.42268193,0.41422737,0.4386587,0.4369337,0.41857207,0.43202937,0.43401903,0.43017972,0.4450267,0.43772095,0.4246639,0.43028957,0.435664,0.4165064,0.43252224,0.43021017,0.42261392,0.42186123,0.4300896,0.41504717,0.43938124,0.4216892,0.41924828,0.4301961,0.41886693,0.4223513,0.4386781,0.41228473,0.4219097,0.3925994,0.42114013,0.4155476,0.41706872,0.42713708,0.41975164,0.41216522,0.4252385,0.41867864,0.4187082,0.43834108,0.4206764,0.4094075,0.41850442,0.4648568,0.41823405,0.42312288,0.4230289,0.43010068,0.4196391,0.43707484,0.42949992,0.40849793,0.4094301,0.42747724,0.44267166,0.43448216,0.41883546,0.41606146,0.41012233,0.43493932,0.4195482,0.42125016,0.42778295,0.43336385,0.3918168,0.41176796,0.4403637,0.4186054,0.42518073,0.40077507,0.43297946,0.4220205
0.40327218,0.37990516,0.3939106,0.38952446,0.3871987,0.40456593,0.40303558,0.39869517,0.4029804,0.39684176,0.3985055,0.39100194,0.39563042,0.39409667,0.39019942,0.4070176,0.38920516,0.3764764,0.39539814,0.40377378,0.38473207,0.41308892,0.41159153,0.41573817,0.39287567,0.38867068,0.41775548,0.4094386,0.42748886,0.39191258,0.37543952,0.39757055,0.41194558,0.4042639,0.38069683,0.40304917,0.37215042,0.40127736,0.39337754,0.40290493,0.3937602,0.38589978,0.3845361,0.38914585,0.38750374,0.4056071,0.39656538,0.41669554,0.3919593,0.39673275,0.38094962,0.37459463,0.38898355,0.41174287,0.39210433,0.39373326,0.37556165,0.38254791,0.40678734,0.41462266,0.40284276,0.38111204,0.39653933,0.38731962,0.38434058,0.3985201,0.3843544,0.40112686,0.39073098,0.37031382,0.38837856,0.39390922,0.41109276,0.4180414,0.37287194,0.3902874,0.40374136,0.38270605,0.38500792,0.39232624,0.3909726,0.39584196,0.4002542,0.41517407,0.38485682,0.38646978,0.39253014,0.38507456,0.40213925,0.4043696,0.3775242,0.38816,0.38746017,0.39472783,0.37422973,0.38732237,0.3829009,0.42437106,0.4113903,0.39742476,0.3984121
0.40350202,0.38706565,0.38351983,0.3965314,0.39616936,0.40887457,0.40715098,0.3892553,0.38305104,0.3935042,0.41062164,0.387699,0.39675486,0.36790776,0.40781325,0.37102097,0.3980041,0.36684078,0.40380955,0.39154798,0.40544534,0.40086108,0.3860047,0.38537955,0.40140897,0.38483673,0.3620541,0.36211514,0.39487916,0.40701056,0.38916665,0.4074667,0.3840919,0.38879538,0.40707922,0.40138537,0.4067884,0.37241316,0.39212936,0.378004,0.3876232,0.37687838,0.39600897,0.4081753,0.38539076,0.39650798,0.40131718,0.38692868,0.39952248,0.38699675,0.3933264,0.39691144,0.3915652,0.39839888,0.41959345,0.40464193,0.37913656,0.39282537,0.422839,0.4041071,0.3968336,0.3885573,0.37552786,0.3654986,0.39050752,0.383264,0.38562977,0.3951599,0.37559432,0.39288574,0.3929928,0.38524848,0.40382445,0.4057848,0.38964635,0.39741266,0.4095341,0.36982083,0.38812512,0.39817113,0.40241885,0.38973558,0.37854224,0.37250936,0.38561833,0.3847208,0.4183256,0.39723587,0.3917629,0.39523,0.39596498,0.38328767,0.3603034,0.36880076,0.38131368,0.39739233,0.38258618,0.37537092,0.39233136,0.3901875,0.39133316
0.40366402,0.40820223,0.41769135,0.39521873,0.43329126,0.393511,0.41407895,0.42169303,0.43252742,0.42065525,0.42306864,0.402879,0.39853472,0.40338403,0.4243632,0.4037149,0.4092911,0.42005283,0.39304084,0.41136438,0.41286618,0.4482891,0.42593974,0.4320491,0.42765248,0.4176805,0.4155951,0.39425933,0.4153052,0.42709517,0.40258992,0.4151404,0.425807,0.4082654,0.4360057,0.4251694,0.43895054,0.40838838,0.3959012,0.40550882,0.42347693,0.409508,0.40973592,0.4202643,0.41892248,0.4327187,0.41774583,0.42437673,0.41786498,0.405604,0.42897958,0.3786705,0.42804784,0.4251908,0.4145075,0.4353932,0.42552888,0.41419697,0.41137868,0.41680253,0.41029614,0.40494746,0.42592996,0.42961103,0.41108412,0.41625518,0.4447677,0.40178853,0.40690762,0.39257967,0.42197114,0.39882106,0.3989727,0.41565704,0.40705192,0.4281662,0.4169712,0.3917892,0.4270258,0.40451074,0.40633535,0.41347665,0.3971743,0.41876924,0.4060408,0.4209743,0.4140857,0.43548965,0.40901935,0.40891832,0.41686535,0.42999113,0.43233073,0.41319042,0.41997612,0.42717254,0.39993846,0.45855904,0.41210657,0.40814054,0.42442757
0.40382823,0.3905844,0.41815454,0.4129991,0.39269692,0.43441957,0.38266164,0.40746891,0.39696056,0.37613118,0.40084457,0.4243415,0.3852142,0.37971723,0.40566856,0.38846648,0.37908244,0.38188583,0.38223225,0.41362768,0.38657522,0.39656937,0.4055794,0.38337964,0.39031756,0.39971215,0.38295102,0.3937205,0.40881467,0.3893029,0.3870657,0.41113114,0.4118076,0.4002099,0.41646165,0.37421244,0.42045176,0.4122281,0.4160012,0.41570842,0.3980167,0.41625983,0.39733315,0.38820475,0.42756426,0.4065234,0.39887553,0.37006778,0.40107447,0.4203775,0.40422678,0.4060676,0.39019382,0.38910097,0.40718412,0.4181732,0.40194064,0.41525298,0.41890764,0.42008585,0.36651003,0.3967601,0.38359827,0.39312184,0.4036168,0.4264499,0.41024607,0.3901708,0.38289398,0.37402517,0.40326297,0.40213048,0.40725845,0.41968143,0.36749345,0.3886717,0.38144988,0.39126801,0.4051789,0.41156662,0.4319499,0.39807618,0.38263416,0.3841442,0.42635906,0.3886968,0.3946898,0.3991236,0.41297877,0.39041084,0.3825643,0.40557528,0.38903314,0.3929813,0.3951878,0.39879894,0.3996365,0.38472068,0.37490648,0.3790233,0.37025374
0.4042048,0.41571933,0.41852248,0.44130528,0.40821093,0.4047941,0.43960822,0.41979206,0.43326145,0.42340362,0.4334309,0.42469358,0.42564338,0.41999137,0.41262472,0.4236905,0.4337365,0.43279696,0.415371,0.40845376,0.42972875,0.43820238,0.42190152,0.43541336,0.4275568,0.4310838,0.43115163,0.44777143,0.43568492,0.4199713,0.4289633,0.41668332,0.44861025,0.42121887,0.41608977,0.43794185,0.41645855,0.4373399,0.42863268,0.4286673,0.44563222,0.4415334,0.4453587,0.42419887,0.4226858,0.43030757,0.41178352,0.44328547,0.43880934,0.43271208,0.42501175,0.44636488,0.4207071,0.4142143,0.4380476,0.42907733,0.42280376,0.41935462,0.43254405,0.41663498,0.42513424,0.397578,0.45505583,0.42634243,0.40523702,0.42039955,0.42502326,0.44610888,0.41582465,0.42355746,0.4267109,0.4348896,0.42645973,0.39559406,0.43697017,0.4431092,0.43198603,0.42006248,0.39587468,0.42763168,0.42388684,0.42962086,0.4176345,0.44079602,0.43612403,0.43225253,0.43117952,0.4324106,0.4376164,0.43200684,0.43448508,0.4181553,0.41110736,0.4474905,0.42990994,0.42831135,0.44104916,0.41025174,0.4071868,0.4174685,0.42849088
0.4048376,0.36554354,0.370731,0.36006105,0.39211136,0.39926624,0.38800305,0.36651522,0.37018996,0.37519985,0.39455628,0.3786766,0.39569265,0.38402522,0.3668474,0.39123952,0.38328207,0.3603649,0.40125114,0.3868578,0.39898902,0.40703338,0.3797139,0.3813368,0.3925417,0.41887563,0.39080495,0.39172494,0.38543665,0.40001357,0.40142858,0.38939917,0.39577162,0.3975147,0.38012713,0.38946027,0.3881246,0.38869447,0.38628858,0.37911212,0.36724132,0.3785631,0.4138133,0.4034444,0.37283212,0.37218356,0.39695936,0.39646876,0.3756138,0.39073724,0.39816427,0.40584725,0.36764824,0.361049,0.40328443,0.36171597,0.41221094,0.38015014,0.3870076,0.4114803,0.37827116,0.38638532,0.37848383,0.38780415,0.36009717,0.40654415,0.39220792,0.3815632,0.39492714,0.3848557,0.38678056,0.3858546,0.40442234,0.42218494,0.360909,0.37393975,0.40892303,0.39272487,0.39979804,0.37047803,0.42329568,0.37229878,0.3691336,0.40160608,0.38308668,0.3856262,0.39272034,0.39003617,0.3652721,0.405155,0.38634086,0.38111246,0.36488885,0.3670717,0.37404078,0.38751805,0.41281927,0.36992574,0.386252,0.39064968,0.4095962
0.40493688,0.41777575,0.41640818,0.3953126,0.4270692,0.42689914,0.4520045,0.4303391,0.42433083,0.4187963,0.42582262,0.4359902,0.41762733,0.41588467,0.44281554,0.4192435,0.40924466,0.4022928,0.42334503,0.4034757,0.42859417,0.4182735,0.39670193,0.43458182,0.3987671,0.42686367,0.42391014,0.41741222,0.39662927,0.42384642,0.41627598,0.42829305,0.4219684,0.4193204,0.43428063,0.4239887,0.3921544,0.43072414,0.4255705,0.42738104,0.42804158,0.40857822,0.40477574,0.4138596,0.42608595,0.43999714,0.4328876,0.4057104,0.41904432,0.4182511,0.4222768,0.43155468,0.42557836,0.42023474,0.41607028,0.40828437,0.42536092,0.40295875,0.3981123,0.41212958,0.40737915,0.41585475,0.39408588,0.41515338,0.42972636,0.42867112,0.4097119,0.41803038,0.41189963,0.41773075,0.4107299,0.43240517,0.42783546,0.40344232,0.45819873,0.41968238,0.42119014,0.42118675,0.41285962,0.41874725,0.41147906,0.4083665,0.42688322,0.40921688,0.41892743,0.43320274,0.4089905,0.4321578,0.43123966,0.41263515,0.4191355,0.3998072,0.42150247,0.4422217,0.43444043,0.42286748,0.42669153,0.40411985,0.4093184,0.38943505,0.40082502
0.40521908,0.3904066,0.39665854,0.3959481,0.3847375,0.4000197,0.4112447,0.3922032,0.39440268,0.40644366,0.38575727,0.39652914,0.41187155,0.40262645,0.40909988,0.38354266,0.4100958,0.41021115,0.4084329,0.40273792,0.39323425,0.39771885,0.37157714,0.4034052,0.3927831,0.3871271,0.4224,0.39292473,0.3899821,0.40799874,0.37540603,0.38039696,0.39306962,0.4342513,0.4034614,0.37571555,0.40195817,0.38905084,0.40037853,0.39581436,0.38592517,0.38535786,0.3972957,0.40273786,0.37797064,0.40068316,0.3929544,0.39090288,0.39913976,0.4028647,0.42069274,0.4102186,0.3993373,0.37626153,0.39410388,0.39996856,0.39137578,0.3723544,0.38690835,0.3938253,0.38697618,0.39299852,0.40109205,0.4283569,0.39001536,0.40676296,0.3705004,0.401511,0.39458656,0.38073033,0.39415377,0.3947258,0.39709783,0.40796548,0.37250227,0.41979033,0.42153913,0.4129446,0.41123557,0.4042951,0.39830953,0.3892265,0.38782197,0.40379947,0.39743793,0.36807793,0.37769026,0.39994818,0.40123028,0.4037692,0.41001606,0.4066066,0.40081614,0.4045424,0.41121566,0.3969636,0.4044847,0.39749247,0.4045996,0.40212417,0.38090783
0.40690067,0.42224365,0.4221182,0.4256813,0.41264617,0.40806437,0.4388612,0.4253909,0.41486937,0.4485185,0.43620658,0.412982,0.43009782,0.42267293,0.42876875,0.43496776,0.41619337,0.4373805,0.4231251,0.42579353,0.42497498,0.4057213,0.42394722,0.4337771,0.4447922,0.42169785,0.43168795,0.42926282,0.43799734,0.4283259,0.42871094,0.42689323,0.41955554,0.43538195,0.42502636,0.42291617,0.4276048,0.41831774,0.41848224,0.4161681,0.41231495,0.41561764,0.40458536,0.42396724,0.4339003,0.42742312,0.45078385,0.42840356,0.4318257,0.42974633,0.41779256,0.42690903,0.43713975,0.42518866,0.44118875,0.4256816,0.41188473,0.42771286,0.4011814,0.43782824,0.4205175,0.42023683,0.41936296,0.42144996,0.41825205,0.42944682,0.43474144,0.40835112,0.42905658,0.43194938,0.41606808,0.43043846,0.4286039,0.42852306,0.43345577,0.41282225,0.41523373,0.42589325,0.4339105,0.41393638,0.40709203,0.43404615,0.42568505,0.4254318,0.40403152,0.45196855,0.44187993,0.42587835,0.4372126,0.42718685,0.4333732,0.42315763,0.4214573,0.4069605,0.454145,0.43686372,0.4232471,0.39491236,0.43008423,0.43514186,0.42976367
0.40721464,0.38730407,0.40791065,0.42339528,0.3731215,0.39339226,0.38460177,0.39015806,0.4103316,0.42035115,0.38481838,0.38864964,0.41820872,0.38877517,0.40501857,0.37045372,0.3749711,0.37708563,0.42102706,0.41427505,0.39403683,0.38345802,0.40590405,0.40331507,0.38023847,0.40289533,0.42916906,0.40761602,0.4230954,0.4136104,0.4188198,0.41781116,0.4089982,0.39113933,0.3958333,0.4067405,0.39741826,0.42426646,0.39982337,0.40355492,0.4121735,0.4102289,0.37255108,0.41062528,0.3879091,0.39903617,0.39426112,0.41379946,0.39716685,0.3815918,0.39243394,0.4036849,0.4174505,0.40221775,0.40652066,0.40397072,0.38485533,0.3915407,0.37150282,0.38302916,0.39087403,0.3879286,0.40594643,0.39275557,0.38874108,0.4239697,0.4125343,0.39605224,0.391576,0.41828847,0.42610925,0.39368552,0.4174242,0.42274284,0.39073908,0.39623278,0.39128768,0.40194523,0.43801016,0.39181423,0.40154183,0.38948923,0.3884154,0.40771675,0.3851344,0.3849498,0.39514226,0.39691132,0.4136871,0.39123833,0.40774935,0.38911867,0.41196632,0.41256678,0.39310437,0.403306,0.4087643,0.39654619,0.38260156,0.39345556,0.38414878
0.40723667,0.39908934,0.3948363,0.40309346,0.38071734,0.3876326,0.4033594,0.39809638,0.4031167,0.39762068,0.4104113,0.40405625,0.39409417,0.41016442,0.39971763,0.3817386,0.4055888,0.38266897,0.42433912,0.39427334,0.4336092,0.4267161,0.38248652,0.39210057,0.39004254,0.40189165,0.39623958,0.38114864,0.39649314,0.3930478,0.41986275,0.40777087,0.40709513,0.39183748,0.44404876,0.40222514,0.3954962,0.41629732,0.41463262,0.40241116,0.4131472,0.3978532,0.40568572,0.38235116,0.4132492,0.39343095,0.41719925,0.39692223,0.39447945,0.38017762,0.39280903,0.39940774,0.37515807,0.40157497,0.37960118,0.40259957,0.39931595,0.41963685,0.4035545,0.4285617,0.40561694,0.3934899,0.43357533,0.40110648,0.41082215,0.39006191,0.40865046,0.41479534,0.40914208,0.39504856,0.38152105,0.40253133,0.3897462,0.41545588,0.39946538,0.40052903,0.4134255,0.3917395,0.40509814,0.38985085,0.40056288,0.4045748,0.397425,0.3975048,0.41960245,0.4044643,0.38824314,0.39433068,0.3947695,0.4057725,0.3996424,0.41051888,0.40337133,0.38259625,0.39139926,0.40494776,0.42077124,0.39180642,0.399306,0.40108877,0.39704287
0.40752202,0.40415967,0.43514246,0.431849,0.41431433,0.41508895,0.40966737,0.4154014,0.4092204,0.4245851,0.4211622,0.40980828,0.41993695,0.4074247,0.42189264,0.4197448,0.40836596,0.40763724,0.41004515,0.41378772,0.4216299,0.44878882,0.40094608,0.40268624,0.39580435,0.40778404,0.4077158,0.40977913,0.40960425,0.3984691,0.41977513,0.39239615,0.42082477,0.42208767,0.39209414,0.43620938,0.4078421,0.4275844,0.41521078,0.4178235,0.39149302,0.43899786,0.4172945,0.40709615,0.41562426,0.3927136,0.43207073,0.43141448,0.40985596,0.4104957,0.4217047,0.41175878,0.41468662,0.41555393,0.42537248,0.41779786,0.39647698,0.4278552,0.40267128,0.41283512,0.42474753,0.41232592,0.41464484,0.38590753,0.4182467,0.42509735,0.42115277,0.40015322,0.4001531,0.41393852,0.41866803,0.42260325,0.42099428,0.3859883,0.38482493,0.4159683,0.4198137,0.41063714,0.4133026,0.40750688,0.42266262,0.4315707,0.40808326,0.39768773,0.3924324,0.4164415,0.4243099,0.4198053,0.41513485,0.4325496,0.44861698,0.41270238,0.41317415,0.4089917,0.42918438,0.38866007,0.42959744,0.41904938,0.40407115,0.4182648,0.38538647
0.40771678,0.34833223,0.37999994,0.37129825,0.37055922,0.3677277,0.37346107,0.34942436,0.3699137,0.37483996,0.38278842,0.36056066,0.34136945,0.37420303,0.37038285,0.38397175,0.36371154,0.3694535,0.3562582,0.3905329,0.3871886,0.37143165,0.35955465,0.39255297,0.37401438,0.37722534,0.37184078,0.38409048,0.3733502,0.38628775,0.35705674,0.39278436,0.39021486,0.37427485,0.36224192,0.36381155,0.39046872,0.36801368,0.37603772,0.33563143,0.3644961,0.37132686,0.3577671,0.38534766,0.40486735,0.35817248,0.35188353,0.38432914,0.37581116,0.3974374,0.38143504,0.38123864,0.3712334,0.38766932,0.35922158,0.37536466,0.33979762,0.39907318,0.3513633,0.34596837,0.38615412,0.35062325,0.4010951,0.3774984,0.3698908,0.36893415,0.3696422,0.3599872,0.37749255,0.36967927,0.39973283,0.38010246,0.33795267,0.37581116,0.3859055,0.37365335,0.39514035,0.35224926,0.39442253,0.37133843,0.36692834,0.36316532,0.37084985,0.3797065,0.3531325,0.34047925,0.36190045,0.4023844,0.36465317,0.35681522,0.36795646,0.3573075,0.36711222,0.36354762,0.39590043,0.36657166,0.3752625,0.35371566,0.38244945,0.3850252,0.34652752
0.40958917,0.40667355,0.4100703,0.43466383,0.41579777,0.39892846,0.40557247,0.4087667,0.40112948,0.41095644,0.39191294,0.4021361,0.41775435,0.3947246,0.38789362,0.40964186,0.4055335,0.39639527,0.40779936,0.42460418,0.40703207,0.40011454,0.4379831,0.4086355,0.4013353,0.406067,0.41643143,0.41156083,0.39855576,0.39792418,0.39691317,0.39863616,0.40837365,0.42511952,0.40031397,0.42121804,0.38575715,0.40311134,0.39314163,0.3926558,0.41111743,0.3941846,0.4157893,0.41197795,0.40118814,0.4230441,0.3886407,0.3951022,0.39319158,0.3864228,0.39961958,0.4071049,0.42535532,0.3999732,0.39823794,0.3872999,0.4205619,0.3920542,0.39779902,0.40346944,0.42446142,0.40182692,0.40785342,0.41745293,0.3933488,0.4226278,0.43497527,0.41435486,0.4041829,0.40848094,0.39600652,0.4039604,0.40867305,0.4093837,0.3886974,0.39894998,0.41951257,0.41996843,0.41577435,0.4343359,0.44367486,0.4171763,0.42803186,0.4075392,0.41378444,0.38949162,0.40670794,0.4219975,0.40751356,0.41743714,0.403148,0.42774343,0.40256107,0.41250014,0.40511894,0.4043399,0.40140378,0.40429688,0.42699486,0.4059214,0.41846144
0.40959632,0.4029535,0.3851046,0.4086337,0.4093355,0.41333067,0.41130918,0.3863386,0.39838672,0.40052748,0.3995481,0.3973663,0.4091481,0.41468745,0.4048682,0.39909106,0.40805495,0.41286296,0.42033774,0.41983938,0.43370074,0.39970815,0.3991695,0.4076981,0.4108765,0.41932744,0.38451767,0.38488072,0.40180594,0.3948025,0.4053539,0.3940915,0.39741582,0.39245516,0.40872157,0.4379794,0.40489882,0.40319216,0.41261196,0.41254193,0.42758924,0.39202917,0.40181774,0.3912418,0.3782149,0.4197623,0.40149128,0.40257108,0.39117384,0.4254002,0.39607203,0.3982582,0.39464504,0.4022295,0.39847785,0.42281324,0.39510787,0.39628512,0.4063543,0.39411741,0.40601563,0.4025377,0.38754416,0.42383945,0.38813245,0.36376065,0.42277467,0.4010443,0.42221534,0.39196694,0.40903443,0.395639,0.3977729,0.40879285,0.41616613,0.39445513,0.41120964,0.3768872,0.4063307,0.40784997,0.40052772,0.41478264,0.40182036,0.39903617,0.3987686,0.39976096,0.40682387,0.40150243,0.38914275,0.4210372,0.36738247,0.38712025,0.40448564,0.3866849,0.41642773,0.37840706,0.37839192,0.39547157,0.40223622,0.3936239,0.3737111
0.4098359,0.40598166,0.41933852,0.42155212,0.41275948,0.43082643,0.41563344,0.41132063,0.40191233,0.41510534,0.411139,0.4124816,0.39041603,0.40713102,0.40018725,0.4151169,0.4243663,0.41567034,0.40301055,0.3854729,0.41365802,0.4053474,0.44306105,0.40462595,0.39746904,0.4221313,0.40228343,0.4218583,0.39229155,0.40677923,0.40020144,0.41008705,0.41412252,0.4155442,0.4017865,0.43466562,0.39000416,0.4192381,0.43040186,0.41440606,0.41253853,0.4111017,0.39334565,0.4215777,0.40727186,0.39921093,0.392604,0.42356676,0.40851575,0.41931695,0.41403794,0.37587565,0.3810478,0.38381284,0.40160573,0.42074758,0.41556787,0.3841868,0.3978665,0.39585334,0.40307695,0.40369833,0.40965974,0.42233193,0.39483202,0.40329862,0.41624945,0.41570443,0.414082,0.41235876,0.39899397,0.441002,0.40287971,0.39735878,0.4356832,0.4091856,0.40060115,0.40770686,0.37345976,0.39155352,0.3908102,0.41980094,0.422872,0.41057205,0.4091035,0.39795333,0.4204585,0.39823484,0.4202159,0.4191435,0.3854341,0.40050763,0.3996958,0.41593248,0.41590255,0.41962904,0.43817717,0.40074348,0.4134463,0.3990962,0.4198827
0.40997916,0.4203874,0.41638184,0.41679585,0.40559208,0.3894369,0.39403796,0.41851455,0.4139396,0.39843976,0.39978194,0.4165243,0.4341539,0.4424129,0.40125704,0.38185132,0.4004643,0.4133771,0.40528017,0.41727602,0.4067616,0.4127376,0.42265022,0.39405972,0.4115184,0.39079642,0.38568443,0.41260195,0.4056176,0.3900379,0.42457092,0.42749846,0.41915715,0.42384028,0.41267067,0.41393638,0.41199803,0.42651135,0.42420167,0.42844284,0.4187404,0.43116683,0.41147226,0.39276254,0.40925217,0.40949,0.41799337,0.40514964,0.40086228,0.41211212,0.43255174,0.39054364,0.40955383,0.4368949,0.4116825,0.39694482,0.40351492,0.40213466,0.39537042,0.422809,0.41104668,0.4103275,0.39839387,0.41164958,0.37553477,0.4305957,0.41210896,0.43085998,0.42661387,0.41299677,0.39685726,0.41087925,0.42367524,0.42104572,0.405231,0.4280368,0.43452007,0.41746467,0.42076463,0.41060656,0.40931624,0.39557946,0.3980028,0.39460737,0.41630524,0.40803355,0.41748142,0.40707672,0.40590847,0.4078021,0.40244496,0.4107824,0.4203953,0.42072505,0.39477456,0.4012745,0.40043163,0.41219628,0.41922665,0.41605002,0.37736565
0.4100124,0.37801945,0.41723424,0.37495798,0.38647318,0.37949163,0.3736521,0.3830278,0.38257062,0.3594073,0.38035697,0.38383585,0.38252676,0.4021163,0.39649504,0.3824613,0.4019292,0.379893,0.37622732,0.3965689,0.39499974,0.39745897,0.38491112,0.41817558,0.37447613,0.3781051,0.3933499,0.38504517,0.38581318,0.3632781,0.3774675,0.3970772,0.37603158,0.3548789,0.38193387,0.3849094,0.40688735,0.39203632,0.38723177,0.37791717,0.38393152,0.39589155,0.37712193,0.39771062,0.3753085,0.38201386,0.37453014,0.39783466,0.39438677,0.36899626,0.37700766,0.3764019,0.41454244,0.37596995,0.3679037,0.39579982,0.37394673,0.40021574,0.40638483,0.3878234,0.38898623,0.36063236,0.38923043,0.38545614,0.3812397,0.40077525,0.3874055,0.3926105,0.376849,0.39630467,0.36578608,0.34348387,0.39630038,0.37750703,0.3895403,0.37658584,0.34980696,0.39221418,0.38805878,0.37593502,0.38387185,0.3632977,0.40741873,0.38739806,0.3941819,0.41828108,0.38830608,0.35170138,0.37905592,0.4016956,0.3900352,0.38471347,0.38231456,0.391389,0.37023413,0.4051265,0.3868459,0.39900655,0.41724497,0.39513314,0.3936525
0.41049382,0.36437482,0.3875817,0.40627468,0.35323328,0.38970822,0.38113034,0.38556218,0.36857647,0.36817873,0.37885028,0.37206107,0.39759618,0.38332558,0.37416714,0.38773334,0.3910488,0.38094062,0.40419483,0.38198775,0.39140207,0.39551872,0.37434387,0.37558228,0.39175147,0.39766544,0.39690554,0.37859422,0.3836344,0.40003335,0.39292175,0.40046996,0.40808117,0.39755052,0.3754819,0.39491433,0.40915984,0.39195687,0.40150547,0.3872754,0.35902894,0.38079822,0.38391733,0.38065338,0.3718874,0.36743486,0.3715132,0.39804775,0.39490682,0.3722642,0.36699325,0.38429302,0.38369447,0.41655445,0.3826831,0.385805,0.405581,0.39472806,0.39407092,0.37769705,0.41502059,0.39309633,0.37531978,0.36275142,0.38697743,0.38312966,0.3594408,0.3730144,0.38581294,0.3837819,0.40143907,0.40729868,0.37644702,0.3805468,0.38135946,0.3864938,0.37841082,0.40862662,0.41994244,0.3720966,0.38842833,0.39509517,0.37624973,0.41598678,0.38949782,0.40396804,0.3896675,0.3845957,0.36601222,0.4036942,0.39660197,0.36298048,0.3641184,0.36077613,0.37959528,0.3647613,0.3910916,0.37660354,0.38699627,0.37131113,0.37282503
0.4115158,0.39596498,0.36501193,0.38435972,0.40527952,0.39807487,0.39639628,0.3940447,0.41433197,0.41291463,0.3631599,0.41611165,0.38212252,0.36982805,0.3782704,0.3797881,0.38237357,0.42512196,0.3857398,0.3873027,0.37420255,0.3787927,0.41533536,0.3582576,0.39068455,0.39820856,0.40067106,0.39547354,0.3820479,0.38059902,0.3954699,0.37513298,0.38497674,0.39064068,0.37236494,0.37820476,0.381504,0.39078504,0.40802038,0.38354146,0.38910568,0.36146683,0.34993714,0.37595296,0.38292176,0.39422488,0.4003412,0.36826497,0.39056468,0.39360124,0.3989734,0.36532015,0.3990845,0.40785593,0.40549874,0.33360195,0.38044482,0.40314066,0.37458766,0.39696622,0.39008814,0.38497812,0.39208394,0.40353662,0.36597937,0.369339,0.384404,0.38895303,0.4128886,0.38650012,0.36053932,0.39062268,0.37175095,0.3793537,0.40319473,0.39351118,0.3978622,0.3564785,0.3609597,0.39202917,0.38091153,0.39927542,0.37187052,0.37581468,0.3886463,0.36883855,0.39553773,0.39497,0.38702822,0.35905135,0.39208144,0.41702121,0.40973443,0.40170908,0.39848834,0.39307147,0.37851834,0.36789167,0.37908918,0.39763933,0.38513744
0.41181448,0.42476314,0.42858958,0.4034227,0.4012196,0.40126216,0.42748392,0.41988343,0.40567398,0.41715562,0.391133,0.43416983,0.40661854,0.4162885,0.426346,0.39871198,0.42997074,0.42466056,0.41399086,0.41011184,0.4003412,0.42364204,0.43758482,0.431072,0.41662818,0.4205752,0.4064098,0.42537773,0.41682404,0.4229884,0.4292081,0.43304735,0.42249292,0.41188717,0.4164244,0.42619884,0.4301865,0.42001027,0.4354269,0.43649685,0.4180836,0.43117422,0.41866398,0.4119311,0.41668874,0.42391318,0.40648293,0.41986263,0.41048086,0.428155,0.42463338,0.4128914,0.40410054,0.40541768,0.43076026,0.4294445,0.4306327,0.41089517,0.43315005,0.40709323,0.41928148,0.4107005,0.43243986,0.41639483,0.41136658,0.40462315,0.43972045,0.43268168,0.4084463,0.40843564,0.4247629,0.4333166,0.42590714,0.40573174,0.4237455,0.4350437,0.42625368,0.42836577,0.41433382,0.41737336,0.44011337,0.4135623,0.42715716,0.42919344,0.41712856,0.4227243,0.40304542,0.4156875,0.42362958,0.40796572,0.42912745,0.41826558,0.40174425,0.42783594,0.42003292,0.4409507,0.41493267,0.41539282,0.4444536,0.4187988,0.42498398
0.41187295,0.41385823,0.4001304,0.38970953,0.4155705,0.41468656,0.41828537,0.4199465,0.39965808,0.40241838,0.4214633,0.3899753,0.41626197,0.40910012,0.4430915,0.3994962,0.40556073,0.44056594,0.39769304,0.41860074,0.41460478,0.43026894,0.40519035,0.40873533,0.42559952,0.3975039,0.40703076,0.42698187,0.41167194,0.40763873,0.42194647,0.40926284,0.4075843,0.40456933,0.4056918,0.39998102,0.4282109,0.4286973,0.430682,0.4259473,0.40829933,0.41924852,0.40258622,0.4186144,0.43119437,0.40109754,0.39480096,0.4182709,0.42416054,0.40343672,0.44077933,0.4191671,0.42717314,0.4189365,0.4319105,0.42900157,0.39310402,0.4146744,0.4091562,0.40013343,0.42371154,0.39816457,0.41807085,0.42435515,0.43499124,0.40338343,0.43847942,0.4231745,0.4072879,0.42104405,0.3998319,0.38153386,0.4148056,0.40944076,0.4040441,0.43306375,0.4267097,0.42032015,0.41519684,0.41259038,0.4275924,0.42068064,0.41108507,0.38547397,0.41560662,0.42316055,0.41279083,0.42037028,0.40672988,0.41647404,0.4038242,0.40466952,0.38392013,0.39904052,0.43349373,0.43469232,0.41774404,0.4115029,0.39929885,0.43459058,0.42888618
0.41370898,0.43388426,0.4157647,0.41039103,0.38916785,0.4137599,0.42332113,0.40787667,0.41343313,0.41954553,0.41331458,0.42132258,0.4133194,0.40373814,0.41584355,0.40541762,0.41254634,0.4041388,0.42038596,0.3949809,0.40932268,0.3979473,0.42795885,0.4269808,0.43561625,0.41579837,0.41860652,0.39818335,0.41550606,0.4165238,0.4193465,0.42167127,0.40810347,0.4113168,0.4194057,0.41111696,0.41152287,0.41980743,0.42923343,0.4060582,0.41959494,0.41454506,0.42043787,0.41534185,0.4075579,0.41833192,0.4265108,0.4130845,0.38523197,0.43604755,0.41800338,0.395626,0.41340697,0.41215312,0.4137615,0.4497838,0.39873058,0.41182393,0.4253348,0.4201737,0.42418092,0.37728226,0.42851174,0.41314203,0.3873204,0.41954517,0.43649268,0.39528763,0.4329741,0.42852724,0.39667368,0.40269685,0.40986562,0.4140994,0.4191342,0.40978575,0.42199123,0.401048,0.4235214,0.43838,0.41152906,0.41042638,0.39951164,0.42325473,0.417908,0.41766256,0.41874653,0.42138684,0.43243164,0.4089802,0.41593355,0.41499442,0.43458587,0.40389037,0.4040149,0.40065235,0.3892876,0.4232465,0.42128336,0.40637273,0.439811
0.41402408,0.42645764,0.45144933,0.42766637,0.42154598,0.4510237,0.42063308,0.41090912,0.42610246,0.44928783,0.42583627,0.43494433,0.43425518,0.4127121,0.42672712,0.44586992,0.43454367,0.4256209,0.4337107,0.44069916,0.41082668,0.42619336,0.43871164,0.43041098,0.43420488,0.41805685,0.41260958,0.42252123,0.4217652,0.43077576,0.4237762,0.44643092,0.4525538,0.44178116,0.42618132,0.4420753,0.4395125,0.4135518,0.41620582,0.42122668,0.41656268,0.41998625,0.43366855,0.42023724,0.445305,0.42596948,0.42236996,0.43129224,0.4128269,0.4423995,0.4240554,0.4290455,0.40063423,0.43347,0.44144642,0.43455982,0.44652528,0.42207074,0.4114706,0.4347639,0.45309287,0.41391867,0.42909253,0.42614013,0.45285982,0.42332268,0.4550606,0.44156408,0.43526,0.45628095,0.44813025,0.42111552,0.42025495,0.43375498,0.4282629,0.424192,0.42476696,0.42775637,0.42565304,0.444968,0.44695705,0.44394052,0.41892725,0.44307274,0.42823362,0.43128175,0.43823808,0.4261924,0.42737138,0.45063365,0.43260396,0.42892414,0.4351424,0.44668543,0.42440528,0.42376238,0.42368698,0.4187857,0.42762423,0.44046903,0.43569195
0.4142096,0.4024114,0.36853892,0.40690368,0.41317183,0.4109223,0.38362843,0.3829931,0.3868206,0.4116704,0.40548092,0.3692842,0.35875762,0.39319223,0.38013184,0.37896943,0.39707398,0.37617052,0.404791,0.37648726,0.35370928,0.3946271,0.39655894,0.37899375,0.3670326,0.39146632,0.3839714,0.41030657,0.3968658,0.39211833,0.36939806,0.40466225,0.40118033,0.39194942,0.38802832,0.3935464,0.3883372,0.4010166,0.38781542,0.38715202,0.37535697,0.39431173,0.38261515,0.38781357,0.38541943,0.38709855,0.37153202,0.40175396,0.39852637,0.38351393,0.37932646,0.40814012,0.39453083,0.3920495,0.38534933,0.38248593,0.38608742,0.3866712,0.39907938,0.40112656,0.39129537,0.38991082,0.37914515,0.38564748,0.38001198,0.38667375,0.40074337,0.36971527,0.38570762,0.37294984,0.34968323,0.40625602,0.3943581,0.37662417,0.38284242,0.37878948,0.38019514,0.41711193,0.38034916,0.37925375,0.37971848,0.39576888,0.38895702,0.3991856,0.39180058,0.40179598,0.3603838,0.3767975,0.3961321,0.37954307,0.41448426,0.4011243,0.3660251,0.37084812,0.3950535,0.3761149,0.3917808,0.3888597,0.39850622,0.37017107,0.38613254
0.4144224,0.402407,0.45571858,0.41646284,0.403257,0.40349036,0.42008042,0.4299835,0.40445483,0.4224304,0.429645,0.40220898,0.41408825,0.4275108,0.4320349,0.40508652,0.41643167,0.4267105,0.4212699,0.4278472,0.4214962,0.41766232,0.41622084,0.4324693,0.4425767,0.41106218,0.40754348,0.41588616,0.39922452,0.4365707,0.43937546,0.41059637,0.42765105,0.409989,0.44105572,0.4205246,0.41861808,0.4331476,0.42573535,0.41087735,0.44519937,0.40862972,0.41245943,0.4168746,0.4109382,0.4086616,0.41528225,0.39225823,0.42080283,0.4211861,0.42681032,0.4213394,0.4066978,0.4306875,0.40735906,0.41966784,0.42437238,0.42499208,0.43890065,0.42543793,0.41555804,0.414199,0.4176423,0.42534548,0.42171532,0.41775835,0.39797878,0.38483799,0.4126823,0.44705224,0.40401244,0.4216469,0.408921,0.41061407,0.42385936,0.4262697,0.41635722,0.4243946,0.42209494,0.40376842,0.40990466,0.40851748,0.41939282,0.4121474,0.42189753,0.42225575,0.43168932,0.4294539,0.41149205,0.42188787,0.4321286,0.41899532,0.4303574,0.44929612,0.41206348,0.42344844,0.44107056,0.43587363,0.42309254,0.39659542,0.4296862
0.41443118,0.40994692,0.4123041,0.42735714,0.42018402,0.3941961,0.4285006,0.42595136,0.40558624,0.4072768,0.4105941,0.38900596,0.39306337,0.40482795,0.40078473,0.41939002,0.42259395,0.4213925,0.38319445,0.422033,0.41347122,0.40393466,0.3965044,0.40314853,0.42032486,0.39665556,0.41648263,0.3973782,0.3802356,0.3989511,0.4308067,0.40195352,0.42185903,0.40346795,0.39331746,0.40748477,0.41298985,0.39072353,0.39569885,0.39891768,0.3976612,0.4088692,0.41526043,0.41719764,0.38258237,0.39794713,0.40588814,0.4239481,0.40720546,0.40864438,0.3898148,0.3863843,0.40745342,0.42086667,0.41632068,0.37364012,0.4102326,0.3894301,0.3900383,0.40364432,0.4074831,0.39469868,0.39123368,0.3774619,0.41847962,0.3817007,0.40672785,0.3872717,0.40209115,0.41876346,0.42280585,0.40221214,0.4262473,0.41432488,0.40180427,0.40468097,0.39149845,0.38790798,0.38136023,0.4007544,0.413157,0.40093237,0.41457593,0.40420854,0.4094962,0.39946884,0.3860095,0.41338712,0.4327355,0.3789838,0.40357167,0.37755585,0.4002145,0.4017744,0.41696024,0.40814263,0.40536547,0.40130508,0.38893044,0.38878888,0.4065156
0.4146403,0.42024142,0.40879637,0.40955538,0.42503887,0.41543645,0.4204954,0.41123903,0.40463948,0.41486645,0.41555774,0.41055107,0.41817886,0.40954852,0.41346157,0.44637364,0.41044515,0.40902716,0.4300831,0.4218399,0.392995,0.41471887,0.43246883,0.39744264,0.42456293,0.3967688,0.44726765,0.4231075,0.40785778,0.4112069,0.41342705,0.4184001,0.4336648,0.41292995,0.43012333,0.41351396,0.4269839,0.41852748,0.42736983,0.41164887,0.43501145,0.4258824,0.421175,0.42826283,0.42798334,0.4125464,0.43143564,0.43994915,0.43735456,0.44779223,0.43127126,0.42451084,0.401847,0.43173057,0.41460234,0.41752917,0.41719395,0.40522963,0.4053259,0.42100394,0.40890104,0.4116217,0.40997177,0.42869097,0.41907823,0.40244746,0.42374235,0.42147863,0.40643573,0.40671897,0.4092484,0.44197375,0.41536498,0.40832388,0.41947138,0.43629628,0.4382921,0.4224379,0.4376104,0.42158192,0.40299577,0.43440574,0.41052145,0.43127006,0.4117936,0.42046392,0.42326945,0.42805195,0.41392684,0.4267645,0.3955387,0.43723345,0.41643882,0.42616093,0.4104287,0.40714324,0.41470718,0.43276995,0.41234416,0.42847967,0.41951066
0.4149051,0.39467776,0.39297062,0.41259664,0.41070163,0.41434264,0.4405921,0.3914554,0.39866728,0.41722757,0.4171586,0.42182297,0.4108985,0.42916387,0.40480095,0.40611464,0.4330929,0.40772128,0.42571294,0.40671068,0.4041168,0.40784013,0.41103095,0.4111362,0.39988095,0.4466325,0.38054872,0.42192245,0.39023983,0.3994391,0.41939712,0.39949214,0.4121335,0.40557015,0.3990292,0.41098315,0.40788502,0.41977364,0.4256158,0.4008435,0.41571808,0.40944755,0.41451836,0.39579707,0.3917961,0.3809017,0.40487176,0.4195481,0.4062925,0.4180737,0.41442418,0.42152375,0.40371418,0.40378982,0.41171896,0.41255677,0.38942933,0.39532423,0.41609257,0.41512734,0.40106785,0.40448648,0.42649537,0.4112696,0.43188906,0.4257338,0.40426934,0.40263736,0.40719807,0.40764344,0.41389626,0.3959418,0.37025875,0.40317386,0.4147048,0.38943344,0.37915456,0.4172824,0.39137918,0.41436154,0.41135013,0.4073764,0.41209662,0.4079358,0.4374864,0.4122209,0.40498948,0.41054142,0.4174375,0.40548956,0.44057447,0.40455097,0.398018,0.41220492,0.41429377,0.3998304,0.40832394,0.4118359,0.4105782,0.4013713,0.39926273
0.41563037,0.40547043,0.4046706,0.38875377,0.43619102,0.41746193,0.42272586,0.4462877,0.41685343,0.42459232,0.42399228,0.4027006,0.41176283,0.39284748,0.41842556,0.41279006,0.41391647,0.4044264,0.41590303,0.41460562,0.44517154,0.44843113,0.44481325,0.42435718,0.41577917,0.4556144,0.42561787,0.4066404,0.41326314,0.40973336,0.40605652,0.43111163,0.42147207,0.42491978,0.42807084,0.40619862,0.42672217,0.40299731,0.44178903,0.40871376,0.42138618,0.4119234,0.44541645,0.43781143,0.4376555,0.40414453,0.44686192,0.4348548,0.4282471,0.42576766,0.4212135,0.41829205,0.41419464,0.40614188,0.42483658,0.43504268,0.44655472,0.42879617,0.4175555,0.41855574,0.41022342,0.4369316,0.4330443,0.41971546,0.39805484,0.44963259,0.42204052,0.4439479,0.4259184,0.42138088,0.416452,0.4216817,0.4246387,0.42572504,0.40498132,0.4165436,0.41080606,0.43502843,0.44918066,0.43395644,0.42341906,0.42992592,0.40342695,0.43532372,0.41284436,0.3910756,0.43855727,0.42707193,0.4158346,0.41681337,0.4272318,0.41777104,0.40654415,0.4050218,0.43767804,0.42453903,0.40718704,0.41665757,0.41810834,0.40749282,0.4325835
0.41578344,0.4440447,0.4439203,0.4408285,0.44455618,0.45377225,0.43394226,0.4456157,0.43529326,0.44733214,0.44537687,0.45797986,0.44509792,0.4353919,0.43833113,0.43278164,0.46271926,0.4387197,0.4500962,0.45801812,0.43457037,0.44231153,0.45625412,0.4357198,0.45611888,0.426678,0.42995167,0.42729223,0.44129997,0.43714952,0.44978333,0.43348396,0.45139945,0.43320554,0.4334799,0.43045092,0.44273937,0.4547456,0.45690644,0.4429223,0.44480574,0.42675424,0.4265831,0.43965256,0.43304366,0.442609,0.42950565,0.4529671,0.45021534,0.42981362,0.44754052,0.43744892,0.43556255,0.46280771,0.456868,0.46167815,0.44657856,0.4190083,0.44416362,0.43711174,0.42329627,0.414666,0.4490627,0.43399912,0.4512421,0.44775403,0.43598628,0.4253916,0.42992568,0.44035125,0.4444176,0.44936532,0.44083095,0.4653309,0.45361525,0.44091433,0.44112283,0.43624645,0.43523622,0.4442125,0.4352225,0.44891852,0.45429564,0.45992088,0.43006623,0.4488396,0.42288727,0.44205552,0.4421034,0.43943197,0.4258222,0.43278223,0.4364894,0.44758785,0.4241215,0.42469323,0.45881307,0.45657384,0.44484925,0.44844544,0.46656
0.41585293,0.42216367,0.4414329,0.42225868,0.41737288,0.4174931,0.43227708,0.42087424,0.43810368,0.43144542,0.4087935,0.42412627,0.43929398,0.4319994,0.42087853,0.42872167,0.3870749,0.42500436,0.4085166,0.42107308,0.4167397,0.43607944,0.43503398,0.4079159,0.42100662,0.4398601,0.45116383,0.43370676,0.43625963,0.4323656,0.43456596,0.42164725,0.42160428,0.43302608,0.41761935,0.4241361,0.41588956,0.44541043,0.4440831,0.42192054,0.41627473,0.4339509,0.41838706,0.4196148,0.40644437,0.4462633,0.45203257,0.42675298,0.43508208,0.41906995,0.4125076,0.4191349,0.42531997,0.42495257,0.40811604,0.41526586,0.4393937,0.4426214,0.42474097,0.41350377,0.42990535,0.42372555,0.4266618,0.4073807,0.44281805,0.44290358,0.42026144,0.42247844,0.42845923,0.4083246,0.43149656,0.4172573,0.43359977,0.4309876,0.42929476,0.42309785,0.43076694,0.41351485,0.42886192,0.41653806,0.43072915,0.42080176,0.4390977,0.4099267,0.40478903,0.41843396,0.42333806,0.42868775,0.4318626,0.42253464,0.42368126,0.39663672,0.41637325,0.42133194,0.42727625,0.41962278,0.4219172,0.43578213,0.43881798,0.41326433,0.42613298
0.41626945,0.42858326,0.41062748,0.39776385,0.39073664,0.4272378,0.42277968,0.40857637,0.4347803,0.4186865,0.43761092,0.4047593,0.41575378,0.40019858,0.409707,0.4147917,0.41706902,0.4081961,0.40894312,0.4287508,0.42612022,0.41294646,0.39466733,0.40128338,0.41724104,0.42471796,0.4095068,0.4031998,0.41383845,0.4203751,0.41034383,0.40605676,0.42642665,0.39630306,0.4273252,0.4091702,0.41251254,0.39738494,0.4017424,0.4190004,0.4144622,0.40978783,0.40580493,0.41587418,0.42744112,0.40211058,0.4161895,0.41979516,0.43848294,0.41698974,0.42819166,0.43430722,0.4284665,0.44338924,0.42511415,0.41755366,0.43484414,0.41584456,0.4282602,0.39941943,0.42835855,0.41339505,0.43815112,0.4197346,0.41773647,0.42311263,0.41540188,0.4255727,0.3912763,0.42079604,0.42083293,0.40663755,0.41629493,0.39912844,0.4298514,0.41558546,0.4302265,0.43052244,0.42395425,0.43530017,0.4093889,0.42029428,0.41195965,0.43139112,0.43523717,0.42671186,0.42719388,0.4037593,0.4066105,0.42024368,0.4136232,0.4127348,0.41973913,0.43344343,0.41282922,0.43486267,0.4293363,0.40489852,0.41463542,0.39692748,0.40400147
0.41678357,0.39019328,0.38140893,0.38640875,0.37516087,0.38697428,0.38079214,0.3687936,0.3983454,0.38515735,0.39074224,0.39497197,0.3811934,0.37539542,0.41340035,0.3840654,0.3754682,0.36148894,0.39954054,0.3910966,0.40833426,0.37153673,0.3931054,0.41572726,0.41543233,0.39018095,0.3915463,0.3707024,0.40194446,0.36660075,0.40232003,0.37909073,0.37643826,0.39002705,0.40689075,0.3997181,0.38453698,0.39083302,0.36923182,0.396518,0.39426637,0.4015544,0.39282054,0.38879246,0.3926317,0.36607343,0.40812284,0.3765359,0.39137876,0.40948176,0.38925833,0.39309782,0.382842,0.3878771,0.4039505,0.4011007,0.3778863,0.38795024,0.40333223,0.3833779,0.40504432,0.41528422,0.38574177,0.38983357,0.3861739,0.38491082,0.41549343,0.36365217,0.38706434,0.38834178,0.38303703,0.4026088,0.38262832,0.3806814,0.3831153,0.4016742,0.39092863,0.38929242,0.39689243,0.420879,0.40511882,0.42105323,0.36268872,0.37812775,0.37382895,0.37872118,0.39483702,0.38999563,0.37561613,0.42165297,0.41203153,0.3972181,0.3721891,0.39830416,0.40166032,0.39230376,0.40606934,0.38810027,0.36677068,0.3685544,0.36522073
0.41698685,0.4253145,0.4323632,0.40831357,0.39944994,0.40743327,0.4047094,0.4211601,0.39422673,0.4052108,0.404432,0.40900075,0.4232558,0.4015174,0.40914983,0.4417287,0.41093105,0.40099937,0.4089185,0.39443952,0.42086452,0.41658974,0.4072972,0.3907537,0.4172495,0.4160152,0.40463454,0.42326415,0.41112208,0.42330372,0.41946107,0.4218902,0.4166699,0.3966416,0.41717243,0.411852,0.40536624,0.39505935,0.39534986,0.43154097,0.4377058,0.40266883,0.41257554,0.43103528,0.4337725,0.42154473,0.41275072,0.4462692,0.42081326,0.4058255,0.41343617,0.40330243,0.39851242,0.41146803,0.3869002,0.40808785,0.4104349,0.40829313,0.40443265,0.41173607,0.4041385,0.4284764,0.41540748,0.4093548,0.40380776,0.41375738,0.417553,0.42580944,0.37581623,0.44065636,0.42641097,0.41232306,0.40064234,0.43250763,0.41351599,0.40312165,0.42913997,0.39313513,0.41723257,0.41415596,0.39756507,0.40196788,0.42374462,0.42992812,0.4230104,0.41405588,0.40375692,0.40969092,0.38767922,0.42438698,0.42817855,0.40055746,0.40384412,0.4089843,0.4053769,0.41897535,0.39846945,0.4142838,0.41149342,0.41518837,0.41260612
0.41710463,0.4448775,0.43889564,0.42406833,0.4419601,0.44776142,0.44187242,0.42871755,0.45401877,0.4307043,0.4462371,0.43923724,0.4326173,0.45830768,0.43967652,0.44887662,0.41740572,0.43771327,0.4423744,0.44557518,0.42383814,0.4176165,0.44148374,0.4509567,0.4451958,0.4273634,0.4349553,0.43837303,0.45388883,0.42030376,0.4476474,0.4299928,0.444269,0.4407177,0.43915236,0.4530381,0.44502246,0.44954723,0.42916614,0.41440183,0.41755164,0.42283255,0.42225742,0.42592138,0.44322705,0.4482513,0.46058577,0.4206177,0.43907267,0.44822484,0.43063706,0.42789888,0.46129596,0.4428699,0.44084376,0.4294883,0.4481166,0.44790244,0.4278096,0.4341455,0.42882395,0.45241165,0.44553298,0.43317264,0.42729777,0.44931817,0.42756265,0.4497252,0.43477607,0.42221504,0.45019525,0.43077064,0.44661015,0.42873275,0.432764,0.44050378,0.4308409,0.43565702,0.432427,0.45379436,0.41994864,0.42610514,0.44343615,0.45516568,0.43355012,0.43580455,0.4148535,0.42931765,0.43938285,0.44203728,0.42807722,0.43853748,0.4468599,0.43815595,0.4489743,0.43504137,0.43949902,0.4215278,0.437742,0.4429149,0.43930238
0.41741598,0.41050738,0.41939145,0.41291696,0.41259938,0.42561513,0.40606177,0.4203686,0.400455,0.42974353,0.42997187,0.40686512,0.40388805,0.44456518,0.4134608,0.41484696,0.4063623,0.3939777,0.4188643,0.42683524,0.43437988,0.40240812,0.40802646,0.42275816,0.40722275,0.42700088,0.3923806,0.443317,0.43415642,0.41023213,0.4399749,0.405878,0.4323094,0.41644257,0.40830022,0.41740644,0.4122153,0.42423594,0.42010087,0.40232617,0.4163447,0.40515637,0.4285326,0.4281308,0.41041648,0.4000548,0.4258358,0.41319156,0.4160537,0.4084283,0.40794832,0.42639142,0.42545587,0.41976005,0.4106806,0.42204905,0.41740525,0.40612024,0.4012515,0.41718364,0.4215213,0.41515458,0.4197259,0.3893181,0.3977601,0.42408907,0.38587785,0.38691634,0.4221725,0.42203474,0.41468912,0.40617138,0.428671,0.42304778,0.4008245,0.4429459,0.41613358,0.41710216,0.4135896,0.42042136,0.42620683,0.41951287,0.41846883,0.39913315,0.38280928,0.43269837,0.4569937,0.4137692,0.41085976,0.4243859,0.39328158,0.41065246,0.42084652,0.37833875,0.4174773,0.43574303,0.4322216,0.4170702,0.41312945,0.42429948,0.40959132
0.419168,0.41794443,0.45214975,0.41869038,0.424635,0.43837768,0.4480706,0.4186507,0.42021155,0.43000937,0.43855608,0.4449436,0.42238688,0.44121683,0.45746177,0.44687313,0.43021643,0.43517494,0.44458288,0.4467178,0.4118697,0.4355086,0.42838037,0.43807966,0.44402677,0.43113756,0.42658305,0.43134302,0.4487179,0.44432902,0.43732148,0.42747003,0.44133776,0.40582788,0.44058675,0.44607204,0.4601068,0.41395307,0.42950022,0.438743,0.44049937,0.43452632,0.44869775,0.4555223,0.4471348,0.443183,0.42120343,0.4234233,0.41302782,0.4413898,0.43044496,0.42896062,0.43922526,0.4376167,0.42826205,0.41278183,0.42987514,0.43834215,0.4391207,0.43052828,0.43509293,0.4269427,0.42208242,0.4296555,0.4175253,0.4351505,0.41912198,0.43673372,0.44268304,0.42939645,0.4436568,0.42977625,0.4210707,0.42402285,0.43698925,0.43207437,0.43290722,0.42519027,0.44095075,0.43057257,0.43755364,0.4231643,0.44214416,0.43987423,0.45411754,0.4231519,0.44499552,0.43735808,0.44152427,0.4045725,0.4293788,0.4259683,0.43326467,0.4126007,0.41370118,0.45199782,0.41518503,0.4284374,0.42942798,0.42034352,0.4308499
0.41965073,0.42262888,0.3999095,0.40562993,0.3927986,0.41114008,0.39354765,0.39863402,0.39763325,0.4072382,0.42057323,0.39551872,0.39880824,0.42319006,0.4174723,0.43262845,0.42549282,0.38705343,0.4074415,0.38859767,0.3905865,0.40018672,0.3998965,0.4089861,0.42738944,0.39216626,0.4260133,0.3925414,0.40909493,0.39475054,0.43042314,0.39772844,0.392676,0.39035308,0.3822896,0.40902436,0.39375067,0.3946886,0.40148646,0.37907314,0.39558047,0.416941,0.39979947,0.4057365,0.40349787,0.40083164,0.41143054,0.41091442,0.40287656,0.41896927,0.4086461,0.42976123,0.40582883,0.4016148,0.4130928,0.38144404,0.41932762,0.40151638,0.39832336,0.42025524,0.41600913,0.40343624,0.4137047,0.40935928,0.39773256,0.399893,0.3964222,0.43388844,0.39946026,0.42416823,0.4046244,0.4141373,0.39124048,0.4047017,0.391585,0.42202312,0.38363767,0.4134783,0.41283393,0.35672688,0.3858164,0.41366512,0.42908496,0.38881463,0.4040097,0.41054553,0.39033586,0.4152884,0.403309,0.37661588,0.42441,0.38426983,0.41648006,0.38831937,0.4112984,0.43763226,0.4009254,0.39022374,0.4279812,0.40883052,0.40181923
0.42129862,0.43598598,0.4370789,0.4148823,0.43340093,0.42627728,0.42256927,0.4266194,0.4122851,0.42840743,0.43578458,0.42341572,0.40153193,0.41878647,0.42032433,0.41084892,0.4258951,0.42793417,0.41256094,0.4157517,0.41041797,0.43795395,0.42212957,0.45005763,0.41902804,0.42029166,0.42435813,0.4231729,0.4270947,0.43636322,0.41464692,0.41799974,0.4117247,0.4363044,0.4044431,0.44150496,0.4213497,0.40834665,0.43399757,0.4259262,0.41854453,0.432859,0.4281628,0.4372046,0.42704433,0.4200778,0.42500383,0.4105429,0.41742456,0.43896872,0.42099458,0.43293315,0.4422443,0.43101192,0.41289592,0.4115116,0.42189264,0.41256106,0.43084633,0.43806207,0.4161027,0.44161528,0.43669373,0.43118483,0.42651486,0.42890447,0.42262542,0.40990752,0.42845017,0.42847311,0.4216442,0.39843202,0.41801167,0.41194755,0.41375357,0.42752665,0.42631996,0.43114865,0.4275788,0.42708993,0.43000752,0.41289616,0.40875942,0.4175412,0.42678142,0.4189554,0.42133158,0.43616366,0.42010444,0.40456223,0.4188767,0.433551,0.423939,0.42006713,0.43887746,0.43681264,0.40657836,0.4304949,0.40914696,0.4192152,0.40748823
0.42132965,0.39546597,0.37611043,0.3881591,0.39074433,0.40410846,0.41818476,0.39434332,0.40303326,0.3932293,0.3916437,0.40682054,0.40643322,0.40322793,0.38549167,0.4055258,0.3895756,0.39235258,0.39376765,0.38673484,0.39969325,0.39750832,0.39577818,0.39392924,0.41477674,0.4042846,0.4090823,0.3975281,0.37715572,0.37406105,0.37893832,0.38355815,0.40271342,0.37803382,0.39062208,0.42050093,0.39107305,0.37522817,0.38206655,0.41295695,0.4108711,0.42578775,0.40408653,0.4109345,0.39580566,0.39679027,0.40055072,0.39757282,0.40838933,0.418348,0.4081198,0.41715658,0.41901088,0.4135825,0.38453484,0.38860494,0.39591718,0.40081322,0.39187944,0.39065367,0.37015063,0.40311164,0.4011374,0.41263384,0.3944674,0.41084802,0.4122947,0.40536803,0.4029417,0.40887523,0.40468174,0.39789158,0.39046425,0.40603065,0.42316794,0.38033962,0.3925799,0.4054364,0.3898021,0.4026047,0.40198058,0.38084096,0.39692402,0.38933575,0.37137657,0.39875937,0.4121492,0.3924386,0.39636767,0.40564167,0.3966623,0.39177376,0.40171415,0.40459436,0.41220385,0.39430934,0.36618042,0.40883917,0.41419494,0.39610076,0.39786172
0.42185065,0.3969713,0.429352,0.44355994,0.42968088,0.42571694,0.44613987,0.4471568,0.41565633,0.4206617,0.44969845,0.43660134,0.4430822,0.4478637,0.44543278,0.44512743,0.4345432,0.41754264,0.4257232,0.45021695,0.42100406,0.41461384,0.4314432,0.43297046,0.4146402,0.45762503,0.4419412,0.4118557,0.44098544,0.41365218,0.42135203,0.4374851,0.41405725,0.42982674,0.46916723,0.44367456,0.44891703,0.44524342,0.40941072,0.42104566,0.44470608,0.43193448,0.443397,0.44552386,0.4045483,0.43410605,0.44014853,0.40760422,0.4244156,0.4473133,0.44617414,0.42141408,0.437325,0.4165337,0.435552,0.4414708,0.4227385,0.41728884,0.40738016,0.42186165,0.4310481,0.41212356,0.4274509,0.4371239,0.41588825,0.4471596,0.43364137,0.41946995,0.43571472,0.41738713,0.43494934,0.4421059,0.4285155,0.42724442,0.4187668,0.41680813,0.4398185,0.45425844,0.4306913,0.4110573,0.43553877,0.42447537,0.43436468,0.42412823,0.4146883,0.45200413,0.4233085,0.43667758,0.44071925,0.4273635,0.4311158,0.4272948,0.40782958,0.43086034,0.4393525,0.47427154,0.4327795,0.44712627,0.4560691,0.416053,0.40373176
0.4225736,0.44610155,0.41436768,0.42625386,0.4426672,0.4199378,0.44435334,0.43569708,0.44377643,0.44549668,0.42580867,0.44193113,0.43508017,0.42887926,0.42615402,0.44687957,0.43892002,0.4339832,0.44449937,0.42851973,0.42819494,0.42682636,0.44183898,0.4360608,0.4213994,0.42211467,0.41652125,0.44765186,0.4232487,0.4243735,0.4275871,0.42438263,0.42460197,0.4247719,0.43572336,0.44178241,0.43320233,0.4373011,0.41773665,0.4226743,0.41761345,0.44299644,0.42942274,0.42876732,0.4072191,0.4344293,0.42865074,0.42139363,0.4412266,0.4356445,0.44891465,0.4453473,0.42733705,0.43132234,0.41818106,0.4412126,0.44428742,0.42612183,0.40573,0.42798465,0.43470514,0.4422649,0.43644756,0.4361536,0.42589992,0.44180268,0.42510873,0.43073612,0.4430114,0.4301874,0.41726345,0.44253743,0.4318905,0.43351918,0.44050962,0.4483431,0.42404813,0.4446721,0.43053496,0.42563587,0.41751117,0.44524354,0.4016831,0.43782586,0.42137682,0.41805983,0.4227389,0.44246513,0.43069416,0.45365316,0.43115544,0.42604393,0.41894394,0.4347862,0.42812783,0.41846877,0.43066055,0.43696773,0.43754667,0.44636256,0.4304942
0.42300576,0.40980017,0.4373445,0.4428528,0.44859123,0.4635471,0.4547218,0.4416194,0.43901396,0.43176293,0.44246024,0.435556,0.43151426,0.4256786,0.44138658,0.45323515,0.4364714,0.46729606,0.4556296,0.4389143,0.44191742,0.44913024,0.43724775,0.43170238,0.44465446,0.44404948,0.4450826,0.4353478,0.426507,0.4531433,0.44759375,0.42021924,0.42421937,0.4423644,0.46118397,0.43173754,0.44662786,0.43290716,0.42369777,0.44486922,0.44038016,0.4613368,0.42940181,0.43009585,0.4474151,0.44552928,0.43757945,0.42127693,0.4548629,0.41934246,0.45955187,0.43955934,0.43859136,0.44615674,0.45019108,0.43624443,0.43959308,0.44370097,0.43074632,0.4344257,0.44857192,0.4437068,0.45549697,0.43231237,0.4390577,0.44834495,0.43589437,0.43561494,0.44346726,0.43536532,0.44463247,0.43019414,0.45688397,0.46034855,0.44626057,0.44696015,0.4249947,0.44387382,0.4380194,0.43893254,0.41608733,0.4318915,0.43874246,0.4366905,0.44416016,0.4660176,0.437227,0.4540695,0.4514547,0.43078554,0.41724217,0.43195343,0.44333142,0.44155097,0.4447685,0.44148278,0.4429369,0.4450395,0.44751197,0.45413077,0.42182785
0.4235825,0.41856313,0.41291422,0.41000527,0.4257791,0.4108597,0.39109987,0.41573614,0.40711284,0.41542083,0.39016342,0.4272747,0.41072893,0.41062546,0.39886987,0.43087184,0.40008032,0.4406532,0.3953461,0.3973772,0.43164366,0.43320727,0.4220206,0.39890963,0.40753746,0.41309422,0.40801316,0.41643894,0.41939527,0.3961147,0.421889,0.38785177,0.4018727,0.4059732,0.42297935,0.4238782,0.4005227,0.40787816,0.4130718,0.42071003,0.4217363,0.4222073,0.4163323,0.41496533,0.41466612,0.4195509,0.40411735,0.40750623,0.40837497,0.43254107,0.40622473,0.41962272,0.4247439,0.4088658,0.38891304,0.39359784,0.41556895,0.40011597,0.41537505,0.4146856,0.4003579,0.39693946,0.4095106,0.41089404,0.43261814,0.4182068,0.414033,0.42189223,0.43539947,0.4228022,0.41470963,0.40657687,0.42658943,0.42128754,0.4213124,0.39723873,0.42196703,0.40040946,0.39663368,0.40063405,0.40731055,0.4123305,0.44554442,0.40813315,0.42893207,0.4135508,0.41666043,0.40074492,0.4044274,0.41086084,0.39957637,0.42853546,0.42686146,0.41555876,0.4244498,0.41886872,0.40795624,0.42379493,0.41219652,0.40486628,0.41829556
0.42360026,0.42739272,0.45045656,0.40662062,0.45125943,0.4300874,0.430358,0.4273774,0.4408391,0.41092372,0.4350692,0.43012846,0.41464144,0.4411192,0.43985456,0.42175156,0.40939486,0.41605502,0.41330922,0.42808384,0.42919815,0.42235368,0.4403491,0.4261731,0.43793356,0.41108942,0.45653522,0.42374927,0.4337201,0.43667603,0.42442703,0.43623418,0.41861618,0.4305179,0.43679982,0.43592608,0.44141495,0.4395362,0.42077982,0.4163406,0.40685195,0.43422103,0.43665755,0.4245866,0.4121284,0.43761456,0.4396457,0.43873477,0.42499006,0.44876492,0.42810947,0.41641337,0.454189,0.44034004,0.43847245,0.44330937,0.4260311,0.4195249,0.43694115,0.43864888,0.4287992,0.4133036,0.4432025,0.4384488,0.44282818,0.4043684,0.43262762,0.42274576,0.44437623,0.42199898,0.4545163,0.43392682,0.43208826,0.44373375,0.4348923,0.4359557,0.42872602,0.418548,0.44052678,0.4511305,0.41321087,0.42805725,0.44451916,0.43400687,0.42047137,0.44110858,0.43136483,0.4432966,0.43259043,0.42022204,0.41297376,0.4465344,0.44392812,0.42916888,0.445073,0.4464761,0.44979107,0.4414363,0.4377669,0.4459328,0.41806173
0.42375955,0.4212848,0.4245754,0.4249872,0.42515022,0.42479438,0.43379146,0.4368627,0.43371272,0.42258042,0.43971997,0.42579728,0.42088675,0.400935,0.41523296,0.45178133,0.42087275,0.4381776,0.42786956,0.40519345,0.42247766,0.42446345,0.42420727,0.40984768,0.44703877,0.43144816,0.42073148,0.40983564,0.4180894,0.4035064,0.41466457,0.43394452,0.41208076,0.41232145,0.43790877,0.42329347,0.40248662,0.4543962,0.41730648,0.42284745,0.41598165,0.40854824,0.4259603,0.4053868,0.42786902,0.4251595,0.4122591,0.41972882,0.41702205,0.43180716,0.4282884,0.42304754,0.41423166,0.42850816,0.42276686,0.4052546,0.3951645,0.42789102,0.43221128,0.4057117,0.41283488,0.42584777,0.43422133,0.4212805,0.42343426,0.39333004,0.41601133,0.45394403,0.43280894,0.438098,0.41766948,0.42037225,0.42939782,0.3997025,0.42658675,0.40665287,0.380987,0.410007,0.42670023,0.4055183,0.4196236,0.42172182,0.4086777,0.4246362,0.41877854,0.421857,0.398862,0.44213384,0.3892604,0.4245112,0.40570664,0.41037095,0.4347971,0.431329,0.4038365,0.4204411,0.4335711,0.43972182,0.41559166,0.4178089,0.42146653
0.423993,0.44260758,0.44556034,0.42815906,0.43009073,0.41388243,0.44228393,0.42738158,0.44576377,0.42240065,0.43550295,0.4314534,0.43003184,0.4157946,0.4142869,0.42239177,0.42667168,0.4281386,0.44293952,0.41687167,0.4340648,0.41141087,0.42344266,0.42624122,0.4374087,0.4154228,0.43151182,0.44301546,0.43106717,0.422131,0.43235332,0.44634712,0.42063928,0.42090756,0.4383368,0.42805558,0.4158396,0.43408597,0.42737913,0.4345894,0.4169696,0.42051142,0.41455328,0.41967177,0.4435913,0.42808247,0.4220189,0.423114,0.42839265,0.41763753,0.423958,0.43822533,0.4298184,0.43278146,0.4343208,0.42021972,0.41427517,0.4410591,0.41826856,0.42529482,0.42531872,0.42986315,0.43224967,0.43217677,0.43642676,0.42292958,0.41219032,0.44144547,0.44262266,0.43136066,0.42035943,0.44721842,0.41697973,0.42959958,0.4238448,0.42972833,0.4018423,0.44008428,0.4132493,0.42950696,0.4232512,0.4284582,0.4219206,0.41796666,0.4273041,0.42468846,0.4306013,0.4634514,0.43703657,0.4281708,0.44036895,0.42450052,0.41668636,0.43092203,0.4319585,0.4149701,0.44181532,0.42064518,0.43445385,0.4118274,0.4440648
0.42460695,0.40588903,0.3631161,0.3973006,0.3995329,0.38636112,0.3799901,0.36907476,0.40280294,0.39413315,0.3868919,0.405872,0.3859132,0.41017622,0.38708466,0.40195417,0.381392,0.3673693,0.40277195,0.39798725,0.3901025,0.41044652,0.39246964,0.40355384,0.3821392,0.4020304,0.4155621,0.39772522,0.40322948,0.390289,0.39927036,0.37881917,0.3834653,0.40153116,0.395765,0.42072874,0.37143397,0.37917173,0.40521085,0.40400708,0.39671087,0.40473503,0.3977062,0.39575726,0.37562943,0.37967426,0.3966226,0.39821875,0.38367772,0.3939196,0.41996187,0.40107024,0.41390568,0.4025675,0.3849839,0.3829738,0.38977766,0.39682013,0.39102226,0.4001726,0.39573044,0.39500237,0.37781805,0.40164667,0.36954176,0.39130098,0.3857984,0.37933707,0.40720046,0.39331686,0.4145347,0.39665973,0.3705784,0.37468684,0.3873924,0.40303826,0.3924718,0.4006269,0.39363515,0.41409504,0.40609205,0.39077854,0.40629303,0.38801032,0.3767069,0.4079337,0.3722815,0.40324318,0.37559068,0.38376868,0.39540488,0.4090687,0.4000991,0.40462977,0.40542662,0.39867127,0.4145733,0.37561518,0.41348243,0.39438796,0.38632262
0.4247113,0.39773846,0.4225505,0.41579843,0.39362764,0.3907001,0.41074997,0.40015757,0.38819212,0.40045494,0.4068368,0.39200354,0.40069795,0.4018346,0.40877944,0.38465166,0.41036522,0.388219,0.3878805,0.3957402,0.40014905,0.38850147,0.37687582,0.38301784,0.41580367,0.4111712,0.38966554,0.39027673,0.37235403,0.40424877,0.40853024,0.3961481,0.37903637,0.41242105,0.39808506,0.38416594,0.4277531,0.40078688,0.43438232,0.40303975,0.42031503,0.38546938,0.37585074,0.40057397,0.40988028,0.3776095,0.37925202,0.43164062,0.39869243,0.40597177,0.41007876,0.40146446,0.40433466,0.40500486,0.39606333,0.381939,0.3994378,0.4042136,0.4086238,0.3816086,0.37455386,0.39946562,0.38709593,0.41423154,0.40763503,0.36551237,0.40184718,0.38839352,0.3936391,0.39315128,0.41333592,0.37893254,0.39408284,0.38710672,0.41115505,0.3960688,0.39252037,0.39070112,0.40273595,0.41489214,0.3893963,0.3716386,0.3957076,0.38446575,0.42917418,0.36728972,0.3736484,0.40534943,0.36102486,0.3886662,0.37817776,0.39197415,0.40005404,0.38252145,0.40156496,0.39803147,0.3940556,0.39785963,0.40787452,0.413935,0.40014672
0.42533538,0.41295576,0.40010923,0.4162317,0.41935128,0.42334324,0.40522325,0.40643376,0.39352995,0.42035335,0.3985932,0.4342698,0.4174282,0.41904682,0.41632164,0.40531898,0.43208736,0.4107386,0.41203296,0.41984427,0.4315263,0.4236037,0.40706336,0.42611158,0.41463548,0.4278009,0.41698724,0.4314754,0.41189384,0.4245351,0.4223395,0.40991992,0.39951634,0.44316256,0.4187926,0.4451592,0.43556273,0.4085064,0.4256757,0.4254688,0.4200694,0.404701,0.43394625,0.41985875,0.4088475,0.42229718,0.41209614,0.4187886,0.40528977,0.42140222,0.4281301,0.41060752,0.41497165,0.4331674,0.4252692,0.40266603,0.42216945,0.4162389,0.43383783,0.41503632,0.42553997,0.4188239,0.4239964,0.40838182,0.41087598,0.41071177,0.43123692,0.4037887,0.41321814,0.3849104,0.42022133,0.41033506,0.41731316,0.43338007,0.41661966,0.412542,0.41178942,0.4098472,0.4192037,0.41859585,0.41155428,0.41823167,0.4378987,0.40784597,0.423052,0.42073762,0.4128676,0.40590632,0.41467088,0.3972715,0.3870877,0.43735886,0.40697902,0.4570371,0.417109,0.4226389,0.40268677,0.41926664,0.42646188,0.4276839,0.42996424
0.4260359,0.41860086,0.41871476,0.41046607,0.41254014,0.40970463,0.43653613,0.41748703,0.4352451,0.4119805,0.40337318,0.4271266,0.4371909,0.40239936,0.4193374,0.436929,0.41306478,0.42246693,0.42765576,0.44018334,0.42549968,0.4191597,0.4336391,0.43286145,0.43299478,0.42033678,0.41454178,0.43532312,0.39991945,0.43270242,0.42673522,0.44054627,0.41884255,0.43679482,0.4242667,0.41604275,0.435,0.4333852,0.412952,0.40265274,0.43628287,0.40137953,0.4066273,0.41574848,0.41067022,0.41119683,0.41774744,0.42795366,0.41019642,0.41624236,0.42349213,0.41890162,0.41314536,0.4202193,0.42404115,0.424339,0.4025271,0.42927003,0.4426474,0.41987282,0.41452658,0.43849307,0.42549926,0.41131622,0.41976535,0.41823053,0.43153715,0.41470343,0.43253726,0.4337181,0.40774143,0.40256506,0.4538871,0.4127642,0.4298303,0.4356401,0.4234051,0.40814823,0.4149288,0.41132528,0.41991442,0.41143757,0.43045986,0.4282002,0.39812398,0.41031468,0.45361108,0.41910785,0.42005014,0.42511106,0.4178157,0.4234268,0.43561924,0.44029295,0.4304871,0.4277104,0.42639285,0.45207423,0.41523415,0.44357133,0.40410852
0.42638287,0.4298436,0.4169718,0.42187595,0.41986823,0.44332433,0.4131794,0.42073882,0.44732338,0.43330526,0.442232,0.42532128,0.43040198,0.4375348,0.43816423,0.42065537,0.42000014,0.4121148,0.40440083,0.43835384,0.41702557,0.42979747,0.40438145,0.4313413,0.43033206,0.4368314,0.4113487,0.4311117,0.41153222,0.43469918,0.40950435,0.40785927,0.42032826,0.41595924,0.44726032,0.4176038,0.45271152,0.43237817,0.46745157,0.4462251,0.45078844,0.44566816,0.42049217,0.40521407,0.43403625,0.45951724,0.41221482,0.45995665,0.43633872,0.42978442,0.44089752,0.41932446,0.4355172,0.41717017,0.4271288,0.42793804,0.4105816,0.4382751,0.43346715,0.403225,0.4349981,0.45687777,0.3949942,0.44655687,0.43979108,0.4339341,0.42377722,0.416925,0.43628705,0.44037348,0.40711313,0.42510265,0.4237271,0.43380946,0.42979282,0.4303971,0.42192918,0.42413568,0.4285969,0.43974483,0.44015068,0.44764936,0.4417016,0.42054218,0.42402792,0.42545116,0.43616986,0.4295838,0.42532432,0.43376118,0.42285573,0.4202599,0.4282319,0.42908728,0.43869656,0.41708022,0.43651342,0.4554304,0.42328155,0.419519,0.43501222
0.4266586,0.42072576,0.4383543,0.43104786,0.43360156,0.4381659,0.39765418,0.4144259,0.41879952,0.4156797,0.40685517,0.41154003,0.4011923,0.41561514,0.38451976,0.39607024,0.3980714,0.3990187,0.42221183,0.44333637,0.4244442,0.42929602,0.40785515,0.41330916,0.42353076,0.42387164,0.42302465,0.41020685,0.4157347,0.43191135,0.41752034,0.39568406,0.40962297,0.4283561,0.44046974,0.42825115,0.41009706,0.4164363,0.4195636,0.4181347,0.40544045,0.4167111,0.4039231,0.4077164,0.41492474,0.43421322,0.43209642,0.41499645,0.4154731,0.40649015,0.423544,0.42129916,0.39783692,0.42354143,0.42932564,0.4236235,0.42143303,0.4259988,0.4261573,0.43707573,0.43504894,0.42702323,0.40980965,0.409935,0.4362557,0.4252463,0.42278254,0.40909386,0.43198985,0.42203176,0.41737103,0.42110133,0.40406573,0.41959685,0.40222836,0.40505195,0.40576273,0.39889306,0.4128133,0.43180895,0.42334783,0.41922176,0.41035026,0.40061426,0.43504,0.41443312,0.42377377,0.40289927,0.41840506,0.4156742,0.4465363,0.4250368,0.41198373,0.39902425,0.4025727,0.4228688,0.39545053,0.41576004,0.41505408,0.41551548,0.39302784
0.42720476,0.41640216,0.41244137,0.41612762,0.40416384,0.4198327,0.41150397,0.4139418,0.38362134,0.41948706,0.4177053,0.42710245,0.4107828,0.42711926,0.4390307,0.40818095,0.39335757,0.42714053,0.41730618,0.41356224,0.42375505,0.3906083,0.41665703,0.42007536,0.40404195,0.42778587,0.40565026,0.3995015,0.40345645,0.399352,0.38209796,0.40390855,0.40978462,0.40938085,0.4284736,0.39758337,0.41099405,0.41693532,0.40413016,0.44529945,0.43541348,0.40992415,0.41875434,0.41650653,0.41703093,0.39062876,0.38100082,0.44716966,0.4160614,0.42107582,0.3961537,0.420294,0.41585666,0.40689588,0.41696852,0.408647,0.4126106,0.40566558,0.40769774,0.42272544,0.41256624,0.4039455,0.43323588,0.40492427,0.41272962,0.41380668,0.40560144,0.41171324,0.42170596,0.4194848,0.4231301,0.40734547,0.41406918,0.4070304,0.4443404,0.4139036,0.40807498,0.40240872,0.3942541,0.42163777,0.42160177,0.42613846,0.39847744,0.42186898,0.40897048,0.42451376,0.38814127,0.40465134,0.40804756,0.41659337,0.4143709,0.43174106,0.3944661,0.4026649,0.42114967,0.40944767,0.41742706,0.40623945,0.40129787,0.42587972,0.41040182
0.42758417,0.3998989,0.41202712,0.41729426,0.40770316,0.43949306,0.40937907,0.42162597,0.41342676,0.4277156,0.39802384,0.42828095,0.4191144,0.4318539,0.42603797,0.40611637,0.39838278,0.42141765,0.4153434,0.42018676,0.4276802,0.4184947,0.42327714,0.40572464,0.43066293,0.41116196,0.41162163,0.41114867,0.41864675,0.4371186,0.42250907,0.3908146,0.41989082,0.39836204,0.41545618,0.42141694,0.45353973,0.43591493,0.4228692,0.40470994,0.42011786,0.41643393,0.40886515,0.43300247,0.44010198,0.43330348,0.42148632,0.40123343,0.41432852,0.40960872,0.41402888,0.40356117,0.4075752,0.42551935,0.42548943,0.4277832,0.40398395,0.41287547,0.41483253,0.43338758,0.41262418,0.42149514,0.4258985,0.42231965,0.4066562,0.43949145,0.3999129,0.43976504,0.4047234,0.42619443,0.42305565,0.42472827,0.42796648,0.42090875,0.4269275,0.4230401,0.41109365,0.42919225,0.4249351,0.41156846,0.3914829,0.4016679,0.41998821,0.41643256,0.42602986,0.42558175,0.39034605,0.41443068,0.43095684,0.41255862,0.43024176,0.41152984,0.40092474,0.4318869,0.40405017,0.41534507,0.39876938,0.41167802,0.4014547,0.4133355,0.4252671
0.42803133,0.4190938,0.40188187,0.43061465,0.43902892,0.42233407,0.43687212,0.44373578,0.43500447,0.42274857,0.44449186,0.4241293,0.43163347,0.422598,0.42184293,0.4456333,0.41884023,0.43480593,0.44943267,0.42623496,0.44032067,0.43231606,0.4320888,0.43988538,0.453959,0.42449498,0.43729162,0.41307813,0.40860683,0.4177878,0.43755484,0.41628438,0.42943424,0.42117524,0.42846328,0.4268716,0.41472834,0.43149972,0.44700503,0.44919026,0.41625446,0.4183218,0.41057062,0.4372869,0.43669462,0.43148947,0.42475682,0.42337203,0.44765085,0.4414243,0.4181912,0.45215225,0.44334227,0.44901657,0.40971172,0.4468881,0.43171126,0.4342262,0.42782456,0.4267637,0.44113356,0.4384886,0.4249308,0.414918,0.447841,0.42725086,0.43030322,0.4270165,0.41822308,0.4401741,0.4398703,0.44945836,0.42585206,0.42907333,0.41869706,0.42886257,0.439807,0.4105134,0.43679798,0.43893874,0.4330057,0.4348157,0.42379624,0.4148385,0.42561424,0.43168747,0.42955303,0.4425649,0.44603395,0.4320075,0.43381578,0.42293626,0.44315797,0.4373746,0.44096708,0.41946232,0.41932362,0.4416535,0.4458406,0.45406497,0.45024234
0.428243,0.44024044,0.44381243,0.42049962,0.4249314,0.41245067,0.41226965,0.4179569,0.4237554,0.43432093,0.39620894,0.41184998,0.4173211,0.4428138,0.39929187,0.42346078,0.42102867,0.3906086,0.39789218,0.43385738,0.42629564,0.41127807,0.3997265,0.42657077,0.444718,0.41168237,0.43821126,0.41717547,0.42151242,0.42531985,0.41910303,0.42645133,0.41348737,0.4134521,0.40902418,0.4370675,0.4423234,0.42405295,0.40967774,0.43038774,0.415304,0.43177652,0.45794302,0.43637794,0.432343,0.4333008,0.44340348,0.43309432,0.41510892,0.43041164,0.41917133,0.42558366,0.43221915,0.41578847,0.4238013,0.44170475,0.43215537,0.40453708,0.43779057,0.41887873,0.4115711,0.42151123,0.4196766,0.40240508,0.42696416,0.4373374,0.4322216,0.42060024,0.42076433,0.4210379,0.41171205,0.42229438,0.43040496,0.44277245,0.4067638,0.41980183,0.4435094,0.43581915,0.4094696,0.41318107,0.41839325,0.42431003,0.40997,0.430246,0.42946357,0.43507499,0.42457867,0.42774838,0.4217779,0.41097063,0.4313863,0.43274426,0.43374252,0.41983014,0.41541857,0.41547644,0.41082323,0.4267527,0.43076515,0.4282182,0.41905898
0.43032017,0.4484945,0.46535224,0.43094218,0.4444031,0.4364975,0.44194865,0.42826086,0.4166504,0.4278717,0.44123912,0.4557041,0.44136035,0.4298473,0.44425285,0.45263398,0.43441534,0.46279788,0.4519565,0.443277,0.4286273,0.44574004,0.44404465,0.44109863,0.4230548,0.4430216,0.4534455,0.44806325,0.4389223,0.44250923,0.4363795,0.4392932,0.4225183,0.44186723,0.44451106,0.46724784,0.44335377,0.43895417,0.43310428,0.44743413,0.43896198,0.4321658,0.44011378,0.43270886,0.45056516,0.44798732,0.42719817,0.42689478,0.44212103,0.40334016,0.43770522,0.44903338,0.42919093,0.42037737,0.43845868,0.43558687,0.4438449,0.43114823,0.45658535,0.42117554,0.42308605,0.4266675,0.45659518,0.44689822,0.42481512,0.45191455,0.443478,0.4252209,0.4480915,0.43013966,0.43112534,0.44384408,0.43073535,0.45699525,0.44342214,0.44041842,0.4181999,0.43139583,0.43675286,0.4230206,0.4327702,0.43522763,0.4406082,0.42005938,0.42879152,0.44784373,0.42842114,0.4279346,0.43537778,0.43639994,0.42818516,0.44147915,0.438375,0.44808608,0.43740207,0.45299315,0.42977685,0.42745322,0.4207763,0.43527025,0.45700246
0.43050858,0.42678344,0.40495986,0.41554964,0.39462626,0.4043631,0.43726426,0.39926213,0.39718902,0.43089938,0.42256618,0.43539166,0.41051596,0.43290204,0.42791224,0.40760422,0.43769634,0.42684668,0.43214554,0.41678542,0.42317754,0.4251914,0.41139263,0.44060338,0.40584534,0.4356178,0.42453682,0.4500237,0.40206778,0.43883198,0.41682643,0.4433729,0.4090308,0.415255,0.41589916,0.42257667,0.42946804,0.4418348,0.41362107,0.43036014,0.42206848,0.41223872,0.41438353,0.40529728,0.42322338,0.4084779,0.4284659,0.4331671,0.43326712,0.43561924,0.41340065,0.4301225,0.41705453,0.4274968,0.40497053,0.42643404,0.4328844,0.4207133,0.42308027,0.43352675,0.4262128,0.4224661,0.4122492,0.41812283,0.4108858,0.4144855,0.431804,0.42255402,0.4033668,0.40945315,0.4135173,0.41452616,0.45564753,0.42803687,0.41713274,0.42045975,0.41101038,0.39319092,0.43140745,0.43334252,0.4356388,0.414065,0.38672686,0.42367524,0.42278922,0.41845888,0.41804284,0.4195963,0.43491793,0.4200896,0.41575676,0.4157253,0.4171911,0.41077846,0.40737015,0.40978402,0.43972558,0.43379354,0.41179276,0.41540265,0.41477615
0.43137783,0.4532591,0.42057925,0.45071924,0.42231083,0.4355755,0.43222958,0.46176612,0.43546385,0.4397868,0.43808532,0.4228081,0.44552803,0.4401772,0.43727893,0.42989135,0.4597537,0.44890618,0.43809998,0.4496497,0.44433886,0.4356584,0.44904196,0.46463585,0.43099213,0.41660517,0.43946695,0.42205536,0.41879642,0.43043357,0.44494545,0.4326641,0.4573562,0.4493469,0.4298994,0.44461387,0.42914152,0.43128675,0.42030948,0.4260245,0.44724935,0.43989664,0.43670654,0.43555588,0.44158864,0.42895818,0.44505286,0.44423014,0.45792353,0.4443971,0.4453749,0.4450162,0.46014595,0.40248847,0.43841588,0.43659598,0.4485653,0.44232398,0.43220025,0.44143337,0.45198572,0.45831275,0.43389106,0.4483087,0.43463916,0.4539529,0.41481334,0.4478904,0.44356292,0.4285611,0.43953723,0.43817377,0.4371494,0.4540589,0.45803535,0.43334335,0.4164496,0.43029773,0.43902296,0.4503687,0.45341688,0.43063533,0.44258803,0.4373598,0.42230737,0.43263322,0.44507766,0.44513512,0.42944866,0.4363144,0.4382134,0.44254428,0.43306893,0.43930387,0.44685018,0.42697227,0.44945878,0.4529317,0.45724523,0.43129516,0.45250422
0.43144733,0.40444446,0.38977832,0.4117034,0.40140998,0.4115618,0.42456174,0.40197325,0.43144953,0.4153177,0.40913743,0.40386784,0.4172821,0.4350869,0.41698223,0.4331777,0.38631958,0.41993088,0.422472,0.42004532,0.4346624,0.3814547,0.40811098,0.4030078,0.41527665,0.40799212,0.406267,0.4081908,0.41766757,0.4258836,0.4330181,0.42001736,0.41076213,0.39723587,0.40375012,0.41876543,0.40327603,0.43468863,0.41444921,0.4100809,0.41282386,0.4147191,0.42511427,0.37907606,0.40892643,0.4057929,0.4116416,0.4099326,0.4001534,0.44029206,0.40351945,0.4117,0.42678726,0.4280132,0.42384684,0.40069032,0.38638073,0.41005808,0.40563303,0.41544217,0.40801233,0.40617573,0.4117828,0.43122542,0.41688073,0.41689855,0.40999675,0.41385233,0.41889226,0.427333,0.41569525,0.40922982,0.3909781,0.41055292,0.4473582,0.42334306,0.39670748,0.42430604,0.41012913,0.43630302,0.40236628,0.4094019,0.40672415,0.3923725,0.41688848,0.42414612,0.38045508,0.39999354,0.4228493,0.38696384,0.4113484,0.42557985,0.40969414,0.4050712,0.4235342,0.43152237,0.41993725,0.4213667,0.42895633,0.41298014,0.42638522
0.43162075,0.44404602,0.45295495,0.45175642,0.44171888,0.4399721,0.45943904,0.4572875,0.43822044,0.43773425,0.44989014,0.45371723,0.44146293,0.45659202,0.43735355,0.44399273,0.4404351,0.4352371,0.45570135,0.4678777,0.4352792,0.42706686,0.44546783,0.4240141,0.45224613,0.45387948,0.44976288,0.45459592,0.4356116,0.4371832,0.4290247,0.45822585,0.4632088,0.44979548,0.43343627,0.4614945,0.460921,0.4373656,0.43282402,0.43413514,0.4315313,0.46363837,0.4323172,0.4483481,0.4441831,0.44147068,0.45650524,0.4464358,0.44845426,0.43225592,0.44169015,0.45744717,0.44023055,0.44962394,0.4557755,0.4479081,0.44653523,0.45791048,0.44155335,0.4556057,0.45165646,0.45391768,0.45233822,0.4531207,0.44725454,0.43704915,0.46134573,0.44115776,0.44616938,0.45373148,0.43064588,0.43659347,0.44512165,0.44595504,0.45678377,0.42831105,0.43923318,0.43699098,0.45547903,0.4467401,0.42989224,0.4576344,0.4682408,0.45976943,0.45598602,0.44883567,0.46623164,0.45519286,0.45174694,0.45338732,0.4425106,0.4508686,0.4559847,0.44806343,0.43118572,0.45538092,0.42369902,0.44254625,0.44069135,0.43588543,0.43704516
0.4319168,0.42299622,0.42982703,0.41913635,0.43063778,0.41307533,0.43283916,0.42099518,0.4295168,0.43363845,0.41964608,0.41830206,0.42121774,0.43285418,0.41723818,0.43077052,0.4190057,0.42412686,0.41812634,0.41276515,0.41408622,0.42550045,0.42703158,0.41365868,0.41205513,0.399467,0.4250605,0.43430144,0.4249711,0.4352039,0.42512894,0.43133408,0.43887383,0.4141376,0.3999797,0.4404807,0.41157883,0.4167189,0.42467988,0.4141723,0.42219555,0.40652227,0.4170184,0.42360038,0.41670978,0.439461,0.41914302,0.424586,0.41886437,0.4239455,0.42560208,0.43092757,0.4115919,0.41159046,0.4294054,0.42163467,0.41356337,0.40418452,0.42670363,0.40431976,0.43424517,0.42707467,0.42800814,0.4145987,0.42351186,0.42941934,0.42771745,0.38901567,0.41119677,0.41177768,0.41512346,0.41528744,0.41346544,0.4124928,0.42161822,0.40982717,0.39761877,0.4183907,0.4262578,0.42518973,0.42711842,0.4371673,0.43939263,0.43433195,0.42853993,0.39908534,0.40568167,0.41528356,0.41677094,0.42831147,0.42398655,0.40276223,0.40139294,0.4283204,0.45057404,0.41066927,0.41286618,0.44398636,0.40941185,0.40317857,0.42191666
0.4321243,0.41256958,0.42111576,0.42560166,0.39254415,0.4035918,0.39078194,0.43560553,0.42417556,0.44032216,0.42108476,0.41725212,0.404181,0.4017049,0.41145128,0.40825784,0.41501004,0.4340102,0.39685547,0.4209863,0.42509186,0.42915934,0.4244991,0.4135536,0.41882265,0.4169805,0.4217692,0.4066397,0.40385193,0.4150443,0.42172533,0.39793473,0.42769885,0.41291946,0.41526598,0.4062047,0.41061926,0.40102822,0.43041313,0.41062582,0.4224772,0.42273778,0.41567516,0.39747304,0.44333112,0.40601408,0.4241848,0.4118796,0.4199276,0.4207688,0.4168173,0.41782856,0.3915869,0.39518583,0.42930603,0.42707902,0.42050445,0.4257623,0.40392894,0.43594134,0.42248237,0.41286868,0.42290968,0.42346072,0.41380787,0.40841925,0.42234242,0.4075172,0.40850562,0.43448484,0.4315834,0.39553106,0.4260918,0.42707384,0.4411083,0.4142813,0.4217885,0.4036076,0.41471422,0.39649653,0.4130805,0.43048722,0.42024982,0.41291988,0.3963589,0.39796823,0.4010399,0.3957029,0.4272471,0.4233572,0.39929992,0.40996915,0.41252732,0.4349231,0.416394,0.43343234,0.42045534,0.41289836,0.42904556,0.3975904,0.40578324
0.43334594,0.43100214,0.47594643,0.4604411,0.45296973,0.4657129,0.44796115,0.45855933,0.45176035,0.44987762,0.4392113,0.44951326,0.47245735,0.45624948,0.46633714,0.44807798,0.45394164,0.45053905,0.44967085,0.4534434,0.478092,0.468935,0.47528708,0.4371838,0.4569558,0.46196175,0.47151816,0.4333732,0.455285,0.4625703,0.4593658,0.44846833,0.46241605,0.45198727,0.4611044,0.45200598,0.44299567,0.43583536,0.47363234,0.4549362,0.44110274,0.44595742,0.4721136,0.44209653,0.46229005,0.46682727,0.4521414,0.43344605,0.4526698,0.43822032,0.44777435,0.47915846,0.45763248,0.45409018,0.45552498,0.46838552,0.46930838,0.45026642,0.45059192,0.452492,0.4451223,0.45467728,0.4420684,0.4404981,0.43229616,0.45224535,0.44394106,0.45263207,0.45618355,0.4640246,0.4595886,0.45537728,0.46134466,0.45725828,0.46259803,0.46725994,0.44760484,0.46329433,0.45612133,0.4635126,0.46172738,0.44296294,0.44554085,0.44895792,0.45139337,0.46779412,0.4434691,0.4502222,0.45669335,0.45364666,0.42415726,0.43825316,0.4375093,0.45769137,0.45629317,0.44513434,0.4415862,0.4424985,0.449243,0.44940257,0.44249547
0.43404445,0.43483847,0.43921137,0.46957386,0.42873335,0.43834758,0.41827106,0.426642,0.42436248,0.44591647,0.427369,0.43902427,0.4348843,0.4341696,0.44366318,0.45480222,0.4284495,0.4342084,0.434559,0.42972016,0.44486243,0.43314087,0.43265057,0.4191103,0.42909956,0.4201014,0.42746663,0.45964086,0.44437188,0.4066316,0.44264334,0.43634242,0.44366682,0.4263903,0.42175055,0.43745804,0.44752836,0.44031173,0.40933,0.4465168,0.43199545,0.4156463,0.4419126,0.4385292,0.43391514,0.43375367,0.42066097,0.4356606,0.440336,0.4264477,0.43248606,0.43146056,0.42939246,0.4484681,0.44062746,0.43053085,0.44508648,0.42982537,0.42907047,0.41166514,0.4300052,0.40225267,0.45567805,0.4211967,0.41560364,0.46535903,0.42834264,0.41300774,0.42576826,0.42335546,0.41677666,0.41472077,0.45131832,0.40841562,0.43669695,0.44345313,0.43645358,0.4369583,0.42788082,0.41754436,0.42557824,0.42955232,0.4282866,0.44343913,0.42933434,0.43165272,0.44002646,0.4154209,0.42376697,0.43886548,0.43789053,0.4301924,0.45437652,0.42294014,0.44366622,0.4366929,0.43899965,0.43234146,0.44705445,0.4236716,0.42215776
0.4347028,0.45310503,0.46627712,0.46021777,0.4559583,0.449821,0.4510041,0.4563831,0.43881464,0.45884097,0.44198638,0.46435922,0.4464013,0.45997816,0.44780904,0.458255,0.4512282,0.4671374,0.48032415,0.4486487,0.45152712,0.45516628,0.45759958,0.47111583,0.45179588,0.44493848,0.45817786,0.48949814,0.48194462,0.44089627,0.4557644,0.4800744,0.4543702,0.45985168,0.4550143,0.46182644,0.460343,0.45695853,0.47151417,0.4668339,0.4504406,0.4706716,0.45107448,0.44011998,0.4515571,0.45604485,0.47056127,0.44719332,0.45296854,0.4594798,0.46596706,0.46312505,0.45848286,0.46293217,0.45492703,0.46409625,0.45311397,0.4506716,0.45262212,0.44808733,0.456124,0.45930976,0.4560045,0.46558255,0.45321488,0.46111393,0.45417237,0.4694416,0.4603541,0.45411605,0.46102238,0.43952078,0.46393013,0.4495961,0.4604754,0.4747073,0.4626614,0.44031578,0.44227368,0.46698755,0.45652586,0.45734906,0.46587348,0.449076,0.46994108,0.4554503,0.4771483,0.4528587,0.4796303,0.46423733,0.45258516,0.4510042,0.44618005,0.4502269,0.45184267,0.4642464,0.4540891,0.4637565,0.45356965,0.4616152,0.4645623
0.4351984,0.40508264,0.39865786,0.423289,0.45147783,0.4200673,0.43673873,0.41247767,0.40924633,0.40622377,0.430422,0.4040932,0.40295565,0.40620565,0.41710287,0.4127341,0.42437303,0.4133724,0.42794323,0.4160155,0.40182465,0.41747326,0.42818755,0.41082466,0.38876474,0.40437776,0.41794747,0.412453,0.4279027,0.42748398,0.40616077,0.42266583,0.40547788,0.41156334,0.41382414,0.41562134,0.4011196,0.4229234,0.41911685,0.41647166,0.41541862,0.44592023,0.43140763,0.37381476,0.4174397,0.3757276,0.4178233,0.4421504,0.4198987,0.42112607,0.43235612,0.4050551,0.43660325,0.42192906,0.3911929,0.44872868,0.42235982,0.42174196,0.44112957,0.40712416,0.42100215,0.40637797,0.40158552,0.41122323,0.42136383,0.43962425,0.4124508,0.41154045,0.40290242,0.4281668,0.39966112,0.43133187,0.4280197,0.4051627,0.39516914,0.40297085,0.41489822,0.4371813,0.40673006,0.41699648,0.429892,0.4206391,0.41710013,0.42225426,0.40775084,0.4017542,0.4077695,0.41145498,0.40943807,0.40358287,0.42634302,0.4115067,0.42649096,0.42043078,0.40992785,0.42155468,0.40095806,0.41870642,0.41317886,0.41699028,0.42817944
0.4354576,0.4155119,0.44206357,0.43736005,0.41931206,0.42781603,0.4186347,0.41630983,0.42901713,0.44766468,0.43709058,0.43774188,0.421525,0.41271603,0.4356094,0.42654186,0.413913,0.42171448,0.44191033,0.40967476,0.4251753,0.4520799,0.44234514,0.40517682,0.43101066,0.44439596,0.4059862,0.44071007,0.42854518,0.42751896,0.4463218,0.3924204,0.44051903,0.4241287,0.41996425,0.42089897,0.43832088,0.4100309,0.41852176,0.42142838,0.43323463,0.43234926,0.43403804,0.42776006,0.4297979,0.42490393,0.44035524,0.41703147,0.42212343,0.42004812,0.4451164,0.4180724,0.40487808,0.4182065,0.42420042,0.4225114,0.42239016,0.42441297,0.43796635,0.42427015,0.43869358,0.43579268,0.41051477,0.4292537,0.42250234,0.42364663,0.4432847,0.43162286,0.39220113,0.4350109,0.41447192,0.4365567,0.42489827,0.42297643,0.44085103,0.4102652,0.42230636,0.441774,0.43284672,0.40479165,0.4227612,0.43483096,0.43117106,0.41120696,0.42697608,0.4193424,0.434161,0.43117762,0.43922424,0.40247828,0.43632007,0.41495347,0.4540854,0.4350791,0.41886705,0.42414904,0.4250778,0.43437272,0.45213562,0.44496977,0.4241982
0.435709,0.41935098,0.42986852,0.43131715,0.43495846,0.43941474,0.4191016,0.4167168,0.4166181,0.433083,0.43427986,0.44104004,0.46260852,0.43309104,0.443452,0.4400472,0.42420864,0.42945087,0.43398726,0.4211825,0.44976085,0.43688214,0.44383478,0.43504018,0.44817555,0.4482947,0.42714876,0.43542832,0.4399041,0.43635958,0.4204967,0.41486335,0.43750548,0.46059698,0.43855417,0.4603892,0.43630636,0.44206554,0.4287573,0.45033616,0.44397384,0.45057172,0.44118243,0.44618982,0.41326255,0.4179448,0.44984692,0.43119365,0.41138875,0.43215692,0.4292993,0.42120957,0.43690962,0.41730964,0.44980258,0.44254482,0.4243853,0.4321764,0.4330045,0.4320072,0.43182528,0.4388948,0.44151098,0.43355614,0.4342293,0.42190713,0.42116743,0.4258188,0.429587,0.4457206,0.42413455,0.44684368,0.44248927,0.4440359,0.42376572,0.4429801,0.4386564,0.44050932,0.42193478,0.416516,0.43087912,0.44794303,0.43934196,0.43748635,0.44005352,0.41475022,0.41225386,0.44428396,0.42018026,0.43816513,0.4389189,0.4529497,0.43186712,0.41882223,0.4208188,0.4201864,0.4272685,0.4469487,0.41777956,0.42744112,0.43729818
0.43588328,0.43289536,0.4192056,0.4510507,0.44615954,0.43189603,0.42560536,0.4272362,0.43460315,0.4507085,0.42878604,0.42921084,0.43735993,0.42534858,0.42974275,0.44886798,0.42176682,0.42948234,0.45303023,0.43702525,0.45245445,0.4425605,0.43489754,0.41874444,0.42772526,0.4268363,0.4333871,0.41367298,0.43981063,0.44255805,0.42775303,0.44331187,0.43696505,0.43072546,0.41812003,0.440117,0.4310603,0.43994212,0.44060212,0.43400848,0.4618606,0.43346888,0.42930323,0.42236817,0.42969447,0.4334973,0.4138376,0.42404783,0.44734573,0.43223572,0.42299986,0.43481594,0.44155705,0.41969562,0.4304821,0.45814955,0.4191199,0.44921136,0.43877524,0.42806488,0.4181019,0.45005333,0.4178298,0.44235277,0.44713426,0.45122308,0.4142539,0.44259942,0.444283,0.4331476,0.43769795,0.41491622,0.42568368,0.44255978,0.4181608,0.4320373,0.44358772,0.42692262,0.45492947,0.4126898,0.44206488,0.42435777,0.44223374,0.44149017,0.44765872,0.42262006,0.4429319,0.41680157,0.44211167,0.4190359,0.45278835,0.4345972,0.43593508,0.42025965,0.42038822,0.4317543,0.45697218,0.44014037,0.44117206,0.40535086,0.43238354
0.43632984,0.41526872,0.43473887,0.41101843,0.43484712,0.42998397,0.42748177,0.41835338,0.44969708,0.43315,0.42632222,0.4205773,0.44842982,0.4266271,0.42351514,0.43276447,0.44236267,0.43996418,0.43122673,0.44545233,0.4229673,0.435821,0.42560327,0.42769682,0.4305445,0.43469638,0.43173504,0.42313212,0.43856645,0.42293078,0.4381104,0.42477918,0.4272911,0.42732686,0.43031502,0.4490885,0.4323039,0.4439658,0.42084885,0.4415608,0.42149282,0.43147278,0.4358241,0.41361666,0.42794025,0.4386654,0.42347372,0.43731952,0.41181213,0.43779594,0.42446733,0.46211714,0.43860453,0.42514998,0.4341951,0.4271208,0.43947935,0.45765758,0.4358273,0.41873795,0.43993604,0.43735492,0.4306494,0.4055487,0.4328354,0.43491918,0.42491084,0.43709004,0.43296587,0.41434103,0.43927497,0.4368363,0.45385253,0.43262267,0.4248773,0.41089714,0.42278266,0.44217086,0.43125987,0.4389996,0.43762332,0.42592728,0.43939948,0.42376745,0.4410677,0.43967944,0.44292748,0.42744213,0.42998767,0.4276687,0.43532324,0.41879147,0.42703056,0.43017095,0.41329998,0.43582183,0.4198876,0.4335,0.42372596,0.43567538,0.433505
0.43652946,0.43908644,0.4370206,0.4246611,0.4395843,0.44238585,0.431064,0.4350428,0.44526732,0.4291432,0.44222218,0.43436223,0.43284786,0.43171203,0.4416005,0.43145216,0.4356861,0.4421022,0.43876666,0.43302178,0.43366957,0.4117778,0.44131756,0.4516831,0.4178353,0.42433792,0.4250387,0.4400831,0.42802346,0.44017208,0.42248535,0.4296376,0.41805977,0.42446673,0.43405437,0.42739552,0.42862684,0.4446264,0.43730748,0.43505323,0.42387152,0.44129103,0.44505507,0.4460923,0.4362806,0.4442289,0.43124622,0.4289773,0.44217968,0.41797996,0.4383796,0.44787157,0.43283558,0.42795974,0.45256037,0.4447086,0.45169395,0.42065865,0.43398845,0.43282473,0.4520353,0.431966,0.40869552,0.42268223,0.4370649,0.43964684,0.41847134,0.44192696,0.44651783,0.44083786,0.42852306,0.42707485,0.41974258,0.4356265,0.4322043,0.42580765,0.41695023,0.4361791,0.42234272,0.42672908,0.4327647,0.44712108,0.4202857,0.4366271,0.42418998,0.44471115,0.42535233,0.44346082,0.41278714,0.4198761,0.4257257,0.43583035,0.44632864,0.44137955,0.4306326,0.44147563,0.4470486,0.43895644,0.41396874,0.42552412,0.44320136
0.43653414,0.4599672,0.45657384,0.45912337,0.42921907,0.43983907,0.45610702,0.4586119,0.4577738,0.4464007,0.44451153,0.4435795,0.44788575,0.44507325,0.44865042,0.46798652,0.4371447,0.45114946,0.44917792,0.46081895,0.4602397,0.44345158,0.45283234,0.43328494,0.44532216,0.43237793,0.44373435,0.45234174,0.44535273,0.4538424,0.4355631,0.45179582,0.43789142,0.45324826,0.44145507,0.45507544,0.42323184,0.44728523,0.4436956,0.45708656,0.44479275,0.44670057,0.44192111,0.45077765,0.44303375,0.45420855,0.44158882,0.43864095,0.42081165,0.44972306,0.4438939,0.44453192,0.4462856,0.4607159,0.46608412,0.45168024,0.43824524,0.4444707,0.43551463,0.44683385,0.45275873,0.46988922,0.44509488,0.45157248,0.43531126,0.45696002,0.4518271,0.4515115,0.45278978,0.4350444,0.42642343,0.44231445,0.43963212,0.4584241,0.44219363,0.45567054,0.4462983,0.4369473,0.44512463,0.43668306,0.42888272,0.46407086,0.43446368,0.44456136,0.45537758,0.45150065,0.4512828,0.45339215,0.45809847,0.47109246,0.4482305,0.4566511,0.45740658,0.43166876,0.44619387,0.44743228,0.447057,0.43715042,0.45259374,0.4584542,0.4424646
0.43732214,0.41873145,0.43320984,0.43405437,0.41032457,0.46282667,0.4521479,0.44041193,0.450283,0.44364214,0.43070364,0.42134434,0.4506961,0.47216898,0.4267844,0.42243326,0.42988932,0.44077843,0.45241946,0.43456143,0.44229686,0.4575119,0.43571472,0.41775715,0.45017123,0.4475736,0.448357,0.45073217,0.4590392,0.44428223,0.44037867,0.41280484,0.42635536,0.44892997,0.42326123,0.43479508,0.44819182,0.42087704,0.4262846,0.4350639,0.4176296,0.44379056,0.41652292,0.43433607,0.4561805,0.43743938,0.45862877,0.4506111,0.4507283,0.43797314,0.44631225,0.42953354,0.43474078,0.43486828,0.44861728,0.44402283,0.44915116,0.4527017,0.44782746,0.4258232,0.44422948,0.42204708,0.4533316,0.43641484,0.44117916,0.44369406,0.45484084,0.42558432,0.45845234,0.42443502,0.46501148,0.4423833,0.45469934,0.44950086,0.4554549,0.45791715,0.452852,0.42940527,0.43521154,0.44454134,0.4325921,0.43000776,0.44363332,0.42829442,0.44975847,0.43198645,0.42814004,0.44482082,0.43485737,0.46650922,0.43796593,0.43324995,0.4227748,0.45656526,0.42258412,0.45442998,0.44254243,0.43047065,0.4438027,0.44874257,0.42553198
0.43830395,0.43465453,0.44012916,0.43898278,0.44365674,0.44402426,0.43141168,0.4472363,0.41966403,0.42699176,0.4357761,0.41198802,0.44084644,0.43087298,0.45020342,0.435192,0.43892777,0.43285662,0.43214715,0.43559873,0.44415623,0.44243765,0.42166758,0.42124623,0.44667232,0.420425,0.4389848,0.4319073,0.4355597,0.45128036,0.46696132,0.44009525,0.42401874,0.4284708,0.430372,0.43693304,0.4465201,0.43815053,0.43511403,0.43547094,0.42928767,0.44189572,0.45353538,0.43695408,0.42950952,0.439085,0.43787867,0.4594323,0.4357682,0.4295076,0.44419485,0.4329086,0.42844993,0.43683958,0.43658227,0.43429005,0.43616867,0.44139373,0.4430148,0.43278795,0.44478834,0.43841273,0.45149612,0.42455226,0.45331168,0.4284805,0.44557947,0.4346702,0.43267947,0.44846648,0.43077534,0.4579745,0.43545872,0.4489833,0.44199425,0.4619484,0.44638473,0.42742968,0.4395063,0.42884207,0.44312757,0.43365622,0.44785088,0.4255393,0.4422819,0.44781297,0.4525836,0.44477236,0.44347733,0.43415004,0.45387477,0.43715137,0.43018568,0.43200737,0.44935554,0.44440997,0.4378748,0.4385826,0.4489249,0.44663996,0.43498158
0.43836078,0.44130206,0.41489404,0.43311125,0.4239276,0.42605114,0.43068397,0.42792594,0.41666317,0.4335075,0.43431902,0.42933202,0.4212222,0.43671864,0.42544806,0.41205776,0.4245261,0.43547547,0.43455738,0.4403451,0.41913033,0.43036854,0.44480067,0.4308458,0.4337626,0.42286062,0.43472546,0.43448466,0.43981957,0.4239992,0.4534673,0.4200732,0.428688,0.4131924,0.4154557,0.4373175,0.43903285,0.43206447,0.4320737,0.44312793,0.41177005,0.44051504,0.43508774,0.43213117,0.43644083,0.45473433,0.41968888,0.440242,0.41543746,0.4471438,0.4182039,0.4286424,0.42127228,0.43476963,0.4103722,0.40997005,0.42497385,0.45268762,0.42658353,0.43425566,0.450319,0.4070748,0.42234236,0.4082811,0.43087012,0.41787404,0.42635816,0.4304852,0.41684765,0.43300563,0.41163528,0.413903,0.42762375,0.43486953,0.4308222,0.4288363,0.4377181,0.41532898,0.40400982,0.42873257,0.43704504,0.43607348,0.40652615,0.44515157,0.42675495,0.45365286,0.42817748,0.4568571,0.4236411,0.40124953,0.44485468,0.42564076,0.41054386,0.43153167,0.4383648,0.4132154,0.40913677,0.45837808,0.42779368,0.42019027,0.44184256
0.43895134,0.45887852,0.45099068,0.46628207,0.46293724,0.4529664,0.46050066,0.4545145,0.45158547,0.45680654,0.47558016,0.4642108,0.4611169,0.45639342,0.4555002,0.44917232,0.4425971,0.45270944,0.45616442,0.46612298,0.46705055,0.45553434,0.46031988,0.43882996,0.44399047,0.46756876,0.469105,0.45654994,0.45892227,0.468611,0.4486851,0.4621995,0.44678652,0.46310085,0.4632972,0.45755476,0.47515798,0.47495103,0.44958973,0.46678203,0.4579507,0.4752655,0.4593616,0.464459,0.46032757,0.44810522,0.46848887,0.45608383,0.46033424,0.46084452,0.45587575,0.45665157,0.44124895,0.46274483,0.45900518,0.45106035,0.45839906,0.4763952,0.45629817,0.4776389,0.45508498,0.4692366,0.4700476,0.45896387,0.4533615,0.46288937,0.45255,0.44870752,0.4526732,0.45203745,0.46661872,0.47216994,0.4749186,0.44709456,0.4617129,0.46328562,0.4596129,0.459836,0.45177776,0.47162598,0.46665716,0.4724729,0.4570318,0.45459872,0.44057375,0.4555552,0.45317358,0.45247978,0.4694835,0.46452272,0.46544397,0.46939963,0.44939804,0.4333191,0.4494403,0.46328217,0.46851134,0.45290607,0.45701683,0.45351124,0.46109468
0.43923303,0.4412399,0.42252922,0.4233722,0.40072584,0.43854302,0.4331352,0.42058915,0.4365126,0.42939448,0.4436869,0.42827755,0.42514116,0.43553954,0.4259925,0.4535293,0.42234588,0.43453413,0.4261433,0.45383996,0.44607693,0.44384968,0.43308806,0.4298638,0.43796033,0.42751354,0.43637842,0.42863286,0.42585737,0.44143432,0.43700445,0.41612828,0.45667493,0.43357038,0.4182284,0.45366716,0.43184298,0.45283473,0.42404908,0.42545062,0.4093359,0.42421347,0.42208362,0.43960094,0.4418884,0.41731822,0.4274714,0.42615205,0.43461686,0.4376737,0.45775568,0.4492206,0.43029052,0.44608986,0.43099517,0.4395954,0.44205552,0.42153597,0.4365464,0.42558056,0.41723257,0.44991958,0.45077413,0.42843914,0.4403758,0.4473648,0.44017208,0.41160858,0.4405883,0.4554572,0.45641547,0.4437816,0.43086565,0.43452638,0.43640727,0.44014126,0.43998384,0.46030253,0.4318779,0.4333459,0.4451716,0.42718494,0.4397931,0.43080455,0.44263375,0.4343623,0.42766494,0.43007642,0.43766904,0.4434157,0.4383613,0.4526435,0.4452932,0.46549678,0.43064028,0.42917204,0.43689746,0.4602672,0.44070315,0.42305034,0.4188115
0.4394542,0.41360676,0.41022635,0.42325062,0.39612502,0.42902988,0.4284075,0.4227776,0.44140005,0.41961718,0.41028625,0.39916444,0.40416408,0.40349752,0.4323082,0.4129702,0.41598368,0.42584974,0.43469357,0.39832985,0.41645873,0.43425238,0.4199198,0.4260946,0.44317496,0.41356218,0.41738564,0.41620225,0.43246365,0.4207844,0.3775664,0.41172177,0.41319054,0.4320414,0.40671277,0.39398164,0.41190708,0.4196725,0.40817618,0.42822117,0.39076012,0.42848104,0.44231647,0.40923816,0.40743172,0.4013608,0.42610675,0.3972999,0.429223,0.38928646,0.41486692,0.41454762,0.39728266,0.40186232,0.3948192,0.40472412,0.4203682,0.41390252,0.41263127,0.4239673,0.41045153,0.40248895,0.41658503,0.39878386,0.39987648,0.416721,0.42440438,0.40288866,0.41884142,0.40251875,0.41706502,0.4028386,0.4084258,0.41863275,0.4154734,0.42047453,0.41981345,0.40112966,0.42752975,0.41819525,0.39920062,0.4031381,0.4166875,0.41062456,0.43803084,0.40301752,0.3966406,0.39238822,0.41898674,0.40837687,0.44025397,0.40479344,0.42334557,0.41323274,0.42910343,0.41012663,0.39684272,0.41505963,0.39362615,0.40590125,0.41863215
0.43951958,0.4136631,0.43049794,0.41329074,0.4222204,0.4277786,0.4295935,0.4182412,0.43736768,0.43790716,0.43123478,0.43417156,0.42606634,0.4231699,0.43381643,0.41876984,0.4287212,0.411568,0.42558247,0.44910216,0.43502522,0.43482655,0.41957337,0.43074054,0.41675693,0.43060696,0.41251135,0.42108417,0.41787887,0.44469994,0.39845318,0.45072109,0.4380077,0.4329362,0.43869263,0.44342923,0.4269728,0.42332423,0.40737647,0.3997537,0.42121166,0.42955106,0.42421705,0.43006665,0.4194945,0.42812687,0.4392612,0.4234168,0.41342056,0.41746074,0.41756272,0.43661034,0.3988927,0.40851563,0.44255102,0.4345225,0.44226497,0.42829943,0.42383134,0.42634124,0.4351766,0.43221593,0.4323365,0.41531926,0.4317507,0.4328174,0.4209422,0.4262439,0.43067586,0.40679127,0.42260617,0.43308836,0.43359601,0.43095362,0.4134544,0.41101015,0.42682117,0.41956055,0.41158104,0.42000532,0.41230088,0.4435315,0.42691523,0.43559605,0.42519182,0.41419446,0.4187171,0.42941898,0.42429703,0.41617042,0.41569608,0.4306255,0.45420116,0.41042852,0.4327731,0.4231962,0.43706834,0.42873663,0.4017501,0.4459018,0.41184628
0.43958974,0.42591047,0.43477404,0.42304862,0.425372,0.44165212,0.42474318,0.43613058,0.43577647,0.42517775,0.42687213,0.4269359,0.45288527,0.4427526,0.45702046,0.42627174,0.44146478,0.41935003,0.4467759,0.4098946,0.4469177,0.4326753,0.45042604,0.42817193,0.43676955,0.44238383,0.4379446,0.41314417,0.44322443,0.42672223,0.43952578,0.43029672,0.41465068,0.43533748,0.4391014,0.43072766,0.43506217,0.43510902,0.43702912,0.4534294,0.45079154,0.41231352,0.4334591,0.42466694,0.44153965,0.4376828,0.4329052,0.4174481,0.4238308,0.44017464,0.42707616,0.42454964,0.42487186,0.42328984,0.4319526,0.45035893,0.44873357,0.43189847,0.43526727,0.44637597,0.44258183,0.4232766,0.44657505,0.42721784,0.42504758,0.42013913,0.45011705,0.43068582,0.43539733,0.43375707,0.44080925,0.4354816,0.4463154,0.43988895,0.42731065,0.4480003,0.42726076,0.447074,0.42671245,0.4467823,0.42505872,0.43225664,0.4272638,0.4428504,0.4267699,0.42611194,0.45484746,0.43530434,0.43081313,0.42920744,0.408983,0.43242168,0.45105964,0.4394318,0.44067746,0.44598925,0.4081205,0.44725233,0.44689697,0.43426186,0.4097103
0.44010007,0.46385348,0.45921475,0.45001692,0.4558304,0.46888804,0.45107204,0.4471376,0.43788671,0.45395023,0.47402066,0.44431287,0.47098422,0.44539028,0.46115506,0.45034844,0.46053326,0.44051838,0.44408482,0.45619512,0.45011693,0.43769455,0.44012916,0.4535401,0.4607638,0.4321531,0.4373436,0.45512813,0.44738752,0.44749004,0.43753576,0.45147347,0.46975917,0.45619285,0.45581526,0.46183926,0.4302054,0.45864403,0.45700008,0.45615673,0.45581156,0.45303082,0.47164726,0.43398726,0.4646384,0.44677287,0.4603641,0.44338763,0.45526183,0.45066673,0.4538489,0.44247335,0.46702158,0.45145082,0.45021588,0.45236474,0.4454856,0.43119675,0.46023947,0.4640106,0.4490379,0.45745522,0.4579764,0.44638652,0.45608813,0.45739907,0.4515109,0.45229608,0.465833,0.46091425,0.45000654,0.46888405,0.4562723,0.44095922,0.45901483,0.454161,0.4587224,0.47708398,0.45481056,0.46278542,0.45254874,0.44696933,0.4584117,0.45996982,0.46571523,0.45013803,0.44279182,0.47064668,0.43922585,0.46415472,0.45467263,0.44706553,0.44933444,0.45225477,0.44704217,0.44899315,0.4483075,0.44646597,0.4506241,0.44020295,0.46695203
0.44024643,0.43938142,0.45283407,0.42008144,0.4607755,0.457294,0.43710268,0.46662867,0.44294864,0.4228658,0.44779366,0.4415362,0.4437276,0.4467389,0.44270182,0.4295851,0.44736767,0.4386152,0.42787224,0.45352274,0.44923967,0.4292068,0.43250257,0.44808185,0.4451022,0.4539972,0.43888378,0.4301188,0.44040132,0.45135576,0.4341476,0.44427115,0.45036566,0.44913423,0.43236285,0.4488768,0.4545933,0.42473352,0.4432822,0.42250037,0.44752926,0.45211995,0.45083487,0.43036407,0.4457695,0.45728433,0.4686041,0.4349491,0.43246257,0.43401945,0.44948494,0.43110186,0.43354475,0.4631918,0.43200177,0.44873977,0.43553793,0.4557432,0.44491804,0.42704874,0.46624917,0.44515032,0.43630737,0.43895388,0.4583162,0.43156576,0.42163128,0.45797914,0.46171457,0.4384734,0.43799418,0.454513,0.43889934,0.45508224,0.44779682,0.4477983,0.45868516,0.4396705,0.4218787,0.43762904,0.4336543,0.43559146,0.45229864,0.42591155,0.43933725,0.4393202,0.4335816,0.432261,0.4365993,0.42772555,0.43352693,0.4555208,0.45846546,0.4471749,0.44640738,0.44247454,0.43351394,0.43978047,0.447393,0.43361235,0.4401675
0.44029447,0.45729107,0.43802392,0.46094644,0.44057357,0.450018,0.43433398,0.4356544,0.44639903,0.42380476,0.46719283,0.43563688,0.44470787,0.42918903,0.44204193,0.45145422,0.43794328,0.443057,0.44676518,0.42728072,0.4424082,0.46071512,0.4437769,0.4453346,0.43617857,0.43454635,0.43503523,0.45517755,0.44075292,0.43334293,0.44936776,0.45588273,0.44775283,0.42937708,0.4323883,0.44356185,0.4512745,0.4407627,0.44560033,0.46533245,0.42983222,0.42792314,0.44662791,0.4423024,0.4264341,0.44107795,0.4656281,0.4503721,0.4378233,0.43491375,0.43737292,0.4606471,0.43757463,0.44276828,0.4368326,0.44761115,0.45567667,0.445651,0.4442221,0.44419998,0.45848733,0.4375875,0.4459465,0.4434294,0.44087023,0.4400062,0.4512449,0.4335606,0.4408458,0.430611,0.44812483,0.43632334,0.44051754,0.43856657,0.44939435,0.4529742,0.43988448,0.44239736,0.43284112,0.45195556,0.452704,0.43485236,0.4454189,0.45745945,0.43784094,0.4305982,0.43086213,0.44273818,0.42858487,0.46327245,0.4461556,0.46132135,0.44781166,0.4447863,0.43994242,0.42400116,0.44847953,0.4605775,0.44961935,0.430022,0.4360968
0.44042283,0.42057037,0.40969658,0.42760497,0.43339664,0.4666949,0.40561277,0.4254936,0.4307171,0.40865248,0.43726945,0.4415744,0.4118479,0.42068505,0.41322637,0.41871864,0.42648345,0.43820775,0.4283067,0.44711494,0.4499023,0.4279821,0.4415381,0.4494313,0.4253292,0.42293984,0.4230255,0.4429922,0.42129028,0.43643856,0.4205237,0.43411463,0.44146186,0.42298186,0.41813558,0.4191084,0.4348477,0.4093755,0.41408616,0.41266674,0.42708945,0.4367113,0.4189139,0.43760633,0.4302557,0.4494273,0.41596073,0.4307418,0.4466291,0.4250558,0.43124604,0.43992817,0.43478763,0.4102465,0.45225203,0.42438883,0.41537791,0.40362608,0.43454462,0.44433016,0.38310164,0.42608148,0.4487387,0.42737442,0.44812894,0.44889057,0.42260897,0.41445184,0.429985,0.4262874,0.4428087,0.409393,0.4055724,0.4067121,0.40673703,0.39913094,0.42717767,0.43680584,0.41984057,0.45272225,0.4016292,0.44219708,0.4429533,0.41171432,0.41731405,0.42608863,0.4398641,0.4215089,0.41440248,0.42726713,0.42195553,0.4096672,0.44318742,0.4188918,0.41289616,0.42457366,0.42529172,0.4570353,0.40272874,0.42466706,0.4323305
0.44148427,0.45621634,0.44555324,0.45236218,0.46159136,0.45105648,0.4503358,0.4513693,0.43484205,0.45773154,0.4453783,0.45113218,0.44827938,0.44980466,0.45608473,0.44079942,0.44850707,0.44960362,0.4465435,0.44489962,0.445158,0.4456371,0.44416642,0.46607715,0.44023544,0.45449877,0.45366657,0.46237165,0.45570093,0.45262414,0.46326125,0.4806769,0.45118845,0.46515012,0.46274793,0.45730007,0.44901675,0.45693022,0.45394462,0.4487179,0.46983242,0.4691214,0.45421278,0.4456491,0.4396292,0.43095398,0.4404872,0.44375974,0.4496113,0.42579472,0.43450904,0.47335154,0.44053996,0.45234913,0.45546597,0.44101113,0.46561337,0.45086777,0.4642918,0.4480384,0.4462334,0.45626307,0.45435828,0.4257822,0.44724083,0.4490041,0.44854015,0.43890083,0.43884802,0.46441388,0.4495911,0.43641979,0.4602121,0.4368524,0.44755805,0.45789623,0.46578234,0.46705294,0.4510635,0.46564645,0.44439352,0.45131302,0.43305957,0.47443986,0.45211136,0.46131116,0.45222598,0.43331796,0.43471247,0.4642058,0.4575138,0.4625488,0.47011328,0.44959366,0.44112796,0.44399035,0.43551302,0.4484868,0.44787687,0.45327234,0.43540955
0.44179633,0.43659633,0.43399376,0.44470376,0.44001168,0.4341992,0.4434877,0.43335104,0.44170767,0.44418007,0.42217505,0.44871855,0.4298823,0.44325352,0.43960357,0.47130394,0.45806646,0.44008923,0.43584633,0.45066208,0.43691915,0.46085203,0.44517118,0.43494236,0.4494962,0.4414792,0.43485808,0.44765514,0.45077044,0.4470002,0.4511382,0.43987173,0.41860205,0.43310952,0.43475723,0.44868386,0.45001322,0.4598676,0.43709415,0.44370294,0.44639194,0.43696654,0.4359041,0.44293404,0.42896426,0.43409985,0.43830007,0.43801248,0.4530704,0.43333948,0.44979602,0.42582595,0.45166582,0.44012117,0.45625097,0.44752628,0.44816566,0.4626916,0.45002156,0.45326978,0.4471959,0.4368965,0.43376374,0.4370365,0.44186896,0.4339872,0.4397382,0.4296624,0.4399926,0.4514917,0.44566816,0.43977374,0.44755983,0.44410026,0.46440428,0.45443517,0.42372453,0.43581015,0.45409828,0.43137455,0.45221728,0.43678826,0.44502866,0.42993355,0.42829627,0.45316476,0.4445783,0.4323042,0.4313956,0.46866882,0.43712068,0.4413693,0.44934767,0.44909436,0.4577555,0.4348719,0.44860667,0.45342177,0.4448328,0.43904865,0.44154656
0.4423811,0.40880585,0.41678786,0.43658626,0.43272638,0.4252112,0.43096763,0.41350138,0.41470617,0.40519315,0.4436,0.4160754,0.41061276,0.43638223,0.42310983,0.43103486,0.42505562,0.4013452,0.4348436,0.4340458,0.42364353,0.40450448,0.417197,0.4321502,0.42412865,0.42458797,0.42401612,0.43067074,0.41726428,0.44002885,0.4275183,0.43717587,0.41420168,0.42498988,0.43232793,0.44550967,0.44115388,0.428007,0.42584115,0.42775893,0.42790288,0.4173174,0.42172843,0.4323132,0.4497689,0.43121856,0.42138213,0.4297819,0.43389118,0.40481818,0.44037926,0.41555214,0.43786573,0.426785,0.43036187,0.42446578,0.44772267,0.44865572,0.41839695,0.42420352,0.415451,0.4256388,0.4313243,0.41982776,0.41992503,0.4095149,0.42365634,0.42403793,0.4297229,0.3845837,0.44879657,0.44818664,0.4199965,0.4347644,0.440556,0.43074477,0.42017078,0.44948417,0.4288562,0.41567743,0.41546112,0.41148406,0.43893003,0.4326403,0.42037606,0.41230178,0.43242174,0.4312501,0.4189074,0.4247386,0.41925335,0.42077434,0.44512463,0.420946,0.43434674,0.41974372,0.41542906,0.4333712,0.43178535,0.43263608,0.42803705
0.44267276,0.4844271,0.46532905,0.44923598,0.45169896,0.4660678,0.452973,0.44838184,0.4707014,0.43924093,0.45735872,0.45842582,0.46214902,0.46446538,0.43488538,0.44958597,0.4433691,0.45541734,0.46644175,0.44982195,0.46287054,0.4674583,0.45955807,0.44684356,0.45409644,0.4499746,0.4344474,0.46684563,0.44416183,0.46572673,0.4612046,0.45104533,0.4499091,0.45848274,0.45907968,0.4434576,0.4572507,0.444394,0.47139513,0.46513677,0.4664871,0.4661221,0.457681,0.444628,0.45505452,0.45634216,0.4520765,0.47119528,0.4533218,0.44896346,0.44725382,0.47557312,0.46128565,0.44553536,0.4547643,0.44283718,0.4802122,0.46017057,0.4446963,0.45867354,0.46153075,0.47510952,0.4438917,0.451612,0.44637358,0.45019758,0.45118243,0.45646977,0.46947592,0.44842893,0.4564222,0.43228453,0.4640286,0.46322805,0.4663623,0.45476133,0.44632292,0.447675,0.44705784,0.44590354,0.45065743,0.4605283,0.4697513,0.45374334,0.4496106,0.44950163,0.47455382,0.4687776,0.4519394,0.44980592,0.45113474,0.44227505,0.45787627,0.45695513,0.45708704,0.45677835,0.44583648,0.47585672,0.4522599,0.4368528,0.44721323
0.44281763,0.40069014,0.40197366,0.42205864,0.43424255,0.427746,0.42500412,0.40315038,0.418773,0.40698683,0.40599817,0.3966573,0.43238068,0.39090103,0.406645,0.4113083,0.4091323,0.41748625,0.41945142,0.4177183,0.3911388,0.43202382,0.4072373,0.40717548,0.42262822,0.42284185,0.4404803,0.40176326,0.41486478,0.41714823,0.41218406,0.42598033,0.41022813,0.39806074,0.42882228,0.41492844,0.39705396,0.3881716,0.39387232,0.40214133,0.3974539,0.4151439,0.39616305,0.4108727,0.39863008,0.40793294,0.4204445,0.4367715,0.4015494,0.43707854,0.42592788,0.42450374,0.42900014,0.42367148,0.42807,0.39782226,0.41754502,0.41503137,0.4232632,0.4179446,0.41508865,0.41671842,0.41896534,0.434727,0.41621792,0.3927902,0.4065315,0.38935965,0.408247,0.42958122,0.39937544,0.40504164,0.43619144,0.4179452,0.42723984,0.4137786,0.4169708,0.41895658,0.4071555,0.39554286,0.39729524,0.43110824,0.42508888,0.4013884,0.40753216,0.39775926,0.40604103,0.39932138,0.4231717,0.4056204,0.40331012,0.41749918,0.42824256,0.4043064,0.43218338,0.39867353,0.41771382,0.42084408,0.41385102,0.42461282,0.42255843
0.44312972,0.44050968,0.446231,0.42599475,0.42386854,0.42567456,0.44599718,0.45535076,0.4405173,0.4571178,0.4445598,0.4466555,0.4207607,0.4455335,0.445947,0.4718836,0.43104023,0.43735015,0.4426902,0.42016006,0.44146538,0.41258323,0.43840712,0.41695213,0.4547993,0.4522676,0.44445002,0.4571401,0.40470678,0.42352557,0.4344194,0.4412766,0.4332301,0.42741138,0.4252991,0.4306848,0.43726468,0.41278088,0.42664796,0.43261904,0.4370587,0.4123062,0.41929632,0.42962933,0.41972882,0.4321689,0.4421398,0.43125147,0.43864238,0.44413453,0.43366903,0.40924704,0.4317435,0.42822468,0.44408095,0.42528898,0.41787022,0.43570775,0.43584698,0.4482668,0.4208929,0.41764194,0.41505635,0.42444813,0.42951155,0.44515228,0.42425364,0.45697415,0.41825724,0.45189428,0.43599993,0.42106003,0.4343788,0.44034743,0.4241569,0.45735037,0.4265591,0.4367597,0.4321277,0.44486827,0.44795293,0.43835574,0.4336204,0.4170223,0.45745677,0.4478565,0.4353022,0.4434659,0.43230754,0.42980146,0.43430167,0.44318038,0.4367119,0.4271742,0.4390505,0.4420733,0.44791573,0.4267217,0.43542826,0.43759394,0.43824238
0.44380173,0.45900595,0.45706105,0.4646361,0.4558543,0.4655515,0.4513622,0.45394564,0.45811027,0.47421885,0.46133745,0.43354017,0.44226253,0.45967025,0.4542097,0.4560712,0.48228705,0.44571215,0.46609133,0.4576397,0.45840085,0.4519779,0.44654483,0.46835595,0.45108807,0.4482968,0.448317,0.46934068,0.4505366,0.46021122,0.4540438,0.47869492,0.45734876,0.47600383,0.45718515,0.42449182,0.4541543,0.45069295,0.47139764,0.42010134,0.45081812,0.4630133,0.45393145,0.4542113,0.45275706,0.45270395,0.45982867,0.4630884,0.455167,0.46146512,0.46789825,0.45279187,0.44376922,0.46491438,0.4359905,0.46122152,0.4374817,0.4434814,0.4729786,0.44159234,0.4593565,0.45814627,0.43855184,0.43927413,0.45433223,0.45110524,0.45010835,0.45544297,0.4552014,0.43908072,0.47239304,0.45092696,0.44226325,0.4459306,0.4667338,0.47400773,0.44635236,0.44725734,0.44517523,0.4477979,0.4492591,0.44550896,0.45244235,0.45411718,0.45292783,0.45372254,0.45133162,0.44337934,0.4582538,0.44120508,0.44342172,0.4611845,0.46796244,0.44569165,0.46283865,0.44982266,0.44466966,0.4631548,0.46527243,0.4496191,0.45074874
0.44437253,0.4444015,0.43065745,0.4465704,0.42881048,0.44798332,0.4316631,0.42799622,0.4482394,0.434304,0.44680017,0.4533791,0.4268648,0.40980208,0.4185521,0.43458354,0.42866433,0.4364977,0.42500222,0.44828135,0.45117682,0.4593358,0.42304045,0.42929864,0.4581439,0.43911773,0.42836088,0.43695045,0.43349034,0.43997735,0.45722246,0.4613586,0.4346404,0.44372934,0.43266654,0.44902664,0.4282046,0.4474818,0.43547356,0.40535223,0.43434536,0.41518712,0.44697952,0.45423663,0.424124,0.45106298,0.4549123,0.4425215,0.41519094,0.44023818,0.44464815,0.4232309,0.4334383,0.417522,0.43862092,0.45167744,0.42256147,0.44488764,0.4356041,0.4390396,0.4278595,0.45878726,0.44467896,0.4438992,0.4349112,0.44347894,0.44629586,0.43060672,0.4516983,0.46414393,0.42950064,0.42607814,0.4427846,0.43511176,0.4422034,0.43768966,0.4392103,0.43381214,0.46141517,0.44828457,0.43530154,0.4212243,0.44164658,0.42391664,0.45199293,0.44805652,0.44815522,0.4585446,0.42704886,0.44198102,0.448973,0.4400248,0.46374816,0.44162303,0.4305272,0.44455713,0.4558937,0.42305624,0.45959568,0.44634682,0.4521876
0.44456488,0.44870973,0.45929217,0.48088294,0.4564659,0.4731719,0.45191735,0.46308172,0.44233537,0.47874677,0.4719414,0.45900923,0.4652729,0.48103172,0.4491616,0.45984328,0.46286523,0.4613064,0.47756112,0.45000535,0.47161895,0.46398365,0.45610714,0.47162515,0.46039748,0.46045393,0.45393342,0.46133506,0.4692943,0.44790387,0.48504215,0.47220677,0.46194923,0.46188253,0.46961474,0.46159285,0.45603234,0.4558944,0.47349066,0.47845328,0.47807658,0.46660697,0.44847333,0.47077852,0.4584118,0.465532,0.46078318,0.46549314,0.45700938,0.45171928,0.4583962,0.4621098,0.4675315,0.45802844,0.4594664,0.45611298,0.4516467,0.4714108,0.46837443,0.46242118,0.46331757,0.4609825,0.465496,0.45722806,0.46645355,0.454476,0.4801119,0.46355116,0.4692669,0.45656615,0.45065224,0.48442495,0.45822155,0.4714893,0.4699322,0.46789122,0.48143107,0.4514447,0.4594813,0.46575606,0.4553631,0.46568006,0.46347046,0.4593407,0.4598437,0.45761,0.45740813,0.47532052,0.46494037,0.4815089,0.45911944,0.45487738,0.47575426,0.46603322,0.46117514,0.47216815,0.46952796,0.45727354,0.45043474,0.46829778,0.46901459
0.44505376,0.5893805,0.6282722,0.6028555,0.6250287,0.6051991,0.60450596,0.5993212,0.6013127,0.6342837,0.6052525,0.640745,0.611162,0.6183763,0.63703,0.6044114,0.62032,0.5986779,0.60650504,0.63378483,0.59730965,0.6222848,0.59126467,0.6007933,0.6047567,0.6215375,0.6207107,0.59751326,0.60068595,0.6253484,0.6150335,0.6115176,0.59824115,0.6474485,0.61001974,0.6021233,0.5960407,0.592889,0.6056806,0.6146487,0.60245645,0.6065493,0.59166574,0.60150284,0.60953623,0.60046774,0.5925004,0.61409026,0.61101705,0.6053216,0.62177974,0.60900456,0.6268283,0.6126972,0.6144831,0.58593655,0.6124714,0.62396246,0.6283175,0.60405165,0.62874466,0.62143177,0.6106238,0.620259,0.612035,0.5985938,0.6113852,0.5995479,0.6305687,0.6082437,0.58719397,0.6311836,0.6170846,0.5997109,0.5934522,0.6071874,0.6100574,0.64144284,0.62308556,0.6057753,0.63218945,0.6267872,0.5985924,0.6309108,0.6079764,0.61386424,0.6211415,0.5933078,0.59605557,0.6001418,0.6031303,0.60958785,0.62393874,0.5980765,0.6113414,0.6282652,0.60856307,0.58013046,0.6220004,0.602284,0.6093429
0.44521227,0.45374143,0.44474745,0.44296312,0.45548612,0.4460616,0.45380127,0.43642002,0.45637846,0.4575439,0.43207425,0.4388703,0.44813448,0.44650763,0.45639902,0.44314456,0.44364423,0.43496078,0.46045732,0.45301414,0.44332528,0.44312686,0.45013225,0.4327848,0.44939005,0.45309782,0.46358514,0.44363737,0.45563298,0.44869405,0.46180815,0.44357687,0.4273699,0.44167167,0.43579155,0.42442846,0.44718516,0.43992096,0.4534706,0.45526505,0.43865627,0.42661804,0.4425419,0.47043526,0.44823593,0.4335366,0.44378513,0.44461352,0.46351904,0.44011575,0.4487288,0.4430548,0.44525194,0.45811707,0.4315706,0.4476096,0.44808424,0.46313637,0.4586525,0.45629287,0.4686991,0.4549172,0.45370227,0.44294512,0.43797958,0.43659568,0.43812776,0.45250446,0.43256706,0.4361961,0.44207305,0.45074987,0.44643492,0.43552357,0.4465531,0.4298489,0.45305735,0.44590217,0.44471753,0.42703444,0.42997468,0.45933074,0.455423,0.43861336,0.44452608,0.4460572,0.42337722,0.4430868,0.4528774,0.45667052,0.42493415,0.43929392,0.44313872,0.45560956,0.45959502,0.4482882,0.4504782,0.4589008,0.44694924,0.4367938,0.4283762
0.44587553,0.42536283,0.44274163,0.44614917,0.43816233,0.45529437,0.47834074,0.4456433,0.45019925,0.4395014,0.4398265,0.45217377,0.45617265,0.43387187,0.44293666,0.44291025,0.4471494,0.44415504,0.43481803,0.43686408,0.43285257,0.46662533,0.43580347,0.41937804,0.4594772,0.4328646,0.4431303,0.43580365,0.45230842,0.4322613,0.45868725,0.42924058,0.45048285,0.43446553,0.4369235,0.43379915,0.44434655,0.4220366,0.42896527,0.436822,0.4509468,0.45005655,0.44585997,0.45557815,0.46105343,0.4268158,0.4588002,0.43049455,0.4432435,0.4520344,0.43148756,0.43064755,0.43827236,0.45128632,0.44078028,0.43665278,0.42818683,0.45642388,0.44595867,0.4545244,0.4655028,0.45545828,0.4340893,0.4481846,0.45757198,0.42972183,0.43968654,0.45252883,0.4435565,0.45655203,0.45909965,0.42855197,0.44433612,0.42524135,0.43920147,0.4161166,0.44601357,0.42599368,0.4492377,0.44073677,0.45185214,0.41884452,0.42915082,0.45054018,0.44407225,0.44902068,0.43897164,0.4441228,0.45128393,0.4477839,0.4375782,0.42706984,0.43995386,0.44280636,0.44785976,0.43094444,0.46152192,0.45047563,0.4326709,0.43547195,0.44566828
0.44636646,0.4455244,0.42613238,0.43759364,0.436314,0.4157477,0.41714913,0.41888732,0.43369865,0.41185993,0.4239418,0.42660683,0.42275774,0.40574723,0.44326198,0.4308002,0.42782265,0.41998875,0.4334339,0.41895664,0.44219804,0.41815114,0.4451661,0.4173947,0.43315953,0.43193847,0.4255333,0.4207461,0.4402215,0.41778016,0.44744003,0.40898955,0.43009984,0.41877222,0.43797845,0.4317003,0.41340584,0.41636604,0.43100846,0.428693,0.42198968,0.40849185,0.42498285,0.4180463,0.44280434,0.40781242,0.42580128,0.40617704,0.41842765,0.4183452,0.4197446,0.41425717,0.40605855,0.40784723,0.42083836,0.4313082,0.41486418,0.43496072,0.45058984,0.42263293,0.42706597,0.42920583,0.4209172,0.41843653,0.4231484,0.43738216,0.4093693,0.44311678,0.42881978,0.42844468,0.420344,0.40354556,0.4237767,0.41776025,0.42469013,0.41609055,0.4320733,0.41360092,0.42631543,0.42348063,0.45418096,0.42938906,0.4258269,0.43642545,0.41956127,0.41549575,0.44071573,0.42404503,0.41918385,0.41072106,0.41510528,0.4304731,0.42968482,0.40335453,0.44849277,0.4093898,0.38675636,0.41158515,0.43446988,0.41710955,0.42085993
0.44643715,0.45356715,0.43189394,0.44603813,0.45692796,0.46319675,0.45692092,0.4392001,0.45643425,0.4580841,0.4356426,0.45605272,0.46531618,0.4512803,0.4581771,0.4625495,0.4559335,0.45454973,0.46985096,0.46108627,0.43531072,0.45499593,0.47091997,0.44197458,0.45331955,0.45618385,0.4547363,0.44357282,0.43906295,0.46514195,0.45792937,0.4424585,0.44291472,0.43963283,0.4416731,0.46234626,0.43958086,0.45188177,0.4542297,0.43689632,0.4576254,0.4309706,0.46035308,0.44634724,0.43309283,0.45280677,0.45543987,0.45098996,0.4556582,0.4575135,0.45836663,0.4439373,0.4396646,0.43896824,0.4474874,0.44474822,0.4568106,0.45658755,0.45416993,0.44411892,0.46202582,0.42193878,0.44500297,0.43118584,0.46056658,0.44352275,0.45042783,0.4445039,0.43939143,0.44851482,0.45121545,0.45314908,0.4458627,0.44439042,0.4361241,0.4535935,0.43981713,0.46526587,0.44389004,0.435511,0.45585066,0.4421804,0.44141966,0.4398179,0.46366578,0.44603628,0.43146574,0.43547153,0.44413197,0.43684363,0.4360249,0.44018745,0.45905703,0.44265044,0.43837792,0.44548595,0.44491845,0.45500386,0.45020205,0.44619286,0.4449119
0.4465136,0.42764425,0.42171144,0.43388206,0.4272524,0.43824595,0.42395943,0.4201839,0.43159282,0.4384116,0.40802014,0.43058127,0.42810166,0.41594958,0.41446656,0.42595208,0.43414032,0.4510609,0.43875265,0.41777653,0.4322312,0.42059296,0.4373247,0.43391705,0.4182968,0.42115664,0.4452508,0.4425885,0.4185567,0.4285171,0.40752953,0.4106462,0.41729546,0.4362548,0.43808866,0.44542688,0.4455037,0.41364467,0.43953294,0.4424287,0.41650438,0.43056023,0.42635357,0.41961706,0.43616313,0.42967397,0.43122023,0.43162143,0.43946224,0.44246656,0.42886835,0.43015516,0.428039,0.40744364,0.4223984,0.4406258,0.43263483,0.4149776,0.4268685,0.42803675,0.40096796,0.44018888,0.40594923,0.41063118,0.41387767,0.41797513,0.39430112,0.43539178,0.43638933,0.43310165,0.43230325,0.42514187,0.4408927,0.42048448,0.4218024,0.41344804,0.43638903,0.42246133,0.4316923,0.4189887,0.42593342,0.42879832,0.42144817,0.41323996,0.4241261,0.42125893,0.45149946,0.4275685,0.43708175,0.4152254,0.434385,0.42553538,0.42742485,0.4465208,0.42505425,0.43051708,0.4333157,0.41505796,0.41381562,0.42229408,0.41343153
0.4474523,0.47088194,0.4780591,0.43853366,0.46422875,0.46482104,0.47258908,0.4669279,0.4557444,0.44097,0.45728445,0.4590668,0.4637705,0.4649105,0.4661953,0.4526744,0.4518503,0.4631865,0.45557648,0.46533597,0.47348297,0.46159047,0.47694677,0.46649474,0.47407645,0.45498157,0.47004348,0.44999862,0.46615946,0.4600169,0.47408414,0.4524966,0.45895523,0.47560334,0.46214175,0.4439224,0.46469247,0.4672181,0.46762818,0.47457355,0.467224,0.4758277,0.49014378,0.46457946,0.45959204,0.45492536,0.45971745,0.46785456,0.46589708,0.46764582,0.4730786,0.46147442,0.4695546,0.46518868,0.45690542,0.4608969,0.4571308,0.45430702,0.4498939,0.45905334,0.4742388,0.48212057,0.45361674,0.45754087,0.47303915,0.4575016,0.4631887,0.45920056,0.44827026,0.47759855,0.43930888,0.46631694,0.46448052,0.46827334,0.45757437,0.4511842,0.48156744,0.47046483,0.46594375,0.460571,0.46442693,0.45399576,0.450216,0.46099228,0.46619815,0.46351397,0.47340095,0.45846337,0.46567369,0.4520529,0.45723373,0.4426098,0.46220672,0.46063828,0.4636553,0.47223496,0.4593264,0.4680791,0.45962286,0.46577978,0.4588014
0.44870472,0.45747852,0.45886087,0.45074016,0.46104097,0.45230442,0.45518696,0.44815755,0.47466224,0.45375162,0.46314698,0.47490233,0.4649788,0.45927632,0.4466303,0.45338815,0.4563588,0.45966405,0.46044487,0.4579903,0.47412223,0.4606828,0.4555534,0.45783883,0.44425976,0.46950418,0.46798378,0.45719826,0.46612263,0.46092182,0.44887048,0.46729386,0.45563734,0.44469237,0.46719867,0.45374817,0.45836926,0.46904188,0.45647287,0.46131498,0.4581436,0.44240403,0.4530887,0.45978004,0.44213617,0.4553408,0.45481253,0.45636964,0.44673938,0.45257026,0.45129293,0.43887025,0.44396025,0.42827618,0.4516778,0.45616174,0.4601941,0.46400052,0.4678328,0.4759302,0.46268797,0.46198577,0.44923705,0.45817238,0.46166193,0.45912617,0.45729953,0.45557588,0.4666173,0.46720016,0.463969,0.46213365,0.4685096,0.45814812,0.46078146,0.46149868,0.46022296,0.44568658,0.4515041,0.46668518,0.442824,0.44759274,0.4535342,0.45830047,0.46518642,0.45945454,0.46894807,0.43960214,0.45851386,0.4619246,0.4658636,0.45405596,0.4512388,0.4689693,0.45218503,0.45087743,0.455468,0.45388603,0.46015823,0.4664955,0.46027285
0.44912347,0.45379692,0.4812219,0.45368832,0.45149922,0.47876185,0.46881455,0.46279633,0.45814192,0.44818968,0.45516402,0.46919763,0.47003,0.47206628,0.46281147,0.4641372,0.44566262,0.43655175,0.44783962,0.46524787,0.449709,0.43249154,0.47140962,0.45013237,0.46312255,0.45624006,0.46402782,0.45723248,0.45360088,0.44375682,0.46523106,0.44121963,0.4692694,0.4577834,0.45682555,0.44645828,0.46582985,0.44892114,0.45659,0.4568106,0.4660911,0.48028493,0.4632538,0.43737513,0.47766906,0.44732952,0.4702925,0.46213663,0.46871322,0.47107816,0.43768632,0.45353246,0.4608637,0.46451187,0.45850116,0.46110415,0.45925134,0.44436592,0.456325,0.44813138,0.44352102,0.471963,0.466294,0.46009237,0.45531875,0.44455057,0.44477826,0.4680565,0.45970356,0.45294094,0.46731633,0.45833462,0.46705085,0.42453384,0.46042383,0.4488706,0.4729107,0.45657545,0.44731158,0.45250922,0.455868,0.46107024,0.4669611,0.45715052,0.45104706,0.45742023,0.45453697,0.45137686,0.48152673,0.45598125,0.44248194,0.44483536,0.4631791,0.45069373,0.427351,0.43793434,0.46320277,0.45509112,0.445733,0.4379856,0.45048088
0.44920376,0.46757483,0.47771883,0.46072102,0.46335578,0.45628482,0.47251856,0.46138084,0.45679677,0.45260727,0.46824878,0.47561586,0.46327084,0.45649642,0.48182786,0.47068983,0.469891,0.46501923,0.46575898,0.4634028,0.4750312,0.46496832,0.45453453,0.47702718,0.48105836,0.4664269,0.47104788,0.48701793,0.46748585,0.47459525,0.48912328,0.4800616,0.46075022,0.4707747,0.46787083,0.47507018,0.47063178,0.45943147,0.46402252,0.46381956,0.47981107,0.46361148,0.47652984,0.46156567,0.46673495,0.47875327,0.47775066,0.4756655,0.47458655,0.46933752,0.4580648,0.46927834,0.45939267,0.4722432,0.4771126,0.47573292,0.46958828,0.480093,0.45863098,0.46939427,0.46043587,0.45757663,0.46804482,0.44591284,0.4529242,0.48582745,0.45866358,0.47412384,0.4811921,0.45851928,0.47033,0.4596207,0.4626339,0.46430588,0.4871112,0.48687297,0.47522306,0.4556496,0.46499187,0.47190726,0.4589666,0.46088302,0.47428715,0.46014965,0.46465868,0.47136194,0.4613747,0.46913666,0.47038978,0.46334732,0.46267045,0.4544794,0.46765262,0.4635973,0.4476264,0.47458154,0.4549685,0.44214046,0.48040867,0.45171124,0.47196507
0.4508467,0.47277534,0.43679434,0.43604434,0.428398,0.4492516,0.42965335,0.45122844,0.45211494,0.42286646,0.43881583,0.43931693,0.44816887,0.45339966,0.4569977,0.43402207,0.43911844,0.4401698,0.43491292,0.44814825,0.43831366,0.43974638,0.45877802,0.4135986,0.45182246,0.4410048,0.4502566,0.45872974,0.45789224,0.45444834,0.4507255,0.44006753,0.44262695,0.44229543,0.44383043,0.45565176,0.43004352,0.43029183,0.45515132,0.4561932,0.4572488,0.43881756,0.45347124,0.43674052,0.44824654,0.43296242,0.4396112,0.4415604,0.43010628,0.4624796,0.45222896,0.44236976,0.44805664,0.4464,0.42107493,0.44867355,0.43543047,0.45932293,0.443272,0.45455313,0.4496922,0.45226783,0.43338948,0.44473863,0.4604681,0.4469819,0.44345993,0.44640076,0.45373666,0.4385684,0.44343752,0.43410742,0.46843392,0.45376617,0.4385739,0.43362725,0.4252224,0.4315266,0.45086372,0.45607382,0.4676878,0.44157052,0.4243698,0.44206393,0.44043088,0.45916563,0.4441198,0.4553473,0.44005227,0.44580364,0.43957978,0.4502455,0.43727118,0.448631,0.45450222,0.45313656,0.42855477,0.43771034,0.44299674,0.43583888,0.44619763
0.45108843,0.45327258,0.4584881,0.46571863,0.44492584,0.46092469,0.4649719,0.468224,0.4628536,0.46954918,0.46101117,0.46236116,0.44916403,0.45357627,0.45297098,0.44752228,0.46458298,0.465402,0.45801514,0.45658445,0.45467925,0.47616237,0.46522373,0.46391362,0.46064377,0.46504527,0.46653408,0.4664049,0.47587317,0.4562133,0.45501423,0.46528983,0.45715636,0.46120757,0.4579662,0.46791923,0.45535135,0.47348028,0.46061152,0.46273136,0.44437122,0.45475936,0.45589322,0.45519614,0.46515787,0.45041823,0.47455,0.45628554,0.44658172,0.4621899,0.45456308,0.43988657,0.46021628,0.45988673,0.44756484,0.45622522,0.46279973,0.44699192,0.45117372,0.4492448,0.44934922,0.45093536,0.45844144,0.45587796,0.44447607,0.45853245,0.46373147,0.45761424,0.44575334,0.46044487,0.45962024,0.45516062,0.4711861,0.4642082,0.4696144,0.4567501,0.45218366,0.47199446,0.4523781,0.460665,0.4603026,0.46013236,0.45499164,0.47812808,0.45975953,0.45772314,0.46347624,0.45958078,0.463827,0.44901115,0.46435648,0.45720702,0.47016144,0.46303904,0.4515342,0.469666,0.45845115,0.4711644,0.4774279,0.47071004,0.46458232
0.4517257,0.46582288,0.46162522,0.4501871,0.44426095,0.42958266,0.44898885,0.4585845,0.44724905,0.4722135,0.45585757,0.44044656,0.4566831,0.44466287,0.47176796,0.43310887,0.4381206,0.4517036,0.43474126,0.45860928,0.45340294,0.47263288,0.45053732,0.4414552,0.45580924,0.43860346,0.44945514,0.44575036,0.44994956,0.43998796,0.44591427,0.4296803,0.4529196,0.44803387,0.45611334,0.45575172,0.45748043,0.45000368,0.4554186,0.46025127,0.45668882,0.44278216,0.4567712,0.4608497,0.44846487,0.44422275,0.44729942,0.4684649,0.43539697,0.4492957,0.45442474,0.45094556,0.4513021,0.44499123,0.46310276,0.44368958,0.44125605,0.4644372,0.4480098,0.44918847,0.46959263,0.45328492,0.4586867,0.4504093,0.44597775,0.46848875,0.4598459,0.4157734,0.43489516,0.4494952,0.4528498,0.4418342,0.46445656,0.4564234,0.44855815,0.4436745,0.4491638,0.43980038,0.45189136,0.442078,0.44128686,0.42842305,0.43906075,0.4482935,0.45945114,0.44177818,0.44221973,0.4575464,0.44844824,0.44381237,0.45693523,0.440659,0.44703496,0.45468354,0.47556686,0.46468425,0.44800603,0.45840865,0.4468186,0.44977033,0.4421426
0.45194435,0.42879802,0.45010626,0.45084107,0.4316373,0.4405542,0.4345019,0.45391947,0.4483242,0.4419222,0.45552808,0.45043808,0.44127566,0.44324636,0.44913173,0.4567995,0.45721906,0.44636494,0.44527513,0.46644932,0.43847036,0.4296735,0.43527675,0.4385532,0.46490812,0.44408894,0.44059312,0.4390453,0.45768976,0.43345547,0.44323742,0.4418239,0.43617857,0.43960178,0.4606098,0.4483046,0.45955843,0.461641,0.4475081,0.44042712,0.44984174,0.4359414,0.45757216,0.4569171,0.45218265,0.43960732,0.4564358,0.46201277,0.44641727,0.4491406,0.4665717,0.42498636,0.43165344,0.4479587,0.43704408,0.43996227,0.47303355,0.4527375,0.45650285,0.4442752,0.45452082,0.45470953,0.45219475,0.449589,0.4554671,0.4463359,0.43482852,0.43070436,0.45254213,0.4438215,0.45396525,0.46552926,0.457267,0.45039082,0.45502812,0.4600718,0.4596473,0.45243144,0.46262455,0.4440732,0.4403044,0.44747853,0.44611198,0.44188976,0.45244473,0.45323825,0.44191164,0.4431224,0.44127107,0.44506687,0.4292398,0.43404466,0.45283884,0.439035,0.43541807,0.44755358,0.45774013,0.43526244,0.44479114,0.45600092,0.4634142
0.45203274,0.4533198,0.48166764,0.4631741,0.44130874,0.47503066,0.45919764,0.45874828,0.48800343,0.46578497,0.4712013,0.46275717,0.46277946,0.4660923,0.47031093,0.45163047,0.45719814,0.4640602,0.46696532,0.45446634,0.4578756,0.46225178,0.4471987,0.45351553,0.4412135,0.4633103,0.4597156,0.45415717,0.44639963,0.4504456,0.45526284,0.45523202,0.43700403,0.4473902,0.45297664,0.47583556,0.45464176,0.46236855,0.47071022,0.45239592,0.46622878,0.46331555,0.4655761,0.47463644,0.4562617,0.46360248,0.4624611,0.44805473,0.44734776,0.47569227,0.45446253,0.46191096,0.46577126,0.45688152,0.45333827,0.46134287,0.44924015,0.4788829,0.44673687,0.45751995,0.4534437,0.45541126,0.45783174,0.46964878,0.45730108,0.47407234,0.4497218,0.4441734,0.45768595,0.45718867,0.45712692,0.4723667,0.4675926,0.47238177,0.45588875,0.45234233,0.46318084,0.45399308,0.45796138,0.45269644,0.45718378,0.4613406,0.4666561,0.45148492,0.47249442,0.4663962,0.47220677,0.44920135,0.45607919,0.45520037,0.45706713,0.4459157,0.46764016,0.44275236,0.46868497,0.4648872,0.4509347,0.4678921,0.45867413,0.46898687,0.47296977
0.45344347,0.49020594,0.46769738,0.48227477,0.47549474,0.47701836,0.47817487,0.4690975,0.4898113,0.47506922,0.47198296,0.48756385,0.45838666,0.4646479,0.4707613,0.46545488,0.4758978,0.4690724,0.47490674,0.48159623,0.47601837,0.4705457,0.48965102,0.48003513,0.47375536,0.4851179,0.4669459,0.4950319,0.47025365,0.4700976,0.4685734,0.48622924,0.46558797,0.457223,0.45846188,0.4868788,0.46856683,0.493618,0.4729303,0.48164678,0.4850124,0.48005712,0.47920275,0.47751427,0.49520248,0.47677505,0.48315215,0.49076706,0.48733795,0.46668965,0.47951305,0.4623381,0.4655347,0.4811139,0.48264086,0.46810728,0.46466112,0.47207916,0.484922,0.47482312,0.48334324,0.46883988,0.46842396,0.46726227,0.4707331,0.47238225,0.49463338,0.47368646,0.48946923,0.4806872,0.4840973,0.4728446,0.49079043,0.48604918,0.48315728,0.47990656,0.46884996,0.4797446,0.46937478,0.4754604,0.47701895,0.46949512,0.47160345,0.46663243,0.4940334,0.4814924,0.46823293,0.462839,0.47355086,0.47804278,0.4703138,0.46473724,0.4789716,0.4759208,0.49333966,0.46323144,0.468162,0.46296996,0.47181225,0.47384328,0.4761842
0.4542152,0.40146452,0.41582364,0.4088807,0.40901405,0.42856497,0.41803467,0.4231447,0.4094664,0.40986073,0.40057313,0.39741063,0.41411817,0.38749188,0.41060925,0.40287042,0.43927372,0.41240853,0.44688714,0.36963278,0.43048096,0.4155774,0.41465628,0.39165717,0.4114946,0.41096348,0.40930438,0.4252391,0.39470345,0.41641396,0.41808134,0.4283504,0.40705395,0.38936394,0.41124868,0.39191866,0.42242873,0.42395514,0.43467867,0.4084335,0.40880919,0.39699215,0.40858412,0.39577395,0.4085086,0.40889043,0.40233886,0.40274286,0.4185549,0.39795965,0.41518098,0.39724255,0.4205954,0.41404307,0.3981347,0.40335214,0.41213185,0.3948037,0.41314232,0.41191524,0.4110092,0.39510322,0.4073304,0.40874988,0.43817037,0.41451675,0.3971272,0.38494575,0.4175772,0.4254014,0.41858178,0.41762912,0.43681604,0.3868624,0.37672555,0.42014736,0.40024745,0.4093483,0.39910728,0.4252215,0.40543348,0.4024393,0.4183135,0.39912254,0.4068675,0.41044974,0.41180754,0.41419762,0.41585582,0.40988338,0.3909704,0.4275462,0.42333794,0.41219473,0.43521827,0.40401542,0.40574265,0.39853358,0.40090454,0.40348303,0.41956806
0.45481429,0.47187364,0.4646688,0.47907394,0.47706342,0.47953373,0.48610276,0.48835754,0.46889502,0.4821232,0.48306113,0.47917414,0.47821707,0.49016362,0.47897667,0.4719634,0.47513366,0.47914118,0.47629803,0.47697943,0.47533345,0.48014402,0.4842043,0.49076885,0.47976702,0.47966903,0.4826492,0.47820878,0.4840781,0.47029674,0.48162836,0.46948856,0.47793174,0.48882008,0.4826485,0.46664137,0.47554374,0.4765951,0.4737774,0.48399168,0.48048204,0.48137414,0.4731754,0.46535283,0.49060744,0.48402548,0.4976433,0.4928208,0.4620077,0.49318224,0.4637224,0.4870503,0.49036908,0.4621172,0.48999888,0.47022808,0.47019202,0.48845476,0.46526867,0.4791931,0.49048948,0.47826344,0.49204797,0.4714387,0.49669623,0.48802835,0.4799134,0.4807983,0.469437,0.46831632,0.4646502,0.49041897,0.4920588,0.46390545,0.46401435,0.46219677,0.4861433,0.4802071,0.47708362,0.47150922,0.47189832,0.4755137,0.48983055,0.4801281,0.47717994,0.5011487,0.47275853,0.50424147,0.49060816,0.4790433,0.4770844,0.4958508,0.4741112,0.49204874,0.48369628,0.48524672,0.47887188,0.48054695,0.4757883,0.47988504,0.48085028
0.45492855,0.47799492,0.46354657,0.46479028,0.47797447,0.48007512,0.4732402,0.4633729,0.47471923,0.4788407,0.46416384,0.46912897,0.46751893,0.47536677,0.46946913,0.4769109,0.4760216,0.4635622,0.4728697,0.4637549,0.47374582,0.46572828,0.45919782,0.4794314,0.45872134,0.45974374,0.4763319,0.4569003,0.47010475,0.47137076,0.47176373,0.47913998,0.45945644,0.4653874,0.46629578,0.46292174,0.4662239,0.4615757,0.46227098,0.46864402,0.4523288,0.46115506,0.45532316,0.4696256,0.4752953,0.46002644,0.4614393,0.4771992,0.46906668,0.46265364,0.45496178,0.46661758,0.4676761,0.46189886,0.4642799,0.46550596,0.46680057,0.46954292,0.4601485,0.46883196,0.45994347,0.45732355,0.46399802,0.480246,0.4830165,0.46569824,0.46833295,0.47332472,0.47996938,0.47666264,0.4702788,0.46235442,0.45638108,0.46325547,0.4745978,0.467497,0.46468002,0.47942507,0.47614104,0.46951866,0.4565853,0.4835539,0.47692174,0.44690388,0.46603298,0.46304953,0.46619874,0.46106535,0.47584438,0.46780175,0.46447414,0.47170448,0.4751585,0.4854557,0.48140687,0.4641878,0.46566695,0.46265018,0.46644944,0.46114272,0.469119
0.45607454,0.43527704,0.44428074,0.47519433,0.4597721,0.4404983,0.45284462,0.45379943,0.46453017,0.45837831,0.4385839,0.44352037,0.4369446,0.44623226,0.4368704,0.45026213,0.46036673,0.45934176,0.43259227,0.44990182,0.44963056,0.44581807,0.44998538,0.4584568,0.46936446,0.45690984,0.44328737,0.45467144,0.4482013,0.4403239,0.45130223,0.4539476,0.45992452,0.46467572,0.45711637,0.44068253,0.4537456,0.44633466,0.4534667,0.45500088,0.4650244,0.44444692,0.4434709,0.44974577,0.43549234,0.44598573,0.45354337,0.45511472,0.46739072,0.4394167,0.44040078,0.45408577,0.4624852,0.44198585,0.4400319,0.44337732,0.44909525,0.44602698,0.43939853,0.4451226,0.45945978,0.4592877,0.45655423,0.45209336,0.43834627,0.47490418,0.43705958,0.44124305,0.45723075,0.4416116,0.4436444,0.45922768,0.47052222,0.44481015,0.45375502,0.4431966,0.44675207,0.4584862,0.457999,0.4585048,0.44906908,0.44181317,0.46124542,0.45017093,0.45867229,0.44303346,0.44937074,0.45607632,0.43515027,0.43891144,0.45373297,0.43779248,0.45718408,0.45616388,0.4496615,0.455625,0.4574393,0.45376098,0.46075648,0.45944488,0.45091492
0.45793518,0.49655634,0.49685293,0.47650504,0.46976066,0.4810837,0.50148696,0.4802618,0.49938923,0.4714359,0.48663753,0.4812106,0.48792094,0.4982735,0.48682827,0.49084067,0.46162707,0.46683377,0.46383262,0.48785585,0.4677788,0.47699744,0.47401482,0.47537535,0.4814918,0.50028634,0.46017116,0.4830252,0.46803844,0.4841969,0.47252375,0.47575593,0.49734753,0.489304,0.49754703,0.4678213,0.48796695,0.4990567,0.48441976,0.49265683,0.47696638,0.4734425,0.47832507,0.4783429,0.46564406,0.4745105,0.4865023,0.4927864,0.49167472,0.4782853,0.4744569,0.46707362,0.47700274,0.4835065,0.48288804,0.47556913,0.4907791,0.47508234,0.49555153,0.48029584,0.49443823,0.47245282,0.49633068,0.4736597,0.48889256,0.49039572,0.4526587,0.4707961,0.4807214,0.48178256,0.48466516,0.48349667,0.49844837,0.48724443,0.48085517,0.4963553,0.4711131,0.473491,0.46869433,0.4854669,0.46856827,0.4798087,0.47260976,0.50924546,0.47005647,0.48857087,0.48570597,0.4934591,0.4808913,0.4928367,0.48179156,0.4831804,0.4792174,0.46049112,0.48990756,0.4761395,0.48418665,0.49327624,0.48363662,0.49376005,0.4802932
0.45817515,0.4708925,0.47686732,0.47870934,0.48313034,0.46479154,0.4635191,0.46378618,0.46799076,0.48052776,0.47320563,0.47978902,0.48965955,0.48178005,0.47413254,0.48128444,0.47439432,0.48114341,0.48891276,0.47079176,0.47926664,0.47423738,0.48419237,0.48124343,0.47359264,0.48672873,0.47916085,0.49458462,0.45148426,0.47983283,0.48383218,0.48074377,0.47949862,0.47408956,0.47582805,0.49267006,0.4757536,0.48815924,0.46311504,0.4751956,0.4887824,0.47608793,0.4848295,0.47597772,0.46640497,0.47829294,0.4842115,0.48193258,0.4753127,0.48171806,0.47810167,0.48302126,0.4883077,0.47783434,0.48056942,0.48210424,0.47837144,0.47530323,0.4986899,0.48464757,0.48276228,0.47399092,0.49275428,0.4830464,0.4833396,0.48577857,0.48919272,0.4864831,0.48076046,0.47031987,0.48596603,0.48275828,0.4777025,0.47221738,0.4752664,0.48221654,0.47514474,0.4793889,0.48524314,0.47627795,0.4627813,0.48261994,0.4939649,0.4653499,0.48920435,0.4691292,0.46828955,0.48056817,0.47811943,0.46916687,0.45796883,0.48847193,0.4919027,0.47649717,0.49402517,0.48481685,0.4745596,0.47230685,0.4697649,0.48630905,0.48377717
0.4585556,0.4916662,0.4849096,0.4981451,0.4784431,0.48301136,0.49500108,0.46847463,0.47632158,0.48017085,0.47188085,0.48253703,0.4824301,0.48296827,0.4732479,0.48843616,0.46924508,0.4644487,0.49182528,0.49659663,0.49779356,0.49083835,0.49055606,0.48902202,0.46617854,0.48995692,0.4790148,0.4803748,0.474711,0.48053128,0.47245377,0.49990922,0.47401077,0.4745552,0.47099352,0.46552533,0.48796356,0.48174852,0.48481643,0.4934607,0.48075438,0.47742957,0.4852996,0.4908015,0.4892472,0.47897875,0.4729479,0.4885316,0.46584725,0.47373927,0.47509515,0.49623114,0.48079264,0.49032658,0.4664992,0.48357302,0.4762584,0.46932137,0.48779643,0.47442085,0.48436284,0.4868989,0.48353708,0.45960677,0.48452014,0.4834975,0.48227078,0.49166024,0.48726892,0.4924727,0.47836614,0.4812675,0.47391444,0.48614508,0.48336118,0.47993362,0.46767306,0.4803617,0.4771396,0.48687607,0.47341436,0.48390222,0.4757188,0.4853024,0.48172182,0.48312825,0.48003656,0.49355376,0.47918665,0.46901965,0.4762171,0.46448737,0.48349613,0.48104024,0.47999442,0.46621257,0.47744423,0.47043198,0.48574382,0.4859081,0.4889084
0.45915362,0.4503647,0.44769335,0.4597739,0.44015348,0.43803668,0.45386744,0.4625647,0.4536643,0.46131635,0.4562713,0.4345938,0.44530648,0.4427129,0.446387,0.4571321,0.44071007,0.45460021,0.45939863,0.4550742,0.46000057,0.44384927,0.4538343,0.47019994,0.45535922,0.43527496,0.45520812,0.44413704,0.44756263,0.4564013,0.45619255,0.4377402,0.45656598,0.46328896,0.4361431,0.44648397,0.46603274,0.44182587,0.45947587,0.44900125,0.43957794,0.43756896,0.43925512,0.46203977,0.44067824,0.45757967,0.45470476,0.45336723,0.42809987,0.4596597,0.45818442,0.43649614,0.44440055,0.4333982,0.43659902,0.43663347,0.4650541,0.45296496,0.45506227,0.44339097,0.47164923,0.45094663,0.450943,0.44749284,0.45357102,0.45260423,0.44628793,0.46546167,0.47051477,0.4443637,0.45821136,0.44364262,0.44862068,0.45027745,0.4490927,0.45473868,0.4454925,0.4256959,0.44078428,0.4369908,0.46777833,0.46556598,0.4597264,0.45205617,0.45682603,0.43744206,0.4372363,0.4550112,0.45914972,0.45787978,0.46099645,0.44970345,0.44450796,0.45810372,0.43733394,0.4581734,0.45703018,0.4554019,0.45399934,0.42531937,0.44008446
0.45932972,0.45854163,0.4716879,0.46629953,0.46203846,0.45888186,0.44780225,0.4522584,0.46460044,0.45380694,0.4632051,0.4742375,0.44541186,0.45379275,0.47528207,0.45384276,0.46145195,0.4657302,0.46707052,0.469191,0.4410625,0.45289695,0.46054488,0.4597507,0.4639926,0.46133006,0.45394242,0.4535271,0.45466256,0.46385372,0.45373023,0.4561208,0.437366,0.45592093,0.46752042,0.4593243,0.4490301,0.4525386,0.4499706,0.48441482,0.471752,0.4583603,0.46211755,0.47238415,0.45351315,0.46152437,0.46360004,0.45389384,0.46299076,0.48063552,0.43717766,0.44768083,0.45067388,0.45735806,0.45636165,0.4534635,0.45271486,0.452578,0.47009873,0.44133317,0.46337837,0.46480304,0.46151656,0.44274884,0.4671743,0.4457518,0.46334118,0.45770687,0.4699607,0.45311964,0.46584672,0.45090258,0.45634103,0.45270115,0.4689647,0.46055824,0.48582268,0.44935393,0.45800972,0.4650917,0.45866644,0.4408992,0.45517075,0.45535374,0.43582028,0.46775073,0.45533335,0.4563619,0.46113056,0.4647597,0.46936965,0.4515409,0.4515304,0.44702667,0.45640808,0.47659737,0.45842838,0.4497072,0.48128045,0.46850103,0.45631516
0.45934868,0.45248735,0.4702896,0.46088922,0.45048946,0.46179914,0.4638415,0.45908624,0.45924276,0.4646564,0.47297627,0.469321,0.44620013,0.46491742,0.47196746,0.4570629,0.47115535,0.46950358,0.4546032,0.4592713,0.47539818,0.4678433,0.46843618,0.4529165,0.45390236,0.4647354,0.45893693,0.4415666,0.47463214,0.45893514,0.46723914,0.47362763,0.48097146,0.4522298,0.46332616,0.45740873,0.46172053,0.47330487,0.46200395,0.47587436,0.45840728,0.45760596,0.47013044,0.4718395,0.45727217,0.4579897,0.4559862,0.45454073,0.4486217,0.46028024,0.46880358,0.4624442,0.46097964,0.45770776,0.4727671,0.4633013,0.46319807,0.4376812,0.46449924,0.45488977,0.4537475,0.46608496,0.45465708,0.46992654,0.458148,0.43468827,0.4658534,0.46546912,0.4666134,0.45710158,0.47085392,0.45395327,0.4537655,0.45221013,0.4620769,0.45831198,0.4540565,0.4687881,0.45167357,0.46470118,0.45155698,0.47297192,0.46168005,0.45579058,0.45486403,0.45045632,0.47586077,0.45319587,0.47183186,0.46643054,0.46260256,0.45728183,0.4487958,0.46273184,0.46580815,0.46255612,0.4582699,0.4657092,0.46062136,0.46832097,0.45825338
0.46065325,0.46773827,0.46085626,0.45179105,0.4541344,0.45336545,0.45849043,0.45027947,0.4474705,0.46793818,0.44766283,0.46033627,0.4573154,0.4526053,0.4575783,0.4465114,0.45738202,0.46128565,0.4687696,0.4422518,0.4490285,0.45804882,0.4619434,0.46658158,0.47485662,0.46195745,0.45869207,0.46867305,0.45885044,0.45852596,0.46324742,0.4546088,0.4508648,0.46496826,0.46024716,0.46519858,0.44416082,0.44999617,0.4659357,0.44916207,0.46019274,0.45986503,0.45520335,0.4718073,0.44333404,0.4567333,0.4765144,0.4455555,0.48136312,0.4544096,0.44779474,0.46074033,0.43623757,0.464934,0.4592039,0.46413773,0.4724759,0.46941632,0.45007533,0.46324992,0.45311797,0.43621546,0.4643184,0.46059787,0.45669907,0.44732887,0.45302194,0.46360743,0.46622974,0.4473048,0.46024746,0.46029925,0.46944702,0.4481796,0.4882226,0.4515741,0.45118707,0.4573012,0.4646623,0.45825833,0.45471162,0.44928622,0.47108275,0.4748119,0.4553035,0.45649248,0.44289476,0.46274966,0.4764818,0.47116238,0.46181196,0.47455674,0.46877897,0.4492988,0.4474278,0.46034682,0.44582373,0.4547652,0.4715963,0.46244252,0.46354353
0.46081448,0.45512933,0.45562154,0.4484725,0.42154324,0.42291695,0.43660647,0.4439481,0.42696184,0.43386096,0.42156637,0.44037735,0.42441654,0.4288481,0.44978952,0.44180655,0.43795824,0.43867892,0.4336757,0.44356996,0.43509507,0.46205568,0.43223548,0.43382472,0.4465865,0.44432032,0.4547993,0.4390847,0.44179052,0.43464458,0.44912833,0.44194847,0.46065128,0.4466957,0.4446664,0.45286977,0.43079424,0.43501675,0.42957902,0.44860226,0.4185472,0.44715893,0.4272712,0.42633682,0.42515045,0.41871268,0.45218474,0.4505152,0.4167527,0.43789023,0.44223034,0.4437797,0.42275196,0.41438735,0.42892605,0.43876368,0.4474283,0.4318999,0.4144655,0.43273288,0.43362528,0.41479695,0.43420607,0.43707,0.43614995,0.4295128,0.435206,0.44249427,0.46388304,0.43485427,0.44430935,0.42914146,0.41374665,0.42565686,0.42506868,0.43745983,0.42623776,0.438186,0.45393246,0.43035442,0.41198987,0.45266086,0.44629854,0.42311394,0.44415504,0.44861162,0.42491657,0.42797828,0.4123845,0.44636333,0.43581605,0.4326982,0.4328341,0.43675375,0.4413566,0.44544184,0.4432022,0.44947636,0.4418488,0.45616317,0.43419576
0.46144345,0.45715916,0.45601016,0.44931138,0.45665663,0.4672684,0.45654792,0.46580112,0.43492925,0.4513831,0.46991932,0.43839842,0.46697634,0.46291447,0.4537363,0.46767586,0.45082527,0.46055818,0.4683625,0.4585197,0.4581765,0.4484982,0.46639472,0.45953643,0.45970213,0.48045146,0.44471538,0.4560063,0.45899725,0.44581258,0.44997078,0.46274757,0.47420835,0.47482657,0.4515794,0.46215206,0.4443246,0.46468985,0.47229707,0.4578882,0.46842116,0.4546563,0.46154803,0.454835,0.44849342,0.4567541,0.45594573,0.44918364,0.42675972,0.45287716,0.46842247,0.47023392,0.45948523,0.45060474,0.47442967,0.46558648,0.45573485,0.43326646,0.46284264,0.44317925,0.43836772,0.45161426,0.46254462,0.4628418,0.4512632,0.4532057,0.46771997,0.46627027,0.44771558,0.46254587,0.4667681,0.4682626,0.44273877,0.44530165,0.46323156,0.44889742,0.44577873,0.46244955,0.42984313,0.4480877,0.4491933,0.44155306,0.45516455,0.47188568,0.4604988,0.44889998,0.47736079,0.43390507,0.46408707,0.48519742,0.46066165,0.4679067,0.47095716,0.45754212,0.45855892,0.43753076,0.45519602,0.46356183,0.46068925,0.4648195,0.45043796
0.46215206,0.48024958,0.47955012,0.4836182,0.48240423,0.4754526,0.4693821,0.47665757,0.49511117,0.47358823,0.47118372,0.48127532,0.4756137,0.49316913,0.4753272,0.48147595,0.46721494,0.48394495,0.4688989,0.47216344,0.47210526,0.47065932,0.47785038,0.47021133,0.4749213,0.46402156,0.4738015,0.46580577,0.48186314,0.48689407,0.4865697,0.47806412,0.47681856,0.47797793,0.46871358,0.47587657,0.46729225,0.47686303,0.48518515,0.46119356,0.48209608,0.4792745,0.46974963,0.4714139,0.48321486,0.47324312,0.46839058,0.479751,0.49396032,0.47968787,0.48595387,0.4660502,0.47822148,0.47521257,0.46578348,0.4730013,0.47211713,0.46641827,0.47788113,0.4673385,0.47644025,0.46996808,0.48748797,0.47053027,0.46408534,0.47025275,0.47023892,0.4706158,0.4760025,0.4701305,0.4728064,0.48323482,0.48560154,0.47209096,0.46630228,0.47202963,0.47540015,0.47249186,0.474764,0.4655646,0.48539305,0.48647326,0.45744354,0.47628117,0.4849279,0.48105907,0.4710589,0.47672105,0.47970605,0.47400737,0.47848278,0.47504747,0.45561433,0.45942646,0.48649263,0.46939504,0.4847321,0.4686132,0.47713214,0.4781059,0.47909606
0.46224317,0.47266448,0.47619903,0.47485876,0.4725955,0.47419155,0.47818184,0.47316045,0.48433834,0.4790756,0.4718578,0.47134578,0.46176386,0.47193003,0.4625746,0.47777683,0.4761848,0.46286857,0.47826648,0.4689868,0.464149,0.48015273,0.4808548,0.46335685,0.47505897,0.4594499,0.48581243,0.46619666,0.47479707,0.4745083,0.47431362,0.47588772,0.4867779,0.4613343,0.47673488,0.48385054,0.49313104,0.46740592,0.46073604,0.47253108,0.48285496,0.46798885,0.4900341,0.47910535,0.47917813,0.48256433,0.4711432,0.46926838,0.47076297,0.47877973,0.4813999,0.47144526,0.47817504,0.4658103,0.4668731,0.46738344,0.46883148,0.48267037,0.48240137,0.47365308,0.480233,0.46753138,0.47674,0.4751305,0.47387677,0.47488606,0.47177875,0.46127135,0.45869792,0.47456563,0.46967548,0.48426348,0.46408415,0.47385454,0.4769882,0.48257315,0.46698385,0.47165835,0.47387248,0.48314667,0.47707444,0.4730507,0.48116684,0.47435397,0.4724447,0.47495764,0.47043878,0.46666688,0.4647231,0.48296887,0.46574235,0.4757635,0.4895932,0.46938288,0.471685,0.47134018,0.4846025,0.48091936,0.47775567,0.47008425,0.46312022
0.4627761,0.45038235,0.47054565,0.4650398,0.46773642,0.46744674,0.46431446,0.46896994,0.47420537,0.48563147,0.45620686,0.47021788,0.46925414,0.4753266,0.46563518,0.47011226,0.46977425,0.46520323,0.47257555,0.4460593,0.4679709,0.4808725,0.4831897,0.45937377,0.46765655,0.46642274,0.46334857,0.45533347,0.47346383,0.4484341,0.46071374,0.46167183,0.47069263,0.4678545,0.47673935,0.46843243,0.4772027,0.47843146,0.4562769,0.45871902,0.46095544,0.4636289,0.4602298,0.46937853,0.45768857,0.47489524,0.46396285,0.45890534,0.48125213,0.4767843,0.46752733,0.47742754,0.46223783,0.45512694,0.47164375,0.46182424,0.46345472,0.462529,0.4621107,0.4578753,0.47311848,0.4625308,0.48535514,0.48489374,0.46848547,0.46568263,0.4667343,0.43893224,0.4718083,0.45206445,0.47452247,0.47404188,0.45396864,0.4611562,0.48554367,0.45768845,0.46578693,0.47203976,0.4762872,0.4412908,0.4773093,0.4681059,0.46880466,0.48966217,0.47409797,0.4775309,0.47007698,0.4747252,0.45855772,0.46603018,0.46216,0.44386047,0.4600228,0.46415138,0.4466399,0.4591096,0.4784754,0.45657903,0.46601295,0.465149,0.44196886
0.464175,0.47624356,0.48542905,0.49202633,0.47754097,0.49153817,0.48928547,0.47603625,0.48997635,0.48964137,0.48083663,0.48888832,0.49494523,0.48913437,0.48896122,0.48653245,0.490309,0.47911447,0.49274212,0.48411453,0.48804325,0.4727313,0.48781675,0.48522866,0.490479,0.48579985,0.48880714,0.4863398,0.46370816,0.4937653,0.4720103,0.49196106,0.48299116,0.46440148,0.4827993,0.4944921,0.47097176,0.48859084,0.47361892,0.48972803,0.48561996,0.47603124,0.4771933,0.49389243,0.48626876,0.4832381,0.4847054,0.48216426,0.47585833,0.4865129,0.47719842,0.48818445,0.47774374,0.46906632,0.48841286,0.47586167,0.47523844,0.47965753,0.48079866,0.49278134,0.4784168,0.47792476,0.46818793,0.4776551,0.48210925,0.49201304,0.47965276,0.48574466,0.4961099,0.47831386,0.4691915,0.48211998,0.48288488,0.4760828,0.48283952,0.48228168,0.4946959,0.4655993,0.4742698,0.48368472,0.49723434,0.48661053,0.48209298,0.5003479,0.48909086,0.48387486,0.48948961,0.4834714,0.48515898,0.49676228,0.47628373,0.48703963,0.47276217,0.48564696,0.4758597,0.48721248,0.4867103,0.47978282,0.48126644,0.4773438,0.48220426
0.4650616,0.4960243,0.48893392,0.5016871,0.48557037,0.49704397,0.49955815,0.49345815,0.50406456,0.5023444,0.48113424,0.5015927,0.48325604,0.4893188,0.49604732,0.48417532,0.4897048,0.49723995,0.49867153,0.49092,0.4967366,0.5057202,0.48834676,0.49555945,0.50656295,0.4861877,0.47905314,0.5012187,0.5024558,0.4879709,0.49153548,0.49006236,0.491238,0.49699438,0.49459141,0.49417323,0.4870274,0.48816365,0.47974813,0.5085789,0.49808013,0.49947155,0.49318302,0.49385428,0.4837137,0.49668616,0.48847646,0.49064744,0.49487084,0.48733103,0.50735927,0.4894458,0.48807478,0.4985394,0.4803095,0.48797202,0.493159,0.4959395,0.48701644,0.500094,0.49132556,0.4850089,0.48944783,0.4818521,0.4953844,0.48952627,0.49323517,0.48685127,0.4908356,0.4928221,0.4927717,0.49266374,0.50894207,0.5001554,0.4929266,0.5019584,0.4856695,0.50298935,0.49809432,0.4800685,0.49082655,0.4876796,0.49020553,0.5110973,0.49251878,0.5055782,0.48996717,0.49410266,0.49344206,0.49937695,0.48598772,0.5075589,0.49704158,0.4893906,0.4841081,0.49061835,0.4804746,0.49861258,0.4913826,0.49576735,0.50712293
0.46577144,0.5531344,0.5444754,0.55132264,0.5290849,0.54867417,0.5526282,0.5339119,0.5480146,0.54600567,0.55190927,0.55816174,0.5524085,0.54109454,0.5445053,0.5419172,0.54545134,0.5622005,0.55333346,0.54947346,0.5461774,0.5472839,0.5344353,0.54357034,0.5429926,0.5452734,0.5570091,0.5402623,0.54999125,0.55222946,0.5456553,0.55668,0.5446091,0.5530845,0.55102926,0.55131906,0.5336323,0.5481917,0.54986346,0.5551249,0.55081594,0.5479735,0.5410212,0.5466834,0.5426045,0.5606992,0.54301727,0.55046374,0.5592033,0.5593253,0.5485019,0.54783505,0.5466349,0.5456455,0.5538325,0.55037725,0.55645335,0.55712026,0.5528032,0.54426444,0.54748064,0.5499429,0.5493381,0.5594472,0.54139596,0.54393077,0.5575173,0.5536434,0.5500765,0.5480375,0.5470359,0.56146127,0.5496108,0.56292903,0.5476393,0.55487335,0.55216396,0.54670155,0.5604713,0.5483867,0.54608685,0.54977053,0.56163394,0.5539988,0.5430737,0.55189174,0.5568841,0.55259645,0.547587,0.5447373,0.546688,0.54523325,0.5475891,0.5637852,0.55350953,0.53822476,0.54727316,0.54672915,0.5607056,0.56001776,0.5489795
0.466117,0.45288354,0.4388336,0.44209468,0.42862606,0.4355961,0.47053474,0.437136,0.4549194,0.4613763,0.44609648,0.4455126,0.45715016,0.45309138,0.4452855,0.45199883,0.44690192,0.44601893,0.44551206,0.4250614,0.43991375,0.44380367,0.4353664,0.43851906,0.44409543,0.46440297,0.45135856,0.45055133,0.44146675,0.46116745,0.46356332,0.44662696,0.46035546,0.46522272,0.4477033,0.43807954,0.4301079,0.4483093,0.43634754,0.45849174,0.46237016,0.45730275,0.44901586,0.44402486,0.448164,0.44291484,0.42373365,0.44213563,0.45305806,0.4422326,0.4627332,0.4376768,0.4520151,0.43652862,0.44685876,0.44422024,0.46456504,0.44527948,0.44981503,0.43677127,0.44449675,0.44123006,0.44687712,0.44597155,0.45706517,0.43679357,0.4394502,0.4584412,0.4382316,0.4498484,0.46822327,0.45642996,0.44341558,0.44677156,0.42933285,0.46157855,0.44676924,0.44349432,0.44984788,0.46978062,0.43720484,0.4257127,0.44612604,0.44177592,0.4387434,0.45006692,0.44014293,0.45616323,0.44343936,0.44371164,0.43344367,0.4357103,0.45121974,0.4484498,0.46026146,0.4449851,0.43018508,0.4506141,0.45424825,0.4396838,0.44968355
0.46630332,0.48171252,0.48285395,0.48272896,0.48386502,0.4868244,0.4679066,0.49113744,0.47301656,0.46605945,0.4770648,0.48776782,0.49132317,0.47688127,0.47998965,0.46960962,0.4880482,0.48018634,0.48394614,0.4840486,0.4873057,0.4767825,0.4778034,0.45738733,0.4703154,0.47270322,0.4808715,0.48322552,0.48019028,0.48490512,0.48160058,0.47513437,0.47536618,0.48640454,0.47938937,0.47976267,0.47655344,0.48057508,0.49528807,0.47958934,0.47653192,0.48014158,0.4704944,0.47993052,0.48455364,0.47848576,0.48308384,0.47636205,0.46474528,0.46185303,0.47687387,0.45721745,0.47001064,0.46373546,0.4807465,0.48178238,0.48057568,0.4694981,0.4848708,0.47566348,0.4846406,0.48997033,0.46223485,0.4777156,0.4628744,0.48139274,0.46855867,0.4779213,0.4741084,0.46306568,0.4805627,0.47168374,0.46424967,0.4844274,0.48613125,0.477216,0.47617584,0.4823485,0.48298556,0.4747038,0.4599384,0.46903378,0.4715557,0.4772824,0.4769097,0.4888922,0.4837972,0.46856272,0.4703462,0.47009176,0.47373384,0.48967624,0.4635871,0.48090017,0.49518025,0.47444028,0.4557897,0.4728648,0.47817183,0.48799384,0.4715901
0.46680316,0.45907646,0.4561535,0.4450273,0.46523327,0.46059817,0.45512098,0.44525528,0.48235667,0.46088064,0.45234877,0.4602154,0.4512725,0.4593591,0.46986532,0.47758478,0.45234656,0.45229322,0.44416535,0.44736093,0.44940686,0.4835708,0.4694599,0.46237653,0.45378578,0.4684648,0.46961272,0.45147216,0.46763742,0.46192265,0.4555676,0.44419718,0.4489544,0.45829946,0.46045554,0.45713305,0.46183866,0.46177894,0.46093243,0.46407497,0.45004213,0.46481514,0.4469205,0.46593022,0.45730388,0.4511884,0.44930017,0.449203,0.4461357,0.45118815,0.45093882,0.45820224,0.46066964,0.4370619,0.44899172,0.45642424,0.44738048,0.45939618,0.45500624,0.4575125,0.43815058,0.4618913,0.44135112,0.4540364,0.4515552,0.451555,0.45170265,0.4457854,0.45659477,0.46262717,0.46855116,0.47787696,0.47811598,0.44955444,0.44914627,0.46482426,0.4925546,0.46532214,0.44563764,0.46257478,0.46687132,0.46846348,0.46457148,0.45398933,0.45701015,0.46072215,0.454014,0.45600766,0.4378413,0.4544297,0.45525998,0.45231688,0.44672602,0.4511789,0.46312183,0.45190334,0.44182032,0.44042224,0.47050178,0.4625641,0.4726225
0.46751216,0.46003938,0.46804762,0.46851724,0.45739853,0.47171772,0.4843673,0.47548246,0.47027028,0.476712,0.46707165,0.44379932,0.47875667,0.46773982,0.47203648,0.4775949,0.4606642,0.4688143,0.4898662,0.46659344,0.47926897,0.47743905,0.47930157,0.47394925,0.45870638,0.46913034,0.47588724,0.45855302,0.46411037,0.48696142,0.45773578,0.47679245,0.46955937,0.46667606,0.47101825,0.46878195,0.48558968,0.45959622,0.46784598,0.4675727,0.48246336,0.47483206,0.46976584,0.486331,0.47101814,0.465482,0.4624231,0.46004176,0.47176933,0.46056342,0.4762336,0.45455796,0.45474404,0.4773103,0.47240818,0.46304196,0.4719476,0.46584618,0.47727346,0.47464132,0.47752756,0.47767508,0.48361194,0.47990346,0.47199887,0.47371334,0.45508653,0.47745758,0.46770185,0.4799531,0.46737343,0.4706539,0.4701981,0.45590466,0.48643696,0.4779454,0.47068006,0.4752215,0.47576356,0.47259384,0.46609056,0.48569864,0.45657122,0.4599669,0.4565249,0.4669276,0.47643197,0.4684924,0.48182118,0.48542202,0.46939665,0.48357219,0.48090267,0.4616832,0.4848333,0.4801712,0.45982426,0.458638,0.47443318,0.4752189,0.47935665
0.46777004,0.46907324,0.45657653,0.46122426,0.4366793,0.46030253,0.4723004,0.46649438,0.4551927,0.46527284,0.4477204,0.44394308,0.47201616,0.4679348,0.45517462,0.46454722,0.460692,0.45690387,0.46208274,0.47545767,0.45996284,0.47114545,0.4747929,0.46731353,0.4656641,0.46036053,0.4567697,0.46104544,0.47182584,0.4594729,0.47032,0.4675368,0.4790908,0.45223683,0.44193125,0.46021366,0.472261,0.4548056,0.46686083,0.48085338,0.43800616,0.4617179,0.46470368,0.46358496,0.46474946,0.46771765,0.4498186,0.46472472,0.45913577,0.47530967,0.46571916,0.43892848,0.46543646,0.48951066,0.46382934,0.4468596,0.45060694,0.462829,0.45777655,0.44510466,0.4600197,0.4586956,0.4453398,0.48308808,0.4601301,0.47369355,0.46454024,0.45428246,0.45931375,0.45600384,0.46740335,0.45870608,0.47085124,0.46937084,0.4491492,0.4634946,0.47730035,0.435481,0.46261424,0.46656626,0.46287924,0.4657085,0.46079487,0.47116023,0.46619904,0.44922453,0.47194827,0.47043896,0.4696417,0.44826776,0.45562506,0.46446228,0.46265316,0.45920283,0.46883613,0.45413476,0.46690762,0.4578094,0.46202773,0.4498114,0.45826846
0.46846372,0.45889705,0.45379996,0.47150153,0.49077404,0.45642412,0.4649607,0.46593374,0.47659945,0.4656583,0.46763468,0.4702074,0.4755289,0.47381037,0.47812706,0.4662919,0.47789943,0.47874093,0.46598816,0.48447353,0.48339635,0.47725928,0.49045908,0.4646756,0.4798472,0.4812672,0.48051536,0.4751439,0.4660837,0.46642226,0.4801231,0.47132194,0.47273678,0.4885143,0.4724676,0.48523813,0.4729057,0.46236497,0.4538468,0.4811676,0.46983677,0.47127914,0.45472908,0.48094952,0.48336893,0.47694844,0.46422118,0.4715073,0.47185642,0.47273928,0.47875768,0.47559434,0.45917046,0.45969397,0.453606,0.46310705,0.47748393,0.47116292,0.47132063,0.46187413,0.4657585,0.47432238,0.47244996,0.4752648,0.47385246,0.4810642,0.4689166,0.48131257,0.46915847,0.45994645,0.47880125,0.45807546,0.463143,0.48172075,0.46193224,0.48285782,0.45673573,0.45966423,0.47767597,0.46988785,0.4620403,0.46788198,0.46133584,0.47199148,0.4633987,0.47566658,0.45721287,0.47609663,0.46922988,0.47801292,0.46660018,0.4859323,0.46635592,0.47317344,0.4543541,0.45900214,0.45980716,0.46498913,0.46711588,0.46844167,0.4664002
0.46877944,0.48723495,0.48329902,0.4893772,0.48871958,0.48462152,0.48474318,0.49243802,0.4852447,0.46887678,0.48382342,0.4899016,0.49463898,0.48247874,0.48187375,0.48159564,0.48716354,0.49404418,0.4933275,0.49572796,0.4793172,0.4743896,0.46894497,0.4893747,0.489735,0.4822545,0.48574036,0.48502988,0.48022914,0.4827888,0.48203403,0.4806739,0.4864146,0.4836282,0.47696763,0.4818591,0.46955615,0.49439752,0.4960683,0.4957676,0.49572223,0.4865697,0.48910433,0.48613232,0.4798851,0.50093734,0.49840063,0.48785436,0.4860537,0.49049312,0.48848087,0.4794157,0.48881984,0.4872895,0.49097294,0.48852015,0.46404654,0.48904705,0.47817695,0.47635436,0.48706758,0.48513573,0.48381263,0.49147242,0.49594772,0.48024142,0.48665494,0.47486323,0.4962988,0.48054785,0.5001703,0.49249607,0.49040282,0.47801167,0.48006642,0.4911331,0.49238318,0.49558675,0.4822507,0.48879778,0.48238814,0.48533148,0.48413402,0.48815805,0.48195207,0.48893154,0.49123824,0.49228257,0.48165858,0.47519195,0.48851776,0.4786085,0.49062335,0.48485285,0.48532075,0.47470778,0.49453652,0.47748,0.4749844,0.48713553,0.48578745
0.4688909,0.44832426,0.4428178,0.438825,0.43685377,0.44917876,0.43921703,0.44729936,0.44658166,0.4372155,0.44588566,0.42597175,0.45912474,0.44452375,0.44712806,0.45926976,0.4470086,0.43375844,0.43820137,0.4460727,0.43815273,0.43617886,0.44818228,0.44703078,0.41712797,0.437899,0.42631835,0.4525802,0.4428352,0.42784542,0.43271798,0.4308139,0.42690134,0.44208068,0.4309498,0.44223332,0.4397325,0.43314862,0.4303236,0.4396962,0.4319893,0.43810254,0.4282636,0.4242105,0.43909234,0.44871712,0.4481098,0.44122595,0.4521739,0.4417554,0.44765776,0.43462747,0.45471156,0.4501211,0.45612675,0.44294804,0.44039375,0.45198846,0.43675476,0.44599855,0.43208617,0.45798427,0.4378054,0.44791257,0.45647383,0.43753332,0.45378262,0.41823477,0.46312565,0.438349,0.45103008,0.4325474,0.4359197,0.45932645,0.44079822,0.4545728,0.4363367,0.43583262,0.45116836,0.4581433,0.44546348,0.4420581,0.4155349,0.4372713,0.4538923,0.47179568,0.4430644,0.4257028,0.44202048,0.44692862,0.4354055,0.42661357,0.45921004,0.44173378,0.42583835,0.43463415,0.4429478,0.4359684,0.43871772,0.44439584,0.44091147
0.46957827,0.4707306,0.47895938,0.4746561,0.4858659,0.4844435,0.47835493,0.48052144,0.4821474,0.48126012,0.47029126,0.48155075,0.48561853,0.46988434,0.46956408,0.46023285,0.48379314,0.47802967,0.47027403,0.45960867,0.47894746,0.46601295,0.46979177,0.48532307,0.48176694,0.4845124,0.47672993,0.47781414,0.47832292,0.47762108,0.4659006,0.4860642,0.47546917,0.48025227,0.47541767,0.47692877,0.4755727,0.48088306,0.49013692,0.48369354,0.4906373,0.48170656,0.48864746,0.48296386,0.47111464,0.48005253,0.49195248,0.47359496,0.47692913,0.4778257,0.4862386,0.4744566,0.48853165,0.45941943,0.4634046,0.4805079,0.4864928,0.4694174,0.486417,0.4689079,0.4871726,0.49563903,0.48961973,0.49120224,0.47698987,0.46965623,0.46582037,0.47737533,0.48494124,0.48089975,0.47566962,0.4723634,0.48033357,0.4875946,0.475277,0.47695577,0.47196656,0.47206545,0.4847831,0.47920543,0.48042005,0.4823873,0.4708066,0.46958768,0.47272992,0.47535855,0.48054194,0.4721108,0.470726,0.45971745,0.47815728,0.48663294,0.4787435,0.476771,0.47095764,0.46856058,0.4701422,0.47529447,0.4863479,0.485178,0.47397953
0.47015566,0.43922353,0.45533282,0.44509238,0.448789,0.4484902,0.4345789,0.4463027,0.46786904,0.44385785,0.44608384,0.46305263,0.45958507,0.44988376,0.43783605,0.452213,0.45849794,0.44380206,0.44789433,0.46918082,0.45200986,0.46067291,0.44959587,0.45539522,0.4464842,0.4505623,0.4532529,0.44673276,0.4477744,0.44746572,0.45858556,0.43856347,0.46978474,0.46730202,0.43641257,0.45412123,0.46221364,0.43723,0.45044756,0.4614691,0.45158565,0.45183843,0.45900136,0.45866317,0.44736874,0.44570768,0.45317495,0.44951767,0.45035875,0.4603458,0.46024758,0.44419986,0.45769602,0.45369673,0.43736082,0.45560473,0.46685833,0.47449636,0.45560497,0.45292193,0.4499786,0.46615827,0.44462746,0.4415397,0.44904912,0.44378477,0.44359732,0.45512187,0.46083146,0.44165522,0.45369816,0.45340616,0.47023726,0.44837767,0.43757832,0.45379603,0.4632002,0.45994025,0.4626673,0.4656185,0.44642413,0.44793677,0.43173116,0.44241697,0.44212317,0.47269684,0.43720365,0.4536401,0.46744072,0.44840777,0.45088315,0.4540301,0.4325543,0.46125805,0.4277621,0.4363793,0.45244783,0.45151252,0.43613797,0.4550947,0.44124132
0.4701677,0.44766062,0.41551608,0.43614495,0.43520212,0.43763322,0.43396813,0.4362275,0.45678568,0.42659515,0.43122405,0.43999243,0.42667472,0.4176107,0.4411385,0.41281146,0.42242396,0.4471193,0.4364285,0.41061062,0.45315623,0.4374833,0.44951057,0.42838705,0.4314168,0.4450311,0.41579324,0.45933002,0.4206776,0.42883855,0.44463176,0.44261646,0.44148892,0.4332831,0.41427875,0.438043,0.4421906,0.44517606,0.44110054,0.43618685,0.45629263,0.45523477,0.42492282,0.4439209,0.44504446,0.44559616,0.44894397,0.43168247,0.43374115,0.44506437,0.4435897,0.4545747,0.43751168,0.4325676,0.4225586,0.42338228,0.43747658,0.44165713,0.44129717,0.44055474,0.4410131,0.42289138,0.42372423,0.41660857,0.44292462,0.43500948,0.45681274,0.41917336,0.44655436,0.43414408,0.42725843,0.424343,0.43949765,0.41823316,0.4353482,0.42128664,0.43153906,0.45528758,0.41881573,0.42983186,0.43411595,0.4379301,0.44801402,0.44778997,0.44896448,0.44661748,0.4204436,0.43002844,0.44204497,0.44494915,0.44289565,0.42234308,0.45406872,0.44168854,0.43857843,0.45229203,0.42785054,0.44729763,0.41634482,0.41637468,0.43318176
0.47173342,0.4975974,0.4938799,0.48579413,0.5057334,0.48645544,0.49286646,0.49521148,0.500574,0.49306875,0.49903852,0.49727178,0.49655747,0.48760772,0.4945709,0.49208313,0.49998695,0.4934544,0.49434608,0.5069896,0.4930451,0.50453764,0.5017634,0.5005225,0.504263,0.5068174,0.49363995,0.5009656,0.48784882,0.4870664,0.49606794,0.5025791,0.49113756,0.4850276,0.48668337,0.49451405,0.506898,0.4980423,0.48834884,0.4891839,0.49519885,0.50005126,0.48782915,0.48858303,0.49104357,0.49633342,0.49314684,0.49989057,0.49566752,0.49011302,0.49351275,0.50086826,0.49858183,0.49174428,0.5036801,0.4869849,0.49280453,0.49334043,0.48646885,0.48867083,0.5046196,0.4914233,0.49369156,0.5058028,0.49596763,0.49489152,0.50443864,0.49224222,0.50175655,0.4958284,0.49258447,0.5038419,0.50367,0.49322242,0.49936175,0.4960544,0.5050299,0.4849134,0.48708338,0.48835295,0.4933387,0.49702257,0.51205486,0.4959163,0.5143586,0.4937747,0.49161214,0.49221444,0.49166763,0.4959522,0.49316704,0.50120807,0.49685282,0.48686802,0.48711675,0.48979908,0.48844796,0.49859524,0.49337065,0.48570043,0.5008731
0.4717501,0.45441633,0.467618,0.45991808,0.46885103,0.4614631,0.45260572,0.47523713,0.48285425,0.4704029,0.46081996,0.47336513,0.47135806,0.44894874,0.46650928,0.46332836,0.48284924,0.47417372,0.44863927,0.43774718,0.453335,0.4617164,0.46540713,0.47593713,0.47399998,0.45517296,0.46099335,0.45387405,0.44729608,0.4689507,0.4758715,0.4705115,0.47476095,0.47804034,0.46249086,0.45867085,0.46058124,0.47429305,0.47039396,0.4589315,0.4583038,0.43714434,0.4756621,0.45869,0.47198206,0.45982677,0.49119383,0.46753085,0.46019375,0.45713896,0.46636772,0.45766217,0.4652946,0.4615888,0.45806485,0.47006363,0.4652087,0.47241205,0.46982086,0.4734233,0.4499566,0.47234207,0.46552974,0.46795738,0.45151323,0.43527967,0.4628328,0.47464913,0.48504412,0.4685923,0.47626334,0.47362268,0.4667133,0.4626348,0.46102238,0.4688205,0.4577664,0.446572,0.4601876,0.46702725,0.45173788,0.46105582,0.45809287,0.4663173,0.453497,0.46205324,0.4727226,0.4630581,0.47170562,0.4429022,0.46693122,0.4474672,0.46727872,0.4554174,0.46433955,0.47736603,0.46011102,0.4620419,0.45075095,0.47743064,0.45488214
0.47184664,0.4841283,0.48914814,0.4776845,0.47692084,0.48270833,0.4964447,0.48370737,0.47712916,0.46712577,0.48103595,0.471523,0.4875304,0.4778663,0.48437822,0.47643805,0.47600716,0.4805007,0.48601842,0.49491578,0.4816203,0.48676258,0.4786011,0.47069162,0.476766,0.4825346,0.47095364,0.48425823,0.4786427,0.4777922,0.4781211,0.47822678,0.4844936,0.49360454,0.47993582,0.48379058,0.485528,0.47653484,0.48751545,0.48703456,0.48765725,0.48660564,0.48264754,0.48208022,0.4826625,0.48085117,0.47618294,0.4914034,0.4911493,0.4770729,0.47110397,0.47412574,0.49121547,0.47715878,0.49252522,0.494246,0.48131835,0.4817143,0.4815126,0.48441285,0.48416317,0.48458034,0.4829132,0.49131364,0.46751153,0.47073275,0.4941948,0.48692298,0.48394,0.47569537,0.47897696,0.49447846,0.4703129,0.47890693,0.47855908,0.48293984,0.47902894,0.49057823,0.4838413,0.46858978,0.4633208,0.49004704,0.47506553,0.47632605,0.48003393,0.48080546,0.47858757,0.4811294,0.48188263,0.47952092,0.48655272,0.48560673,0.49156564,0.47601414,0.48888934,0.49007016,0.47985578,0.46619242,0.46895087,0.48333544,0.49056518
0.47238556,0.52515316,0.51607156,0.5178528,0.51766497,0.51685345,0.52047354,0.5119561,0.5119698,0.52062505,0.51572746,0.50601083,0.5259134,0.5051633,0.50827175,0.5203044,0.51312196,0.5151853,0.51595616,0.50927156,0.51391435,0.51354307,0.5019118,0.5066302,0.5138176,0.5305936,0.51946574,0.5150379,0.5267605,0.52037704,0.5102441,0.50227606,0.51672953,0.528135,0.5229095,0.5159233,0.51583886,0.52299505,0.51564556,0.51323736,0.52213734,0.514852,0.51306224,0.52595365,0.5305834,0.52298206,0.5152421,0.5133656,0.5086584,0.5214307,0.5106656,0.5042364,0.5215805,0.50871277,0.52003837,0.5219166,0.5161528,0.5184631,0.5179988,0.51439035,0.49678445,0.52325785,0.51506317,0.5211823,0.5144104,0.5120715,0.51950926,0.5197872,0.51844174,0.5201268,0.5160501,0.5183023,0.51747656,0.5047347,0.5157389,0.5169753,0.5184241,0.5140938,0.5146015,0.53397125,0.5112428,0.520782,0.5051347,0.51438785,0.5181932,0.51065457,0.5081537,0.51129097,0.5172172,0.50782984,0.509703,0.5204734,0.49986905,0.523009,0.5230746,0.5169851,0.5111407,0.5220839,0.52437186,0.51173675,0.5134075
0.47250265,0.4853295,0.4762414,0.47880572,0.48671514,0.47229236,0.47619498,0.4847532,0.46116793,0.4741963,0.4809988,0.4668492,0.47863507,0.47032678,0.46617347,0.47566324,0.4751677,0.4822474,0.47695947,0.4708634,0.48096824,0.45867503,0.4678278,0.4648453,0.46123147,0.46601415,0.4615823,0.48797,0.48985577,0.4662431,0.47488195,0.48167807,0.46374786,0.47093564,0.47708368,0.470478,0.47102457,0.4733482,0.46642,0.4657477,0.47633302,0.47560132,0.4658214,0.47490674,0.46906412,0.4822455,0.4708494,0.46778995,0.46117377,0.46592617,0.48411584,0.47787654,0.47424054,0.48634303,0.4689573,0.46633452,0.4807139,0.46919245,0.46113962,0.46960807,0.4619928,0.4804359,0.46908224,0.4774673,0.47288674,0.4935869,0.4590534,0.48824036,0.4757105,0.4655084,0.47851086,0.46376717,0.4707479,0.47697532,0.47813827,0.45594865,0.46683222,0.47269374,0.46933705,0.46853036,0.46805024,0.48374408,0.45330495,0.47005337,0.47950298,0.48582757,0.47621262,0.47868502,0.47107494,0.469392,0.47783136,0.46801007,0.4590249,0.4782756,0.47565043,0.47303963,0.46892685,0.46981508,0.48147464,0.45929283,0.47291023
0.47256193,0.45253414,0.44913447,0.45121926,0.45257372,0.4458664,0.44012034,0.4344117,0.43691617,0.4447688,0.45736712,0.4590431,0.44107318,0.46660417,0.45799786,0.47028136,0.46179926,0.4512754,0.43612868,0.46343088,0.44920558,0.45433003,0.45678443,0.45714343,0.441921,0.4517004,0.45270884,0.4405707,0.45404977,0.46005142,0.45669907,0.4521109,0.4441862,0.45626968,0.4415747,0.463982,0.4501326,0.4584058,0.45943135,0.43255925,0.47308284,0.46741045,0.43641496,0.46879578,0.44420016,0.44924277,0.44996053,0.46420878,0.45538342,0.46527547,0.44076437,0.4457236,0.44933295,0.4519381,0.4554839,0.44345224,0.437631,0.4600708,0.45503992,0.447267,0.458951,0.45846194,0.46368486,0.44845867,0.4620862,0.4541884,0.44872516,0.45799184,0.46225142,0.4477105,0.44229895,0.45562345,0.451438,0.4623924,0.44840807,0.45970184,0.4365434,0.4689048,0.45833337,0.45899373,0.45468473,0.46098727,0.475882,0.46786642,0.45816183,0.45456833,0.45642883,0.4641444,0.4511559,0.45294875,0.43733573,0.45418483,0.46777403,0.46260905,0.46541488,0.44680393,0.4569826,0.44809324,0.43819273,0.4670115,0.4508741
0.47258398,0.46701312,0.45277762,0.44891942,0.46104974,0.43613875,0.47105718,0.4302221,0.44010592,0.44524544,0.43443143,0.45883214,0.4395609,0.44895577,0.44339222,0.48011327,0.4492411,0.45069456,0.43124706,0.44290626,0.4413334,0.4374625,0.44288152,0.43859583,0.42418122,0.47425437,0.45989722,0.4431014,0.44077265,0.4423867,0.45115483,0.4553668,0.43047458,0.44860208,0.44182187,0.42722106,0.43725705,0.4308442,0.46466142,0.4458089,0.45330197,0.44030064,0.45010906,0.47756237,0.43811703,0.39176083,0.47114128,0.46635592,0.43594098,0.42532468,0.44835,0.44380343,0.46917784,0.44663602,0.4228028,0.47092903,0.435251,0.43704993,0.45971316,0.44356567,0.42918634,0.451698,0.4416842,0.4764886,0.425174,0.4591574,0.41467047,0.45840454,0.44539183,0.47140366,0.44874918,0.45301843,0.4429068,0.4337278,0.43715894,0.44962764,0.4322459,0.46073806,0.45455456,0.45054036,0.44159436,0.46645856,0.4444229,0.47732854,0.46528792,0.44771838,0.4518829,0.4436605,0.44837117,0.44627458,0.45804238,0.45835763,0.44290626,0.46628898,0.45017582,0.4447158,0.46034896,0.45305902,0.4331535,0.43021458,0.45413643
0.4726276,0.46111757,0.45586324,0.4802541,0.45596975,0.48299164,0.45701134,0.45964187,0.47111756,0.4559741,0.45750773,0.4641415,0.45918548,0.46368474,0.45648742,0.46215194,0.47059077,0.46233267,0.4545943,0.46805626,0.45338857,0.45453143,0.4521504,0.48882484,0.4592672,0.4619658,0.4655797,0.47283125,0.47275394,0.46641564,0.45791692,0.44543624,0.4705068,0.45526105,0.47499478,0.4659413,0.46124065,0.46232736,0.46194506,0.4659056,0.45638067,0.4613464,0.4811889,0.47742587,0.47693664,0.4638968,0.46077257,0.46573448,0.45639998,0.46448117,0.46347713,0.4692803,0.45727193,0.4674859,0.46814048,0.47415972,0.47687376,0.47697043,0.4500456,0.47606027,0.46995014,0.47156155,0.4631459,0.4595906,0.4638213,0.46374387,0.46857524,0.46374506,0.47089028,0.44731265,0.45079833,0.47170037,0.4731872,0.44406837,0.4779278,0.4866138,0.4484415,0.45362425,0.47408158,0.4767998,0.4710794,0.4747795,0.46540415,0.44996876,0.47216552,0.45616603,0.47943795,0.44676286,0.4543512,0.45411712,0.47225982,0.46593195,0.4588616,0.47248983,0.46409512,0.46556634,0.46354848,0.46338665,0.47189516,0.45568395,0.45638353
0.4728529,0.49303043,0.48364717,0.47943425,0.46982074,0.46950042,0.48874342,0.476404,0.47610933,0.47554117,0.48679894,0.47015685,0.48569202,0.49446177,0.47942102,0.4724359,0.47507548,0.4772107,0.47628295,0.48195106,0.4743603,0.47914302,0.47730947,0.4739449,0.48078555,0.48186618,0.47459954,0.4735189,0.47931474,0.4670102,0.4690798,0.47437924,0.48915625,0.4781531,0.49883854,0.47387648,0.4838543,0.47613055,0.4767484,0.47751117,0.4903121,0.48292434,0.47500163,0.47182703,0.4803626,0.47972274,0.4937327,0.4856047,0.48090905,0.47551042,0.46988022,0.4786107,0.47747356,0.4736172,0.47995883,0.47376144,0.47792578,0.48480028,0.4851805,0.4697582,0.48742503,0.48313951,0.48272723,0.4713624,0.47285563,0.47216576,0.48494178,0.48299348,0.46262968,0.48804694,0.48673046,0.4865743,0.47164184,0.4898489,0.47763646,0.47618145,0.48523998,0.47042233,0.49820155,0.4861812,0.480637,0.47212863,0.47724277,0.4805736,0.4799109,0.4754297,0.48444963,0.4745286,0.4754501,0.46511197,0.47960794,0.47633612,0.47178167,0.4647678,0.4804777,0.4864027,0.47735316,0.48066938,0.47615874,0.47832644,0.47393054
0.4728728,0.46249264,0.48182935,0.4730305,0.47428638,0.485691,0.47575474,0.47277492,0.48494518,0.49072415,0.47695494,0.48905724,0.47629982,0.46986294,0.47612625,0.47104394,0.46768767,0.4630592,0.46787113,0.46061456,0.47614652,0.4898976,0.4782079,0.47556216,0.46932024,0.47944832,0.48651433,0.48468715,0.46157938,0.4767331,0.47003466,0.47024816,0.48288965,0.4673125,0.49434894,0.48435837,0.4778055,0.46475345,0.4731953,0.47006273,0.47656637,0.47921723,0.46315664,0.46621156,0.45910418,0.4750864,0.48249727,0.46783715,0.4727993,0.4797082,0.46509963,0.47761405,0.47830176,0.46743935,0.46773344,0.4587854,0.47754514,0.471884,0.4710732,0.4744053,0.4806993,0.47980195,0.45970535,0.47323287,0.45804024,0.4818563,0.47556412,0.48141897,0.4827628,0.47123325,0.47478992,0.48574024,0.48163128,0.48042387,0.4823169,0.47121698,0.46962702,0.47742254,0.48839343,0.4659807,0.47170407,0.46902728,0.46658015,0.48381543,0.4661227,0.47357,0.4671443,0.47487366,0.4765396,0.4816813,0.4849447,0.46986002,0.4758615,0.4722669,0.48010874,0.481619,0.479002,0.45841372,0.47780913,0.4826305,0.4676689
0.4729801,0.63965803,0.6397994,0.6456825,0.6181274,0.6559055,0.6480749,0.64666796,0.63294154,0.6310141,0.6259994,0.6235192,0.6731867,0.66761684,0.63378924,0.62775797,0.6487813,0.66160476,0.63902104,0.6618842,0.6382218,0.6465694,0.6546623,0.6658464,0.642667,0.6691658,0.63640416,0.65442574,0.62236094,0.6347323,0.6615705,0.6483417,0.648115,0.668835,0.6524514,0.652925,0.6360744,0.6511447,0.62281483,0.6547262,0.64701843,0.642773,0.6829621,0.63418967,0.6589497,0.64272976,0.63070595,0.6178955,0.62681997,0.64649165,0.62625456,0.6267432,0.64551884,0.6542828,0.64029616,0.64218515,0.6536835,0.6384743,0.62310785,0.6512886,0.641072,0.644206,0.63342637,0.6207036,0.660724,0.62684304,0.6531384,0.6575728,0.63190216,0.63025004,0.66649216,0.64181715,0.6433076,0.6203551,0.655752,0.62930727,0.65503913,0.6450635,0.6231049,0.64401484,0.6303535,0.6468186,0.6509911,0.6361571,0.64440817,0.6622049,0.6637778,0.63791305,0.66048485,0.6598261,0.65484303,0.6472162,0.60481733,0.6523859,0.63572854,0.65262276,0.6395456,0.6627069,0.65723634,0.6283338,0.6233542
0.47352514,0.46731883,0.4760514,0.47453618,0.47291654,0.47215176,0.46332008,0.4751237,0.46441364,0.47441953,0.49259663,0.47127032,0.46743298,0.47503388,0.47075588,0.46697658,0.47511786,0.48200524,0.47610557,0.48841977,0.4730689,0.4703716,0.46607858,0.4643563,0.4825691,0.4710505,0.4776979,0.50525314,0.46712905,0.46380842,0.4789043,0.4597752,0.4633224,0.4759103,0.46138495,0.4710073,0.4523074,0.47050846,0.46690315,0.47531205,0.46377158,0.47190773,0.47476882,0.4723032,0.46880484,0.47240126,0.4739976,0.48244357,0.46130848,0.47868556,0.48127288,0.4747815,0.4674399,0.46986914,0.470762,0.4562999,0.48003834,0.46285456,0.46673042,0.4712786,0.45547265,0.4804291,0.4619679,0.47421366,0.47298747,0.486054,0.45992362,0.47096682,0.4701805,0.47705317,0.46647322,0.47806615,0.47351503,0.4662398,0.47017938,0.46818918,0.47422862,0.466385,0.48479587,0.4601441,0.4693271,0.4650392,0.47749335,0.4737295,0.48452377,0.45667416,0.46502692,0.46262854,0.46588302,0.4697368,0.46944255,0.47480822,0.48164147,0.46016246,0.459971,0.45845306,0.47137326,0.4819998,0.46306658,0.46844512,0.4756431
0.47418132,0.44579744,0.44003934,0.445953,0.4409001,0.4646542,0.4435302,0.43524355,0.45996857,0.45607656,0.44050205,0.4565184,0.4360981,0.4395225,0.4295109,0.43704927,0.4604472,0.43980032,0.45454866,0.45458555,0.4448092,0.43192327,0.45772082,0.45630342,0.45845056,0.445817,0.45204908,0.44703555,0.4555707,0.4471239,0.43345731,0.43084115,0.45094305,0.44263536,0.44146168,0.43911308,0.44805783,0.43843502,0.45867735,0.43412954,0.43755078,0.4612208,0.42178255,0.43790126,0.45117188,0.44189596,0.4361254,0.45878005,0.416053,0.44733417,0.45709842,0.42804807,0.45928502,0.4432854,0.44188136,0.45288193,0.4327647,0.43517596,0.44429988,0.4469633,0.4333002,0.4526955,0.43173754,0.438025,0.4280203,0.45454448,0.45861357,0.44430566,0.44066012,0.44217956,0.43252587,0.44401884,0.4430114,0.4401437,0.43679118,0.4343937,0.47425628,0.43965667,0.43006003,0.44837844,0.45275146,0.4557311,0.4678551,0.45067346,0.4524716,0.44489372,0.4468578,0.45065576,0.4312095,0.4508139,0.4454698,0.46140945,0.45661765,0.44036645,0.44529963,0.43075484,0.4227534,0.45105678,0.43360353,0.44445038,0.4516061
0.47424808,0.4664402,0.4690318,0.46531504,0.44733107,0.46731627,0.466433,0.44235212,0.47681367,0.46687442,0.4544288,0.45884806,0.45019084,0.46528327,0.44347948,0.46255064,0.46720552,0.46582574,0.46152377,0.4817822,0.47064048,0.483189,0.46692914,0.47671002,0.44304854,0.45076442,0.4565677,0.44719166,0.4600352,0.45568877,0.4696998,0.47398174,0.45247936,0.46006906,0.47388178,0.4584419,0.47551143,0.46702683,0.447182,0.47024822,0.4724999,0.46373886,0.45381564,0.45268792,0.47025168,0.4568559,0.47847998,0.46693438,0.45947605,0.4606874,0.46476352,0.47678542,0.45897675,0.47045082,0.46336067,0.45330775,0.45137542,0.475461,0.46472347,0.46747994,0.4803226,0.48519862,0.47150713,0.47567528,0.47471976,0.45250857,0.4627422,0.46742475,0.46316433,0.46776944,0.46397835,0.48004723,0.46999824,0.45911503,0.4730301,0.46725124,0.46814138,0.47616577,0.44720054,0.47314453,0.45169646,0.45634472,0.45601952,0.4648592,0.46178067,0.4579332,0.45808184,0.47230333,0.45743358,0.47251862,0.4787035,0.4678142,0.4777788,0.45355493,0.4643439,0.4629236,0.47562277,0.472072,0.4652102,0.46759456,0.473114
0.4743209,0.4552253,0.461869,0.4701025,0.45398474,0.46615118,0.4617102,0.45579743,0.45945686,0.46712238,0.4592461,0.45523137,0.47889555,0.44829232,0.45623285,0.46568215,0.47055632,0.45930225,0.46404588,0.45593643,0.44180596,0.4722572,0.44503766,0.46858788,0.45011562,0.45887572,0.46862173,0.45492655,0.47510165,0.44655305,0.46103162,0.46476352,0.45361787,0.45323503,0.44549745,0.46001273,0.47269034,0.4600342,0.45840567,0.46807265,0.45811427,0.4495873,0.46267283,0.44963604,0.46618414,0.46129698,0.46697837,0.45834845,0.45048016,0.46967107,0.45734805,0.46663833,0.458331,0.4596786,0.46303856,0.4726206,0.45968902,0.462193,0.46658295,0.45724905,0.44962078,0.4473374,0.4357726,0.44542843,0.44610715,0.45085996,0.44642842,0.45508772,0.45197433,0.46610427,0.45926702,0.45074165,0.47071892,0.46145207,0.47011757,0.47707534,0.47193843,0.44859773,0.45527977,0.4614452,0.45342702,0.45322508,0.45544404,0.4433275,0.45427173,0.45363498,0.45531005,0.4625275,0.46701038,0.47578847,0.46096623,0.46561038,0.43989742,0.45922822,0.44629943,0.4797467,0.46488488,0.4625299,0.4621303,0.44923884,0.48020554
0.47434086,0.4915287,0.50435644,0.49562526,0.5015259,0.47798878,0.49119425,0.48857552,0.48679066,0.48026568,0.4930597,0.48068106,0.49294263,0.49048096,0.48278272,0.49985963,0.4882775,0.49221778,0.4771827,0.49158537,0.4941625,0.48920256,0.49133015,0.49328637,0.48935616,0.49303645,0.5018093,0.48967707,0.49275815,0.4771822,0.4938345,0.48127925,0.5116027,0.47926414,0.49295187,0.48824728,0.4833802,0.48742682,0.48411787,0.47151798,0.47660154,0.49104893,0.4825341,0.48810172,0.49428076,0.48736012,0.49674696,0.48637062,0.4878459,0.4746822,0.47543108,0.4972688,0.4913637,0.48558497,0.5095276,0.49103653,0.4853214,0.4838342,0.4959584,0.48804247,0.48552287,0.5006904,0.4954241,0.48842233,0.48565942,0.486524,0.49096465,0.48469633,0.4830348,0.50092715,0.48928845,0.48157775,0.49251908,0.48761266,0.4762361,0.47920793,0.4834051,0.50653344,0.49244803,0.48768544,0.47840363,0.48660243,0.48195153,0.48896843,0.48554665,0.4819038,0.48615915,0.48984033,0.4922068,0.5043335,0.4927237,0.48355323,0.4946559,0.4962179,0.47022265,0.5073352,0.4842654,0.4852044,0.49575686,0.48741615,0.4885143
0.47434777,0.43954122,0.4395876,0.4604444,0.44250065,0.4390189,0.4515673,0.4537565,0.45416623,0.4499985,0.45742136,0.46369815,0.47636676,0.45871073,0.43079972,0.45431054,0.45986348,0.45395344,0.43760425,0.4312755,0.4427042,0.4520809,0.4498651,0.44975805,0.44522822,0.4459734,0.4637996,0.4733976,0.47198224,0.4617492,0.449152,0.45716912,0.46592683,0.45772183,0.46829653,0.45824593,0.46157116,0.44255757,0.46929252,0.44756615,0.45004433,0.43062395,0.45422202,0.45918745,0.47143495,0.4760672,0.44960988,0.46357352,0.46035308,0.46362364,0.44523674,0.45097184,0.47089815,0.45337468,0.45064908,0.45221543,0.43525702,0.45720226,0.46517867,0.44987923,0.45868695,0.47324044,0.4450456,0.47313577,0.4604262,0.447331,0.44306314,0.47323823,0.45553052,0.45939523,0.44304943,0.45689,0.45203984,0.45550388,0.45350617,0.4440158,0.45706916,0.458803,0.4397568,0.45563763,0.4566601,0.45793432,0.45884764,0.45283985,0.46085948,0.45864046,0.46569258,0.47069335,0.465737,0.45024574,0.45976186,0.45414674,0.44388926,0.4696573,0.44364965,0.44644976,0.45943296,0.44336545,0.46530467,0.45043492,0.46167165
0.47856095,0.46310443,0.47521782,0.4639812,0.46788192,0.4608531,0.46699983,0.47487175,0.46310997,0.47137868,0.4650491,0.4651215,0.47649425,0.48157012,0.467965,0.4727233,0.4714902,0.46638244,0.48042274,0.46970332,0.46363974,0.4686234,0.46665025,0.46706033,0.4555267,0.4620697,0.47403383,0.46118802,0.47299296,0.46379292,0.46164155,0.4727214,0.45541477,0.46129346,0.47044593,0.4729923,0.4731803,0.4705978,0.45889568,0.46951646,0.4780671,0.4688238,0.46284825,0.47106546,0.45441568,0.4757092,0.4650132,0.46114033,0.46983725,0.4775527,0.46772945,0.46838576,0.4587319,0.48198158,0.46907365,0.44552237,0.46942204,0.46688348,0.4667186,0.47865248,0.45040232,0.4550261,0.46853954,0.45607436,0.47907203,0.46571046,0.4713546,0.47506076,0.46539682,0.461762,0.48442686,0.45266658,0.46498322,0.46315807,0.46397364,0.44777447,0.47190422,0.46099323,0.45853335,0.45523733,0.46866584,0.46476543,0.48130822,0.4691348,0.46977895,0.47024912,0.47644752,0.4625017,0.47441232,0.47199643,0.47141945,0.4659869,0.47124922,0.4682511,0.48006177,0.46663564,0.4611938,0.48118627,0.47206128,0.47151327,0.47379875
0.47887632,0.50026643,0.48333782,0.48722506,0.48373443,0.48614293,0.49781227,0.48950166,0.492467,0.4999792,0.48538792,0.49360693,0.4988895,0.5020775,0.5010115,0.4951548,0.50018555,0.48114282,0.4889372,0.4991485,0.4922337,0.48663568,0.47083575,0.49010688,0.49288237,0.48748296,0.4874459,0.50113094,0.49507785,0.4797864,0.49144328,0.49951613,0.49440324,0.4923442,0.4931376,0.4882735,0.48123676,0.48681366,0.48814905,0.5008121,0.49564642,0.5001887,0.4968788,0.4918074,0.49868822,0.49178666,0.4988578,0.501362,0.4909895,0.48649138,0.49373168,0.49430966,0.48831183,0.4950775,0.48808467,0.48991662,0.47674698,0.48674768,0.48951632,0.4925515,0.49751985,0.48717713,0.49923074,0.4821369,0.49828142,0.48915535,0.48296338,0.49299163,0.4853171,0.4846019,0.4928131,0.49407274,0.49534512,0.49163944,0.47650772,0.47891396,0.49681515,0.4961031,0.4943813,0.47822112,0.4806146,0.48746884,0.48502582,0.48684138,0.5033682,0.48827666,0.49056703,0.48886812,0.48550218,0.48912108,0.48796052,0.49747807,0.48838305,0.48729122,0.48897225,0.50129104,0.4919992,0.4858215,0.48704952,0.4909522,0.4911257
0.48023257,0.48731637,0.49437195,0.48285705,0.49206644,0.4887036,0.494263,0.5002942,0.51520115,0.4981649,0.5085042,0.51202375,0.49701476,0.4938789,0.48984742,0.49073875,0.49796927,0.50339115,0.48297644,0.4954424,0.4988228,0.5114106,0.49834132,0.4943993,0.5041698,0.5000439,0.50716895,0.50561094,0.4947548,0.5027098,0.50203955,0.492756,0.5038717,0.5018238,0.5094276,0.502557,0.5010154,0.50347894,0.49140614,0.5039576,0.4892679,0.5055971,0.4871564,0.5010563,0.5007799,0.49326247,0.4951334,0.5066769,0.4971437,0.49615592,0.4993012,0.49761236,0.4879107,0.48422533,0.5038685,0.49978793,0.4972064,0.5036456,0.4984966,0.49279267,0.5005369,0.50505483,0.50405276,0.48889405,0.4952501,0.49578905,0.50319505,0.4951319,0.48669297,0.4916287,0.49850965,0.50343245,0.50741345,0.50129765,0.49052066,0.5005689,0.499838,0.4925468,0.50887364,0.4895652,0.50806993,0.50226897,0.49189532,0.49894428,0.4995448,0.49284834,0.5031482,0.50036323,0.48882693,0.49702406,0.4921047,0.5001643,0.50334334,0.5030521,0.5014047,0.49456036,0.4984327,0.4988413,0.4917481,0.4946195,0.4939897
0.4803253,0.46506602,0.48396182,0.47023094,0.4574178,0.46724778,0.46848232,0.45331657,0.45012307,0.4465267,0.45506388,0.4473436,0.47017515,0.45446825,0.45182794,0.46411347,0.45385098,0.45829242,0.44490993,0.4647354,0.46437562,0.4707783,0.45693988,0.45102203,0.46142995,0.4672231,0.46956688,0.45580643,0.46429014,0.455033,0.4688468,0.46242762,0.46258515,0.45529014,0.46396363,0.4531927,0.46059936,0.4465679,0.4720865,0.4614889,0.45901072,0.45732313,0.48183644,0.45226383,0.45731056,0.4461639,0.4549575,0.45063788,0.4618351,0.45412064,0.45826948,0.4614877,0.4607352,0.46838796,0.44760513,0.4565571,0.45156258,0.46809065,0.46853518,0.44194567,0.44058532,0.45854837,0.4593348,0.46066457,0.45369792,0.45516932,0.44214427,0.45465362,0.46568084,0.45879865,0.46302372,0.45633692,0.44289958,0.46287692,0.45800447,0.4465804,0.45477867,0.48200142,0.46307808,0.44965297,0.45405567,0.46056503,0.43197846,0.4646473,0.45907038,0.45352536,0.46339798,0.46183634,0.4534418,0.48165256,0.4594794,0.45224655,0.46793395,0.4679469,0.45673513,0.45865673,0.444143,0.45941943,0.45849812,0.4448703,0.45815957
0.48040578,0.4778369,0.48896778,0.46749014,0.46861124,0.49337792,0.47364658,0.460257,0.46655178,0.4599893,0.48432302,0.47576898,0.44955665,0.4603604,0.48006135,0.4639824,0.47334582,0.4758609,0.48496687,0.46514505,0.469984,0.46962202,0.47292364,0.4703033,0.4543407,0.480497,0.4737792,0.47865558,0.47821093,0.45420933,0.46584463,0.44792145,0.47997648,0.45901185,0.46890044,0.4764514,0.4730658,0.4563396,0.46283686,0.47076184,0.46760225,0.4579407,0.46727705,0.47964817,0.46465755,0.45970434,0.47023106,0.47476304,0.47210026,0.48824173,0.4742471,0.4734438,0.49018615,0.45854735,0.47981882,0.46560454,0.47011375,0.48115498,0.46155757,0.47168887,0.47365022,0.4637869,0.46501905,0.49925882,0.4635626,0.47848898,0.46237737,0.45426494,0.455513,0.4645695,0.46419758,0.48137212,0.4715284,0.48261374,0.46996266,0.46464974,0.46514547,0.48133856,0.46562195,0.4604233,0.47919393,0.47136086,0.48771256,0.44025373,0.46792734,0.47729194,0.47825497,0.4627418,0.47308832,0.4816165,0.49305677,0.46191067,0.45081937,0.48649126,0.4714961,0.4584878,0.46564716,0.4852072,0.48032862,0.495654,0.4781397
0.48073837,0.48261392,0.49043137,0.49730825,0.4987126,0.48442167,0.49146545,0.5009249,0.47846806,0.4821679,0.49557072,0.4882176,0.48762053,0.49340105,0.48056543,0.49624997,0.47365457,0.4869787,0.4845658,0.48965347,0.4977218,0.4932819,0.49187154,0.49251217,0.48562545,0.48540413,0.48138434,0.48293805,0.48810816,0.49384594,0.48168033,0.48561972,0.47275966,0.49091768,0.49407363,0.48447275,0.49164087,0.5013714,0.48602176,0.48908758,0.4877612,0.49170637,0.4859147,0.47824812,0.4908262,0.49375814,0.48889786,0.47356045,0.48209286,0.48023885,0.47520536,0.4832651,0.48233116,0.5001425,0.47723085,0.490144,0.4845447,0.49448013,0.49718773,0.48490274,0.49971312,0.48522234,0.48449522,0.48143518,0.4921338,0.498186,0.4763866,0.48005503,0.4849431,0.4939385,0.4763655,0.48773903,0.48434234,0.4809304,0.49613416,0.4890203,0.49174583,0.4812327,0.47662485,0.47732258,0.49921113,0.4898488,0.4938848,0.49206436,0.4895538,0.47630507,0.4684348,0.48579,0.48961318,0.49827385,0.48531955,0.4880101,0.48697543,0.49629426,0.4936036,0.4906721,0.48038268,0.50318974,0.4896266,0.49924004,0.50222945
0.4814332,0.49037325,0.47606587,0.47959197,0.49011683,0.48578966,0.49209678,0.4872232,0.46814942,0.47343886,0.4839958,0.47364378,0.48833627,0.48349184,0.4926718,0.48478252,0.48766643,0.48812073,0.50130033,0.48530644,0.48924148,0.48374325,0.47252226,0.49397266,0.5006363,0.48615807,0.487687,0.48437423,0.4917999,0.50507313,0.47241294,0.47523582,0.4784912,0.4972548,0.4805857,0.49216616,0.47249514,0.47911668,0.48263788,0.49757397,0.49089247,0.47989798,0.48033828,0.49832547,0.47412777,0.48144346,0.47931015,0.4794227,0.47484893,0.48760384,0.47547483,0.48375106,0.49161404,0.46874154,0.47996324,0.48318636,0.4891342,0.48641306,0.4842716,0.4759993,0.48541528,0.48706776,0.4812287,0.4914596,0.4842593,0.49770892,0.48642975,0.47138703,0.48576397,0.47843343,0.47990644,0.5000466,0.48023862,0.48900992,0.46241683,0.48546594,0.47047693,0.46583432,0.4839915,0.47703296,0.489424,0.47681987,0.48113966,0.48139977,0.47688776,0.48112148,0.48402512,0.47938418,0.47455996,0.4877386,0.48184526,0.48155564,0.48261935,0.4693802,0.47686028,0.48196256,0.48368883,0.49559683,0.48402083,0.47912157,0.47600907
0.48180062,0.4759726,0.4704935,0.48088533,0.47383213,0.49495512,0.47855645,0.48614782,0.48206943,0.47293526,0.47118998,0.48673707,0.47227556,0.482594,0.47521758,0.47953063,0.47434264,0.4800933,0.47119462,0.48396963,0.4807254,0.48174965,0.48241472,0.49555057,0.4868467,0.48278785,0.47748083,0.47137862,0.47504604,0.4818635,0.4950099,0.4928872,0.4984998,0.48234314,0.48481494,0.47176176,0.47816992,0.47416395,0.48593074,0.4839269,0.4710045,0.47318798,0.47061568,0.4915337,0.48744977,0.4692554,0.47642678,0.47966564,0.48121113,0.49116927,0.48781776,0.47092432,0.48724824,0.48358417,0.4718665,0.49149162,0.49601626,0.48134172,0.47774702,0.48602772,0.47777265,0.46094036,0.48811674,0.48171812,0.47090894,0.4854688,0.4775831,0.48316866,0.48899156,0.4718901,0.4930743,0.4612428,0.49240702,0.48797846,0.47935712,0.4839614,0.4744138,0.48736936,0.49434102,0.49525356,0.48065352,0.47707874,0.50159246,0.46944165,0.46817964,0.4782353,0.49218696,0.47667408,0.4585048,0.48012578,0.4850909,0.46603876,0.48132712,0.48696923,0.48708767,0.47565973,0.4871531,0.48110318,0.47300434,0.47920668,0.47797418
0.4836021,0.47800016,0.47187257,0.4773783,0.48802096,0.4763506,0.4956631,0.47591215,0.4825744,0.4780587,0.48957592,0.47771794,0.48040372,0.4851458,0.49630564,0.48568368,0.49342108,0.48906213,0.47867185,0.4800408,0.47278368,0.49418885,0.48549366,0.49123758,0.484958,0.4967562,0.4922384,0.4973194,0.4795792,0.47435915,0.49021,0.47263962,0.4842584,0.49413383,0.47546595,0.4825349,0.4864164,0.48325485,0.48862618,0.48785877,0.4903264,0.50090957,0.47059727,0.47450036,0.47041225,0.4852174,0.49967444,0.47369462,0.4853496,0.4912972,0.4932164,0.47691518,0.4900046,0.5033044,0.47508103,0.5009852,0.48481023,0.503913,0.47321695,0.49007964,0.47130477,0.5008442,0.49698114,0.4657942,0.48818105,0.48506778,0.483566,0.49651223,0.46891308,0.47675198,0.49613225,0.49812788,0.4772365,0.46951246,0.48028296,0.48764926,0.49561244,0.47728086,0.47813684,0.48585737,0.48292726,0.4967056,0.50646114,0.4858623,0.48306108,0.47165078,0.47943258,0.46954048,0.47434723,0.48941976,0.46296203,0.48046774,0.4836771,0.49369115,0.4885677,0.47290957,0.5107334,0.46291935,0.48205125,0.48426569,0.47795647
0.48491612,0.48877287,0.46666074,0.4948796,0.48625356,0.47759962,0.469244,0.48273158,0.49559456,0.46794963,0.4861586,0.48804033,0.4852572,0.4684974,0.4784289,0.47083914,0.4697426,0.46380407,0.47533935,0.46880984,0.47298867,0.47362882,0.4560343,0.4676963,0.46209097,0.47401267,0.48291236,0.47893858,0.48019755,0.47927535,0.4742642,0.47059792,0.46785855,0.4755386,0.4757374,0.47329527,0.46160746,0.4545554,0.4636529,0.46112055,0.47939152,0.47243416,0.46924913,0.4593627,0.47873908,0.46735495,0.4691018,0.4531772,0.46666062,0.4642732,0.4518823,0.46012914,0.4863258,0.46881986,0.47561657,0.46326774,0.4729969,0.46794558,0.48207593,0.4905346,0.45695657,0.47180182,0.4741403,0.4782881,0.483684,0.4773721,0.48046577,0.4733274,0.4756046,0.48367065,0.47973722,0.4754653,0.48775405,0.46650577,0.4837259,0.46152437,0.46715868,0.46564525,0.47511995,0.47147048,0.48453677,0.47392434,0.4607246,0.47227418,0.46668708,0.4785782,0.47463113,0.46573484,0.4778731,0.48472726,0.47742468,0.4780522,0.48504937,0.46611887,0.4720831,0.46735942,0.47279775,0.47252214,0.47574437,0.47137964,0.46388543
0.48610812,0.47993195,0.4774335,0.47429454,0.47759193,0.47072965,0.4888041,0.4782865,0.47405398,0.46680313,0.4851063,0.49638772,0.4601056,0.48267257,0.475299,0.4737053,0.4696796,0.4791562,0.4780392,0.47481763,0.47149348,0.47340578,0.4802791,0.47371727,0.46928436,0.4630341,0.49028015,0.48894113,0.46667492,0.4735428,0.46993536,0.4694019,0.47844297,0.4685608,0.47685373,0.48223126,0.47810936,0.4816181,0.46950203,0.4675995,0.47730398,0.46078777,0.47719514,0.4869749,0.4660704,0.48126507,0.47280514,0.4515013,0.47884387,0.47547776,0.48008943,0.47648054,0.47397625,0.4875266,0.47367716,0.4814967,0.47771358,0.47330832,0.4964152,0.47851026,0.49696654,0.47324967,0.48265314,0.47516912,0.4817974,0.4788642,0.46845442,0.46760052,0.47354263,0.47655463,0.4625749,0.47140402,0.470048,0.48101544,0.47513515,0.47293502,0.4691218,0.4626841,0.48084348,0.49012166,0.47670603,0.4701081,0.4680248,0.47888625,0.48393792,0.47367078,0.4881305,0.47985125,0.48283994,0.46901947,0.47284365,0.48489428,0.4814564,0.4755761,0.47329962,0.490951,0.47467363,0.48323774,0.45815265,0.47489697,0.47061908
0.48636928,0.46649373,0.47095078,0.48788851,0.47264034,0.46877557,0.46490496,0.45836192,0.46858662,0.4668361,0.45026624,0.452291,0.46770853,0.45724303,0.45830297,0.48972368,0.46424967,0.49037933,0.47017264,0.46576184,0.44970447,0.45777804,0.46816504,0.46084917,0.46077573,0.4733678,0.46672803,0.45535547,0.4726401,0.45730144,0.4750775,0.45544344,0.46487957,0.46859205,0.46630043,0.46416795,0.4628924,0.46910727,0.47199863,0.4745152,0.47986096,0.45329726,0.4550382,0.45935076,0.47556418,0.47711277,0.46795744,0.47365355,0.4796365,0.4649971,0.46800697,0.47694844,0.47804904,0.4483416,0.4694177,0.46841025,0.4368568,0.47222006,0.4679051,0.4816903,0.482992,0.46755344,0.4649235,0.47010857,0.4628836,0.47471392,0.49008268,0.4636103,0.48227173,0.47277576,0.48679125,0.47224402,0.47204852,0.4680336,0.47829992,0.4843402,0.4790699,0.46712136,0.47176886,0.46267778,0.4575655,0.46277726,0.4602782,0.45372462,0.47561222,0.47179466,0.46277684,0.46611834,0.47198015,0.46843386,0.46806902,0.4623236,0.4665708,0.478545,0.4723783,0.47293854,0.47469127,0.45192307,0.4633695,0.46286708,0.4560355
0.48723954,0.50561565,0.5060263,0.50684994,0.4805048,0.5012453,0.48707217,0.49245632,0.49275315,0.4903496,0.4927519,0.4975813,0.4967559,0.49491942,0.4910509,0.49801338,0.48295605,0.49033868,0.49005723,0.49599218,0.4798671,0.48953694,0.48870373,0.50273377,0.49355423,0.4932919,0.50344956,0.48753685,0.49739015,0.4902271,0.49552983,0.48352426,0.5077885,0.49839723,0.48029882,0.48614335,0.49713886,0.50562495,0.4903348,0.5036946,0.49611896,0.48118865,0.49958998,0.49033785,0.47481066,0.48252982,0.49159622,0.48750907,0.49285614,0.5013906,0.49318105,0.49082386,0.48619264,0.4953857,0.49195224,0.491628,0.48476982,0.49471253,0.51097953,0.48691463,0.4965263,0.49070436,0.4897427,0.4903813,0.49620914,0.4976235,0.4848429,0.49109966,0.49205047,0.5015857,0.48972666,0.48949474,0.49804097,0.50393605,0.48886102,0.49419218,0.5004258,0.49228293,0.5048672,0.49618936,0.49339306,0.48073953,0.4883414,0.4847523,0.48432726,0.4910673,0.476439,0.48681277,0.482031,0.4970529,0.49341112,0.4985028,0.49630845,0.4913991,0.4669801,0.49363464,0.51377255,0.49837375,0.48753023,0.47977275,0.50230056
0.4875335,0.5146785,0.5063499,0.5133019,0.5102436,0.5082808,0.5110356,0.5166667,0.5128667,0.5016131,0.5206172,0.51047426,0.5144404,0.51027685,0.5091219,0.52102727,0.513452,0.49693263,0.5179618,0.51954955,0.49750537,0.5074351,0.5104435,0.51027244,0.51132995,0.5053732,0.49952912,0.49960345,0.5119034,0.51121235,0.5134251,0.51524556,0.51784325,0.50014913,0.50459445,0.50968945,0.508614,0.5139299,0.50745314,0.5106167,0.5073651,0.49742764,0.5117471,0.51947874,0.51131165,0.5129646,0.4992255,0.51189697,0.51084155,0.5097433,0.5210384,0.5130576,0.5174729,0.5085545,0.510775,0.51578003,0.50496185,0.5036245,0.50417686,0.50524914,0.51540345,0.51199293,0.51720077,0.514954,0.5165505,0.511635,0.5223839,0.5034267,0.51599944,0.51258147,0.49777704,0.5023268,0.504032,0.5114556,0.5022177,0.49832416,0.51223004,0.5211695,0.5102296,0.51022065,0.5037616,0.50439733,0.5148691,0.50952077,0.50790745,0.5114139,0.5182956,0.50374407,0.50954694,0.5027793,0.50639725,0.5148366,0.5058839,0.5194077,0.5003145,0.50362414,0.50046825,0.5118425,0.5130715,0.51232564,0.5140194
0.48800814,0.5316782,0.5517035,0.5383617,0.5336514,0.54269737,0.5279114,0.5427749,0.5379146,0.54025215,0.5338337,0.5278237,0.53219736,0.52904934,0.5262022,0.5350243,0.55143684,0.53247017,0.5416462,0.51405567,0.53779685,0.53805166,0.5370231,0.53818786,0.5341842,0.53336483,0.53832096,0.5323276,0.52715087,0.54083717,0.5315666,0.5409457,0.5361765,0.52339447,0.5342353,0.5334131,0.54269546,0.5323585,0.5257136,0.5405785,0.53620625,0.5368677,0.5272401,0.5348278,0.53230023,0.540878,0.53952795,0.53533447,0.53712857,0.5346091,0.5355026,0.53314275,0.54241335,0.53295624,0.5349644,0.53600556,0.54686505,0.52601504,0.5301029,0.522675,0.5230233,0.5398189,0.5287786,0.5318164,0.5394486,0.5333191,0.53204083,0.5335096,0.53499025,0.54282767,0.53819335,0.52626705,0.5336516,0.5336196,0.53334945,0.54041004,0.5291223,0.52978706,0.5308937,0.5308076,0.52632225,0.5334878,0.5331167,0.54006916,0.53786147,0.53214407,0.53221434,0.5308314,0.5347497,0.54070276,0.53636134,0.53387845,0.52407706,0.5390333,0.53249234,0.53141606,0.53593147,0.5367407,0.54636997,0.53360486,0.54505014
0.48892248,0.51873064,0.53026116,0.51123524,0.5227326,0.52965057,0.5389579,0.5202271,0.509591,0.5190166,0.52971256,0.51135474,0.526156,0.5185641,0.5008517,0.52671957,0.5205312,0.51947564,0.52768314,0.5140739,0.5313705,0.5170969,0.5124365,0.5127809,0.51300746,0.5123314,0.5103995,0.51420814,0.5162328,0.510727,0.5268763,0.5139608,0.5232588,0.52349937,0.5143148,0.5240699,0.5189987,0.5157323,0.5256015,0.52442795,0.52788,0.51806056,0.52864194,0.51515657,0.50526524,0.53050196,0.53394693,0.5168495,0.5114862,0.52623343,0.5157307,0.51320094,0.51649284,0.51243055,0.5123393,0.5367411,0.52222764,0.52860266,0.52950895,0.5140272,0.5114558,0.5029312,0.51905084,0.52468294,0.5267767,0.51923543,0.51283413,0.52925146,0.50176966,0.52488834,0.50700355,0.51768845,0.5228542,0.50929403,0.5196166,0.5254924,0.5094025,0.518292,0.52168983,0.5148417,0.5120656,0.525138,0.52278495,0.52889264,0.5225251,0.51784724,0.5256231,0.5181543,0.5104284,0.5152436,0.5119324,0.50964713,0.5079532,0.50626546,0.52764964,0.530609,0.51185644,0.5285175,0.5140681,0.50832224,0.5163791
0.48927635,0.4655589,0.4722476,0.4561175,0.4595279,0.4607427,0.45535225,0.47135782,0.4461816,0.46214575,0.44622707,0.46574736,0.4428236,0.4570564,0.44784433,0.4612556,0.4576807,0.46906197,0.47027612,0.44740444,0.4707359,0.45138574,0.46345448,0.47150975,0.47794628,0.44785923,0.44815433,0.44490272,0.45664132,0.4556371,0.4641508,0.44214582,0.46953493,0.45358217,0.46698904,0.45245707,0.46497577,0.44957054,0.4505443,0.45808202,0.47135407,0.44861948,0.4592061,0.45993203,0.46746284,0.46093637,0.44596863,0.47189808,0.46484482,0.46412677,0.450607,0.45553273,0.44785166,0.4534831,0.4416201,0.46208578,0.463701,0.4727229,0.46053845,0.45358157,0.45039493,0.47096038,0.44269603,0.454212,0.48256677,0.46290183,0.46058208,0.4699089,0.45888007,0.45525223,0.4680127,0.47810823,0.48396683,0.45231897,0.44886863,0.46568704,0.46410125,0.45234478,0.46093863,0.47909296,0.46183896,0.4394288,0.43430394,0.45368177,0.45484972,0.446738,0.47145092,0.44841623,0.45788127,0.46852696,0.45865732,0.4615019,0.46530467,0.46216607,0.45326442,0.46695167,0.43779445,0.47028518,0.44897693,0.45683914,0.44256628
0.48983532,0.5081619,0.5063997,0.49781692,0.50655437,0.50726444,0.5107359,0.49402416,0.51186866,0.507189,0.5020385,0.48937958,0.49366844,0.49076557,0.50734633,0.5011718,0.503805,0.4932931,0.49998808,0.5070344,0.50844336,0.50219,0.5026325,0.49178463,0.5088779,0.50948316,0.5068635,0.4989134,0.5035115,0.51306933,0.49210924,0.49543542,0.4885835,0.505254,0.4972136,0.4993158,0.49772155,0.50159645,0.50113595,0.51287633,0.505692,0.49408495,0.5127465,0.48762798,0.4897563,0.5011173,0.5014725,0.4931087,0.5026337,0.49867505,0.5067761,0.5020748,0.51189613,0.50873786,0.5076274,0.49862623,0.5141313,0.49290073,0.49794662,0.49685305,0.50537014,0.51256204,0.5062326,0.5074158,0.5162642,0.5130739,0.5080615,0.5204083,0.5087721,0.5163891,0.5023409,0.4973244,0.50083727,0.5024292,0.50773245,0.50810695,0.5034424,0.503755,0.50617766,0.49519664,0.5065679,0.51268756,0.50598294,0.5088797,0.5063339,0.5008178,0.50894445,0.49686038,0.5119875,0.49213058,0.5052704,0.4999146,0.49393457,0.49696028,0.49936724,0.5108088,0.49614346,0.5040312,0.50128853,0.49743629,0.4982974
0.4900301,0.46410638,0.4711486,0.46848083,0.46932995,0.4757672,0.47334003,0.48426896,0.47958797,0.47434318,0.4733007,0.46632797,0.48022318,0.46820062,0.48289293,0.47825694,0.46416372,0.47682786,0.48421603,0.47011214,0.46236444,0.46051103,0.4874357,0.48101693,0.4716708,0.4654596,0.47473967,0.4750499,0.46048772,0.4712144,0.47296238,0.47543985,0.4810475,0.4713493,0.4635256,0.45680058,0.48745996,0.4747191,0.4647014,0.47176862,0.46341676,0.45647895,0.46586806,0.47703755,0.47553378,0.47732335,0.48367977,0.4672734,0.48514938,0.45762962,0.47025073,0.46731097,0.48041242,0.4599381,0.47121513,0.4713707,0.47447377,0.46777028,0.47991395,0.46483177,0.4815315,0.49020076,0.48030728,0.47766244,0.46767586,0.46534008,0.47758955,0.4734369,0.48073077,0.4771726,0.4779371,0.48145747,0.4654191,0.4843024,0.4838118,0.47846597,0.48448431,0.4701829,0.45546395,0.4623372,0.47833806,0.46718413,0.4644724,0.4891063,0.47176754,0.48558336,0.48100168,0.46884483,0.47449136,0.47979063,0.48124278,0.48347986,0.472305,0.4740786,0.47020495,0.4808944,0.45474994,0.44667476,0.47154093,0.4675746,0.47056162
0.49094796,0.5756909,0.5762876,0.57269126,0.58718914,0.57944685,0.57331175,0.56859064,0.5869067,0.5970062,0.5886377,0.58204544,0.5754481,0.57208836,0.57669157,0.5838016,0.58744794,0.57206714,0.571766,0.59703356,0.5830691,0.58430624,0.56830555,0.57328737,0.57466435,0.5762224,0.56380767,0.5754712,0.58440226,0.5860244,0.59076226,0.56389505,0.5900841,0.5698129,0.5718696,0.5722925,0.5715149,0.5848928,0.57508904,0.57423836,0.58443,0.5763504,0.5702061,0.56850004,0.5595932,0.58335996,0.57581997,0.5957785,0.57826036,0.5772235,0.5761162,0.56811625,0.5826011,0.58362854,0.5802011,0.55773354,0.5698779,0.57984424,0.5885634,0.58752745,0.57309514,0.57519513,0.5721416,0.56525546,0.5792557,0.56307226,0.57430696,0.582406,0.5849207,0.5715821,0.5727191,0.5704573,0.57430416,0.5768454,0.57873636,0.5751807,0.5721914,0.6010755,0.57636976,0.5875929,0.56733096,0.56485,0.5701788,0.5803575,0.56298953,0.57860625,0.5822322,0.5696268,0.5959304,0.56823486,0.5527447,0.5905284,0.5900806,0.5686724,0.57852024,0.59932584,0.58724284,0.574855,0.59355193,0.5790016,0.5677773
0.49129352,0.47301924,0.48109406,0.48346454,0.47417605,0.48751563,0.48210347,0.49009848,0.4811718,0.4982369,0.49273497,0.47299886,0.4868914,0.49364227,0.4921534,0.49054623,0.48064762,0.47982693,0.48730034,0.48315495,0.48103905,0.4886555,0.47946835,0.485663,0.488603,0.47929543,0.4796083,0.47995108,0.5024296,0.49281597,0.47440016,0.48626363,0.46988195,0.5033349,0.4805668,0.48371148,0.46956825,0.4919877,0.48551792,0.48473233,0.4824478,0.47127217,0.47348922,0.48280376,0.4964075,0.48996544,0.4688769,0.49539208,0.47186822,0.48035955,0.48660666,0.48692918,0.47670287,0.48424125,0.48551548,0.47347146,0.47758567,0.48107678,0.47295028,0.482804,0.47776508,0.47856307,0.46777117,0.46888602,0.4870348,0.48862904,0.49097258,0.47183186,0.47190017,0.46713203,0.48735756,0.48595142,0.48432702,0.49291837,0.48393118,0.4746738,0.4821372,0.49184072,0.48238462,0.47955924,0.48128742,0.48131227,0.47147417,0.48740274,0.47980678,0.48463976,0.49564242,0.48617858,0.48533165,0.47992647,0.48575932,0.4593274,0.49156213,0.4745894,0.49380255,0.47881174,0.48085278,0.48359716,0.48158026,0.47087926,0.48426586
0.49280673,0.5112942,0.50593066,0.51044726,0.511473,0.50459343,0.5132294,0.5113749,0.51676786,0.5130145,0.52090436,0.51306504,0.5072006,0.52033335,0.5077237,0.5108857,0.5205962,0.49848193,0.49604404,0.5169666,0.5053357,0.52617663,0.52062273,0.50815433,0.5147756,0.5176836,0.502172,0.5086279,0.5056773,0.51335484,0.5162549,0.501821,0.52263016,0.5146382,0.5079949,0.52295154,0.517638,0.5161634,0.5030768,0.509649,0.50316036,0.50492275,0.5046448,0.51091856,0.50369406,0.51016223,0.504385,0.51575345,0.5099658,0.510474,0.508467,0.5072471,0.49760675,0.515443,0.5060958,0.51168287,0.51481444,0.5194217,0.50116915,0.5192496,0.51821285,0.5066836,0.5006044,0.5153551,0.50970185,0.50729316,0.5006997,0.5119703,0.50127095,0.51171815,0.50801283,0.5147751,0.5148956,0.49965578,0.50102884,0.50419,0.5059152,0.5096046,0.5036892,0.51421535,0.5100346,0.5065488,0.5096157,0.5156545,0.5047761,0.5043615,0.5139406,0.527329,0.5070749,0.49864304,0.51541966,0.50634897,0.5093803,0.5131225,0.5214422,0.5030832,0.5074202,0.5104396,0.52260536,0.50795865,0.51867527
0.4935792,0.4846599,0.47319025,0.49931175,0.4762655,0.4882514,0.49213594,0.48956138,0.48992956,0.484605,0.4875542,0.48162055,0.48832995,0.48170716,0.4866678,0.49134392,0.49018884,0.48203355,0.48597348,0.4746529,0.48632324,0.47230875,0.4855662,0.47718024,0.4924211,0.48806125,0.4936968,0.48120826,0.4791317,0.49137884,0.4889964,0.48533648,0.49080908,0.48609328,0.47646022,0.50567955,0.47934622,0.48486483,0.47669387,0.49448937,0.49303848,0.48533988,0.48643166,0.48221856,0.48768532,0.48991364,0.47611004,0.48421115,0.49982852,0.48120832,0.48163766,0.48930264,0.46951586,0.48506993,0.4951151,0.47455204,0.49604833,0.4841634,0.4884395,0.49277908,0.4810356,0.4828077,0.4798113,0.4753626,0.4892422,0.4869852,0.49046576,0.49084675,0.4802251,0.4894877,0.4933868,0.49397248,0.4799614,0.49542803,0.4842627,0.48509383,0.4736156,0.47940582,0.4907741,0.48295522,0.47566473,0.48753637,0.4724468,0.4921887,0.4953512,0.48571354,0.4888152,0.48736334,0.49453622,0.4876454,0.48538756,0.47766864,0.48945022,0.46451646,0.4908657,0.49256867,0.49038613,0.49440998,0.4749896,0.5078355,0.4838084
0.49521792,0.50297475,0.4952854,0.5055751,0.50219667,0.5048403,0.50983876,0.49278438,0.48901927,0.5049482,0.5064759,0.5004445,0.50416917,0.4986261,0.49072075,0.50140816,0.50203526,0.49868286,0.502018,0.4976316,0.49662316,0.49727356,0.5049928,0.49497443,0.5025982,0.49611044,0.5063248,0.51415557,0.5149607,0.5112338,0.5061637,0.49505532,0.51094455,0.5003528,0.4997471,0.5074212,0.49420446,0.49385625,0.49164486,0.49678987,0.5040761,0.5051397,0.5062891,0.50707865,0.5132111,0.50706625,0.4959224,0.51354367,0.497499,0.5021447,0.4924668,0.4888264,0.50543153,0.5010548,0.50950223,0.49434918,0.50067,0.4995386,0.49949068,0.5028117,0.49986404,0.5127872,0.5102882,0.5148458,0.5185278,0.50008833,0.49617428,0.5036746,0.50655746,0.4993866,0.4990036,0.50843793,0.51026577,0.50788164,0.51353383,0.49727648,0.48921943,0.507277,0.5042804,0.5016848,0.49993718,0.50953674,0.50113374,0.5018764,0.5068795,0.4913262,0.4943555,0.5035571,0.49767423,0.49602473,0.50635433,0.5062737,0.50043106,0.5055281,0.49997884,0.51644725,0.48767674,0.49701256,0.5120065,0.51302195,0.49982846
0.49668655,0.5269657,0.52243006,0.53009135,0.52364653,0.5219854,0.53300637,0.52828956,0.529113,0.52934587,0.5276478,0.53385365,0.52956325,0.5306525,0.5312638,0.52971184,0.5206076,0.5281669,0.53449225,0.52792966,0.5193074,0.53392684,0.5194837,0.5261254,0.53186125,0.52838373,0.53222126,0.5204693,0.53021866,0.522537,0.5317079,0.5346144,0.5234821,0.51368254,0.5327262,0.53121036,0.52635586,0.5272998,0.5287911,0.5198286,0.53215045,0.5338297,0.53698933,0.5229753,0.5218316,0.5216982,0.51973313,0.535157,0.532159,0.5311531,0.5184081,0.534119,0.5240541,0.530996,0.52428234,0.51859385,0.53079885,0.5323494,0.5216636,0.53522646,0.5314222,0.5209879,0.522957,0.5241421,0.5317363,0.5378208,0.5346992,0.52552456,0.53149796,0.52376896,0.52619606,0.519215,0.5248077,0.5281362,0.528744,0.53242594,0.53482574,0.53071284,0.5344238,0.52712756,0.52439153,0.52527434,0.532998,0.51731795,0.5301898,0.5256514,0.5348859,0.53523177,0.5300564,0.52810854,0.5313174,0.5367837,0.5366439,0.52072483,0.5368388,0.51996493,0.52583575,0.5275555,0.5279344,0.5303902,0.525223
0.49759826,0.4753856,0.467206,0.4734081,0.4762661,0.4668694,0.4800135,0.4819867,0.47969818,0.46735305,0.4761104,0.47571433,0.4575792,0.47233325,0.48363453,0.46490568,0.47155392,0.4702236,0.45521504,0.4639011,0.47462118,0.47143745,0.4632547,0.47294563,0.4790067,0.4751175,0.4637459,0.44904196,0.45653242,0.45982665,0.46871752,0.4738015,0.46485674,0.46102494,0.47838306,0.47321802,0.4671675,0.48380184,0.47905397,0.47846466,0.4721762,0.46631235,0.47016597,0.4775527,0.48176765,0.47857016,0.47253245,0.461147,0.47471464,0.44976604,0.47568887,0.46687484,0.4593351,0.4845404,0.46957445,0.4852078,0.49332476,0.48033947,0.47276497,0.48113167,0.47408515,0.46305168,0.45100766,0.4609828,0.48179764,0.48606497,0.46510154,0.4663871,0.48079515,0.46837586,0.47120106,0.4800126,0.48763198,0.46268415,0.4639423,0.4772337,0.47555614,0.49188435,0.47246128,0.47099918,0.4671266,0.46811336,0.47160095,0.47022057,0.460849,0.46202594,0.46501118,0.48645437,0.46911067,0.4721346,0.46065497,0.46302378,0.4717269,0.48844904,0.47423053,0.46450806,0.46733332,0.46319085,0.4762028,0.46853417,0.46079862
0.49763626,0.47763312,0.47971815,0.47810692,0.46663505,0.45695657,0.4725092,0.49210858,0.4770003,0.47386986,0.4792533,0.46925986,0.48005372,0.464934,0.4813673,0.4917004,0.47867358,0.4673648,0.49545097,0.47001612,0.46766955,0.4835757,0.47482282,0.47193462,0.4746582,0.48264933,0.47212893,0.46560895,0.47215515,0.47731596,0.46695018,0.4662478,0.4803251,0.46336913,0.46121287,0.4597227,0.47533375,0.47136974,0.4771282,0.48144954,0.46358067,0.48123968,0.47432774,0.44822323,0.468511,0.47825617,0.45669216,0.4677511,0.48409945,0.47032034,0.4718824,0.48185354,0.4549741,0.46522123,0.46330065,0.47556567,0.48254466,0.46480644,0.47072077,0.47244495,0.47963846,0.48051685,0.46498507,0.4800738,0.47655487,0.46983463,0.4714887,0.46806443,0.47313666,0.4714157,0.4776944,0.48484713,0.46207058,0.48129165,0.46769267,0.4776982,0.46923268,0.47615856,0.47252065,0.47683161,0.4726401,0.45616102,0.46894562,0.47854227,0.47022742,0.48134035,0.46552885,0.4627269,0.49887747,0.48195475,0.46443266,0.4779004,0.47843742,0.46119565,0.46033472,0.4560299,0.44604218,0.45609123,0.46434724,0.4645269,0.46142954
0.49791414,0.4940799,0.47779655,0.47591883,0.48436868,0.48736262,0.4867918,0.48281223,0.4761461,0.49045873,0.49051964,0.47826517,0.49349296,0.49035156,0.4907729,0.47261947,0.48746747,0.49039507,0.4767869,0.484752,0.4924804,0.4827227,0.48444158,0.47377294,0.49111527,0.49809664,0.4861502,0.4906562,0.481059,0.47995615,0.48746747,0.48878753,0.47252083,0.49073273,0.493168,0.47962373,0.49528813,0.47410095,0.48416275,0.47805536,0.47938067,0.48755735,0.47594607,0.48394686,0.49265462,0.47428292,0.47066504,0.48331958,0.4892807,0.4924636,0.5027461,0.48100364,0.4870993,0.47778326,0.48800635,0.4790938,0.470554,0.48636186,0.48834962,0.49616855,0.49029619,0.4836117,0.47717577,0.49826998,0.48499614,0.4887765,0.49662745,0.4861713,0.48149592,0.48613024,0.49181223,0.494429,0.47573316,0.4664266,0.48024118,0.4769143,0.48047298,0.48023123,0.47193485,0.48822582,0.48835945,0.48939526,0.49034047,0.48139817,0.480142,0.50126344,0.48844987,0.48267066,0.47807652,0.5084335,0.48695737,0.47904378,0.48515314,0.49026877,0.48306954,0.46752876,0.48598218,0.47379225,0.48254466,0.47675335,0.48103285
0.4984466,0.45815122,0.4518162,0.46009713,0.4528771,0.4580691,0.46582383,0.45185798,0.44576293,0.47821635,0.4541263,0.4552561,0.47359163,0.44947773,0.46631896,0.46641594,0.4573393,0.45346445,0.46393174,0.4414155,0.46705425,0.45787483,0.46692932,0.45169365,0.46090442,0.46531945,0.460967,0.45759457,0.46186864,0.46876758,0.46309125,0.4456404,0.45838487,0.46563387,0.44929373,0.4635113,0.46649975,0.46661812,0.4484138,0.45048887,0.4567023,0.46681833,0.4526127,0.44698662,0.47491115,0.44806856,0.45538938,0.4594156,0.46009505,0.46607697,0.46618265,0.4711566,0.4569028,0.45030785,0.45895028,0.46471643,0.47423106,0.47343534,0.46071374,0.44901627,0.47003883,0.46194887,0.44551462,0.4775005,0.4456522,0.44949782,0.47047842,0.46251088,0.4677267,0.44702238,0.45155,0.4712246,0.45716202,0.44826978,0.46637857,0.46080297,0.4678622,0.45882833,0.4736187,0.44611478,0.4566416,0.45989877,0.46391678,0.46572983,0.47585464,0.46437955,0.46660042,0.45705372,0.44786656,0.45744658,0.46828103,0.46656394,0.47795665,0.4554054,0.4778387,0.46143872,0.45982188,0.4563225,0.46870345,0.45819664,0.45395124
0.49858475,0.49111497,0.49950194,0.4999783,0.50206,0.5148758,0.48662817,0.49354494,0.49866802,0.49267125,0.5075237,0.4994765,0.50061566,0.5013051,0.50513303,0.49605632,0.4942248,0.49656224,0.49745518,0.49844307,0.49412566,0.50461435,0.5064329,0.49572033,0.497101,0.51629376,0.49246472,0.52026707,0.4954242,0.50782615,0.5064495,0.50293076,0.49696505,0.49469805,0.5051926,0.50018024,0.4974721,0.49319732,0.49108744,0.48970622,0.5040502,0.5011938,0.50788766,0.4936005,0.50533056,0.4924506,0.50301015,0.5069937,0.49607253,0.49773246,0.49119335,0.4947346,0.5025808,0.50025624,0.50777113,0.51042587,0.49396318,0.4996608,0.493074,0.49364406,0.50323904,0.49832004,0.5106167,0.49993724,0.50112975,0.50319195,0.49325734,0.48618722,0.51096064,0.51022,0.504084,0.5053176,0.49801576,0.5029748,0.50418556,0.5039086,0.5087244,0.50137126,0.49886692,0.49521208,0.50319314,0.50497526,0.49906462,0.49677962,0.4926958,0.50054586,0.50743484,0.50746274,0.5116543,0.49458426,0.5032896,0.5029553,0.49600953,0.5010411,0.50667524,0.4978065,0.5051028,0.5079372,0.5061505,0.5028171,0.5079958
0.49949363,0.49670178,0.50394326,0.5038492,0.5072229,0.5066076,0.51297534,0.49509072,0.50997984,0.48043293,0.49793667,0.50092,0.507576,0.48354107,0.49464768,0.5060113,0.50421035,0.49775076,0.4864102,0.49172276,0.4982564,0.5118114,0.5139028,0.50726575,0.5055768,0.49826342,0.5206403,0.5031156,0.5026761,0.49477452,0.5083668,0.50739187,0.50966734,0.5001755,0.49378812,0.4919361,0.49872476,0.50530666,0.49177408,0.5007446,0.49104673,0.49466056,0.50021106,0.50955427,0.5039976,0.4875661,0.49948555,0.5104456,0.50987184,0.49706918,0.5093363,0.50486696,0.50448745,0.507681,0.50145704,0.5073587,0.49482143,0.49962074,0.50798017,0.5029659,0.51178294,0.49914557,0.49965972,0.50610274,0.4966585,0.51342994,0.50742185,0.49633676,0.49737215,0.5097509,0.49208444,0.50145423,0.49782622,0.4969579,0.5051788,0.49624813,0.48961425,0.48491436,0.5038719,0.5020598,0.50911415,0.49220037,0.5015769,0.49947357,0.50182104,0.49970293,0.5150853,0.49603248,0.51432157,0.5019293,0.49176067,0.5074924,0.48474276,0.50612587,0.5038904,0.4969892,0.5073787,0.50809795,0.49990183,0.5054338,0.49926007
0.50074315,0.4896598,0.5058232,0.51354235,0.5001466,0.5047439,0.49954134,0.50861263,0.5050251,0.49919438,0.49922746,0.50452286,0.5071092,0.50042796,0.50798625,0.50488955,0.5143227,0.5044382,0.51525545,0.49906158,0.5155841,0.49280244,0.5110098,0.49552095,0.5129741,0.49971253,0.5089639,0.51122504,0.5076684,0.5027206,0.50167924,0.50682795,0.50887674,0.5123933,0.5112238,0.4911533,0.5055949,0.5090021,0.51084185,0.5025161,0.50818187,0.50454307,0.48857546,0.4933933,0.50931484,0.5072637,0.5152737,0.50610906,0.50124806,0.51526225,0.4991899,0.5131228,0.49690622,0.5048366,0.50735855,0.5088885,0.5073635,0.50590664,0.50579107,0.51434636,0.5086164,0.50482476,0.5201876,0.5071704,0.51407975,0.5155736,0.5122133,0.5091886,0.5059496,0.49245137,0.5026989,0.50165594,0.5136823,0.5107665,0.5059562,0.5088108,0.5065168,0.492514,0.51522565,0.51147515,0.5168494,0.49402684,0.49934942,0.5053519,0.5168363,0.51561546,0.5143359,0.51429427,0.5126183,0.51481354,0.5104945,0.5056675,0.50011134,0.50388396,0.5122197,0.4963162,0.5182927,0.5059579,0.49912935,0.5031714,0.50615823
0.5010372,0.5474774,0.5399376,0.5396456,0.53697747,0.53400385,0.52270603,0.53461236,0.54562795,0.5375099,0.54439473,0.548263,0.5301765,0.5371669,0.54028296,0.54688174,0.5375907,0.5364412,0.55044025,0.53243464,0.52879673,0.5305587,0.5328285,0.54004294,0.5339099,0.55502117,0.5350567,0.53470945,0.5496902,0.5383967,0.54517674,0.53494793,0.5484686,0.5408699,0.53129935,0.55205774,0.5453455,0.53494084,0.5491458,0.53044,0.55140465,0.54443973,0.5429719,0.5449083,0.52871275,0.5353378,0.553087,0.53907424,0.54128605,0.5350678,0.5397612,0.5403653,0.53765017,0.5428561,0.54314506,0.5348329,0.5534404,0.54722595,0.53136396,0.53563434,0.5367767,0.54234946,0.54860556,0.5448831,0.52906656,0.5324829,0.5328103,0.5350981,0.5389536,0.5404239,0.5502449,0.5321754,0.5333321,0.5309563,0.54464096,0.5529213,0.5296364,0.5455635,0.54627,0.5370459,0.5338488,0.54447556,0.5307547,0.54383487,0.53510416,0.54131526,0.5337339,0.54042095,0.5316438,0.54316705,0.535219,0.5429088,0.5494031,0.5393194,0.5420332,0.5303344,0.53126204,0.5353495,0.5369961,0.53753906,0.5523127
0.50158745,0.4727406,0.47777706,0.48957604,0.4894749,0.4717402,0.4646842,0.47523642,0.47586876,0.48196673,0.472377,0.47971582,0.48042774,0.4837867,0.4693067,0.46151608,0.46602815,0.4868337,0.46491843,0.48133576,0.47242457,0.47952294,0.47115362,0.47705615,0.48102653,0.4771735,0.46755284,0.4911154,0.4725306,0.46521437,0.47777313,0.47730625,0.4808671,0.46396,0.48156524,0.47881722,0.48279428,0.4840958,0.48203766,0.48126924,0.47294366,0.48276454,0.47386616,0.47301805,0.4631515,0.4772361,0.46112645,0.4672416,0.48911244,0.47359866,0.47206265,0.47528988,0.4685344,0.4778815,0.47050685,0.47715467,0.488527,0.4730193,0.472121,0.48030478,0.47070122,0.49109387,0.49170357,0.46985483,0.4732706,0.471465,0.48104173,0.48039776,0.4706692,0.4677022,0.4535097,0.48429602,0.4734093,0.47923315,0.4839329,0.47497022,0.4815141,0.4761452,0.4747678,0.46898508,0.47819662,0.49587297,0.47787768,0.48624432,0.47487217,0.47028518,0.48724777,0.4812861,0.4631315,0.467336,0.46240914,0.4680453,0.4799961,0.4755317,0.4722106,0.48163146,0.4722532,0.48073518,0.48286557,0.46598792,0.47355503
0.5017439,0.48791152,0.5018489,0.4909634,0.4984923,0.5022275,0.48348516,0.49063027,0.4866975,0.4910909,0.49005234,0.49715674,0.49035823,0.5056514,0.50514716,0.48326546,0.49318188,0.48521727,0.50903684,0.4998389,0.49089694,0.48910666,0.48826993,0.48520035,0.48685992,0.49533564,0.48195088,0.49171317,0.49896985,0.48421592,0.50576574,0.4929027,0.4864993,0.4871983,0.4919182,0.50918597,0.4931922,0.5003467,0.49123514,0.5033496,0.49442703,0.48444563,0.5051582,0.49469256,0.4936778,0.48260427,0.49902725,0.4828583,0.48606414,0.49543327,0.48501688,0.49556923,0.48636305,0.4936129,0.5000332,0.50019974,0.48781216,0.4986142,0.49375004,0.49344003,0.5050989,0.4970709,0.5033231,0.49306977,0.49420863,0.49832743,0.4807697,0.5052064,0.49008965,0.49933106,0.5038629,0.49115336,0.4947852,0.5022242,0.49275917,0.4974944,0.4811303,0.49369794,0.4934386,0.49615222,0.49260652,0.49102992,0.48758066,0.4991241,0.4821455,0.4858814,0.4989736,0.4955786,0.49747223,0.48165786,0.49103975,0.49907225,0.48537105,0.49238765,0.48778623,0.496894,0.4915874,0.5009531,0.4929247,0.48254156,0.4929934
0.5027806,0.53705937,0.53577715,0.54444134,0.53542453,0.5394077,0.53742045,0.545496,0.53447276,0.53968537,0.5253081,0.53628254,0.5399507,0.5493861,0.5418187,0.5272158,0.53136945,0.5293619,0.5326071,0.5177227,0.53978926,0.53371084,0.53712505,0.53772175,0.54492605,0.53533846,0.5321935,0.5424884,0.54493606,0.5373379,0.5337625,0.54794943,0.5341461,0.53953576,0.5403478,0.5431761,0.539478,0.5303357,0.5302339,0.5485951,0.52823716,0.5295479,0.5305871,0.5291221,0.5351021,0.5236987,0.5413993,0.5332345,0.53170013,0.53785414,0.5310998,0.52753663,0.53292817,0.54563904,0.5387598,0.53998816,0.5366955,0.53458637,0.53585637,0.52977693,0.53732204,0.5366018,0.5299464,0.53171116,0.54574835,0.5477373,0.5335145,0.52912873,0.5415002,0.5294617,0.5283135,0.52905136,0.5426821,0.5386176,0.53335345,0.5272456,0.5280438,0.54412913,0.54465723,0.53786707,0.5275965,0.53615195,0.52874696,0.54043764,0.5202285,0.53300035,0.54128325,0.5382643,0.5322443,0.5255939,0.5344036,0.53454626,0.54505724,0.5455403,0.55153054,0.5370703,0.5462438,0.54076546,0.5467865,0.5286089,0.5389006
0.5028469,0.53176904,0.5326629,0.5346625,0.5387197,0.5374447,0.54412866,0.53389865,0.532547,0.5456547,0.54465497,0.5415056,0.53421384,0.535278,0.539847,0.5354172,0.54143506,0.5344421,0.53172946,0.5343866,0.5339751,0.53448087,0.5389546,0.5289254,0.5365587,0.533103,0.5431301,0.53567064,0.5374693,0.54013115,0.5367948,0.5284036,0.5298252,0.54100966,0.5346364,0.53974336,0.5422579,0.5347497,0.5358,0.5441139,0.53790975,0.53814346,0.5352065,0.5389003,0.5417039,0.5357084,0.5375547,0.53828686,0.53132576,0.5416993,0.538673,0.53881264,0.5351089,0.5303289,0.5397287,0.5371957,0.543504,0.5406293,0.5356225,0.53228253,0.5427476,0.53141844,0.5332588,0.5417654,0.54569066,0.5349721,0.5472945,0.53506386,0.5350514,0.5320596,0.5344628,0.5317871,0.53884405,0.5292815,0.5318885,0.5317686,0.5299649,0.53241473,0.53656167,0.53238356,0.5326005,0.5395571,0.5434546,0.53547025,0.5306723,0.5393546,0.5279938,0.5376693,0.5352978,0.54240257,0.54333735,0.54140514,0.53276116,0.53298026,0.5203316,0.5308712,0.52903575,0.5331094,0.53739774,0.53989184,0.53298825
0.503521,0.48213083,0.4881187,0.47774458,0.48083246,0.48283833,0.49918288,0.4859159,0.480089,0.47149307,0.50238156,0.48440135,0.46633905,0.4955812,0.4913515,0.4855883,0.49262482,0.484937,0.48521167,0.48804682,0.48781657,0.49670392,0.5023554,0.49010402,0.50010467,0.47073627,0.47608572,0.49536067,0.4846273,0.48930943,0.48704714,0.48207337,0.4788676,0.50166667,0.46373492,0.48311168,0.4775824,0.49274027,0.4814648,0.48267728,0.4858899,0.4879017,0.4802454,0.47621256,0.48501068,0.49534136,0.4878242,0.48604923,0.48867643,0.4888456,0.48728,0.47384286,0.4934134,0.4889282,0.47082442,0.48429757,0.4804365,0.4893167,0.50365454,0.48590553,0.4803254,0.48139113,0.48234558,0.47128773,0.47971547,0.49410152,0.4932235,0.49199235,0.49256617,0.50012916,0.49763405,0.4847309,0.48333335,0.49419606,0.4978751,0.4998883,0.47361726,0.4763397,0.48629254,0.49331164,0.4929462,0.49374032,0.49069035,0.4797455,0.4998538,0.48120582,0.4814009,0.48823917,0.48615503,0.49194348,0.48431975,0.47791892,0.48585403,0.48941928,0.47683775,0.48135906,0.49423248,0.4842052,0.49557108,0.48690665,0.4910357
0.50381386,0.49075973,0.508587,0.49720323,0.50220686,0.49694908,0.5066723,0.49903518,0.48997062,0.5169457,0.4998364,0.51065856,0.49735004,0.50025254,0.48506063,0.49335217,0.50202566,0.50172764,0.49936724,0.48994368,0.49915624,0.5055871,0.4989941,0.50181925,0.5012375,0.500159,0.4940641,0.49834818,0.49948746,0.48634422,0.49760926,0.50413084,0.5041898,0.49255103,0.4904974,0.49978644,0.48876327,0.48756325,0.5046771,0.49611658,0.49387956,0.49671406,0.4921831,0.48233044,0.49111915,0.50292414,0.4960757,0.4983508,0.4943071,0.4960428,0.49258864,0.50457174,0.48601866,0.50488335,0.50096357,0.5038822,0.49748993,0.49573106,0.50007,0.49443352,0.49514055,0.49994165,0.49992943,0.49035317,0.49547803,0.5092372,0.49972093,0.49749893,0.4919001,0.4962952,0.50581163,0.4950487,0.5049657,0.495795,0.49760926,0.5001222,0.4973867,0.5021714,0.50583637,0.49362177,0.5036723,0.49265867,0.49561477,0.4889562,0.4955536,0.506997,0.5115607,0.5018357,0.4978276,0.49936503,0.49699718,0.499431,0.5074092,0.49853688,0.51121753,0.48912168,0.5012061,0.5083434,0.493743,0.49244618,0.5071147
0.50623494,0.5230928,0.5201991,0.5268026,0.5183285,0.52029264,0.5268653,0.52139735,0.5277946,0.5188575,0.51424843,0.53417766,0.52727515,0.54053164,0.5177148,0.527592,0.5163312,0.50912464,0.51699513,0.5248858,0.51959884,0.52673435,0.5236357,0.5230661,0.5133521,0.53841615,0.5229038,0.52673334,0.5111077,0.5305877,0.52489716,0.5210037,0.51700884,0.52776504,0.5201333,0.5160248,0.5216452,0.5344498,0.5129208,0.52947986,0.5227531,0.52380824,0.53037286,0.5265831,0.5341325,0.52055025,0.51900023,0.51209223,0.5197218,0.5157777,0.5226176,0.5212163,0.5209874,0.524808,0.53145134,0.5170626,0.5235219,0.53333396,0.5273781,0.51781636,0.51752496,0.5353729,0.5219465,0.52532184,0.5108106,0.52642417,0.5186433,0.52364033,0.5303215,0.5251893,0.5190947,0.52724016,0.51683754,0.51222134,0.5225065,0.5211769,0.52072257,0.5170931,0.52641684,0.53015566,0.51197,0.52750605,0.535269,0.5167855,0.5262996,0.53278697,0.5279259,0.52962637,0.5237348,0.5147899,0.52717435,0.53169674,0.52492076,0.53254646,0.5236727,0.5275792,0.51716083,0.51424885,0.522314,0.53127354,0.5225853
0.5067696,0.56326854,0.5507695,0.5446881,0.5458496,0.5406336,0.54664606,0.5448343,0.5386981,0.5481973,0.53955144,0.55120057,0.55118424,0.5553982,0.5482809,0.5475424,0.5441101,0.54670423,0.5423515,0.5510085,0.5374677,0.55448556,0.5402407,0.55473757,0.5487419,0.5408977,0.5503738,0.5420703,0.5488948,0.55089515,0.54078573,0.53948224,0.55520296,0.55453694,0.54268533,0.54531425,0.54844695,0.5537679,0.5525969,0.55185664,0.5410232,0.5360047,0.5474757,0.55653495,0.54768366,0.5366152,0.54021245,0.5494827,0.54298836,0.5514478,0.5460601,0.5525801,0.54681504,0.5485893,0.55359507,0.541344,0.53867894,0.5471572,0.5427223,0.5463634,0.55714506,0.55281854,0.5425794,0.5528215,0.55296266,0.5463753,0.53532,0.5476162,0.55514735,0.5408686,0.5420424,0.5560418,0.55170554,0.5468445,0.54157627,0.5485341,0.5493806,0.53911144,0.54076695,0.5485642,0.55288357,0.5397035,0.554046,0.542792,0.54059225,0.54803234,0.54786617,0.5491452,0.5462815,0.5531049,0.5552302,0.54771924,0.5390433,0.56631106,0.5466632,0.53995484,0.5403802,0.5444308,0.538746,0.54468834,0.5520874
0.5070713,0.49441308,0.49991286,0.48358613,0.4879406,0.48781627,0.4739349,0.48584306,0.49467814,0.49371988,0.48363155,0.49527055,0.4859324,0.4862255,0.48573232,0.49593532,0.48906434,0.50675184,0.48709917,0.50745285,0.49208432,0.5085204,0.47697753,0.47498518,0.49212313,0.4919942,0.4956398,0.48278666,0.49177426,0.5059818,0.49216384,0.48273575,0.497833,0.48835856,0.49398786,0.4921788,0.49910337,0.49958253,0.47726697,0.49020404,0.49403387,0.48252666,0.50099385,0.49329388,0.4990837,0.49503773,0.48402232,0.49061412,0.48808414,0.48291707,0.4842317,0.4987768,0.49166906,0.48797905,0.48681617,0.49491793,0.5001953,0.49997866,0.48692715,0.4889446,0.50855416,0.5013215,0.47925514,0.49112165,0.48818117,0.48779863,0.4756037,0.48641056,0.4936484,0.47950512,0.49893743,0.48408806,0.47758728,0.48426127,0.48907733,0.48488706,0.49559766,0.47613722,0.490346,0.4816724,0.4869092,0.49252945,0.48713368,0.4886936,0.4896406,0.49632543,0.48625165,0.4910311,0.4943139,0.4885062,0.49297726,0.48772734,0.49784106,0.48443305,0.49660105,0.49070936,0.4936751,0.48854935,0.4928385,0.48349988,0.49840844
0.50742966,0.52684194,0.52647907,0.52701515,0.52662206,0.5212486,0.5219235,0.5276515,0.5291521,0.52401495,0.53399736,0.5255221,0.53102946,0.5118077,0.5222267,0.5291393,0.5280339,0.5260663,0.52778316,0.5174969,0.52981734,0.52353996,0.52043486,0.5344551,0.53375226,0.54020584,0.5250536,0.5405642,0.5236832,0.5394294,0.5305224,0.52748966,0.52783334,0.5384834,0.53099436,0.53370976,0.53120863,0.52405095,0.5364825,0.53926384,0.52369285,0.5340641,0.53719157,0.5383528,0.52450854,0.53910357,0.533997,0.52729154,0.5212732,0.53401476,0.51771545,0.5177634,0.53844607,0.524062,0.5247441,0.52485764,0.53047824,0.5259395,0.5312173,0.5385574,0.5210064,0.53398484,0.52393067,0.5267334,0.5356317,0.5334253,0.530189,0.5164528,0.52487093,0.5347181,0.53266203,0.5345145,0.52929723,0.5314621,0.54096574,0.53016,0.5295545,0.52465874,0.52847254,0.51781195,0.52871114,0.53432274,0.53382844,0.5418481,0.5292867,0.54404366,0.5336208,0.5239265,0.52805674,0.5281487,0.5263314,0.53161126,0.5161364,0.53131574,0.5293443,0.5283536,0.53672004,0.5237575,0.5217379,0.51828396,0.52090925
0.5080495,0.44253552,0.45260566,0.43910205,0.46440834,0.44805133,0.44801176,0.45469397,0.45293087,0.44664615,0.47338367,0.45971137,0.4607889,0.4594975,0.4571702,0.44837946,0.43810683,0.44885582,0.4685592,0.44907874,0.44212914,0.46160138,0.46099293,0.45936245,0.4624384,0.4429292,0.42491055,0.43728548,0.44910985,0.4581607,0.44208145,0.4562385,0.4532888,0.45765632,0.45789742,0.453695,0.43575555,0.43993068,0.45536065,0.43884373,0.44658726,0.4577697,0.45833427,0.45254403,0.4411204,0.4381883,0.46655983,0.43788147,0.45301592,0.45729196,0.4616626,0.44894934,0.4444145,0.4448014,0.46027505,0.45352352,0.45698994,0.4488274,0.44335043,0.47278124,0.46801257,0.4659028,0.44891632,0.4625597,0.44660383,0.43807596,0.4393549,0.4462192,0.46673524,0.44255108,0.43949664,0.46093917,0.444009,0.45652986,0.44777137,0.4701556,0.45285702,0.44425172,0.4371978,0.47667056,0.4518597,0.4543934,0.44841403,0.45124865,0.43582398,0.4557438,0.46426827,0.4486972,0.43622333,0.46348327,0.4660902,0.43517858,0.45435572,0.46407455,0.45378852,0.45432538,0.44559383,0.45086622,0.4609571,0.44096726,0.45674318
0.5081198,0.50966126,0.5131217,0.5195664,0.5168055,0.50849265,0.5093637,0.52256805,0.525488,0.5140339,0.5212171,0.5128678,0.5088322,0.51650786,0.51165617,0.5164684,0.5145754,0.50858957,0.5078094,0.51746863,0.51640415,0.50927866,0.5107763,0.5184686,0.51038986,0.5083965,0.51565295,0.5148805,0.5043358,0.5195354,0.51513535,0.5098046,0.5187803,0.508377,0.5136092,0.5228316,0.5295709,0.51725477,0.5260482,0.52905905,0.50699234,0.5191326,0.50774527,0.50585717,0.52050906,0.52164954,0.5127489,0.5068665,0.51532245,0.5143206,0.5039726,0.5137625,0.51167905,0.5171316,0.52255046,0.5094051,0.5131649,0.51212597,0.51321644,0.51763076,0.50836635,0.5128816,0.5131054,0.51578474,0.5113169,0.51935405,0.51831996,0.52670246,0.5029358,0.51877147,0.51092887,0.51168686,0.51971126,0.5341918,0.5071871,0.5128236,0.52085835,0.51251256,0.5139182,0.51483405,0.5088816,0.50973666,0.5129755,0.5144827,0.5092616,0.51053596,0.519989,0.5093659,0.5172511,0.52150697,0.5128903,0.5153697,0.5180639,0.50358385,0.51614296,0.5136744,0.5178837,0.5201327,0.52000505,0.51109636,0.50353664
0.50867176,0.5332843,0.54151076,0.5386481,0.54179007,0.5367175,0.54983675,0.53406197,0.54449326,0.549509,0.5335396,0.5373354,0.53007805,0.5281208,0.53027916,0.5555342,0.52094865,0.5411307,0.539015,0.53926146,0.53632694,0.53911954,0.5372796,0.54593205,0.54871106,0.54845154,0.5355977,0.5428787,0.53159565,0.5437197,0.53166324,0.54769003,0.53242034,0.5385019,0.5347859,0.55495536,0.542291,0.5428375,0.52786535,0.5454383,0.53623253,0.54585034,0.53978246,0.5336445,0.55037326,0.5416732,0.5363807,0.54482853,0.5375865,0.54223925,0.5349071,0.53930026,0.54904944,0.5524852,0.5403389,0.5328701,0.5547588,0.5426245,0.54178405,0.5394556,0.5517755,0.53814423,0.5455663,0.5437131,0.53759325,0.5360818,0.53307885,0.5413218,0.52437454,0.5505088,0.53219336,0.54311067,0.5334267,0.5389409,0.5407939,0.5348116,0.54072976,0.5453763,0.53228486,0.5440749,0.54716736,0.5400823,0.53553563,0.53875947,0.54086846,0.5374975,0.5387664,0.5298589,0.54054713,0.5408882,0.5400752,0.5433836,0.53884304,0.532388,0.5388844,0.53951126,0.53912485,0.5390544,0.54254,0.530812,0.54399604
0.5089169,0.5052097,0.50386095,0.4965135,0.49528056,0.49629927,0.5008669,0.48466748,0.49859357,0.5013462,0.49129397,0.5024319,0.49373955,0.50483906,0.5033253,0.47106576,0.4989034,0.49778593,0.49715608,0.4852335,0.49820358,0.5040824,0.4898659,0.49807656,0.49340445,0.49617213,0.50261605,0.5089226,0.495054,0.5010685,0.5060436,0.49666762,0.49541092,0.4977364,0.50028276,0.5106545,0.49472564,0.48990452,0.4911204,0.4881888,0.49521846,0.502716,0.4960333,0.5082302,0.48959428,0.50176954,0.49636966,0.49511397,0.4981686,0.49108237,0.49564654,0.50250053,0.5064479,0.48541707,0.49775147,0.5114417,0.4978282,0.48893392,0.5023913,0.4909593,0.4933148,0.4970513,0.48114866,0.5007537,0.49823326,0.49648023,0.48661,0.49926966,0.50030595,0.49888277,0.4967767,0.5004185,0.5018017,0.5023817,0.5074129,0.49469495,0.49309427,0.5030875,0.49141908,0.5069945,0.4814551,0.50117344,0.50328374,0.4899943,0.49448586,0.4919179,0.4929456,0.49035043,0.50517535,0.5037914,0.5014128,0.49901962,0.5004712,0.5074558,0.4934739,0.49838513,0.5008556,0.5050493,0.500277,0.4933533,0.49302006
0.50904876,0.4984432,0.49216998,0.49177957,0.50241846,0.482486,0.4870084,0.4833126,0.4919616,0.4943897,0.49760997,0.48189092,0.49408978,0.48434263,0.49852288,0.49026316,0.4895349,0.49832487,0.49495423,0.49493617,0.5023846,0.47399038,0.502338,0.48807526,0.48896736,0.48884785,0.490721,0.49866098,0.4996351,0.495287,0.49864548,0.49447608,0.49295032,0.48651636,0.48697692,0.4994052,0.502572,0.49672377,0.49920565,0.48443234,0.48379457,0.49614263,0.49658984,0.49574482,0.49531287,0.50124294,0.5046624,0.49184084,0.48623258,0.49157435,0.5042924,0.49185163,0.4905985,0.4827006,0.48105705,0.48521888,0.49855942,0.5013234,0.49644744,0.4966243,0.4836862,0.4992898,0.48990494,0.49163473,0.49026054,0.49451625,0.5068729,0.49221003,0.4913624,0.49068683,0.4831729,0.49290127,0.49843967,0.49519533,0.46843857,0.48919046,0.51000816,0.49665082,0.4948331,0.49407226,0.49354893,0.50060284,0.49745202,0.497204,0.4953493,0.48127842,0.4911127,0.5020618,0.49407512,0.4944563,0.49537945,0.4910754,0.49768966,0.49609536,0.5011516,0.49463803,0.49635303,0.49149704,0.50849897,0.5143421,0.4824673
0.50946224,0.5206498,0.5110531,0.5187699,0.51770025,0.5184376,0.51259935,0.50781524,0.5132394,0.51514703,0.52850914,0.52142316,0.51297146,0.51000196,0.52402127,0.5139572,0.5124605,0.5144778,0.5083062,0.5090489,0.50481737,0.518715,0.5175607,0.5124794,0.5206401,0.5170644,0.51032186,0.5175375,0.526874,0.5124478,0.5077968,0.5059521,0.52179253,0.5115258,0.5139465,0.51416254,0.52001584,0.50530446,0.49967378,0.5168043,0.5104889,0.52652186,0.51786214,0.5079112,0.51672465,0.52903646,0.5246716,0.5214639,0.5103769,0.5081228,0.5175809,0.514052,0.50649655,0.525651,0.52027035,0.51322824,0.5122315,0.5047413,0.5218088,0.5069643,0.5128163,0.5162184,0.5162525,0.5205353,0.5227852,0.5115696,0.52087384,0.5156266,0.50328994,0.5109877,0.51385796,0.50319046,0.5116469,0.50904757,0.50940603,0.5144978,0.50799066,0.52158076,0.51308113,0.5010378,0.52517456,0.51246405,0.51349056,0.5287558,0.5087726,0.5248261,0.530789,0.49966478,0.5294429,0.51522064,0.5198098,0.5240854,0.5271297,0.5140624,0.50921714,0.52382696,0.51158553,0.50805926,0.50503415,0.5123146,0.5179098
0.5107397,0.4958759,0.500077,0.50994766,0.4856488,0.51985073,0.4886511,0.49997735,0.49971247,0.49713677,0.4880619,0.5032896,0.49516803,0.506042,0.4967956,0.51420265,0.48684013,0.4946276,0.49700832,0.5107022,0.50109994,0.51178014,0.5065363,0.50173336,0.50808066,0.4948551,0.51712227,0.5010647,0.4919176,0.5114917,0.4946233,0.49967533,0.51843894,0.50026596,0.510966,0.49322313,0.5100267,0.49826682,0.5101484,0.50697875,0.4918055,0.5127752,0.5082228,0.5034397,0.50523996,0.50773156,0.509287,0.48569673,0.5022763,0.49315995,0.4969154,0.49909836,0.496059,0.49880004,0.48859912,0.51532745,0.49792278,0.49815577,0.49252462,0.5045118,0.4886747,0.50962716,0.51215565,0.49498624,0.49503255,0.49787992,0.5116626,0.4956237,0.5071287,0.4902025,0.5034769,0.51677537,0.496167,0.5016864,0.5163394,0.5047882,0.52046144,0.516768,0.5197086,0.4893992,0.49906933,0.5072419,0.5134225,0.5120307,0.5143664,0.5033727,0.49393767,0.52003145,0.5057067,0.5014811,0.5079472,0.5178096,0.5035729,0.5119043,0.50993073,0.49941903,0.49840736,0.51027626,0.50038266,0.5179899,0.5065439
0.51083076,0.53042805,0.5364724,0.53127813,0.53021705,0.5389166,0.52852947,0.53729475,0.5326032,0.5338904,0.5341447,0.5446765,0.53775865,0.5338664,0.53907734,0.53504586,0.5338125,0.5259568,0.52794933,0.5405262,0.5335036,0.52902114,0.53699523,0.53351665,0.5340545,0.540144,0.5433453,0.53043884,0.5279262,0.5308661,0.5410088,0.53404665,0.53858745,0.52795863,0.5421766,0.5352394,0.52780384,0.54029745,0.5428298,0.5439788,0.54031783,0.5362033,0.54874796,0.5321747,0.5353851,0.5387002,0.53368336,0.5352485,0.5332768,0.540978,0.53552836,0.53886414,0.54015136,0.5305936,0.52413386,0.5299322,0.5332232,0.5314288,0.5260126,0.5261036,0.54434866,0.52412605,0.52569664,0.5359915,0.526014,0.5330296,0.54478,0.5369673,0.53658324,0.5477916,0.530146,0.533873,0.5359165,0.53610927,0.53164244,0.52896625,0.5320214,0.5218918,0.53353024,0.53236353,0.5488726,0.53737515,0.5346434,0.54521805,0.5300718,0.5394934,0.54146314,0.53497815,0.54345316,0.5273793,0.53559846,0.5268674,0.5453263,0.53305614,0.5415939,0.5374433,0.52996576,0.5327762,0.5312949,0.53660864,0.5318787
0.5108423,0.5251646,0.523895,0.53084296,0.51760185,0.53707534,0.52913463,0.51173675,0.5270147,0.5252403,0.5338091,0.52464294,0.5169651,0.52757394,0.52061915,0.52988285,0.5297142,0.5386749,0.5301853,0.5267654,0.5303286,0.52613574,0.51829463,0.5307674,0.5254495,0.5261648,0.5208654,0.5255111,0.52913827,0.5248133,0.53641576,0.52775073,0.51873577,0.51699585,0.52352256,0.5188574,0.5178521,0.5236974,0.52391666,0.52774656,0.5309061,0.525876,0.52991533,0.53692883,0.53004676,0.53096867,0.51828253,0.5302465,0.52889997,0.51640224,0.5319708,0.5342226,0.5231045,0.51925933,0.5311586,0.5270172,0.5414202,0.52734774,0.5226761,0.5238181,0.51662964,0.5171642,0.5290652,0.53106517,0.5219898,0.524307,0.5244317,0.51514626,0.53389895,0.52588665,0.5242818,0.52326876,0.5190935,0.5164007,0.5243375,0.5366114,0.5184329,0.52103335,0.52840877,0.5350985,0.5363307,0.52193516,0.52798605,0.5293436,0.52355206,0.50359064,0.53242046,0.5177148,0.5358958,0.52287155,0.5189348,0.52770734,0.5304829,0.52244097,0.5393331,0.5350229,0.528845,0.5225174,0.5239151,0.52561617,0.52891123
0.5112431,0.5352991,0.53386307,0.5211732,0.5300614,0.5162714,0.5249743,0.522503,0.5251021,0.524687,0.5266519,0.53767186,0.5275914,0.5273066,0.520966,0.5321488,0.51775736,0.5322638,0.52843356,0.52261484,0.53400433,0.5228222,0.52694935,0.51595885,0.5250133,0.52645314,0.51909894,0.53062433,0.5337406,0.528507,0.52494496,0.51312697,0.52277756,0.5210411,0.5332311,0.52531296,0.51890373,0.52537733,0.5322053,0.5203833,0.5228044,0.52530783,0.52391344,0.52931225,0.53354025,0.51399374,0.520714,0.5219502,0.534418,0.53024006,0.5251199,0.5171997,0.5188954,0.5199781,0.52633333,0.5190673,0.5321387,0.52391005,0.530277,0.5189971,0.5329986,0.52816826,0.53037816,0.51565695,0.53292346,0.52330244,0.5161789,0.5230215,0.533404,0.5283362,0.51712036,0.52932644,0.53281295,0.52505213,0.52605253,0.5324053,0.53394186,0.5317695,0.51904154,0.51902694,0.5140003,0.53310674,0.5283028,0.5297151,0.5237003,0.5210471,0.5200328,0.5165384,0.5271055,0.52640325,0.5104819,0.5209342,0.5176083,0.5161141,0.51825345,0.53181475,0.51844054,0.5211944,0.52938086,0.5272222,0.51318914
0.51175255,0.55211693,0.556186,0.5455462,0.5573332,0.5528344,0.5435683,0.54602426,0.5541699,0.5550522,0.5439309,0.5485124,0.55223167,0.53542954,0.5448912,0.5614779,0.55470425,0.54701316,0.54439664,0.54682875,0.5489656,0.53414834,0.5493721,0.5531345,0.54545873,0.5500316,0.5551688,0.56099343,0.54585326,0.55191904,0.5494959,0.5614831,0.5594862,0.5533694,0.5354389,0.550069,0.561407,0.55562854,0.54594064,0.53982615,0.55424434,0.5481255,0.5550251,0.56450224,0.54818845,0.55492187,0.55240613,0.5452666,0.55607104,0.5508265,0.54230773,0.54773766,0.55158925,0.5508639,0.5570581,0.5522102,0.5512697,0.542463,0.552647,0.55623084,0.55104536,0.5405794,0.54951906,0.5467199,0.5418225,0.55755216,0.5533128,0.55137044,0.545655,0.54883736,0.54103494,0.54949063,0.56684464,0.54950845,0.54973775,0.55126935,0.53332174,0.5489347,0.54584837,0.55164266,0.5465772,0.5537376,0.55283517,0.5450268,0.5416002,0.5582188,0.5487317,0.55667365,0.5577865,0.5535716,0.54234266,0.5546942,0.5591974,0.5478066,0.5385976,0.5488499,0.5599961,0.5458044,0.5498186,0.554813,0.5579672
0.5121159,0.5007622,0.5214499,0.5200397,0.52593076,0.5033377,0.5093823,0.5281812,0.5165707,0.51599383,0.52549815,0.52025545,0.5136254,0.5145228,0.5118654,0.5153857,0.4987337,0.5246665,0.508586,0.5090636,0.51959336,0.51793116,0.5151622,0.5077521,0.5146302,0.5103647,0.5255582,0.5034937,0.5213308,0.51661503,0.51656365,0.5118285,0.5213465,0.50740933,0.51547045,0.51600593,0.5167321,0.5290596,0.5045045,0.5013483,0.50640523,0.5084989,0.5156913,0.5120269,0.5144378,0.514807,0.50843865,0.52001756,0.5092471,0.5178048,0.51521045,0.50536025,0.5185482,0.5328129,0.5151935,0.5175334,0.49895972,0.5179593,0.5141372,0.5149657,0.5149291,0.5214535,0.51531553,0.5164181,0.5306039,0.511774,0.5141288,0.50982064,0.5054258,0.51982665,0.5171513,0.51522195,0.52132183,0.521624,0.51205194,0.50056475,0.51533765,0.5031034,0.5067592,0.5173576,0.51758605,0.52100086,0.50083494,0.51146704,0.51549226,0.5183728,0.5168153,0.5110551,0.5103607,0.5136247,0.51200145,0.5096887,0.52056265,0.52101445,0.5105974,0.505624,0.5135906,0.5000778,0.5078046,0.52429795,0.5241865
0.512588,0.6253652,0.6664311,0.64430135,0.6318745,0.6504505,0.6268015,0.64085585,0.6227556,0.6538301,0.63713306,0.62282556,0.6252743,0.6528041,0.6488133,0.6425069,0.6476641,0.6696645,0.6431435,0.66081303,0.63294536,0.6439372,0.6350595,0.64772326,0.66268975,0.6422925,0.64336973,0.6788538,0.6693176,0.62873894,0.6312248,0.6301174,0.6377293,0.6377968,0.6511941,0.63227385,0.6447328,0.62528,0.654744,0.65841407,0.632314,0.67040247,0.64713603,0.6607042,0.65743977,0.61987257,0.63135177,0.65775526,0.6142776,0.66447455,0.66678417,0.65502554,0.6440868,0.6214331,0.65588516,0.66065496,0.64398426,0.66985756,0.6738517,0.6223885,0.6467511,0.6312899,0.6582026,0.642536,0.6537846,0.6610368,0.6558767,0.63703823,0.6560342,0.64419246,0.6467661,0.63302225,0.63109696,0.673868,0.65826255,0.6372542,0.67463136,0.62695235,0.6445921,0.64529693,0.6349901,0.6436375,0.6385085,0.63708013,0.6652381,0.6534894,0.6470626,0.6198119,0.6697444,0.6408908,0.63556665,0.62555754,0.6593959,0.6449285,0.6301039,0.6461106,0.6383408,0.642134,0.64687365,0.6385385,0.63348144
0.51391083,0.5123206,0.520397,0.5194061,0.5078789,0.5043445,0.51664764,0.5090358,0.50956017,0.5185655,0.4987594,0.51031595,0.51333123,0.51240194,0.504667,0.50923103,0.5150702,0.5174805,0.5092714,0.5126612,0.5166367,0.51096934,0.5161704,0.52473915,0.5104241,0.5034058,0.5157094,0.50607604,0.5160275,0.5144791,0.5032609,0.51296526,0.51647776,0.51649266,0.51051664,0.5005886,0.5198552,0.52827215,0.51416445,0.5145562,0.5116864,0.52306914,0.51530313,0.508666,0.5153392,0.5192728,0.51877004,0.51896363,0.5090734,0.5077482,0.5121313,0.5129844,0.5101667,0.5082454,0.51009315,0.5082113,0.5171832,0.502487,0.51414675,0.51265246,0.5001389,0.52204347,0.51562274,0.51494324,0.51277995,0.5145075,0.51353055,0.5123466,0.50669926,0.50052005,0.51455915,0.51677305,0.5014701,0.5234986,0.5163266,0.5228146,0.5116018,0.5130091,0.5148973,0.5104268,0.5212424,0.50090426,0.5072308,0.52004516,0.51673913,0.5116034,0.51634544,0.51215535,0.5056211,0.51881164,0.5123192,0.5073883,0.5087182,0.52498704,0.5081955,0.5087382,0.51240116,0.51121694,0.50470805,0.5092066,0.5246857
0.5150259,0.522336,0.5253089,0.5293618,0.53172624,0.52000475,0.5335822,0.5243357,0.5312759,0.52132756,0.5224051,0.5265766,0.52822196,0.5264807,0.5130074,0.5321626,0.5297653,0.53973675,0.5264571,0.52929044,0.5232383,0.5174414,0.52511966,0.5270195,0.52016115,0.5177343,0.5147239,0.5172667,0.52995837,0.5152671,0.52606976,0.5269112,0.51349944,0.52028227,0.5250019,0.5168838,0.519915,0.52532935,0.52456516,0.51222914,0.5271621,0.5288463,0.5294541,0.5253523,0.52515286,0.5159824,0.5332101,0.52929384,0.5287978,0.50579256,0.5218327,0.5287715,0.5238239,0.53209573,0.5264005,0.52023023,0.5303858,0.5325918,0.52153337,0.52320105,0.51142716,0.52436376,0.5197556,0.5332746,0.5261,0.52287555,0.5298395,0.53470856,0.538697,0.5099208,0.51819646,0.5187195,0.52848196,0.53165793,0.5209485,0.5225218,0.51477695,0.53180516,0.5206648,0.52041405,0.5269839,0.5192462,0.51788485,0.512293,0.5217962,0.5148357,0.5254129,0.52617717,0.5185241,0.524356,0.5263073,0.52407634,0.5293179,0.51994085,0.5267577,0.52106136,0.5271074,0.51948357,0.53086716,0.5261288,0.53605187
0.51542133,0.48178947,0.47914618,0.48426557,0.48114312,0.48600888,0.47218406,0.46861482,0.4848752,0.4762321,0.48858917,0.47081512,0.4828766,0.49038327,0.49362868,0.47790998,0.48740256,0.48565024,0.49227303,0.49132985,0.47967768,0.49552488,0.47681117,0.45781243,0.48828703,0.47518045,0.46874094,0.48164088,0.47961682,0.4624172,0.4844826,0.46806502,0.47429717,0.48003465,0.48682392,0.4578973,0.4712773,0.48622984,0.47566092,0.48135602,0.45283246,0.47972232,0.48607743,0.46950942,0.48742402,0.46493202,0.48647636,0.47952467,0.46433866,0.47401005,0.49085355,0.4648823,0.4629525,0.48406708,0.47774172,0.48189616,0.48961288,0.49710917,0.4777965,0.49230778,0.48451298,0.47607797,0.47853917,0.4886083,0.46794188,0.47401357,0.48590606,0.48108602,0.48112142,0.5088152,0.47302818,0.46794057,0.48974246,0.4880523,0.48833174,0.48075306,0.4966557,0.47682226,0.47343493,0.47463983,0.48561364,0.49770695,0.48414183,0.4644187,0.4967096,0.4841647,0.47506583,0.48862594,0.47955608,0.49778813,0.47342718,0.47488225,0.48608577,0.4721055,0.49463457,0.47655344,0.49291754,0.47839183,0.4845749,0.4730301,0.48332864
0.5164118,0.5123154,0.5236806,0.5212337,0.53499144,0.5259988,0.5214748,0.53031033,0.52249604,0.523595,0.5132482,0.52249914,0.5283777,0.5105932,0.51892215,0.51750696,0.5253609,0.5367471,0.5284617,0.52882206,0.5234495,0.53244346,0.52381396,0.5250602,0.5233443,0.5381324,0.5219837,0.52895176,0.52501523,0.52860343,0.52141243,0.5292853,0.5217875,0.5249356,0.5224146,0.5322653,0.523186,0.5268501,0.5305668,0.5281533,0.52086717,0.525959,0.52242565,0.52385163,0.516499,0.5135433,0.5184239,0.52953917,0.52261937,0.5145405,0.5201954,0.52119935,0.5273615,0.5248829,0.52962965,0.52865607,0.52687347,0.5208796,0.51838374,0.51608014,0.5190554,0.5119723,0.52539015,0.52356464,0.5164974,0.52745444,0.5215629,0.523432,0.5309475,0.52598786,0.51204014,0.520539,0.52820075,0.5189837,0.53595304,0.5198981,0.51276386,0.53338677,0.5189576,0.52837497,0.5221331,0.53084874,0.52347136,0.5209897,0.5198369,0.5287935,0.51516104,0.5239347,0.52174574,0.5182641,0.5304588,0.52573526,0.5287685,0.5329459,0.52169615,0.5333569,0.5158532,0.53782386,0.52911425,0.5202041,0.5273352
0.5164606,0.51000917,0.5062943,0.52634233,0.5027921,0.5144986,0.5171255,0.5141663,0.52656597,0.51395863,0.51489085,0.51553696,0.5091582,0.5174024,0.49410397,0.52058566,0.51153415,0.51281345,0.5117138,0.52326363,0.4924761,0.4997602,0.52246463,0.5029655,0.5106077,0.5172902,0.51239043,0.5207287,0.5000386,0.50682014,0.5110933,0.52016133,0.522824,0.51307887,0.49455124,0.5140467,0.5043419,0.49894112,0.5153429,0.5097083,0.5153479,0.50709856,0.5070729,0.52464557,0.5026852,0.50736123,0.49000847,0.51152074,0.5073239,0.5126455,0.52495104,0.50998026,0.5049257,0.5186332,0.52541125,0.51978815,0.51103836,0.5164003,0.5144309,0.51259875,0.5193697,0.50883794,0.5234249,0.5153999,0.511566,0.51574475,0.5194755,0.5128688,0.51255244,0.5136209,0.50160986,0.52748233,0.5168704,0.5134608,0.5119279,0.5136271,0.5194513,0.5081548,0.514409,0.51524925,0.517959,0.51407754,0.5207632,0.5108299,0.50574136,0.4992574,0.5061955,0.5153449,0.50713855,0.51305306,0.5284771,0.50913703,0.5080073,0.5144196,0.49724442,0.505797,0.5113856,0.510793,0.5208739,0.499906,0.5177813
0.51678556,0.48640758,0.48811013,0.5042736,0.48692918,0.49568105,0.498128,0.49418825,0.50233525,0.50616884,0.4890017,0.48091197,0.50758445,0.50581336,0.5131576,0.5079145,0.49218953,0.49228752,0.4766217,0.49799013,0.46879047,0.49664438,0.49578035,0.4919443,0.49901217,0.4879421,0.4914651,0.48609823,0.49093848,0.49049294,0.48719078,0.49802083,0.4907145,0.49293,0.4998809,0.48096168,0.5017427,0.49653977,0.50570244,0.49068183,0.49474043,0.49846417,0.50567,0.48172086,0.5024574,0.49480945,0.50656134,0.48463833,0.48511535,0.48688722,0.48830175,0.5213623,0.48904014,0.50685054,0.48734587,0.49267572,0.5067893,0.4933644,0.49207807,0.48119956,0.49860156,0.50000596,0.5160459,0.5102537,0.4819941,0.5016765,0.4986298,0.4962893,0.49033868,0.50624615,0.47796243,0.49131536,0.48581612,0.49129337,0.48588467,0.48220152,0.48457265,0.48332292,0.50629044,0.4900512,0.48550493,0.49100697,0.508478,0.49525887,0.50130093,0.50334036,0.49363077,0.4936366,0.5017002,0.49513197,0.489816,0.49245608,0.49631315,0.48246598,0.48991233,0.49559057,0.48211312,0.49263865,0.49609447,0.49678332,0.4867767
0.5179628,0.5148732,0.51352996,0.50066876,0.5069063,0.5062964,0.52087784,0.5030714,0.5072787,0.5095765,0.52138746,0.511567,0.5154154,0.50484496,0.5122881,0.5195882,0.5115735,0.5114336,0.5101876,0.4984691,0.4979607,0.5152542,0.5064306,0.51467955,0.5077446,0.50198805,0.50457025,0.5111628,0.5014843,0.50699645,0.4928841,0.49542725,0.50567865,0.51239204,0.52437025,0.5050441,0.5028039,0.49830222,0.51250273,0.51487046,0.4962657,0.5261772,0.5026095,0.509971,0.5058085,0.5178457,0.5204483,0.50910556,0.5086903,0.51148367,0.5049251,0.5026648,0.5198374,0.50838727,0.5039256,0.5139899,0.521279,0.50219905,0.505897,0.5186084,0.5085037,0.49861795,0.4954415,0.5091014,0.5224927,0.508082,0.5207115,0.504261,0.51154315,0.50955236,0.5112211,0.50553054,0.5071993,0.5078249,0.49129885,0.50275993,0.5146033,0.51145107,0.5134131,0.51048684,0.5172799,0.49939138,0.5119166,0.5225994,0.51494443,0.5148447,0.5277254,0.5090924,0.51144767,0.51689976,0.5117845,0.5040299,0.50978243,0.50115,0.5075961,0.5130471,0.49792898,0.50720125,0.5023855,0.5118557,0.49776977
0.518049,0.5190284,0.51846915,0.53174365,0.51781136,0.5207905,0.52454454,0.5326937,0.52800035,0.5319273,0.51799226,0.51967704,0.5290571,0.53008735,0.5197442,0.5232199,0.52984583,0.5258201,0.52085495,0.5244329,0.52928585,0.5246878,0.5346334,0.51864815,0.5241782,0.52918434,0.52611244,0.52403,0.520374,0.5233321,0.5238145,0.5308635,0.5209849,0.52814215,0.52892405,0.5157437,0.523793,0.5203896,0.5301145,0.52001494,0.52919906,0.52156276,0.53479785,0.51950777,0.5321267,0.52469814,0.5208012,0.52028954,0.52150756,0.5250619,0.5364987,0.53187543,0.52845204,0.52617425,0.52451944,0.5280657,0.53388035,0.51385516,0.5283262,0.52401936,0.5226567,0.53475016,0.5297395,0.5283388,0.5280611,0.529864,0.52158976,0.5223897,0.5219996,0.5389373,0.5241911,0.51706934,0.5140782,0.51669985,0.5174018,0.5230516,0.52739394,0.5214197,0.53342915,0.51520467,0.52840036,0.5339506,0.52422464,0.54113966,0.5337615,0.53217745,0.53441155,0.5317898,0.5157209,0.5255485,0.5177627,0.52765346,0.51731855,0.53417736,0.52774376,0.5245436,0.5314076,0.51881135,0.53465086,0.53283876,0.5134155
0.520436,0.60482705,0.6117383,0.617428,0.6169401,0.61183035,0.62237376,0.5826134,0.60433257,0.6081838,0.597478,0.6001473,0.60779643,0.6078715,0.60090184,0.6102139,0.6147983,0.59810627,0.60627323,0.59146774,0.6073796,0.59684885,0.61693835,0.59519047,0.6017854,0.6089453,0.5932786,0.62446284,0.59397095,0.60159236,0.6164115,0.6132409,0.61107224,0.60641974,0.61124796,0.59432566,0.6182669,0.6044103,0.6113022,0.597557,0.6173232,0.61735624,0.6198478,0.59773684,0.5981592,0.59968394,0.61358887,0.60403746,0.5849934,0.6187843,0.62307686,0.61277884,0.6112487,0.605765,0.6025781,0.60327226,0.6063338,0.6105911,0.61238366,0.60162127,0.6069769,0.62362033,0.6164947,0.6180809,0.5946989,0.6153514,0.59505004,0.6062147,0.60266834,0.6094409,0.60815966,0.5923749,0.60437995,0.6017267,0.614855,0.61156195,0.62092584,0.61164194,0.61243004,0.6025354,0.6058653,0.6212226,0.620534,0.5818657,0.5963778,0.6047171,0.6141487,0.6064035,0.6000439,0.6196124,0.61752796,0.59850484,0.625766,0.5970052,0.5947644,0.62461776,0.5979915,0.60407555,0.58824563,0.59445256,0.60952157
0.520528,0.5553073,0.5619525,0.5598747,0.5575482,0.56571364,0.5682017,0.56484514,0.55511487,0.5523665,0.56670356,0.5550327,0.55554813,0.56681764,0.55735433,0.55694145,0.55014926,0.56319696,0.5571204,0.5600291,0.56174976,0.56557596,0.5661075,0.56366247,0.5704998,0.56430596,0.56324524,0.56088793,0.57576865,0.5593085,0.57012534,0.5605264,0.5653776,0.5587555,0.5613734,0.55456626,0.5627216,0.5653923,0.5572999,0.57798755,0.56388825,0.5752824,0.5453525,0.5498021,0.5588231,0.56255174,0.5721718,0.5586501,0.5683361,0.5569807,0.55974114,0.5620502,0.55410653,0.5604655,0.56726515,0.570621,0.5668594,0.56148577,0.5560351,0.5588309,0.5689883,0.56481767,0.5556414,0.55755013,0.5549072,0.56754786,0.56504977,0.56271255,0.56591606,0.56223035,0.56686807,0.56006795,0.5514604,0.56770074,0.5565324,0.5565262,0.56775737,0.565893,0.5684404,0.5548236,0.5545713,0.5587322,0.5604744,0.56042045,0.5491427,0.55562836,0.55586755,0.5605292,0.55550444,0.5520369,0.5500545,0.55943954,0.5595073,0.55956143,0.56471395,0.56780154,0.5572223,0.55754143,0.5594043,0.56468874,0.56413835
0.5208334,0.5040388,0.5003032,0.49048477,0.50257,0.4994158,0.49940628,0.49741465,0.5045115,0.5025072,0.49795932,0.48846918,0.5106511,0.50016373,0.49333626,0.51007915,0.5051145,0.5039763,0.4937377,0.5116469,0.5026202,0.4975338,0.5012924,0.49753535,0.5012698,0.50867593,0.51102906,0.5088511,0.5036173,0.49089903,0.4993633,0.49462318,0.5132526,0.50266635,0.49994457,0.5087877,0.51023686,0.4938997,0.49669945,0.507013,0.49871552,0.48569202,0.501292,0.50415754,0.5024426,0.5105378,0.4954672,0.50038105,0.5036781,0.5099017,0.50438297,0.50309724,0.49833655,0.50604975,0.49949968,0.4969185,0.50324833,0.5077006,0.49858588,0.49927634,0.5063691,0.50012785,0.506813,0.49624687,0.50242573,0.49815625,0.5139363,0.49394274,0.51113176,0.49998492,0.506569,0.49715555,0.5042933,0.5095168,0.50183344,0.4978708,0.50646067,0.50532573,0.5073656,0.5118406,0.50990516,0.49608845,0.49566334,0.50083536,0.49463367,0.48830527,0.50665385,0.5070874,0.51159173,0.50433433,0.5037657,0.49650955,0.5000983,0.5057284,0.51230264,0.50912744,0.510121,0.4875207,0.4979573,0.50632185,0.49569297
0.5216766,0.5294213,0.52129626,0.5344543,0.5363453,0.5321337,0.5329915,0.53718793,0.53125924,0.53523505,0.5333058,0.5272045,0.5280262,0.5417504,0.52290916,0.5425788,0.52767503,0.5273405,0.5351471,0.5333177,0.5372281,0.5355119,0.53761876,0.5299533,0.5247648,0.52116615,0.5373847,0.53485787,0.53118724,0.52894765,0.530939,0.5303065,0.5361912,0.53152436,0.53061193,0.52837056,0.5139961,0.5217267,0.530125,0.5340094,0.5309896,0.5311939,0.52465504,0.5406548,0.5261788,0.5308025,0.52386194,0.5375129,0.5393675,0.522595,0.5413603,0.5303671,0.5261298,0.53820705,0.525806,0.5253961,0.5355806,0.5354884,0.5321415,0.5352955,0.5350237,0.53317416,0.5249312,0.5407335,0.52620053,0.54486465,0.5311947,0.52846223,0.5271227,0.5383723,0.5279337,0.53633946,0.53659594,0.5392409,0.53695244,0.53482276,0.54449207,0.53330785,0.5275916,0.53377604,0.5325209,0.54138523,0.5324035,0.5304085,0.5281221,0.5350946,0.53872854,0.526071,0.55124444,0.5221137,0.53127986,0.54062086,0.54258513,0.53257257,0.53170925,0.53597754,0.53328127,0.52702165,0.53638357,0.5291749,0.5259611
0.52247167,0.5114769,0.5058925,0.52105016,0.52068335,0.49350858,0.51410854,0.5069343,0.5125926,0.51566076,0.5078326,0.5115314,0.5088027,0.51251847,0.4946193,0.5038613,0.5032376,0.52081203,0.50416726,0.49934322,0.5007081,0.49537873,0.5080508,0.513966,0.5062699,0.52067304,0.51116097,0.49571228,0.5008803,0.52081484,0.5081915,0.50387216,0.504769,0.51390034,0.51627976,0.50004274,0.50730073,0.4993791,0.5182091,0.5072058,0.51482284,0.505726,0.5168159,0.4993257,0.5120602,0.4929958,0.51022804,0.50908667,0.49951655,0.5036904,0.5005685,0.5066997,0.51294756,0.5135936,0.50706327,0.50085264,0.503426,0.5054908,0.50854653,0.50731796,0.50628257,0.5087665,0.5099209,0.5069135,0.50345254,0.5041248,0.50742954,0.51987237,0.51016295,0.5118951,0.50888556,0.4920227,0.5055765,0.52120274,0.50849944,0.5055517,0.5022815,0.49363685,0.5089469,0.5078614,0.5123517,0.51017195,0.49936146,0.5109065,0.5138395,0.5125366,0.51062715,0.5065192,0.510548,0.50238764,0.5035254,0.5047734,0.50751966,0.5117012,0.5095791,0.50048006,0.50965804,0.5113524,0.50251484,0.5070187,0.5121319
0.5227318,0.53793967,0.5236222,0.529987,0.51414543,0.5255643,0.5368023,0.5380661,0.53380775,0.53036034,0.5277145,0.52860445,0.5280915,0.5335296,0.535112,0.5311092,0.53031963,0.5295532,0.5348982,0.5249344,0.5336708,0.52785975,0.5318864,0.5352963,0.5251946,0.52887696,0.52475643,0.53003156,0.5284961,0.53194076,0.5297919,0.5368472,0.5279155,0.54104805,0.534244,0.5295483,0.53012896,0.53408474,0.5245141,0.5373084,0.52539456,0.53278846,0.5341645,0.536065,0.51994544,0.5348163,0.5286666,0.5276321,0.52520955,0.5346922,0.52976197,0.53510255,0.52796155,0.5304061,0.5354149,0.5233246,0.53546965,0.5185917,0.5359709,0.53830767,0.543858,0.52557516,0.5276663,0.5199829,0.5267505,0.5322406,0.52389354,0.51785976,0.5404103,0.52559346,0.53530437,0.5431502,0.5325351,0.5293996,0.52753407,0.5270738,0.52968246,0.542935,0.52968913,0.51658875,0.5312279,0.52084905,0.5281055,0.5344639,0.52388763,0.5217908,0.5271778,0.5363727,0.53666073,0.5286279,0.5335889,0.5364412,0.53298825,0.5287485,0.5261684,0.53428257,0.52799326,0.5240037,0.5167674,0.53523564,0.53049874
0.5237972,0.53862095,0.53134245,0.5428886,0.53860635,0.5460777,0.53488684,0.5328217,0.54334736,0.54581636,0.5278073,0.5510308,0.5514993,0.53638947,0.54396063,0.5291547,0.5563258,0.5469591,0.5300783,0.54295975,0.5404953,0.5386767,0.5410306,0.54405636,0.5354891,0.5340201,0.53612536,0.5448355,0.54340583,0.5407706,0.5325764,0.54059124,0.5540737,0.5458709,0.5349764,0.54665697,0.548736,0.5381638,0.55054075,0.5404917,0.5487463,0.5424615,0.5421507,0.53506833,0.5382997,0.5464526,0.541655,0.5353247,0.541323,0.54061157,0.54901046,0.5418337,0.5341842,0.5504403,0.54411507,0.5521128,0.54295266,0.5401574,0.5372595,0.53892094,0.5435375,0.54008406,0.5353656,0.5397006,0.5463317,0.53411144,0.5457513,0.54089653,0.5490966,0.54074603,0.5449205,0.53617215,0.5470836,0.5428622,0.5306014,0.54835516,0.5445992,0.53467774,0.54531753,0.52926683,0.5406258,0.5458558,0.54072195,0.5469667,0.5422479,0.5325254,0.54205245,0.5367223,0.5389204,0.5358777,0.54116344,0.54685193,0.55046314,0.54217464,0.5415322,0.54413414,0.5456811,0.5448006,0.5415514,0.53325415,0.53511995
0.52384794,0.54674435,0.54950565,0.54067695,0.5342285,0.55295223,0.53437954,0.547077,0.54864115,0.53553706,0.537744,0.5552472,0.54258466,0.55968714,0.5567654,0.5408143,0.5284187,0.5410631,0.5318994,0.54852355,0.5489876,0.537202,0.54001594,0.54807067,0.5409347,0.54406416,0.5530197,0.53649294,0.5603697,0.5431889,0.5580106,0.54714924,0.5474359,0.5459151,0.5388994,0.5408288,0.5530572,0.5336148,0.5330279,0.54457426,0.5414021,0.54762775,0.5448733,0.5431849,0.5469223,0.538073,0.53932595,0.5376566,0.5461154,0.53849435,0.54685205,0.5405679,0.53986543,0.54031926,0.55533206,0.54449075,0.5519935,0.5334181,0.5454255,0.5502694,0.5503207,0.55322933,0.5449171,0.5477028,0.55317307,0.54039484,0.53641844,0.5375338,0.5357325,0.5392691,0.54975164,0.54534805,0.5421112,0.5406469,0.5465754,0.5407376,0.5392297,0.5423753,0.54367065,0.5568322,0.55629843,0.5358349,0.54197574,0.5451102,0.5447622,0.5291475,0.5524332,0.5478839,0.54155713,0.5455541,0.54033333,0.5576,0.5431065,0.5492645,0.5423174,0.5320429,0.55039734,0.549648,0.5368061,0.5316744,0.5359652
0.5239273,0.5735584,0.57687557,0.57104576,0.5671785,0.5672834,0.5822781,0.5764159,0.56659997,0.5652138,0.57468295,0.54970807,0.5741354,0.5794842,0.5770108,0.5702869,0.58872384,0.57796484,0.57127947,0.5718465,0.58134216,0.5632382,0.567085,0.5671359,0.5662433,0.5663281,0.576011,0.58479154,0.5608527,0.5876539,0.57282627,0.5737643,0.57849616,0.57116586,0.56378907,0.57930404,0.5724112,0.5800447,0.5559008,0.57573503,0.5678048,0.5836685,0.5781507,0.57590514,0.5871779,0.57431537,0.56177366,0.5702431,0.55726856,0.5639796,0.57931715,0.56363094,0.57308364,0.5763567,0.57323265,0.57543737,0.5676321,0.5714135,0.5650972,0.55926645,0.5676976,0.56749624,0.58028984,0.5630579,0.568716,0.5621267,0.5635776,0.5812928,0.56274045,0.5782739,0.56582916,0.5770634,0.5844675,0.56531835,0.563851,0.57506514,0.55878067,0.5780836,0.5681681,0.56434005,0.5645941,0.5739668,0.57472396,0.58269435,0.5771361,0.56867194,0.5811955,0.5714923,0.56636965,0.5754779,0.57110703,0.5714197,0.5704705,0.56747675,0.5787963,0.5691599,0.5602615,0.5597083,0.5667388,0.5837381,0.5725852
0.5247176,0.5243189,0.5114255,0.5322717,0.5188616,0.5223666,0.5220981,0.5250224,0.5310925,0.5296866,0.53310394,0.5279016,0.52651876,0.5305422,0.5246947,0.51928186,0.5200665,0.514695,0.5287111,0.52945644,0.5350859,0.51880014,0.5327397,0.5295209,0.52037925,0.5141661,0.51929,0.53075325,0.5225929,0.52584493,0.5285464,0.518615,0.5217987,0.5241255,0.5370754,0.53353775,0.5391789,0.52930295,0.5155341,0.52247083,0.5196003,0.5381916,0.5274721,0.52783525,0.5280705,0.53633577,0.53520197,0.53196543,0.5157807,0.5249077,0.5274274,0.52710634,0.52711564,0.51989,0.5246525,0.5317645,0.5137971,0.5319478,0.51791304,0.5335246,0.53857917,0.5201246,0.53310716,0.53341657,0.52679175,0.5267439,0.5346598,0.5381615,0.52951545,0.52733475,0.5229643,0.5243231,0.5193294,0.52383107,0.51876074,0.5320844,0.51196355,0.533576,0.5178521,0.52626646,0.529091,0.515332,0.5312827,0.52217925,0.5281275,0.5328437,0.51541686,0.5292332,0.52682656,0.53310096,0.5176899,0.5367254,0.52522266,0.5230739,0.52744186,0.5354778,0.51666,0.5230544,0.51424825,0.52002484,0.5297107
0.5258007,0.51123595,0.5112404,0.5070223,0.51343006,0.5089628,0.4989395,0.5097586,0.5108448,0.5110892,0.50489277,0.507773,0.5022612,0.50495905,0.50636154,0.502737,0.5121826,0.5107591,0.5091934,0.5125251,0.50758326,0.50694776,0.49769688,0.50980306,0.50998914,0.5060695,0.5126996,0.49966604,0.5030717,0.50263363,0.49862897,0.50406706,0.5035386,0.51676685,0.50391763,0.50458276,0.5056521,0.5098296,0.5115797,0.5147705,0.49905413,0.5159075,0.50847346,0.49875152,0.5152736,0.5108793,0.5072022,0.50688535,0.5014479,0.5121902,0.49444813,0.5027558,0.5210033,0.5155654,0.5026205,0.51823604,0.5184287,0.5114164,0.501938,0.49519086,0.50881773,0.50925666,0.5015569,0.5128848,0.5177814,0.4992,0.5065451,0.5031951,0.49862856,0.5023574,0.5105768,0.49993265,0.50613385,0.5023436,0.5099917,0.5092351,0.51375484,0.5115935,0.50676316,0.5017038,0.5035207,0.5055343,0.5084974,0.503325,0.50577617,0.499874,0.5130602,0.48604572,0.50641197,0.50867426,0.50288564,0.52204686,0.50789315,0.4964472,0.5122538,0.5181966,0.5130192,0.50061315,0.5136364,0.50416607,0.5132574
0.52692914,0.52711165,0.5202942,0.5206963,0.5302267,0.52550435,0.53092396,0.5285447,0.52857864,0.51601845,0.5364948,0.5279472,0.52906585,0.5178494,0.5193838,0.5296612,0.52556616,0.5339391,0.52348375,0.526912,0.5348714,0.5304316,0.53279644,0.52633953,0.520641,0.52658015,0.52453136,0.52180725,0.52096564,0.51193804,0.53790796,0.52716553,0.530548,0.5299402,0.52928436,0.5385076,0.52558196,0.52455616,0.5281255,0.5297657,0.5345122,0.5252668,0.5160314,0.52524453,0.5268576,0.5245593,0.5166952,0.5223766,0.5190928,0.5195603,0.53414583,0.5306173,0.52684647,0.52962637,0.5293584,0.52725214,0.5263846,0.5274779,0.5313845,0.5293113,0.5249416,0.5163475,0.5259324,0.52753395,0.5253495,0.53109795,0.527372,0.5271362,0.52154976,0.5276346,0.51063246,0.5266118,0.5293119,0.5187664,0.5248388,0.5353019,0.54107475,0.52767503,0.5243652,0.51756066,0.5374165,0.52478486,0.52771294,0.5195887,0.52961016,0.51933485,0.5247756,0.52641445,0.52685106,0.5316635,0.51790905,0.52218336,0.52487206,0.53358734,0.5277308,0.5326359,0.52445877,0.5251771,0.5173464,0.5204361,0.5235435
0.5270789,0.6263232,0.6213586,0.62648946,0.6030052,0.61883825,0.61144495,0.6088569,0.65952295,0.6130366,0.64502877,0.6171203,0.6640766,0.61532813,0.62520456,0.6297235,0.6326954,0.62402743,0.6190288,0.5996265,0.62754864,0.6395002,0.64997286,0.60616875,0.62144536,0.62463045,0.62279314,0.6390414,0.62251085,0.63722175,0.6192165,0.6347968,0.61927706,0.6493214,0.6268984,0.6331509,0.6331057,0.60642725,0.6401084,0.6211032,0.6811003,0.64919084,0.5928969,0.6262124,0.6216702,0.6314072,0.6461702,0.6220352,0.61245453,0.63562447,0.63251454,0.608942,0.6215931,0.64631873,0.655325,0.61511225,0.62220883,0.60879713,0.62223727,0.6247417,0.63981897,0.62244624,0.627621,0.62481546,0.62752086,0.63387626,0.62302744,0.6202801,0.6115486,0.60810536,0.62825066,0.63387614,0.64747566,0.6161862,0.6352641,0.6114355,0.6365947,0.63597417,0.631378,0.6363742,0.6280989,0.63876253,0.6440894,0.6457936,0.62563246,0.6347366,0.6304062,0.62490326,0.6254526,0.6287528,0.6426745,0.6315594,0.6107988,0.621524,0.6151673,0.6411475,0.6211423,0.6417765,0.63061625,0.62525696,0.60443616
0.5274785,0.51850504,0.52837586,0.5237873,0.5263294,0.5260634,0.51408696,0.5171535,0.523435,0.5268863,0.5141376,0.52140063,0.5348393,0.5244538,0.52052444,0.5232217,0.5304581,0.5202635,0.52229565,0.51677257,0.5046714,0.53289294,0.5088574,0.5329006,0.5240666,0.5191696,0.5238381,0.5141717,0.52389616,0.5151685,0.5191615,0.51984364,0.52103,0.5374859,0.5272419,0.52666456,0.5150869,0.52337915,0.5194532,0.52623373,0.5217384,0.5078617,0.5226577,0.519313,0.5286507,0.52711123,0.5243059,0.51985246,0.5176043,0.5164364,0.5111609,0.52438706,0.53628665,0.5257505,0.5158071,0.52243257,0.51594985,0.5243099,0.52435493,0.5215779,0.52324384,0.5228095,0.5245291,0.5128902,0.5329438,0.5342923,0.52119416,0.53414667,0.5252656,0.52105266,0.5331727,0.5226994,0.5298519,0.5203769,0.5258268,0.5221865,0.5249509,0.520667,0.52095395,0.5175143,0.52655196,0.52689976,0.522885,0.53027666,0.52300817,0.5272957,0.53047526,0.5277357,0.512967,0.5162327,0.5285005,0.51847696,0.52288204,0.52741593,0.5226806,0.52119786,0.51388663,0.5179953,0.52680945,0.52338666,0.516321
0.5277917,0.5443837,0.54200053,0.54241854,0.5316144,0.54957056,0.54478395,0.5386051,0.5418838,0.5424621,0.5432558,0.5514124,0.55230474,0.5421504,0.5424962,0.54566544,0.5460265,0.5483668,0.5459794,0.54981095,0.5398172,0.5449861,0.53636616,0.5447084,0.53723943,0.5488516,0.53473425,0.54611874,0.54633886,0.5509082,0.54238266,0.5542765,0.5367073,0.5395716,0.543209,0.54083836,0.5477971,0.5398402,0.54579175,0.5413128,0.54504573,0.5461573,0.5503813,0.5434159,0.5393785,0.5419228,0.5410035,0.552553,0.53739357,0.5388554,0.5420798,0.54715437,0.5454403,0.5353282,0.55760944,0.54432017,0.5415916,0.5411999,0.54469764,0.54374075,0.53984565,0.5525086,0.5511168,0.53240925,0.5443166,0.54285526,0.54692227,0.54755306,0.54086095,0.54005075,0.5398963,0.53898275,0.5411094,0.54886925,0.5518678,0.54757375,0.5437769,0.5427338,0.5502098,0.5396025,0.55382013,0.5443909,0.545969,0.5418618,0.5509279,0.54576415,0.5425098,0.5418028,0.5374907,0.54299295,0.53384906,0.5481261,0.5431638,0.54497796,0.55589545,0.53317255,0.53782606,0.5350516,0.545192,0.5467739,0.5509483
0.52882355,0.51117384,0.51324224,0.50753474,0.52358043,0.5112468,0.5213694,0.5072201,0.5144046,0.5166487,0.5131196,0.51679957,0.50593376,0.5093996,0.51069874,0.50929415,0.5184359,0.50984937,0.5154605,0.5129017,0.50845504,0.50999415,0.51406485,0.5213938,0.49994713,0.505425,0.5157394,0.5208969,0.5050006,0.5067501,0.51865226,0.5061168,0.5080717,0.52321726,0.5153417,0.5049494,0.5150376,0.51510006,0.51071286,0.51537615,0.51486677,0.5025277,0.51843464,0.50253844,0.50154525,0.5166087,0.5178936,0.5125949,0.508479,0.5027725,0.5096951,0.5127595,0.518129,0.5163172,0.5201545,0.518307,0.5106975,0.51293546,0.50691265,0.5062946,0.51269794,0.5015144,0.49168187,0.51540035,0.5065054,0.50166434,0.52650154,0.5198264,0.49761444,0.51742774,0.51304793,0.5207352,0.5073998,0.51965237,0.5235768,0.50604796,0.5094228,0.49878103,0.5057489,0.5250227,0.5031181,0.5118202,0.519503,0.5225406,0.5196938,0.5024399,0.49930257,0.50825703,0.50190634,0.5080082,0.5083645,0.5150639,0.51153356,0.5250649,0.50398386,0.51738983,0.50018895,0.5086156,0.5116477,0.512402,0.511854
0.5302752,0.49512005,0.5015066,0.4994927,0.49447668,0.502795,0.49455738,0.49995708,0.51262456,0.49300975,0.49786854,0.50752217,0.4954173,0.5042886,0.50077146,0.4903732,0.4937635,0.48833185,0.49355936,0.48608947,0.4919049,0.5017735,0.50275373,0.5072066,0.49024928,0.5014137,0.48595393,0.4976235,0.50292873,0.49321395,0.49075425,0.4967013,0.49917787,0.49768782,0.4805864,0.49378657,0.50391537,0.49397904,0.5011785,0.48862338,0.5008602,0.50000584,0.49937826,0.50335264,0.49830616,0.4989167,0.4989025,0.51051956,0.50666696,0.4848125,0.5008906,0.50163734,0.49916005,0.49861032,0.49814808,0.49426496,0.49610436,0.5029556,0.4907387,0.5072871,0.49099624,0.51018405,0.49127817,0.4902612,0.5024941,0.5057039,0.49478525,0.5017205,0.4979192,0.50760555,0.5187363,0.4897611,0.4968102,0.50421655,0.50629777,0.50167185,0.50328195,0.49708748,0.49977928,0.5038297,0.50248134,0.4933856,0.5061622,0.5083239,0.5018599,0.49023497,0.4972682,0.5061458,0.48991168,0.48682803,0.5005365,0.5038479,0.49241608,0.5114819,0.5045982,0.5192711,0.50063956,0.4928832,0.4923944,0.5058936,0.50238425
0.5303713,0.49215084,0.5044619,0.5060881,0.5082094,0.49839735,0.4982463,0.49472404,0.50051326,0.50639135,0.50381935,0.49957234,0.49696314,0.5036616,0.5122372,0.49883693,0.5060958,0.508566,0.4864986,0.49037164,0.5022026,0.5079645,0.49196297,0.50857466,0.50629354,0.5179664,0.5055528,0.51487815,0.5058148,0.5070344,0.4965846,0.5034523,0.50270295,0.51107156,0.50251824,0.5079414,0.5054652,0.50844604,0.49691677,0.49929762,0.5099908,0.50437874,0.500608,0.5099531,0.50238484,0.5104255,0.49768615,0.49789065,0.5165635,0.5060394,0.49298137,0.51100636,0.5096303,0.5019189,0.50075316,0.50349325,0.50675213,0.50760484,0.5072119,0.50087196,0.5082156,0.5100678,0.5140253,0.5000426,0.50739354,0.5011007,0.50443166,0.5079666,0.50650203,0.5222492,0.5090249,0.50583506,0.49880296,0.4929583,0.5164953,0.49743634,0.50688547,0.5000058,0.50084245,0.51959854,0.5194302,0.49438798,0.49919987,0.49825978,0.50619984,0.48975253,0.49273717,0.50978774,0.5327825,0.5136487,0.5023125,0.5069852,0.49666232,0.51434773,0.51637715,0.49851316,0.50764453,0.50524276,0.4994377,0.50409335,0.51622736
0.53104466,0.54795146,0.5505806,0.5447693,0.5397523,0.54499155,0.5486232,0.5467198,0.56188273,0.54808694,0.5488713,0.54959357,0.5443956,0.554005,0.5615134,0.5615797,0.5482603,0.5595244,0.55264205,0.5555578,0.55440515,0.5561223,0.5538426,0.5483029,0.5527497,0.5491876,0.54257816,0.56285626,0.55739796,0.5572262,0.55162174,0.54544806,0.55856746,0.558474,0.5513868,0.55075574,0.54600245,0.55384624,0.5501818,0.5546137,0.5477755,0.5447279,0.5604533,0.55189115,0.545811,0.54495364,0.54611516,0.54822993,0.55798054,0.5505705,0.56876224,0.5495037,0.54598933,0.5477598,0.5565427,0.54722834,0.5477689,0.5581074,0.5607937,0.54100215,0.5481943,0.55612487,0.5545577,0.56266975,0.55191886,0.5607216,0.5426436,0.5608073,0.5522156,0.565828,0.5567465,0.55115676,0.5522737,0.54927933,0.55676013,0.54986715,0.55747974,0.5501297,0.554651,0.5504333,0.5537317,0.5536532,0.55167264,0.5485666,0.5457889,0.5571853,0.5598833,0.5596568,0.55411655,0.55934286,0.556948,0.5484169,0.5605952,0.55702037,0.55396295,0.5576336,0.5566134,0.55495983,0.5576422,0.5629467,0.5539849
0.5323903,0.54667085,0.54004246,0.5417652,0.5443848,0.5499409,0.55740553,0.5452204,0.5480864,0.54691684,0.5496516,0.5482881,0.5325501,0.54522663,0.54083514,0.5412154,0.5485071,0.5438548,0.544382,0.5660286,0.54480565,0.5500688,0.54861164,0.5490579,0.54707634,0.5525233,0.5458157,0.5623739,0.5527334,0.55203956,0.54222345,0.5489487,0.54354376,0.5470518,0.5440888,0.5557266,0.5490984,0.5401544,0.5363732,0.55068827,0.55445486,0.5511667,0.55454147,0.5441951,0.553145,0.5497426,0.5478369,0.5465239,0.5498959,0.5430833,0.5519779,0.5512795,0.54665107,0.55021495,0.53983504,0.5344833,0.55484426,0.55178815,0.54618305,0.5417443,0.54253083,0.55312765,0.5459706,0.55696124,0.54440373,0.54076433,0.56283486,0.55429167,0.54059404,0.5455455,0.5445287,0.5479096,0.5555681,0.55043,0.54397064,0.5433232,0.5482579,0.5600039,0.54907215,0.5402562,0.5482296,0.5503218,0.54675,0.5500932,0.5441095,0.54694766,0.5589766,0.5443151,0.5488755,0.5391882,0.53946245,0.55401707,0.5449896,0.54241127,0.5433085,0.5499439,0.533366,0.55595034,0.5437034,0.5488225,0.5511368
0.5325059,0.56137586,0.5486705,0.5475379,0.5573975,0.567518,0.56306946,0.56173754,0.5656134,0.5534836,0.5538024,0.5636705,0.5606236,0.5408014,0.5570837,0.563354,0.5590388,0.55502033,0.5548783,0.56972224,0.5569393,0.5672382,0.55800086,0.55345523,0.56164134,0.5584612,0.5519907,0.5443722,0.5331949,0.56129116,0.5585421,0.5478409,0.56167483,0.55205166,0.56288,0.5555902,0.5530946,0.5443036,0.5465386,0.5495024,0.55607444,0.5574129,0.54783773,0.5589383,0.55232114,0.5550371,0.55549204,0.5522229,0.56495124,0.5571576,0.5650492,0.5561677,0.5630505,0.55570984,0.5581647,0.5525095,0.57587314,0.56012255,0.5674676,0.5523359,0.5555385,0.55787396,0.54409,0.5598103,0.5583306,0.5579611,0.5693368,0.5457584,0.55845535,0.56517816,0.5527691,0.5374025,0.55267066,0.5541413,0.5609618,0.5568112,0.5548743,0.56523997,0.56317866,0.5565427,0.557208,0.5433447,0.554775,0.55309695,0.5570435,0.5571832,0.5521746,0.5527522,0.5580683,0.54894996,0.55154926,0.56521547,0.541753,0.56042105,0.55642104,0.55262285,0.55212426,0.55675435,0.5565505,0.5545723,0.5610307
0.5333619,0.51654404,0.5124335,0.5147054,0.5189379,0.5265761,0.5095151,0.5121205,0.52179104,0.5154221,0.50851715,0.52342355,0.515707,0.52017933,0.52597034,0.5091144,0.51498187,0.5201704,0.5286303,0.5237827,0.5219574,0.5181355,0.5195226,0.51947594,0.5176476,0.5135386,0.5127877,0.51632607,0.5072596,0.51966655,0.51616096,0.5228202,0.51151174,0.51704645,0.52004987,0.516037,0.5344512,0.5109426,0.5153755,0.5166628,0.51341176,0.52463824,0.52235717,0.51829916,0.51687306,0.51995146,0.5185437,0.53229916,0.5180141,0.5114029,0.51694113,0.529496,0.5159801,0.53368986,0.5222324,0.5200738,0.51851374,0.5187627,0.5150302,0.5213958,0.50894445,0.5199914,0.52056605,0.51208764,0.52210075,0.52401567,0.5197897,0.5157866,0.5129564,0.5182981,0.50815666,0.51925594,0.5178107,0.51767606,0.5219468,0.528627,0.5270804,0.5165965,0.514755,0.52545613,0.5179012,0.52673113,0.5227124,0.5110504,0.5203709,0.513815,0.5115087,0.5157989,0.51519495,0.5232798,0.5313147,0.5120527,0.5138334,0.5132132,0.5213319,0.5175748,0.5185507,0.51247185,0.5124991,0.5244474,0.5277388
0.5346791,0.47913122,0.49354285,0.49715102,0.5054669,0.50374395,0.49345487,0.49322808,0.49090254,0.49122155,0.49360287,0.49626654,0.48754138,0.49506474,0.4995513,0.483716,0.4820838,0.50088966,0.5040577,0.48366964,0.48402178,0.502819,0.48284197,0.48368615,0.4904887,0.4907012,0.48374784,0.48798352,0.4845162,0.47725832,0.4749472,0.48368675,0.48454565,0.488321,0.49016124,0.48459208,0.5025898,0.49037653,0.5018732,0.48876572,0.48383945,0.48357105,0.49729347,0.49285442,0.4799919,0.5023167,0.49309713,0.48551136,0.5011183,0.48645985,0.49790424,0.47708613,0.49124914,0.49742424,0.48888338,0.48456877,0.4923271,0.48548758,0.4963227,0.4887004,0.50308204,0.4995545,0.48092574,0.4950605,0.49027532,0.48905122,0.49012715,0.5008706,0.4961388,0.48917764,0.5038225,0.48392642,0.49111533,0.49610925,0.49215037,0.49335015,0.48347074,0.49231124,0.4865542,0.49157864,0.49233264,0.4861437,0.49493486,0.4978791,0.49645334,0.49755424,0.48219866,0.48097456,0.48018682,0.49014264,0.48575366,0.4827808,0.48336267,0.48289454,0.48655593,0.4812122,0.48284543,0.48893857,0.49277294,0.48675787,0.48684114
0.5355224,0.5522407,0.5490789,0.5572227,0.54844517,0.5636448,0.5539205,0.5561592,0.5548509,0.54876786,0.55044127,0.554599,0.5498661,0.561436,0.5492641,0.5410734,0.5574861,0.5432178,0.55869985,0.5523549,0.5616645,0.5685704,0.55179757,0.5464924,0.56067574,0.547138,0.55658597,0.5494252,0.5413462,0.5524329,0.56560516,0.5605097,0.5561502,0.5490962,0.5484841,0.55682856,0.5497449,0.551266,0.5539445,0.54999226,0.55762225,0.5563222,0.56523746,0.55754584,0.5486682,0.551511,0.54807377,0.5571673,0.55133545,0.5556625,0.56502074,0.53951186,0.5534361,0.554958,0.5415856,0.54785526,0.5501308,0.5525563,0.5390795,0.56720996,0.562068,0.5470027,0.5493195,0.55377924,0.56167156,0.5453561,0.5455049,0.55406326,0.5537606,0.5512684,0.54212815,0.54997045,0.5478223,0.5531361,0.56176496,0.5494232,0.55904484,0.5561305,0.55851495,0.5565079,0.55723166,0.5574615,0.56309545,0.5616054,0.539586,0.5572316,0.55304,0.5570124,0.54730994,0.5574984,0.55568105,0.5588568,0.55231196,0.55091166,0.5630799,0.53935903,0.55114263,0.5663575,0.5630295,0.56257164,0.54649293
0.53713876,0.53756607,0.5332507,0.5388673,0.539485,0.53371,0.5385345,0.53714985,0.5390983,0.5255674,0.52823335,0.5395069,0.5316151,0.53405523,0.5269457,0.5353601,0.5354024,0.5330912,0.530958,0.536921,0.5293947,0.5253938,0.537125,0.5400408,0.5289741,0.527449,0.53453857,0.52413285,0.52786475,0.5268448,0.521654,0.5377605,0.5395518,0.53939104,0.5279192,0.52704734,0.5459421,0.5360561,0.52983123,0.5240393,0.5187341,0.53700346,0.53489065,0.52916265,0.532596,0.5247272,0.5306274,0.5290528,0.52742857,0.5331595,0.53353864,0.5378122,0.53178835,0.5293489,0.5320377,0.53008074,0.5302414,0.52768,0.5375494,0.52811444,0.5330958,0.54080534,0.5242165,0.52896374,0.5397085,0.53536433,0.53833133,0.52516073,0.5397551,0.5326762,0.536292,0.5417245,0.530581,0.52720135,0.5316094,0.54208165,0.5327035,0.5329817,0.53086567,0.5320262,0.54164416,0.5340949,0.5419803,0.5334083,0.526364,0.52703947,0.5342005,0.53761643,0.54032797,0.526926,0.531546,0.5320869,0.52847654,0.52487624,0.5244583,0.5370158,0.5269332,0.53853476,0.53212863,0.54445845,0.5392252
0.5372112,0.51891506,0.50166875,0.5056326,0.49709827,0.5086377,0.5216075,0.49967206,0.5076487,0.5134731,0.50719583,0.5162376,0.4842732,0.5105003,0.50258124,0.522831,0.51793456,0.526699,0.50630397,0.5162295,0.51163405,0.52424204,0.5099832,0.51803166,0.51395404,0.50924045,0.51012367,0.5156034,0.51935285,0.51044947,0.4901008,0.53246623,0.52132136,0.51652545,0.50953525,0.5091968,0.532541,0.5104152,0.51367646,0.5131901,0.50217897,0.515179,0.5142237,0.5095657,0.513547,0.5198764,0.5168851,0.5104297,0.5133005,0.5238604,0.51294243,0.52041674,0.51774615,0.52567023,0.511135,0.50537235,0.5147544,0.51038116,0.5051829,0.5185132,0.51951075,0.50628257,0.51082456,0.5147372,0.5149359,0.52057254,0.5086853,0.50892794,0.51494294,0.5195802,0.50348854,0.50624806,0.52052563,0.49968302,0.5140334,0.5202007,0.51702344,0.5026577,0.5098158,0.5081302,0.5084862,0.5096691,0.51273626,0.511853,0.50850636,0.5099733,0.52907944,0.5289814,0.509271,0.5256905,0.52101326,0.5119995,0.522557,0.5100766,0.50795263,0.5181876,0.51476306,0.5134482,0.5004856,0.511521,0.51983225
0.53788483,0.4568389,0.46414882,0.48916155,0.44730967,0.4752953,0.4483831,0.4624715,0.45635659,0.46277946,0.47271174,0.4724611,0.4712677,0.48086822,0.47759825,0.4823991,0.47654092,0.46849394,0.45409024,0.45332396,0.46697778,0.4538977,0.47788876,0.46505064,0.46505928,0.46313733,0.46280015,0.4757741,0.45769823,0.47097027,0.46612746,0.4541576,0.45843196,0.48497444,0.4603395,0.4743142,0.45650244,0.47978997,0.45932168,0.48421776,0.46613544,0.46380097,0.4669606,0.4749021,0.46690345,0.46352017,0.4768265,0.46792376,0.4467978,0.47705102,0.46933097,0.46074712,0.46731603,0.47337914,0.47834194,0.468704,0.47377163,0.471565,0.48119676,0.46477938,0.44659108,0.46256238,0.46576518,0.45728558,0.46822733,0.44648325,0.46979415,0.4655488,0.45966703,0.47519022,0.4786933,0.4640895,0.46842313,0.47673076,0.4603784,0.45960748,0.45995212,0.46693474,0.46361554,0.45852774,0.4502917,0.47105336,0.45533472,0.45989144,0.45832497,0.46841586,0.48782313,0.46712154,0.4805931,0.46880883,0.48035812,0.46791,0.45786053,0.47504133,0.46634656,0.4658919,0.47415364,0.45849967,0.45611292,0.4663577,0.47552544
0.53869456,0.5162418,0.5016732,0.50871,0.5071531,0.51942277,0.5144397,0.5136259,0.51901263,0.5123529,0.5086051,0.4949667,0.50882363,0.5105626,0.50702256,0.50181466,0.5235033,0.51257443,0.51510876,0.50532705,0.51062393,0.5060261,0.51251364,0.5124384,0.5022555,0.52027416,0.50957793,0.5163098,0.5042149,0.5184433,0.51255685,0.51237124,0.5096311,0.50162333,0.5192511,0.51061445,0.52296764,0.50588876,0.5190945,0.5043235,0.50681037,0.50686455,0.5202535,0.50926113,0.5105321,0.5142792,0.5191089,0.5137428,0.5103342,0.5142804,0.50966686,0.51848704,0.5029687,0.51356614,0.5158177,0.51236004,0.5057658,0.5145873,0.51357555,0.5090613,0.51070154,0.5116304,0.5139579,0.5059382,0.50376976,0.4960128,0.4973204,0.5072036,0.5131741,0.50465786,0.51042217,0.51341224,0.51286453,0.5004905,0.51104987,0.50946486,0.50517637,0.50685465,0.5013397,0.5007906,0.5084203,0.51093143,0.51141804,0.49341774,0.5211101,0.5257307,0.5028025,0.5017973,0.5101004,0.5029418,0.5077283,0.51666766,0.50117254,0.51359624,0.50109327,0.51268536,0.50522435,0.49478656,0.5020324,0.50337464,0.5069847
0.5395557,0.5423791,0.5455301,0.55016094,0.53266126,0.5491331,0.54563534,0.5431166,0.55299616,0.53764546,0.54551387,0.5474731,0.53963596,0.5484129,0.5492305,0.5419526,0.5467744,0.5391145,0.54237235,0.542835,0.54107183,0.52707595,0.54145724,0.5457377,0.55997294,0.5509388,0.55116296,0.5493391,0.5517912,0.53843385,0.54127187,0.5318838,0.5368061,0.5478423,0.53757125,0.5480324,0.55666304,0.5521159,0.54346675,0.55721027,0.5395915,0.54485637,0.5466282,0.53963864,0.53800255,0.5442672,0.5473722,0.547527,0.5513745,0.54750264,0.5525124,0.54854125,0.55066806,0.5495809,0.55064595,0.5363329,0.5495597,0.5410677,0.55190694,0.5279472,0.54295367,0.5464359,0.54842466,0.55818003,0.5511781,0.54434687,0.5347957,0.54932445,0.5435425,0.54129,0.5372878,0.54785573,0.54991394,0.548193,0.5393981,0.5498714,0.54784393,0.53843915,0.5500307,0.55592585,0.54143065,0.53858525,0.54029644,0.5518046,0.53895134,0.548566,0.5455098,0.537636,0.544816,0.55396867,0.5316504,0.5427209,0.53563243,0.53969026,0.5537078,0.54816395,0.5324131,0.5439267,0.5481305,0.54619604,0.5417118
0.54029167,0.5085235,0.51545763,0.5092799,0.5113867,0.51384634,0.5151674,0.51365876,0.50293046,0.50122136,0.51355386,0.5062955,0.5033198,0.50093186,0.50720924,0.51494765,0.5081194,0.508248,0.4926417,0.502056,0.51577914,0.50456655,0.5052521,0.50629896,0.49661815,0.50394416,0.49651623,0.5084999,0.5244549,0.5186501,0.5063502,0.51206684,0.5154455,0.51319236,0.5028433,0.5244582,0.5094452,0.5109983,0.51918536,0.51686245,0.5166511,0.5067964,0.5190029,0.49466968,0.5057881,0.50813866,0.51357144,0.4967788,0.50669616,0.49797726,0.50139266,0.5022736,0.5029556,0.50620544,0.4988379,0.504019,0.51661646,0.51948124,0.51505196,0.5080681,0.50223,0.515205,0.5002315,0.5007322,0.5195984,0.5177349,0.5173223,0.5076867,0.5119951,0.51319945,0.50245064,0.50941193,0.50926113,0.49418426,0.51563966,0.50835073,0.50704193,0.49817842,0.5101969,0.5151442,0.51448923,0.5050504,0.5118279,0.5065519,0.5166685,0.5094616,0.49681628,0.49584627,0.5124308,0.51482135,0.5127342,0.49676156,0.502994,0.49413645,0.50458145,0.5044354,0.4979849,0.5101398,0.50812405,0.51546746,0.5034617
0.5404843,0.52919286,0.55016214,0.53443414,0.5388509,0.54028744,0.5494098,0.54059505,0.53967947,0.5437954,0.53872424,0.5410436,0.53751904,0.542583,0.54741555,0.5371073,0.5320059,0.5433057,0.5350558,0.53655076,0.53981733,0.5372617,0.5385289,0.5405088,0.5483792,0.53609586,0.5460101,0.531671,0.54617065,0.5421465,0.5478695,0.541327,0.54006994,0.5468499,0.5482967,0.54288393,0.53911287,0.54179895,0.5409957,0.5263441,0.5388889,0.54718626,0.5422075,0.53627956,0.5438398,0.54370445,0.54669845,0.54416555,0.5383028,0.5445969,0.5576812,0.527215,0.55587167,0.54095334,0.5379229,0.5453943,0.5367167,0.5451232,0.53644097,0.54062605,0.5350173,0.5397277,0.55213124,0.5303323,0.541551,0.5348475,0.5412457,0.5404209,0.5467962,0.5396421,0.53962797,0.54131466,0.5412838,0.5383876,0.54199487,0.54583097,0.5349438,0.5481153,0.5304877,0.5451233,0.5352626,0.5459615,0.53960985,0.5439037,0.54880315,0.5366045,0.5369086,0.5370044,0.5509136,0.53799856,0.5385347,0.54499835,0.54613465,0.54727477,0.52743626,0.53398544,0.54106873,0.54267687,0.53328973,0.54729396,0.5354368
0.5404987,0.5315049,0.5388039,0.5378476,0.5347318,0.5344677,0.53810626,0.5356746,0.533707,0.53574455,0.5337408,0.52562094,0.52703863,0.5168664,0.53532696,0.53294784,0.5328815,0.5264066,0.5213587,0.5413872,0.5334323,0.5362425,0.52617496,0.5204738,0.5325455,0.53494567,0.5259992,0.5175087,0.5179022,0.5153667,0.5225982,0.53027594,0.5262469,0.5338846,0.51967764,0.54001564,0.5263005,0.5293107,0.52746916,0.53634423,0.53988475,0.5221012,0.53316176,0.5270118,0.5270082,0.5295001,0.521734,0.52912813,0.53302634,0.5288722,0.5256481,0.5357488,0.5265748,0.52439564,0.5243213,0.5297144,0.5330616,0.5337043,0.53596944,0.5304106,0.5338813,0.5245675,0.5234731,0.52087337,0.5270084,0.5260422,0.5265106,0.521452,0.5309367,0.53801584,0.53694266,0.5344495,0.53530884,0.5258326,0.53598577,0.5320814,0.5300748,0.53089046,0.5158991,0.5350739,0.5302224,0.5328666,0.5312766,0.5278614,0.5358376,0.5254902,0.53672284,0.5319283,0.53082675,0.52274156,0.5294166,0.5256297,0.5222969,0.5244974,0.53456014,0.5339286,0.5395002,0.5317126,0.5304304,0.5262492,0.53645015
0.54126245,0.5581084,0.55725735,0.5500548,0.55697656,0.5536685,0.5540547,0.5618777,0.5497014,0.55562466,0.5551039,0.55720335,0.5649485,0.5607455,0.5635767,0.5539008,0.54624784,0.5498189,0.5525908,0.562375,0.5678127,0.55380416,0.54818344,0.5481931,0.5599352,0.546338,0.56977385,0.56686884,0.5570056,0.5556222,0.5517174,0.56002265,0.55069774,0.55584913,0.555522,0.5545506,0.5620913,0.55250454,0.55237305,0.5584246,0.55667263,0.5552126,0.5554125,0.54334617,0.5657974,0.54823685,0.54901326,0.5487337,0.5495748,0.5691321,0.5685397,0.56247836,0.5637102,0.5536849,0.56273156,0.55140954,0.5609252,0.5535653,0.56754714,0.5545158,0.5624837,0.55439126,0.5632592,0.558827,0.5459309,0.5481941,0.5478565,0.5572377,0.5578615,0.5556305,0.5525361,0.5546323,0.55488276,0.5580327,0.55550766,0.56096095,0.5523523,0.5629226,0.5602246,0.55198926,0.55673707,0.5452061,0.5579803,0.5540708,0.5601515,0.5630984,0.55616117,0.5613676,0.5482369,0.55047274,0.5401249,0.5599523,0.54478353,0.55617535,0.5623809,0.5585151,0.5600193,0.5619222,0.55173093,0.55023503,0.54798174
0.5414803,0.52981645,0.5172716,0.5157077,0.5293424,0.51858616,0.5283202,0.5314564,0.52479637,0.53013515,0.51830924,0.5272977,0.5344349,0.53668004,0.5377914,0.53203046,0.5257528,0.53549445,0.51971066,0.5291716,0.529663,0.5301921,0.52617127,0.5256346,0.5299459,0.52296513,0.5229781,0.52908176,0.5306246,0.53110236,0.531523,0.5308185,0.5339696,0.52569014,0.5231125,0.5412844,0.5374751,0.53044266,0.53438383,0.5244133,0.529175,0.5238789,0.5292854,0.5328876,0.5178787,0.5322727,0.5230363,0.5340131,0.53091353,0.5389695,0.5272233,0.51816905,0.54328835,0.5288784,0.5325272,0.52010494,0.5284905,0.5357336,0.53163487,0.529213,0.5240014,0.5378397,0.5110837,0.5218994,0.5292587,0.53696805,0.52044904,0.53246367,0.53238493,0.53023636,0.5328835,0.52439004,0.52318114,0.52749515,0.5274395,0.5288223,0.52239376,0.5394246,0.52490574,0.5288597,0.5336849,0.52514136,0.5268777,0.5188008,0.5247647,0.52888054,0.5372256,0.5284251,0.52682674,0.53373635,0.5158324,0.52927256,0.5232575,0.52293956,0.5175071,0.5262603,0.52690166,0.52001053,0.53254795,0.52791786,0.5273096
0.5418234,0.5402759,0.5382494,0.53636557,0.5443119,0.5486051,0.5492023,0.541289,0.54197216,0.53279763,0.54113,0.5430993,0.5404386,0.54185855,0.5454744,0.5292888,0.5410303,0.5374363,0.5457128,0.537366,0.544548,0.54723126,0.5498046,0.5424619,0.55235505,0.54884684,0.54236615,0.5357299,0.5226533,0.54506695,0.5414065,0.55062175,0.541962,0.5373296,0.5338105,0.52538466,0.53115696,0.5402795,0.52748686,0.54113215,0.5431096,0.5368028,0.543057,0.54042244,0.5363466,0.5456804,0.53406614,0.53204393,0.54551506,0.54305434,0.5438841,0.54353964,0.5590309,0.54129714,0.5366347,0.5452009,0.54201007,0.54689085,0.5322318,0.54193765,0.55195385,0.54628986,0.5397612,0.53471154,0.53946745,0.53213245,0.535214,0.5435021,0.5410268,0.5471096,0.536205,0.53413993,0.5412459,0.54114705,0.5468668,0.55081636,0.5510534,0.5416053,0.54950863,0.55397826,0.53728336,0.530858,0.54511255,0.5404483,0.5393876,0.55158615,0.5395173,0.53758943,0.5351249,0.53838474,0.54184294,0.5467148,0.53847814,0.5448033,0.5396047,0.54399306,0.5335985,0.5331033,0.54395705,0.5362634,0.5451466
0.54214543,0.53078634,0.5351877,0.52518046,0.52304363,0.52432746,0.5175605,0.5308957,0.5392549,0.54579276,0.5322065,0.5324551,0.5306636,0.53350395,0.532273,0.5385567,0.527599,0.53291136,0.51987696,0.5339635,0.5310602,0.53268194,0.52484983,0.5342249,0.5379515,0.5370246,0.5327934,0.5369803,0.5352692,0.5387022,0.5248741,0.5284109,0.5236691,0.5374631,0.5337058,0.52779865,0.5387012,0.52938884,0.53166103,0.5322406,0.5343119,0.5241818,0.5341755,0.5371004,0.52298814,0.52947885,0.5364832,0.5432614,0.5339325,0.5422939,0.5296222,0.53964406,0.53823787,0.53511214,0.5290715,0.5332705,0.5326701,0.52785856,0.530949,0.52386373,0.5264448,0.5324436,0.53565556,0.54017955,0.527201,0.52183455,0.52820534,0.5269864,0.53797233,0.528641,0.5343577,0.53252184,0.52877134,0.532875,0.5354645,0.53722733,0.5253822,0.5366146,0.5250721,0.54447186,0.5325244,0.53413343,0.5313049,0.5325586,0.537639,0.5303429,0.5344516,0.52407616,0.523586,0.5360606,0.5368359,0.5261101,0.5298238,0.5350822,0.53995407,0.52830803,0.5359008,0.5172625,0.53624827,0.53565675,0.5282316
0.54280555,0.5419647,0.5484808,0.53022546,0.5310414,0.53760535,0.5471645,0.544425,0.542525,0.5399844,0.53393656,0.53432894,0.542904,0.53404206,0.55001795,0.542412,0.5392102,0.5355422,0.5400055,0.54618484,0.5396126,0.53686655,0.5450044,0.54354024,0.54125875,0.5334483,0.53669024,0.53805333,0.54402584,0.54021627,0.5355078,0.53457534,0.5340445,0.5432052,0.53650516,0.54305744,0.53704387,0.5567176,0.5409625,0.54807603,0.53886044,0.53474486,0.53558934,0.53796864,0.5382912,0.5325882,0.5253249,0.5361709,0.53503716,0.54320663,0.54173803,0.536193,0.5461559,0.5506312,0.53923064,0.54098046,0.54350007,0.5325401,0.5350816,0.5433818,0.52978003,0.5428588,0.5468696,0.53132135,0.5379274,0.53813237,0.5337403,0.53082556,0.53864324,0.5317516,0.5315865,0.5240338,0.535152,0.5429707,0.5455064,0.5392587,0.5351157,0.5372493,0.55054975,0.53799087,0.5491986,0.5409709,0.53558856,0.53790224,0.53731567,0.5462605,0.53347677,0.5357838,0.5370371,0.5366918,0.5467536,0.5476648,0.5360278,0.5342291,0.5383781,0.5358988,0.5285525,0.54245096,0.5382331,0.5382554,0.53441334
0.54304016,0.58739114,0.58907586,0.58744407,0.5761851,0.5858522,0.6019093,0.6002764,0.5946845,0.59232944,0.58470994,0.5898108,0.59018666,0.5834303,0.6001625,0.59435165,0.5843878,0.5697099,0.58576035,0.591379,0.59040684,0.5830035,0.59092945,0.5885148,0.5887248,0.5801022,0.5919471,0.5994765,0.58986795,0.57708615,0.57491,0.57586634,0.5817689,0.5874579,0.5835227,0.5941957,0.59858364,0.58085716,0.5869125,0.5732539,0.5780125,0.5925303,0.5865932,0.5795344,0.5827979,0.57780117,0.5867277,0.59078944,0.582331,0.58195686,0.5833889,0.5810789,0.59080404,0.58521235,0.5844901,0.57592326,0.59246475,0.57633865,0.5830907,0.5882884,0.5761414,0.58395576,0.5884129,0.57167256,0.6020393,0.58389384,0.5675613,0.5832182,0.60046136,0.56866074,0.59326524,0.5778982,0.5976885,0.5782435,0.5801513,0.5855126,0.58261824,0.5794757,0.59087,0.5907293,0.59640986,0.5813442,0.5799671,0.58255035,0.5902576,0.58823216,0.57773954,0.58585876,0.58899015,0.58285534,0.5920886,0.5850707,0.5850695,0.58712703,0.59748393,0.5689707,0.58629304,0.5791833,0.5823039,0.5829935,0.58304775
0.5432951,0.5702416,0.5703358,0.5630437,0.5721608,0.5742909,0.570198,0.56715775,0.5670712,0.56350976,0.56896496,0.5598855,0.58191454,0.5636739,0.5709722,0.56462276,0.57211816,0.5725252,0.57273793,0.5748679,0.57551825,0.5718562,0.5641591,0.5665069,0.5775807,0.57272303,0.5674106,0.5594089,0.5547539,0.5697999,0.56336296,0.57256895,0.56483996,0.56770647,0.57780325,0.5758606,0.55074453,0.56413573,0.5714684,0.56928575,0.56602705,0.5600227,0.57106614,0.5656661,0.5682173,0.5612834,0.5762529,0.5632361,0.572945,0.5819772,0.56497085,0.5673768,0.56158674,0.5660433,0.5601331,0.56125563,0.56620955,0.57692516,0.5651132,0.5585452,0.5730428,0.5680243,0.57532,0.58119166,0.5703195,0.5639015,0.5724895,0.5686149,0.57738227,0.55669385,0.57644564,0.57069665,0.5682367,0.5819262,0.56430167,0.5691794,0.5664376,0.57110435,0.57523435,0.58541125,0.571685,0.5752133,0.56731284,0.57158685,0.57454437,0.5715013,0.5589702,0.5671771,0.5650791,0.5710271,0.56265795,0.5654287,0.56737864,0.57402027,0.58026874,0.5720308,0.5735256,0.5770635,0.5792072,0.568478,0.57838875
0.5444948,0.56201375,0.5734448,0.5672059,0.56139445,0.56271434,0.5559737,0.5481059,0.5534785,0.55848867,0.5569994,0.5580793,0.57474375,0.56736183,0.571439,0.562462,0.5643397,0.56146634,0.55682063,0.5545439,0.56330705,0.5561633,0.57153594,0.5593112,0.5578777,0.56614727,0.5553068,0.5700966,0.5563986,0.56244314,0.5635866,0.55838746,0.5564945,0.5600941,0.5626859,0.56021523,0.55766594,0.5699193,0.55527365,0.56074816,0.57012475,0.56361175,0.56995416,0.5645174,0.56643933,0.55883104,0.5581907,0.56594795,0.5638947,0.5735722,0.5677953,0.56324494,0.5583128,0.56345224,0.56787413,0.56713015,0.55954546,0.55099356,0.5595839,0.5541966,0.56517375,0.5615038,0.5631237,0.5648019,0.56260246,0.5561054,0.5508257,0.56442857,0.56636626,0.5536776,0.5723528,0.5526613,0.5557283,0.5580624,0.5618283,0.5733594,0.5603136,0.57175756,0.5610677,0.54667884,0.5673583,0.5615036,0.5671176,0.55729985,0.5628474,0.5520043,0.56397223,0.5602631,0.5511033,0.5573162,0.5629352,0.55392945,0.5567985,0.5681228,0.56561226,0.56131864,0.5752468,0.5622869,0.5540835,0.55195147,0.5636468
0.5449683,0.5400535,0.53782856,0.5389481,0.5373104,0.54754555,0.53600305,0.54624283,0.5330102,0.54102975,0.54612136,0.5379025,0.5356335,0.5513712,0.53106594,0.5274079,0.5467558,0.5239972,0.5385517,0.5403813,0.5395976,0.5390371,0.5358455,0.54105264,0.54016954,0.54193616,0.5429174,0.54230964,0.5397087,0.53577745,0.5373407,0.535587,0.5478974,0.5422028,0.54502964,0.52753663,0.5400486,0.53898287,0.5395529,0.53603655,0.53700256,0.5384609,0.5571922,0.54035133,0.5443469,0.5352044,0.5253305,0.5356554,0.53429174,0.5390794,0.5419555,0.53704643,0.5399258,0.5415638,0.5402905,0.54639125,0.5419302,0.53791326,0.5406719,0.538963,0.5443529,0.53670645,0.5499622,0.53252524,0.53846073,0.5355097,0.5522619,0.54129833,0.5348767,0.5359696,0.5404864,0.53962636,0.5414518,0.5415779,0.5332262,0.5411347,0.54109484,0.5398701,0.542572,0.55150825,0.54577005,0.5407411,0.53872913,0.529159,0.5296988,0.53091323,0.53971493,0.53747654,0.5368501,0.53064996,0.5420225,0.54332465,0.54689056,0.5369586,0.54367876,0.5475224,0.5280572,0.5416884,0.5418861,0.53724235,0.53560513
0.5467431,0.57092065,0.558541,0.56742436,0.5721807,0.5719496,0.5587151,0.56602013,0.560232,0.55553234,0.58253115,0.5733908,0.5664257,0.571008,0.555102,0.56842226,0.5703286,0.5684925,0.56419134,0.56785005,0.5623781,0.5642205,0.5593675,0.5737376,0.5629617,0.5607802,0.5738365,0.5759356,0.57109207,0.55997187,0.5685478,0.5805636,0.566763,0.5649633,0.5701792,0.5694504,0.57139456,0.56822115,0.56117404,0.5588856,0.566583,0.5669928,0.5695691,0.5667795,0.5638034,0.5694927,0.5742704,0.565487,0.56095415,0.56281203,0.57066125,0.5627763,0.5713006,0.5630477,0.5646354,0.5564866,0.56044626,0.5697467,0.56668425,0.5495339,0.56667066,0.56356084,0.5664779,0.56768316,0.5757318,0.566796,0.5560792,0.56338936,0.56087893,0.56715137,0.5677199,0.5629596,0.5716736,0.57027316,0.56300956,0.5656636,0.5713338,0.56832874,0.5694662,0.5624316,0.5646581,0.55670196,0.5589676,0.56650144,0.5724651,0.56777954,0.56131864,0.5685547,0.5744404,0.56335944,0.5785236,0.5639128,0.570173,0.5615041,0.5674292,0.5611684,0.5833031,0.56408274,0.5756354,0.56514585,0.55895376
0.54712814,0.6055236,0.62539256,0.6196707,0.62521344,0.60864156,0.5963619,0.60608953,0.60933,0.6114684,0.60359126,0.5919251,0.5951329,0.5856301,0.6185314,0.60937136,0.6071666,0.59603506,0.62068707,0.61464447,0.60905784,0.6204936,0.6035215,0.60312,0.62382305,0.5996914,0.59695166,0.60643643,0.6103041,0.6212491,0.6114153,0.60326684,0.60444146,0.60552484,0.604345,0.60397387,0.5935755,0.6142681,0.61118525,0.60797334,0.59393114,0.602096,0.59841305,0.59000766,0.6181269,0.59189254,0.61031884,0.60817313,0.60516423,0.5984121,0.6033735,0.6014617,0.61695564,0.61882347,0.5986735,0.60322976,0.6043708,0.6078239,0.6076394,0.6131589,0.59754664,0.6253914,0.6211827,0.62280464,0.61562604,0.6045044,0.60358566,0.6160576,0.6121658,0.6223978,0.6194213,0.615313,0.62130904,0.62380415,0.60225296,0.61033493,0.6172179,0.5978351,0.6030081,0.5999314,0.62875545,0.5884401,0.59924066,0.61946195,0.59586716,0.6060686,0.59827787,0.60317403,0.59613997,0.6114957,0.5909275,0.61663944,0.6189296,0.60694426,0.60886604,0.59196955,0.61043614,0.5859925,0.60630244,0.6126203,0.59822387
0.5476804,0.5378769,0.53104377,0.528307,0.5359621,0.52442485,0.53298646,0.53042644,0.52390325,0.53073233,0.5323469,0.5291742,0.5298751,0.5303654,0.5254504,0.5374655,0.52170795,0.52747726,0.5306322,0.5266375,0.5381805,0.5325749,0.5299527,0.534361,0.52516884,0.52463233,0.5247157,0.5238364,0.5300993,0.5340376,0.5266377,0.5352004,0.53026026,0.5350881,0.52712876,0.52935874,0.5221973,0.5357538,0.5300971,0.5338753,0.52753586,0.53292334,0.53333366,0.5324395,0.5339033,0.5324214,0.5273214,0.5358107,0.5347526,0.52975434,0.5428001,0.53657067,0.5379501,0.5279511,0.5306736,0.53340906,0.5369529,0.52990544,0.53019714,0.5244515,0.5292253,0.5318135,0.5192909,0.53797895,0.53199935,0.5231398,0.5386643,0.5270356,0.5329984,0.5185428,0.5336099,0.52793247,0.5272297,0.52973366,0.5259415,0.52977043,0.54034144,0.52698064,0.5408108,0.53605175,0.5233812,0.5286812,0.5259644,0.5314203,0.532306,0.532956,0.5363593,0.53623855,0.5244949,0.51945186,0.5290313,0.53342915,0.51659673,0.54036874,0.5291089,0.5265701,0.536139,0.53824216,0.52200305,0.5347229,0.52911013
0.54812354,0.55976474,0.566346,0.5565416,0.57972413,0.5689541,0.564543,0.54812765,0.57074714,0.5549892,0.56621546,0.56021124,0.5591727,0.5528807,0.55478156,0.55583245,0.55591017,0.55826217,0.55271065,0.56143457,0.553695,0.56275874,0.56962794,0.571157,0.5629095,0.5543586,0.5642844,0.56317437,0.5578349,0.567395,0.5615994,0.55150855,0.57559127,0.5618596,0.562825,0.5400853,0.55860066,0.55407387,0.5598638,0.55462664,0.5404085,0.56191355,0.57595086,0.5686469,0.56094474,0.5664859,0.5804511,0.56552726,0.5727419,0.55134773,0.5561917,0.56044817,0.54936844,0.57152575,0.55294144,0.5680206,0.55973643,0.5503608,0.5712215,0.5666325,0.5669365,0.5640109,0.5625409,0.5694224,0.56743973,0.57473254,0.56128573,0.56183535,0.54926014,0.5550901,0.55787814,0.55178815,0.54784876,0.55728054,0.56644404,0.5581147,0.56068236,0.56573737,0.572711,0.5655082,0.56287163,0.56201434,0.55101866,0.5730743,0.5619248,0.5536026,0.5718848,0.55949575,0.554899,0.5531081,0.54296255,0.5591565,0.56702477,0.5543978,0.5620957,0.5685129,0.56464815,0.5771433,0.5813523,0.5529873,0.55648196
0.5485364,0.5413968,0.5601448,0.5368535,0.5366315,0.53758574,0.5410189,0.5454286,0.54256535,0.5488425,0.54653496,0.5312969,0.53446776,0.53790915,0.53970575,0.5403956,0.54009914,0.5403291,0.53845423,0.5341631,0.5397594,0.5385282,0.5417574,0.5335417,0.5380722,0.5463869,0.54823065,0.5349706,0.5414346,0.5457132,0.5387317,0.55620146,0.5292243,0.541084,0.5448362,0.53346586,0.5256936,0.5315175,0.5419734,0.54848367,0.5419671,0.5269858,0.5400494,0.5406598,0.5410116,0.5380672,0.54002124,0.53789765,0.5455511,0.5370185,0.54017174,0.540922,0.5374056,0.53634834,0.53816235,0.5392653,0.54088575,0.5390804,0.5359553,0.5442004,0.53760433,0.54195297,0.54765147,0.53623056,0.53525865,0.53829366,0.5374781,0.5515439,0.5424475,0.53425986,0.53844136,0.5322366,0.5339832,0.52786064,0.537384,0.5381408,0.5287421,0.54309714,0.5437028,0.5383668,0.5417795,0.5410555,0.53918785,0.54664797,0.54234976,0.5400986,0.5413652,0.5393607,0.54074264,0.53135794,0.5375827,0.543524,0.54208493,0.54630077,0.53583443,0.5349978,0.5476451,0.539782,0.53317046,0.5361683,0.5277446
0.5489872,0.55674726,0.55944353,0.5519099,0.5430999,0.5477755,0.5545992,0.5457097,0.56655014,0.5539855,0.56052995,0.5598038,0.54765636,0.5444698,0.5540402,0.56330305,0.54639876,0.5659031,0.56582844,0.5526942,0.56059337,0.5578633,0.5517633,0.5576936,0.5556257,0.55187774,0.5650309,0.5564756,0.5510923,0.55022275,0.5502539,0.5568965,0.53401995,0.55981857,0.5567724,0.5491564,0.55949396,0.5595444,0.55625993,0.5490836,0.5567108,0.54504514,0.5631233,0.5492106,0.5481016,0.5526534,0.5433321,0.5594714,0.55028886,0.55399895,0.55176085,0.55254894,0.54176354,0.55839807,0.5448375,0.5549758,0.5603751,0.5445795,0.55424964,0.55508876,0.5594968,0.5454652,0.55078965,0.5577475,0.5545824,0.5544431,0.5719136,0.55711263,0.5544759,0.54940826,0.5512091,0.5459685,0.56395024,0.55237365,0.5542984,0.5445162,0.5621851,0.5479087,0.5478286,0.56331164,0.55127054,0.5701205,0.5555725,0.5338814,0.55421597,0.5624274,0.56581813,0.55337703,0.54519355,0.56570435,0.55129313,0.5497987,0.55544597,0.54945093,0.5609775,0.5497035,0.5557061,0.5568296,0.56077343,0.55800444,0.5559656
0.5522699,0.5463936,0.5318574,0.5464793,0.5476513,0.54780996,0.54707146,0.55215627,0.5393288,0.5460307,0.54874194,0.5430841,0.5413719,0.5397324,0.53547984,0.5424037,0.5467839,0.5417692,0.54091644,0.5301549,0.5390831,0.54206795,0.53830385,0.54380405,0.5437388,0.5444303,0.54083616,0.5466547,0.5391784,0.54513973,0.54108554,0.54502565,0.5447109,0.5390946,0.53896254,0.5410238,0.5352481,0.5301163,0.541628,0.53919214,0.54528487,0.5516203,0.5413633,0.5368225,0.5480107,0.54073447,0.5388536,0.5556742,0.54869443,0.5472412,0.5497304,0.5433828,0.53833115,0.5419452,0.5370835,0.5406411,0.5346939,0.55114144,0.5408229,0.54257405,0.5389436,0.5483313,0.53977406,0.5393929,0.5409553,0.53665614,0.5422713,0.5509599,0.53722197,0.5442894,0.5559459,0.5387332,0.53464836,0.53411144,0.5407394,0.55067754,0.54722863,0.5420807,0.5317786,0.55402964,0.5394975,0.5443142,0.5502307,0.5452489,0.53926,0.5423548,0.53868943,0.5505013,0.5382082,0.53906405,0.5436103,0.53958046,0.5349584,0.5506256,0.53908265,0.5330875,0.5380814,0.54350185,0.5425531,0.54731655,0.544833
0.5536544,0.54433393,0.53638643,0.54486144,0.547817,0.5490578,0.56102616,0.5269566,0.5382158,0.54584694,0.5336832,0.53493917,0.55501014,0.5386877,0.54577154,0.5485113,0.5445892,0.5545366,0.54887456,0.5509121,0.54566944,0.5400023,0.5433583,0.5398794,0.5479061,0.53699905,0.5481918,0.55149764,0.5477305,0.5390631,0.5405977,0.5505814,0.5318395,0.5388905,0.55207676,0.56168073,0.53919476,0.5415024,0.54284453,0.5531511,0.54138374,0.5501647,0.5355475,0.5396474,0.5484332,0.5404274,0.54806244,0.54583734,0.5519581,0.5539602,0.5400029,0.5490702,0.5227821,0.5361305,0.54003334,0.53862154,0.55023587,0.55157894,0.5483291,0.5558431,0.5548163,0.54122156,0.5395252,0.5628271,0.5496855,0.5359903,0.54951847,0.535768,0.5430616,0.54020244,0.54711753,0.55740076,0.54290986,0.5567322,0.5315453,0.5363155,0.53172505,0.5441209,0.5456956,0.5487898,0.53358775,0.5404473,0.5562422,0.54237294,0.54144704,0.54180515,0.54705644,0.5511673,0.55012566,0.54302716,0.54170233,0.5640221,0.5551558,0.53291655,0.5435171,0.54630446,0.54901826,0.548601,0.55496305,0.55132544,0.5420323
0.55448,0.52804285,0.53942084,0.53326946,0.5333034,0.5410266,0.5475081,0.5396267,0.53295577,0.5408122,0.5216113,0.5414856,0.540984,0.5395684,0.5324112,0.5437712,0.5353021,0.54375035,0.53332466,0.5418888,0.53877157,0.5455659,0.5263843,0.5291737,0.54432815,0.540966,0.5483347,0.544025,0.5385245,0.5430833,0.5395492,0.5424236,0.54230475,0.5417992,0.5468663,0.53972334,0.5417322,0.53844064,0.56031406,0.53402615,0.5415385,0.5422497,0.5393079,0.54788214,0.5436331,0.53522754,0.55260307,0.54399526,0.52921796,0.53853184,0.5285385,0.53760487,0.547199,0.5447529,0.53637785,0.54237723,0.53225994,0.54377156,0.5391931,0.54984975,0.53383416,0.53589547,0.5410006,0.54754794,0.546603,0.5288076,0.538106,0.5380624,0.54218584,0.5335193,0.5451823,0.53648937,0.5327991,0.5407464,0.53430986,0.53404117,0.53056735,0.5390253,0.52577907,0.5481399,0.5480212,0.5374944,0.5335973,0.54050213,0.5444363,0.5457175,0.5437906,0.54272705,0.5331535,0.5421307,0.5335088,0.53724194,0.54379296,0.5401915,0.5308618,0.5525163,0.5523161,0.5417762,0.5369964,0.53267646,0.5427583
0.5548683,0.5398186,0.54086226,0.5327162,0.5418905,0.5307321,0.53632545,0.5576021,0.5369674,0.5380576,0.5261829,0.53818387,0.5420202,0.54402906,0.53687006,0.5413028,0.5479935,0.5487442,0.5347791,0.54447234,0.54589224,0.5314547,0.5425365,0.5370061,0.5364517,0.5355,0.5392156,0.5436391,0.55080384,0.5448881,0.53593284,0.53104675,0.5344195,0.5366818,0.53616047,0.5394274,0.5260619,0.5392639,0.543202,0.54588723,0.5304228,0.5451842,0.53432924,0.53869945,0.5272217,0.5445394,0.52458924,0.5374619,0.5256633,0.53134596,0.53721035,0.53953546,0.53348416,0.52934194,0.53764665,0.5412829,0.5601731,0.528112,0.52673554,0.5417776,0.5427196,0.5374472,0.5385995,0.5374718,0.5461588,0.53208995,0.52666926,0.5413527,0.5312463,0.5435975,0.53662324,0.55448264,0.5392671,0.5296754,0.54567415,0.54170144,0.5310168,0.5394703,0.5343121,0.54073864,0.5276544,0.53208476,0.5318872,0.5300541,0.5320352,0.5361239,0.5364864,0.5395239,0.5344977,0.5296152,0.53590286,0.5398075,0.54205453,0.52731365,0.5413982,0.5416519,0.53334117,0.5371119,0.53925604,0.5330271,0.5410428
0.555224,0.547811,0.54779965,0.54972667,0.55206287,0.55431336,0.55414283,0.547621,0.53400165,0.55025417,0.55854356,0.5343554,0.5625494,0.54413635,0.55484676,0.53608894,0.57282454,0.54811203,0.55709845,0.546818,0.5499661,0.5430432,0.54511964,0.5720842,0.55421084,0.5587258,0.54265964,0.56662047,0.5343521,0.5459436,0.52563757,0.56017834,0.5526475,0.54275894,0.5499991,0.5307354,0.5389118,0.55810803,0.5374654,0.55170417,0.5434303,0.5530668,0.5587724,0.5535428,0.56175166,0.5380095,0.5464086,0.5554341,0.56412095,0.56970996,0.5714596,0.5439039,0.55060166,0.5478575,0.54893416,0.5390042,0.5591884,0.54683536,0.5686849,0.542568,0.544609,0.5670974,0.55617493,0.547842,0.54554176,0.55994225,0.54733545,0.5624778,0.54732555,0.5499544,0.55061,0.54366505,0.5454202,0.5587146,0.5569253,0.55373615,0.56108236,0.541492,0.54853487,0.575631,0.5483015,0.53552735,0.56303644,0.53381443,0.5498015,0.5537752,0.54035085,0.55452734,0.55661416,0.56763136,0.55223185,0.54430693,0.54742765,0.54914767,0.54173315,0.57033426,0.553428,0.5531287,0.5509068,0.5577899,0.5743424
0.5553385,0.5453943,0.54248106,0.5549255,0.537655,0.5449707,0.54630286,0.5477813,0.54646724,0.5489618,0.548094,0.5346713,0.5346191,0.5457045,0.54711616,0.5329134,0.54147273,0.5389873,0.5477295,0.54700536,0.5460205,0.54237574,0.54467165,0.5420603,0.536099,0.54153705,0.53902715,0.54284096,0.5363204,0.5534517,0.54400456,0.5499904,0.53863275,0.5406624,0.5431823,0.553417,0.53323126,0.5469017,0.54201263,0.53920144,0.5321353,0.5438103,0.5422552,0.5360767,0.5475608,0.5464967,0.53762066,0.5442568,0.5487979,0.54223853,0.5413338,0.543461,0.5413381,0.53106767,0.53572345,0.54659677,0.5514232,0.54329526,0.52820253,0.54175556,0.5455498,0.5436276,0.5370392,0.536642,0.5471866,0.5497501,0.54136366,0.5447486,0.5421907,0.5365159,0.53748924,0.5482194,0.5475322,0.54440004,0.54585963,0.5448898,0.5402489,0.53969675,0.5568209,0.54597855,0.5427905,0.54928124,0.54512763,0.54443926,0.54018396,0.5387687,0.549315,0.5412308,0.5411119,0.5326688,0.5435232,0.55049145,0.54260045,0.53885394,0.53330356,0.5470775,0.54885143,0.5428892,0.5402666,0.5283628,0.55217683
0.555633,0.54214543,0.5323522,0.5469645,0.53743595,0.54324067,0.5482894,0.5344915,0.5372664,0.5435251,0.5494977,0.5337552,0.53036624,0.5539004,0.5370512,0.5492964,0.5500451,0.53595763,0.53487086,0.5495518,0.5322953,0.5397714,0.5303859,0.5289237,0.5381907,0.5441073,0.5346675,0.5337355,0.5442604,0.5471239,0.54969174,0.5468621,0.53941214,0.5374973,0.5427807,0.5466166,0.5463981,0.553647,0.54279095,0.5408185,0.54442614,0.53505015,0.54120827,0.5502385,0.5411306,0.5455077,0.539771,0.52682835,0.5314677,0.53992265,0.54402065,0.542186,0.5402843,0.5422006,0.53739434,0.54185015,0.53916425,0.53810835,0.55716854,0.53941077,0.53894645,0.53347915,0.5506772,0.5544698,0.5431797,0.5363013,0.54260343,0.54018444,0.5429543,0.54042447,0.5467264,0.5466901,0.5422486,0.5408243,0.5459387,0.5370627,0.55704296,0.5412631,0.5509201,0.5323119,0.5375875,0.5358748,0.53481764,0.543422,0.5428791,0.5459061,0.5419108,0.5533567,0.5265103,0.54990906,0.5371134,0.5332211,0.5465979,0.5450914,0.5482566,0.545316,0.5377318,0.54825693,0.5305908,0.53716016,0.531494
0.5561213,0.5301529,0.5327027,0.5394475,0.5365577,0.5408811,0.5513897,0.5393972,0.5298468,0.526447,0.53563935,0.53086776,0.5251838,0.5420992,0.53964525,0.5259619,0.524487,0.53770584,0.52930796,0.53703606,0.5283831,0.52573884,0.5295951,0.52334356,0.5256038,0.53729224,0.5367519,0.53759533,0.52585036,0.5333917,0.5281066,0.5392021,0.53951585,0.5275957,0.5484838,0.52845466,0.5268876,0.52777547,0.53417516,0.52733576,0.5291619,0.53721213,0.53200495,0.5323506,0.53453404,0.5342829,0.5296824,0.52651435,0.5366928,0.5374512,0.5398415,0.5275656,0.5345675,0.53686416,0.5327077,0.52817285,0.5329408,0.52717274,0.5320894,0.52911794,0.5379471,0.532398,0.5222379,0.53444886,0.5429456,0.5281133,0.53068143,0.538639,0.54189044,0.53098154,0.5418959,0.5321637,0.5279113,0.5366187,0.5375183,0.5341512,0.5401734,0.53704405,0.5235238,0.5347842,0.53776157,0.5381849,0.5368082,0.5417499,0.51946807,0.5288792,0.5296861,0.5260333,0.5361723,0.533457,0.5227476,0.5354288,0.5272573,0.52566457,0.54581237,0.5219417,0.53648245,0.53793836,0.5289731,0.52969617,0.5229297
0.5569179,0.5744513,0.596849,0.5805431,0.5914239,0.5733557,0.58494395,0.59107256,0.5826485,0.583654,0.58334756,0.5831257,0.6011316,0.57588893,0.57668537,0.5719252,0.58929735,0.5889522,0.5758662,0.59259707,0.5970482,0.58541226,0.58962125,0.5950168,0.5785667,0.57671803,0.58902335,0.5897051,0.57468516,0.5745206,0.58379513,0.58503085,0.59212166,0.5796718,0.5802597,0.601119,0.59822047,0.58215487,0.5920796,0.58914995,0.5885139,0.58109933,0.58670497,0.57739943,0.5819749,0.5838932,0.58395004,0.58284414,0.5816464,0.58321506,0.59456587,0.5885003,0.5915213,0.60521924,0.59023166,0.5862362,0.58415514,0.58848345,0.581971,0.5764685,0.57274616,0.5974647,0.5889981,0.591153,0.5885313,0.5879623,0.57477295,0.60127,0.58175725,0.59518373,0.5755963,0.5935502,0.600144,0.5758535,0.57563937,0.60080415,0.57133394,0.5916994,0.5867091,0.58260435,0.5892193,0.5805064,0.5753978,0.59161586,0.57278556,0.57955533,0.5729274,0.584678,0.5988272,0.5826963,0.58572584,0.57037437,0.57582533,0.5781822,0.6073352,0.5849972,0.5894032,0.57524896,0.57195604,0.59270185,0.5750598
0.5589975,0.55820894,0.5519353,0.54097986,0.5568696,0.53933865,0.54627275,0.54487795,0.54946285,0.54478014,0.5623185,0.54489934,0.53335965,0.5466194,0.55066913,0.5461673,0.5541939,0.56672317,0.5443627,0.5637985,0.54507124,0.5362894,0.5460003,0.54093456,0.54285634,0.5540445,0.55912906,0.5399009,0.54867417,0.5373064,0.5319006,0.54278487,0.5446273,0.5634652,0.5526812,0.53975886,0.56623244,0.5639234,0.54699445,0.5581209,0.5439098,0.5474138,0.53577363,0.5551024,0.54001665,0.5624622,0.54776907,0.5552071,0.54419035,0.5535679,0.5500345,0.53849244,0.5470831,0.54103667,0.5523099,0.5555842,0.54472995,0.56848896,0.5407568,0.54299134,0.55177975,0.55591357,0.5461393,0.5327739,0.54075164,0.5426852,0.5423937,0.5524959,0.54630303,0.5474925,0.54452544,0.55206215,0.55539477,0.5593164,0.5437773,0.5478041,0.526692,0.54619163,0.5312629,0.5491639,0.56057215,0.5576447,0.55420357,0.5632545,0.5573847,0.53790903,0.5365443,0.562694,0.5438162,0.55138427,0.5483071,0.55092144,0.5640333,0.539461,0.5483977,0.5394716,0.55505294,0.5440404,0.54006326,0.55144,0.5376981
0.56011754,0.50991654,0.5068825,0.50465876,0.51512194,0.5075513,0.5143904,0.51041806,0.49983865,0.5223746,0.51411635,0.5159115,0.4910701,0.50985396,0.49658394,0.5063752,0.50755936,0.49179494,0.5150369,0.49553603,0.50365776,0.51792276,0.50176907,0.50448954,0.51048845,0.5135066,0.5019567,0.5103018,0.51049227,0.51291126,0.51719224,0.5072162,0.50492686,0.51102835,0.49181795,0.5011447,0.5192036,0.5164125,0.50619566,0.5110886,0.5006632,0.51404566,0.5177412,0.5071464,0.50900733,0.5204138,0.49933785,0.49627262,0.51228386,0.4958651,0.5114543,0.50947404,0.5064417,0.51832926,0.5008961,0.5075203,0.51241213,0.50538105,0.50265735,0.49519163,0.50360864,0.49899632,0.5030243,0.4981892,0.51700926,0.5109562,0.5014499,0.50372064,0.48874843,0.50448424,0.5047764,0.507094,0.51133865,0.50727767,0.51673996,0.51472753,0.5009726,0.50842303,0.5034465,0.50443304,0.5000133,0.5144926,0.50703615,0.5118474,0.50441283,0.5077731,0.50574034,0.5042236,0.5049938,0.5105563,0.5087963,0.5202452,0.5041451,0.5026658,0.51218337,0.515303,0.50876653,0.5089239,0.5082375,0.49987942,0.5124312
0.5618491,0.5784578,0.57395047,0.5806343,0.58166677,0.57826436,0.5767916,0.5794807,0.56698924,0.5732936,0.57830113,0.5685212,0.5752154,0.5818019,0.5773472,0.5817108,0.57020795,0.56459564,0.5675481,0.5800529,0.5864661,0.5818018,0.5756652,0.57629335,0.5718009,0.5764241,0.57809895,0.57833874,0.5831583,0.5652177,0.5837366,0.579028,0.57121986,0.5693888,0.5826526,0.57706225,0.5602582,0.57323426,0.5682395,0.5836436,0.56819296,0.5704603,0.5812856,0.58013767,0.5854431,0.5840507,0.5886428,0.5801248,0.575174,0.5713544,0.5876795,0.5666487,0.578556,0.57343566,0.57854855,0.58662117,0.57769823,0.5769149,0.57781285,0.56923485,0.5731172,0.58172256,0.55636805,0.5692423,0.58508724,0.5621415,0.5735003,0.57396865,0.5777868,0.57596576,0.575471,0.58764696,0.56973064,0.57348967,0.57025325,0.5763889,0.57469577,0.5918394,0.58254415,0.5920519,0.5852549,0.5883772,0.57184887,0.5806481,0.57278365,0.57430995,0.5689657,0.5700151,0.56620145,0.5931589,0.5694059,0.57368815,0.57434744,0.57751834,0.58270437,0.568007,0.5777301,0.5795503,0.5596139,0.5756499,0.57584876
0.5620096,0.5360187,0.5330498,0.5428344,0.53346276,0.54178953,0.5477636,0.5403371,0.54045004,0.54141974,0.5447062,0.5497228,0.5372452,0.53194165,0.5291806,0.5395039,0.53844756,0.5338226,0.5286748,0.5349169,0.54326105,0.5430644,0.544865,0.54105353,0.5397758,0.54044855,0.53356093,0.54148835,0.53791696,0.5359754,0.5403409,0.53175724,0.5388633,0.5354277,0.5432674,0.5343367,0.5405448,0.538444,0.5299053,0.5441726,0.53416765,0.5356489,0.5366726,0.54611975,0.5458989,0.5426599,0.5290873,0.53230023,0.537833,0.54357404,0.5454627,0.54704356,0.53632927,0.5433682,0.53642106,0.52834916,0.5350301,0.54049003,0.54295903,0.54160833,0.5502504,0.53882223,0.5402419,0.5413247,0.5348029,0.5379182,0.53522414,0.54138976,0.5427659,0.53701365,0.53292745,0.5418559,0.5373278,0.5378776,0.5418127,0.5509153,0.5425311,0.5475756,0.5468666,0.54049325,0.5365645,0.5334107,0.5414665,0.5392843,0.5351538,0.53565407,0.5453647,0.5354945,0.5359393,0.5385574,0.54590726,0.534959,0.53625405,0.5402764,0.53263193,0.5386457,0.5389205,0.5486404,0.54276717,0.53563076,0.54467046
0.56205773,0.5570851,0.56279457,0.5624035,0.56572294,0.555264,0.5763325,0.5778481,0.57134086,0.55689853,0.5737325,0.56525767,0.5535293,0.5549624,0.56655043,0.56427526,0.55526704,0.5663544,0.55387896,0.56848353,0.55670553,0.5628809,0.56459206,0.5636633,0.56590074,0.57216877,0.555602,0.57232535,0.56656307,0.5762457,0.56407547,0.56837374,0.5644186,0.55711037,0.56446683,0.5732675,0.57471144,0.56907964,0.5721461,0.5662299,0.5671841,0.58106303,0.5705752,0.56600016,0.5664405,0.5738007,0.56044656,0.5653612,0.5618028,0.5619552,0.5514008,0.55621564,0.5556085,0.5672004,0.5589882,0.57232,0.5603295,0.5728012,0.5765923,0.56180626,0.55890864,0.5645425,0.56373614,0.56562036,0.5662472,0.5571677,0.57549983,0.57080424,0.56146187,0.56434095,0.5586466,0.5638951,0.5665098,0.55911845,0.5573347,0.5635169,0.56812596,0.568722,0.5696137,0.5529373,0.5640914,0.5665496,0.56957704,0.57659656,0.57319015,0.56590295,0.56651443,0.5677618,0.5683291,0.5693624,0.55689764,0.58140075,0.5546832,0.5656325,0.56803304,0.575556,0.56236464,0.56707484,0.5701589,0.57175285,0.56509626
0.5626124,0.58985376,0.59838885,0.5853707,0.5982407,0.6055711,0.6028427,0.5902978,0.60709953,0.59347755,0.5919796,0.61070454,0.58525586,0.5996558,0.57970273,0.58402956,0.5837842,0.5923894,0.59959644,0.59793,0.59824467,0.5843889,0.58161765,0.58888745,0.60898197,0.59342307,0.5840207,0.58270895,0.6039596,0.60764533,0.5904246,0.5902418,0.6072852,0.5804985,0.5958227,0.6102523,0.5945835,0.5944608,0.5935694,0.59647495,0.5797232,0.5898844,0.61306155,0.6043708,0.59475684,0.58805305,0.6085357,0.58637214,0.595426,0.603952,0.5933693,0.5861619,0.6048073,0.5908041,0.59335977,0.59320897,0.6015033,0.58204585,0.59173673,0.5861083,0.58617383,0.5874215,0.5880887,0.58452827,0.59404594,0.59968317,0.592593,0.5953764,0.58728033,0.59663063,0.5868223,0.5949573,0.5876396,0.5847521,0.5841328,0.5885773,0.5809234,0.5929683,0.6003619,0.6000938,0.58226883,0.60101026,0.59148693,0.5815652,0.60159284,0.58972245,0.6106567,0.58872336,0.5917627,0.6132811,0.60055494,0.6026897,0.5710742,0.5865231,0.6014603,0.58337927,0.58955956,0.6057557,0.6102237,0.59613794,0.60386175
0.56262803,0.55817246,0.55476683,0.5746854,0.5512586,0.5673244,0.5445083,0.56668675,0.571501,0.5652211,0.55501515,0.5549507,0.56093,0.5510624,0.5558451,0.56889385,0.573861,0.5600877,0.562808,0.5415258,0.5419532,0.5631899,0.55175364,0.5604106,0.568845,0.5684989,0.5660331,0.5647532,0.5651003,0.5567262,0.55175656,0.54870445,0.55473393,0.55906093,0.553825,0.5624572,0.5583922,0.5588405,0.54889137,0.54728174,0.5589652,0.56335604,0.5623629,0.55428904,0.5593507,0.5595462,0.5614012,0.55886143,0.55608916,0.55930597,0.5588883,0.54928297,0.5469556,0.55912006,0.5636123,0.56228656,0.5545965,0.5740863,0.55801225,0.5544955,0.5586956,0.55748874,0.5612737,0.54706854,0.5546186,0.5629332,0.55146396,0.55800736,0.56198853,0.5590993,0.55401665,0.56905574,0.5623008,0.5564387,0.5524891,0.5749566,0.5578421,0.55755895,0.56037265,0.5605414,0.54803216,0.55616516,0.553388,0.5495667,0.55955577,0.565037,0.5616856,0.5573618,0.55942506,0.55417997,0.54950804,0.54519325,0.55695933,0.56957227,0.55051583,0.56676304,0.554699,0.5671127,0.553302,0.56565773,0.56495064
0.56544185,0.55869216,0.5645631,0.5742457,0.55898046,0.561684,0.5860188,0.56392825,0.5604797,0.574187,0.5728597,0.57352823,0.5765543,0.5632488,0.5691375,0.55780697,0.57225496,0.580244,0.5629827,0.567655,0.55128133,0.55506885,0.57823753,0.57302326,0.5642899,0.5666647,0.5778344,0.5651093,0.56671774,0.57990265,0.55909145,0.5679011,0.5676529,0.57008713,0.5594896,0.5563034,0.56673557,0.5565414,0.56293523,0.5540904,0.5647911,0.56923854,0.56409407,0.5604302,0.5633357,0.5671198,0.5624726,0.5707189,0.5770391,0.56411177,0.5663347,0.56937456,0.5665034,0.5634685,0.5719351,0.5734825,0.5566781,0.5604847,0.569035,0.5738166,0.5627478,0.5591687,0.5563908,0.5663857,0.57409817,0.56101483,0.57046807,0.5687626,0.55927414,0.561685,0.5667668,0.5700677,0.5643891,0.57663083,0.579797,0.56522983,0.5758704,0.56698924,0.55869323,0.56286436,0.5687897,0.555773,0.5476943,0.5693682,0.56997585,0.5648711,0.5505793,0.5576222,0.56402713,0.54672027,0.5697682,0.5591527,0.56589764,0.56097156,0.5705031,0.5699138,0.5776386,0.5775435,0.5647925,0.57923925,0.564218
0.5656604,0.57158333,0.5646242,0.5729328,0.55702144,0.5669629,0.5717259,0.5543991,0.5601799,0.5597619,0.5714942,0.5660518,0.5658273,0.5660477,0.5680553,0.58205533,0.56450635,0.5680235,0.5654166,0.56439877,0.5661062,0.5681781,0.5786575,0.5686158,0.56985366,0.5666794,0.57154614,0.5613348,0.56282276,0.5571096,0.55612385,0.57048273,0.56686306,0.55958587,0.56284994,0.55695534,0.56158495,0.5696523,0.5629596,0.5517801,0.5620889,0.57207114,0.5577124,0.5537017,0.5554264,0.5564697,0.5511212,0.5702366,0.55985886,0.569228,0.56547654,0.56510663,0.571695,0.56700736,0.5594576,0.56942457,0.5691043,0.56352246,0.5683309,0.568543,0.56729025,0.5570084,0.563847,0.5583712,0.5615629,0.5639767,0.5749869,0.56273156,0.5749231,0.56115633,0.57017326,0.5625287,0.56551147,0.56663334,0.5483831,0.5735077,0.55816644,0.55702585,0.5605629,0.5601543,0.55939263,0.56958425,0.56299037,0.5605402,0.5648862,0.566257,0.5653142,0.5596318,0.5620898,0.5673619,0.5654958,0.56301045,0.56057006,0.5567979,0.55286956,0.56051105,0.5751194,0.5645395,0.5647633,0.5680224,0.55899036
0.566103,0.5911251,0.596198,0.58177364,0.58858615,0.5808756,0.5905877,0.58905417,0.5952407,0.58982944,0.6022858,0.59414154,0.58939075,0.6014051,0.60972935,0.60684735,0.5913297,0.59539527,0.600931,0.5956196,0.587785,0.5889307,0.58987015,0.5932371,0.5701253,0.5922709,0.6014243,0.59817165,0.59569234,0.59669095,0.57818836,0.57805085,0.6138343,0.6068951,0.59034675,0.6087682,0.58801335,0.5990358,0.590269,0.5935291,0.5709653,0.57758695,0.59578484,0.5922516,0.60700154,0.606681,0.6104256,0.5921884,0.5847916,0.572431,0.59014416,0.5958609,0.5952103,0.598733,0.6091663,0.58646655,0.5967687,0.5799567,0.5914596,0.6059636,0.59482986,0.6091189,0.5889069,0.5983469,0.5941593,0.5966858,0.5974757,0.59407043,0.60219365,0.58667594,0.5885604,0.58656037,0.58494455,0.5836521,0.59118646,0.5917956,0.59890765,0.59546965,0.59454614,0.5934258,0.58024883,0.5912231,0.5902356,0.59500873,0.5805251,0.58676183,0.5960015,0.60640675,0.5902033,0.58638567,0.5876009,0.6000095,0.59540594,0.588015,0.58316123,0.5945634,0.6077088,0.60317403,0.5844533,0.60762185,0.6024883
0.56811,0.55892473,0.54406255,0.5714989,0.57511514,0.5727831,0.5770952,0.5798511,0.5553072,0.563471,0.55595696,0.568581,0.5597234,0.55809355,0.5727396,0.57642955,0.5699685,0.5582946,0.5608097,0.5576211,0.56895614,0.56394804,0.5683324,0.57458746,0.5573931,0.55745274,0.56503075,0.56676936,0.5639551,0.5611135,0.56007177,0.56874776,0.57113683,0.5690382,0.5673858,0.5562864,0.5534303,0.5702252,0.5510183,0.55896753,0.5552033,0.5576828,0.5679013,0.56696165,0.57773435,0.56099606,0.57054496,0.5771639,0.5652999,0.5693798,0.56498253,0.56903255,0.5699596,0.5572714,0.5553244,0.5644729,0.5548539,0.5802294,0.5625172,0.5710722,0.55680615,0.5719092,0.5571283,0.55274594,0.56908774,0.568918,0.5603841,0.56355333,0.5776864,0.55829716,0.560203,0.5681431,0.57121396,0.5570995,0.5688559,0.5534139,0.5719215,0.58333325,0.57163703,0.5696196,0.57346267,0.56025314,0.56810045,0.5596984,0.56131506,0.5769393,0.5696424,0.5629025,0.56056917,0.5518067,0.57265824,0.5602681,0.5610814,0.5586904,0.56301725,0.5562957,0.56840134,0.5653912,0.5777127,0.55737853,0.5586598
0.56882817,0.5578327,0.5490612,0.5566588,0.546143,0.5568558,0.55793285,0.5581073,0.54094905,0.53550583,0.55547374,0.54367626,0.5542508,0.5483328,0.5534514,0.5487965,0.5489566,0.5532431,0.55378604,0.54867,0.5593354,0.53194076,0.55948216,0.5580865,0.5485479,0.5429267,0.5482172,0.54885316,0.545771,0.55096674,0.5443701,0.5617991,0.55627584,0.54336494,0.54132867,0.5626602,0.5470876,0.5614116,0.5428459,0.55161506,0.5485296,0.5636283,0.5426282,0.56047726,0.54750955,0.5558077,0.5539405,0.5472173,0.54286593,0.56494474,0.5532234,0.550373,0.5406924,0.5656947,0.5497687,0.5492605,0.54341024,0.55254406,0.5357408,0.54331356,0.55732405,0.5475332,0.5507685,0.55742425,0.55439055,0.54686505,0.541281,0.5457548,0.55207133,0.55140454,0.55835485,0.55280817,0.5569767,0.56078327,0.5475431,0.55086094,0.541474,0.54087126,0.567571,0.54352194,0.5428159,0.5540665,0.5545071,0.5558799,0.5551775,0.5515564,0.5469662,0.5480567,0.5598027,0.5521896,0.5516964,0.5487857,0.54828405,0.5570862,0.55171597,0.54974365,0.5325048,0.53956795,0.5615544,0.55602527,0.55039227
0.5692772,0.56105906,0.5502025,0.5670245,0.5479768,0.5631164,0.54627234,0.57336366,0.5490534,0.54522276,0.5506659,0.5522385,0.5559743,0.5609868,0.5578186,0.5569649,0.55941576,0.55500275,0.551664,0.55665267,0.55061036,0.5622174,0.5662795,0.5617402,0.54870707,0.551773,0.5773507,0.54972196,0.56185085,0.57441324,0.54500574,0.550976,0.55672777,0.55575687,0.55771613,0.5531167,0.5520475,0.55456805,0.5444842,0.5593646,0.5649064,0.54944944,0.56058025,0.5488397,0.568417,0.5630612,0.55474836,0.55329996,0.5565417,0.5639059,0.54979163,0.56260675,0.5646592,0.55593914,0.5573246,0.5499841,0.5585818,0.5641791,0.56964815,0.5630755,0.53638726,0.553614,0.56400687,0.56400704,0.5514794,0.5495669,0.5525396,0.5591336,0.56194866,0.5423401,0.5621478,0.55623114,0.54875565,0.56096065,0.5480138,0.5512848,0.581169,0.53365,0.54636425,0.5591861,0.5681593,0.55871063,0.5565377,0.54704344,0.5542696,0.5535729,0.5631796,0.55618733,0.5822604,0.56153166,0.55135643,0.556217,0.5589293,0.5586223,0.55636185,0.560881,0.5610564,0.5502629,0.551523,0.5592355,0.5590686
0.5697204,0.6141791,0.6144853,0.6037632,0.6074632,0.5998304,0.60524434,0.6009254,0.59876996,0.60819024,0.6022243,0.60011995,0.5957493,0.6040142,0.59338063,0.59966266,0.5922241,0.6046898,0.6085568,0.60397524,0.6032255,0.6140265,0.6091936,0.58408856,0.6011239,0.6024018,0.5924482,0.61226195,0.61607975,0.5875423,0.6045543,0.60268265,0.5908009,0.60673183,0.61102706,0.6057452,0.5879625,0.61010045,0.59706104,0.58969665,0.6246615,0.604719,0.6025446,0.5907521,0.60685617,0.61977285,0.6086988,0.5926472,0.5858563,0.59251124,0.6031757,0.6099866,0.59909445,0.59958273,0.604624,0.61741793,0.6095061,0.5977363,0.600887,0.6238475,0.6227351,0.61627084,0.60251915,0.627013,0.5931553,0.60495096,0.6102219,0.6131305,0.613505,0.5960681,0.6014711,0.5894316,0.606896,0.60251844,0.60879594,0.6078828,0.6026623,0.59625715,0.61041874,0.5995271,0.6066466,0.59727174,0.6050512,0.61049074,0.60211027,0.6027322,0.59206456,0.59660214,0.60553384,0.59973836,0.604494,0.5882684,0.59532005,0.6104917,0.61030763,0.61032397,0.60029525,0.60225016,0.6021407,0.6001598,0.6071454
0.56975996,0.55393916,0.56012243,0.5596438,0.55295146,0.55043787,0.55906516,0.55787665,0.5483778,0.5539504,0.55683476,0.5591421,0.5664945,0.5563646,0.5594405,0.56407094,0.5540114,0.55362517,0.55626345,0.5458528,0.55598056,0.5490525,0.5545427,0.551786,0.5599588,0.5516981,0.56361836,0.553138,0.55783415,0.54386276,0.5494388,0.5498128,0.5561048,0.5508001,0.5613991,0.5487504,0.5524159,0.5574472,0.5493894,0.5515217,0.5524975,0.5578643,0.56387794,0.5591302,0.54936004,0.55705464,0.5589765,0.5578065,0.54844546,0.53768694,0.54660124,0.55327773,0.5557175,0.5633032,0.54520047,0.56304026,0.55104023,0.5436952,0.5555035,0.5582731,0.551051,0.55930763,0.55416125,0.5543902,0.5511284,0.55274016,0.55794007,0.55914235,0.5660172,0.5629747,0.5511647,0.55874735,0.54890144,0.5485668,0.5384782,0.5568182,0.5580903,0.5553609,0.5559746,0.55197287,0.5576809,0.55772084,0.5458821,0.556728,0.54543173,0.55034506,0.56467617,0.5532282,0.5600096,0.5500877,0.5557468,0.5456133,0.55917436,0.555528,0.56211644,0.55159193,0.55519617,0.54848355,0.5552888,0.5675463,0.55362874
0.5697635,0.5600885,0.5679768,0.57380694,0.5741493,0.564949,0.5591119,0.5884252,0.56833065,0.57484204,0.5782413,0.56921256,0.58011633,0.57478994,0.5768046,0.5857532,0.57149416,0.5756983,0.58327305,0.5786678,0.58505535,0.5812122,0.5660268,0.5758764,0.56416047,0.581386,0.57017815,0.5686106,0.58188623,0.5843525,0.58237094,0.5773295,0.55313414,0.5817624,0.5776292,0.57749563,0.5752725,0.58123565,0.5696116,0.5706787,0.5785344,0.57475096,0.5799723,0.57435167,0.5909163,0.569751,0.57202435,0.57305926,0.57198465,0.5705778,0.58935857,0.5782376,0.56865954,0.58056605,0.57641315,0.5711317,0.5741914,0.5623627,0.5795079,0.59037566,0.5831417,0.5672258,0.56488734,0.57995117,0.5748384,0.5855891,0.576516,0.57244974,0.5709212,0.5839701,0.5735483,0.58064985,0.5798357,0.567554,0.582864,0.5834848,0.5821879,0.58466804,0.5784024,0.5803146,0.57651806,0.57345384,0.57010627,0.57329273,0.5726313,0.580425,0.57410824,0.5828861,0.57059133,0.570648,0.58025336,0.5753203,0.56756985,0.5755933,0.5782033,0.5809161,0.5699093,0.5744017,0.5814925,0.5789547,0.56655914
0.5712239,0.55262685,0.5547419,0.5657435,0.55929446,0.54942524,0.563528,0.54964554,0.56683195,0.56044716,0.55936044,0.54759586,0.55207044,0.55247873,0.54675776,0.5543751,0.5579947,0.545765,0.5543852,0.5534302,0.5616509,0.55027115,0.57080585,0.55730474,0.5467252,0.5648322,0.55224544,0.5521929,0.55271626,0.55582476,0.55914557,0.54952,0.5671564,0.563403,0.56009537,0.55233866,0.551938,0.556772,0.5441132,0.5529883,0.5543246,0.56035393,0.55163026,0.54234785,0.5563152,0.55086374,0.5450668,0.570601,0.5611049,0.561592,0.55044407,0.55404246,0.55528957,0.55168056,0.5700483,0.5524339,0.54546815,0.5529017,0.55145526,0.5690796,0.55571604,0.5526721,0.5686198,0.5486636,0.5507408,0.5605784,0.55613875,0.56081665,0.5563215,0.5646479,0.55497473,0.5438203,0.5574013,0.5507931,0.5511438,0.5543863,0.5614613,0.5562644,0.566199,0.56494975,0.5510208,0.5536034,0.56114805,0.5505043,0.561921,0.5427376,0.5544313,0.55472517,0.5456137,0.553819,0.5619639,0.56534714,0.5549434,0.55535704,0.5564199,0.5525259,0.5516371,0.5469229,0.55205154,0.5640324,0.5535932
0.5718609,0.6285033,0.61144143,0.6173943,0.6104297,0.62528574,0.6083957,0.62473804,0.62018156,0.61601037,0.61870193,0.61636025,0.61082166,0.62244254,0.60238,0.5954681,0.6077878,0.6283084,0.61147517,0.62655085,0.6113493,0.5979553,0.6154681,0.6345208,0.61458427,0.6195703,0.6196571,0.6049474,0.61188763,0.631677,0.6027824,0.61412764,0.6211509,0.61116475,0.61238086,0.61155766,0.60290605,0.6231157,0.62155133,0.60738885,0.61681193,0.6206588,0.6077581,0.6051769,0.63073844,0.6284289,0.6149022,0.6108945,0.6073391,0.62487197,0.6118879,0.5926592,0.64849645,0.6044741,0.619669,0.6078682,0.6174112,0.61296314,0.60916734,0.622145,0.6151825,0.61288935,0.6045714,0.6252582,0.60254097,0.6439599,0.61667496,0.61303586,0.6056343,0.59760755,0.59888,0.6064205,0.62346905,0.5966162,0.61125416,0.6218036,0.6079405,0.6120474,0.6206129,0.6096774,0.60166305,0.61973685,0.60791665,0.6111473,0.62140644,0.60602766,0.649578,0.6028318,0.6134317,0.63200855,0.61291814,0.620719,0.64882225,0.5967865,0.6312734,0.6212855,0.62246484,0.60513943,0.6048898,0.6051309,0.6228332
0.57232714,0.5852329,0.56887645,0.59161496,0.58445495,0.58202875,0.587197,0.58557457,0.57010245,0.57990175,0.585764,0.57578665,0.5859244,0.5844449,0.5873631,0.57492745,0.56816286,0.5724931,0.5919227,0.5866785,0.56717724,0.58770716,0.5806917,0.5830842,0.588083,0.58032197,0.60261637,0.5951053,0.58455956,0.60339797,0.5790694,0.57700026,0.5716835,0.583123,0.5805518,0.5983718,0.5821447,0.58558697,0.5905022,0.5863927,0.5753346,0.5784525,0.58212614,0.58491844,0.5851471,0.5749401,0.59015626,0.5757633,0.5802215,0.57929784,0.59085333,0.58456683,0.5903242,0.58314157,0.5709379,0.58520925,0.589212,0.5762443,0.57059044,0.58987975,0.5718987,0.59233564,0.58706164,0.57284176,0.57845265,0.5811756,0.57426506,0.5886958,0.5839515,0.58939743,0.58001345,0.58992195,0.5883464,0.58452535,0.5867957,0.582795,0.5836855,0.58102983,0.5809907,0.58919746,0.5811718,0.596312,0.5884662,0.58250433,0.5933289,0.5964369,0.5769642,0.6009883,0.5870767,0.5703015,0.58969706,0.5720889,0.58578724,0.5924234,0.58798444,0.5901361,0.5752853,0.57679266,0.5830752,0.59131783,0.58478916
0.5734634,0.5473065,0.5500707,0.53726697,0.53305554,0.52935064,0.5451445,0.5422717,0.5568286,0.5487542,0.55504733,0.5508173,0.54963714,0.54602623,0.53840244,0.5471728,0.5536781,0.54304177,0.5476775,0.55003154,0.55618805,0.5410206,0.54664797,0.55939394,0.54250634,0.5325285,0.54657346,0.54865927,0.55281675,0.54773396,0.5443785,0.54972416,0.550282,0.54866225,0.5401334,0.54354966,0.54154766,0.5382991,0.5330668,0.53794646,0.54087853,0.5343886,0.5491837,0.5358705,0.53426415,0.54938006,0.5394947,0.5429987,0.5445551,0.5468259,0.5387288,0.5462662,0.54519737,0.55603105,0.5367206,0.5457749,0.5406924,0.5455789,0.54043645,0.5506351,0.54603034,0.545623,0.5428269,0.53643006,0.5431419,0.55008775,0.5400082,0.558306,0.5383027,0.5490128,0.5484804,0.5402051,0.548565,0.5473289,0.5577691,0.54214066,0.5490001,0.5421481,0.5527133,0.5415577,0.5431117,0.5334693,0.53698385,0.5471756,0.54172456,0.5458155,0.54319185,0.5480831,0.5394512,0.54559386,0.53677,0.53500926,0.5400845,0.54300165,0.5455595,0.5474943,0.5545437,0.54817075,0.55078113,0.5517931,0.54710704
0.5738455,0.6008547,0.6042789,0.5824144,0.59341687,0.59691364,0.59720224,0.59276456,0.5955953,0.58611137,0.6077375,0.6080723,0.6029905,0.58902556,0.5984891,0.59372187,0.598785,0.59999806,0.60284907,0.6065377,0.59247637,0.60357445,0.6053967,0.6135927,0.6053471,0.59371424,0.6076694,0.590625,0.59054995,0.6099338,0.590758,0.5957027,0.5959013,0.5927318,0.59639406,0.6128633,0.6284326,0.57781583,0.60047835,0.585018,0.6037226,0.58418757,0.60281944,0.60267407,0.6045756,0.5995579,0.5919302,0.5934668,0.5864614,0.6077098,0.59180504,0.60829157,0.5918594,0.6141627,0.6039988,0.5916582,0.60876447,0.6085203,0.57767683,0.5964084,0.60517114,0.5833448,0.6169581,0.59043956,0.60443014,0.61350805,0.5803253,0.5966565,0.59414893,0.59079254,0.6142934,0.62123936,0.60532373,0.6029343,0.5994443,0.6056811,0.5876963,0.58660233,0.6086254,0.600289,0.60143334,0.59873766,0.58855146,0.6174918,0.6037999,0.6023503,0.6081807,0.6093648,0.6018829,0.59750086,0.5918393,0.62020665,0.60921866,0.5955744,0.5921492,0.5961601,0.5946129,0.593551,0.6034995,0.60988694,0.5954198
0.57667756,0.58190274,0.58558583,0.57628965,0.5895236,0.57725275,0.57756495,0.5878635,0.59012175,0.5844275,0.5768609,0.5826242,0.56635565,0.57196105,0.5868302,0.6004197,0.5621852,0.5706864,0.5676557,0.5699575,0.5792194,0.5790496,0.58752435,0.569129,0.57259804,0.57980925,0.56600493,0.5859691,0.5784862,0.58041114,0.5952764,0.57900673,0.5939105,0.57391727,0.58900887,0.5766812,0.56676704,0.57298917,0.58766073,0.5771414,0.5759343,0.57628226,0.5882043,0.575524,0.5951797,0.5847486,0.5724236,0.5898163,0.5870485,0.5883074,0.5722425,0.5825492,0.5789896,0.59018165,0.5648995,0.58937395,0.58950114,0.5905134,0.5752475,0.57824874,0.57029974,0.58830196,0.57086164,0.5752873,0.5691434,0.5722141,0.58899987,0.5874401,0.5853976,0.57173914,0.57683736,0.5690365,0.57405084,0.5802953,0.58141357,0.58143914,0.5913677,0.56678045,0.5747802,0.5812683,0.5858576,0.58044684,0.5745988,0.570973,0.5624842,0.5764746,0.5667475,0.58209574,0.5812445,0.5909022,0.56908125,0.57228816,0.58334535,0.5775936,0.57005894,0.5786392,0.58287835,0.57524806,0.59356505,0.5757953,0.5739268
0.5769526,0.5697294,0.5790121,0.57694334,0.5767719,0.5733108,0.56988376,0.57605356,0.57783794,0.5722587,0.59274083,0.5637263,0.5699468,0.57604647,0.57820064,0.57852393,0.5721169,0.5629143,0.57742983,0.5830876,0.5747302,0.5764642,0.55422163,0.5885765,0.574621,0.57502526,0.5924895,0.5668,0.57431006,0.59532946,0.5809134,0.57368094,0.5737197,0.56543386,0.56897694,0.5772185,0.5679646,0.5672978,0.57433116,0.5606106,0.57693213,0.5822889,0.5869346,0.5869465,0.57081324,0.5757968,0.57885563,0.5726542,0.5823169,0.56491375,0.573349,0.56672966,0.58928704,0.5650839,0.57538235,0.5788122,0.5750653,0.5680014,0.56802005,0.5646439,0.562268,0.5645717,0.5724068,0.58547723,0.56984717,0.57772887,0.583202,0.5684959,0.59043366,0.5644263,0.57230926,0.58941233,0.5715136,0.58686304,0.57722133,0.5691484,0.5801234,0.5664962,0.56897086,0.5725993,0.57892346,0.5724368,0.5769408,0.56574583,0.5700111,0.5684432,0.5779761,0.5820605,0.57727504,0.5753363,0.57106525,0.58355206,0.56608725,0.5815278,0.58440286,0.5836915,0.5777291,0.5747098,0.5825309,0.58718896,0.58521277
0.5774963,0.6350722,0.64485556,0.6580221,0.6567417,0.63884324,0.6403627,0.6512273,0.6682815,0.64087886,0.63642853,0.6437644,0.64575803,0.66493934,0.6307681,0.63545567,0.6591313,0.64216447,0.65705,0.64998424,0.64386564,0.6486179,0.6382984,0.6533746,0.64848226,0.6317378,0.671429,0.6527112,0.6463211,0.6227054,0.67790025,0.6468472,0.6398334,0.6664697,0.63000184,0.6635081,0.6304268,0.66546446,0.6590626,0.6403217,0.6701747,0.6926468,0.6796986,0.68116057,0.65994,0.6462714,0.6413701,0.6802662,0.676037,0.65149575,0.62441427,0.69601375,0.65400773,0.667458,0.64590585,0.65230286,0.6263899,0.64175344,0.6316946,0.65886563,0.64458746,0.65762776,0.65671486,0.644492,0.65248954,0.63930994,0.64823216,0.6392409,0.6301506,0.6713777,0.65066785,0.6387158,0.62978286,0.66485804,0.67537266,0.6464898,0.67041546,0.64603037,0.659389,0.62281466,0.62046224,0.6696554,0.68337953,0.6466872,0.65058464,0.6545551,0.6652842,0.6593905,0.64643717,0.653161,0.64448005,0.6620885,0.6432131,0.6562679,0.6254322,0.6427441,0.65482014,0.645184,0.6694775,0.63738865,0.66964334
0.57764244,0.5767344,0.5926563,0.5942802,0.60008794,0.5868365,0.59380335,0.59321296,0.6002541,0.58983487,0.59547526,0.57317704,0.5870747,0.59197825,0.5990971,0.58805597,0.5883947,0.6005212,0.59037095,0.58535206,0.57697517,0.5936517,0.59636706,0.60291237,0.57623225,0.59792596,0.588976,0.5981577,0.5948292,0.6068439,0.59467244,0.60121065,0.5896534,0.57051915,0.5801424,0.6064199,0.57578593,0.6068006,0.5949101,0.5897406,0.58296055,0.5939972,0.6057642,0.6029256,0.57215667,0.5819621,0.601755,0.57193995,0.5813492,0.5822367,0.5804262,0.59454924,0.57979465,0.5902921,0.5866468,0.59443563,0.6032389,0.59954774,0.5791707,0.58494866,0.5979653,0.5855482,0.5906954,0.5858889,0.580153,0.5792042,0.5872954,0.594623,0.5851933,0.58018863,0.5715545,0.60663486,0.5812444,0.60048074,0.58719486,0.5978882,0.5746061,0.5956529,0.58717626,0.5711604,0.586519,0.5819433,0.6157592,0.5961551,0.5780499,0.5909941,0.5918711,0.59942776,0.59512323,0.5798053,0.58197486,0.5912345,0.58534396,0.5867331,0.5846725,0.5753196,0.5731593,0.59010863,0.6044701,0.5764924,0.5919419
0.57992864,0.60265964,0.583386,0.5987761,0.6040502,0.5790589,0.5875878,0.5782298,0.58314145,0.58540595,0.5856275,0.5746019,0.5940306,0.59562284,0.5911564,0.5938125,0.57731664,0.57243884,0.5804639,0.60393757,0.5932436,0.5819324,0.59722465,0.6079508,0.5776401,0.5913374,0.5814,0.57686794,0.60516804,0.5892951,0.59181863,0.58729947,0.59001845,0.589501,0.5923953,0.59984386,0.60396034,0.60081893,0.5859739,0.5699106,0.6002919,0.59120375,0.59146315,0.58676636,0.5973147,0.5782879,0.5705726,0.58009446,0.5781423,0.60661584,0.58199424,0.5836438,0.5778021,0.589212,0.58245504,0.58470374,0.59206766,0.59332347,0.5999021,0.58092207,0.5877361,0.58134645,0.579998,0.58444864,0.5979619,0.57741123,0.57880574,0.5809435,0.59804976,0.6022972,0.58417726,0.5937528,0.59562254,0.59580463,0.5776815,0.5848219,0.5924079,0.5850979,0.5961351,0.58009744,0.5941929,0.57802004,0.5923846,0.574714,0.5779244,0.58452886,0.5992362,0.5952987,0.5995359,0.60466045,0.6075664,0.6035897,0.5823604,0.597879,0.6031902,0.58193964,0.5902508,0.59452087,0.60080034,0.5987871,0.5961014
0.5806626,0.59118843,0.5713274,0.59045947,0.57138366,0.5982632,0.58800465,0.5897873,0.5912902,0.5793039,0.57158005,0.5825915,0.5887267,0.57753056,0.5965053,0.5826804,0.5743525,0.59673125,0.58695394,0.59432656,0.59581524,0.5863407,0.5896625,0.59315205,0.580975,0.5863231,0.5968366,0.5864229,0.57990116,0.5894969,0.59073555,0.587507,0.59059495,0.5862239,0.587029,0.5783959,0.5837424,0.5898147,0.58252084,0.58906484,0.59641427,0.5901415,0.59879524,0.5878252,0.58037287,0.59497046,0.58196574,0.5971388,0.60132843,0.57959163,0.59438574,0.5675946,0.5791303,0.5981927,0.5841185,0.59347147,0.58637595,0.5893339,0.5960305,0.59270835,0.6199619,0.5880292,0.58427733,0.59415966,0.58015966,0.58255464,0.58436906,0.59540695,0.5906684,0.6018224,0.5833159,0.6001492,0.57793534,0.60269,0.58896863,0.5825963,0.59167236,0.59405524,0.6037697,0.59409106,0.58869976,0.59384745,0.58701223,0.5921657,0.5821671,0.5871568,0.5992214,0.59610915,0.57624906,0.59152514,0.5836659,0.58082426,0.5874378,0.59325606,0.59060454,0.59215313,0.58668584,0.5911843,0.58532625,0.5839748,0.5917277
0.58098656,0.5759146,0.5890258,0.5887183,0.586007,0.57905596,0.5946452,0.57276547,0.58245516,0.57742834,0.58552516,0.5849869,0.5772459,0.5762541,0.5948493,0.5673193,0.57790697,0.5798021,0.5811734,0.59428,0.5906402,0.58299595,0.5881385,0.5887809,0.58079135,0.58547026,0.5938423,0.58419335,0.58521396,0.58206373,0.5767092,0.57524604,0.5749793,0.5881437,0.5937877,0.5751151,0.5839731,0.58255196,0.59487,0.5836863,0.58539337,0.58082765,0.58626854,0.5839793,0.57351357,0.5843742,0.59467834,0.5695622,0.583709,0.59396803,0.5887935,0.59088683,0.5791604,0.5852795,0.57606745,0.5788944,0.5981908,0.5801518,0.5802684,0.59613353,0.5795615,0.5893833,0.5830749,0.57961774,0.5784252,0.5872172,0.58140355,0.5920852,0.5913635,0.5930224,0.5809689,0.585131,0.5749273,0.5843743,0.58365804,0.58196425,0.5918749,0.58519095,0.575819,0.5798001,0.5934377,0.5786957,0.57180136,0.5870866,0.5833781,0.58883524,0.5881598,0.58074075,0.5671259,0.5864049,0.5886924,0.6094331,0.5767419,0.5807271,0.5872584,0.5983996,0.5918452,0.58259076,0.58020675,0.5967122,0.5847971
0.5813158,0.5640865,0.58463705,0.5885126,0.58382,0.5781599,0.59244424,0.582221,0.60169786,0.5941343,0.57916695,0.5680149,0.586055,0.58784795,0.58295035,0.60426885,0.58063644,0.5878928,0.5789381,0.5872618,0.5809962,0.5946983,0.5815164,0.6012208,0.57162446,0.57248354,0.5719852,0.5735593,0.58070964,0.5834272,0.5839328,0.5916025,0.56951493,0.5853154,0.588342,0.58182317,0.584069,0.5847797,0.5979119,0.5767029,0.57215476,0.59240246,0.58015114,0.5858605,0.6038756,0.58358306,0.574369,0.58834815,0.58906585,0.589649,0.57072824,0.5864561,0.5924899,0.5923714,0.5840919,0.57017386,0.5837781,0.579166,0.5824915,0.5793603,0.5870958,0.5927027,0.5756259,0.58309716,0.59201115,0.57650524,0.5895905,0.5719577,0.5764078,0.5930045,0.5868597,0.5887719,0.5835939,0.5964349,0.5692284,0.5879339,0.57830495,0.58934087,0.6019942,0.59650004,0.5847683,0.58440876,0.58159715,0.58981097,0.5776547,0.57127416,0.58155864,0.5862115,0.57920563,0.5880021,0.5842454,0.58010495,0.5834248,0.5814985,0.59988135,0.57501286,0.5860399,0.59511286,0.5885128,0.58096164,0.56655896
0.58204824,0.5890955,0.5901806,0.5831236,0.58367413,0.60291445,0.5908072,0.5980318,0.5884015,0.579656,0.60246605,0.5765358,0.58480024,0.58580256,0.5894207,0.58935547,0.5878171,0.6060865,0.6000721,0.6215555,0.60315895,0.5874905,0.58972144,0.6165841,0.58436245,0.57853794,0.5718487,0.5803523,0.61594045,0.57966906,0.5864326,0.5899195,0.5839419,0.58511084,0.5915498,0.5965655,0.5912619,0.5999476,0.5804014,0.5894994,0.58837384,0.574125,0.59700114,0.5954088,0.5721386,0.5962613,0.5904873,0.6001002,0.6036571,0.5793384,0.57144445,0.59067357,0.6084431,0.5914336,0.58832747,0.60135597,0.60294825,0.5972586,0.59819394,0.58844924,0.59774035,0.59415656,0.58469075,0.5971922,0.59142834,0.5715763,0.5818252,0.5792829,0.57799083,0.59459287,0.6084424,0.5867675,0.5995103,0.6123536,0.57348114,0.6047388,0.5801789,0.587869,0.5997222,0.600934,0.59929544,0.58868283,0.5824708,0.5900868,0.6141189,0.6054701,0.57781875,0.59382397,0.5830677,0.60366064,0.62309146,0.574363,0.58310646,0.5819719,0.5941098,0.59014195,0.59085953,0.58701545,0.5844133,0.5747751,0.60105294
0.58432466,0.61269796,0.6105338,0.58972394,0.58939594,0.59163004,0.5773881,0.5761705,0.5734274,0.5725048,0.5874978,0.5914102,0.59498537,0.60255134,0.5973865,0.59286904,0.6083021,0.6071257,0.59371525,0.59044653,0.5961707,0.5903642,0.60404223,0.5823451,0.5897593,0.5869131,0.5911952,0.59543097,0.58621037,0.58707774,0.601235,0.5889396,0.5948816,0.60723513,0.5932236,0.5973114,0.58397174,0.5926688,0.5852517,0.60320896,0.5971844,0.5904407,0.5892155,0.58288455,0.6042209,0.61187536,0.59811157,0.6044989,0.5845698,0.5907709,0.587346,0.59485453,0.58423626,0.5970078,0.58553064,0.61895585,0.5925729,0.5980134,0.5957939,0.58404016,0.59345263,0.5859346,0.59366757,0.6049964,0.60373396,0.5992991,0.58212227,0.5962933,0.6006671,0.6063439,0.58643806,0.57827914,0.59281945,0.58355635,0.58727527,0.60064024,0.5975626,0.587904,0.5969623,0.58964694,0.5918097,0.59945256,0.60354656,0.5927654,0.5848937,0.59688455,0.6078174,0.60889935,0.5971773,0.5946782,0.60859424,0.5806694,0.57440263,0.585987,0.583839,0.5921704,0.5861731,0.5924358,0.58226687,0.5868945,0.59295046
0.5847772,0.59902346,0.59042054,0.5771626,0.58846104,0.60377425,0.5847387,0.6003297,0.6113851,0.5871867,0.60220677,0.5931968,0.58905923,0.6083452,0.59577006,0.5938996,0.60344476,0.58244145,0.5850604,0.6189388,0.5861617,0.59585327,0.58779514,0.6148316,0.5956266,0.59103626,0.58785987,0.6030994,0.5988052,0.59741396,0.6036992,0.6039954,0.5987407,0.60211676,0.600864,0.59051955,0.5764052,0.60113055,0.5950739,0.58398503,0.60199475,0.591347,0.5932495,0.5887679,0.5964301,0.58875793,0.5800257,0.5899071,0.5866315,0.60593134,0.5851208,0.5943475,0.6011451,0.59843796,0.59547716,0.58122826,0.5840023,0.5975365,0.59686434,0.6014983,0.59294647,0.5935156,0.5851059,0.6013617,0.59872967,0.6074734,0.59597594,0.606824,0.5936565,0.60523003,0.59612256,0.59254307,0.5781059,0.5986487,0.5816617,0.5986791,0.60518634,0.5829938,0.60107213,0.5941064,0.5795982,0.5889481,0.58438843,0.594053,0.5927786,0.5969973,0.59165376,0.5904909,0.5985515,0.59616154,0.5944728,0.5911685,0.5764249,0.6130478,0.6003508,0.5935176,0.59406143,0.595104,0.5961741,0.59326416,0.6078494
0.58507013,0.59658355,0.57559276,0.585571,0.58999074,0.5848885,0.5861545,0.5831913,0.5827542,0.5867599,0.5732219,0.5837148,0.6072728,0.5940829,0.58933485,0.5863332,0.5785492,0.6045545,0.58786535,0.57926196,0.58974147,0.5669771,0.58185697,0.58941257,0.589224,0.609652,0.5862734,0.59685504,0.57764447,0.58690023,0.58620316,0.5917437,0.586493,0.57418877,0.57962596,0.5839468,0.5856693,0.5869852,0.59239256,0.5855791,0.6062637,0.57482564,0.5767407,0.574901,0.5966546,0.5895711,0.5974912,0.5918891,0.6028129,0.59200823,0.5871531,0.59166396,0.58915854,0.5892302,0.59683543,0.58898044,0.5782299,0.60223126,0.5886614,0.59717226,0.5918471,0.5905213,0.5877194,0.58109444,0.59023166,0.5844348,0.580676,0.59585434,0.58371145,0.5752663,0.5952112,0.5892241,0.57475835,0.58826727,0.5796665,0.56673753,0.59023845,0.59212595,0.596423,0.5770663,0.5896975,0.5837693,0.5785541,0.58583355,0.57634914,0.58892596,0.5938688,0.5943578,0.57194483,0.57955736,0.564215,0.57705736,0.5875336,0.5819107,0.58275926,0.58200926,0.5876718,0.5760686,0.5927741,0.58414286,0.5815137
0.58542514,0.5509315,0.55131096,0.5405489,0.5489211,0.5534569,0.55356485,0.5450818,0.53758734,0.54849905,0.555515,0.5446395,0.53967845,0.55254894,0.5567065,0.5459327,0.54833484,0.55729014,0.5561569,0.5524513,0.54964966,0.5536858,0.5440965,0.5608644,0.5561169,0.54685235,0.5480539,0.5710926,0.5478643,0.54983366,0.5498061,0.5511127,0.55538327,0.54016995,0.55426925,0.54509425,0.54617375,0.56394297,0.5516145,0.5522665,0.55447096,0.54182005,0.5451632,0.552931,0.5403403,0.5452282,0.54462916,0.5478747,0.5528043,0.54564136,0.54638934,0.53816295,0.54534924,0.5472407,0.54972565,0.55319154,0.55269605,0.5500105,0.5511946,0.5502025,0.54972345,0.5448419,0.54992056,0.54646665,0.54650563,0.5596752,0.55966014,0.5458811,0.5486053,0.5455615,0.54235345,0.55039614,0.5368924,0.5556825,0.5516154,0.54746604,0.552087,0.55014354,0.546938,0.5491586,0.5559184,0.5515691,0.54454744,0.53923863,0.5531272,0.5514989,0.5517622,0.54978454,0.55700475,0.5403482,0.5407433,0.54246354,0.5575152,0.5563766,0.56479496,0.5391607,0.54469615,0.54729426,0.5636253,0.5581216,0.55382806
0.5863564,0.56714547,0.5641147,0.5564659,0.575903,0.5604433,0.5557716,0.55980206,0.5610201,0.5623054,0.55820304,0.5609052,0.5668779,0.5513968,0.5573358,0.5745776,0.5565739,0.5692942,0.5540751,0.5673285,0.582664,0.5635772,0.58268183,0.571869,0.5685741,0.5669649,0.5541822,0.56657076,0.55904675,0.55471474,0.5701423,0.5560294,0.5761827,0.55705637,0.5681446,0.56082475,0.5605866,0.5728854,0.5691787,0.55415666,0.5583882,0.5771564,0.5696375,0.55507827,0.5494653,0.5765378,0.5727522,0.5635,0.56865835,0.5573384,0.56468093,0.57615256,0.5635425,0.5657763,0.57516223,0.56862897,0.5618828,0.5628677,0.56895846,0.5531564,0.56244224,0.56336,0.5668652,0.5696723,0.55782616,0.54709303,0.57171184,0.5634328,0.5649187,0.57464486,0.5648235,0.56802785,0.55643916,0.5636249,0.57383233,0.56430876,0.5668265,0.5535105,0.57607085,0.56566226,0.5678304,0.5667316,0.5725467,0.5588019,0.57088256,0.5533568,0.55922335,0.5588791,0.57244927,0.5629015,0.55763656,0.5742806,0.56914926,0.56490517,0.56445193,0.562969,0.5701751,0.55590266,0.5689381,0.5736973,0.56512094
0.587696,0.5785483,0.57252514,0.5742627,0.5909523,0.5806036,0.56967866,0.56739366,0.5791456,0.5812301,0.57792854,0.564655,0.58763003,0.56942725,0.5701856,0.57003224,0.5699638,0.57674766,0.5709935,0.57595235,0.5755912,0.584408,0.579808,0.5930976,0.5919907,0.57073486,0.5782399,0.5760945,0.5889954,0.5839354,0.5803391,0.5605277,0.5792167,0.569689,0.58679914,0.5829587,0.5793736,0.56223947,0.5825902,0.5898223,0.57186776,0.5666932,0.59273237,0.5832309,0.5780339,0.58228517,0.5785961,0.5805311,0.57656205,0.57482034,0.5852319,0.57525474,0.57574064,0.5729,0.5794228,0.5909516,0.58351904,0.5771036,0.57261795,0.5662092,0.56933665,0.5823668,0.5713582,0.5635063,0.57936394,0.5631369,0.5835814,0.58394736,0.57019776,0.5867879,0.5878234,0.592561,0.577858,0.57843995,0.5723473,0.57406324,0.60118395,0.58856726,0.56892216,0.57726985,0.5748418,0.5745884,0.57912594,0.57440156,0.5895659,0.58533037,0.57612306,0.58075416,0.5709918,0.56753755,0.5910116,0.5739426,0.58238274,0.580285,0.5861956,0.588759,0.56906956,0.58044636,0.5691371,0.5814749,0.5778588
0.5877437,0.6083642,0.6118371,0.59838885,0.6015536,0.6037709,0.6129512,0.6067154,0.5859276,0.63084906,0.5963689,0.6180256,0.6153818,0.60618985,0.617835,0.60601145,0.6080493,0.6062247,0.6092661,0.6259654,0.6144384,0.6091564,0.60651284,0.62216455,0.60302323,0.60638714,0.6108919,0.61044604,0.5979238,0.6014856,0.5963836,0.6102589,0.61862797,0.6045304,0.59263325,0.6054159,0.62040776,0.5924796,0.6093007,0.6068334,0.61198795,0.6041629,0.6262117,0.60262626,0.6117626,0.60711986,0.5943086,0.59552515,0.59992,0.57641846,0.63436204,0.6123978,0.6188914,0.6032254,0.6104733,0.60194343,0.6161602,0.60108626,0.6159466,0.5923866,0.6187522,0.61872214,0.5976191,0.6033241,0.6032119,0.61500496,0.60849696,0.5975321,0.6143975,0.59846526,0.59585685,0.61348367,0.587823,0.6000952,0.6081178,0.6001877,0.60141397,0.61054456,0.61837596,0.60018045,0.6150183,0.61693305,0.6298855,0.6056711,0.60709244,0.6149416,0.60951465,0.60877156,0.6249543,0.60593396,0.59328467,0.616221,0.6125345,0.5950698,0.6115337,0.6057844,0.60007143,0.61703855,0.60353786,0.6259644,0.62769717
0.588285,0.61832637,0.6052671,0.6129257,0.6230885,0.6129996,0.61073357,0.6072692,0.6474521,0.6463263,0.62436086,0.6330872,0.6073763,0.60708135,0.624993,0.6110284,0.61272746,0.6066236,0.6304954,0.6274571,0.62351066,0.61164856,0.61009353,0.63305193,0.62719077,0.61201066,0.6004508,0.6449975,0.6207901,0.62746716,0.6201179,0.6308265,0.6323996,0.612586,0.6303064,0.62981933,0.6221531,0.6201679,0.6337472,0.6272674,0.6233792,0.61263245,0.61668557,0.6503299,0.63547975,0.6334334,0.612564,0.63536257,0.6170872,0.63210374,0.6270835,0.6116444,0.6352071,0.6155673,0.6145095,0.6338185,0.61019284,0.6357706,0.60469735,0.62187165,0.6332,0.6171923,0.6327215,0.6312086,0.6319346,0.6098638,0.59649235,0.6150848,0.6207235,0.6131719,0.62014425,0.6205699,0.6409438,0.6086007,0.6028492,0.6141682,0.6209407,0.61230737,0.6328756,0.6335255,0.6203249,0.6242394,0.6420099,0.6006602,0.63442534,0.61006206,0.62635654,0.62720275,0.6250053,0.60666996,0.6258643,0.6186569,0.6102699,0.6188924,0.62574905,0.6241343,0.6426072,0.64459085,0.61663884,0.6483471,0.6212885
0.5888579,0.5994003,0.59162563,0.5933141,0.59298486,0.6067631,0.6052501,0.61338073,0.5924332,0.59264886,0.59203726,0.6096933,0.6104042,0.6107952,0.599583,0.58508265,0.6137454,0.5889092,0.5883691,0.59771436,0.59011036,0.59186274,0.6100884,0.58696425,0.60570484,0.60776967,0.5980756,0.5939384,0.607124,0.61405534,0.59863955,0.59668154,0.60387653,0.62028116,0.58721554,0.5952883,0.60133606,0.59047496,0.5954199,0.584016,0.5992736,0.61767334,0.60160273,0.5766996,0.61560327,0.6211344,0.5970647,0.61114097,0.5987535,0.6266255,0.6013883,0.582398,0.59871715,0.5924914,0.58992964,0.60594696,0.6141138,0.5993121,0.6042652,0.59815925,0.59248734,0.59580714,0.61180013,0.5780371,0.59814864,0.5933072,0.61456543,0.6035548,0.6106759,0.5990561,0.60370713,0.61878043,0.60811096,0.60729307,0.59203786,0.61240613,0.6131943,0.59281665,0.5900124,0.5938181,0.6076683,0.60688317,0.5927542,0.60867435,0.5943013,0.60271776,0.5916944,0.6002073,0.60188025,0.60346276,0.593833,0.59618634,0.60443836,0.593969,0.5991574,0.6098382,0.58340937,0.58480257,0.6020488,0.61336005,0.59073645
0.58891785,0.6123648,0.60686976,0.6235296,0.6204028,0.60427606,0.6072089,0.58968526,0.60613614,0.6072947,0.61643046,0.5927569,0.60661405,0.596554,0.61469835,0.5978008,0.6252244,0.61789817,0.60250586,0.60833555,0.60836256,0.62762856,0.60833865,0.5963101,0.6170143,0.5917912,0.6007089,0.61603504,0.61198384,0.6038192,0.6065946,0.60021126,0.6006244,0.61099905,0.61372834,0.6217777,0.60280174,0.6124869,0.58991873,0.6109602,0.600975,0.6038658,0.62517524,0.618204,0.6215759,0.6056831,0.5960842,0.6068434,0.5967443,0.60174745,0.6205164,0.5875484,0.6120111,0.6036976,0.59936386,0.60055405,0.6214404,0.5945887,0.60692745,0.6092316,0.6070102,0.611219,0.5999622,0.5965057,0.6114016,0.6143203,0.6137312,0.59648305,0.6045017,0.5897762,0.6207821,0.613565,0.6115204,0.60253114,0.61296505,0.6037058,0.61451215,0.5998358,0.60764104,0.59642124,0.63252914,0.6086467,0.60355055,0.61445993,0.61701936,0.61365265,0.60392535,0.59933704,0.5889098,0.5961086,0.59834033,0.6045947,0.6049203,0.5996587,0.6141687,0.5982558,0.62019724,0.6169099,0.6120898,0.60454166,0.60783666
0.58965653,0.5719766,0.5848322,0.57172376,0.5861035,0.56999755,0.55903506,0.5657591,0.56576616,0.5535738,0.57116944,0.5623171,0.56837845,0.5681632,0.57362145,0.5656858,0.56748873,0.57171017,0.57532203,0.56298393,0.5665501,0.5795546,0.5696996,0.578999,0.5674799,0.5647367,0.574284,0.56989175,0.58193547,0.566864,0.57679135,0.5759911,0.57282436,0.57249343,0.57512546,0.57744837,0.56488955,0.5709514,0.5590839,0.58495164,0.57851547,0.5667189,0.5766793,0.57005656,0.58288133,0.5855532,0.5731295,0.57778007,0.57021695,0.5638043,0.56248766,0.56606734,0.5744444,0.56690997,0.5558516,0.5839945,0.5683945,0.5634454,0.5857238,0.57106334,0.58094674,0.569,0.57763195,0.5863571,0.56682765,0.56240094,0.5680518,0.56670094,0.56470066,0.5726763,0.56133693,0.57050663,0.57057726,0.5671909,0.5750503,0.5601421,0.5816452,0.57159764,0.5590248,0.57444173,0.56468517,0.5737264,0.56213665,0.5718926,0.57173854,0.5630844,0.5678697,0.57641745,0.57734203,0.56915396,0.5677913,0.55981344,0.57128143,0.59814197,0.5712259,0.57587427,0.55871594,0.564691,0.5668518,0.55811876,0.5597691
0.59068155,0.5755263,0.5716283,0.5815408,0.56924725,0.5852597,0.5740011,0.5748996,0.57639337,0.565668,0.58491224,0.5826431,0.5726548,0.57877445,0.5730421,0.5882538,0.5712249,0.59273,0.5633172,0.57958496,0.5958197,0.5846435,0.5690551,0.5731484,0.573821,0.58208716,0.5897771,0.57601607,0.57485884,0.5745774,0.5885094,0.5633674,0.55996954,0.57871616,0.57525164,0.5689795,0.57934576,0.5792895,0.5657932,0.59575105,0.5797854,0.57694405,0.5706414,0.59375024,0.5914144,0.58730805,0.5736227,0.5665338,0.58134985,0.57316566,0.58506703,0.58546436,0.5810918,0.5697357,0.56938577,0.5839479,0.5626762,0.56761974,0.5821912,0.5850232,0.58606786,0.58746487,0.57396406,0.5663464,0.5726684,0.5815484,0.5766251,0.5863411,0.5693833,0.5782717,0.56453544,0.58636415,0.56647456,0.58718485,0.57964575,0.5683701,0.5710694,0.5789084,0.571819,0.5854202,0.5849732,0.5754713,0.57873744,0.5773521,0.5799168,0.58329946,0.5663477,0.5737035,0.5828926,0.5702368,0.5709176,0.5816516,0.5854727,0.5658458,0.58063585,0.5649921,0.58228934,0.5689022,0.5668524,0.5790696,0.58709663
0.5907514,0.5404857,0.5582131,0.5670017,0.5430723,0.56173366,0.5527676,0.5552949,0.5506193,0.5659766,0.5480305,0.55972576,0.55504644,0.5551005,0.54837143,0.5479905,0.5524444,0.5641248,0.5529594,0.5604891,0.5529283,0.5536358,0.552831,0.56184494,0.5614397,0.5612252,0.5612211,0.5596935,0.5557366,0.5638818,0.54408306,0.5466469,0.5523785,0.55391055,0.54752964,0.5437642,0.5462812,0.55937487,0.5444592,0.5664307,0.54587555,0.5546429,0.55454665,0.5642689,0.5742053,0.55255455,0.5641897,0.5629897,0.5566788,0.55636215,0.5519927,0.54441136,0.56395096,0.5720006,0.55884504,0.55905956,0.5649486,0.5477284,0.56464607,0.54710764,0.5559379,0.55063003,0.5609486,0.5599308,0.55423564,0.56010425,0.5597261,0.5611213,0.55131197,0.535781,0.5552071,0.5524016,0.559671,0.5568273,0.5487402,0.56546664,0.5654499,0.56378794,0.55320513,0.5592611,0.5607672,0.55530876,0.5590719,0.55353117,0.55166715,0.5615194,0.5669401,0.53545153,0.5593559,0.56602496,0.5553118,0.5699418,0.56442046,0.56649274,0.55284625,0.5613478,0.57053345,0.55072206,0.57101566,0.54707474,0.5584613
0.5915109,0.60321885,0.62240916,0.60717064,0.6082504,0.6032687,0.6238054,0.60447484,0.6188914,0.59750694,0.60383606,0.6084132,0.6011054,0.6203112,0.5984507,0.6107942,0.6120859,0.6088636,0.6050522,0.61666125,0.6050479,0.61561936,0.60071236,0.61267,0.6020192,0.63502866,0.6176804,0.607762,0.6086811,0.61080813,0.6013785,0.6080521,0.59998244,0.61939925,0.60868675,0.6010836,0.61213076,0.60559136,0.5966622,0.59841645,0.60913634,0.6042612,0.6084987,0.6281958,0.60800827,0.61245054,0.6135219,0.6008081,0.63007563,0.6025753,0.6321428,0.6175595,0.6225305,0.61227155,0.6022064,0.607901,0.6101033,0.6147997,0.59804535,0.61303645,0.6178797,0.60731786,0.59321165,0.6083539,0.59647787,0.6089409,0.5950705,0.60166866,0.594184,0.60770994,0.60453045,0.6108232,0.6341762,0.59628487,0.60335714,0.5925882,0.60698086,0.606733,0.61226964,0.61006993,0.62351793,0.6025141,0.61188793,0.60814136,0.5973961,0.6170004,0.5924508,0.6220191,0.6137212,0.5961397,0.6020266,0.6166305,0.60915226,0.5924828,0.6124642,0.60567504,0.62729675,0.6058252,0.60637087,0.61909705,0.5902607
0.5919918,0.5330053,0.52373654,0.5320207,0.5289885,0.5162079,0.5322809,0.5331889,0.53336245,0.5199663,0.5278955,0.5133877,0.5251897,0.53444594,0.5287155,0.53704214,0.52133876,0.5356303,0.5385135,0.53163475,0.54153293,0.53306955,0.54458535,0.52491724,0.53454727,0.5188941,0.5390497,0.52074534,0.5254894,0.5308479,0.5401063,0.53849185,0.53241456,0.5401679,0.53657526,0.53087354,0.5448099,0.50820327,0.532096,0.5355909,0.5193231,0.53227115,0.5344163,0.52692765,0.52491707,0.528104,0.5344122,0.52103126,0.5290227,0.5325935,0.533645,0.5341993,0.5280515,0.5420458,0.5329686,0.5285514,0.5299287,0.5321362,0.5267624,0.5420318,0.53014123,0.52473336,0.53001755,0.5319085,0.52686286,0.5273112,0.530254,0.52967215,0.5416116,0.5452306,0.53810996,0.52692485,0.53645885,0.53094643,0.52355367,0.5307919,0.5339227,0.5348517,0.5273845,0.5338643,0.52756554,0.5430955,0.53686285,0.5378413,0.5207366,0.5358722,0.5391375,0.52095467,0.53845185,0.5257735,0.5302163,0.5288581,0.52475667,0.5226504,0.53289396,0.5195167,0.5361812,0.52542347,0.5369751,0.5304539,0.52853954
0.5921448,0.60002655,0.59748733,0.61680657,0.57917964,0.601827,0.586021,0.6081801,0.60075265,0.6375374,0.5837958,0.6177564,0.6282733,0.6290102,0.62726814,0.61308354,0.6152429,0.60861117,0.61760336,0.6225886,0.6252066,0.59607774,0.6149251,0.61725265,0.59631234,0.60039145,0.62166214,0.60156804,0.5987855,0.62261,0.6020764,0.5979942,0.60124534,0.6215122,0.61859626,0.60540026,0.61553025,0.60362864,0.6132548,0.5937938,0.62222123,0.61772686,0.6104341,0.60672075,0.6045608,0.604155,0.5986641,0.6103023,0.60949427,0.6220314,0.5951625,0.6422308,0.6103105,0.59770936,0.5891286,0.61102283,0.6233458,0.60235435,0.6303368,0.62602735,0.6032116,0.61446965,0.5947558,0.605151,0.6234088,0.6317386,0.64457387,0.6147194,0.5956383,0.6258423,0.59137994,0.6258417,0.586945,0.5982583,0.6287205,0.6444207,0.6231302,0.6062122,0.6357739,0.59444773,0.63402563,0.6091787,0.5929007,0.61951774,0.6220181,0.629115,0.5782835,0.6045864,0.62445694,0.61500454,0.6266594,0.6190097,0.6120247,0.5992604,0.5869004,0.60186976,0.60726637,0.5983955,0.6169951,0.594366,0.6020624
0.59281665,0.57550097,0.5708893,0.599796,0.58257604,0.5749679,0.5825478,0.58508915,0.5734991,0.58651316,0.5801558,0.5935196,0.5951496,0.5716028,0.58448005,0.5897771,0.57377386,0.57713187,0.58066756,0.5713084,0.58132744,0.5769747,0.59271663,0.5758411,0.589157,0.58139694,0.60159117,0.5894218,0.5702044,0.56818986,0.59521514,0.5823411,0.56756693,0.5695085,0.5887098,0.5916218,0.57944906,0.5751372,0.59503335,0.58338815,0.58220965,0.5743017,0.5756568,0.5695364,0.58367246,0.5994744,0.5734053,0.5887807,0.5678302,0.5917868,0.59320414,0.5901321,0.58039486,0.5828311,0.5827874,0.59091413,0.59502476,0.5857973,0.6108267,0.5987082,0.5906798,0.5831735,0.5884064,0.5746873,0.5701122,0.58684766,0.5951488,0.594542,0.5879722,0.5737278,0.588681,0.5794623,0.5892751,0.5840407,0.58361006,0.59341055,0.578955,0.5809824,0.58806264,0.5715459,0.57591707,0.58355004,0.577925,0.58755124,0.568257,0.5895247,0.5652415,0.580468,0.5734308,0.58973974,0.58340406,0.5953905,0.5855252,0.5870908,0.576127,0.588513,0.6019071,0.57711744,0.590527,0.58285826,0.5821794
0.59456766,0.5967193,0.5948719,0.59031105,0.61918014,0.5869201,0.6018842,0.5864345,0.58569074,0.5940182,0.5924426,0.56821334,0.5922436,0.59526306,0.6107456,0.5959177,0.60206836,0.5859498,0.6075062,0.5930456,0.61048645,0.59150654,0.59448916,0.60649455,0.59916776,0.57844645,0.5815398,0.5885479,0.5940719,0.60224694,0.58804125,0.5669611,0.6009512,0.59816176,0.59159666,0.5876083,0.6046967,0.6066956,0.6083539,0.6019655,0.595825,0.60649055,0.604415,0.603845,0.59419733,0.6022595,0.58987856,0.58909774,0.6001147,0.58450294,0.61504245,0.6058466,0.60833377,0.59983224,0.61077356,0.62163955,0.6078029,0.5965598,0.60384494,0.6000564,0.5907941,0.5907508,0.6093803,0.5921535,0.5828699,0.60229564,0.5871594,0.59320956,0.60517204,0.5890664,0.60528797,0.58340085,0.6113596,0.6051932,0.59610957,0.5884999,0.5905018,0.60297096,0.6056413,0.5979795,0.6106536,0.6006245,0.6055005,0.60385233,0.58245814,0.58812296,0.6079409,0.59210545,0.5798628,0.60589117,0.61165214,0.6119533,0.59680504,0.597298,0.5991512,0.5872013,0.5859221,0.59534913,0.6030522,0.5943544,0.57506317
0.59474427,0.6211805,0.618501,0.634204,0.6379237,0.62031317,0.629575,0.6283161,0.6210125,0.6479246,0.6186157,0.6377726,0.6320632,0.6092804,0.63564485,0.6031104,0.62282556,0.64264256,0.6115709,0.60256976,0.64477426,0.62271786,0.6115982,0.6171973,0.6454589,0.6125029,0.6104732,0.6341327,0.6264481,0.6044574,0.6351649,0.6163163,0.6206867,0.6364264,0.6306245,0.6458213,0.61637574,0.6429861,0.59889305,0.6158481,0.5866779,0.61619085,0.6143629,0.6254544,0.62209255,0.61773014,0.63347036,0.6153495,0.6255445,0.60862416,0.6096372,0.6249985,0.6169773,0.6196363,0.6355691,0.60960805,0.6152486,0.6282101,0.6423102,0.6122181,0.6359788,0.617,0.62416995,0.6365747,0.61851746,0.61695534,0.61512035,0.629945,0.60812443,0.6213328,0.61818665,0.6155208,0.6182734,0.6301479,0.6160109,0.635542,0.608281,0.6202859,0.61355513,0.6425264,0.60445017,0.6359562,0.62890464,0.64632845,0.6116104,0.623331,0.66591305,0.6147387,0.61977667,0.617883,0.6047561,0.61425674,0.6288071,0.61333984,0.60562664,0.62480205,0.63282627,0.61952204,0.610269,0.62279016,0.62498593
0.5949711,0.5905602,0.62588316,0.6239734,0.60258275,0.60634154,0.61536664,0.59833616,0.607898,0.6014623,0.60777783,0.62825495,0.62530226,0.5945663,0.6154339,0.6184373,0.6120449,0.6240828,0.6209742,0.59977037,0.59290826,0.60505164,0.6087809,0.6183118,0.58295786,0.5965179,0.62145156,0.61091536,0.6293965,0.6032611,0.6206187,0.6106564,0.6135409,0.60112077,0.6140026,0.613542,0.6125507,0.6085904,0.61125153,0.61294204,0.60963,0.60754484,0.635728,0.608369,0.6010999,0.60734063,0.6063778,0.6044101,0.6075776,0.60724527,0.61216336,0.6063756,0.6033809,0.6142201,0.62140495,0.6186113,0.5907765,0.58582765,0.6056328,0.60840625,0.6182838,0.59349984,0.5979526,0.6076972,0.6066132,0.60797626,0.5963042,0.63477147,0.6173775,0.61727136,0.60680026,0.61895347,0.6180241,0.59677416,0.60502756,0.61731166,0.62282646,0.60244685,0.62504745,0.6050478,0.6084129,0.60401154,0.59695166,0.60955805,0.60506696,0.5927159,0.5996287,0.61430144,0.6322906,0.6107674,0.61076516,0.6152872,0.59962577,0.60814524,0.59459347,0.60163647,0.60375255,0.6069742,0.6010385,0.60919636,0.6076315
0.59535474,0.571634,0.56573766,0.5814793,0.57586277,0.5773762,0.58088875,0.56945556,0.5666962,0.5671746,0.55608994,0.56925786,0.5679949,0.5711717,0.5666583,0.5671963,0.56555676,0.5775392,0.57091963,0.57558006,0.57937056,0.5581155,0.5689511,0.5802813,0.5699794,0.55986524,0.56591254,0.5713157,0.5735315,0.57264626,0.5702416,0.57431996,0.5694844,0.57362664,0.5733128,0.5712093,0.5554595,0.5644587,0.5639356,0.56727326,0.5733991,0.5774278,0.57335466,0.5737532,0.57562566,0.5643595,0.57133937,0.5608327,0.56692106,0.5729811,0.58136797,0.5828959,0.5725169,0.56802064,0.57267314,0.5711802,0.5816171,0.5771953,0.5687632,0.56728834,0.57895035,0.56474954,0.58138216,0.5691533,0.56113005,0.57148904,0.5776366,0.5744819,0.57487804,0.58038443,0.5751356,0.56446123,0.5707752,0.5700424,0.5687187,0.56966954,0.5750053,0.56163853,0.5824661,0.5778648,0.570169,0.57007074,0.56383216,0.5600838,0.568756,0.58335996,0.5689701,0.5792704,0.56888497,0.5689888,0.5754937,0.586406,0.57326955,0.5727189,0.5787733,0.5815391,0.57610357,0.56152487,0.56201863,0.58048093,0.57445544
0.5957772,0.5798936,0.58493096,0.595825,0.58593935,0.5891607,0.59834844,0.5905992,0.58538246,0.5920606,0.5901083,0.5851376,0.58019257,0.5917993,0.5863879,0.5876782,0.5803181,0.59038776,0.58474225,0.5982614,0.57891685,0.5993044,0.59527093,0.5879353,0.57026494,0.5866991,0.5923061,0.5873656,0.5895533,0.5828455,0.5869275,0.581738,0.6022376,0.5845125,0.5989496,0.5929486,0.58490545,0.59569156,0.5892582,0.59265393,0.5995373,0.5803844,0.5820169,0.58222306,0.5829257,0.5874348,0.5770071,0.57855684,0.5905489,0.57298565,0.5911706,0.58913565,0.5954147,0.59951395,0.5894716,0.58862084,0.5859006,0.5967535,0.5988517,0.58053565,0.5922054,0.5938814,0.58649963,0.598489,0.58469665,0.57444555,0.5686107,0.5917352,0.59737664,0.5976198,0.5882813,0.5931509,0.5939583,0.57745,0.58929145,0.5920575,0.5956771,0.5822779,0.5751828,0.58442014,0.57750964,0.5795734,0.5836853,0.5864407,0.583782,0.59603965,0.59260625,0.59305197,0.57690734,0.602519,0.5802657,0.59412426,0.5953991,0.5874385,0.5863377,0.5763757,0.58888805,0.6036386,0.59506905,0.6036295,0.59497494
0.59695405,0.5696179,0.5702478,0.5633251,0.55918574,0.56826806,0.56437784,0.5734722,0.57553995,0.57734007,0.55370045,0.5622419,0.5685601,0.57533836,0.5679017,0.5744482,0.5802159,0.55449647,0.56234,0.5791984,0.5832318,0.5691958,0.56398374,0.56948024,0.5693677,0.57256466,0.5724287,0.56262696,0.56306535,0.5653761,0.56783646,0.5594795,0.5671746,0.58224314,0.5740475,0.5783427,0.5888179,0.56741405,0.5862985,0.5636006,0.57199234,0.5854734,0.5671475,0.56622744,0.5663434,0.58085304,0.5713083,0.5840012,0.57644665,0.5770635,0.5621976,0.5613091,0.5560731,0.5614465,0.5660274,0.5648598,0.566567,0.5662323,0.57097113,0.58036995,0.5665336,0.5687498,0.5754128,0.5716065,0.5745757,0.5725567,0.5549032,0.55663854,0.573818,0.55502856,0.56770676,0.55269855,0.5794289,0.576888,0.5766875,0.5602908,0.59869987,0.5811261,0.5704188,0.5696374,0.5740152,0.58070546,0.5652401,0.58392024,0.5666725,0.57898074,0.5915074,0.5722019,0.56172854,0.5777022,0.55299634,0.56286454,0.5586327,0.5959863,0.5855567,0.590259,0.5790378,0.5896274,0.580213,0.56476146,0.57631963
0.5978941,0.6095619,0.6094254,0.61940295,0.608826,0.60547084,0.6278954,0.62056947,0.62369424,0.61467594,0.6187176,0.5988267,0.60987896,0.6096347,0.62509567,0.6161375,0.62556,0.6004155,0.6229637,0.60457075,0.619209,0.6127991,0.6178107,0.63783437,0.6158852,0.6059825,0.6261365,0.60256916,0.624644,0.6087874,0.6058212,0.6129,0.62311643,0.61823803,0.6195945,0.6167603,0.6148924,0.6162208,0.6424294,0.62078613,0.62951064,0.6300243,0.62421626,0.6265514,0.62232697,0.6167243,0.6232169,0.6328036,0.63979334,0.61029404,0.6297497,0.60801345,0.6193003,0.60929006,0.60475874,0.6209619,0.62094927,0.6306861,0.6018504,0.6139857,0.63719666,0.6094998,0.6106798,0.62519366,0.6204917,0.630362,0.6148471,0.6182824,0.61492604,0.60523087,0.60176224,0.61729354,0.6193439,0.6067293,0.5979417,0.625151,0.6027448,0.61023563,0.59576184,0.6248962,0.62312144,0.6023417,0.6087464,0.6229786,0.62833226,0.6170729,0.6125973,0.6033091,0.62683374,0.6382266,0.61493963,0.60785705,0.6125761,0.6362105,0.62442976,0.60892224,0.6149794,0.62114114,0.6147478,0.60457414,0.59463996
0.59829307,0.60549587,0.6233738,0.6368416,0.62385494,0.6181887,0.6229005,0.62228113,0.6251467,0.620673,0.60776013,0.61422557,0.62869084,0.6151444,0.6101529,0.60433096,0.6206265,0.61264974,0.6153084,0.63830906,0.6060154,0.6197234,0.61103773,0.63595134,0.61813873,0.6104862,0.62204343,0.59870154,0.6134418,0.6316793,0.6435252,0.61348575,0.6045547,0.626409,0.60942966,0.62954456,0.5980882,0.6358878,0.6345961,0.61916155,0.61490643,0.64576143,0.61692506,0.6154307,0.6343019,0.62231725,0.6107573,0.6189799,0.6056716,0.6328227,0.6162136,0.6217243,0.62758136,0.5990686,0.61508316,0.6311137,0.60798275,0.5969233,0.61854756,0.5969135,0.62338907,0.60594517,0.6397864,0.6010962,0.62229234,0.60338444,0.62699443,0.6133204,0.61235887,0.6288517,0.62649643,0.6175273,0.61727566,0.5980099,0.63386214,0.606518,0.6279139,0.6125544,0.61323524,0.60624814,0.6176662,0.60764796,0.61837566,0.6273673,0.614685,0.62004644,0.6374182,0.60891396,0.6463231,0.60918045,0.6183887,0.6266033,0.6192341,0.61943924,0.6182727,0.6286852,0.6253983,0.6127824,0.6369022,0.5964056,0.61575216
0.5987097,0.59847206,0.5975004,0.59256357,0.5813503,0.58448756,0.59522545,0.5851426,0.58854556,0.60031766,0.587568,0.5873437,0.5724465,0.5821564,0.598519,0.5927175,0.5921987,0.59120804,0.6029689,0.5957605,0.5918438,0.5920742,0.5714178,0.5795811,0.58046705,0.5966645,0.5872171,0.5698058,0.582042,0.59014696,0.5744023,0.5892784,0.572935,0.59244937,0.59513533,0.5829342,0.59218335,0.591852,0.5975843,0.5813436,0.572999,0.58630794,0.59811544,0.58178306,0.59383607,0.61235017,0.5737686,0.57262415,0.5828573,0.5816116,0.57918566,0.5718665,0.58883244,0.60475236,0.58525085,0.58975726,0.57149863,0.59949356,0.5800713,0.5945811,0.5844875,0.59248203,0.5933856,0.58630854,0.5858729,0.5822203,0.5822683,0.5834254,0.5873443,0.5715417,0.5920809,0.5812451,0.5681038,0.58770466,0.5889069,0.5738897,0.5859436,0.59044635,0.5957651,0.57382727,0.57398003,0.6070661,0.58522886,0.5878558,0.57332736,0.57765007,0.5950659,0.5828362,0.5824484,0.58814734,0.5766029,0.601262,0.56923246,0.570623,0.57909715,0.58560926,0.5882024,0.5995443,0.5807265,0.58121276,0.5856864
0.59937704,0.6212832,0.60988635,0.61294013,0.60808265,0.6138881,0.59088445,0.62390786,0.6181313,0.61745733,0.61545587,0.6037168,0.63491195,0.62385327,0.6189912,0.6163438,0.6343691,0.6481981,0.6204038,0.64131826,0.6012312,0.61646336,0.59228677,0.6055725,0.62525386,0.6232248,0.6159622,0.6028821,0.6091717,0.6261905,0.61240274,0.60929006,0.60514504,0.60647976,0.61393285,0.6008883,0.60790277,0.6347375,0.60377854,0.607297,0.6036389,0.6221419,0.62240165,0.6150234,0.61723626,0.6317772,0.6124373,0.6196396,0.6185681,0.61217904,0.6141532,0.6084208,0.60902345,0.63981587,0.6150191,0.64140284,0.62476254,0.5989276,0.6206448,0.6078815,0.60987663,0.61332697,0.612683,0.60841227,0.6154066,0.6190232,0.61475563,0.6090312,0.61122936,0.5990984,0.6124289,0.6162544,0.60393625,0.6050178,0.6188802,0.60212654,0.6435594,0.6320367,0.6269391,0.62531924,0.6072479,0.60126156,0.6169357,0.61291254,0.6047822,0.610624,0.6058758,0.6209497,0.6085384,0.61656964,0.60999113,0.60970885,0.6135115,0.6252546,0.6015691,0.596356,0.6221494,0.6177369,0.60436046,0.6075441,0.599554
0.5994577,0.6094282,0.59064937,0.61319685,0.5921046,0.5789859,0.6019172,0.5760891,0.5995802,0.5997945,0.5781539,0.60012776,0.5894956,0.5899433,0.59351987,0.59841746,0.5987191,0.600082,0.5706622,0.60031074,0.59622115,0.5966137,0.58292603,0.5934067,0.60118335,0.6069575,0.58556914,0.58637804,0.57515234,0.6018272,0.5924025,0.58454823,0.58416533,0.59345204,0.59370905,0.59342074,0.5977764,0.5891468,0.58380914,0.58338934,0.60049707,0.61714315,0.5780756,0.5780606,0.6032848,0.5970829,0.59544146,0.6061557,0.59982467,0.593948,0.58076775,0.61478883,0.58579963,0.59934515,0.59493434,0.5737921,0.58927906,0.58620435,0.59191144,0.587894,0.5914157,0.6030593,0.5995875,0.5942675,0.6025112,0.5822277,0.5694731,0.5859503,0.6041829,0.60117954,0.5881804,0.5938911,0.58471465,0.5871085,0.5987916,0.5953356,0.5968473,0.6056294,0.5898549,0.59071773,0.60345745,0.6107909,0.5942479,0.59570664,0.6150604,0.5927045,0.5941341,0.5963468,0.58901536,0.5862747,0.5919229,0.6001561,0.58360124,0.5885983,0.5775443,0.5944385,0.5885013,0.59052914,0.59268004,0.60650736,0.6005402
0.5999906,0.61282486,0.6281074,0.6016569,0.62644434,0.60276324,0.6016403,0.6087086,0.60986817,0.6196625,0.598005,0.5881489,0.6070768,0.602241,0.6026853,0.5999427,0.61113465,0.6016439,0.60943896,0.61735004,0.60505205,0.58500355,0.5956525,0.6209666,0.6071152,0.59810185,0.6199512,0.60651684,0.61085266,0.5968608,0.5951333,0.6039864,0.5969318,0.5976893,0.60767114,0.60108465,0.6096529,0.60476446,0.5934065,0.606977,0.59520966,0.6051232,0.63231224,0.6091178,0.62150663,0.60102636,0.6072209,0.62189335,0.59185475,0.6012119,0.59368175,0.61885077,0.59976906,0.6098404,0.6266958,0.61712974,0.62138164,0.5900159,0.6048525,0.59843826,0.61740905,0.6080275,0.59562355,0.61072415,0.61514634,0.61374754,0.595951,0.6044644,0.61209315,0.60251224,0.6113939,0.61027676,0.6035401,0.59725463,0.6186928,0.6269102,0.60304576,0.60411596,0.6071047,0.6179118,0.6115923,0.60779434,0.6113906,0.5816125,0.6149513,0.6132771,0.63672787,0.62432134,0.6099048,0.61017174,0.61175936,0.616685,0.62049884,0.61191684,0.60399663,0.59527904,0.5975358,0.59093064,0.6052669,0.6163141,0.61256766
0.6006677,0.6119792,0.6150339,0.62834084,0.60617685,0.6244865,0.6324764,0.6184182,0.61225635,0.61655676,0.62204295,0.61423695,0.62394416,0.6357757,0.61635023,0.61807567,0.6365359,0.6152031,0.6116155,0.6171254,0.65515465,0.6139311,0.62375873,0.6412493,0.62212294,0.63062215,0.6350216,0.6189763,0.6085391,0.61835366,0.5899922,0.61573064,0.64342916,0.60396165,0.603543,0.61428696,0.6472277,0.61354476,0.6129672,0.6191588,0.62080055,0.6047054,0.6042468,0.6083015,0.60345405,0.6226392,0.60276186,0.6203599,0.6111309,0.64521533,0.63137263,0.6200264,0.6330353,0.60459244,0.62722236,0.6204491,0.63501304,0.6207736,0.61837447,0.5807084,0.62960774,0.6001685,0.62154096,0.62678105,0.6088161,0.6131053,0.6252252,0.62240106,0.6164561,0.61926895,0.6124047,0.6266758,0.60625464,0.60403293,0.6045329,0.60307485,0.606036,0.61593336,0.62015486,0.60684556,0.616438,0.616662,0.63611066,0.62000316,0.61314976,0.6264221,0.62925017,0.6070401,0.62674516,0.61772496,0.6166659,0.6184903,0.6024691,0.6094569,0.6065957,0.6330905,0.60832673,0.61535305,0.63769644,0.63049895,0.6287698
0.60093963,0.5509806,0.5511331,0.5614567,0.5387394,0.54989827,0.55430365,0.5490925,0.54193294,0.5377069,0.5561942,0.56389976,0.5528535,0.5545058,0.54270947,0.56193227,0.55552614,0.5457728,0.5411062,0.5506758,0.55491745,0.5479138,0.5447825,0.5514878,0.5519333,0.5480495,0.56461483,0.5545433,0.53658265,0.55259323,0.5528824,0.5478141,0.5658917,0.5559187,0.54750085,0.55220646,0.5604733,0.54576796,0.55525076,0.54551065,0.544845,0.5528353,0.5596385,0.551581,0.55504614,0.54078704,0.54312885,0.55575126,0.5393719,0.5489337,0.55685025,0.5547057,0.5569786,0.56133616,0.5651907,0.552619,0.5544691,0.5508404,0.5494915,0.53681725,0.5536086,0.5555193,0.5559914,0.55506635,0.53692824,0.5487216,0.5606527,0.5493376,0.54770595,0.5534208,0.5574456,0.54632837,0.54156655,0.5487204,0.53865373,0.54536414,0.55833983,0.5562747,0.5433845,0.5507676,0.5481345,0.5486239,0.5421556,0.54498976,0.5408476,0.54821426,0.54183394,0.553764,0.5575254,0.55991006,0.55421495,0.55936384,0.55024236,0.5517029,0.5625384,0.54413664,0.5561074,0.5493043,0.5487279,0.55151755,0.5438553
0.6017995,0.5766467,0.57586116,0.58245337,0.5753788,0.5887856,0.5861929,0.5755714,0.58536667,0.5817835,0.59166,0.573728,0.58231205,0.572488,0.5896638,0.5755227,0.5973951,0.58684325,0.58444697,0.57327825,0.584504,0.59834325,0.57906705,0.5736559,0.58724546,0.5776524,0.59257907,0.5715993,0.59195656,0.58832395,0.57847834,0.5745603,0.58004147,0.58267474,0.59041274,0.5960525,0.57926893,0.5829702,0.57430935,0.58817565,0.5926563,0.57375705,0.5854854,0.5942798,0.58554876,0.58355695,0.5652278,0.5818892,0.5875305,0.5929555,0.59159285,0.58359534,0.5827988,0.56938833,0.5748694,0.58853364,0.57956564,0.58092356,0.5852133,0.58296454,0.57934105,0.5862422,0.58773464,0.57536453,0.5798441,0.5867354,0.5827146,0.5866415,0.57503474,0.5796387,0.58398765,0.5929712,0.5839703,0.5854442,0.5808595,0.57763666,0.57777,0.58602923,0.5839973,0.5644765,0.59535307,0.594515,0.5823344,0.5782721,0.58903277,0.58749294,0.57750225,0.59204656,0.58975405,0.57492715,0.59220076,0.5743272,0.59026486,0.58192116,0.5748384,0.58085304,0.5744599,0.59929633,0.58964276,0.5828846,0.6020116
0.60235834,0.5888222,0.58738786,0.5869935,0.5887735,0.5869387,0.580276,0.58390427,0.6021276,0.5797412,0.58165735,0.593127,0.5825956,0.5846282,0.6054642,0.58873194,0.60802203,0.6006101,0.5846134,0.6014259,0.5848869,0.58352864,0.5827314,0.5768748,0.5950238,0.59405744,0.58026147,0.58802325,0.59108984,0.5824306,0.5953884,0.5826744,0.5889117,0.5765469,0.59059674,0.5850537,0.58971584,0.5786215,0.5983341,0.5849154,0.58179903,0.58377,0.5941697,0.5840275,0.5856371,0.5811875,0.60379213,0.58339405,0.5849994,0.5899115,0.58024865,0.5889996,0.58224213,0.5800564,0.5856865,0.5919471,0.5814957,0.5785987,0.59797627,0.57916605,0.5710828,0.58919495,0.5859958,0.5850034,0.585209,0.5899156,0.5777916,0.58410335,0.5880122,0.58625937,0.5872314,0.59317607,0.58715296,0.5878476,0.57677126,0.5969782,0.5810755,0.5991086,0.5896872,0.59288657,0.6053064,0.6060706,0.5865674,0.5990702,0.5883941,0.5990081,0.58631086,0.6007394,0.59182674,0.5941177,0.59561706,0.5690753,0.5826335,0.6058286,0.58869475,0.59258324,0.60164386,0.5916471,0.5833313,0.5719995,0.5751777
0.60320747,0.6238982,0.6493518,0.6228983,0.6282292,0.61380434,0.62587523,0.6231044,0.6411742,0.6273486,0.62698,0.62242407,0.609909,0.6170197,0.61162996,0.6294064,0.63747466,0.6366007,0.6598703,0.6220644,0.6087242,0.6383417,0.61013687,0.62576264,0.64231557,0.6551755,0.64403504,0.62034017,0.62640375,0.6342996,0.64271075,0.64348036,0.63764423,0.6258642,0.61352926,0.62433773,0.6400096,0.65890557,0.6231529,0.6383243,0.625274,0.63071394,0.62455267,0.6302715,0.63261145,0.61843354,0.603233,0.6313736,0.6308669,0.6141302,0.6166977,0.6363136,0.6154967,0.6203485,0.63417345,0.62306756,0.61573344,0.6307753,0.62485397,0.6343656,0.62535655,0.6049753,0.6152502,0.62436026,0.6304192,0.6367969,0.6082242,0.6363117,0.61372674,0.60742724,0.6158204,0.62182623,0.6597592,0.62140733,0.6067706,0.61874825,0.655281,0.6283571,0.6176922,0.62507886,0.62397635,0.61956817,0.6251419,0.6363069,0.63976675,0.62612224,0.626023,0.60687435,0.6254645,0.61488396,0.61224073,0.64244545,0.6335281,0.6418068,0.6303645,0.6180338,0.61121005,0.63270587,0.6430752,0.6499552,0.6040072
0.6045352,0.6432005,0.66371614,0.6844117,0.6777241,0.66228515,0.6445866,0.6623824,0.6396568,0.67985743,0.675986,0.67864263,0.6518118,0.6496556,0.6550439,0.6482529,0.6805734,0.7003973,0.63471156,0.6473176,0.66908103,0.6617271,0.6640418,0.6484801,0.65661806,0.621087,0.6780452,0.6689105,0.6758359,0.65648884,0.6497205,0.6515277,0.64576966,0.6625766,0.6629024,0.6591955,0.6602475,0.6620764,0.6583076,0.6580412,0.6678111,0.64865357,0.6685344,0.6776827,0.6662904,0.6535169,0.6550927,0.6232195,0.6819501,0.65379083,0.64129996,0.664249,0.6676034,0.6627,0.65359944,0.6644979,0.6705077,0.6730397,0.6745096,0.6754692,0.6223349,0.6686141,0.6503591,0.6466306,0.65990824,0.6403256,0.69431263,0.66208315,0.6252393,0.6323529,0.6829097,0.68498,0.64171666,0.6955606,0.69587535,0.6443663,0.6512026,0.6802269,0.67369074,0.68022525,0.65805477,0.6549937,0.6598553,0.65119296,0.69093126,0.6674656,0.6607328,0.67072994,0.65724695,0.6431557,0.631273,0.6567872,0.67653465,0.6640984,0.67087644,0.66741323,0.6736658,0.6464659,0.64490354,0.6505664,0.66276926
0.60539097,0.5795884,0.58137465,0.5879907,0.5865523,0.5811954,0.56784505,0.5861321,0.5804887,0.57541907,0.5800946,0.59776515,0.5865962,0.5808593,0.5817875,0.58189964,0.59005016,0.5770069,0.5780237,0.57932955,0.5741406,0.584285,0.5733691,0.58215237,0.5778781,0.5909304,0.577984,0.5858305,0.5809568,0.57575434,0.6041596,0.5747611,0.57711756,0.5830435,0.5768392,0.5938334,0.57939637,0.57666814,0.58014464,0.5787544,0.5705652,0.5748058,0.5856288,0.5811001,0.57678145,0.57207835,0.5735436,0.5839582,0.5931049,0.57927763,0.5797943,0.59091336,0.5849468,0.58737725,0.57197696,0.5925086,0.5857335,0.5899442,0.586363,0.5815751,0.5848724,0.57325655,0.58758944,0.584795,0.57395387,0.5880706,0.5749981,0.5754786,0.5769975,0.58763134,0.58314055,0.59238935,0.5785613,0.57890445,0.58444536,0.58517885,0.56302595,0.59887403,0.5751408,0.57593846,0.5946319,0.59198993,0.56295246,0.5795592,0.5726003,0.5907213,0.58422035,0.5864556,0.58607626,0.5872594,0.57828325,0.58104044,0.58389926,0.59302276,0.57805955,0.5787398,0.589565,0.57432353,0.58764017,0.5718516,0.5806487
0.6066673,0.6213812,0.60042876,0.6222682,0.615918,0.61645156,0.6523089,0.6210441,0.62396353,0.61863834,0.61967975,0.6193505,0.62543935,0.6086918,0.6186565,0.61230034,0.61637795,0.6247024,0.63022965,0.6288901,0.6133886,0.62179226,0.6127723,0.62071335,0.6184886,0.6282528,0.5986104,0.6105731,0.61841416,0.60603577,0.6055104,0.61417407,0.61938477,0.6319727,0.6321063,0.6218319,0.63360256,0.6271066,0.6589784,0.6257573,0.61812705,0.65035063,0.61940247,0.61541957,0.6104452,0.6330535,0.62644035,0.62894875,0.6235815,0.6404197,0.6167721,0.6305125,0.6315711,0.6144795,0.6139275,0.6082278,0.6252343,0.6237152,0.61073774,0.6187987,0.624916,0.6173522,0.6050885,0.6293064,0.59494406,0.5999094,0.6072876,0.6547032,0.6213984,0.6395404,0.62789744,0.6076747,0.6390049,0.6404043,0.6209774,0.60598356,0.6163731,0.6075279,0.6087886,0.6550985,0.6241874,0.6136293,0.61482924,0.6309752,0.6245558,0.6152363,0.6358493,0.61699206,0.6250879,0.60664093,0.61303973,0.60797113,0.61966455,0.6171198,0.6225681,0.609882,0.6161736,0.60828155,0.6011747,0.6126558,0.6144666
0.6068434,0.56231517,0.5730404,0.55444914,0.563942,0.55975366,0.5742955,0.56194973,0.5755425,0.569781,0.5562784,0.56418705,0.5679256,0.5662825,0.58087593,0.56911963,0.55395454,0.5757161,0.5689996,0.54908,0.5594498,0.5742737,0.5659457,0.5668378,0.5553867,0.5706063,0.5759666,0.5675901,0.5627283,0.56600034,0.56652486,0.5764056,0.568904,0.5680878,0.5543683,0.56660914,0.5785445,0.5545612,0.5912046,0.5822366,0.5693975,0.5605462,0.57705265,0.5684649,0.56325036,0.56393546,0.5709196,0.58325064,0.5580351,0.57371914,0.57712126,0.56480885,0.5582687,0.570144,0.58241415,0.56590676,0.5802579,0.56069493,0.5780744,0.555639,0.56713706,0.554041,0.5647662,0.5657716,0.5737801,0.55959684,0.55669403,0.55269533,0.5640185,0.548125,0.56184715,0.56776214,0.5635748,0.57643276,0.5671349,0.56661326,0.5679005,0.5631523,0.5706673,0.5627736,0.56495947,0.55629075,0.5667394,0.5501436,0.5719153,0.5755785,0.5659051,0.5637003,0.56675655,0.56032884,0.5652377,0.57728606,0.5599949,0.5546727,0.5643614,0.56500053,0.5748136,0.5786758,0.5691591,0.5680489,0.5695046
0.6075605,0.5884634,0.593455,0.5982871,0.58405274,0.6060881,0.6000764,0.60024744,0.59876794,0.6033708,0.59411883,0.58800167,0.60678387,0.5928074,0.5824446,0.5958939,0.6051789,0.6203546,0.60149926,0.59119195,0.5937939,0.5941867,0.6140159,0.5983059,0.5948374,0.5986131,0.6023008,0.5864345,0.5875495,0.6032792,0.5956053,0.5950416,0.5926082,0.5970321,0.6045218,0.5985009,0.60778785,0.60178155,0.6050944,0.6101114,0.6018082,0.6020964,0.6061611,0.5907123,0.5989407,0.5893977,0.5806842,0.5868713,0.61480767,0.5898072,0.5935661,0.6112148,0.5870816,0.59880674,0.60791934,0.606978,0.582657,0.593161,0.60472065,0.6070741,0.6063232,0.5900801,0.5960034,0.59899724,0.5931765,0.5888395,0.5977332,0.5885571,0.59193563,0.5979239,0.5975212,0.5895996,0.5882562,0.58869565,0.5784521,0.60492915,0.601127,0.5942046,0.5884328,0.6009889,0.59230435,0.59606206,0.6086708,0.5965618,0.5851649,0.59619886,0.6041895,0.6011558,0.6073391,0.5896889,0.6010087,0.5930769,0.5980992,0.5824367,0.59607023,0.593266,0.5951719,0.5980739,0.5993152,0.6046794,0.59782624
0.60819584,0.6248744,0.61189824,0.60089487,0.61935025,0.6099999,0.61108357,0.6240695,0.6238509,0.6033552,0.59846574,0.59585476,0.5876843,0.6034104,0.6005053,0.6063515,0.60821474,0.62254876,0.6030532,0.62376887,0.6147198,0.59847397,0.60130024,0.6139822,0.61654127,0.6059632,0.6102173,0.6213166,0.6240086,0.61290276,0.619033,0.6081198,0.61399865,0.6140729,0.6024491,0.60056126,0.6224986,0.60860753,0.6100442,0.60645336,0.6111578,0.6192133,0.59490526,0.6243121,0.62040865,0.62656873,0.6311781,0.60808665,0.60988516,0.6073981,0.6293377,0.61407423,0.59073085,0.5924501,0.60411763,0.6158107,0.61060685,0.6107801,0.61178493,0.6095622,0.6137518,0.60933167,0.6134792,0.6265244,0.6087354,0.61094284,0.61380535,0.60108525,0.6046975,0.61386997,0.60946655,0.61666495,0.60168916,0.60329646,0.60723144,0.59854096,0.6117391,0.6125698,0.6082903,0.61252564,0.60606545,0.6123796,0.6317738,0.6186247,0.6095274,0.6287897,0.60851437,0.62203103,0.6123189,0.6279335,0.6076467,0.6434915,0.6243897,0.6127077,0.6084907,0.60201895,0.62238777,0.6030577,0.613133,0.60275626,0.5956089
0.6091358,0.6123621,0.5906878,0.6039769,0.597936,0.57115316,0.5935522,0.5994041,0.59365755,0.6031204,0.61141425,0.59555364,0.60182637,0.5984554,0.60222656,0.6024957,0.60013205,0.60601646,0.5891052,0.6040928,0.59521693,0.6187468,0.6080692,0.59043187,0.5936592,0.586901,0.61373156,0.6005085,0.5877699,0.62115425,0.60623306,0.59235466,0.6007419,0.61322683,0.59810615,0.6012579,0.60034925,0.5992158,0.5908798,0.58744526,0.61049885,0.60887,0.59398264,0.60757893,0.6095671,0.61266845,0.59758335,0.59475976,0.5994703,0.6053165,0.5925068,0.60189813,0.61961144,0.6049532,0.5979388,0.6164766,0.59579307,0.6078225,0.5940204,0.60630697,0.6036367,0.60442513,0.6128294,0.6103335,0.58443135,0.62065977,0.6167159,0.6029246,0.6187382,0.626161,0.6022845,0.6003712,0.606819,0.61541456,0.6102205,0.5880312,0.6062017,0.5923944,0.57635415,0.5947053,0.6030547,0.58978236,0.5929493,0.5986969,0.5955882,0.59372824,0.59176975,0.6038094,0.60461336,0.61724746,0.5892406,0.61326116,0.59923536,0.59170914,0.59509987,0.58531374,0.5732488,0.60073763,0.5904679,0.6029746,0.60330343
0.60945666,0.5949524,0.5997783,0.58713055,0.60029274,0.59663737,0.59020406,0.59313715,0.58137935,0.5807892,0.5826234,0.586765,0.58129346,0.6035532,0.5918421,0.5755965,0.58268607,0.59221715,0.5923064,0.5799584,0.5805252,0.6018136,0.59772897,0.58759063,0.58869696,0.593574,0.59845775,0.5936534,0.59172446,0.58727807,0.60274893,0.592668,0.60517055,0.58166075,0.58173925,0.5954724,0.5948408,0.5936539,0.59845024,0.58686364,0.6022659,0.59567803,0.5977306,0.581657,0.58059597,0.608386,0.5864096,0.5785599,0.56880164,0.57452744,0.5714496,0.58257216,0.5809801,0.5831354,0.5937157,0.5783767,0.59057635,0.59506154,0.5998078,0.585177,0.6053136,0.58634186,0.5945505,0.583928,0.5890698,0.5840068,0.58390063,0.59290755,0.5988792,0.5834454,0.5837043,0.58802325,0.5835836,0.5941646,0.5852677,0.5845006,0.588902,0.58673424,0.60486704,0.61156946,0.57840544,0.5897493,0.5869992,0.58809346,0.5858169,0.58231133,0.5966248,0.59133327,0.59554166,0.5907777,0.5910166,0.6015325,0.597271,0.5877256,0.5925468,0.59252113,0.5746392,0.58267224,0.58926046,0.5769042,0.6012002
0.6105498,0.64425546,0.62353414,0.6212821,0.632647,0.6115342,0.6250655,0.6502202,0.6211124,0.6458113,0.6128512,0.6114388,0.6310147,0.6306063,0.62862223,0.64842075,0.6300977,0.62248236,0.6143903,0.6171271,0.6304027,0.59058136,0.62240905,0.62430006,0.6412233,0.61598366,0.6304791,0.6497042,0.6042376,0.60740274,0.6562462,0.64749014,0.6257309,0.620114,0.636374,0.6081454,0.63147974,0.61661035,0.64688724,0.63861257,0.6227992,0.63889545,0.5928301,0.6102215,0.6319487,0.63851094,0.6368345,0.6160881,0.6214115,0.6107513,0.6132441,0.63309777,0.6539662,0.62068623,0.59786564,0.6338627,0.61685556,0.62355655,0.61292714,0.6251337,0.61725163,0.6243389,0.6575509,0.627359,0.6102974,0.6204862,0.6187801,0.6137131,0.6223665,0.62173223,0.629311,0.6149829,0.61493903,0.6335908,0.6277992,0.6216159,0.61053914,0.618895,0.6113501,0.62987584,0.63102955,0.6248998,0.6176486,0.63806516,0.6449844,0.60453826,0.61068183,0.6149654,0.6078597,0.6200964,0.64117044,0.61108893,0.6016221,0.619965,0.61851096,0.6184267,0.6398192,0.64852214,0.64716095,0.64544505,0.6267443
0.6108141,0.59068483,0.584561,0.5814743,0.56487066,0.58783025,0.5902599,0.5759396,0.59164935,0.57905066,0.58764285,0.56840384,0.58120936,0.5661641,0.58068925,0.5781003,0.58096164,0.5730851,0.5833998,0.5741837,0.5721989,0.5754579,0.60688907,0.57009995,0.57267374,0.5933165,0.5808796,0.5901955,0.58305585,0.5643819,0.6024777,0.57070124,0.58239734,0.5742277,0.5819277,0.57667047,0.5715149,0.57794046,0.57982683,0.5994331,0.5794756,0.57061803,0.586458,0.58792585,0.5648164,0.58339226,0.5819276,0.57639766,0.57911426,0.5830522,0.5771078,0.5863512,0.5870974,0.56377,0.5701987,0.5790521,0.5905179,0.58951527,0.58472264,0.5725162,0.5709021,0.56797653,0.5897703,0.58341336,0.58088005,0.58703375,0.5813205,0.5820635,0.5669758,0.5888276,0.5672126,0.5870037,0.5730397,0.5736852,0.58639336,0.5713254,0.5822133,0.5733711,0.5935792,0.60044956,0.5967915,0.5771814,0.5727878,0.5851466,0.5713133,0.57519954,0.5803201,0.5467629,0.5894783,0.5724578,0.59491324,0.57523036,0.57919246,0.5771992,0.5613079,0.57542974,0.5902539,0.5929784,0.5772911,0.5726609,0.6029113
0.61081636,0.6236232,0.6222889,0.6059292,0.6117682,0.6307721,0.6087741,0.60225105,0.6314559,0.605571,0.6380242,0.6069202,0.6146626,0.6278895,0.61615115,0.61087173,0.60401815,0.61331457,0.6181304,0.62573874,0.6068881,0.6176323,0.6184848,0.6149182,0.6075041,0.61317486,0.62567306,0.6168781,0.60656303,0.62537175,0.62797207,0.6111463,0.5926859,0.6208889,0.6188734,0.63519126,0.6072095,0.6163346,0.60765594,0.6100174,0.60320777,0.62858194,0.6054012,0.60524184,0.63521296,0.62052095,0.59700733,0.6181317,0.60286254,0.6266395,0.6070495,0.6186033,0.61445373,0.6205301,0.6327331,0.6507226,0.6011921,0.610057,0.6078492,0.61311084,0.63291746,0.62839764,0.6101625,0.6186711,0.6083517,0.6163528,0.608436,0.6090949,0.6071401,0.63732713,0.6170503,0.61067635,0.62063926,0.6119795,0.63577425,0.6186048,0.59186524,0.6322009,0.61894625,0.61609024,0.61182195,0.6292824,0.6256587,0.60271865,0.6027237,0.61668247,0.62636197,0.6194539,0.6012665,0.63120145,0.63722193,0.6160806,0.62032324,0.62249726,0.62381786,0.6169587,0.6118309,0.63345087,0.617057,0.5957145,0.6275918
0.610872,0.6829128,0.68060195,0.68318444,0.70162755,0.6714612,0.6709569,0.68372285,0.6857225,0.6417448,0.7037417,0.6614391,0.63826984,0.6648702,0.68777984,0.67242306,0.7029192,0.67989725,0.7040792,0.6837339,0.65896267,0.66488755,0.69622177,0.66631657,0.6713579,0.6680737,0.66437286,0.6681687,0.6592284,0.66757834,0.6541466,0.6862102,0.6859762,0.6799421,0.6949757,0.67750996,0.7005811,0.66130155,0.68617314,0.69954747,0.6935635,0.68389064,0.6408544,0.6969202,0.67104447,0.661124,0.6813901,0.6847782,0.7085749,0.6458479,0.67163914,0.65841377,0.6956741,0.6508351,0.6904979,0.67212164,0.6760207,0.71305025,0.71126336,0.6807944,0.68308306,0.6933609,0.6616241,0.6558799,0.6862913,0.6923308,0.70145214,0.6719511,0.6947219,0.69630814,0.6601336,0.6702632,0.68229955,0.642425,0.6650886,0.67978567,0.65174633,0.675025,0.6777082,0.69667894,0.6978089,0.6786075,0.68616223,0.6928004,0.6917223,0.66284704,0.69443125,0.6692483,0.67403865,0.69499344,0.70251703,0.6522303,0.6618838,0.65513676,0.6648211,0.6690271,0.6866982,0.7039402,0.6955498,0.65028435,0.65975904
0.6110334,0.583694,0.60427636,0.6147849,0.60088015,0.58865917,0.6128289,0.6029009,0.60904413,0.6150972,0.5941221,0.59778184,0.60432607,0.61244106,0.58992255,0.6074838,0.60767114,0.5927575,0.5983159,0.6131623,0.5927012,0.60296893,0.593633,0.61903876,0.62378114,0.58627415,0.59427863,0.5892439,0.5865616,0.6028251,0.5874638,0.6226132,0.60494316,0.59713346,0.5961003,0.60434896,0.59109527,0.61514664,0.59347713,0.62854034,0.6092657,0.5883668,0.5962474,0.6079842,0.593576,0.59408593,0.6082387,0.5977724,0.5977553,0.60662395,0.59141725,0.61202514,0.6009095,0.59918696,0.58787596,0.6021448,0.61951494,0.59283984,0.6057951,0.60502344,0.59272206,0.59865814,0.5926967,0.59784436,0.61487246,0.59578353,0.58957916,0.5929739,0.6016018,0.59857476,0.5930988,0.59793866,0.61094415,0.58273894,0.5948345,0.59531313,0.60206467,0.5903488,0.5989843,0.60444194,0.6095024,0.6104541,0.58399,0.60048443,0.6031127,0.58540106,0.6099174,0.58950204,0.60400516,0.6008479,0.6010861,0.6064882,0.5903652,0.5900114,0.5901848,0.590982,0.6147563,0.6120561,0.5854995,0.60266376,0.5944479
0.611719,0.6534946,0.6408079,0.63603336,0.65217096,0.6316123,0.62275666,0.6431661,0.63769895,0.63590807,0.6680623,0.618387,0.62581587,0.6249334,0.63435966,0.63500965,0.63521034,0.6323375,0.64236015,0.6342064,0.63068277,0.6413868,0.6377944,0.6247527,0.6290041,0.6107616,0.61082417,0.618558,0.6237294,0.6149673,0.6141798,0.61134434,0.6275036,0.62218416,0.63244015,0.63207453,0.6218844,0.6451699,0.6407106,0.63624567,0.64382154,0.6601979,0.6373481,0.63095635,0.6497074,0.6380666,0.6488622,0.6506372,0.6246722,0.63020694,0.6141824,0.61514395,0.6561115,0.6343495,0.63611346,0.64199466,0.6213096,0.6232905,0.63017875,0.6433454,0.63115746,0.64636683,0.6221989,0.6369634,0.6401064,0.65030986,0.6386345,0.6197385,0.6319267,0.6345791,0.63098186,0.6393756,0.6223288,0.62452304,0.6327924,0.61737484,0.6432633,0.61243075,0.620038,0.6420745,0.62064546,0.63337743,0.6353269,0.6170207,0.6300297,0.6137721,0.6337959,0.62466353,0.6382907,0.64869195,0.64213973,0.64214164,0.6506343,0.6150157,0.6360231,0.6381179,0.63002175,0.6328785,0.6251068,0.6426921,0.62534314
0.61174095,0.5980565,0.61522126,0.59488547,0.5947427,0.6049141,0.6109633,0.5950242,0.6048872,0.5933737,0.59970564,0.6075216,0.59396285,0.594879,0.59501445,0.5950115,0.59055966,0.5964019,0.6148388,0.60094136,0.5905788,0.5961051,0.59462684,0.5833954,0.6105233,0.5957017,0.59501934,0.5931627,0.6064791,0.5934501,0.59342176,0.607693,0.5966149,0.5957211,0.6021847,0.59122235,0.6059194,0.59390426,0.62048554,0.5872842,0.6022174,0.593537,0.591994,0.58987695,0.5903258,0.603945,0.5756607,0.5963891,0.59329695,0.60324544,0.5956591,0.5965604,0.6082454,0.61157423,0.5831364,0.6036199,0.591971,0.6022667,0.58852303,0.60249573,0.58837605,0.5871114,0.5917633,0.5852351,0.5931931,0.6085655,0.58263916,0.59348047,0.5993368,0.58950686,0.5913169,0.61146873,0.59753567,0.5875124,0.6092406,0.5940729,0.60636014,0.5853653,0.61778325,0.598973,0.5947588,0.59041744,0.5966107,0.6069252,0.5987726,0.6104316,0.60299146,0.61752576,0.5846227,0.6136666,0.60539633,0.5918981,0.6096873,0.59731853,0.59565336,0.5921952,0.5938496,0.60520715,0.57528996,0.6242371,0.5980282
0.61253357,0.6031467,0.6212471,0.6184776,0.61157787,0.606164,0.6143789,0.60272175,0.64093715,0.62216526,0.6407105,0.6050458,0.6101302,0.6412708,0.6288562,0.6192029,0.60659075,0.6182962,0.62621456,0.6288825,0.6048077,0.6049755,0.6318796,0.6145352,0.6222026,0.62651485,0.5998128,0.6213445,0.60134107,0.625626,0.6121425,0.6125681,0.602863,0.6091837,0.61008364,0.60187393,0.62132937,0.61379975,0.64124024,0.6400446,0.60762626,0.60732955,0.64206034,0.62446696,0.6082575,0.62446874,0.61153823,0.61977744,0.62139124,0.6295038,0.60898215,0.6076879,0.6237356,0.597583,0.6213061,0.6194342,0.618808,0.6031987,0.6278501,0.6059629,0.6054141,0.6165034,0.62049764,0.6329612,0.6142732,0.62367797,0.6192551,0.64365035,0.6099675,0.6100462,0.64180785,0.63170564,0.62039787,0.61730516,0.59262633,0.62629586,0.6276781,0.597667,0.61218446,0.6216986,0.60379845,0.62112695,0.6350096,0.6156715,0.6104608,0.5928992,0.6200385,0.59899485,0.6057665,0.6283638,0.632055,0.626346,0.6064833,0.6096712,0.6058335,0.61072,0.6266382,0.6343455,0.60387206,0.6086602,0.6119286
0.61325747,0.6752069,0.6116826,0.66177225,0.64431727,0.6616126,0.63953865,0.64098006,0.650513,0.66815954,0.6562782,0.6532052,0.660229,0.6242433,0.6692403,0.66511005,0.63030416,0.636905,0.64551306,0.63043004,0.6142841,0.64920586,0.649125,0.6445553,0.6462448,0.65651506,0.6504715,0.6480598,0.6307643,0.6534504,0.6487226,0.64931214,0.6559978,0.62342936,0.6339969,0.67222935,0.6378244,0.6104657,0.64408475,0.63338524,0.6556356,0.6365356,0.6479679,0.65578216,0.6440134,0.63368446,0.6501019,0.6404529,0.6365612,0.6763086,0.63400847,0.6486424,0.64421016,0.62979764,0.65009445,0.6293269,0.64076835,0.64094394,0.6501935,0.6535494,0.65590745,0.63526577,0.6471784,0.64425486,0.64486176,0.63811857,0.68524,0.6628985,0.64102095,0.63003784,0.64293605,0.65355694,0.63870686,0.6294258,0.6384172,0.6586525,0.6480684,0.6194098,0.6695417,0.6532709,0.65489703,0.6803848,0.64883953,0.6487245,0.66533977,0.64771307,0.63883686,0.6479349,0.6470735,0.67348164,0.63135403,0.6531213,0.627652,0.61951023,0.65827197,0.64828545,0.65556186,0.6641208,0.6556843,0.63787776,0.6476111
0.6143644,0.5955574,0.5896846,0.6055153,0.5932068,0.5928197,0.5859008,0.597909,0.5868631,0.6041742,0.5933071,0.59734833,0.6027918,0.60450464,0.5840749,0.59211946,0.57979614,0.5936033,0.59771496,0.5991643,0.59355366,0.5864467,0.59024626,0.60444915,0.61036354,0.6116685,0.6083335,0.5852338,0.58609664,0.5837603,0.5871524,0.5787681,0.59298104,0.58054703,0.58833843,0.5820714,0.60422176,0.58610046,0.5956933,0.5844031,0.60581,0.60951686,0.5902734,0.5837795,0.59597987,0.60083,0.59039503,0.5895735,0.6049362,0.5915966,0.60625285,0.5920963,0.5796345,0.6089648,0.6007442,0.5731427,0.599765,0.59085834,0.60224634,0.6036622,0.585423,0.5764324,0.595817,0.58754224,0.60192925,0.5843787,0.58747655,0.59260213,0.59355855,0.5970891,0.6012365,0.58547246,0.59063524,0.597477,0.5831619,0.6013544,0.59462184,0.5782984,0.58173466,0.581963,0.5779176,0.5905101,0.58217824,0.58460826,0.60274494,0.5871165,0.586158,0.59713143,0.59580386,0.584728,0.60352606,0.5842502,0.6103968,0.5917395,0.588044,0.58653384,0.5938235,0.59575397,0.58198726,0.60504574,0.60261095
0.61457914,0.65531653,0.67062837,0.6692222,0.6308117,0.66664654,0.66862845,0.65111494,0.6936671,0.6296453,0.6593456,0.6647193,0.64724815,0.6614261,0.6625946,0.6525665,0.63128734,0.6586758,0.68192655,0.66755426,0.64751476,0.67083347,0.673253,0.65861976,0.6871193,0.67455053,0.68391967,0.6541851,0.6714001,0.6480816,0.68189305,0.63554984,0.6910024,0.6705335,0.6677535,0.65582347,0.66974336,0.65334964,0.6646218,0.6466331,0.6607455,0.6646828,0.66241544,0.6534186,0.6746326,0.6620024,0.65532935,0.64701813,0.655189,0.65661126,0.6431878,0.64362985,0.66115135,0.64088964,0.6288326,0.67664057,0.6592992,0.6571171,0.679654,0.6550309,0.66061336,0.66910416,0.6943934,0.65359455,0.67989105,0.6642316,0.6594793,0.66304,0.6823533,0.66557044,0.64611214,0.6627808,0.6444133,0.6745238,0.6357897,0.639314,0.6306002,0.63597995,0.6703773,0.6218762,0.6748875,0.66008747,0.6603432,0.66014975,0.68484193,0.6516445,0.6704255,0.66698855,0.6162501,0.67652184,0.66329175,0.6628861,0.6654379,0.63270307,0.69191486,0.66418874,0.6531375,0.63796073,0.65543765,0.6616095,0.6443248
0.61509836,0.6392037,0.6373624,0.6341527,0.6297552,0.6493582,0.64159393,0.6457427,0.6644928,0.65116954,0.6358393,0.64012355,0.6601748,0.64365464,0.64791375,0.662304,0.65321946,0.6512108,0.65858424,0.63495463,0.62113833,0.6397776,0.61105025,0.63831013,0.63052016,0.6311265,0.6538038,0.63305354,0.64001304,0.62572867,0.66615504,0.66861194,0.6545189,0.6421022,0.6502609,0.64882165,0.6430712,0.63679916,0.6385112,0.61968726,0.6483583,0.648285,0.63558954,0.63333446,0.6345157,0.61605304,0.6676429,0.6206622,0.6731574,0.6455354,0.63685435,0.6409646,0.63531977,0.6444858,0.65174407,0.63667387,0.65634775,0.6578848,0.6477012,0.65268666,0.6411457,0.6365188,0.65478355,0.64896375,0.64453244,0.65176666,0.63951993,0.6264753,0.6279726,0.6442968,0.6671125,0.6361503,0.6211395,0.61548537,0.6513533,0.67975855,0.6234781,0.64068174,0.637742,0.6412361,0.6421303,0.645544,0.62372214,0.6327145,0.6176311,0.6412212,0.6471115,0.6362823,0.66977406,0.657011,0.6305031,0.6550784,0.62444675,0.6358497,0.6455229,0.6518133,0.6456249,0.6360839,0.6274548,0.67186874,0.63721067
0.61565655,0.6227941,0.6290115,0.6147048,0.6354031,0.6484719,0.62451786,0.6295718,0.61700314,0.6360808,0.6190214,0.62768036,0.6164053,0.62044555,0.61132866,0.6326683,0.6405588,0.6133968,0.6217358,0.6098953,0.6101305,0.6257982,0.6389831,0.62530357,0.6277451,0.63062495,0.62946254,0.6245807,0.6458635,0.6475262,0.6224223,0.6168743,0.6286511,0.61649984,0.64059126,0.6168635,0.64190453,0.6257197,0.6463013,0.6279442,0.6029627,0.6518161,0.64858145,0.6393032,0.62419933,0.6212466,0.646259,0.6273369,0.6458886,0.622186,0.6245015,0.6440741,0.6247942,0.6186072,0.60826296,0.6118325,0.628848,0.6418099,0.65418833,0.6273009,0.6192066,0.6291489,0.6237507,0.63591784,0.6183019,0.6124647,0.6392458,0.632969,0.6370108,0.62614995,0.6253293,0.61156785,0.6138882,0.6240503,0.6408816,0.6006796,0.62291473,0.6314791,0.64494234,0.640487,0.63685244,0.62390614,0.6148017,0.6181502,0.62314534,0.62543374,0.61304927,0.647214,0.61508197,0.64857,0.63227296,0.64947313,0.6482367,0.61050886,0.6175045,0.6361838,0.6049896,0.6227415,0.60199213,0.62342197,0.622807
0.61628973,0.6159922,0.6348984,0.63327324,0.5999877,0.61987144,0.6225002,0.6371383,0.6480994,0.6144543,0.6258381,0.645093,0.64584965,0.6444662,0.64981586,0.6435227,0.6158172,0.62032604,0.63014525,0.64887816,0.62220144,0.64397705,0.644731,0.62893254,0.6438016,0.6034275,0.632048,0.60199237,0.6301921,0.6315295,0.59737056,0.63156027,0.61933845,0.642129,0.6388697,0.6326279,0.6225145,0.65587825,0.650674,0.6214791,0.6160832,0.6413853,0.6381375,0.6386033,0.61901164,0.634691,0.62058455,0.64881104,0.62902,0.6237585,0.6245908,0.6348986,0.63007134,0.61535347,0.6145556,0.6227742,0.6203346,0.63141346,0.6407639,0.62139195,0.6427044,0.61873,0.62196,0.6302519,0.62242407,0.6433951,0.6343842,0.62358123,0.63468856,0.62827665,0.63842684,0.6381481,0.6290662,0.62760645,0.6309591,0.6087783,0.6475355,0.6319541,0.6210518,0.6157207,0.650088,0.64557594,0.632286,0.65027505,0.6327105,0.63552374,0.6103017,0.63036036,0.6071675,0.6368961,0.63586026,0.6398512,0.63322,0.64278096,0.62073797,0.6122974,0.60677356,0.64264745,0.6236134,0.65786994,0.62121916
0.61822796,0.6423099,0.63360023,0.64409155,0.6275326,0.62643486,0.62624496,0.63622147,0.60450524,0.6344463,0.6442873,0.6176611,0.6230933,0.6328682,0.64716065,0.6411242,0.61627966,0.61333495,0.6291688,0.61937726,0.6334663,0.59792817,0.6665091,0.63960785,0.6338487,0.62186426,0.6227632,0.6288808,0.6442397,0.6163346,0.6292512,0.63737607,0.6362895,0.65641344,0.62355345,0.6411186,0.61436373,0.6334842,0.6114584,0.621328,0.65064204,0.61502707,0.6235381,0.6334531,0.6219929,0.63681114,0.60494107,0.64070505,0.63359046,0.6377894,0.6281876,0.64532024,0.62986094,0.63381964,0.6255868,0.62590253,0.6224045,0.62425905,0.6205358,0.6053912,0.62281114,0.6133657,0.65019685,0.6290123,0.61247325,0.6389794,0.6245424,0.64389044,0.61797184,0.62844926,0.6361657,0.61126405,0.64322776,0.61057204,0.6137752,0.6171853,0.64319676,0.65406674,0.61982626,0.63369083,0.6204403,0.6372057,0.64531136,0.6071182,0.6332236,0.6440669,0.63456386,0.62436575,0.64243215,0.6329642,0.6275404,0.6118173,0.6302658,0.6413687,0.61497027,0.6269576,0.62001294,0.61523724,0.6317341,0.6276535,0.61236334
0.6184712,0.63721925,0.6117341,0.6543891,0.6239448,0.6228711,0.62812215,0.63399905,0.6145371,0.6248275,0.61939865,0.6154991,0.65763897,0.649702,0.6144863,0.6324158,0.61348253,0.63267446,0.6320912,0.6250682,0.6263928,0.6360331,0.63166577,0.65501523,0.61833566,0.6279121,0.6203405,0.6240396,0.64503175,0.62471056,0.620484,0.62202364,0.6269755,0.64459825,0.6546034,0.6372008,0.63410574,0.6109953,0.6123657,0.6209584,0.62101126,0.6113011,0.62428325,0.60743695,0.62744653,0.6540225,0.62656134,0.624433,0.6089638,0.6157482,0.63684285,0.63389367,0.64987856,0.62911874,0.6455713,0.647245,0.6488847,0.6261294,0.6448636,0.63384485,0.63443774,0.64136106,0.635237,0.64333516,0.6353064,0.6257681,0.6229147,0.6332085,0.6185145,0.63011163,0.64644307,0.63008803,0.6194608,0.6341279,0.62621003,0.63712835,0.63582176,0.6425186,0.62896603,0.6430555,0.6353777,0.6210348,0.62284774,0.6136099,0.6355662,0.63733494,0.60632056,0.64787334,0.6211319,0.6237859,0.6170185,0.6438643,0.6604273,0.62855524,0.6088186,0.63106936,0.62561136,0.6462049,0.64056695,0.6262687,0.6326827
0.61888736,0.6656423,0.6712544,0.6864631,0.6836681,0.68167794,0.7051443,0.6967569,0.7164308,0.70257705,0.69168234,0.7051098,0.73193496,0.6727436,0.7204862,0.7151162,0.6861418,0.64206797,0.6653392,0.7153593,0.65118676,0.67999846,0.6908514,0.67738444,0.69033045,0.711754,0.7038607,0.69532204,0.6881883,0.7160385,0.6874617,0.67761177,0.67494375,0.69718176,0.6944441,0.6863089,0.6664304,0.6961871,0.66373086,0.7120711,0.6917916,0.6954295,0.7166012,0.6758337,0.66889447,0.7441798,0.6763861,0.68689555,0.692617,0.6762393,0.68030524,0.67628103,0.691456,0.6771253,0.6704256,0.68979144,0.67577374,0.6766681,0.6864837,0.70415515,0.68103546,0.7044689,0.73387975,0.6744335,0.6549286,0.68080395,0.66815084,0.7268469,0.67314047,0.6593829,0.6794519,0.66797215,0.7088106,0.7071079,0.6983576,0.65563136,0.66880685,0.6896255,0.68281764,0.66849,0.68447167,0.65539765,0.69372904,0.6936676,0.71520525,0.70624477,0.6717736,0.6788136,0.68615836,0.68620735,0.6760153,0.6960062,0.71006095,0.68809825,0.6739077,0.6721979,0.7084536,0.6834578,0.6939313,0.71767384,0.67607754
0.6189586,0.61244994,0.64227074,0.63588053,0.60315716,0.643574,0.63999075,0.64046204,0.6525082,0.6179911,0.62958044,0.6449726,0.6432871,0.63272697,0.6520873,0.6539858,0.6407237,0.6426471,0.639179,0.6205636,0.61312485,0.64675015,0.6209541,0.63837177,0.6448191,0.6206176,0.6415693,0.63950247,0.62694484,0.63432497,0.65088403,0.6415033,0.63218564,0.6273086,0.63539255,0.6416747,0.63416755,0.63627666,0.627412,0.6275364,0.65490097,0.6175777,0.6446738,0.62722677,0.6472506,0.63623804,0.6192801,0.6333069,0.6522457,0.64287704,0.63101345,0.6273873,0.6415392,0.64378977,0.6257512,0.64430445,0.6277785,0.6468945,0.6417374,0.6235605,0.63233846,0.6443537,0.6347253,0.6403013,0.63609713,0.61581856,0.6173895,0.63821685,0.63216823,0.6353025,0.63728607,0.6648421,0.63595563,0.60286987,0.6585088,0.6235623,0.6223559,0.619373,0.6217492,0.6550393,0.65462786,0.6331211,0.6294414,0.63394165,0.6222719,0.65462583,0.6393722,0.66068715,0.65096194,0.6302667,0.6291432,0.6472169,0.64606625,0.63747865,0.6295001,0.64844364,0.623279,0.6327918,0.61357033,0.65175855,0.62734
0.61915654,0.59572864,0.5951485,0.5917321,0.59341747,0.5926823,0.5974186,0.581166,0.5933512,0.5930412,0.5965398,0.59825295,0.58317155,0.59758943,0.6142712,0.58397245,0.5865133,0.5970524,0.58701336,0.5925052,0.61045015,0.5890287,0.6003004,0.5941804,0.59480697,0.58862644,0.6014789,0.59306544,0.60598546,0.58606446,0.61244076,0.6015703,0.5894924,0.5900517,0.6033463,0.612841,0.59327537,0.5933414,0.58878785,0.5782646,0.5840331,0.61206764,0.6108741,0.58545643,0.5949023,0.6021897,0.58134484,0.58658516,0.59073126,0.5925652,0.59656745,0.5989263,0.58444005,0.59508,0.58894676,0.5880196,0.60684717,0.5942391,0.5871416,0.5785963,0.59831005,0.59992474,0.6009386,0.60504705,0.59983784,0.59302205,0.588081,0.5930649,0.5980662,0.5944478,0.58834565,0.5877934,0.5876118,0.586959,0.6086588,0.58706087,0.5974964,0.5848263,0.5924681,0.5888275,0.60926586,0.5951503,0.5836822,0.58790475,0.5831706,0.5851276,0.60435563,0.6047689,0.5940532,0.6023398,0.5904383,0.58472884,0.5812782,0.6005525,0.5878701,0.6039032,0.5840713,0.58844185,0.6026813,0.60161084,0.60598564
0.6201243,0.62947536,0.63953614,0.62115866,0.63764477,0.6061289,0.6247192,0.5982395,0.64641994,0.610728,0.61995023,0.6354143,0.64704233,0.61760944,0.61989045,0.6129907,0.61468786,0.62443554,0.62137765,0.6203353,0.63258344,0.63480437,0.59515995,0.6139829,0.62215585,0.65158564,0.64240736,0.61836857,0.61546105,0.6312021,0.61624783,0.6108487,0.6265845,0.6045604,0.617581,0.6296298,0.6281311,0.6430723,0.63180226,0.6371165,0.63635784,0.6089018,0.615932,0.62498003,0.6244383,0.63399875,0.62286556,0.63282657,0.62349504,0.6190036,0.612184,0.638941,0.6164735,0.6259394,0.61806995,0.6187931,0.6228293,0.6354222,0.6277924,0.6211884,0.6247168,0.6192598,0.6201915,0.63984483,0.62491685,0.60716575,0.60084873,0.61595184,0.64529544,0.6226204,0.64025456,0.6331858,0.6185452,0.61514086,0.6029458,0.6366963,0.6125569,0.6313921,0.610738,0.62617606,0.62187475,0.62589103,0.6211538,0.6114288,0.6117589,0.6213008,0.6387263,0.6334303,0.6211436,0.6168988,0.64163226,0.6301108,0.6108785,0.6312682,0.6387486,0.63491166,0.60787964,0.617927,0.6320037,0.62421954,0.62906015
0.620141,0.6340869,0.61877006,0.62315685,0.61578614,0.6398391,0.64319664,0.6475763,0.625496,0.6351875,0.62813336,0.61474174,0.6468379,0.6401393,0.6310714,0.6354038,0.6436913,0.6372201,0.6272146,0.65539336,0.61504775,0.64352065,0.6252779,0.64799374,0.6411301,0.6234354,0.6312927,0.6557977,0.6324597,0.64862806,0.6091594,0.6161118,0.6312714,0.63276833,0.6237449,0.64741695,0.6150583,0.6202146,0.643168,0.6150266,0.6398778,0.632971,0.6289249,0.638218,0.6387091,0.6204481,0.63076323,0.6255863,0.6360119,0.62818176,0.637626,0.6420798,0.63854176,0.62435687,0.6417047,0.6163632,0.6301505,0.618939,0.63363117,0.62669134,0.65564364,0.6192552,0.62750286,0.6188112,0.6161339,0.63968974,0.6285307,0.6655368,0.6128873,0.6413515,0.6425673,0.6271257,0.6327084,0.6388828,0.63418686,0.6290855,0.6208994,0.62651104,0.62956923,0.63739085,0.6465834,0.6197847,0.6345266,0.6391351,0.63034564,0.6175799,0.6164052,0.6227818,0.63305575,0.60267305,0.6359317,0.6349835,0.6424814,0.61910135,0.62868613,0.6332896,0.64138764,0.61746985,0.610573,0.63139844,0.6233942
0.6207331,0.6192369,0.60236174,0.62103873,0.6042443,0.6240262,0.5946922,0.6334248,0.6128503,0.6078167,0.61664146,0.60883236,0.6092139,0.6080324,0.62574357,0.6040919,0.6046806,0.6151423,0.6144138,0.60413915,0.6162787,0.59404707,0.62104875,0.61868703,0.59745514,0.62174374,0.6138065,0.6154354,0.6152314,0.59138715,0.60821235,0.6174774,0.5975799,0.6200582,0.6063525,0.6078202,0.61599094,0.619863,0.60922956,0.60424846,0.60835886,0.61148846,0.61559796,0.6230697,0.60909,0.62040263,0.5984847,0.6009968,0.61395913,0.6050303,0.61847967,0.61861855,0.60385555,0.5999582,0.6221294,0.63785046,0.625531,0.5943106,0.62511617,0.6053968,0.62729245,0.60846746,0.602946,0.5994699,0.5998099,0.6038309,0.62265205,0.6174268,0.59536386,0.6059981,0.6117353,0.59414977,0.60842013,0.61165094,0.62542135,0.62275153,0.59003633,0.60511875,0.62003845,0.608924,0.63305014,0.6177282,0.6169016,0.59784544,0.61965054,0.6125631,0.6219112,0.6112753,0.59772366,0.611248,0.6184997,0.61569285,0.61186874,0.6132911,0.6077196,0.6235425,0.60805243,0.6162671,0.6152703,0.6174807,0.61569744
0.6241062,0.6165598,0.63152325,0.6298942,0.6074764,0.63615656,0.59644455,0.6205281,0.6004471,0.5876138,0.5975501,0.6062729,0.62172836,0.5962233,0.6026796,0.6074222,0.5899774,0.6142727,0.61940646,0.6193686,0.59967506,0.5934158,0.61016905,0.6113903,0.6017901,0.60131633,0.6076608,0.62987894,0.5992072,0.61420506,0.59876096,0.6112223,0.5927754,0.59904486,0.6024212,0.61473536,0.6229375,0.60198116,0.62125343,0.6111504,0.6102776,0.5942865,0.61262614,0.61097556,0.6353269,0.6150889,0.60055846,0.6312729,0.59908193,0.61818594,0.6149643,0.61676085,0.6191972,0.58930314,0.61616063,0.610636,0.6089654,0.6163015,0.59974176,0.6173992,0.6249155,0.58587724,0.6162657,0.59018195,0.58550304,0.6231231,0.60131687,0.6027766,0.5989036,0.6044464,0.6190961,0.59574765,0.60097784,0.5958141,0.619379,0.5971083,0.59523547,0.6001139,0.6182172,0.60206634,0.5971917,0.64235955,0.59993166,0.61887515,0.61771053,0.60736597,0.6035463,0.6067147,0.59938556,0.60854703,0.5985239,0.5892719,0.614966,0.6026028,0.62256604,0.6007808,0.61511403,0.60613596,0.6050226,0.60780746,0.5995496
0.6246613,0.6665637,0.6447224,0.6667107,0.66185516,0.65007675,0.65254396,0.6324952,0.68871397,0.6611633,0.66670674,0.67344886,0.6514774,0.68175733,0.6565495,0.6660941,0.63651854,0.64752364,0.63005984,0.664903,0.65201813,0.6717084,0.66111416,0.665891,0.6594909,0.6484006,0.659929,0.6632113,0.64346766,0.6573774,0.6663397,0.6407037,0.6356725,0.6291605,0.662956,0.6429799,0.64500004,0.64262354,0.6696723,0.63976204,0.6728293,0.6665475,0.66468364,0.6720215,0.64453286,0.6377209,0.6699941,0.64555424,0.6491867,0.6726032,0.63335204,0.6920824,0.67034584,0.6522232,0.6593228,0.663701,0.65479165,0.6448348,0.6430261,0.6395621,0.6429959,0.66831005,0.6434116,0.66682756,0.6586206,0.6654195,0.668974,0.6650457,0.65508026,0.6647901,0.6474015,0.6659338,0.6509518,0.65246147,0.66031426,0.63855106,0.6430332,0.6900995,0.6379245,0.64637095,0.66134775,0.657334,0.6579242,0.658369,0.6569962,0.6485278,0.64561194,0.6225204,0.6447368,0.66654414,0.638617,0.6615327,0.6460877,0.6385809,0.68224066,0.64773244,0.6370311,0.6568561,0.6519864,0.6276532,0.66163445
0.6246748,0.646694,0.6600248,0.68464077,0.67897505,0.6644794,0.6380181,0.65887994,0.6323474,0.68346846,0.6615514,0.64361185,0.66076213,0.65779257,0.6606857,0.6405923,0.6701475,0.64781696,0.67226523,0.6620342,0.6720624,0.6402794,0.61962605,0.63419825,0.62217563,0.6526714,0.67403054,0.6478102,0.67358726,0.6677365,0.66672415,0.66175836,0.6473556,0.6684595,0.64607924,0.6359595,0.6444479,0.6363449,0.6437385,0.66762596,0.6325316,0.6384284,0.6684174,0.6264879,0.6652258,0.6660498,0.67953,0.6660064,0.62307113,0.6324046,0.6471991,0.65883994,0.6600727,0.62914795,0.6377108,0.6411279,0.66672605,0.6705431,0.6446796,0.6630899,0.6446928,0.6456458,0.6412577,0.64084536,0.6633504,0.6543932,0.6615444,0.6581647,0.63511485,0.64954,0.66002834,0.6772393,0.63664,0.6533434,0.65952224,0.6499252,0.6401367,0.6590816,0.6476548,0.65015334,0.66781384,0.6708682,0.6695133,0.6406194,0.63610107,0.68165594,0.6661232,0.6364881,0.6621439,0.6720525,0.6529582,0.6382884,0.65004283,0.6551314,0.62890947,0.67341524,0.64320046,0.6371288,0.65358144,0.66105986,0.66406137
0.62661624,0.58063537,0.5626864,0.58226365,0.57517314,0.55733293,0.5793253,0.59842116,0.5701818,0.57980514,0.56502223,0.57497424,0.57068956,0.58709455,0.5719922,0.5763993,0.5803549,0.5704794,0.57749045,0.5867903,0.5845679,0.5808431,0.57538813,0.5757913,0.57577187,0.5773696,0.5751288,0.5756227,0.56740016,0.56049454,0.5799878,0.580265,0.57625693,0.5775883,0.5767415,0.5783637,0.5763027,0.57312167,0.5660341,0.5805639,0.5718534,0.56391346,0.59228027,0.57610196,0.55771935,0.5853761,0.58301604,0.5611881,0.57423764,0.5790834,0.58008164,0.57321095,0.5718632,0.5727637,0.57506436,0.56461763,0.58074373,0.5771939,0.56547976,0.5795342,0.5769767,0.5787331,0.57826376,0.5793966,0.5786782,0.5685273,0.58617646,0.57315457,0.57516825,0.5703832,0.5755894,0.57474256,0.5799444,0.5798618,0.5814562,0.56536764,0.5674299,0.5732101,0.5607025,0.5629603,0.5725602,0.5750306,0.57519794,0.56502384,0.60033447,0.5684312,0.58056146,0.5616872,0.57671595,0.5876844,0.58991474,0.5821302,0.5803287,0.5657385,0.5718489,0.5838309,0.57639444,0.57254386,0.57795155,0.58310443,0.5868903
0.6274225,0.61903983,0.62873703,0.60947263,0.60508984,0.6273146,0.6206917,0.61546415,0.6170617,0.6363829,0.60079706,0.6317481,0.61463815,0.61333233,0.6082981,0.60550255,0.6214503,0.61493164,0.6241092,0.62847036,0.62590766,0.62772584,0.6359194,0.6028202,0.62576866,0.6324113,0.60784364,0.61146814,0.6116289,0.6254518,0.6188801,0.6209027,0.61307126,0.61693674,0.61376625,0.62303007,0.61263573,0.6224539,0.619682,0.6129263,0.6113861,0.61800337,0.6280387,0.60751283,0.602765,0.6276524,0.6473191,0.60391676,0.64007384,0.6055475,0.6124962,0.61677176,0.6253521,0.6297405,0.60645884,0.61966246,0.6472319,0.59038895,0.62581545,0.60936517,0.6104627,0.6121264,0.60210997,0.6317327,0.6074765,0.64716184,0.6042685,0.6093246,0.61769897,0.640431,0.6064267,0.61070704,0.6088292,0.6436668,0.60512364,0.61064357,0.61829156,0.6198394,0.5882231,0.60748184,0.61755687,0.61615914,0.62168264,0.63737494,0.6172053,0.62887514,0.62295043,0.6186649,0.6358313,0.6027865,0.6133807,0.627201,0.63594645,0.61675256,0.6094168,0.60932654,0.60867286,0.6060514,0.6088962,0.6181151,0.61446685
0.6275214,0.66311675,0.6805559,0.69087934,0.6724337,0.6705916,0.67715925,0.6832507,0.6611088,0.66954,0.7025721,0.68832535,0.6759487,0.6895847,0.6933698,0.689942,0.67984563,0.71520656,0.66053915,0.67406905,0.7099633,0.672439,0.6982823,0.6540329,0.72735995,0.68724924,0.6819714,0.656646,0.65657717,0.7025166,0.6743137,0.6479634,0.67941254,0.66745377,0.65223247,0.6668661,0.6750725,0.6926366,0.6894652,0.7008226,0.6640047,0.69174016,0.6803269,0.70393485,0.66061825,0.65670544,0.69476277,0.67213506,0.6775158,0.6930434,0.67364126,0.6678509,0.659029,0.67873317,0.691052,0.681982,0.7051778,0.68733776,0.7119736,0.69301146,0.69670415,0.68530685,0.66279465,0.6938797,0.6940916,0.69520086,0.68971366,0.6798384,0.6986204,0.6549327,0.69742817,0.69642854,0.67169625,0.69402456,0.65886015,0.67071015,0.6705914,0.6761604,0.67595345,0.69313663,0.7090453,0.6742788,0.70006603,0.676403,0.67987317,0.67098993,0.7036337,0.71510226,0.67380786,0.67220724,0.6833945,0.669295,0.6566004,0.7022526,0.655423,0.6998168,0.7199904,0.695224,0.6877215,0.7038769,0.7044548
0.6287613,0.6533801,0.6407606,0.67440665,0.6354626,0.64792687,0.67418855,0.6439367,0.642175,0.65077966,0.65774727,0.636401,0.68470734,0.6716452,0.6580454,0.64489573,0.622268,0.64779586,0.63933915,0.6242313,0.6358165,0.6177154,0.66976386,0.6802417,0.64095813,0.6544096,0.67958015,0.6511234,0.6532816,0.65438,0.6845838,0.66496664,0.6377638,0.66595095,0.65116066,0.65946704,0.645444,0.6646324,0.63370717,0.6590179,0.6458611,0.6778698,0.6726199,0.6752338,0.64883256,0.61680263,0.6554517,0.6574591,0.6658785,0.65762454,0.6622011,0.65449667,0.6658351,0.66874963,0.66725034,0.6625723,0.65813833,0.6589799,0.66744274,0.6439289,0.65097517,0.66886836,0.62800115,0.63000935,0.67606676,0.6306265,0.6458027,0.6535104,0.6747572,0.6454733,0.6574239,0.640549,0.655252,0.6445456,0.66274023,0.6517701,0.63954556,0.6625785,0.6569138,0.6662039,0.6521515,0.64247966,0.65136796,0.6539312,0.66614944,0.63863933,0.6500098,0.6416301,0.62427825,0.64180434,0.61681706,0.6717164,0.6412561,0.6594376,0.6602615,0.6675395,0.6409553,0.6620311,0.65236425,0.6591111,0.6578888
0.628816,0.68584985,0.73187214,0.7370762,0.69510454,0.716734,0.7174434,0.6917899,0.72990614,0.6929726,0.6669024,0.67837757,0.71084154,0.72952145,0.65751433,0.7632029,0.7286189,0.7396349,0.731877,0.73051065,0.7099897,0.6864649,0.7369188,0.7349917,0.6986572,0.7191125,0.724298,0.726199,0.71919405,0.7238126,0.7450456,0.6989922,0.71493673,0.7182104,0.6932613,0.7603014,0.6842497,0.7113676,0.677007,0.67350894,0.7128052,0.73829496,0.73126525,0.7473846,0.7266976,0.6888306,0.71866363,0.7114016,0.6900421,0.69983256,0.7514747,0.707146,0.71006703,0.7336827,0.72350824,0.7133693,0.70402783,0.75765914,0.72451264,0.69416845,0.70368844,0.69306225,0.7171144,0.74024373,0.72954386,0.7105251,0.7251039,0.7020379,0.70881164,0.73120624,0.74764436,0.71273094,0.70784837,0.69979495,0.72629046,0.73569846,0.6695044,0.6719156,0.7399005,0.6924451,0.6883638,0.70585567,0.7219226,0.70838183,0.7165662,0.72120863,0.7124766,0.70857054,0.68482345,0.6929374,0.7038267,0.7331293,0.7289443,0.7169526,0.7092498,0.69796675,0.7124335,0.71747196,0.7213833,0.69137114,0.7443649
0.6299993,0.6305491,0.62030035,0.6567655,0.63356024,0.6252814,0.6477518,0.6186983,0.632438,0.63206255,0.62271816,0.6888454,0.60866475,0.651592,0.630555,0.6357947,0.6313796,0.64723986,0.64674276,0.6402517,0.6463052,0.61452514,0.6315617,0.6701662,0.62563074,0.646194,0.62073636,0.633257,0.6477962,0.6517704,0.6495635,0.6590414,0.64723915,0.61524034,0.6370413,0.65231234,0.64524823,0.634825,0.6408439,0.6521605,0.6319873,0.63538677,0.6154418,0.6275297,0.6433987,0.62950057,0.6410328,0.6326148,0.6425035,0.6282322,0.6396814,0.634249,0.6545297,0.6414852,0.6414927,0.6451455,0.63108593,0.62827617,0.64724684,0.64613974,0.64505345,0.6778299,0.6214216,0.6299228,0.63187647,0.6543609,0.6542771,0.66919166,0.63893074,0.6416978,0.64955527,0.63152224,0.6420227,0.63472795,0.6506061,0.6267466,0.632833,0.63040096,0.63679415,0.6500561,0.65408176,0.62643975,0.63587993,0.6191701,0.66321373,0.63397825,0.6502086,0.63430583,0.64084196,0.66649175,0.6556256,0.6435923,0.64449286,0.6337528,0.6264222,0.63758415,0.63520163,0.6424859,0.63049203,0.63029224,0.60995525
0.6306464,0.6240996,0.642373,0.61968946,0.6237683,0.6220396,0.6089549,0.6241037,0.62203354,0.6227383,0.6225026,0.5987851,0.62253386,0.63806206,0.63096356,0.61716664,0.6215416,0.62525386,0.62661576,0.6083612,0.60344654,0.6362491,0.6172176,0.6078263,0.6307388,0.6241692,0.6079255,0.60851693,0.6159281,0.613862,0.6098725,0.6124569,0.6268857,0.63422495,0.62166685,0.61555797,0.6412671,0.6330072,0.59895825,0.620707,0.6089252,0.6167473,0.63707364,0.6244666,0.617904,0.62965363,0.65675837,0.6154891,0.62922126,0.6325542,0.6061213,0.60580075,0.6144708,0.6213654,0.6296357,0.60559005,0.6299784,0.6112218,0.6432199,0.60261536,0.60855657,0.6304278,0.6226371,0.63038224,0.6143102,0.61376566,0.63075066,0.6106138,0.6261676,0.6269149,0.62441665,0.6317195,0.6229686,0.6261218,0.62385887,0.6179002,0.6240469,0.6198115,0.6089209,0.6253436,0.6137073,0.6413582,0.6142912,0.6241775,0.63058525,0.6264319,0.6124095,0.6222075,0.6141091,0.6280562,0.6268646,0.6186338,0.6211576,0.6302188,0.63233227,0.6384383,0.6146206,0.61012965,0.62477523,0.611738,0.602284
0.6308803,0.6086655,0.62512356,0.6061885,0.6227796,0.62059814,0.6120356,0.61548465,0.6225216,0.597462,0.58936214,0.6209385,0.6084803,0.60409766,0.6185791,0.6150444,0.6331404,0.60916764,0.6104197,0.61135745,0.6038005,0.60743916,0.60650116,0.61371493,0.61455053,0.59967303,0.6226235,0.60724014,0.60805976,0.5931631,0.6106573,0.62208974,0.6283646,0.6100904,0.63115263,0.6083134,0.61000174,0.613583,0.6271417,0.61650246,0.6054639,0.62362677,0.6155967,0.6113412,0.6000822,0.61759216,0.6146532,0.60612386,0.6305701,0.62137944,0.6148202,0.6184856,0.6049005,0.6293369,0.6117717,0.62706095,0.605725,0.6279836,0.6307058,0.61013544,0.61900103,0.6159107,0.5952965,0.61396486,0.61443853,0.6150871,0.6205444,0.6094318,0.59512204,0.6201541,0.6175694,0.60836613,0.6216373,0.6054406,0.6228859,0.6367846,0.6044295,0.61148274,0.6214766,0.6310385,0.6134544,0.6161099,0.63287425,0.6342581,0.61880153,0.6134361,0.6191311,0.6143096,0.6050895,0.6305505,0.6262658,0.6095181,0.6406451,0.60465163,0.60937196,0.60358185,0.6099491,0.60767484,0.6104018,0.63537794,0.62272257
0.63102984,0.61280364,0.63249534,0.65314883,0.6178375,0.6322256,0.63739485,0.6413918,0.63526416,0.61858207,0.6123366,0.60935503,0.6134962,0.6176298,0.61942154,0.6303811,0.6204204,0.66190284,0.626286,0.64039856,0.6486593,0.6468397,0.6090611,0.62035304,0.62833184,0.6207175,0.61712927,0.6223945,0.63299906,0.63296187,0.6303081,0.65911794,0.64240444,0.630418,0.62635964,0.6205319,0.6385269,0.6229879,0.6379873,0.6445919,0.6212186,0.65071315,0.64703834,0.63573784,0.61619383,0.63654333,0.62741655,0.6126118,0.6490848,0.6517248,0.6250537,0.62888867,0.6370795,0.6511828,0.6263898,0.6458701,0.6134071,0.60693175,0.62292653,0.61066455,0.62621886,0.59631824,0.6488716,0.63613755,0.6294407,0.6382631,0.60020286,0.6388354,0.6128381,0.6106704,0.6413873,0.637816,0.65115124,0.6167574,0.6272195,0.63533556,0.6220884,0.6169513,0.64172035,0.64169246,0.6372948,0.6361087,0.63780415,0.6244269,0.624888,0.6104894,0.62338966,0.649368,0.62376183,0.60985684,0.61431557,0.6301195,0.62516564,0.6457286,0.6186015,0.6377654,0.6243984,0.6568648,0.6192512,0.63842136,0.6326316
0.6310785,0.6454295,0.63675463,0.658946,0.640541,0.6589137,0.6560481,0.6767298,0.6331753,0.6550935,0.641597,0.6533493,0.64738977,0.6412803,0.6623724,0.6470835,0.6366035,0.6431548,0.64364463,0.6488791,0.63904315,0.63473624,0.6460543,0.65528363,0.6346653,0.64178556,0.64465386,0.62240547,0.6503356,0.65859264,0.6395363,0.63866395,0.63338464,0.64485127,0.65031374,0.620861,0.6386787,0.62914157,0.6206259,0.6349594,0.66224176,0.6390726,0.62194586,0.6490965,0.6389975,0.6365106,0.6246223,0.6383777,0.64080256,0.6291596,0.64926225,0.6612375,0.64776886,0.63156337,0.6739599,0.63987297,0.654054,0.65798694,0.6481946,0.6630861,0.63868797,0.630181,0.62369794,0.63169295,0.65219975,0.63487273,0.6588777,0.65083325,0.64619803,0.6423131,0.6493109,0.6517107,0.6453819,0.64931005,0.6460108,0.6330169,0.6490338,0.63492745,0.61841434,0.6439658,0.6492383,0.64465743,0.6557339,0.6354479,0.6405671,0.6385668,0.6401015,0.6324799,0.64147526,0.66630024,0.6287411,0.63559216,0.65837103,0.67121404,0.6466653,0.64795566,0.6276452,0.6493916,0.63647354,0.639776,0.6333522
0.6313133,0.6026117,0.6208804,0.61089283,0.61613655,0.6035397,0.60884434,0.6276431,0.61291486,0.61281663,0.6200511,0.6045958,0.6012642,0.59483904,0.6128679,0.6020965,0.60465765,0.6268837,0.59255165,0.6167061,0.5906356,0.60057336,0.59877956,0.6017037,0.6119623,0.5936162,0.63325906,0.6003534,0.6064461,0.59211594,0.6174169,0.6023728,0.61377305,0.6041381,0.61932665,0.62265426,0.60823107,0.6072563,0.6040831,0.6227696,0.603545,0.5944099,0.62183046,0.61879474,0.60603774,0.5996485,0.6168645,0.59886235,0.6071348,0.60643166,0.6160702,0.5978269,0.6095223,0.61629605,0.6011222,0.6067096,0.6115424,0.6047571,0.6178096,0.6053542,0.6275689,0.62007195,0.60886484,0.609543,0.595447,0.61672235,0.60081273,0.6085192,0.6197049,0.6175201,0.6058799,0.60686094,0.61051923,0.6238391,0.6163711,0.6026028,0.5936538,0.6040773,0.60905224,0.5962911,0.59830457,0.61303866,0.62454337,0.61049503,0.64172226,0.606069,0.6117459,0.60665077,0.5979359,0.6245958,0.6014542,0.6201082,0.60687333,0.5961024,0.62201214,0.6085621,0.60711265,0.599944,0.60486054,0.60073924,0.60138637
0.6320286,0.5986313,0.6093071,0.5974203,0.5913757,0.6019525,0.5849626,0.5752408,0.58649486,0.5895462,0.5874552,0.5986643,0.58120644,0.6164235,0.6064777,0.59672564,0.61506695,0.5903104,0.59368175,0.58885115,0.6029003,0.5871316,0.59645456,0.6063297,0.59578925,0.5956869,0.59409577,0.60009664,0.60250926,0.5919133,0.5848518,0.5997793,0.5919711,0.5987765,0.5945558,0.59955513,0.6017286,0.588167,0.5806521,0.5992202,0.5867873,0.6067848,0.6062199,0.59568685,0.6018795,0.5997206,0.6002168,0.59421414,0.5755638,0.5996717,0.58750075,0.5920267,0.5896389,0.60278076,0.5911501,0.59438485,0.578888,0.6028707,0.5900509,0.5989437,0.5974429,0.5908869,0.5812729,0.5907595,0.59008294,0.6016335,0.60067433,0.60800976,0.60747427,0.60025066,0.5883376,0.5884686,0.59402055,0.60270685,0.6039041,0.606373,0.5936303,0.6163949,0.5809032,0.5788106,0.5988742,0.60070235,0.6016263,0.5897204,0.61247724,0.6050343,0.6018604,0.6011167,0.6000515,0.5841914,0.5880027,0.5845859,0.6001793,0.5868046,0.59518903,0.59579605,0.58194834,0.6002046,0.5893121,0.61142546,0.61224645
0.63240105,0.648923,0.64947706,0.63580066,0.63939655,0.63580614,0.6363395,0.6373505,0.6423597,0.6383972,0.6273146,0.6330346,0.6536351,0.60825187,0.61314386,0.6303773,0.6393943,0.6149631,0.6265417,0.6363495,0.62501746,0.64065456,0.66418725,0.6642104,0.6445027,0.632881,0.6391217,0.6505478,0.6457463,0.6530921,0.6474107,0.6333696,0.63314897,0.6351096,0.63667005,0.6443556,0.60917276,0.6499988,0.6361262,0.6251271,0.62941414,0.65355164,0.63368976,0.6319801,0.6335969,0.64426297,0.64818066,0.6538739,0.6436032,0.6256861,0.6408852,0.62696224,0.6047229,0.6510463,0.6451861,0.6282894,0.6595714,0.6377471,0.6201243,0.6376397,0.6404547,0.6581314,0.6440215,0.64490587,0.6268814,0.62665147,0.6201332,0.6445715,0.629543,0.6379942,0.6523231,0.6573203,0.64517266,0.6456778,0.6286379,0.64168864,0.63056666,0.61525434,0.64389116,0.6459169,0.6417561,0.6312271,0.6508648,0.63608503,0.64880645,0.63715005,0.6033038,0.6633499,0.63455284,0.64218545,0.66819173,0.6486479,0.6325865,0.6248589,0.65216225,0.6387687,0.6541258,0.64251727,0.6388647,0.6417063,0.6687935
0.63380045,0.6094499,0.61783224,0.61279875,0.63815564,0.6139703,0.63057005,0.6237085,0.60313797,0.6151305,0.6122201,0.62602156,0.6154426,0.61697763,0.6207715,0.62719125,0.6212544,0.6298461,0.6165183,0.6241791,0.6393785,0.6192662,0.5985628,0.62144196,0.6225113,0.6253137,0.61941516,0.60573214,0.6310356,0.62841874,0.6045136,0.62950814,0.6316611,0.62948865,0.6153013,0.63637525,0.60678977,0.5939172,0.59685844,0.59648895,0.6381222,0.6267216,0.6086462,0.6104855,0.63913745,0.6155508,0.6232278,0.6197016,0.6116155,0.615526,0.615094,0.63643056,0.6121692,0.59550846,0.6166903,0.6298403,0.6148317,0.636664,0.6480149,0.6278485,0.6284435,0.6290762,0.6070178,0.6182782,0.62389725,0.611988,0.6161279,0.62782884,0.6147655,0.6121883,0.6224026,0.6201585,0.6235532,0.6057393,0.65384656,0.6324456,0.636328,0.6184112,0.61042744,0.63817865,0.6399059,0.6358083,0.61580807,0.6250964,0.62229985,0.64111936,0.6228831,0.63697517,0.61673707,0.6195683,0.6178943,0.61245406,0.631562,0.6240967,0.63847256,0.6418621,0.6130706,0.63060373,0.61527467,0.6229576,0.6327997
0.6338758,0.6652667,0.65560925,0.6353206,0.6464308,0.616949,0.6358511,0.61722976,0.6278623,0.6375546,0.6537505,0.6183426,0.60348386,0.64204663,0.6378278,0.6224662,0.62427455,0.63415915,0.6253442,0.6403974,0.6307663,0.63951784,0.6308202,0.6313825,0.62361294,0.6375337,0.658242,0.6389256,0.6233006,0.62536544,0.6540416,0.6158098,0.6295064,0.6657701,0.6385886,0.6375397,0.6354036,0.65425926,0.6183873,0.6316189,0.61604005,0.6376595,0.6198797,0.637204,0.64100486,0.6140288,0.6411696,0.6558103,0.65177554,0.62557644,0.6273646,0.658931,0.64024734,0.6344874,0.62733555,0.6189704,0.63288754,0.648513,0.6160737,0.63200855,0.62733716,0.6299469,0.6380013,0.6465172,0.650974,0.61087096,0.64098895,0.6572129,0.61137384,0.6380624,0.6343338,0.61602014,0.62441224,0.6173257,0.62261707,0.6283402,0.6369272,0.63548666,0.6263449,0.6324842,0.631278,0.6245625,0.6385434,0.61555654,0.6207767,0.6478955,0.6519386,0.62767386,0.62613064,0.63024014,0.61086434,0.6432777,0.6473606,0.64637536,0.6227383,0.6433573,0.6236182,0.63382095,0.6461676,0.6345902,0.63770705
0.6349349,0.6541886,0.73038214,0.7010889,0.70058006,0.6891423,0.6921448,0.69384676,0.66352123,0.7046798,0.6912313,0.6807346,0.6896068,0.6948634,0.6968766,0.7029372,0.6759359,0.67369556,0.6551486,0.68984044,0.6852109,0.7296914,0.71389765,0.6901879,0.7113791,0.7188986,0.7067309,0.6821099,0.6959048,0.6924399,0.7072665,0.73067635,0.70599943,0.65217537,0.6715711,0.69170886,0.70183945,0.67654264,0.6845574,0.67352146,0.72376925,0.6530618,0.6775907,0.6880911,0.6767208,0.6678591,0.6699316,0.70317274,0.7059093,0.6766433,0.7118917,0.67966336,0.7119884,0.7247088,0.69903284,0.6744443,0.6539658,0.6919902,0.67194635,0.66596156,0.67503834,0.6869841,0.6936458,0.6733321,0.67555946,0.7023205,0.6845954,0.69266933,0.66206896,0.69531804,0.7038047,0.71985364,0.68547755,0.6709115,0.697705,0.69333655,0.6764073,0.6967489,0.6870925,0.6854628,0.7031131,0.68940455,0.6382796,0.66619617,0.6689164,0.692944,0.6702364,0.7370437,0.6955442,0.6864822,0.7126584,0.65586346,0.69089943,0.6850262,0.68700194,0.70277315,0.6726822,0.7359157,0.65687305,0.6829874,0.68779653
0.6350793,0.6321283,0.6062035,0.6130993,0.62852055,0.60177714,0.6129766,0.6364713,0.61369616,0.6164906,0.6542144,0.6155582,0.6221225,0.6338002,0.625954,0.6464191,0.6305643,0.6349374,0.6422687,0.6356346,0.5960463,0.61603016,0.63743025,0.6258101,0.63242763,0.6272461,0.6163068,0.61259675,0.6525759,0.6364991,0.632536,0.6085653,0.6331617,0.6436805,0.6236885,0.6126599,0.61469376,0.6344754,0.6357627,0.64383286,0.6445567,0.60895187,0.627077,0.64406925,0.61992323,0.6225092,0.62809294,0.62732774,0.63130134,0.6169338,0.61091185,0.6258239,0.65084636,0.6507721,0.6408549,0.65602785,0.6282342,0.62532073,0.6187761,0.6262363,0.6587373,0.61349267,0.63222736,0.6283358,0.63245934,0.6185198,0.64168257,0.62692934,0.6261396,0.6099095,0.6199551,0.64555687,0.63199,0.62137675,0.6304168,0.63274914,0.63331145,0.6301451,0.621541,0.65189135,0.6274029,0.61786574,0.62097865,0.63747376,0.6176451,0.62762636,0.6366275,0.62845355,0.63231814,0.6240141,0.62166613,0.62468463,0.63435197,0.62374425,0.6250555,0.62555367,0.6132774,0.6447478,0.6236949,0.63848484,0.6135077
0.6367285,0.6212006,0.6145409,0.5971345,0.6140358,0.59631985,0.5976425,0.6177366,0.60462654,0.60891205,0.60718566,0.6251817,0.6249191,0.61329657,0.6241171,0.6102378,0.5937056,0.59442794,0.6212479,0.6074342,0.61421746,0.6140748,0.60436183,0.62170154,0.6219117,0.60811925,0.603765,0.6031191,0.60479474,0.6078967,0.60013247,0.60627073,0.60886043,0.60556275,0.60541,0.5974094,0.61179817,0.60541457,0.61545056,0.61458313,0.61967355,0.61078393,0.6100046,0.5988117,0.62195146,0.6046998,0.62038463,0.627775,0.62124014,0.60317117,0.626772,0.6278484,0.61241287,0.6359655,0.61138844,0.6008492,0.62025225,0.61064094,0.6059331,0.60922,0.6098516,0.6017202,0.60860616,0.62114173,0.5970295,0.6054484,0.6075308,0.60875463,0.6204227,0.6016727,0.62200725,0.60896045,0.62927,0.6062728,0.6080221,0.62410134,0.6128487,0.59729713,0.6326665,0.6047068,0.60985005,0.613663,0.61434686,0.6179636,0.62951833,0.602929,0.61182415,0.6144386,0.59947175,0.62523496,0.5929802,0.60947555,0.6447517,0.629335,0.6167547,0.5930174,0.61343104,0.61599046,0.59644824,0.60988814,0.6124418
0.63691956,0.6688261,0.6495505,0.657517,0.652925,0.67341065,0.65123755,0.68404466,0.6519519,0.6505832,0.67566997,0.6629477,0.64313704,0.63759595,0.64198405,0.6601809,0.6643148,0.6619167,0.66929615,0.7128405,0.6461191,0.6599328,0.64674693,0.61554617,0.66948396,0.66399676,0.65681183,0.6511021,0.6532983,0.67128223,0.6333136,0.68723094,0.642175,0.67863846,0.66609675,0.6424965,0.6717779,0.6769093,0.66254973,0.6355719,0.6559072,0.67472315,0.66396636,0.6532511,0.6631335,0.63444084,0.6772364,0.65672433,0.6469701,0.68796325,0.64820355,0.6393192,0.68163747,0.6698083,0.6791246,0.6349916,0.6704454,0.6583317,0.6545399,0.6685861,0.6649919,0.6662496,0.6879751,0.6720452,0.6651736,0.657069,0.6324208,0.64808714,0.6501457,0.66096205,0.6606155,0.6486211,0.643786,0.67102605,0.64568985,0.65835685,0.65442765,0.6523945,0.64720565,0.6703725,0.64871734,0.683246,0.6516798,0.6341974,0.6656963,0.6479588,0.66034174,0.6524737,0.6320274,0.6707469,0.67966264,0.65754014,0.6721374,0.64893836,0.64615124,0.69559455,0.6450639,0.68002725,0.6341668,0.63545865,0.64836353
0.63785505,0.6025652,0.6135665,0.6069591,0.6099199,0.6091422,0.6173605,0.59917355,0.6450314,0.60901266,0.61187226,0.6249905,0.6408568,0.6089085,0.5983727,0.6008776,0.61749613,0.6005017,0.6362851,0.6376623,0.6113551,0.62009424,0.62648207,0.6321443,0.6208931,0.6215469,0.6235865,0.60657877,0.6052497,0.6007771,0.60814506,0.60624474,0.6318616,0.63408095,0.63083017,0.6261155,0.6091359,0.62581694,0.61092734,0.62868714,0.6184884,0.6121263,0.6323759,0.6071966,0.6152011,0.6184548,0.61908823,0.6082122,0.6023591,0.62506765,0.6302168,0.63204443,0.62948,0.6242869,0.61119276,0.60302335,0.62031966,0.61470044,0.6180017,0.6153032,0.6067882,0.59770507,0.61699957,0.61201376,0.63027215,0.5996883,0.6209537,0.59691864,0.6309894,0.60686624,0.6241781,0.6166333,0.6057499,0.6214367,0.598563,0.63550466,0.6123791,0.61133677,0.6253312,0.61576766,0.63389117,0.6451592,0.61428934,0.62138814,0.59942585,0.63570255,0.6107444,0.6192134,0.6193638,0.64025736,0.6169962,0.62147945,0.62106675,0.60809726,0.61842155,0.5915599,0.6042051,0.61637056,0.6057405,0.6133328,0.6315651
0.6397121,0.6535676,0.676044,0.6523797,0.6765253,0.66150975,0.64182276,0.6372644,0.6184603,0.6360349,0.6303054,0.63131136,0.6825166,0.61960953,0.6587722,0.64831275,0.6595654,0.6407822,0.6667566,0.67023647,0.6617969,0.6631718,0.64780205,0.6253087,0.64416975,0.6518069,0.6565619,0.6365619,0.65377706,0.6617672,0.6954823,0.61528826,0.6548242,0.6494724,0.65192896,0.63468844,0.64314646,0.6458964,0.65862477,0.65704745,0.66210014,0.64068073,0.63492006,0.6431929,0.64496094,0.64557964,0.65192646,0.645474,0.6495128,0.666262,0.64535373,0.6420065,0.6474913,0.63960844,0.6392786,0.6545681,0.6289769,0.6521732,0.63185495,0.67595947,0.6459701,0.65617764,0.65345937,0.64668506,0.65298927,0.6642652,0.6623276,0.66057485,0.6649889,0.64273953,0.6445835,0.6602158,0.6390719,0.657312,0.6476543,0.64375407,0.6474069,0.65595347,0.61461157,0.6503592,0.6482275,0.62902933,0.6322519,0.6428556,0.6415115,0.63408476,0.6719611,0.6653165,0.65457654,0.64368904,0.6243779,0.6536955,0.6669405,0.6437588,0.6600041,0.651518,0.6226984,0.62335956,0.627789,0.63940954,0.6532119
0.64071184,0.6236459,0.6523396,0.6127694,0.6294872,0.6101083,0.6364225,0.62895644,0.6689077,0.64884335,0.63368124,0.6360771,0.6380554,0.6216993,0.6384507,0.598082,0.63724077,0.65000474,0.6215315,0.6324489,0.6364205,0.6430785,0.63771695,0.6164902,0.6182674,0.6402766,0.6525541,0.6254778,0.6256835,0.61221224,0.6389429,0.62995297,0.63651985,0.6384136,0.6193599,0.6201986,0.63176525,0.64759904,0.6268999,0.63763636,0.64924115,0.6341177,0.6040334,0.6484874,0.6218518,0.6188816,0.65548444,0.63397735,0.63860637,0.6257222,0.62171495,0.6393307,0.6114504,0.6393308,0.6415861,0.6284758,0.6246752,0.6070825,0.6152853,0.62704366,0.63648105,0.62370974,0.63213485,0.63615495,0.6066684,0.6219339,0.60685426,0.62476665,0.6290545,0.6187482,0.64726347,0.61983615,0.63920826,0.611427,0.6164295,0.64970213,0.644378,0.6237599,0.61087555,0.6194523,0.6377594,0.6067857,0.623719,0.6103825,0.61724156,0.6396841,0.6448805,0.624831,0.6140356,0.6365305,0.62823486,0.6128338,0.6127109,0.62004393,0.62831575,0.6263543,0.62209404,0.6191978,0.61295664,0.62475866,0.6040531
0.6412171,0.6757431,0.655544,0.6801318,0.7123741,0.6776574,0.6700158,0.66615325,0.7024297,0.67226166,0.67091304,0.69546527,0.6661764,0.67478853,0.688085,0.6572573,0.6787923,0.67396444,0.67678183,0.6890951,0.6860103,0.716693,0.6901718,0.65420264,0.6835944,0.7060051,0.67404383,0.69041747,0.6929496,0.67852145,0.6774444,0.7055424,0.66810954,0.66341645,0.7020398,0.69018143,0.68965894,0.6921674,0.7000571,0.69029945,0.68441975,0.69581205,0.65710217,0.6877914,0.6977777,0.67945594,0.6970166,0.67253673,0.6554311,0.68142205,0.68397707,0.69082683,0.6990903,0.6833908,0.66421735,0.6531343,0.6524572,0.69088876,0.7190586,0.6651139,0.6893521,0.6534404,0.70327294,0.6887601,0.66220754,0.6809301,0.69552284,0.6682902,0.6547924,0.68450195,0.6513817,0.71850675,0.66736525,0.67801017,0.6495549,0.6577407,0.6824307,0.7007929,0.67153066,0.68567556,0.66613764,0.68456066,0.64733964,0.678408,0.650333,0.72307503,0.7062041,0.66692257,0.6635198,0.6748498,0.6771857,0.68244547,0.67307454,0.6848878,0.6748488,0.70217896,0.679005,0.6698679,0.65609705,0.67908865,0.6672048
0.64143443,0.6355751,0.6205811,0.61313194,0.6102554,0.63637584,0.62989,0.6346312,0.6376069,0.6242625,0.6190477,0.62724394,0.59120136,0.62149626,0.62168765,0.62697506,0.63697726,0.6003808,0.6116348,0.63634235,0.6316769,0.62079173,0.63232255,0.62472504,0.6412117,0.6112386,0.61332005,0.6253635,0.60655326,0.6241898,0.6345984,0.6333776,0.6258736,0.6589381,0.6269434,0.6131217,0.6206662,0.6318132,0.62442535,0.62599593,0.61579597,0.61862975,0.6323312,0.62035507,0.6285898,0.64926696,0.6263674,0.635185,0.6249165,0.6073501,0.62180644,0.62183046,0.61457324,0.61538666,0.6356345,0.6019705,0.6174138,0.6082901,0.62406117,0.61019564,0.6172094,0.6223349,0.62732315,0.6183088,0.6192424,0.62068367,0.64250094,0.61011755,0.5978435,0.6333509,0.6213433,0.62842613,0.6290178,0.6243819,0.61321497,0.6094814,0.61876595,0.6192188,0.61669767,0.6196199,0.6171331,0.62756926,0.59795463,0.6142048,0.6485804,0.60941875,0.61964,0.621521,0.61050546,0.65440756,0.6071771,0.607741,0.6191347,0.6326365,0.62607974,0.59931636,0.62747604,0.61994773,0.64374155,0.61608166,0.61144656
0.6422264,0.6684679,0.65243226,0.68842834,0.6710842,0.6636887,0.6375622,0.63957363,0.6839078,0.6577006,0.6946775,0.6756595,0.68658245,0.649773,0.68040806,0.70049685,0.6605528,0.7068486,0.6493161,0.6763167,0.66593343,0.6543592,0.70663947,0.68232155,0.65931284,0.66694635,0.674819,0.656436,0.6620509,0.6946605,0.6941226,0.6310125,0.6736943,0.6422029,0.6751842,0.6823111,0.6875374,0.66166717,0.64795405,0.67610365,0.6804864,0.68594724,0.67190903,0.684444,0.64824843,0.65355223,0.6704259,0.6610481,0.67986363,0.7103053,0.691704,0.6639785,0.6836127,0.6627496,0.6974172,0.6605628,0.65089697,0.64038616,0.63141626,0.6604113,0.6790185,0.68421113,0.6378464,0.67318887,0.68178135,0.66893107,0.6737191,0.6540982,0.68969685,0.67356545,0.6625823,0.642914,0.6898046,0.6869849,0.66858613,0.6943287,0.6693414,0.68046206,0.67911845,0.6769777,0.6684105,0.663644,0.65504783,0.6632509,0.68540615,0.67630064,0.6736729,0.6464364,0.66467404,0.6648709,0.6781576,0.67843276,0.6651731,0.6843416,0.66276115,0.6563162,0.6450547,0.66568077,0.65748674,0.6780093,0.68373495
0.6438838,0.67831343,0.66957396,0.6402634,0.68236667,0.70115167,0.67519146,0.6947102,0.6629576,0.66918826,0.6626872,0.6607881,0.67014533,0.6587458,0.64388275,0.67089796,0.65013176,0.6484749,0.6615123,0.6594742,0.6622361,0.64360625,0.680217,0.6363981,0.66262263,0.6960206,0.7151577,0.65688914,0.68533903,0.667682,0.6708458,0.6598265,0.66968244,0.67796195,0.6653781,0.6371674,0.6521072,0.6632237,0.6898276,0.6665103,0.6447446,0.6603809,0.6895853,0.6796044,0.6564184,0.67427677,0.65302974,0.6753482,0.6732926,0.6758802,0.6631116,0.6508285,0.66137266,0.6704268,0.6533626,0.6751161,0.65902853,0.6515184,0.65427125,0.6745163,0.6507891,0.65336114,0.67392427,0.70331615,0.6914068,0.6804042,0.69466835,0.68360466,0.6626643,0.6527297,0.66661686,0.68875676,0.6768605,0.62798464,0.67230576,0.65621907,0.6747089,0.6897836,0.66172516,0.70034033,0.7027357,0.6905095,0.69564265,0.673531,0.6616929,0.6765663,0.6427758,0.65803105,0.6658754,0.67142075,0.68885463,0.6893322,0.6697666,0.6528875,0.6935659,0.6485539,0.6732316,0.6509606,0.6578917,0.656106,0.6972346
0.6449094,0.69659585,0.67921203,0.6613789,0.6624922,0.6593351,0.6846089,0.67956704,0.65326804,0.66486233,0.67951816,0.66750824,0.6798081,0.69277495,0.68095803,0.6644,0.68316936,0.6557668,0.67599964,0.65557224,0.6766087,0.6735384,0.6782731,0.64641094,0.6713365,0.6660839,0.65886414,0.66631097,0.6641438,0.6768496,0.6700443,0.65240127,0.683387,0.67065996,0.67698985,0.6867851,0.6774024,0.6472797,0.67128265,0.65595084,0.67480236,0.6614098,0.6553342,0.6722285,0.65452486,0.68954057,0.6566,0.6596857,0.692447,0.6687452,0.6725878,0.69079065,0.65788656,0.66815215,0.6452604,0.66943634,0.65979046,0.64579445,0.69801414,0.67639136,0.669662,0.6556575,0.646629,0.66065776,0.656607,0.67278194,0.6476731,0.66647846,0.67127746,0.6707917,0.6771449,0.6606448,0.67100793,0.6577298,0.67912275,0.65798795,0.6691776,0.66297275,0.6682411,0.6853747,0.7017313,0.6556079,0.6415961,0.6399249,0.65336055,0.67764497,0.6876187,0.6532436,0.6651595,0.68976134,0.6675832,0.6926368,0.66455,0.6609652,0.6614085,0.65213066,0.67206436,0.65595126,0.6777653,0.6684625,0.66715634
0.6469627,0.6584359,0.62970525,0.6307898,0.6190477,0.63769585,0.6305519,0.6369352,0.65335554,0.64429146,0.65345395,0.6571715,0.65656114,0.64242053,0.66264325,0.66463834,0.6445296,0.6388715,0.6518896,0.64892584,0.6470059,0.6403709,0.65089387,0.66299576,0.64707094,0.63960546,0.6399507,0.6439443,0.6468889,0.638337,0.63083935,0.6438404,0.6789288,0.64913625,0.6276992,0.652648,0.61890465,0.6494214,0.6380529,0.63479584,0.6552684,0.640526,0.6656414,0.6472903,0.6608875,0.6552844,0.6290534,0.6368014,0.63634425,0.6375506,0.6529125,0.6366772,0.6397873,0.6465731,0.64971584,0.6482796,0.66807747,0.64191204,0.6328017,0.66741055,0.664258,0.63849324,0.6374133,0.64699143,0.6503945,0.668159,0.64515823,0.63531727,0.62174994,0.62636393,0.64171225,0.64067364,0.64862573,0.62354594,0.6429569,0.6657496,0.6725307,0.6418711,0.63393116,0.64896244,0.65029484,0.62533253,0.6592652,0.6513934,0.65434486,0.66226715,0.6484255,0.67643493,0.64006203,0.6683986,0.6498366,0.64721066,0.6315906,0.6404352,0.6174133,0.65596503,0.6352166,0.6183546,0.6296027,0.63845986,0.6563056
0.64832896,0.6266579,0.62853616,0.6250404,0.6285166,0.609975,0.6227506,0.6302644,0.6479216,0.6139254,0.6292025,0.6305439,0.6055291,0.6389548,0.6283669,0.6134234,0.61259323,0.6403073,0.6348693,0.60866374,0.634226,0.6261728,0.63100225,0.6344382,0.6073289,0.639983,0.62153333,0.6264881,0.6298437,0.62016016,0.6155633,0.6145891,0.63092625,0.6229214,0.6526673,0.603702,0.62217253,0.61806864,0.62302345,0.5951842,0.6280121,0.6321246,0.61526537,0.6212607,0.6500231,0.60964316,0.6306355,0.62484044,0.6420844,0.6164873,0.6168101,0.6422549,0.63313323,0.61292684,0.64109623,0.6232824,0.6223718,0.6227611,0.6387536,0.6219682,0.6144782,0.6401909,0.62491864,0.6252385,0.6314176,0.616409,0.6238833,0.6370292,0.63603157,0.6469173,0.6340981,0.6147271,0.63118917,0.632683,0.636892,0.62310976,0.61518943,0.6285508,0.6297974,0.6241098,0.6409047,0.6272337,0.62163836,0.6456762,0.6284759,0.6224676,0.62611353,0.61146957,0.601406,0.6311563,0.63063663,0.6127155,0.6390545,0.6317307,0.6148431,0.6479129,0.625429,0.63933975,0.6404815,0.6220645,0.6199092
0.6494289,0.64080983,0.6018405,0.6202484,0.65070844,0.649389,0.6173522,0.66182,0.6412056,0.64902544,0.6413219,0.6203876,0.6625917,0.6586257,0.6193989,0.6348457,0.65555865,0.62011504,0.67006344,0.64387006,0.6266724,0.6387382,0.6486809,0.63906115,0.6500011,0.6190636,0.627395,0.65197456,0.6560523,0.64716923,0.64327437,0.66928834,0.6733095,0.6547566,0.63890344,0.64736116,0.64894575,0.6413706,0.64892834,0.67016625,0.64557695,0.6229273,0.6294221,0.67166084,0.64542204,0.6420401,0.62943375,0.64887995,0.6567907,0.63897973,0.64389056,0.6270321,0.64264065,0.6329004,0.66244805,0.64286345,0.6378518,0.638992,0.62703806,0.6288058,0.65123254,0.64508164,0.6224187,0.6595943,0.6435053,0.6240069,0.65556365,0.6472922,0.6378022,0.631841,0.6503686,0.6408686,0.63601834,0.6166485,0.63159186,0.6516114,0.62816745,0.6524742,0.66116786,0.62616676,0.63715035,0.6466866,0.6508355,0.6222339,0.63079834,0.64512736,0.64003295,0.626428,0.6403992,0.63488406,0.6470902,0.63145715,0.61892635,0.61819535,0.6397198,0.6289267,0.6590737,0.6673417,0.63252395,0.65647274,0.6718015
0.6496719,0.6573696,0.6187969,0.6405366,0.6405626,0.6399381,0.6411267,0.6365543,0.6285617,0.6195974,0.63282,0.6223078,0.63499427,0.631826,0.64628595,0.6382225,0.6330288,0.65323573,0.6136637,0.6452896,0.62710494,0.62983197,0.6371669,0.6109735,0.6304143,0.62558144,0.64206344,0.63430566,0.6367908,0.63740987,0.6283281,0.63197136,0.6498668,0.6537605,0.6360365,0.64829487,0.63755786,0.6458362,0.6407624,0.61711866,0.641658,0.6376436,0.6405113,0.6120184,0.6357156,0.6176638,0.65656596,0.6464246,0.6421903,0.6165919,0.6518533,0.63987076,0.6396327,0.6495656,0.6450905,0.6602321,0.63608277,0.6403063,0.61685836,0.64474714,0.63091785,0.63328385,0.6315958,0.6446564,0.6516892,0.65483576,0.6425285,0.668599,0.63426405,0.633637,0.62395424,0.65782195,0.6789565,0.6383665,0.64845294,0.640695,0.6268665,0.6316028,0.6239884,0.6545473,0.6310169,0.65480435,0.64241016,0.6296142,0.66117054,0.6496709,0.63526946,0.6496646,0.6521262,0.6403626,0.6149619,0.61628944,0.6331329,0.60944325,0.66637915,0.62010586,0.6484838,0.63484126,0.6269557,0.6325417,0.6359553
0.6505669,0.6585203,0.6900262,0.6892324,0.6702941,0.7061562,0.6934336,0.67057806,0.6869138,0.676657,0.67248285,0.6816931,0.7018823,0.6830111,0.6835329,0.7028192,0.68124527,0.6784789,0.6866701,0.686138,0.6721539,0.6935218,0.6883954,0.6723917,0.69106644,0.6651745,0.6544406,0.6590362,0.6983171,0.6879441,0.73248583,0.75627536,0.66659206,0.7059491,0.7057933,0.7190562,0.6688823,0.6720385,0.682663,0.6664979,0.6904364,0.6785843,0.68023694,0.67081636,0.70702106,0.6736302,0.70957726,0.6962887,0.6687179,0.6720143,0.66658753,0.66230416,0.6694771,0.65149117,0.69368565,0.6636697,0.67042404,0.68153566,0.6681853,0.66371125,0.6851633,0.6747127,0.69373065,0.6675996,0.70427746,0.68188345,0.6891656,0.6759451,0.71659344,0.6532102,0.6704108,0.65964025,0.67052937,0.6723507,0.6837011,0.6815087,0.69808286,0.6776111,0.6772935,0.67152804,0.67906076,0.67213815,0.6961591,0.68200487,0.6674245,0.69005305,0.6792432,0.6553442,0.7168712,0.6520179,0.6537105,0.6700222,0.6940004,0.6586599,0.64071256,0.6514165,0.67324907,0.7227456,0.7289069,0.68650603,0.6951812
0.65209365,0.64760596,0.62467307,0.63547343,0.62998563,0.6285729,0.62940925,0.6465405,0.6467897,0.6225351,0.6355098,0.6391026,0.6432998,0.63726515,0.640483,0.6509757,0.6318337,0.6377366,0.6252243,0.67021877,0.635784,0.64917016,0.6327998,0.64755994,0.604499,0.6381238,0.63886505,0.6381549,0.62267464,0.6521308,0.64084846,0.62690836,0.6614297,0.62184227,0.64103734,0.6716133,0.6595432,0.62722075,0.6518412,0.6535,0.63242865,0.65708745,0.63907856,0.6368713,0.62302494,0.6491485,0.6544704,0.6387318,0.65749246,0.60012776,0.6137724,0.6297399,0.63115495,0.6332401,0.6415499,0.6365851,0.642841,0.6347024,0.63727933,0.60977095,0.65068984,0.6683801,0.6195099,0.6229271,0.6436567,0.641824,0.6491649,0.63207334,0.6617673,0.64854425,0.6487583,0.6315647,0.63113034,0.6407805,0.647986,0.6715036,0.6327974,0.6237857,0.6484974,0.63870186,0.6363663,0.6533286,0.62902766,0.6192411,0.6446931,0.61951387,0.6396311,0.66087335,0.6169646,0.62878066,0.62266093,0.67899024,0.6398307,0.6330001,0.64467674,0.6393341,0.63823164,0.6652655,0.65623015,0.6740019,0.6194558
0.65222114,0.63583004,0.6647463,0.67304975,0.64191157,0.63864547,0.6315869,0.66622084,0.65080786,0.6745216,0.685957,0.6442852,0.6446026,0.6474103,0.70146066,0.66721433,0.7043387,0.66339934,0.6734865,0.6700513,0.64219254,0.659512,0.680693,0.6893306,0.66633624,0.65952855,0.6988289,0.6850781,0.6588995,0.67984855,0.671297,0.7063756,0.6828124,0.67024463,0.6315858,0.6683485,0.6310365,0.67759895,0.6827193,0.67126566,0.68865055,0.67671937,0.6692041,0.64112407,0.67984307,0.66980785,0.66062707,0.6565673,0.681345,0.6696314,0.664514,0.6619498,0.6611547,0.67050844,0.6262073,0.6640621,0.65459865,0.64852935,0.64512455,0.64542466,0.6949565,0.6524664,0.68869346,0.70001006,0.6809239,0.67205137,0.6488976,0.65411025,0.6651316,0.64814544,0.64735717,0.665476,0.6672692,0.6804719,0.70003015,0.66537786,0.6639388,0.6658497,0.654769,0.64447904,0.67723113,0.6519129,0.6621577,0.68871105,0.6551314,0.6834061,0.67536896,0.67386514,0.66889435,0.701952,0.64313585,0.67492193,0.69585854,0.65134364,0.67630434,0.6750806,0.676328,0.65923715,0.679364,0.6788391,0.6593324
0.65254587,0.6507787,0.63809377,0.6218565,0.63211364,0.63593036,0.61273,0.6447649,0.66196144,0.6340224,0.62901765,0.6193817,0.5999194,0.61979073,0.6795705,0.6313005,0.62260336,0.6291803,0.620545,0.64311427,0.6310138,0.63223356,0.613528,0.60448056,0.64073414,0.6156631,0.6467243,0.62096256,0.6399911,0.60513145,0.62422913,0.6499091,0.65027994,0.6136118,0.6298208,0.6483096,0.62986684,0.63577193,0.6471059,0.6506017,0.63536733,0.6426397,0.64718646,0.6354573,0.6544269,0.6305351,0.63473916,0.6324858,0.62939113,0.619972,0.6309616,0.6224411,0.6536843,0.6454955,0.6134972,0.63005275,0.63972634,0.630491,0.63579637,0.65838164,0.62831944,0.62621063,0.62618417,0.62736243,0.6271829,0.64871734,0.6298399,0.6210739,0.6238402,0.6384937,0.64317185,0.630488,0.624409,0.6258784,0.6291558,0.651875,0.6320665,0.6430188,0.6374164,0.63543093,0.6570638,0.624322,0.6419541,0.6432453,0.61115074,0.6431832,0.64296967,0.63995105,0.6258761,0.6342539,0.613893,0.64124817,0.6486495,0.6283782,0.6561493,0.6411035,0.64006764,0.6413296,0.63577944,0.64699584,0.6358297
0.65467674,0.72322387,0.6790074,0.71938163,0.6687631,0.6903805,0.69553024,0.6633685,0.72200185,0.69324595,0.7057686,0.70499283,0.6917761,0.69440365,0.66139096,0.7180672,0.6979006,0.7032861,0.71644044,0.7285964,0.69713986,0.7316043,0.6776455,0.6788795,0.7296437,0.7092741,0.67655116,0.7323745,0.6993657,0.697594,0.68023866,0.71037346,0.6876709,0.7078981,0.6813822,0.68274003,0.6877653,0.7036415,0.69509274,0.703736,0.660994,0.6951214,0.7330288,0.71035546,0.72347206,0.690483,0.71163446,0.71864814,0.68238324,0.68202895,0.6790386,0.7392531,0.71510184,0.6870981,0.6665891,0.70225847,0.68247485,0.70966905,0.7142448,0.7265097,0.71115136,0.66894704,0.70862323,0.7008967,0.7252223,0.7168687,0.66846573,0.6950652,0.6883947,0.7018185,0.7114714,0.6894847,0.67899895,0.6890307,0.7155418,0.7167417,0.6960295,0.69659406,0.7279552,0.67825055,0.7021185,0.7016259,0.69186777,0.6759007,0.687394,0.70442635,0.70615137,0.7212208,0.7026705,0.70275015,0.6957687,0.72083443,0.6825054,0.7132527,0.70184976,0.74534774,0.6918173,0.70609605,0.68892735,0.7208097,0.6835827
0.65767866,0.6239548,0.662278,0.64553744,0.64230686,0.63593537,0.6469678,0.65977544,0.6731929,0.660565,0.6311398,0.6354932,0.6520824,0.6569884,0.6358752,0.6393855,0.6486065,0.6585867,0.6497424,0.6533019,0.6606464,0.65142494,0.6367622,0.66891146,0.6322001,0.6380802,0.64042026,0.66225004,0.66487926,0.65610266,0.64728934,0.6447381,0.6403934,0.65178245,0.66126066,0.63932437,0.6431314,0.6530612,0.65929806,0.64163303,0.6473474,0.63693064,0.6419385,0.64452136,0.6416328,0.6907174,0.63796014,0.64739865,0.63176906,0.67500275,0.67533195,0.6392834,0.64182585,0.6371376,0.66526693,0.6434323,0.64458495,0.6520381,0.6631177,0.64482147,0.63030714,0.64517915,0.6562592,0.6640224,0.65094674,0.64476436,0.62586915,0.64860773,0.6501937,0.65976995,0.6510969,0.6366319,0.6462447,0.6303785,0.64331967,0.6395388,0.6696678,0.66356874,0.6547187,0.63157964,0.624324,0.6359183,0.6652512,0.6406137,0.6510208,0.655038,0.66735065,0.6324722,0.6206073,0.6385271,0.6459471,0.6559032,0.6462849,0.6314529,0.6547867,0.6514845,0.63287216,0.62858474,0.6406904,0.65708596,0.66108954
0.65816605,0.65351146,0.67082727,0.6722705,0.6543494,0.6639492,0.70128185,0.6447366,0.64004284,0.6648759,0.6545659,0.6696761,0.6698889,0.659836,0.67222553,0.6578149,0.6376278,0.6738319,0.6495408,0.67818755,0.64794797,0.6537198,0.6608172,0.6372557,0.658166,0.6527014,0.6656015,0.7001479,0.6245323,0.6438781,0.6482195,0.65070385,0.680273,0.6800465,0.66667366,0.6497031,0.67582595,0.6632355,0.67224944,0.67120534,0.66298866,0.658541,0.65985316,0.62137705,0.6624765,0.6468738,0.6868658,0.6454391,0.67291653,0.675029,0.67024535,0.64436555,0.6555471,0.6552351,0.6826622,0.65718627,0.65170246,0.68528026,0.6715714,0.6715026,0.6786706,0.67707604,0.67287046,0.67987055,0.6484128,0.62961555,0.6606394,0.6575528,0.65930814,0.65983933,0.6558184,0.69720024,0.6727689,0.66620904,0.6571223,0.66563123,0.6715496,0.6534162,0.6586188,0.69123536,0.6684944,0.6633016,0.6675469,0.685376,0.67421776,0.65003794,0.67997926,0.650415,0.6651352,0.65413076,0.6621784,0.6801706,0.6812456,0.66660875,0.669675,0.6448631,0.660881,0.6590996,0.6518711,0.6521273,0.6550165
0.6595126,0.6202896,0.61532587,0.6301247,0.61982495,0.61586916,0.6088367,0.605447,0.63786143,0.62939173,0.6417932,0.6259225,0.62608856,0.62778056,0.620254,0.620079,0.61888796,0.6188944,0.634085,0.61643237,0.6324538,0.6341101,0.60971004,0.6161743,0.61715215,0.6052074,0.6373004,0.6287324,0.637677,0.6265395,0.62106055,0.62993354,0.59690285,0.60177934,0.6144497,0.6284072,0.61730343,0.63335234,0.61687344,0.65043026,0.6175097,0.61609125,0.6121519,0.6303658,0.6180379,0.610943,0.6337945,0.62441593,0.6394783,0.6195269,0.6165771,0.6270699,0.6319265,0.61857134,0.63516605,0.6092082,0.61059314,0.60841936,0.6235269,0.6396623,0.6189067,0.6280307,0.63624483,0.62225884,0.6250765,0.6368424,0.6305371,0.6140089,0.6216115,0.6088415,0.62677926,0.6158126,0.63158655,0.6350382,0.6455147,0.6318304,0.6318874,0.61140877,0.6252251,0.61633843,0.62028915,0.6293722,0.62228805,0.6298332,0.62508744,0.6259112,0.62369066,0.6333812,0.6116083,0.6159685,0.6033682,0.64997905,0.6331478,0.61977476,0.6197297,0.6211671,0.61555535,0.6006044,0.63512385,0.6335506,0.6414359
0.6614223,0.6445895,0.63984567,0.6795059,0.63850194,0.66186696,0.6868517,0.66538024,0.6662727,0.6140236,0.66471463,0.6613041,0.66707873,0.65468943,0.66328883,0.66581017,0.6823469,0.6770057,0.67996186,0.67314625,0.664072,0.6543911,0.6480244,0.67968184,0.67363685,0.6647398,0.6470397,0.6803896,0.64879864,0.66057605,0.69859296,0.6846964,0.6457953,0.66780657,0.6421587,0.6618674,0.6692725,0.6879731,0.6576513,0.63917905,0.6568821,0.66703326,0.6657582,0.64922684,0.66234297,0.6606628,0.6684034,0.6581241,0.6214238,0.66660285,0.66719955,0.64900553,0.65478545,0.6759237,0.6582641,0.6607935,0.6478054,0.6680791,0.6491807,0.66342884,0.6641614,0.66572624,0.65282947,0.6711455,0.68170637,0.6651803,0.65312564,0.6570693,0.65932614,0.6777954,0.68233174,0.6476725,0.6539453,0.68696934,0.6637921,0.6622705,0.6763938,0.70021313,0.6631493,0.6318304,0.6405251,0.67981917,0.65192944,0.66852957,0.6481878,0.65625817,0.6523059,0.6665995,0.66046125,0.6435372,0.67907053,0.66441524,0.66905427,0.6751296,0.63009906,0.65885454,0.63663524,0.675374,0.6524467,0.6526858,0.67083895
0.6624489,0.66771656,0.6747133,0.66528744,0.6998909,0.6624533,0.67490476,0.67452866,0.6565848,0.7033544,0.6599333,0.65739614,0.65936446,0.6594568,0.6316463,0.6448794,0.6739381,0.65606207,0.6862114,0.6570339,0.6954774,0.6785525,0.6597626,0.6451721,0.65013,0.67935747,0.70497346,0.67531276,0.6550677,0.6810611,0.63164467,0.696834,0.663307,0.67813766,0.6519961,0.64554274,0.66725993,0.6967088,0.6537015,0.6894675,0.6591038,0.669133,0.6638476,0.65875,0.67141104,0.6582753,0.6541679,0.65628123,0.6703623,0.66813666,0.66382307,0.6471387,0.6849785,0.6514372,0.67244476,0.67506576,0.67503935,0.65624285,0.6739487,0.69245523,0.66802084,0.6653457,0.6627391,0.6855346,0.6590057,0.6791329,0.6720645,0.6560347,0.70142645,0.69046277,0.65028125,0.6698435,0.6840218,0.6829638,0.66517985,0.6803227,0.6596686,0.6924191,0.685697,0.6598759,0.63558775,0.6894432,0.6625627,0.67942953,0.6556205,0.6513205,0.67099494,0.68858343,0.6742222,0.66327375,0.72221273,0.6653721,0.6718109,0.6616194,0.6914416,0.6626888,0.6815147,0.67279476,0.68572646,0.65930504,0.6681549
0.6633661,0.6494373,0.6475559,0.66580063,0.67140573,0.66190153,0.63961387,0.6633362,0.64949054,0.63699293,0.6200533,0.65077704,0.6563081,0.6256352,0.6556905,0.63389534,0.63272756,0.63079447,0.6339165,0.6450867,0.6789095,0.6553298,0.6567177,0.65575355,0.6524563,0.64482254,0.6531897,0.65953606,0.64251775,0.6865001,0.6572249,0.6582262,0.6582615,0.67960507,0.661773,0.66582537,0.63600606,0.6612686,0.6486128,0.652435,0.62601465,0.65908635,0.6248456,0.6560057,0.6645557,0.65008783,0.656998,0.63152236,0.6483989,0.6599687,0.6511883,0.64228183,0.65953,0.6683746,0.64481837,0.67108095,0.653501,0.6512587,0.64464456,0.65832394,0.6692897,0.6624719,0.6480386,0.65962416,0.6416997,0.63994855,0.66493434,0.65781987,0.657172,0.66325325,0.64202535,0.64729893,0.6716878,0.6860189,0.66011745,0.6651344,0.64247507,0.6408064,0.6548948,0.6670086,0.66440725,0.6652618,0.6526503,0.6363202,0.66530836,0.6342073,0.6536104,0.6479283,0.67305243,0.6517445,0.64198005,0.6505818,0.64501435,0.68147224,0.6533618,0.6776566,0.63067526,0.6433874,0.66757274,0.659728,0.654367
0.66534835,0.63711476,0.62681335,0.62084407,0.6161459,0.6253684,0.61168575,0.6342941,0.6230303,0.63451326,0.60073954,0.6353567,0.6233903,0.63023645,0.6110746,0.6253651,0.6447604,0.64609057,0.6311342,0.645442,0.61890846,0.6292656,0.6177814,0.6246208,0.63293093,0.6261883,0.6181491,0.61466616,0.63388103,0.6492137,0.6198129,0.6081032,0.6314376,0.64749926,0.6291751,0.60008675,0.65489405,0.6285698,0.6118906,0.6361926,0.6198971,0.6142773,0.6172814,0.63047534,0.6361582,0.6303566,0.6169997,0.61573577,0.60769826,0.6193536,0.6044207,0.62559265,0.6260978,0.6218789,0.6233897,0.63236016,0.61624604,0.62075,0.6286171,0.6005464,0.6196584,0.61862624,0.61893874,0.6425408,0.6422475,0.63629144,0.6111215,0.6201152,0.6421669,0.61857647,0.63812286,0.640118,0.61210537,0.6165747,0.61953425,0.61039984,0.6173246,0.61867243,0.6190705,0.61404335,0.6201504,0.5974027,0.6071876,0.63234204,0.6152372,0.61124575,0.6099799,0.6310152,0.62424403,0.6330126,0.6356028,0.62184507,0.6268837,0.6328759,0.63480014,0.6032075,0.61687404,0.61103326,0.6256241,0.63061947,0.6124009
0.66645914,0.6444923,0.64418226,0.6390399,0.6312656,0.62571067,0.64807326,0.63676983,0.60415286,0.6153064,0.636853,0.65424126,0.63710004,0.64547414,0.6402715,0.63726914,0.6169918,0.6323922,0.63048226,0.64752775,0.6325093,0.64375776,0.6225441,0.63592,0.63223827,0.6398575,0.6321607,0.6235232,0.62531036,0.6289267,0.6438586,0.63460845,0.6324033,0.629964,0.62313896,0.6544239,0.6423284,0.64645916,0.63012856,0.6504887,0.6472816,0.6358826,0.6487219,0.6223462,0.6449823,0.65236485,0.64831096,0.6220973,0.6429669,0.6468475,0.6252676,0.6450033,0.6460472,0.63250667,0.63737077,0.6450839,0.63436276,0.63753253,0.6306414,0.618979,0.63035697,0.6455803,0.6374057,0.62861735,0.63246864,0.6494179,0.64230573,0.6281073,0.63772255,0.62596756,0.6360429,0.6279022,0.65048915,0.6441602,0.63135546,0.61809915,0.6426854,0.64340216,0.63162494,0.6325089,0.64786845,0.63358504,0.6352152,0.6208007,0.6340763,0.62729746,0.63116133,0.61634004,0.6325507,0.6343201,0.6371653,0.6476038,0.65351933,0.62712365,0.62549263,0.61509365,0.62462956,0.63964516,0.62248904,0.63095164,0.6160298
0.66686654,0.733446,0.6876268,0.69886905,0.6809146,0.6997408,0.7136861,0.69509834,0.71043736,0.71159095,0.69598407,0.6832215,0.7057728,0.673812,0.69808775,0.69757015,0.714462,0.73744327,0.6594264,0.7024977,0.70043045,0.7283255,0.6734099,0.6820863,0.6745224,0.6995327,0.7083716,0.7024786,0.68980175,0.69078124,0.7058669,0.7043155,0.67228526,0.67633575,0.7050476,0.7149591,0.71578723,0.7022063,0.73199266,0.71144253,0.71803397,0.68334705,0.6847773,0.6946346,0.7287519,0.7236766,0.669436,0.71558815,0.68418866,0.68326813,0.7165821,0.68922216,0.70871353,0.6990844,0.73615843,0.7320724,0.7070666,0.6913274,0.68001276,0.67749494,0.7002979,0.72951084,0.7213878,0.7058062,0.69523597,0.70956975,0.6949913,0.6770521,0.6906869,0.7191348,0.67787033,0.6996019,0.69142777,0.6877883,0.7071759,0.70704216,0.7216929,0.69348043,0.72262603,0.69663554,0.7400237,0.7077891,0.6760665,0.73743063,0.6765272,0.72899735,0.7197877,0.70341474,0.6903683,0.6880142,0.6738163,0.70433563,0.7392295,0.7140451,0.7113467,0.7413602,0.75035936,0.70290405,0.6738124,0.722483,0.693705
0.6682134,0.6517331,0.6685125,0.6475018,0.66988456,0.67296416,0.64681476,0.65156525,0.6814472,0.690265,0.69455695,0.6780397,0.66376615,0.67635936,0.65989983,0.69978994,0.6457714,0.6649682,0.662798,0.69257873,0.64660364,0.66755396,0.658645,0.66977566,0.65104157,0.6881921,0.6642298,0.6595556,0.685252,0.68171424,0.6524026,0.6427935,0.69718534,0.6783946,0.675869,0.6618318,0.65534526,0.65298843,0.6503759,0.66853267,0.65904295,0.65482295,0.67636263,0.66339266,0.6748095,0.6927528,0.659145,0.6690275,0.65169054,0.66012746,0.6875319,0.6842933,0.65897244,0.65268064,0.67457753,0.67151743,0.67802817,0.64013916,0.6585154,0.65331906,0.645739,0.6668842,0.6591459,0.66046804,0.67710906,0.6537847,0.693537,0.6840205,0.68770665,0.6932609,0.6816514,0.6939294,0.6584385,0.6425413,0.6644523,0.6647133,0.68582875,0.6909166,0.69166154,0.67210686,0.6455747,0.7108272,0.66125196,0.6575363,0.65638864,0.66723263,0.6513345,0.6865523,0.6800867,0.6438226,0.6639375,0.6679941,0.67027974,0.6743311,0.6983376,0.6548533,0.6344295,0.67368424,0.6714872,0.6571259,0.6729396
0.6683195,0.67789084,0.70218045,0.6881414,0.688406,0.68926543,0.6785794,0.67716455,0.687727,0.67354405,0.7051442,0.6911741,0.6849045,0.6716321,0.69141126,0.6856947,0.6584218,0.6903685,0.673574,0.6844089,0.65441865,0.6823955,0.67788786,0.72644633,0.66923815,0.66958326,0.6656929,0.69462717,0.70756954,0.6689638,0.7219577,0.6762746,0.67133784,0.6631939,0.6763405,0.692982,0.67090267,0.6977719,0.6771453,0.6506948,0.66536987,0.65361124,0.707017,0.70081073,0.69383484,0.68955535,0.689146,0.69596726,0.6828708,0.702357,0.66013056,0.6622918,0.70130914,0.66136676,0.67415637,0.6675033,0.7194279,0.68031806,0.6865203,0.6908589,0.70627403,0.6581544,0.7035819,0.66444284,0.66722405,0.66914207,0.67109495,0.6989535,0.66366583,0.67862624,0.6720933,0.6657371,0.6776752,0.6822858,0.676077,0.67310005,0.68811995,0.69608045,0.68227637,0.6538535,0.6665396,0.65048295,0.71552473,0.6664067,0.6675634,0.678552,0.6891253,0.6931202,0.6631568,0.65581465,0.67789894,0.6764941,0.63426405,0.6760337,0.6868828,0.6975292,0.7014763,0.6944898,0.6824876,0.65100545,0.69009095
0.6684942,0.66720927,0.64178,0.6581281,0.65419286,0.6661419,0.6650251,0.65147716,0.64793044,0.6606224,0.67072415,0.6542838,0.67015845,0.6413989,0.6489307,0.6577544,0.67864686,0.671604,0.6505063,0.68961185,0.6677113,0.66967255,0.6916961,0.67053217,0.66832155,0.66266567,0.6525706,0.66750395,0.68437505,0.6745713,0.65959257,0.63847107,0.6791316,0.6796435,0.6470482,0.67826843,0.67032987,0.6801044,0.6722135,0.6671742,0.66199154,0.66960925,0.68485516,0.68786305,0.6575625,0.6394033,0.6843129,0.68387574,0.6503419,0.6818864,0.6464396,0.6675938,0.69413537,0.68823045,0.6806963,0.6743178,0.66162646,0.67518646,0.6572967,0.66491526,0.6956622,0.69585437,0.66758263,0.70377445,0.65228754,0.7048009,0.6609622,0.68520397,0.6672599,0.65576726,0.70354813,0.6639351,0.666038,0.68659586,0.6737332,0.6459875,0.66216445,0.68184537,0.6486142,0.70512766,0.6774078,0.67606264,0.6776144,0.69260675,0.6850031,0.6692896,0.6480421,0.6560905,0.6488256,0.68054414,0.6694859,0.65733874,0.66740257,0.6656225,0.66637003,0.6656258,0.6696528,0.6794117,0.6631766,0.67557085,0.6937397
0.671135,0.6757059,0.7074147,0.69324315,0.7122305,0.7335318,0.6729963,0.6935889,0.7515706,0.71409863,0.69638985,0.7121143,0.6996048,0.7087192,0.68169993,0.70537287,0.7115254,0.70162994,0.7120194,0.7117315,0.6802182,0.68433756,0.6643071,0.70139027,0.6810587,0.68051976,0.7039068,0.7082491,0.6906468,0.70273966,0.7213786,0.6670867,0.7036383,0.72717077,0.69498044,0.71426976,0.673004,0.71468484,0.7064175,0.7297375,0.6976146,0.7190538,0.7119153,0.68962765,0.73540074,0.7542414,0.7022713,0.7071418,0.6717185,0.6815471,0.70307916,0.6767424,0.71722454,0.696804,0.71643776,0.7081949,0.7006015,0.7357213,0.70329624,0.7255058,0.7275892,0.692616,0.6968315,0.68476194,0.6874539,0.6953238,0.6745817,0.69180256,0.7010729,0.7037727,0.7547106,0.7261244,0.71708626,0.71338105,0.68213546,0.6870037,0.7001634,0.7120702,0.73435867,0.71198547,0.68503183,0.6646579,0.7103764,0.72481614,0.72689813,0.6617246,0.71806467,0.72248167,0.7166383,0.7142262,0.6782152,0.69224554,0.69916224,0.7134512,0.692723,0.722303,0.73958576,0.6855846,0.6977947,0.6658973,0.68141156
0.6749118,0.68254596,0.67086834,0.70203745,0.6737159,0.67268366,0.6807257,0.6713822,0.6938129,0.6626049,0.6813758,0.6770788,0.6836865,0.7023872,0.69476146,0.6991516,0.69128686,0.67936546,0.68084925,0.6402636,0.66593534,0.6904232,0.66135126,0.65100384,0.678467,0.6902481,0.6892758,0.7005851,0.7000361,0.66705114,0.6607867,0.6705614,0.66478056,0.68767697,0.6909602,0.6934109,0.66339606,0.6791327,0.6797641,0.67287356,0.653367,0.65048194,0.6707473,0.6539573,0.66616625,0.6907373,0.6787339,0.70333004,0.64851195,0.67239076,0.69228226,0.67775357,0.68397146,0.669333,0.6516305,0.6849577,0.66831195,0.6594326,0.6778502,0.66088766,0.67906696,0.70034194,0.6739432,0.6715619,0.6760759,0.6706751,0.66742367,0.6796433,0.7026904,0.66956776,0.6801558,0.66957027,0.66236824,0.649646,0.6598336,0.6775213,0.68163174,0.65444,0.6938103,0.6526136,0.7066596,0.70031875,0.6972874,0.67057455,0.660397,0.6807197,0.6984219,0.7137519,0.67160505,0.6735808,0.666771,0.66484797,0.64457375,0.69181097,0.6522658,0.67534924,0.68137115,0.66567045,0.6772695,0.66375446,0.6857565
0.67494535,0.67970836,0.6654304,0.6440496,0.6796178,0.6883065,0.6668773,0.6725568,0.6644657,0.67405766,0.6447591,0.66134745,0.7061575,0.6716891,0.6667221,0.655369,0.67299885,0.68025285,0.68130654,0.6880403,0.65494746,0.65202385,0.6681256,0.69590634,0.72751963,0.63685554,0.714182,0.6892207,0.6784794,0.6845218,0.6683593,0.683592,0.67500776,0.64606196,0.6742398,0.6996066,0.6670063,0.705741,0.68566215,0.65721613,0.67167586,0.6817644,0.67403173,0.6687798,0.69058007,0.694336,0.66733116,0.65585023,0.69214875,0.66727006,0.6806597,0.6774749,0.68601096,0.67062086,0.6701725,0.69589597,0.6918588,0.6728522,0.67382175,0.6700707,0.7011323,0.6782734,0.6724331,0.6802112,0.6556043,0.6840644,0.6641597,0.6578229,0.6870925,0.6586628,0.6712764,0.6593059,0.64858395,0.7013785,0.68598574,0.68041766,0.6722971,0.6552573,0.67547166,0.67685044,0.6535991,0.6683454,0.6884347,0.65717554,0.6755951,0.6443722,0.6863551,0.68325394,0.6896347,0.6973737,0.67128485,0.67160565,0.69194084,0.6684471,0.68757486,0.66353196,0.7034267,0.6900789,0.6746863,0.65666735,0.68508196
0.6769094,0.6895496,0.6918771,0.6468465,0.6997114,0.64816743,0.6649285,0.6758334,0.65704274,0.664183,0.67264104,0.63712436,0.6903446,0.666583,0.6780919,0.66736007,0.71816117,0.6666462,0.7046694,0.65884846,0.68430454,0.64444155,0.6427832,0.6828035,0.6504824,0.6938614,0.68638706,0.65681094,0.67476296,0.63297325,0.69779783,0.70841163,0.6587844,0.6892315,0.6412414,0.66482127,0.643703,0.67658067,0.6755674,0.6701687,0.67347366,0.66316277,0.6468056,0.6591211,0.65510184,0.66955686,0.65149766,0.68823665,0.66434044,0.6899692,0.6712195,0.6516097,0.6553522,0.6489611,0.672105,0.6691939,0.6512807,0.664199,0.6767361,0.6786266,0.6502314,0.6521614,0.66856784,0.67733365,0.66774434,0.68657136,0.6599311,0.6594849,0.6844192,0.6496027,0.6770229,0.68416137,0.66526896,0.66640896,0.6681617,0.67881006,0.67512447,0.63884836,0.64195174,0.64777786,0.6878113,0.66123396,0.6661034,0.6763715,0.68705326,0.6728522,0.6513147,0.6871583,0.64656466,0.66590166,0.6877709,0.6500161,0.66706663,0.681348,0.6690064,0.652101,0.65050095,0.65487754,0.65830964,0.65492964,0.65217227
0.67797863,0.6927208,0.6850972,0.68747216,0.71523,0.6711288,0.69065505,0.68753844,0.66998035,0.6466425,0.6931012,0.669305,0.6631848,0.65982586,0.6787681,0.65725946,0.6828738,0.65524334,0.64581233,0.65759,0.67771316,0.69540805,0.6713292,0.6940927,0.7233553,0.6445115,0.6975004,0.68678135,0.70772636,0.6894464,0.66751057,0.68009514,0.6974645,0.6674021,0.692701,0.67579406,0.6819581,0.7043007,0.69704306,0.6916073,0.6951527,0.6804784,0.66482276,0.6797891,0.6543198,0.6479408,0.6734579,0.69681424,0.6787384,0.65153116,0.67065424,0.7025517,0.73669916,0.6953535,0.68287116,0.6724854,0.67640346,0.6975433,0.67209476,0.6885486,0.6716191,0.67804855,0.7073706,0.66924626,0.6694083,0.6790541,0.6549228,0.64216197,0.67775315,0.6792205,0.65743524,0.6590877,0.6979113,0.69129086,0.65305626,0.68123,0.69127727,0.6895496,0.67919075,0.6567395,0.68314445,0.6783943,0.68566525,0.66748065,0.6803009,0.6659146,0.6839338,0.65999365,0.6805607,0.6857602,0.6794997,0.6857361,0.63890094,0.665088,0.6894726,0.7176072,0.6804351,0.6598054,0.68168646,0.6735771,0.6715261
0.679271,0.6947304,0.6934664,0.6937954,0.6963753,0.6846389,0.7322654,0.7236095,0.7508042,0.7260185,0.701879,0.69599193,0.69444937,0.7187706,0.68956697,0.6632692,0.7107021,0.7231911,0.70236033,0.70450985,0.74008226,0.6916448,0.71862656,0.7202168,0.68206507,0.6758342,0.6856326,0.71032864,0.70002556,0.72741157,0.6988964,0.7178461,0.736425,0.67304164,0.7037743,0.70826524,0.6992838,0.69619125,0.7126264,0.6919243,0.69410825,0.73355734,0.6851994,0.71868724,0.7308037,0.6859891,0.72893375,0.6706454,0.7358809,0.73136026,0.6866585,0.71276695,0.72474974,0.7372367,0.7038952,0.70957905,0.70667356,0.69480675,0.7227263,0.70196974,0.69306076,0.7146915,0.7290902,0.7377119,0.7223763,0.67987806,0.710769,0.72930425,0.6796906,0.68793285,0.70617384,0.71544904,0.7012697,0.7135733,0.72122043,0.6696009,0.6891784,0.6928708,0.68338925,0.6945072,0.71320313,0.7005591,0.7098015,0.7119395,0.69545346,0.70067817,0.6928262,0.7130447,0.7209783,0.7103377,0.7192092,0.7131856,0.67941767,0.70997727,0.701007,0.7079836,0.68424803,0.76505005,0.71927476,0.681823,0.7241289
0.6803503,0.646666,0.67404443,0.66022617,0.6627578,0.6858028,0.6438759,0.66593903,0.67227286,0.6852228,0.6741052,0.65575737,0.6771688,0.6514211,0.6525537,0.69154894,0.66249794,0.6519342,0.66186166,0.64390457,0.6638965,0.6911023,0.65661854,0.64920956,0.6418515,0.63956016,0.6753201,0.6856212,0.6653914,0.6762276,0.69498485,0.6969713,0.67686445,0.6798869,0.67692506,0.67966145,0.66515523,0.6898837,0.6585086,0.6810047,0.672364,0.66299593,0.6960301,0.6576651,0.65689707,0.6725349,0.6706788,0.66811836,0.6698316,0.65895545,0.6660859,0.6599814,0.658753,0.67241603,0.6549028,0.6618181,0.66816264,0.6947678,0.6433796,0.62219006,0.6465991,0.6892511,0.66245925,0.69551384,0.65294486,0.6493753,0.6654462,0.6636054,0.63308674,0.6439744,0.6749827,0.6323853,0.64545023,0.66146266,0.63651973,0.6574756,0.68743134,0.65322703,0.6574182,0.64917177,0.6650705,0.6799397,0.66776544,0.64069754,0.63581115,0.6723016,0.65518355,0.66611964,0.6523244,0.663563,0.66456294,0.70226556,0.64988023,0.66022277,0.6597249,0.6478795,0.67596763,0.6932508,0.67958283,0.66588503,0.67588216
0.6822112,0.71133274,0.70484567,0.6912022,0.70006245,0.7025477,0.6687135,0.6691644,0.685809,0.68874615,0.70597965,0.7114445,0.72066164,0.66785866,0.7151421,0.6852418,0.6869575,0.6971336,0.69129944,0.69398373,0.69358194,0.6899509,0.71654266,0.6837027,0.6965297,0.6675715,0.69759667,0.6982046,0.7228003,0.69802284,0.6968642,0.6887187,0.7113026,0.6914898,0.6830614,0.6931487,0.69255704,0.67506415,0.70135325,0.65254086,0.66676635,0.69181705,0.69243795,0.67791325,0.6878238,0.6997532,0.67218006,0.70639116,0.69298637,0.664577,0.6825916,0.6922649,0.69154423,0.6974943,0.7198456,0.72480536,0.6937315,0.7002819,0.71789974,0.70248276,0.6714083,0.72291577,0.6831522,0.6933498,0.7019361,0.69647646,0.6903363,0.6969872,0.7144291,0.67881006,0.70203775,0.71252614,0.7318905,0.68468076,0.72253674,0.68800527,0.7341952,0.7100938,0.68603235,0.69484323,0.7304899,0.6998421,0.6868685,0.71732825,0.6769232,0.7020871,0.6918865,0.69599295,0.67665285,0.71251327,0.6712526,0.7042022,0.6678135,0.6724906,0.66200954,0.72059745,0.70599055,0.68639797,0.7213228,0.7079082,0.68694335
0.68322486,0.6934516,0.67297894,0.6992644,0.7027704,0.65348315,0.669457,0.6694497,0.71722215,0.68354,0.683663,0.67129624,0.6609862,0.66801167,0.68002707,0.68677676,0.6841123,0.6689474,0.6523375,0.67632645,0.65598005,0.6641097,0.67052364,0.6617193,0.65007704,0.6513641,0.6912348,0.67295337,0.66399896,0.70435685,0.68420774,0.67522854,0.670005,0.7095688,0.6953512,0.67948335,0.65845615,0.695212,0.67746615,0.67418677,0.6844563,0.67108834,0.68188834,0.6763755,0.6393466,0.694426,0.72788256,0.6756082,0.68490726,0.70039666,0.673179,0.65977615,0.6822375,0.6692117,0.6877571,0.67283773,0.66693646,0.66031224,0.679217,0.6966239,0.65784365,0.66768354,0.66253525,0.667761,0.6583056,0.68515676,0.6494649,0.7035535,0.6665641,0.6710188,0.6650407,0.67632514,0.64373344,0.70566326,0.6804086,0.70872223,0.69775593,0.7030528,0.71528894,0.70615584,0.69410795,0.70569295,0.65167886,0.6747417,0.6721197,0.7059403,0.6371353,0.6634693,0.6895991,0.64219,0.6551626,0.6458689,0.67142457,0.68524617,0.67849594,0.6722033,0.6722267,0.6678833,0.6986088,0.6783153,0.6829963
0.6848728,0.69890827,0.6991415,0.6774068,0.6945234,0.6545921,0.6989478,0.697645,0.68222004,0.6894095,0.67307657,0.6664023,0.6996339,0.6907826,0.68047744,0.678775,0.6679654,0.6517249,0.67235357,0.66673756,0.65638334,0.67299336,0.66282326,0.69919914,0.6751656,0.6822471,0.66674274,0.69770986,0.6355438,0.6637667,0.70963305,0.6864677,0.66688657,0.6873228,0.68184304,0.6947813,0.7140482,0.6753277,0.6740335,0.68751293,0.70515,0.6716952,0.6560883,0.68280154,0.6756447,0.6978361,0.6826618,0.65981275,0.70013255,0.683436,0.66293764,0.6943728,0.696515,0.68604416,0.6795545,0.6668109,0.71011496,0.6591057,0.6754702,0.70510954,0.6702302,0.6976686,0.6920673,0.6810353,0.67157096,0.66518706,0.6883651,0.6794576,0.69040924,0.658118,0.68943036,0.66564614,0.6622693,0.70221645,0.6696576,0.67915505,0.64894426,0.6779858,0.66910195,0.6790976,0.70265645,0.7102429,0.6917855,0.6468852,0.6711895,0.6842473,0.6791335,0.69943506,0.6995838,0.68551487,0.6714267,0.6816577,0.6832914,0.672504,0.6676249,0.6797881,0.663461,0.6584749,0.66949767,0.70527846,0.6880123
0.6853074,0.6703015,0.6613894,0.70594364,0.6771988,0.6868076,0.67121655,0.6595942,0.6919665,0.6350219,0.68067974,0.67858714,0.6723708,0.67070544,0.6634603,0.6726244,0.67262477,0.68967724,0.6765228,0.68126184,0.68936217,0.6809947,0.6682004,0.66485816,0.6581395,0.6737861,0.6610393,0.6873674,0.6754144,0.656225,0.67586946,0.6851978,0.6369999,0.6582948,0.6327057,0.653312,0.69970196,0.7023738,0.6566947,0.65179837,0.6797202,0.6738369,0.6730012,0.65037006,0.66907746,0.6607286,0.6367045,0.6529137,0.658432,0.659889,0.6489583,0.68535155,0.65801096,0.6395647,0.6964341,0.6773231,0.6746676,0.6633877,0.65209675,0.66934866,0.6779631,0.6488531,0.6693756,0.6708507,0.68985975,0.6840456,0.6801298,0.648325,0.6871173,0.66072637,0.7036341,0.6599481,0.7006231,0.6717423,0.66859,0.6531272,0.67094517,0.6804076,0.6747085,0.69160956,0.6349749,0.6811399,0.65610397,0.6928329,0.66541606,0.6544445,0.6558121,0.70814,0.7144601,0.67942965,0.66442233,0.6740349,0.67991215,0.66095024,0.65504676,0.6677187,0.68660873,0.66946423,0.704287,0.68688583,0.6649725
0.68667436,0.6766303,0.6742632,0.6766134,0.6667395,0.6903285,0.6737283,0.6746765,0.6834894,0.68305826,0.70894295,0.6928566,0.688912,0.7003176,0.6919963,0.64905065,0.6556116,0.6833125,0.67821586,0.6617314,0.72191304,0.6785079,0.67615145,0.6915335,0.69123024,0.70643157,0.70654607,0.69237524,0.6558998,0.6803312,0.6719975,0.7061971,0.7058198,0.6687187,0.6943098,0.6496219,0.65115094,0.69056875,0.70351726,0.67132944,0.7106467,0.6559308,0.6891919,0.6660549,0.67771745,0.6894836,0.68959635,0.6878125,0.6873091,0.6869038,0.67619205,0.6903325,0.6650738,0.68742,0.67923033,0.6906944,0.71399474,0.6895203,0.6910138,0.6514247,0.6902775,0.7069725,0.69381493,0.6741176,0.6701993,0.6615121,0.69545597,0.66751236,0.6650199,0.69491345,0.70755386,0.6687482,0.7120604,0.62953216,0.6968681,0.68851376,0.68308216,0.6559742,0.70139545,0.7179181,0.66323996,0.6495161,0.69940287,0.6876632,0.6609827,0.6900235,0.69219613,0.688211,0.7009043,0.67221826,0.68354386,0.6642971,0.688235,0.6614348,0.6659338,0.6743557,0.6716441,0.6652319,0.7015559,0.6715948,0.676537
0.6868385,0.65034735,0.6928261,0.64562243,0.6534303,0.65452075,0.6556697,0.6801116,0.6742929,0.6705634,0.6518448,0.6624809,0.6882929,0.6293985,0.6568808,0.69902927,0.65677273,0.68448836,0.67595345,0.6729532,0.711214,0.6749769,0.67186964,0.68161124,0.6643488,0.67169803,0.67367285,0.65727955,0.6864187,0.65879864,0.66533405,0.65189093,0.67947274,0.63503546,0.65361875,0.6677765,0.64406425,0.6702288,0.67690426,0.67243075,0.6765318,0.6652586,0.6554891,0.68108016,0.696163,0.6568685,0.67953694,0.6668157,0.6728259,0.6514625,0.6967166,0.63880944,0.7091654,0.64413387,0.70886064,0.6509668,0.660808,0.658001,0.6538778,0.6924904,0.65880877,0.6642287,0.65111405,0.673101,0.6779176,0.67286164,0.65672636,0.651437,0.6683099,0.66991264,0.6540482,0.67183226,0.68467087,0.665556,0.67471015,0.6673127,0.6818397,0.6653927,0.6681598,0.6928991,0.6551387,0.6703165,0.69549686,0.6754942,0.6467506,0.6746766,0.68032515,0.69127065,0.6640116,0.6957647,0.64904106,0.6704481,0.6483913,0.65519595,0.67995816,0.6778231,0.69609493,0.6688996,0.6685446,0.68669826,0.6662618
0.6872685,0.70691884,0.6922247,0.7090168,0.719515,0.7093736,0.6548856,0.6820051,0.6896963,0.6610939,0.6914113,0.6511206,0.6991542,0.6923325,0.6625209,0.6947227,0.7012851,0.69720846,0.7154474,0.66183686,0.71041816,0.69568336,0.6890674,0.700255,0.68359226,0.67822486,0.7085025,0.70997584,0.71413857,0.6841243,0.699611,0.6947425,0.69704026,0.67834073,0.69737476,0.6908407,0.6759872,0.70373654,0.7251666,0.70348865,0.68206924,0.6965766,0.7186387,0.6826331,0.6706123,0.7075907,0.6679725,0.67437595,0.67662674,0.67495495,0.67698246,0.6821699,0.6809456,0.70008564,0.665521,0.68710405,0.692987,0.71043384,0.6909812,0.6769043,0.6950095,0.709058,0.7006839,0.66825724,0.6608973,0.7141944,0.6891361,0.6743664,0.6674813,0.69661444,0.7036043,0.68154806,0.68912554,0.6870015,0.7045825,0.70955616,0.6783233,0.6557216,0.7087935,0.6760601,0.6797605,0.6878159,0.7105857,0.71931714,0.7225461,0.6743877,0.71142,0.6709239,0.65214217,0.701013,0.69035393,0.68455297,0.7018465,0.7024321,0.6529617,0.69637585,0.71854097,0.6895656,0.6823871,0.68996364,0.6810793
0.68880785,0.6664073,0.66309875,0.62928635,0.636194,0.6513409,0.65579575,0.6526686,0.66258377,0.64148885,0.65114737,0.66856736,0.6532962,0.6328008,0.64209795,0.6500762,0.6361559,0.6535339,0.66361827,0.65492094,0.6645997,0.66613674,0.63317686,0.6578698,0.6593922,0.66374683,0.63311166,0.6415129,0.647652,0.64270335,0.6618478,0.63737047,0.6545482,0.66067743,0.621791,0.6274492,0.64611304,0.65187913,0.6367821,0.61681074,0.6488584,0.6335518,0.66386884,0.63438684,0.6408214,0.6626182,0.6576222,0.6452181,0.65900093,0.64613366,0.63768333,0.6226888,0.6482933,0.6578143,0.6523807,0.65904886,0.65002835,0.63155013,0.645464,0.64915115,0.690381,0.6479162,0.63404053,0.64512485,0.65895945,0.6544061,0.64007235,0.66138357,0.6194736,0.6737711,0.67218465,0.65097684,0.65941936,0.63961864,0.65551656,0.62594974,0.6677812,0.68716383,0.6441074,0.62424767,0.6552032,0.6453354,0.6472197,0.62154835,0.66095394,0.67123395,0.62476045,0.63364863,0.6534093,0.6401587,0.63757664,0.6579717,0.65980536,0.6680693,0.63602644,0.63785833,0.64434355,0.6712689,0.63806266,0.657761,0.640855
0.6958264,0.67961144,0.66671246,0.6389784,0.6467222,0.6534069,0.62936395,0.6716797,0.66527367,0.67769057,0.6729905,0.65175277,0.6471173,0.6470379,0.669215,0.6387522,0.6510401,0.6469232,0.6535792,0.6721634,0.6438386,0.6786371,0.65159696,0.65570587,0.65847355,0.6618781,0.6875098,0.656055,0.6472362,0.6531972,0.64778274,0.6364396,0.6782599,0.6628731,0.6901126,0.65496594,0.6440932,0.64465755,0.65252703,0.64965326,0.6223323,0.6481481,0.6440944,0.6337608,0.6681508,0.67313856,0.63084394,0.6541079,0.64511293,0.67360705,0.67506677,0.6762764,0.6679616,0.67592967,0.665144,0.6800208,0.6624535,0.6582036,0.62864214,0.6904835,0.65971047,0.6510503,0.6735211,0.67487353,0.6498342,0.67534417,0.6306352,0.64918166,0.65115184,0.62584513,0.6889412,0.64278543,0.6756111,0.6753189,0.67767674,0.65103763,0.6659989,0.65153867,0.6406353,0.62973326,0.6893842,0.6448423,0.6413551,0.7004582,0.64247006,0.64891344,0.65212107,0.66872287,0.665358,0.6286167,0.6497336,0.63072467,0.6470317,0.6448299,0.6966299,0.66286,0.675034,0.6578154,0.6612723,0.6554754,0.6411254
0.69596195,0.6851666,0.6648447,0.6981263,0.66635597,0.681039,0.6690898,0.666895,0.6714329,0.66256213,0.6575168,0.700902,0.6725608,0.6921635,0.6691392,0.6699726,0.7141122,0.681759,0.6671223,0.7031767,0.6782269,0.69426715,0.6636196,0.67386234,0.67700243,0.67644227,0.68051904,0.7006117,0.70490474,0.69448894,0.66151816,0.7009458,0.6642172,0.6734515,0.66651636,0.6924776,0.6736163,0.66977495,0.68573457,0.65878755,0.6801547,0.6622934,0.67286736,0.6895451,0.67420715,0.6720075,0.6498672,0.6711168,0.6943463,0.68899614,0.68118864,0.66771346,0.68389314,0.6840145,0.6833568,0.6987904,0.682756,0.6741348,0.69897646,0.67619216,0.67652386,0.68518037,0.680637,0.65982306,0.6597797,0.66552633,0.66896665,0.6683009,0.6320818,0.6661274,0.67377234,0.70003456,0.6699058,0.6531392,0.6614992,0.65008974,0.68013865,0.6496328,0.6879559,0.678095,0.7129075,0.6894762,0.6665044,0.6739629,0.6825787,0.670178,0.6640376,0.6716773,0.66699475,0.6730955,0.66884667,0.6844935,0.66268617,0.6560357,0.6660025,0.6635081,0.7171367,0.68235004,0.68037546,0.6910281,0.6933619
0.69622916,0.68667,0.6663441,0.66071755,0.7029339,0.6840425,0.69640243,0.6828264,0.72181875,0.67238235,0.7051913,0.6719255,0.6980123,0.68475825,0.655501,0.66034967,0.64566356,0.6683418,0.69195515,0.68314034,0.67350703,0.6747599,0.6476541,0.6453483,0.67562944,0.6670129,0.6705368,0.67029035,0.68984264,0.67969376,0.69027257,0.6668501,0.6586352,0.653711,0.6375228,0.6615067,0.6800122,0.68287504,0.6693209,0.6766961,0.6843221,0.6670137,0.6737744,0.6714003,0.64385796,0.6766395,0.68243366,0.67408204,0.6940494,0.6662455,0.6890608,0.65457624,0.6563018,0.6819808,0.70324534,0.67441875,0.6415989,0.69958824,0.6778684,0.66802305,0.6598183,0.6374102,0.65476424,0.65931267,0.67522615,0.654396,0.65222293,0.6736801,0.6756035,0.6598469,0.6848499,0.65924275,0.64107245,0.67595106,0.71002847,0.670906,0.69998926,0.6967148,0.6580103,0.6763411,0.68817604,0.6557505,0.68651104,0.67554474,0.6812361,0.67850596,0.6662478,0.68829745,0.66997147,0.6839083,0.66106105,0.64439434,0.6728105,0.6797971,0.6711566,0.6769249,0.66665,0.66750276,0.64896315,0.7054698,0.6655964
0.7013854,0.7513567,0.7310663,0.7184451,0.75406593,0.71891946,0.75304276,0.7585121,0.7382584,0.7131894,0.7403186,0.699928,0.7208846,0.7309136,0.6974248,0.75499046,0.74113107,0.7294578,0.75789386,0.74104077,0.7308119,0.7137107,0.7548673,0.6981228,0.735249,0.76983714,0.758155,0.6788843,0.7072839,0.70005786,0.73033226,0.76458687,0.7248266,0.7507337,0.70614725,0.7360069,0.734327,0.76832277,0.7206377,0.69497955,0.7456108,0.71133727,0.7203865,0.7405613,0.7378275,0.72239053,0.74544245,0.7295282,0.75985146,0.7457597,0.7311298,0.7314947,0.7072459,0.7297196,0.7208303,0.693227,0.7430158,0.73969436,0.7610523,0.7193095,0.73475164,0.71371377,0.7037683,0.74704915,0.7309194,0.73874587,0.7543574,0.68339825,0.7179767,0.70670646,0.7051279,0.7125958,0.7156807,0.7747703,0.75313455,0.7314171,0.7503547,0.73999953,0.7809787,0.7390289,0.7205337,0.73340505,0.69030786,0.73990655,0.73458016,0.73210305,0.7614756,0.72216314,0.7353925,0.7273963,0.7070234,0.7557289,0.71721095,0.6973874,0.72324187,0.7071874,0.72259057,0.74748427,0.73276687,0.72514457,0.725125
0.70152664,0.68784446,0.6595262,0.68836665,0.67364794,0.66333365,0.6927667,0.689136,0.68504614,0.69830567,0.6940177,0.6913519,0.6907193,0.689701,0.7140892,0.69160026,0.6941727,0.64284873,0.6752202,0.661303,0.7011415,0.6692849,0.66376096,0.6674091,0.67724055,0.6856776,0.68424314,0.70179176,0.7089521,0.67487556,0.6750736,0.7128957,0.68298143,0.64414734,0.6594771,0.6834895,0.6885312,0.669894,0.6951545,0.66671497,0.71276355,0.6761805,0.6699454,0.66628593,0.67948514,0.67175645,0.6605577,0.6701316,0.721002,0.71423185,0.6610047,0.6667815,0.7048444,0.6762579,0.69412786,0.7005888,0.6924357,0.66736263,0.6705248,0.6868275,0.6567567,0.6645737,0.66892105,0.67821693,0.67986023,0.6703259,0.6913369,0.6994394,0.6693517,0.66725326,0.66958874,0.6665037,0.6755786,0.6970338,0.6725962,0.6568636,0.6507887,0.64938706,0.6974897,0.6874409,0.6844726,0.689352,0.671055,0.656509,0.6519986,0.6799953,0.6762313,0.668143,0.6907406,0.68571055,0.63971835,0.68123424,0.64906573,0.69405216,0.6832041,0.66417056,0.66083765,0.6739922,0.66624296,0.64481044,0.6856907
0.70176685,0.609673,0.60189176,0.61597025,0.63129276,0.6195276,0.6446463,0.6163838,0.6070364,0.61948115,0.6335272,0.63294274,0.6288284,0.6237413,0.6275874,0.60693985,0.6339095,0.61510664,0.6237836,0.62113184,0.61511207,0.6239435,0.6096944,0.6186773,0.6022642,0.6220605,0.61218995,0.6176967,0.59830815,0.6403675,0.62258494,0.64532894,0.599697,0.5992642,0.6159819,0.6316783,0.6182936,0.6139422,0.6215889,0.6344277,0.61631024,0.6391924,0.61721796,0.615421,0.6209689,0.609918,0.6470114,0.63768774,0.6042981,0.6217547,0.6410178,0.6084395,0.60599023,0.6138473,0.6131812,0.60709816,0.6090061,0.6006246,0.6267106,0.6258164,0.6146404,0.6234715,0.5930795,0.6221289,0.62620807,0.6097817,0.6059465,0.61545926,0.60657316,0.6160924,0.6322905,0.62548035,0.586851,0.6206562,0.6267519,0.625862,0.6191316,0.6108087,0.61454904,0.59862816,0.63562995,0.620865,0.63919455,0.6189557,0.6135394,0.6300674,0.6120904,0.6207166,0.6338374,0.6127805,0.6154361,0.6148909,0.612422,0.63343453,0.6249452,0.62948984,0.61642236,0.60940677,0.62307554,0.61430925,0.6291278
0.7034635,0.7216454,0.7063506,0.72630435,0.67492247,0.7187975,0.6816185,0.7340737,0.7187093,0.67996,0.7317129,0.7042634,0.7283092,0.71842104,0.7473766,0.727199,0.7434371,0.71598583,0.7006522,0.7037299,0.738203,0.72122264,0.70947236,0.74986416,0.7161986,0.694456,0.7268062,0.685414,0.7000964,0.7243839,0.7263387,0.68709075,0.6748901,0.73529536,0.75378203,0.7351151,0.6856554,0.7119195,0.73926216,0.7520761,0.6978876,0.7173651,0.73943853,0.7263978,0.73622113,0.6880706,0.6872044,0.73114014,0.67049664,0.704973,0.7049833,0.71927446,0.6892796,0.6974921,0.6981984,0.7114651,0.7417866,0.7453049,0.71611637,0.696163,0.7423666,0.70392585,0.7244314,0.70672995,0.75165355,0.71905535,0.70173436,0.70487857,0.70956415,0.7324804,0.72078305,0.7202874,0.69611984,0.69328886,0.7101864,0.7411826,0.7471103,0.6649123,0.7418211,0.68288094,0.71667105,0.7265374,0.6920524,0.7335407,0.75640815,0.6946624,0.71429384,0.70243776,0.6917065,0.73155916,0.70346916,0.6724053,0.7251164,0.714342,0.712964,0.72849375,0.7231555,0.6864317,0.72824675,0.7119855,0.7367106
0.7048593,0.70027804,0.69062716,0.70324224,0.70454794,0.69406927,0.6976592,0.69854146,0.7357435,0.7139951,0.721235,0.690322,0.70395565,0.663539,0.66567516,0.66749924,0.6993844,0.6819075,0.6680493,0.689162,0.72931427,0.7121615,0.7286799,0.72984666,0.69656295,0.7124751,0.68517935,0.6885659,0.6899372,0.6867373,0.70833296,0.6965499,0.72938246,0.74355584,0.74383885,0.7079044,0.7230912,0.6810784,0.7017668,0.710163,0.7062884,0.7611395,0.7113915,0.7082889,0.687633,0.725342,0.6970442,0.6816228,0.67984694,0.75401795,0.6468139,0.7234414,0.66418844,0.6787161,0.7082402,0.72598,0.7389969,0.7189054,0.72618085,0.6817587,0.7008768,0.70553637,0.6954033,0.719811,0.666974,0.66753775,0.71482545,0.68647295,0.69161075,0.6821887,0.7201926,0.69042987,0.66615146,0.7183786,0.71282965,0.6842217,0.69515723,0.6844494,0.7120829,0.72426987,0.69620275,0.6928794,0.71657664,0.7150596,0.66815245,0.7357566,0.68066454,0.6996799,0.7063781,0.7012778,0.6916471,0.70850694,0.7258011,0.6822271,0.7196952,0.69914585,0.7103376,0.69630367,0.68575305,0.6920671,0.7079646
0.7053274,0.7037824,0.69029206,0.7170944,0.7038481,0.70386904,0.70411295,0.736909,0.680336,0.7245936,0.7400486,0.6881072,0.71372336,0.6944527,0.6970338,0.6891909,0.7041039,0.69323146,0.7079064,0.7204554,0.7046406,0.7044573,0.7217577,0.7000207,0.7653979,0.7180099,0.69701356,0.7184415,0.68375856,0.6922781,0.70756,0.6802847,0.6985562,0.70203,0.6876597,0.72664875,0.68963426,0.74448746,0.7160133,0.7008918,0.72856027,0.72126335,0.7245802,0.760872,0.6972771,0.6782008,0.72383016,0.688821,0.7355853,0.72235316,0.7348655,0.7132544,0.72825354,0.7351423,0.67931193,0.7039335,0.6860566,0.7001912,0.7093431,0.67974603,0.70838934,0.72233576,0.6940288,0.7347377,0.6956291,0.67412883,0.71280605,0.7108857,0.7409698,0.7234401,0.7095891,0.7043292,0.6922609,0.69875985,0.7159522,0.68446046,0.69427526,0.7181652,0.72268254,0.6963428,0.70929986,0.7018537,0.70169514,0.685577,0.7213927,0.7116584,0.68843085,0.6838487,0.65727204,0.6904517,0.69680506,0.71874744,0.69624144,0.7095744,0.73283845,0.70159954,0.728269,0.7310793,0.71651286,0.6899198,0.7064515
0.70619035,0.7249699,0.7213631,0.7183476,0.7191151,0.7230789,0.7625968,0.71325153,0.72929233,0.74384266,0.7445545,0.69960773,0.7378667,0.7245297,0.75537044,0.6898817,0.74305075,0.688516,0.7473176,0.7544039,0.6991206,0.71026963,0.69495744,0.7239652,0.6900497,0.73424196,0.7245837,0.74455065,0.7211396,0.71475905,0.7148946,0.73915994,0.71693045,0.6951732,0.68618995,0.7154061,0.70451695,0.7473392,0.75587356,0.72433513,0.70733404,0.7151274,0.7224771,0.68768287,0.721782,0.7016117,0.7380881,0.7339125,0.71198523,0.7172103,0.72433096,0.7462906,0.73683995,0.7050231,0.70629686,0.69940716,0.73965263,0.6980037,0.7520029,0.73773676,0.73313683,0.7151466,0.7576428,0.74653465,0.74188644,0.72219557,0.7485417,0.7234873,0.7608889,0.7157489,0.7201429,0.6865503,0.7108375,0.72657675,0.733608,0.689015,0.7176557,0.7350604,0.7151731,0.72344345,0.69851214,0.7434705,0.7191834,0.7013542,0.70801497,0.7161789,0.69771737,0.6994224,0.7189363,0.69918364,0.7085828,0.68604124,0.71252054,0.75793517,0.7194515,0.7345566,0.725113,0.7322294,0.7034026,0.7637191,0.72032
0.7079518,0.7327584,0.73365307,0.76751155,0.72922593,0.7713668,0.7579668,0.7722145,0.7501195,0.7433559,0.7344597,0.80257696,0.764675,0.7663732,0.73490775,0.73541564,0.7306053,0.7420198,0.77645653,0.7579728,0.7217437,0.76671964,0.70974046,0.7744166,0.70715576,0.72637457,0.74138194,0.72846264,0.76504886,0.71432453,0.7386796,0.71889484,0.7321244,0.777664,0.7109,0.7642154,0.7494454,0.7483091,0.7672749,0.77852654,0.7349387,0.7315003,0.7619999,0.75993717,0.7305165,0.7415224,0.69451207,0.7189382,0.7261351,0.749868,0.72919637,0.7388199,0.74598837,0.7373474,0.73776084,0.75070816,0.71945333,0.7406564,0.727482,0.75174576,0.735308,0.720509,0.75564957,0.742772,0.7182508,0.77855873,0.73193556,0.74201256,0.7633496,0.767538,0.7584701,0.72557634,0.71263367,0.7271154,0.76990294,0.7136146,0.7355446,0.7484362,0.7569651,0.70606965,0.71969956,0.75357825,0.73223513,0.7280747,0.7624597,0.71452135,0.71251255,0.76054317,0.7130026,0.78019,0.71769255,0.75955206,0.72792983,0.7640776,0.75883573,0.74542964,0.75472265,0.7407465,0.7491344,0.7811659,0.71717066
0.70839363,0.6806994,0.7051272,0.72342896,0.6819696,0.7264331,0.7093261,0.73402005,0.6743402,0.7062902,0.7313635,0.68900985,0.6950638,0.6994545,0.73706275,0.74122626,0.72578,0.6790078,0.6960547,0.72480416,0.7180695,0.73075384,0.7092138,0.742623,0.6694661,0.7152125,0.708227,0.70803106,0.7262612,0.69347364,0.7319123,0.7167108,0.70836073,0.7035249,0.72200984,0.70774716,0.7287395,0.67857224,0.70635253,0.70363295,0.68235666,0.7195523,0.7080516,0.6936301,0.72010654,0.6534814,0.70773554,0.7298319,0.712212,0.7271585,0.71407527,0.6722502,0.6940029,0.7082481,0.7094653,0.70395213,0.6955105,0.7242736,0.7214309,0.6798611,0.7150683,0.71484244,0.6588723,0.7177418,0.7047104,0.71506214,0.73231333,0.71390253,0.69103783,0.73633695,0.69027877,0.7159123,0.72405326,0.69634694,0.6925635,0.6664028,0.6910948,0.7098984,0.67321503,0.72981626,0.7088862,0.7188799,0.71035343,0.7301013,0.7003457,0.7534155,0.67650664,0.6995344,0.72665304,0.70216864,0.73391104,0.68869513,0.6888781,0.7403463,0.6957595,0.71664506,0.6998208,0.7185632,0.7337804,0.71611655,0.71132016
0.70926094,0.731132,0.7152657,0.7476651,0.6910644,0.7350012,0.7256584,0.72759324,0.7165554,0.6907901,0.73351365,0.7557023,0.73178893,0.74645776,0.8360041,0.73162097,0.7222635,0.75639707,0.7643284,0.72325456,0.7304935,0.7374139,0.73474044,0.7374024,0.7866295,0.72414976,0.7441713,0.75604457,0.7605553,0.7334109,0.71885556,0.72340757,0.7432167,0.73860544,0.7754005,0.734862,0.7498289,0.7061892,0.7342388,0.7601249,0.75619036,0.74081165,0.73474485,0.7359569,0.7231336,0.7290754,0.8054432,0.7444479,0.7420358,0.6934752,0.73817515,0.75530106,0.7438418,0.7243505,0.7268956,0.72127473,0.69469005,0.7391692,0.7633439,0.70962673,0.74278593,0.7411988,0.73513436,0.7032609,0.7140507,0.7535956,0.75462854,0.76106316,0.67851895,0.77355105,0.7248135,0.7218249,0.73451906,0.74516875,0.7419618,0.77163833,0.7576594,0.7972249,0.7376353,0.71079093,0.7754819,0.7357227,0.72839123,0.74834496,0.7921501,0.7373075,0.7446676,0.6991007,0.72404486,0.73755366,0.7259706,0.7760811,0.7170036,0.7578091,0.6716087,0.7342252,0.7040212,0.7169269,0.7302633,0.74100786,0.69370204
0.7130684,0.7147819,0.69730127,0.69303674,0.7172452,0.69778526,0.7339368,0.6917111,0.6957629,0.72661823,0.67644554,0.69266695,0.7215777,0.7008488,0.72602355,0.71652955,0.6800733,0.72025454,0.67988604,0.7338243,0.700882,0.71381754,0.7330778,0.7164747,0.7042688,0.7392778,0.72749096,0.74718827,0.73977166,0.7191203,0.72446793,0.7244027,0.72268015,0.7149072,0.70000976,0.69941086,0.72796,0.72634494,0.6926176,0.7124546,0.711526,0.7474987,0.7065765,0.7245414,0.6913818,0.73800623,0.70508724,0.7412874,0.74074477,0.6981478,0.6990037,0.7014339,0.7191722,0.71597165,0.7070365,0.7023111,0.7196658,0.6832746,0.7298953,0.721062,0.6935076,0.7253942,0.74325186,0.6687294,0.7158609,0.71349543,0.73024905,0.709035,0.73227775,0.7044684,0.682405,0.7338063,0.72441715,0.72107977,0.75265884,0.69927865,0.7356367,0.7076151,0.6864202,0.719814,0.71589535,0.6921788,0.70666623,0.71637785,0.74488634,0.7123354,0.74662864,0.7011213,0.7219673,0.7234103,0.6975839,0.72729707,0.7393505,0.7152578,0.75352055,0.7030086,0.69152373,0.7404615,0.71614987,0.726484,0.68708754
0.7140003,0.7156923,0.68696594,0.7263478,0.704156,0.71366876,0.6677776,0.6997253,0.7047024,0.704704,0.6878609,0.6958199,0.70158523,0.763496,0.72410566,0.7115228,0.715371,0.7535321,0.739948,0.7029647,0.696119,0.7001033,0.6972868,0.7163751,0.7021442,0.7092616,0.7216168,0.74361557,0.69709426,0.73450345,0.726054,0.728606,0.68601906,0.6876008,0.6949242,0.716892,0.71478266,0.7046194,0.7127548,0.6933039,0.71839565,0.7036337,0.7068185,0.72180015,0.72253996,0.6833264,0.73536056,0.7321282,0.73499674,0.6657095,0.70480233,0.70099086,0.7106916,0.7294542,0.7265917,0.6980151,0.71513784,0.6887776,0.6969793,0.688039,0.6869903,0.7204052,0.7236276,0.7347513,0.7214127,0.72145134,0.7279572,0.70648474,0.7426496,0.7698535,0.70471954,0.71879625,0.7313752,0.6902588,0.72179085,0.70623344,0.7308689,0.7245664,0.7182161,0.7186734,0.7079543,0.7050112,0.73971254,0.71646875,0.67883426,0.70238155,0.6914447,0.75280946,0.7108266,0.71284646,0.6997782,0.749831,0.70580024,0.7365954,0.7339032,0.717468,0.6832991,0.72856367,0.7040948,0.67682374,0.7035814
0.71602535,0.69029146,0.7069231,0.71819943,0.6915494,0.6731526,0.7316304,0.6785435,0.6689989,0.6747484,0.6643603,0.6848859,0.6794701,0.6574686,0.7057857,0.7079404,0.6734766,0.70240444,0.69888455,0.6829485,0.6858285,0.70014054,0.68803835,0.69905704,0.6629153,0.67296106,0.72583455,0.68834066,0.69302016,0.6823555,0.7226634,0.7129915,0.682694,0.68281925,0.691366,0.6735341,0.6413068,0.7023699,0.65553325,0.7148834,0.7020734,0.7321799,0.67679876,0.7315854,0.69170666,0.70358235,0.6869389,0.67270845,0.6829008,0.67398626,0.68258005,0.6993881,0.7002463,0.68074685,0.6912713,0.67900854,0.7080607,0.6971001,0.68702245,0.6859291,0.69194716,0.68267566,0.69170123,0.6916797,0.7000041,0.69027466,0.6722012,0.6783702,0.6696852,0.70345265,0.69222915,0.6969848,0.71562916,0.69197863,0.7040252,0.6807978,0.70904076,0.6923579,0.70411867,0.68495816,0.6808291,0.65562135,0.67715365,0.69507533,0.6946371,0.66536194,0.6700737,0.70266074,0.661884,0.70330936,0.7151856,0.6841874,0.6556235,0.692066,0.6562338,0.7067501,0.6816347,0.71645695,0.6961113,0.6999895,0.6860154
0.7190099,0.6744228,0.6789448,0.7101061,0.66462487,0.6873749,0.6894868,0.6831574,0.69208205,0.69543296,0.6891206,0.70633703,0.6851333,0.67320096,0.67682177,0.6789462,0.6809337,0.6863565,0.6688468,0.68259627,0.669242,0.6744469,0.66621333,0.6679252,0.68923914,0.679007,0.67996645,0.6902583,0.6894115,0.6672527,0.7027596,0.7119074,0.6584401,0.64122385,0.7111035,0.65471023,0.6871612,0.6648058,0.6852535,0.6867083,0.6910336,0.69478476,0.67029864,0.6864466,0.71283895,0.6842829,0.67313397,0.67208725,0.67366725,0.6882337,0.6790052,0.6960798,0.66775584,0.6923898,0.6805147,0.7184347,0.7096284,0.682198,0.6994686,0.670716,0.6912301,0.6902161,0.69876724,0.6653073,0.67539084,0.68215793,0.6918431,0.6545371,0.68495476,0.67290795,0.66826135,0.66091853,0.68655,0.6846135,0.67783225,0.69064593,0.6765451,0.6523747,0.68104476,0.6832922,0.63857657,0.6724284,0.6759159,0.6926554,0.6924762,0.6544288,0.67032856,0.6503609,0.6943795,0.6824301,0.6656599,0.6859054,0.6701561,0.6898977,0.7170264,0.69938976,0.6797256,0.70396096,0.6498854,0.6982797,0.6688619
0.7201283,0.7006921,0.7347208,0.6904729,0.71022815,0.70103383,0.73183006,0.6741975,0.69747955,0.7173957,0.71041614,0.70775545,0.7252473,0.75612015,0.7077002,0.733995,0.73719966,0.7467484,0.6825854,0.7012829,0.7067865,0.6930466,0.7302588,0.6923956,0.7110612,0.7455741,0.7333852,0.7022965,0.705772,0.69125396,0.7004617,0.7213358,0.7308175,0.70342654,0.7240876,0.7318035,0.7635934,0.76259327,0.7203819,0.72077477,0.7171379,0.6816363,0.71939516,0.69966644,0.7680733,0.7042145,0.66354287,0.70196384,0.6993725,0.7019084,0.7002918,0.683595,0.7253497,0.6906141,0.73981494,0.70195514,0.69900554,0.6803952,0.72188985,0.700463,0.72213954,0.7126204,0.72193545,0.7102642,0.7361249,0.73522466,0.7131356,0.751432,0.7144585,0.70547444,0.7349939,0.75840735,0.747459,0.7333066,0.7180953,0.72731453,0.71620995,0.73527545,0.706616,0.7145042,0.6978403,0.713491,0.7345096,0.6720682,0.7185847,0.7249736,0.70520544,0.70964503,0.75542206,0.7181923,0.7181487,0.725198,0.74068904,0.73069525,0.7148859,0.72029465,0.72132117,0.723841,0.7532026,0.69326407,0.7121379
0.72032714,0.7009925,0.65863407,0.6906045,0.7079164,0.7002693,0.7470616,0.67596906,0.7526868,0.6863066,0.7134593,0.6796825,0.6975327,0.6995344,0.67335266,0.71445817,0.6983537,0.69862574,0.7029441,0.7240388,0.68185556,0.7277482,0.68754834,0.7089381,0.7203565,0.72783583,0.71265846,0.7203043,0.73485774,0.70731825,0.72244316,0.7288082,0.7203613,0.69910175,0.7154935,0.6915344,0.71860176,0.704197,0.7011607,0.69755197,0.67125696,0.69572616,0.7078143,0.7194049,0.7010885,0.7184557,0.7218952,0.7124086,0.7039967,0.6826883,0.72948074,0.7266508,0.7060059,0.685941,0.7170045,0.7467304,0.6765173,0.71874774,0.72674125,0.69579643,0.716401,0.69379824,0.7065539,0.71793705,0.69485945,0.67571527,0.7246076,0.7040177,0.6967961,0.69047874,0.6741844,0.7082545,0.7040126,0.6932184,0.66063374,0.7009054,0.7198263,0.6751582,0.7134796,0.71869534,0.70504063,0.70869505,0.71599346,0.73338234,0.6979765,0.7297658,0.7296076,0.6939413,0.7264956,0.6965903,0.68565756,0.7206494,0.7277749,0.69131,0.6800496,0.6997158,0.6728446,0.7153384,0.71248966,0.7298813,0.722588
0.7205528,0.76116705,0.6928557,0.7719985,0.72800297,0.70318574,0.759141,0.7606768,0.7374593,0.75820667,0.7307345,0.72626454,0.7459844,0.7225494,0.7325533,0.7501822,0.7436678,0.7383673,0.7442546,0.71809083,0.7559844,0.7524404,0.7306784,0.7232283,0.72146136,0.679235,0.730167,0.7384618,0.7162321,0.7702097,0.7232541,0.75319743,0.748108,0.7305244,0.7538376,0.72846025,0.7402672,0.7235947,0.69697833,0.71528715,0.7595417,0.7431982,0.7276916,0.7327758,0.7513483,0.67477596,0.7306458,0.7348322,0.6993366,0.756565,0.76075035,0.71757364,0.7439266,0.74650395,0.7354532,0.7316794,0.7319003,0.7377671,0.7456161,0.7128288,0.70461303,0.72300094,0.7403745,0.754061,0.73555034,0.7317596,0.71381587,0.7387791,0.7493171,0.7271485,0.7318688,0.7614371,0.7532138,0.7102359,0.72286385,0.73750055,0.7217924,0.7441613,0.7304322,0.737391,0.72473574,0.6875619,0.7353733,0.71101373,0.721397,0.69273704,0.71200687,0.71540743,0.69942594,0.72611254,0.7344567,0.76158756,0.7354056,0.7171435,0.7537946,0.7741164,0.71809995,0.7009823,0.75940734,0.74580085,0.73508817
0.72139335,0.7076758,0.6988028,0.68478775,0.712933,0.71892005,0.7161999,0.68859917,0.7100181,0.6964771,0.70878136,0.7091629,0.7201633,0.709469,0.70276946,0.74800044,0.71254176,0.7214973,0.6736968,0.7107242,0.7200865,0.7262147,0.6858177,0.7395055,0.74789906,0.6660579,0.7143001,0.7251922,0.6948642,0.68831426,0.6935405,0.6991302,0.7246395,0.6838868,0.6908799,0.7029155,0.72802603,0.712696,0.7066259,0.6980775,0.7263364,0.70000184,0.74945015,0.7149209,0.72132534,0.7474881,0.71301717,0.7218578,0.7003427,0.7037856,0.70373446,0.7075791,0.7025957,0.7129956,0.7049541,0.7248099,0.69387645,0.71855885,0.7106542,0.6978614,0.7128685,0.73278576,0.69746345,0.71938664,0.71911746,0.6853252,0.7320674,0.6853749,0.7241588,0.6948772,0.74092877,0.7133555,0.6963638,0.6911151,0.70226413,0.705827,0.6645724,0.6628755,0.7242988,0.697331,0.6943857,0.6955108,0.6760643,0.7419379,0.68731946,0.7086774,0.6905039,0.7065549,0.70020306,0.69362366,0.7148029,0.7298296,0.68775547,0.71529955,0.6961353,0.7049611,0.67992693,0.71280867,0.72642213,0.7303413,0.6868903
0.72159964,0.72253627,0.7028063,0.70152956,0.6896287,0.72076756,0.730642,0.6722867,0.71885294,0.75353235,0.69193965,0.7085323,0.6979533,0.69209784,0.70930153,0.69891006,0.76127714,0.7311217,0.67635626,0.71936303,0.7313541,0.7280187,0.67730194,0.7600041,0.70381075,0.73711044,0.7092734,0.7233902,0.72114867,0.7002054,0.69232166,0.7359465,0.7203837,0.71042734,0.6954902,0.7366867,0.71138906,0.71770525,0.7021802,0.7357426,0.7447648,0.69630605,0.6838111,0.7106682,0.73485315,0.7208145,0.7354616,0.69974566,0.72077733,0.71896285,0.7209467,0.740141,0.71334535,0.69506747,0.7089492,0.6751595,0.717345,0.7135681,0.69295186,0.7105932,0.69441086,0.68340844,0.69521916,0.7155406,0.7140751,0.7027346,0.68341213,0.7035288,0.71365553,0.7452275,0.71400595,0.7152807,0.7012798,0.7153718,0.7373192,0.7126958,0.69472444,0.7250059,0.7384109,0.7054122,0.7185539,0.7060669,0.68062055,0.70066357,0.7365958,0.74425477,0.712862,0.69126374,0.6910593,0.7244207,0.7437766,0.6967744,0.7252061,0.67555225,0.710174,0.680489,0.6845419,0.745372,0.76743346,0.6938591,0.692892
0.72343695,0.6945743,0.68339217,0.6828813,0.68526965,0.7115157,0.6906954,0.69347507,0.6837665,0.7095087,0.67758,0.69386363,0.7145518,0.7004531,0.70078015,0.6969838,0.70627135,0.6913149,0.6793131,0.7096507,0.6880278,0.74926096,0.70085377,0.70165485,0.7125378,0.67264324,0.6721015,0.7242109,0.7214096,0.70041734,0.6916196,0.7024191,0.68040174,0.70293194,0.69356596,0.6844564,0.72609013,0.6748642,0.68501586,0.73450774,0.68571645,0.73447436,0.7409974,0.714433,0.6846708,0.69011635,0.698337,0.72333676,0.6721138,0.7113674,0.68770075,0.7069989,0.685316,0.7495166,0.688006,0.69312817,0.709312,0.69153875,0.7173127,0.6923001,0.68712616,0.69859385,0.6852842,0.71214753,0.7261728,0.7026362,0.68815404,0.6887433,0.6992636,0.6707552,0.70467997,0.66792655,0.70277894,0.72419935,0.6942757,0.6921402,0.6726402,0.68935287,0.70363355,0.68180174,0.67201024,0.6921882,0.6885889,0.7029976,0.66588306,0.7035201,0.71972656,0.69073945,0.7065136,0.7104568,0.69745475,0.7269533,0.70311123,0.69311064,0.69383407,0.7103603,0.6994403,0.7018367,0.7003963,0.66169715,0.6983647
0.7245133,0.7251552,0.7319724,0.701778,0.7789205,0.7296058,0.73025906,0.72689277,0.73852295,0.76520747,0.7442343,0.7538486,0.73571306,0.69160956,0.71303123,0.72150236,0.77096957,0.71412534,0.7593129,0.70151883,0.6817067,0.7326812,0.69864297,0.74099606,0.741216,0.74121934,0.7262865,0.71120507,0.73307073,0.77995265,0.75060666,0.7477178,0.7141641,0.69634014,0.7411282,0.749101,0.75510997,0.7144306,0.708312,0.7153595,0.73489976,0.7209973,0.6998905,0.74500674,0.7421494,0.7538743,0.75457996,0.73988944,0.7398935,0.7373244,0.71627957,0.7368941,0.7420816,0.7447089,0.7488014,0.72712237,0.7601796,0.78771657,0.7125134,0.7421004,0.7782971,0.71939605,0.7262667,0.7083457,0.737192,0.7172784,0.74277884,0.713216,0.8070181,0.7109729,0.72683555,0.7458099,0.728085,0.79887706,0.71751493,0.7330516,0.74209553,0.738204,0.7460724,0.7072783,0.72833735,0.74788815,0.72316736,0.729977,0.7628161,0.7738253,0.7085946,0.7266082,0.73165095,0.74949056,0.73914105,0.6881867,0.7176767,0.74220735,0.7516901,0.7281954,0.7217279,0.73877984,0.74575275,0.7731406,0.7485083
0.7248247,0.8036197,0.7373386,0.78659326,0.7872924,0.7575929,0.72698295,0.78886485,0.7849712,0.7489616,0.7248351,0.75815624,0.7509814,0.72849745,0.7921817,0.7503138,0.78021216,0.73692685,0.75224024,0.74713725,0.8222266,0.7716086,0.78334814,0.757472,0.8247641,0.7916192,0.76110935,0.7321544,0.72157145,0.806143,0.8164187,0.7778111,0.8145616,0.7555061,0.8237986,0.7783069,0.7674962,0.78481144,0.7952685,0.74554425,0.7436678,0.81157863,0.70480126,0.79763657,0.7792104,0.7403606,0.8026311,0.7373517,0.7847876,0.80031663,0.76771003,0.79917556,0.7889834,0.7676241,0.7867343,0.75209147,0.7910059,0.7386084,0.7840222,0.79892886,0.7676328,0.7563613,0.7683783,0.7396992,0.8006737,0.7544963,0.7576708,0.8046622,0.76381654,0.7890263,0.76464915,0.7516642,0.79991204,0.7882655,0.724856,0.71290064,0.8147234,0.8410116,0.75094306,0.7975752,0.79487675,0.7883639,0.78096575,0.7471921,0.7710531,0.7115206,0.76377106,0.74861306,0.7818694,0.7566788,0.7676757,0.7909871,0.76934063,0.75177187,0.7490837,0.7474071,0.77000976,0.75838524,0.77049065,0.7731554,0.7489335
0.7256955,0.7108155,0.7343687,0.7390536,0.67186433,0.747312,0.7161174,0.7702311,0.78711766,0.7095155,0.7256458,0.71633655,0.74230117,0.7264919,0.7250827,0.76461965,0.72757727,0.74749213,0.73151195,0.7717573,0.7232819,0.78239805,0.73633975,0.7475204,0.7233893,0.7761211,0.7042877,0.72902936,0.7208474,0.71825427,0.73888373,0.7652051,0.7493071,0.73927915,0.79190075,0.72148037,0.7283069,0.7502827,0.7269073,0.7370803,0.75156146,0.7182776,0.7420362,0.73704576,0.72303957,0.71386063,0.7799894,0.7451152,0.76652247,0.7405247,0.7586804,0.7471934,0.73387295,0.73611987,0.7153564,0.730107,0.7247823,0.7332459,0.707598,0.7206289,0.70595455,0.7268204,0.7613704,0.7345349,0.7456927,0.767049,0.7001,0.73657995,0.74247366,0.7110165,0.75499254,0.6934075,0.7322863,0.7232654,0.75153816,0.7370413,0.7262836,0.79812473,0.74851376,0.70712173,0.7467121,0.7031929,0.73319435,0.71462435,0.7375055,0.74261206,0.71144205,0.7162383,0.7321293,0.73924804,0.73513156,0.7042278,0.77024263,0.7199001,0.74289995,0.7524094,0.76370174,0.74484164,0.7376385,0.75060326,0.76571816
0.72604364,0.72826236,0.7690093,0.7195894,0.7285759,0.7282799,0.7333136,0.718491,0.72188014,0.7448375,0.68802893,0.72024286,0.7302057,0.73581326,0.7271542,0.7349378,0.7103746,0.72638386,0.6834627,0.69594157,0.770809,0.7413566,0.7028592,0.768302,0.70399255,0.72865623,0.72941846,0.7348849,0.7357715,0.72438234,0.7318502,0.75959444,0.7465486,0.72172433,0.74117094,0.7645112,0.7138984,0.736551,0.742973,0.73607785,0.7253426,0.7138004,0.7006758,0.7581251,0.6750162,0.75800806,0.7438522,0.7355804,0.7337778,0.7447795,0.74862504,0.72209615,0.71807075,0.71928704,0.71493965,0.69736475,0.72419125,0.71014565,0.7134477,0.767367,0.71057326,0.70450395,0.74877495,0.7239562,0.7028063,0.7132569,0.73923427,0.694886,0.7326281,0.7261795,0.71195847,0.74034303,0.7193102,0.7387082,0.71926373,0.7088726,0.72543913,0.7360773,0.7000034,0.72000366,0.7174472,0.7040283,0.7297674,0.73797697,0.73155147,0.7378449,0.7323523,0.7141607,0.6975797,0.7407337,0.7491423,0.74438775,0.72815484,0.7097664,0.77389956,0.73659736,0.7893511,0.6916554,0.7279965,0.7302353,0.74735147
0.7266631,0.78266066,0.8196985,0.7564821,0.8119344,0.7799626,0.82254714,0.7818513,0.7924743,0.7347141,0.8329694,0.8581309,0.8307926,0.782541,0.79796183,0.7986013,0.7067496,0.7738325,0.7705342,0.8079326,0.81417143,0.7728506,0.77657014,0.7901358,0.76729685,0.78594506,0.7866119,0.79065937,0.7622164,0.7924111,0.7922329,0.7409638,0.8075885,0.794821,0.78372073,0.83713,0.7680229,0.77864814,0.77741563,0.80757457,0.7976547,0.78637254,0.71749175,0.7494457,0.84049004,0.7827233,0.772931,0.81724685,0.771143,0.81249774,0.8367516,0.8387337,0.74494356,0.75599796,0.8332019,0.8042442,0.81300133,0.8077365,0.7632161,0.8064783,0.77658296,0.75895184,0.82001835,0.7995035,0.77297455,0.76736397,0.795886,0.79426235,0.82209253,0.7741168,0.8413324,0.75340855,0.78447443,0.78579307,0.76013464,0.757742,0.763347,0.8174477,0.7835183,0.78443396,0.78137964,0.80167603,0.8214701,0.8416938,0.770487,0.800517,0.8068279,0.78475595,0.7843251,0.78265613,0.8074017,0.82914436,0.74881154,0.76286906,0.7589329,0.78859645,0.7768704,0.7635778,0.7765519,0.7397995,0.8288747
0.7282101,0.70739466,0.7085363,0.7046328,0.6772655,0.7410553,0.71768576,0.69440496,0.74089485,0.7169146,0.7216578,0.7213261,0.69081885,0.710993,0.7232445,0.69540364,0.692244,0.7071267,0.6886802,0.7162146,0.6959713,0.71250826,0.70256996,0.7174721,0.74611264,0.71588403,0.72208065,0.778338,0.72906065,0.69810057,0.6876246,0.73709744,0.70331913,0.7145502,0.7186754,0.71049505,0.70537645,0.7146477,0.69351405,0.6682397,0.6918915,0.73448485,0.7199954,0.72321844,0.70598316,0.6912771,0.7454413,0.7394405,0.7098057,0.73934203,0.6911939,0.73577595,0.7220498,0.694055,0.7108168,0.70656353,0.7305847,0.6919146,0.7153941,0.69718015,0.73585683,0.7403076,0.6977535,0.7263569,0.727687,0.6736317,0.68412155,0.7394332,0.7733964,0.7224082,0.7086473,0.7476938,0.69356483,0.7095415,0.70599765,0.72080934,0.7301243,0.7240102,0.7023198,0.70310444,0.6779758,0.7383515,0.7101762,0.7171248,0.7180503,0.73976225,0.71420157,0.6957291,0.70969033,0.7151025,0.7061811,0.7236375,0.73212975,0.6943168,0.7301145,0.7288694,0.68382394,0.69240475,0.73011285,0.71546715,0.70428914
0.72885495,0.73014235,0.78517056,0.7090239,0.72761416,0.7189636,0.70399207,0.7274557,0.7474584,0.7132853,0.7541212,0.71106535,0.69120026,0.75628746,0.75233203,0.72812957,0.7435997,0.6994379,0.7391744,0.7260337,0.69834673,0.7288607,0.72560877,0.7045515,0.72337514,0.6999516,0.72151023,0.7220002,0.7109805,0.6978634,0.7186515,0.7102712,0.7271623,0.70989877,0.7269321,0.7396312,0.7081395,0.7373139,0.7198963,0.72559834,0.728126,0.6996853,0.7089421,0.7318782,0.7258926,0.7147631,0.745833,0.6837141,0.7698372,0.71944207,0.7206821,0.6993031,0.7187244,0.7281275,0.6999065,0.7295466,0.7356828,0.6937446,0.742348,0.69616544,0.7167604,0.7195646,0.73378605,0.7357405,0.7303931,0.71931726,0.70590496,0.73840815,0.69996434,0.7254789,0.7137607,0.72381115,0.7254913,0.6758418,0.7328553,0.7091437,0.7499053,0.7114653,0.75113636,0.6759352,0.70838374,0.72094077,0.68376315,0.7343844,0.7149094,0.7373947,0.78857297,0.74918985,0.7544533,0.71964735,0.7171718,0.7151455,0.6902937,0.766033,0.7564538,0.7433966,0.7360294,0.72240597,0.73591965,0.72844076,0.75339717
0.72938514,0.69837016,0.72191125,0.7062456,0.6972998,0.7306589,0.7086856,0.6863726,0.72107196,0.741014,0.7209285,0.67077905,0.71172696,0.68611693,0.7357575,0.76082504,0.67062396,0.6780073,0.71160203,0.709845,0.68945104,0.6777796,0.7400403,0.70555437,0.7510471,0.7182713,0.68660927,0.7063779,0.69169325,0.74305487,0.7130216,0.7035668,0.72289175,0.7430921,0.73812,0.7203704,0.6891161,0.74469304,0.73553866,0.73506516,0.7348343,0.6988085,0.7561631,0.76953506,0.74692076,0.7041314,0.69054294,0.7542471,0.7306331,0.7246277,0.6978286,0.7422444,0.6868803,0.7151979,0.6670163,0.69755656,0.6889396,0.7123676,0.667131,0.6963266,0.6994795,0.7216801,0.71104944,0.73100024,0.70599383,0.70613414,0.66145164,0.72673124,0.7225317,0.70808786,0.7119716,0.7162133,0.7007633,0.73198116,0.714656,0.7313222,0.69972175,0.74257857,0.7132911,0.7110934,0.7396333,0.6967092,0.7097575,0.70485574,0.6973689,0.72273785,0.708789,0.65552104,0.6915251,0.70031875,0.7011162,0.7198841,0.7108736,0.72569746,0.6912877,0.7156289,0.6988645,0.736563,0.6831394,0.72027516,0.7207512
0.72991264,0.7103648,0.671416,0.69333845,0.70540607,0.776818,0.7032997,0.7302704,0.7078168,0.6919585,0.7260393,0.7151021,0.7009071,0.69996274,0.6884784,0.7268029,0.68131214,0.69317776,0.72591716,0.7279963,0.71389115,0.67261976,0.6922274,0.7113447,0.7092368,0.69457495,0.71792907,0.7031003,0.7035064,0.7012709,0.68376064,0.6925623,0.6953595,0.7071602,0.71085995,0.715618,0.6859637,0.6939817,0.6649777,0.70916736,0.73004156,0.6954387,0.67411464,0.7134568,0.68417615,0.69165796,0.69147295,0.723918,0.7272611,0.71255857,0.71233165,0.7090514,0.702099,0.7178428,0.7265959,0.70708114,0.699698,0.7159318,0.78837305,0.7253583,0.6740996,0.71231395,0.67152333,0.7025187,0.72654504,0.7011198,0.6927021,0.72980183,0.6983668,0.73339236,0.67281467,0.7507426,0.6953483,0.6646801,0.6930992,0.7109662,0.7015911,0.6801115,0.6786571,0.7122907,0.6811435,0.7425644,0.72581565,0.7207166,0.69950396,0.6854849,0.69203484,0.7258033,0.683906,0.70031273,0.70461386,0.6778739,0.6818159,0.7036153,0.6903401,0.6962685,0.7069807,0.7116628,0.6721013,0.6944517,0.7129107
0.7305002,0.743427,0.71039754,0.7480269,0.72973293,0.720969,0.7674833,0.7600772,0.7119493,0.77393824,0.7150194,0.7427266,0.75565994,0.72654754,0.7576969,0.7232081,0.73353523,0.7151235,0.7329679,0.71517617,0.7223365,0.75825727,0.7290677,0.71279293,0.73560435,0.7168328,0.7177158,0.7514424,0.7339823,0.7179608,0.72002196,0.70757246,0.7343191,0.74623686,0.7576681,0.7833371,0.73965204,0.6895705,0.70811933,0.7155226,0.70239085,0.68214643,0.72790056,0.7492793,0.722083,0.736855,0.7428517,0.71686333,0.7345945,0.7876477,0.7524405,0.7029626,0.7477338,0.71816164,0.72657216,0.7565847,0.71047854,0.73663414,0.7475067,0.7713774,0.71760243,0.72720975,0.71751046,0.72429746,0.7536617,0.73949224,0.7277519,0.6982365,0.7517772,0.71778566,0.6851949,0.71891147,0.7553315,0.7560891,0.6918501,0.7250723,0.73343563,0.74847084,0.7536617,0.7145757,0.71711403,0.7268056,0.7803621,0.7476865,0.7336846,0.7514638,0.7346253,0.73950714,0.71890545,0.7179037,0.69704306,0.7343413,0.77114844,0.74923396,0.7217682,0.72021496,0.7027814,0.7412364,0.77203304,0.7026113,0.7361004
0.73189753,0.7806346,0.768762,0.7198315,0.7603137,0.70402044,0.7767969,0.7421442,0.7063351,0.74243885,0.7395979,0.73465276,0.6910734,0.7223584,0.7526871,0.75159115,0.7252012,0.7670167,0.74562955,0.74135965,0.768264,0.76041156,0.68264496,0.7247972,0.71353924,0.7285374,0.75663686,0.71936494,0.7062788,0.7320475,0.71960694,0.73718756,0.74201494,0.7159863,0.71911275,0.70652634,0.7401585,0.74614424,0.7066806,0.79141635,0.70682347,0.76418,0.7054407,0.7297829,0.7310358,0.75378066,0.7393568,0.7517444,0.78280395,0.75906867,0.74401575,0.7530512,0.7535196,0.7324345,0.7026684,0.71557665,0.75886405,0.74251,0.72140425,0.7747894,0.747751,0.7141765,0.7108706,0.7722763,0.6982527,0.7421424,0.73649085,0.7583085,0.73889685,0.73377043,0.7338968,0.72449225,0.7763726,0.77317864,0.7032133,0.7785825,0.7227625,0.69177115,0.7097995,0.78308874,0.74976337,0.7258332,0.72713095,0.7238148,0.7466763,0.7194926,0.7060793,0.72397393,0.724327,0.7195333,0.7785062,0.7413933,0.7399947,0.7378672,0.7229836,0.7689076,0.7214195,0.7536597,0.70874256,0.7041072,0.7318145
0.7320949,0.73370713,0.7533704,0.72294617,0.7261532,0.74694985,0.76022846,0.7273236,0.7106876,0.76367265,0.74245083,0.736682,0.7182611,0.6922477,0.7516877,0.6993076,0.75359803,0.7465774,0.7463035,0.73034036,0.725879,0.74142355,0.7333231,0.7285389,0.66807765,0.7229469,0.7635371,0.73052436,0.7417088,0.74399453,0.76126194,0.72797006,0.70465857,0.71927035,0.7284059,0.6966978,0.73553675,0.7017397,0.7156984,0.6819677,0.7313395,0.78042144,0.735506,0.70279235,0.73573756,0.717341,0.7582069,0.7414336,0.7450368,0.73888725,0.7508589,0.73809355,0.717686,0.69837135,0.7003737,0.7283036,0.7181514,0.7370368,0.71292204,0.74335796,0.7225681,0.72675,0.73091733,0.73128366,0.7531776,0.7272713,0.71867025,0.7220435,0.7025612,0.74128455,0.71234864,0.69228953,0.70725167,0.6897233,0.74868494,0.7402771,0.73707396,0.7132029,0.71566474,0.69853395,0.72755903,0.723836,0.72057,0.73031586,0.7183239,0.7276254,0.7392952,0.7422604,0.7583344,0.73610526,0.7387773,0.7172878,0.7259332,0.7437965,0.7199974,0.7591335,0.6998646,0.744028,0.78765136,0.7394873,0.7312539
0.73859257,0.69690394,0.68588215,0.698466,0.74990547,0.7353728,0.7019432,0.7400838,0.75345045,0.7039929,0.7242353,0.7144381,0.7588653,0.70593315,0.74475074,0.7114762,0.73778945,0.68254143,0.70892817,0.73392653,0.7018199,0.7101874,0.7684752,0.7564513,0.72343487,0.7597267,0.6927875,0.7170039,0.729032,0.7481429,0.7239597,0.7463055,0.7010476,0.7400401,0.7165248,0.74966687,0.711664,0.7409996,0.7002343,0.74913293,0.72953063,0.7384756,0.70744735,0.7367431,0.7387871,0.73094565,0.7123647,0.70219517,0.73495024,0.7062515,0.72220474,0.7079098,0.7072391,0.7041317,0.7431101,0.7207187,0.69593304,0.6973996,0.7176418,0.7223593,0.71284467,0.7233341,0.7188216,0.7297956,0.7162846,0.73685956,0.7030942,0.7322034,0.70792705,0.729242,0.78579783,0.7112492,0.71938807,0.74563783,0.7066066,0.7167662,0.72566074,0.71847254,0.74633807,0.71599907,0.6890978,0.70971984,0.77228063,0.71987385,0.71952885,0.7013578,0.70154196,0.7420914,0.6948939,0.69433135,0.71267134,0.74362296,0.7409721,0.71523196,0.6891921,0.72782147,0.7781383,0.72369856,0.7380155,0.7010257,0.73658353
0.7388511,0.70029396,0.73264295,0.7740435,0.68660265,0.71570855,0.69979,0.7176942,0.6910818,0.7544792,0.7450458,0.7053432,0.7244489,0.7659122,0.76436347,0.68712693,0.7275459,0.7447863,0.7264923,0.72569305,0.7102949,0.76130813,0.71567696,0.74215394,0.69804484,0.70505595,0.773007,0.68586963,0.7553095,0.7323919,0.72066504,0.75859123,0.7415876,0.74562484,0.72248214,0.75983256,0.7351735,0.7323235,0.72005534,0.71536773,0.7224965,0.719711,0.7227517,0.7052127,0.71699303,0.721455,0.7526489,0.7266968,0.68944305,0.7603643,0.7059802,0.740241,0.7077951,0.69144934,0.7128281,0.71473116,0.6984548,0.76554614,0.7146085,0.7334192,0.71786505,0.713431,0.7511896,0.7514064,0.7315061,0.74935985,0.7645248,0.7006286,0.7036342,0.7710792,0.72310597,0.74840146,0.72380453,0.7138691,0.70420164,0.7321067,0.718043,0.7156838,0.7526849,0.76531035,0.72140425,0.7692123,0.7097396,0.7011564,0.7211949,0.72989005,0.7229214,0.76730525,0.72799945,0.68993837,0.72401637,0.70674914,0.7378754,0.7219754,0.7361017,0.7401901,0.7417815,0.7614072,0.71650374,0.71644145,0.7556393
0.73885304,0.750867,0.7996251,0.8230186,0.81683713,0.77789503,0.8423179,0.7951278,0.76500964,0.8357193,0.8039805,0.78246456,0.78208786,0.78944874,0.78050154,0.7632666,0.771732,0.8001281,0.83814156,0.81270796,0.7866271,0.7903429,0.7869372,0.80512387,0.7778134,0.76186305,0.7922077,0.74409574,0.8064814,0.77788794,0.8217071,0.81837577,0.81304675,0.78385705,0.7313034,0.8109867,0.8397676,0.8009035,0.8194466,0.79509336,0.78538656,0.7827348,0.79380804,0.7795028,0.759879,0.78487235,0.8180161,0.80130947,0.7738363,0.77893955,0.8202093,0.7858146,0.7338936,0.7901216,0.8620268,0.81457865,0.8072768,0.7591065,0.8000735,0.7513418,0.72450304,0.7594349,0.79386026,0.74169123,0.7773221,0.79264313,0.7605614,0.7833707,0.8323632,0.77700925,0.77734953,0.7792434,0.7902722,0.7736003,0.7680484,0.7620689,0.81516224,0.8099478,0.8029775,0.79614025,0.7817979,0.7988872,0.7668641,0.7700061,0.81261927,0.7927206,0.80300385,0.7980891,0.7996927,0.7853567,0.8270747,0.79140073,0.80864865,0.76535743,0.7704179,0.80532104,0.7885405,0.76382685,0.76627946,0.7562403,0.76967204
0.7403572,0.72038835,0.70336634,0.759015,0.7369326,0.7220593,0.7568578,0.7691405,0.7420717,0.7484816,0.7201161,0.7997461,0.7228676,0.72024375,0.7329355,0.69357246,0.72919697,0.73593026,0.75430757,0.7395184,0.7153749,0.75911313,0.7659784,0.7132701,0.71785164,0.7105181,0.70443016,0.72219974,0.7691007,0.78324634,0.70239204,0.7480518,0.7537047,0.7333041,0.72769046,0.7282612,0.72824484,0.75678605,0.7088447,0.69660926,0.72008127,0.7577979,0.7483594,0.7578555,0.7033353,0.732291,0.7695405,0.748172,0.75996155,0.73204464,0.76264733,0.74083143,0.7638426,0.72222674,0.7154537,0.7425342,0.73658156,0.74559194,0.75580406,0.7211072,0.75457114,0.72894984,0.77005446,0.75592285,0.74024063,0.7366509,0.7554131,0.7728284,0.7434188,0.7267638,0.71890783,0.76195985,0.7134394,0.7068844,0.730144,0.7848926,0.7215666,0.71418554,0.7462315,0.74887544,0.75203675,0.7450952,0.76851654,0.7405944,0.78825164,0.7245901,0.74458236,0.7299391,0.74842423,0.78717524,0.79030067,0.758989,0.77542,0.76931745,0.72863436,0.7575616,0.7394906,0.81688756,0.7259061,0.7428896,0.721844
0.7421592,0.6735208,0.723861,0.72683936,0.6941311,0.7311247,0.7144732,0.6884151,0.70444274,0.70898616,0.71459967,0.7197687,0.70542926,0.69366753,0.7025363,0.7293733,0.7039622,0.69978696,0.691393,0.7125831,0.69228417,0.70337355,0.70594627,0.6993813,0.71431965,0.70191926,0.76020175,0.74174625,0.6974879,0.703353,0.67769736,0.67211676,0.70169586,0.71311647,0.7233645,0.74981195,0.70759034,0.7025266,0.6854122,0.7089033,0.7067342,0.7121843,0.7016941,0.72617215,0.7112319,0.7014036,0.70158106,0.6847127,0.69880867,0.72056955,0.7018512,0.67990345,0.66648763,0.7216836,0.7467789,0.69108087,0.6782877,0.716512,0.70784265,0.69391626,0.7289581,0.7402198,0.71393293,0.7043085,0.69420385,0.7273932,0.7185081,0.7573312,0.7296143,0.71298164,0.6922954,0.6869229,0.7018419,0.71261,0.7271406,0.71807355,0.6932031,0.69165564,0.7049882,0.70634514,0.6813322,0.67218465,0.70125395,0.66720736,0.6955723,0.7252028,0.7131543,0.7043513,0.7155894,0.7238261,0.6688278,0.724135,0.72151536,0.71680796,0.7673081,0.6909022,0.6828273,0.7118936,0.68882596,0.7080937,0.71513706
0.743911,0.8535199,0.82168955,0.8676169,0.84353626,0.84585476,0.8936601,0.8386852,0.8273869,0.7943545,0.8723735,0.85658675,0.7773939,0.78802407,0.81331223,0.86306334,0.8620106,0.86022824,0.8330925,0.8644746,0.8301286,0.80952734,0.87268656,0.79719645,0.83564407,0.8223347,0.8600859,0.847726,0.8603812,0.8614161,0.8564486,0.872201,0.8124521,0.84612507,0.86676794,0.8638776,0.84322464,0.86557156,0.840391,0.84082,0.8773734,0.8451316,0.861703,0.8160556,0.84367144,0.82010657,0.8489116,0.79854447,0.85712725,0.8833694,0.82073337,0.8331123,0.87181175,0.8229262,0.8578569,0.8310356,0.82278293,0.8024299,0.82599425,0.81265,0.8206703,0.8305575,0.85076135,0.8369503,0.8842269,0.8240959,0.8167661,0.81661874,0.80726606,0.80997765,0.85162413,0.8012858,0.8292703,0.7898268,0.8292087,0.824434,0.84383047,0.83676136,0.80013007,0.80354726,0.82520074,0.8830046,0.82784605,0.78672594,0.84295374,0.8341619,0.8495458,0.8406612,0.8450202,0.84330976,0.8635008,0.8342703,0.8537025,0.8204662,0.8378207,0.8097791,0.8143086,0.8615359,0.8611875,0.7998101,0.80930233
0.7442744,0.7363153,0.71477896,0.7271175,0.7533062,0.715513,0.73903126,0.7334832,0.77313393,0.7197581,0.7356326,0.7343989,0.7070212,0.7492848,0.72782105,0.7788456,0.69676,0.7210192,0.7622753,0.72745246,0.7406928,0.7268775,0.6923818,0.71997005,0.7477749,0.71831995,0.6966403,0.6955108,0.7007041,0.73784673,0.7147752,0.7448228,0.73901355,0.72759104,0.7603709,0.71439034,0.71392167,0.7123553,0.7522492,0.72343415,0.7510728,0.75141984,0.7257628,0.7341071,0.70398706,0.7288398,0.7504297,0.7405525,0.7365534,0.7028639,0.7124965,0.73661405,0.6989947,0.73181605,0.74010795,0.6976516,0.7220069,0.7040594,0.70929533,0.752244,0.7515281,0.75471336,0.6872142,0.7183179,0.7428159,0.7125009,0.7586321,0.70971906,0.7183587,0.7114404,0.69766665,0.74622375,0.7468012,0.72311634,0.7492978,0.6787828,0.7158799,0.72926307,0.7121435,0.7319128,0.7487503,0.7560487,0.7318034,0.73267514,0.71899647,0.6749992,0.69783205,0.7290226,0.7040397,0.7586313,0.7186057,0.70905364,0.74845725,0.75443965,0.686583,0.73217875,0.7485019,0.6959848,0.7410942,0.7455954,0.7253904
0.7450477,0.8155926,0.8254615,0.73496884,0.81385183,0.7898575,0.77398616,0.8161188,0.8278255,0.7536517,0.8257884,0.84068173,0.81809694,0.79506236,0.8419271,0.8339276,0.80217165,0.8053464,0.8212016,0.8223602,0.7790193,0.85251033,0.7976329,0.7776689,0.77977127,0.785505,0.76669365,0.8156905,0.8237075,0.818551,0.79533595,0.8799669,0.84807384,0.7820132,0.8021881,0.83123165,0.7764126,0.84245914,0.8181551,0.79422826,0.82738554,0.79158646,0.8125005,0.8203291,0.8266328,0.81362665,0.84284717,0.7769558,0.83306766,0.7611068,0.8124011,0.8348573,0.8220405,0.79656696,0.8069591,0.7711906,0.8310698,0.8286535,0.76236135,0.811432,0.8101396,0.8055261,0.8322182,0.8057302,0.8419277,0.87632984,0.7807102,0.81322724,0.78400385,0.81569684,0.82573783,0.79730505,0.7856853,0.8244925,0.83167505,0.8326327,0.80845433,0.8090026,0.78960115,0.84575677,0.87669307,0.8456395,0.8009023,0.7877254,0.8601185,0.82050407,0.7752706,0.79638475,0.8047803,0.77619135,0.765262,0.8666794,0.81204236,0.81549114,0.8007818,0.73895353,0.8167307,0.8162038,0.8046661,0.8096506,0.84323317
0.74563646,0.7524696,0.7869909,0.77663374,0.7862267,0.79934376,0.8090853,0.79332185,0.8331993,0.78548366,0.73843247,0.8064866,0.7718503,0.7876671,0.79222757,0.7743587,0.7717762,0.80647457,0.7687035,0.8115553,0.7801636,0.7587107,0.7963427,0.76160353,0.8444955,0.7612826,0.75555366,0.78928375,0.7467254,0.78886724,0.77414674,0.76514643,0.77451104,0.7544238,0.80733573,0.7744804,0.8032231,0.8070127,0.7868785,0.77983457,0.73250294,0.76740986,0.7940604,0.75362736,0.72418505,0.7876106,0.7681579,0.7450772,0.7549421,0.78776103,0.8115001,0.78521854,0.80747855,0.7674236,0.77155614,0.7550106,0.8161374,0.8256703,0.74131334,0.8102848,0.7961845,0.7690496,0.76302356,0.74841475,0.8005956,0.79310447,0.7307169,0.79071254,0.77499425,0.7286255,0.73738045,0.7236197,0.77023417,0.78185916,0.77386516,0.7906636,0.8109394,0.7706958,0.7905888,0.7772435,0.8086682,0.8106714,0.79221815,0.7564261,0.76792663,0.84815973,0.7706215,0.78501356,0.7957064,0.7769083,0.77623284,0.76612526,0.7653913,0.8189731,0.7821,0.7447418,0.75871086,0.7883437,0.8165092,0.79580206,0.802769
0.74829656,0.7831798,0.81425697,0.78479195,0.7756616,0.7813824,0.81082654,0.7630215,0.7961021,0.78535265,0.8305796,0.7756922,0.7655757,0.799499,0.7728494,0.75605685,0.7972935,0.792984,0.7840954,0.8614388,0.7593407,0.7655547,0.8104262,0.7663829,0.77217424,0.81402713,0.81645757,0.85095054,0.7955021,0.7778296,0.7348177,0.7666727,0.71309245,0.76979965,0.79273695,0.84744227,0.8074867,0.7967345,0.7776102,0.7966128,0.7766889,0.7442716,0.79419684,0.8261491,0.8069931,0.8297793,0.80525845,0.7636164,0.77428395,0.73961455,0.7722211,0.77308613,0.78758496,0.7690731,0.7669776,0.8130007,0.7610532,0.84792584,0.7959705,0.76865786,0.7757593,0.7531272,0.8335175,0.76683056,0.7905785,0.81896025,0.801689,0.7661566,0.80198795,0.8105311,0.8345706,0.7777348,0.74900055,0.7599916,0.7127757,0.75105673,0.78620756,0.79435474,0.7798283,0.7815427,0.80469906,0.7842294,0.77530575,0.79345065,0.7720918,0.78191215,0.78380626,0.78320223,0.8048835,0.8102598,0.7554975,0.766565,0.76849717,0.78725064,0.7656077,0.8133065,0.8297048,0.7996752,0.7975881,0.7786986,0.7993411
0.7483793,0.7320037,0.7574298,0.7436326,0.7379896,0.78146964,0.7418028,0.77183676,0.7798266,0.7333095,0.7261012,0.72913855,0.7634575,0.76681477,0.74119896,0.75383496,0.75214714,0.7579307,0.746646,0.7306461,0.74614793,0.7569439,0.73521715,0.725119,0.77545303,0.73768157,0.72496384,0.7294748,0.71006626,0.7285209,0.78030187,0.714728,0.7430417,0.74705845,0.73498046,0.7285391,0.73991305,0.7567494,0.7093832,0.7186621,0.70118773,0.72589403,0.76202196,0.7273055,0.7219683,0.7531226,0.7224551,0.75353813,0.72246486,0.7466747,0.79985076,0.77146804,0.7446804,0.749185,0.736476,0.75837487,0.7374831,0.7532523,0.7261519,0.72755116,0.7398782,0.7458088,0.6811145,0.75290054,0.75954217,0.73298573,0.76172566,0.74493724,0.7558494,0.77034163,0.7507282,0.766158,0.72051334,0.7362632,0.75612134,0.7706716,0.7514493,0.76137346,0.7527651,0.6911059,0.7158179,0.7042789,0.6869665,0.74157935,0.7807377,0.7259586,0.7033681,0.73337376,0.7405117,0.76302594,0.7325923,0.70629686,0.70985633,0.7247917,0.75131565,0.7155107,0.7257742,0.7469738,0.7565374,0.7481435,0.763746
0.7493477,0.6407193,0.6320639,0.65040934,0.65206987,0.68943757,0.67250246,0.6668374,0.65587425,0.64508635,0.6535261,0.6285474,0.64569366,0.6322996,0.6510505,0.6630825,0.66879016,0.6630743,0.6542774,0.65721864,0.674794,0.6669637,0.6667535,0.64995915,0.640554,0.66653943,0.6348428,0.6327049,0.63686866,0.6684974,0.64066607,0.6603989,0.6798096,0.66789013,0.65745753,0.64749795,0.6210703,0.6378432,0.6585117,0.6561267,0.6706878,0.6551913,0.6537382,0.64355165,0.63672656,0.6609504,0.65524274,0.64266706,0.6413807,0.6521227,0.63843775,0.622449,0.6545976,0.65375274,0.67785805,0.63600564,0.65947706,0.6412623,0.66333884,0.6446734,0.6442519,0.63838166,0.64353985,0.6302497,0.65708965,0.6503999,0.653287,0.63112843,0.66757065,0.6392539,0.6404265,0.6577133,0.6433489,0.6454987,0.6593515,0.65150446,0.66537184,0.6575239,0.67087406,0.68654543,0.661421,0.66935426,0.62899894,0.679925,0.65527433,0.65579677,0.6701333,0.6476755,0.6548943,0.64960057,0.6498535,0.63730246,0.6662143,0.630759,0.64958173,0.6401927,0.68236023,0.6447212,0.6682442,0.65353125,0.65710753
0.75367904,0.7260454,0.75345844,0.73371685,0.76041573,0.7342627,0.7475138,0.7233704,0.7438207,0.7106886,0.74418384,0.7899081,0.7201806,0.7268402,0.75907093,0.7338628,0.7277691,0.7069513,0.71480757,0.77299064,0.7491521,0.7199258,0.7533402,0.7550517,0.71598816,0.72831184,0.72438365,0.73369235,0.7169128,0.76303416,0.7579363,0.7547609,0.7678409,0.7176909,0.7361788,0.7271908,0.7543594,0.78655595,0.72779137,0.7129393,0.7188961,0.70854414,0.7412832,0.736018,0.7228145,0.7251194,0.72728354,0.70232785,0.73046,0.75328475,0.74731606,0.7371189,0.7387029,0.72567743,0.7617149,0.75110734,0.74681455,0.73656994,0.7256276,0.7485311,0.7664773,0.725217,0.71313244,0.73913836,0.73131144,0.73380196,0.758678,0.7422592,0.7835803,0.75584185,0.74916553,0.7523213,0.6969032,0.73345214,0.7509536,0.7379527,0.7444217,0.7829376,0.7616479,0.72927594,0.712457,0.7631037,0.7030205,0.7215579,0.7686117,0.72694904,0.73851854,0.7164117,0.75757307,0.78043133,0.7123441,0.70952845,0.7123074,0.7464397,0.7196654,0.7209363,0.76700854,0.69346446,0.71403164,0.7431449,0.73074156
0.7551173,0.7393069,0.75671196,0.728501,0.75635463,0.71212506,0.7691286,0.7905553,0.7023402,0.77824706,0.76492196,0.7762649,0.75124794,0.7505349,0.79927665,0.76135427,0.7528024,0.750461,0.7520629,0.75015205,0.7325191,0.78454834,0.7319784,0.73417556,0.7518565,0.7183117,0.76745313,0.7620937,0.79026264,0.7309816,0.76537675,0.72231495,0.7456685,0.7720245,0.74649066,0.7789872,0.7842199,0.74816895,0.72627527,0.7931959,0.78535414,0.7587233,0.77109516,0.782688,0.77167064,0.7623642,0.7458815,0.7605448,0.7608562,0.7784478,0.7495846,0.75130475,0.7855935,0.71646863,0.7080534,0.74045986,0.7480479,0.8162269,0.7478868,0.7517831,0.8081713,0.77554435,0.78152925,0.71837777,0.7586097,0.7547204,0.7524683,0.75288075,0.7382756,0.7132631,0.77019984,0.7455663,0.73355496,0.7627576,0.75472283,0.76293314,0.7606661,0.7548838,0.7687654,0.7459609,0.7905018,0.75169605,0.73985845,0.76114833,0.77604145,0.7323231,0.7514442,0.74910694,0.7601494,0.764842,0.7596577,0.7677194,0.727302,0.77147526,0.7574649,0.7876093,0.75208205,0.7853828,0.77698,0.74424165,0.79124707
0.7555904,0.73688024,0.743672,0.7276741,0.7318511,0.7522488,0.7991352,0.7404637,0.7753872,0.7155603,0.76318794,0.72831655,0.7366295,0.74903995,0.7409044,0.76526886,0.7975825,0.74033386,0.7622848,0.76218504,0.74127823,0.74690455,0.77433485,0.7188878,0.76545495,0.752352,0.7621139,0.73020285,0.7478692,0.7542689,0.7901986,0.7102044,0.7800418,0.8003421,0.8110054,0.76115996,0.7677341,0.76339096,0.75224984,0.69543415,0.728576,0.7746022,0.7213926,0.7788085,0.80054605,0.7311296,0.75021285,0.73210543,0.75284845,0.739989,0.80699915,0.76881325,0.76540947,0.77817017,0.74335545,0.74033403,0.7715016,0.7867983,0.75977856,0.7058459,0.75202,0.738576,0.77783686,0.78925306,0.78664607,0.72617114,0.76884514,0.7595754,0.7526545,0.7689948,0.78056496,0.71538764,0.7623763,0.72533447,0.7463812,0.76170737,0.7769663,0.7731633,0.7374974,0.77897406,0.7706383,0.7775499,0.72727376,0.76485735,0.76426446,0.7611105,0.8161811,0.75589585,0.6986374,0.75130165,0.7121498,0.74284357,0.7641614,0.7470632,0.7542358,0.7682201,0.7790911,0.7782436,0.7589497,0.7307885,0.7873003
0.7557004,0.7584023,0.75276476,0.7506568,0.78769904,0.75076085,0.7517265,0.7635159,0.75167364,0.71504563,0.747148,0.75274235,0.7433773,0.783663,0.7924103,0.7235375,0.74516803,0.7474301,0.76755315,0.71811455,0.7701505,0.77336854,0.756667,0.7622693,0.7852183,0.72589844,0.7629244,0.77858615,0.75200915,0.69858074,0.74670774,0.74141747,0.7999844,0.8405142,0.79657894,0.73782635,0.7626365,0.6913758,0.76314944,0.7826169,0.7443046,0.77887726,0.7238938,0.7084385,0.76192707,0.75216913,0.74771935,0.798986,0.76636285,0.7911106,0.77432114,0.7540735,0.77948344,0.781666,0.79114246,0.71985537,0.74659663,0.76564986,0.7763086,0.6979112,0.7752544,0.73451984,0.8045983,0.75348365,0.7739182,0.78790873,0.79511875,0.7277064,0.7571922,0.79436886,0.7592104,0.7527804,0.75248176,0.805407,0.72777086,0.753939,0.7941095,0.78266054,0.78014654,0.7350567,0.76969963,0.768354,0.74685836,0.812144,0.74988955,0.77191734,0.7596883,0.7220688,0.78376204,0.7500115,0.7602737,0.791236,0.77849084,0.7510854,0.75305915,0.714572,0.7646912,0.751017,0.7210072,0.7589987,0.77347916
0.75620925,0.7717673,0.73726577,0.7711926,0.7534982,0.7697239,0.7753888,0.8087558,0.7627229,0.77665263,0.8081874,0.7801595,0.73490447,0.7151878,0.76813537,0.7944828,0.7588567,0.76632327,0.7973937,0.75014156,0.76771826,0.809442,0.75103265,0.7539641,0.7784417,0.78481436,0.7373516,0.7842022,0.7615469,0.77445537,0.732236,0.77286667,0.69278497,0.76925606,0.7826692,0.77274984,0.72433096,0.7297928,0.7932074,0.7303795,0.7611812,0.7865743,0.7458139,0.77270085,0.75397605,0.77671903,0.74017215,0.7993566,0.78358966,0.7257754,0.772436,0.78289795,0.79495627,0.7287888,0.7721569,0.7664152,0.77756613,0.75566906,0.75399107,0.75434107,0.80805165,0.7269549,0.73829687,0.78800684,0.77689606,0.7458292,0.7659543,0.7849646,0.7962952,0.782618,0.7589971,0.71399856,0.76880676,0.7674384,0.6928694,0.7287562,0.76750463,0.76334894,0.76208514,0.7735647,0.77264994,0.72456247,0.73057675,0.754224,0.73022085,0.75704163,0.79567474,0.7402076,0.75801593,0.7671629,0.8275694,0.7679201,0.7595148,0.74578583,0.7772621,0.7527108,0.74034804,0.7576043,0.74277425,0.8181377,0.76440865
0.75637347,0.826926,0.8150689,0.82677895,0.8018909,0.78992885,0.79833454,0.79350644,0.76434106,0.78648317,0.81686026,0.8468949,0.8232707,0.80011433,0.7667057,0.81960446,0.78924483,0.7967214,0.8097168,0.8445669,0.8266651,0.8443571,0.7815816,0.78584415,0.81672394,0.75556177,0.7832147,0.83350873,0.8235169,0.826802,0.7907914,0.8242652,0.8280067,0.79642874,0.77946466,0.8511781,0.79001266,0.7487953,0.80543333,0.8217091,0.79654866,0.7764885,0.78647023,0.79555917,0.8454137,0.8105824,0.79270947,0.86677206,0.77119756,0.8162055,0.87175834,0.80782515,0.78918725,0.83463794,0.826638,0.8037241,0.8336369,0.8248741,0.77206886,0.76343924,0.8495684,0.8095451,0.83938664,0.80016524,0.8540774,0.81638086,0.8318382,0.82060385,0.7910103,0.82753235,0.8403442,0.83183897,0.76600057,0.8217298,0.7627556,0.8449641,0.8266666,0.80625826,0.80025434,0.86298776,0.79716355,0.79969704,0.84720296,0.7822216,0.7947096,0.79284614,0.7916043,0.8011877,0.8188068,0.80837625,0.82204634,0.82088023,0.80170065,0.81596833,0.7650787,0.7818286,0.81975985,0.80083096,0.811331,0.7884181,0.76372033
0.75752246,0.7213666,0.7201099,0.7348824,0.7107067,0.71229655,0.70801866,0.72424,0.7024078,0.7020828,0.7080092,0.7319097,0.715085,0.7112867,0.7294828,0.72548074,0.7596611,0.7297062,0.721374,0.72951937,0.7415603,0.750794,0.72106296,0.700085,0.70048517,0.7095725,0.75083774,0.7522343,0.7121801,0.70539683,0.6962281,0.71762383,0.7129472,0.70527977,0.72330517,0.7278393,0.69255286,0.7292691,0.7331024,0.71155727,0.71198255,0.7248728,0.7318887,0.7373272,0.72755677,0.7677683,0.70354843,0.75652415,0.7188907,0.73459274,0.7496722,0.70507795,0.74233127,0.75487363,0.7095992,0.7038185,0.69357365,0.72600156,0.70659524,0.7176232,0.69430655,0.6779698,0.720162,0.71772903,0.6902174,0.7154678,0.7100906,0.7050713,0.7058267,0.7149144,0.7366738,0.71134776,0.75228196,0.7261996,0.72775733,0.73086005,0.7348487,0.71354747,0.73251307,0.6929166,0.7277079,0.70632887,0.7133317,0.7402808,0.6873715,0.7304729,0.73260945,0.6945402,0.71178526,0.7682821,0.72283,0.70847094,0.67322606,0.727372,0.698127,0.716497,0.69657785,0.73986775,0.6989319,0.6355906,0.75096905
0.7588875,0.7294901,0.73613495,0.731031,0.7134243,0.7400928,0.75110227,0.7284953,0.76620066,0.73785824,0.7407512,0.7464445,0.74347824,0.71884865,0.7481931,0.7743143,0.75777286,0.73161995,0.7266142,0.7446591,0.72095186,0.7132248,0.7337104,0.7572433,0.7551425,0.7511053,0.68688935,0.7531572,0.72244626,0.7152416,0.7199678,0.71316105,0.7386181,0.7213952,0.72930354,0.7540145,0.7051254,0.7042987,0.7541211,0.710977,0.6869193,0.7336356,0.7425973,0.7396999,0.71611273,0.7124226,0.7309689,0.70917606,0.7551116,0.7236976,0.7333111,0.72496337,0.7517709,0.7166133,0.7337466,0.77673656,0.7374224,0.7353919,0.7133953,0.7789677,0.7095353,0.7271433,0.7237349,0.7328945,0.76431054,0.725178,0.7308297,0.7508501,0.72657585,0.73360777,0.750789,0.7369935,0.6946915,0.71805257,0.7284043,0.7354842,0.74601394,0.77288646,0.7529293,0.7082955,0.7001191,0.7401754,0.7430228,0.7685791,0.7348618,0.74049675,0.73834926,0.74054205,0.6956434,0.73196507,0.67981607,0.7163469,0.7337673,0.7482422,0.76391774,0.70861447,0.70242125,0.7522657,0.70262426,0.7528109,0.75031894
0.76024204,0.6759999,0.72694796,0.6825299,0.7134586,0.70978206,0.7138826,0.70256746,0.70276916,0.7138302,0.7494498,0.69287175,0.71271306,0.6990102,0.7202856,0.71524704,0.70969623,0.70570016,0.72033983,0.70729566,0.71771175,0.70509785,0.74839145,0.706019,0.6970151,0.6964038,0.7330076,0.72654957,0.7197652,0.72537833,0.75154287,0.70851034,0.67725366,0.7264015,0.69083434,0.7386665,0.68626815,0.72064775,0.70373,0.73676753,0.7418639,0.7146326,0.7271783,0.71004957,0.7424179,0.6950797,0.7278014,0.72042435,0.77074414,0.6952149,0.7040554,0.7242308,0.68762654,0.7162973,0.72617054,0.71678925,0.7003714,0.69537836,0.71764916,0.68762046,0.68493265,0.7202005,0.72828704,0.70715296,0.7086889,0.71837085,0.70220655,0.7081212,0.7408915,0.7212654,0.71138555,0.76428246,0.71026075,0.7164983,0.7228079,0.7255774,0.7435788,0.72545713,0.7393406,0.72955936,0.72969943,0.7094208,0.6911859,0.7642545,0.722976,0.70416147,0.7239731,0.7438241,0.68834066,0.727738,0.69933766,0.72397,0.7324629,0.73143655,0.72792584,0.73063976,0.70370287,0.7325184,0.70828074,0.7198873,0.7186048
0.7648439,0.7441686,0.7786714,0.7400903,0.72698724,0.74351627,0.76029944,0.78234774,0.77513987,0.7532559,0.7467795,0.76382536,0.7387297,0.7083382,0.7781012,0.7481993,0.7737643,0.74464625,0.7552881,0.72780186,0.74437946,0.7777342,0.72628397,0.735449,0.7582627,0.7282116,0.7138609,0.766761,0.76904815,0.7368558,0.69697654,0.7220779,0.7331038,0.7198486,0.7545032,0.7739143,0.7328102,0.7867704,0.7285319,0.7176705,0.7497938,0.73502165,0.74616545,0.717121,0.7650535,0.73165935,0.75667673,0.78146064,0.7805356,0.75680995,0.7486822,0.7991373,0.71122307,0.7376056,0.7419035,0.78835744,0.7548243,0.7836816,0.74961704,0.73938686,0.7155955,0.7397676,0.74419254,0.7247198,0.77960795,0.731669,0.7334862,0.7208675,0.7247802,0.7689113,0.7631965,0.74871075,0.73936266,0.7041499,0.7738359,0.7132638,0.7558742,0.74017835,0.7245928,0.73613316,0.7584296,0.7610528,0.71965426,0.77414733,0.73625344,0.75860304,0.78976583,0.7369668,0.7244761,0.7165423,0.7462287,0.7690303,0.758316,0.740573,0.73342204,0.7427384,0.767389,0.740949,0.77512693,0.7044498,0.7501965
0.765024,0.7789817,0.7464604,0.70515704,0.8039581,0.78426576,0.7755729,0.79034775,0.77638656,0.76782125,0.74046475,0.75058484,0.77380824,0.7403391,0.77101654,0.7390579,0.7364951,0.76060086,0.7412974,0.7725393,0.787108,0.764052,0.73677,0.7357303,0.72600305,0.74771297,0.76853675,0.7759644,0.7293391,0.763601,0.7620567,0.7494211,0.76905525,0.75722414,0.7685213,0.7643211,0.7323394,0.7552505,0.74564934,0.7448229,0.77972144,0.7450233,0.75953287,0.7669868,0.7850966,0.82477003,0.7841153,0.761799,0.72661394,0.7643982,0.7444506,0.7407474,0.7488427,0.77636796,0.79161173,0.77940065,0.7587368,0.75886613,0.7417651,0.7568221,0.7631522,0.74526334,0.7716511,0.755387,0.8176834,0.771764,0.76090723,0.7465818,0.78619987,0.7866866,0.7700224,0.7929185,0.84365517,0.7729745,0.73589045,0.727325,0.76218116,0.7899696,0.74028176,0.74468243,0.770621,0.74283665,0.80744535,0.73316497,0.74936324,0.74745184,0.7690602,0.74167067,0.77389723,0.7466008,0.79054683,0.7959979,0.76748866,0.7492953,0.814664,0.79288065,0.80477583,0.7962666,0.77697486,0.76046395,0.76032835
0.7652271,0.7384446,0.7020349,0.7322687,0.7646093,0.70057076,0.7649159,0.75201565,0.7610012,0.73549247,0.71895283,0.71200204,0.7806295,0.76590896,0.7464644,0.7562482,0.7554962,0.75516236,0.75915307,0.7145851,0.7514639,0.7218049,0.72556514,0.7052208,0.77989274,0.7900095,0.7453266,0.74098784,0.739914,0.74688035,0.7379448,0.7054677,0.76248217,0.77307963,0.71795946,0.7670763,0.775361,0.71943605,0.73494214,0.76535827,0.7959098,0.7767058,0.7537888,0.75846404,0.7992005,0.7417005,0.78439426,0.762396,0.7668635,0.7661174,0.7335803,0.7889261,0.75705075,0.67950994,0.7374453,0.7701147,0.7355864,0.76075715,0.7343881,0.72675395,0.75396544,0.7408726,0.6941921,0.7559057,0.76131964,0.69315416,0.76534307,0.77035105,0.754833,0.74570435,0.78236824,0.77265304,0.7100717,0.79142654,0.7048756,0.70404637,0.76758283,0.74571943,0.7596584,0.74948406,0.75732493,0.7313356,0.76985234,0.78879315,0.71549714,0.75695765,0.75388443,0.7519824,0.75957286,0.7471281,0.7416943,0.7684598,0.79624337,0.7337777,0.74928635,0.7773846,0.7296087,0.7433383,0.7325146,0.73291177,0.75482726
0.7656622,0.8038818,0.79010576,0.8290772,0.7709374,0.7677532,0.77886087,0.7939866,0.8082234,0.7930135,0.8534563,0.78445613,0.7679839,0.7648982,0.82176334,0.8178234,0.8101915,0.81352293,0.78029126,0.76891834,0.8040127,0.8041094,0.79874134,0.8093623,0.7575974,0.827538,0.7867054,0.79372686,0.7648313,0.7558386,0.8106137,0.78042835,0.8127426,0.8178405,0.8281093,0.73684555,0.78332883,0.80105877,0.7606618,0.74894744,0.79372185,0.81007665,0.79396945,0.8042051,0.7994006,0.8210769,0.8037209,0.7780127,0.77544373,0.7636904,0.815101,0.8159663,0.7950196,0.85194206,0.80421585,0.73685086,0.80485016,0.76846325,0.7933125,0.7839457,0.7861938,0.7584074,0.7508989,0.7791632,0.79547334,0.8016902,0.8113745,0.8255716,0.7457443,0.77263933,0.7842144,0.781217,0.7779685,0.7570818,0.811034,0.77645975,0.80343574,0.7971154,0.7598586,0.78801185,0.76033026,0.7960871,0.8120409,0.82096964,0.80349183,0.7960921,0.8134789,0.82872975,0.7581535,0.8061983,0.78164023,0.8015439,0.770343,0.76520544,0.7979253,0.8235213,0.82701427,0.7892927,0.79478496,0.7736861,0.7937225
0.7657941,0.8512623,0.7599128,0.8181648,0.8043213,0.8189388,0.82580775,0.8067302,0.78106993,0.83208317,0.8182303,0.81781965,0.8123956,0.77366513,0.780281,0.7886798,0.799991,0.807856,0.8421195,0.77904433,0.7838988,0.82461756,0.82219183,0.7933046,0.7966565,0.8576061,0.85731,0.7612159,0.7774567,0.8150092,0.78613544,0.8001329,0.7831784,0.8679343,0.85868603,0.7768722,0.80745465,0.82801265,0.8120763,0.8380205,0.80304617,0.8162665,0.79646915,0.7755015,0.8394938,0.82105356,0.7577947,0.77535075,0.81084317,0.84926987,0.7742234,0.8409447,0.8640718,0.8109003,0.8300346,0.8511177,0.79218394,0.7973644,0.82150465,0.783439,0.83529115,0.847065,0.8305795,0.75032765,0.81700116,0.8062525,0.7897298,0.80825096,0.8260005,0.7680717,0.8211736,0.82125753,0.8702685,0.799407,0.8161208,0.8409271,0.8268725,0.8320975,0.8216937,0.8004183,0.8195613,0.8711006,0.8169486,0.8659354,0.8024849,0.80947053,0.77249867,0.80286765,0.7824009,0.80702263,0.85762876,0.79196537,0.78855926,0.73437107,0.7985621,0.88794374,0.79741704,0.8003611,0.811421,0.879831,0.83172446
0.76641643,0.6998986,0.72174495,0.7495237,0.7741292,0.7391443,0.731395,0.7479303,0.7254477,0.7422915,0.732566,0.73765653,0.73836666,0.7382644,0.7217302,0.74119,0.769461,0.7234492,0.76115674,0.7392768,0.73093724,0.75463635,0.7831288,0.7522873,0.7285356,0.7566453,0.7803499,0.7333807,0.69845814,0.73978406,0.7219102,0.7412512,0.7319042,0.6987427,0.7159786,0.74748933,0.7601014,0.7515933,0.75658226,0.68982255,0.75816584,0.7368887,0.82203656,0.74805903,0.72844344,0.7445514,0.7689042,0.7467809,0.7207154,0.776218,0.78897554,0.7506041,0.75014114,0.75402826,0.74077445,0.7677653,0.6962767,0.71452934,0.73128605,0.74941903,0.709511,0.74206,0.72004455,0.7657799,0.7044411,0.72489876,0.75262374,0.7055016,0.7420229,0.7179303,0.7573435,0.774936,0.7650308,0.69404423,0.71555024,0.7558355,0.7494673,0.78789693,0.7037457,0.7052335,0.7778341,0.70699435,0.7228388,0.7531256,0.7515691,0.78368795,0.76380956,0.7305304,0.7488926,0.7507945,0.7594564,0.7509609,0.7023625,0.71404094,0.6940889,0.72721106,0.784862,0.7155703,0.7616208,0.6984876,0.73856586
0.76946074,0.71847874,0.756892,0.7737774,0.7508526,0.7580747,0.77170044,0.7545933,0.7747747,0.733572,0.7379246,0.7821507,0.80432206,0.7281187,0.77308756,0.7323951,0.73948306,0.7582844,0.7731316,0.74552983,0.76656336,0.7829016,0.71952873,0.7664492,0.7498983,0.7735711,0.76921266,0.75316036,0.7616883,0.71504825,0.75092196,0.7718025,0.8210918,0.73508036,0.724345,0.7504053,0.80764973,0.746197,0.75742084,0.7505586,0.75176996,0.7759492,0.7619522,0.75779337,0.7978228,0.7720253,0.73994035,0.78167725,0.73471045,0.73200417,0.73452044,0.781794,0.74752873,0.7929967,0.74219316,0.7447503,0.7948232,0.78542763,0.7869031,0.7991293,0.74627334,0.7307095,0.76052356,0.7413589,0.739492,0.72222424,0.7409935,0.72353536,0.7376758,0.7067215,0.747116,0.75503093,0.75705856,0.76030076,0.72311413,0.8079101,0.7551028,0.7653619,0.771151,0.7838263,0.7647593,0.74862814,0.79406744,0.7703492,0.77246064,0.75803226,0.7761013,0.7501763,0.7173577,0.7649214,0.76735234,0.7418452,0.7532832,0.7754163,0.7516112,0.7387801,0.71270615,0.79154956,0.7729154,0.7274025,0.7508908
0.76955104,0.7350328,0.76909524,0.7386414,0.7803699,0.77478176,0.8337448,0.7631574,0.80777335,0.783314,0.7690925,0.7967986,0.71135277,0.79044086,0.7225103,0.7871973,0.8086328,0.7896911,0.7776316,0.7911747,0.7763335,0.7382818,0.76299495,0.76423347,0.7709816,0.7855964,0.7719323,0.76439923,0.76961166,0.7570611,0.7473102,0.7655057,0.7337895,0.7880979,0.7717075,0.75987476,0.79404444,0.73854554,0.7854801,0.74709374,0.70761615,0.75198144,0.7675616,0.77263635,0.807151,0.7540501,0.797107,0.84849304,0.7755192,0.774708,0.74860483,0.7936777,0.7870156,0.72685647,0.8010848,0.7996048,0.7816486,0.7516256,0.80109733,0.7848616,0.8002593,0.7694474,0.78914994,0.80492014,0.78700525,0.74350435,0.75894225,0.7534977,0.8544487,0.75004214,0.7964131,0.7728836,0.771133,0.7826578,0.7879803,0.7480218,0.8093942,0.8052584,0.756485,0.7945609,0.75548524,0.8003667,0.77820295,0.80328554,0.71509254,0.7455736,0.75616187,0.80094016,0.80674314,0.7498948,0.7671064,0.7693926,0.74874014,0.79487246,0.8074777,0.77596277,0.7243182,0.7944527,0.775113,0.7852873,0.7993106
0.77372223,0.7587058,0.7325788,0.7568267,0.81774175,0.77618897,0.7799965,0.75335795,0.76452774,0.7441267,0.7518267,0.7939823,0.7191429,0.7280182,0.7345617,0.7814581,0.81834096,0.76530844,0.7687485,0.7993054,0.80228716,0.75026226,0.8461214,0.7653385,0.79302573,0.7765505,0.7791514,0.7809853,0.73362654,0.759299,0.76430035,0.8051858,0.7225745,0.7832459,0.76507306,0.7950259,0.78402346,0.79669946,0.7874579,0.7876173,0.7781209,0.80917495,0.7652377,0.75161713,0.76205057,0.7997592,0.73121977,0.76562864,0.78442526,0.7820278,0.7874779,0.76514405,0.7483283,0.7276756,0.7518593,0.7698125,0.796613,0.718129,0.7856249,0.8154176,0.7819317,0.7932213,0.8185316,0.8115882,0.81010103,0.74656886,0.75020236,0.777926,0.7941827,0.7607591,0.7634037,0.8270263,0.76672226,0.7617598,0.77043176,0.8318046,0.7701508,0.7728766,0.727779,0.7756257,0.801661,0.7774077,0.8131584,0.80431443,0.81038314,0.76240057,0.80375326,0.76461273,0.7975307,0.76083654,0.80215794,0.8180734,0.7671753,0.76100457,0.8224451,0.7659716,0.76309973,0.80346197,0.73977214,0.7735469,0.76370424
0.7738815,0.81712395,0.82376254,0.8227325,0.805603,0.8040819,0.8026771,0.8005229,0.8278417,0.8058144,0.7907785,0.7823852,0.8196467,0.7884019,0.7856168,0.85683805,0.80497605,0.8167703,0.8075127,0.85742706,0.82237834,0.7823366,0.8280374,0.7872413,0.8201381,0.7484085,0.7852798,0.7641205,0.8159774,0.8128224,0.8073514,0.8048628,0.7918821,0.8290316,0.8167818,0.7910346,0.7893213,0.7733053,0.8053128,0.8245285,0.81707937,0.8199501,0.763161,0.7650705,0.8355436,0.7717809,0.83880484,0.7910389,0.7685464,0.8218811,0.7831195,0.8212057,0.7958483,0.7757278,0.7804362,0.82616836,0.7989012,0.8518797,0.8206348,0.8473758,0.8015452,0.7716648,0.84045833,0.8219965,0.8556272,0.8171535,0.793185,0.7872681,0.84228784,0.81000274,0.79062784,0.7846789,0.8384306,0.82948893,0.82494766,0.78504974,0.79928607,0.81013227,0.838952,0.8636429,0.86194974,0.8209026,0.838764,0.82444113,0.7862102,0.79519624,0.7827962,0.7836279,0.8569247,0.8084671,0.7891256,0.8091975,0.8261701,0.79797155,0.8352851,0.8224154,0.8580082,0.80574626,0.81533843,0.83091944,0.7792881
0.7744865,0.71049005,0.6990029,0.69158065,0.6714223,0.70951045,0.6843974,0.67769426,0.7127729,0.7065781,0.66930157,0.7271362,0.71120316,0.69926643,0.6965135,0.6892744,0.6873266,0.68765974,0.66563845,0.6717414,0.69873184,0.6830758,0.6617392,0.6635865,0.70254993,0.6922143,0.6965806,0.70648795,0.67728084,0.67932075,0.69771093,0.66654164,0.6791836,0.7108453,0.67514986,0.7116839,0.7010713,0.68442816,0.68083423,0.6860207,0.72368413,0.70922416,0.65321815,0.6639497,0.6857174,0.73855036,0.69338715,0.66875106,0.7182067,0.6948691,0.668335,0.7124838,0.65825707,0.69023025,0.69534665,0.6997236,0.6753805,0.6815856,0.70001614,0.70313686,0.6816549,0.6937178,0.68425596,0.6831329,0.6927017,0.7033004,0.70619506,0.67556936,0.69868404,0.7026642,0.7061098,0.6730088,0.66924,0.6828151,0.6920851,0.7095764,0.6870353,0.67430013,0.7273713,0.7048479,0.68241876,0.6896984,0.68942934,0.7059925,0.7077931,0.7047629,0.69489837,0.71598333,0.72829103,0.682662,0.64348906,0.6807863,0.68524414,0.6861749,0.72623086,0.6814451,0.6976145,0.7084368,0.70651674,0.69103676,0.6965292
0.78032327,0.72980446,0.82514787,0.75139004,0.7621736,0.7531188,0.76152813,0.76305586,0.78573,0.77440184,0.7582695,0.7566231,0.7471703,0.73303086,0.80777043,0.7759144,0.7851618,0.7562426,0.77537495,0.7498831,0.73121506,0.74030703,0.73277193,0.78718185,0.7805932,0.75472957,0.7714455,0.7844702,0.7630821,0.7694774,0.75052065,0.7577949,0.7556923,0.80720836,0.7523193,0.780557,0.79561085,0.72918385,0.77495545,0.77313244,0.79777837,0.7644504,0.77177256,0.72571707,0.7742701,0.75304717,0.7619031,0.7315379,0.76010674,0.762724,0.7863691,0.7939407,0.7483841,0.74611455,0.7498389,0.7401996,0.74294037,0.79010886,0.7636377,0.7862055,0.76687294,0.7641905,0.7532531,0.7646657,0.7418254,0.78075,0.7593891,0.7570759,0.7798822,0.7901682,0.76836485,0.7608871,0.76618916,0.70352954,0.7332341,0.7421579,0.78790885,0.80048746,0.7782634,0.7301751,0.8032554,0.768838,0.7527351,0.70116645,0.73058546,0.7525084,0.7157607,0.77969486,0.77600926,0.7459503,0.7547272,0.7562638,0.7638877,0.7323577,0.75684774,0.7502187,0.78131515,0.73437744,0.82749325,0.76961964,0.77577347
0.78240925,0.7597579,0.77067375,0.7383751,0.7812459,0.7481481,0.7348355,0.7584372,0.7291765,0.7760946,0.7713706,0.7430182,0.76776534,0.7631672,0.75473756,0.7756643,0.75533336,0.7221156,0.73590034,0.73759335,0.75669867,0.75605774,0.7847704,0.79510087,0.72641104,0.77197415,0.7699526,0.7569513,0.77822286,0.8052409,0.7574484,0.7526223,0.7533727,0.8131893,0.7481185,0.7881923,0.75145024,0.76024354,0.7554622,0.749333,0.7925975,0.7857587,0.7705644,0.76930207,0.7313915,0.81429833,0.76814026,0.7588754,0.7692559,0.7765778,0.80229694,0.7617791,0.7796924,0.74727327,0.7623402,0.7392907,0.76721543,0.7718447,0.79625046,0.7512998,0.78026587,0.79054624,0.76377195,0.7205281,0.7680312,0.79319257,0.7574299,0.76264274,0.7774988,0.82194906,0.82969624,0.75909424,0.7418345,0.78854066,0.7288961,0.76655203,0.7216881,0.81863445,0.75413835,0.73627996,0.77811736,0.7431657,0.7806869,0.7680968,0.7404669,0.78611106,0.7839091,0.7833367,0.76877016,0.76641333,0.80076444,0.7569786,0.7960158,0.7489297,0.75079614,0.74892515,0.8117411,0.7406252,0.7632525,0.75703126,0.75815004
0.78348655,0.7804827,0.77730316,0.725053,0.6945476,0.7486713,0.7438142,0.744913,0.7805635,0.794025,0.7448184,0.73062813,0.7364495,0.7610276,0.7672135,0.7344834,0.6892869,0.71177304,0.7091165,0.7280931,0.6947212,0.74758834,0.7311576,0.75901157,0.7541699,0.737264,0.7526966,0.7911405,0.7562159,0.781718,0.763244,0.74715513,0.7422838,0.7402621,0.73287815,0.75152296,0.69111645,0.733061,0.746223,0.7252744,0.71779716,0.76237005,0.7399588,0.737523,0.7612384,0.71818,0.77975196,0.69969934,0.73400766,0.76634157,0.73409265,0.7404832,0.7363153,0.73309124,0.7309738,0.7790436,0.7121429,0.7282936,0.7728251,0.7243889,0.73093617,0.74513024,0.71527,0.72249436,0.7511775,0.74679154,0.77187425,0.7640942,0.7341768,0.749124,0.72490984,0.766532,0.7230101,0.7369052,0.73790455,0.694848,0.7423124,0.7621852,0.75117815,0.7263226,0.7273724,0.7274128,0.73485035,0.7219191,0.74217296,0.7680037,0.7432472,0.75304234,0.7258,0.7205506,0.72274315,0.72889155,0.7283238,0.7452179,0.756852,0.7337406,0.7509697,0.77253544,0.7001745,0.7365792,0.74671835
0.78364575,0.9159544,0.83240587,0.81820995,0.80866414,0.85157746,0.79752904,0.84360856,0.8055089,0.82024664,0.7785131,0.8188134,0.83450085,0.87188435,0.8634897,0.8649333,0.8662955,0.8609659,0.8870067,0.88246137,0.7933611,0.8297403,0.8705523,0.79537576,0.8242329,0.7962691,0.8592889,0.8251684,0.8389994,0.79997176,0.856818,0.8612068,0.8111383,0.8575044,0.89541215,0.8429005,0.7658101,0.8395928,0.8435959,0.85204285,0.79348963,0.81610173,0.8745813,0.86551565,0.81237936,0.8281266,0.8740063,0.82954097,0.8208092,0.8087502,0.82627404,0.86153257,0.8164637,0.8342082,0.9011325,0.89134806,0.8443558,0.8425616,0.8550591,0.8477228,0.8361759,0.8358026,0.91300493,0.85461885,0.88464254,0.81882876,0.8402923,0.83403367,0.83413595,0.90647763,0.81457824,0.84554166,0.7995667,0.8656702,0.8477444,0.8797705,0.8127458,0.8420103,0.8496146,0.8304035,0.8359389,0.8362418,0.8640079,0.8854485,0.8164007,0.8630532,0.817126,0.82684946,0.832522,0.858602,0.8897553,0.7850448,0.8660341,0.84249,0.8410868,0.83370787,0.839964,0.80614203,0.826705,0.7951999,0.83022267
0.7846964,0.7181459,0.73084074,0.7370843,0.7348942,0.72779393,0.7442618,0.728358,0.72302824,0.7221529,0.6898151,0.73319423,0.7009013,0.7344964,0.7275948,0.732737,0.71897036,0.7180441,0.6950392,0.73641765,0.7258674,0.7671253,0.7569428,0.72691613,0.7347905,0.74793476,0.6978617,0.72043574,0.7415207,0.6991032,0.7336194,0.7059885,0.6938718,0.72734344,0.6854965,0.6936372,0.6972952,0.6800805,0.70364517,0.7160004,0.68090624,0.68334913,0.71494967,0.72024953,0.710123,0.68971604,0.7290425,0.714966,0.73193926,0.6703924,0.70416635,0.74667233,0.75174123,0.7038491,0.74185425,0.7104421,0.7196344,0.72541255,0.68225473,0.70824426,0.7474775,0.72434145,0.7245695,0.755957,0.723625,0.71452075,0.7533403,0.69872326,0.71195024,0.7095752,0.7131011,0.7334834,0.7161568,0.65930283,0.7261312,0.718271,0.7108894,0.7084283,0.7152732,0.6638004,0.7075483,0.71516967,0.7117327,0.7066593,0.72584,0.74241436,0.7254197,0.7065062,0.7061961,0.75185937,0.7319605,0.67488223,0.7106146,0.7331764,0.73892266,0.7247877,0.7034331,0.70114464,0.7274676,0.7237926,0.7147963
0.7848209,0.8812389,0.8536713,0.847327,0.85717124,0.8281811,0.84389424,0.8321566,0.8883413,0.8610092,0.86737794,0.8051252,0.8886377,0.7936398,0.8737815,0.8197743,0.8919261,0.8606942,0.8664675,0.85616237,0.89331967,0.8339363,0.8544839,0.828577,0.8789174,0.86845917,0.8587839,0.8542399,0.841184,0.86071736,0.8659443,0.8374631,0.86268544,0.830393,0.8793268,0.8397731,0.8460844,0.80466706,0.92000943,0.874278,0.88625497,0.8792461,0.90779024,0.8025107,0.8836048,0.85827065,0.8181716,0.89869785,0.777003,0.8792609,0.8518021,0.87175155,0.9071354,0.87149554,0.85151476,0.84659266,0.9324238,0.8656252,0.8722289,0.88431734,0.8172646,0.8582634,0.9112721,0.8417998,0.8468372,0.8466441,0.871392,0.88654906,0.86456114,0.9218258,0.86107165,0.8964152,0.7959074,0.8797268,0.8347727,0.89692384,0.81404847,0.90664595,0.830898,0.86645645,0.8919651,0.85584587,0.89410776,0.8435683,0.82120174,0.88226396,0.8678977,0.8771468,0.82915944,0.84538144,0.849438,0.8371285,0.8519344,0.9102619,0.87481326,0.8587801,0.87033886,0.85865635,0.824214,0.87135845,0.8635066
0.78644776,0.7844056,0.74669605,0.78786975,0.767981,0.77130944,0.7893252,0.78641284,0.78031546,0.78666675,0.7677048,0.783719,0.7607382,0.85321134,0.76369256,0.8037799,0.7387293,0.76989514,0.7808801,0.7500865,0.7748508,0.8067959,0.81012243,0.7265124,0.74163496,0.7769204,0.75644404,0.7820969,0.8193253,0.7757498,0.8041919,0.7852029,0.7841348,0.8094834,0.7423394,0.7708304,0.8294,0.7350438,0.81951153,0.7562694,0.74358267,0.76694983,0.7366289,0.7828471,0.73872924,0.74855953,0.74379,0.72680146,0.81089705,0.7631036,0.7337499,0.77426374,0.7643093,0.7846761,0.78049207,0.73123235,0.7698799,0.73348945,0.74936044,0.7883781,0.7687034,0.7417621,0.7881196,0.7529395,0.7924894,0.76144785,0.7807849,0.7614647,0.7779687,0.797522,0.7464008,0.7576055,0.76238316,0.7481759,0.79597396,0.7807992,0.7772249,0.79697514,0.8073626,0.78513354,0.779589,0.7407957,0.7911552,0.74664694,0.7877847,0.7973533,0.7326974,0.8079895,0.7481684,0.7788581,0.78261334,0.7776471,0.7640423,0.7762492,0.7375012,0.7372026,0.72542113,0.7844335,0.7581586,0.77525026,0.8056498
0.78809947,0.74400365,0.78036445,0.73512685,0.8201677,0.7773485,0.81201714,0.7440734,0.73019034,0.7476103,0.79546255,0.7818348,0.70477295,0.81091195,0.7965431,0.7731773,0.74094945,0.7373188,0.75050265,0.7632442,0.71914613,0.7281338,0.7571706,0.72211695,0.78891265,0.7617126,0.78527063,0.800143,0.7766524,0.7910411,0.7501121,0.78493446,0.7824877,0.7403495,0.7762024,0.7383259,0.7839226,0.7462676,0.80045164,0.7477515,0.73829186,0.722874,0.7935141,0.7673248,0.774043,0.77068996,0.75219613,0.77640396,0.7782938,0.7592229,0.75289017,0.77853894,0.78964716,0.7413673,0.75017184,0.77770406,0.7621791,0.7195051,0.7324992,0.76687783,0.7718101,0.7285752,0.78325874,0.7735015,0.7926138,0.7736127,0.79109746,0.77277726,0.75060755,0.7588747,0.81394446,0.78818876,0.7443188,0.77874184,0.72266346,0.76489305,0.79379684,0.78337985,0.7417598,0.7703173,0.78238064,0.7974598,0.8001144,0.7693791,0.817992,0.74586576,0.7472342,0.77730745,0.78546435,0.76574403,0.77621275,0.79307127,0.75168526,0.80856055,0.7697578,0.7315703,0.69452614,0.79097074,0.7384884,0.7128853,0.7623451
0.7887354,0.71903807,0.7796542,0.73897785,0.7290917,0.69667584,0.753686,0.7700073,0.7762784,0.77132446,0.75487286,0.7630546,0.7403462,0.75809985,0.758402,0.7363057,0.7706211,0.7670854,0.73505956,0.7012999,0.7208503,0.7343183,0.7640042,0.7169639,0.73712295,0.7789009,0.7168626,0.8065446,0.73865265,0.73959416,0.73811036,0.7426494,0.764642,0.7689542,0.7539062,0.7480765,0.7900295,0.71724063,0.73364633,0.7914003,0.770809,0.7360475,0.7703066,0.7427189,0.76923126,0.7731676,0.7374471,0.7479187,0.7658825,0.7257847,0.75050443,0.7178233,0.76137906,0.7459299,0.7535581,0.7258697,0.7605675,0.75933766,0.717601,0.7713869,0.776625,0.7802043,0.7376796,0.7046109,0.7432799,0.71574134,0.76686877,0.73681706,0.71470577,0.7834262,0.81098443,0.7941583,0.75210327,0.7508519,0.73395646,0.77648944,0.75309443,0.7713363,0.7292954,0.7560687,0.73989,0.77660143,0.7585868,0.7687005,0.7588332,0.7190166,0.7924747,0.772225,0.74852735,0.7744637,0.71456146,0.71126854,0.723836,0.7730209,0.7450041,0.69782156,0.7327551,0.73319834,0.7166958,0.6914143,0.767498
0.7913871,0.7423056,0.77192074,0.77487594,0.7713153,0.812545,0.7443806,0.75789106,0.7321314,0.77116835,0.77263814,0.73161834,0.77569944,0.7479284,0.763426,0.78242767,0.72399336,0.70029473,0.7325419,0.7426962,0.7718807,0.8007309,0.7510845,0.7571149,0.7142826,0.77074045,0.78186166,0.7767306,0.7836996,0.78733534,0.7962925,0.75139594,0.7590204,0.7880078,0.71365297,0.7657649,0.777452,0.73326355,0.7592652,0.79256916,0.7464239,0.7763632,0.7741018,0.73730594,0.78866786,0.7774508,0.7790514,0.77868253,0.7899537,0.7740393,0.79446757,0.80304223,0.7200758,0.7647721,0.74203986,0.8026255,0.7766796,0.7732002,0.7745547,0.74426085,0.747273,0.75607055,0.7055648,0.7321501,0.7691657,0.7701139,0.7676429,0.75340825,0.77203196,0.7307608,0.7583024,0.8278708,0.7439426,0.74303174,0.77510935,0.74775076,0.8169838,0.7432679,0.7025551,0.7544913,0.7570365,0.7779816,0.80406314,0.7765613,0.80874985,0.77139014,0.7791266,0.7494363,0.74125546,0.7385457,0.74547416,0.7829184,0.78979886,0.72939306,0.8172162,0.80020136,0.77129525,0.7392461,0.7663689,0.74817675,0.78630084
0.7918633,0.8076908,0.7870949,0.80753964,0.8194056,0.7842542,0.81120205,0.80718464,0.79390234,0.8289365,0.7573165,0.8082478,0.8084598,0.8178224,0.8358303,0.84180826,0.80093545,0.7872891,0.7718393,0.79785496,0.8393939,0.76089567,0.7551263,0.79063773,0.79125124,0.79872066,0.76366144,0.8072588,0.77796,0.8396051,0.75914425,0.8253017,0.7931715,0.8512998,0.76928186,0.8011765,0.8068764,0.8345146,0.78334415,0.79464215,0.8258137,0.78977585,0.81362593,0.79022104,0.8399107,0.82577497,0.77940863,0.7913044,0.78526497,0.7727923,0.82249933,0.8190413,0.8118065,0.8049237,0.7696813,0.7915099,0.76804125,0.795899,0.77927643,0.83289415,0.800295,0.77557546,0.77170116,0.8257121,0.80782807,0.8107067,0.80411255,0.84146005,0.77884334,0.8190493,0.79463345,0.7881692,0.8336435,0.8192501,0.78857845,0.7363637,0.8171391,0.84301454,0.7551236,0.76613945,0.7999968,0.7738033,0.78523403,0.7671039,0.7950123,0.8225259,0.8203961,0.7628347,0.808332,0.76513064,0.77745676,0.7966501,0.8364335,0.7995356,0.7650856,0.83438057,0.8141375,0.84166783,0.8195527,0.79132825,0.81196994
0.79282796,0.8062517,0.76119274,0.76309437,0.7860625,0.8146031,0.7989009,0.806366,0.7821309,0.78224415,0.7453963,0.7597597,0.7882647,0.7712459,0.78939384,0.7678302,0.74989766,0.8161283,0.79698175,0.8031322,0.7156674,0.7769024,0.78027207,0.8054578,0.81252545,0.75578845,0.80838865,0.8387817,0.774798,0.787217,0.77030665,0.7461966,0.81179744,0.79992,0.77239317,0.828162,0.73804325,0.79678375,0.78336376,0.78047067,0.8016958,0.8003934,0.8029995,0.81632966,0.7755327,0.8214585,0.79971236,0.8040827,0.78848696,0.7667888,0.79876435,0.79605764,0.7822247,0.78225833,0.79182607,0.7792117,0.8000737,0.76677376,0.80995435,0.8121506,0.8038984,0.78356606,0.7839462,0.85707617,0.8089874,0.7744153,0.7953116,0.7617524,0.80582684,0.7938995,0.7426856,0.80284077,0.74230695,0.84113973,0.85189015,0.8208839,0.7542153,0.8114752,0.78248286,0.79140943,0.7985249,0.7545793,0.76003,0.80690926,0.7756235,0.72670645,0.7850456,0.808828,0.80816585,0.8156522,0.81855875,0.8053705,0.80908924,0.7830695,0.80576473,0.7702336,0.7993104,0.8048993,0.75982976,0.77794844,0.7893597
0.7937139,0.81598675,0.7924884,0.80401224,0.8126133,0.8274342,0.8245825,0.7961974,0.7393739,0.81436425,0.8438696,0.7961808,0.7812938,0.8089007,0.78614444,0.77207154,0.84612477,0.83310527,0.8459825,0.81797475,0.7803406,0.78816026,0.83453864,0.8107198,0.77528787,0.8596832,0.7975145,0.8419346,0.81422,0.804311,0.8330638,0.7934474,0.8127672,0.81993407,0.8166651,0.8589451,0.7684911,0.8138769,0.7858791,0.8313398,0.8097466,0.79419404,0.8196741,0.78316855,0.7688071,0.81728673,0.8325656,0.84924036,0.814506,0.84267706,0.7926313,0.8482128,0.8421738,0.8051427,0.80609375,0.7921026,0.77378607,0.7666516,0.8060166,0.78474903,0.77789116,0.81418926,0.78071463,0.80285555,0.78888667,0.8278155,0.8264876,0.76717263,0.85104865,0.85751545,0.82170457,0.7497461,0.83446014,0.8014192,0.8137174,0.8432268,0.7712321,0.80684555,0.7890501,0.78601235,0.76300305,0.8280112,0.7993281,0.7792595,0.84330577,0.8097093,0.80087346,0.80034643,0.75615597,0.7970615,0.85197264,0.8377559,0.82895166,0.8170227,0.78728175,0.8308162,0.79264563,0.7752022,0.78914195,0.75947124,0.82560265
0.7948063,0.8119502,0.83058673,0.87717456,0.8575874,0.80895585,0.7719783,0.82513434,0.8310158,0.8121299,0.8980158,0.8709976,0.8467874,0.82464635,0.8559223,0.82479423,0.8035002,0.8633186,0.8289009,0.80810946,0.79503065,0.8365101,0.8694165,0.85836345,0.8070207,0.8158197,0.8747008,0.77845937,0.79176706,0.78798616,0.8257784,0.82388943,0.8104166,0.84008485,0.8428209,0.8483864,0.7832262,0.8363925,0.806818,0.82855487,0.8302381,0.85348386,0.82975817,0.8239482,0.830519,0.841919,0.87140864,0.8910153,0.8431063,0.77552426,0.8817109,0.87752396,0.8642502,0.84120065,0.84015685,0.85053474,0.81785774,0.8507865,0.8370833,0.83752,0.8312033,0.82159203,0.82837284,0.8232661,0.7943437,0.82461077,0.8533319,0.85417503,0.839191,0.8456255,0.79053634,0.7889624,0.80248225,0.8157124,0.81795007,0.82956636,0.87116855,0.8449202,0.82898366,0.7913169,0.8408137,0.8298305,0.851438,0.83696824,0.8343556,0.8033876,0.86832696,0.8421839,0.8537051,0.8426134,0.8151927,0.82898694,0.7615339,0.80001575,0.86897516,0.80710644,0.8348359,0.8740069,0.84328884,0.77994597,0.83525234
0.7961351,0.823402,0.82529825,0.7743514,0.89231676,0.77146477,0.84846795,0.82166797,0.8232041,0.8147473,0.8319951,0.83043253,0.8311804,0.84548646,0.78968316,0.79664195,0.8636777,0.79569054,0.82566833,0.87248933,0.83250624,0.8323228,0.8082523,0.851574,0.8985291,0.8046773,0.8117711,0.868365,0.8271526,0.8275024,0.8078405,0.84589565,0.84305173,0.8649957,0.80589896,0.86004573,0.828755,0.842938,0.80915886,0.7811172,0.8160184,0.85819006,0.791293,0.8216009,0.8170842,0.86567783,0.8227394,0.8185843,0.8689651,0.8259885,0.8746165,0.82903665,0.84943765,0.8214355,0.8156505,0.82087743,0.88694984,0.8476381,0.8539372,0.8408508,0.7910961,0.85011464,0.79594356,0.8351702,0.85728663,0.80511117,0.8676141,0.827799,0.8393151,0.8642373,0.8446074,0.8571874,0.7858384,0.841983,0.8479404,0.8536743,0.8177543,0.7625966,0.8278754,0.81165594,0.81525093,0.82138515,0.81315434,0.7532218,0.8152706,0.8906022,0.8096068,0.8294038,0.8305116,0.851307,0.8208459,0.8884745,0.8338663,0.9540046,0.8437095,0.8585693,0.7995717,0.79446447,0.8100479,0.7847875,0.8265416
0.7962273,0.75412923,0.7613068,0.748827,0.78095543,0.7627714,0.8023248,0.8030467,0.773007,0.79010147,0.8400379,0.77486384,0.79170877,0.7563028,0.76435524,0.77969295,0.78328204,0.8100296,0.7355838,0.8424208,0.75299186,0.7630902,0.7329598,0.7659171,0.77994686,0.7900572,0.76140094,0.7517554,0.79227585,0.79473984,0.759271,0.75847036,0.8137061,0.7819359,0.78340584,0.7991785,0.7087192,0.7519775,0.7629761,0.78755116,0.80183315,0.73491853,0.7544432,0.78920597,0.78138274,0.7674271,0.811269,0.80044574,0.7597104,0.76917285,0.7657488,0.8014181,0.79755276,0.8107082,0.753972,0.7539411,0.77133316,0.75353116,0.7519799,0.83104587,0.8007532,0.8124961,0.75266224,0.7896217,0.80357057,0.71541154,0.7458189,0.7535809,0.7637897,0.80611867,0.76921785,0.81848353,0.7570332,0.80069274,0.74943537,0.78860396,0.78064847,0.7747645,0.79169196,0.75432885,0.7718999,0.8038113,0.77356476,0.7651605,0.79026,0.7816691,0.7546647,0.77337295,0.7986241,0.8009494,0.78691864,0.7902532,0.7710127,0.82886904,0.81986445,0.78995836,0.76599413,0.8045891,0.7995154,0.7732226,0.7956892
0.7975666,0.8192918,0.7483545,0.76712865,0.77456325,0.74719054,0.74403656,0.75097793,0.78063875,0.7415702,0.80240303,0.8099623,0.7520661,0.74788946,0.7664038,0.7607519,0.7726626,0.76365,0.8042779,0.745096,0.78766114,0.75382787,0.7637607,0.71434814,0.8168828,0.7140308,0.7485375,0.73918027,0.7210507,0.7498988,0.78414327,0.7495739,0.72725886,0.7660045,0.78865725,0.7463869,0.7566096,0.715996,0.7708727,0.74313504,0.7916404,0.77964705,0.78460413,0.75923294,0.7843209,0.7543524,0.7683237,0.7544515,0.79149216,0.76551384,0.75731176,0.79560846,0.77245927,0.7612458,0.76083845,0.78347605,0.7419197,0.7774742,0.78020436,0.7894451,0.76873565,0.78249174,0.7286225,0.8018863,0.78615123,0.7953463,0.79835296,0.7472841,0.733709,0.7556786,0.7635916,0.753553,0.7889957,0.7574395,0.73475754,0.8002589,0.76557237,0.7329893,0.7654122,0.750214,0.73596865,0.74374753,0.76067394,0.7537066,0.72167355,0.7737487,0.7655473,0.7498647,0.78206867,0.7578791,0.79273397,0.8012778,0.7724717,0.753679,0.7733395,0.73621726,0.79862636,0.81625366,0.77329856,0.7917467,0.77571934
0.8009909,0.788415,0.8007929,0.75926983,0.7929028,0.8356243,0.8222638,0.7689505,0.8218911,0.78868526,0.7875491,0.7989516,0.8011719,0.8461767,0.7576131,0.7881929,0.77725977,0.82094896,0.76506406,0.80462795,0.7750057,0.8073893,0.8139713,0.7530072,0.80821997,0.76211166,0.8167821,0.8300093,0.73613435,0.8193866,0.83174354,0.74576396,0.7475402,0.7707258,0.7788087,0.7813917,0.7564947,0.8050664,0.8020395,0.80994755,0.77679056,0.79253983,0.8349324,0.81677943,0.80525905,0.7909054,0.8131173,0.79230446,0.8077206,0.79551595,0.76361996,0.80918926,0.82897973,0.7828578,0.78391796,0.77866405,0.8107411,0.7515407,0.77169186,0.79886967,0.82179445,0.8168755,0.81642324,0.76768655,0.7597677,0.8068661,0.8556225,0.79014426,0.84035426,0.83468527,0.8108954,0.85354465,0.7688382,0.7682093,0.8218754,0.7737972,0.8483475,0.79032826,0.85201067,0.75781137,0.7902612,0.86820203,0.7837714,0.8030656,0.77872425,0.8203495,0.7499684,0.7495751,0.79455864,0.80201936,0.77690035,0.76892906,0.8260587,0.80645436,0.84478766,0.8063424,0.7614083,0.8005203,0.7765643,0.78970593,0.7812123
0.80699295,0.77144784,0.7747633,0.76774377,0.80418247,0.7932269,0.79854447,0.8250045,0.7665557,0.798935,0.75677174,0.7930534,0.81337446,0.726305,0.8230153,0.8134381,0.770515,0.832936,0.77934045,0.76700276,0.8074134,0.83620757,0.80827063,0.8066525,0.77851444,0.7646229,0.7627213,0.75193053,0.823589,0.7865111,0.78423625,0.7655855,0.7979332,0.7624899,0.79480726,0.8127937,0.7867828,0.76636416,0.799609,0.78657895,0.7821484,0.82279557,0.7979813,0.7895469,0.8028694,0.80379254,0.7896396,0.7507381,0.8175487,0.8141199,0.7748589,0.7783783,0.7587027,0.7591397,0.8077087,0.7842914,0.75765234,0.80446154,0.77164465,0.81438035,0.78147835,0.7987342,0.7922115,0.77862173,0.74484223,0.76961446,0.8472673,0.7956913,0.78371406,0.7966574,0.8303898,0.78105557,0.7833529,0.80120635,0.78797895,0.76067114,0.79663724,0.79108167,0.79376084,0.8455152,0.77726907,0.7767753,0.7807818,0.75130564,0.7622236,0.7774324,0.8149464,0.79170316,0.7949817,0.79105645,0.76911515,0.7783832,0.780163,0.7843946,0.75508606,0.81516415,0.78078145,0.7860016,0.773586,0.71601087,0.83934844
0.8070394,0.80305827,0.8337968,0.7907768,0.8161877,0.835507,0.7939672,0.798478,0.7690875,0.7438479,0.7865971,0.77050287,0.79488486,0.7516132,0.7892085,0.8174517,0.8093388,0.7845449,0.7989474,0.78436106,0.83277947,0.7528012,0.795349,0.7714202,0.8276369,0.7503905,0.7711396,0.77822465,0.7956038,0.8230962,0.7989634,0.7727827,0.76324636,0.77535963,0.7781752,0.75895315,0.79567796,0.8110003,0.81514925,0.8191424,0.7607071,0.74596494,0.8068215,0.7321474,0.79239315,0.79476637,0.79422,0.8262655,0.80158037,0.79914206,0.758521,0.7649016,0.7626696,0.79888844,0.74478686,0.7994501,0.7979359,0.7572199,0.80590564,0.7683833,0.7887526,0.79170614,0.7815712,0.7954914,0.7753667,0.7852801,0.7280063,0.8124563,0.7706629,0.7560484,0.7706672,0.7673632,0.71411353,0.78915834,0.8158131,0.78736824,0.7883538,0.79788697,0.7797612,0.7899671,0.8098659,0.8089631,0.7749879,0.7901351,0.73067564,0.8181476,0.7727116,0.7960127,0.7853312,0.7842232,0.718934,0.78939044,0.75200146,0.7946378,0.79128546,0.7531901,0.77791923,0.7759723,0.78320473,0.7642239,0.76324904
0.80793875,0.7661131,0.7570537,0.75361735,0.8235917,0.8111806,0.7838841,0.80748874,0.7495238,0.82395715,0.7920146,0.75393087,0.76837355,0.7638722,0.7817906,0.80187505,0.74468637,0.80270845,0.78891504,0.75024533,0.7474353,0.7565957,0.76046354,0.763295,0.800345,0.75477666,0.7546615,0.77419645,0.7384506,0.79184234,0.7731825,0.7460693,0.804586,0.77954394,0.79826546,0.78219986,0.768682,0.7747376,0.75803584,0.8229256,0.793547,0.758166,0.7577517,0.7205605,0.82160723,0.7934002,0.76001513,0.7398798,0.7876976,0.7901364,0.77386695,0.7996899,0.7959336,0.7543035,0.7759639,0.8339675,0.7553419,0.76412576,0.7712175,0.8307962,0.76187724,0.7780716,0.7673135,0.77563494,0.790794,0.77826047,0.7292936,0.7822042,0.77036,0.8065276,0.7575343,0.7992624,0.7762535,0.7558407,0.78945243,0.76345104,0.7849313,0.7950046,0.8072887,0.81600356,0.80296046,0.7503772,0.76788455,0.7949248,0.7672846,0.7551845,0.74046284,0.7965646,0.7855268,0.7542928,0.8640024,0.7480881,0.8188723,0.79183704,0.80409,0.7539263,0.7790453,0.7837611,0.78948784,0.7966313,0.78883743
0.8081492,0.7732963,0.8074955,0.82609355,0.80674726,0.8027704,0.76237637,0.8695609,0.78517944,0.7929432,0.7770365,0.80465984,0.8045664,0.8145308,0.74925345,0.8007645,0.8232779,0.7684495,0.7708148,0.77248436,0.86239153,0.7654262,0.8080947,0.7785433,0.7940802,0.7386629,0.809576,0.85466003,0.7923502,0.8113783,0.7770427,0.7493897,0.8163294,0.77484363,0.8242622,0.7836796,0.808994,0.7753049,0.74065006,0.83994865,0.7890814,0.7727497,0.7810295,0.74810845,0.74584514,0.8099844,0.81013364,0.7959221,0.84924585,0.8020305,0.79519486,0.79157555,0.72798353,0.7282719,0.7688212,0.8367245,0.7610622,0.76968926,0.8088073,0.8059532,0.76576346,0.7742447,0.7718887,0.8157167,0.7699481,0.79556805,0.7608455,0.78029686,0.7814091,0.77938503,0.81651866,0.8202718,0.84014624,0.76130533,0.7925523,0.7783738,0.7979414,0.7657105,0.74978083,0.82234555,0.7774468,0.8392431,0.78515345,0.76527005,0.8115962,0.75853413,0.83157605,0.757058,0.84415025,0.8234473,0.7676754,0.7859021,0.7891068,0.7763533,0.7985513,0.7688088,0.7668012,0.84449977,0.87920743,0.7398322,0.7760059
0.80918354,0.8178051,0.8174766,0.76957613,0.8440905,0.79310685,0.8267744,0.8120856,0.80009717,0.8220788,0.811575,0.8263672,0.7900073,0.82787716,0.81192863,0.7872461,0.7875449,0.8302881,0.7440637,0.845192,0.80068153,0.7555792,0.78512174,0.77523774,0.7638865,0.8345955,0.82084733,0.81744474,0.8368241,0.7747015,0.80165863,0.78978133,0.83947617,0.80404025,0.81772834,0.7875913,0.8257149,0.7782838,0.7325143,0.7885632,0.8412343,0.7976845,0.8142447,0.76987857,0.841996,0.8047405,0.7654425,0.79255885,0.7939207,0.81512827,0.8101338,0.80531096,0.7751766,0.80407315,0.76417166,0.749391,0.79216355,0.7789363,0.7904584,0.82255405,0.77658045,0.7797205,0.83639246,0.75934565,0.8402261,0.813298,0.7951821,0.76958454,0.864022,0.77390534,0.7870671,0.8328152,0.82134724,0.80032754,0.7963286,0.8017702,0.7691482,0.77346855,0.80585146,0.81253195,0.8286566,0.8399066,0.8179019,0.76687104,0.82256013,0.82645833,0.785379,0.76831114,0.8438204,0.8652598,0.83287305,0.82450336,0.82176405,0.82461935,0.8131259,0.7485058,0.79613775,0.7710464,0.77332085,0.78018767,0.8399897
0.8114687,0.8126654,0.7988109,0.81739134,0.8050595,0.8210825,0.7899075,0.8280644,0.8345124,0.83689314,0.7984744,0.8141999,0.8362109,0.803765,0.8331072,0.8107894,0.7644746,0.8182082,0.8321157,0.8898472,0.83621866,0.8168275,0.8417209,0.8279317,0.8819111,0.8340999,0.78250676,0.80999047,0.8612272,0.8190355,0.78332466,0.82467896,0.8686355,0.8340412,0.83812636,0.7965893,0.8432649,0.8109012,0.79057544,0.7972365,0.83605164,0.7898831,0.84142905,0.8697101,0.8335176,0.84551805,0.8120926,0.84596467,0.82721025,0.7701121,0.8151544,0.8242004,0.7664462,0.7951505,0.82987756,0.7817228,0.84484017,0.822354,0.86148673,0.8218189,0.7927689,0.8340304,0.81075925,0.8206087,0.8223298,0.81057996,0.8106137,0.82355714,0.7828668,0.8362772,0.80016404,0.869213,0.8636897,0.80451,0.8233567,0.8068921,0.8166124,0.81412745,0.84445924,0.81054896,0.84177816,0.7781867,0.78641534,0.84119284,0.7636942,0.8335743,0.78747994,0.80899453,0.8416409,0.779753,0.8534218,0.8113462,0.80928856,0.82080925,0.8338767,0.81786484,0.8319265,0.83564305,0.7788961,0.8725813,0.7824088
0.81242025,0.81351864,0.78990084,0.7874592,0.7591127,0.774589,0.7961236,0.7832016,0.79636735,0.77429706,0.7703362,0.8579562,0.7756538,0.8166919,0.7907768,0.8400379,0.80221194,0.7413808,0.81738347,0.81423074,0.7986838,0.8260744,0.81824213,0.81716806,0.8073928,0.8108808,0.81545633,0.8172609,0.8076317,0.79361004,0.7857159,0.78631014,0.84119505,0.7809164,0.7536493,0.7931528,0.74705833,0.79007417,0.78792244,0.7851917,0.79583627,0.8353584,0.771012,0.7525305,0.76702327,0.80551374,0.7810665,0.7639196,0.7677583,0.7757153,0.7939828,0.7773525,0.866051,0.76879615,0.82186717,0.73961467,0.7826002,0.8520072,0.8241735,0.7575286,0.79384047,0.8249259,0.7603038,0.7643916,0.7734898,0.7642771,0.8212667,0.7797633,0.75237155,0.80696374,0.8116493,0.78717417,0.8314393,0.78367764,0.82455546,0.79069656,0.75715464,0.79434437,0.77390194,0.82361275,0.7677743,0.79118353,0.80485755,0.82940334,0.7711299,0.7754245,0.81879246,0.8076791,0.76635206,0.7869689,0.79708403,0.8691985,0.80328226,0.8407654,0.82887536,0.8310343,0.7592219,0.7776564,0.8269972,0.80177957,0.77221185
0.8138034,0.71219385,0.74333745,0.7436791,0.7141529,0.72070664,0.70147634,0.67243576,0.7353564,0.7333607,0.74794644,0.7614029,0.7021768,0.69582003,0.7284078,0.7257256,0.7097012,0.72228223,0.71729505,0.6841442,0.72295195,0.763367,0.74127394,0.7224148,0.71489656,0.6909549,0.7576055,0.71660167,0.7117956,0.7202846,0.6818195,0.7146747,0.71982807,0.75216657,0.7237708,0.72454256,0.7280644,0.7450665,0.7288291,0.7688628,0.7266332,0.71016777,0.7351322,0.7277147,0.74115354,0.71449095,0.7188961,0.73415476,0.73979276,0.7164781,0.7422993,0.7273741,0.7552915,0.73265785,0.74450547,0.72285515,0.74409944,0.74507827,0.74657977,0.69870055,0.7287303,0.72152835,0.7277854,0.71853304,0.7454955,0.7407309,0.7058521,0.7080227,0.72863835,0.6953144,0.7308107,0.7226326,0.7079621,0.74966013,0.7395033,0.7387258,0.74907476,0.7003665,0.7155975,0.7202948,0.74715716,0.72467405,0.72453874,0.7210168,0.7353938,0.7342893,0.7100083,0.69600415,0.6908877,0.73284906,0.7394711,0.7218457,0.7483851,0.7285423,0.7333163,0.729976,0.74196166,0.7317429,0.73557436,0.6952135,0.6889681
0.81611365,0.799427,0.80315447,0.8535313,0.8454363,0.775876,0.79468924,0.78748083,0.8461279,0.84004813,0.79673636,0.83888596,0.84812325,0.8086434,0.8196537,0.8038487,0.8268519,0.82470083,0.8305571,0.840388,0.79971534,0.8244042,0.85810304,0.8216985,0.8030928,0.8115328,0.80265707,0.8290958,0.8273903,0.82425004,0.7941783,0.8307325,0.76794666,0.79484147,0.7978249,0.81182,0.8030908,0.768743,0.8111046,0.83440083,0.7745747,0.8030913,0.78131485,0.8018069,0.8262978,0.82131803,0.7992773,0.87718195,0.8001643,0.7687111,0.8488489,0.85848147,0.8816559,0.8486998,0.85100263,0.8016353,0.79021394,0.81355006,0.8288098,0.7760552,0.7859377,0.84375876,0.8137118,0.82318443,0.83914113,0.77389294,0.8171404,0.80058056,0.8110668,0.84873503,0.7726801,0.85877,0.8143068,0.75080144,0.7702565,0.8512075,0.7842051,0.79113644,0.805088,0.8198053,0.7592009,0.79131424,0.82856363,0.76350313,0.7396483,0.8159427,0.7909007,0.8462425,0.78943056,0.8177753,0.84358,0.78322977,0.7845085,0.80319804,0.81913656,0.8559652,0.821961,0.820851,0.8078689,0.79476005,0.8467889
0.8166335,0.8666298,0.81349677,0.797152,0.7897125,0.7722683,0.82135767,0.8326106,0.7840151,0.82710755,0.83776814,0.7898424,0.84814435,0.8599456,0.84074575,0.8425372,0.8435685,0.8677846,0.77619797,0.7921371,0.8461277,0.8248895,0.8574535,0.80717653,0.8649384,0.76684946,0.7888439,0.82030594,0.7590615,0.80781585,0.75133616,0.73536426,0.79870766,0.8101673,0.8478714,0.775626,0.7882576,0.8027756,0.77485156,0.81386,0.80714625,0.83271545,0.86735624,0.81703264,0.87853134,0.8292895,0.8154618,0.7756081,0.86444885,0.8204183,0.80546665,0.80401963,0.84480304,0.8212121,0.81623924,0.82225555,0.80935156,0.83006835,0.8421862,0.84375554,0.80473906,0.82941574,0.79294896,0.75969034,0.81656414,0.844781,0.8276673,0.8112451,0.75260323,0.8342539,0.8516541,0.8202588,0.91564536,0.759031,0.8566655,0.84107965,0.8358117,0.8643345,0.839096,0.8191721,0.801482,0.77052486,0.7686338,0.82682216,0.81618637,0.90406287,0.8445948,0.86999124,0.81207865,0.82657254,0.8056503,0.84836906,0.7992809,0.8456989,0.87440044,0.8305698,0.82822686,0.8318396,0.8231246,0.8574712,0.8142616
0.81761163,0.8819683,0.8352571,0.8708989,0.8389308,0.7844842,0.86903197,0.8428816,0.8360818,0.8680425,0.8986499,0.85160166,0.8268631,0.84526914,0.86699826,0.82262695,0.9281975,0.83671016,0.89070493,0.86491907,0.8273352,0.8587151,0.8448762,0.8624832,0.8507921,0.8345776,0.7874437,0.86265457,0.8601883,0.8418564,0.8910102,0.8462106,0.84065896,0.8987607,0.8821515,0.8386294,0.88673466,0.8414662,0.8745974,0.8634179,0.8967171,0.8121594,0.84325254,0.8581205,0.9170981,0.85771173,0.8358014,0.84395665,0.81258017,0.8514764,0.83749366,0.8812663,0.88109666,0.9394426,0.8550366,0.84941846,0.8666727,0.8299907,0.81337583,0.85257226,0.8758258,0.8681467,0.8586977,0.87575376,0.79458064,0.84690404,0.8876427,0.84649724,0.83703697,0.86170274,0.8145325,0.8689306,0.8758809,0.8723256,0.87108237,0.923116,0.86835986,0.8589222,0.8465259,0.8635177,0.85786885,0.8155001,0.85604054,0.85322565,0.8067673,0.86308306,0.82644904,0.8419406,0.84680843,0.8959212,0.8354135,0.859194,0.82913125,0.8575861,0.9379551,0.87756324,0.8346686,0.9094369,0.8609476,0.8019332,0.91787726
0.8177256,0.85805136,0.84648436,0.8219824,0.8324812,0.8364678,0.8174371,0.8407608,0.8436245,0.8672054,0.8586071,0.80843455,0.88429445,0.8255936,0.80191314,0.84704274,0.7871335,0.8421808,0.86700827,0.8170528,0.84418327,0.8146202,0.8748556,0.8160265,0.8928321,0.80407125,0.83265066,0.86550725,0.8160426,0.8465597,0.8990287,0.85874325,0.8388,0.82780963,0.83627325,0.83303946,0.7858686,0.7709866,0.84578913,0.84662867,0.82808167,0.8398743,0.83852303,0.81709534,0.8767061,0.8236169,0.81893104,0.8645968,0.83979464,0.83440727,0.84210163,0.81474286,0.83623403,0.80992085,0.86789805,0.8389986,0.81782943,0.8545698,0.8016711,0.86875576,0.8005041,0.82198423,0.8260999,0.85526484,0.8294721,0.8449782,0.83003265,0.8512147,0.84095436,0.8500561,0.8040555,0.84808385,0.8882243,0.79699904,0.8484161,0.8170172,0.833741,0.8717641,0.7902116,0.8615379,0.8729577,0.8050393,0.86197746,0.8798434,0.851325,0.8082211,0.863378,0.8507671,0.7940404,0.82675475,0.8451738,0.85454684,0.8652958,0.75804496,0.81167674,0.770885,0.80559576,0.8554896,0.81671005,0.833441,0.843947
0.818203,0.78303707,0.7889397,0.8001946,0.7872772,0.80519515,0.7877569,0.75223166,0.8050371,0.7668787,0.7834391,0.7792153,0.82991785,0.8087614,0.78543526,0.7711801,0.7459807,0.81306666,0.7731771,0.76404643,0.74919933,0.8188544,0.729377,0.8170726,0.73551327,0.7918164,0.77973795,0.7948817,0.8066532,0.7879953,0.78269565,0.7523797,0.77823836,0.8007131,0.8109354,0.83697134,0.80707467,0.801379,0.7576048,0.77516717,0.8170878,0.7846759,0.82783633,0.8157216,0.8002239,0.7725841,0.7954344,0.75492996,0.74696666,0.7733008,0.81262887,0.8304257,0.79036343,0.7921249,0.8133279,0.7967835,0.8111264,0.7472306,0.799339,0.7943979,0.76505214,0.78726876,0.7646059,0.7926689,0.7769733,0.8077942,0.84400624,0.76050514,0.8016619,0.7380903,0.8292107,0.81602013,0.80157083,0.7844035,0.7923319,0.78468704,0.8054344,0.796464,0.80114263,0.7703056,0.8003421,0.7718063,0.800342,0.83713037,0.76876456,0.8119251,0.7767438,0.7951419,0.78675526,0.80210555,0.761153,0.81773967,0.80175585,0.7963053,0.8391021,0.7693458,0.78858894,0.8253846,0.80081946,0.7642829,0.797281
0.8187113,0.76241857,0.77631897,0.77919304,0.81491834,0.8033375,0.806799,0.7418193,0.7957644,0.7992832,0.764775,0.7718549,0.7798736,0.7861659,0.7999247,0.8117299,0.7648124,0.7271647,0.76243997,0.7655855,0.79123884,0.81330377,0.76177794,0.782828,0.79127437,0.7876334,0.75089467,0.78626865,0.7641946,0.79461616,0.796709,0.76811403,0.78111285,0.76814646,0.76364285,0.8112325,0.72984904,0.7918358,0.7946308,0.7382763,0.78451055,0.79024446,0.83336514,0.7610088,0.76893526,0.76151454,0.79623026,0.81017053,0.8080458,0.78949517,0.7991988,0.737257,0.74863434,0.77212745,0.8024516,0.79480046,0.797279,0.77420723,0.7454447,0.76444525,0.76371485,0.84013575,0.7870504,0.7374871,0.7948958,0.7472936,0.7183909,0.81326526,0.7912308,0.7929955,0.7854322,0.77601415,0.7742385,0.76736456,0.73430365,0.7899143,0.80862916,0.7977641,0.77706116,0.7693367,0.77300805,0.7701508,0.7971502,0.7408777,0.7943693,0.7629799,0.7316218,0.7807836,0.7984802,0.7704335,0.7911114,0.74230915,0.7729027,0.754574,0.7895601,0.7843321,0.7679693,0.7681256,0.76325005,0.8103272,0.7724262
0.82197136,0.83879197,0.7810207,0.7533126,0.8101032,0.7968651,0.75995755,0.79669625,0.7885051,0.84160584,0.75235784,0.7991992,0.741855,0.7700761,0.75905,0.77523154,0.79113656,0.79225737,0.7961643,0.7053476,0.82956403,0.76547384,0.762806,0.8022051,0.7530727,0.76869714,0.834703,0.7897047,0.83194774,0.841195,0.7529169,0.77958053,0.77014387,0.779621,0.77594215,0.7943199,0.796886,0.81555194,0.75088626,0.77731746,0.7575248,0.8303483,0.77325296,0.7593308,0.78894675,0.75944495,0.7233817,0.7711492,0.7905274,0.7626236,0.81746066,0.7836595,0.813197,0.7767067,0.7838879,0.7922761,0.79320234,0.8088017,0.77765125,0.7906006,0.79407793,0.7817435,0.775646,0.7671428,0.78231996,0.83015937,0.78763634,0.8139845,0.7638718,0.78298014,0.7830761,0.83340555,0.81112975,0.7700734,0.786359,0.8370839,0.80252,0.73474073,0.7843686,0.7406265,0.75833714,0.7706694,0.75867116,0.7622465,0.8104129,0.81060904,0.78008765,0.75902385,0.80709624,0.7378867,0.7858121,0.8083418,0.8407523,0.75521046,0.76157314,0.76239234,0.73413795,0.79634625,0.8015116,0.79193807,0.80250233
0.82573116,0.829547,0.81862736,0.86187875,0.84558994,0.86045367,0.82697463,0.8128493,0.81467503,0.8427203,0.835021,0.86660427,0.8430994,0.8060154,0.8115879,0.8393497,0.8470275,0.81033283,0.8489814,0.7886713,0.7800608,0.8152383,0.87335026,0.7993838,0.859068,0.8194986,0.8660415,0.8130985,0.8493691,0.7967892,0.8087098,0.8169594,0.8427691,0.8228219,0.83929956,0.8733534,0.8359662,0.8165667,0.868044,0.8305606,0.83186597,0.8671787,0.8149689,0.81938595,0.81909895,0.814371,0.83349544,0.8578953,0.82574517,0.85837686,0.86374176,0.8363593,0.8463934,0.77708226,0.855154,0.78851604,0.8409782,0.8711409,0.82412547,0.8165547,0.85890245,0.8168588,0.8000271,0.85721177,0.85102534,0.79057735,0.86040694,0.81695795,0.8682188,0.8263838,0.8532147,0.80853707,0.80683225,0.8554662,0.83326286,0.86075956,0.8328171,0.86182815,0.8299087,0.8248669,0.82781184,0.8106486,0.8057785,0.8033774,0.82858557,0.82906324,0.76558715,0.83205837,0.83402175,0.77770334,0.84091586,0.8691117,0.83304137,0.8112326,0.78999656,0.8834643,0.80173093,0.8131167,0.7811707,0.82227284,0.8414497
0.8301597,0.8151782,0.85124505,0.8591201,0.8224439,0.84384465,0.81077296,0.78236294,0.7831759,0.7803268,0.7838506,0.8712133,0.77515465,0.8488627,0.77892715,0.8126791,0.7790219,0.829049,0.83345675,0.8091205,0.76198775,0.7688467,0.8277001,0.79346126,0.85681087,0.76147765,0.8277784,0.76624537,0.7847126,0.8134919,0.85030377,0.78484255,0.8212375,0.76065964,0.7863805,0.8262196,0.8652186,0.7712833,0.7840819,0.7735693,0.8314045,0.7786787,0.8030697,0.82048565,0.8463532,0.8356857,0.7939946,0.83758456,0.7860486,0.80893034,0.8099658,0.7993426,0.8137314,0.7802914,0.83596224,0.8405845,0.7836064,0.7833594,0.7535904,0.8208537,0.8431062,0.81075543,0.8162226,0.86040205,0.8306919,0.7656412,0.8034437,0.7907215,0.82653683,0.7802234,0.8006508,0.77131575,0.80562896,0.8022084,0.8256553,0.79099673,0.8739974,0.8017393,0.7940003,0.8490029,0.84662,0.77083963,0.8150097,0.8268655,0.84359264,0.79720914,0.8345936,0.8404006,0.81217426,0.84643215,0.8310702,0.8287951,0.8250022,0.80375445,0.7980681,0.8589177,0.7981909,0.7775054,0.7633902,0.8249938,0.7548545
0.83070177,0.7609136,0.80038136,0.7710275,0.7934293,0.79536253,0.7720124,0.79566175,0.77147865,0.7371768,0.7463283,0.7459586,0.7939034,0.77863395,0.75529516,0.7872173,0.8132142,0.7463101,0.81060463,0.82442766,0.81309634,0.7857105,0.83033377,0.7811114,0.7708743,0.7873355,0.8091642,0.7432195,0.7736623,0.8005551,0.73721784,0.8114473,0.79731745,0.85446745,0.8006291,0.8078917,0.8348251,0.7555596,0.7774523,0.7694077,0.7533541,0.7647999,0.7812149,0.7986298,0.7920007,0.80798554,0.7697612,0.79925925,0.8439757,0.7874,0.8014941,0.7281311,0.7656311,0.7895504,0.82773226,0.8088647,0.7498386,0.7761889,0.7766836,0.7706067,0.7720558,0.7280936,0.7513661,0.779424,0.7818464,0.7628816,0.77376544,0.84948754,0.7826428,0.7774943,0.7490447,0.78572583,0.74611014,0.7624044,0.7827702,0.76408345,0.80083984,0.7774615,0.7999224,0.8036012,0.77933025,0.7816772,0.74195296,0.7982233,0.78556126,0.7988834,0.78123766,0.806822,0.77095985,0.81470126,0.7757815,0.7834038,0.779961,0.76507866,0.75833905,0.7301214,0.7746493,0.78075975,0.7851019,0.7692206,0.75789595
0.83346254,0.8587509,0.82835764,0.86057353,0.8295159,0.8498092,0.86965674,0.85647553,0.8455543,0.8350812,0.7990592,0.8392375,0.8569911,0.84808785,0.84234756,0.7977696,0.83117884,0.81599855,0.84532803,0.853327,0.9087548,0.8337275,0.8247177,0.8334525,0.84520286,0.838009,0.83520156,0.8448203,0.8332196,0.8686066,0.85175794,0.85436517,0.8080622,0.84434783,0.87730247,0.8814022,0.8118103,0.83651537,0.82395613,0.83829135,0.87364787,0.8497596,0.7866803,0.84422255,0.81203026,0.8311023,0.8800939,0.8707568,0.8215153,0.8444292,0.82663023,0.8682801,0.8696787,0.84230226,0.838047,0.8309632,0.79001117,0.8838074,0.88425344,0.8189065,0.8317986,0.86499506,0.8566887,0.817661,0.8873885,0.84629077,0.83049756,0.7991765,0.8416895,0.81263405,0.7842855,0.89332014,0.8605536,0.85602504,0.84201366,0.88253134,0.83756083,0.85948336,0.8419152,0.8544838,0.8546358,0.84834003,0.8357688,0.79411656,0.81446975,0.8369567,0.86495763,0.8555301,0.79681385,0.854875,0.8175655,0.8386821,0.8812381,0.83520406,0.82230246,0.8259505,0.83371556,0.81739414,0.8199047,0.8637283,0.8748781
0.83575445,0.83283836,0.8375885,0.87013656,0.84013003,0.85728973,0.87256575,0.8549706,0.8442289,0.8621417,0.87169534,0.8643756,0.82017183,0.83309543,0.8178403,0.8758,0.8367543,0.9098224,0.8291586,0.7672934,0.833271,0.8163147,0.8146387,0.88067585,0.7471129,0.84784395,0.8311922,0.8669029,0.8000755,0.8427707,0.8148791,0.877564,0.788081,0.8218811,0.84277505,0.867595,0.88022226,0.78121865,0.82592946,0.8992578,0.8572346,0.8347581,0.84086305,0.8777469,0.8945631,0.8472808,0.84431154,0.8603586,0.8150514,0.92783195,0.8472858,0.9139973,0.83793277,0.8434172,0.7983388,0.791877,0.8283637,0.7988499,0.8531488,0.7962876,0.878612,0.8547448,0.82937497,0.81912416,0.8132184,0.84246105,0.8194569,0.8464274,0.8090927,0.80874294,0.8836399,0.8227988,0.863247,0.8669358,0.8008303,0.83516604,0.87266487,0.88819206,0.82464033,0.88179845,0.85606647,0.8581136,0.8759441,0.8468004,0.8410333,0.7841743,0.85430694,0.8790557,0.8982274,0.8367713,0.7978295,0.8273278,0.8390843,0.87354505,0.83173543,0.8432616,0.94152457,0.7828155,0.8513043,0.802785,0.8473445
0.83725286,0.8088341,0.86034596,0.8193258,0.7846709,0.79747695,0.78260005,0.75431496,0.7301865,0.8056068,0.78558195,0.8099805,0.8287265,0.8535095,0.81855094,0.7750347,0.82887787,0.75486773,0.785509,0.8725373,0.86629415,0.8110935,0.79744333,0.7567659,0.8059705,0.78688776,0.800108,0.7964496,0.7777707,0.79910666,0.8131059,0.770473,0.78262514,0.86993915,0.75542706,0.8025836,0.8059552,0.7495565,0.77389246,0.8241398,0.7729501,0.82175106,0.8193409,0.8634136,0.8263294,0.7628012,0.824107,0.78937596,0.7884938,0.8168625,0.8112606,0.8366142,0.7816301,0.8323465,0.7896324,0.8241863,0.77467746,0.84744626,0.7849439,0.77562916,0.8559689,0.8138079,0.81867653,0.8395122,0.80500084,0.8169026,0.79987603,0.84059733,0.8088394,0.8431181,0.8119295,0.805198,0.75721955,0.798958,0.8257692,0.77293825,0.79190683,0.8074403,0.78061634,0.7989436,0.80815387,0.78591895,0.8512907,0.81392324,0.7698956,0.81052697,0.8794797,0.781694,0.8511252,0.8415149,0.7789881,0.8195128,0.8280285,0.843208,0.78731257,0.8108267,0.7935014,0.78083766,0.79041517,0.7474564,0.81726867
0.8404802,0.87181234,0.82953894,0.86204445,0.7638521,0.7975206,0.8707289,0.81857294,0.8366203,0.79978293,0.89025396,0.91767466,0.8228002,0.82034034,0.8455723,0.82897264,0.7912835,0.8210061,0.7914927,0.79218215,0.84534407,0.8396351,0.85088724,0.8194831,0.8800617,0.85309905,0.8192312,0.8157387,0.82502156,0.88364935,0.82952714,0.7865805,0.87947,0.8169039,0.8024134,0.85072476,0.8247103,0.8446875,0.8519642,0.8257303,0.8015649,0.83705,0.8048461,0.85699576,0.8159819,0.8610701,0.8565284,0.86747146,0.8202264,0.85355514,0.82392687,0.8637432,0.8019648,0.8329484,0.81473,0.8483727,0.81896776,0.8339601,0.8289287,0.84897965,0.8179431,0.8649599,0.8104182,0.7721885,0.8155132,0.8304381,0.8426741,0.84311146,0.8499143,0.7726993,0.8120523,0.823916,0.8308352,0.8336846,0.82346153,0.8913476,0.84434205,0.80540735,0.8653477,0.84149235,0.8417562,0.82709926,0.80996925,0.80558616,0.8797955,0.81781477,0.8075439,0.81884336,0.8152857,0.8291872,0.8187322,0.8543065,0.8457314,0.8270946,0.810606,0.806508,0.8734855,0.82506853,0.83800364,0.8309283,0.820408
0.8409815,0.8483416,0.85242224,0.8058117,0.7962161,0.84677327,0.7982287,0.8041357,0.8118836,0.83991534,0.7925366,0.84318566,0.83837235,0.80885583,0.8661283,0.7735471,0.8933472,0.8403198,0.7954686,0.7966914,0.83373356,0.7963363,0.8299803,0.8110954,0.86094046,0.82045084,0.8418998,0.8120022,0.7651041,0.83608335,0.84691995,0.8327005,0.83687997,0.89746284,0.8312765,0.8301785,0.7762179,0.80950564,0.85839576,0.847266,0.8197505,0.8610806,0.83777946,0.862861,0.777747,0.8059002,0.8256418,0.81433356,0.815723,0.796784,0.7959227,0.77798516,0.84293354,0.85946614,0.835632,0.8129619,0.7746733,0.8282345,0.84917414,0.77481455,0.82000476,0.82590765,0.8435136,0.84732085,0.77488345,0.84587187,0.7747521,0.85784954,0.8075928,0.8121735,0.7737687,0.8227683,0.7964107,0.8357864,0.82285464,0.8066183,0.8143262,0.79516524,0.78677016,0.84810585,0.8385598,0.85524863,0.83406764,0.84340376,0.8276592,0.8224461,0.8262717,0.7878027,0.8097935,0.8020883,0.84238034,0.8494926,0.8463583,0.7680477,0.82648593,0.8336112,0.83988124,0.8535841,0.81050014,0.8223613,0.80721897
0.8410915,0.8044165,0.80819005,0.8382313,0.8299166,0.82151264,0.82004684,0.82148117,0.8004735,0.83573383,0.8089056,0.7635893,0.8341234,0.85007495,0.82699,0.8700536,0.8498327,0.8174042,0.83026654,0.86602813,0.7768663,0.82385707,0.7872447,0.796963,0.80461353,0.84021264,0.860969,0.874317,0.807702,0.8041655,0.82139355,0.78615296,0.7963978,0.83585197,0.829365,0.83672315,0.8114615,0.82272047,0.76539654,0.8439904,0.82650477,0.835247,0.79531187,0.81838816,0.81774384,0.8411622,0.8637249,0.80438155,0.8168563,0.85940844,0.8263904,0.84002155,0.7942366,0.8304642,0.8457888,0.8275912,0.8192268,0.8142215,0.8361761,0.814565,0.81311506,0.8125072,0.8258713,0.83811826,0.78661007,0.8282996,0.7989242,0.8174693,0.8175272,0.90308553,0.8454955,0.8306852,0.8060328,0.81501573,0.8123612,0.81566787,0.78045756,0.8404344,0.8677463,0.8062262,0.84838885,0.7507373,0.80465907,0.79257876,0.83441085,0.8016824,0.83540183,0.78740984,0.8415305,0.8482916,0.76117945,0.86959404,0.8282699,0.8493076,0.79931015,0.81253403,0.8245724,0.8018144,0.8384596,0.7790864,0.84533185
0.85017383,0.92026645,0.8641841,0.9121464,0.8230371,0.88357335,0.86436516,0.8869191,0.86503595,0.9129519,0.88941926,0.90544516,0.9166344,0.8891619,0.9304566,0.90444636,0.87817246,0.8734947,0.9004691,0.8638354,0.83720237,0.9304043,0.86790663,0.89115256,0.90008247,0.8847411,0.9187143,0.93477494,0.83675295,0.83856136,0.94363207,0.8927321,0.891748,0.933116,0.86699355,0.8737146,0.9131128,0.87009686,0.8303408,0.8655707,0.884988,0.8548708,0.89730084,0.9060529,0.84950393,0.85957867,0.84591824,0.86621493,0.8321395,0.85435706,0.85627383,0.87933046,0.9541032,0.8792637,0.8476329,0.8487493,0.91564053,0.89060056,0.89581853,0.92235124,0.9100924,0.9219752,0.8493994,0.88884836,0.90907353,0.85778123,0.8416286,0.9061547,0.8907481,0.88217086,0.8881742,0.92079943,0.870876,0.9048801,0.84387606,0.89813465,0.8718186,0.88426703,0.90223306,0.8805118,0.8898583,0.8876631,0.8364216,0.9369113,0.8879636,0.8881247,0.8327856,0.92108375,0.89310175,0.9163124,0.8457863,0.78070384,0.9320205,0.8804769,0.8598211,0.88174254,0.8728912,0.8533525,0.9136254,0.8384177,0.9116009
0.85887355,0.7958158,0.8571339,0.8610095,0.7979911,0.81713736,0.8485175,0.797028,0.83095205,0.84377295,0.82797664,0.8777649,0.80904776,0.78326654,0.82685924,0.84988666,0.82497555,0.8398859,0.8412711,0.8119572,0.8041759,0.8428731,0.77079946,0.87817913,0.81689996,0.84112686,0.8390047,0.83731097,0.83268774,0.85130006,0.84976083,0.88579196,0.81271106,0.8333097,0.84482896,0.80790716,0.83146363,0.80641645,0.84338886,0.8191926,0.82550424,0.8382496,0.8145091,0.84494716,0.81369287,0.810412,0.8005953,0.8352943,0.88450295,0.822337,0.848854,0.81312495,0.82578534,0.7932209,0.8436498,0.78808105,0.8981277,0.87195426,0.87350744,0.84257174,0.81727695,0.77301425,0.8363797,0.83182186,0.8229629,0.8020151,0.84143585,0.8705562,0.81820935,0.7722842,0.8262285,0.8141704,0.8151032,0.80769545,0.78542596,0.814085,0.8487866,0.8560911,0.8045418,0.8404106,0.87346965,0.8612735,0.83536166,0.82201046,0.8824424,0.87215334,0.8091293,0.7961336,0.79577523,0.7826576,0.78208333,0.8105857,0.87763923,0.83474493,0.8210473,0.81900316,0.85951644,0.8400133,0.7984999,0.8711552,0.79898834
0.861704,0.88863003,0.9003437,0.8476956,0.83864874,0.9527859,0.86898476,0.88840276,0.8688842,0.87986296,0.86340886,0.88665867,0.9218187,0.8574969,0.9249126,0.8862559,0.8863806,0.83273274,0.86508083,0.81327236,0.84149617,0.8138604,0.8810886,0.8006567,0.8068006,0.932641,0.8208942,0.8516759,0.87264425,0.88950413,0.89729834,0.8047048,0.8672504,0.87883157,0.8435518,0.8883825,0.8924958,0.9165098,0.85119265,0.8629224,0.8974339,0.89107233,0.9046753,0.8583247,0.8892201,0.91511464,0.87600446,0.8641346,0.84836835,0.8411419,0.8365745,0.85090405,0.9002482,0.8416299,0.8742818,0.83750826,0.8855751,0.902425,0.86169523,0.8696225,0.9388109,0.8496005,0.86023897,0.8570901,0.8963792,0.85263056,0.8400302,0.82179695,0.8832322,0.86514467,0.91519624,0.8694425,0.82553,0.90578455,0.87374943,0.83895224,0.8536757,0.8742153,0.8996228,0.9219763,0.8598894,0.88629097,0.85872316,0.93205386,0.8633455,0.8582158,0.8647141,0.92383695,0.8296378,0.87943166,0.80678815,0.8897823,0.85625327,0.89422154,0.7994613,0.8249617,0.8615087,0.89859337,0.85718864,0.8721661,0.87027067
0.8652226,0.83330584,0.79551274,0.81487733,0.7995649,0.8697519,0.8368462,0.7945466,0.8541007,0.8330701,0.80720365,0.79253495,0.8066543,0.9013223,0.8294218,0.81389254,0.83921117,0.8248935,0.8294038,0.8827233,0.82819337,0.80896485,0.84994346,0.8108868,0.8300433,0.7903259,0.8240544,0.82175636,0.8433139,0.7711361,0.8321693,0.7813167,0.84027046,0.82017845,0.8459175,0.8516192,0.85088915,0.8441201,0.84288913,0.805829,0.8645795,0.8017285,0.8197503,0.85724384,0.8028474,0.8502221,0.8331656,0.8116625,0.78614,0.8583346,0.9023655,0.80333203,0.81210285,0.8356141,0.86464804,0.80273646,0.85239553,0.8219704,0.7914354,0.78628165,0.8625516,0.8275983,0.80961484,0.86404496,0.8414431,0.8301695,0.8054823,0.8432448,0.8301359,0.85461164,0.86290675,0.8118597,0.87534577,0.84252334,0.8162521,0.85405546,0.8385461,0.8122618,0.80452067,0.8456287,0.8299164,0.82641655,0.85043114,0.91359526,0.8516996,0.87141466,0.8062383,0.7833997,0.79606694,0.83930206,0.86211866,0.81359893,0.8227275,0.8374834,0.79977256,0.77992755,0.85018533,0.81702805,0.8363847,0.8539075,0.84616035
0.8757408,0.839053,0.89308155,0.8471776,0.86072785,0.7769833,0.810747,0.84472126,0.8565629,0.8116407,0.878563,0.8604622,0.85843265,0.77606046,0.85622025,0.83068496,0.8552912,0.8219305,0.7829925,0.8033901,0.8649196,0.8354643,0.8609294,0.83454114,0.8250967,0.8434798,0.8558262,0.9070775,0.8722612,0.84914994,0.8546992,0.81613636,0.88155323,0.8107615,0.83127254,0.8201975,0.8242654,0.8184456,0.8524768,0.82360584,0.9056952,0.823786,0.90204555,0.8959653,0.8960678,0.8629611,0.8090023,0.8677899,0.8417304,0.8513625,0.8701431,0.82875466,0.8728543,0.8711347,0.84926766,0.8976928,0.8110719,0.85864425,0.8603304,0.81377316,0.8517336,0.8752927,0.86439943,0.89380306,0.85229695,0.85344905,0.84293264,0.79739267,0.8071843,0.8798838,0.8607425,0.8859244,0.794064,0.85394186,0.8273917,0.88412845,0.82646567,0.82320195,0.8617869,0.8853997,0.8556953,0.8895455,0.85475147,0.82983416,0.85672206,0.86333793,0.8513707,0.8924367,0.88948995,0.84789187,0.7871342,0.84489256,0.8667223,0.8454408,0.867405,0.87883025,0.8437229,0.81823176,0.82586294,0.86129934,0.8004889
0.881173,0.83809537,0.8771215,0.8303229,0.84607166,0.863427,0.8385781,0.82706946,0.842321,0.7553965,0.85712475,0.81031364,0.84101206,0.8610256,0.9030661,0.81348336,0.8980366,0.8653702,0.8521643,0.85106397,0.77833533,0.8604657,0.85861135,0.87190634,0.8427686,0.8916561,0.8241179,0.85035664,0.83191955,0.82418543,0.8118606,0.8088404,0.84014183,0.8619792,0.8274849,0.8406361,0.81491125,0.8340754,0.8255182,0.8384854,0.8298879,0.8439271,0.7688995,0.7989694,0.8054294,0.7731805,0.82677585,0.8405624,0.8752331,0.8590873,0.83510566,0.8300072,0.84681505,0.82113,0.8193777,0.86125225,0.8602144,0.8517093,0.8670023,0.8801566,0.7938327,0.83004236,0.8139617,0.8627582,0.8412972,0.87090826,0.8506428,0.8981445,0.8974443,0.8058321,0.8641204,0.8388889,0.8121386,0.8376387,0.85859585,0.8614217,0.8543059,0.8482174,0.8440049,0.85198677,0.83432555,0.85141534,0.8093221,0.9031083,0.88143986,0.8302964,0.81017536,0.8110078,0.83948857,0.8249615,0.8922029,0.7746591,0.8436673,0.8662296,0.84931546,0.8425576,0.84979445,0.83821815,0.87271714,0.8800459,0.8387355
0.8827509,0.8309651,0.84268546,0.87587065,0.8514056,0.8046605,0.81860316,0.84333396,0.8197728,0.8423308,0.82744795,0.8396709,0.8731068,0.87063223,0.8285315,0.8615721,0.86372596,0.84798,0.8324242,0.7979464,0.85488844,0.8541855,0.8338985,0.85515785,0.7928352,0.85321456,0.81296885,0.80727893,0.8270036,0.89393896,0.8586739,0.87952834,0.862625,0.8472067,0.83526915,0.82985073,0.79622775,0.85715634,0.88721985,0.8188104,0.81337947,0.82512826,0.80425733,0.8718516,0.882081,0.83206624,0.77660793,0.8218041,0.8957207,0.7910717,0.86183923,0.86847615,0.80960315,0.85447717,0.87339884,0.83463544,0.8374558,0.8331056,0.81495434,0.7976404,0.8889156,0.8234168,0.8808541,0.82812566,0.87627816,0.790758,0.82886887,0.8518662,0.8351944,0.83577734,0.88946146,0.866561,0.8522836,0.83632797,0.87858707,0.8469121,0.8377399,0.8404859,0.7772833,0.81570166,0.8489179,0.8179521,0.8429976,0.8423074,0.8637572,0.8723982,0.8083113,0.8606877,0.8489925,0.8224402,0.81015635,0.86144686,0.9017244,0.82151717,0.79578626,0.83844274,0.80627507,0.83104557,0.7797772,0.8136261,0.8424213
0.8858329,0.8510453,0.83335704,0.8270174,0.84000665,0.8871104,0.86647445,0.93772453,0.8831305,0.8646696,0.94053024,0.8233227,0.89092106,0.89773333,0.88309956,0.91321164,0.88068146,0.87751573,0.9042721,0.86356235,0.90708995,0.840674,0.89976877,0.8752308,0.8871775,0.90504247,0.879386,0.884433,0.9001909,0.8538688,0.8688151,0.8721696,0.8535804,0.8411851,0.9034081,0.8856819,0.8366523,0.83899885,0.8657282,0.8773502,0.9057515,0.8565127,0.8553229,0.8848718,0.8927855,0.88229376,0.8400374,0.90183413,0.8993794,0.91547817,0.82267886,0.8898457,0.8564459,0.9015639,0.79661566,0.8775013,0.88119715,0.8739539,0.8556576,0.86540425,0.91975886,0.8386778,0.93197626,0.8459489,0.9216092,0.88753706,0.8968758,0.8524504,0.9425082,0.8535238,0.86656874,0.8893873,0.8602368,0.9396214,0.8307739,0.90269274,0.87763137,0.96021545,0.8758825,0.8764355,0.86603194,0.8808504,0.8499535,0.8838842,0.88972026,0.864852,0.8897436,0.8710075,0.8479514,0.8247772,0.8893276,0.90707844,0.8961795,0.82998097,0.8802982,0.847743,0.8483621,0.8663357,0.8314356,0.8463769,0.85703397
0.89390075,0.88391966,0.86974484,0.8747845,0.8202365,0.8844091,0.83345526,0.8227888,0.83811814,0.83189553,0.9224065,0.8079035,0.7997631,0.8384297,0.8090652,0.8172026,0.85260475,0.8727153,0.8480977,0.8198472,0.8709287,0.8781344,0.8453966,0.88535255,0.7921348,0.81524473,0.81216854,0.85113484,0.82879215,0.87507176,0.80143803,0.85845745,0.8739436,0.8110513,0.8094903,0.7947207,0.8158631,0.84753376,0.8222289,0.82159096,0.80146384,0.85204625,0.81964695,0.89227945,0.85263544,0.818984,0.83405143,0.8342585,0.8042291,0.8444829,0.8528586,0.8416976,0.855745,0.82443976,0.81022865,0.84344167,0.7737339,0.8175644,0.9070461,0.8213299,0.81986433,0.84359837,0.8133048,0.87689984,0.85083646,0.8249563,0.8768272,0.82616836,0.8376825,0.8674513,0.81281275,0.8150747,0.8724584,0.8296452,0.85862833,0.8801485,0.8485171,0.84773964,0.8371306,0.8167847,0.80832267,0.82781446,0.8458349,0.8494132,0.870205,0.89169425,0.8161182,0.82178396,0.85607964,0.80803835,0.84166265,0.83242303,0.8603193,0.82453233,0.8442795,0.8716208,0.84267753,0.8822398,0.81328046,0.8831858,0.86135465
0.89678395,0.9388836,0.91227573,0.9670248,0.88785213,0.98012435,0.9993276,0.943446,0.8624798,0.90317565,0.9398547,0.92033935,0.9107868,0.9452357,0.96162134,0.9745111,0.90741676,0.96994823,0.90419745,0.9375462,0.9667466,0.92675143,0.8943063,0.8922716,0.9341435,0.94582075,0.90217394,0.9403463,0.946482,0.9275665,0.93201685,0.94511974,0.91104096,0.8803479,0.9148906,0.942954,0.8979264,0.8808966,0.8997231,0.9530966,0.9118435,0.9719755,0.8853808,0.8777701,0.9122475,0.90698117,0.88825816,0.9348019,0.9363268,0.940417,0.88293535,0.93171614,0.86961603,0.88595444,0.96062714,0.918853,0.97212327,0.8900648,0.90587586,0.8928934,0.89076495,0.9310574,0.9308993,0.95988715,0.91059303,0.8994333,0.90876263,0.939244,0.8705519,0.9553358,1.0010816,0.96473163,0.96462375,0.93819624,0.9644684,1.0007899,0.9200408,0.91426384,0.9367779,0.8857451,0.95648783,0.92456156,0.89956355,0.9684053,0.8903492,0.9109802,0.8570176,0.88071316,0.93103,0.95761377,0.9800853,0.9224722,0.9247753,0.85725456,0.92984384,1.0039066,0.89961535,0.93295234,0.92326754,0.9058663,0.9638927
0.89930856,0.83502,0.8794202,0.904879,0.86166054,0.85792786,0.8318835,0.8435919,0.90124387,0.8929115,0.87011856,0.8661849,0.88745683,0.85494524,0.8014337,0.8158012,0.8799742,0.8447464,0.8885461,0.82774043,0.85669315,0.8332469,0.8924542,0.84971195,0.8979692,0.9162839,0.8196171,0.8026896,0.80590564,0.8858735,0.860722,0.8807369,0.8526801,0.8357237,0.8586702,0.8095702,0.8174868,0.85707414,0.8441743,0.88012356,0.8249512,0.851115,0.85085946,0.88280195,0.85070807,0.83103925,0.84850186,0.87271243,0.89473325,0.76230353,0.85978204,0.8378044,0.8847473,0.88139117,0.8339665,0.86446756,0.87281454,0.85521907,0.8798136,0.88357717,0.88971436,0.9053035,0.8536674,0.8957409,0.9040579,0.85058415,0.8648984,0.83358693,0.8749408,0.87621766,0.9086507,0.89354473,0.8679268,0.8245824,0.84093356,0.86848414,0.81838566,0.82880783,0.86261374,0.8691115,0.86921626,0.8708535,0.86691123,0.8670295,0.841279,0.8883232,0.8719474,0.87374526,0.9118372,0.8606848,0.8606534,0.9037597,0.91566026,0.88824296,0.88312805,0.8955718,0.910248,0.8208956,0.91748387,0.8853052,0.8078945
0.9008412,0.8490098,0.89854425,0.8477929,0.8482607,0.8918729,0.90492356,0.8858883,0.86498624,0.9809915,0.9118028,0.867855,0.92016643,0.8668104,0.8301478,0.88562524,0.88133836,0.8979898,0.8296584,0.8618246,0.82401,0.81535405,0.8836561,0.92132145,0.8447495,0.84192187,0.8613661,0.94240993,0.8562563,0.82533616,0.87168866,0.9165358,0.91835433,0.9084323,0.8444869,0.92333645,0.874108,0.8965713,0.9082934,0.85043377,0.8807626,0.8705878,0.8486548,0.85394883,0.870324,0.89464056,0.9437379,0.8906513,0.9102185,0.87408143,0.89634156,0.9408287,0.9126234,0.8970999,0.8557951,0.8513192,0.90428823,0.8680617,0.87526053,0.8362098,0.8590948,0.86988384,0.88566643,0.8877502,0.92023754,0.8642895,0.8814935,0.89836025,0.8356294,0.92563814,0.8985264,0.81966597,0.823988,0.8542157,0.8808442,0.8750689,0.8868174,0.9015016,0.89741987,0.8833422,0.8202861,0.8365883,0.8442157,0.84031147,0.87374735,0.91507035,0.8807813,0.86617666,0.8918728,0.8585748,0.8864523,0.8738426,0.8751486,0.9469207,0.9062684,0.9016067,0.8588919,0.87283015,0.8737077,0.8838871,0.8565511
0.90563154,0.8956196,0.86159587,0.9346716,0.8606695,0.87755996,0.9351862,0.8885682,0.86185724,0.88939875,0.8892957,0.82914543,0.92063636,0.8749057,0.8740587,0.81605107,0.8462941,0.90420276,0.8203595,0.9107361,0.84846604,0.9155119,0.8412959,0.8395301,0.84576946,0.85379046,0.87002647,0.9038715,0.9218033,0.8386376,0.9566503,0.89750546,0.84944844,0.89582485,0.8958083,0.89477104,0.8440349,0.90165156,0.8432783,0.8433729,0.90223706,0.9118926,0.8884893,0.84566385,0.8877608,0.83888316,0.8501836,0.8478329,0.843414,0.89601105,0.8686449,0.9101016,0.8933775,0.9315913,0.8499389,0.9227212,0.9386649,0.82540697,0.8890602,0.8530279,0.879386,0.89804596,0.8005921,0.899429,0.8769861,0.8681699,0.8912287,0.8667765,0.9523221,0.8467785,0.880956,0.8711636,0.89557713,0.86101884,0.8454661,0.9010605,0.8424858,0.8626804,0.9251244,0.8682816,0.84028023,0.88236237,0.9271758,0.9020785,0.9340851,0.81717527,0.88338715,0.8585239,0.8371944,0.8400234,0.93398154,0.92912734,0.85904986,0.8739134,0.89695615,0.86780864,0.90003484,0.8945642,0.89301664,0.7819219,0.88184017
0.9059223,0.8797233,0.904363,0.9239754,0.8426892,0.86683947,0.85697305,0.9003107,0.8523451,0.838244,0.8700287,0.9063303,0.86360794,0.8673077,0.8906483,0.8633652,0.8717997,0.86802655,0.8552729,0.86927915,0.8925477,0.87837654,0.9295195,0.8136226,0.86132175,0.8754308,0.8889834,0.8895094,0.8324054,0.89746183,0.8590875,0.84161574,0.9195467,0.9027134,0.9074849,0.9037139,0.86040854,0.87987715,0.9286878,0.897109,0.8326516,0.8719395,0.9211702,0.87851936,0.8656722,0.89271563,0.9090122,0.9678758,0.8488885,0.8510999,0.90363574,0.89620167,0.8465028,0.89494926,0.8607499,0.91919225,0.8624539,0.87857956,0.8994306,0.8631497,0.90449446,0.87208134,0.86440176,0.9237031,0.88194185,0.89910674,0.85680443,0.9037498,0.88683337,0.859844,0.93033063,0.8399285,0.8739228,0.85523736,0.90447694,0.80391914,0.8778104,0.8357366,0.8535035,0.87783396,0.90231365,0.8724353,0.8997292,0.89029104,0.899787,0.8849501,0.88079715,0.9471693,0.8893034,0.8589421,0.89566916,0.88681304,0.9163647,0.9164958,0.86825395,0.8822109,0.89174867,0.92732644,0.9210747,0.8333336,0.8428493
0.9063307,0.90043384,0.92091984,0.8864667,0.93289787,0.82874304,0.876803,0.887779,0.8589967,0.8536311,0.9176888,0.90715736,0.9145716,0.856731,0.8243068,0.8420175,0.8693724,0.9257209,0.8815813,0.88222015,0.8345377,0.90193516,0.94752115,0.853663,0.91875285,0.9544824,0.88287896,0.930656,0.89512354,0.849871,0.88536185,0.87752897,0.85921866,0.85007894,0.91216373,0.8441592,0.86766434,0.8543943,0.8735921,0.83855486,0.84197164,0.8887717,0.81941783,0.8973258,0.87167954,0.86905164,0.8884371,0.8347569,0.9355225,0.79401475,0.8326876,0.88282835,0.89290076,0.801068,0.9354252,0.87855065,0.8233933,0.93780094,0.8821604,0.9417613,0.9279698,0.8811812,0.8709391,0.8965464,0.88040864,0.8233561,0.8945071,0.88683575,0.89448345,0.9016339,0.89284354,0.84755653,0.8784049,0.91653675,0.82836777,0.8354845,0.8999173,0.8990106,0.9135546,0.87598073,0.8429894,0.84101397,0.94460875,0.8509665,0.9201969,0.84817225,0.83735967,0.8344744,0.8568024,0.8756588,0.9068237,0.85974234,0.88604015,0.865002,0.9063359,0.86500865,0.8627245,0.8719549,0.84831566,0.8686291,0.8902158
0.91399443,0.89357096,0.8155897,0.86877257,0.8483697,0.8884979,0.8992527,0.85604036,0.93103325,0.90509254,0.8931224,0.8791403,0.87165153,0.8587189,0.90258235,0.81973594,0.9044726,0.8619025,0.8479039,0.8052216,0.87759584,0.84141874,0.87226576,0.89369315,0.8533216,0.9033412,0.88304836,0.8591532,0.89000744,0.8850593,0.91573334,0.87321484,0.91258055,0.8890438,0.84398615,0.87255377,0.8714653,0.8804274,0.88996786,0.9159357,0.86272997,0.90354294,0.8021796,0.9108731,0.8598138,0.9128522,0.9160883,0.87775636,0.8195436,0.84184664,0.8513497,0.86361194,0.9041976,0.898483,0.92696846,0.9569234,0.88264173,0.88336104,0.8601856,0.8389811,0.86798245,0.9725466,0.8681815,0.87780184,0.8421812,0.8411999,0.9361009,0.8836689,0.84246916,0.8660354,0.8351378,0.8599953,0.8785165,0.87509173,0.84565383,0.87168115,0.912309,0.868912,0.7922402,0.87438357,0.92323714,0.87364835,0.8765631,0.8176822,0.8635936,0.8615096,0.8676557,0.8961037,0.9354808,0.8637484,0.9361982,0.87329805,0.897867,0.8988161,0.8697839,0.8849409,0.84681845,0.89420104,0.8595428,0.86889416,0.91349083
0.9167107,0.880222,0.8339047,0.85021776,0.8464308,0.8700392,0.906081,0.848818,0.84028214,0.9345686,0.8735382,0.8665925,0.897612,0.9069846,0.8502377,0.8695962,0.8053887,0.8185123,0.8803523,0.8361456,0.8240624,0.8251585,0.8793683,0.8961471,0.8500172,0.83284044,0.93851584,0.8887717,0.8242167,0.8340505,0.8871981,0.9261105,0.86644965,0.91503745,0.82518524,0.890707,0.9299168,0.8166204,0.91931534,0.85831267,0.8199318,0.83692497,0.8712188,0.8673333,0.92242455,0.84161085,0.8227499,0.8400358,0.883225,0.8439515,0.8634407,0.8671534,0.84962237,0.92468685,0.796707,0.8720923,0.8591308,0.8639944,0.8895654,0.89737093,0.8518575,0.8760703,0.8628669,0.86571234,0.8898143,0.8814327,0.8326969,0.8602929,0.8805738,0.9333717,0.89037186,0.88317245,0.84493977,0.84476006,0.8359825,0.8648236,0.8321903,0.83109623,0.86895543,0.8869322,0.8479224,0.87119263,0.7815849,0.90951294,0.83523196,0.908302,0.84876704,0.8932585,0.8627947,0.8528984,0.8370089,0.8060289,0.7843271,0.87622815,0.8883661,0.8508739,0.8322113,0.89056176,0.8537112,0.88213104,0.8542114
0.9241067,0.87079996,0.89534384,0.84974927,0.8989019,0.86889887,0.9022914,0.881676,0.8896461,0.8852611,0.86194223,0.85547245,0.9386459,0.87590986,0.90815943,0.8017216,0.86738616,0.91676325,0.9219896,0.89072436,0.8574739,0.84397155,0.86722106,0.8927647,0.87780017,0.8433407,0.90019757,0.89336807,0.87656564,0.8022512,0.88684434,0.84030294,0.8739365,0.94962716,0.8422741,0.87194145,0.89719516,0.8817416,0.8707027,0.89517695,0.88329715,0.8725038,0.82460296,0.83928007,0.88600665,0.90374905,0.86456424,0.8391406,0.8861718,0.90732414,0.84984314,0.8476723,0.94300777,0.85699785,0.87616414,0.8594052,0.79586715,0.85675454,0.9201128,0.81887,0.8232123,0.8982899,0.8871524,0.9098985,0.9112268,0.8224266,0.89108056,0.87153506,0.8813718,0.9104801,0.8431693,0.86416537,0.85588354,0.85250884,0.896297,0.9455923,0.86370903,0.902514,0.8629488,0.91764057,0.878364,0.83781093,0.8257744,0.87785727,0.93449247,0.915446,0.846975,0.89802015,0.86713606,0.8679783,0.8709745,0.8944053,0.8437012,0.8732855,0.90963686,0.8493063,0.87700766,0.8486266,0.86679286,0.82501537,0.82226837
0.92694086,0.8750651,0.8468701,0.8707023,0.85214704,0.82169545,0.8643637,0.875704,0.8610613,0.8418619,0.84659106,0.92724454,0.8752729,0.8566267,0.86060935,0.88952476,0.8357449,0.9109027,0.8976186,0.8559401,0.80449337,0.8990489,0.8713594,0.8549376,0.8651965,0.8890404,0.823809,0.87124807,0.8886588,0.8625525,0.86114603,0.8648424,0.8089594,0.8255216,0.8175052,0.896223,0.8961417,0.8934782,0.8450082,0.860902,0.8190929,0.8921355,0.87636,0.8704962,0.8456305,0.84810865,0.87697154,0.84230304,0.8104053,0.88534206,0.91254884,0.8340085,0.84949774,0.8611718,0.8665148,0.84436315,0.8805812,0.89550173,0.8517843,0.8867227,0.8847541,0.8624622,0.8898645,0.8253469,0.87739825,0.84579295,0.83513516,0.8629444,0.9271433,0.82809955,0.87262136,0.79682195,0.85114545,0.8467696,0.854116,0.8728059,0.84872764,0.81741375,0.8753085,0.8119295,0.8352054,0.8501178,0.8478083,0.881698,0.85786223,0.83518773,0.8455793,0.869898,0.8542344,0.85082895,0.8992633,0.85496,0.8714587,0.86793464,0.8591705,0.84501845,0.87927455,0.8589515,0.85265493,0.9009885,0.8503478
0.93038195,0.87525004,0.8399105,0.78653413,0.83918726,0.8862696,0.89795756,0.8245607,0.83335596,0.845969,0.8637195,0.8690535,0.84295803,0.8119102,0.8298353,0.8790128,0.79919916,0.8488057,0.86880356,0.8338639,0.87834543,0.86962885,0.86062485,0.9031892,0.8948081,0.84766644,0.84449816,0.83650523,0.91603327,0.84859264,0.8794729,0.8394725,0.877356,0.8634504,0.8130745,0.89124364,0.8880821,0.87630105,0.8537838,0.89820886,0.8907812,0.86710614,0.8622737,0.8740664,0.944921,0.9082468,0.8878748,0.8688567,0.8778078,0.81505877,0.8566392,0.8347,0.87266034,0.88039106,0.8774163,0.83070356,0.9197205,0.83619064,0.82907766,0.86452967,0.86420983,0.8567318,0.787156,0.86434263,0.86747384,0.8564754,0.86663014,0.825742,0.87059337,0.86686844,0.822864,0.8692698,0.88426495,0.8606945,0.87280357,0.85766757,0.82793826,0.8795486,0.88791114,0.8461908,0.8623215,0.8333406,0.85757536,0.84178454,0.8897634,0.82853156,0.9313973,0.84321004,0.8581788,0.9061306,0.8240597,0.8598151,0.88955563,0.85288906,0.8955428,0.8479062,0.8274409,0.869818,0.8934828,0.846194,0.8657109
0.93932885,0.8356032,0.81337327,0.8630617,0.8774395,0.8597728,0.8153017,0.895798,0.87279576,0.8233521,0.898979,0.87195486,0.83621466,0.8822432,0.906035,0.8440494,0.8282172,0.90830266,0.8064216,0.85930634,0.8101766,0.8540696,0.89357865,0.8904359,0.90911883,0.87822753,0.8826285,0.8837998,0.85877484,0.9027979,0.85274714,0.902288,0.86170834,0.8929544,0.90582436,0.8752412,0.8562035,0.91517055,0.88701636,0.8610448,0.8691655,0.84767395,0.8971136,0.8247234,0.83902293,0.86960083,0.8611855,0.84156346,0.89402574,0.91938007,0.8706012,0.8343044,0.911413,0.9127175,0.9066388,0.7932336,0.87438065,0.8934619,0.8796582,0.89657676,0.91357064,0.87279457,0.85393804,0.87529564,0.87022203,0.81588274,0.84273964,0.9216571,0.85306245,0.90268946,0.85101753,0.8343683,0.90957,0.8065143,0.8316432,0.8762426,0.8854812,0.84078646,0.9125576,0.8328083,0.9098663,0.81756103,0.897879,0.8366826,0.84696096,0.8762881,0.88957,0.8757557,0.8261872,0.9204939,0.8214527,0.87862444,0.87423474,0.8886177,0.8694344,0.8495576,0.8408563,0.8946006,0.8666412,0.8492938,0.7932399
0.94795555,0.9451239,0.87256235,0.9232704,0.9337619,0.9270877,0.942849,0.89854383,0.9591599,0.9056548,0.97375405,0.8904671,0.91331995,0.88983685,0.9340761,0.88086325,0.86268896,0.9613622,0.9215376,0.9047331,0.8927962,0.96148795,0.84527224,0.9031389,0.9261148,0.91004986,0.85269934,0.9272131,0.94132596,0.86105347,0.9038144,0.9186025,0.94486815,0.96910775,0.9359924,0.87342757,0.90732,0.8993915,0.8844588,0.9064312,0.90799445,0.857172,0.9229396,0.91245455,0.86504143,0.8701232,0.8839128,0.9043531,0.851611,0.9449273,0.9515669,0.94122106,0.90675396,0.8717188,0.96905214,0.93075854,0.9019248,0.91496676,0.90696603,0.95234334,0.9537996,0.85577923,0.9116706,0.915849,0.8863076,0.87872416,0.8956603,0.90148157,0.95236075,0.9150134,0.9122841,0.9021601,0.90981406,0.8980126,0.91175383,0.873619,0.84482044,0.9305943,0.89655185,0.92583597,0.866689,0.9292913,0.8994836,0.8781168,0.8836045,0.97577196,0.83339185,0.90754235,0.89333284,0.9344266,0.9221533,0.86728734,0.99453807,0.8851108,0.911171,0.92891026,0.83268726,0.8794604,0.86039597,0.89558166,0.8943451
0.9578736,0.8445251,0.845233,0.8682808,0.819912,0.82435936,0.90911514,0.86402565,0.8341169,0.8378147,0.902856,0.86680686,0.8866232,0.87324935,0.8660862,0.87411976,0.8338627,0.85401726,0.9009002,0.8014495,0.88917035,0.89905125,0.84490824,0.8222119,0.90063286,0.9058613,0.8295961,0.92339164,0.8541211,0.9207558,0.87330097,0.8712316,0.8575044,0.85309774,0.841323,0.85628134,0.8662202,0.8370165,0.9217157,0.84437555,0.94551265,0.83943814,0.8678978,0.83340794,0.88204765,0.8825939,0.8852852,0.8883781,0.79952484,0.86161596,0.87527174,0.85191137,0.83380926,0.8714785,0.87225753,0.90267956,0.83568484,0.871484,0.86050075,0.90450394,0.88163275,0.9120153,0.9108426,0.896974,0.8915215,0.8966139,0.8227642,0.8134795,0.828503,0.87268513,0.8463451,0.93358666,0.8879258,0.9205571,0.8750382,0.85755175,0.8926445,0.87962687,0.86575264,0.9251019,0.9281156,0.9148316,0.9269263,0.87514144,0.90125924,0.8996832,0.8457138,0.8382224,0.8270161,0.86661845,0.83218765,0.8314902,0.90448946,0.87604034,0.87221825,0.858662,0.91920286,0.8795256,0.90168875,0.85606647,0.86183804
0.9699556,0.6009585,0.5973901,0.5862337,0.60052854,0.59288293,0.6125719,0.6114519,0.60343796,0.5888036,0.5774509,0.5955744,0.6161184,0.6126377,0.6032257,0.6147861,0.606252,0.5973862,0.60116327,0.60501885,0.6062733,0.61331344,0.6245473,0.6191601,0.59908813,0.59140044,0.60310775,0.5890628,0.6135263,0.6158395,0.5980576,0.601096,0.6016577,0.6161894,0.6004649,0.5990238,0.59221256,0.62714404,0.6116684,0.59812444,0.59480464,0.5995933,0.6169179,0.6088031,0.59816474,0.58683866,0.6125912,0.6170224,0.5868114,0.59658694,0.60362697,0.59697515,0.6022921,0.6401399,0.6029298,0.60056597,0.60879797,0.6073415,0.60010344,0.6149341,0.62095356,0.6181461,0.59704787,0.5995431,0.61071587,0.6116231,0.60104626,0.59720415,0.6042409,0.6107268,0.59227145,0.6012147,0.5915994,0.607647,0.60387135,0.61168724,0.6054844,0.59726614,0.58940285,0.60944885,0.5947159,0.59020126,0.6384899,0.5996519,0.58178294,0.5894047,0.60508984,0.6036549,0.59822077,0.591829,0.6255342,0.6090258,0.5998501,0.59660304,0.60914415,0.6006813,0.6105139,0.61035854,0.6030321,0.61384577,0.59605366
0.97206396,0.9045478,0.9383232,0.93098074,0.92488265,0.94341004,0.93306917,0.96851736,0.9058594,0.9371889,0.9028397,0.8754168,0.8698535,0.9253977,0.95061463,0.83514,0.9378458,0.955977,0.90718395,0.9526973,0.948281,0.8667639,0.89128315,0.93649685,0.90767795,0.89112246,0.9242855,0.9432035,0.96915513,0.9952706,0.9182045,0.90122336,0.9496259,0.92061037,0.9390228,0.8910298,0.88860375,0.93287766,0.9756023,0.8096423,0.9409937,0.9301553,0.91711634,0.93025064,0.94223744,0.9117028,0.95358473,0.9282251,0.9537664,0.94804734,0.90261734,0.93287,0.91199166,0.95892507,0.9444016,0.89634514,0.9246193,0.94559246,0.8978649,0.907417,0.9267857,0.9334543,0.9554811,0.95406735,0.8715396,0.88201565,0.9510123,0.90117997,0.9150414,0.96002567,0.8988741,0.91518915,0.9209074,0.9580266,0.94661885,0.97861856,0.8978507,0.95172393,0.95201457,0.91189915,0.9191682,0.9146031,0.9766304,0.9405579,0.9544218,0.8773965,0.91164845,0.94166785,0.93096834,0.9875651,0.89099663,0.91179496,0.9698605,0.9572236,0.92458475,0.90250045,0.91734725,0.847658,0.91597074,0.8776502,0.91893667
0.97749823,0.91496867,0.84648204,0.97980326,0.9100179,0.9054741,0.9489829,0.9524603,0.92451537,0.9210606,0.9336966,0.88986534,0.8710665,0.9613092,0.8955249,0.8922602,0.90519494,0.8762133,0.9500506,0.99573714,0.95519036,0.90163034,0.8809214,0.9600137,0.9034352,0.93954164,0.9473588,0.93129975,0.9496395,0.8852578,0.84812486,0.945464,0.92462033,0.9269003,0.87036556,0.91935116,0.9322325,0.9424154,0.8805161,0.9434934,0.8173604,0.93113106,0.9540658,0.90839946,0.88377684,0.93786764,0.94506997,0.8844629,0.8847069,0.8423614,0.9081146,0.9154148,0.9735268,0.8967615,0.8868434,0.9378993,0.9217235,0.92310923,0.9437279,0.92623395,0.9402762,0.91805124,0.9116948,0.9566961,0.9521174,0.8476651,0.9603559,0.9883626,0.9728872,0.8857319,0.88749176,0.89071804,0.9186585,0.89132607,0.86131805,0.9398662,0.9764889,0.89538217,0.8525056,0.9168429,0.8625095,0.88432163,0.87992734,0.88008004,0.92720133,0.8865409,0.90866834,0.8385482,0.94211245,0.9132141,0.91110057,0.918047,0.92319053,0.9167083,0.8865995,0.8811627,0.95225793,0.8686108,0.9133789,0.895381,0.8787175
0.9883483,0.8892618,0.9488678,0.93022376,0.9086036,1.0096188,0.91762966,0.932409,0.8840564,0.9365395,0.96309143,0.9711826,0.8631193,0.9828859,0.94158673,0.93187594,0.88808596,0.9774017,0.89393395,0.9317607,0.9336468,0.8917194,0.898197,0.9857032,0.9216846,0.9703806,0.92658776,0.90868074,0.94743234,0.93814915,0.8685619,0.89032054,0.9135768,0.8893395,0.9642312,0.93920684,0.85084885,0.9828533,0.91706043,1.0069199,0.88033515,0.9550927,0.9289408,0.94733375,0.9111406,0.99144924,0.922518,0.9150403,0.89974123,0.9235874,0.9075746,0.9165609,0.93482155,0.881063,0.9476472,0.91027635,0.87648445,0.9429812,0.9065578,0.9077068,0.9928448,0.90770894,0.93047833,0.95678794,0.90166646,0.9140361,0.9459368,0.9060455,0.936523,0.9174802,0.9151874,0.89720595,0.891117,0.9020991,0.9451233,0.8845731,0.88811874,0.9490376,0.8851682,0.9720226,0.9588757,0.91878486,0.9822647,0.9095499,0.91747695,0.9291958,0.9802512,0.9390985,0.9142999,0.9775774,0.9413474,0.94781643,0.8966856,0.9198064,0.88627344,0.9112184,0.93504566,0.92566997,0.89727676,0.9433896,0.913714
