polararea,mw,smiles,xlogp,complexity,heavycnt,rotbonds,static_polarizability,vdw_volume
37.3,72.06,C=CC(=O)O,0.3,55.9,5,1,27.82067921669,65.11385625278537
46.5,116.11,C=CC(=O)OCCO,-0.2,87.7,8,4,48.0182041654,105.3701897784856
35.5,290.4,CCCCC(CC)COC(=O)/C=C/C1=CC=C(C=C1)OC,5.3,304.0,21,10,182.95426046336664,296.7159939906498
26.3,128.169,CCCCOC(=O)C=C,2.4,97.1,9,5,61.937808073333336,131.95578384110252
26.3,100.12,CCOC(=O)C=C,1.3,76.1,7,3,46.62955859746666,100.84876363406715
26.3,86.09,COC(=O)C=C,0.8,65.9,6,2,37.2823007951,84.9462993507064
66.0,138.12,C1=C(NC=N1)/C=C/C(=O)O,0.0,156.0,10,2,74.8389233674,117.47753882056445
57.5,164.16,C1=CC(=CC=C1/C=C/C(=O)O)O,1.5,178.0,12,2,98.6638279122,146.7050213920338
26.3,100.12,CC(=C)C(=O)OC,1.4,94.3,7,2,46.41892632253333,100.52217536868547
50.1,125.13,CCOC(=O)C(=C)C#N,1.0,175.0,9,3,56.26841909463334,119.97629557207163
38.8,142.15,CC(=C)C(=O)OCC1CO1,0.8,162.0,10,4,65.44214378816666,134.37883886384438
26.3,184.27,CCCCC(CC)COC(=O)C=C,3.8,152.0,13,8,96.51507407683334,195.13176039232735
57.6,367.3,CO/C=C(\C1=CC=CC=C1COC2=CC=CC(=N2)C(F)(F)F)/C(=O)OC,3.6,495.0,26,7,176.57461503099998,313.2986594641636
46.5,178.18,COC1=CC=C(C=C1)/C=C/C(=O)O,1.8,190.0,13,3,111.2937578118,166.24510338418042
26.3,114.14,CCOC(=O)C(=C)C,1.9,105.0,8,3,54.714512457333335,116.10010944897994
50.1,361.5,CCCCC(CC)COC(=O)C(=C(C1=CC=CC=C1)C2=CC=CC=C2)C#N,7.1,510.0,27,10,221.2664518843333,367.24677816663365
26.3,128.169,CC(C)COC(=O)C=C,2.2,106.0,9,4,62.19935532029999,131.95771236718625
46.5,130.139,CC(COC(=O)C=C)O,0.3,109.0,9,4,56.27318302186666,121.20664283371094
118.0,322.31,CCC(C)C1=C(C(=CC(=C1)[N+](=O)[O-])[N+](=O)[O-])OC(=O)C=C(C)C,4.6,489.0,23,5,174.21244140433336,278.9876363464346
213.0,594.5,C1=CC(=CC=C1/C=C/C(=O)OC[C@@H]2[C@H]([C@@H]([C@H]([C@@H](O2)OC3=C(OC4=CC(=CC(=C4C3=O)O)O)C5=CC=C(C=C5)O)O)O)O)O,2.5,1040.0,43,8,334.6875098666667,479.62716939672913
245.0,624.6,C[C@H]1[C@@H]([C@H]([C@H]([C@@H](O1)O[C@@H]2[C@H]([C@@H](O[C@@H]([C@H]2OC(=O)/C=C/C3=CC(=C(C=C3)O)O)CO)OCCC4=CC(=C(C=C4)O)O)O)O)O)O,-0.5,936.0,44,11,298.7020886006667,498.5396075790275
26.3,236.35,C/C=C(\C)/C(=O)OC/C=C(\C)/CCC=C(C)C,4.7,329.0,17,7,140.39264771366666,252.54299298065064
57.5,164.16,C1=CC(=CC(=C1)O)/C=C/C(=O)O,1.8,186.0,12,2,94.0316382753,146.6366957800133
38.8,128.13,C=CC(=O)OCC1CO1,0.4,130.0,9,4,54.9341714823,118.86156106076258
26.3,184.27,CC(C)CCCCCOC(=O)C=C,4.2,150.0,13,8,96.22787610363332,195.1140713585648
26.3,212.33,CC(C)CCCCCCCOC(=O)C=C,5.3,173.0,15,10,113.28519347043331,226.3395020169848
26.3,212.33,CCCCCCCCCCOC(=O)C=C,5.1,164.0,15,11,111.99836261493331,226.03498602903636
52.6,226.27,C=CC(=O)OCCCCCCOC(=O)C=C,2.6,219.0,16,11,106.63821295653332,220.99863593915583
99.1,298.29,C=CC(=O)OCC(CO)(COC(=O)C=C)COC(=O)C=C,1.1,365.0,21,13,130.67141813843335,267.5202664828881
35.5,248.32,CC(C)CCOC(=O)/C=C/C1=CC=C(C=C1)OC,3.9,263.0,18,7,158.07401500036667,248.83236340269613
53.1,187.19,C1=CC=C2C(=C1)C(=CN2)/C=C/C(=O)O,2.2,250.0,14,2,119.42523846412332,170.28432248814903
324.0,786.7,C[C@H]1[C@@H]([C@H]([C@H]([C@@H](O1)O[C@@H]2[C@H]([C@@H](O[C@@H]([C@H]2OC(=O)/C=C/C3=CC(=C(C=C3)O)O)CO[C@H]4[C@@H]([C@H]([C@@H]([C@H](O4)CO)O)O)O)OCCC5=CC(=C(C=C5)O)O)O)O)O)O,-2.1,1230.0,55,14,360.19549132266667,
112.0,512.6,CC(=C)C(=O)OCC(COC1=CC=C(C=C1)C(C)(C)C2=CC=C(C=C2)OCC(COC(=O)C(=C)C)O)O,5.1,698.0,37,16,272.208707697,479.7715258348543
44.8,250.29,CCOCCOC(=O)/C=C/C1=CC=C(C=C1)OC,2.4,255.0,18,8,154.94235816846663,241.24995937624243
26.3,128.169,CC(C)(C)OC(=O)C=C,1.7,119.0,9,3,61.91522233253334,132.01157767399602
50.1,125.13,C=CC(=O)OCCC#N,0.6,154.0,9,4,54.44002695413334,119.98122134965891
55.8,208.21,COC1=C(C=CC(=C1)/C=C/C(=O)OC)O,1.8,237.0,15,4,125.46588007166667,191.03745839888558
66.8,208.21,CCOC(=O)/C=C/C1=CC(=C(C=C1)O)O,2.6,237.0,15,4,124.2510772265,186.79776345945407
66.8,284.31,C1=CC=C(C=C1)CCOC(=O)/C=C/C2=CC(=C(C=C2)O)O,4.2,347.0,21,6,171.550008889,264.09266512025124
35.5,206.24,CCOC(=O)/C=C/C1=CC=C(C=C1)OC,3.0,215.0,15,5,132.71314138606667,201.99024131792993
80.3,302.32,C=CC(=O)OCCOCCOCCOCCOC(=O)C=C,0.7,284.0,21,16,132.65868109366667,277.53688804395995
35.5,192.21,C=CC(=O)OCCOC1=CC=CC=C1,2.4,183.0,14,6,98.1868062767,186.5338245596488
29.5,171.24,CCN(CC)CCOC(=O)C=C,1.2,142.0,12,7,82.81930106506667,175.70983045805085
26.3,156.22,CCCCCCOC(=O)C=C,3.4,119.0,11,7,78.20850888176666,163.835653747027
35.5,144.17,CCOCCOC(=O)C=C,0.7,109.0,10,6,65.43255047859999,140.5266702194806
26.3,114.14,CCCOC(=O)C=C,2.0,86.5,8,4,53.895714865,116.28348144456933
26.3,154.21,C=CC(=O)OC1CCCCC1,2.5,146.0,11,3,77.12602468026667,153.3398268813661
118.0,204.14,CC(COC(=O)C=C)([N+](=O)[O-])[N+](=O)[O-],0.8,261.0,14,4,78.97457523869998,156.7687121217753
61.8,214.21,C=CC(=O)OCCOCCOC(=O)C=C,1.0,210.0,15,10,95.11056154286666,197.83035260860157
66.8,194.18,COC(=O)/C=C/C1=C(C=CC(=C1)O)O,1.5,224.0,14,3,112.23387690456666,171.18035125145443
46.5,178.18,COC(=O)/C=C/C1=CC=C(C=C1)O,2.3,190.0,13,3,109.81350486216664,166.3938575824097
52.6,170.16,C=CC(=O)OCCOC(=O)C=C,1.2,173.0,12,7,74.0595244236,157.93640097829308
52.6,198.22,C=CC(=O)OCCCCOC(=O)C=C,1.9,196.0,14,9,93.30410807966666,189.86916394508867
52.6,212.24,CC(C)(COC(=O)C=C)COC(=O)C=C,2.4,240.0,15,8,101.50939617986668,205.11204534910644
71.1,300.35,CC(COC(C)COC(=O)C=C)OCC(C)OC(=O)C=C,2.2,352.0,21,13,139.66932269766667,284.71071610699016
26.3,128.169,CCOC(=O)C=C(C)C,1.9,121.0,9,3,66.70879502433333,131.52212163803108
26.3,204.26,CCCCOC(=O)/C=C/C1=CC=CC=C1,3.9,203.0,15,6,128.79900749203333,208.75047457784066
76.0,314.3,COC1=C(C=CC(=C1)/C=C/C(=O)OCCC2=CC=C(C=C2)O)O,3.4,387.0,23,7,188.199136594,287.9557897621355
37.3,148.16,C1=CC=C(C=C1)/C=C\C(=O)O,2.1,155.0,11,2,86.51896447596665,141.06244869140008
44.8,188.22,CCOCCOCCOC(=O)C=C,0.8,145.0,13,9,85.06933368986667,180.0788547394802
29.5,143.18,CN(C)CCOC(=O)C=C,0.5,121.0,10,5,67.38604893256667,144.02043658688464
63.6,144.12,C=CC(=O)OCCC(=O)O,0.2,150.0,10,5,57.963646750733325,124.48106909300931
26.3,184.27,CCCCCCCCOC(=O)C=C,4.0,141.0,13,9,95.86647287916666,195.27042369627569
26.3,134.56,C=CC(=O)OCCCl,1.1,90.4,8,4,52.448999014233344,118.81307430547078
26.3,254.41,CCCCCCCCCCCCCOC(=O)C=C,6.7,199.0,18,14,137.302629989,273.922254066149
26.3,156.22,CCC(CC)COC(=O)C=C,2.9,126.0,11,6,80.31249170003333,163.60171172502604
55.8,222.24,C=CC(=O)OCC(COC1=CC=CC=C1)O,1.8,221.0,16,7,106.80220934173332,207.04433192664126
26.3,114.14,CC(C)OC(=O)C=C,1.5,94.7,8,3,54.4552816207,116.41186036905194
72.1,221.21,CCOC(=O)/C=C/C1=CC=C(C=C1)[N+](=O)[O-],2.8,274.0,16,4,130.32489891853334,197.31432619605323
35.5,192.21,COC1=CC=C(C=C1)/C=C/C(=O)OC,2.6,203.0,14,4,123.12342934646666,185.9293078959556
26.3,193.67,C[N+](C)(C)CCOC(=O)C=C.[Cl-],,147.0,12,5,79.72629017083334,160.88331852051553
55.8,222.24,CCOC(=O)/C=C/C1=CC(=C(C=C1)O)OC,2.2,249.0,16,5,135.003119674,206.55025674730805
26.3,178.23,C=CC(=O)OCC1CC2CC1C=C2,2.4,255.0,13,4,90.38550874453334,174.39221726157248
73.1,499.6,CC(=CC[C@@H]1[C@@](O1)(C)[C@H]2[C@@H]([C@@H](CC[C@]23CO3)OC(=O)/C=C/C4=CC=C(C=C4)OCCN(C)C)OC)C,4.4,815.0,36,12,298.239378077,481.9005987436318
161.0,524.5,C=CC(=O)OCC(CO)(COCC(COC(=O)C=C)(COC(=O)C=C)COC(=O)C=C)COC(=O)C=C,2.0,789.0,37,25,234.79315405666668,469.13166183382214
89.9,216.19,C=CC(=O)OCCOC(=O)CCC(=O)O,0.0,257.0,15,9,85.87838795146666,183.55984382981603
26.3,204.26,C=CC(=O)OC1CC2CC1C3C2C=CC3,2.8,331.0,15,3,107.45950177616665,195.46236657623348
146.0,356.32,COC1=C(C=CC(=C1)/C=C/C(=O)O[C@H]2[C@@H]([C@H]([C@@H]([C@H](O2)CO)O)O)O)O,-0.3,469.0,25,6,182.0497420504333,286.6146667378724
39.4,166.17,CCOC(=O)/C=C/C1=CC=CO1,1.9,175.0,12,4,97.0796386512,157.504335172983
46.5,144.17,C=CC(=O)OCCCCO,1.1,109.0,10,6,64.4323201169,136.76800349290508
26.3,98.1,C=CC(=O)OC=C,1.2,94.3,7,3,47.6221840801,98.72519727315273
26.3,271.93,C=CC(=O)OCC(CBr)Br,2.3,125.0,10,5,73.82766060006666,133.57999107828064
46.5,254.28,C1=CC=C(C=C1)COC(=O)/C=C/C2=CC=C(C=C2)O,3.3,297.0,19,5,158.75487148266666,243.28893761508985
26.3,170.25,CCCCCCCOC(=O)C=C,4.0,130.0,12,8,87.4282935013,179.4826150287852
35.5,294.3,CO/C=C(\C1=CC=CC=C1/C=C/C2=CC=CC=C2)/C(=O)OC,4.2,405.0,22,6,204.6282873134,290.70002848435774
26.3,178.23,C=CC(=O)OC[C@@H]1C[C@H]2C[C@@H]1C=C2,2.4,255.0,13,4,88.34455878546667,173.73254142110298
66.8,194.18,COC(=O)/C=C/C1=CC(=C(C=C1)O)O,1.5,224.0,14,3,113.8985652223,171.39130163023074
55.9,186.19,C1=CC=C2C(=C1)C(=CN2)/C=C/C(=O)[O-],2.8,244.0,14,1,153.70868251742002,169.66885011097636
54.0,252.26,COC1=CC(=CC(=C1OC)OC)/C=C/C(=O)OC,2.1,275.0,18,6,158.11693386983333,234.7881455984059
26.3,208.3,C[C@]12CC[C@H](C1(C)C)C[C@@H]2OC(=O)C=C,3.9,306.0,15,3,110.06769003613334,206.6748681329398
39.4,152.15,COC(=O)/C=C/C1=CC=CO1,1.5,163.0,11,3,88.5999036385,141.84487716870612
134.0,374.3,COC(=O)[C@@H](CC1=CC(=C(C=C1)O)O)OC(=O)/C=C/C2=CC(=C(C=C2)O)O,2.7,534.0,27,8,204.13805339166663,316.8476950765063
112.0,484.5,CC(C)(C1=CC=C(C=C1)OCC(COC(=O)C=C)O)C2=CC=C(C=C2)OCC(COC(=O)C=C)O,4.4,619.0,35,16,248.42207445366668,448.82130280391306
69.6,216.17,COC1=C(C=CC(=C1)/C=C/C(=O)[O-])O.[Na+],,230.0,15,3,122.589103131,170.70554243938884
26.3,114.14,CC(=CC(=O)OC)C,1.6,110.0,8,2,58.066926724266665,115.75987841228411
90.6,321.3,C1=CC=C(C=C1)/C=C/COC(=O)/C(=C/C2=CC(=C(C=C2)O)O)/C#N,3.6,525.0,24,6,207.6612447428,296.3107805003128
47.9,351.4,CC[C@H](C)COC(=O)/C=C/C1=CC=C(C=C1)N=CC2=CC=C(C=C2)OC,5.2,458.0,26,9,250.8217743716667,349.4762304399529
102.0,384.4,COC1=C(C=CC(=C1)/C=C/C(=O)COC(=O)/C=C/C2=CC(=C(C=C2)O)OC)O,3.3,571.0,28,9,241.6404830526667,345.2944104956942
52.6,332.4,CCCCOC(=O)C=C.CC(=C)C(=O)OC.C=CC1=CC=CC=C1,,260.0,24,8,185.058956106,183.34869207362547
71.1,258.269,C=CC(=O)OCCOCCOCCOC(=O)C=C,0.9,246.0,18,13,114.35663959093334,237.48606114224538
29.5,131.17,CC(=O)OCCN(C)C,0.2,91.1,9,4,58.0993029817,130.1801565286156
55.8,284.31,COC1=C(C=CC(=C1)/C=C/C(=O)OCC2=CC=CC=C2)O,3.3,347.0,21,6,179.9939014886667,267.30536137558926
137.0,326.3,C1=CC(=CC=C1/C=C/C(=O)O[C@H]2[C@@H]([C@H]([C@@H]([C@H](O2)CO)O)O)O)O,0.1,418.0,23,5,167.1553024476,261.87502084604256
35.5,206.24,CC(=C)C(=O)OCCOC1=CC=CC=C1,2.7,217.0,15,6,108.24951363676666,202.13180981043718
40.1,71.05,C=CC(=O)[O-],1.0,50.4,5,0,31.668926966,65.15333552658956
35.5,130.139,COCCOC(=O)C=C,0.3,98.5,9,5,56.57110048726667,124.52533316812608
26.3,418.15,C=CC(=O)OCCC(C(C(C(C(C(F)(F)F)(F)F)(F)F)(F)F)(F)F)(F)F,5.5,535.0,26,9,100.33538139726666,261.36353378816324
35.5,156.18,C=CC(=O)OCC1CCCO1,1.1,153.0,11,4,71.66245758849999,146.2051623482763
46.5,394.5,CC1=CC(=C(C(=C1)C(C)(C)C)O)CC2=C(C(=CC(=C2)C)C(C)(C)C)OC(=O)C=C,7.9,568.0,29,7,238.45424439866667,397.4105523807501
26.3,240.38,CCCCCCCCCCCCOC(=O)C=C,6.2,187.0,17,13,129.69279850466668,257.8355786208179
46.5,116.11,COC(=O)C(=C)CO,-0.2,106.0,8,3,48.63816674226666,105.1277337437423
35.5,172.22,CCCCOCCOC(=O)C=C,1.8,132.0,12,8,82.06866281263332,171.83007512711276
35.5,248.32,C=CC(=O)OCCOC1CC2CC1C3C2C=CC3,2.6,374.0,18,6,124.8242243852,235.4404079391701
26.3,162.18,C=CC(=O)OCC1=CC=CC=C1,2.6,157.0,12,4,83.99401132433333,161.81816365786293
26.3,179.01,COC(=O)C(=C)CBr,1.3,109.0,8,3,55.3619326518,108.90482171227438
26.3,196.29,CC1CC(CC(C1)(C)C)OC(=O)C=C,3.8,231.0,14,3,102.98544849636669,199.88001061805844
26.3,142.2,CCCCCOC(=O)C=C,2.9,108.0,10,6,71.226349637,147.91493683452225
65.9,240.26,CCOC(=O)/C(=C/C1=CNC2=CC=CC=C21)/C#N,2.6,394.0,18,4,150.8202107722333,224.0187927877945
66.0,288.3,C1=CC=C(C=C1)N2C=C(C3=CC=CC=C32)/C=C(\C#N)/C(=O)O,3.5,499.0,22,3,202.016804186,268.0966217071817
26.3,112.13,C=CCOC(=O)C=C,1.4,105.0,8,4,54.5097987883,114.4906052400462
26.3,208.3,CC1(C2CCC1(C(C2)OC(=O)C=C)C)C,3.9,306.0,15,3,110.06822613816666,207.22886091991396
26.3,179.01,C=CC(=O)OCCBr,1.2,90.4,8,4,55.6099895395,109.16375337715624
55.8,602.9,C[C@@H](CCC=C(C)C)[C@H]1CC[C@@]2([C@@]1(CCC34C2CCC5[C@@]3(C4)CC[C@@H](C5(C)C)OC(=O)/C=C/C6=CC(=C(C=C6)O)OC)C)C,12.1,1150.0,44,9,371.5307566183333,596.9801650216165
107.0,167.03,C=C(C(=O)[O-])OP(=O)(O)O,-0.4,196.0,10,2,67.12808692136667,106.00467599670738
26.3,204.26,C=CC(=O)OC1C[C@H]2C[C@@H]1[C@@H]3[C@H]2C=CC3,2.8,331.0,15,3,105.93663911560002,195.52510273611284
26.3,208.3,C[C@@]12CC[C@@H](C1(C)C)C[C@H]2OC(=O)C=C,3.9,306.0,15,3,107.56108885593332,207.54053570815208
52.3,191.23,CCOC(=O)/C=C/C1=CC=C(C=C1)N,2.3,205.0,14,4,125.95715446720004,184.19714405785237
66.8,270.28,C1=CC=C(C=C1)COC(=O)/C=C/C2=CC(=C(C=C2)O)O,3.1,333.0,20,5,163.65499216700002,248.17658904078593
46.5,192.21,CCOC(=O)/C=C/C1=CC=C(C=C1)O,2.6,203.0,14,4,118.9544189997,182.1476657913745
63.7,394.2,CCOC(=O)/C(=C/C1=C(C=CC(=C1)N2C(=O)C3=C(C2=O)CCCC3)Cl)/Cl,4.5,657.0,26,5,217.85363735766668,335.4553788402277
266.0,640.6,C1=CC(=C(C=C1CCO[C@H]2[C@@H]([C@H]([C@@H]([C@H](O2)CO)OC(=O)/C=C/C3=CC(=C(C=C3)O)O)O[C@H]4[C@@H]([C@H]([C@@H]([C@H](O4)CO)O)O)O)O)O)O,-1.0,953.0,45,12,305.3903627336667,503.30392313854423
389.0,821.6,CC(C)(COP(=O)(O)OP(=O)(O)OC[C@@H]1[C@H]([C@H]([C@@H](O1)N2C=NC3=C(N=CN=C32)N)O)OP(=O)(O)O)[C@H](C(=O)NCCC(=O)NCCSC(=O)C=C)O,-5.0,1430.0,52,21,333.5185133393333,587.2747628988833
90.3,392.9,CC(C)(C1=CC=C(C=C1)O)C2=CC=C(C=C2)O.C=CC(=O)O.C1C(O1)CCl,,303.0,27,4,211.70350599333327,237.72931285209867
63.6,186.2,CCOC(=O)C=C.CC(=C)C(=O)O,,160.0,13,4,95.93538752463331,121.84865312242049
41.1,89.09,C=CC(=O)[O-].[NH4+],,50.4,6,0,29.221101369733333,65.16115288834064
65.0,238.24,COC1=CC(=CC(=C1O)OC)/C=C/C(=O)OC,1.8,262.0,17,5,143.047861413,215.2495301813469
113.0,358.3,COC1=C(C=C(C=C1)/C=C/C(=O)OCC(=O)CC2=CC(=C(C=C2)O)O)O,2.5,504.0,26,8,207.937171442,311.3955411222807
71.1,300.35,CC(COCC(C)OC(=O)C=C)OCC(C)OC(=O)C=C,2.2,352.0,21,13,137.862747198,284.75478153604473
245.0,624.6,C[C@H]1[C@@H]([C@H]([C@H]([C@@H](O1)OC[C@@H]2[C@H]([C@@H]([C@H]([C@@H](O2)OCCC3=CC(=C(C=C3)O)O)O)O)OC(=O)/C=C/C4=CC(=C(C=C4)O)O)O)O)O,-0.5,936.0,44,11,295.957501759,498.06338300604193
155.0,386.3,COC1=CC(=CC(=C1O)OC)/C=C/C(=O)O[C@H]2[C@@H]([C@H]([C@@H]([C@H](O2)CO)O)O)O,-0.3,498.0,27,7,200.2988254153333,310.76597210077534
66.8,284.31,C1=CC(=CC=C1CCOC(=O)/C=C/C2=CC=C(C=C2)O)O,3.4,337.0,21,6,169.38735723953334,263.67200001508843
197.0,538.5,COC1=C(C=C(C=C1)/C=C/C(=O)O[C@H]2[C@@H]3C=CO[C@H]([C@@H]3[C@@]4([C@H]2O4)CO)O[C@H]5[C@@H]([C@H]([C@@H]([C@H](O5)CO)O)O)O)O,-0.9,912.0,38,9,263.940342913,429.78021793715027
213.0,594.5,C1=CC(=CC=C1/C=C\C(=O)OC[C@@H]2[C@H]([C@@H]([C@H]([C@@H](O2)OC3=C(OC4=CC(=CC(=C4C3=O)O)O)C5=CC=C(C=C5)O)O)O)O)O,2.5,1040.0,43,8,311.35742982966667,478.15310297691445
107.0,382.4,CCCN1C2=C(C(=O)N(C1=O)CCC)NC(=N2)C3=CC=C(C=C3)/C=C/C(=O)O,3.9,630.0,28,7,267.70425129903333,339.0495422241918
107.0,316.3,C1=CC(=C(C=C1CCOC(=O)/C=C/C2=CC(=C(C=C2)O)O)O)O,3.5,410.0,23,6,176.63482125363336,273.11144176983794
80.4,143.14,C=CC(=O)N.C=CC(=O)O,,114.0,10,2,58.4684152642,91.74318747350137
66.8,432.6,CCCCCCCCCCCCCCCCCCOC(=O)/C=C/C1=CC(=C(C=C1)O)O,11.1,449.0,31,20,253.22513932366667,438.9039336292243
54.6,366.5,CO/C=C(\[C@H]1C[C@H]2C3=C(CCN2C[C@@H]1C=C)C4=CC=CC=C4N3)/C(=O)OC,3.2,604.0,27,5,215.1111863083333,345.1536255298736
26.3,518.169,C=CC(=O)OCCC(C(C(C(C(C(C(C(F)(F)F)(F)F)(F)F)(F)F)(F)F)(F)F)(F)F)(F)F,6.9,706.0,32,11,119.054572733,313.67381999302887
26.3,618.18,C=CC(=O)OCCC(C(C(C(C(C(C(C(C(C(F)(F)F)(F)F)(F)F)(F)F)(F)F)(F)F)(F)F)(F)F)(F)F)(F)F,8.2,884.0,38,13,141.365586811,364.9635537749874
26.3,324.5,CCCCCCCCCCCCCCCCCCOC(=O)C=C,9.4,261.0,23,19,179.589403579,351.7942291563094
55.8,160.17,C=CC(=O)OCCOCCO,-0.4,122.0,11,7,67.85920746393333,144.9728901051036
26.3,296.5,CCCCCCCCCCCCCCCCOC(=O)C=C,8.3,236.0,21,17,161.40566981433332,320.60794163675905
26.3,222.08,C=CC(=O)OC(C(F)(F)F)C(F)(F)F,3.0,214.0,14,3,54.84539078519999,147.147189008442
72.1,625.3,CCN(CCOC(=O)C=C)S(=O)(=O)C(C(C(C(C(C(C(C(F)(F)F)(F)F)(F)F)(F)F)(F)F)(F)F)(F)F)(F)F,6.3,984.0,38,14,173.20447843033332,388.4889027169175
26.3,318.14,C=CC(=O)OCCC(C(C(C(F)(F)F)(F)F)(F)F)(F)F,4.2,372.0,20,7,83.68388302479998,209.236610285082
26.3,454.13,C=CC(=O)OCC(C(C(C(C(C(C(F)(F)F)(F)F)(F)F)(F)F)(F)F)(F)F)(F)F,5.8,604.0,28,9,103.94929027933334,271.33833144686383
26.3,286.12,C=CC(=O)OCC(C(C(C(F)F)(F)F)(F)F)(F)F,3.6,325.0,18,7,74.70897102313334,188.66452591144287
26.3,110.11,C=CC(=O)OCC#C,0.8,138.0,8,3,51.4274721652,112.99043152942048
26.3,204.09,C=CC(=O)OCC(C(F)(F)F)(F)F,2.5,208.0,13,4,55.95449910213333,142.29078444191634
26.3,254.1,C=CC(=O)OCC(C(C(F)(F)F)(F)F)(F)F,3.2,281.0,16,5,64.95516508766667,167.91101054149016
85.3,211.17,CCOC(=O)/C=C/C1=CC=C(O1)[N+](=O)[O-],2.1,270.0,15,4,117.2193147194,177.13922597640615
26.3,556.7,C=CC(=O)OCC1=C(C(=C(C(=C1Br)Br)Br)Br)Br,5.7,282.0,17,4,158.27739344826668,204.62873968507864
26.3,268.4,CCCCCCCCCCCCCCOC(=O)C=C,7.3,211.0,19,15,145.5953106006667,289.3132295852055
53.3,154.17,CN(C)/C=C(\C#N)/C(=O)OC,0.4,222.0,11,3,79.05952098153334,148.0428693985739
52.6,228.28,CCCCOC(=O)C=C.CC(=C)C(=O)OC,,191.0,16,7,113.03324650866666,157.59140720256326
64.599,215.25,CCCCNC(=O)OCCOC(=O)C=C,1.7,216.0,15,9,96.34690541463334,201.85302939723914
95.9,246.22,CCOC(=O)/C(=C/C1=CC(=CC=C1)[N+](=O)[O-])/C#N,2.2,402.0,18,4,137.946689263,216.22432678941755
38.3,89.09,C=CC(=O)O.N,,55.9,6,1,33.49383116093333,65.21449045954044
78.9,312.36,CC(C)(COC(=O)C=C)COC(=O)C(C)(C)COC(=O)C=C,3.1,448.0,22,12,146.61190524333333,295.20168268320475
66.8,236.26,CCCCOC(=O)/C=C/C1=CC(=C(C=C1)O)O,3.5,262.0,17,6,141.09089974076667,218.46304969980307
86.2,302.28,CO/C=C(\C1=CC=CC=C1OC2=CC(=O)NC=N2)/C(=O)OC,1.1,524.0,22,6,154.70223792,265.90785295802704
70.3,217.22,CCOC(=O)/C(=C/C1=CC=C(C=C1)O)/C#N,2.1,318.0,16,4,133.41675698123333,201.36785907968553
65.9,226.23,COC(=O)/C(=C/C1=CNC2=CC=CC=C21)/C#N,2.3,380.0,17,3,141.14162043573333,209.08085971627128
26.3,198.3,CCCCCCCCCOC(=O)C=C,4.5,152.0,14,10,104.338738228,210.71992885127275
26.3,142.2,CC(C)(C)COC(=O)C=C,2.7,131.0,10,4,70.03931703173333,147.23256799607552
39.4,180.2,CCCOC(=O)/C=C/C1=CC=CO1,2.2,187.0,13,5,105.52235505143334,173.168119701872
52.6,200.23,CCOC(=O)C=C.CC(=C)C(=O)OC,,170.0,14,5,104.04394207696669,131.80001299128975
71.1,740.1,CC(C)(C1=CC(=C(C(=C1)Br)OCCOC(=O)C=C)Br)C2=CC(=C(C(=C2)Br)OCCOC(=O)C=C)Br,8.4,651.0,35,14,283.8306488453333,440.71901628995323
26.3,288.4,CCCCC(CC)COC(=O)C=C.C=CC1=CC=CC=C1,,220.0,21,9,180.53765661866663,220.3304552171643
66.8,222.24,CCCOC(=O)/C=C/C1=CC(=C(C=C1)O)O,3.2,249.0,16,5,132.49076438580002,202.56169002501431
39.2,163.17,COC(=O)/C=C/C1=CC=NC=C1,1.1,171.0,12,3,94.51377029083336,156.86840162905693
46.5,548.8,CCC(C)(C)C1=CC(=C(C(=C1)C(C)(C)CC)O)C(C)C2=C(C(=CC(=C2)C(C)(C)CC)C(C)(C)CC)OC(=O)C=C,13.0,836.0,40,13,327.42988900233337,568.7649615078552
26.3,176.21,C=CC(=O)OCCC1=CC=CC=C1,2.9,169.0,13,5,92.3046826439,177.72347900101522
46.5,178.18,COC(=O)/C=C/C1=CC(=CC=C1)O,2.1,198.0,13,3,105.0340098342,166.54653842311367
44.8,206.19,COC(=O)/C=C/C1=CC2=C(C=C1)OCO2,2.4,261.0,15,3,125.1776111485,184.62231561544382
26.3,210.65,CCOC(=O)/C=C/C1=CC=C(C=C1)Cl,3.6,205.0,14,4,124.3085140352,195.5114967215138
44.8,222.24,COC1=C(C=C(C=C1)/C=C/C(=O)OC)OC,2.2,249.0,16,5,140.05920295500002,210.75332348980874
26.3,232.32,CCCCOC(=O)C=C.C=CC1=CC=CC=C1,,165.0,17,6,130.66474840553337,166.80102807575003
55.8,586.9,CCCCCCCCCCCCCCCCCCCCCCCCCCCCOC(=O)/C=C/C1=CC(=C(C=C1)O)OC,16.1,604.0,42,31,354.565065675,615.172015024775
55.8,298.3,COC1=C(C=CC(=C1)/C=C/C(=O)OCCC2=CC=CC=C2)O,3.8,360.0,22,7,189.720232785,283.6727897843618
66.8,292.4,CCCCCCCCOC(=O)/C=C/C1=CC(=C(C=C1)O)O,5.7,314.0,21,10,171.3046252736667,281.5915502560178
49.8,496.6,CN(C)C1=CC=C(C=C1)C2=CC=C(C=C2)CN(C3=CC=CC(=C3)/C=C/C(=O)OC)C(=O)C4CCCCC4,6.9,743.0,37,9,339.036773871,490.8139307361672
46.5,178.18,COC(=O)C=CC1=CC=C(C=C1)O,2.3,190.0,13,3,99.6866912021,166.1189282295934
46.5,268.31,C1=CC=C(C=C1)CCOC(=O)/C=C/C2=CC=C(C=C2)O,4.2,310.0,20,6,167.29858191866666,259.1461516198515
63.6,304.4,CCCCOC(=O)C=C.C=CC1=CC=CC=C1.C=CC(=O)O,,221.0,22,7,150.66722461433332,182.67899832526805
55.8,474.7,CCCCCCCCCCCCCCCCCCCCOC(=O)/C=C/C1=CC(=C(C=C1)O)OC,11.8,490.0,34,23,288.6728453583333,489.5797157280922
87.0,238.24,C1=CC(=CC=C1/C=C/C(=O)OCC(CO)O)O,0.5,256.0,17,6,132.993068506,207.61440995430922
245.0,624.6,C[C@H]1[C@@H]([C@H]([C@H]([C@@H](O1)O[C@H]2[C@@H]([C@H](O[C@H]([C@@H]2O)OCCC3=CC(=C(C=C3)O)O)COC(=O)/C=C/C4=CC(=C(C=C4)O)O)O)O)O)O,-0.5,936.0,44,11,305.58686627366666,498.48431847882017
26.3,162.18,COC(=O)C(=C)C1=CC=CC=C1,2.3,178.0,12,3,89.99180642766667,161.4936029910711
89.9,314.37,CCCCOC(=O)C=C.CC(=C)C(=O)O.CC(=C)C(=O)OC,,275.0,22,8,157.74053259833332,177.0489871783553
304.0,756.7,C[C@H]1[C@@H]([C@H]([C@H]([C@@H](O1)O[C@@H]2[C@H]([C@@H](O[C@@H]([C@H]2OC(=O)/C=C/C3=CC(=C(C=C3)O)O)CO[C@H]4[C@@H]([C@](CO4)(CO)O)O)OCCC5=CC(=C(C=C5)O)O)O)O)O)O,-1.7,1190.0,53,14,349.65943429333333,
43.4,204.22,CCOC(=O)/C=C/C(=O)C1=CC=CC=C1,2.2,250.0,15,5,115.65429823836666,196.37787132809066
208.0,524.5,C1=CO[C@H]([C@H]2[C@@H]1[C@@H]([C@H]3[C@@]2(O3)CO)OC(=O)/C=C/C4=CC(=C(C=C4)O)O)O[C@H]5[C@@H]([C@H]([C@@H]([C@H](O5)CO)O)O)O,-1.3,896.0,37,8,261.961991726,410.72760869071345
200.0,530.5,COC(=O)C1(C[C@H](C([C@@H](C1)OC(=O)/C=C/C2=CC(=C(C=C2)O)O)O)OC(=O)/C=C/C3=CC(=C(C=C3)O)O)O,1.9,841.0,38,10,297.52822248,436.9126783848493
89.2,263.25,CCOC(=O)/C(=C/C1=CC(=CC=C1)[N+](=O)[O-])/C(=O)C,2.2,396.0,19,5,143.10093011893335,231.52141351954825
89.9,286.32,CCOC(=O)C=C.CC(=C)C(=O)O.CC(=C)C(=O)OC,,254.0,20,6,137.989856385,144.84047505400272
55.8,250.29,CCCCOC(=O)/C=C/C1=CC(=C(C=C1)O)OC,3.1,275.0,18,7,152.0437476644,238.35964817943906
126.0,519.6,COC1=CC(=CC(=C1)/C=C(\C2=CC=C(C=C2)OC3=CC=C(C=C3)CC4C(=O)NC(=O)S4)/C(=O)OC)OC,5.4,820.0,37,10,299.86566547033334,459.7081233852893
46.5,178.18,COC(=O)/C=C/C1=CC=CC=C1O,1.8,198.0,13,3,106.39273532056666,166.66387509177207
80.6,179.15,C1=CC(=C(C=C1/C=C/C(=O)O)O)[O-],1.8,212.0,13,2,116.51380730736666,151.07314587256622
89.9,370.5,CCCCC(CC)COC(=O)C=C.CC(=C)C(=O)O.CC(=C)C(=O)OC,,330.0,26,11,190.15220060866667,231.2810625406218
119.0,315.3,C1=CSC(=C1)CCOC(=O)/C(=C/C2=CC(=C(C=C2)O)O)/C#N,3.1,470.0,22,6,184.89861341066668,272.8265847954667
46.5,246.3,CC(=CCC1=C(C=CC(=C1)/C=C/C(=O)OC)O)C,3.8,327.0,18,5,161.29814771943333,242.15556790419163
50.1,219.21,CCOC(=O)/C(=C/C1=CC(=CC=C1)F)/C#N,2.5,329.0,16,4,123.2446505998,200.94236027487904
63.7,197.19,CC1CC(=O)N(C1=O)C(=C)C(=O)OC,0.3,321.0,14,3,89.54313145973333,173.24374171479155
68.6,261.269,CCOC(=O)/C(=C/C1=CC(=C(C=C1)OC)OC)/C#N,2.1,382.0,19,6,165.41019764666666,245.13142383743497
26.3,236.11,C=CC(=O)OCC(C(C(F)(F)F)F)(F)F,2.9,246.0,15,5,63.58767781263333,162.9266905669059
26.3,380.6,CCCCCCCCCCCCCCCCCCCCCCOC(=O)C=C,11.6,311.0,27,23,211.99826481866668,415.7593209170819
26.3,193.04,CCOC(=O)C(=C)CBr,1.6,120.0,9,4,65.94838740120001,124.67652115503847
46.5,130.139,CCOC(=O)C(=C)CO,0.2,118.0,9,4,56.84712255266667,121.05864810809844
26.3,386.13,C=CC(=O)OCC(C(C(C(C(C(F)F)(F)F)(F)F)(F)F)(F)F)(F)F,4.9,484.0,24,9,93.9998061134,241.01901089768722
50.1,215.25,CCOC(=O)/C(=C/C1=CC=C(C=C1)C)/C#N,2.8,316.0,16,4,138.36531505166667,211.83332269736513
95.9,246.22,CCOC(=O)/C(=C/C1=CC=C(C=C1)[N+](=O)[O-])/C#N,2.3,394.0,18,4,142.23385798016668,216.69807317865147
44.8,220.22,CCOC(=O)/C=C/C1=CC2=C(C=C1)OCO2,2.7,274.0,16,4,134.50182692933333,200.98718810304428
26.3,240.08,C=CC(=O)OC(C(F)(F)F)(C(F)(F)F)F,3.3,250.0,15,3,54.84407939319999,152.2436885963592
26.3,210.31,CC(C)(C)C1CCC(CC1)OC(=O)C=C,4.0,229.0,15,4,112.390054157,215.4640321323408
91.9,232.3,C=CC(=O)OCCCS(=O)(=O)[O-].[K+],,253.0,13,6,100.0805434949,151.06538812170263
53.3,244.29,CCOC(=O)/C(=C/C1=CC=C(C=C1)N(C)C)/C#N,2.6,357.0,18,5,173.67564466219997,240.22674875932086
39.2,177.2,CCOC(=O)/C=C/C1=CN=CC=C1,1.5,189.0,13,4,105.4167201452,172.91045838224483
35.5,268.31,C=CC(=O)OCCOC1=CC=CC=C1C2=CC=CC=C2,4.0,307.0,20,7,158.22683211433332,262.7471660450383
53.3,168.19,CCOC(=O)/C(=C\N(C)C)/C#N,0.8,235.0,12,4,88.6782489559,163.87024935143347
59.3,231.25,CCOC(=O)/C(=C/C1=CC=C(C=C1)OC)/C#N,2.4,332.0,17,5,148.438965424,220.8422244440519
26.3,148.16,C=CC(=O)OC1=CC=CC=C1,2.1,146.0,11,3,79.2240683362,146.56852836603318
26.3,241.08,COC(=O)/C=C/C1=CC=C(C=C1)Br,3.3,193.0,13,3,120.019269835,170.06418608456255
26.3,186.1,C=CC(=O)OCC(C(F)F)(F)F,2.2,178.0,12,5,55.59127992793333,137.1222524913005
46.5,348.16,C=CC(=O)OCC(CC(C(C(C(F)(F)F)(F)F)(F)F)(F)F)O,3.6,416.0,22,8,91.65335440443334,230.901806800892
29.5,157.21,CN(C)CCCOC(=O)C=C,1.5,132.0,11,6,73.53479700933333,159.92726017572912
26.3,718.19,C=CC(=O)OCCC(C(C(C(C(C(C(C(C(C(C(C(F)(F)F)(F)F)(F)F)(F)F)(F)F)(F)F)(F)F)(F)F)(F)F)(F)F)(F)F)(F)F,9.6,1070.0,44,15,160.06482702733334,416.7231753263735
26.3,486.15,C=CC(=O)OCC(C(C(C(C(C(C(C(F)F)(F)F)(F)F)(F)F)(F)F)(F)F)(F)F)(F)F,6.3,653.0,30,11,113.61627656296668,292.4577919331349
26.3,404.12,C=CC(=O)OCC(C(C(C(C(C(F)(F)F)(F)F)(F)F)(F)F)(F)F)(F)F,5.2,519.0,25,8,92.6841247018,245.86684084102876
26.3,468.16,C=CC(=O)OCCC(C(C(C(C(C(F)(F)F)(C(F)(F)F)F)(F)F)(F)F)(F)F)(F)F,6.2,602.0,29,9,110.91935961836668,286.754902037166
26.3,818.2,C=CC(=O)OCCC(C(C(C(C(C(C(C(C(C(C(C(C(C(F)(F)F)(F)F)(F)F)(F)F)(F)F)(F)F)(F)F)(F)F)(F)F)(F)F)(F)F)(F)F)(F)F)(F)F,10.9,1260.0,50,17,177.97518894333334,468.5638811757869
72.1,207.18,COC(=O)/C=C/C1=CC=CC=C1[N+](=O)[O-],1.8,269.0,15,3,111.05299485573336,181.12065350261622
46.5,448.18,C=CC(=O)OCC(CC(C(C(C(C(C(F)(F)F)(F)F)(F)F)(F)F)(F)F)(F)F)O,4.9,582.0,28,10,108.978105164,282.08685431307566
101.0,203.3,COC(=O)C(=C(SC)SC)C#N,1.5,245.0,12,4,100.69653358833334,174.69737839505754
55.0,152.15,COC(=O)/C=C/C1=CN=CN1,0.4,168.0,11,3,85.51059050616665,137.64370045046402
40.1,110.15,C=CC(=O)[O-].[K+],,59.8,6,1,47.70654804469999,65.15824512322226
26.3,384.85,C=CC(=O)OC1=C(C=C(C=C1Br)Br)Br,4.3,220.0,14,3,119.64974940366665,171.35229456023663
26.3,241.08,COC(=O)/C=C/C1=CC(=CC=C1)Br,2.9,201.0,13,3,115.03868839583332,170.086739940479
50.1,251.28,CCOC(=O)/C(=C/C1=CC=CC2=CC=CC=C21)/C#N,3.7,404.0,19,4,159.354899346,243.08608542604418
50.1,219.21,CCOC(=O)/C(=C/C1=CC=C(C=C1)F)/C#N,2.5,321.0,16,4,126.12793660636665,201.2083191120717
46.5,548.19,C=CC(=O)OCC(CC(C(C(C(C(C(C(C(F)(F)F)(F)F)(F)F)(F)F)(F)F)(F)F)(F)F)(F)F)O,6.3,755.0,34,12,131.38493449233331,333.5182170037181
46.5,598.2,C=CC(=O)OCC(CC(C(C(C(C(C(C(C(F)(F)F)(C(F)(F)F)F)(F)F)(F)F)(F)F)(F)F)(F)F)(F)F)O,6.9,827.0,37,12,138.85532852133335,359.2777315551773
26.3,568.17,C=CC(=O)OCCC(C(C(C(C(C(C(C(F)(F)F)(C(F)(F)F)F)(F)F)(F)F)(F)F)(F)F)(F)F)(F)F,7.5,776.0,35,11,129.84967661633334,339.44831231208474
26.3,269.77,C[N+](C)(CCOC(=O)C=C)CC1=CC=CC=C1.[Cl-],,255.0,18,7,136.42237818266668,236.90517837052118
46.5,398.17,C=CC(=O)OCC(CC(C(C(C(F)(F)F)(C(F)(F)F)F)(F)F)(F)F)O,4.2,481.0,25,8,101.86593720096666,256.06525582229705
46.5,240.68,CCOC(=O)C(=C)C(C1=CC=CC=C1Cl)O,2.5,265.0,16,5,115.5909332076,215.03050574382513
46.5,178.18,COC(=O)/C=C\C1=CC=C(C=C1)O,2.3,190.0,13,3,99.8172895185,165.54646878550926
35.5,206.24,CCOC(=O)/C=C/C1=CC(=CC=C1)OC,2.8,223.0,15,5,125.67846655066668,202.09003594056773
26.3,208.3,C[C@]12CC[C@H](C1(C)C)CC2OC(=O)C=C,3.9,306.0,15,3,107.71198722926664,207.05390094503727
89.9,264.23,C=CC(=O)OCCOC(=O)C1=CC=CC=C1C(=O)O,1.6,362.0,19,8,121.12885188090002,229.47373089225093
43.4,252.26,C=CC(=O)OC1=CC=C(C=C1)C(=O)C2=CC=CC=C2,3.6,334.0,19,5,154.87881129493334,241.96578668709594
72.8,312.3,C=CC(=O)OCCOC1=CC(=C(C=C1)C(=O)C2=CC=CC=C2)O,3.9,414.0,23,8,175.011858212,286.4820722759182
26.3,554.15,C=CC(=O)OCC(C(C(C(C(C(C(C(C(F)(F)F)(F)F)(F)F)(F)F)(F)F)(F)F)(F)F)(F)F)(F)F,7.2,778.0,34,11,121.357497777,323.2340866771232
26.3,504.14,C=CC(=O)OCC(C(C(C(C(C(C(C(F)(F)F)(F)F)(F)F)(F)F)(F)F)(F)F)(F)F)(F)F,6.5,690.0,31,10,111.74929231006666,297.69005356848254
26.3,260.399,CCOC(=O)/C=C/C1=C(C=C(C=C1)C(C)C)C(C)C,4.8,304.0,19,6,171.64913669013333,271.00499537206167
103.0,366.4,CC1=CC=C(C=C1)C2=C(N(C3=NC=NC(=C23)N)CCCO)/C=C/C(=O)OC,2.2,521.0,27,7,238.55197570733333,332.29879573001233
135.0,382.4,CN(C1CCS(=O)(=O)C1)C(=O)COC(=O)/C=C/C2=CC(=CC=C2)[N+](=O)[O-],1.1,678.0,26,6,195.197522605,312.21896588745835
26.3,868.2,C=CC(=O)OCCC(C(C(C(C(C(C(C(C(C(C(C(C(C(F)(F)F)(C(F)(F)F)F)(F)F)(F)F)(F)F)(F)F)(F)F)(F)F)(F)F)(F)F)(F)F)(F)F)(F)F)(F)F,11.6,1330.0,53,17,192.27447283766665,494.1413988476732
46.5,164.59,C=CC(=O)OCC(CCl)O,0.6,124.0,10,5,62.87131437493334,139.27851605203043
77.8,148.16,CC(CO)O.C=CC(=O)O,,76.8,10,2,64.3057734112,84.30204743611043
52.3,191.23,CCOC(=O)C=CC1=CC=C(C=C1)N,2.3,205.0,14,4,114.00289015866667,183.95283532066838
63.6,276.33,CCOC(=O)C=C.C=CC1=CC=CC=C1.C=CC(=O)O,,200.0,20,5,142.415084135,149.48879562826937
112.0,456.5,C=CC(=O)OCC(COC1=CC=C(C=C1)CC2=CC=C(C=C2)OCC(COC(=O)C=C)O)O,3.5,554.0,33,16,235.091079189,418.0395011550423
44.8,200.23,CCC1(COCOC1)COC(=O)C=C,1.3,206.0,14,5,90.89354332956668,185.0961827283686
65.099,497.6,COC(=O)/C=C/C1=CC(=CC=C1)N(CC2=CC=C(C=C2)C3=CC4=C(C=C3)OCO4)C(=O)C5CCCCC5,6.6,785.0,37,8,316.80030334966665,469.5382638421141
52.6,186.2,CC(=C)C(=O)OC.COC(=O)C=C,,160.0,13,4,82.70105503913334,109.91225655106979
64.4,450.4,CCC(C)C1=NC=C(N1C2=CC=C(C=C2)C(C(F)(F)F)(C(F)(F)F)O)/C=C/C(=O)OC,4.7,630.0,31,7,207.18348476333333,362.2082039901505
26.3,586.16,C=CC(=O)OC(C(C(C(C(C(C(C(C(C(CF)(F)F)(F)F)(F)F)(F)F)(F)F)(F)F)(F)F)(F)F)(F)F)F,7.6,830.0,36,13,131.25967201733332,344.0202247190076
46.5,798.2,C=CC(=O)OCC(CC(C(C(C(C(C(C(C(C(C(C(C(F)(F)F)(C(F)(F)F)F)(F)F)(F)F)(F)F)(F)F)(F)F)(F)F)(F)F)(F)F)(F)F)(F)F)O,9.6,1200.0,49,16,175.84198927966668,463.7430654052324
26.3,768.2,C=CC(=O)OCCC(C(C(C(C(C(C(C(C(C(C(C(F)(F)F)(C(F)(F)F)F)(F)F)(F)F)(F)F)(F)F)(F)F)(F)F)(F)F)(F)F)(F)F)(F)F,10.2,1140.0,47,15,169.58716265933333,441.76839734762433
110.0,386.4,CC(C(=O)[C@H]1C[C@@H]1[C@@H]([C@H]2CC=CC(=O)O2)O)OC(=O)/C=C/C3=CC=C(C=C3)O,2.3,660.0,28,8,214.684367574,342.66659156269515
29.5,143.18,CCOC(=O)/C=C/N(C)C,0.8,130.0,10,4,76.6632734397,144.93100947818138
26.3,180.17,COC(=O)/C=C/C1=CC=C(C=C1)F,2.7,193.0,13,3,103.53539377296666,166.57234760663516
26.3,142.2,CC(C)CCOC(=O)C=C,2.8,116.0,10,5,70.74330206,147.71239935103023
26.3,255.11,CCOC(=O)/C=C/C1=CC=C(C=C1)Br,3.7,205.0,14,4,129.29001436,186.02456384245804
44.8,186.2,C=CC(=O)OCCOCCOC=C,1.2,165.0,13,9,85.20132413549999,178.58669455910572
55.4,143.14,CC(=O)NC(=C)C(=O)OC,0.1,174.0,10,3,64.44803167593334,129.6416307689853
72.1,575.29,CCN(CCOC(=O)C=C)S(=O)(=O)C(C(C(C(C(C(C(F)(F)F)(F)F)(F)F)(F)F)(F)F)(F)F)(F)F,5.6,892.0,35,13,163.96145690333333,362.35976148344525
50.1,201.22,CCOC(=O)/C=C/C1=CC=C(C=C1)C#N,2.7,279.0,15,4,130.43301452083332,196.9408951767512
35.5,206.24,CCOC(=O)/C=C/C1=CC=CC=C1OC,2.5,223.0,15,5,126.2950335464,201.58521232161033
72.1,411.24,CN(CCOC(=O)C=C)S(=O)(=O)C(C(C(C(F)(F)F)(F)F)(F)F)(F)F,3.2,609.0,25,9,124.7908732765,268.51749198410016
26.3,196.63,COC(=O)/C=C/C1=CC=C(C=C1)Cl,3.2,193.0,13,3,115.06081137253334,179.6039087956197
39.2,213.23,COC(=O)/C=C/C1=CC2=CC=CC=C2N=C1,2.4,275.0,16,3,145.71630276443332,203.05597953370005
90.6,233.22,CCOC(=O)/C(=C/C1=CC(=C(C=C1)O)O)/C#N,1.7,355.0,17,4,140.25800817956667,205.62771168496698
72.1,425.27,CCN(CCOC(=O)C=C)S(=O)(=O)C(C(C(C(F)(F)F)(F)F)(F)F)(F)F,3.6,625.0,26,10,135.425646734,284.15992941872787
66.8,488.7,CCCCCCCCCCCCCCCCCCCCCCOC(=O)/C=C/C1=CC(=C(C=C1)O)O,13.3,504.0,35,24,289.0858660676667,502.03788139040836
55.8,502.8,CCCCCCCCCCCCCCCCCCCCCCOC(=O)/C=C/C1=CC(=C(C=C1)O)OC,12.8,518.0,36,25,304.958712547,520.2381560674269
35.5,206.24,CCOC1=CC=C(C=C1)/C=C/C(=O)OC,3.0,215.0,15,5,133.33181443733335,201.8970033969518
71.1,326.4,CCC1(COC(OC1)C(C)(C)COC(=O)C=C)COC(=O)C=C,3.0,446.0,23,10,155.16599444533333,305.0338711640476
66.8,222.24,CC(C)OC(=O)/C=C/C1=CC(=C(C=C1)O)O,2.3,260.0,16,4,131.58690691663332,202.81009299187795
26.3,114.14,CCC(=C)C(=O)OC,1.5,105.0,8,3,54.78432323006666,116.24718194626779
66.2,355.31,CC(C)OC(=O)/C=C\N1C=NC(=N1)C2=CC(=CC(=C2)OC)C(F)(F)F,3.4,485.0,25,6,178.99287153433332,298.2685911330251
136.0,278.22,CCOC(=O)/C(=C/C1=CC(=C(C(=C1)O)O)[N+](=O)[O-])/C#N,2.2,460.0,20,4,151.64325591066668,225.70919130472163
66.8,250.29,CCCCCOC(=O)/C=C/C1=CC(=C(C=C1)O)O,4.1,275.0,18,7,149.83864803293332,234.03458219131034
83.2,181.23,C=CC(=O)N.C=CC(=O)[O-].[K+],,118.0,11,2,100.60218033106666,80.39335909195576
60.4,163.15,C1=CC(=CC=C1/C=C/C(=O)O)[O-],2.1,178.0,12,2,112.8294744941,146.32682829337452
72.1,475.28,CCN(CCOC(=O)C=C)S(=O)(=O)C(C(C(C(C(F)(F)F)(F)F)(F)F)(F)F)(F)F,4.3,712.0,29,11,144.79380499833334,310.1999620504986
35.5,206.24,CCOC(=O)/C=C\C1=CC=C(C=C1)OC,3.0,215.0,15,5,120.2891501624,201.54035524554607
26.3,226.01,CCOC(=O)/C=C/I,1.6,98.6,8,3,64.7857578938,109.99801977335943
72.8,214.21,CC(=C)C(=O)OCC(COC(=O)C=C)O,1.1,269.0,15,8,95.67256401656668,194.1554166189115
89.9,426.5,C[C@]12[C@@H](CCC([C@@]1(CC=C([C@@H]2C=O)C=O)O)(C)C)OC(=O)/C=C/C3=CC=C(C=C3)OC,3.3,760.0,31,7,248.4839069933333,393.0507977906847
67.9,382.5,CO/C=C(\[C@H]1C[C@H]2[C@]3(CCN2C[C@@H]1C=C)C4=CC=CC=C4NC3=O)/C(=O)OC,2.1,690.0,28,5,210.96876656133333,352.4205590604197
324.0,786.7,C[C@H]1[C@@H]([C@H]([C@H]([C@@H](O1)O[C@@H]2[C@H]([C@@H](O[C@@H]([C@H]2OC(=O)/C=C/C3=CC(=C(C=C3)O)O)CO)OCCC4=CC(=C(C=C4)O)O)O)O[C@H]5[C@@H]([C@H]([C@H]([C@H](O5)CO)O)O)O)O)O,-2.1,1230.0,55,14,366.0678411106667,
213.0,594.5,C1=CC(=CC=C1/C=C/C(=O)OCC2C(C(C(C(O2)OC3=C(OC4=CC(=CC(=C4C3=O)O)O)C5=CC=C(C=C5)O)O)O)O)O,2.5,1040.0,43,8,337.3713144343333,478.60991407858035
65.0,252.26,CCOC(=O)/C=C/C1=CC(=C(C(=C1)OC)O)OC,2.2,275.0,18,6,151.86497614736666,230.78494747430085
66.8,264.32,CCCCCCOC(=O)/C=C/C1=CC(=C(C=C1)O)O,4.6,288.0,19,8,159.05209274266667,249.79032200264706
69.7,226.23,CCOC(=O)C=C.C=C.C1=CC(=O)OC1=O,,205.0,16,3,94.6016413764,121.13405049642945
89.9,272.29,CC(=C)C(=O)O.CC(=C)C(=O)OC.COC(=O)C=C,,244.0,19,5,140.82878109466668,132.03441750901865
53.3,244.29,CCOC(=O)/C(=C\C1=CC=C(C=C1)N(C)C)/C#N,2.6,357.0,18,5,164.44837386326665,239.86759749527727
85.2,356.4,COC1=C(C=CC(=C1)/C=C/COC(=O)/C=C/C2=CC(=C(C=C2)O)OC)O,3.6,489.0,26,8,233.97949050596665,326.32896373075124
107.0,206.13,C=C(C(=O)O)OP(=O)(O)[O-].[K+],,212.0,11,3,82.156313683,106.09666837177102
225.0,518.5,COC1=C(C=CC(=C1)/C=C/C(=O)O[C@H]2[C@@H]([C@H](O[C@@]2(CO)O[C@@H]3[C@@H]([C@H]([C@@H]([C@H](O3)CO)O)O)O)CO)O)O,-2.0,750.0,36,10,240.84981323,402.09725747291236
85.6,393.4,C=CC(=O)OCCCCCCOC1=CC=C(C=C1)C(=O)OC2=CC=C(C=C2)C#N,4.9,565.0,29,13,230.2375201653333,373.82445892152447
83.1,307.3,CCOC(=O)C(=CNC1=CC2=C(C=C1)OCO2)C(=O)OCC,3.1,416.0,22,8,181.2737212483333,270.36200319835996
54.0,266.29,CCOC(=O)/C=C/C1=C(C=C(C=C1OC)OC)OC,2.5,288.0,19,7,158.9709427649333,250.39806235486748
272.0,740.7,C[C@H]1[C@@H]([C@H]([C@H]([C@@H](O1)OC2=C(OC3=CC(=CC(=C3C2=O)O)O)C4=CC=C(C=C4)O)O[C@H]5[C@@H]([C@H]([C@@H]([C@H](O5)COC(=O)/C=C/C6=CC=C(C=C6)O)O)O)O)O)O,1.4,1320.0,53,10,387.11234948866667,588.8045877090159
46.5,192.21,CCOC(=O)/C=C/C1=CC=CC=C1O,2.2,211.0,14,4,115.38564588113331,182.3935394429884
126.0,340.32,COC(=O)/C=C/C1=CC=C(C=C1)O[C@H]2[C@@H]([C@H]([C@@H]([C@H](O2)CO)O)O)O,0.4,432.0,24,6,180.09813639666666,282.45679190152464
35.5,254.28,C=CC(=O)OCC1=CC(=CC=C1)OC2=CC=CC=C2,4.1,294.0,19,6,146.16810443499998,247.43655598147302
89.9,228.2,CC(=C)C(=O)OCCOC(=O)/C=C\C(=O)O,0.7,328.0,16,8,94.21761964629998,197.47531663839206
59.4,193.2,COC(=O)C(=C)C(C1=CN=CC=C1)O,0.5,227.0,14,4,92.36131491296663,177.279992646059
39.4,202.21,COC(=O)/C=C/C1=CC2=CC=CC=C2O1,2.6,260.0,15,3,138.36713910440002,189.02075359563264
72.1,525.28,CCN(CCOC(=O)C=C)S(=O)(=O)C(C(C(C(C(C(F)(F)F)(F)F)(F)F)(F)F)(F)F)(F)F,4.9,802.0,32,12,153.52344374999998,335.8198773012197
59.3,169.18,CCOC=C(C#N)C(=O)OCC,1.0,224.0,12,5,82.86701706336667,160.48827165232893
66.8,250.29,CC(C)CCOC(=O)/C=C/C1=CC(=C(C=C1)O)O,4.0,286.0,18,6,148.58583333873332,233.8393497553135
72.1,539.31,CN(CCOC(=O)C=C)S(=O)(=O)CCC(C(C(C(C(C(F)(F)F)(F)F)(F)F)(F)F)(F)F)(F)F,4.8,818.0,33,13,160.124256918,351.790952855083
26.3,128.169,CCOC(=O)C=C.C=C,,76.1,9,3,60.65016706716667,105.86784667118465
78.3,146.19,COC(=O)C=C.C(CN)N,,71.9,10,3,65.42387942116666,94.83965020579319
166.0,448.4,C1=CC=C(C(=C1)COC(=O)/C=C/C2=CC(=C(C=C2)O)O)O[C@H]3[C@@H]([C@H]([C@@H]([C@H](O3)CO)O)O)O,0.7,628.0,32,8,232.0418445296667,367.64716157546104
35.5,244.28,CC1(C=CC2=C(O1)C=CC(=C2)/C=C/C(=O)OC)C,3.1,368.0,18,3,169.3689140476,236.07703957456994
77.5,509.6,CCC[C@](C)([C@H]1C[C@@]23C=C[C@@]1([C@H]4[C@@]25CCN([C@@H]3CC6=C5C(=C(C=C6)OCC(=C)C(=O)OC)O4)C)OC)O,3.7,999.0,37,9,270.65881472866664,464.00887687597384
84.0,512.6,COC(=O)C(=C)COC1=C2C3=C(C[C@@H]4[C@]5([C@]3(CCN4CC6CC6)[C@@H](O2)C7=C(C5)C8=CC=CC=C8N7)O)C=C1,3.9,1000.0,38,7,290.1007568453333,460.2415029139248
87.0,280.32,CC(C)C[C@@H](C1=C(C=C(C(=C1)/C=C\C(=O)O)O)OC)O,2.3,339.0,20,6,153.05657915779997,253.7489835078596
46.5,472.7,CCCCCCCCCCCCCCCCCCCCCCOC(=O)/C=C/C1=CC=C(C=C1)O,12.8,465.0,34,24,284.8661233273333,497.8245895012163
26.3,208.3,C[C@@]12CCC(C1(C)C)CC2OC(=O)C=C,3.9,306.0,15,3,107.50439148676666,207.56309880651276
70.4,271.67,C/C(=C(/C(=N)C1=C(C=CC=C1Cl)F)\C(=O)OC)/O,3.3,384.0,18,4,130.1093158441,224.5192011631703
35.5,144.17,CC(=C)C(=O)OCCOC,1.0,129.0,10,5,65.77664042556667,140.2012936125269
167.0,578.6,C=CC(=O)OCC(COCC(COC(=O)C=C)(COC(=O)C=C)COC(=O)C=C)(COC(=O)C=C)COC(=O)C=C,3.2,824.0,41,28,262.55503510566666,522.4927609590349
35.5,220.26,CCCOC(=O)/C=C/C1=CC=C(C=C1)OC,3.1,227.0,16,6,141.98991537953333,217.63272524473115
50.1,139.15,COC(=O)C=C.C=CC#N,,121.0,10,2,77.42549180696666,94.7380613734089
60.4,163.15,C1=CC=C(C(=C1)/C=C\C(=O)O)[O-],2.1,186.0,12,2,101.06997874933332,146.3589434287457
66.8,306.3,C1=CC=C2C=C(C=CC2=C1)OC(=O)/C=C/C3=CC(=C(C=C3)O)O,4.3,433.0,23,4,214.85294884343327,279.48884247403106
76.4,392.4,COC1=C(C=CC(=C1)N(C2=CC=CC=C2)C3=CC=CC=C3)/C=C(\C#N)/C(=O)[O-].[Na+],,585.0,29,6,279.10069711,350.4784683215694
44.8,174.19,COCCOCCOC(=O)C=C,0.4,133.0,12,8,75.45895122283333,163.9752433408652
59.3,349.4,C=CC(=O)OCCCCCCOC1=CC=C(C=C1)C2=CC=C(C=C2)C#N,5.1,465.0,26,11,222.56620001066668,345.46810107577926
26.3,154.09,COC(=O)C(=C)C(F)(F)F,1.6,159.0,10,2,45.9221146901,115.96269564663994
26.3,194.2,CCOC(=O)/C=C/C1=CC=C(C=C1)F,3.1,205.0,14,4,113.55758579296666,182.66800127088092
72.1,653.4,CCCCN(CCOC(=O)C=C)S(=O)(=O)C(C(C(C(C(C(C(C(F)(F)F)(F)F)(F)F)(F)F)(F)F)(F)F)(F)F)(F)F,7.2,1020.0,40,16,187.177291007,418.88237874641356
29.5,143.18,CCOC(=O)C=CN(C)C,0.8,130.0,10,4,76.68912490353334,144.79794482044096
63.2,191.18,CCOC(=O)/C(=C/C1=CC=CO1)/C#N,2.0,287.0,14,4,110.20761932666666,176.88428344772862
29.5,169.22,CCOC(=O)/C=C/N1CCCC1,1.3,171.0,12,4,94.05247613993332,166.48644230268195
72.1,611.27,CN(CCOC(=O)C=C)S(=O)(=O)C(C(C(C(C(C(C(C(F)(F)F)(F)F)(F)F)(F)F)(F)F)(F)F)(F)F)(F)F,5.9,968.0,37,13,162.01277322366667,371.66664381323386
54.5,168.21,COC(=O)/C=C/C1=CC=CS1,2.0,166.0,11,3,98.037129703,152.22563302817994
72.1,221.21,CCOC(=O)/C=C/C1=CC=CC=C1[N+](=O)[O-],2.2,282.0,16,4,121.31827273953331,197.30538932854245
26.3,220.31,CC1(C2CC3CC(C2)CC1C3)OC(=O)C=C,3.3,304.0,16,3,115.61532059096668,211.56778266002783
93.1,196.09,C=CC(=O)OCCOP(=O)(O)O,-1.1,206.0,12,6,67.73812991953334,141.18298304280216
26.3,238.11,C=CC(=O)OC1=C(C(=C(C(=C1F)F)F)F)F,2.8,269.0,16,3,86.3144892456,171.0448355161083
50.1,187.19,COC(=O)/C=C/C1=CC=C(C=C1)C#N,2.3,266.0,14,3,121.10551560829998,181.10507399321855
100.0,368.4,CCN(CCOC(=O)C=C)C1=CC=C(C=C1)N=NC2=CC=C(C=C2)[N+](=O)[O-],4.5,518.0,27,9,225.7546275346667,336.2307892341371
26.3,128.169,CCC(C)OC(=O)C=C,2.3,108.0,9,4,63.07817670706667,132.29986868477735
26.3,194.2,CCOC(=O)/C=C/C1=CC(=CC=C1)F,3.1,213.0,14,4,111.59919885426666,182.53871986205763
51.6,174.26,CCCCOC(=O)/C=C/SC,2.1,132.0,11,6,90.056778239,167.20723383030557
63.7,169.13,C=CC(=O)ON1C(=O)CCC1=O,-0.2,242.0,12,3,72.89689136333334,141.54324906019087
26.3,352.6,CCCCCCCCCCCCCCCCCCCCOC(=O)C=C,10.5,286.0,25,21,196.36872247533333,383.99473614539585
72.1,639.3,CCCN(CCOC(=O)C=C)S(=O)(=O)C(C(C(C(C(C(C(C(F)(F)F)(F)F)(F)F)(F)F)(F)F)(F)F)(F)F)(F)F,6.8,1000.0,39,15,179.90113601533335,403.34094653362496
26.3,198.22,C=CC(=O)OC1=CC2=CC=CC=C2C=C1,3.3,247.0,15,3,122.08071964436664,193.6222668665722
82.1,386.4,C=CC(=O)OC1=CC2=C(C=C1)C3(C4=C(O2)C=C(C=C4)O)C5=CC=CC=C5C(=O)O3,4.1,691.0,29,3,228.63979304633327,336.68879102040063
26.3,252.14,C=CC(=O)OCC1=C(C(=C(C(=C1F)F)F)F)F,2.7,282.0,17,4,92.32287420436666,186.64820105089802
26.3,266.3,CC(C)(C1=CC=CC=C1)C2=CC=C(C=C2)OC(=O)C=C,5.1,331.0,20,5,161.83285912813332,269.18190842761754
26.3,542.6,C=CC(=O)OC1=C(C(=C(C(=C1Br)Br)Br)Br)Br,5.7,269.0,16,3,152.116189392,188.4512506554502
26.3,668.19,C=CC(=O)OCCC(C(C(C(C(C(C(C(C(C(F)(F)F)(C(F)(F)F)F)(F)F)(F)F)(F)F)(F)F)(F)F)(F)F)(F)F)(F)F,8.9,957.0,41,13,146.52931236466665,390.8258567700646
26.3,134.56,COC(=O)C(=C)CCl,1.1,109.0,8,3,52.663053752066666,118.41846924445117
26.3,366.13,C=CC(=O)OCC1(C(C(C(C(C1(F)F)(F)F)(F)F)(F)F)(F)F)F,4.1,495.0,23,4,92.51873340376666,225.21357582403422
26.3,180.17,COC(=O)/C=C/C1=CC(=CC=C1)F,2.3,201.0,13,3,101.58023135,166.97646609107704
61.8,194.12,COC(=O)C(=C)P(=O)(OC)OC,0.0,226.0,12,5,78.91068280496667,158.2587477818825
44.8,536.14,C=CC(=O)OCC(C(F)(F)F)(OC(C(C(F)(F)F)(OC(C(C(F)(F)F)(F)F)(F)F)F)(F)F)F,6.6,723.0,33,10,114.11540845733332,314.4127772454569
29.5,129.16,CN(C)/C=C/C(=O)OC,0.5,118.0,9,3,68.2087103466,129.04945186504088
46.6,479.6,COC(=O)/C=C/C1=CC(=CC=C1)N(CC2=CC=C(C=C2)/C=C/C3=CC=CC=C3)C(=O)C4CCCCC4,7.4,739.0,36,9,341.3370941573333,475.2939765118567
29.5,205.25,CN(C)C1=CC=C(C=C1)/C=C/C(=O)OC,2.7,228.0,15,4,145.74624840133333,205.64709661871285
26.3,224.34,C=CCCCCCCCCCOC(=O)C=C,5.2,197.0,16,12,120.2888004932,240.45616990817763
53.3,272.34,CCN(CC)C1=CC=C(C=C1)/C=C(/C#N)\C(=O)OCC,3.3,383.0,20,7,195.6657607564,272.0076553428114
50.1,181.23,CCCCOC(=O)C=C.C=CC#N,,152.0,13,5,87.79323853223333,139.1559239871281
46.5,222.28,C=CC(=O)OC12CC3CC(C1)CC(C3)(C2)O,2.0,333.0,16,3,109.0238235912,200.78096831288786
26.3,142.2,CCC(C)COC(=O)C=C,2.6,118.0,10,5,70.36230097453333,148.03149270720837
26.3,198.3,CC(CCOC(=O)C=C)CC(C)(C)C,4.1,189.0,14,7,103.48047796643334,210.12141545517977
26.3,224.68,CCOC(=O)C(=C)CC1=CC=CC=C1Cl,3.6,238.0,15,5,113.1129134611,210.88251342693414
26.3,282.5,CCCCCCCCCCCCCCCOC(=O)C=C,7.8,224.0,20,16,152.85918256633337,304.637369999278
46.5,898.2,C=CC(=O)OCC(CC(C(C(C(C(C(C(C(C(C(C(C(C(C(F)(F)F)(C(F)(F)F)F)(F)F)(F)F)(F)F)(F)F)(F)F)(F)F)(F)F)(F)F)(F)F)(F)F)(F)F)(F)F)O,11.0,1390.0,55,18,199.10452762366663,515.4889456536774
35.5,428.9,C=CC(=O)OCCOC1=C(C=C(C=C1Br)Br)Br,4.6,261.0,17,6,136.58938029773333,211.65670106419333
50.1,270.11,CCOC(=O)/C(=C/C1=CC(=C(C=C1)Cl)Cl)/C#N,4.0,359.0,17,4,147.38362652333333,231.2690410794067
26.3,968.2,C=CC(=O)OCCC(C(C(C(C(C(C(C(C(C(C(C(C(C(C(C(F)(F)F)(C(F)(F)F)F)(F)F)(F)F)(F)F)(F)F)(F)F)(F)F)(F)F)(F)F)(F)F)(F)F)(F)F)(F)F)(F)F)(F)F,12.9,1530.0,59,19,205.531964756,545.9577458919148
158.0,512.5,CCC(COC(=O)CCOC(=O)C=C)(COC(=O)CCOC(=O)C=C)COC(=O)CCOC(=O)C=C,2.1,711.0,36,25,224.95496395933333,456.85826686287436
26.3,156.22,CC(C)CCCOC(=O)C=C,3.2,128.0,11,6,78.87263920686667,163.48668841534786
111.0,608.9,CC1=CN(C2=CC=CC(=C12)/C=C/C(=O)O)C(=O)C3=C(ON=C3C4=C(C=C(C=C4Cl)Cl)Cl)C(C)(C)F.CC(C)(C)N,,859.0,40,5,333.8191053403333,441.88702826595176
65.0,370.4,CC(C)(C1=CC=C(C=C1)OCCO)C2=CC=C(C=C2)OCCOC(=O)C=C,4.5,446.0,27,11,205.26468626766663,354.409983396436
26.3,918.2,C=CC(=O)OCCC(C(C(C(C(C(C(C(C(C(C(C(C(C(C(C(F)(F)F)(F)F)(F)F)(F)F)(F)F)(F)F)(F)F)(F)F)(F)F)(F)F)(F)F)(F)F)(F)F)(F)F)(F)F)(F)F,12.2,1450.0,56,19,199.29976367133327,520.690828972429
79.6,247.25,CCOC(=O)/C(=C\C1=CC(=C(C=C1)O)OC)/C#N,2.4,368.0,18,5,152.47693236766668,225.46479963523512
46.5,130.139,C=CC(=O)OCCCO,0.8,98.5,9,5,56.28057129293333,121.16141877901254
63.6,172.18,CCOC(=O)C=C.C=CC(=O)O,,132.0,12,4,72.58324144236667,123.52987740150934
130.0,267.22,C=C(C(=O)O)OP(=O)(O)O.C1CCC(CC1)N,,247.0,17,3,109.127385438,137.44536830496875
63.6,186.2,C=CC(=O)O.C1CCC(=O)OCC1,,144.0,13,1,78.62453713566667,121.3925467329612
26.3,304.11,C=CC(=O)OCC(C(C(C(F)(F)F)(F)F)(F)F)(F)F,3.8,358.0,19,6,73.89946516330001,193.9427665915596
52.6,186.2,CCOC(=O)C=C.CC(=O)OC=C,,142.0,13,5,81.83152337456667,116.74740019434458
26.3,332.16,C=CC(=O)OCCCC(C(C(C(F)(F)F)(F)F)(F)F)(F)F,4.5,387.0,21,8,90.73703358623334,225.04517032844802
29.5,143.18,CCOC(=O)/C=C\N(C)C,0.8,130.0,10,4,75.2208180013,144.50185149996776
44.8,338.4,CC(C)(C)C1=CC=C(C=C1)/C=C/C(=O)OC2=CC3=C(C=C2)OCCO3,5.1,471.0,25,5,228.1753064753333,323.23391555939673
46.6,295.4,CC(C)CCCCCOC(=O)C=C.C=CN1CCCC1=O,,270.0,21,9,164.568618986,228.74392137942093
66.2,369.34,CC(C)OC(=O)C(=C)CN1C=NC(=N1)C2=CC(=CC(=C2)OC)C(F)(F)F,3.7,513.0,26,7,178.95835291266667,313.96572301471116
81.4,343.3,COC1=C(C=CC(=C1)/C=C/[N+](=O)[O-])OC(=O)/C=C/C2=CC=C(C=C2)F,4.1,508.0,25,6,229.43059472266668,301.7848584322196
55.4,313.3,CC(=O)N/C(=C\C1=CC=C(C=C1)F)/C(=O)OCC2=CC=CC=C2,3.2,436.0,23,6,185.7629856026667,288.3078006315879
131.0,513.0,COC(=O)/C(=C(/N[C@H]1CCCCN(C1=O)CC(=O)N2CCCC2)\NC3=CC=CC4=C3NC=C4Cl)/C#N,4.3,927.0,36,8,274.3794126276666,446.4447271159932
26.3,322.5,CCCCCCCC/C=C\CCCCCCCCOC(=O)C=C,8.6,294.0,23,18,181.2250787703333,350.27449029092867
35.5,130.139,COCC(=C)C(=O)OC,0.4,118.0,9,4,57.82031966103333,124.0968935243545
26.3,446.2,C=CC(=O)OCCCCC(C(C(C(C(C(F)(F)F)(F)F)(F)F)(F)F)(F)F)(F)F,6.2,565.0,28,11,116.51656388099998,293.0599907330868
53.3,242.27,CC1CC2=CC=CC=C2N1C=C(C#N)C(=O)OC,2.4,407.0,18,3,149.08260716733332,230.4711141436893
88.5,363.4,CC(C)OC(=O)/C(=C/C1=CC=C(O1)C2=CC=C(C=C2)SC(F)F)/C#N,5.2,536.0,25,7,246.14323071,314.5697778037294
50.1,153.18,CCOC(=O)C=C.C=CC#N,,131.0,11,3,70.1217479771,112.63925989811537
26.3,190.67,CCCCOC(=O)C=C.C=CCl,,107.0,12,5,93.2746162531,142.7103760115629
59.3,231.25,CCOC(=O)/C(=C/C1=CC=CC=C1OC)/C#N,2.8,340.0,17,5,137.25440589716666,220.9418424959623
72.6,423.3,CCOC(=O)/C=C/C1=NOC(=C1C2=CC=C(C=C2)C(C(F)(F)F)(C(F)(F)F)O)C,4.3,584.0,29,6,183.63698158,325.13220581039195
76.0,326.3,COC1=C(C=CC(=C1)CC=C)OC(=O)/C=C/C2=CC(=C(C=C2)O)O,3.3,447.0,24,7,212.09914623066663,301.67972714123897
46.5,206.24,CC(C)OC(=O)/C=C/C1=CC=C(C=C1)O,2.6,225.0,15,4,128.72836193433332,198.00398853586603
26.3,204.26,CCOC(=O)C=C.C=CC1=CC=CC=C1,,144.0,15,4,116.22112674416668,137.60015461722494
92.5,453.4,CC(C)OC(=O)/C=C\N1C=NC(=N1)C2=CC(=CC(=C2)O/C=C/C(=O)OC(C)C)C(F)(F)F,4.2,697.0,32,10,240.156149548,387.3811062210305
120.0,338.31,CCOC(=O)C(=CNC1=C(C=C(C=C1)OC)[N+](=O)[O-])C(=O)OCC,3.0,467.0,24,9,180.99074670766663,290.93548215303065
62.1,248.25,CCOC(=O)/C(=C/NC1=C(C=CC(=C1)F)C)/C#N,3.2,372.0,18,5,137.70077369166663,227.65258123222807
57.0,291.73,CC(C)OC(=O)/C=C\N1C=NC(=N1)C2=CC(=CC=C2)Cl,3.2,362.0,20,5,168.3012372285667,261.01377518485526
84.0,420.5,COC(=O)/C=C/C1=CC=C(C=C1)OC2=C(SC3=C2C=CC(=C3)O)C4=CC=C(C=C4)F,6.2,598.0,30,6,293.306173983,370.2851173091102
77.1,275.3,CC(C)COC1=NC=NC2=C1C(=CN2)/C=C/C(=O)OC,2.6,360.0,20,6,158.51434435133334,251.5855675841823
65.4,501.5,C[C@H]1C[C@H](CC(C1)(C)C)N2C3=C(C=C(C=C3)/C=C/C(=O)OC)N=C2NC4=CC=C(C=C4)OC(F)(F)F,7.8,782.0,36,7,307.8187601303334,445.11744650325716
63.6,268.26,C=CC(=O)OC1=CC(=C(C=C1)C(=O)C2=CC=CC=C2)O,3.8,371.0,20,5,158.50630874366666,246.17420785904986
44.8,216.27,CCCCOCCOCCOC(=O)C=C,1.7,168.0,15,11,102.5729419291,211.56998267809652
26.3,604.15,C=CC(=O)OCC(C(C(C(C(C(C(C(C(C(F)(F)F)(F)F)(F)F)(F)F)(F)F)(F)F)(F)F)(F)F)(F)F)(F)F,7.9,867.0,37,12,131.40656179186666,349.40182953890934
26.3,204.26,C=CC(=O)OC1C=CC2C1C3CCC2C3,3.2,331.0,15,3,107.276070645,195.85537565621905
90.9,385.5,CCOC(=O)C=C.CC(=C)C(=O)OC.CC(=C)C(=O)OCCNC(C)(C)C,,362.0,27,11,181.28393924,226.8732951012476
26.3,182.6,C=CC(=O)OC1=CC=C(C=C1)Cl,2.9,171.0,12,3,89.59741564753334,164.08673034332958
26.3,338.6,CCCCCCCCCCCCCCCCC(C)COC(=O)C=C,10.0,286.0,24,19,189.567410307,368.276838575607
101.0,390.5,CCC(=C)C(=O)O.CC(=C)C(=O)O.CC(=C)C(=O)OC.C=CC1=CC=CC=C1,,340.0,28,6,211.456458831,157.83580933679036
26.3,232.32,CCCCCCC1=CC=CC=C1OC(=O)C=C,4.8,235.0,17,8,133.39684821463334,239.80883952704724
99.4,254.28,CCOC(=O)C=C.C=CC#N.C=CC(=O)NCO,,211.0,18,5,122.89102948696666,125.52712627672702
104.0,454.4,COC(=O)/C=C/C1=CC=C(C=C1)OC2=C(SC3=C(C(=C(C=C23)F)O)F)C4=CC=C(C=C4)O,5.9,663.0,32,6,297.66950779266665,380.319153196076
26.3,176.21,CC1=CC=C(C=C1)/C=C/C(=O)OC,3.0,188.0,13,3,115.3299591981,177.5036546808013
26.3,255.11,CCOC(=O)/C=C/C1=CC=CC=C1Br,3.3,213.0,14,4,118.33271304783334,186.23493614880385
39.2,163.17,COC(=O)/C=C/C1=CN=CC=C1,1.1,177.0,12,3,96.3846084631,156.96146477535248
72.1,207.18,COC(=O)/C=C/C1=CC=C(C=C1)[N+](=O)[O-],2.4,261.0,15,3,119.85351372413334,182.09774167792554
101.0,269.32,C[N+](C)(C)CCOC(=O)C=C.COS(=O)(=O)[O-],,237.0,17,5,113.10529124633337,175.521826806993
78.3,207.25,CCOC(=O)/C(=C/C1=CC=CS1)/C#N,2.2,290.0,14,4,120.75509604686664,186.92619791458262
72.1,207.18,COC(=O)/C=C/C1=CC(=CC=C1)[N+](=O)[O-],1.8,269.0,15,3,114.02544365946667,181.877386982373
26.3,190.24,CCOC(=O)/C=C/C1=CC=C(C=C1)C,3.4,200.0,14,4,124.50604288033333,192.999302969061
29.5,185.26,CC(C)(CN(C)C)COC(=O)C=C,1.9,185.0,13,6,92.69261225886665,190.90693972813057
72.1,511.26,CN(CCOC(=O)C=C)S(=O)(=O)C(C(C(C(C(C(F)(F)F)(F)F)(F)F)(F)F)(F)F)(F)F,4.6,785.0,31,11,144.1504059163333,320.27830722715197
35.5,156.18,C=CC(=O)OC1CCCCO1,1.6,153.0,11,3,71.1621217176,145.8770559464065
55.8,236.26,CC(C)OC(=O)/C=C/C1=CC(=C(C=C1)O)OC,2.6,273.0,17,5,143.87178043206666,222.18080673740442
72.1,221.21,CCOC(=O)/C=C/C1=CC(=CC=C1)[N+](=O)[O-],2.2,282.0,16,4,123.25291992563332,197.53704466526705
55.0,296.19,C[N+](C)(C)CCOC(=O)/C=C/C1=CN=CN1.Cl.[Cl-],,258.0,18,6,139.8082764125,221.86589354430728
68.7,334.5,C[C@H]1[C@@H](CCC2=CC(=O)[C@@H](C[C@]12C)C(=C)C)OC(=O)/C=C\SC,4.1,575.0,23,5,181.464712946,317.4421088059432
26.3,230.18,COC(=O)/C=C/C1=CC=C(C=C1)C(F)(F)F,3.5,263.0,16,3,112.44372123303332,192.7358199093284
26.3,245.1,CCOC(=O)/C=C/C1=C(C=CC=C1Cl)Cl,3.8,231.0,15,4,127.07302872896666,212.49807812981322
63.0,202.21,CCOC(=O)/C(=C\C1=CN=CC=C1)/C#N,1.4,301.0,15,4,113.70753271033334,191.56982892970257
63.6,214.26,CCCCOC(=O)C=C.CC(=C)C(=O)O,,181.0,15,6,101.7231720586,158.02279164434034
58.0,250.23,C1=CC(=CC=C1CN2C=CN=C2)/C=C/C(=O)[O-].[Na+],,289.0,18,4,147.85407970846666,213.89639157670047
101.0,217.3,CCOC(=O)C(=C(SC)SC)C#N,1.9,259.0,13,5,109.296265454,190.58019322498143
98.4,293.27,CC(=O)/C(=C\C1=CC(=CC=C1)[N+](=O)[O-])/C(=O)OCCOC,1.7,426.0,21,7,154.2612523645,255.1520438144485
44.8,222.24,COC1=CC(=C(C=C1)OC)/C=C/C(=O)OC,2.1,249.0,16,5,134.55011456213333,210.4602656053282
46.5,130.139,CC(CO)OC(=O)C=C,0.5,109.0,9,4,56.9427501563,121.16579733342202
44.8,188.22,CCOC(=CC(=O)OCC)OCC,1.6,167.0,13,7,90.80070395503331,181.34005745406216
46.5,130.139,CC(C(=C)C(=O)OC)O,0.2,128.0,9,3,57.26705470526667,121.2045767176992
60.4,163.15,C1=CC(=CC(=C1)[O-])/C=C/C(=O)O,2.2,186.0,12,2,95.14327363996668,146.48112063852034
60.4,163.15,C1=CC=C(C(=C1)/C=C/C(=O)O)[O-],2.1,186.0,12,2,107.4512558681,146.75185268481454
26.3,1018.2,C=CC(=O)OCCC(C(C(C(C(C(C(C(C(C(C(C(C(C(C(C(C(C(F)(F)F)(F)F)(F)F)(F)F)(F)F)(F)F)(F)F)(F)F)(F)F)(F)F)(F)F)(F)F)(F)F)(F)F)(F)F)(F)F)(F)F)(F)F,13.6,1640.0,62,21,217.7285241253333,572.1488181454349
63.6,256.339,CC(C)CCCCCOC(=O)C=C.C=CC(=O)O,,206.0,18,9,122.55399723653332,222.48615438769974
88.5,441.5,COC(=O)C(=C)CO[C@@H]1CC[C@]2([C@H]3CC4=C5[C@]2([C@H]1OC5=C(C=C4)O)CCN3CC6CC6)O,0.5,799.0,32,7,225.990403438,390.76056523664454
110.0,476.6,CCCCC(CC)COC(=O)C=C.C=CC1=CC=CC=C1.C=CC(=O)O.C=CC(=O)OCCO,,364.0,34,14,251.138430762,234.007410588216
65.9,190.2,CCOC(=O)/C(=C/C1=CC=CN1)/C#N,1.3,288.0,14,4,113.57513155883332,177.2452944816571
39.2,312.54,C=CC(=O)OC1=C(C=C(C2=C1N=CC=C2)Cl)Br,3.9,313.0,17,3,143.72828356433334,214.5373151162865
72.1,193.16,C=CC(=O)OC1=CC=C(C=C1)[N+](=O)[O-],2.1,238.0,14,3,96.0650677915,166.16598740571416
35.5,220.26,CCOC1=CC=CC=C1/C=C/C(=O)OCC,2.9,235.0,16,6,135.84504454793333,217.74771629401445
59.3,231.25,CCOC(=O)C(=CC1=CC=C(C=C1)OC)C#N,2.4,332.0,17,5,149.40494308599995,220.35809858784177
26.3,244.21,CCOC(=O)/C=C/C1=CC=C(C=C1)C(F)(F)F,3.9,276.0,17,4,122.65357023803334,208.83432561310045
39.4,194.23,CC(C)COC(=O)/C=C/C1=CC=CO1,2.6,209.0,14,5,115.09467651430002,188.49215989200118
63.6,158.15,COC(=O)C=C.C=CC(=O)O,,122.0,11,3,67.75119425853333,108.93162700932093
26.3,362.5,CCCCOC(=O)C=C.C=CC1=CC=CC=C1.C=CC1=CC=CC=C1C=C,,273.0,27,8,221.69810099766667,205.35562344423806
55.7,141.12,C=CC(=O)OCCN=C=O,1.5,170.0,10,5,60.58084465323333,128.43786384103257
55.8,592.9,CC[C@H](CC[C@@H](C)[C@H]1CC[C@@H]2[C@@]1(CC[C@H]3[C@H]2CC[C@@H]4[C@@]3(CC[C@@H](C4)OC(=O)/C=C/C5=CC(=C(C=C5)O)OC)C)C)C(C)C,12.4,959.0,43,11,356.89954811766665,589.1281179185008
26.3,368.14,C=CC(=O)OCCC(C(C(C(F)(F)F)(C(F)(F)F)F)(F)F)(F)F,4.9,435.0,23,7,90.65600105226667,235.84287777847837
46.5,220.26,CCCCOC(=O)/C=C/C1=CC=C(C=C1)O,3.9,227.0,16,6,135.7076516884,213.60233974749065
55.8,208.21,COC1=C(C=C(C=C1)/C=C/C(=O)OC)O,1.8,237.0,15,4,129.2256810056,190.81672504224986
52.6,312.4,CCCCC(CC)COC(=O)C=C.CCCCOC(=O)C=C,,249.0,22,13,157.11912159,236.41315687384682
66.8,296.3,C1=CC=C(C=C1)/C=C/COC(=O)/C=C/C2=CC(=C(C=C2)O)O,3.6,396.0,22,6,194.13818517666664,277.08968635175273
80.6,179.15,C1=CC(=C(C=C1/C=C\C(=O)O)O)[O-],1.8,212.0,13,2,109.37770595086666,150.6169865683197
66.8,516.799,CCCCCCCCCCCCCCCCCCCCCCCCOC(=O)/C=C/C1=CC(=C(C=C1)O)O,14.4,532.0,37,26,307.976939424,533.5535321363133
26.3,248.36,CC1=C2C[C@@H](CC[C@]2(CCC1)C)C(=C)C(=O)OC,3.9,405.0,18,3,137.863632615,249.56128849017014
44.1,234.29,CC(=CCC1=C(N=CN1C)/C=C/C(=O)OC)C,2.3,319.0,17,5,142.17019507253335,232.13396598980785
59.0,381.5,COC1=C(C=CC(=C1)/C=C/C(=O)OCC2CCN(CC2)CC3=CC=CC=C3)O,4.1,495.0,28,8,226.60356738033337,363.8215603447533
245.0,624.6,C[C@H]1[C@@H]([C@H]([C@H]([C@H](O1)OC[C@@H]2[C@H]([C@@H]([C@H]([C@@H](O2)OCCC3=CC(=C(C=C3)O)O)O)OC(=O)/C=C/C4=CC(=C(C=C4)O)O)O)O)O)O,-0.5,936.0,44,11,309.36107384266666,498.9913459497155
26.3,166.15,C=C(C(=O)OC1=CC=CC=C1)F,2.6,183.0,12,3,80.41313702166667,151.28492476515936
26.3,202.25,C=CC(=O)OC1C=CC2C1C3CC2C=C3,2.5,367.0,15,3,108.26009151,193.71068470975268
85.3,439.5,COC(=O)C(=C)COC1=C2C3=C(C[C@@H]4[C@]5([C@]3(CCN4CC6CC6)[C@@H](O2)C(=O)CC5)O)C=C1,2.5,840.0,32,7,228.421837348,389.38407032196454
35.5,116.11,CO/C=C/C(=O)OC,0.3,95.8,8,3,53.873272924800006,109.34906929632106
26.3,176.21,COC(=O)C(=C)CC1=CC=CC=C1,2.6,190.0,13,4,93.75523971096668,177.24421283311034
107.0,267.24,CCOC(=O)/C(=C/C1=NC=C(N1C)[N+](=O)[O-])/C(=O)C,0.4,415.0,19,5,144.177321061,226.20926775597118
52.6,218.2,C=CC(=O)OC1=CC=C(C=C1)OC(=O)C=C,2.6,257.0,16,6,121.46326783946664,203.7483319233498
26.3,236.11,CCOC(=O)C=C(C(F)(F)F)C(F)(F)F,3.0,246.0,15,3,65.78589666383333,162.52095570198998
82.1,392.4,CC(C)([C@@H]1CC2=C(O1)C=CC3=C2OC(=O)C=C3)OC(=O)/C=C/C4=CC=C(C=C4)O,4.2,688.0,29,5,245.4145588893333,350.59607549428694
38.8,171.19,COC(=O)/C=C/N1CCOCC1,0.1,173.0,12,3,87.49049129626667,158.1323398595618
43.4,162.57,CCOC(=O)/C=C/C(=O)Cl,1.2,162.0,10,4,67.24267449986667,137.83460656248005
68.6,245.23,CCOC(=O)/C(=C/C1=CC2=C(C=C1)OCO2)/C#N,2.4,395.0,18,4,151.54345785593333,219.16170550661855
279.0,754.7,COC1=CC(=CC(=C1O)OC)/C=C/C(=O)OC[C@@H]2[C@H]([C@@H]([C@H]([C@H](O2)O[C@]3([C@H]([C@@H]([C@H](O3)CO)O)OC(=O)/C=C/C4=CC(=C(C(=C4)OC)O)OC)CO)O)O)O,-0.5,1210.0,53,17,398.3195402383333,610.4221479946987
26.3,226.01,CCOC(=O)/C=C\I,1.6,98.6,8,3,61.4908151011,110.0776332446254
170.0,714.8,COC1=C(C=CC(=C1)C[C@H]([C@H](COC(=O)/C=C/C2=CC(=C(C=C2)O)OC)CC3=CC(=C(C=C3)O)OC)COC(=O)/C=C/C4=CC(=C(C=C4)O)OC)O,7.1,1040.0,52,19,423.6777793226667,
49.4,216.27,COC1=CC=C(C=C1)/C=C/C(=O)[O-].[K+],,196.0,14,3,149.429633327,166.2772015017654
46.5,280.3,C1=CC=C(C=C1)/C=C/COC(=O)/C=C/C2=CC=C(C=C2)O,4.1,359.0,21,6,192.155453944,272.3346022809135
35.5,220.26,CCOC1=CC=C(C=C1)/C=C/C(=O)OCC,3.3,227.0,16,6,143.38421558466666,217.84222085573234
35.5,246.3,CC(=CCOC1=CC=C(C=C1)/C=C/C(=O)OC)C,3.7,306.0,18,6,162.47707895563337,246.71599322884546
87.7,301.27,CCOC(=O)C(=C(C1=CC=CC=C1)N[O-])C(=O)OCC.[Na+],,358.0,21,8,164.02362022466667,251.16737912121485
26.3,156.22,CC(=CC(=O)OC(C)(C)C)C,2.5,169.0,11,3,82.45723035886665,162.90593740696048
72.1,439.3,CN(CCCCOC(=O)C=C)S(=O)(=O)C(C(C(C(F)(F)F)(F)F)(F)F)(F)F,3.9,640.0,27,11,141.26163343033332,299.8923090231449
26.3,490.11,C=CC(=O)OC(C(C(C(C(C(C(C(F)(F)F)(F)F)(F)F)(F)F)(F)F)(F)F)(F)F)(F)F,6.6,674.0,30,9,103.2014922312,281.410912370434
95.9,246.22,CCOC(=O)C(=CC1=CC(=CC=C1)[N+](=O)[O-])C#N,2.2,402.0,18,4,137.8942872625,216.29206342413124
26.3,532.19,C=CC(=O)OCCCC(C(C(C(C(C(C(C(F)(F)F)(F)F)(F)F)(F)F)(F)F)(F)F)(F)F)(F)F,7.2,722.0,33,12,128.42861544333334,328.8067216994979
44.8,200.23,CCC1(OCC(O1)COC(=O)C=C)C,1.5,226.0,14,5,91.50165170486667,185.89395865541886
39.4,260.329,CC1=COC2=C1CC(C(C2)(C)C=C)C(=C)C(=O)OC,3.7,401.0,19,4,136.74319433899998,253.36808233360435
26.3,166.22,C=CC(=O)OC1CC2CCC1C2,2.4,210.0,12,3,83.54854615703333,160.45005346244918
72.1,525.28,CN(CCOC(=O)C=C)S(=O)(=O)CC(C(C(C(C(C(F)(F)F)(F)F)(F)F)(F)F)(F)F)(F)F,4.5,802.0,32,12,149.57355429066666,335.927195165453
26.3,354.12,C=CC(=O)OCC(C(C(C(C(F)(F)F)(F)F)(F)F)(F)F)(F)F,4.5,437.0,22,7,83.66416406816667,220.082211752881
52.6,220.22,CC(=O)OC1=CC=C(C=C1)/C=C/C(=O)OC,2.0,275.0,16,5,133.1691012394,205.53623952806726
26.3,432.18,C=CC(=O)OCCCC(C(C(C(C(C(F)(F)F)(F)F)(F)F)(F)F)(F)F)(F)F,5.9,550.0,27,10,109.5545506668,277.49821818282425
94.8,166.07,C=C(CP(=O)(O)O)C(=O)O,-1.6,202.0,10,3,61.291009515333336,114.30511896201695
72.1,539.31,CN(CCCCOC(=O)C=C)S(=O)(=O)C(C(C(C(C(C(F)(F)F)(F)F)(F)F)(F)F)(F)F)(F)F,5.3,818.0,33,13,156.49036112133334,351.32493236428115
46.5,172.22,CC(C)COC(=O)C(=C)C(C)O,1.6,173.0,12,5,81.80436121003332,167.87364706454164
26.3,254.1,COC(=O)C=CC(C(C(F)(F)F)(F)F)(F)F,2.8,292.0,16,4,66.52296127953333,167.65379265303545
63.6,396.6,CCCCCCCCCCCCCCCCCCOC(=O)C=C.C=CC(=O)O,,317.0,28,20,207.752203764,376.8764570105847
66.8,256.25,C1=CC=C(C=C1)OC(=O)/C=C/C2=CC(=C(C=C2)O)O,3.0,320.0,19,4,163.8858037544,232.79893308205146
85.3,399.4,CN1CC[C@]23[C@@H]4C(=O)CC[C@]2([C@H]1CC5=C3C(=C(C=C5)OCC(=C)C(=O)OC)O4)O,1.4,754.0,29,5,201.41681243666667,345.9208357220572
104.0,539.6,COC(=O)C(=C)CO[C@@H]1CC[C@]2([C@H]3CC4=C5[C@]2([C@H]1OC5=C(C=C4)OCC(=C)C(=O)OC)CCN3CC6CC6)O,1.1,1030.0,39,12,281.874491318,483.0644520146574
46.6,456.4,COC(=O)/C=C/C1=CC(=CC=C1)N(CC2=CC=C(C=C2)Br)C(=O)C3CCCCC3,5.8,565.0,29,7,245.9558761013333,377.357429620547
88.5,441.5,COC(=O)C(=C)COC1CCC2(C3CC4=C5[C@]2(C1OC5=C(C=C4)O)CCN3CC6CC6)O,0.5,799.0,32,7,229.3231809643333,390.2579166537067
113.0,329.3,C1=CC=C(C=C1)CCOC(=O)/C=C/C2=CC(=C(C(=C2)O)O)[N+](=O)[O-],3.8,455.0,24,6,183.4673213748333,283.7362091376394
69.4,255.35,CC(C)CCCCCOC(=O)C=C.C=CC(=O)N,,208.0,18,9,124.737260603,210.09834142538028
66.8,348.5,CCCCCCCCCCCCOC(=O)/C=C/C1=CC(=C(C=C1)O)O,7.9,367.0,25,14,206.49604419,344.27383637918484
102.0,301.25,C1=CC(=CC(=C1)[N+](=O)[O-])C(=O)COC(=O)/C=C/C2=CC=CO2,2.5,455.0,22,6,168.19715346876663,257.3090642845686
251.0,726.7,COC1=C(C=CC(=C1)/C=C/C(=O)OC[C@]2(CO[C@H]([C@@H]2O)O[C@@H]3[C@H]([C@@H]([C@H](O[C@H]3OC4=CC=C(C=C4)/C=C/C(=O)C5=C(C=C(C=C5)O)O)CO)O)O)O)O,1.9,1220.0,52,14,415.64184929366667,597.0479358061782
65.4,501.5,C[C@@H]1C[C@@H](CC(C1)(C)C)N2C3=C(C=C(C=C3)/C=C/C(=O)OC)N=C2NC4=CC=C(C=C4)OC(F)(F)F,7.8,782.0,36,7,300.25736751666665,444.9232222816761
55.4,237.23,CC(=O)N/C(=C\C1=CC=C(C=C1)F)/C(=O)OC,1.7,320.0,17,4,131.45662834156667,211.1835963519003
26.3,190.24,CCCC1=CC=C(C=C1)OC(=O)C=C,3.5,191.0,14,5,109.36157625073334,193.2845336450293
134.0,723.0,C1=CC(=C(C=C1/C=C/C(=O)OCCCCCCCCCCCCCCCCCCCCCCCCCCOC(=O)/C=C/C2=CC(=C(C=C2)O)O)O)O,15.8,861.0,52,33,428.7975290133333,709.4477131637213
106.0,415.4,COC1=CC=C(C=C1)NC2=NC=C3C(=N2)N(C(=O)C=N3)C4=CC=C(C=C4)OC(=O)C=C,3.2,685.0,31,7,285.57176189723333,368.5235860268307
26.3,190.07,COC(=O)C(=C(F)F)C(F)(F)F,1.7,212.0,12,2,47.06765789443333,125.9246121870277
44.1,234.29,CC(=CCC1=C(N(C=N1)C)/C=C/C(=O)OC)C,2.3,319.0,17,5,139.94217336553334,231.81517904322075
52.6,184.19,CC1(COC(=O)[C@@H]1OC(=O)C=C)C,1.6,254.0,13,3,82.38643903923334,165.70820859579277
223.0,652.6,C[C@H]1[C@@H]([C@H]([C@H]([C@@H](O1)O[C@@H]2[C@H]([C@@H](O[C@@H]([C@H]2OC(=O)/C=C/C3=CC(=C(C=C3)O)OC)CO)OCCC4=CC(=C(C=C4)O)OC)O)O)O)O,0.1,968.0,46,13,321.52921455666666,537.5054449446856
196.0,510.5,C[C@@]1(C[C@H]([C@]2([C@@H]1[C@@H](OC=C2)O[C@H]3[C@@H]([C@H]([C@@H]([C@H](O3)CO)O)O)O)O)O)OC(=O)/C=C/C4=CC=C(C=C4)O,-1.0,841.0,36,7,249.897729429,408.06191895694536
53.3,244.29,CCOC(=O)C(=CC1=CC=C(C=C1)N(C)C)C#N,2.6,357.0,18,5,173.681229349,240.21074572660984
46.5,186.25,CC(C)CCOC(=O)C(=C)C(C)O,1.9,185.0,13,6,90.1632492802,183.88727244326827
46.5,192.21,CCOC(=O)C=CC1=CC=CC=C1O,2.2,211.0,14,4,114.9201429984,182.15609297949652
26.3,180.24,CC(=C)C(=O)OC1CC2CCC1C2,2.8,245.0,13,3,93.43118497646668,175.91216477131704
88.5,441.5,COC(=O)C(=C)COC1=C2C3=C(C[C@@H]4[C@]5([C@]3(CCN4CC6CC6)[C@@H](O2)[C@@H](CC5)O)O)C=C1,0.2,799.0,32,7,230.657986713,390.8433967768751
53.3,168.19,CCOC(=O)C(=CN(C)C)C#N,0.8,235.0,12,4,88.69058137476667,163.73669362341013
39.2,177.2,CCOC(=O)/C=C/C1=CC=CC=N1,1.5,189.0,13,4,105.38835987416668,172.90717246601045
43.4,190.19,COC(=O)/C=C/C1=CC=C(C=C1)C=O,2.1,225.0,14,4,119.79930402913334,180.9314478979453
64.599,173.17,CNC(=O)OCCOC(=O)C=C,0.4,178.0,12,6,70.7134868259,154.58512262897239
38.8,182.22,C=CC(=O)OCC1CCC2C(C1)O2,1.6,224.0,13,4,85.21317930863334,171.56270470077217
79.8,426.4,CC(C)OC1=NC(=CC(=N1)OCC2=CC=CC=C2C(=COC)C(=O)OC)C(F)(F)F,4.1,585.0,30,9,196.46967565833333,363.40475743339687
72.1,625.3,CN(CCOC(=O)C=C)S(=O)(=O)CC(C(C(C(C(C(C(C(F)(F)F)(F)F)(F)F)(F)F)(F)F)(F)F)(F)F)(F)F,5.8,984.0,38,14,171.08958711333332,387.2537632719757
44.8,236.26,CCOC(=O)/C=C/C1=CC(=C(C=C1)OC)OC,2.5,262.0,17,6,149.9255310543,226.58037621897287
38.8,142.15,CC1(CO1)COC(=O)C=C,0.6,164.0,10,4,63.01479600390001,134.47608555275556
50.1,187.19,COC(=O)/C=C/C1=CC(=CC=C1)C#N,1.9,274.0,14,3,115.39949164376668,181.25535169625155
101.0,297.37,CC[N+](C)(CC)CCOC(=O)C=C.COS(=O)(=O)[O-],,264.0,19,7,130.10175591499998,204.52094268114524
26.3,206.28,C=CC(=O)OC12CC3CC(C1)CC(C3)C2,3.4,264.0,15,3,108.07959621933334,196.0617373392161
26.3,196.17,CC(C)(C)OC(=O)C(=C)C(F)(F)F,2.6,223.0,13,3,70.91750498156667,162.8094614405244
26.3,198.3,CC(C)CCCCCCOC(=O)C=C,4.8,162.0,14,9,104.7902768823,210.52315120704532
26.3,148.59,CCOC(=O)C(=C)CCl,1.5,120.0,9,4,62.74553284806666,134.34763440917342
54.0,218.25,COCCOCCOCCOC(=O)C=C,0.3,169.0,15,11,95.94043146293332,203.9244337367358
54.0,266.29,CCOC(=O)/C=C/C1=CC(=C(C(=C1)OC)OC)OC,2.5,288.0,19,7,167.0086133563,250.67383676355698
59.3,217.22,COC1=CC=C(C=C1)/C=C(\C#N)/C(=O)OC,2.1,318.0,16,4,139.4165648656667,204.94798056864045
42.1,165.19,CCOC(=O)/C=C/C1=CC=CN1,1.4,177.0,12,4,100.1478272643,158.61068279875852
26.3,210.65,CCOC(=O)/C=C/C1=CC=CC=C1Cl,3.2,213.0,14,4,116.05154498953334,195.4121156683842
42.1,201.22,COC(=O)/C=C/C1=CNC2=CC=CC=C21,2.5,262.0,15,3,130.3545804887,189.9653363585805
44.8,272.38,CCCCC(CC)COCCOCCOC(=O)C=C,3.5,228.0,19,14,133.77736012699998,274.4346941545236
91.9,216.19,C=CC(=O)OCCCS(=O)(=O)[O-].[Na+],,253.0,13,6,108.837122984,151.16676302237255
53.3,168.19,CCOC(=O)/C(=C/N(C)C)/C#N,0.8,235.0,12,4,88.31466408603335,163.77826328059743
51.6,146.21,CSCCOC(=O)C=C,1.1,101.0,9,5,64.82381264589999,136.51062712263507
26.3,244.21,CCOC(=O)/C=C/C1=CC(=CC=C1)C(F)(F)F,3.9,284.0,17,4,119.62019007,208.60297787249692
72.1,725.3,CN(CCOC(=O)C=C)S(=O)(=O)CC(C(C(C(C(C(C(C(C(C(F)(F)F)(F)F)(F)F)(F)F)(F)F)(F)F)(F)F)(F)F)(F)F)(F)F,7.1,1170.0,44,16,185.1868994526667,438.8710159457498
26.3,218.12,C=CC(=O)OCCC(C(F)(F)F)(F)F,2.8,221.0,14,5,63.52898938396667,157.72873131876818
50.1,125.13,CCOC(=O)/C=C\C#N,0.4,163.0,9,3,58.719086261433326,119.85359803579551
26.3,324.5,CC(C)CCCCCCCCCCCCCCCOC(=O)C=C,9.7,271.0,23,18,178.88503799433337,351.3098735094146
26.3,190.24,C=CC(=O)OCCCC1=CC=CC=C1,3.1,181.0,14,6,101.76432138159998,193.50369131912748
29.5,171.24,CCN(CC)/C=C/C(=O)OCC,1.6,151.0,12,6,93.78994986666665,176.30094480692054
72.1,461.25,CN(CCOC(=O)C=C)S(=O)(=O)C(C(C(C(C(F)(F)F)(F)F)(F)F)(F)F)(F)F,3.9,696.0,28,10,133.22494218433334,294.29750297138094
46.5,210.2,CCOC(=O)/C=C/C1=C(C=CC(=C1)F)O,2.3,240.0,15,4,116.92798214743334,187.23502956453515
132.0,332.3,COC(=O)/C(=C/C1=CC=C(O1)C2=CC=C(C=C2)S(=O)(=O)N)/C#N,1.9,620.0,23,5,233.156237289,274.23764667501575
72.1,825.3,CN(CCOC(=O)C=C)S(=O)(=O)CC(C(C(C(C(C(C(C(C(C(C(C(F)(F)F)(F)F)(F)F)(F)F)(F)F)(F)F)(F)F)(F)F)(F)F)(F)F)(F)F)(F)F,8.5,1360.0,50,18,207.141148165,491.21576573888785
68.1,343.3,CCOC(=O)/C(=C(/C1=CC(=C(C(=C1F)OC)F)F)\O)/C=NC2CC2,3.1,522.0,24,7,185.919927176,287.96421456993266
51.6,208.28,C=CC(=O)OCCSC1=CC=CC=C1,2.9,186.0,14,6,105.32974998076668,197.44418222169733
50.1,219.21,CCOC(=O)/C(=C/C1=CC=CC=C1F)/C#N,2.5,329.0,16,4,124.17074314803334,201.47190457772382
26.3,184.27,CCCCCCC(C)OC(=O)C=C,4.0,152.0,13,8,96.0445260164,194.77402668230857
89.6,161.16,CCOC(=O)N.C=CC(=O)O,,109.0,11,3,61.19211047633333,95.97420458164194
72.1,561.27,CN(CCOC(=O)C=C)S(=O)(=O)C(C(C(C(C(C(C(F)(F)F)(F)F)(F)F)(F)F)(F)F)(F)F)(F)F,5.2,876.0,34,12,156.14917740866667,346.0055252784673
50.1,266.09,COC(=O)/C(=C/C1=CC=CC=C1Br)/C#N,2.8,316.0,15,3,119.50427393366668,189.4478557433228
63.2,191.18,CC1=CC=C(O1)/C=C(\C#N)/C(=O)OC,2.1,300.0,14,3,116.949832384,176.3460164779115
35.5,220.26,CCCOC(=O)C=CC1=CC=C(C=C1)OC,3.1,227.0,16,6,137.87478459416667,217.83843394693278
37.3,95.05,C=CC(=O)O.[Na],,55.9,6,1,28.008844908223328,65.11327161458891
55.8,222.24,CCOC(=O)/C=C/C1=CC(=C(C=C1)OC)O,2.2,249.0,16,5,136.44075094253333,206.68835554826563
58.6,248.28,CN(C)/C=C(/C(=O)OC)\NC(=O)C1=CC=CC=C1,1.5,331.0,18,5,142.0122158846667,234.616250157583
54.0,252.26,COC1=CC(=CC(=C1OC)OC)C=CC(=O)OC,2.1,275.0,18,6,158.0786588392,234.72163902596995
68.6,267.18,COC(=O)/C(=C/C1=C2C(=CC=C1)OC(O2)(F)F)/C#N,2.7,454.0,19,3,129.8333910397,213.96446083079877
46.6,183.2,C=CC(=O)OCCN1CCCC1=O,0.3,225.0,13,5,84.0863572609,170.3219005182095
39.4,152.15,C=CC(=O)OCC1=CC=CO1,1.3,153.0,11,4,68.7357888244,142.0167381831681
35.5,158.19,CC(CCOC(=O)C=C)OC,1.3,131.0,11,6,74.70491889016667,156.0806059615775
46.5,172.22,C=CC(=O)OCCCCCCO,1.9,132.0,12,8,82.2080807796,168.36906464405058
31.2,265.31,C=CC(=O)OCCN1C2=CC=CC=C2C3=CC=CC=C31,3.8,346.0,20,5,161.26650772899998,256.2213400513025
35.5,178.18,COC1=CC=C(C=C1)OC(=O)C=C,2.1,181.0,13,4,98.13544799873334,170.6636644700979
55.8,202.25,CCCCOCC(COC(=O)C=C)O,1.2,168.0,14,9,91.8245757631,192.5704818312992
26.3,221.09,CC(C)(C)OC(=O)C(=C)CBr,2.3,167.0,11,4,82.368524069,156.11151316648255
55.8,298.3,COC1=C(C=C(C=C1)/C=C/C(=O)OCCC2=CC=CC=C2)O,3.8,360.0,22,7,193.95739195366664,283.18559507076105
26.3,586.16,C=CC(=O)OCC(C(C(C(C(C(C(C(C(C(F)F)(F)F)(F)F)(F)F)(F)F)(F)F)(F)F)(F)F)(F)F)(F)F,7.6,828.0,36,13,131.65947681466665,344.2846169387518
59.3,169.18,C=CC(=O)OCCOCCC#N,0.2,192.0,12,7,72.67914740646667,159.59284080257578
26.3,255.11,CCOC(=O)C=CC1=CC=C(C=C1)Br,3.7,205.0,14,4,130.1827829937,185.88771980623082
39.4,180.2,CC(C)OC(=O)/C=C/C1=CC=CO1,2.3,196.0,13,4,107.51106625363332,173.2069634373699
72.1,925.3,CN(CCOC(=O)C=C)S(=O)(=O)CC(C(C(C(C(C(C(C(C(C(C(C(C(C(F)(F)F)(F)F)(F)F)(F)F)(F)F)(F)F)(F)F)(F)F)(F)F)(F)F)(F)F)(F)F)(F)F)(F)F,9.8,1560.0,56,20,230.51900729,542.9354260176303
73.9,204.11,COC(=O)C(=C(C#N)C#N)C(F)(F)F,0.9,359.0,14,2,72.75072201396667,153.83115601193802
73.0,458.6,CC(C)C1=CC=CC=C1C2=C(C3=C(S2)C=C(C=C3)OC)OC4=CC=C(C=C4)/C=C/C(=O)OC,7.5,656.0,33,8,314.856644378,431.60764642217254
46.6,185.22,CCOC(=O)/C(=C/N(C)C)/C(=O)C,0.7,231.0,13,5,96.70335539316666,179.12856901917064
66.8,146.14,C=CC(=O)OCC(CO)O,-0.7,121.0,10,5,58.5099610711,126.02828560878362
26.3,126.15,C/C=C/COC(=O)C=C,1.6,125.0,9,4,64.37716760016667,130.01517637400931
87.0,190.19,C=CC(=O)OCC(CO)(CO)CO,-1.0,165.0,13,7,76.84225155913333,161.86329012116676
43.4,180.2,COC(=O)/C=C/C1=CC(=O)CCC1,0.7,274.0,13,3,105.54653257146668,169.63157678261072
29.5,342.3,CN1C2CCC1CC(C2)OC(=O)C(=C)C3=CC=C(C=C3)Cl.Cl,,403.0,22,4,171.02414664346665,287.80089562202386
26.3,231.07,COC(=O)C(=C)C1=CC(=C(C=C1)Cl)Cl,3.6,240.0,14,3,111.73853792203332,196.7632423492406
29.5,219.28,CCOC(=O)/C=C/C1=CC=C(C=C1)N(C)C,3.1,240.0,16,5,154.62336450793333,221.6459148511976
46.5,271.11,COC(=O)C(=C)C(C1=CC=C(C=C1)Br)O,2.2,244.0,15,4,110.24654963293334,190.52497025425444
26.3,218.29,CCCCCC1=CC=C(C=C1)OC(=O)C=C,4.7,215.0,16,7,129.67695437976667,224.6032222376484
52.3,177.2,COC(=O)/C=C/C1=CC=C(C=C1)N,1.9,193.0,13,3,116.74788433743332,168.31242416205703
99.2,331.32,CC1=NC=C(N1CCOC(=O)/C=C/C2=CC=C(C=C2)OC)[N+](=O)[O-],2.4,457.0,24,7,188.64025593193327,293.6549406399087
26.3,184.27,CCCCCC(CC)OC(=O)C=C,4.0,152.0,13,8,96.20326026826667,194.85571659036606
81.4,277.27,C1CC(OC1)COC(=O)/C=C/C2=CC(=CC=C2)[N+](=O)[O-],2.4,376.0,20,5,149.4563786007,242.81918182990523
26.3,226.35,CCCCCCCCCCCOC(=O)C=C,5.6,176.0,16,12,121.52614012833332,242.1903992142627
26.3,140.18,C=CC(=O)OC1CCCC1,2.0,134.0,10,3,69.40739834736667,138.4378794828202
26.3,220.12,C=CC(=O)OC1=C(C(=CC(=C1F)F)F)F,2.7,245.0,15,3,84.8947376869,165.86716346442407
40.1,313.5,CCCC[N+](CCCC)(CCCC)CCCC.C=CC(=O)[O-],,167.0,22,12,173.35521299999996,280.7553751459958
43.4,266.29,C=CC(=O)OC(C1=CC=CC=C1)C(=O)C2=CC=CC=C2,3.8,349.0,20,6,147.86980378566668,257.62910392213695
26.3,126.15,CC=CCOC(=O)C=C,1.6,125.0,9,4,66.0191540694,129.93985939902555
78.9,286.32,CCOC(=O)C=C.CC(=C)C(=O)OC.CC(=O)OC=C,,236.0,20,7,133.613421658,139.39630057137785
114.0,420.5,CCOC(=O)/C(=C\C1=CN=CC=C1)/C(=O)C2=CC(=C(S2)NC3=CC=CC=C3)C(=O)C,5.2,660.0,30,9,293.16577093666666,378.2887532031343
66.4,180.13,CC(=O)OC=C.C=CC(=O)[O-].[Na+],,126.0,12,3,101.1516400942,96.88829670848601
55.0,294.3,CCOC(=O)/C(=C/C1=C(N(C(=C1)C)C2=CC=CC=C2)C)/C#N,3.7,471.0,22,5,192.56059922666665,287.75387431437775
64.4,436.3,CC(C)C1=NC=C(N1C2=CC=C(C=C2)C(C(F)(F)F)(C(F)(F)F)O)/C=C/C(=O)OC,4.3,613.0,30,6,198.23127772166663,345.837903336184
95.0,366.4,CCOC(=O)/C=C/C1=C(C=CC(=C1)C2=CC=C(S2)C3=CC(=CC=C3)O)O,4.9,494.0,26,6,269.047879979,331.10921033796166
36.0,519.6,C=CC(=O)OC(CCN1CCN(CC1)CCCN(C2=CC=C(C=C2)F)C3=CC=C(C=C3)F)C4=CC=CC=C4,6.4,673.0,38,13,275.73741742633337,493.8379212747025
89.9,377.4,CC1=NC=C(N1CCOC(=O)/C=C/C2=CC=C(C=C2)C3=CC=CC=C3)[N+](=O)[O-],4.0,548.0,28,7,245.2413106903333,345.23881842143504
99.2,407.4,CC1=NC=C(N1CCOC(=O)/C=C/C2=CC=C(C=C2)OCC3=CC=CC=C3)[N+](=O)[O-],3.8,580.0,30,9,238.5142327693333,370.887497609307
185.0,522.5,COC1=C(C=CC(=C1)/C=C/C(=O)OCCCCO[N+](=O)[O-])OC(=O)CCC2=CC=C(C=C2)S(=O)(=O)N,3.4,844.0,36,15,272.4167260966667,434.0829360075989
55.8,222.24,CCOC(=O)C=CC1=CC(=C(C=C1)OC)O,2.2,249.0,16,5,135.4486324751,206.77276278836905
66.8,194.18,COC(=O)/C=C\C1=C(C=CC(=C1)O)O,1.5,224.0,14,3,102.68897755853334,170.2869664224286
66.2,375.73,CC(C)OC(=O)/C=C\N1C=NC(=N1)C2=CC(=CC(=C2)Cl)OC(F)(F)F,4.4,490.0,25,6,182.51017024966663,300.6034177307285
106.0,430.4,CC1=CC=C(C=C1)C(=O)N/C(=C/C2=CC=CO2)/C(=O)OCN3C(=O)C4=CC=CC=C4C3=O,3.5,761.0,32,7,261.07617765033336,380.11801229533063
71.4,300.23,CCOC(=O)/C(=C/NC1=CC=CC=C1OC(F)(F)F)/C#N,3.9,440.0,21,6,151.90808608273332,246.0115112521397
43.4,190.19,COC(=O)/C=C\C(=O)C1=CC=CC=C1,1.9,237.0,14,4,99.70098304253332,180.5115683910976
79.1,322.75,CC(C)OC(=O)/C=C\N1C=NC(=N1)C2=CC(=NC(=C2)Cl)OC,2.8,408.0,22,6,175.72162758296668,280.17726412749005
79.1,350.8,CC(C)OC1=NC(=CC(=C1)C2=NN(C=N2)/C=C\C(=O)OC(C)C)Cl,3.6,447.0,24,7,194.901772841,311.79313919585104
144.0,672.7,CCOP(=O)(OCC)OC1=C(C=C(C=C1)/C=C/C(=O)O[C@H]2[C@@]34[C@@H](O3)C[C@H]5C6=C(CC[C@@]5([C@]47[C@@H](O7)[C@H]8[C@@]2(O8)C(C)C)C)C(=O)OC6)OC,3.0,1450.0,47,12,360.3702876496666,573.3474278786327
94.8,603.5,CC(C)(C)OC(=O)NC1(CCC1)C2=CC=C(C=C2)C3=C(N4C(=N3)C(=CC(=N4)Br)/C=C/C(=O)OC)C5=CC=CC=C5,6.2,921.0,40,9,381.60570099233337,499.6505185873506
104.0,446.5,CCOC(=O)/C=C/C1=C(C=C(C=C1)OC2=C(SC3=C2C=CC(=C3)O)C4=CC=C(C=C4)O)C,6.4,646.0,32,7,318.2221357893333,401.3970370550166
104.0,446.5,CCOC(=O)/C=C/C1=CC(=C(C=C1)OC2=C(SC3=C2C=CC(=C3)O)C4=CC=C(C=C4)O)C,6.4,646.0,32,7,320.71396221633336,401.06793100672525
227.0,758.8,CC(=O)OC1CC(C2CCC3C(=O)OC(CC3(C2C1OC(=O)C)C)C4=COC=C4)OC(=O)/C=C/C5=CC(=C(C=C5)O[C@H]6[C@@H]([C@H]([C@@H]([C@H](O6)CO)O)O)O)OC,2.4,1390.0,54,13,382.42471847033335,635.620990290168
26.3,162.61,C=CC(=O)OCCCCCl,2.4,112.0,10,6,69.52969775626666,149.77656654004173
92.4,237.21,COC(=O)C(=C)C(C1=CC=C(C=C1)[N+](=O)[O-])O,1.4,314.0,17,4,112.25009907856666,201.9566487470979
29.5,207.7,CCN(CC)CCOC(=O)C=C.Cl,,142.0,13,7,86.96923089433334,177.54474486301547
81.4,237.21,COC1=C(C=C(C=C1)[N+](=O)[O-])/C=C/C(=O)OC,2.0,310.0,17,4,133.3500870851,206.1668682246595
47.9,323.4,CCOC1=CC=C(C=C1)C=NC2=CC=C(C=C2)/C=C/C(=O)OCC,4.2,417.0,24,8,229.99603017666664,317.97608047409545
124.0,435.4,C1=CC=C(C=C1)/C=C/C(=O)OCC2=CN(N=N2)CCOC(=O)/C=C/C3=CC(=C(C=C3)O)O,2.7,664.0,32,11,253.4436445123333,386.3619215757538
164.0,467.4,C1=CC(=C(C=C1/C=C/C(=O)OCCN2C=C(N=N2)COC(=O)/C=C/C3=CC(=C(C=C3)O)O)O)O,2.0,733.0,34,11,274.7321227,395.7013624844289
36.0,519.6,C=CC(=O)O[C@@H](CC1=CC=CC=C1)CN2CCN(CC2)CCCN(C3=CC=C(C=C3)F)C4=CC=C(C=C4)F,6.5,673.0,38,13,284.88292359733333,493.8050414319492
64.2,312.4,CCN1C2=CC=CC=C2C(=C1OCC)/C=C(\C#N)/C(=O)OCC,3.5,494.0,23,7,193.6296909113333,298.7672273898756
26.3,238.28,COC(=O)/C=C/C1=CC=C(C=C1)C2=CC=CC=C2,4.2,282.0,18,4,177.23009524266664,238.24618531652177
46.5,210.2,COC(=O)C(=C)C(C1=CC=C(C=C1)F)O,1.6,244.0,15,4,97.01391154703332,186.8875918700524
66.8,236.26,CCCCOC(=O)C=CC1=CC(=C(C=C1)O)O,3.5,262.0,17,6,142.6971956873,218.53497946532858
79.1,384.35,CC(C)OC1=CC(=CC(=N1)C(F)(F)F)C2=NN(C=N2)/C=C\C(=O)OC(C)C,3.5,528.0,27,7,193.72812004166667,324.88943044761385
99.5,403.4,CC(C)OC(=O)/C=C\N1C=NC(=N1)C2=CC(=CC(=C2)S(=O)(=O)C)C(F)(F)F,2.7,661.0,27,6,200.8995076367333,319.9433006021813
46.5,210.2,COC(=O)C(=C)C(C1=CC(=CC=C1)F)O,1.6,252.0,15,4,97.77372773353332,186.87068080919184
66.8,270.28,C1=CC=C(C=C1)COC(=O)C=CC2=CC(=C(C=C2)O)O,3.1,333.0,20,5,152.77988659833332,248.2965666454462
93.2,311.4,COC(=O)/C(=C/C1=C(N=C2N1CCS2)C3=CC=CC=C3)/C#N,2.5,507.0,22,4,193.3347697593333,276.3419701163167
52.6,244.24,CCOC(=O)/C=C/C1=COC2=CC=CC=C2C1=O,2.2,395.0,18,4,149.17982787576668,222.79968276580783
66.8,236.26,CC(C)COC(=O)/C=C/C1=CC(=C(C=C1)O)O,3.6,273.0,17,5,141.85262569943333,218.47918705097518
304.0,756.7,C[C@@H]1[C@H]([C@@H]([C@@H]([C@H](O1)O[C@@H]2[C@H]([C@@H](O[C@@H]([C@H]2OC(=O)/C=C/C3=CC(=C(C=C3)O)O)CO[C@@H]4[C@H](C(CO4)(CO)O)O)OCCC5=CC(=C(C=C5)O)O)O)O)O)O,-1.7,1190.0,53,14,345.9677074796667,
76.5,470.8,CCOC(=O)/C(=C\NC1=CC=CC=C1C(F)(F)F)/SC2=C(C=C(C=N2)C(F)(F)F)Cl,6.8,617.0,30,7,213.2847583783333,358.75729645724834
55.8,262.3,C/C(=C\COC1=CC=C(C=C1)/C=C/C(=O)OC)/CO,2.4,325.0,19,7,170.09094687626668,251.6626928831473
84.0,444.5,CC(C)C1=CC=CC=C1C2=C(C3=C(S2)C=C(C=C3)O)OC4=CC=C(C=C4)/C=C/C(=O)OC,7.2,642.0,32,7,302.91615181,412.8592918296872
84.0,458.6,CCOC(=O)/C=C/C1=CC=C(C=C1)OC2=C(SC3=C2C=CC(=C3)O)C4=CC=CC=C4C(C)C,7.5,656.0,33,8,317.1109768086667,428.253008679037
68.7,504.7,CC1=C(C=CC(=C1)C2CCC(CC2)CN(C3=NC=CC(=C3)/C=C/C(=O)OC)C(=O)C4CCCCC4)OC,6.8,756.0,37,9,297.44260040600005,488.2661183211613
52.6,172.18,CCOC(=O)CCOC(=O)C=C,0.9,174.0,12,7,74.42632994313333,160.09678951900045
26.3,183.03,C=CC(=O)OCC(CCl)Cl,2.0,125.0,10,5,67.9897334168,152.34262795687462
26.3,180.17,COC(=O)C(=C)C1=CC=C(C=C1)F,2.4,205.0,13,3,91.89425733793333,166.50214023372718
59.3,245.27,CCCOC(=O)C(=CC1=CC=C(C=C1)OC)C#N,2.9,345.0,18,6,157.33707895966666,236.39546113557978
26.3,208.23,CCOC(=O)/C(=C/C1=CC=C(C=C1)C)/F,3.0,240.0,15,4,127.53139371163331,197.80550781118464
44.1,242.27,CCOC(=O)/C=C/C1=CN(N=C1)C2=CC=CC=C2,2.5,298.0,18,5,165.3085201219667,232.92677093393553
364.0,1026.2,CC1C=CC=CC=CC=CC=CC=CC=CC(CC2C(C(CC(O2)(CC(CC(C(CCC(CC(CC(=O)OC(C(C1O)C)C)O)O)O)O)O)O)O)NC(=O)NCC(CO)CO)OC3C(C(C(C(O3)C)O)N)O,0.3,1810.0,72,7,569.0740403513333,888.3222940838264
55.4,265.28,CC(C)OC(=O)/C(=C/C1=CC=C(C=C1)F)/NC(=O)C,2.5,358.0,19,5,148.42870024033334,242.91256487758403
68.5,271.27,COC(=O)/C(=C/C1=CC=CO1)/NC(=O)C2=CC=CC=C2,2.3,385.0,20,5,164.90460971033335,247.9625216467379
35.5,192.21,COC1=CC=C(C=C1)COC(=O)C=C,2.8,193.0,14,5,99.5085517738,186.22049528626346
110.0,356.3,COC1=CC=C(C=C1)C(=O)N/C(=C\C2=CC(=CC=C2)[N+](=O)[O-])/C(=O)OC,3.0,548.0,26,6,212.7019787825,311.2571272081738
85.2,356.4,COC1=C(C=CC(=C1)C=CCOC(=O)C=CC2=CC(=C(C=C2)O)OC)O,3.6,489.0,26,8,222.9144896313333,326.2093797148413
55.8,362.5,CCCCCCCCCCCCOC(=O)/C=C/C1=CC(=C(C=C1)O)OC,7.4,380.0,26,15,221.20493664466667,363.9923178670218
84.0,472.6,CC(C)C1=CC=CC=C1C2=C(C3=C(S2)C=C(C=C3)O)OC4=CC=C(C=C4)/C=C/C(=O)OC(C)C,8.0,684.0,34,8,323.2767172283333,443.35390332889585
96.5,543.7,CC(C)C1=CC=CC=C1C2=C(C3=C(S2)C=C(C=C3)O)OC4=CC=C(C=C4)/C=C/C(=O)OCCN5CCOCC5,6.8,793.0,39,10,353.35528705,500.79480473367255
55.8,320.4,CC(CCOC(=O)C=CC1=CC(=C(C=C1)O)OC)CC(C)(C)C,5.3,383.0,23,9,194.575231492,315.78536516440846
26.3,126.15,COC(=O)C(=C)CC=C,1.8,136.0,9,4,62.26739961886667,129.91604186600358
35.5,506.11,C=CC(=O)OC(C(C(F)(F)F)(OC(C(C(F)(F)F)(F)F)(F)F)F)(C(F)(F)F)C(F)(F)F,6.7,667.0,31,7,102.6959647614,289.3823318957362
105.0,278.3,CCOC(=O)/C(=C(\C1=CC=CC=C1)/O)/C(=NCCO)N,1.1,385.0,20,7,154.82657093233334,249.04129377385138
62.7,497.6,CN(C)C1=CC=C(C=C1)C2=CC=C(C=C2)CN(C3=NC=CC(=C3)/C=C/C(=O)OC)C(=O)C4CCCCC4,6.1,747.0,37,9,324.44895776033337,486.441422034622
47.9,309.4,CCOC(=O)/C=C/C1=CC=C(C=C1)N=CC2=CC=C(C=C2)OC,3.8,403.0,23,7,220.22505319933336,303.1550895517259
48.1,200.23,C=CC(=O)OCCCCOCC1CO1,1.0,191.0,14,9,91.91677107576668,190.05313278772255
26.3,255.11,COC(=O)/C=C/C1=CC=C(C=C1)CBr,3.2,205.0,14,4,129.47209694256665,186.08411316681838
26.3,230.18,COC(=O)/C=C/C1=CC(=CC=C1)C(F)(F)F,3.5,271.0,16,3,110.97538696083332,192.72344466577363
26.3,194.2,CCOC(=O)/C=C/C1=CC=CC=C1F,2.7,213.0,14,4,111.38044640283334,182.69912734993775
82.1,301.34,CC(C)(C)OC(=O)N(C(=C)C(=O)OC)C(=O)OC(C)(C)C,2.8,413.0,21,7,135.57883795433335,279.1238819772447
39.4,166.17,CCOC(=O)C=CC1=CC=CO1,1.9,175.0,12,4,92.36848310213334,157.612825394912
44.8,312.4,COC1=C(C=C(C=C1)/C=C/C(=O)OCCC2=CC=CC=C2)OC,4.1,374.0,23,8,198.14810379466667,303.07292884237347
26.3,210.65,CCOC(=O)/C=C/C1=CC(=CC=C1)Cl,3.0,213.0,14,4,120.354682212,195.71343021308047
35.5,156.18,COC(=O)C(=C)COCC=C,1.0,161.0,11,6,73.65737509516667,154.07171334443234
39.2,163.17,COC(=O)C=CC1=CC=NC=C1,1.1,171.0,12,3,94.4863426205,157.01860832478818
52.6,240.18,CCOC=C(C(=O)C(F)(F)F)C(=O)OCC,2.1,294.0,16,6,91.80760061943332,190.74532010705886
29.5,155.19,COC(=O)/C=C/N1CCCC1,1.0,160.0,11,3,85.16630191853334,150.89613894342233
50.1,201.22,CCOC(=O)/C=C/C1=CC(=CC=C1)C#N,2.3,287.0,15,4,126.61690157543336,197.2396485985341
46.5,192.21,CCOC(=O)/C=C/C1=CC(=CC=C1)O,2.5,211.0,14,4,114.17964126826666,182.23586700328448
72.1,739.3,CN(CCOC(=O)C=C)S(=O)(=O)CCC(C(C(C(C(C(C(C(C(C(F)(F)F)(F)F)(F)F)(F)F)(F)F)(F)F)(F)F)(F)F)(F)F)(F)F,7.5,1190.0,45,17,198.787121319,454.9233502227643
63.2,177.16,COC(=O)/C(=C/C1=CC=CO1)/C#N,1.6,274.0,13,3,101.3348331935,160.44791143013111
80.6,181.16,C1=C[C@H]([C@H](C(=C1)/C=C/C(=O)[O-])O)O,0.1,283.0,13,1,134.48908268933334,153.79887237122082
26.3,206.28,C=CC(=O)OC1CC2CC1C3C2CCC3,3.5,297.0,15,3,107.42474911033334,197.8487319186624
29.5,225.33,CC1(CC(CC(N1C)(C)C)OC(=O)C=C)C,2.5,276.0,16,3,115.1952227221,227.12409859479976
26.3,231.07,COC(=O)/C=C/C1=C(C=C(C=C1)Cl)Cl,3.3,228.0,14,3,124.01771028363332,197.2110729433744
72.1,603.3,CCCCN(CCOC(=O)C=C)S(=O)(=O)C(C(C(C(C(C(C(F)(F)F)(F)F)(F)F)(F)F)(F)F)(F)F)(F)F,6.5,925.0,37,15,179.228848999,393.7303603635166
26.3,244.21,CCOC(=O)/C=C/C1=CC=CC=C1C(F)(F)F,3.5,284.0,17,4,117.13710306966668,208.16899414202885
72.1,1025.4,CN(CCOC(=O)C=C)S(=O)(=O)CC(C(C(C(C(C(C(C(C(C(C(C(C(C(C(C(F)(F)F)(F)F)(F)F)(F)F)(F)F)(F)F)(F)F)(F)F)(F)F)(F)F)(F)F)(F)F)(F)F)(F)F)(F)F)(F)F,11.2,1760.0,62,22,247.512927433,594.5674731350407
148.0,589.7,CC(=CC[C@@H]1[C@@](O1)(C)[C@H]2[C@@H]([C@@H](CC[C@]23CO3)OC(=O)/C=C/C4=CC=C(C=C4)OCCN(C)C)OC)C.C(=O)(C(=O)O)O,,886.0,42,13,324.089403339,501.8815520084431
140.0,325.29,C1=CC(=CC=C1/C=C/C(=O)[O-])O[C@H]2[C@@H]([C@H]([C@@H]([C@H](O2)CO)O)O)O,0.7,412.0,23,4,258.6330483486667,262.2206469664938
46.5,192.21,COC(=O)C(=C)C(C1=CC=CC=C1)O,1.5,217.0,14,4,96.2713789476,182.06533913694722
52.6,234.25,CC(=O)OC(C1=CC=CC=C1)C(=C)C(=O)OC,2.1,303.0,17,6,115.80427202233334,221.05098326312458
26.3,190.24,CCC(=C)C(=O)OCC1=CC=CC=C1,3.0,202.0,14,5,101.29146328126666,193.23936140305602
35.5,144.17,COCCCOC(=O)C=C,1.3,109.0,10,6,64.67724399286668,140.23842716886816
82.1,377.4,CC(C)(C)OC(=O)N(C(=C)C(=O)OCC1=CC=CC=C1)C(=O)OC(C)(C)C,4.3,536.0,27,9,183.614384588,356.3512507322643
79.6,247.25,CCOC(=O)/C(=C/C1=CC(=C(C=C1)O)OC)/C#N,2.4,368.0,18,5,150.33640156466666,225.1447639623174
53.3,256.3,CCOC(=O)/C(=C/N1CCCC2=CC=CC=C21)/C#N,2.7,408.0,19,4,162.48720178140002,245.21791696901374
72.1,239.2,CCOC(=O)/C(=C/C1=CC=C(C=C1)[N+](=O)[O-])/F,2.9,316.0,17,4,131.53607126506665,202.3144389364928
67.7,394.4,CCOC(=O)/C=C/N1CCN(C1=O)C2=CC=CC3=C2C=NN3C4=CC=CC=C4F,2.8,645.0,29,6,252.9653271393333,351.3891612266233
63.2,191.18,CCOC(=O)C(=CC1=CC=CO1)C#N,2.0,287.0,14,4,107.42741376133334,176.32715710057604
44.8,186.2,CC1(OCC(O1)COC(=O)C=C)C,1.0,210.0,13,4,83.74688901283334,170.59120278417896
44.8,298.3,COC1=CC=C(C=C1)/C=C(/C2=CC=C(C=C2)OC)\C(=O)OC,3.8,375.0,22,6,213.2540064834333,286.47521760852396
72.1,1039.4,CN(CCOC(=O)C=C)S(=O)(=O)CCC(C(C(C(C(C(C(C(C(C(C(C(C(C(C(C(F)(F)F)(F)F)(F)F)(F)F)(F)F)(F)F)(F)F)(F)F)(F)F)(F)F)(F)F)(F)F)(F)F)(F)F)(F)F)(F)F,11.5,1780.0,63,23,252.9888726743333,610.1892748675572
43.4,148.54,COC(=O)C=CC(=O)Cl,1.4,150.0,9,3,57.70179074626666,122.0475050713038
55.4,197.11,COC(=O)C(=C)NC(=O)C(F)(F)F,1.2,246.0,13,3,64.95961730273334,145.13512141427088
200.0,530.5,COC(=O)[C@]1(C[C@H]([C@@H]([C@@H](C1)OC(=O)/C=C/C2=CC(=C(C=C2)O)O)OC(=O)/C=C/C3=CC(=C(C=C3)O)O)O)O,1.9,903.0,38,10,295.80081650533333,436.5919929623454
46.5,144.17,CCC(COC(=O)C=C)O,0.9,120.0,10,5,63.93443108263333,137.09484851510214
166.0,400.4,C1=CC(=CC=C1/C=C/C(=O)OC[C@H](CO[C@H]2[C@@H]([C@H]([C@@H]([C@H](O2)CO)O)O)O)O)O,-1.1,505.0,28,9,193.3088728292333,322.35456746505184
26.3,212.33,CCCCCC(CCC)COC(=O)C=C,4.9,175.0,15,10,115.50880904706668,226.09250699815152
55.8,215.25,CC(C)(C)OC(=O)N(C)C(=C)C(=O)OC,1.7,278.0,15,5,99.64657537393336,204.0256639642863
60.4,163.15,C1=CC(=CC=C1/C=C\C(=O)O)[O-],2.1,178.0,12,2,106.0392244316,145.97916485834472
72.1,939.4,CN(CCOC(=O)C=C)S(=O)(=O)CCC(C(C(C(C(C(C(C(C(C(C(C(C(C(F)(F)F)(F)F)(F)F)(F)F)(F)F)(F)F)(F)F)(F)F)(F)F)(F)F)(F)F)(F)F)(F)F)(F)F,10.2,1580.0,57,21,234.64075210366664,557.8795085361966
95.9,246.22,CCOC(=O)/C(=C/C1=CC=CC=C1[N+](=O)[O-])/C#N,2.0,402.0,18,4,132.67574514166668,215.77624770396648
108.0,371.4,COC1=CC(=CC2=C1O[C@H]([C@@H]2CO)C3=CC(=C(C=C3)O)OC)/C=C/C(=O)[O-],2.8,531.0,27,5,395.891190387,322.8822649767958
59.3,231.25,CCOC(=O)/C(=C/C1=CC(=CC=C1)OC)/C#N,2.7,340.0,17,5,139.46358377700005,220.46933088749557
390.0,1109.0,C1=CC(=C(C=C1/C=C/C(=O)OCC2=CN(N=N2)CC(CN3N=NC(=C3)COC(=O)/C=C/C4=CC(=C(C=C4)O)O)(CN5N=NC(=C5)COC(=O)/C=C/C6=CC(=C(C=C6)O)O)CN7N=NC(=C7)COC(=O)/C=C/C8=CC(=C(C=C8)O)O)O)O,2.3,1870.0,81,28,654.2140659596668,
52.6,184.19,CC(=C)C(=O)OCCOC(=O)C=C,1.6,230.0,13,7,83.86245962106666,173.49404685945862
26.3,264.3,C1=CC=C(C=C1)/C=C/COC(=O)/C=C\C2=CC=CC=C2,4.4,331.0,20,6,167.1403193932,267.24961009147336
234.0,638.6,C[C@H]1[C@@H]([C@H]([C@H]([C@@H](O1)O[C@@H]2[C@H]([C@@H](O[C@@H]([C@H]2OC(=O)/C=C/C3=CC(=C(C=C3)OC)O)CO)OCCC4=CC(=C(C=C4)O)O)O)O)O)O,-0.2,952.0,45,12,321.76289150433337,517.5121955381877
55.4,251.25,CCOC(=O)/C(=C/C1=CC=C(C=C1)F)/NC(=O)C,2.1,333.0,18,5,138.49316665266667,227.52670441286998
52.6,276.33,CCCCCCOC(=O)C1=CC=CC=C1OC(=O)C=C,4.1,324.0,20,10,145.03224613700002,268.66131700817544
68.6,261.269,CCOC(=O)C(=CC1=C(C=CC(=C1)OC)OC)C#N,2.4,382.0,19,6,151.37828211,245.2348568486237
245.0,624.6,C[C@H]1[C@@H]([C@H]([C@H]([C@@H](O1)OC[C@@H]2[C@H]([C@@H]([C@H]([C@@H](O2)OCCC3=CC(=C(C=C3)O)O)O)OC(=O)/C=C/C4=CC(=C(C=C4)O)O)O)O)O)O,-0.5,936.0,44,11,304.39358659833334,498.2556929700447
71.1,546.6,C=CC(=O)OCCOC1=CC=C(C=C1)C2(C3=CC=CC=C3C4=CC=CC=C42)C5=CC=C(C=C5)OCCOC(=O)C=C,7.6,811.0,41,14,334.814746347,518.126970055992
40.1,85.08,CC(=C)C(=O)[O-],1.4,78.0,6,0,40.936527345,80.6166030944029
251.0,666.6,C[C@H]1[C@@H]([C@H]([C@H]([C@@H](O1)O[C@H]2[C@@H]([C@H](O[C@H]([C@@H]2OC(=O)C)OCCC3=CC(=C(C=C3)O)O)COC(=O)/C=C/C4=CC(=C(C=C4)O)O)O)O)O)O,0.1,1040.0,47,13,319.156545685,537.3761321182343
135.0,370.4,COC1=CC(=CC(=C1)/C=C/C(=O)OC)O[C@H]2[C@@H]([C@H]([C@@H]([C@H](O2)CO)O)O)O,-0.2,483.0,26,7,183.7306234623333,305.8391863077549
55.0,166.18,CCOC(=O)/C=C/C1=CN=CN1,0.7,180.0,12,4,94.587956255,153.5078844213572
26.3,179.01,C/C(=C\Br)/C(=O)OC,1.4,118.0,8,2,59.264309816966666,109.00038531900442
61.8,236.2,CCOC(=O)C(=C)P(=O)(OCC)OCC,1.1,264.0,15,8,104.42912404723334,205.62038331509214
78.9,368.4,C=CC(=O)OCCCCOC(=O)OC1=CC=C(C=C1)C(=O)C2=CC=CC=C2,4.6,501.0,27,12,197.38188091333333,341.60899997377203
292.0,756.7,C[C@H]1[C@@H]([C@H]([C@H]([C@@H](O1)OC2=C(OC3=CC(=CC(=C3C2=O)O)O)C4=CC(=C(C=C4)O)O)O[C@H]5[C@@H]([C@H]([C@@H]([C@H](O5)COC(=O)/C=C/C6=CC=C(C=C6)O)O)O)O)O)O,1.0,1370.0,54,10,396.1301583326667,594.1743519512536
35.5,130.139,CCOC(=O)C(=C)OC,1.3,118.0,9,4,57.73465459856666,125.23599878818493
26.3,164.99,COC(=O)/C=C/Br,1.0,87.7,7,2,50.49642706093667,93.14797543143821
85.2,356.4,COC1=CC(=CC(=C1O)OC)/C=C/COC(=O)/C=C/C2=CC=C(C=C2)O,3.6,467.0,26,8,229.32369614933336,326.41418818621946
26.3,156.22,CC(C)CC(C)OC(=O)C=C,2.8,139.0,11,5,78.40674058676667,163.47600785573866
26.3,132.13,CCOC(=O)C(=C)CF,1.2,120.0,9,4,54.651209093400006,121.37800598675148
46.5,266.14,CCOC(=O)C(=C)C(C(F)(F)F)(C(F)(F)F)O,2.3,302.0,17,4,74.30494742703333,183.24465857511925
26.3,312.21,CCOC(=O)/C=C/C1=CC(=CC(=C1)C(F)(F)F)C(F)(F)F,4.8,363.0,21,4,130.49483811786666,239.6324298740028
61.8,172.13,C=CC(=O)OCC1COC(=O)O1,0.8,210.0,12,4,67.0382558007,143.19018472756292
29.3,127.14,COC(=O)/C=C/N1CC1,0.3,138.0,9,3,65.44355232883333,123.63051859499899
46.5,472.7,CCCCCCCCCCCCCCCCCCCCCCOC(=O)C=CC1=CC=C(C=C1)O,12.8,465.0,34,24,283.668450932,496.7147996360315
26.3,222.25,CCCCOC(=O)/C=C/C1=CC=C(C=C1)F,3.6,230.0,16,6,129.34963804196667,214.0701797213988
44.8,222.24,COC1=CC=CC(=C1OC)/C=C/C(=O)OC,2.1,249.0,16,5,132.2380551469,210.12792905937388
35.5,310.4,CC(C)(C1=CC=CC=C1)C2=CC=C(C=C2)OCCOC(=O)C=C,5.2,374.0,23,8,180.05208319,309.8036563531678
72.1,489.3,CN(CCCCOC(=O)C=C)S(=O)(=O)C(C(C(C(C(F)(F)F)(F)F)(F)F)(F)F)(F)F,4.6,728.0,30,12,154.20940043033332,325.38495768832047
55.4,129.11,COC(=O)C(=C)NC=O,0.1,141.0,9,3,53.43985380976667,114.19790831099779
26.3,194.2,CCOC(=O)C=CC1=CC=C(C=C1)F,3.1,205.0,14,4,112.7469599174,182.34271662170474
46.5,172.22,CCCCOC(=O)C(=C)C(C)O,1.5,163.0,12,6,83.4531223478,168.27305802824486
26.3,180.17,COC(=O)C=CC1=CC=C(C=C1)F,2.7,193.0,13,3,100.87843907459668,166.49575554441557
72.1,589.3,CN(CCCCOC(=O)C=C)S(=O)(=O)C(C(C(C(C(C(C(F)(F)F)(F)F)(F)F)(F)F)(F)F)(F)F)(F)F,5.9,909.0,36,14,165.88769784266665,376.9845056487964
26.3,142.2,CC(C)(C)C(=C)C(=O)OC,2.4,151.0,10,3,70.9261258439,146.90183215556902
46.5,192.21,CCOC(=O)C=CC1=CC=C(C=C1)O,2.6,203.0,14,4,115.42299458753332,181.85551556687466
63.2,281.3,CCOC(=O)/C(=C/C1=CC=C(O1)C2=CC=C(C=C2)C)/C#N,3.6,440.0,21,5,201.242325682,268.1718486044121
102.0,408.4,CC1([C@H](CC2=C(O1)C=C3C(=C2)C=CC(=O)O3)OC(=O)/C=C/C4=CC(=C(C=C4)O)O)C,3.9,727.0,30,4,260.889871115,354.2684747173945
213.0,594.5,C1=CC(=CC=C1/C=C/C(=O)O[C@@H]2[C@H]([C@@H]([C@H](O[C@H]2OC3=C(OC4=CC(=CC(=C4C3=O)O)O)C5=CC=C(C=C5)O)CO)O)O)O,3.0,1040.0,43,8,337.854365705,478.891457240864
59.3,231.25,CCOC(=O)/C(=C\C1=CC=C(C=C1)OC)/C#N,2.4,332.0,17,5,149.339181208,220.64578650357512
98.4,293.27,CC(=O)C(=CC1=CC(=CC=C1)[N+](=O)[O-])C(=O)OCCOC,1.7,426.0,21,7,153.89206328126667,255.20839273330662
26.3,222.08,COC(=O)C=C(C(F)(F)F)C(F)(F)F,2.6,232.0,14,2,56.97906862046667,146.64744522653154
46.5,144.17,CCOC(=O)C(=C)C(C)O,0.6,140.0,10,4,65.4547097109,136.72095856090556
50.1,215.25,CCOC(=O)/C(=C/C1=CC=CC(=C1)C)/C#N,2.8,324.0,16,4,135.02689005633331,211.80790450356935
108.0,357.29,CCOC(=O)/C(=C\C1=CC=C(C=C1)[N+](=O)[O-])/P(=O)(OCC)OCC,2.4,496.0,24,9,185.96867846333336,301.89265751632166
35.5,224.23,CCOC(=O)/C(=C/C1=CC=C(C=C1)OC)/F,3.2,255.0,16,5,135.7171145463333,206.54125870244627
63.6,214.26,CCC(C)COC(=O)C=C.C=CC(=O)O,,174.0,15,6,88.26184171450001,166.70362267150855
115.0,361.4,CC1=NN=C(N(C1=O)COC(=O)/C=C/C2=CC3=C(C=C2)OCO3)SC,2.3,633.0,25,6,206.64069191266665,303.5133949777698
44.8,298.3,COC1=CC=C(C=C1)/C=C(\C2=CC=C(C=C2)OC)/C(=O)OC,3.8,375.0,22,6,196.76238885,285.94851326435173
56.6,299.37,CCOC(=O)/C(=C/C1=CC=C(C=C1)N2CCN(CC2)C)/C#N,2.4,450.0,22,5,214.62902285386667,289.156963437414
92.0,375.4,CC1=CC(=CC(=C1)OC2=C(C(=O)N3C=CC=CC3=N2)/C=C(\C#N)/C(=O)OC)C,2.8,875.0,28,5,243.94556333966668,341.8852923355097
90.9,474.5,COC1=CC(=C(C=C1/C=C/COC(=O)/C=C/C2=C(C(=C(C=C2OC)OC)OC)OC)OC)OC,4.1,652.0,34,13,297.5835432563333,438.92976833080775
109.0,222.15,COC(=O)/C(=C/C1=CC=C(O1)[N+](=O)[O-])/C#N,1.5,375.0,16,3,118.98113679733336,180.39318807199925
77.0,418.4,COC1=CC=C(C=C1)/C=C/C(=O)OC2=CC=CC(=C2)/C=N/NC(=O)C3=CC(=CC=C3)F,4.7,646.0,31,8,297.7256749625,382.24749892592035
211.0,516.4,C1C[C@]([C@H]([C@@H]([C@@H]1OC(=O)/C=C/C2=CC(=C(C=C2)O)O)O)O)(C(=O)O)OC(=O)/C=C/C3=CC(=C(C=C3)O)O,2.1,887.0,37,9,275.150133799,416.60077738802
80.8,639.3,C=CC(=O)OCCNCCCS(=O)(=O)C(C(C(C(C(C(C(C(F)(F)F)(F)F)(F)F)(F)F)(F)F)(F)F)(F)F)(F)F,5.9,986.0,39,16,177.734881257,401.4644081191373
89.2,249.22,CC(=O)/C(=C/C1=CC(=CC=C1)[N+](=O)[O-])/C(=O)OC,1.8,382.0,18,4,130.94508956663333,215.2544344248966
46.5,130.139,C[C@H](CO)OC(=O)C=C,0.5,109.0,9,4,56.92179477940001,121.19171105754734
76.0,286.28,COC1=CC=C(C=C1)OC(=O)/C=C/C2=C(C=C(C=C2)O)O,3.0,360.0,21,5,180.94437443633333,256.72678873434035
55.8,264.32,CCCCCOC(=O)/C=C/C1=CC(=C(C=C1)O)OC,3.6,288.0,19,8,158.7818230903,253.54883142057525
66.8,488.7,CCCCCCCCCCCCCCCCCCCCCCOC(=O)C=CC1=CC(=C(C=C1)O)O,13.3,504.0,35,24,289.34528503133333,500.2189420065232
78.3,207.25,CCOC(=O)C(=CC1=CSC=C1)C#N,2.1,290.0,14,4,111.83368778786668,186.71903169353624
99.0,341.3,COC1=CC(=CC(=C1[O-])/C=C/C2=CC(=C(C=C2)O)OC)/C=C/C(=O)O,4.0,488.0,25,6,344.1109354786666,305.50665602755305
85.2,648.9,CC(=C)[C@@H]1CC[C@]2([C@H]1[C@H]3CC[C@@H]4[C@]5(CC[C@@H](C([C@@H]5CC[C@]4([C@@]3(CC2)C)C)(C)C)OC(=O)/C=C/C6=CC(=C(C(=C6)OC)O)OC)C)CO,10.5,1210.0,47,8,383.07137817566667,620.2891799886136
35.5,268.31,CC1=CC=C(C=C1)OC(=O)/C=C/C2=CC=C(C=C2)OC,4.1,321.0,20,5,186.9852831928,263.26936751989666
70.4,253.68,C/C(=C(/C(=N)C1=CC=CC=C1Cl)\C(=O)OC)/O,3.2,352.0,17,4,127.18404627773332,219.40114753881394
26.3,260.399,CCOC(=O)C=CC1=C(C=C(C=C1)C(C)C)C(C)C,4.8,304.0,19,6,157.63863606133333,271.0539139041405
26.3,252.31,CCOC(=O)/C=C/C1=CC=C(C=C1)C2=CC=CC=C2,4.6,294.0,19,5,187.49945321426665,254.3932823439738
59.3,321.4,C=CC(=O)OCCCCOC1=CC=C(C=C1)C2=CC=C(C=C2)C#N,4.4,437.0,24,9,206.4452551153333,313.8243875746879
150.0,537.3,CCOC(=O)/C=C/C1=CN(N=C1C(=O)N)CC(=O)N2C[C@@H](C[C@H]2C(=O)NC3=NC(=CC=C3)Br)F,1.5,817.0,34,9,254.69365494366664,396.9640514089109
107.0,446.5,CCOC(=O)/C=C/C1=CC(=C2C3=C1NC(=O)N3[C@H](CO2)C4=CC=CC=N4)C5=C(ON=C5C)C,2.5,778.0,33,6,272.01660567766663,389.7853346066505
56.5,258.269,CC/C=C\C#CC(=O)C1=CC=C(O1)/C=C/C(=O)OC,3.4,447.0,19,5,174.49684631073333,248.7998199089569
26.3,142.2,CCCC(=C)C(=O)OCC,2.4,127.0,10,5,72.10274508136666,147.69684855094408
65.0,218.25,CC(=C)C(=O)OCCOCCOCCO,0.2,190.0,15,10,93.43785916433336,200.27267708670877
55.8,502.8,CCCCCCCCCCCCCCCCCCCCCCOC(=O)C=CC1=CC(=C(C=C1)O)OC,12.8,518.0,36,25,291.1966668846666,520.1751981060235
52.6,652.0,CC(C)(C1=CC(=C(C(=C1)Br)OC(=O)C=C)Br)C2=CC(=C(C(=C2)Br)OC(=O)C=C)Br,8.2,562.0,29,8,256.3669590806667,359.71614570129253
52.6,240.18,CCO/C=C(\C(=O)C(F)(F)F)/C(=O)OCC,2.1,294.0,16,6,91.97166224646666,191.06412822494957
72.1,839.4,CN(CCOC(=O)C=C)S(=O)(=O)CCC(C(C(C(C(C(C(C(C(C(C(C(F)(F)F)(F)F)(F)F)(F)F)(F)F)(F)F)(F)F)(F)F)(F)F)(F)F)(F)F)(F)F,8.8,1380.0,51,19,214.8358942063333,506.3082067501969
71.1,342.32,CCOC(=O)/C(=C\C1=CC=C(C=C1)OC)/P(=O)(OCC)OCC,2.6,430.0,23,10,189.54208340533333,306.4950389208966
58.9,346.2,CCOC(=O)/C(=C(/C1=CC(=C(C=C1Cl)Cl)F)\O)/C=NC2CC2,4.2,479.0,22,6,179.8064134123333,288.472130284068
65.9,240.26,CCOC(=O)/C(=C\C1=CNC2=CC=CC=C21)/C#N,2.6,394.0,18,4,155.70370290066666,224.44127686246892
313.0,865.8,C1=CC(=C(C=C1/C=C/C(=O)OCC2=CN(N=N2)CC(CO)(CN3N=NC(=C3)COC(=O)/C=C/C4=CC(=C(C=C4)O)O)CN5N=NC(=C5)COC(=O)/C=C/C6=CC(=C(C=C6)O)O)O)O,1.1,1410.0,63,22,491.2026623766666,
68.8,240.28,CC1=CC=C(C=C1)S(=O)(=O)/C=C/C(=O)OC,1.5,356.0,16,4,122.48933700766668,207.61248358288148
55.0,308.4,CCOC(=O)/C(=C/C1=C(N(C(=C1)C)C2=CC=C(C=C2)C)C)/C#N,4.1,497.0,23,5,206.438018435,303.68914688915464
87.0,300.3,C1=CC(=CC=C1CCOC(=O)/C=C/C2=CC(=C(C=C2)O)O)O,3.9,373.0,22,6,173.3986104521667,268.3743444958087
66.8,194.18,COC(=O)C=CC1=C(C=CC(=C1)O)O,1.5,224.0,14,3,102.73968898953332,171.12673814259213
76.7,412.3,COC1=C(C=C(C=C1)C(F)(F)F)NC(=O)NC2=C(C=CC=C2F)/C=C/C(=O)OC,3.7,599.0,29,6,216.2461937776667,337.8052004752517
35.5,192.21,COC1=CC=CC=C1/C=C/C(=O)OC,2.1,211.0,14,4,117.5241252318,186.47002831214482
38.8,185.22,C=CC(=O)OCCN1CCOCC1,0.4,176.0,13,5,84.10318861706666,173.24533440657083
54.5,182.24,CCOC(=O)/C=C/C1=CC=CS1,2.4,177.0,12,4,107.97379636236668,168.0955480510472
65.2,271.11,CCOC(=O)/C=C/C1=C(N=CC(=C1)Br)N,1.8,246.0,15,4,131.0009863115,187.26100591627747
63.0,202.21,CCOC(=O)/C(=C/C1=CN=CC=C1)/C#N,1.4,301.0,15,4,118.79022832733334,191.32511932899533
52.3,177.2,COC(=O)/C=C/C1=CC(=CC=C1)N,1.5,201.0,13,3,109.05209943416666,168.31237296088463
52.3,191.23,CCOC(=O)/C=C/C1=CC(=CC=C1)N,2.3,213.0,14,4,118.16203133393331,184.116333829501
52.6,320.24,CCOC=C(C(=O)C1=CC(=C(C(=C1F)F)F)F)C(=O)OCC,3.0,441.0,22,7,137.72481886133335,255.78327071980897
26.3,196.63,COC(=O)/C=C/C1=CC=CC=C1Cl,2.9,201.0,13,3,106.75800794933332,179.43609897066565
39.2,205.25,CC(C)(C)OC(=O)/C=C/C1=CC=CC=N1,2.2,241.0,15,4,123.13893068973334,203.82166502651924
64.599,291.34,CCOC(=O)/C=C/C1=CC=C(C=C1)NC(=O)OC(C)(C)C,3.1,376.0,21,7,184.74962996143333,278.33339317728957
52.3,177.2,COC(=O)/C=C/C1=CC=CC=C1N,1.5,201.0,13,3,110.751817496,168.11743291904938
44.8,200.23,CCOC(=O)/C=C/[C@H]1COC(O1)(C)C,1.0,232.0,14,4,97.81683471993334,185.94489752016435
43.6,216.24,CCOC(=O)/C=C/C1=CN=C2N1C=CC=C2,2.4,278.0,16,4,138.5839008589,203.29729343266246
72.1,241.63,COC(=O)/C=C/C1=CC(=C(C=C1)Cl)[N+](=O)[O-],2.7,300.0,16,3,130.29394666983333,199.73711317273026
54.0,252.26,COC1=C(C(=C(C=C1)/C=C/C(=O)OC)OC)OC,2.1,289.0,18,6,150.723581241,234.75848443381437
42.1,151.16,COC(=O)/C=C/C1=CNC=C1,1.0,166.0,11,3,86.15717954833333,142.61284732594598
63.2,191.18,CCOC(=O)/C(=C\C1=CC=CO1)/C#N,2.0,287.0,14,4,107.44072773183332,176.8205305232611
26.3,210.31,C[C@@H]1CC[C@H]([C@@H](C1)OC(=O)C=C)C(C)C,4.2,233.0,15,4,112.27300970163331,215.51848665581463
26.3,196.63,COC(=O)/C=C/C1=CC(=CC=C1)Cl,2.6,201.0,13,3,111.10115437093334,179.88226263467627
51.6,160.24,CCSCCOC(=O)C=C,1.5,112.0,10,6,74.75312269933333,152.049479115535
50.1,269.22,CCOC(=O)/C(=C/C1=CC=C(C=C1)C(F)(F)F)/C#N,3.3,398.0,19,4,134.44893938133333,227.24887841420906
35.5,156.18,C=CCOCCOC(=O)C=C,1.2,140.0,11,7,73.22481403473334,154.20988910697224
52.1,164.16,COC(=O)/C=C/C1=CN=CN=C1,0.5,174.0,12,3,91.23566342333334,151.9191495471726
65.0,204.22,C=CC(=O)OCCOCCOCCO,-0.3,157.0,14,10,87.80956984113334,184.88019859019644
35.5,282.3,CCOC(=O)/C=C/C1=CC=C(C=C1)OCC2=CC=CC=C2,4.5,323.0,21,7,182.04131493066663,279.17484580587984
26.3,231.07,COC(=O)/C=C/C1=CC(=C(C=C1)Cl)Cl,3.5,228.0,14,3,125.9229363449,197.35554043716044
26.3,236.11,CC(C(F)(F)F)(C(F)(F)F)OC(=O)C=C,3.2,250.0,15,3,62.65083465753333,162.39831441121703
44.8,312.4,CCOC(=O)/C=C/C1=CC(=C(C=C1)OCC2=CC=CC=C2)OC,3.8,374.0,23,8,207.023255771,304.0027825688458
66.8,188.22,CCC(CO)(CO)COC(=O)C=C,0.3,173.0,13,7,83.3017454109,172.78265460382346
65.2,271.11,CCOC(=O)/C=C/C1=CN=CC(=C1N)Br,1.5,246.0,15,4,128.3158180664,187.6220512851446
75.7,370.4,CC1=C(C=CC(=C1)N=NC2=CC=C(C=C2)N=NC3=CC=CC=C3)OC(=O)C=C,6.2,563.0,28,7,278.373199125,349.4979279952117
61.9,569.7,CNC1=CC2=C(C=C1)C=C(C=C2)C(=O)N(CC3=CC=C(C=C3)C4=CC=C(C=C4)N(C)C)C5=CC=CC(=C5)/C=C/C(=O)OC,7.7,920.0,43,10,416.798579269,555.7534071655391
52.6,158.15,CCOC(=O)COC(=O)C=C,1.0,162.0,11,6,66.42077601109999,144.3983177320589
42.1,215.25,CCOC(=O)/C=C/C1=CNC2=CC=CC=C21,2.9,275.0,16,4,139.06146210173333,205.51123370117028
74.2,248.27,C=CC(=O)OCCOCCOCCOCCO,-0.4,194.0,17,13,105.66395301963333,224.40061478866104
68.8,254.3,CCOC(=O)C(=C)CS(=O)(=O)C1=CC=CC=C1,1.8,372.0,17,6,124.47918552443336,224.35458026415895
26.3,240.38,CCCCCCCCCCC(C)OC(=O)C=C,6.2,199.0,17,12,131.9733620383333,258.04253243828117
39.4,166.17,CCOC(=O)/C=C/C1=COC=C1,1.6,175.0,12,4,90.00980223873334,157.44462230726234
71.8,419.2,CCOC(=O)/C(=C(/C1=CC(=C(N=C1Cl)Cl)F)\O)/C=NC2=C(C=C(C=C2)F)F,5.2,594.0,27,6,215.2022009233333,328.28321557281254
39.2,213.23,COC(=O)/C=C/C1=CN=CC2=CC=CC=C21,2.4,275.0,16,3,139.61768101016665,203.23782706979682
46.5,164.16,C=CC(=O)OC1=CC=C(C=C1)O,1.9,169.0,12,3,85.20029274166667,150.8412333579647
50.1,201.22,CCOC(=O)/C=C/C1=CC=CC=C1C#N,2.3,287.0,15,4,122.43435833686668,197.0366743671444
52.3,191.23,CCOC(=O)/C=C/C1=CC=CC=C1N,1.9,213.0,14,4,119.75560390516668,183.99693234390273
35.5,192.21,COC1=CC=CC(=C1)/C=C/C(=O)OC,2.4,211.0,14,4,115.5706862623,186.17426399334425
26.3,198.17,COC(=O)/C=C/C1=C(C=CC=C1F)F,2.4,218.0,14,3,102.8173756224,171.57210269342139
26.3,241.08,COC(=O)/C=C/C1=CC=CC=C1Br,2.9,201.0,13,3,109.23477577903334,169.78678970966368
57.0,393.28,CC(C)OC(=O)/C=C\N1C=NC(=N1)C2=CC(=CC(=C2)C(F)(F)F)C(F)(F)F,4.3,527.0,27,5,173.08600472396665,304.94214465261473
72.1,249.26,CCCCOC(=O)/C=C/C1=CC=C(C=C1)[N+](=O)[O-],3.7,301.0,18,6,147.11054900743332,228.9750284823363
26.3,208.3,C[C@]12CC[C@H](C1(C)C)C[C@H]2OC(=O)C=C,3.9,306.0,15,3,109.95447453493334,207.41131298075462
39.2,199.2,C=CC(=O)OC1=CC=CC2=C1N=CC=C2,2.6,252.0,15,3,116.34163355833334,188.24338936881713
80.7,200.19,CC(=O)CC(=O)OC(=O)C(=C)CCO,-0.1,266.0,14,7,87.40064790546667,174.73126797987638
26.3,251.5,C=CC(=O)OC1=CC(=C(C=C1Cl)Cl)Cl,4.1,232.0,14,3,111.16462832783331,199.75087749278654
26.3,203.45,C=CC(=O)OCC(Cl)(Cl)Cl,2.8,138.0,10,3,70.5744084427,154.2692830847368
52.3,195.19,COC(=O)/C=C/C1=C(C(=CC=C1)F)N,1.6,230.0,14,3,109.34307460586666,173.24262774067708
26.3,140.18,C=CCCCOC(=O)C=C,2.6,127.0,10,6,69.3301390076,146.16149176855964
26.3,156.22,CCCCC(C)OC(=O)C=C,2.9,130.0,11,6,79.36639241403334,163.53969306090607
63.0,202.21,CCOC(=O)/C(=C/C1=CC=CC=N1)/C#N,1.5,301.0,15,4,119.06411746826666,191.77969106785415
78.0,234.15,COC(=O)C(=C)OS(=O)(=O)C(F)(F)F,1.7,335.0,14,4,69.16576648043333,155.09782761725154
26.3,204.26,CCOC(=O)C(=C)CCC1=CC=CC=C1,3.3,215.0,15,6,106.8665200018,208.954048026772
38.3,177.2,COC(=O)/C=C/NC1=CC=CC=C1,2.5,183.0,13,4,114.67792995793332,171.62217653155298
26.3,198.17,COC(=O)/C=C/C1=CC(=C(C=C1)F)F,2.4,228.0,14,3,105.00919302736666,171.86572503931157
26.3,196.63,COC(=O)C(=C)C1=CC=C(C=C1)Cl,3.0,205.0,13,3,101.9887442421,179.46729505131017
46.5,206.24,CC1=CC=C(C=C1)C(C(=C)C(=O)OC)O,1.9,239.0,15,4,108.2854782426,197.94545436170995
39.2,205.25,CCC1=CN=C(C=C1)CCOC(=O)C=C,2.4,216.0,15,6,109.34350175113332,203.98397651823885
52.6,262.3,CC(C)(COC(=O)C=C)COC(=O)C1=CC=CC=C1,3.4,327.0,19,8,136.31421419503332,252.45969002893852
44.8,200.23,CCOC(=O)/C=C\[C@H]1COC(O1)(C)C,1.0,232.0,14,4,91.75837673993333,185.72917480674525
68.8,178.21,COC(=O)C(=C)CS(=O)(=O)C,-0.1,257.0,11,4,77.03302964416667,146.86434453009437
35.5,332.5,CCC(C)(C)C1=CC(=C(C=C1)OCCOC(=O)C=C)C(C)(C)CC,6.8,411.0,24,10,185.486735803,341.9760117472295
147.0,464.5,CCOC(=O)/C(=C\C1=CC=C(C=C1)[N+](=O)[O-])/C(=O)C2=CC(=C(S2)NC3=CC=CC=C3)C(=O)C,6.1,765.0,33,9,312.3292100593333,403.08900918653427
221.0,671.8,CCCCCCCCOC1=CC=C(C=C1)NC(=O)C(CCCN)NC(=O)[C@@]2(C[C@H]([C@H]([C@@H](C2)OC(=O)/C=C/C3=CC(=C(C=C3)O)O)O)O)O,3.4,1020.0,48,19,357.860971715,593.8286105181642
26.3,245.1,CCOC(=O)/C=C/C1=C(C=C(C=C1)Cl)Cl,3.7,241.0,15,4,134.2203473356333,212.71951237800488
44.8,312.4,CCOC(=O)C=C(C1=CC=C(C=C1)OC)C2=CC=C(C=C2)OC,4.4,362.0,23,7,199.529999847,302.0690738190664
62.6,350.4,CCOC1=CC=C(C=C1)N(C)C2=CC=C(C=C2)/C=C(\C#N)/C(=O)OCC,4.4,521.0,26,8,269.4810499523333,341.3194642129171
46.5,196.17,COC(=O)/C=C/C1=C(C=CC(=C1)F)O,1.9,227.0,14,3,107.76446294796666,171.50745722567143
26.3,320.4,C=CC(=O)OC1=C(C(=C(C(=C1Cl)Cl)Cl)Cl)Cl,5.4,269.0,16,3,135.75316863146665,234.47796654998012
26.3,220.31,C=CC(=O)OCC1CCC2C1C3CCC2C3,3.8,310.0,16,4,112.8765208033,213.63386197472317
44.8,228.28,CCC1(COC(OC1)(C)C)COC(=O)C=C,1.9,260.0,16,5,107.46052482006668,216.6898121063925
46.5,158.19,CC(C)(CO)COC(=O)C=C,1.2,149.0,11,5,72.64870175363335,151.91466617449146
86.5,286.31,COC(=O)/C=C/C1=CC(=O)N2C3=CC=CC=C3N=C2S1,2.3,489.0,20,3,179.12032095353334,243.05519584887836
26.3,212.19,CCOC(=O)/C=C/C1=CC(=C(C=C1)F)F,2.8,241.0,15,4,115.03192187733332,187.54185534277502
63.2,285.27,CCOC(=O)/C(=C/C1=CC=C(O1)C2=CC=C(C=C2)F)/C#N,3.4,446.0,21,5,187.83607435066665,258.598004242631
43.4,218.25,CCOC(=O)/C=C/C1=CC(=CC=C1)C(=O)C,2.3,281.0,16,5,133.14036940603333,212.03580293935522
31.2,229.27,CCOC(=O)/C=C/C1=CN(C2=CC=CC=C21)C,2.6,301.0,17,4,153.2290097647,224.32310938383327
76.7,412.3,COC1=C(C=C(C=C1)C(F)(F)F)NC(=O)NC2=C(C=CC=C2F)/C=C\C(=O)OC,3.7,599.0,29,6,200.19581718,336.73181062368894
44.1,378.4,CCOC(=O)/C=C/C1=C(N=C(N1C2=CC=C(C=C2)F)C3=CC=CC=C3)C(C)C,5.3,525.0,28,7,254.3398788483333,360.50352570166183
38.3,211.3,CC1(CC(CC(N1)(C)C)OC(=O)C=C)C,2.1,253.0,15,3,108.25079743583332,209.85871236872765
44.1,228.25,COC(=O)/C=C/C1=CC=C(C=C1)N2C=CN=C2,2.0,283.0,17,4,157.4546340192,217.58607407419623
55.4,157.17,CNC(=O)CCOC(=O)C=C,0.0,165.0,11,5,69.03453383353333,145.5993659243245
70.4,359.2,CCOC(=O)C(=CN(C)C)C(=O)C1=CC(=C(C(=C1Cl)C#N)Cl)F,3.5,544.0,23,6,183.8429756241333,299.09813161280306
39.2,205.25,CC(C)(C)OC(=O)/C=C/C1=CN=CC=C1,2.1,241.0,15,4,121.87550887333336,204.06747887930504
58.6,248.28,CN(C)/C=C(\C(=O)OC)/NC(=O)C1=CC=CC=C1,1.5,331.0,18,5,146.1148389238,234.68428863374058
73.0,382.5,CC(C)(C)OC(=O)/C=C/C1=CC=C(C=C1)OC2=CSC3=C2C=CC(=C3)OC,5.7,519.0,27,7,248.296206736,356.36389276933346
26.3,194.2,CCOC(=O)C(=C)C1=CC=C(C=C1)F,2.8,217.0,14,4,101.34955864896666,182.39219615132438
44.8,220.22,CCOC(=O)/C=C\C1=CC2=C(C=C1)OCO2,2.7,274.0,16,4,121.469480725,199.86880800173918
94.1,330.33,CCOC(=O)/C(=C/C1=C(N(C2=C1C=C(C=C2)[N+](=O)[O-])C)C)/C(=O)C,2.8,554.0,24,5,196.82727946866663,292.8793239332441
55.8,208.21,COC1=CC(=C(C=C1)O)/C=C/C(=O)OC,1.8,237.0,15,4,122.8062928403,190.61409260795077
44.8,206.19,COC(=O)C=CC1=CC2=C(C=C1)OCO2,2.4,261.0,15,3,122.52838240396666,184.75576515079507
78.8,191.19,CCOC(=O)/C(=C/C1=CN=CN1)/C#N,0.7,290.0,14,4,108.06794533646666,172.49395606444847
26.3,352.6,CC(C)CCCCCCCCCCCCCCCCCOC(=O)C=C,10.7,297.0,25,20,196.403487825,384.1305559960728
118.0,208.1,C=CC(=O)OCC([N+](=O)[O-])([N+](=O)[O-])F,0.9,265.0,14,4,72.16981311490001,146.0882819417189
72.1,173.17,CCC(COC(=O)C=C)[N+](=O)[O-],1.4,184.0,12,5,73.2274105832,152.36173050347477
26.3,188.22,C=CC(=O)OC/C=C/C1=CC=CC=C1,3.0,212.0,14,5,113.41362841586664,190.39848075559902
72.8,278.3,CC(C)(C(=O)C1=CC=C(C=C1)OCCOC(=O)C=C)O,2.0,353.0,20,8,147.22225771733335,257.1660747501972
58.6,186.21,CC(=O)NC(=CN(C)C)C(=O)OC,-0.1,234.0,13,4,94.7827883336,173.5069733698566
65.9,254.28,CC(C)OC(=O)/C(=C/C1=CNC2=CC=CC=C21)/C#N,3.1,419.0,19,4,161.6431229083,240.1829356888497
26.3,196.63,COC(=O)C(=C)C1=CC=CC=C1Cl,3.0,213.0,13,3,98.47952753023333,178.9138909174948
29.5,171.24,CC(C)(C)OC(=O)/C=C/N(C)C,1.5,178.0,12,4,93.33275283393333,176.16300546777384
61.8,346.74,CCOC(=O)/C(=C\C1=CC=CC=C1Cl)/P(=O)(OCC)OCC,3.2,428.0,22,9,176.67286124766667,299.5663784186711
116.0,360.4,COC1=CC(=CC(=C1O)O)CCCOC(=O)/C=C/C2=CC(=C(C=C2)O)O,3.9,467.0,26,8,204.5366984453333,313.5209601893186
65.099,341.4,COC(=O)/C=C/C1=CC(=CC=C1)C2=CC(=O)C=C(O2)N3CCOCC3,2.0,601.0,25,5,206.89465544466668,309.35317554686753
66.8,296.3,COC(=O)/C=C/C1=CC=C(C=C1)/C=C/C2=CC(=C(C=C2)O)O,3.7,407.0,22,5,259.6966331946667,277.0396986949153
52.3,259.22,CCOC(=O)/C=C/C1=C(C=CC(=C1)C(F)(F)F)N,2.8,315.0,18,4,130.94351801243332,215.15120820892233
46.5,268.31,C1=CC=C(C=C1)CCOC(=O)/C=C/C2=CC(=CC=C2)O,3.8,318.0,20,6,162.30340304933335,258.66337870717075
89.9,351.4,CC1=NC=C(N1CCOC(=O)/C=C/C2=CC=CC3=CC=CC=C32)[N+](=O)[O-],3.6,533.0,26,6,209.64256732933333,315.3554093986889
136.0,346.29,CC1=NC=C(N1CCOC(=O)/C=C/C2=CC(=CC=C2)[N+](=O)[O-])[N+](=O)[O-],2.2,529.0,25,6,178.25194953503333,288.55990971094866
99.2,331.32,CC1=NC=C(N1CCOC(=O)/C=C/C2=CC(=CC=C2)OC)[N+](=O)[O-],2.4,465.0,24,7,178.46429589303332,293.2936241069519
62.6,286.33,CCOC(=O)/C(=C\C1=CC=C(C=C1)N2CCOCC2)/C#N,2.2,424.0,21,5,199.451679937,269.20749071088215
77.5,388.4,COC(=O)/C(=C\C1=CN=CC=C1)/NC(=O)C2=CC=C(C=C2)OCC3=CC=CC=C3,3.6,563.0,29,8,253.52621952566665,364.2925331896538
73.2,449.8,CC1=NN(C(=C1/C=C/C(=O)OCC(=O)NC2=C(C=C(C=C2)F)F)Cl)C3=CC=C(C=C3)F,4.7,663.0,31,7,248.22988513433333,370.98498912502004
98.0,314.34,CCOC(=O)/C(=C(\C1=CC=CC=C1)/O)/C(=NCC2=CC=CO2)N,2.5,467.0,23,7,173.83180324333333,284.92921250487643
47.6,405.5,CCOC(=O)C(=C)[C@@H](C1=CC=C(C=C1)OCC2=CC=CC=C2)NC3=CC=C(C=C3)F,6.4,533.0,30,10,222.6132491843333,387.00379311691
92.4,237.21,COC(=O)C(=C)C(C1=CC(=CC=C1)[N+](=O)[O-])O,1.4,322.0,17,4,110.58382924176668,202.46627622423784
26.3,220.31,C=CC(=O)OCC1CC2CC1C3C2CCC3,3.8,310.0,16,4,113.15082760433334,213.98782037827317
46.5,260.209,COC(=O)C(=C)C(C1=CC=C(C=C1)C(F)(F)F)O,2.4,317.0,18,4,107.015726183,212.9896910294797
89.2,263.25,CCOC(=O)/C(=C/C1=CC=C(C=C1)[N+](=O)[O-])/C(=O)C,2.2,388.0,19,5,147.876804517,231.54433624864504
55.4,359.4,CC(C)OC(=O)/C(=C\C1=CC=CC2=CC=CC=C21)/NC(=O)C3=CC=CC=C3,5.3,548.0,27,6,232.01210193466667,345.8076211769108
69.9,408.3,CC(C)OC(=O)C(=C)CN1N=C(N=N1)C2=CC(=CC(=C2)C(F)(F)F)C(F)(F)F,4.7,559.0,28,6,171.9983219863333,314.14665182923346
103.0,451.4,CCOC(=O)/C=C/C1=CN=C(C=C1)C(C(CN2C=NN=N2)(C3=C(C=C(C=C3)F)F)O)(F)F,2.1,673.0,32,9,213.736496122,364.2468921794393
37.3,142.2,CC(C)CC=C(C)C(=O)O,2.2,145.0,10,3,74.86828880656667,142.87296025539422
82.7,371.2,CCOC(=O)/C(=C(/C1=CC(=C(C(=C1Cl)C#N)Cl)F)\O)/C=NC2CC2,3.9,597.0,24,6,197.65809008466667,308.0272355942989
46.6,301.26,CCOC(=O)/C(=C\N(C)C)/C(=O)C1=CC(=C(C=C1F)F)F,2.7,426.0,21,6,145.91388431373332,255.04271123242617
26.3,202.27,C=CC(=O)OCCCCCCCCF,4.0,157.0,14,10,95.50062040806668,200.13579476605435
71.1,432.4,COC1=CC=C(C=C1)OC2=COC3=C(C2=O)C=CC(=C3)OC(=O)/C=C/C4=CC=C(C=C4)F,5.2,718.0,32,7,283.1101590815333,382.404496328827
86.2,430.5,COC1=C(C=C(C=C1)/C=C/C(=O)OC2=CC=C(C=C2)/C=N/NC(=O)C3=CC=CC=C3)OC,4.6,651.0,32,9,321.89632541733334,401.02815823231236
98.6,457.5,CCOC1=C(C=CC(=C1)C(=S)N2CCOCC2)OC(=O)/C=C/C3=CC(=C(C=C3)OC)OC,3.7,638.0,32,9,292.320441307,416.20137198616897
81.7,261.23,COC(=O)/C(=C/C1=CC=CO1)/NC(=O)C2=CC=CO2,1.7,379.0,19,5,149.47474261066665,227.72203877083183
81.7,340.13,COC(=O)/C(=C/C1=CC=CO1)/NC(=O)C2=CC=C(O2)Br,2.8,412.0,20,5,164.91823555733333,236.15861258539226
110.0,426.5,CC(C)COC1=CC=C(C=C1)C(=O)N/C(=C\C2=CC(=CC=C2)[N+](=O)[O-])/C(=O)OC(C)C,5.2,647.0,31,9,257.617800464,390.2178080882828
81.4,299.28,COC1=CC=C(C=C1)OC(=O)/C=C/C2=CC=C(C=C2)[N+](=O)[O-],3.6,401.0,22,5,192.1661294956,267.31436281483406
84.9,290.36,CCOC(=O)/C(=C(\C1=CC=CC=C1)/O)/C(=NCC(C)C)N,3.1,408.0,21,7,160.86328375666668,275.3472215824447
78.9,342.4,CCCCOC(=O)C(=C)C.CCOC(=O)C=C.CC(=C)C(=O)OC,,298.0,24,10,193.325711209,192.630213566458
46.5,130.139,C[C@H](C(=C)C(=O)OC)O,0.2,128.0,9,3,56.90117428586667,121.24953900640885
26.3,288.29,CCOC(=O)C=C(C1=CC(=CC=C1)F)C2=CC(=CC=C2)F,4.7,357.0,21,5,161.58564628533335,263.2863373412781
38.3,337.7,CCOC(=O)/C(=C\NC1=C(C=C(C=C1)F)F)/C2=CC=C(C=C2)Cl,5.3,425.0,23,6,209.898878954,291.1797289600565
68.1,343.3,CCOC(=O)/C(=C(\C1=CC(=C(C(=C1F)OC)F)F)/O)/C=NC2CC2,3.1,522.0,24,7,184.8983191793333,287.8920578612291
92.4,251.23,CCOC(=O)C(=C)C(C1=CC(=CC=C1)[N+](=O)[O-])O,1.7,336.0,18,5,118.95610202433332,217.80002407523534
46.5,275.12,CCOC(=O)C(=C)C(C1=C(C=C(C=C1)Cl)Cl)O,3.1,294.0,17,5,124.29987930876666,233.2718987225327
44.8,328.4,CC1(C2CCC1(C(C2)OC(=O)/C=C/C3=CC4=C(C=C3)OCO4)C)C,5.0,540.0,24,4,198.65538089066663,307.14498514090855
72.0,499.6,CN(C)C1=CC=C(C=C1)C2=CC=C(C=C2)CN(C3=NC=CC(=C3)/C=C/C(=O)OC)C(=O)C4CCOCC4,4.4,750.0,37,9,320.68171482866666,478.67031029888756
62.7,497.6,CN(C)C1=CC=C(C=C1)C2=CC=C(C=C2)CN(C3=CC(=NC=C3)/C=C/C(=O)OC)C(=O)C4CCCCC4,5.9,747.0,37,9,335.57278416233333,486.0910764240009
123.0,534.5,CC(C)(C)OC(=O)/C(=C/C1=CC=CO1)/NC2=NC=C(N=C2CC3=CC=CC=C3F)C4=C(C(=CC=C4)[N+](=O)[O-])F,5.9,879.0,39,9,345.608862513,464.8101674249328
67.4,193.22,COC(=O)/C=C/C1=CSC(=N1)C#C,1.5,266.0,13,4,115.5043692953,175.01757409128723
26.3,244.26,CCOC(=O)/C(=C/C1=CC2=CC=CC=C2C=C1)/F,4.1,325.0,18,4,162.11934083673333,229.3885583532793
174.0,734.8,CC(C1OCC2(CO1)COC(OC2)C(COC(=O)/C(=C/C3=CC(=C(C=C3)OC)OC)/C#N)(C)C)(COC(=O)/C(=C/C4=CC(=C(C=C4)OC)OC)/C#N)C,5.7,1300.0,53,16,420.9904179376667,663.682807693069
43.4,284.28,CC(=O)C1=CC=CC=C1OC(=O)/C=C/C2=CC=C(C=C2)F,3.1,397.0,21,5,177.6204624466667,262.85622849353075
52.3,225.67,CCOC(=O)/C=C(/C1=CC=C(C=C1)Cl)\N,2.9,245.0,15,4,125.0542889599,201.66172553612114
46.5,220.26,CCOC(=O)C(=C)CC(C1=CC=CC=C1)O,2.2,242.0,16,6,109.76163210946667,213.83201093593075
76.0,518.799,COC1=C(C=CC(=C1)/C=C/C(=O)OCCCCCCCCCCCCCCCCCCCCCCO)O,11.2,535.0,37,26,310.95438953533335,526.6230763922131
72.1,207.18,C=CC(=O)OCC1=CC=CC=C1[N+](=O)[O-],2.4,259.0,15,4,96.68332216993332,181.62545237732058
26.3,408.7,CCCCCCCCCCCCCCCCCCCCCCCCOC(=O)C=C,12.7,337.0,29,25,226.277927184,447.4091431280217
26.3,268.4,CC(C)CCCCCCCCCCCOC(=O)C=C,7.5,221.0,19,14,145.372172387,289.5370380759591
26.3,142.2,CCCC(C)OC(=O)C=C,2.4,118.0,10,5,71.30769810433333,147.7018804163518
26.3,241.08,COC(=O)C(=C)C1=CC=C(C=C1)Br,3.0,205.0,13,3,106.24619551853334,170.04186540258704
52.6,234.25,CC(=O)OC1=CC=C(C=C1)CCOC(=O)C=C,2.4,277.0,17,7,118.67560643640002,221.16819152969424
92.0,375.4,CC1=C(C(=CC=C1)OC2=C(C(=O)N3C=CC=CC3=N2)/C=C(\C#N)/C(=O)OC)C,2.8,885.0,28,5,239.51859683633333,339.44422542341135
72.9,241.24,C=CC(=O)OCCN(CCOC(=O)C=C)C=O,0.7,274.0,17,10,107.21764754923332,221.99139478851995
42.1,151.16,COC(=O)C=CC1=CNC=C1,1.0,166.0,11,3,81.22134896626666,142.8715162352541
46.6,247.29,CCOC(=O)/C(=C\N(C)C)/C(=O)C1=CC=CC=C1,2.4,328.0,18,6,141.19539593886668,240.19001616133062
97.4,352.3,CCCCOC(=O)/C=C/C1=CC(=C(C=C1)OC(=O)OC)OC(=O)OC,3.8,473.0,25,12,193.0721183683333,314.2536874214971
80.4,173.21,CCC(CC(C)C(=O)O)C(=O)N,0.4,179.0,12,5,73.81049648233333,155.12551504789124
39.4,180.2,CC(C)OC(=O)C=CC1=CC=CO1,2.3,196.0,13,4,98.37536116896666,173.3884019249305
61.8,236.2,CCOP(=O)(CC(=C)C(=O)OC)OCC,0.5,264.0,15,8,106.86216247036668,205.97185754596282
46.5,898.2,C=C(C(=O)OCCCC(C(C(C(C(C(C(C(C(C(C(C(C(C(F)(F)F)(C(F)(F)F)F)(F)F)(F)F)(F)F)(F)F)(F)F)(F)F)(F)F)(F)F)(F)F)(F)F)(F)F)(F)F)O,11.8,1400.0,55,18,199.278261942,516.069515336902
149.0,351.31,CCOC(=O)/C(=C/C1=CN(C(=O)NC1=O)[C@H]2C[C@@H]([C@H](O2)CO)O)/C#N,-1.0,691.0,25,6,179.81426101466664,283.6962931018677
35.5,260.209,CCOC(=O)/C=C/C1=CC=C(C=C1)OC(F)(F)F,4.2,291.0,18,5,127.41422527196669,217.5437397045197
26.3,174.2,C=CC1=CC=CC=C1OC(=O)C=C,3.0,208.0,13,4,103.74631901636668,175.11164344988123
90.6,233.22,CCOC(=O)/C(=C/C1=C(C=C(C=C1)O)O)/C#N,1.8,355.0,17,4,138.64856519600002,205.98220269659103
39.4,228.24,C1=CC=C(C=C1)COC(=O)/C=C/C2=CC=CO2,2.8,267.0,17,5,139.37362452686668,218.77844497766762
89.9,380.19,CC1=NC=C(N1CCOC(=O)/C=C/C2=CC=C(C=C2)Br)[N+](=O)[O-],3.1,447.0,23,6,185.009238998,277.4689392527644
89.9,343.4,CC1=NC=C(N1CCOC(=O)/C=C/C2=CC=C(C=C2)C(C)C)[N+](=O)[O-],3.5,481.0,25,7,200.444218887,315.5966164201506
89.9,319.29,CC1=NC=C(N1CCOC(=O)/C=C/C2=CC=C(C=C2)F)[N+](=O)[O-],2.5,447.0,23,6,168.01068213833332,273.68449274529195
89.9,319.29,CC1=NC=C(N1CCOC(=O)/C=C/C2=CC(=CC=C2)F)[N+](=O)[O-],2.5,455.0,23,6,165.74616653733332,273.5227084170917
79.9,324.3,CCOC(=O)/C=C/C1=CC(=C(C=C1C2=CC3=CC=CC=C3O2)O)O,3.9,463.0,24,5,220.60958986866663,289.89737909513775
39.2,341.71,C1=CC=C(C=C1)COC(=O)/C=C/C2=C(C=C(C=N2)C(F)(F)F)Cl,4.2,422.0,23,5,167.1182927413333,282.2226842263955
52.6,184.19,CC1(C(COC1=O)OC(=O)C=C)C,1.3,254.0,13,3,80.9635640281,165.46706472471917
61.8,312.3,COC1=CC=C(C=C1)/C=C/C(=O)OC2=C(C=C(C=C2)C=O)OC,3.2,412.0,23,7,207.39209053533327,291.09632851846646
48.4,341.8,COC1=CC=CC=C1/C=C/C(=O)OC2=CC=CC3=C2N=CC=C3.Cl,,423.0,24,5,213.3061873976667,292.278158081263
39.2,205.25,CC(C)(C)OC(=O)/C=C/C1=CC=NC=C1,2.1,235.0,15,4,119.88297811933334,203.86015785001032
110.0,426.5,CCCCOC1=CC=C(C=C1)C(=O)N/C(=C\C2=CC(=CC=C2)[N+](=O)[O-])/C(=O)OC(C)C,5.1,635.0,31,10,256.08101999466663,391.1403996910775
95.6,526.7,CCOC(=O)/C=C(/NC(=O)NC1=C(C=C(C=C1)Cl)Cl)\NN(C)C2=C(C=C(C=N2)C(F)(F)F)Cl,6.6,716.0,33,8,264.1038295263333,410.70090391761414
50.1,201.22,CC1=CC=C(C=C1)/C=C(\C#N)/C(=O)OC,2.4,303.0,15,3,129.20945557496665,196.2215951647028
26.3,252.14,C1=CC=C(C=C1)OC(=O)C(=C(F)F)C(F)(F)F,3.2,311.0,17,3,90.60680386713334,187.08459510762805
92.4,237.21,COC(=O)C(=C)C(C1=CC=CC=C1[N+](=O)[O-])O,1.4,322.0,17,4,110.1307054335,201.88140867902348
26.3,753.2,CC(=CCC/C(=C/CC/C(=C/CC/C(=C/CC/C(=C/CC/C(=C/CC/C(=C/CC/C(=C/CC/C(=C/CC/C(=C/COC(=O)C=C)/C)/C)/C)/C)/C)/C)/C)/C)/C)C,18.9,1420.0,55,31,470.893480049,831.4830004274572
84.0,343.4,C1COCCN1C(=S)C2=CC=C(C=C2)OC(=O)/C=C/C3=CC=CO3,2.5,468.0,24,5,215.5324763273333,307.44111845112684
72.1,221.21,CCOC(=O)C=CC1=CC=CC=C1[N+](=O)[O-],2.2,282.0,16,4,122.1212873944,197.2680932728102
69.9,326.27,CCOC(=O)C(=C)CN1N=C(N=N1)C2=CC(=CC=C2)C(F)(F)F,3.4,444.0,23,6,147.35661561966666,267.9938675276797
73.5,390.4,CCOC(=O)/C(=C/C1=CN(C2=CC=CC=C21)CCOC3=CC=C(C=C3)OC)/C#N,4.1,618.0,29,9,232.29333457733333,368.6012054812574
139.0,485.4,CC1=CC=C(C=C1)C(=O)N/C(=C\C2=CC(=CC=C2)[N+](=O)[O-])/C(=O)OCN3C(=O)C4=CC=CC=C4C3=O,4.2,895.0,36,7,284.2822731873333,421.44156515417035
94.1,320.4,CCCCN=C(/C(=C(/C1=CC=C(C=C1)OC)\O)/C(=O)OCC)N,3.0,438.0,23,9,185.62528048,299.6230269552116
49.9,233.22,COC1=CC=CC=C1/C=C(/C(=O)OC)\N=[N+]=[N-],3.3,348.0,17,5,139.39216908929998,209.12727552165018
84.0,235.24,CCOC(=O)/C(=C/N(C)C)/N1C=C(N=N1)C#N,0.5,357.0,17,5,125.79708585926666,213.4544689273416
26.3,90.05,C=CC(=O)OF,1.2,69.2,6,1,30.63053719523333,73.24942428531969
39.4,307.14,C1=CC=C(C=C1)COC(=O)/C=C/C2=CC=C(O2)Br,3.8,297.0,18,5,155.59927682993333,226.8852833923549
95.6,457.8,CCOC(=O)/C=C(/NC(=O)NC1=CC=CC=C1)\NN(C)C2=C(C=C(C=N2)C(F)(F)F)Cl,5.4,644.0,31,8,238.65375121566663,375.05982242488375
26.3,188.24,C=CC(=O)OCCCCCCCF,3.4,146.0,13,9,86.64252224543334,184.61110403133594
78.9,244.17,C=CC(=O)OC(OC(=O)C=C)(OC(=O)C=C)F,2.2,318.0,17,9,95.71797168723332,205.68231514559628
26.3,540.12,C=CC(=O)OC(C(C(C(C(C(C(C(C(F)(F)F)(F)F)(F)F)(F)F)(F)F)(F)F)(F)F)(F)F)(F)F,7.3,761.0,33,10,109.6351246775,308.14903845335726
26.3,202.13,C=CC(=O)OC1=C(C(=C(C=C1)F)F)F,2.6,232.0,14,3,84.24465723819999,161.28510977178797
26.3,132.13,CC(C)(OC(=O)C=C)F,1.8,129.0,9,3,53.75174989686667,121.61233475788134
48.0,341.8,CC(CN1CCOCC1)OC(=O)/C=C/C2=CC=CC=C2OC.Cl,,366.0,23,7,183.28751175233333,293.68128251376993
85.8,486.8,CCOC(=O)/C(=C\NC1=CC=C(C=C1)OC(F)(F)F)/SC2=C(C=C(C=N2)C(F)(F)F)Cl,7.1,626.0,31,8,227.6326869656667,367.58513783094367
26.3,286.12,CC(C(C(C(OC(=O)C=C)(F)F)(F)F)(F)F)(F)F,3.9,349.0,18,6,72.3065338899,188.99408425308167
55.4,205.21,COC(=O)C(=C)NC(=O)C1=CC=CC=C1,1.8,267.0,15,4,110.38945816063334,191.09934935629175
38.8,313.82,CCN(CC)CCOC(=O)/C=C/C1=CC=CC=C1OC.Cl,,300.0,21,9,174.880244515,282.6145896408682
38.8,299.79,CN(C)CCCOC(=O)/C=C/C1=CC=CC=C1OC.Cl,,289.0,20,8,166.188805287,265.64051129668127
77.0,418.4,COC1=CC=C(C=C1)/C=C/C(=O)OC2=CC=C(C=C2)/C=N\NC(=O)C3=CC=C(C=C3)F,4.7,630.0,31,8,277.504827886,382.0096273292972
26.3,212.24,COC(=O)C(=C)C1=CC=CC2=CC=CC=C21,3.6,283.0,16,3,130.36123075163331,208.57748328495848
35.5,206.24,CC1=CC=CC=C1/C(=C\OC)/C(=O)OC,2.3,245.0,15,4,116.09552240433334,201.50364459956813
43.4,204.22,CCOC(=O)/C=C/C1=CC(=CC=C1)C=O,2.0,245.0,15,5,122.67307872826666,196.51548514957983
39.2,177.2,CCOC(=O)C(=C)C1=CN=CC=C1,1.6,201.0,13,4,94.47027046056668,172.46103348033344
46.6,409.17,CCOC(=O)/C(=C\N(C)C)/C(=O)C1=CC(=C(C=C1F)F)I,3.2,428.0,21,6,165.89175319233334,259.1991011162076
95.9,232.19,COC(=O)/C(=C/C1=CC=C(C=C1)[N+](=O)[O-])/C#N,2.0,380.0,17,3,133.03443778276664,200.39824852052507
52.6,248.27,CC1=CC=C(C=C1)C(C(=C)C(=O)OC)OC(=O)C,2.5,327.0,18,6,127.37029806066666,236.0847785336833
65.0,314.3,COC1=CC=C(C=C1)/C(=C\C2=CC(=C(C=C2)O)OC)/C(=O)OC,3.4,412.0,23,6,199.40431257633333,290.9407144973399
77.4,210.26,CCOC(=O)/C=C\SC1=NC=CC=N1,1.4,203.0,14,5,115.06030650753333,187.0715074381639
69.9,292.72,CCOC(=O)C(=C)CN1N=C(N=N1)C2=CC(=CC=C2)Cl,3.2,366.0,20,6,151.26585888236667,254.48115815294292
54.0,358.8,CCOC1=C(C(=C(C=C1C2(OCCO2)C)Cl)F)/C=C/C(=O)OCC,3.2,452.0,24,7,185.42019551166663,309.4905058064315
81.4,517.6,C[C@H]1C[C@H](CC(C1)(C)C)N2C3=C(C=C(C=C3)/C=C/C(=O)OC)N=C2NC4=CC=C(C=C4)SC(F)(F)F,8.3,785.0,36,7,323.6850361863333,455.9891600479598
68.7,536.7,CC1=C(C=CC(=C1)C2=CC=C(C=C2)CN(C3=NC=CC4=C3C=CC(=C4)/C=C/C(=O)OC)C(=O)CC(C)(C)C)OC,7.2,859.0,40,10,373.92350988466666,522.1245054743257
95.9,514.6,CN(C)C1=NC=C(C=C1)C2=CC=C(C=C2)CN(C3=NC=CC(=C3)/C=C/C(=O)OC)C(=O)C4CCC(CC4)O,3.9,789.0,38,9,333.08840253500006,485.05233792595106
59.7,182.17,COC(=O)/C=C/C1=CC=C(O1)CO,0.5,200.0,13,4,104.92963011153334,161.72309019154065
87.4,226.3,CCOC(=O)C(=CNC1CCSC1)C#N,2.0,306.0,15,5,115.2118893136,202.6033866009971
52.6,246.26,CC(=O)C1=CC2=C(C=C1)O[C@@H](C2)C(=C)C(=O)OC,1.9,374.0,18,4,134.545887452,226.83727194284327
52.3,205.25,CCOC(=O)/C=C(/C1=CC=C(C=C1)C)\N,2.6,240.0,15,4,125.15192188593332,199.90520995875917
196.0,510.5,C[C@@]1(C[C@H]([C@]2(C1[C@@H](OC=C2)O[C@H]3[C@@H]([C@H]([C@@H]([C@H](O3)CO)O)O)O)O)O)OC(=O)/C=C\C4=CC=C(C=C4)O,-1.0,841.0,36,7,233.28304974366665,407.5736707765724
35.5,266.14,C=C(COCC(F)(F)F)C(=O)OCC(F)(F)F,2.6,280.0,17,6,74.81406471486666,186.85875841093576
57.6,367.3,COC1=CC=CC(=C1COC2=CC=CC(=N2)C(F)(F)F)C(=C)C(=O)OC,4.0,497.0,26,7,171.26708511899997,312.93928590639536
26.3,118.11,C=CC(=O)OCCF,0.8,90.4,8,4,46.430315266166666,105.99919400865912
26.3,240.38,CC(C)CCCCCCCCCOC(=O)C=C,6.4,197.0,17,12,129.584392422,257.60152082310714
26.3,184.27,CCCCCC(C)COC(=O)C=C,4.2,152.0,13,8,96.33410092406666,195.16996855506846
26.3,166.15,C=CC(=O)OC1=CC=C(C=C1)F,2.4,171.0,12,3,80.48660874983334,151.2502012006378
61.8,242.27,CC(COC(C)COC(=O)C=C)OC(=O)C=C,1.9,285.0,17,10,115.1032505924,229.5845699731547
89.0,194.21,C=CC(=O)OCCCS(=O)(=O)O,-0.1,248.0,12,6,74.50430497636667,151.06966301960244
26.3,176.21,CC1=CC=CC=C1C(=C)C(=O)OC,2.7,208.0,13,3,99.14899261856664,176.755033295809
75.5,335.5,C[C@H]1CC[C@@H]([C@@H](C1)OC(=O)/C=C\[S@](=O)C2=CC=CC=N2)C(C)C,3.9,450.0,23,6,178.39247902,313.3421631468778
76.7,395.2,COC1=CC=C(C=C1)N/C=C(\C(=O)OC)/NC(=O)C2=C(C=C(C=C2)Cl)Cl,4.7,521.0,26,7,245.9658855746667,337.8018089861522
55.0,268.31,CC(C)OC(=O)/C(=C/C1=CN(C2=CC=CC=C21)C)/C#N,3.0,447.0,20,4,174.59343210866666,258.7721862333122
42.7,285.34,CN(CCOC(=O)/C=C/C1=CC=CO1)CC2=CC=CC=C2,2.8,337.0,21,8,167.22595161966666,277.66650547867283
83.0,218.21,CCOC(=O)/C(=C/C1=CC=C(N1)C=O)/C#N,1.1,354.0,16,5,134.16185693453335,196.89926885358696
118.0,464.9,C1=CC=C(C=C1)C(=O)N/C(=C\C2=CC=C(C=C2)Cl)/C(=O)OCC(=O)C3=CC=C(C=C3)[N+](=O)[O-],5.1,743.0,33,8,271.0575966086667,401.18317039104363
89.9,335.74,CC1=NC=C(N1CCOC(=O)/C=C/C2=CC=C(C=C2)Cl)[N+](=O)[O-],3.0,447.0,23,6,179.81994513873337,286.9871604282892
26.3,136.1,COC(=O)C(=C)C(F)F,1.3,131.0,9,3,46.30875325503334,110.76385169738633
85.6,327.3,CC1=CC2=C(C=C1)OC=C(C2=O)/C=C(/C#N)\C(=O)OC(C)COC,2.4,612.0,24,6,187.43148994566664,296.3642981775189
65.9,204.22,CC1=CNC(=C1C)/C=C(\C#N)/C(=O)OC,1.7,327.0,15,3,126.497298967,192.24773373539878
109.0,236.18,CCOC(=O)/C(=C\C1=CC=C(O1)[N+](=O)[O-])/C#N,2.0,389.0,17,4,127.88090505936668,196.06216873014344
49.8,498.7,CN(C)C1=CC=C(C=C1)C2=CC=C(C=C2)CN(C3=CC=CC(=C3)CCC(=O)OC)C(=O)C4CCCCC4,6.7,703.0,37,10,320.98492346200004,492.16979332010453
26.3,160.19,CCCCC(OC(=O)C=C)F,3.0,134.0,11,6,71.10345424356666,152.81016766206062
46.5,224.23,CCOC(=O)C(=C)C(C1=CC=C(C=C1)F)O,2.0,257.0,16,5,106.16164477223332,202.39192845103898
63.2,267.28,CCOC(=O)/C(=C/C1=CC=C(O1)C2=CC=CC=C2)/C#N,3.3,415.0,20,5,196.9009175627,253.08369121855804
26.3,236.11,CC(C(C(OC(=O)C=C)(F)F)(F)F)(F)F,3.2,273.0,15,5,64.46154955016668,163.22850708376984
39.4,242.27,CCC1=CC=C(C=C1)OC(=O)/C=C/C2=CC=CO2,3.7,290.0,18,5,156.93384307493332,234.55906590274265
89.6,425.4,COC(=O)/C(=C\NC1=CN=C(C=C1)OC2=C(C=C(C=C2)F)F)/NC(=O)C3=CC=CC=C3,4.5,642.0,31,8,277.0753624856667,368.70406913335836
38.8,299.79,CN(C)CCCOC(=O)/C=C/C1=CC=C(C=C1)OC.Cl,,281.0,20,8,166.9837038216667,270.45501281030846
108.0,317.3,COC(=O)/C(=C/C1=CC(=C(C=C1)N2CCOCC2)[N+](=O)[O-])/C#N,1.7,527.0,23,4,196.82903778513327,273.7635722097784
65.9,190.2,CCOC(=O)C(=CC1=CC=CN1)C#N,1.3,288.0,14,4,110.2365100762,177.22143725430993
35.5,256.3,CCOC(=O)C(=C)C1=CC2=C(C=C1)C=C(C=C2)OC,3.9,337.0,19,5,165.89090650166668,248.44437314402097
26.3,196.29,CCOC(=O)C(=C)CC1CCCCC1,4.1,202.0,14,5,103.6406671309,199.73535021132756
61.8,346.4,CC(=C)C(=O)OCCCCCCOC1=CC=C(C=C1)/C=C/C(=O)OC,4.5,447.0,25,13,207.47425534133333,338.3234636103543
26.3,288.29,CCOC(=O)C=C(C1=CC=C(C=C1)F)C2=CC=C(C=C2)F,4.7,341.0,21,5,164.12756294266669,263.20329683042047
81.4,283.25,CCOC(=O)C(=C)CC1=C(C=CC(=C1[N+](=O)[O-])OC)F,2.9,381.0,20,6,133.587539102,242.32819213557588
26.3,299.07,CCOC(=O)C(=C(Cl)Cl)C1=C(C=C(C=C1F)F)F,4.1,333.0,18,4,123.53080665476666,227.1584986797487
92.4,251.23,CCOC(=O)C(=C)C(C1=CC=C(C=C1)[N+](=O)[O-])O,1.7,328.0,18,5,120.58035142703334,217.9755481117384
26.3,222.25,CCCCOC(=O)/C=C/C1=CC=CC=C1F,3.6,238.0,16,6,130.28828992213332,214.1828475841904
84.6,355.4,COC(=O)/C(=C\C1=C(NC2=CC=CC=C21)C3=CC=CC=C3)/S(=O)(=O)C,3.4,616.0,25,5,227.446851357,311.81659885010794
142.0,746.8,C=CC(=O)OCCCCCCOC1=CC=C(C=C1)/C=C/C(=O)O[C@H]2[C@H]3OC[C@@H]([C@H]3OC2)OC(=O)/C=C/C4=CC=C(C=C4)OCCCCCCOC(=O)C=C,7.5,1140.0,54,28,452.784832965,693.6304858982196
64.599,315.29,COC(=O)/C=C/C1=C(C(=CC=C1)F)NC(=O)OC2=CC=CC=C2,3.4,434.0,23,6,174.38455632733334,282.0718398923885
56.2,485.5,C[C@H]1C[C@H](CC(C1)(C)C)N2C3=C(C=C(C=C3)/C=C/C(=O)OC)N=C2NC4=CC=C(C=C4)C(F)(F)F,7.5,763.0,35,6,308.3605254903334,435.9877303995404
84.9,500.6,CN(C)C1=NC=C(C=C1)C2=CC=C(C=C2)CN(C3=NC=CC(=C3)/C=C/C(=O)OC)C(=O)C4CCOCC4,3.6,761.0,37,9,324.86617456,472.80752541188764
92.9,317.4,COC(=O)/C(=C/C1=CSC=C1)/NC(=O)OCC2=CC=CC=C2,3.2,418.0,22,7,171.70516122266667,283.1933586936383
76.0,490.7,COC1=C(C=CC(=C1)/C=C/C(=O)OCCCCCCCCCCCCCCCCCCCCO)O,10.2,507.0,35,24,287.05525200666665,494.7583115310842
88.1,382.4,COC1=CC2=C(C(=C1)OC)C(=O)C3=C(C2=O)C=C(C=C3OC)/C=C/C(=O)OC,3.1,643.0,28,6,246.2896570213333,338.87117819369007
26.3,194.2,CCOC(=O)C(=C)C1=CC=CC=C1F,2.8,225.0,14,4,99.4626340397,182.6309794683922
50.1,205.18,COC(=O)C(=CC1=CC=CC=C1F)C#N,2.2,316.0,15,3,115.50080948609998,185.58530437036777
61.8,346.74,CCOC(=O)/C(=C\C1=CC=C(C=C1)Cl)/P(=O)(OCC)OCC,3.2,420.0,22,9,182.215270959,299.82929891396594
89.9,351.4,CC1=NC=C(N1CCOC(=O)/C=C/C2=CC3=CC=CC=C3C=C2)[N+](=O)[O-],3.6,533.0,26,6,215.5273351733333,315.8474784392804
65.9,176.17,COC(=O)/C(=C/C1=CC=CN1)/C#N,1.4,275.0,13,3,104.637209923,162.2159031262723
26.3,316.17,C=CC(=O)OC(C1=CC=C(C=C1)F)(C(F)(F)F)C(F)(F)F,4.4,377.0,21,4,105.53466671633332,228.572309156068
26.3,193.04,C=CC(=O)OCCCBr,2.2,101.0,9,5,62.139914104666666,124.85963335662228
124.0,464.5,CCCCOC1=CC=C(C=C1)C(=O)N/C(=C\C2=CC=C(C=C2)[N+](=O)[O-])/C(=O)OCC3=CC=CO3,4.9,705.0,34,11,283.957043383,414.60306232756056
188.0,729.7,CC(=O)OCC([C@@H]1[C@@H]([C@H]2[C@@H](O1)OC(O2)(C)C)OC(=O)C=C)OC(=O)CCC(=O)N3CCN(CC3)C4=C(C=C5C(=C4)N(C=C(C5=O)C(=O)O)C6CC6)F,2.4,1490.0,52,15,353.626876431,613.4398865375789
87.0,449.5,CCCCOC1=CC=C(C=C1)C(=O)N/C(=C\C2=CC=C(C=C2)OC)/C(=O)OCC3=CC=CO3,5.0,635.0,33,12,275.80962884033335,420.71932376184185
26.3,386.13,CC(C(C(C(C(C(OC(=O)C=C)(F)F)(F)F)(F)F)(F)F)(F)F)(F)F,5.2,510.0,24,8,91.50530148693332,241.01737666217568
26.3,518.169,CC(C(C(C(C(C(C(C(C(OC(=O)C=C)(F)F)(F)F)(F)F)(F)F)(F)F)(F)F)(F)F)(F)F)F,7.0,726.0,32,11,119.039640368,312.8771504602261
75.6,498.6,CN(C)C1=NC=C(C=C1)C2=CC=C(C=C2)CN(C3=NC=CC(=C3)/C=C/C(=O)OC)C(=O)C4CCCCC4,5.4,758.0,37,9,327.6601326046666,480.54499419119225
60.8,398.22,C=CC(=O)OCCSC(C(OC(C(C(F)(F)F)(F)F)(F)F)F)(F)F,5.0,451.0,24,10,103.70205964233332,259.14366020640193
87.4,262.33,CCOC(=O)C(=CNC1=CC=CC=C1SC)C#N,3.3,359.0,18,6,160.50612660833335,242.50947669894296
58.9,332.2,COC(=O)C(=C(C1=CC(=C(C=C1Cl)Cl)F)O)C=NC2CC2,3.9,465.0,21,5,167.78097828933335,273.24194825096896
44.8,200.23,CCOC(=O)/C=C/[C@@H]1COC(O1)(C)C,1.0,232.0,14,4,97.89933044813334,186.1112920671084
64.599,201.22,CC(C)(C)OC(=O)NC(=C)C(=O)OC,1.5,252.0,14,5,90.67716589853332,185.57610632739235
50.1,269.22,CCOC(=O)/C(=C/C1=CC(=CC=C1)C(F)(F)F)/C#N,3.3,406.0,19,4,132.80355052256667,227.23964224743415
94.1,290.27,C=CC(=O)OCCOC(=O)NC1=CC=CC(=C1)CN=C=O,2.7,418.0,21,9,139.6772038913333,259.5809377074859
26.3,176.21,CC1=CC=CC=C1/C=C/C(=O)OC,2.7,196.0,13,3,111.05830866166669,177.336514571214
35.5,234.29,CCCCOC(=O)/C=C/C1=CC=C(C=C1)OC,3.4,240.0,17,7,149.406961988,233.39806075996918
26.3,210.31,CC1CCC(C(C1)OC(=O)C=C)C(C)C,4.2,233.0,15,4,111.818338849,215.95430263072134
26.3,218.29,CCOC(=O)/C=C/C1=CC=C(C=C1)C(C)C,4.1,235.0,16,5,143.5410127821667,224.33371868112943
54.5,168.21,COC(=O)/C=C/C1=CSC=C1,2.0,166.0,11,3,92.8942765669,152.30377796927905
52.6,268.69,CC(=O)OC(C1=CC=C(C=C1)Cl)C(=C)C(=O)OC,2.7,332.0,18,6,127.0087489236,238.98165242781548
46.5,498.18,C=CC(=O)OCC(CC(C(C(C(C(C(F)(F)F)(C(F)(F)F)F)(F)F)(F)F)(F)F)(F)F)O,5.6,650.0,31,10,119.13693327266668,307.6564960712161
125.0,312.27,COC(=O)/C=C/C1=CN(C(=O)NC1=O)[C@H]2C[C@@H]([C@H](O2)CO)O,-1.3,543.0,22,5,156.90872735143333,249.07032428793448
61.8,332.27,CCO/C=C(/C(=O)C1=CC(=C(C(=C1F)OC)F)F)\C(=O)OCC,2.9,454.0,23,8,155.272800638,274.7609591534258
26.3,238.28,C=CC(=O)OCC1=CC=C(C=C1)C2=CC=CC=C2,3.8,271.0,18,5,147.37981621256668,238.43404027680313
68.1,343.3,CCOC(=O)C(=C(C1=CC(=C(C(=C1F)OC)F)F)O)C=NC2CC2,3.1,522.0,24,7,181.213269346,287.90439894832286
26.3,286.4,CC1CCC(C(C1)OC(=O)C=C)C(C)(C)C2=CC=CC=C2,5.7,366.0,21,5,157.655131193,292.16282071975945
26.3,212.24,COC(=O)/C=C/C1=CC=CC2=CC=CC=C21,3.5,270.0,16,3,145.33751461682334,208.44842713839654
64.599,235.24,COC(=O)C(=C)NC(=O)OCC1=CC=CC=C1,2.0,295.0,17,6,112.41004598006668,214.92016627306626
72.1,239.2,CCOC(=O)/C=C/C1=C(C=CC(=C1)[N+](=O)[O-])F,2.5,313.0,17,4,125.44151923386666,202.611921244792
63.7,231.2,COC(=O)C(=C)N1C(=O)C2=CC=CC=C2C1=O,1.5,377.0,17,3,119.41390901073336,203.27732762825045
46.6,185.22,CCOC(=O)C(=CN(C)C)C(=O)C,0.7,231.0,13,5,96.5219992403,179.17705155963688
100.0,402.8,CCN(CCOC(=O)C=C)C1=CC=C(C=C1)N=NC2=C(C=C(C=C2)[N+](=O)[O-])Cl,5.1,561.0,28,9,259.69006227666665,355.6828830931886
129.0,434.4,CC1=C(C=C(C=C1)NC(=O)OC(C)COC(=O)C=C)NC(=O)OC(C)COC(=O)C=C,3.3,666.0,31,14,219.104712145,389.7861679144413
75.4,276.29,C=CC(=O)OC[C@@H]1CCCN1C2=CC=C(C=C2)[N+](=O)[O-],2.9,372.0,20,5,155.59561332156667,247.65902330196278
46.5,226.65,COC(=O)C(=C)C(C1=CC=C(C=C1)Cl)O,2.2,244.0,15,4,106.21482513823334,199.96625095583877
61.8,264.27,CC(=O)OC(C1=CC=C(C=C1)OC)C(=C)C(=O)OC,2.1,342.0,19,7,131.73321981566667,245.63763651231733
55.0,152.15,COC(=O)C=CC1=CN=CN1,0.4,168.0,11,3,81.07745520506667,137.51689585533128
44.8,222.24,COC1=CC(=CC(=C1)/C=C/C(=O)OC)OC,2.1,237.0,16,5,131.66758953543334,209.95922266293675
26.3,207.06,CC(C)(C)OC(=O)C(=C)Br,3.1,156.0,10,3,73.23402467213334,140.32147641897805
35.5,144.17,CCOC(=C)C(=O)OCC,1.6,129.0,10,5,67.52825493853334,141.0473509678145
55.0,224.28,C[N+](C)(C)CCOC(=O)/C=C/C1=CN=CN1,0.4,258.0,16,6,135.49967790106666,213.0392333891233
39.4,231.04,COC(=O)/C=C/C1=CC=C(O1)Br,2.5,191.0,12,3,104.50311971453334,150.12451883860723
35.5,242.22,CCOC(=O)/C=C/C1=C(C=C(C=C1F)OC)F,2.7,269.0,17,5,132.91845224523334,211.65523498845562
26.3,262.3,COC(=O)/C=C/C1=C2C=CC=CC2=CC3=CC=CC=C31,4.7,352.0,20,3,192.42994012776668,255.06997306126544
56.5,180.16,COC(=O)/C=C/C1=CC=C(O1)C=O,1.3,222.0,13,4,108.51672330876666,161.08255456855068
72.1,249.26,CC(C)(C)OC(=O)/C=C/C1=CC=CC=C1[N+](=O)[O-],2.8,338.0,18,4,138.66286274896666,228.4683164806426
72.1,193.16,C=CC(=O)OC1=CC=CC(=C1)[N+](=O)[O-],2.4,246.0,14,3,95.94053742596668,166.29810365870847
52.6,320.24,CCO/C=C(/C(=O)C1=CC(=C(C(=C1F)F)F)F)\C(=O)OCC,3.0,441.0,22,7,140.1744193116667,256.1766456558176
26.3,212.19,CCOC(=O)/C(=C/C1=CC(=CC=C1)F)/F,3.1,251.0,15,4,114.22800823456664,187.14763975347543
97.6,380.4,CCOC(=O)/C(=C/C1=CC(=C(C=C1)OCC(=O)NC2=CC=CC=C2)OC)/C#N,3.3,603.0,28,9,237.835685631,351.861601470999
107.0,410.4,CCOC(=O)/C(=C/C1=CC(=C(C=C1)OCC(=O)NC2=CC=C(C=C2)OC)OC)/C#N,3.3,647.0,30,10,251.89191755566665,375.97178687802375
64.599,277.31,CC(C)(C)OC(=O)NC(=C)C(=O)OCC1=CC=CC=C1,3.0,365.0,20,7,142.16632404166668,262.7102716571907
43.4,232.27,CC(C)(C)OC(=O)/C=C/C1=CC=CC=C1C=O,2.6,299.0,17,5,137.1753016405,226.91629448237708
26.3,290.4,CC1C2CC(C1(C)C)CC2C3CCCC(C3)OC(=O)C=C,5.8,425.0,21,4,156.91949653033333,290.5591850004835
50.1,215.25,CCOC(=O)/C(=C\C1=CC=C(C=C1)C)/C#N,2.8,316.0,16,4,139.4335948544,211.77132412738914
72.1,207.18,COC(=O)C=CC1=CC=CC=C1[N+](=O)[O-],1.8,269.0,15,3,107.0105912492,181.21066956568407
52.6,265.1,CC(C)(C(=O)OCCOC(=O)C=C)Br,2.0,235.0,14,7,92.04971302083334,184.44607089849995
56.6,299.37,CCOC(=O)/C(=C\C1=CC=C(C=C1)N2CCN(CC2)C)/C#N,2.4,450.0,22,5,200.2546588740333,288.85308745449436
26.3,190.24,CCOC(=O)/C=C/C1=CC=CC=C1C,3.4,208.0,14,4,120.09881478216666,193.0420999173341
58.9,346.2,CCOC(=O)C(=C(C1=CC(=C(C=C1Cl)Cl)F)O)C=NC2CC2,4.2,479.0,22,6,188.89361926133333,289.41368398487526
39.2,177.2,CCOC(=O)C=CC1=CN=CC=C1,1.5,189.0,13,4,96.5612925214,172.71185898530248
26.3,226.27,CCOC(=O)/C=C/C1=CC=CC2=CC=CC=C21,3.8,283.0,17,4,149.44806404986664,224.1746475903796
26.3,224.25,C=CC(=O)OC1=CC=CC=C1C2=CC=CC=C2,3.6,266.0,17,4,135.16551598223336,222.22527378622982
26.3,140.06,C=CC(=O)OC(F)(F)F,1.9,126.0,9,2,36.047782515866665,100.1954952662937
90.8,280.32,COC1=C(C=CC(=C1)/C=C/C(=O)O)O.C1CNCCN1,,251.0,20,3,138.99652589806666,194.2263793183342
95.9,246.22,CCOC(=O)/C(=C\C1=CC=CC=C1[N+](=O)[O-])/C#N,2.0,402.0,18,4,131.37688303746663,216.1397272360735
84.5,280.32,CCCCCCOC(=O)/C=C/C1=C(NC(=O)NC1=O)C,2.0,452.0,20,8,155.69934961296667,253.57569033759071
62.1,234.23,CCOC(=O)/C(=C/NC1=CC=C(C=C1)F)/C#N,2.8,338.0,17,5,127.1197479975,211.88503093797445
35.5,170.21,CCC1(COC1)COC(=O)C=C,1.3,182.0,12,5,79.76525603796667,163.91748522317056
91.2,251.28,CCOC(=O)C(=CNC1CCCCNC1=O)C#N,1.4,395.0,18,5,128.80246268466666,226.66921512856553
76.9,398.5,COC(=O)C(=C(SCC1=CC=CC=C1)SCC2=CC=CC=C2)C(F)(F)F,5.5,456.0,26,8,187.6902666786667,339.42797426703186
26.3,204.26,CCCCC1=CC=C(C=C1)OC(=O)C=C,4.1,203.0,15,6,119.21162712066666,209.13112643529544
55.4,233.26,CCCC(=O)NC1=CC=C(C=C1)OC(=O)C=C,2.3,280.0,17,6,133.77668229556664,222.3457432280506
50.1,135.12,C=C(C#N)C(=O)OCC#C,0.7,247.0,10,3,61.22036101376667,132.00556594422957
52.6,172.18,CC(C(=C)C(=O)OC)OC(=O)C,0.8,207.0,12,5,76.6102291326,160.1559499198374
26.3,180.17,COC(=O)/C=C/C1=CC=CC=C1F,2.3,201.0,13,3,102.19191032053334,166.59085202227863
55.8,306.4,CCCCC(CC)COC(=O)/C=C/C1=CC(=C(C=C1)O)OC,5.0,340.0,22,10,186.2066133713,301.41195565101526
55.8,185.18,C=CC(=O)OCCN1CCOC1=O,0.4,226.0,13,5,76.65513322756667,163.39533206630938
94.0,234.3,CCOC(=O)C(=C(SC)SC)C(=O)C,1.8,253.0,14,6,117.61411848483333,205.83683239767575
40.1,145.2,C[N+](C)(C)C.C=CC(=O)[O-],,69.5,10,0,61.937286732,99.81534143535455
52.6,240.18,CCO/C=C(/C(=O)C(F)(F)F)\C(=O)OCC,2.1,294.0,16,6,91.85097255523334,190.6740159386267
43.4,156.18,CC(=O)CCC(=C)C(=O)OC,0.6,182.0,11,5,71.6433708459,150.49797755747983
59.3,307.3,C=CC(=O)OCCCOC1=CC=C(C=C1)C2=CC=C(C=C2)C#N,4.1,423.0,23,8,192.58275670366663,298.27842281639687
108.0,371.4,COC1=CC(=CC2=C1O[C@@H]([C@H]2CO)C3=CC(=C(C=C3)O)OC)/C=C/C(=O)[O-],2.8,531.0,27,5,392.2597538336667,322.88965860719196
101.0,283.34,CC[N+](C)(C)CCOC(=O)C=C.COS(=O)(=O)[O-],,255.0,18,6,116.016047041,191.7675591223049
35.5,248.32,C=CC(=O)OCCOC1CC2CC1C3C2CC=C3,2.6,374.0,18,6,126.03237585756666,235.18688194425357
63.6,220.22,CCOC(=O)/C=C/C1=CC(=C(C=C1)O)C=O,3.0,272.0,16,5,131.8861070604,201.62247860391884
82.1,392.4,CC(C)(C1CC2=C(O1)C=CC3=C2OC(=O)C=C3)OC(=O)/C=C/C4=CC=C(C=C4)O,4.2,688.0,29,5,246.241096655,348.538066308636
64.599,235.24,COC1=CC=C(C=C1)NC(=O)/C=C/C(=O)OC,1.2,293.0,17,5,143.71292509089997,215.4303984138261
50.1,205.18,COC(=O)/C(=C\C1=CC=CC=C1F)/C#N,2.2,316.0,15,3,115.32148951046668,185.25833014227788
69.2,660.99,CCCC(=O)NC1=C(C=C(C(=C1I)C=C(CC)C(=O)[O-])I)I.[Na+],,448.0,23,6,221.91811805566667,280.20891177718704
84.0,235.24,CCOC(=O)/C(=C\N(C)C)/N1C=C(N=N1)C#N,0.5,357.0,17,5,129.10528318833337,213.3943519400602
46.5,88.06,C=CC(=O)OO,0.2,66.4,6,2,32.67968399816667,72.54034438191245
26.3,282.12,C=CC(=O)OCCCCCCI,4.2,135.0,12,8,93.54849487606668,173.3035688054102
70.3,217.22,CCOC(=O)C(=CC1=CC=C(C=C1)O)C#N,2.1,318.0,16,4,127.53708899773332,201.20839078891035
72.1,181.09,C=CC(=O)OCC([N+](=O)[O-])(F)F,1.2,210.0,12,4,58.7868688939,130.87325630755606
114.0,287.28,CCOC(=O)C1=C(N(N=C1)C2=NC=NC3=C2C=NN3C)N,0.9,396.0,21,4,154.55821503899998,241.6281504290685
62.6,304.4,CCOC(=O)/C(=C/C1=C(CC(OC1)(C)C)N2CCCC2)/C#N,1.8,546.0,22,5,178.396072348,290.3784642891257
245.0,624.6,C[C@H]1[C@@H]([C@H]([C@H]([C@@H](O1)OC[C@@H]2[C@H]([C@@H]([C@H]([C@@H](O2)OCCC3=CC(=C(C=C3)O)O)OC(=O)/C=C/C4=CC(=C(C=C4)O)O)O)O)O)O)O,-0.5,936.0,44,11,307.3261932333333,498.03217393330243
186.0,416.4,C1=CC(=C(C=C1/C=C/C(=O)OC[C@H](CO[C@H]2[C@@H]([C@H]([C@@H]([C@H](O2)CO)O)O)O)O)O)O,-1.4,542.0,29,9,195.749620959,326.8964778109045
73.9,293.31,CCOC(=O)C(=CNC1=CC=C(C=C1)OC)C(=O)OCC,3.2,352.0,21,9,178.9214766959,271.89141900405997
55.8,310.3,COC1=C(C=C(C=C1)/C=C/C(=O)OC/C=C/C2=CC=CC=C2)O,4.0,410.0,23,7,210.1832979753333,296.1956807831709
192.0,458.4,COC1=C(C=CC(=C1)/C=C/C(=O)O[C@@H]2[C@H]([C@@H](O[C@H]2OC[C@@H]([C@@H]([C@H](C=O)O)O)O)CO)O)O,-1.5,628.0,32,12,224.67797358666667,366.25011522783586
26.3,142.2,CCOC(=O)C(=C)C(C)C,2.2,136.0,10,4,71.90739153836667,147.5904425600731
52.6,276.33,CC1=C2CC(C(CC2OC1=O)(C)C=C)C(=C)C(=O)OC,2.6,529.0,20,4,144.99301057566666,259.4201800347325
35.5,158.19,CCOCCCOC(=O)C=C,1.3,121.0,11,7,73.46734908636667,156.01044973489104
76.2,164.16,C1=CN=CC(=C1N)/C=C/C(=O)O,0.1,192.0,12,2,91.45518788306669,143.39700914241337
63.7,217.18,C=CC(=O)ON1C(=O)C2=CC=CC=C2C1=O,2.0,339.0,16,3,109.526802504,186.5301293482567
63.9,172.16,C1=CC=C(C(=C1)/C=C/C(=O)[O-])C#N,2.4,256.0,13,1,104.88212703633332,160.90238940736668
72.1,239.2,CCOC(=O)/C=C/C1=CC(=C(C=C1)F)[N+](=O)[O-],2.5,313.0,17,4,126.27475861153334,202.49558933911464
52.3,177.2,COC(=O)C=CC1=CC=CC=C1N,1.5,201.0,13,3,99.14612474163334,168.03483311063147
46.5,178.18,COC(=O)C=CC1=CC=CC=C1O,1.8,198.0,13,3,106.31405724489998,166.24765910406512
26.3,184.27,CCCCC(CCC)OC(=O)C=C,3.8,152.0,13,8,96.60050494616668,195.07370879374824
146.0,446.4,C1=CC(=CC=C1CCO[C@H]2[C@@H]([C@H]([C@@H]([C@H](O2)CO)OC(=O)/C=C/C3=CC=C(C=C3)O)O)O)O,1.3,596.0,32,9,239.4139859536667,379.01108541631936
44.8,236.26,C=CC(=O)OCCOCCOC1=CC=CC=C1,2.2,222.0,17,9,117.54015147166668,226.16731752456118
85.3,197.14,COC(=O)/C=C/C1=CC=C(O1)[N+](=O)[O-],1.7,257.0,14,3,107.2118462258,161.37424259558318
26.3,218.29,CCCCOC(=O)/C=C/C1=CC=C(C=C1)C,3.8,225.0,16,6,143.43689598996667,224.37680194933736
63.1,248.3,CCOC(=O)C(=C(NC1=CC=CC=C1)S)C#N,3.1,351.0,17,5,146.21135106833333,223.96428711995583
52.3,115.13,COC(=O)C(=C)CN,-0.4,109.0,8,3,51.23187654189999,107.11137515091683
26.3,190.24,CCOC(=O)/C=C/C1=CC=CC(=C1)C,3.4,208.0,14,4,121.40541326839998,193.36351177685393
158.0,385.3,COC1=CC(=CC(=C1O[C@H]2[C@@H]([C@H]([C@@H]([C@H](O2)CO)O)O)O)OC)/C=C/C(=O)[O-],-0.5,492.0,27,6,304.496743947,310.28317260378054
52.6,206.19,COC(=O)C1=CC=CC=C1OC(=O)C=C,2.1,259.0,15,5,104.82533998596666,189.86398284104635
63.0,202.21,CCOC(=O)C(=CC1=CN=CC=C1)C#N,1.4,301.0,15,4,118.7949194449,191.22561438420598
26.3,224.34,CCC(C)(C)C1CCC(CC1)OC(=O)C=C,4.5,248.0,16,5,120.81361652,231.1801518646235
43.4,246.3,CCCCOC(=O)/C=C/C1=CC=C(C=C1)C(=O)C,3.1,299.0,18,7,156.31283207776667,243.23810327962732
52.6,226.27,CCCCCC(OC(=O)C=C)OC(=O)C=C,3.7,236.0,16,10,109.902874484,221.1290927954446
96.2,330.3,COC1=C(C=CC(=C1)/C=C/C(=O)OCC(C2=CC=C(C=C2)O)O)O,2.3,416.0,24,7,189.287471705,293.226659856434
35.5,318.4,COC(=O)/C=C/C1=CC2=C(C=C1)C=C(C=C2)OCC3=CC=CC=C3,4.9,425.0,24,6,227.12553509266664,310.0212567130387
135.0,343.31,CCOC(=O)/C=C/C1=CN(C(=O)N=C1N)[C@H]2[C@H]([C@@H]([C@H](O2)CO)O)F,-0.7,605.0,24,6,170.975827722,272.52042609997045
26.3,120.53,C=CC(=O)OCCl,1.6,79.8,7,3,44.70410603423333,103.03242274387699
65.9,226.23,COC(=O)/C(=C\C1=CNC2=CC=CC=C21)/C#N,2.3,380.0,17,3,139.58540532373334,208.65503005771143
140.0,325.29,C1=CC(=CC=C1/C=C\C(=O)[O-])O[C@H]2[C@@H]([C@H]([C@@H]([C@H](O2)CO)O)O)O,0.7,412.0,23,4,206.1601286823333,261.808567619285
106.0,416.4,C1=CC=C(C=C1)C(=O)N/C(=C/C2=CC=CO2)/C(=O)OCN3C(=O)C4=CC=CC=C4C3=O,3.1,733.0,31,7,247.05387152466665,365.50650019656763
26.3,325.91,CCOC(=O)C(=C(Br)Br)C(F)(F)F,3.2,231.0,13,3,82.51270577616667,148.5101460840944
26.3,224.25,C=CC(=O)OC1=CC=C(C=C1)C2=CC=CC=C2,3.9,258.0,17,4,146.2337737878,222.84111313733106
63.2,256.05,COC(=O)/C(=C/C1=CC=C(O1)Br)/C#N,2.4,304.0,14,3,121.47690314086668,169.1644848753254
84.0,235.24,CCOC(=O)C(=CN(C)C)N1C=C(N=N1)C#N,0.5,357.0,17,5,125.75123608176666,213.5091087642271
26.3,212.19,CCOC(=O)/C(=C/C1=CC=C(C=C1)F)/F,3.0,243.0,15,4,116.46227111573332,187.19472872164897
61.8,330.29,CCOC(=O)/C(=C\C1=CC=C(C=C1)F)/P(=O)(OCC)OCC,2.7,420.0,22,9,170.31320328366667,286.89685495625577
61.8,380.3,CCOC(=O)/C(=C\C1=CC(=CC=C1)C(F)(F)F)/P(=O)(OCC)OCC,3.5,508.0,25,9,180.891951852,312.57955395485334
61.8,391.19,CCOC(=O)/C(=C/C1=CC=CC=C1Br)/P(=O)(OCC)OCC,3.3,428.0,22,9,171.83788889000002,291.558774174694
113.0,131.13,C=CC(=O)O.C(=N)(N)N,,82.2,9,1,48.6952225901,73.5987734816863
140.0,325.29,C1=CC=C(C(=C1)/C=C\C(=O)[O-])O[C@H]2[C@@H]([C@H]([C@@H]([C@H](O2)CO)O)O)O,0.3,420.0,23,4,183.97219660433333,260.9923665845007
145.0,338.27,COC1=CC(=CC(=C1OC(=O)[C@H](CC(=O)[O-])O)OC)/C=C/C(=O)[O-],1.7,462.0,24,7,370.8498128413333,278.45837567741097
43.4,210.61,C=CC(=O)OC1=CC=C(C=C1)C(=O)Cl,2.5,242.0,14,4,104.87269437006668,183.30282538905743
64.2,360.4,CCOC(=O)/C(=C/C1=CN(C2=CC=CC=C21)CCOC3=CC=CC=C3)/C#N,4.2,573.0,27,8,235.2608256346667,344.49226812734247
107.0,190.02,C=C(C(=O)[O-])OP(=O)(O)O.[Na+],,206.0,11,3,65.23983340593334,106.80375587452279
46.6,279.29,C=CC(=O)OC1=CC=C(C=C1)N2CC3=CC=CC=C3C2=O,3.1,426.0,21,4,172.27691276383334,260.81935833216806
71.2,272.3,CCOC(=O)/C(=C\C1=CNC2=CC=CC=C21)/NC(=O)C,2.1,406.0,20,5,172.89243523133334,249.77180925328102
120.0,360.3,CC1=CC(=C(C(=O)N1)[N+](=O)[O-])OC(=O)/C=C/C2=CC(=C(C=C2)OC)OC,2.1,675.0,26,6,227.8425523663333,306.5075119186461
59.3,217.22,COC1=CC=C(C=C1)C=C(C#N)C(=O)OC,2.1,318.0,16,4,139.43461948106665,204.88980188909608
51.6,208.28,CCOC(=O)/C=C/SC1=CC=CC=C1,2.8,196.0,14,5,115.75176939483332,196.95211168709733
26.3,268.4,CCCCCCCCCCCCC(C)OC(=O)C=C,7.3,223.0,19,14,145.391197347,289.94949088755163
26.3,194.2,CCOC(=O)C=CC1=CC=CC=C1F,2.7,213.0,14,4,111.3478698939,182.42828694185124
72.1,207.18,COC(=O)C=CC1=CC(=CC=C1)[N+](=O)[O-],1.8,269.0,15,3,105.15366646626669,181.81917896356177
89.2,263.25,CCOC(=O)C(=CC1=CC(=CC=C1)[N+](=O)[O-])C(=O)C,2.2,396.0,19,5,140.56344204799998,231.27811116794896
130.0,512.299,C1=CC=C(C(=C1)C(=O)NCC(=O)N/N=C/C2=C(C=CC(=C2)Br)OC(=O)/C=C/C3=CC=CO3)O,4.0,746.0,33,9,294.5146503116667,390.7035136080327
170.0,584.6,CC(C)(C1CC2=C(O1)C=C3C(=C2)C=CC(=O)O3)O[C@H]4[C@@H]([C@H]([C@@H]([C@H](O4)COC(=O)/C=C/C5=CC(=C(C=C5)O)OC)O)O)O,2.0,1030.0,42,9,323.29628175700003,489.31449649712033
42.1,201.22,COC(=O)/C=C/C1=C2C=CNC2=CC=C1,2.3,262.0,15,3,128.7279769721,189.6323959251969
81.4,517.6,C[C@@H]1C[C@@H](CC(C1)(C)C)N2C3=C(C=C(C=C3)/C=C/C(=O)OC)N=C2NC4=CC=C(C=C4)SC(F)(F)F,8.3,785.0,36,7,314.71611524766666,456.19352094908635
43.4,162.57,CCOC(=O)C=CC(=O)Cl,1.2,162.0,10,4,64.51101198616666,137.28990435649627
98.2,350.3,C1=CC=C(C=C1)C2=NC=C(O2)COC(=O)/C=C/C3=CC=C(C=C3)[N+](=O)[O-],3.6,505.0,26,6,220.862387921,310.0745391616582
68.6,441.3,CC(C)OC(=O)/C(=C\C1=CC(=C(C=C1)OC)COC2=C(C(=C(C(=C2F)F)F)F)F)/C#N,4.9,681.0,31,8,214.8084853263333,362.3471228639844
114.0,291.3,CCOC(=O)/C(=C(\C)/O)/C(=N/C(=O)NC1=CC=CC=C1)/N,2.4,451.0,21,5,161.48896196166666,258.0715099570911
59.3,293.3,C=CC(=O)OCCOC1=CC=C(C=C1)C2=CC=C(C=C2)C#N,3.7,409.0,22,7,185.40820846066663,282.7291837445575
63.7,231.2,C=CC(=O)OCN1C(=O)C2=CC=CC=C2C1=O,1.7,353.0,17,4,112.75821323576668,203.46079278804237
46.5,164.16,C=CC(=O)OC1=CC=CC=C1O,1.7,177.0,12,3,83.79068350006666,150.90447041152697
29.5,205.25,CN(C)C1=CC=C(C=C1)C=CC(=O)OC,2.7,228.0,15,4,132.40728104636668,205.74956012099355
35.5,206.24,CC1=CC=CC=C1/C(=C/OC)/C(=O)OC,2.3,245.0,15,4,117.18789503673334,201.2171325038523
78.9,230.21,COC(=O)C(CC(=C)C(=O)OC)C(=O)OC,0.9,290.0,16,8,97.06827139516666,203.2810662832468
26.3,218.29,CCCCOC(=O)/C=C/C1=CC=CC=C1C,3.8,233.0,16,6,137.97441778613333,224.2825588931305
43.4,287.13,CCOC(=O)C(=CC1=C(C(=CC=C1)Cl)Cl)C(=O)C,3.5,352.0,18,5,147.93146208396666,246.9746201633309
84.5,252.27,CCCCOC(=O)/C=C/C1=C(NC(=O)NC1=O)C,0.9,424.0,18,6,137.53450876633335,222.0088926658798
26.3,232.32,CCCCCCC1=CC=C(C=C1)OC(=O)C=C,5.2,227.0,17,8,134.66328192266667,239.99653363084755
26.3,246.34,CCCCCCCC1=CC=C(C=C1)OC(=O)C=C,5.8,240.0,18,9,142.618570171,256.0306360981796
26.3,260.399,CCCCCCCCC1=CC=C(C=C1)OC(=O)C=C,6.3,252.0,19,10,149.18865844233335,271.46055708345597
52.6,234.25,CCCOC(=O)C1=CC=C(C=C1)OC(=O)C=C,3.7,277.0,17,7,126.22522638783332,221.2295554302777
118.0,266.21,CCOC(=O)C(=CC1=CC=C(C=C1)[N+](=O)[O-])[N+](=O)[O-],2.4,387.0,19,4,136.1531817460333,217.01749462160322
43.4,204.22,CC(=O)C1=CC=C(C=C1)/C=C/C(=O)OC,2.3,260.0,15,4,129.78045313266668,196.54533064625429
70.3,217.22,COC(=O)C(=C)C(C1=CC=C(C=C1)C#N)O,1.2,320.0,16,4,112.3855835015,201.47859474143743
81.4,237.21,COC1=C(C=C(C=C1)/C=C/C(=O)OC)[N+](=O)[O-],2.0,310.0,17,4,135.82177246273332,206.21390360628547
50.1,205.18,COC(=O)/C(=C/C1=CC=C(C=C1)F)/C#N,2.2,308.0,15,3,117.00031585903334,185.33030744617926
55.0,152.15,COC(=O)/C=C/C1=NC=CN1,0.4,168.0,11,3,87.47484207306667,137.59496408997123
26.3,238.71,CCCCOC(=O)/C=C/C1=CC=C(C=C1)Cl,4.1,230.0,16,6,141.09119541706667,226.91589979656135
68.6,261.269,CCOC(=O)C(=CC1=CC(=CC(=C1)OC)OC)C#N,2.4,370.0,19,6,154.6510189672,245.03779429758586
213.0,594.5,C1=CC(=CC=C1C=CC(=O)OC2C(C(C(OC2OC3=C(OC4=CC(=CC(=C4C3=O)O)O)C5=CC=C(C=C5)O)CO)O)O)O,3.0,1040.0,43,8,318.5631444993333,479.24867106402564
59.0,345.4,COC1=C(C=CC(=C1)/C=C/C(=O)OC[C@H]2CCCN3[C@@H]2CCCC3)O,3.5,467.0,25,6,206.132524331,323.5925839817205
51.6,160.24,CC(=C)C(=O)OCCSC,1.8,132.0,10,5,74.4086821972,151.88175601635587
245.0,624.6,C[C@H]1[C@@H]([C@H]([C@H]([C@@H](O1)O[C@@H]2[C@@H]([C@@H]([C@H](O[C@H]2OCCC3=CC(=C(C=C3)O)O)CO)O)OC(=O)/C=C/C4=CC(=C(C=C4)O)O)O)O)O,0.0,936.0,44,11,299.75366287733334,498.0981188243998
313.0,800.8,C[C@H]1[C@@H]([C@H]([C@H]([C@@H](O1)O[C@@H]2[C@H]([C@@H](O[C@@H]([C@H]2OC(=O)/C=C/C3=CC(=C(C=C3)O)O)CO[C@H]4[C@@H]([C@H]([C@@H]([C@H](O4)CO)O)O)O)OCCC5=CC(=C(C=C5)O)OC)O)O)O)O,-1.8,1250.0,56,15,378.9059804553333,
44.8,186.2,CC1(OC[C@@H](O1)/C=C/C(=O)OC)C,0.6,220.0,13,3,88.17131903283332,170.0558959007547
26.3,168.11,CCOC(=O)C(=C)C(F)(F)F,2.0,171.0,11,3,54.36153007710001,131.63975857858384
46.5,240.68,CCOC(=O)C(=C)C(C1=CC=C(C=C1)Cl)O,2.5,257.0,16,5,115.75568912113332,215.95584439108086
26.3,210.65,CCOC(=O)C(=C)C1=CC=C(C=C1)Cl,3.3,217.0,14,4,110.1749816891,195.29053445927104
42.1,229.27,CCOC(=O)/C(=C/C1=CNC2=CC=CC=C21)/C,3.1,311.0,17,4,148.34744610233335,220.56224112185035
46.5,178.18,C=CC(=O)OC1=CC=C(C=C1)CO,1.4,181.0,13,4,94.1421530459,166.7186081907818
67.8,237.23,COC1=CC(=CC(=C1OC)OC)/C=C/C(=O)[O-],2.1,257.0,17,4,224.4901995003333,214.66464154250173
72.1,239.2,CCOC(=O)/C(=C/C1=CC(=CC=C1)[N+](=O)[O-])/F,2.6,324.0,17,4,125.77248260206666,202.4099029227245
63.1,248.3,CCOC(=O)/C(=C(/NC1=CC=CC=C1)\S)/C#N,3.1,351.0,17,5,145.1269359649,223.51591791613117
118.0,432.4,C1=CC=C2C(=C1)N(C3=CC=CC=C3S2)C(=O)COC(=O)/C=C/C4=CC=C(C=C4)[N+](=O)[O-],4.8,679.0,31,5,255.88003071366668,375.63527471556284
126.0,680.7,C[C@H]1[C@@H]2CC[C@@]3(O[C@@H]4[C@@]2([C@@H](C[C@H]1OC(=O)/C=C/C5=CC(=C(C=C5)OC)OC)[C@H]([C@@H](O4)OC(=O)/C=C/C6=CC(=C(C=C6)OC)OC)C)OO3)C,6.6,1220.0,49,12,414.0296707396666,604.8853791727105
50.1,280.12,CCOC(=O)C(=CC1=CC=CC=C1Br)C#N,3.1,329.0,16,4,133.02833460556667,205.05638425928248
35.5,234.29,CC(C)(C)OC(=O)/C=C/C1=CC=C(C=C1)OC,3.2,268.0,17,5,149.32657417250002,233.21180904767525
55.4,223.2,COC(=O)/C=C/C(=O)NC1=CC=C(C=C1)F,1.3,283.0,16,4,119.5058482509,195.93417078756087
196.0,510.5,C[C@@]1(C[C@H]([C@]2(C1[C@@H](OC=C2)O[C@H]3[C@@H]([C@H]([C@@H]([C@H](O3)CO)O)O)O)O)O)OC(=O)/C=C/C4=CC=C(C=C4)O,-1.0,841.0,36,7,247.7452414653333,408.4192837731476
44.8,312.4,CC1=C(C=C(C=C1)OC(=O)/C=C/C2=CC(=C(C=C2)OC)OC)C,4.4,406.0,23,6,217.14846789266667,302.9041888409703
84.6,318.4,CCN(C(C)C)C(C)C.C1=CC(=CC=C1/C=C(/C#N)\C(=O)O)O,,351.0,23,5,226.18646802133333,223.36834367006503
95.9,232.19,COC(=O)C(=CC1=CC=C(C=C1)[N+](=O)[O-])C#N,2.0,380.0,17,3,128.37424899006666,200.74813176364722
80.9,374.4,C1=CC=C(C=C1)CC(=O)N/N=C/C2=CC=C(C=C2)OC(=O)/C=C\C3=CC=CO3,3.7,561.0,28,8,257.333015723,349.17137099689086
55.8,404.6,CCCCCCCCCCCCCCCOC(=O)/C=C/C1=CC(=C(C=C1)O)OC,9.0,421.0,29,18,242.5155467433333,411.01012989254457
26.3,162.18,CC1=CC=C(C=C1)OC(=O)C=C,2.7,167.0,12,3,91.09481539473332,162.0583892628023
50.1,270.11,CCOC(=O)/C(=C\C1=CC(=C(C=C1)Cl)Cl)/C#N,4.0,359.0,17,4,148.33492909866666,231.90525743347257
26.3,184.27,CCCCCCOC(=O)C(=C)CC,3.8,162.0,13,8,95.5426167349,194.95092507781084
61.8,222.18,CCOP(=O)(/C=C/C(=O)OC)OCC,0.2,238.0,14,7,100.14540043056668,190.16901314912224
39.2,213.23,COC(=O)/C=C/C1=NC2=CC=CC=C2C=C1,2.5,275.0,16,3,144.30275667983332,203.76427598911144
26.3,218.29,CCC(C)(C)C1=CC=C(C=C1)OC(=O)C=C,4.5,248.0,16,5,129.3555258409667,223.83167628263683
26.3,202.25,C=CC(=O)OC1=CC2=C(CCCC2)C=C1,3.6,247.0,15,3,119.6322952716,197.86972967619545
43.4,218.25,CCOC(=O)/C=C/C1=CC=C(C=C1)C(=O)C,2.7,273.0,16,5,138.50561533433333,212.28998204466794
35.5,268.31,CCOC1=CC=C(C=C1)/C=C/C(=O)OC2=CC=CC=C2,4.1,310.0,20,6,187.9471779509333,263.05607996532325
26.3,168.11,CC(=C)C(=O)OC(CF)(F)F,2.7,177.0,11,4,54.5113515964,131.8284878268592
90.1,404.4,CC1=CC(=CC=C1)OCC(=O)N/N=C/C2=CC=C(C=C2)OC(=O)/C=C/C3=CC=CO3,4.2,613.0,30,9,276.002050248,372.288414381623
39.2,177.2,CCOC(=O)/C=C/C1=CC=NC=C1,1.5,183.0,13,4,103.45728861936664,172.75778530726166
80.6,181.16,C1=C[C@@H]([C@@H](C(=C1)/C=C/C(=O)[O-])O)O,0.1,283.0,13,1,123.46021711919998,153.82063501977944
63.6,206.19,COC(=O)/C=C/C1=CC(=C(C=C1)O)C=O,1.9,259.0,15,4,123.3353868241,185.43122929080928
65.2,196.18,COC(=O)/C=C/C1=C(N=CC(=C1)F)N,0.9,233.0,14,3,107.0271844701,168.31578179289681
55.9,209.18,C1=CC=C2C(=C1)C(=CN2)/C=C/C(=O)[O-].[Na+],,255.0,15,2,125.20647481449998,169.6701480369861
99.1,344.4,CCCCOC(=O)C=C.CC(=C)C(=O)OC.C=CC(=O)OCCO,,279.0,24,11,161.2061565313333,164.84844903915643
39.2,163.17,COC(=O)/C=C/C1=CC=CC=N1,1.2,177.0,12,3,96.94389216096666,157.01883350243554
42.1,201.22,COC(=O)/C=C/C1=CC=CC2=C1NC=C2,2.5,262.0,15,3,130.70530022933335,190.17535293214584
43.4,232.27,CC(C)(C)OC(=O)/C=C/C1=CC=C(C=C1)C=O,2.6,291.0,17,5,146.09710317746666,227.95188074918283
39.2,211.64,CC1=CC(=C(N=C1)Cl)/C=C/C(=O)OC,2.5,230.0,14,3,117.68113351176665,190.1154386591715
52.3,245.2,COC(=O)/C=C/C1=C(C=C(C=C1)C(F)(F)F)N,2.4,302.0,17,3,120.35505665213334,199.07321962679984
50.1,270.11,CCOC(=O)/C(=C/C1=C(C=C(C=C1)Cl)Cl)/C#N,3.0,359.0,17,4,147.50928525133335,231.43656427714754
35.5,210.2,COC1=CC(=C(C=C1)/C=C/C(=O)OC)F,2.3,240.0,15,4,123.13606756686666,190.93436468806928
90.6,267.23,COC1=C(C=C(C(=C1)/C=C/C(=O)OC)[N+](=O)[O-])OC,2.0,351.0,19,5,150.6595739314,230.44139022667662
26.3,264.63,COC(=O)/C=C/C1=C(C=C(C=C1)Cl)C(F)(F)F,3.7,302.0,17,3,123.8756049322,210.1950640577459
35.5,224.23,CCOC(=O)/C=C/C1=CC(=C(C=C1)OC)F,2.6,253.0,16,5,134.13350778676667,206.71707268880826
26.3,198.17,COC(=O)/C=C/C1=C(C=C(C=C1)F)F,2.4,228.0,14,3,104.42839964579998,171.57670797333142
54.5,182.24,CCOC(=O)/C=C/C1=CSC=C1,2.2,177.0,12,4,101.65847443719998,167.8571642436865
42.1,215.25,CCOC(=O)/C=C/C1=CC2=CC=CC=C2N1,2.8,275.0,16,4,151.16463107766666,205.84344020269162
90.8,412.4,CC(C)OC1=NC(=CC(=N1)OCC2=CC=CC=C2C(=CO)C(=O)OC)C(F)(F)F,4.3,571.0,29,8,185.42383650866668,344.4800642150869
130.0,439.8,COC(=O)C=CC1=C(C=C(C=C1)[N+](=O)[O-])NC(=O)NC(=O)C2=CC(=C(C=C2Cl)F)F,3.9,704.0,30,5,227.6873318453333,344.20010386733895
54.1,348.4,CC1=C(C2=CC=CC=C2N1)CCNCC3=CC=C(C=C3)/C=C/C(=O)OC,4.1,471.0,26,8,221.8284700613333,339.34597518671944
35.5,184.11,CO/C=C(\C(=O)OC)/C(F)(F)F,1.2,195.0,12,3,58.32186380973334,140.58423973516614
46.5,212.63,COC(=O)/C=C/C1=CC(=C(C=C1)O)Cl,2.5,227.0,14,3,119.43224693063333,184.32437705729288
26.3,255.11,CCOC(=O)/C=C/C1=CC(=CC=C1)Br,3.7,213.0,14,4,124.37811666876668,186.12420010092637
95.9,378.25,CCOC(=O)/C(=C/C1=C(C=C(C=C1)C(C(F)(F)F)(F)F)[N+](=O)[O-])/CC#N,3.6,618.0,26,6,160.390087795,288.5483445470819
55.0,188.61,COC(=O)/C=C/C1=CN=CN1.Cl,,168.0,12,3,92.7077316206,139.8610306226486
29.5,183.25,CCOC(=O)/C=C/N1CCCCC1,1.7,183.0,13,4,103.5047745024,181.49108043658117
48.3,283.32,CCOC(=O)/C=C/C1=CC(=CN1C)C(=O)C2=CC=CC=C2,2.7,399.0,21,6,181.2662140639667,272.4839768023811
62.7,380.5,CC1=CC=C(C=C1)C(CCN2CCCC2)(C3=CC=CC(=N3)/C=C/C(=O)OC)O,3.1,524.0,28,8,224.822865974,365.7476676394425
81.7,376.4,C=CC(=O)OCCOCCOCCOCCOCCOCC1CCCO1,0.4,350.0,26,19,168.23780429766666,344.9721341206045
26.3,283.16,CC(C)(C)OC(=O)/C=C/C1=CC=C(C=C1)Br,3.9,258.0,16,4,146.01572171956664,216.95922227138718
44.8,326.4,CC(C)C1=CC=C(C=C1)OC(=O)/C=C/C2=CC(=C(C=C2)OC)OC,4.8,410.0,24,7,226.21193315733333,319.16786083536215
52.6,214.26,CCCCOC(=O)C=C.CC(=O)OC=C,,163.0,15,7,104.81639273366666,145.22110849111252
52.6,452.7,CCCCCCCCCCCCCCCCCCOC(=O)C=C.CCCCOC(=O)C=C,,358.0,32,24,242.44066218166668,412.4542547417204
72.8,356.5,CCCCCCCCCCCCOC(=O)C=C.C=CC(=O)OCCO,,275.0,25,17,179.83115156833333,292.6562397762043
61.8,258.31,CCCCOC(=O)C=C.COCCOC(=O)C=C,,196.0,18,10,120.35868479766668,159.08664420900476
83.8,526.7,CCOC(=O)C(=C(C1=CC(=C(C=C1Cl)Cl)NC2=C(C=C(C=C2Cl)F)F)O)C=NC3=CN=CC=C3,6.6,760.0,34,8,288.780458112,427.5736961016644
97.8,417.7,CCOC(=O)C(=C(C1=CC(=C(C(=C1F)Cl)F)F)O)C=NC2=NC=C(C(=C2)N)F,3.7,625.0,28,6,194.37971648666667,322.2616889871545
52.3,270.12,CCOC(=O)/C=C/C1=C(C=CC(=C1)Br)N,2.6,243.0,15,4,133.4582727223,192.61650419921037
43.4,204.22,CCOC(=O)/C=C/C1=CC=C(C=C1)C=O,2.5,237.0,15,5,129.31254404316667,196.73712685499868
26.3,198.22,C=CC(=O)OC1=CC=CC2=CC=CC=C21,3.4,247.0,15,3,119.8135834662,192.92796076649148
44.8,224.25,COC(=O)/C=C/C1=CCCC2(C1)OCCO2,1.0,324.0,16,3,121.80702508796666,204.6425701463951
26.3,212.19,CCOC(=O)/C=C/C1=C(C=CC(=C1)F)F,2.8,241.0,15,4,112.97142509263334,187.33515954018887
80.8,331.4,CCOC(=O)/C=C/C1=CC(=CC=C1)S(=O)(=O)NC2=CC=CC=C2,3.1,503.0,23,7,197.05396274966665,294.09740725426076
83.0,317.4,CC1=CC(=NC2=C1C(=C(S2)/C=C/C(=O)OC)N=CN(C)C)C,2.9,453.0,22,5,210.25741951766668,293.66598638416065
65.2,192.21,CCOC(=O)/C=C(/C1=CC=CC=N1)\N,1.2,226.0,14,4,109.01414365366668,179.42838785271456
44.8,200.23,CCOC(=O)/C=C/C1COC(O1)(C)C,1.0,232.0,14,4,95.579061787,185.93478800034325
147.0,409.4,CC1=CC(=O)NC(=N1)NC(=O)NCCCCCCNC(=O)OCCOC(=O)C=C,0.7,674.0,29,14,196.2410466633333,359.3543095366041
55.8,331.29,CCOC(=O)C(=CN(C)C)C(=O)C1=CC(=C(C(=C1F)OC)F)F,2.7,470.0,23,7,162.81927714533333,278.79706289699317
26.3,274.4,CCCCCCCCCC1=CC=C(C=C1)OC(=O)C=C,6.9,265.0,20,11,162.77510755366666,287.37237071101777
72.8,244.28,CCCCOC(=O)C=C.C=CC(=O)OCCO,,185.0,17,9,116.751875557,148.25886114871219
26.3,206.28,C=CC(=O)OC1C2CC3CC(C2)CC1C3,3.1,267.0,15,3,109.2440467252,196.14650612631343
43.4,226.18,COC(=O)/C=C/C1=CC(=C(C(=C1)F)C=O)F,1.9,279.0,16,4,120.40541412953333,190.8146091953801
42.1,151.16,COC(=O)/C=C/C1=CC=CN1,1.0,166.0,11,3,91.41351815846666,142.76590518144113
26.3,212.19,CCOC(=O)/C=C/C1=CC(=CC(=C1)F)F,2.8,231.0,15,4,112.10670388683332,187.80691487673383
26.3,273.1,CCOC(=O)/C=C/C1=CC(=C(C=C1)Br)F,3.4,243.0,15,4,131.30041671956667,190.80467995830952
35.5,246.18,COC(=O)/C=C/C1=CC=C(C=C1)OC(F)(F)F,3.8,278.0,17,4,117.47765953736666,201.364439729809
26.3,194.2,CC1=C(C=C(C=C1)/C=C/C(=O)OC)F,2.7,225.0,14,3,116.27276769003332,182.36195793498374
48.4,271.26,CC(C)(C)OC(=O)/C=C/C1=CN=C(C=C1)OC(F)F,3.4,326.0,19,6,141.21442220433337,238.71119651696975
50.1,251.28,CCOC(=O)/C(=C/C1=CC2=CC=CC=C2C=C1)/C#N,3.7,404.0,19,4,176.92479369856667,243.20526059541587
39.4,273.12,CC(C)(C)OC(=O)/C=C/C1=CC=C(O1)Br,3.9,255.0,15,4,132.11929259033334,197.27375939262586
72.1,304.07,COC(=O)/C=C/C1=CC(=C(C=C1[N+](=O)[O-])F)Br,2.8,331.0,17,3,130.7111864541,194.56971929905234
26.3,228.65,CCOC(=O)/C=C/C1=CC(=CC(=C1)Cl)F,3.3,243.0,15,4,122.03468472053332,200.44816104735602
96.5,576.9,CC1=CC2=C(C=C1Cl)OC(=O)C(=C2C3=CC=CC(=C3)/C=C/C(=O)[O-])CC(=O)NC4=C(C=C(C=C4)F)C(F)(F)F.[NH4+],,1010.0,40,5,322.2329171036667,454.4523037631349
57.0,393.28,CC(C)OC(=O)C=CN1C=NC(=N1)C2=CC(=CC(=C2)C(F)(F)F)C(F)(F)F,4.3,527.0,27,5,173.19681934153334,305.14467519458884
63.2,358.4,COC1=C(C=C(C=C1)C(=CC(=O)OC)C2=CC(=C(C=C2)OC)OC)OC,4.0,445.0,26,8,223.28072982333333,335.4569863390911
59.5,386.8,CCOC(=O)C(=CN(C)C)C(=O)C1=C(N=C2C(=C1)C=C(C(=C2F)F)F)Cl,3.9,576.0,26,6,202.74272193733336,313.86473423124323
111.0,409.8,COC(=O)C=CC1=C(C=C(C=C1)N)NC(=O)NC(=O)C2=CC(=C(C=C2Cl)F)F,3.3,622.0,28,5,225.0908008614,330.69733882912675
39.2,256.1,CCOC(=O)/C=C/C1=C(N=CC=C1)Br,2.5,218.0,14,4,118.6525975018,180.85257504631673
65.2,294.66,CCOC(=O)/C(=C/C1=C(C=C(C=N1)C(F)(F)F)Cl)/N,2.6,360.0,19,4,138.2268715612,227.85492571407485
45.3,456.5,C[C@@H]1CC2=C([C@H](N1CC(C)(C)F)C3=C(C=C(C=C3F)/C=C/C(=O)OC)F)NC4=CC=CC=C24,5.5,720.0,33,6,270.27099149533336,408.0171058317612
105.0,338.4,CC1(CC(CC(C1)(C)CN=C=O)N=C=O)C.C=CC(=O)OCCO,,440.0,24,7,172.21685350033331,231.84741227237527
97.8,421.5,CCOC(=O)/C=C/C1=C(N=C(N=C1C(C)C)N(C)S(=O)(=O)C)C2=CC=C(C=C2)F,3.3,672.0,29,8,248.62890682033333,370.2705312310222
26.3,128.169,CC[C@H](C)OC(=O)C=C,2.3,108.0,9,4,62.725933830533336,132.2433831422434
147.0,357.5,CCOC(=O)C(=C(SC)SC)C1=NN2C(=O)C=C(N=C2S1)C,2.5,632.0,22,6,208.96221728766668,292.54268434501796
68.8,240.28,COC(=O)C(=C)CS(=O)(=O)C1=CC=CC=C1,1.4,358.0,16,5,114.65763588566666,208.13655651183618
66.2,403.4,CCOC(=O)/C=C/C1=CC=C(C=C1)C2=NN(C=N2)C3=CC=C(C=C3)OC(F)(F)F,5.2,557.0,29,7,258.115549115,344.24076713715704
35.5,261.1,CCOC(=O)/C=C/OC1=C(C=C(C=C1)Cl)Cl,3.5,256.0,16,5,128.62933058923332,221.20584568850458
26.3,166.22,C=CC(=O)OCC1=CCCCC1,2.3,204.0,12,4,89.43186580140001,166.30941943107493
55.4,255.22,CC(=O)N/C(=C\C1=CC(=CC(=C1)F)F)/C(=O)OC,1.8,347.0,18,4,131.42180409143333,216.18673869137362
26.3,208.3,CC(=CCC/C(=C/COC(=O)C=C)/C)C,4.1,268.0,15,7,118.36732582366666,221.79191061531947
26.3,226.27,CCOC(=O)C(=C)C1=CC2=CC=CC=C2C=C1,4.0,295.0,17,4,143.7378318339333,224.27642166118454
58.9,436.2,CCOC(=O)C(=C(C1=C(C(=C(C=C1F)Cl)F)Cl)O)C=NC2=C(C=C(C=C2)F)F,5.7,622.0,28,6,217.10628632566667,338.262332785344
79.1,349.28,CCOC(=O)C(=C(C1=CC(=C(C(=C1F)F)F)F)O)C=NC(C)CO,2.5,500.0,24,7,169.74450382566667,277.53021162833835
26.3,210.31,C[C@H]1CC[C@@H]([C@H](C1)OC(=O)C=C)C(C)C,4.2,233.0,15,4,110.55143926993333,215.9137460605376
26.3,126.15,CC(=C)COC(=O)C=C,2.0,136.0,9,4,63.37093852590001,130.04338801951238
26.3,235.12,C=CC(=O)OCCCCCCBr,3.3,135.0,12,8,88.15667663919999,172.23944176317235
29.5,179.64,CN(C)CCOC(=O)C=C.Cl,,121.0,11,5,76.061020359,149.55826045764584
52.6,178.57,C=CC(=O)OCCOC(=O)Cl,1.7,166.0,11,6,64.56716389356667,146.90484231190416
62.4,469.6,CCOC(=O)C=C(NC1=C(C=C(C=C1)Cl)Cl)NNC2=C(C=C(C=C2Cl)Cl)Cl,8.0,513.0,27,8,240.87921893333336,372.8124616673416
26.3,182.6,C=CC(=O)OC1=CC=CC=C1Cl,2.8,179.0,12,3,88.45152894623334,163.90735160185378
26.3,222.25,CC(C)(C)OC(=O)C(=C)C1=CC=CC=C1F,3.4,278.0,16,4,115.3556948678,213.68690489363334
43.4,208.18,COC(=O)/C=C/C1=CC(=C(C=C1)C=O)F,1.8,263.0,15,4,120.4876570403,185.94890365385297
72.1,275.37,CC(C)OC(=O)/C=C/C1CCN(CC1)S(=O)(=O)C,1.2,400.0,18,5,141.08996057800002,242.72692604167923
83.5,221.21,CCOC(=O)/C(=C/C1=CC=C(O1)CO)/C#N,1.2,328.0,16,5,126.43193483216665,196.75804704438102
61.8,332.27,CCOC=C(C(=O)C1=CC(=C(C(=C1F)OC)F)F)C(=O)OCC,2.9,454.0,23,8,155.70305597733332,275.54064549426033
26.3,273.1,CCOC(=O)/C=C/C1=C(C=CC=C1Br)F,3.4,243.0,15,4,123.8152100469,191.14959517446624
215.0,658.7,CCCCCCCCOC1=CC=C(C=C1)NC(=O)C(C(C)O)NC(=O)[C@@]2(C[C@H]([C@H]([C@@H](C2)OC(=O)/C=C/C3=CC(=C(C=C3)O)O)O)O)O,4.0,1020.0,47,17,355.753144988,575.6895528535922
55.6,213.23,CC(OC(=O)CCN1CC1)OC(=O)C=C,0.9,260.0,15,8,95.27870713863332,198.48785954225153
89.9,446.6,CC(=O)O[C@H]1CC[C@]2([C@@H](C1)CC[C@@H]3[C@@H]2CC[C@]4([C@@]3(CC[C@H]4C(=O)COC(=O)C=C)O)C)C,4.3,806.0,32,7,222.751155947,409.1148132167194
63.2,271.24,COC(=O)/C(=C/C1=CC=C(O1)C2=CC=C(C=C2)F)/C#N,3.5,432.0,20,4,191.37109162856663,242.36549006227727
52.3,195.19,COC(=O)/C=C/C1=C(C=C(C=C1)F)N,1.6,230.0,14,3,110.70070096663336,173.1305317447848
98.8,273.21,C=CC(=O)OCCOCCN.C(=O)(C(F)(F)F)O,,208.0,18,7,91.97386194566668,165.95231686707862
55.8,331.29,CCOC(=O)/C(=C\N(C)C)/C(=O)C1=CC(=C(C(=C1F)OC)F)F,2.7,470.0,23,7,161.764485747,279.12890148174074
35.5,304.71,CC(C)(C)OC(=O)/C=C/C1=C(C=CC(=C1)Cl)OC(F)F,4.7,353.0,20,6,151.70002344920002,261.40907200355366
110.0,472.4,COC1=CC=C(C=C1)S(=O)(=O)N(CC2=CC=CC=C2NC(=O)C(F)(F)F)C(=C)C(=O)OC,3.4,788.0,32,9,240.942261218,382.71370183460857
77.5,380.3,COC(=O)/C(=C/C1=CN=C(C=C1)C(F)(F)F)/NC(=O)OCC2=CC=CC=C2,3.3,545.0,27,7,186.2032276573333,318.38873418573286
68.6,387.7,CCOC(=O)/C=C/C1=C(C=C(C=C1)O)OC2=C(C=C(C=N2)C(F)(F)F)Cl,4.5,503.0,26,6,191.9927205333333,311.84938572059076
81.7,531.9,COC(=O)/C=C/C1=CC(=C(C=N1)Cl)C(C2=C(C=CC(=C2)F)F)S(=O)(=O)C3=CC=C(C=C3)C(F)(F)F,5.3,857.0,35,7,260.06150590933333,415.313510473276
76.1,501.9,CCOC(=O)/C=C/C1=C(C=C(C=C1)OCCC2(OCCO2)C)OC3=C(C=C(C=N3)C(F)(F)F)Cl,5.0,688.0,34,10,255.809364805,416.1120034265735
84.0,494.6,CC(C)(C)OC(=O)/C=C/C1=CC=C(C=C1)OC2=C(SC3=C2C=CC(=C3)O)C4=CC=CC=C4C(F)F,7.7,731.0,35,8,309.41586349,438.401481954748
68.1,325.31,CCOC(=O)C(=C(C1=C(C(=C(C=C1)F)OC)F)O)C=NC2CC2,3.0,491.0,23,7,183.47793238833333,282.84597688128235
26.3,198.17,COC(=O)/C=C\C1=C(C=C(C=C1)F)F,2.4,228.0,14,3,95.4505252689,171.12487691905875
26.3,274.05,C=CC(=O)OC1=CC=C(C=C1)I,2.9,171.0,12,3,99.12778759576666,155.80865109071485
46.5,222.28,C=CC(=O)OC12CC3CC(C1)CC(C3)C2O,2.0,322.0,16,3,110.27380335726666,201.24534621312552
35.5,224.23,CCOC(=O)C=CC1=CC(=C(C=C1)OC)F,2.6,253.0,16,5,131.25496080833332,206.59781332653458
35.5,142.15,C=CC(=O)OC1CCCO1,1.2,142.0,10,3,63.1087775223,130.48113079164497
52.3,237.27,CC(C)(C)OC(=O)/C=C/C1=C(C(=CC=C1)N)F,2.6,296.0,17,4,137.03116877113334,220.38278771048678
81.7,498.3,COC(=O)/C=C/C1=CC(=C(C=N1)Cl)C(C2=C(C=CC(=C2)F)F)S(=O)(=O)C3=CC=C(C=C3)Cl,5.1,770.0,32,7,259.2657647793333,402.5196951866192
64.599,299.27,CC(C)OC(=O)NC1=CC(=C(C(=C1)F)/C=C/C(=O)OC)F,2.8,388.0,21,6,164.398748836,256.6303884238317
65.2,260.209,CCOC(=O)/C=C/C1=C(C=CC(=N1)C(F)(F)F)N,1.8,318.0,18,4,127.97081091236667,210.3901808458816
50.1,245.13,C=CC(=O)OC1=C(C(=C(C(=C1F)F)C#N)F)F,2.4,351.0,17,3,101.35094591603333,185.24190104276417
72.9,516.4,CCOC(=O)/C=C/C1=C(C=CC(=C1)SCC2=CC=CC=C2)NC3=CC(=C(C=C3OC)Br)F,6.9,604.0,32,10,288.4612609083333,414.08384525000497
35.5,214.16,COC(=O)C=COC1=CC(=CC(=C1)F)F,2.1,233.0,15,4,91.99126076916666,180.04167440592641
71.2,346.28,CCC=NN=CC(=C(C1=CC(=C(C(=C1F)F)F)F)O)C(=O)OCC,3.4,525.0,24,7,175.88930131133336,280.35216323203827
87.3,614.6,C=CC(=O)OCCCCOC1=CC=C(C=C1)C2(CC=CC(=C2F)C3=CC=C(C=C3)CCCCOS(=O)(=O)C(F)(F)F)F,7.3,1050.0,42,16,298.944056902,515.8073377158214
52.6,158.15,CC(=O)OCC(=C)C(=O)OC,0.4,183.0,11,5,66.0898487173,144.45525532299845
64.599,311.3,C=C(C(=O)OCC1=CC=CC=C1)NC(=O)OCC2=CC=CC=C2,3.5,409.0,23,8,158.56318394533335,292.8389338121066
26.3,198.17,COC(=O)/C=C/C1=C(C=CC(=C1)F)F,2.4,228.0,14,3,104.10892057066668,171.71638816892528
26.3,198.17,COC(=O)/C=C/C1=CC(=CC(=C1)F)F,2.4,218.0,14,3,102.16623081193336,171.75509695908212
26.3,230.18,C=CC(=O)OCC1=CC(=CC=C1)C(F)(F)F,3.1,260.0,16,4,94.3730413784,192.81185539404248
64.599,201.22,CCCNC(=O)OCCOC(=O)C=C,1.3,203.0,14,8,90.3652914957,186.259456707414
92.7,336.38,C=CC(=O)OCCOCCOCCOCCOCCOCCO,-0.7,272.0,23,19,145.70410084633335,303.50414275120187
26.3,198.17,COC(=O)/C=C/C1=C(C(=CC=C1)F)F,2.4,228.0,14,3,103.09522464176666,171.8224712426721
52.1,178.19,CCOC(=O)/C=C/C1=NC=CC=N1,0.9,186.0,13,4,100.67276974596666,167.77291112061576
110.0,322.31,CC(C)(C)OC(=O)NC(=C)C(=O)OCC1=CC=C(C=C1)[N+](=O)[O-],2.8,469.0,23,7,153.97914260383334,282.31350509174104
26.3,222.32,CCOC(=O)/C=C/C1=C(CCCC1(C)C)C,3.4,322.0,16,4,135.28975338933333,227.69207333691253
26.3,230.18,COC(=O)C=CC1=CC(=CC=C1)C(F)(F)F,3.5,271.0,16,3,107.6817163878,192.6634759215772
26.3,204.26,CCOC(=O)/C=C/C1=CC(=C(C=C1)C)C,3.3,233.0,15,4,134.76888748533335,208.20219412510923
26.3,301.15,CC(C)(C)OC(=O)/C=C/C1=C(C=C(C=C1)Br)F,4.0,296.0,17,4,148.6059343654333,221.94436389381445
55.8,222.24,C=CC(=O)OCCCOC1=CC=C(C=C1)O,2.4,219.0,16,7,110.12512334043332,206.92317332280467
55.4,285.7,CCOC(=O)/C=C/C1=C(C=CC(=C1F)NC(=O)C)Cl,2.5,362.0,19,5,155.0237764072,244.40268343321307
26.3,228.65,CCOC(=O)/C=C/C1=C(C=CC=C1Cl)F,3.3,243.0,15,4,117.12458246966666,199.9926522155257
57.0,393.28,CC(C)OC(=O)/C=C/N1C=NC(=N1)C2=CC(=CC(=C2)C(F)(F)F)C(F)(F)F,4.3,527.0,27,5,187.1290594260333,304.995094099347
43.4,344.5,C[C@]12CCC(=O)C[C@H]1CC[C@@H]3[C@@H]2CC[C@]4([C@@H]3CC[C@@H]4OC(=O)C=C)C,4.8,596.0,25,3,183.8542929813333,329.1362545324662
57.6,353.29,CO/C=C(\C1=CC=CC=C1OC2=NC=CC(=C2)C(F)(F)F)/C(=O)OC,3.6,481.0,25,6,166.98829223099997,297.2925314020025
52.3,129.16,CCOC(=O)C(=C)CN,-0.1,120.0,9,4,58.9602756408,122.87628155367797
154.0,638.5,C1=CC(=CC=C1/C=C/C(=O)OCCC2=C(C=C(C=C2)[N+](=O)[O-])[N+](=O)[O-])OC(=O)C3=CC=C(C=C3)OCCCC(C(F)(F)F)(F)F,7.7,1030.0,45,14,331.94711282233334,512.4667501144552
114.0,578.5,C1=CC(=CC=C1/C=C/C(=O)OCCC2=C(C=C(C=C2)N)N)OC(=O)C3=CC=C(C=C3)OCCCC(C(F)(F)F)(F)F,6.7,855.0,41,14,312.56194202,485.44690045592046
121.0,381.4,CCOC(=O)/C(=C(/C1=CN(N=C1C(F)F)C)\NC(C)C2=NC=CS2)/C#N,2.8,594.0,26,8,179.01381212033334,319.2995898506379
87.1,503.9,CCOC(=O)/C=C/C1=C(C=C(C=C1)OCC(COC(C)C)O)OC2=C(C=C(C=N2)C(F)(F)F)Cl,4.9,651.0,34,12,256.12525103433336,422.51604490439723
77.9,459.8,CCOC(=O)/C=C/C1=C(C=C(C=C1)OCC(C)(C)O)OC2=C(C=C(C=N2)C(F)(F)F)Cl,4.8,616.0,31,9,240.7284349956667,382.6657846094631
94.8,518.799,COC(=O)/C=C/C1=CC(=CN=C1)C2=CN=C(N=C2N3C=CC(=N3)C(F)(F)F)NC4=CC(=C(C=C4)F)Cl,4.9,777.0,36,7,295.822672948,419.1942423213482
54.5,369.4,CCOC(=O)/C=C/C1=CC(=C(N=C1)N[C@@H]2CCN(C2)CC3=CC=CC=C3)F,3.6,496.0,27,8,232.22278910833333,345.35094174799156
63.6,200.23,CCCCOC(=O)C=C.C=CC(=O)O,,153.0,14,6,94.50635565313333,157.4677996203927
26.3,154.21,CCOC(=O)C=C.C=CC=C,,97.2,11,4,81.07836393683333,110.9117107884075
38.3,129.16,CCOC(=O)/C=C/NC,1.3,110.0,9,4,67.42545978323334,126.2736924985048
89.9,300.35,CCCCOC(=O)C=C.CC(=C)C(=O)OC.C=CC(=O)O,,247.0,21,8,197.29708273233337,170.20885757956566
81.7,481.9,COC(=O)/C=C/C1=CC(=C(C=N1)F)C(C2=C(C=CC(=C2)F)F)S(=O)(=O)C3=CC=C(C=C3)Cl,4.5,770.0,32,7,250.1964014846667,389.4199167823468
26.3,291.09,CCOC(=O)/C=C/C1=C(C=C(C=C1F)Br)F,3.5,259.0,16,4,131.48279294716667,195.8868227103817
52.3,195.19,COC(=O)/C=C/C1=CC(=CC(=C1)F)N,1.6,230.0,14,3,109.77365082389998,173.27962559102932
58.6,426.5,CCCCCCCNC(=O)N(C)C1=CC=CC(=C1)C2=CC(=C(C=C2)/C=C/C(=O)OC)F,6.0,583.0,31,11,276.6394501603333,410.70205250915063
46.5,196.17,COC(=O)/C=C/C1=CC(=C(C=C1)O)F,1.9,227.0,14,3,111.1971839443,171.2219570364514
26.3,278.65,CCOC(=O)/C=C/C1=C(C=C(C=C1)C(F)(F)F)Cl,4.1,315.0,18,4,131.9237343622,226.37261822103576
71.9,357.8,COC(=O)C(=CC1=C(C=C(C=C1)F)Cl)C(=O)CCN2CCSC2,3.3,474.0,23,7,181.98440079166667,302.50323830385986
78.9,482.5,C=CC(=O)OC1C2CC3C1OC(=O)C3C2.C=C(C(=O)OC12CC3CC(C1)CC(C3)C2)C(F)(F)F,,732.0,34,6,218.04914918366669,261.4330988853884
48.1,266.26,C[C@]1(CO1)COC2=C(C=C(C=C2)F)/C=C/C(=O)OC,2.1,357.0,19,6,147.60502200436667,241.03638066340707
54.5,196.27,CCOC(=O)C(=CC1=CC=CS1)C,2.7,211.0,13,4,117.4089243025,183.5221010263756
46.6,305.22,CN(C)C=C(C(=O)C1=CC(=C(C(=C1F)F)F)F)C(=O)OC,2.4,441.0,21,5,139.4574310526667,244.113639817618
92.4,310.28,CCOC(=O)C(=CN(C)C)C(=O)C1=CC(=C(C=C1)[N+](=O)[O-])F,2.3,472.0,22,6,155.55706582966664,264.71186145596636
46.5,286.3,CCOC(=O)C=C(C1=CC=C(C=C1)O)C2=CC=C(C=C2)F,4.2,364.0,21,5,170.32329384566663,262.80643399087535
79.1,403.4,CCOC(=O)C(=C(C1=CC(=C(C(=C1F)F)F)F)O)C=NC2(CCCC2)CCO,3.5,607.0,28,8,194.48109690633336,330.65204153241393
79.1,361.29,CCOC(=O)C(=C(C1=CC(=C(C(=C1F)F)F)F)O)C=NC2(CC2)CO,2.4,564.0,25,7,179.68053048633337,289.63549125550827
116.0,351.11,CCOC(=O)C(=C(C1=CC(=C(C(=C1Cl)[N+](=O)[O-])Cl)F)O)C=N,3.5,496.0,22,5,161.77588244503332,262.68700678586976
92.0,482.26,CCOC(=O)C(=C(C1=CC(=C(N=C1F)F)I)O)C=N[C@H](CO)C(C)(C)C,3.9,551.0,26,8,197.310527953,318.17761062544406
58.9,421.3,CCOC(=O)C(=C(C1=C(C(=C(C(=C1F)F)F)F)F)O)C=NC2=C(C=C(C=C2)F)F,4.8,631.0,29,6,216.510093736,317.6933856279696
97.8,417.7,CCOC(=O)C(=C(C1=CC(=C(C(=C1F)Cl)F)F)O)C=NC2=CC(=NC=C2F)N,3.7,625.0,28,6,208.4406579236667,321.45599512263755
26.3,492.9,CCCCCCCCCCCCCCCCCCCCCCCCCCCCCCOC(=O)C=C,15.9,417.0,35,31,275.85195241266666,540.9069660292004
26.3,282.5,CC(C)CCCCCCCCCCCCOC(=O)C=C,8.0,234.0,20,15,153.29408045800002,304.7994544004846
35.5,206.24,CCOC(=O)/C=C/OCC1=CC=CC=C1,2.2,205.0,15,6,113.43791950186666,201.97604270202532
26.3,184.27,CCCCC(C)(C)COC(=O)C=C,3.9,171.0,13,7,96.02248463636666,194.7145122682792
38.8,261.32,CCOC(=O)/C=C/C1=CC=C(C=C1)N2CCOCC2,2.3,303.0,19,5,177.3874598947,250.6797206984031
26.3,254.41,CC(C)CCCCCCCCCCOC(=O)C=C,6.9,209.0,18,13,136.56780571,273.57743960226577
26.3,212.19,CCOC(=O)/C=C/C1=C(C=C(C=C1)F)F,2.8,241.0,15,4,113.49062842596668,187.4823477154115
39.2,191.23,CCOC(=O)/C=C/C1=NC=C(C=C1)C,1.9,213.0,14,4,120.80050095766669,188.45941831954238
51.8,193.2,CCOC(=O)/C=C/C1=CC=CC=[N+]1[O-],0.5,215.0,14,4,116.16503789373331,179.64711590669467
39.2,181.16,COC(=O)/C=C/C1=CC(=CN=C1)F,1.2,206.0,13,3,97.65177981743334,161.78336983649106
26.3,259.07,COC(=O)/C=C/C1=C(C=C(C=C1)F)Br,3.0,230.0,14,3,111.79821359043336,175.27048743393186
54.0,232.27,CCOCCOCCOCCOC(=O)C=C,0.6,181.0,16,12,103.1930384459,219.94766183974485
46.5,158.19,CC(C)C(C(=C)C(=O)OC)O,1.2,161.0,11,4,73.37758145166667,152.40023111513523
26.3,260.399,CCOC(=O)/C=C/C1=CC(=CC(=C1)C(C)C)C(C)C,5.2,288.0,19,6,168.77929617903334,271.02038681873574
35.5,226.65,COC1=C(C=C(C=C1)/C=C/C(=O)OC)Cl,2.8,240.0,15,4,133.2390422644,204.0714624536013
158.0,293.28,C1=C(NC=N1)C[C@@H](C(=O)O)N.C1=C(NC=N1)/C=C/C(=O)O,,307.0,21,5,180.11509397433335,154.70524212029574
35.5,252.28,CC(C)(C)OC(=O)/C=C/C1=CC(=C(C=C1)OC)F,3.3,307.0,18,5,152.49820312733334,238.2224217505493
166.0,557.6,CCCCCCCCOC1=CC=C(C=C1)NC(=O)[C@@]2(C[C@H]([C@H]([C@@H](C2)OC(=O)/C=C/C3=CC(=C(C=C3)O)O)O)O)O,4.3,815.0,40,14,305.0183245426667,495.24972732247267
26.3,230.18,CCOC(=O)/C=C/C1=CC(=C(C=C1F)F)F,2.9,268.0,16,4,115.8424768425,192.6574107989056
39.2,177.2,CCOC(=O)C=CC1=CC=CC=N1,1.5,189.0,13,4,102.44194196213334,172.86816859437596
26.3,224.68,CCOC(=O)C(=C)CC1=CC(=CC=C1)Cl,3.6,238.0,15,5,110.70005488213332,210.76979809608923
39.2,163.17,COC(=O)C=CC1=CN=CC=C1,1.1,177.0,12,3,96.39770959033332,156.77174689213896
26.3,228.65,CCOC(=O)/C=C/C1=C(C=C(C=C1)F)Cl,3.3,243.0,15,4,120.7158837864,199.70218884762198
79.1,349.28,CCOC(=O)/C(=C(/C1=CC(=C(C(=C1F)F)F)F)\O)/C=NC(C)CO,2.5,500.0,24,7,163.05456514166667,277.36698899603994
44.8,276.21,COC1=C(C=CC(=C1)/C=C/C(=O)OC)OC(F)(F)F,3.4,327.0,19,5,133.79823171286668,226.09157897654384
78.0,328.24,COC(=O)/C=C/C1=CC(=C(C=C1)OS(=O)(=O)C(F)(F)F)F,3.1,494.0,21,5,143.95318185363334,236.6249432063715
68.1,379.28,CCOC(=O)C(=C(C1=CC(=C(C(=C1F)OC(F)F)F)F)O)C=NC2CC2,4.1,567.0,26,8,176.19225985699998,298.2776481308191
60.3,350.29,CCOC(=O)/C=C/C1=CC=C2N1C3=C(C=C(C=C3)C(F)(F)F)NC2=O,3.1,564.0,25,4,196.053212428,285.40992662603537
44.1,398.8,CCOC(=O)/C=C/C1=CC(=NN1CC2=C(C=C(C=C2)C(F)(F)F)Cl)C3CC3,4.6,554.0,27,7,205.88013676566663,339.8299804913682
39.2,163.17,COC(=O)/C=C\C1=CN=CC=C1,1.1,177.0,12,3,93.4738085737,156.50582065945972
95.5,581.9,CC1=CC2=C(C=C1Cl)OC(=O)C(=C2C3=CC=CC(=C3)/C=C/C(=O)[O-])CC(=O)NC4=C(C=C(C=C4)F)C(F)(F)F.[Na+],,1020.0,40,6,353.76499046733335,454.3344343656161
63.9,389.4,CC(C)(C)OC(=O)/C=C/C1=C(C=CC=N1)N=C=NC2=CC=CC(=C2)C(F)(F)F,5.7,619.0,28,6,231.639092718,344.319878908148
73.1,377.3,COC1=C(C=C(C=C1)C(F)(F)F)N=C=NC2=C(C=NC=C2)/C=C/C(=O)OC,4.6,588.0,27,6,219.588004474,321.584426951003
134.0,628.0,COC1=CC=C(C=C1)CN2C(=O)C(=CC(=N2)CN3C=NC(=C(C3=O)OC4=CC(=CC(=C4)C#N)Cl)C(F)(F)F)/C=C/C(=O)OC,3.8,1340.0,44,10,339.82885724166664,517.6051315966205
71.4,516.4,CCOC(=O)C(=C(C1=CC(=C(C(=C1F)OC(F)(F)F)F)F)O)C=NC2=CC=C(C=C2)CN3CCCC3,5.9,794.0,36,9,288.2603399326667,418.17911218461137
71.4,530.5,CCOC(=O)C(=C(C1=CC(=C(C(=C1F)OC(F)(F)F)F)F)O)C=NC2=CC=CC(=C2)CN3CCCCC3,6.2,818.0,37,9,263.81805412,433.54100243827776
26.3,259.07,COC(=O)C=CC1=C(C=C(C=C1)Br)F,3.0,230.0,14,3,110.51841295986668,174.91113411123035
102.0,391.4,CCOC(=O)/C(=C\C1=CC=C(O1)C2=CC(=CC=C2)[N+](=O)[O-])/C(=O)C3=CC=CC=C3,4.7,634.0,29,7,253.71723211666668,348.7195650317817
26.3,112.13,CC(=C)OC(=O)C=C,1.6,125.0,8,3,57.29322512503334,114.00610215354001
46.5,202.29,CCCCO.CCCCOC(=O)C=C,,110.0,14,7,96.19935062359998,156.64877413814105
26.3,156.22,CCCCOC(=O)C=C.C=C,,97.1,11,5,79.21529754466665,137.06266351600235
26.3,220.31,CC1C2CC3CC(C2)CC1(C3)OC(=O)C=C,3.8,320.0,16,3,114.79998430786668,211.54366947820074
26.3,286.4,CCCCC(CC)COC(=O)C(=C)C1=CC=CC=C1C=C,6.2,346.0,21,10,166.150754402,299.94896617973586
46.6,301.26,CCOC(=O)C(=CN(C)C)C(=O)C1=CC(=C(C=C1F)F)F,2.7,426.0,21,6,145.95602829566667,254.43414609723143
52.3,209.22,CCOC(=O)/C=C/C1=C(C=C(C=C1)N)F,2.0,243.0,15,4,125.78760565183332,189.04659793067583
52.6,318.7,CCOC=C(C(=O)C1=C(C(=C(C=C1)F)Cl)F)C(=O)OCC,3.4,414.0,21,7,148.91547902063334,264.1506947214976
72.1,267.25,CC(C)(C)OC(=O)/C=C/C1=CC(=C(C=C1)F)[N+](=O)[O-],3.1,370.0,19,4,143.24615499843333,234.11246256650267
64.599,329.3,COC(=O)/C=C/C1=C(C=C(C=C1)NC(=O)OCC2=CC=CC=C2)F,3.4,448.0,24,7,196.21597588333336,297.3224282605822
102.0,520.0,COC(=O)/C=C/C1=CC2=C(C=C1)C3=C(N=CN=C3S2)NC4=CC(=C(C=C4)OCC5=CC(=CC=C5)F)Cl,7.2,779.0,36,8,362.1159941961,446.8549072111869
35.5,224.23,CCOC(=O)/C=C/C1=C(C=C(C=C1)OC)F,2.6,253.0,16,5,133.1032336588,206.64047529467962
58.6,444.5,CCCCCCCNC(=O)N(C)C1=CC=CC(=C1)C2=CC(=C(C(=C2)F)/C=C/C(=O)OC)F,6.1,604.0,32,11,278.62836272333334,416.2331303018887
46.5,224.23,CCOC(=O)/C=C/C1=C(C=C(C=C1)CO)F,1.8,253.0,16,5,127.77706620693333,202.53139361396964
55.4,365.4,COC(=O)/C=C/C1=CC=C(C=C1)C=C(C2=CC=C(C=C2)F)C(=O)NC3CC3,4.2,580.0,27,7,257.506909966,344.05872609345636
84.5,498.5,COC(=O)C=CC1=CC=C(C=C1)CNC(=O)C2=CC=C(C=C2)/C=C(\C3=CC=C(C=C3)F)/C(=O)NC4CC4,5.0,844.0,37,10,326.1991460643333,464.717897777085
83.8,188.18,C=CC(=O)O.C=CC(=O)OCCO,,144.0,13,5,83.04277071376667,127.96708590686883
64.599,243.3,CC(C)(C)OC(=O)C(=C)NC(=O)OC(C)(C)C,2.5,320.0,17,6,116.67554619166668,232.6463728240938
45.3,470.5,C[C@@H](CN1C(C2=C(CC1(C)C)C3=CC=CC=C3N2)C4=C(C=C(C=C4F)/C=C/C(=O)OC)F)CF,5.9,735.0,34,7,274.95285739733333,423.8700734275741
52.3,288.11,CCOC(=O)/C=C/C1=CC(=C(C=C1N)F)Br,2.7,273.0,16,4,137.46795343463333,197.5423190082297
46.5,312.3,COC(=O)C=CC1=CC=C(C=C1)/C=C(/CO)\C2=CC=C(C=C2)F,3.9,428.0,23,6,210.797614674,291.38647617325734
102.0,575.9,CC1=CC2=C(C=C1Cl)OC(=O)C(=C2C3=CC(=CC=C3)OC(=O)C=C)CC(=O)NC4=C(C=C(C=C4O)F)C(F)(F)F,5.8,1030.0,40,7,307.3367873043333,463.16847541627527
96.7,452.4,CC1=CN(C=N1)C2=C(C=C(C=C2)/C=C/C(=O)OC(C(=O)C3=CC=C(C=C3)F)C(=O)OC)OC,4.0,724.0,33,10,284.89198882666665,401.99513684957367
39.2,305.73,CCOC(=O)C(=CC1=C(N=CC=C1)Cl)C2=CC=C(C=C2)F,4.2,381.0,21,5,169.5802099993333,271.01855602586255
79.1,413.8,CCOC(=O)C(=C(C1=CC(=C(C(=C1F)Cl)F)F)O)C=NC2=CC=C(C=C2)CO,4.1,596.0,28,7,219.295784858,335.7417978593586
62.1,480.9,CCOC(=O)C(=C(C1=CC(=C(C(=C1F)Cl)F)F)O)C=NC2=CC=CC(=C2)CN3CCCCC3,5.7,717.0,33,8,270.60552429800003,411.80719196995125
117.0,520.5,CCOC(=O)C(=C(C1=CC(=C(C(=C1F)F)C2(CC2)NC(=O)OCC3=CC=CC=C3)F)O)C=NC(C)CO,3.7,859.0,37,12,271.18798949300003,446.7110496709776
137.0,326.3,C1=CC(=CC=C1/C=C/C(=O)O[C@@H]2[C@H]([C@@H]([C@H](O[C@H]2O)CO)O)O)O,-0.3,418.0,23,5,167.06664770113335,262.2788724906697
26.3,234.33,CCC1(C2CC3CC(C2)CC1C3)OC(=O)C=C,3.8,317.0,17,4,122.24166924433332,226.95659461941813
101.0,276.35,C=CC(=O)OCCOCCCS(=O)(=O)[O-].[K+],,294.0,16,9,115.39990959573332,191.28963855090913
26.3,278.65,CCOC(=O)/C=C/C1=CC(=C(C=C1)C(F)(F)F)Cl,4.1,315.0,18,4,131.48628684383334,226.17961270546257
66.8,298.3,CC1=CC(=CC=C1)CCOC(=O)/C=C/C2=CC(=C(C=C2)O)O,4.6,379.0,22,6,181.4493080013333,279.77825203056085
58.9,332.2,COC(=O)/C(=C(/C1=CC(=C(C=C1Cl)Cl)F)\O)/C=NC2CC2,3.9,465.0,21,5,169.39634494243333,273.4377879316792
26.3,255.11,C=C(CBr)C(=O)OCC1=CC=CC=C1,2.8,207.0,14,5,104.69801947863334,185.67945421656268
26.3,218.24,CCOC(=O)/C=C/C1CCC(CC1)(F)F,2.9,239.0,15,4,100.4835561277,194.9720481498466
77.6,331.4,CCOC(=O)/C=C/C1=CC(=C(C=C1N)F)SCC2=CC=CC=C2,4.0,399.0,23,7,194.61147244366668,301.0841606173635
55.4,355.23,CC(=O)NC(=CC1=CC(=CC(=C1)C(F)(F)F)C(F)(F)F)C(=O)OC,3.4,490.0,24,4,151.044291897,267.02394294248745
26.3,440.7,C[C@H](CCCC(C)C)[C@H]1CC[C@@H]2[C@@]1(CC[C@H]3[C@H]2CC=C4[C@@]3(CC[C@@H](C4)OC(=O)C=C)C)C,9.7,735.0,32,8,257.450576676,449.7380895871892
84.0,484.5,CC(C1=C(C=CC(=C1)F)C2=C(C3=C(S2)C=C(C=C3)O)OC4=CC=C(C=C4)/C=C/C(=O)OC)(F)F,7.0,727.0,34,7,298.9948571543334,411.6283999487278
60.4,384.5,C[C@]12CC[C@H]3[C@H]([C@@H]1CC[C@H]2C(=O)COC(=O)C=C)CCC4=CC(=O)CC[C@]34C,3.7,750.0,28,5,208.37619666633336,361.2306295835962
81.7,463.9,COC(=O)/C=C/C1=CN=C(C=C1)C(C2=C(C=CC(=C2)F)F)S(=O)(=O)C3=CC=C(C=C3)Cl,4.4,736.0,31,7,256.87383603333336,384.4800349179085
98.4,361.27,CCOC=C(C(=O)C1=C(C(=C(C(=C1F)C)F)F)[N+](=O)[O-])C(=O)OCC,3.1,550.0,25,7,167.319788367,286.824316331434
29.5,375.4,COC(=O)/C=C/C1=CC(=CC(=C1)F)N(CC2=CC=CC=C2)CC3=CC=CC=C3,5.4,477.0,28,8,234.569318616,365.1503555990968
58.6,426.5,CCCCCCCNC(=O)N(C)C1=CC=CC(=C1)C2=C(C=C(C=C2)/C=C/C(=O)OC)F,6.0,583.0,31,11,274.9875861063333,410.2318525505461
104.0,519.5,CCOC(=O)C(=CN(C)C)C(=O)C1=CC(=C(N=C1NC2=C(C=C(C=C2)F)F)N3CCC(C3)NC(=O)C)F,4.0,860.0,37,10,297.100430306,447.1085066222027
59.0,394.4,CCC1=NC2=C(C=C(C(=C2)F)/C=C/C(=O)OCC)C(=O)N1C3=C(C=CC=C3C)C,4.4,667.0,29,6,259.6050505636667,365.7368243334493
55.8,482.6,C=CC(=O)OCCCCOC1=CC=C(C=C1)C2(CC=CC(=C2F)C3=CC=C(C=C3)CCCCO)F,6.0,733.0,35,14,275.84010905233333,450.97926690021006
26.3,170.25,CCCCC(C)COC(=O)C=C,3.7,141.0,12,7,86.9482346372,179.19081434520845
50.1,111.1,C=CC(=O)OCC#N,0.5,142.0,8,3,46.46046753659999,104.71381379885516
35.5,158.19,CCC(COC)OC(=O)C=C,1.5,131.0,11,6,73.8766649646,155.7580986014537
55.8,380.03,C=CC(=O)OCC(COC1=C(C=CC=C1Br)Br)O,3.1,275.0,18,7,135.05564652813334,224.20226923007073
99.4,356.5,CCCCCCCC1=NCCN1CCOCCC(=O)O.C=CC(=O)O,,361.0,25,13,170.93328968433332,291.66732040160474
52.3,259.22,CCOC(=O)/C=C/C1=C(C=CC=C1N)C(F)(F)F,2.8,315.0,18,4,125.32876223746666,214.28926709753185
136.0,520.6,CC(=O)OC[C@]12CC[C@@H](C[C@]1(CC[C@@H]3[C@@H]2CC[C@]4([C@@]3(CC[C@H]4C(=O)COC(=O)C=C)O)C)O)OC(=O)C,2.4,977.0,37,10,245.5614910776667,458.10098975227936
26.3,320.3,CCOC(=O)/C=C(/C1=CC=CC=C1)\C2=CC=C(C=C2)C(F)(F)F,5.3,415.0,23,5,170.73228319199998,284.0143296090576
35.5,328.33,CCOC(=O)C=CC1(CCOCC1)C2=CC(=CC=C2)C(F)(F)F,3.9,425.0,23,5,153.545190036,284.26208970597537
246.0,816.8,CC(=O)NC(=CC1=C(C=C(C=C1)C#N)OC[C@@H](CCC(=O)OCC2=CC=CC=C2)NC(=O)C3=CC=CC(=C3)C4=CC=C(C=C4)N=C(N)N)C(=O)OC.C(=O)(C(F)(F)F)O,,1390.0,59,17,461.153318727,657.0666479655982
126.0,596.9,COC(=O)C=CC1=C(C=C(C=C1)NC(=O)NC2=CC=CC=C2C(F)(F)F)NC(=O)NC(=O)C3=CC(=C(C=C3Cl)F)F,5.5,986.0,41,7,320.44066676100005,471.98059832492584
26.3,126.15,CCC(=C)C(=O)OC=C,2.0,136.0,9,4,63.50829235863333,129.83565976001316
43.4,252.26,C=CC(=O)OC1=CC=CC=C1C(=O)C2=CC=CC=C2,3.6,342.0,19,5,142.9882090731,242.13476117050715
93.1,168.04,C=CC(=O)OOP(=O)(O)O,-0.9,179.0,10,4,54.4251074721,108.53171575458799
69.7,170.12,C=CC(=O)OC(=O)OC(=O)C=C,1.3,216.0,12,6,66.73522554480333,146.25867460493183
66.7,143.14,CCN=C=O.C=CC(=O)O,,110.0,10,2,76.08275600873333,93.8130868140827
83.2,165.12,C=CC(=O)N.C=CC(=O)[O-].[Na+],,118.0,11,2,76.50236969976667,80.39335909195576
26.3,176.21,CC1=C(C(=CC=C1)C)OC(=O)C=C,2.9,188.0,13,3,99.08804517916668,177.18042637090764
93.1,328.3,CC1=CC(=C(C(=C1)C)OC(=O)C(=C)COCCP(=O)(O)O)C,1.2,431.0,22,8,162.66881792966666,281.58458993659195
75.0,231.25,CCOC(=O)C(=CNC1=C(C=CC=N1)C)C#N,2.4,343.0,17,5,142.14916240033332,217.54967961819452
46.5,234.29,CC(C)(C)OC(=O)/C=C/C1=CC=CC(=C1)CO,2.3,276.0,17,5,141.01399113386665,229.3727161737061
61.8,250.25,COC1=C(C=C(C(=C1)/C=C/C(=O)OC)C=O)OC,1.6,313.0,18,6,151.782810741,229.18618612399237
52.3,219.28,CC(C)(C)OC(=O)/C=C/C1=CC=CC=C1N,2.5,266.0,16,4,135.4879753847,215.27640503179114
26.3,286.8,C1=CC=C(C=C1)CCOC(=O)/C=C/C2=CC=C(C=C2)Cl,5.2,313.0,20,6,170.441006785,272.5902697202001
48.4,283.32,CCOC(=O)/C=C/C1=C(C=CC=N1)OCC2=CC=CC=C2,3.0,337.0,21,7,174.20091559533333,273.51806648061154
67.4,297.73,COC(=O)/C=C/C1=CSC(=N1)C2=C(C=CC=C2Cl)F,3.7,356.0,19,4,166.91189979933333,246.03285183863332
60.4,378.4,COC(=O)/C=C/C1=C(C=CC(=C1)NCC2=CN=CC=C2)OC3=CC=C(C=C3)F,4.2,508.0,28,8,233.033173273,350.1082036329221
114.0,462.5,CCOC(=O)/C=C/C1=C(C=C(C=C1)OC2=C(SC3=C2C=CC(=C3)O)C4=CC=C(C=C4)O)OC,6.0,663.0,33,8,314.8823584433333,410.8102549879341
94.3,373.4,COC(=O)C(=C)C1=CC=CC=C1OC2=NC=NC(=C2)OC3=CC=CC=C3C#N,4.1,602.0,28,7,197.7370134966667,341.9979589115902
26.3,276.3,CCOC(=O)/C=C/C1=CC=C(C=C1)C#CC2=CC=CC=C2,5.0,409.0,21,6,237.8758645469,282.33877000717956
63.2,313.15,C1=COC(=C1)/C=C(\C#N)/C(=O)OC(C(F)(F)F)C(F)(F)F,3.9,459.0,21,4,121.9848163594,222.64283010719902
55.0,336.4,CCOC(=O)C=CC1=CNC(=C1C2=CC=NC=C2)C3=CC=C(C=C3)F,3.7,457.0,25,6,200.1906370993333,310.69200992445104
44.1,324.3,CCOC(=O)/C=C/C1=CC2=C(C=C1C)N(N=C2)C3=CC=C(C=C3)F,4.3,462.0,24,5,224.7059612218333,300.0267519087223
52.6,480.5,C=CC(=O)OCCCCOC1=CC=C(C=C1)C2(CC=CC(=C2F)C3=CC=C(C=C3)CCCC=O)F,5.8,761.0,35,14,272.797076046,449.5389641444324
26.3,323.1,CCOC(=O)C=CC1=CC(=C(C=C1)C(F)(F)F)Br,4.1,315.0,18,4,135.02472552999998,217.11566743040757
105.0,374.72,CCOC(=O)C(=C(C1=CC(=C(C(=C1F)Cl)F)[N+](=O)[O-])O)C=NC2CC2,3.5,591.0,25,6,189.59830776736663,296.65017628385937
52.6,184.19,C/C=C/C(=O)OCC(=C)C(=O)OC,1.2,240.0,13,6,89.95838248183333,173.51926271270605
46.5,266.14,CCOC(=O)C(=C)C(C(O)(F)F)(C(F)(F)F)F,2.3,324.0,17,5,74.82114377823333,183.15972674819943
52.3,115.13,C=CC(=O)OCCN,-0.5,90.4,8,4,50.39674542880001,107.27275036884012
38.3,171.24,CC(C)(C)NCCOC(=O)C=C,1.0,158.0,12,6,82.66877950123335,173.13567491470434
26.3,274.4,CCCCCCCCCC1=CC=CC=C1OC(=O)C=C,6.4,273.0,20,11,153.94920761033333,287.56965700121737
44.1,256.3,CCOC(=O)/C=C/C1=CC=C(C=C1)CN2C=CN=C2,2.2,309.0,19,6,155.60030372436665,249.15057780427065
45.3,264.36,CCN(CC)C(=CC(=O)OCC)C1=C(NC(=C1)C)C,2.8,324.0,19,7,154.57722201966666,264.5549477495084
26.3,250.14,CC(CF)(C(OC(=O)C=C)(F)F)C(F)(F)F,3.6,285.0,16,5,70.21054742689999,178.36593460869085
123.0,278.22,C=CC(=O)OCCNC1=CC=C(C2=NON=C12)[N+](=O)[O-],1.5,386.0,20,6,138.28003823793333,222.2576114673327
26.3,388.3,CCOC(=O)C=C(C1=CC=C(C=C1)C(F)(F)F)C2=CC=C(C=C2)C(F)(F)F,6.2,485.0,27,5,182.9989810723333,314.9654466366238
38.3,335.3,COC(=O)/C=C/C1=CC=CC=C1NCC2=CC(=CC=C2)C(F)(F)F,4.6,437.0,24,6,180.533552653,294.66566662354904
99.8,455.4,CCOC(=O)/C=C/C1=C(C=C(C=C1)OCCOC)OC2=C(C=CC(=C2)C(F)(F)F)[N+](=O)[O-],4.6,638.0,32,10,235.63785080700004,377.4274744175377
66.9,397.3,CCOC(=O)/C=C/C1=C(C=C(C=C1)OCOC)OC2=NC=C(C=C2)C(F)(F)F,4.2,514.0,28,9,215.7493193484,337.5611901033342
71.6,472.5,CCCC1=C(SC2=C1C=CC(=C2)C(F)(F)F)C=CC(=O)C3=CC(=C(C=C3)C=CC(=O)OC)C,7.6,748.0,33,8,277.61676271566665,417.0922754903209
26.3,444.5,CCOC(=O)/C=C/C1=CC(=C(C=C1)C(F)(F)F)C2=CC3=C(C=C2C)C(CCC3(C)C)(C)C,8.6,694.0,32,5,265.602766513,413.90494076781454
66.2,421.3,CCOC(=O)/C=C/C1=C(C=C(C=C1)C2=NN(C=N2)C3=CC=C(C=C3)OC(F)(F)F)F,5.3,596.0,30,7,259.9105459996667,350.1792328106068
44.8,220.22,CCOC(=O)C=CC1=CC2=C(C=C1)OCO2,2.7,274.0,16,4,130.64279814106666,199.84070075245424
26.3,126.15,C=CCCOC(=O)C=C,2.1,116.0,9,5,62.72785713146666,129.99225785882874
43.4,126.11,C=CC(=O)OC(=C)C=O,0.9,158.0,9,4,56.57044017023333,117.78584970741028
69.4,253.34,CCCCCCCC/C(=C\OC(=O)C=C)/C(=O)N,3.8,308.0,18,11,129.98407609033333,250.28154916411228
26.3,358.6,CCCCCCCCCCCCCCCC1=CC(=CC=C1)OC(=O)C=C,9.9,350.0,26,17,204.44760738166667,382.28745320179183
46.5,130.139,CCC(O)OC(=O)C=C,1.1,109.0,9,4,56.24237963053334,121.29424693396544
55.4,371.4,CC1=CC=C(C=C1)/C=C(/C(=O)OCC2=CC=CC=C2)\NC(=O)C3=CC=CC=C3,5.1,536.0,28,7,243.9999123323333,360.048527808287
55.0,475.0,CC/C(=C(/C1=CC=C(C=C1)/C=C/C(=O)OCC)\C2=CC3=C(C=C2)NN=C3)/C4=C(C=C(C=C4)F)Cl,8.1,749.0,34,8,312.0824061403333,434.6547252597421
31.2,215.25,CN1C2=CC=CC=C2C=C1/C=C/C(=O)OC,2.7,288.0,16,3,151.67467169660003,208.6874872071387
39.2,227.26,CC1=CC2=C(C=C1)N=C(C=C2)/C=C/C(=O)OC,2.9,301.0,17,3,160.08076861033334,219.648806382948
43.4,148.54,COC(=O)C(=C)C(=O)Cl,1.4,162.0,9,3,54.863907113500005,121.85247656382013
69.2,207.2,CC(C)NC(=O)C=C.C=CC(=O)[O-].[Na+],,157.0,14,3,112.19430285233334,130.41564326700927
52.6,224.25,CC(=O)OC1CC2CC1CC2OC(=O)C=C,1.9,323.0,16,5,104.50670112226668,204.29654000878188
26.3,224.68,CC(C)OC(=O)/C=C/C1=CC=C(C=C1)Cl,3.6,228.0,15,4,132.83134795156664,211.06501815260063
87.0,176.17,CC(C(O)(O)OC(=O)C(=C)C)O,-0.5,196.0,12,4,70.47320277483334,146.5564803587551
84.0,402.5,COC(=O)/C=C/C1=CC=C(C=C1)OC2=C(SC3=C2C=CC(=C3)O)C4=CC=CC=C4,6.1,565.0,29,6,284.6870990546667,365.7963953607017
52.6,214.26,CCOC(=O)C=C.CC(=O)OC=C.C=C,,142.0,15,5,144.63610914366666,118.47567315057925
48.4,493.6,CCOC(=O)C=CC1=CC=CC(=C1)CC(C2=NC(=C(C=C2)C3=C(C=CC(=C3)OC)F)CC(C)(C)C)F,7.4,709.0,36,11,284.0036423193333,468.26845014533853
79.2,338.3,CCOC(=O)/C(=C(/C1=CC=C(C=C1)F)\NC(=O)C2=CC=CC=C2)/C#N,3.8,565.0,25,6,197.05798399993333,307.15737344190194
46.5,158.19,C=CC(=O)OCCCCCO,1.5,121.0,11,7,73.16885778426666,152.67730861644267
35.5,192.21,COC1=CC=CC(=C1)COC(=O)C=C,2.6,201.0,14,5,101.53173421696668,186.35758960995273
26.3,310.5,CCCCCCCCCCCCCCCCCOC(=O)C=C,8.9,248.0,22,18,169.90680238033335,336.9817594560159
26.3,520.9,CCCCCCCCCCCCCCCCCCCCCCCCCCCCCCCCOC(=O)C=C,17.0,445.0,37,33,298.94259031266665,572.7355868959505
46.5,158.19,CC(C)(C)OC(=O)C(=C)CO,0.8,165.0,11,4,73.49772673463333,152.34608766371832
26.3,577.0,CCCCCCCCCCCCCCCCCCCCCCCCCCCCCCCCCCCCOC(=O)C=C,19.2,500.0,41,37,331.2168518853333,635.3645281966218
26.3,324.5,CCCCCCCCCCCCCCCC(C)COC(=O)C=C,9.4,273.0,23,18,179.5845487836667,352.27172934015215
26.3,296.5,CC(C)CCCCCCCCCCCCCOC(=O)C=C,8.6,246.0,21,16,159.368457609,321.308293209417
26.3,436.8,CC(C)CCCCCCCCCCCCCCCCCCCCCCCOC(=O)C=C,14.0,375.0,31,26,248.7782488743333,478.4347668717892
26.3,268.4,CCCCCCCCCCCC(C)COC(=O)C=C,7.3,223.0,19,14,147.23453961766666,289.5036971346005
26.3,296.5,CCCCCCCCCCCCCC(C)COC(=O)C=C,8.4,248.0,21,16,162.77042944266668,320.68381410532936
26.3,352.6,CCCCCCCCCCCCCCCCCC(C)COC(=O)C=C,10.5,299.0,25,20,197.75672162933333,384.3780370370457
26.3,212.33,CCCCCCCCC(C)OC(=O)C=C,5.1,175.0,15,10,112.81763762583334,226.7762961775976
26.3,460.23,C=CC(=O)OCCCCCC(C(C(C(C(C(F)(F)F)(F)F)(F)F)(F)F)(F)F)(F)F,6.6,581.0,29,12,123.74634879733333,308.4428593855885
52.6,293.15,CC(C(=O)OCCCCCOC(=O)C=C)Br,2.9,240.0,16,10,110.1104789878,215.68618652458787
67.4,365.2,COC(=O)/C(=C\NC1=C(C=C(C=C1)Cl)Cl)/NC(=O)C2=CC=CC=C2,4.8,479.0,24,6,225.947711371,313.4913623935006
26.3,255.11,CCOC(=O)C(=C)C1=CC=CC=C1Br,3.4,225.0,14,4,110.80255988693334,185.8838657691885
46.5,102.09,C=CC(=O)OCO,0.4,77.0,7,3,39.26057223909999,89.47792730575048
76.7,395.2,COC1=CC=C(C=C1)C(=O)N/C(=C/NC2=C(C=C(C=C2)Cl)Cl)/C(=O)OC,4.7,521.0,26,7,247.02925809066667,337.87841449657344
52.6,172.18,CC(C)(C(=O)OC)OC(=O)C=C,1.2,205.0,12,5,75.84749038986666,159.6748323488571
44.8,450.5,C1=CC=C(C=C1)COC2=C(C=C(C=C2)/C=C/C(=O)OCC3=CC=CC=C3)OCC4=CC=CC=C4,6.6,599.0,34,11,291.698705651,441.2755880486497
26.3,176.64,C=CC(=O)OCCCCCCl,2.8,123.0,11,7,78.00753783513333,165.58699756852093
52.6,172.18,CCOC(=O)C(=C)COC(=O)C,0.8,195.0,12,6,76.09801735666666,160.12468868552733
26.3,222.25,CC(C)(C)OC(=O)C(=C)C1=CC=C(C=C1)F,3.4,270.0,16,4,116.04066075689998,213.6227917517214
39.4,216.23,CC1=C(OC2=CC=CC=C12)/C=C/C(=O)OC,3.0,285.0,16,3,147.70559184556666,204.43367488083834
54.0,230.26,CC(OCCOCCOC=C)OC(=O)C=C,1.5,214.0,16,11,103.57493781963332,218.32465870026266
71.2,244.25,COC(=O)/C(=C/C1=CNC2=CC=CC=C21)/NC=O,1.7,354.0,18,4,144.41605930293335,218.240814632912
53.1,386.3,CN(C)/C=C(\C(=O)N1CCN(CC1)C2=CC(=C(C=C2)Cl)Cl)/C(=O)OC,3.0,519.0,25,5,204.646519838,337.83697650871864
99.4,384.5,CCCCCCCCCC1=NCCN1CCOCCC(=O)O.C=CC(=O)O,,388.0,27,15,186.280576534,324.54022691560806
26.3,210.31,CC(CCC=C(C)C)CCOC(=O)C=C,4.4,225.0,15,8,117.75396822146666,224.0502225249395
89.2,311.29,C1=CC=C(C=C1)C(=O)COC(=O)/C=C/C2=CC(=CC=C2)[N+](=O)[O-],3.4,462.0,23,6,173.72985577999998,277.76263585502574
72.1,207.18,C=CC(=O)OCC1=CC=C(C=C1)[N+](=O)[O-],2.3,251.0,15,4,99.32082468746668,181.96171115266097
46.6,319.25,CCOC(=O)/C(=C/N(C)C)/C(=O)C1=CC(=C(C(=C1F)F)F)F,2.8,455.0,22,6,147.25500186399998,259.4504988352399
61.8,362.4,CCOC(=O)/C(=C/C1=CC=CC2=CC=CC=C21)/P(=O)(OCC)OCC,3.9,506.0,25,9,209.792223212,329.9452567032659
26.3,314.4,C=CC(=O)OC(C1=CC=CC=C1)(C2=CC=CC=C2)C3=CC=CC=C3,5.4,364.0,24,6,190.12987209366668,314.4259259179766
46.6,301.26,CCOC(=O)/C(=C/N(C)C)/C(=O)C1=C(C(=C(C=C1)F)F)F,2.7,426.0,21,6,145.73575229033335,254.5810397564378
78.3,235.3,CCC1=CC=C(S1)/C=C(/C#N)\C(=O)OCC,3.0,329.0,16,5,146.33233007660002,217.93919256282024
109.0,283.28,CC1=C(C(=N)OC2=CC=CC=C12)/C(=C(\C#N)/C(=O)OC)/N,1.8,595.0,21,3,167.97779201066666,249.22802414262824
76.4,297.3,CCOC(=O)/C(=C/C1=COC2=CC(=CC(=C2C1=O)C)C)/C#N,2.9,581.0,22,4,182.8816201726667,272.27531028466404
55.8,323.3,CCOC(=O)/C=C/N1C2=C(C=C(C=C2)OC)C(=O)C3=CC=CC=C31,3.4,504.0,24,5,212.427202324,297.2105481388675
98.9,378.4,C1C(CN1C2=NC3=C(C=C(C=C3S2)F)F)OC(=O)/C=C/C4=CC=CS4,4.6,533.0,25,5,210.27853780766668,308.290846444784
52.6,184.19,CC1(COC(=O)[C@H]1OC(=O)C=C)C,1.6,254.0,13,3,81.09315627813334,165.8407086946762
46.6,279.29,C=CC(=O)OC1=CC=CC(=C1)N2CC3=CC=CC=C3C2=O,3.1,434.0,21,4,168.93725225733334,260.8186325394376
68.8,268.33,CCOC(=O)C(=C)CS(=O)(=O)C1=CC=C(C=C1)C,2.2,397.0,18,6,132.70565665200002,239.54381414419882
43.4,256.66,CC(=O)C(=CC1=C(C=C(C=C1)F)Cl)C(=O)OC,2.8,341.0,17,4,128.30378815276666,218.1938073796464
112.0,314.29,C1=C(OC=C(C1=O)O)/C=C/C(=O)OCCOCCOCCO,-0.7,464.0,22,11,156.60348696469998,263.7726624754375
72.8,210.18,CCOC(=O)/C=C/C1=CC(=O)C(=CO1)O,0.6,362.0,15,4,116.09294835716668,180.05081584444983
72.8,294.34,CCCCCCCCOC(=O)/C=C/C1=CC(=O)C(=CO1)O,3.7,446.0,21,10,164.22286352,274.1671431259088
101.0,328.31,COCCOCCOCCOC(=O)/C=C/C1=CC(=O)C(=CO1)O,-0.2,478.0,23,12,165.3461702014,283.43545354249125
44.1,362.5,CCCC1=NC2=C(C=CC=C2N1CC3=CC=C(C=C3)/C=C/C(=O)OCC)C,5.2,499.0,27,8,239.61428411666668,358.5983819316466
26.3,198.17,COC(=O)C=CC1=CC(=CC(=C1)F)F,2.4,218.0,14,3,93.43388114233332,171.95833202078023
48.2,294.6,C=CC(=O)OC1=CC(=C(C=C1Cl)Cl)Cl.C1CN1,,242.0,17,3,124.82267410566668,205.54873493987662
39.2,265.61,COC(=O)/C=C/C1=C(C=C(C=N1)C(F)(F)F)Cl,2.7,306.0,17,3,118.08838794136666,205.78148440807763
26.3,118.11,COC(=O)C(=C)CF,0.9,109.0,8,3,46.37949287203333,105.62622709847815
39.4,290.3,C1=CC=C(C=C1)C2=CC=C(C=C2)OC(=O)/C=C/C3=CC=CO3,4.5,376.0,22,5,212.8598692046667,279.9289708180874
55.0,204.22,CCOC(=O)/C(=C\C1=CC=CN1C)/C#N,1.3,314.0,15,4,124.67539114186664,195.88988111094116
26.3,194.2,CCOC(=O)/C=C\C1=CC=CC=C1F,2.7,213.0,14,4,100.5266075538,182.23472076769357
52.3,243.66,CCOC(=O)/C=C/C1=C(C=CC(=C1F)Cl)N,2.6,273.0,16,4,130.23272436,206.82423603898837
26.3,262.2,CCOC(=O)/C=C/C1=CC(=C(C=C1)F)C(F)(F)F,3.6,312.0,18,4,122.9504217484,213.58674440056862
29.5,169.22,CCOC(=O)C=CN1CCCC1,1.3,171.0,12,4,94.0223757732,166.44820077009769
50.1,215.25,CCOC(=O)C(=CC1=CC=CC=C1C)C#N,2.8,324.0,16,4,126.52852980966668,211.99926905873488
37.3,137.4,C=CC(=O)O.[Zn],,55.9,6,1,27.821628672973333,65.11327161458891
26.3,306.71,CC(C)(C)OC(=O)/C=C/C1=C(C=C(C=C1)C(F)(F)F)Cl,4.7,372.0,20,4,148.90311820776665,257.16085411404424
108.0,329.23,CCOC(=O)/C(=C\NC1=C(C=C(C=C1)[N+](=O)[O-])C(F)(F)F)/C#N,3.5,533.0,23,5,153.41066005523334,257.06037126003895
52.6,313.14,CC(=O)OC(C1=CC=CC=C1Br)C(=C)C(=O)OC,2.8,340.0,18,6,126.37917951446668,229.74282126949518
49.9,287.19,COC(=O)C(=CC1=CC(=CC=C1)OC(F)(F)F)N=[N+]=[N-],4.5,430.0,20,5,141.48320840716667,224.05683599438814
39.2,245.2,CCOC(=O)/C=C\C1=CN=C(C=C1)C(F)(F)F,2.4,289.0,17,4,110.70128069253332,203.13626377863534
39.2,245.2,CCOC(=O)/C=C/C1=NC=CC(=C1)C(F)(F)F,2.4,289.0,17,4,116.06493738586666,203.77802114650143
61.6,275.22,CCOC(=O)/C=C/C1=C(C=CC(=C1)OC(F)(F)F)N,3.1,331.0,19,5,130.894982046,223.92131480436998
58.9,363.3,CCOC(=O)C(=C(C1=CC=CC=C1)O)C=NC2=CC=CC=C2C(F)(F)F,4.9,537.0,26,6,198.3855614503333,314.0672449009046
90.1,235.26,CCOC(=O)/C=C/C1CCOS(=O)(=O)N1,0.1,343.0,15,4,105.24091637763333,184.55306363004132
29.5,287.28,CCOC(=O)C(=CN(C)C)C1=CC=C(C=C1)C(F)(F)F,3.4,356.0,20,5,150.22820828933334,251.9761813460157
52.3,324.09,COC(=O)C=CC1=C(C(=CC(=C1)Br)C(F)(F)F)N,3.1,333.0,18,3,126.42007951603334,207.2819128811964
56.3,349.3,CCOC(=O)/C=C/C1=NC(=CC=C1)C(=O)C2=CC=C(C=C2)C(F)(F)F,4.1,496.0,25,6,188.9908707173333,298.795795502636
39.4,310.27,CCOC(=O)/C=C/C1=CC=C(O1)C2=CC(=CC=C2)C(F)(F)F,4.2,406.0,22,5,183.3929459637,265.17906148929615
39.2,245.2,CC1=C(C=CC(=N1)C(F)(F)F)/C=C/C(=O)OC,2.5,302.0,17,3,117.37496535206668,202.6990274806023
39.2,279.64,CCOC(=O)/C=C/C1=C(N=C(C=C1)Cl)C(F)(F)F,3.4,320.0,18,4,129.02398339363333,220.8339399286897
120.0,344.25,CCOC(=O)C(=CNNC1=C(C=C(C=C1)C(F)(F)F)[N+](=O)[O-])C#N,4.3,550.0,24,6,150.699362911,267.80067993973734
52.3,277.21,CCOC(=O)/C=C/C1=CC(=C(C=C1N)F)C(F)(F)F,2.9,343.0,19,4,132.46515535233334,219.9001401921004
39.2,321.29,CCOC(=O)/C=C/C1=CN=C(C=C1)C2=CC(=CC=C2)C(F)(F)F,4.0,423.0,23,5,196.259090208,280.1602777893504
73.9,240.18,CCOC(=O)C=CON=C(CC(F)(F)F)N,1.1,287.0,16,6,97.0066975603,186.12146076381924
68.3,350.29,COC(=O)/C=C/C1=C(C=NC=C1)NC(=O)C2=CC(=CC=C2)C(F)(F)F,2.8,508.0,25,5,180.17725057546667,293.9610903174909
80.8,385.4,COC(=O)/C=C/C1=CC=CC=C1NS(=O)(=O)C2=CC=CC(=C2)C(F)(F)F,3.6,613.0,26,6,200.61637824366667,308.8042793156065
46.5,294.19,CC(CC(C(F)(F)F)(C(F)(F)F)O)COC(=O)C=C,3.3,319.0,19,6,90.33050521023333,214.91210195380657
61.8,386.24,CCOC=C(C(=O)C1=CC(=C(C(=C1F)OC(F)(F)F)F)F)C(=O)OCC,4.1,535.0,26,8,148.601513683,290.99466726572837
81.3,407.4,CCOC(=O)/C=C/C1CCN(CC1)S(=O)(=O)C2=CC=C(C=C2)OC(F)(F)F,3.5,614.0,27,7,194.7707201163333,327.35872577158153
57.0,311.26,CCOC(=O)/C=C/C1=CN(N=C1)C2=NC=C(C=C2)C(F)(F)F,2.7,415.0,22,5,175.9881098396,259.12831759978144
55.4,381.3,CCOC(=O)/C(=C/C1=CC=CC=C1NC(=O)C2=CC(=CC=C2)C(F)(F)F)/F,4.6,562.0,27,6,198.49974739426668,319.2873259693064
55.4,369.26,CCOC(=O)/C=C/C1=C(C=CC(=C1)C(F)(F)F)C(=O)NCC(F)(F)F,3.8,501.0,25,6,154.39483158866665,283.9812986249363
55.8,428.4,COC(=O)/C=C/C1=C(C=C(C=C1)OCC2=CC(=CC=C2)C3=CC=C(C=C3)C(F)(F)F)O,5.8,598.0,31,7,249.16945430633336,375.550557065808
44.8,466.4,COC(=O)/C=C/C1=C(C=C(C=C1)OCC2=CC(=CC=C2)C3=CC=C(C=C3)C(F)(F)F)OCC#C,6.3,717.0,34,9,272.050496182,423.18590043485426
118.0,400.69,C1=C(C=NC(=C1Cl)N2C(=C(C=N2)C#N)C=CC(=O)OCC(=O)O)C(F)(F)F,2.3,651.0,27,6,190.5717456665,303.98996205103276
57.6,429.8,CCOC(=O)/C=C/C1=C(C=C(C=C1)OC(C)C)OC2=C(C=C(C=N2)C(F)(F)F)Cl,5.6,558.0,29,8,227.70776061066667,362.62816035646483
58.6,374.74,CCOC(=O)/C=C/C1=CC(=O)NN1CC2=C(C=C(C=C2)C(F)(F)F)Cl,3.5,578.0,25,6,175.234428053,300.5632588206527
44.1,400.8,CCOC(=O)/C=C/C1=CC(=NN1CC2=C(C=C(C=C2)C(F)(F)F)Cl)C(C)C,5.2,528.0,27,7,203.1176351803333,344.0639911801895
56.8,409.4,CCOC(=O)/C=C/C1=C(C=C(C=C1)OCCOC)NC2=CC=C(C=C2)C(F)(F)F,4.8,519.0,29,10,240.3824577453333,358.9803495093596
79.8,412.4,CCOC(=O)/C=C/C1=C(C=C(C=C1)OCCOC)OC2=NN=C(C=C2)C(F)(F)F,3.1,533.0,29,10,212.3916943383333,346.9088844217406
67.9,512.5,CCO/C(=C\C1=CC=C(C=C1)C2=CC(=CC=C2)N(C)C(=O)NC3=CC=C(C=C3)C(F)(F)F)/C(=O)OCC,6.4,772.0,37,9,325.30730390766666,458.8656073996829
90.5,437.4,CCOC(=O)/C(=C\C1CCN(CC1)S(=O)(=O)C2=CC=C(C=C2)OC(F)(F)F)/OC,3.7,673.0,29,8,196.85864747866663,352.02747740276135
76.0,676.3,COC(C1=CC(=CC(=C1)C(C(F)(F)F)(C(F)(F)F)O)C(C(F)(F)F)(C(F)(F)F)OC)(C(F)(F)F)C(F)(F)F.C=CC(=O)O,,781.0,43,6,187.063858449,393.63012286570404
44.1,392.29,CC(C)OC(=O)/C=C\N1C=C(N=C1)C2=CC(=CC(=C2)C(F)(F)F)C(F)(F)F,4.3,525.0,27,5,187.3019970811,309.84200586296765
72.2,438.4,CCOC(=O)/C=C/C1=NC(=CC=C1)C2=CC=C(C=C2)OC3=CC(=C(C=C3)C(F)(F)F)C#N,5.3,694.0,32,7,263.76348862266667,384.9130828457789
51.2,336.31,COC(=O)/C=C/C1=C(N=CC=C1)CNC2=CC=CC(=C2)C(F)(F)F,3.5,440.0,24,6,176.44478937166664,290.1722513989609
114.0,424.28,CCOC(=O)C(=C(C1=C(C(=C(C(=C1F)OC(F)F)F)F)[N+](=O)[O-])O)C=NC2CC2,3.9,681.0,29,8,192.671808691,317.98169942143943
94.1,394.29,CCOC(=O)C(=C(C1=C(C(=C(C(=C1F)OC(F)F)F)F)N)O)C=NC2CC2,3.4,599.0,27,8,175.630675426,304.30686918668306
68.1,385.26,CCOC(=O)C(=C(C1=CC(=C(C(=C1F)OC)F)F)O)C=NCC(F)(F)F,3.7,551.0,26,7,170.12794268999997,291.7872973518656
52.3,219.28,CC(C)(C)OC(=O)/C=C/C1=CC=C(C=C1)N,2.5,258.0,16,4,143.73869698283332,215.04993210884467
78.0,580.7,C=CC(=O)OCCCCCCOC1=CC=C(C=C1)C2=CC=C(C=C2)C3CCC(CC3)CCCS(=O)(=O)C(F)(F)F,9.0,845.0,40,16,315.668514747,518.2655919916189
71.6,444.5,CC1=C(C=CC(=C1)C(=O)C=CC2=C(C3=C(S2)C=C(C=C3)C(F)(F)F)C)C=CC(=O)OC,6.6,717.0,31,6,245.2534442156667,385.43152415732663
71.6,486.5,CC1=C(C=CC(=C1)C(=O)C=CC2=C(C3=C(S2)C=C(C=C3)C(F)(F)F)CC(C)C)C=CC(=O)OC,7.9,776.0,34,8,285.037650803,432.1027425623574
69.9,470.4,CC(C)OC(=O)/C(=C/N1C=NC(=N1)C2=CC(=CC(=C2)C(F)(F)F)C(F)(F)F)/C3=CN=CC=C3,4.9,690.0,33,6,233.9602732843333,376.0775350193808
53.4,428.8,CCOC(=O)/C=C/C1=CC(=NN1CC2=C(C=C(C=C2)C(F)(F)F)Cl)OCC3CC3,5.1,586.0,29,9,218.03733911966663,364.33690405509384
76.1,487.9,CCOC(=O)/C=C/C1=C(C=C(C=C1)OCCC2OCCO2)OC3=C(C=C(C=N3)C(F)(F)F)Cl,4.8,646.0,33,10,245.163171356,398.6572985807749
83.4,465.8,CCOC(=O)/C=C/C1=C(C=C(C=C1)OC2=NC=CC=N2)OC3=C(C=C(C=N3)C(F)(F)F)Cl,5.0,634.0,32,8,244.671762713,382.86918616243753
66.2,417.8,CCOC(=O)/C=C/C1=CC(=NN1CC2=C(C=C(C=N2)C(F)(F)F)Cl)OC(C)C,4.1,548.0,28,8,204.574791112,347.6378198978454
66.2,403.8,CC(C)OC1=NN(C(=C1)/C=C/C(=O)OC)CC2=C(C=C(C=N2)C(F)(F)F)Cl,3.7,533.0,27,7,195.49992806433332,331.87505319617145
76.1,503.9,CCOC(=O)/C=C/C1=C(C=C(C=C1)OCCCOCCOC)OC2=C(C=C(C=N2)C(F)(F)F)Cl,4.9,624.0,34,14,256.62755454066667,426.0107599531809
66.9,471.9,CCOC(=O)/C=C/C1=C(C=C(C=C1)OCCOC2CC2)OC3=C(C=C(C=N3)C(F)(F)F)Cl,5.2,631.0,32,11,239.96253056333333,397.53465701469
74.7,443.8,CCOC(=O)/C=C/C1=C(C=C(C=C1)OCC(=O)C)OC2=C(C=C(C=N2)C(F)(F)F)Cl,4.6,616.0,30,9,228.84191028766668,365.386846052999
73.0,526.6,CC(C)(C)OC(=O)/C=C/C1=CC=C(C=C1)OC2=C(SC3=C2C=CC(=C3)OC)C4=CC=C(C=C4)C(F)(F)F,8.2,779.0,37,8,347.917313235,463.65085421566215
84.0,494.6,CC(C)(C)OC(=O)/C=C/C1=CC=C(C=C1)OC2=C(SC3=C2C=CC(=C3)O)C4=CC=C(C=C4)C(F)F,7.7,723.0,35,8,329.46507123733335,439.18313354989203
35.5,638.3,COC(=O)/C=C/C1=CC=C(C=C1)OCCCC(C(C(C(C(C(C(C(F)(F)F)(F)F)(F)F)(F)F)(F)F)(F)F)(F)F)(F)F,8.7,919.0,41,14,212.70984719466665,430.61434444895224
84.0,466.5,CC(C1=CC=CC=C1C2=C(C3=C(S2)C=C(C=C3)O)OC4=CC=C(C=C4)/C=C/C(=O)OC)(F)F,6.9,694.0,33,7,295.9947168406666,407.4083220752834
73.0,508.6,CC(C)(C)OC(=O)/C=C/C1=CC=C(C=C1)OC2=C(SC3=C2C=CC(=C3)OC)C4=CC=CC=C4C(F)F,8.0,746.0,36,9,332.325912866,458.5579298566631
93.6,584.6,CCCCOC(=O)/C=C/C1=CN=C(C2=C1NC(=O)N(C2)C3=CC4=C(CCC(O4)C5=C(C=CC=N5)F)C=C3C)C(F)(F)F,4.9,983.0,42,8,324.6306445136667,496.34482514438383
26.3,230.18,C=CC(=O)OCC1=CC=C(C=C1)C(F)(F)F,3.7,252.0,16,4,94.78226207363332,192.3394904834068
26.3,286.3,C=CC(=O)OCC1=C2C=CC3=CC=CC4=C3C2=C(C=C4)C=C1,5.3,443.0,22,4,194.25532774566668,273.97053425593134
26.3,230.18,COC(=O)/C=C\C1=CC=C(C=C1)C(F)(F)F,3.5,263.0,16,3,103.17288653423331,192.04227554468116
26.3,230.18,COC(=O)/C=C\C1=CC(=CC=C1)C(F)(F)F,3.5,271.0,16,3,104.149213876,192.10977211094445
26.3,217.05,C=CC(=O)OC1=C(C=C(C=C1)Cl)Cl,3.2,206.0,13,3,102.1689653215,182.0349064762786
89.6,159.14,C=CC(=O)OC[C@@H](C(=O)O)N,-2.9,177.0,11,5,61.72948874670001,131.33029338152102
39.4,138.12,C=CC(=O)OC1=CC=CO1,1.7,142.0,10,3,62.55931032033333,126.38726494253434
46.5,362.5,C[C@@H]1CC[C@H]2C[C@@H]3[C@@H](CCC([C@]3(CC[C@@H]1C2(C)C)C)(O)OC(=O)C=C)C,7.3,568.0,26,3,194.484285227,357.12819078219354
118.0,266.21,CCOC(=O)/C=C/C1=C(C=C(C=C1)[N+](=O)[O-])[N+](=O)[O-],2.2,384.0,19,4,138.34507779676667,217.0021668496511
68.5,323.3,C=CCOC(=O)/C(=C/C1=CC=CO1)/NC(=O)/C=C/C2=CC=CC=C2,3.4,504.0,24,8,217.29037540266663,306.9903553201191
35.5,102.09,COOC(=O)C=C,0.8,77.0,7,3,42.2470823873,92.56023845276887
35.5,130.139,CCCOOC(=O)C=C,1.6,98.5,9,5,59.97207245103333,123.9553189278034
52.6,130.1,CC(=O)OOC(=O)C=C,0.8,138.0,9,4,51.849605570600005,111.71319635281257
35.5,128.13,C=CC(=O)OC1CCO1,0.9,130.0,9,3,55.02039637033334,116.5096962186133
43.4,128.13,CC(=O)COC(=O)C=C,0.5,137.0,9,4,55.57669170329999,119.76965192093455
154.0,198.18,C=CC(=O)O.C1(=NC(=NC(=N1)N)N)N,,119.0,14,1,90.74189830086668,112.90408383163712
56.3,281.3,CCOC(=O)/C(=C/C1=CC=CC=N1)/C(=O)C2=CC=CC=C2,3.1,397.0,21,6,169.871051871,267.8336476061642
72.8,222.19,COC1=C(C=CC(=C1OC(=O)C=C)C=O)O,1.3,276.0,16,5,112.85370984116666,194.29129425488284
26.3,124.14,C=C/C=C/OC(=O)C=C,1.8,145.0,9,4,77.303701291,128.41104591695947
38.8,157.17,C=CC(=O)ON1CCOCC1,0.6,152.0,11,3,69.4266217773,142.3243268971896
44.1,138.12,C=CC(=O)ON1C=CN=C1,0.8,147.0,10,3,61.84932278946667,124.57386733152849
137.0,250.2,C=CC(=O)O[C@@]1([C@@H]([C@H]([C@H]([C@H](O1)CO)O)O)O)O,-1.6,305.0,17,4,91.0567115189,185.18783650285852
26.3,296.5,CCCCCCCCCC(CCCCCC)OC(=O)C=C,8.1,248.0,21,16,162.04703203900002,320.7399872987344
55.7,113.07,C=CC(=O)ON=C=O,1.8,145.0,8,3,45.9491511223,96.69855838196679
89.0,236.29,C=CC(=O)OCCCCCCS(=O)(=O)O,1.4,288.0,15,9,100.95119896733333,198.28465044426412
78.9,244.14,C=CC(=O)OP(OC(=O)C=C)OC(=O)C=C,2.0,283.0,16,9,103.17346382746666,200.63362116244184
26.3,164.2,C=CC(=O)OC12CCC(C1)C=C2,1.9,255.0,12,3,83.37751150023333,158.64569756061914
39.2,149.15,C=CC(=O)OC1=CN=CC=C1,1.2,156.0,11,3,77.0916274373,141.35672296821656
70.1,140.14,C=CC(=O)[O-].C1=C[NH+]=CN1,,74.5,10,0,63.202619825700005,80.4297333427828
27.3,118.13,CCOC(=O)C=C.O,,76.1,8,3,49.394924211,101.04608525291015
63.6,269.3,C=CC(=O)OC1=C2C(=CC=C1)SC3=CC=CC=C3N2,4.0,360.0,19,3,167.13250511303332,241.94844057528294
50.1,249.26,C=CC(=O)OC1=CC=CC(=C1C#N)C2=CC=CC=C2,3.6,376.0,19,4,151.374976514,241.33511022068802
26.3,194.2,CC1=C(C=C(C=C1)C=CC(=O)OC)F,2.7,225.0,14,3,106.2812227801,182.3667932377387
38.8,142.15,C=CC(=O)OCCC1CO1,0.8,142.0,10,5,63.8044874349,134.44774075105468
63.6,144.12,CCC(=C)C(=O)OC(=O)O,1.4,171.0,10,4,57.48869051733333,124.50610877773708
26.3,234.33,CCC1C2CC3CC(C2)CC1(C3)OC(=O)C=C,4.2,333.0,17,4,125.01010255433332,226.95234443425318
83.8,190.19,CCOC(=O)C(C)O.C=CC(=O)O,,136.0,13,4,77.02602002516666,125.10114264497105
61.3,194.19,COC1=NC=C(C=N1)/C=C/C(=O)OC,0.8,210.0,14,4,111.6481484493,176.459792228319
52.6,226.27,CCC(=C)C(=O)OCCOC(=O)C(=C)CC,2.8,261.0,16,9,109.73277517846668,220.73294821465723
26.3,207.06,CCCC(OC(=O)C=C)Br,2.9,123.0,10,5,73.78215593046667,140.7686345948384
50.1,173.17,C=CC(=O)OC1=CC=C(C=C1)C#N,2.0,243.0,13,3,96.99795593686667,165.6830832518907
26.3,190.24,CC(C)(C1=CC=CC=C1)OC(=O)C=C,2.8,212.0,14,4,102.5408463422,192.72399311993527
68.8,150.16,CS(=O)(=O)OC(=O)C=C,0.3,207.0,9,3,56.8724538473,115.26255908297337
48.0,341.8,CC(CN1CCOCC1)OC(=O)/C=C/C2=CC=C(C=C2)OC.Cl,,358.0,23,7,192.682230231,298.1001417721086
30.7,125.13,C=CC(=O)OCC[N+]#[C-],0.4,154.0,9,4,55.0799329996,124.68626803875758
35.5,178.18,COC1=CC(=CC=C1)OC(=O)C=C,2.2,189.0,13,4,94.1918402462,170.69337808945397
52.6,230.22,CC(=C)C(=O)OC1=CC2=C(C=C1)C=CC(=O)O2,2.7,383.0,17,3,135.78019955346667,207.20125195292164
26.3,402.5,C=CC(=O)OC1=CC=CC=C1C(=C(C2=CC=CC=C2)C3=CC=CC=C3)C4=CC=CC=C4,8.3,595.0,31,7,276.33387093,404.10402697518805
77.4,219.17,C[N+](C)(CCO)C#P=O.C=CC(=O)[O-],,229.0,14,3,123.86821508966666,
26.3,156.22,CC(C)(C)OC(=O)C=C.C=C,,119.0,11,3,77.24132221516666,133.98321067581873
26.3,352.6,CCCCCCCCCCC(CCCCCCCC)COC(=O)C=C,10.3,299.0,25,20,198.857370615,383.74143845630425
26.3,358.6,CCCCCCCCCCCCCCCOC(=O)C(=C)C1=CC=CC=C1,9.6,355.0,26,17,208.00737514966667,381.6596482675102
59.4,215.2,C=CC(=O)OC1=NC2=C(C=CC=C2O)C=C1,2.5,279.0,16,3,126.40290329106666,193.2097889067713
26.3,148.59,CCC(=C)C(=O)OCCl,2.2,120.0,9,4,61.23819889286667,134.49434261502176
90.3,314.3,CC(C)(C1=CC=C(C=C1)O)C2=CC=C(C=C2)O.C1=C(O1)C(=O)O,,323.0,23,3,168.71172954366665,222.9991928924581
118.0,218.16,CCC(COC(=O)C=C)([N+](=O)[O-])[N+](=O)[O-],1.3,275.0,15,5,86.99372019516666,172.51316788772715
87.0,176.17,CC(=C)C(=O)OC(C(CO)O)O,-0.7,177.0,12,5,69.86016602439999,146.50016425775877
52.3,143.18,C/C=C(\C)/C(=O)OC(C)N,0.9,152.0,10,3,70.8378299781,138.57240379090308
26.3,164.63,CCCCOC(=O)C=C.Cl,,97.1,10,5,70.17921998136667,134.21513599522729
26.3,240.38,CCCC/C=C(\CCCC)/C(=O)OCCCC,5.6,219.0,17,11,134.53931105633333,257.2433918726722
26.3,207.06,CCOC(=O)C(=C)C(C)Br,2.0,143.0,10,4,73.0310259804,140.4646485444102
26.3,768.2,C=CC(=O)OCCC(C(C(C(C(C(C(C(C(C(C(C(C(F)(F)F)(F)F)(F)F)(F)F)(F)F)(F)F)(F)F)(F)F)(F)F)(F)F)(F)F)(F)F)(F)F,10.2,1160.0,47,16,168.2731279696667,442.00112289342735
44.6,159.23,CCC(=C)C(=O)[O-].C[NH+](C)C,,96.7,11,1,69.76221088666667,105.25590503483079
52.6,172.18,CCC(=O)OCCOC(=O)C=C,1.1,174.0,12,7,75.20121285796667,160.13120831485764
26.3,172.18,C=CC(=O)OC1=CC2=C(C=C1)C=C2,2.0,255.0,13,3,101.8944200368,168.6730931853181
78.4,161.16,C=CC(=O)O.C=CC(=O)[O-].[NH4+],,106.0,11,1,72.0855468835,90.96030316235796
66.8,174.19,CC(CO)(CO)COC(=O)C=C,0.0,160.0,12,6,74.93765280323333,157.0585306255952
55.8,202.25,CCCCCC(O)(OC)OC(=O)C=C,2.3,191.0,14,8,92.13159456806666,192.30184238507158
81.4,161.11,C=CC(=O)OCCO[N+](=O)[O-],0.7,161.0,11,5,59.09044218606667,128.4354326437361
52.6,184.19,CCOC(=O)C(=C)OC(=O)C(=C)C,2.0,252.0,13,6,86.82965845289999,173.6742079642044
52.6,282.29,C=CC(=O)OC1=CC=CC=C1C(=O)OCC2=CC=CC=C2,3.4,371.0,21,7,150.63903666933334,267.4647563702576
94.4,264.27,CCOC(COCCOCCO)(O)OC(=O)C=C,-0.7,244.0,18,12,110.01610243036669,228.94964775249804
35.5,130.139,CC(=COC)C(=O)OC,0.7,126.0,9,3,62.22808124723333,125.08901262277067
50.1,229.27,CCCCOC(=O)/C=C/C1=CC=C(C=C1)C#N,3.2,305.0,17,6,147.3245557755667,228.45310487459292
31.2,337.4,CC(C)N1C2=CC=CC=C2C(=C1/C=C/C(=O)OC)C3=CC=C(C=C3)F,4.7,484.0,25,5,227.6804200013333,320.5672529203195
35.5,242.27,COC1=CC2=C(C=C1)C=C(C=C2)/C=C/C(=O)OC,3.4,311.0,18,4,175.34171024926664,233.34285491037858
40.1,159.23,CC[N+](C)(C)C.C=CC(=O)[O-],,84.1,11,1,74.25046598913333,108.98078422016317
65.099,228.24,CC(=C)C(=O)OCC1CO1.COC(=O)C=C,,228.0,16,6,102.3637511209,150.55434620156535
26.3,251.5,C=CC(=O)OC1=C(C=C(C=C1Cl)Cl)Cl,4.4,220.0,14,3,110.48826000543336,199.48343312792238
26.3,266.28,C=CC(=O)OC1CCC(CC1)C2=C(C(=CC=C2)F)F,3.9,324.0,19,4,130.76924779966666,240.26994416887277
89.9,272.29,CCOC(=O)C=C.CC(=C)C(=O)OC.C=CC(=O)O,,226.0,19,6,119.00337745566668,141.92583349101858
164.0,283.15,C=CC(=O)OC1=C(C=C(C=C1[N+](=O)[O-])[N+](=O)[O-])[N+](=O)[O-],1.8,424.0,20,3,123.51797232903331,205.8376371214907
26.3,260.23,C=CC(=O)OC1=CC=C(C=C1)C2=C(C(=CC=C2)F)F,4.1,324.0,19,4,150.48096226366667,232.5996246882137
55.8,286.41,CCOC(=O)C(=C)COCCCCCCCCCCO,3.6,251.0,20,15,142.48281310000002,286.482277323638
55.8,174.19,CCOC(=O)C(=C)COCCO,0.0,153.0,12,7,76.07881093236666,160.62394871278738
46.5,248.32,CC(C)(C)OC(=O)C=C.C=CC1=CC=C(C=C1)O,,210.0,18,4,143.03030570533335,170.36177413808986
52.6,320.24,CCOC=C(C(=O)C1=C(C(=C(C=C1F)F)F)F)C(=O)OCC,3.0,441.0,22,7,136.71780543913334,256.02356980318217
46.6,346.2,COC(=O)C(=CN1CCCC1)C(=O)C2=CC(=C(C=C2Cl)Cl)F,3.9,466.0,22,5,177.39849326466666,285.984066712379
54.0,310.32,COC(=O)C(=COCF)C1=CC=CC=C1OC2CCCCO2,3.2,385.0,22,7,157.836997785,276.36481014627657
98.4,343.28,CCOC=C(C(=O)C1=CC(=C(C(=C1F)C)[N+](=O)[O-])F)C(=O)OCC,3.0,519.0,24,7,163.78478260566666,281.4516385460865
52.6,353.1,CCOC=C(C(=O)C1=CC(=C(C(=C1F)Cl)F)Cl)C(=O)OCC,4.1,445.0,22,7,154.76006173366667,281.80163370064156
55.8,226.2,COC(=O)C(=COCF)C1=CC=CC=C1O,2.1,265.0,16,5,111.90921869723331,195.76113609607725
38.8,429.5,CCOC(=O)C=CC1CCN(CC1)CCOC(C2=CC=C(C=C2)F)C3=CC=C(C=C3)F,4.8,527.0,31,10,226.92570018166663,399.6499916894033
52.6,198.22,CC(COC(=O)C=C)OC(=O)C(=C)C,2.0,255.0,14,7,92.84523855673332,189.56994551844218
52.1,261.1,CCOC(=O)C(=C)CC1=NC=C(N=C1Cl)Cl,2.8,274.0,16,5,118.26143969866666,218.75559443797792
39.2,181.16,COC(=O)/C=C/C1=C(N=CC=C1)F,1.6,206.0,13,3,97.78504299550669,161.7266581826733
69.6,348.4,CCN1C=C(C2=C(C(=CC(=C21)F)/C=C/C(=O)OC)OC)CC(=O)NC,1.9,513.0,25,7,203.6231240410333,313.24574979213173
39.2,249.28,COC(=O)/C(=C/C1CCCC1)/C2=CN=C(C=C2)F,3.6,324.0,18,4,133.66525965716667,229.8450692248424
35.5,224.23,CCOC(=O)C=CC1=C(C=CC(=C1)F)OC,2.6,253.0,16,5,117.32952868966667,206.92239849681755
39.2,233.65,C=CC(=O)OC1=C2C(=C(C=C1)Cl)C=CC=N2,3.6,282.0,16,3,126.99806116359998,206.12601984905024
48.4,351.4,CCOC(=O)/C=C/C1=C(C=C(C=C1)COC2=CC=CC3=C2N=CC=C3)F,4.3,484.0,26,7,220.01265552866667,325.9302714833522
38.3,351.4,COC(=O)C=CC1=CC=C(C=C1)/C=C(/CNC2CC2)\C3=CC=C(C=C3)F,4.8,510.0,26,8,228.20162479600003,339.3407142987534
39.2,205.25,CC(C)(C)OC(=O)C(=C)C1=CN=CC=C1,2.3,253.0,15,4,110.39945242843334,203.6634179571403
52.3,225.67,CCOC(=O)/C=C/C1=C(C=CC(=C1)Cl)N,2.5,243.0,15,4,130.79833727166667,201.79039115830264
51.5,350.2,C=CC(=O)OC1=CC(=CC2=C1N(C3=C2C=C(C=C3)Cl)CCO)Cl,4.2,461.0,23,5,201.0127309232,296.1122152399246
89.8,241.3,C=CC(=O)OCCSSC1=CC=CC=N1,2.2,212.0,15,7,120.43500188126666,212.26153994787856
43.4,310.3,COC(=O)C=CC1=CC=C(C=C1)/C=C(/C=O)\C2=CC=C(C=C2)F,3.8,453.0,23,6,214.6654571246333,290.2089210932719
94.0,386.5,CCOC(=O)C(=C(SCC1=CC=CC=C1)SCC2=CC=CC=C2)C(=O)C,4.8,466.0,26,10,212.79215171766668,359.77505555301724
26.3,330.16,CC(C)(C)OC(=O)/C=C/C1=CC=C(C=C1)I,3.8,258.0,16,4,152.79806452166667,218.30857029597388
94.0,296.4,CCOC(=O)C(=C(SC)SC)C(=O)C1=CC=CC=C1,3.5,352.0,19,7,158.95039912899998,266.5524641571507
46.5,206.24,COC(=O)C(=C)C(CO)C1=CC=CC=C1,1.7,229.0,15,5,107.57082871886666,197.87229240859617
26.3,176.21,CC1=CC=C(C=C1)/C=C\C(=O)OC,3.0,188.0,13,3,105.4466989068,176.71345641155352
144.0,310.22,C=CC(=O)OCCOC(=O)C1=CC(=CC(=C1)[N+](=O)[O-])[N+](=O)[O-],1.9,445.0,22,7,132.71859454799997,245.95923598133996
73.9,279.29,CC(=O)N/C(=C\C1=CC(=C(C=C1)OC)OC)/C(=O)OC,1.5,380.0,20,6,165.61126162066668,254.65001243164272
52.6,206.19,COC(=O)/C=C/OC1=CC=CC=C1C=O,1.3,247.0,15,5,117.32705077656664,189.36467357084342
26.3,255.11,COC(=O)/C=C/C1=CC=CC(=C1)CBr,3.2,213.0,14,4,123.9903177097,185.51391127757128
52.3,195.19,COC(=O)/C=C(/C1=CC=C(C=C1)F)\N,2.0,232.0,14,3,104.61062115783334,173.18236249367285
84.6,355.4,CC1=C(C2=CC=CC=C2N1)/C=C(\C(=O)OC)/S(=O)(=O)C3=CC=CC=C3,3.7,616.0,25,5,216.69291923633327,312.07537990199785
64.599,291.34,CCCCOC(=O)/C=C/C1=C(C=C(C=C1)OC)NC(=O)C,2.6,367.0,21,8,179.34898934666668,277.90420574739903
107.0,475.9,CCOC(=O)/C=C/C1=CC(=CC=C1)C2=CN=C(N=C2S(=O)(=O)C)NC3=CC(=C(C=C3)F)Cl,4.6,763.0,32,8,301.1864603006666,400.01072406808714
55.8,258.22,CCOC(=O)/C=C(/C1=C(C(=C(C=C1)F)OC)F)\O,2.7,319.0,18,5,130.06945267006665,216.5139743676747
26.3,276.34,CCOC(=O)/C=C/C1(CCCCC1)C2=CC=C(C=C2)F,5.2,337.0,20,5,151.3820753373333,265.71339794232784
55.8,276.21,CCOC(=O)/C=C(/C1=CC(=C(C(=C1F)OC)F)F)\O,2.8,348.0,19,5,130.25705460816667,221.29913161906717
46.5,331.18,CC(C)(C)OC(=O)C(=C)C(C1=C(C=CC(=C1)F)Br)O,3.3,351.0,19,5,132.64654265496668,242.7032779180359
57.0,261.25,CCOC(=O)/C=C/C1=NN(C=C1)C2=NC=C(C=C2)F,1.9,338.0,19,5,159.14960098233334,233.1609993679127
46.5,274.35,C=CC=C.C=CC1=CC=CC=C1.C=CC(=O)OCCO,,177.0,20,6,151.657852331,140.54332491082172
69.9,282.66,COC(=O)/C=C/C1=CC(=C(C=C1N2C=NN=N2)F)Cl,2.2,358.0,19,4,147.0076512188,227.30415652794713
75.5,623.8,CC1=CC(=NC=C1/C(=C(\C2=CC=C(C=C2)/C=C/C(=O)OC(C)(C)C)/C3=CC4=C(C=C3)N(N=C4F)C5CCCCO5)/C6CCC6)OC,9.5,1090.0,46,10,400.1244887896667,586.4669791218937
59.7,517.0,CCOC(=O)/C=C/C1=CC=C(C=C1)/C(=C(/C2CCC2)\C3=C(C=C(C=C3)F)Cl)/C4=COC5=C4C=CC=C5O,9.2,846.0,37,8,329.18864218899995,468.1408548097729
26.3,281.08,CCOC(=O)C(=C(Cl)Cl)C1=C(C=C(C=C1)F)F,4.0,317.0,17,4,122.9122713963,222.12680346239634
35.5,293.11,CCOC(=O)C(=C(Cl)Cl)C1=CC(=C(C=C1)F)OC,3.9,329.0,18,5,137.16264457956666,241.35788972765735
35.5,327.6,CCOC(=O)C(=C(Cl)Cl)C1=CC(=C(C=C1F)Cl)OC,4.5,358.0,19,5,148.8361637173333,259.76777528834606
35.5,311.1,CCOC(=O)C(=C(Cl)Cl)C1=CC(=C(C=C1F)F)OC,4.0,359.0,19,5,138.484734996,246.75389337918648
35.5,321.2,CCOC(=O)C(=C(Cl)Cl)C1=CC(=C(C=C1)F)OC(C)C,4.7,367.0,20,6,154.75646841533333,273.1640583021763
44.8,419.7,CCOC(=O)C(=C(Cl)Cl)C1=CC(=C(C=C1F)Cl)OC2=CC=C(C=C2)OC,6.1,505.0,26,7,208.75388885666663,344.46400839426565
44.8,419.7,CCOC(=O)C(=C(Cl)Cl)C1=CC(=C(C=C1F)Cl)OC2=CC=CC=C2OC,6.1,513.0,26,7,211.95390444766667,344.94671726126256
44.8,419.7,CCOC(=O)C(=C(Cl)Cl)C1=CC(=C(C=C1F)Cl)OC2=CC=CC(=C2)OC,6.1,513.0,26,7,212.650754022,344.5628942831235
26.3,281.08,CCOC(=O)C(=C(Cl)Cl)C1=C(C=CC(=C1)F)F,4.0,317.0,17,4,122.93150753466666,222.31508909257056
39.2,284.15,CC(C)(C)OC(=O)/C=C/C1=CC(=NC=C1)Br,3.1,271.0,16,4,134.1882762503333,212.36271401221114
53.3,262.28,CC1=CC(=C(C=C1C(=CN(C)C)C(=O)OC)F)C#N,2.3,411.0,19,4,158.05073464916666,244.64139054317494
46.5,228.19,CCOC(=O)/C=C/C1=C(C(=C(C=C1)O)F)F,2.4,268.0,16,4,120.4368542764,192.09358348634265
45.3,420.5,C[C@@H]1CC2=C([C@H](N1CC(C)(C)F)C3=CC=C(C=C3)/C=C/C(=O)OC)NC4=CC=CC=C24,5.3,658.0,31,6,266.656031898,397.988042549216
54.1,378.4,CC1(CC2=C(C(N1)C3=C(C=C(C=C3)/C=C/C(=O)OC)F)NC4=CC=CC=C24)C,4.2,607.0,28,4,242.47328106600003,348.72520073720864
63.6,475.6,CCOC(=O)/C=C/C1=C(C=CC(=C1)SCC2=CC=CC=C2)NC3CCC(C3)C4=CC(=CC=C4)F,7.3,652.0,34,10,296.31384737633334,450.5527223852231
64.4,519.0,CC/C(=C(/C1=CC=C(C=C1)/C=C/C(=O)OCC)\C2=CC3=C(C=C2)N(N=C3)CCO)/C4=C(C=C(C=C4)F)Cl,7.4,813.0,37,10,339.98149885833334,473.70104382825866
49.9,251.21,COC1=C(C=C(C=C1)/C=C(/C(=O)OC)\N=[N+]=[N-])F,3.4,380.0,18,5,154.68121133806667,213.82815082737704
59.7,398.4,CCOC(=O)/C=C/C1=C2N=C(C=CN2N=C1)N3CCC[C@@H]3C4=C(C=CC(=C4)F)F,3.6,607.0,29,6,231.525524681,351.4447513968529
59.3,351.4,C=CC(=O)OCCCCCCOC1(CC=C(C=C1)C2=CC=CC=C2)C#N,4.5,577.0,26,11,199.423740993,347.0529421113764
84.7,462.5,C=CC(=O)OCCC(=O)N1C[C@H]2CN(C(=O)[C@H]2C1)C3=CC=CC4=C3C=NN4C5=CC=CC=C5F,2.4,825.0,34,7,264.843087188,408.54559734199347
73.9,421.4,COC1=C(C=CC(=C1)F)OC2=CC=CC=C2C(=O)NC3=CC=CC=C3/C=C/C(=O)OC,4.6,627.0,31,8,254.000898047,382.70418306441576
44.8,343.21,CC(C)(C)OC(=O)/C=C/C1=C(C=C(C=C1OC)Br)OC,3.8,334.0,20,6,175.281357996,266.04356003209966
62.7,497.6,CN(C)C1=CC=C(C=C1)C2=CC=C(C=C2)CN(C3=CC=CC(=N3)/C=C/C(=O)OC)C(=O)C4CCCCC4,6.2,747.0,37,9,329.354494693,485.68749446777656
61.8,314.4,CCCCCCCC(=O)OC(C)COC(C)COC(=O)C=C,4.3,327.0,22,15,152.682030374,309.8948369346103
57.0,365.23,COC(=O)/C=C\N1C=NC(=N1)C2=CC(=CC(=C2)C(F)(F)F)C(F)(F)F,3.5,486.0,25,4,159.7533052864,273.2256761686994
39.2,195.19,CCOC(=O)/C=C/C1=NC(=CC=C1)F,2.0,218.0,14,4,106.27435698466668,177.9358595335183
44.8,264.32,CC(C)(C)OC(=O)/C=C/C1=C(C=CC=C1OC)OC,3.1,305.0,19,6,158.34133267433336,257.8103352167429
52.6,184.19,CC=CC(=O)OCCOC(=O)C=C,1.4,218.0,13,7,87.08525073536667,173.40762171445692
42.1,255.19,C1=CC=C2C(=C1)C(=CN2)C=CC(=O)OC(F)(F)F,3.7,341.0,18,3,128.5737733829,205.16322902652965
52.6,310.29,CCOC(=O)C=CC1=C(C(=CC(=C1)F)F)C=CC(=O)OCC,3.4,434.0,22,8,152.46401764933333,275.36987977504947
67.4,285.72,CCOC(=O)C=CC1=NC2=C(S1)C=C(C=C2Cl)F,3.8,342.0,18,4,156.7818603496667,232.62527271134996
46.6,320.14,CN(C)C=C(C(=O)C1=CC(=C(C=C1Cl)Cl)F)C(=O)OC,3.4,414.0,20,5,159.4280013826,264.36234377838065
71.0,491.0,C[C@](CNC1CCN(CC1)CC2=CC=C(C=C2)Cl)(COC3=C(C=C(C=C3)F)/C=C/C(=O)OC)O,4.1,653.0,34,11,269.6955725683333,444.38758459277517
26.3,230.18,CCOC(=O)C=CC1=CC(=C(C=C1F)F)F,2.9,268.0,16,4,105.77045338663332,191.92579587904783
55.8,450.3,CCOC(=O)C(=CN(C)C)C(=O)C1=C(C=CC(=C1)OCC2=CC=C(C=C2)F)Br,4.7,561.0,28,9,226.395945002,354.7381352852887
81.7,481.9,COC(=O)C=CC1=CC(=C(N=C1CC2=C(C=CC(=C2)F)F)S(=O)(=O)C3=CC=C(C=C3)Cl)F,5.1,770.0,32,7,236.483048852,388.74070278791464
46.6,265.28,CCOC(=O)C(=CN(C)C)C(=O)C1=CC(=CC=C1)F,2.5,366.0,19,6,142.75719194233332,244.97328197200932
69.9,445.9,COC1=CC=CC(=C1OC)C(C2=C(C(=CC(=C2)Cl)F)N3C=CC=C3C=CC(=O)OC)O,4.1,623.0,31,8,242.0767577606667,390.8516537563124
54.5,345.2,CCOC(=O)C(=CC1=C(SC(=C1)Cl)Cl)C2=CC=C(C=C2)F,5.9,397.0,21,5,182.63825655123333,284.4505266624322
46.6,425.5,CCCCCCCC(=O)N(C)CC1=CC(=CC=C1)C2=CC(=C(C=C2)C=CC(=O)OC)F,6.2,579.0,31,12,263.09247122666665,415.94514497377565
44.8,330.3,CCOC(=O)C=CC1=CC(=C(C(=C1)F)OCC2=CC=CC=C2)OC,4.1,406.0,24,8,183.40757574833333,308.6507120692617
38.3,335.27,CCOC(=O)C(=CNC1CC1F)CC2=CC(=C(C(=C2F)F)F)F,4.2,461.0,23,7,148.825501088,271.1993491491522
83.1,344.3,COC(=O)C=CON=C(C1=C(C=C(C=C1)OCC2=CC=CC=C2)F)N,2.9,478.0,25,8,198.37345493466668,307.65417852524746
44.1,350.4,CCOC(=O)/C=C/C1=C(N(N=C1)CC2=CC=CC=C2)C3=CC=C(C=C3)F,4.2,471.0,26,7,212.94153024366665,329.6768662332215
68.9,241.24,CCOC(=O)C(=CC1=CC=C(S1)F)N=[N+]=[N-],3.9,342.0,16,5,137.62370014333337,195.59013671085577
77.8,301.29,COC(=O)/C(=C/C1=COC=C1)/NC(=O)OCC2=CC=CC=C2,2.5,415.0,22,7,159.60981240633333,272.2097415748494
75.7,443.3,C1=CC(=CC=C1/C=C/C(=O)[O-])OC(=O)C2=CC=C(C=C2)OCCCC(C(F)(F)F)(F)F,6.4,613.0,31,9,243.6480597753333,359.42035048290234
77.0,456.5,CCOC(=O)/C=C/C1=C2CCC(CN2C3=CC=CC=C31)N(C)S(=O)(=O)C4=CC=C(C=C4)F,4.0,790.0,32,7,261.41452294466666,402.04296394558753
98.8,428.2,CCOC(=O)/C=C/C1=C(C(=CC=C1)Br)OCCN.C(=O)(C(F)(F)F)O,,367.0,25,7,170.079543814,244.5606841502001
49.9,265.24,CCOC(=O)C(=CC1=C(C=CC(=C1)F)OC)N=[N+]=[N-],3.8,394.0,19,6,148.762666051,229.5976434111593
66.4,306.09,CCOC=C(C(=O)C1=CC(=C(C=C1Cl)Cl)F)C(=O)[O-],3.9,380.0,19,4,153.76029632266668,241.22009626661531
57.2,247.12,C=C(C(=O)C1=CC(=C(C(=C1F)F)F)F)C(=O)[O-],3.0,352.0,17,2,98.9232877199,180.40337523161983
35.5,224.23,CCOC(=O)C(=C)C1=C(C(=CC=C1)OC)F,2.8,265.0,16,5,115.2479476288,206.78431407246856
92.7,509.6,CCOC(=O)/C=C/C1=C(C(=NC=N1)OCC2=NC(=C(C=C2)C3=C(C=CC(=C3)OC)F)CC(C)(C)C)OC,5.3,733.0,37,12,298.105318243,472.1223457931054
105.0,372.3,CCOC(=O)C(=C(C1=C(C(=C(C(=C1F)C)F)F)[N+](=O)[O-])O)C=NC2CC2,3.4,618.0,26,6,186.60220841333333,298.70900227084604
79.1,375.31,CCOC(=O)C(=C(C1=CC(=C(C(=C1F)F)F)F)O)C=NC2(CCC2)CO,2.8,579.0,26,7,187.734296556,301.1514800449191
58.9,401.7,CCOC(=O)C(=C(C1=CC(=C(C=C1Cl)F)F)O)C=NC2=C(C=C(C=C2)F)F,5.1,589.0,27,6,210.6836802693333,320.4603089279472
131.0,451.2,CCOC(=O)C(=C(C1=CC(=C(C(=C1Cl)[N+](=O)[O-])Cl)F)O)C=N[C@@H](C)COC(=O)C,3.8,683.0,29,9,221.16400208466663,356.57816765166666
58.9,342.16,COC(=O)C(=C(C1CC1)O)C=NC2=CC(=C(C=C2)Br)F,3.4,434.0,20,5,173.15406581399998,246.62183708608768
131.0,451.2,CCOC(=O)CCN=CC(=C(C1=CC(=C(C(=C1Cl)[N+](=O)[O-])Cl)F)O)C(=O)OCC,3.7,669.0,29,10,212.92821125666669,356.7236259300516
58.9,331.26,CCOC(=O)C(=C(C1=CC(=C(C=C1F)F)F)O)C=N[C@@H]2C[C@@H]2F,3.2,511.0,23,6,166.11854241986669,268.76372378683755
79.1,389.3,CCOC(=O)C(=C(C1=CC(=C(C(=C1F)F)F)F)O)C=NC2(CCC2)CCO,3.1,594.0,27,8,189.32485441766667,316.98196944320466
58.9,401.7,CCOC(=O)C(=C(C1=CC(=C(C=C1F)F)F)O)C=NC2=C(C=C(C=C2)F)Cl,5.1,589.0,27,6,207.9611312463333,320.9092791456356
58.9,315.7,COC(=O)C(=C(C1=CC(=C(C=C1Cl)F)F)O)C=NC2CC2,3.3,465.0,21,5,158.22190237836665,260.2720162840895
101.0,523.5,CCOC(=O)C(=C(C1=CC(=C(C=C1F)N2C[C@H](C3(C2)CC3)NC(=O)OC(C)(C)C)F)O)C=N[C@@H]4C[C@@H]4F,4.4,948.0,37,10,301.291556497,456.9951707818027
58.9,343.75,CCOC(=O)C(=C(C1=CC(=C(C(=C1Cl)F)C)F)O)C=NC2CC2,4.1,508.0,23,6,189.5089120416667,291.24821479897395
71.4,476.3,CCOC(=O)C(=C(C1=C(C=CC(=C1)I)F)O)C=NCCN2CCOCC2,2.8,523.0,26,8,199.27469474966668,323.99889213370346
58.9,410.16,CCOC(=O)C(=C(C1=C(C(=C(C(=C1Br)F)F)F)F)O)C=NC2CC2,4.0,541.0,24,6,174.45219248166669,277.0177526385563
68.1,359.34,CCOC(=O)C(=C(C1=CC(=C(C(=C1F)OC)F)F)O)C=NC(C)(C)C,3.6,531.0,25,7,187.64616182666668,307.37971989919396
79.1,363.3,CCOC(=O)C(=C(C1=CC(=C(C(=C1F)F)F)F)O)C=NCCCCO,2.8,501.0,25,9,171.18188601100005,293.0869552053671
75.0,493.3,CCN1CCC[C@H]1CN=CC(=C(C2=CC(=C(N=C2F)F)I)O)C(=O)OCC,3.7,576.0,27,8,217.39920418,332.1921579517711
58.9,345.29,CCOC(=O)C(=C(C1=C(C(=C(C=C1F)F)F)C)O)C=N[C@@H]2C[C@@H]2F,3.6,539.0,24,6,167.70219023866665,283.9556464606201
58.9,331.26,CCOC(=O)C(=C(C1=C(C(=C(C=C1F)F)F)F)O)C=NC2CC2,3.3,507.0,23,6,172.5475348093333,268.1100606117654
79.1,363.3,CCOC(=O)C(=C(C1=CC(=C(C(=C1F)F)F)F)O)C=NC(C)(C)CO,2.6,538.0,25,7,174.7590246863333,292.9492398800194
79.1,389.3,CCOC(=O)C(=C(C1=C(C(=C(C(=C1F)F)C2CC2)F)F)O)C=NC(C)CO,3.4,580.0,27,8,192.18530498466663,320.22935281064093
97.8,434.2,CCOC(=O)C(=C(C1=CC(=C(C(=C1F)Cl)F)F)O)C=NC2=CC(=C(N=C2)Cl)N,4.2,626.0,28,6,198.510700974,333.5250841542611
91.7,471.5,CCOC(=O)C(=C(C1=CC(=C(C(=C1F)F)N2CCN(CC2)C)F)O)C=N[C@@H](C)COC(=O)C,2.9,743.0,33,10,259.603136704,404.56170232802964
92.3,474.5,CCOC(=O)C=CC1=CC(=CC=C1)C(=O)C(=C(C2=CC(=CC(=C2)F)F)O)C3=NC4=CC=CC=C4N3,5.8,822.0,35,8,309.4047908843333,416.1305351543803
68.1,436.3,CCOC(=O)C(=C(C1=C(C=CC(=C1)Br)F)O)C=NCC2=CC=C(C=C2)OC,4.8,546.0,27,8,212.716459184,336.07656091351214
92.0,351.15,CCOC(=O)C(=C(C1=CC(=C(N=C1Cl)Cl)F)O)C=NCCO,2.6,448.0,22,7,178.38563804600005,278.1200342919142
55.4,157.17,CC(=O)NCC(=C)C(=O)OC,-0.2,186.0,11,4,69.97049966066668,145.5392233291561
94.4,250.25,COC(=C)C(=O)OC(COCCOCCO)O,-0.6,229.0,17,11,101.2766159994,213.75652055524637
124.0,484.5,C1C(CCC(C1)COC(=O)/C(=C/NC2=CC=CC=C2)/C#N)COC(=O)/C(=C/NC3=CC=CC=C3)/C#N,6.2,815.0,36,12,310.08352751866664,453.9787995914425
26.3,212.24,COC(=O)C(=C)C1=CC2=CC=CC=C2C=C1,3.6,283.0,16,3,135.5447705862,208.18831563779574
86.2,472.5,CC(C)C1=CC=C(C=C1)OCC(=O)N/N=C/C2=CC(=C(C=C2)OC(=O)/C=C/C3=CC=CC=C3)OC,5.8,708.0,35,11,325.89369120833334,448.51884094317535
42.7,273.75,CC(C)N(C)CCOC(=O)/C=C/C1=CC=CO1.Cl,,263.0,18,7,146.80676119363332,240.11136117858183
80.8,255.29,CCOC(=O)C(=C)NS(=O)(=O)C1=CC=CC=C1,1.8,377.0,17,6,129.25765406833332,217.60086363434706
26.3,198.17,COC(=O)C(=C)C1=C(C=CC=C1F)F,2.5,230.0,14,3,91.4601243606,171.47780023730616
72.1,249.26,CCCCOC(=O)/C=C/C1=CC(=CC=C1)[N+](=O)[O-],3.1,309.0,18,6,141.44386337353333,229.12350795926756
72.1,195.12,CC(C([N+](=O)[O-])(F)F)OC(=O)C=C,1.7,235.0,13,4,65.76541527976667,146.83120623798825
89.9,244.24,CC(=O)OC=C.COC(=O)C=C.C=CC(=O)O,,188.0,17,5,108.53863186203334,121.31588775515922
54.5,182.24,CC(=CC1=CC=CS1)C(=O)OC,2.3,199.0,12,3,107.9716465428,167.4469705457864
63.6,210.23,C=CC(=O)OC1CC2CC1CC2C(=O)O,1.4,310.0,15,4,93.69796636,184.44752956618737
26.3,274.28,C=C(C(=O)OC(F)(F)F)C12CC3CC(C1)CC(C3)C2,5.3,384.0,19,3,115.43804412866666,226.44764204062747
26.3,232.32,CCCCOC(=O)/C=C/C1=C(C=CC=C1C)C,4.2,248.0,17,6,143.56162621133333,239.36586508577489
46.5,314.18,C=CC(=O)OC1=CC=CC=C1C(C(C(O)(F)F)(F)F)(F)F,3.5,410.0,21,6,113.23864209113331,228.0439351150175
72.1,213.11,CCOC(=O)/C(=C/C(F)(F)F)/[N+](=O)[O-],1.9,265.0,14,3,68.73518456480001,151.5080953468911
90.1,285.32,CCOC(=O)C(=C)NS(=O)(=O)C1=CC=C(C=C1)OC,1.8,418.0,19,7,142.20851750933332,241.79769502549658
26.3,291.09,CCOC(=O)C=CC1=CC(=C(C(=C1)Br)F)F,3.5,271.0,16,4,122.80007099933334,195.2916731888588
71.8,176.24,COC(=O)C(=C)CSCCO,0.5,145.0,11,6,76.62220030733333,156.2557045968707
26.3,248.17,COC(=O)C(=C)C1=C(C=CC=C1F)C(F)(F)F,3.3,311.0,17,3,100.1629343401,196.73029588999506
44.8,334.3,CCOC(=O)/C(=C\OC1=C(C=C(C=C1)F)F)/C2=CC=C(C=C2)OC,4.1,433.0,24,7,199.88526754633327,297.29732537470016
44.8,282.31,CC(C)(C)OC(=O)/C=C/C1=C(C=C(C=C1OC)F)OC,3.2,334.0,20,6,157.88297572466666,262.2995979806433
78.0,324.27,CCOC(=O)/C=C/C1=CC=CC=C1OS(=O)(=O)C(F)(F)F,3.3,478.0,21,6,143.70172642966668,247.2904985901315
38.8,357.4,CC(C)(C)OC(=O)/C=C/C1=C(C=CC(=C1)C(F)(F)F)N2CCOCC2,3.8,479.0,25,5,188.76415836933333,312.73144002369594
47.6,333.3,CCOC(=O)/C(=C\NC1=C(C=C(C=C1)F)F)/C2=CC=C(C=C2)OC,4.6,436.0,24,7,214.165550835,298.51661716713477
92.4,355.4,CC1=CC(=C(C=C1)C(C)C)OC(=O)C(=C)C(C2=CC=CC=C2[N+](=O)[O-])O,4.4,527.0,26,6,188.47794913566668,325.3259043500397
26.3,469.4,CC(CC#CCCCCCCCCCCOC(=O)/C=C/C1=CC=C(C=C1)Br)(F)F,8.9,540.0,29,14,241.6877937813333,396.3877155202173
46.5,264.36,C[C@]12CCCC(=C)[C@@]1(C[C@@H](CC2)C(=C)C(=O)OC)O,2.8,426.0,19,3,138.81069290533333,254.69921082579688
328.0,1103.1,C=CC(=O)OCC(CO)(COCC(COC(=O)C=C)(COC(=O)C=C)COC(=O)C=C)COC(=O)C=C.C=CC(=O)OCC(COCC(COC(=O)C=C)(COC(=O)C=C)COC(=O)C=C)(COC(=O)C=C)COC(=O)C=C,,1610.0,78,53,808.0951492523333,793.171390992258
29.5,479.5,C1CN(CCC1C2=CC=CC=C2)CC(C3=CC=CC=C3)OC(=O)/C=C/C4=CC=C(C=C4)C(F)(F)F,6.9,666.0,35,8,279.0874583526667,443.63021887888686
57.6,409.4,CC(C)(C)OC(=O)/C=C/C1=C(C=CN=C1OCC2=CC=C(C=C2)C(F)(F)F)OC,4.8,551.0,29,8,213.91940866100003,360.5364473498923
48.0,383.5,CC1=CC(=C(C(=C1)OCCN(C)/C=C/C(=O)OC)C(C2=CC=CC=C2)OC)C,4.2,489.0,28,10,220.3542893183333,378.1714137313317
43.4,388.4,C[C@H]1CC[C@H](CC2=C(C(=O)C([C@@H]12)CC3=C(C=CC=C3F)F)C)C(=C)C(=O)OC,4.9,673.0,28,5,201.308764885,355.17120490266
43.4,388.4,C[C@H]1CC[C@H](CC2=C(C(=O)C([C@@H]12)CC3=C(C=C(C=C3)F)F)C)C(=C)C(=O)OC,4.9,683.0,28,5,190.8037319313333,355.64293119408745
43.4,388.4,C[C@H]1CC[C@H](CC2=C(C(=O)C([C@@H]12)CC3=C(C=CC(=C3)F)F)C)C(=C)C(=O)OC,4.9,683.0,28,5,203.552306737,355.2715940410081
29.5,514.0,C1CN(CCC1C2=CC=CC=C2)CC(C3=CC=C(C=C3)Cl)OC(=O)/C=C/C4=CC(=CC=C4)C(F)(F)F,7.5,708.0,36,8,275.88078113566667,459.89042032525674
26.3,436.8,CCCCCCCCCCCCCCCCCCCCCCCCCCOC(=O)C=C,13.8,364.0,31,27,250.373154466,478.4063740327084
26.3,366.6,CCCCCCCCCCCCCCCCCCCCCOC(=O)C=C,11.0,299.0,26,22,202.916605416,400.46376508238336
26.3,254.41,CCCCCCCCCCC(C)COC(=O)C=C,6.7,211.0,18,13,138.60753996833333,274.2910390702067
26.3,198.3,CCCCCCC(C)COC(=O)C=C,4.6,164.0,14,9,105.58574813706666,210.6504578994346
26.3,506.9,CCCCCCCCCCCCCCCCCCCCCCCCCCCCCCCOC(=O)C=C,16.5,431.0,36,32,289.4145932426666,558.2577820162996
26.3,212.33,CCCCCCCC(C)COC(=O)C=C,5.1,175.0,15,10,113.30012317666667,226.39377722433824
26.3,310.5,CCCCCCCCCCCCCCC(C)COC(=O)C=C,8.9,260.0,22,17,171.04245235333337,336.74057175450884
26.3,208.3,C=CC(=O)OC1CCC2CCCCC2C1,4.1,247.0,15,3,111.04510888633332,205.6300464134519
26.3,450.8,CCCCCCCCCCCCCCC(CCCCCCCCCCCC)OC(=O)C=C,14.1,390.0,32,27,251.9120701193333,494.1337505804434
35.5,470.13,C=CC(=O)OCC(C(F)(F)F)(OC(C(C(C(C(F)(F)F)(F)F)(F)F)(F)F)(F)F)F,5.9,620.0,29,9,100.9222809588,280.02692328662204
64.599,229.27,CC(C)OC(=O)C(=C)NC(=O)OC(C)(C)C,2.3,289.0,16,6,108.74905529586664,217.01195998550133
83.4,292.33,C=CC(=O)OCCOCCOCCOCCOCCO,-0.6,233.0,20,16,125.25986226433334,263.83812545108117
29.3,141.17,C=CC(=O)OCCN1CC1,0.3,141.0,10,5,66.22406156660001,138.71489709959357
93.1,252.2,C=CC(=O)OCCCCCCOP(=O)(O)O,0.4,259.0,16,10,100.75927350579998,203.9218545989016
26.3,194.2,CCOC(=O)C(=C)C1=CC(=CC=C1)F,2.8,225.0,14,4,99.4865566675,182.49790651761526
26.3,180.17,COC(=O)C(=C)C1=CC=CC=C1F,2.4,213.0,13,3,91.07228544606666,166.7633640614636
26.3,132.13,C=CC(=O)OCCCF,1.8,101.0,9,5,54.14076673813333,121.51379085700103
35.5,168.19,C=CC(=O)OCC1CCC=CO1,1.7,196.0,12,4,80.321443126,160.03339846825418
26.3,577.0,CCCCCCCCCCCCCCCCCCCC(CCCCCCCCCCCCCCCC)OC(=O)C=C,19.0,514.0,41,36,328.1201455796667,635.3265769420493
43.4,156.18,CC(C)(COC(=O)C=C)C=O,1.1,170.0,11,5,71.76194642126667,150.690165349914
55.8,380.03,C=CC(=O)OCC(COC1=C(C=C(C=C1)Br)Br)O,3.1,285.0,18,7,137.76010900796666,223.77310197587082
52.3,87.08,C=CC(=O)ON,0.0,69.2,6,2,33.10328342413333,74.736220702035
67.4,364.3,COC(=O)/C(=C\NC1=CC=CC(=C1)C(F)(F)F)/NC(=O)C2=CC=CC=C2,4.4,528.0,26,6,211.9514802403,308.36815464675146
26.3,232.15,C=CC(=O)OCCCC(C(F)(F)F)(F)F,3.6,234.0,15,6,71.0755962283,173.65994822435277
56.5,274.24,C1=COC(=C1)/C=C/C(=O)OCC(=O)C2=CC=C(C=C2)F,2.8,372.0,20,6,150.958737444,242.75379642676478
26.3,156.22,CCCC(C)COC(=O)C=C,3.1,130.0,11,6,79.39046614236666,163.67988268410437
92.0,361.3,CC1=CC(=CC=C1)OC2=C(C(=O)N3C=CC=CC3=N2)/C=C(\C#N)/C(=O)OC,2.4,854.0,27,5,225.6261399457,326.10120878439386
52.6,262.3,CCOC(=O)/C=C/C1=CC=CC=C1OC(=O)C(C)C,3.4,333.0,19,7,151.88726409633333,252.4539469888039
83.6,225.27,CC(=O)NC1=C(C=CS1)/C=C/C(=O)OC,1.4,278.0,15,4,128.12006867866668,197.25261672654577
52.6,302.24,CCO/C=C(/C(=O)C1=CC(=C(C=C1F)F)F)\C(=O)OCC,2.9,411.0,21,7,139.97944840099998,251.51129212960723
60.2,196.21,CN(C)/C=C(/C(=O)OC)\N1C=CN=N1,0.1,240.0,14,4,101.12432899836666,178.1921743137765
52.6,246.26,C=CC(=O)OCCOC(=O)/C=C/C1=CC=CC=C1,3.1,314.0,18,8,142.9632770226667,235.25572805557545
63.2,349.3,CC(C)OC(=O)/C(=C/C1=CC=C(O1)C2=CC(=CC=C2)C(F)(F)F)/C#N,4.6,562.0,25,5,217.88591992066668,299.3523334700501
116.0,486.6,CC(COCC(COCC(C)OC(=O)C=C)OCC(C)OC(=O)C=C)OCC(C)OC(=O)C=C,2.9,648.0,34,23,222.879362417,453.23520486814454
43.4,190.19,CC(=O)C1=CC=C(C=C1)OC(=O)C=C,1.9,237.0,14,4,107.22437190019998,180.99146845108683
26.3,230.18,CCOC(=O)/C=C/C1=C(C=C(C=C1F)F)F,2.9,256.0,16,4,114.37463259116667,192.256650266499
52.6,234.25,CCOC(=O)/C=C/C1=CC=C(C=C1)OC(=O)C,2.7,288.0,17,6,143.26253160266666,221.04287117733364
137.0,308.32,C=CC(=O)OCC(CO)(CO)COCC(CO)(CO)CO,-2.6,301.0,21,13,125.68857779366664,257.8009640638114
68.6,289.33,CCOC1=CC(=C(C=C1)OCC)/C=C(\C#N)/C(=O)OCC,3.2,410.0,21,8,171.824072066,276.7029122513581
78.0,284.33,CCO/C=C(\C(=O)OC)/S(=O)(=O)C1=CC=C(C=C1)C,2.1,424.0,19,6,145.404733793,248.06587021551624
85.6,337.31,CCOC(=O)/C(=C\C1=CC(=CC=C1)C#N)/P(=O)(OCC)OCC,2.3,512.0,23,9,183.4401352046667,301.21980514393954
26.3,208.23,CCOC(=O)/C(=C/C1=CC=CC(=C1)C)/F,3.4,248.0,15,4,124.88525578266666,197.99657882076582
67.4,434.1,COC(=O)/C(=C\NC1=C(C=C(C=C1)Cl)Cl)/NC(=O)C2=C(C=C(C=C2)Cl)Cl,6.0,546.0,26,6,252.84392508963333,348.58153160838623
26.3,190.24,CCOC(=O)C(=C)C1=CC=C(C=C1)C,3.1,212.0,14,4,110.91817775549998,192.77883394160673
118.0,464.9,C1=CC=C(C=C1)C(=O)N/C(=C/C2=CC=C(C=C2)Cl)/C(=O)OCC(=O)C3=CC=C(C=C3)[N+](=O)[O-],5.1,743.0,33,8,270.99254032833335,401.0604834899006
26.3,208.3,CC1=C(C(CCC1)(C)C)C=CC(=O)OC,3.1,309.0,15,3,116.84368746233334,212.18951666041227
68.4,293.27,COC1=CC(=CC(=C1OC)OC)/C=C(/C(=O)OC)\N=[N+]=[N-],3.3,420.0,21,7,189.64416671666663,257.6674066320189
52.3,245.2,COC(=O)/C=C/C1=C(C=CC(=C1)C(F)(F)F)N,2.4,302.0,17,3,119.38045142656664,199.28730877081802
102.0,270.23,C1=C(OC=C(C1=O)O)/C=C/C(=O)OCCOCCO,-0.6,420.0,19,8,137.7872379505,224.67357471347032
82.1,240.21,COCCOC(=O)/C=C/C1=CC(=O)C(=CO1)O,0.1,391.0,17,6,127.87635648896666,203.93000622040663
102.0,326.3,CCOC(=O)/C(=C\C1=CC=CC=N1)/C(=O)C2=CC(=CC=C2)[N+](=O)[O-],2.9,512.0,24,6,187.54298762356663,288.0566946214944
39.4,297.1,C1=COC(=C1)/C=C/C(=O)OCC2=C(C=C(C=C2)Cl)Cl,4.1,333.0,19,5,162.34761227633334,254.1443337841764
131.0,456.5,COC1=CC(=CC(=C1OC)OC)/C=C/C(=O)OC2=COC(=CC2=O)CSC3=NC=CC=N3,2.7,735.0,32,10,276.7401792396667,396.5473373277567
46.5,130.139,CCCOC(=O)C(=C)O,1.5,118.0,9,4,56.585172532600005,121.25058604122806
89.9,380.19,CC1=NC=C(N1CCOC(=O)/C=C/C2=CC=CC=C2Br)[N+](=O)[O-],3.1,455.0,23,6,173.37873004333332,277.576807102573
90.6,281.26,CCOC(=O)/C=C/C1=CC(=C(C=C1[N+](=O)[O-])OC)OC,2.3,364.0,20,6,162.27581140933333,245.9533105969423
48.4,235.28,CC(C)(C)OC(=O)/C=C/C1=CN=C(C=C1)OC,2.4,281.0,17,5,143.86019336836668,228.3775041909825
56.5,208.21,CCOC(=O)/C(=C/C1=CC=CO1)/C(=O)C,1.6,280.0,15,5,118.91993229366666,191.486550726505
67.9,278.3,CN(C)/C=C(/C(=O)OC)\NC(=O)OCC1=CC=CC=C1,1.8,360.0,20,7,147.294983271,259.78285005920367
44.8,276.33,COC1=C(C=C(C=C1)/C=C/C(=O)OC)OC2CCCC2,3.4,333.0,20,6,174.75633823266665,264.16548211873265
46.5,280.16,CC(CC(C(F)(F)F)(C(F)(F)F)O)OC(=O)C=C,2.9,305.0,18,5,81.76403016803333,199.36485638600792
26.3,280.14,C=CC(=O)OCC=CC(C(F)(F)F)(C(F)(F)F)F,3.4,326.0,18,5,84.24247702160001,196.90082347168467
55.7,217.22,CCOC(=O)C=CC1=CC(=CC=C1)N=C=O,3.4,305.0,16,5,132.0135020791,204.76756553649565
100.0,385.03,CCOC(=O)/C=C/C1=C(SC(=C1Br)Br)[N+](=O)[O-],4.1,333.0,17,4,146.2361072323,204.24090191361648
39.2,245.2,CCOC(=O)/C=C/C1=CN=C(C=C1)C(F)(F)F,2.4,289.0,17,4,118.44835219826666,203.7431723152069
26.3,194.2,CC1=C(C=CC(=C1)/C=C/C(=O)OC)F,2.7,225.0,14,3,115.58770624936663,181.96169162939202
39.2,231.17,COC(=O)/C=C/C1=CC(=CN=C1)C(F)(F)F,2.0,276.0,16,3,106.54621289876668,187.98940048612064
61.6,275.22,CCOC(=O)/C=C/C1=C(C=C(C=C1)OC(F)(F)F)N,3.1,331.0,19,5,133.7567035921,224.0299626154691
55.4,223.15,COC(=O)C=CNC=CC(=O)C(F)(F)F,1.8,294.0,15,5,106.90416712006667,174.57975617459448
26.3,309.08,COC(=O)/C=C/C1=C(C=C(C=C1)Br)C(F)(F)F,3.8,302.0,17,3,128.87609059133334,200.69200565346028
35.5,346.4,CC(C)C(OC(=O)C(=C)C(F)(F)F)OC12CC3CC(C1)CC(C3)C2,5.6,483.0,24,6,151.245861913,297.86361658716686
26.3,288.72,CC(C)(C)OC(=O)/C=C/C1=C(C=CC(=C1)Cl)C(F)F,4.4,337.0,19,5,147.15961098736668,252.2775351211033
57.6,381.3,CCCCOC(=O)C(=C)OC1=CC=C(C=C1)OC2=NC=C(C=C2)C(F)(F)F,4.7,490.0,27,9,190.68273655266668,329.48517372836625
35.5,260.209,COC=C(C1=CC(=CC=C1)C(F)(F)F)C(=O)OC,2.8,323.0,18,4,117.84598624376666,217.08752201715876
46.5,246.18,COC(=O)C(=CO)C1=CC(=CC=C1)C(F)(F)F,3.1,310.0,17,3,106.96975778833333,197.13872041712767
73.9,226.15,CCOC(=O)C=CON=C(C(F)(F)F)N,1.2,273.0,15,5,79.14338833403333,170.61591316562962
44.8,318.29,CC(C)(C)OC(=O)/C=C/C1=CC(=CC(=C1)OC(F)(F)F)OC,4.3,399.0,22,6,153.63272233193334,273.00680243147485
78.0,288.24,COC(=O)C=C(C1CCC1)OS(=O)(=O)C(F)(F)F,2.2,442.0,18,5,106.7174018224,209.87727305462627
38.8,311.8,CN1CCCC(C1)OC(=O)/C=C/C2=CC=C(C=C2)OC.Cl,,335.0,21,5,182.3106165533333,272.3785277335759
108.0,329.23,CCOC(=O)C(=CNC1=CC(=C(C=C1)[N+](=O)[O-])C(F)(F)F)C#N,3.5,533.0,23,5,154.44562404566668,257.76915248178983
78.0,274.22,COC(=O)/C=C(/C1CC1)\OS(=O)(=O)C(F)(F)F,1.7,427.0,17,5,98.62290674456666,197.349440960452
43.4,236.24,CCOC(=O)/C(=C/C1=CC=C(C=C1)F)/C(=O)C,2.5,315.0,17,5,133.87702050293333,216.61819316235264
64.599,365.3,COC(=O)/C(=C/C1=CC=C(C=C1)OC(F)F)/NC(=O)C2=CC=CC=C2F,4.3,519.0,26,7,194.37959119596667,307.96349615592453
213.0,854.0,CCC1C(C(C(C(=O)C(CC(C(C(C(C(C(=O)O1)C)OC2CC(C(C(O2)C)O)(C)OC)C)OC3C(C(CC(O3)C)N(C)C)OC(=O)/C=C/C4=CC=CO4)(C)O)C)C)O)(C)O,4.5,1480.0,60,11,425.4414895616667,764.0104163806294
68.8,360.25,C=CC(=O)OCCS(=O)(=O)CCC(C(F)(F)F)(C(F)(F)F)F,2.9,487.0,22,8,109.1365013735,245.7472596961403
46.6,391.4,CC(C)N(C1=CC=CC=C1/C=C/C(=O)OC)C(=O)C2=CC(=CC=C2)C(F)(F)F,4.9,574.0,28,6,203.34235323866665,347.44530534253295
29.5,349.3,CN(CC1=CC(=CC=C1)C(F)(F)F)C2=CC=CC=C2/C=C/C(=O)OC,4.7,464.0,25,6,186.62505511166668,312.83204731933876
70.4,280.7,CCOC(=O)/C=C/C1=C(N(C(=O)C(=C1C)C#N)C)Cl,1.3,564.0,19,4,159.24759658230002,246.19898403818254
53.3,366.26,COC(=O)C(=C)CN(CC(F)(F)F)C1=CC(=C(C=C1)C#N)C(F)(F)F,4.0,549.0,25,6,151.7232269343,286.5533870378777
154.0,574.5,C1=CC(=CC=C1/C=C/C(=O)OCC2=CC(=CC(=C2)[N+](=O)[O-])[N+](=O)[O-])OC(=O)C3=CC=C(C=C3)OCCCC(F)(F)F,6.6,897.0,41,12,313.356325584,470.8080508660614
44.8,422.4,CCC(=CC1=CC(=C(C=C1)OC)OCCC2=CC=C(C=C2)C(F)(F)F)C(=O)OCC,6.2,553.0,30,10,224.56448891366665,380.7603630835377
64.599,341.35,CC(C)(C)OC(=O)N/C(=C\C1=CC=C(C=C1)C(C)(F)F)/C(=O)OC,3.8,489.0,24,7,181.868051194,303.4635763160347
77.5,342.34,CC(C)(C)OC(=O)N/C(=C\C1=CN=C(C=C1)C(C)(F)F)/C(=O)OC,2.7,501.0,24,7,176.93865319833333,299.09314703311577
61.8,402.7,CCOC=C(C(=O)C1=CC(=C(C(=C1F)OC(F)(F)Cl)F)F)C(=O)OCC,4.3,545.0,26,9,159.21646311400002,304.16556127173243
53.4,396.4,CCCCOC1=NN(C(=C1)/C=C/C(=O)OCC)CC2=CC=C(C=C2)C(F)(F)F,4.9,505.0,28,10,203.87501282033327,351.17713841809723
54.0,444.8,CCOC(=O)/C=C/C1=C(C=C(C=C1)OCCOC)OC2=C(C=C(C=C2)C(F)(F)F)Cl,5.4,557.0,30,10,239.688193275,375.53577683014896
96.5,398.4,CCOC(=O)/C=C/C1=C(C=C(C=C1)OCCOC)OS(=O)(=O)C(F)(F)F,3.1,569.0,26,10,184.8644225683333,311.74002497675593
57.6,443.4,CCOC(=O)/C=C/C1=C(C=C(C=C1)OC2=NC=C(C=C2)C(F)(F)F)OCC3=CC=CC=C3,5.7,607.0,32,9,254.5361130423333,390.3511571558861
63.9,347.29,COC(=O)/C=C/C1=C(C=CN=C1)N=C=NC2=CC=CC(=C2)C(F)(F)F,4.7,542.0,25,5,201.75884573233336,295.63818539597025
63.9,347.29,COC(=O)/C=C/C1=C(C=NC=C1)N=C=NC2=CC=CC(=C2)C(F)(F)F,4.7,542.0,25,5,201.5420236303333,297.3645354134239
96.5,412.4,CCCCOC1=C(C=CC(=C1)/C=C(/C(=O)OC)\OC)OS(=O)(=O)C(F)(F)F,4.4,611.0,27,10,198.4836203606667,327.3253301837682
77.5,380.74,CC(C)(C)OC(=O)N/C(=C\C1=C(N=C(C=C1)C(F)(F)F)Cl)/C(=O)OC,3.8,532.0,25,6,172.04224907266666,305.74252608519276
77.5,380.74,CC(C)(C)OC(=O)N/C(=C/C1=C(N=C(C=C1)C(F)(F)F)Cl)/C(=O)OC,3.8,532.0,25,6,181.963375194,305.73938445028153
55.8,388.9,COC(=O)/C=C/C1=C(C(=C(C=C1)C(=C2C3CC4CC(C3)CC2C4)OC)Cl)O,5.2,610.0,27,5,245.82827333,347.23886443246397
69.9,322.31,CCOC(=O)/C=C/C1=C(C=C(C=C1)C(F)F)CN2N=C(N=N2)C,3.4,422.0,23,7,166.875118455,277.73682305501956
79.1,338.31,CCOC(=O)/C=C/C1=C(C=C(C=C1)OC(F)F)CN2N=C(N=N2)C,3.7,439.0,24,8,172.7208273943667,286.4447256427582
71.8,465.2,CCOC(=O)C(=C(C1=CC(=C(N=C1Cl)Cl)F)O)C=NCC2=CC=C(C=C2)C(F)(F)F,5.8,652.0,30,7,231.7510218513333,364.9602703418794
55.4,426.3,C1=CC=C(C=C1)COC(=O)/C(=C/C2=CC=C(C=C2)Cl)/NC(=O)C3=CC=CC=C3Cl,6.0,581.0,29,7,257.9902104436667,379.1314087043969
35.5,484.8,CC1=C(C(=C(C2=C1O[C@](CC2)(C)CCC[C@H](C)CCC[C@H](C)CCCC(C)C)C)OC(=O)C=C)C,11.4,643.0,35,15,290.0522836996667,505.0897215227165
68.2,410.68,COC1=NC(=C(C(=O)N1C2=CC(=C(C=C2F)Cl)OC(=O)C=C)F)C(F)(F)F,3.7,709.0,27,5,173.31940948133334,302.8973687683467
53.4,471.7,CC(C)(C)OC(=O)C(=CC1=CC(=C(C=C1Cl)F)C2=NN(C(=C2Cl)OC(F)F)C)Cl,6.6,621.0,29,7,227.71521996866667,371.04994815003323
104.0,548.9,COC1=C(C=C(C=N1)C2=CN=C(N=C2N3C=CC(=N3)C(F)(F)F)NC4=CC(=C(C=C4)F)Cl)/C=C/C(=O)OC,5.2,827.0,38,8,321.6563442743333,443.3551003179694
82.5,497.3,CCOC(=O)/C=C/C1=CC(=C(C=C1)C2=NOC(=N2)C3=CN4C=C(C=C(C4=N3)Cl)C(F)(F)F)Cl,6.1,731.0,33,6,298.1690161866,392.2242176680245
83.8,613.6,CC(C)(C)[S@@](=O)N[C@](CC1=CC=CC=C1)(C2=CC(=C(C=C2)F)/C=C/C(=O)OC)C3=CC(=CC(=C3)F)OC(C(F)F)(F)F,7.7,941.0,42,13,316.7516692183333,513.4988485970365
71.6,472.5,CC1=C(C=CC(=C1)C(=O)C=CC2=C(C3=C(S2)C=C(C=C3)C(F)(F)F)C(C)C)C=CC(=O)OC,7.4,760.0,33,7,252.255332061,415.8702007706276
71.6,486.5,CCCCC1=C(SC2=C1C=CC(=C2)C(F)(F)F)C=CC(=O)C3=CC(=C(C=C3)C=CC(=O)OC)C,8.2,763.0,34,9,301.53571753933335,432.37233553103295
75.5,385.34,CC(C)OC(=O)/C=C\N1C=NC(=N1)C2=CC(=CC(=C2)OCOC)C(F)(F)F,3.4,516.0,27,8,187.228846202,322.0723429340053
142.0,579.6,CCNC(=O)NC1=NC=C(C(=C1)C2=NC(=CS2)C(F)(F)F)C3=CC(=C(C=C3)F)C(=O)C(=CN(C)C)C(=O)OCC,4.4,937.0,40,10,310.17840199933335,479.84196471344967
81.3,477.9,CN(C)/C=C(/C1=CC(=CC(=C1)OC2=C(C=C(C=C2)S(=O)(=O)C)Cl)C(F)(F)F)\C(=O)OC,4.4,766.0,31,7,246.68626839066667,385.86387362058576
73.9,437.4,CCOC(=O)C(=CC1=CC(=C(C=C1)OC)C(=O)NCC2=CC=C(C=C2)C(F)(F)F)OC,4.4,629.0,31,9,227.4998261373333,378.205274259459
86.7,442.4,CC(C)OC1=NC(=CC(=O)N1OCC2=CC=CC=C2C(=COC)C(=O)OC)C(F)(F)F,3.1,761.0,31,9,198.455544493,370.68694935636574
79.2,322.26,CN1C(=NC(=CC2=CC(=C(C(=C2)F)O)F)C1=O)C=CC(=O)OC,1.4,576.0,23,4,214.328913716,266.53198287085576
82.8,471.4,CC(C)OC(=O)/C(=C/N1C=NC(=N1)C2=CC(=CC(=C2)C(F)(F)F)C(F)(F)F)/C3=CN=CN=C3,4.2,686.0,33,6,230.39295874366667,371.0253955473312
108.0,646.0,CCOC(=O)/C=C/C1=CC(=CC=C1)C2=C(C(=O)OC3=C2C=C(C(=C3)Cl)COC(=O)C)CC(=O)NC4=C(C=C(C=C4)F)C(F)(F)F,5.8,1170.0,45,11,368.1050125573333,532.7358722714116
81.7,616.0,CCCCOC(=O)/C=C/C1=CC(=CC=C1)C2=C(C(=O)OC3=C2C=C(C(=C3)Cl)C)CC(=O)NC4=C(C=C(C=C4)F)C(F)(F)F,7.4,1080.0,43,10,360.6547387476666,520.1971987655966
66.9,431.8,CCOC(=O)/C=C/C1=C(C=C(C=C1)OCOC)OC2=C(C=C(C=N2)C(F)(F)F)Cl,4.8,548.0,29,9,218.8525758773333,355.1914598837238
62.6,418.8,CCOC(=O)/C=C/C1=CC(=NN1CC2=C(C=C(C=C2)C(F)(F)F)Cl)OCOC,4.3,536.0,28,9,200.6894426903333,345.4131496387663
62.6,458.9,CCOC(=O)/C=C/C1=CC(=NN1CC2=C(C=C(C=C2)C(F)(F)F)Cl)OCC3(COC3)C,4.6,645.0,31,9,232.9855164106667,384.2803881677725
62.6,458.9,CCOC(=O)/C=C/C1=CC(=NN1CC2=C(C=C(C=C2)C(F)(F)F)Cl)OC3CCOCC3,4.7,616.0,31,8,234.147509222,381.9030439899639
76.1,517.9,CCOCC(COCC)OC1=CC(=C(C=C1)/C=C/C(=O)OCC)OC2=C(C=C(C=N2)C(F)(F)F)Cl,5.3,645.0,35,14,272.2802929416667,442.0547260117366
66.9,445.8,CCOC(=O)/C=C\C1=C(C=C(C=C1)OCCOC)OC2=C(C=C(C=N2)C(F)(F)F)Cl,4.7,563.0,30,10,217.11444701166667,369.9138227332752
100.0,507.9,CCOC(=O)/C=C/C1=C(C=C(C=C1)OCCCS(=O)(=O)C)OC2=C(C=C(C=N2)C(F)(F)F)Cl,4.6,758.0,33,11,253.228993824,406.93872946378065
77.9,473.9,CCOC(=O)/C=C/C1=C(C=C(C=C1)OCCC(C)(C)O)OC2=C(C=C(C=N2)C(F)(F)F)Cl,5.1,631.0,32,10,240.208772567,398.61826217566477
66.9,459.8,CCOC(=O)/C=C/C1=C(C=C(C=C1)OCCCOC)OC2=C(C=C(C=N2)C(F)(F)F)Cl,5.1,578.0,31,11,236.8545123973333,387.1258615213229
76.4,754.7,CCCN(CC1CC1)C2=C(C(=NN2C)C(F)(F)F)CN(CC3=CC(=CC(=C3)C(F)(F)F)C(F)(F)F)C4=NC=C(C=N4)C=CC(=O)OCC5=CC=CC=C5,8.5,1160.0,53,15,356.6102672343333,631.5672189616835
118.0,588.6,CCOC(=O)/C=C/C1=C(N(C(=O)C(=C1)C(=O)NCC2=CC=C(C=C2)S(=O)(=O)C3CC3)C4=CC=CC(=C4)C(F)(F)F)C,4.7,1220.0,41,10,328.44968512300005,497.46397592618814
94.4,486.5,CC=C(C1=CC2=C(C=C1C)C(=NO2)CCC3=C(C4=C(S3)C=C(C=C4)C(F)(F)F)C(C)C)C(=O)[O-],8.4,767.0,34,5,288.081590598,416.1879978902984
57.0,427.73,CC(C)OC(=O)/C=C\N1C=NC(=N1)C2=CC(=C(C(=C2)C(F)(F)F)Cl)C(F)(F)F,5.0,560.0,28,5,193.42168067326665,321.47418883663426
73.0,508.6,CC(C)(C)OC(=O)/C=C/C1=CC=C(C=C1)OC2=C(SC3=C2C=CC(=C3)OC)C4=CC=C(C=C4)C(F)F,8.0,738.0,36,9,347.8690934113333,458.62386274832176
90.0,428.4,CCOC(=O)/C(=C\C1=CC=C(C=C1)C2=NN(C=N2)C3=CC=C(C=C3)OC(F)(F)F)/C#N,5.1,690.0,31,7,280.73509548366667,362.9055206857153
93.7,481.9,COC(=O)/C=C/C1=C(C=C(C=C1)OCC2=C(SN=C2C3=CC=C(C=C3)Cl)C(F)(F)F)C=O,5.4,672.0,32,8,248.382217065,391.2526178393493
115.0,593.5,COC(=O)/C=C/C1=CC=CC=C1N(S(=O)(=O)C2=CC=CC(=C2)C(F)(F)F)S(=O)(=O)C3=CC=CC(=C3)C(F)(F)F,5.8,1030.0,39,8,293.72791555466665,450.70849361067417
61.6,437.4,CCC1=CC2=CC(=CC(=C2O1)COC3=NC(=C(C=C3)/C=C/C(=O)OCC)C(F)(F)F)F,5.6,629.0,31,8,239.47303766766672,367.54635110947316
71.4,532.9,CCOC(=O)C(=C(C1=CC(=C(C(=C1F)OC(F)(F)Cl)F)F)O)C=NC2=CC=C(C=C2)CN3CCCC3,6.1,803.0,36,10,268.19725185066665,431.3929152505187
26.3,516.6,CCCCCCCCCC[N+]1(CCCC1)CCOC(=O)/C=C/C2=CC=CC3=CC=CC=C32.[Br-],,551.0,33,15,284.2559333296667,452.5816906583144
259.0,899.0,CCC1C(C(C(C(=O)C(CC(C(C(C(C(C(=O)O1)C)OC2CC(C(C(O2)C)O)(C)OC)C)OC3C(C(CC(O3)C)N(C)C)OC(=O)/C=C/C4=CC=C(O4)[N+](=O)[O-])(C)O)C)C)O)(C)O,4.6,1610.0,63,11,445.7075945363333,785.127200647094
85.0,370.4,C1=CC=C2C=C(C=CC2=C1)/C=C/C(=O)OC3=C(C=CC4=C3N=CC=C4)[N+](=O)[O-],5.1,602.0,28,4,263.13012489733336,332.1068990882224
46.6,458.4,CN(C)CC1CCC/C(=C\C2=CC=C(C=C2)OC(=O)/C=C/C3=CC(=C(C=C3)Cl)Cl)/C1=O,6.2,682.0,31,7,303.6672386416667,418.1204592828712
46.5,144.17,CC(CCOC(=O)C=C)O,1.2,120.0,10,5,64.20453699619999,137.25974384305624
52.3,259.22,CCOC(=O)C=C(C1=CC=C(C=C1)C(F)(F)F)N,3.1,318.0,18,4,123.80011320916668,214.6810413318955
106.0,132.12,C=CC(=O)O.C(=O)(N)N,,84.9,9,1,51.9935005982,74.4943359262541
26.3,208.3,CC(=CCC/C(=C\COC(=O)C=C)/C)C,4.1,268.0,15,7,116.49370901356666,221.8797662545604
35.5,116.11,CCOOC(=O)C=C,1.1,87.7,8,4,52.61026203360001,108.0994290964697
26.3,197.96,C=CC(=O)OI,1.6,69.2,6,1,47.3948294022,76.27903345204294
61.8,158.11,C=CC(=O)OOOC(=O)C=C,1.4,163.0,11,6,65.47264411809999,133.34179602118508
53.1,189.21,C=CC(=O)O.C1=CC=C2C(=C1)C=CN2,,157.0,14,1,110.8583511179,131.08990904228406
105.0,296.23,C=CC(=O)OC(OC(=O)C=C)(OC(=O)C=C)OC(=O)C=C,2.3,409.0,21,12,123.89152902899998,257.92134336108046
77.3,168.11,C=CC(=O)OOC(=O)C1=CN=N1,1.1,292.0,12,5,71.12668792336666,135.5499847291591
40.1,173.19,C1=CC=C(C=C1)C=CC=CC(=O)[O-],3.2,205.0,13,2,178.3375049085403,170.8271163903377
44.1,138.12,C=CC(=O)ON1C=CC=N1,1.0,147.0,10,3,63.334006639866665,124.34616336209892
216.0,412.34,C=CC(=O)O[C@@]1([C@@H]([C@H]([C@H]([C@H](O1)O[C@@H]2[C@H](O[C@H]([C@@H]([C@H]2O)O)O)CO)O)O)O)CO,-4.3,558.0,28,7,151.871325139,300.09205264128093
137.0,250.2,C=CC(=O)OC1([C@@H]([C@H]([C@@H]([C@H](O1)CO)O)O)O)O,-1.6,305.0,17,4,92.40099622133334,185.1290121309175
43.4,220.26,CC1=C(CC(CC1=O)C(=C)C)OC(=O)C=C,2.5,388.0,16,4,122.0111475287,214.6137540739516
107.0,205.17,C=CC(=O)OC1=NC(=C2C(=N1)N=CN2)N,0.1,272.0,15,3,99.7146524255,165.39906051921758
43.4,226.18,COC(=O)C=CC1=CC(=C(C(=C1)F)C=O)F,1.9,279.0,16,4,110.32393227396666,191.04836536381586
61.6,261.2,COC(=O)/C=C/C1=C(C=CC(=C1)OC(F)(F)F)N,2.7,317.0,18,4,121.92920712376667,207.60347568724126
55.4,129.11,CC(=O)NOC(=O)C=C,0.2,141.0,9,3,54.267874413133335,113.1104075236744
72.1,249.26,CC(C)(C)OC(=O)C=CC1=CC=CC=C1[N+](=O)[O-],2.8,338.0,18,4,138.66756781926665,228.38560867418983
72.1,207.18,COC(=O)C(=C)C1=CC=C(C=C1)[N+](=O)[O-],2.2,274.0,15,3,107.1040875942,181.22538324739224
26.3,138.16,C/C=C/C=C/OC(=O)C=C,2.1,166.0,10,4,89.26593309263335,143.60513633459541
80.8,140.1,C=CC(=O)OC1=NNN=N1,0.1,148.0,10,3,55.504103894466674,108.98218832711731
39.2,199.2,C=CC(=O)OC1=NC2=CC=CC=C2C=C1,2.4,252.0,15,3,121.85178049433334,188.3365797838032
42.1,237.25,C=CC(=O)OC1=CC=CC2=C1NC3=CC=CC=C23,3.7,341.0,18,3,151.805314805,221.52719712863754
89.6,159.14,C=CC(=O)OC(=O)[C@H](CO)N,-1.1,177.0,11,5,62.93247899246668,131.21182114397706
26.3,154.21,C=CCCCCOC(=O)C=C,2.9,139.0,11,7,78.42029218396665,161.67625178473682
26.3,89.11,[2H]C(=C([2H])C(=O)OC)[2H],0.8,65.9,6,2,37.4089483078,84.98398776279463
26.3,170.25,CCCCCC(C)OC(=O)C=C,3.5,141.0,12,7,87.43778130010001,179.5913566444
84.2,236.22,CCOC(=O)C(=CNC1=CC=CC=C1)[N+](=O)[O-],2.9,303.0,17,5,129.904495261,207.69735846697372
87.2,303.36,CCOC(=O)/C(=C\NC(C)(C)CO)/C1=NC2=CC=CC=C2N1,2.4,423.0,22,7,183.3967306037333,277.8759008348333
69.7,184.15,CC(=C)C(=O)OOC(=O)C(=C=O)C,1.8,296.0,13,5,81.97959845203333,160.0787071135559
26.3,164.2,C=CC(=O)OC1=C2CCC(C2)C1,1.8,263.0,12,3,99.10838140256668,157.6909805251736
54.0,266.29,CCOC(=O)C=CC1=CC(=C(C=C1OC)OC)OC,2.5,302.0,19,7,166.71641135706668,250.59875911711015
35.5,192.21,CCOC(=O)C(=C)OC1=CC=CC=C1,2.8,205.0,14,5,100.97841250826666,185.9061305880944
26.3,302.11,CCOC(=O)/C=C/C1=CC(=CC=C1)I,3.6,213.0,14,4,129.3313882921,187.29253619783952
26.3,183.03,C=CC(=O)OCCC(Cl)Cl,2.8,123.0,10,5,67.997318372,152.49724461611422
66.8,188.22,C=CC(=O)OCCCCCC(O)O,1.3,154.0,13,8,84.57330578853333,173.3152494581357
35.5,202.21,C=CC(=O)OC1C=CC2=CC=CC=C2O1,2.9,283.0,15,3,111.48830394863334,189.6754430110971
43.4,198.26,CCCCC(CC)(C=O)OC(=O)C=C,2.8,211.0,14,8,100.45543043626668,197.89295835617372
39.2,249.26,C=CC(=O)OC1=C2C=CC=CC2=NC3=CC=CC=C31,3.9,333.0,19,3,167.92110600236666,235.55989442028405
46.5,144.17,CCCCOC(=O)C(=C)O,2.4,129.0,10,5,64.99727408683333,136.7612579868073
50.1,125.13,CC(C#N)OC(=O)C=C,0.9,165.0,9,3,55.01332254273333,120.13674620212798
26.3,207.06,C=CC(=O)OCCCCBr,2.6,112.0,10,6,71.74486934216667,140.25858372243127
66.8,194.18,CC(=C)C(=O)OC1=CC=CC(=C1O)O,1.9,236.0,14,3,96.95061928363332,171.4008273832417
50.1,153.18,CCC(COC(=O)C=C)C#N,1.3,190.0,11,5,72.32889865290001,151.26194961941655
43.4,170.21,CCCC(=O)CCOC(=O)C=C,1.2,173.0,12,7,78.98079161336666,166.50544455000943
94.8,179.2,CC(OC(=O)C=C)S(=O)(=O)N,-0.1,250.0,11,4,75.70680358023333,137.43602870124676
26.3,166.22,C=CC(=O)OCC1CCCC=C1,2.6,194.0,12,4,87.60816113276667,166.70299805081117
44.8,158.15,C=CC(=O)OCC1OCCO1,0.3,149.0,11,4,66.24892498853333,138.7881635854905
43.4,266.29,C=CC(=O)OCC1=CC=C(C=C1)C(=O)C2=CC=CC=C2,3.5,347.0,20,6,153.5752064551667,257.78743514605645
113.0,260.24,CC(=C)C(=O)OC(C(CO)O)(O)OC(=O)C(=C)C,0.0,344.0,18,8,107.85869405746666,219.73400750290043
26.3,278.3,CCOC(=O)/C=C/C1=CC=C(C=C1)/C=C/C2=CC=CC=C2,5.3,356.0,21,6,243.8428085853333,283.87407457064415
74.6,223.5,CC(=C)C(=O)O.C=CC(=O)O.[Zn],,186.0,12,2,67.30908988793334,99.54778433400693
46.5,228.33,CC(C)CCCC(C)CC(O)OC(=O)C=C,4.3,211.0,16,9,115.00887053363334,230.84323092091216
72.1,173.17,CCC([N+](=O)[O-])OC(=O)C(=C)C,1.9,206.0,12,4,74.50925796450001,152.0917407797707
140.0,344.31,CC(=C)C(=O)OC(CO)(C(O)(OC(=O)C(=C)C)OC(=O)C(=C)C)O,0.8,562.0,24,11,146.373990414,293.01703855005263
149.0,292.2,C=CC(=O)OOC(=O)OOC(=O)C(=C)C(C(CO)O)O,-0.3,401.0,20,11,108.94241275116669,222.74353417129188
126.0,278.26,C=CC(=O)OCCOC1[C@@H]([C@H]([C@@H]([C@H](O1)CO)O)O)O,-1.6,307.0,19,7,106.3829377365,220.1959764281348
118.0,252.18,C=CC(=O)OCC1=C(C=C(C=C1)[N+](=O)[O-])[N+](=O)[O-],1.9,358.0,18,4,110.0997837198,201.81820317850844
52.3,171.24,CCC(=C(C(=O)OCC)N)CC,2.3,179.0,12,5,89.3921842204,169.83324094762082
29.5,143.18,CC(N(C)C)OC(=O)C=C,1.3,132.0,10,4,67.95733056833333,143.99591545877357
84.2,160.17,C=CC(=O)N.C=CC(=O)[O-].[NH4+],,108.0,11,1,65.46769613533333,80.39242305172931
27.3,132.18,COC(=O)C(=C)CS,0.8,109.0,8,3,56.22987663173334,117.82869593143204
60.4,101.08,C=C(CO)C(=O)[O-],0.2,89.6,7,1,48.15727437016667,85.31975657296344
46.5,130.139,CC/C(=C\O)/C(=O)OC,1.4,126.0,9,3,59.92150855450001,120.86302658838375
66.8,146.14,C=CC(=O)OC(CCO)O,-0.1,121.0,10,5,57.639696377300005,126.0065491202097
68.5,378.2,CC(C)OC(=O)/C(=C/C1=CC=C(C=C1)Br)/NC(=O)C2=CC=CO2,4.1,456.0,23,6,198.92742994566663,286.95467377852145
46.6,185.22,CCOC(=O)/C(=C\N(C)C)/C(=O)C,0.7,231.0,13,5,95.0466044884,179.044097013204
77.8,327.3,COC1=CC=C(C=C1)/C=C(\C(=O)OCC=C)/NC(=O)C2=CC=CO2,3.3,480.0,24,8,208.788580895,300.6282072026477
55.4,309.4,CCOC(=O)/C(=C\C1=CC=C(C=C1)C)/NC(=O)C2=CC=CC=C2,4.0,430.0,23,6,203.693749691,298.7659636981478
80.8,255.29,CC1=CC=C(C=C1)S(=O)(=O)NC(=C)C(=O)OC,1.8,388.0,17,5,129.88612911200002,217.67811449248117
46.5,184.23,C=C(CO)C(=O)OC1CCCCC1,1.6,192.0,13,4,89.80872745216668,173.769487208779
78.6,159.14,CCOC(=O)C(=C)OC(=O)N,0.5,187.0,11,5,63.92044469059999,135.15987934484886
26.3,556.7,C=CC(=O)OC(C1=C(C(=C(C=C1)Br)Br)Br)(Br)Br,5.8,307.0,17,4,160.29677229623334,203.89550994611602
46.5,238.32,CC1(C2CCC1(C(C2)OC(=O)C(=C)CO)C)C,2.8,359.0,17,4,120.85479174423334,227.4455174864155
52.6,314.73,CC(C)(C)OC(=O)/C(=C\C1=CC(=C(C=C1)Cl)F)/C(=O)OC,4.0,428.0,21,6,162.26279859733333,274.59350863030875
44.1,248.25,CCOC(=O)/C=C/C1=C(C=CC2=NN(C=C21)C)F,2.3,335.0,18,4,150.21699858333332,223.36215955118215
102.0,403.4,CC1=CSC(=N1)NC2=NC=C(C(=C2)OC3=C(C=CC=C3F)F)/C=C/C(=O)OC,4.5,547.0,28,7,251.5320239636667,339.99281191742017
52.6,248.27,CCCCOC(=O)C1=CC=C(C=C1)OC(=O)C=C,4.3,290.0,18,8,135.36363205246667,237.27188013420022
26.3,210.31,CCCCC(CC)COC(=O)C(=C)C=C,4.6,219.0,15,9,115.8211716454,224.17389645912917
26.3,286.3,COC(=O)C(=C)C1=C2C=CC3=CC=CC4=C3C2=C(C=C4)C=C1,5.5,468.0,22,3,204.541621513,273.8635327500935
56.3,295.3,CCOC(=O)/C=C/C1=NC(=CC=C1)C(=O)C2=CC=C(C=C2)C,3.6,411.0,22,6,190.51064235656668,284.0453008594576
90.6,265.22,CCOC(=O)/C=C/C1=CC2=C(C=C1[N+](=O)[O-])OCO2,2.2,377.0,19,4,146.47810294773333,220.06783481161577
61.8,236.2,CC(C)(C)OC(=O)C(=C)P(=O)(OC)OC,1.0,294.0,15,6,103.31821616813332,205.71414327795517
26.3,254.32,CC(C)(C)OC(=O)/C=C/C1=CC=CC2=CC=CC=C21,4.4,338.0,19,4,167.02929162296667,255.50252851108763
83.8,202.2,CC(=C)C(=O)O.C=CC(=O)OCCO,,171.0,14,5,89.5121719074,126.41730088780544
52.6,200.23,CC(C)(C)OC(=O)C(=C)CC(=O)OC,1.5,247.0,14,6,91.73354761163334,191.36309685792313
52.6,312.4,CCCCCCCCCCCCOC(=O)CCOC(=O)C=C,6.1,300.0,22,17,158.05286559033334,317.4738304289267
46.5,290.4,CC(C)(C)C1=CC(=CC(=C1COC(=O)C=C)C(C)(C)C)O,5.2,349.0,21,6,164.86512790199998,289.77611629464394
52.6,284.39,CCCCC(CC)COC(=O)C=C.CC(=C)C(=O)OC,,246.0,20,10,142.0399670413333,222.56670133957897
26.3,220.31,C=CC(=O)OCC12CC3CC(C1)CC(C3)C2,3.6,277.0,16,4,115.314615342,211.5376811564903
55.8,250.29,CCCCOC(=O)/C=C/C1=C(C=CC(=C1)OC)O,3.1,275.0,18,7,151.05712359459997,237.91783958945848
46.5,352.5,CC(C)(C)OC(=O)C=C.C=CC1=CC=CC=C1.C=CC1=CC=C(C=C1)O,,278.0,26,5,215.004141428,176.25091630852873
72.1,267.25,CC(C)(C)OC(=O)C(=C)C1=C(C=C(C=C1)[N+](=O)[O-])F,3.3,383.0,19,4,133.46275241613333,233.23058777427104
26.3,320.5,CCCCCC=CCC=CCCCCCCCCOC(=O)C=C,7.9,329.0,23,17,185.0984161663333,347.4600232151306
46.6,334.2,CCOC(=O)C(=CN(C)C)C(=O)C1=CC(=C(C=C1Cl)Cl)F,3.8,428.0,21,6,164.80193820079998,280.170494277843
26.3,244.21,CCOC(=O)C(=CC1=CC(=C(C(=C1)F)F)F)C,3.2,292.0,17,4,124.05939393213332,207.3341547426177
46.6,299.72,CCOC(=O)C(=CN(C)C)C(=O)C1=C(C=C(C=C1)F)Cl,3.1,398.0,20,6,156.1282211585333,262.7155494940053
52.6,338.23,CCOC=C(C(=O)C1=C(C(=C(C(=C1F)F)F)F)F)C(=O)OCC,3.1,454.0,23,7,142.0418342096667,261.10546911027564
52.6,336.69,CCOC=C(C(=O)C1=CC(=C(C(=C1F)Cl)F)F)C(=O)OCC,3.5,444.0,22,7,145.58718645733333,268.7866336364664
98.8,386.4,COC(=O)C(=COCF)C1=CC=CC=C1OC2=NC(=NS2)C3=CC=CC=C3,4.8,516.0,27,8,204.0016279796667,333.0968700703362
90.2,499.5,CC(C)C1=NC(=C(N1/C=C/C(=O)OC)C2=CC=C(C=C2)F)C3=NC(=NC=C3)N(C4=CC=CC=C4)C(=O)C,4.3,797.0,37,8,304.0306612653333,459.01018405778865
29.5,389.5,CCOC(=O)/C=C/C1=CC(=C(C=C1)F)N(CC2=CC=CC=C2)CC3=CC=CC=C3,5.8,491.0,29,9,237.644465242,379.84774113007677
59.3,259.3,CC(C)(C)OC(=O)/C=C/C1=C(C=C(C=C1)C#N)OC,2.9,386.0,19,5,164.204600939,252.47784371780986
29.5,407.5,CCOC(=O)/C=C/C1=C(C=C(C=C1F)N(CC2=CC=CC=C2)CC3=CC=CC=C3)F,5.9,511.0,30,9,255.16313015566664,384.670062223282
80.3,430.5,COC(=O)/C=C/C1=CC(=C(C=C1)C2=NC3=C(S2)N=C(C=C3)C4(CC4)C5=CC=CC=C5)F,5.9,678.0,31,6,324.40656672033333,390.6930978536741
64.599,374.2,CC(C)(C)OC(=O)N/C(=C\C1=C(C=CC(=C1)Br)F)/C(=O)OC,3.8,447.0,22,6,173.42432434913334,275.72055583499684
73.8,387.4,CCOC(=O)/C=C/C1=CN(C2=C1C=CC=C2F)S(=O)(=O)C3=CC=C(C=C3)C,4.3,651.0,27,6,242.53072611533327,337.0291925656798
55.4,253.68,CC(=O)N/C(=C/C1=CC=CC=C1Cl)/C(=O)OC,2.2,328.0,17,4,130.69182874246667,223.67320379400894
123.0,424.4,COC(=O)C(=C)NC(=O)C1=CC(=NO1)C2=CC=C(C=C2)NC(=O)NC3=CC=CC=C3F,2.9,683.0,31,7,247.37246459233333,362.99298727827687
46.6,367.4,COC(=O)/C=C/[C@H]1CCC[C@H](N1C(=O)CC=C)C2=CC(=C(C(=C2)F)F)F,3.3,542.0,26,6,179.39794519766667,320.62226127090673
46.6,367.4,CCOC(=O)/C=C/[C@H]1CC[C@H](N1C(=O)CC=C)C2=CC(=C(C(=C2)F)F)F,3.3,542.0,26,7,177.20974947766663,322.3037198624355
46.6,367.4,COC(=O)/C=C\[C@H]1CCC[C@H](N1C(=O)CC=C)C2=CC(=C(C(=C2)F)F)F,3.3,542.0,26,6,176.397296093,321.033091183713
46.6,367.4,CCOC(=O)/C=C/[C@H]1CC[C@H](N1C(=O)CC=C)C2=C(C=C(C=C2F)F)F,3.3,542.0,26,7,178.14395942233332,322.1860716874047
46.5,312.3,COC(=O)/C=C/C1=CC=C(C=C1)C=C(CO)C2=CC=C(C=C2)F,3.9,428.0,23,6,213.35146668233327,292.75395190731837
92.4,292.29,CCOC(=O)/C(=C\N(C)C)/C(=O)C1=CC=CC=C1[N+](=O)[O-],2.2,439.0,21,6,154.52944320933332,260.0444980305938
59.5,410.15,CCOC(=O)C(=CN(C)C)C(=O)C1=CC(=C(N=C1F)F)I,2.8,432.0,21,6,160.87488913133333,254.1080598860939
123.0,564.3,COC(=O)/C=C/C1=C(C=C(C=C1)NC(=O)OC2=CC=C(C=C2)Cl)NC(=O)NC(=O)C3=CC(=C(C=C3Cl)F)F,5.8,889.0,38,8,307.25593933466666,457.2129267574038
61.8,310.32,CC(C)(C)OC(=O)/C(=C\C1=CC(=C(C=C1)OC)F)/C(=O)OC,3.3,438.0,22,7,174.7232435909667,280.6892904836936
150.0,446.4,CC(=O)OC[C@@H]1[C@H]([C@@H]([C@H]([C@@H](O1)OCCOC(=O)C=C)OC(=O)C)OC(=O)C)OC(=O)C,1.1,687.0,31,15,184.136447841,376.4333688567342
51.5,281.3,C=CC(=O)OC1=CC=CC2=C1N(C3=CC=CC=C23)CCO,2.9,398.0,21,5,170.34338738713333,260.5240597074942
59.5,345.16,CCOC(=O)C(=CN(C)C)C(=O)C1=CC(=NC=C1F)Br,2.5,401.0,20,6,151.38300599933334,248.79809974516473
69.7,226.23,CCCCOC(=O)C=C.C1=CC(=O)OC1=O,,226.0,16,5,89.43614509916667,150.92331409571926
69.7,212.2,COC(=O)C=C.C=C.C1=CC(=O)OC1=O,,195.0,15,2,94.39754976516666,108.04983062496665
101.0,327.15,CCOC(=O)C=C.C=C(CC(=O)O)C(=O)O.C=C(Cl)Cl,,262.0,20,6,127.68385087066666,153.10892755505338
32.8,200.28,CC(CN(C)C)(N(C)C)OC(=O)C=C,1.1,214.0,14,6,95.9475025161,202.94635874473136
40.1,355.6,CCCCCCCCCCCCCCCC[N+](C)(C)C.C=CC(=O)[O-],,231.0,25,15,316.9386770603333,359.18069328539235
58.9,386.2,COC(=O)/C(=C(\C1=CC(=C(C=C1Cl)Cl)F)/O)/C=NC2=CC=C(C=C2)F,5.2,536.0,25,5,218.71675501266668,312.7541577316899
58.9,320.14,CCOC(=O)/C(=C(/C1=CC(=C(C=C1Cl)Cl)F)\O)/C=NC,3.8,414.0,20,5,160.464356514,262.2787480359323
26.3,194.2,C=C(CF)C(=O)OCC1=CC=CC=C1,2.4,207.0,14,5,93.43678957553334,182.41232659675063
44.8,240.23,COC1=CC(=C(C(=C1)F)/C=C/C(=O)OC)OC,2.2,280.0,17,5,135.3582299919333,215.13887313313313
95.9,232.19,COC(=O)/C(=C/C1=CC=CC=C1[N+](=O)[O-])/C#N,1.7,388.0,17,3,123.6081755761,200.27664967054446
46.5,144.17,CC(CO)C(=C)C(=O)OC,0.6,140.0,10,4,65.26184909496666,136.5437808967759
79.9,212.2,COC(=O)C(=C)C(C1=CC=C(O1)CO)O,-0.2,250.0,15,5,93.33338751063332,182.35383369040562
98.4,279.24,CC(=O)OC(C1=CC(=CC=C1)[N+](=O)[O-])C(=C)C(=O)OC,1.9,414.0,20,6,127.06733447533334,241.33399993095705
64.599,280.12,CC(C)(C)OC(=O)N/C(=C\Br)/C(=O)OC,1.8,280.0,15,5,104.92765213346668,193.95396226952315
52.3,259.22,CCOC(=O)/C=C(/C1=CC(=CC=C1)C(F)(F)F)\N,3.1,326.0,18,4,122.75382682136669,215.01661888285824
99.3,399.4,COC(=O)/C=C/OC1=CC(=C(C=C1)OC2=C(C=C(C=C2)F)F)NS(=O)(=O)C,2.6,623.0,27,8,224.56979278166668,321.76888059385357
52.1,178.19,CCOC(=O)/C=C/C1=NN=CC=C1,0.5,192.0,13,4,99.83792750640002,166.7357395460496
35.5,286.3,COC(=O)/C=C/C1=CC=C(C=C1)OCC2=CC=C(C=C2)F,3.8,340.0,21,6,174.90107299800002,268.2970987788543
46.6,362.2,CCN(CC)C=C(C(=O)C1=CC(=C(C=C1Cl)Cl)F)C(=O)OCC,4.5,455.0,23,8,183.79323791366664,311.78144176400366
58.6,159.18,C=CC(=O)OCCNCCO,-0.6,125.0,11,7,70.5140250771,146.84981684872136
94.3,339.7,CCOC(=O)/C=C/C1=NON=C1C(=O)NC2=CC(=C(C=C2)F)Cl,2.3,465.0,23,6,171.39422748533335,273.56123778990377
84.8,478.4,COC(=O)/C=C/C1=CN=C(N=C1)C2=CC=CC(=C2)CN3C(=O)C=CC(=N3)C4=CC(=C(C(=C4)F)F)F,3.5,847.0,35,7,298.74125637000003,409.91895374835184
44.8,344.4,COCCOCC1=C(C=C(C=C1)C(=C)C(=O)OCC2=CC=CC=C2)F,3.4,420.0,25,10,184.954477355,321.499572103631
81.8,224.24,CCOC(=O)/C(=C/C1=CN=CS1)/N=[N+]=[N-],2.8,312.0,15,5,128.3673321913,185.56118300012332
91.3,412.4,COC1=C(C=C(C=C1)C=CC(=O)OCC(COC(=O)/C=C/C2=CC=CC=C2)O)OC,3.5,580.0,30,12,245.61776330433327,381.5996545734167
26.3,208.3,CC1(C2CCC1(CC2OC(=O)C=C)C)C,3.7,306.0,15,3,107.75106443076668,207.1923174440171
46.6,391.18,CCOC(=O)/C(=C\N(C)C)/C(=O)C1=C(C=CC(=C1)I)F,3.1,398.0,20,6,164.1937371713333,254.1077160052035
26.3,287.2,CCCCCOC(=O)/C=C/C1=C(C=C(C=C1)Cl)Cl,5.1,279.0,18,7,155.28880026803333,259.901715872288
35.5,224.23,CCOC(=O)C=CC1=C(C=CC(=C1)OC)F,2.6,253.0,16,5,115.98490969266668,206.89912208774274
26.3,330.16,CC(C)(C)OC(=O)C=CC1=CC=C(C=C1)I,3.8,258.0,16,4,148.39297911873334,217.29477667494893
44.8,420.5,C=C(C1=CC(=C(C=C1)COCCOCC2=CC=CC=C2)F)C(=O)OCC3=CC=CC=C3,4.9,540.0,31,12,234.5935512323333,399.995240707735
113.0,269.32,CCN(CC)CCOC(=O)C=C.OS(=O)(=O)O,,223.0,17,7,118.97179589966667,186.3391026355279
77.1,610.1,CCOC(=O)/C=C/C1=CC=C(C=C1)/C(=C(/C2CCC2)\C3=C(C=C(C=C3)C#N)Cl)/C4=CC5=C(C=C4)N(N=C5F)C6CCCCO6,9.6,1110.0,44,9,403.0394462673333,556.8520474586758
55.8,429.9,CCOC(=O)/C=C/C1CC2=C(C=CC(=C2O1)Cl)C3=CC=C(C=C3)C(=O)N4CC(C4)F,4.4,660.0,30,6,245.664159392,378.0219370047173
57.6,459.5,COC1=CC(=C(C=C1)F)C2=CC=C(C=C2)C3CCC4=C(O3)N=C(C=C4)/C(=C\C(=O)OC)/C5CC5,6.3,732.0,34,7,287.466952065,426.69336329302934
26.3,311.6,CCOC(=O)C(=C(Cl)Cl)C1=C(C=C(C(=C1)C)Cl)F,4.9,342.0,18,4,145.23699287563332,250.67803940965396
46.5,448.18,C=CC(=O)OC(CC(C(C(C(C(C(F)(F)F)(F)F)(F)F)(F)F)(F)F)(F)F)CO,4.9,582.0,28,10,112.44753052356668,281.5432445671518
55.4,281.3,COC(=O)/C=C/C1=CC=CC=C1NC(=O)C2=CC=CC=C2,3.0,386.0,21,5,181.850483851,268.229292036709
45.3,452.5,C[C@@H](CN1C(C2=C(CC1(C)C)C3=CC=CC=C3N2)C4=C(C=C(C=C4)/C=C/C(=O)OC)F)CF,5.8,714.0,33,7,276.54026409266663,417.8892716767293
45.3,456.5,C[C@@H]1CC2=C([C@H](N1C[C@H](C)CF)C3=C(C=C(C=C3F)/C=C/C(=O)OC)F)NC4=CC=CC=C24,5.7,695.0,33,7,269.35042978166666,407.9683652975108
123.0,516.5,CCOC(=O)C=CC1=C2C(=NC(=N1)C3=NN(C4=C3C=CC=N4)CC5=CC=CC=C5F)N(C(=O)C2(C)C)CO,3.4,905.0,38,8,300.85721378266663,452.4911126095296
85.8,514.6,CCOC(=O)/C=C/C1=C(C=CC(=C1)SCC2=CC=CC=C2)NC3=CN=C(C=C3OC)C4=CC(=CC=C4)F,6.8,719.0,37,11,348.09858066600003,477.124393716045
63.6,500.4,CCOC(=O)/C=C/C1=C(C=CC(=C1)SCC2=CC=CC=C2)NC3=CC(=C(C=C3C)Br)F,7.3,586.0,31,9,290.35778091866666,405.20234630177123
72.1,225.17,COC(=O)/C=C/C1=CC(=CC(=C1)F)[N+](=O)[O-],2.1,300.0,16,3,114.04585595516666,186.87768443464057
132.0,507.0,CCOC(=O)/C=C/[C@]12C[C@H]1[C@@](N=C(S2)N)(CF)C3=C(C=CC(=C3)NC(=O)C4=NC=C(C=C4)Cl)F,3.2,864.0,34,8,274.9735044623333,419.97129934815945
130.0,564.5,COC(=O)/C=C/C1=CC2=C(N=C1)N(C(=O)C(=C2NCCO)C(=O)NCC3=C(C=C(C=C3)F)F)OCC4=CC=CC=C4,3.9,988.0,41,12,328.749621789,483.9654979735556
128.0,670.7,COC1=CC(=C(C=C1)CNC2=C(C(=O)N(C3=C2C=C(C=N3)/C=C/C(=O)OC)OCC4=CC=CC=C4)C(=O)NCC5=C(C=C(C=C5)F)F)OC,6.0,1200.0,49,14,397.53098686233335,590.8229624645529
72.1,239.2,CCOC(=O)/C(=C/C1=CC=CC=C1[N+](=O)[O-])/F,2.4,324.0,17,4,123.32075290093331,202.13671646560073
59.7,398.4,CCOC(=O)/C=C/C1=C2N=C(C=CN2N=C1)N3CCCC3C4=C(C=CC(=C4)F)F,3.6,607.0,29,6,241.707572279,351.09114909229027
64.599,405.4,CCOC(=O)/C(=C/C1=CC=CC=C1NC(=O)C2=CC=CC=C2OC3=CC=CC=C3)/F,5.2,602.0,30,8,252.917191684,374.6802209815349
50.1,229.27,CC(C)(C)OC(=O)C(=C)C1=CC=C(C=C1)C#N,3.0,348.0,17,4,134.27601737223333,227.97092533189945
46.5,224.23,CCOC(=O)/C=C/C1=CC(=C(C=C1)CO)F,1.8,253.0,16,5,127.83493743026668,202.80450041335013
52.3,229.63,COC(=O)/C=C/C1=C(C=CC(=C1F)Cl)N,2.2,260.0,15,3,120.9337845855,191.23318766502345
54.5,210.29,CCCCOC(=O)C=CC1=CC=CS1,3.2,202.0,14,6,119.51517445806668,199.17618526842932
128.0,484.5,CC(C)(C)N1C(=O)CC(S1(=O)=O)C2=C(C=C(C=C2)/C=C(/C(=O)OC)\NC(=O)OC(C)(C)C)F,2.7,913.0,33,8,259.4952293793333,413.2063568593428
26.3,244.21,CCOC(=O)/C(=C/C1=CC(=C(C(=C1)F)F)F)/C,3.2,292.0,17,4,124.09113710020002,207.33647351488946
26.3,317.18,C1=CC=C(C=C1)COC(=O)/C=C/C2=CC=C(C=C2)Br,4.4,300.0,19,5,169.12325729166668,247.1706550729013
92.9,317.4,COC(=O)/C(=C/C1=CC=CS1)/NC(=O)OCC2=CC=CC=C2,3.2,418.0,22,7,176.82577307366668,283.13573160187946
26.3,346.4,C=CC(=O)OC1CCC(CC1)C2CCC(=CC2)C3=C(C(=CC=C3)F)F,5.6,508.0,25,5,190.702479509,321.2613554262908
26.3,221.09,CC(C)(C)C(OC(=O)C=C)Br,3.4,158.0,11,4,81.90923088083333,156.2113928713584
55.8,313.3,CCOC(=O)C(=CN(C)C)C(=O)C1=C(C(=C(C=C1)F)OC)F,2.6,439.0,22,7,160.0832022446667,273.8394198873619
58.6,426.5,CCCCCCCNC(=O)N(C)C1=CC=CC(=C1)C2=CC(=C(C=C2)C=CC(=O)OC)F,6.0,583.0,31,11,276.84637168033333,410.92381472824457
46.5,228.19,CCOC(=O)C=CC1=CC(=C(C(=C1)F)O)F,2.4,256.0,16,4,118.47053189286667,192.20881514703208
47.6,301.26,COC(=O)C=C[C@H]1COC[C@H](N1)C2=CC(=C(C(=C2)F)F)F,1.4,382.0,21,4,132.53221285743334,247.13838773087883
77.5,390.4,CC(C)(C)OC(=O)NC(=CC1=CN=C(C=C1)C2=C(C(=CC=C2)F)F)C(=O)OC,3.8,591.0,28,7,238.07121585566665,343.38256223100524
65.2,238.26,CCCCOC(=O)/C=C/C1=C(C=C(C=N1)F)N,1.8,271.0,17,6,135.43345936426667,215.1446263619884
65.2,210.2,CCOC(=O)/C=C/C1=C(C=C(C=N1)F)N,1.0,246.0,15,4,119.98046264146669,184.385145598228
38.3,299.3,CCOC(=O)C(=CC1=CC=C(C=C1)C2=CC(=CC=C2)NC)F,4.5,389.0,22,6,194.25750165366665,284.6574659789703
44.8,254.25,CCOC(=O)C(=CC1=CC=C(C=C1)OCOC)F,2.8,283.0,18,7,145.0008334373333,230.65071405116316
70.3,275.16,COC(=O)C(=C(C1=CC(=C(C(=C1F)F)F)F)O)C#N,2.5,445.0,19,3,115.07729554736666,204.82337359730812
44.1,350.4,CCOC(=O)/C=C/C1=CN(N=C1C2=CC=C(C=C2)F)CC3=CC=CC=C3,4.2,471.0,26,7,216.28127455366663,329.73034135042553
44.1,260.26,CN1C(=C(C=N1)/C=C\C(=O)OC)C2=CC=C(C=C2)F,2.3,340.0,19,4,140.08323834933333,236.68162066324777
72.0,469.5,CCOC(=O)/C=C/C1=CN=C(C=C1)N([C@@H]2CCN(C2)CC3=CC=CC=C3F)C(=O)OC(C)(C)C,4.4,711.0,34,10,277.096570654,437.933285422786
67.4,370.4,CCOC(=O)/C=C/C1=CN=C(C=N1)N[C@@H]2CCN(C2)CC3=CC=C(C=C3)F,2.6,496.0,27,8,228.61065346133333,341.23154421839683
63.2,279.31,CCOC(=O)/C=C/C1=CC(=C(N=C1)N[C@@H]2CCNC2)F,1.7,351.0,20,6,170.80402696529998,250.47561743022356
70.4,394.4,CC1=CN(C=N1)C2=C(C=C(C=C2)/C=C/C(=O)OCC(=O)C3=CC=C(C=C3)F)OC,3.8,591.0,29,8,252.6924205663333,358.16318934448435
68.9,241.24,CCOC(=O)C(=CC1=CC(=CS1)F)N=[N+]=[N-],3.5,342.0,16,5,136.11809272676666,195.8691021273352
26.3,230.18,CCOC(=O)C=CC1=C(C(=CC(=C1)F)F)F,2.9,268.0,16,4,104.46051839486668,192.11364993080173
99.1,364.4,CC(=C)C(=O)OC.C=CC(=O)O.C=CC(=O)OCCOC1=CC=CC=C1,,333.0,26,9,176.040635251,220.05770964571306
84.9,493.3,CCOC(=O)C(=CN[C@H](CO)C(C)(C)C)C(=O)C1=CC(=C(C=C1OC)F)I,4.6,549.0,27,10,210.488679041,343.75108946030286
63.7,263.22,C1CC(=O)N(C1=O)OC(=O)C=CC2=CC=CC=C2F,1.4,405.0,19,4,130.34601963066666,223.31404798919027
78.0,270.3,CCOC=C(C(=O)OC)S(=O)(=O)C1=CC=CC=C1,1.7,399.0,18,6,133.67526891176666,232.9599959669011
96.0,430.5,CCCCOC(=O)C=C.CC(=C)C(=O)OC.C=CC1=CC=CC=C1.C1=CC(=O)OC1=O,,389.0,31,8,220.13962190566667,185.31332944376692
92.7,423.5,CC(=C)C(=O)NCCCCCCCCCCC(=O)O.C=CC(=O)OCC(F)(F)F,,425.0,29,15,181.58938387766668,304.41118004691094
29.5,237.27,CCOC(=O)C(=CN(C)C)C1=CC=C(C=C1)F,2.6,281.0,17,5,132.443263345,225.79852129522143
83.4,493.6,CCOC(=O)/C=C/C1=C(C(=NC=N1)OCC2=NC(=C(C=C2)C3=C(C=CC(=C3)OC)F)CC(C)(C)C)C,5.7,715.0,36,11,294.571490128,462.61676708724775
83.4,497.5,CCOC(=O)/C=C/C1=C(C(=NC=N1)OCC2=NC(=C(C=C2)C3=C(C=CC(=C3)OC)F)CC(C)(C)C)F,5.5,720.0,36,11,294.02172394766666,452.8598937364364
48.4,265.28,CCOC(=O)C=C(C1CC1)C2=CC(=NC=C2F)OC,3.1,355.0,19,6,142.68770433733332,243.6121838939616
73.9,331.14,CCOC(=O)C=CON=C(C1=C(C=C(C=C1)Br)F)N,2.5,363.0,19,6,170.64176628966666,230.05521817524166
136.0,416.5,CCOC(=O)C=C.CC(=C)C(=O)O.CC(=C)C(=O)OC.CC(=C)C(=O)OCCO,,371.0,29,10,381.45823582133335,175.97469283822437
88.4,432.3,CCOC(=O)C(=C(C1=CC(=C(C=C1F)OC)Br)O)C=N[C@H](CO)C(C)C,3.8,526.0,26,9,209.289279819,327.1353027380895
85.2,391.31,CCOC(=O)CCN=CC(=C(C1=CC(=C(C(=C1F)F)F)F)O)C(=O)OCC,2.9,584.0,27,10,183.83303247366663,316.4504359211131
79.1,389.3,CCOC(=O)C(=C(C1=CC(=C(C(=C1F)F)F)F)O)C=NC2(CCCC2)CO,3.1,592.0,27,7,188.2353738803,314.85953162985396
79.1,403.4,CCOC(=O)C(=C(C1=CC(=C(C(=C1F)F)F)F)O)C=NC2(CCC2)C(C)CO,3.6,623.0,28,8,201.987300671,332.4730256909356
70.4,275.63,COC(=O)C(=C(C1=CC(=C(C=C1Cl)F)F)O)C=N,2.8,375.0,18,4,123.3404436716,213.94299620803406
58.9,369.7,COC(=O)C(=C(C1=CC(=C(C=C1Cl)F)F)O)C=NC2=CC=C(C=C2)F,4.6,535.0,25,5,195.66550779166664,299.59211117611943
58.9,383.7,CCOC(=O)C(=C(C1=CC(=C(C=C1Cl)F)F)O)C=NC2=CC=C(C=C2)F,5.0,550.0,26,6,187.101745353,315.19977473686373
79.1,467.25,CCOC(=O)C(=C(C1=CC(=C(C=C1F)F)I)O)C=N[C@H](CO)C(C)C,3.9,513.0,25,8,196.92873245066667,308.6688653051356
71.8,419.2,CCOC(=O)C(=C(C1=CN=C(C(=C1Cl)F)Cl)O)C=NC2=C(C=C(C=C2)F)F,4.9,594.0,27,6,228.6878453733333,327.32001910267763
68.1,361.29,CCOC(=O)C(=C(C1=CC(=C(C(=C1F)OC)F)F)O)C=N[C@@H]2C[C@@H]2F,3.2,556.0,25,7,172.14238359133333,292.8071870035549
88.4,420.4,CCOC(=O)C(=C(C1=CC(=C(C(=C1F)F)F)F)O)C=NN(C)C(=O)OC(C)(C)C,4.0,665.0,29,8,193.154237215,344.4150545777362
79.1,377.33,CCOC(=O)C(=C(C1=CC(=C(C(=C1F)F)F)F)O)C=NC(C)(C)CCO,3.0,553.0,26,8,185.411163271,308.0100232109725
79.2,348.25,CCOC(=O)C(=C(C1=CC(=C(C(=C1F)F)F)F)O)C=NN(C)C=O,2.6,529.0,24,6,178.93824893326666,272.8376509347294
62.1,334.27,CCOC(=O)C(=C(C1=CC(=C(C(=C1F)F)F)F)O)C=NN(C)C,3.4,485.0,23,6,187.8869673637,270.09414059959613
98.2,522.5,CCOC(=O)C(=C(C1=CC(=C(C(=C1F)F)C2(CC2)NC(=O)OCC3=CC=CC=C3)F)O)C=NCCS,4.3,833.0,36,12,271.4739420993333,443.1464463141575
58.9,364.2,CCOC(=O)C(=C(C1=CC(=C(C(=C1F)Cl)F)Cl)O)C=NC2CC2,4.3,511.0,23,6,194.60917329536665,294.3831601360473
82.7,338.28,CCOC(=O)C(=C(C1=CC(=C(C(=C1F)C#N)F)F)O)C=NC2CC2,2.9,595.0,24,6,188.767166556,282.89401478804854
26.3,247.13,C=C(CBr)C(=O)OC1CCCCC1,3.1,195.0,13,4,97.9735405276,177.2191597232927
63.8,340.4,CCOC(=O)/C=C/C1=C(C2=C(CC1)C=C(C=C2)OC)C3=CSC=C3,4.0,511.0,24,6,234.04824763866668,318.6441843141266
52.3,191.23,CCOC(=O)C(=C)C1=CC(=CC=C1)N,2.0,225.0,14,4,106.3253952166,183.57259386527798
95.4,591.4,COC1=C(C=CC(=C1)/C=N/NC(=O)C(OC2=CC=C(C=C2)Cl)OC3=CC=C(C=C3)Cl)OC(=O)/C=C/C4=CC=CC=C4,7.7,843.0,41,12,356.4558816256667,523.0876286759084
43.4,246.3,CC(=O)C1=CC=C(C=C1)C(=C)C(=O)OC(C)(C)C,3.0,341.0,18,5,142.09662294696668,243.20772290813176
26.3,218.29,CC(C)(CCC1=CC=CC=C1)OC(=O)C=C,3.6,237.0,16,6,120.60421265856668,225.047288330781
38.3,191.23,COC(=O)C(=C)CNC1=CC=CC=C1,2.7,207.0,14,5,104.13517591126669,187.70049847377487
44.8,222.24,COC1=CC(=CC(=C1)C(=C)C(=O)OC)OC,2.3,250.0,16,5,119.32440380123334,210.31594773669815
26.3,228.65,CCOC(=O)/C=C/C1=C(C=C(C=C1)Cl)F,3.3,243.0,15,4,126.45407495266666,200.5239355442626
44.8,174.19,CCOC(=O)C(=C)COCOC,0.7,153.0,12,7,76.43117372946666,163.78336361045993
26.3,402.5,C=CC(=O)OC1=CC=C(C=C1)C(=C(C2=CC=CC=C2)C3=CC=CC=C3)C4=CC=CC=C4,8.3,587.0,31,7,294.95088888866667,403.4468134677377
61.6,221.25,CCOC(=O)/C=C(/C1=CC=C(C=C1)OC)\N,2.2,255.0,16,5,131.2268363334,208.28315747949597
26.3,338.09,CCOC(=O)C=CC1=CC(=C(C(=C1)F)I)F,3.4,259.0,16,4,134.22939139333334,196.30106808979795
52.6,320.24,CCOC(=O)/C=C/OCCC(=O)C1=CC(=C(C(=C1F)F)F)F,2.4,416.0,22,8,139.0232529701,256.55509713048264
52.6,412.11,C=C(CBr)C(=O)OCCCCCCOC(=O)C(=C)CBr,3.8,319.0,20,13,147.60193148833332,269.1780557433729
75.6,233.22,COC(=O)C(=C)C1(C2=CC=CC=C2NC1=O)O,1.0,379.0,17,3,115.1645047716333,201.31043070546374
80.8,611.27,C=CC(=O)OCCNCS(=O)(=O)C(C(C(C(C(C(C(C(F)(F)F)(F)F)(F)F)(F)F)(F)F)(F)F)(F)F)(F)F,5.7,952.0,37,14,156.77309794633334,369.4211091036493
66.8,222.24,CCOC(=O)C(=C)C(C1=CC=C(C=C1)O)O,1.5,254.0,16,5,110.12138019536668,202.59211204087177
48.1,254.32,C=CC(=O)OCC1CCC(CC1)COCC2CO2,2.0,282.0,18,8,123.024143368,242.1900353686212
59.3,231.25,CCOC(=O)/C=C/C1=C(C=C(C=C1)OC)C#N,2.3,329.0,17,5,144.737870438,220.71621812296786
26.3,256.7,CC(C)(C)OC(=O)C(=C)C1=CC(=CC(=C1)Cl)F,4.1,309.0,17,4,126.13745524536668,231.37958971695198
55.4,255.22,CC(=O)N/C(=C\C1=C(C=CC(=C1)F)F)/C(=O)OC,1.8,357.0,18,4,133.51943367246668,216.26684690900058
80.8,345.4,CCOC(=O)/C=C/C1=CC=CC=C1NS(=O)(=O)C2=CC=C(C=C2)C,3.4,530.0,24,7,221.328808285,309.5038201088366
80.7,246.21,COC(=O)C(=C)C1(C(=O)C2=CC=CC=C2C1=O)O,1.7,413.0,18,3,124.388553481,210.23826370460336
94.0,314.4,CCOC(=O)C(=C(SC)SC)C(=O)C1=CC=C(C=C1)F,3.6,382.0,20,7,161.01827748999995,271.819007330317
47.6,315.3,CCOC(=O)/C(=C/NC1=CC=C(C=C1)F)/C2=CC=C(C=C2)OC,4.5,397.0,23,7,204.11563351766665,291.90242536092626
46.6,329.31,CCN(CC)C=C(C(=O)C1=CC(=C(C=C1F)F)F)C(=O)OCC,3.4,452.0,23,8,163.89409076733332,286.73296551350404
59.3,381.4,CCCCCCCOC1=CC=C(C=C1)/C=C/C(=O)OC2=CC(=C(C=C2)C#N)F,6.4,533.0,28,11,256.357368066,366.43758591992565
47.6,315.3,CCOC(=O)/C(=C/NC1=CC=CC=C1F)/C2=CC=C(C=C2)OC,4.5,405.0,23,7,205.06655711866665,292.46533261286913
35.5,338.7,CCOC(=O)/C(=C\OC1=CC(=CC(=C1)F)F)/C2=CC=C(C=C2)Cl,4.7,412.0,23,6,189.49723402266667,290.6322345988601
35.5,338.7,CCOC(=O)/C(=C\OC1=C(C=C(C=C1)F)F)/C2=CC=C(C=C2)Cl,4.7,422.0,23,6,192.058533343,290.4943883044508
55.4,347.13,CCOC(=O)C(=C(C(F)(F)F)C(F)(F)F)NC(=O)C(F)(F)F,3.5,456.0,22,4,93.24994961063334,222.15108972773373
92.4,355.4,CC1=CC(=C(C=C1)C(C)C)OC(=O)C(=C)C(C2=CC(=CC=C2)[N+](=O)[O-])O,4.4,527.0,26,6,190.1792249483333,325.93843204286003
71.1,356.3,CC1=CC(=C(C(=C1)C)OC(=O)C(=C)COCCP(=O)(OC)OC)C,2.3,458.0,24,10,179.5502213446667,321.407018338287
79.2,390.8,CCOC(=O)/C(=C(/C1=CC=C(C=C1)Cl)\NC(=O)C2=C(C=CC=C2F)F)/C#N,4.5,628.0,27,6,205.0322287846667,330.7611041467873
100.0,427.5,CCOC(=O)/C=C/C1=C(N(C2=CC=CC=C21)S(=O)(=O)C3=CC=CC=C3)CC(=O)OC,3.7,737.0,30,9,259.209792177,375.78328797523994
79.2,372.8,CCOC(=O)/C(=C(/C1=CC=C(C=C1)F)\NC(=O)C2=CC=C(C=C2)Cl)/C#N,4.4,597.0,26,6,210.193963547,324.6600916933155
77.2,456.3,CC(C)(C)OC(=O)C(=CC1=CC=CO1)NC2=NC=C(N=C2CC3=CC=CC=C3)Br,5.2,572.0,29,8,246.721208333,366.11747271485046
31.2,359.3,COC(=O)/C=C/C1=CC2=C(C=C1)N(C=C2)CC3=CC=C(C=C3)C(F)(F)F,4.8,512.0,26,5,205.99937316966663,316.60405888923583
46.5,328.4,CC1=CC(=C(C=C1)C(C)C)OC(=O)C(=C)C(C2=CC=C(C=C2)F)O,4.7,440.0,24,6,175.9975175506667,310.76565685511207
29.5,429.5,C1CN(CCC1C2=CC=CC=C2)CC(C3=CC=CC=C3)OC(=O)/C=C/C4=CC=C(C=C4)F,6.1,580.0,32,8,258.0453331416668,416.42210556548713
60.8,478.5,CCOC1=C(N(C(=C1C)C(=O)C(F)(F)F)C=C)CCN(CC2=CC=CC=C2)C=CC(=O)OCC,5.5,707.0,34,13,251.606459641,432.64541774530215
60.8,450.4,COCC1=C(N(C(=C1)C(=O)C(F)(F)F)C=C)CCN(CC2=CC=CC=C2)C=CC(=O)OC,4.1,662.0,32,12,223.403302366,400.7595350830741
45.1,523.5,C=CC(=O)OC1CCN(CC1)C2=C(C(=C(C(=C2F)F)C3=NN(C(C3)C4=CC=CC=C4)C5=CC=CC=C5)F)F,6.6,839.0,38,7,355.62359652333333,458.15908107528975
51.5,358.35,CCOC(=O)/C=C/N(C)CN1C(=CC(=C1/C=C/C)C)C(=O)C(F)(F)F,3.9,532.0,25,8,191.446845032,315.9336877725036
43.4,370.5,C[C@H]1CC[C@H](CC2=C(C(=O)C([C@@H]12)CC3=CC=C(C=C3)F)C)C(=C)C(=O)OC,4.8,642.0,27,5,196.087501909,351.05170375538063
43.4,420.5,C[C@H]1CC[C@H](CC2=C(C(=O)C([C@@H]12)CC3=CC(=CC=C3)C(F)(F)F)C)C(=C)C(=O)OC,5.6,737.0,30,5,206.3738512513333,376.4341485677982
43.4,420.5,C[C@H]1CC[C@H](CC2=C(C(=O)C([C@@H]12)CC3=CC=CC=C3C(F)(F)F)C)C(=C)C(=O)OC,5.6,737.0,30,5,214.16745885500004,376.6308869308176
43.4,404.9,C[C@H]1CC[C@H](CC2=C(C(=O)C([C@@H]12)CC3=CC(=C(C=C3)F)Cl)C)C(=C)C(=O)OC,5.4,685.0,28,5,200.851160668,368.30004955256885
43.4,449.4,C[C@H]1CC[C@H](CC2=C(C(=O)C([C@@H]12)CC3=C(C=CC(=C3)F)Br)C)C(=C)C(=O)OC,5.5,685.0,28,5,211.02559422266663,358.82838282553246
72.1,383.4,CCOC(=O)/C=C/[C@]1(CC(=C)[C@@H]([C@@H]1C2=CC=C(C=C2)C)C(F)(F)F)[N+](=O)[O-],4.3,617.0,27,5,185.32468534766667,325.9601223544519
123.0,534.5,CC(C)(C)OC(=O)C(=CC1=CC=CO1)NC2=NC=C(N=C2CC3=CC=CC=C3F)C4=C(C(=CC=C4)[N+](=O)[O-])F,5.9,879.0,39,9,340.7720230723333,464.0897249970843
86.5,451.5,C[C@H]1CC[C@H](CC2=C(C(=O)C[C@@H]12)C)C(=C)C(=O)OCC3=CC(=NO3)C(=O)C4=CC=C(C=C4)F,4.5,844.0,33,7,241.20966512133336,404.54292046586875
234.0,638.6,C[C@@H]1[C@H]([C@@H]([C@@H]([C@H](O1)O[C@H]2[C@@H]([C@H](O[C@H]([C@@H]2OC(=O)/C=C/C3=CC(=C(C=C3)O)O)CO)OCCC4=CC(=C(C=C4)OC)O)O)O)O)O,-0.2,952.0,45,12,317.597778999,517.6351448325775
85.8,518.6,CCOC(=O)/C=C/C1=C(C2=CC=CC=C2N1C)C(=CNS(=O)(=O)C3=CC=C(C=C3)C)C4=CC=C(C=C4)F,6.0,930.0,37,9,356.2443758576667,466.1406011870306
85.8,518.6,CCOC(=O)/C=C/C1=C(C2=CC=CC=C2N1C)C(=CNS(=O)(=O)C3=CC=C(C=C3)C)C4=CC(=CC=C4)F,6.0,938.0,37,9,355.4612565966666,466.25672450022273
29.5,514.0,C1CN(CCC1C2=CC=CC=C2)CC(C3=CC=C(C=C3)Cl)OC(=O)/C=C/C4=CC=C(C=C4)C(F)(F)F,7.5,700.0,36,8,277.11461675233335,460.5363967528848
52.6,564.4,CCC[C@@]12CCC=C[C@@]1(OC(=O)C2)/C=C/C(=O)OCC(C(C(C(C(C(F)F)(F)F)(F)F)(F)F)(F)F)(F)F,6.8,946.0,37,12,192.3605403303333,402.66286076614534
158.0,420.5,CCOC(=O)/C(=C(\NC1=NC(=C(S1)C(=O)NC2=CC=C(C=C2)F)C)/SC)/C#N,4.5,659.0,28,8,258.88565026733335,353.34810483289255
26.3,227.05,C=CC(=O)OC1=CC=C(C=C1)Br,3.0,171.0,12,3,94.92757695743336,154.4176032407504
26.3,464.8,CCCCCCCCCCCCCCCCCCCCCCCCCCCCOC(=O)C=C,14.8,390.0,33,29,263.91959709633335,510.297038093229
26.3,240.38,CCCCCCCCCC(C)COC(=O)C=C,6.2,199.0,17,12,131.24519988666668,258.2847454059012
26.3,240.38,CCCCCCC(CCCC)COC(=O)C=C,6.0,199.0,17,12,128.85046171133334,257.89439448651495
26.3,226.35,CCCCCCCCC(C)COC(=O)C=C,5.6,187.0,16,11,118.52148249133332,241.96078245276988
26.3,549.0,CCCCCCCCCCCCCCCCCCCCCCCCCCCCCCCCCCOC(=O)C=C,18.1,472.0,39,35,314.2889511133333,604.0294786019873
26.3,282.5,CCCCCCCCCCCCC(C)COC(=O)C=C,7.8,236.0,20,15,155.685234025,304.37572618588644
83.1,355.4,CC(C)(C)OC(=O)N/C(=C\C1=CC(=C(C=C1F)OC)OC)/C(=O)OC,3.0,502.0,25,8,195.68740770166664,315.914436793792
26.3,210.65,CCOC(=O)C(=C)C1=CC(=CC=C1)Cl,3.3,225.0,14,4,108.40132990106667,195.0437576920536
26.3,180.17,COC(=O)C(=C)C1=CC(=CC=C1)F,2.4,213.0,13,3,90.93290699073334,166.46436947786142
26.3,226.35,CC(C)CCCCCCCCOC(=O)C=C,5.9,185.0,16,11,118.46752677193336,241.84020458555344
61.8,264.25,CCOP(=O)(C(=C)C(=O)OC(C)(C)C)OCC,1.7,319.0,17,8,120.869050722,237.0677740982097
67.4,365.2,COC(=O)/C(=C\NC1=CC=CC=C1)/NC(=O)C2=C(C=C(C=C2)Cl)Cl,4.8,479.0,24,6,227.4106865553333,312.7797397694852
39.4,180.2,CCCOC(=O)/C=C/C1=COC=C1,2.2,187.0,13,5,98.37295148476666,173.2702927966086
102.0,380.4,C=CC(=O)OCCOCCOCCOCCOCCOCCOCCO,-0.9,313.0,26,22,163.71351569033334,343.3806956242897
26.3,214.62,COC(=O)C(=C)C1=CC(=C(C=C1)Cl)F,3.1,242.0,14,3,103.19685908836668,184.2860733999833
26.3,224.34,CCCCCCCCCC=COC(=O)C=C,5.7,207.0,16,11,123.66376207743332,240.213866936145
92.0,379.3,CC1=CC=CN2C1=NC(=C(C2=O)/C=C(\C#N)/C(=O)OC)OC3=CC=C(C=C3)F,2.6,896.0,28,5,234.3119992006667,329.50093311921916
109.0,340.3,CC(C)COC(=O)/C(=C/C1=CC=C(O1)C2=CC(=CC=C2)[N+](=O)[O-])/C#N,4.1,572.0,25,6,218.17996900966668,304.1709052751014
83.8,362.4,C1C(CN1C2=NC3=C(C=C(C=C3S2)F)F)OC(=O)/C=C/C4=CC=CO4,4.0,532.0,25,5,200.69379724066667,297.804404638143
46.5,332.5,CC(C)(C)C1=CC(=CC(=C1O)C(C)(C)C)CCCCOC(=O)C=C,6.4,390.0,24,9,187.43806949133327,338.18510436570335
52.6,292.4,CC(=O)OCC1(CCC2C1C3CCC2C3)COC(=O)C=C,3.6,458.0,21,7,142.81009438766668,273.01671192931144
61.8,391.19,CCOC(=O)/C(=C\C1=CC(=CC=C1)Br)/P(=O)(OCC)OCC,3.3,428.0,22,9,183.9864950633333,289.9698381458696
63.2,335.28,CCOC(=O)/C(=C/C1=CC=C(O1)C2=CC(=CC=C2)C(F)(F)F)/C#N,4.1,535.0,24,5,193.2955149006667,284.14154065649706
63.2,321.25,COC(=O)/C(=C/C1=CC=C(O1)C2=CC(=CC=C2)C(F)(F)F)/C#N,4.2,520.0,23,4,185.8469194698,268.4134028405746
55.4,199.25,CC(=O)NCCCCCOC(=O)C=C,1.5,202.0,14,8,95.30766774593332,193.13133259044005
26.3,154.21,COC(=O)C(=C)C1CCCC1,2.7,166.0,11,3,77.36442867023334,153.69749133821935
93.2,373.4,COC1=C(C=CC(=C1)C(=S)N2CCOCC2)OC(=O)/C=C/C3=CC=CO3,2.5,520.0,26,6,230.742855405,331.8842285866116
91.3,284.26,COCCOCCOC(=O)/C=C/C1=CC(=O)C(=CO1)O,0.0,434.0,20,9,145.01546976866666,243.56201535886848
72.8,224.21,CC(C)OC(=O)/C=C/C1=CC(=O)C(=CO1)O,1.1,387.0,16,4,122.42959259516664,196.0261189227285
99.0,397.4,COC1=CC(=CC(=C1OC)OC)/C=C\C(=O)OCN2C(=O)C3=CC=CC=C3N=N2,3.6,626.0,29,8,233.7152671513333,348.61015147685947
136.0,346.29,CC1=NC=C(N1CCOC(=O)/C=C/C2=CC=CC=C2[N+](=O)[O-])[N+](=O)[O-],2.2,529.0,25,6,175.7097125836667,288.42326060023254
89.9,319.29,CC1=NC=C(N1CCOC(=O)/C=C/C2=CC=CC=C2F)[N+](=O)[O-],2.5,455.0,23,6,166.29089081086667,274.15522344055086
89.9,335.74,CC1=NC=C(N1CCOC(=O)/C=C/C2=CC=CC=C2Cl)[N+](=O)[O-],3.0,455.0,23,6,170.91422932733337,286.41921299321405
99.2,331.32,CC1=NC=C(N1CCOC(=O)/C=C/C2=CC=CC=C2OC)[N+](=O)[O-],2.4,465.0,24,7,181.152890092,293.41138663379616
39.4,270.32,CC(C)(C)C1=CC=C(C=C1)OC(=O)/C=C/C2=CC=CO2,4.5,346.0,20,5,180.5880658411,265.07793486900687
46.6,334.2,CCOC(=O)/C(=C/N(C)C)/C(=O)C1=CC(=C(C=C1Cl)Cl)F,3.8,428.0,21,6,167.3069080145,280.21678711785
55.8,222.24,CCCOC(=O)C(=COC1=CC=CC=C1)O,2.6,241.0,16,6,125.07945483983332,206.47799620458443
52.6,256.339,CCCCCCCCOC(=O)CCOC(=O)C=C,3.9,248.0,18,13,126.18355044633336,254.64886434813195
61.8,362.4,CCOC(=O)/C(=C\C1=CC2=CC=CC=C2C=C1)/P(=O)(OCC)OCC,3.9,506.0,25,9,214.4293299346667,329.1768630912423
35.5,339.1,CCOC(=O)/C=C/C1=CC(=CC(=C1)Br)OC(F)(F)F,4.4,331.0,19,5,135.89874255513334,225.45149006274
46.5,256.38,C=CC(=O)OCCCCCCCCCCCCO,5.1,202.0,18,14,128.86247821033336,262.9550511467106
72.5,311.3,CCOC(=O)/C(=C/C1=CC=C(O1)C2=C(C=CC(=C2)C)OC)/C#N,3.6,493.0,23,6,215.57753569666667,292.66769265820085
63.2,321.25,COC(=O)/C(=C/C1=CC=C(O1)C2=CC=CC=C2C(F)(F)F)/C#N,3.8,520.0,23,4,196.38152456836664,268.1822803015958
35.5,260.209,CCOC(=O)C=CC1=CC(=CC=C1)OC(F)(F)F,3.7,299.0,18,5,118.29401803406668,216.72318487942732
26.3,312.21,CCOC(=O)C=CC1=CC(=CC(=C1)C(F)(F)F)C(F)(F)F,4.8,363.0,21,4,121.81662013856663,239.48677493306724
39.2,231.17,COC(=O)C(=C)C1=CN=C(C=C1)C(F)(F)F,2.2,288.0,16,3,97.31815192183336,187.45100932859782
26.3,188.65,C=CC(=O)OC1CCCCC1Cl,2.6,179.0,12,3,85.34048263406665,171.13193236836895
39.2,245.2,CCOC(=O)/C=C/C1=CC(=NC=C1)C(F)(F)F,2.4,289.0,17,4,114.46375408556666,203.57226569905322
35.5,144.17,CCOC(C)OC(=O)C=C,1.5,120.0,10,5,65.50519805083333,140.57803485422207
44.8,256.2,CCOC(=O)C=CC1=CC2=C(C=C1)OC(O2)(F)F,3.5,343.0,18,4,128.7908832628,210.8581560709961
46.6,315.29,CCOC(=O)C(=CN(C)C)C(=O)C1=CC=C(C=C1)C(F)(F)F,3.3,436.0,22,6,149.00104983133335,271.09579999728334
52.3,313.2,COC(=O)/C=C/C1=C(C=C(C=C1N)C(F)(F)F)C(F)(F)F,3.3,404.0,21,3,127.9110905531,229.5678242014106
35.5,252.23,CCOC(=O)C(=C)COC(CC=C)C(F)(F)F,3.0,284.0,17,8,99.47242893513334,216.5881450259945
87.3,354.3,CCOC1=C(C=CC(=C1)/C=C/C(=O)OC)OS(=O)(=O)C(F)(F)F,3.3,523.0,23,7,166.35711987866668,272.48738836750726
43.6,284.23,CCOC(=O)/C=C/C1=CC2=NC(=CN2C=C1)C(F)(F)F,3.3,384.0,20,4,154.7583826855,234.51860600403188
35.5,360.4,CC(C)C(OCC12CC3CC(C1)CC(C3)C2)OC(=O)C(=C)C(F)(F)F,5.9,497.0,25,7,159.60160710666665,313.65416733298656
35.5,378.4,CC(C)(C)OC(=O)/C=C/C1=C(C=C(C=C1)C(F)(F)F)OCC2=CC=CC=C2,5.5,502.0,27,7,204.375866095,341.46119589577665
78.0,288.24,COC(=O)/C=C(/C1CCC1)\OS(=O)(=O)C(F)(F)F,2.2,442.0,18,5,106.05245899566668,209.9222730482143
43.4,236.24,CCOC(=O)/C(=C/C1=CC(=CC=C1)F)/C(=O)C,2.5,323.0,17,5,130.852858755,216.67611399141904
74.8,302.27,COC(=O)C=CC1=C(C2=C(S1)C=CC(=C2)C(F)(F)F)O,3.8,397.0,20,3,148.15452277253334,235.11591551266335
46.6,247.24,CN(C)/C=C(/C(=O)C1CC(C1)(F)F)\C(=O)OC,1.5,356.0,17,5,113.08490821563332,212.6737499775362
42.4,314.3,COC(=O)/C=C/C1=C(N=C(C=C1)C(F)(F)F)N2CCCCC2,3.4,406.0,22,4,162.60839784733335,268.32049453386367
46.6,313.27,CCOC(=O)/C=C/C1=CC2=C(C=C1)C(=O)N(C2)CC(F)(F)F,2.7,461.0,22,5,162.49983698383335,262.14586088613834
39.2,355.7,CCOC(=O)/C=C/C1=C(N=C(C=C1)C2=CC(=CC=C2)C(F)(F)F)Cl,5.0,456.0,24,5,203.42384255533327,298.3180461408202
93.0,309.25,CC1=NN(N=N1)CC2=C(C=CC(=C2)OC(F)F)C=CC(=O)[O-],3.6,405.0,22,5,226.17929504466667,250.59638110526674
134.0,374.3,COC(=O)[C@H](CC1=CC(=C(C=C1)O)O)OC(=O)/C=C/C2=CC(=C(C=C2)O)O,2.7,534.0,27,8,204.36763492766667,316.4900699819374
77.2,341.28,CC(C)OC(=O)/C=C\N1C=NC(=N1)C2=CC(=CC(=C2)O)C(F)(F)F,3.1,471.0,24,5,169.01221645233332,278.66818701771956
53.4,430.8,CCCCOC1=NN(C(=C1)/C=C/C(=O)OCC)CC2=C(C=C(C=C2)C(F)(F)F)Cl,5.6,548.0,29,10,214.855488639,368.60422798226676
44.1,414.8,CCOC(=O)/C=C/C1=CC(=NN1CC2=C(C=C(C=C2)C(F)(F)F)Cl)C(C)(C)C,5.7,563.0,28,7,212.48979448500003,358.4881325449227
90.5,437.4,CCOC(=O)/C(=C/C1CCN(CC1)S(=O)(=O)C2=CC=C(C=C2)OC(F)(F)F)/OC,3.7,673.0,29,8,201.034397839,352.0346920469687
69.9,340.3,CCOC(=O)/C=C/C1=C(C=C(C=C1)C(F)(F)F)CN2N=C(N=N2)C,3.6,459.0,24,6,166.04065677666665,282.5618313664352
81.0,430.3,CCOC(=O)C(=C(C1=CC(=C(C(=C1F)OC(F)F)F)F)O)C=NCC2=CC=CC=N2,4.2,634.0,30,9,201.611288468,342.889903392507
77.2,474.3,CC(C)(C)OC(=O)/C(=C\C1=CC=CO1)/NC2=NC=C(N=C2CC3=CC=CC=C3F)Br,5.3,613.0,30,8,266.45523354133337,371.7734636717341
77.1,478.6,COC1=C(C=C(C=C1)/C=C(/C(=O)OCC2CCCN3C2CCCC3)\NC(=O)C4=CC=CC=C4)OC,4.9,735.0,35,9,291.94231605600004,449.49635052755804
107.0,456.8,CCOC(=O)C(C)(C)OC(=O)C=CC1=C(C=NN1C2=C(C=C(C=N2)C(F)(F)F)Cl)C#N,3.6,752.0,31,8,221.4155732523333,369.3338202604676
207.0,774.7,CC(=O)NC(=CC1=C(C=C(C=C1)C#N)OC[C@@H](CCC(=O)OCC2=CC=CC=C2)NC(=O)C3=CC=CC(=C3)C4=CC=C(C=C4)N)C(=O)OC.C(=O)(C(F)(F)F)O,,1270.0,56,16,423.27446002133337,621.6420615811784
93.2,397.74,CC(=NOC(=O)C=CC1=C(C=NN1C2=C(C=C(C=N2)C(F)(F)F)Cl)C#N)C,2.9,656.0,27,5,202.2888075783333,318.9805050585343
66.9,445.8,CCOC(=O)/C=C/C1=C(C=C(C=C1)OCCOC)OC2=C(C=C(C=N2)C(F)(F)F)Cl,4.7,563.0,30,10,233.4037426943333,369.35423637288784
56.8,443.8,CCOC(=O)/C=C/C1=C(C=C(C=C1)OCCOC)NC2=C(C=C(C=C2)C(F)(F)F)Cl,5.4,561.0,30,10,243.1553647503333,376.41575161107875
76.1,517.9,CCOC(=O)/C=C/C1=C(C=C(C=C1)OC(C)(C)CCOCOC)OC2=C(C=C(C=N2)C(F)(F)F)Cl,5.6,678.0,35,13,270.383034794,441.0008038691489
91.7,444.8,CC(C)(CCO)OC1=CC(=C(C=C1)/C=C/C(=O)[O-])OC2=C(C=C(C=N2)C(F)(F)F)Cl,5.1,596.0,30,7,423.3186971863333,361.74839121778484
76.1,489.9,CCOC(=O)/C=C/C1=C(C=C(C=C1)OCCOCCOC)OC2=C(C=C(C=N2)C(F)(F)F)Cl,4.5,609.0,33,13,248.01877628699995,410.09550179291284
81.4,454.8,CCOC(=O)/C=C/C1=C(C=C(C=C1)OCCCC#N)OC2=C(C=C(C=N2)C(F)(F)F)Cl,4.9,652.0,31,10,238.674980643,381.2034038455741
77.4,708.7,CC1=C2C(=CC=C1)C=C(C(=N2)C3=C(C=CC(=C3)C(C)C)OC)CN(CC4=CC(=CC(=C4)C(F)(F)F)C(F)(F)F)C5=NC=C(C=N5)C=CC(=O)OC,9.1,1120.0,51,11,394.7859980323333,616.125448863091
52.8,430.3,COC(=O)/C=C/C1=C2C=CC(=CN2C(=N1)C(F)(F)F)C3=CC=C(C=C3)OC(F)(F)F,5.9,631.0,30,5,229.6486216181,334.42616819604154
66.2,417.4,CCOC(=O)/C(=C/C1=CC=C(C=C1)C2=NN(C=N2)C3=CC=C(C=C3)OC(F)(F)F)/C,5.5,598.0,30,7,266.94181114466664,359.8263966826015
76.7,503.9,COC(=O)/C=C/C1=C(C=C(C=C1)OCC2=C(SN=C2C3=CC=C(C=C3)Cl)C(F)(F)F)C(F)F,6.6,675.0,33,8,246.54484450266668,397.7848292941147
42.1,201.22,COC(=O)/C=C/C1=CC2=CC=CC=C2N1,2.4,262.0,15,3,142.2571690465333,190.0886304420129
110.0,426.5,CCCCOC1=CC=C(C=C1)C(=O)N/C(=C\C2=CC(=CC=C2)[N+](=O)[O-])/C(=O)OCCC,5.2,622.0,31,11,258.719929907,390.30383032230026
35.5,164.16,C=CC(=O)OOC1=CC=CC=C1,2.6,159.0,12,4,83.7288644314,154.65988154997402
46.5,178.18,C=CC(=O)OCC1=CC=CC=C1O,1.3,189.0,13,4,88.27805383676667,166.8427640419805
26.3,236.26,C=CC(=O)OC1=CC=CC2=C1CC3=CC=CC=C32,4.2,336.0,18,3,149.97246093373334,228.79871831520887
63.6,282.29,C=CC(=O)OC1=CC=CC=C1C(=O)C(C2=CC=CC=C2)O,3.0,384.0,21,6,154.77189503399998,262.85638943590567
46.5,204.22,C=CC(=O)OC/C=C/C1=CC=C(C=C1)O,2.5,237.0,15,5,119.08873186876669,195.76670968368245
69.7,168.1,C=CC(=O)OOC(=O)C1=CC1=O,0.8,299.0,12,5,72.42611795363332,139.85020087309857
82.1,227.17,C=CC(=O)ON(OC(=O)C=C)OC(=O)C=C,2.3,283.0,16,9,97.7530971428,195.36593557964363
95.1,204.16,C=CC(=O)OOC(=O)C1=CS1(=O)=O,0.1,395.0,13,5,84.43400590823333,150.39841006874937
63.2,191.18,CC1=C(OC=C1)/C=C(\C#N)/C(=O)OC,1.6,300.0,14,3,113.31575750296668,176.5945669554997
80.4,117.1,C=CC(=O)O.C(=O)N,,68.2,8,1,43.90132139253333,69.71724102209755
29.5,155.19,C=CC(=O)ON1CCCCC1,1.8,150.0,11,3,75.3124134353,149.7663578963691
26.3,324.4,C=CC(=O)OC1=C(C2=CC=CC=C2C=C1)C3=CC=CC4=CC=CC=C43,6.4,485.0,25,4,221.044514355,316.91733292257777
54.5,154.19,C=CC(=O)OC1=CC=CS1,2.3,145.0,10,3,79.92914370919999,136.69267563549167
46.5,164.16,C=CC(=O)OC1=CC=CC(=C1)O,2.0,177.0,12,3,83.51335618613334,151.01467962458727
89.0,292.39,C=CC(=O)OCCCCCCCCCCS(=O)(=O)O,3.2,343.0,19,13,129.46371167166666,261.0053156628406
89.0,264.34,C=CC(=O)OCCCCCCCCS(=O)(=O)O,2.1,315.0,17,11,115.65319013586668,229.6959504200785
79.1,349.28,CCOC(=O)C(=C(C1=CC(=C(C(=C1F)F)F)F)O)C=N[C@@H](C)CO,2.5,500.0,24,7,171.69998791033333,277.57185106571393
69.4,141.12,C=CC(=O)OC(=C)C(=O)N,0.3,195.0,10,4,62.2036415112,124.3357221865004
72.1,207.18,C=CC(=O)OC(C1=CC=CC=C1)[N+](=O)[O-],2.3,253.0,15,4,101.1821181305,182.03756945202923
43.4,142.15,CCCC(=O)OC(=O)C=C,1.3,149.0,10,5,64.56314092916666,135.4929962635431
42.1,187.19,C=CC(=O)OC1=CC2=CC=CC=C2N1,2.7,239.0,14,3,112.89129075313332,174.50324364086083
26.3,204.26,CCCCC1=CC=CC=C1OC(=O)C=C,3.7,211.0,15,6,116.0831980903,208.63327972653462
26.3,112.13,CC=COC(=O)C=C,1.4,114.0,8,3,55.483662462333335,114.24624411164845
26.3,210.31,CC1CCC(CC1)(C(C)C)OC(=O)C=C,3.9,235.0,15,4,111.54769009376666,216.32552469612165
72.1,159.14,C=CC(=O)OCCC[N+](=O)[O-],1.3,161.0,11,5,63.7408907164,136.59207002404492
43.4,114.1,C=CC(=O)OCC=O,0.2,106.0,8,4,47.49013589326666,103.9331786936343
26.3,126.15,CCC=COC(=O)C=C,1.9,125.0,9,4,67.04119885523333,129.8380005595372
27.3,146.18,CCCCOC(=O)C=C.O,,97.1,10,5,66.12732444586668,131.96182109800733
85.5,347.4,CCOC(CN/C=C(/C1=NC2=CC=CC=C2N1)\C(=O)OCC)OCC,3.1,438.0,25,11,203.910637037,321.11466291661173
87.2,351.4,CCOC(=O)/C(=C\NCC(C1=CC=CC=C1)O)/C2=NC3=CC=CC=C3N2,3.3,491.0,26,8,224.63431119703333,322.6934298068138
87.2,289.33,CCOC(=O)/C(=C\NC[C@@H](C)O)/C1=NC2=CC=CC=C2N1,2.2,386.0,21,7,176.37816226903337,262.5437605182502
50.1,123.11,C=CC(=O)OC(=C)C#N,1.1,196.0,9,3,58.96653194816667,117.97149957009074
35.5,160.21,CCOCC.COC(=O)C=C,,77.1,11,4,73.03964027833334,102.80294008263469
55.8,160.17,CC(O)OC(C)OC(=O)C=C,0.9,143.0,11,5,66.13454922756667,145.39956820401864
26.3,188.24,CCCCCCCOC(=O)C(=C)F,3.9,166.0,13,8,87.70200516433334,184.00791732170543
26.3,202.23,CC(C)P(/C=C/C(=O)OC)C(C)C,1.5,177.0,13,5,113.46010167373332,199.67962618039675
55.4,143.14,CC(=O)NCOC(=O)C=C,0.1,153.0,10,4,60.84310412530001,129.73760549918572
26.3,190.24,CC1=C(C(=C(C=C1)OC(=O)C=C)C)C,3.4,222.0,14,3,109.96123056186669,192.68648895559673
67.8,257.41,CCCCCCCCCCCC[NH3+].C=CC(=O)[O-],,132.0,18,10,135.33046838933333,216.12634666728485
46.5,200.27,CCCCCCC(COC(=O)C=C)O,3.0,166.0,14,9,96.46322021456666,200.1785310020652
26.3,148.59,CC(COC(=O)C=C)Cl,1.6,112.0,9,4,60.80184341376667,134.17919356922798
26.3,190.24,COC(=O)C=C.C=CC1=CC=CC=C1,,134.0,14,3,112.504902241,130.67851044892262
26.3,212.33,CCCCCC(CC)(CC)OC(=O)C=C,4.7,193.0,15,9,111.45515090123337,226.6688841054946
43.4,156.18,CCCCC(=O)OC(=O)C=C,1.9,161.0,11,6,72.78493216203333,151.4648857659912
55.4,261.25,CC(=O)N/C(=C\C1=CC=C(C=C1)F)/C(=O)OCC#C,1.8,414.0,19,5,145.408212152,239.62388407406442
124.0,464.5,CCCCOC1=CC=C(C=C1)C(=O)N/C(=C\C2=CC(=CC=C2)[N+](=O)[O-])/C(=O)OCC3=CC=CO3,4.9,713.0,34,11,276.00279279666665,415.04153515742166
44.1,166.18,CC1=NN(C=C1OC(=O)C=C)C,1.0,194.0,12,3,82.4359258544,155.55380207037638
39.2,163.17,C=CC(=O)OCC1=CC=NC=C1,1.1,162.0,12,4,79.64298714423335,157.20360242542918
86.5,248.19,COC(=O)C(=CC1=CC(=CC=C1)[N+](=O)[O-])N=[N+]=[N-],3.2,409.0,18,4,140.87005826846666,204.59595425403313
26.3,271.93,C=CC(=O)OCCC(Br)Br,3.1,123.0,10,5,73.2275728097,133.5462036276738
26.3,273.1,CCOC(=O)C=CC1=CC(=C(C=C1)F)Br,3.4,243.0,15,4,124.46973421123332,190.7658854538325
48.2,113.11,C=CC(=O)OC1CN1,0.2,122.0,8,3,49.76380901923333,104.64480043983377
26.3,148.59,CC(C)OC(=O)C(=C)Cl,2.7,129.0,9,3,62.84186408123333,134.3428885749093
26.3,154.21,C/C=C/CCCOC(=O)C=C,2.4,148.0,11,6,80.45417325493334,161.78058087315236
69.4,157.17,COC(=O)C=C.C=CC(=O)N,,124.0,11,3,65.53719278233332,95.76113304427251
26.3,180.24,COC(=O)C=C.C1CC2CC1C=C2,,157.0,13,2,96.77350818963332,126.78093056477977
26.3,128.169,CC=C.COC(=O)C=C,,73.5,9,2,62.98521846353333,93.56333173746609
166.0,432.4,C=CC(=O)OOC(=O)CCCCCCCCC(=O)OOC(=O)C(=C)C(C(CO)O)O,2.0,599.0,30,20,187.952003535,368.94869082811476
94.8,179.2,CCOC(=O)C(=C)S(=O)(=O)N,-0.2,261.0,11,4,73.5262258087,137.28776853559495
26.3,210.31,CCCCC1CCC(CC1)OC(=O)C=C,4.4,203.0,15,6,111.89979516576666,215.96365831768384
51.0,252.27,C=CC(=O)OC1=CC=C(C=C1)N=NC2=CC=CC=C2,4.0,327.0,19,5,153.51378508166667,240.45719937177154
53.8,221.21,CCOC(=O)C(=CC1=CC=C(O1)C)N=[N+]=[N-],3.2,334.0,16,5,137.86882872643332,195.47616796413814
26.3,268.13,C=CC(=O)OCCC(C(C(F)(F)F)(F)F)(F)F,3.5,295.0,17,6,72.405267015,184.0275230609727
40.1,201.31,CC[N+](CC)(CC)CC.C=CC(=O)[O-],,97.9,14,4,102.17871108033334,154.1939234270832
60.4,445.3,COC1=CC=C(C=C1)CNC2=C(C=C3C=C(C(=CC3=N2)F)Br)/C=C/C(=O)OC,5.0,542.0,28,7,268.47751231333336,343.7628246114019
35.5,318.4,CCCCCCCCC/C=C(\C(=O)OCC)/OC1=CC=CC=C1,7.3,330.0,23,13,183.22300010133333,327.6489627448005
35.5,268.31,C=CC(=O)OCCOC1=CC=C(C=C1)C2=CC=CC=C2,4.0,299.0,20,7,166.124616928,263.39628357446594
67.4,248.1,COC(=O)/C=C/C1=CSN=C1Br,2.3,198.0,12,3,103.4952945199,154.96511724992436
26.3,156.22,CC(C)(C)CCOC(=O)C=C,3.2,142.0,11,5,78.83044102676666,163.11608893570752
26.3,226.27,C=CC(=O)OCCC1=CC=CC2=CC=CC=C21,4.3,272.0,17,5,136.81715470586667,224.0953375222675
63.6,452.7,CCCCCCCCCCCCCCCCCCCCCCOC(=O)C=C.C=CC(=O)O,,367.0,32,24,285.92683272899995,453.3334473593449
93.1,482.7,CCCCCCCCCCCCCCCCCCC(C(O)(O)OC(=O)C(=C)C)OC(=O)C(=C)C,10.1,596.0,34,24,252.0413728996667,483.1139591904404
127.0,247.24,CCOC(=O)N.CC(=C)C(=O)O.C=CC(=O)O,,192.0,17,4,139.99653874533334,110.22658665540304
78.3,221.28,CC1=CC(=C(S1)C)/C=C(\C#N)/C(=O)OC,2.6,329.0,15,3,126.47431058446666,201.7903186662261
81.7,354.15,CCOC(=O)/C(=C/C1=CC=CO1)/NC(=O)C2=CC=C(O2)Br,3.1,426.0,21,6,171.77573076893336,250.76845663071194
75.4,247.31,CCOC(=O)/C(=C/C1=CC=C(C=C1)SC)/C#N,2.9,335.0,17,5,163.0183586404,231.3713183592034
46.5,271.11,COC(=O)C(=C)C(C1=CC=CC=C1Br)O,2.2,252.0,15,4,111.34201867023334,190.82955823577717
97.4,434.4,CC(=CC(=O)OC1=C(C=C2C=C(C(=O)OC2=C1)OC3=CC4=C(C=C3)C=CC(=O)O4)OC)C,4.8,852.0,32,6,293.65406920333334,376.9634340331156
26.3,164.2,C=CC(=O)OC1CC2CC1C=C2,2.0,242.0,12,3,83.06697131636666,158.65416905263214
59.4,207.23,CC1=NC(=CC=C1)C(C(=C)C(=O)OC)O,0.9,252.0,15,4,104.2826178849,193.0186882710662
26.3,208.23,CCOC(=O)/C=C/C1=C(C=C(C=C1)C)F,3.0,238.0,15,4,125.65168481846668,197.76269097445376
72.1,195.12,CC(C(F)F)([N+](=O)[O-])OC(=O)C=C,1.7,237.0,13,4,67.19419268683333,147.00351555862164
94.1,306.36,CCCN=C(/C(=C(/C1=CC=C(C=C1)OC)\O)/C(=O)OCC)N,2.6,424.0,22,8,173.141125712,283.91435972688436
84.9,276.33,CCOC(=O)/C(=C(/C1=CC=CC=C1)\O)/C(=NC(C)C)N,2.5,394.0,20,6,156.51126482166669,259.53682571962514
39.2,227.26,CCOC(=O)/C=C/C1=CC2=CC=CC=C2N=C1,2.8,288.0,17,4,155.27107748053334,219.75295180824557
46.5,196.17,COC(=O)/C=C/C1=C(C=C(C=C1)F)O,1.9,227.0,14,3,107.7154049423,171.54410610648213
58.6,426.5,CCOC(=O)/C=C/C1=CN(C2=CC(=C(C=C2C1=O)F)NC3CCCCC3)C4CCCC4,5.5,710.0,31,7,278.1467119486667,394.02396214821863
44.1,248.25,CCOC(=O)/C=C/C1=CC=C(C2=NN(C=C12)C)F,2.3,335.0,18,4,151.27119602253333,223.64993848527234
164.0,235.11,C=CC(=O)OCC([N+](=O)[O-])([N+](=O)[O-])[N+](=O)[O-],0.5,310.0,16,4,86.35401495426667,161.03372440696646
26.3,180.24,CCOC(=O)C(=C)C1=CCCCC1,2.8,239.0,13,4,100.5193989393,181.8953421064468
26.3,190.24,CC1=C(C(=CC=C1)C)/C=C/C(=O)OC,2.9,210.0,14,3,118.16645452333334,191.8804919056778
35.5,210.27,C=CC(=O)OCCOC1CC2CCC1C2,2.3,249.0,15,6,102.58562039196666,200.20123652862114
35.5,272.27,COC(=O)/C=C/C1=CC(=C(C=C1)F)OC2=CC=CC=C2,3.8,337.0,20,5,161.24883519233333,251.73525155854992
64.599,187.19,CCNC(=O)OCCOC(=O)C=C,0.8,191.0,13,7,81.29297068213333,170.42260506309228
26.3,334.0,COC(=O)/C(=C/C1=CC=C(C=C1)Br)/CBr,3.5,243.0,15,4,140.4059029436667,194.06765876335302
29.5,211.3,CC1(CCCC(N1OC(=O)C=C)(C)C)C,3.0,253.0,15,3,106.69714695416668,212.11738407306646
26.3,232.32,CC(C)C1=CC=C(C=C1)/C=C/C(=O)OC(C)C,4.1,258.0,17,5,152.34124898466666,240.11227147443455
43.4,232.27,CC(C)(C)OC(=O)/C=C/C1=CC(=CC=C1)C=O,2.6,299.0,17,5,140.92148949493333,228.0733064279947
26.3,348.14,C=CC(=O)OCC1C(C(C(C(C1(F)F)(F)F)(F)F)(F)F)(F)F,4.1,454.0,22,4,90.1242007192,220.17168976445333
55.8,298.3,C=CC(=O)OCC(COC1=CC=CC=C1C2=CC=CC=C2)O,3.4,349.0,22,8,164.412506794,283.9453164417461
98.1,344.4,CN1N=C(N=N1)C2=C(SC(=C2)C3=CC=C(C=C3)F)/C=C/C(=O)OC,3.5,473.0,24,5,233.04911533633336,292.9702520771828
39.2,271.29,CCOC(=O)C(=CC1=CC=NC=C1)C2=CC=C(C=C2)F,3.2,342.0,20,5,158.54684372566666,253.4875133750112
82.4,393.4,COC(=O)/C=C/C1=NN(C(=C1)C2=CC3=C(C=C2)OCC(=O)N3)C4=CC=C(C=C4)F,2.9,637.0,29,5,258.3987585421,340.6289983784009
84.7,306.32,CCOC(=O)C(=C)CC1=NC2=C(N1C)C(=O)N(C(=O)N2C)C,0.7,521.0,22,5,151.75150180933335,269.6541761210783
64.599,450.3,CC(C)(C)OC(=O)N/C(=C\C1=C(C=CC(=C1)Br)F)/C(=O)OCC2=CC=CC=C2,5.3,569.0,28,8,226.1895632483333,352.08907032111813
67.4,370.4,COC(=O)/C=C/C1=CN=C(C=N1)N[C@@H]2CCN(C2)CCC3=CC(=CC=C3)F,2.7,504.0,27,8,230.205961341,340.6978141567004
71.1,324.3,CC(C)(C)OC(=O)/C(=C\C1=CC2=C(C(=C1)F)OCO2)/C(=O)OC,3.2,495.0,23,6,174.233051894,279.6328731589035
55.8,369.3,COC(=O)/C=C\[C@H]1COC[C@H](N1C(=O)CC=C)C2=CC(=C(C(=C2)F)F)F,2.1,545.0,26,6,173.80689036466666,313.43084974086497
46.6,349.4,COC(=O)/C=C\[C@H]1CCC[C@H](N1C(=O)CC=C)C2=CC(=C(C=C2)F)F,3.2,523.0,25,6,177.9501432973333,316.23252274320083
55.8,369.3,COC(=O)/C=C/[C@H]1COC[C@H](N1C(=O)CC=C)C2=CC(=C(C(=C2)F)F)F,2.1,545.0,26,6,165.39057073933336,313.2249770208208
46.6,349.4,COC(=O)/C=C/[C@H]1CCC[C@H](N1C(=O)CC=C)C2=CC(=C(C=C2)F)F,3.2,523.0,25,6,170.45532352666666,315.5141098833614
59.3,419.6,C=CC(=O)OCCCCCCCCCCCOC1=CC=C(C=C1)C2=CC=C(C=C2)C#N,7.9,536.0,31,16,266.1062165803333,424.01851569610915
98.1,344.4,CN1C(=NN=N1)C2=C(SC(=C2)C3=CC=C(C=C3)F)/C=C/C(=O)OC,3.0,473.0,24,5,228.45157311833336,291.8568415097711
61.8,278.3,CC(C)(C)OC(=O)OC1=CC=C(C=C1)COC(=O)C=C,3.3,348.0,20,8,142.1374252286,261.6223790172229
114.0,451.8,CC(=O)NC1=CC(=C(C=C1)C=CC(=O)OC)NC(=O)NC(=O)C2=CC(=C(C=C2Cl)F)F,3.2,723.0,31,6,245.768232787,369.35829013394823
26.3,386.5,CCC(=C(C1=CC=C(C=C1)C=CC(=O)OC)C2=CC=C(C=C2)F)C3=CC=CC=C3,7.5,572.0,29,7,271.27057538266666,378.52612764418643
105.0,288.25,COC(=O)C(=C)CC(C(=O)OC)(C(=O)OC)C(=O)OC,0.8,396.0,20,10,116.39719342733332,246.33551577316842
55.4,257.64,COC(=O)C(=CC1=C(C=CC=C1Cl)F)NC=O,2.3,322.0,17,4,123.58778682463333,213.38631184466138
66.8,391.4,CCOC(=O)C(=C)C(=O)C1=CC(C(C(=C1F)F)F)(N(C)C2(CCC2)CO)F,2.1,729.0,27,8,172.572537943,321.6873434156665
87.5,288.23,C1CC(=O)N(C1=O)OC(=O)C(=CC2=CC=CC=C2F)C#N,1.3,532.0,21,4,147.665702157,241.89888283556812
122.0,442.5,CCCCOC(=O)C=C.CC(=C)C(=O)OC.CC(=C)C(=O)OCCOC(=O)CC(=O)C,,471.0,31,15,212.11309796466665,272.71369566255186
78.3,193.22,COC(=O)C(=CC1=CC=CS1)C#N,2.3,277.0,13,3,111.3765317056,170.92932021750266
55.8,236.26,CCOC(=O)C(=C)C(C1=CC=CC=C1OC)O,1.9,275.0,17,6,118.31499887163334,222.64678557420683
35.5,286.3,CCOC(=O)/C=C/C1=CC(=C(C=C1)F)OC2=CC=CC=C2,4.2,350.0,21,6,174.2421236386,268.0528320214785
64.599,311.3,COC(=O)/C(=C/C1=CC=CC=C1)/NC(=O)OCC2=CC=CC=C2,3.5,421.0,23,7,180.15985097966663,292.3549489062025
54.0,280.32,CCOC(=O)/C=C/C1=CC=C(C=C1)OCOCCOC,2.3,282.0,20,10,163.05514392333333,265.46789810227955
52.6,349.2,CCOC=C(C(=O)C1=CC(=C(C(=C1Cl)C)Cl)F)C(=O)OCC,4.3,441.0,22,7,169.96266277933333,292.4256504592654
52.3,227.21,CCOC(=O)/C=C/C1=C(C=C(C=C1F)N)F,2.1,259.0,16,4,125.77957863503332,193.98197127574923
94.2,360.3,CC(C)(C)OC(=O)/C=C/C1=C(C=CN=C1)OC2=C(C=C(C=C2)[N+](=O)[O-])F,3.6,529.0,26,6,194.763097251,314.1484840640172
35.5,256.3,CCOC(=O)/C=C/C1=CC2=C(C=C1)C=C(C=C2)OC,3.4,324.0,19,5,184.0826989073333,249.46431233612742
83.1,229.62,C=C(C1=CC=C(C=C1)[N+](=O)[O-])C(=O)O.Cl,,261.0,15,2,104.50988063823333,162.54119338496656
52.1,352.3,COC(=O)/C=C/C1=CN=C(C(=N1)C2=CC=C(C=C2)F)C3=CC=C(C=C3)F,3.6,486.0,26,5,230.315159417,314.50668127331886
26.3,259.12,CCCOC(=O)/C=C/C1=C(C=C(C=C1)Cl)Cl,4.2,253.0,16,5,137.64593391726666,228.67043559581103
26.3,294.34,CCOC(=O)/C=C/C1(CCCCC1)C2=CC(=C(C=C2)F)F,5.3,375.0,21,5,153.41619209233332,270.2173063194054
26.3,312.33,CCOC(=O)/C=C/C1CCC(CC1)C2=CC(=C(C(=C2)F)F)F,5.0,379.0,22,5,155.66692294133335,276.06696936773653
97.1,208.3,C=CC(=O)OCCSSCCO,0.7,139.0,12,8,88.18025306006666,176.78483644291015
59.5,266.27,CCOC(=O)/C(=C\N(C)C)/C(=O)C1=C(C=CC=N1)F,1.8,369.0,19,6,139.5588227129,240.31463287571546
73.0,490.6,CC1=C(C=CC(=C1)F)C2=C(C3=C(S2)C=C(C=C3)OC)OC4=CC=C(C=C4)/C=C/C(=O)OC(C)(C)C,7.8,729.0,35,8,327.76369244833336,453.4358361216726
78.6,582.7,CCOC(=O)/C=C/C1=CC=C(C=C1)/C(=C(/C2CC2)\C3=CC=CC=C3SC)/C4=CC5=C(C=C4)N(N=C5F)C6CCCCO6,9.2,977.0,42,10,389.3052680253333,541.9363804048489
89.6,626.8,CCOC(=O)/C=C/C1=CC=C(C=C1)/C(=C(/C2CCC2)\C3=C(C=C(C=C3)S(=O)C)C)/C4=CC5=C(C=C4)N(N=C5F)C6CCCCO6,8.8,1100.0,45,10,409.2276027996666,575.9691532979947
104.0,432.5,CC1=C(C=CC(=C1)C2=C(C3=C(S2)C=C(C=C3)O)OC4=CC=C(C=C4)/C=C/C(=O)OC)O,6.1,631.0,31,6,311.87179618966667,385.7279866134601
78.0,310.4,CC1=CC=C(C=C1)S(=O)(=O)O/C(=C(/C)\C(=O)OC)/C2CC2,2.7,517.0,21,6,156.922240839,274.3269824586863
53.3,262.28,CCOC(=O)C(=CN(C)C)C1=C(C=C(C=C1)C#N)F,2.3,398.0,19,5,152.27116044866668,244.97756706468647
53.3,248.25,CN(C)C=C(C1=CC(=C(C=C1)C#N)F)C(=O)OC,1.9,384.0,18,4,151.28026319733334,229.39146349288137
45.3,434.5,CC1(CC2=C(C(N1CC(C)(C)F)C3=CC=C(C=C3)/C=C/C(=O)OC)NC4=CC=CC=C24)C,5.5,698.0,32,6,275.32108509466667,413.7990941446593
45.3,434.5,C[C@@H](CN1C(C2=C(CC1(C)C)C3=CC=CC=C3N2)C4=CC=C(C=C4)/C=C/C(=O)OC)CF,5.7,673.0,32,7,275.788740814,413.65176398021936
45.3,470.5,CC1(CC2=C(C(N1CC(C)(C)F)C3=C(C=C(C=C3F)/C=C/C(=O)OC)F)NC4=CC=CC=C24)C,5.7,761.0,34,6,278.694343228,423.8053993102051
65.6,472.5,C[C@@H]1CC2=C([C@H](N1CC(C)(CO)F)C3=C(C=C(C=C3F)/C=C/C(=O)OC)F)NC4=CC=CC=C24,4.5,743.0,34,7,271.522058824,412.77897340460476
112.0,486.5,CCOC(=O)C=CC1=C2C(=NC(=N1)C3=NN(C4=C3C=CC=N4)CC5=CC=CC=C5F)NC(=O)C2(C)C,3.3,856.0,36,7,302.7914716366667,428.43482415431646
72.9,550.9,CCOC(=O)/C=C/C1=CC(=C(C=C1NC2=CC(=C(C=C2OC)Br)Cl)F)SCC3=CC=CC=C3,7.5,639.0,33,10,296.3134466563333,431.4927932626629
72.9,548.1,CCOC(=O)/C=C/C1=C(C=CC(=C1)SCC2=CC=CC=C2)NC3=C(C=C(C=C3F)C4=CC(=CC=C4)Cl)OC,8.4,751.0,38,11,348.6437708226667,500.05859773463646
64.599,374.2,CC(C)(C)OC(=O)N/C(=C\C1=CC(=C(C=C1)Br)F)/C(=O)OC,3.8,447.0,22,6,175.333356776,275.80361073343875
78.6,610.8,CCOC(=O)/C=C/C1=CC=C(C=C1)/C(=C(/C2CCC2)\C3=C(C=C(C=C3)SC)C)/C4=CC5=C(C=C4)N(N=C5F)C6CCCCO6,10.2,1020.0,44,10,415.08805168366666,570.4115109748801
87.5,415.5,CCN(CC1=CC(=O)N2C(=C(SC2=N1)C)/C=C/C(=O)OCC)C3=CC=C(C=C3)F,3.3,782.0,29,8,240.705763744,368.4090727944602
80.8,475.5,CCCCOC(=O)/C=C/C1=C(C=C(C=C1)OCC2=C(C=CC=N2)F)N3CC4=CC=CC=C4NC3=O,4.3,735.0,35,10,275.3144510463333,434.04499903819277
35.5,285.13,CCOC(=O)/C=C/C1=C(C=C(C=C1)Br)OC,3.2,253.0,16,5,145.33867899846666,209.8207755515262
46.5,304.08,COC(=O)/C=C/C1=CC(=C(C=C1)O)I,2.5,227.0,14,3,130.43206283363335,175.88497597839196
74.7,377.4,CC1([C@H](CC2=C(O1)C=C3C(=C2)C=CC(=O)O3)OC(=O)/C=C/C4=CC=NC=C4)C,3.5,664.0,28,4,227.9858771643333,340.02723115313955
65.2,244.65,CCOC(=O)/C=C/C1=CN=C(C(=C1N)F)Cl,1.9,276.0,16,4,126.5383473435,201.74729370743276
61.8,360.32,CCOC=C(C(=O)C1=CC(=C(C(=C1F)OC(C)C)F)F)C(=O)OCC,3.7,495.0,25,9,170.76753433,307.47724755699056
71.6,401.2,CCOC(=O)C(=CC1=CC=CS1)C(=O)C2=CC(=C(C=C2Br)F)F,4.7,486.0,23,6,196.0971762323333,281.1108020040915
68.9,237.28,CCOC(=O)/C(=C/C1=CC=C(S1)C)/N=[N+]=[N-],3.8,337.0,16,5,150.47696408566665,206.22486556910746
46.6,391.18,CCOC(=O)C(=CN(C)C)C(=O)C1=C(C=CC(=C1)I)F,3.1,398.0,20,6,164.30785718033334,254.40743475774684
42.1,233.24,CC1=CNC2=C(C=C(C=C12)F)C=CC(=O)OC,2.8,319.0,17,3,127.76855342666668,210.48305875005354
62.6,396.4,CCOC(=O)C=CC1=CC(=C(C=C1OC)OC)C2=CC=NN2C3=CC=CC=C3F,4.2,561.0,29,8,234.50729621966664,362.05876827781213
66.8,443.8,COC1=CC=CC(=C1OC)C(=O)C2=C(C(=CC(=C2)Cl)F)N3C=CC=C3C=CC(=O)OC,4.6,662.0,31,8,233.539328101,389.5080129175896
63.7,373.8,CCOC(=O)C=CC1=CC(=C(C=C1Cl)F)N2C(=O)C3=CC=CC=C3C2=O,3.8,586.0,26,5,203.155437845,317.91522955861694
50.1,281.71,CC(C)(C)OC(=O)C=CC1=CC(=C(C=C1F)C#N)Cl,3.6,407.0,19,4,153.47385586206667,250.77376425802746
73.9,405.4,CCOC(=O)/C=C/C1=C(C=C(C=C1)OCCOC)NC(=O)C2=C(C=C(C=C2)F)F,3.4,559.0,29,10,230.09143104600005,356.9753001358887
89.9,554.5,CC(=C)C(=O)OCC(C(C(F)(F)F)F)(F)F.CC(C)(C)OC(=O)C=C.C=CC1=CC=CC=C1.C=CC(=O)O,,526.0,38,10,229.49729991133333,239.00987965647562
38.3,267.27,COC(=O)/C=C/[C@@H]1CC[C@@H](N1)C2=CC(=C(C=C2)F)F,2.2,348.0,19,4,131.09151044616667,234.15953471761853
46.6,335.3,COC(=O)/C=C/[C@H]1CC[C@H](N1C(=O)CC=C)C2=CC(=C(C=C2)F)F,2.9,509.0,24,6,167.3005237703,301.92067721282206
26.3,228.65,CCOC(=O)/C=C/C1=CC(=C(C=C1)Cl)F,3.3,243.0,15,4,126.46711767426666,200.32577183221184
95.9,614.7,CCOC(=O)/C=C/C1=CC=C(C=C1)/C(=C(/C2CC2)\C3=CC=CC=C3S(=O)(=O)C)/C4=CC5=C(C=C4)N(N=C5F)C6CCCCO6,8.0,1170.0,44,10,398.1330347886667,552.6199728949828
71.8,419.2,CCOC(=O)C(=C(C1=CC(=C(N=C1Cl)Cl)F)O)C=NC2=C(C=C(C=C2)F)F,5.2,594.0,27,6,193.595358614,327.94246513802733
79.1,403.4,CCOC(=O)C(=C(C1=CC(=C(C(=C1F)F)F)F)O)C=NC2(CCC2)CC(C)O,3.5,623.0,28,8,186.3591558153333,333.09984615429426
71.8,347.2,CCOC(=O)C(=C(C1=C(N=C(C=C1)Cl)Cl)O)C=N[C@@H]2C[C@@H]2F,3.8,487.0,22,6,185.2851263423333,284.3607029511138
112.0,509.4,CCOC(=O)C(=C(C1=C(C(=C(C(=C1F)F)N2CCC(C2)NC(=O)C)F)F)O)C=NC3=CC=CC=C3O,3.7,844.0,36,8,302.98161844466665,417.83219072248215
79.1,429.3,CCOC(=O)C(=C(C1=C(C(=C(C(=C1F)F)F)F)F)O)C=N[C@H](CO)C2=CC=CC=C2,3.9,625.0,30,8,210.339118127,343.8204240249629
63.8,360.4,CCOC(=O)C(=C(C1=CC(=C(C=C1F)N2C=CC=C2)F)O)C=NC3CC3,3.5,571.0,26,7,226.5463761053333,319.29096408228565
58.9,363.28,CCOC(=O)C(=C(C1=C(C(=C(C(=C1F)F)F)F)C)O)C=N[C@@H]2C[C@@H]2F,3.7,570.0,25,6,176.947548288,289.1015604307277
58.9,279.31,CCCC(=C(C=NC1=CC=CC=C1F)C(=O)OCC)O,3.7,379.0,20,7,167.58111953906666,258.0675607199524
92.0,498.9,CCOC(=O)C(=C(C1=C(N=C(C(=C1)CC2=C(C(=CC=C2)Cl)F)F)F)O)C=N[C@H](CO)C(C)(C)C,5.9,746.0,34,10,250.7829865273333,424.8350188877389
88.4,508.4,CCOC(=O)C(=C(C1=C(C=CC(=C1)OCC2=CC=C(C=C2)F)Br)O)C=N[C@H](CO)C(C)C,5.3,648.0,32,11,249.08158990666664,404.2502807369672
83.8,509.8,CCOC(=O)C(=C(C1=CC(=C(C(=C1F)Cl)F)F)O)C=NC2=NC(=C(C(=C2F)NC(C)(C)C)F)F,5.9,783.0,34,8,246.131402603,397.7301262374229
79.1,375.31,CCOC(=O)C(=C(C1=CC(=C(C(=C1F)F)F)F)O)C=NC2(CC2)CCO,2.8,579.0,26,8,195.089715839,304.7178036002918
55.4,327.3,CC1=C(C(=CC=C1)NC(=O)COC(=O)/C=C/C2=CC=C(C=C2)F)C,3.9,458.0,24,6,197.40929413266667,303.40803605590224
52.0,194.18,C1C(O1)COC(=O)C=CC2=CC=CO2,1.0,236.0,14,5,108.86945976673331,175.8416768085948
107.0,406.5,CC(C)(C)C1=CC=C(C=C1)/C=C/C(=O)OC2=CC=C(C=C2)/C=C/3\C(=O)N=C(S3)N,5.4,704.0,29,6,298.320294848,372.560845953424
46.5,220.26,CCOC(=O)C(=C)C(CC1=CC=CC=C1)O,2.2,242.0,16,6,109.70193180373332,214.21027367063581
44.8,312.4,CCOC(=O)C=C(C1=CC=CC=C1OC)C2=CC=CC=C2OC,4.4,378.0,23,7,190.3050824293333,301.9343994436148
35.5,506.11,C=CC(=O)OC(C(C(F)(F)F)(F)F)(OC(C(C(C(C(F)(F)F)(F)F)(F)F)(F)F)(F)F)F,6.7,690.0,31,9,102.5063277105,290.3147278017317
76.4,241.2,C=CC(=O)OC1=CC2=C(C=C1)C=C(C(=O)O2)C#N,2.2,471.0,18,3,149.4961527515,210.660537747521
52.3,209.22,CCOC(=O)/C=C(/C1=CC=CC=C1F)\N,2.3,253.0,15,4,112.74915145996664,188.74598494837616
39.4,234.17,CCOC(=O)C=CC1=CC=C(O1)C(F)(F)F,2.6,273.0,16,4,100.4310047562,188.44116697543868
68.8,282.36,CC(C)(C)OC(=O)C(=C)CS(=O)(=O)C1=CC=CC=C1,2.4,431.0,19,6,141.03819270366668,255.63062058610228
63.7,183.16,COC(=O)C(=C)N1C(=O)CCC1=O,-0.3,279.0,13,3,80.77819934056667,157.5341029538906
55.4,253.68,CC(=O)NC(=CC1=CC(=CC=C1)Cl)C(=O)OC,2.2,328.0,17,4,143.44963784040002,223.41275915800406
72.6,321.3,C=CC(=O)OC1=CC=CC=C1C2=NC(=C(O2)C3=CC=CC=C3)CO,3.2,435.0,24,6,207.2651077593333,294.95015908389666
26.3,273.1,CCOC(=O)/C=C/C1=CC(=CC(=C1)Br)F,3.4,243.0,15,4,124.64410795913334,190.76148561238207
26.3,301.15,CC(C)(C)OC(=O)C(=C)C1=CC(=CC(=C1)Br)F,4.1,309.0,17,4,129.92992383499998,221.66074300581005
52.3,251.13,CCOC(=O)C(=C(C(F)(F)F)C(F)(F)F)N,2.5,287.0,16,3,71.01356544476666,168.63333993981593
35.5,271.11,COC1=CC=C(C=C1)/C=C(\C(=O)OC)/Br,3.1,242.0,15,4,131.797457703,193.61008742466402
46.5,250.33,C=C(CO)C(=O)OCC12CC3CC(C1)CC(C3)C2,2.7,331.0,18,5,126.341534184,231.3805852612098
46.5,192.21,CC1=CC(=C(C=C1)/C=C/C(=O)OC)O,2.2,223.0,14,3,120.71935300773332,182.27068269395204
79.9,212.2,C=C(C(C1=CC=CO1)O)C(=O)OCCO,-0.1,238.0,15,6,92.67942777393334,182.41287917991826
35.5,252.28,CC(C)(C)OC(=O)/C=C/C1=C(C=CC=C1F)OC,3.3,307.0,18,5,142.76574992966667,237.93491183282222
61.8,310.3,COC1=CC2=CC3=C(C=C2C=C1)C(=CC(=O)O3)COC(=O)C=C,3.0,524.0,23,5,196.29089298533336,278.13004835224075
26.3,228.65,COC(=O)/C=C\C1=C(C=C(C=C1)F)CCl,2.7,243.0,15,4,111.0535503706,199.41262648472477
52.6,250.65,CC(=C)C(=O)OC(C)(CCl)OC(=O)C(=C)F,2.8,340.0,16,7,102.3439284638,212.29100907696144
68.6,425.5,CCCCCCCCOC1=C(C=C(C=C1)/C=C/C(=O)OC2=CC(=C(C=C2)C#N)F)OC,6.9,602.0,31,13,279.2383850076667,407.1671254092835
92.4,355.4,CC1=CC(=C(C=C1)C(C)C)OC(=O)C(=C)C(C2=CC=C(C=C2)[N+](=O)[O-])O,4.4,519.0,26,6,191.86701644466663,325.6840483976408
68.6,411.5,CCCCCCCOC1=C(C=C(C=C1)/C=C/C(=O)OC2=CC(=C(C=C2)C#N)F)OC,6.4,587.0,30,12,267.327996803,390.7987937052884
76.4,327.4,CCC(C)OC(=O)/C=C/C1=CC=C(C=C1)/C=C(\C#N)/C(=O)OCC,4.1,533.0,24,9,230.708938631,316.8847255402834
60.8,396.8,COC(=O)C=C[C@@H]1COC2=C(C=CC(=C2[C@H]1SC3=CC=C(C=C3)Cl)F)F,4.9,513.0,26,5,198.294692438,332.0123728553774
77.2,474.3,CC(C)(C)OC(=O)C(=CC1=CC=CO1)NC2=NC=C(N=C2CC3=CC=CC=C3F)Br,5.3,613.0,30,8,257.1996551253333,371.26576929295663
29.5,464.0,C1CN(CCC1C2=CC=CC=C2)CC(C3=CC=C(C=C3)Cl)OC(=O)/C=C/C4=CC=C(C=C4)F,6.7,613.0,33,8,270.41357427033336,434.665728825118
29.5,479.5,C1CN(CCC1C2=CC=CC=C2)CC(C3=CC=CC=C3)OC(=O)/C=C/C4=CC(=CC=C4)C(F)(F)F,6.9,674.0,35,8,273.67850346566667,442.6637015720145
97.0,404.8,CCC1=NN(C(=C1Cl)C(=O)N/C(=C(/C#N)\C(=O)OCC)/C2=CC=C(C=C2)F)C,3.9,669.0,28,7,222.362015075,350.2198514331507
142.0,392.6,CCOC(=O)/C(=C/N(C)C)/SC(=S)S/C(=C\N(C)C)/C(=O)OCC,3.6,473.0,24,12,210.8734469053333,345.6390945398371
52.6,344.4,CC[C@@]12CCC=C[C@@]1(OC(=O)C2)/C=C/C(=O)OCC3=CC=CC=C3F,3.6,584.0,25,6,180.892942196,312.5417065613657
26.3,170.25,CC(C)CCCCOC(=O)C=C,3.7,139.0,12,7,88.46226838953332,179.112145265711
29.5,223.31,C=CC(=O)OC[C@@H]1CCCN2[C@@H]1CCCC2,2.4,265.0,16,4,113.59978643610002,217.44558750176859
72.1,221.21,CC(C1=CC=CC=C1[N+](=O)[O-])OC(=O)C=C,2.4,284.0,16,4,107.79781313146668,197.74205071208195
72.1,241.63,C=CC(=O)OCC1=C(C=CC=C1Cl)[N+](=O)[O-],2.7,289.0,16,4,108.62326412386666,199.88671235282584
55.4,219.24,CCOC(=O)/C(=C/C1=CC=CC=C1)/NC=O,2.0,267.0,16,5,129.057600423,206.7235440100747
26.3,210.65,CCOC(=O)C(=C)C1=CC=CC=C1Cl,3.3,225.0,14,4,108.0439644319,194.77814073108775
72.1,145.11,C=CC(=O)OCC[N+](=O)[O-],0.5,148.0,10,4,56.22355129619999,120.79703439096886
39.2,257.26,COC(=O)/C(=C/C1=CC=NC=C1)/C2=CC=C(C=C2)F,2.9,329.0,19,4,149.58096141666667,237.20425811128163
98.4,444.5,COC1=CC(=CC(=C1OC)OC)/C=C/C(=O)OC2CN(C2)C3=NC4=C(S3)C=C(C=C4)F,4.7,635.0,31,8,275.678551898,385.6338990765114
93.1,226.18,C1=C(OC=C(C1=O)O)/C=C/C(=O)OCCO,-0.4,377.0,16,5,118.41589345506668,184.781426836282
26.3,198.17,COC(=O)C=CC1=C(C=CC(=C1)F)F,2.4,228.0,14,3,95.30807530756664,171.8607810400397
61.8,428.6,CC(C)CC/C=C(\C)/[C@@H]1[C@H](CC[C@H]([C@H]1OC)OC(=O)/C=C/C2=CC=C(C=C2)OC)C=O,5.6,615.0,31,11,258.2507435476667,421.0133350331091
26.3,284.15,C=CC(=O)OC1=CC(=CC(=C1)C(F)(F)F)C(F)(F)F,4.0,324.0,19,3,100.78691972393334,208.06852159078343
26.3,190.19,CCOC(=O)C=CC1CC(C1)(F)F,2.2,216.0,13,4,82.71888629856666,166.08075810411574
87.0,238.24,C1=CC(=C(C=C1/C=C/C(=O)OCCCO)O)O,2.0,264.0,17,6,136.73538032923332,207.55428228320906
43.4,306.66,CC(=O)C(=CC1=CC(=C(C=C1)C(F)(F)F)Cl)C(=O)OC,3.6,418.0,20,4,139.88180950173333,243.9732771328143
74.7,363.3,CCOC(=O)/C(=C\C1=CC=NC2=CC=CC=C12)/P(=O)(OCC)OCC,2.9,512.0,25,9,198.42030961600005,324.3607016866429
43.4,297.14,CCOC(=O)/C(=C/C1=CC=C(C=C1)Br)/C(=O)C,3.1,315.0,17,5,148.74410513366666,219.6843885403838
43.6,284.23,CCOC(=O)/C=C/C1=CC=CC2=NC(=CN21)C(F)(F)F,3.4,384.0,20,4,148.836907486,234.11009211786083
55.4,391.4,CC(C)(C)OC(=O)/C=C/C1=CC=CC=C1C(=O)NC2=CC=CC(=C2)C(F)(F)F,4.9,580.0,28,6,212.39369593566667,344.92850054559864
64.599,343.78,CCOC(=O)/C=C/C1=C(C=CC(=C1F)Cl)NC(=O)OC(C)(C)C,3.9,450.0,23,7,179.6236758593333,300.9925760664257
35.5,206.24,CCOC(=O)C=CC1=CC=CC=C1OC,2.5,223.0,15,5,126.8702575632,201.66742775999137
77.4,426.4,CC(C)OC1=NC(=CC(=O)N1CC2=CC=CC=C2C(=COC)C(=O)OC)C(F)(F)F,3.1,743.0,30,8,192.234554283,362.1536828438578
53.4,452.4,CCOC(=O)/C=C/C1=CN(C2=CC=CC=C21)C3=CC=C(C=C3)OC4=NC=C(C=C4)C(F)(F)F,6.0,678.0,33,7,292.36323254633334,397.25798585011654
71.6,458.5,CCC1=C(SC2=C1C=CC(=C2)C(F)(F)F)C=CC(=O)C3=CC(=C(C=C3)C=CC(=O)OC)C,7.1,732.0,32,7,279.79679012866666,401.2081815381006
66.9,471.9,CCOC(=O)/C=C/C1=C(C=C(C=C1)OCC2CCCO2)OC3=C(C=C(C=N3)C(F)(F)F)Cl,5.2,635.0,32,9,248.87661803366663,392.3797700755842
72.9,522.0,CCOC(=O)/C=C/C1=C(C=CC(=C1)SCC2=CC=CC=C2)NC3=C(C=C(C(=C3)Cl)C(F)(F)F)OC,7.6,689.0,35,10,289.853282277,448.5038212135775
144.0,355.26,C1=CC2=C(C(=C(C=C2)[N+](=O)[O-])OC(=O)/C=C/C3=CC=C(O3)[N+](=O)[O-])N=C1,3.1,585.0,26,4,216.7839227733,285.2304421589583
40.7,113.08,C=CC(=O)ON=[N+]=[N-],2.0,147.0,8,3,47.42874379686666,90.90279678383092
77.8,301.29,COC1=CC=C(C=C1)/C=C(/C(=O)OC)\NC(=O)C2=CC=CO2,2.6,426.0,22,6,185.75519811836665,272.3772793437859
83.2,142.13,C=CC(=O)N.C=CC(=O)[O-],,108.0,10,1,61.77558954493333,80.39371821543219
72.1,193.16,C=CC(=O)OC1=CC=CC=C1[N+](=O)[O-],2.1,246.0,14,3,94.37610854913332,165.73985016193384
29.5,141.17,C=CC(=O)ON1CCCC1,1.4,139.0,10,3,65.83448230260001,134.46561858958444
51.6,144.19,C=CC(=O)OCC1CS1,1.2,133.0,9,4,63.9693920322,130.26108267833865
46.5,144.17,CCCCC(=C)C(=O)OO,2.1,129.0,10,5,66.79744765573334,135.3459649846976
26.3,154.98,C=CC(=O)OC(Cl)Cl,2.1,100.0,8,3,52.08506236096667,120.97612862748169
26.3,156.22,CCCC(C)(C)OC(=O)C=C,2.6,148.0,11,5,79.9215216448,163.2993100635419
35.5,144.17,CC(C)(C)OOC(=O)C=C,1.7,132.0,10,4,68.20892865233333,139.68726406466268
35.5,172.22,CC(C)COC(C)OC(=O)C=C,2.4,152.0,12,6,81.76910516790001,171.55072005224812
55.0,188.18,C=CC(=O)OC1=NC2=CC=CC=C2N1,1.9,242.0,14,3,108.68689361763334,169.01202578423084
38.3,143.18,CC(C)(C)NOC(=O)C=C,1.5,135.0,10,4,66.92306087669999,141.13041795011097
52.3,157.21,CC(N)OC(=O)C(=C(C)C)C,1.5,181.0,11,3,80.02601365666666,153.81809099882992
26.3,140.18,CC(=CCOC(=O)C=C)C,2.2,153.0,10,4,75.31761027096667,145.2649905253924
170.0,405.4,C1=CC(=CC=C1/C=C/C(=O)OCC(=O)NC2=CC=C(C=C2)S(=O)(=O)N)[N+](=O)[O-],1.5,695.0,28,7,232.55034829966667,324.18486282575776
68.5,319.74,CCOC(=O)/C(=C/C1=CC=C(C=C1)Cl)/NC(=O)C2=CC=CO2,3.6,430.0,22,6,185.75193062166667,281.01673236034014
44.8,188.22,CCOCCOC(=C)C(=O)OCC,1.5,165.0,13,8,86.9629183064,180.6426423157947
26.3,301.22,CC1(C2CCC1(C(C2)OC(=O)C(=C)CBr)C)C,4.2,361.0,17,4,129.27695891599998,231.12377513112358
43.4,298.73,CC(=O)C1=C(C(=C(C=C1)Cl)F)/C=C/C(=O)OC(C)(C)C,3.6,400.0,20,5,159.04058797233333,265.33509676329084
53.4,559.1,CC/C(=C(/C1=CC=C(C=C1)/C=C/C(=O)OCC)\C2=CC3=C(C=C2)N(N=C3)C4CCCCO4)/C5=C(C=C(C=C5)F)Cl,8.9,904.0,40,9,364.9571028313333,513.7807805625743
26.3,208.23,CCOC(=O)/C=C/C1=C(C=C(C=C1)F)C,3.0,238.0,15,4,122.52817283423332,197.65940043442382
26.3,348.4,C=CC(=O)OC1CCC(CC1)C2CCC(CC2)C3=C(C(=CC=C3)F)F,6.4,451.0,25,5,178.347255733,323.9881048216989
41.6,396.5,CCCN1CCCC2=C1C(=CC=C2)NCC3=CC(=C(C=C3)/C=C/C(=O)OCC)F,5.6,541.0,29,9,241.278630339,381.7181559368318
35.5,238.25,CCOC(=O)C=CCC1=C(C=CC(=C1)F)OC,2.9,265.0,17,6,122.9136395163,222.53533756918677
26.3,274.69,CC(C)(C)OC(=O)/C=C/C1=C(C=CC(=C1F)Cl)F,4.0,325.0,18,4,139.77241107306668,236.38510413333444
26.3,287.12,CCOC(=O)/C=C/C1=C(C=C(C=C1)CBr)F,3.2,255.0,16,5,140.86376770296667,206.4105413993779
59.5,345.16,CCOC(=O)C(=CN(C)C)C(=O)C1=C(N=CC(=C1)Br)F,2.5,401.0,20,6,156.02653458633333,248.11694242029202
93.1,314.29,COC1=C(C=CC(=C1)C=O)OC(=O)/C=C/C2=CC(=C(C=C2)O)O,2.4,435.0,23,6,197.870937903,276.02497765443565
26.3,232.32,CC1=CC(=C(C=C1)/C=C/C(=O)OC(C)(C)C)C,3.9,286.0,17,4,151.35875041536667,239.97592471562368
50.1,281.28,C1=CC=C(C=C1)COC(=O)/C=C/C2=CC(=C(C=C2)F)C#N,3.5,420.0,21,5,172.10160002333336,263.25938800984534
26.3,297.5,CCOC(=O)C(=C(Cl)Cl)C1=C(C=C(C=C1)Cl)F,4.6,316.0,17,4,133.58448422383333,235.44018009785614
26.3,263.09,CCOC(=O)C(=C(Cl)Cl)C1=CC=C(C=C1)F,3.9,280.0,16,4,122.2564358619,217.2286593890042
53.3,262.28,CC1=C(C=CC(=C1F)C#N)C(=CN(C)C)C(=O)OC,2.3,411.0,19,4,151.52008757666667,244.7357418444604
45.3,420.5,C[C@@H]1CC2=C([C@H](N1C[C@H](C)CF)C3=CC=C(C=C3)/C=C/C(=O)OC)NC4=CC=CC=C24,5.5,633.0,31,7,267.701040889,398.93891951949155
54.1,396.4,CC1(CC2=C(C(N1)C3=C(C=C(C=C3F)/C=C/C(=O)OC)F)NC4=CC=CC=C24)C,4.3,628.0,29,4,241.68325875766664,354.3459542239266
96.7,616.6,COC1=CC=C(C=C1)CN2C3=NC=CC(=C3C(=N2)NC4=CC=CC(=C4)/C=C(/C(=O)OC)\F)OC5=CC=C(C=C5)OC6=CC=CC=C6,7.9,981.0,46,12,383.74044568466667,561.6069666138488
72.6,381.4,CCOC(=O)/C=C/C1=C2N=C(C=CN2N=C1)N3CCCC3C4=CC(=CN=C4)F,2.5,577.0,28,6,234.87986843066665,341.2554308839682
26.3,188.22,C=CC(=O)OC1CC2=CC=CC=C2C1,2.8,221.0,14,3,103.94066365636668,183.91558325527714
38.3,173.18,CCOC(=O)/C=C/C1(CNC1)F,0.3,199.0,12,4,81.2259910236,154.4118685910105
94.4,250.25,COC(COCCOCCO)(O)OC(=O)C=C,-1.0,231.0,17,11,98.6668253052,213.31392086545424
35.5,220.26,CCOC(=O)C(=C)COCC1=CC=CC=C1,2.2,229.0,16,7,114.8770378474,216.62405199362576
40.7,296.12,CCOC(=O)/C(=C/C1=CC=C(C=C1)Br)/N=[N+]=[N-],4.4,343.0,17,5,159.80857589903334,208.45565872388872
71.6,383.2,CCOC(=O)C(=CC1=CC(=CC=C1)F)C(=O)C2=CC=C(S2)Br,5.2,455.0,22,6,188.80629081433327,275.78977041955295
67.4,314.31,COC(=O)C(=CNC1=CC=C(C=C1)F)NC(=O)C2=CC=CC=C2,3.6,439.0,23,6,178.22066724413332,281.7160421824289
81.7,463.9,COC(=O)C=CC1=CN=C(C=C1)C(C2=C(C=CC(=C2)F)F)S(=O)(=O)C3=CC=C(C=C3)Cl,4.4,736.0,31,7,247.4376068713333,384.40288165571394
46.5,300.4,C[C@@]12CC[C@@H](C1(C)C)C[C@@H]2OC(=O)/C=C/C3=CC=C(C=C3)O,4.8,459.0,22,4,183.1703538333333,288.32575966878267
87.3,596.7,C=CC(=O)OCCCCCCOC1=CC=C(C=C1)C2=CC=C(C=C2)C3CCC(CC3)CCCOS(=O)(=O)C(F)(F)F,9.0,863.0,41,17,312.71092134400004,526.7757215908143
73.9,286.68,CCOC(=O)C=CON=C(C1=C(C=C(C=C1)Cl)F)N,2.5,363.0,19,6,144.7627820763,239.77582820745468
35.5,286.3,COC(=O)C=CC1=CC(=CC(=C1)F)OCC2=CC=CC=C2,3.8,350.0,21,6,167.72660114566665,268.22576176577513
48.7,531.0,CCOC(=O)/C=C/C1=CC=C(C=C1)/C(=C(/C2CCC2)\C3=C(C=C(C=C3)F)Cl)/C4=COC5=C4C=CC=C5OC,9.5,862.0,38,9,345.6258980043333,487.4858733826001
113.0,371.3,CCOC(=O)C(=C(C1=C(C(=C(C=C1F)F)F)C)O)C=NC2=NSN=C2,3.5,549.0,25,6,174.03314180066664,291.85811801366947
58.9,337.24,CCOC(=O)C(=C(C1=CC(=C(C(=C1F)F)F)F)O)C=NCCF,3.1,471.0,23,7,159.42978293336668,262.2550403676689
70.4,291.2,CCOC(=O)C(=C(C1=CC(=C(C(=C1F)F)F)F)O)C=N,2.7,416.0,20,5,130.20030596316667,222.35709249626345
58.9,364.2,CCOC(=O)C(=C(C1=C(C(=C(C=C1F)Cl)F)Cl)O)C=NC2CC2,4.3,511.0,23,6,190.82352417433333,294.0073047053459
79.1,425.17,CCOC(=O)C(=C(C1=C(C(=CC(=C1)I)F)F)O)C=NCCO,2.5,445.0,22,7,167.51764744466666,261.2930002425135
86.2,486.6,CC1=C(C=C(C=C1)C(C)C)OCC(=O)N/N=C/C2=CC(=C(C=C2)OC(=O)/C=C/C3=CC=CC=C3)OC,6.2,746.0,36,11,322.8944095626667,465.2734314568384
86.2,486.6,CC1=CC(=C(C=C1)C(C)C)OCC(=O)N/N=C/C2=CC(=C(C=C2)OC(=O)/C=C/C3=CC=CC=C3)OC,6.2,746.0,36,11,330.268672656,464.06417199690463
44.8,316.3,COC1=C(C=CC(=C1)/C=C/C(=O)OC)OCC2=CC=CC=C2F,3.7,399.0,23,7,189.3283127803333,292.6913613061872
54.5,210.29,CCOC(=O)C(=CC1=CC=C(S1)C)C,3.1,235.0,14,4,128.22649705983335,198.6078172643977
51.6,260.25,CC(C)(C)SC(=C(C(=O)OC)C(F)(F)F)F,3.1,302.0,16,4,102.59692161566666,202.76280815415478
61.8,292.33,CC(C)(C)OC(=O)OC(C1=CC=CC=C1)C(=C)C(=O)OC,3.5,388.0,21,8,143.013683956,277.5367773621768
44.8,300.28,COC(=O)/C=C/C1=CC(=C(C=C1)F)C2=CC3=C(C=C2)OCO3,3.7,425.0,22,4,191.9206994962,266.23074266479074
26.3,290.32,CCCCC1=C(CCC(C1)C(F)(F)F)/C=C/C(=O)OC,4.4,394.0,20,6,148.15482589399997,259.94909983076246
123.0,516.5,CC(C)(C)OC(=O)C(=CC1=CC=CO1)NC2=NC=C(N=C2CC3=CC=CC=C3)C4=C(C(=CC=C4)[N+](=O)[O-])F,5.8,838.0,38,9,343.4864046183333,458.81349323196605
71.8,450.4,CCOC(=O)/C=C/N(CCC1=C(C(=CN1C=C)CO)C(=O)C(F)(F)F)CC2=CC=CC=C2,3.6,662.0,32,12,239.1883931846667,397.6118022970683
45.1,523.5,C=CC(=O)OC1CCN(CC1)C2=C(C(=C(C(=C2F)F)C3CC(=NN3C4=CC=CC=C4)C5=CC=CC=C5)F)F,6.6,839.0,38,7,328.9407357896667,458.66090067045064
52.1,178.19,CCOC(=O)/C=C/C1=CN=CN=C1,0.8,186.0,13,4,100.23228388286668,168.10947432746832
26.3,212.24,COC(=O)/C=C/C1=CC2=CC=CC=C2C=C1,3.5,270.0,16,3,149.6515982784,209.29076374050945
39.2,211.64,CCOC(=O)/C=C/C1=CN=C(C=C1)Cl,2.5,218.0,14,4,119.83103599886664,190.3636867265224
50.1,229.27,CC(C)(C)OC(=O)/C=C/C1=CC=C(C=C1)C#N,2.9,335.0,17,4,148.52449314856668,228.41961779954843
44.8,250.29,CCOC1=C(C=C(C=C1)/C=C/C(=O)OCC)OC,2.9,275.0,18,7,159.2930100602,242.2893537736649
35.5,218.25,CCOC(=O)/C=C/C1=CC2=C(C=C1)OCC2,2.6,272.0,16,4,141.5050344758667,207.19847071276973
50.1,243.3,CC(C)(C)OC(=O)/C=C/C1=CC=C(C=C1)CC#N,2.8,348.0,18,5,150.92347534766668,243.99875067028822
26.3,259.07,COC(=O)/C=C/C1=C(C=C(C=C1)Br)F,3.0,230.0,14,3,121.28434711453332,174.78938803641236
26.3,272.4,CCCC1CCC(CC1)C2=CC=C(C=C2)OC(=O)C=C,6.1,307.0,20,6,161.943218875,276.90910292998154
26.3,273.1,CCOC(=O)/C=C/C1=C(C=CC(=C1)F)Br,3.4,243.0,15,4,122.1892126577,190.88239391545747
42.1,165.19,CCOC(=O)/C=C/C1=CNC=C1,1.4,177.0,12,4,95.22578622796668,158.27358801008864
146.0,328.27,COC(=O)/C=C/C1=CN(C(=O)NC1=O)[C@H]2[C@@H]([C@@H]([C@H](O2)CO)O)O,-1.7,572.0,23,5,157.53967688076668,253.81515762781632
59.5,368.8,CCOC(=O)C(=CN(C)C)C(=O)C1=C(N=C2C=C(C(=CC2=C1)F)F)Cl,3.8,544.0,25,6,203.09102093966663,309.5796777371049
39.4,152.15,COC(=O)C=CC1=CC=CO1,1.5,163.0,11,3,84.02713991803334,141.84509227193578
26.3,228.65,CCOC(=O)/C=C/C1=CC(=C(C=C1)F)Cl,3.3,243.0,15,4,123.2880395162,200.34107240295933
58.9,417.3,CCOC(=O)C(=C(C1=C(C(=C(C(=C1F)F)F)F)C)O)C=NC2=C(C=C(C=C2)F)F,5.0,645.0,29,6,212.15920001866667,328.2173358309066
58.6,186.21,CC(=O)N/C(=C/N(C)C)/C(=O)OC,-0.1,234.0,13,4,96.15991229756666,173.15344203463653
43.4,204.22,CCOC(=O)/C=C/C1=CC=CC=C1C=O,2.0,245.0,15,5,123.24346799733333,196.21055287917926
35.5,246.18,COC(=O)/C=C/C1=CC(=CC=C1)OC(F)(F)F,3.4,286.0,17,4,113.0938092557,201.60854756830912
35.5,192.21,COC1=CC=CC=C1C(=C)C(=O)OC,2.3,223.0,14,4,104.52631081633336,185.96126413469145
108.0,348.4,CC1=CC(=CC(=C1/C=C(/C(=O)OC)\NC(=O)OC(C)(C)C)C)C(=O)N,2.6,538.0,25,7,192.51275278733337,318.6521689188101
35.5,142.15,C=CC(=O)OCCOC=C,1.1,129.0,10,6,64.46340694613333,139.0702317869595
26.3,230.18,COC(=O)/C=C/C1=CC=CC=C1C(F)(F)F,3.1,271.0,16,3,109.55236697873332,192.56802015024124
39.2,199.63,COC(=O)/C=C/C1=CC=NC=C1.Cl,,171.0,13,3,102.91882295126668,158.6824419962658
79.1,349.28,CCOC(=O)/C(=C(/C1=CC(=C(C(=C1F)F)F)F)\O)/C=N[C@@H](C)CO,2.5,500.0,24,7,167.5656294273333,276.97400179004467
26.3,323.1,CCOC(=O)/C=C/C1=C(C=C(C=C1)C(F)(F)F)Br,4.1,315.0,18,4,134.870119409,216.8214307349755
35.5,220.26,CCOC1=CC=C(C=C1)C(=C)C(=O)OCC,3.0,240.0,16,6,127.88470616623331,217.57728018486247
64.599,215.25,CC(C)(C)OC(=O)NCCOC(=O)C=C,1.4,242.0,15,7,95.24309154753333,201.7534170755127
52.3,259.22,CCOC(=O)/C=C(/C1=CC=C(C=C1)C(F)(F)F)\N,3.1,318.0,18,4,124.69867913686667,214.89728548545853
59.4,229.23,C=CC(=O)OCC1=C2C=CC=NC2=C(C=C1)O,2.3,292.0,17,4,124.1050438633,208.56223915164153
35.5,285.13,CCOC(=O)/C=C/C1=C(C=CC(=C1)Br)OC,3.2,253.0,16,5,142.31106495643334,209.95979530841987
68.8,396.23,C=CC(=O)OCCCS(=O)(=O)C(C(C(C(F)(F)F)(F)F)(F)F)(F)F,3.7,574.0,24,9,114.889739855,256.2746258138276
92.4,237.21,CCOC(=O)/C=C/C1=CC(=C(C=C1)O)[N+](=O)[O-],2.7,310.0,17,4,132.04516237553332,202.20026637052308
26.3,196.63,COC(=O)/C=C\C1=CC=C(C=C1)Cl,3.2,193.0,13,3,104.76160179293332,179.28091784020972
26.3,226.27,CCOC(=O)C=CC1=CC=CC2=CC=CC=C21,3.8,283.0,17,4,149.5276914608,224.12140772579292
26.3,410.1,CCOC(=O)C=C(C1=CC=C(C=C1)Br)C2=CC=C(C=C2)Br,5.8,341.0,21,5,195.710279462,269.96195792444837
26.3,269.13,CCOC(=O)/C=C/C1=CC=C(C=C1)CBr,3.5,218.0,15,5,138.704906879,201.40105184767665
26.3,176.21,CC1=CC(=CC=C1)/C=C/C(=O)OC,3.0,196.0,13,3,112.19456705963334,177.24842466114387
48.3,297.3,CCOC(=O)/C=C/C1=CC(=CN1C)C(=O)C2=CC=C(C=C2)C,3.1,424.0,22,6,197.9554793052,287.84740200461016
26.3,232.32,CCOC(=O)/C=C/C1=CC=C(C=C1)C(C)(C)C,4.7,265.0,17,5,153.471150614,239.33915946291725
39.4,180.2,CCOC(=O)/C=C/C1=CC=C(O1)C,2.1,198.0,13,4,111.8942671677,173.31061024522998
35.5,310.4,CC(C)(C)OC(=O)/C=C/C1=CC=C(C=C1)OCC2=CC=CC=C2,4.6,380.0,23,7,201.295870822,310.1748962357931
52.3,225.67,CCOC(=O)/C=C/C1=C(C=C(C=C1)Cl)N,2.5,243.0,15,4,132.37080888126667,201.551799932745
50.1,237.25,COC(=O)C(=CC1=CC=CC2=CC=CC=C21)C#N,3.4,391.0,18,3,146.270693076,227.0436674062761
42.1,201.22,COC(=O)/C=C/C1=CC2=C(C=C1)NC=C2,2.6,262.0,15,3,132.22054964086666,190.24936206995966
52.3,191.23,CCOC(=O)/C=C\C1=CC=C(C=C1)N,2.3,205.0,14,4,113.48910085233332,183.56362174441878
54.0,260.329,CC(COC(C)COC(C)COC(=O)C=C)OC,1.6,242.0,18,11,121.2531408531,251.24480081550067
46.5,228.19,CCOC(=O)/C=C/C1=CC(=C(C(=C1)F)O)F,2.4,256.0,16,4,121.84413492086668,192.13929805205302
58.6,186.21,CC(=O)N/C(=C\N(C)C)/C(=O)OC,-0.1,234.0,13,4,94.83656321103332,173.67545475692242
26.3,245.1,CCOC(=O)/C=C/C1=CC(=C(C=C1)Cl)Cl,3.8,241.0,15,4,135.17801793423334,213.13565490646874
35.5,490.7,CCCC1CCC(CC1)C2CCC(CC2)C3=CC(=C(C(=C3)F)OCCCCCCOC(=O)C=C)F,10.3,599.0,35,14,262.568126456,474.2848681622097
35.5,268.31,COC(=O)/C=C/C1=CC(=CC=C1)OCC2=CC=CC=C2,3.7,318.0,20,6,160.72911945066667,263.3431842436474
97.6,408.4,CCOC(=O)/C(=C/C1=CC(=C(C=C1)OCC(=O)NC2=CC(=C(C=C2)C)C)OC)/C#N,4.1,668.0,30,9,259.72002471133334,382.3435129253397
35.5,339.1,CCOC(=O)/C=C/C1=C(C=C(C=C1)Br)OC(F)(F)F,4.4,331.0,19,5,141.9187178236,225.83330420114905
52.6,335.2,CCOC=C(C(=O)C1=CC(=C(C=C1Cl)Cl)F)C(=O)OCC,4.0,414.0,21,7,161.79838086966666,277.0585161507653
49.2,390.0,CC[NH+](CC)CCCCCOC(=O)/C=C/CC1CCC2C(C1)OCO2.[Cl-],,409.0,26,12,187.7831846606667,348.4275371025539
26.3,236.26,C=CC(=O)OC1C2=CC=CC=C2C3=CC=CC=C13,3.6,314.0,18,3,149.62085704573337,229.39011091633108
52.6,353.1,CCOC=C(C(=O)C1=C(C(=C(C=C1F)Cl)F)Cl)C(=O)OCC,4.1,445.0,22,7,154.622906695,281.3293361848671
55.8,331.29,CCOC(=O)/C(=C/N(C)C)/C(=O)C1=CC(=C(C(=C1F)OC)F)F,2.7,470.0,23,7,159.11914773299998,278.45085922678356
80.8,317.4,COC(=O)/C=C/C1=CC(=CC=C1)S(=O)(=O)NC2=CC=CC=C2,2.7,489.0,22,6,195.510325551,279.09433176609616
46.5,210.2,CCOC(=O)/C=C/C1=C(C=C(C=C1)O)F,2.3,240.0,15,4,120.00721851373332,187.24009777569526
31.2,179.22,CCOC(=O)/C=C/C1=CC=CN1C,1.3,201.0,13,4,109.8655501318,176.7857497069501
69.7,200.19,CC(=O)CC(=O)OCCOC(=O)C=C,0.4,244.0,14,8,85.28401246716668,179.09901255939477
64.599,249.26,CCOC(=O)C(=C)NC(=O)OCC1=CC=CC=C1,2.4,308.0,18,7,121.05608885333334,231.6866969526343
76.9,330.5,C=CC(=O)OC(CSC1=CC=CC=C1)CSC2=CC=CC=C2,5.2,312.0,22,9,178.58991045133334,310.04069208376995
71.8,347.2,CCOC(=O)C(=C(C1=CC(=C(N=C1Cl)Cl)F)O)C=NC2CC2,3.8,483.0,22,6,174.49945439433336,283.8260680642753
81.7,305.32,CC1=CC(=CC(=C1/C=C(/C(=O)OC)\NC(=O)C)C)OC(=O)C,2.1,459.0,22,6,170.62751906333335,279.7783539925314
55.8,222.24,COC1=CC=C(C=C1)C(C(=C)C(=O)OC)O,1.5,254.0,16,5,111.82660209673332,206.68222861751684
39.2,177.2,CCOC(=O)C=CC1=CC=NC=C1,1.5,183.0,13,4,95.3148825188,172.35871148104906
46.5,210.2,CCOC(=O)/C=C/C1=CC(=C(C=C1)O)F,3.1,240.0,15,4,120.28606161786666,187.33169180435817
52.3,227.69,CCOC(=O)/C=C/C1=CC=C(C=C1)N.Cl,,205.0,15,4,132.60567860036667,187.3410603908336
54.3,488.0,CN1[C@@H]2CC[C@H]1CC(C2)OC(=O)/C(=C/C3=CC=CC=C3)/C4=CC=C(C=C4)N=NC5=CC=CC=C5.Cl,,716.0,35,7,300.68256565633334,441.1820952408643
114.0,528.5,C1=CC(=CC=C1/C=C/C(=O)OCCC2=C(C=C(C=C2)N)N)OC(=O)C3=CC=C(C=C3)OCCCC(F)(F)F,6.0,762.0,38,13,306.44067400033333,460.0220001678293
89.9,258.269,CC(=C)C(=O)OC.COC(=O)C=C.C=CC(=O)O,,216.0,18,5,175.27384977733334,124.01845010441679
72.1,231.2,C#CCOC(=O)/C=C/C1=CC(=CC=C1)[N+](=O)[O-],2.0,360.0,17,4,130.19980483846666,209.86740048607786
52.6,381.14,CCOC=C(C(=O)C1=CC(=C(C(=C1F)Br)F)F)C(=O)OCC,3.6,444.0,22,7,148.73508250066666,259.81985238509526
26.3,290.08,C=CC(=O)OC(C(F)(F)F)(C(F)(F)F)C(F)(F)F,3.9,298.0,18,3,63.95640405699999,178.25762174279924
26.3,240.38,CCCCCCCCCC(CC)OC(=O)C=C,6.2,199.0,17,12,129.67752673533334,257.9173322330569
46.5,182.22,COC(=O)C=C=C1CCCCC1O,0.2,249.0,13,2,99.9035806935,170.67776886468812
76.7,412.3,COC1=C(C=C(C=C1)C(F)(F)F)NC(=O)NC2=C(C=CC=C2F)C=CC(=O)OC,3.7,599.0,29,6,208.1704294593333,337.33508234163867
99.2,343.29,CC1=CC(OC1=O)O/C=C(/C(=O)OC)\N2C(=O)C3=CC=CC=C3C2=O,1.6,669.0,25,5,176.87583951233333,290.0379815668739
38.7,265.31,COC(=O)C(=C)N=C(C1=CC=CC=C1)C2=CC=CC=C2,4.1,355.0,20,5,165.65791803966667,261.92361956093504
63.7,197.19,C=CC(=O)OCCN1C(=O)CCC1=O,-0.4,269.0,14,5,85.9676853593,173.726132555263
136.0,292.24,CCCOC(=O)/C(=C/C1=CC(=C(C(=C1)O)O)[N+](=O)[O-])/C#N,2.7,475.0,21,5,160.74376386766667,241.22310431634023
46.5,172.22,CCCCCC(O)OC(=O)C=C,2.5,143.0,12,7,81.73974600936667,168.25520740282215
52.6,206.19,COC1=C(C=CC(=C1)C=O)OC(=O)C=C,1.7,249.0,15,5,110.01660654866664,189.48743995594293
46.6,293.3,CCOC(=O)/C=C/N1C2=CC=CC=C2C(=O)C3=CC=CC=C31,3.5,433.0,22,4,191.70272677800003,273.15356653253883
63.0,188.18,COC(=O)/C(=C/C1=CN=CC=C1)/C#N,1.1,288.0,14,3,109.11462373246668,175.45606152706276
26.3,218.29,CC(C)(C)C1=CC=C(C=C1)/C=C/C(=O)OC,4.3,252.0,16,4,143.5582362773,224.25568966064827
65.7,245.28,CCOC(=O)/C(=C/N=C1C=CC(=CN1C)C)/C#N,0.9,504.0,18,4,152.3335113803333,234.68886949741423
48.3,207.23,CCOC(=O)/C=C/C1=CC=C(N1C)C=O,1.1,263.0,15,5,128.48745674580002,196.529833753843
48.7,244.24,COC1=CC=C(C=C1)OC(=O)/C=C/C2=CC=CO2,2.8,292.0,18,5,155.4363716122,227.4369798357716
51.0,252.27,C=CC(=O)OC1=CC=CC=C1N=NC2=CC=CC=C2,4.0,335.0,19,5,144.389730976,241.41492009678205
72.1,239.2,CCOC(=O)/C=C/C1=C(C=CC(=C1)F)[N+](=O)[O-],2.5,313.0,17,4,122.63312653903334,202.33381169070222
67.9,205.21,CC1=NN(C=C1/C=C(/C#N)\C(=O)OC)C,0.8,329.0,15,3,113.5377064365,190.400128400619
35.5,343.6,C=CC(=O)OC1=C(C=CC(=C1)Cl)OC2=C(C=C(C=C2)Cl)Cl,5.7,377.0,21,5,176.77911919266668,284.62834283031157
42.1,225.24,C#CCOC(=O)/C=C/C1=CNC2=CC=CC=C21,2.6,353.0,17,4,145.1614533063,218.3277434174885
35.5,192.21,COC1=CC=CC(=C1)C=CC(=O)OC,2.4,211.0,14,4,105.17639853493334,186.14114029558428
68.8,274.72,CCOC(=O)/C=C/S(=O)(=O)C1=CC=C(C=C1)Cl,2.1,375.0,17,5,133.22125937866667,225.98380908261385
118.0,238.15,C=CC(=O)OC1=C(C=C(C=C1)[N+](=O)[O-])[N+](=O)[O-],2.0,344.0,17,3,111.13555759633334,185.90794903794395
26.3,282.5,CCCCCCCCCCCCC(CC)OC(=O)C=C,7.8,236.0,20,15,156.45463476400002,304.9266963609547
26.3,384.85,C=CC(=O)OC1=C(C(=C(C=C1)Br)Br)Br,4.3,232.0,14,3,124.64163791736668,171.3393950750953
55.8,284.31,COC1=C(C=CC(=C1)/C=C\C(=O)OCC2=CC=CC=C2)O,3.3,347.0,21,6,160.252447201,266.95417490477166
26.3,224.68,CCCOC(=O)/C=C/C1=CC=C(C=C1)Cl,4.1,218.0,15,5,132.4680090436,210.53023444218746
26.3,368.14,C=CC(=O)OCCC(C(C(C(C(F)(F)F)(F)F)(F)F)(F)F)(F)F,4.9,452.0,23,8,91.4122208973,235.2199842286688
44.8,298.3,CCOC1=CC=C(C=C1)/C=C/C(=O)OC2=CC=C(C=C2)OC,4.1,350.0,22,7,202.4878621983333,287.71811759332513
46.6,301.26,CCOC(=O)/C(=C/N(C)C)/C(=O)C1=CC(=C(C=C1F)F)F,2.7,426.0,21,6,146.32731246333333,254.51794964102533
44.8,250.29,CCOC1=C(C=C(C=C1)/C=C/C(=O)OC)OCC,2.9,275.0,18,7,159.4135075833,242.24592475533774
26.3,252.31,CCOC(=O)/C=C/C1=CC(=CC=C1)C2=CC=CC=C2,4.6,302.0,19,5,174.647300511,253.63800864602229
192.0,586.7,CCC(CO)(CO)CO.CC1(CC(CC(C1)(C)CN=C=O)N=C=O)C.C=CC(=O)OCCO.C1CCC(=O)OCC1,,589.0,41,11,339.5638604123333,250.96146340588373
45.8,173.12,CC1=C(C=CC(=C1F)F)[N+](=O)[O-],2.3,183.0,12,0,71.92119400483334,134.22417760255018
55.8,264.32,C=CC(=O)OCCCCCCOC1=CC=C(C=C1)O,3.4,257.0,19,10,137.84821414196665,254.46126605504006
55.8,330.4,CC(=CCC/C(=C/COC(=O)/C=C/C1=CC(=C(C=C1)O)OC)/C)C,5.2,472.0,24,9,209.25290476,327.79489122000683
98.8,390.4,C=CC(=O)OCCOCCOCCOCCOCCOCCOC(=O)C=C,0.4,362.0,27,22,171.97745749966666,357.0939875722127
52.3,129.16,C=CC(=O)OCCCN,0.5,101.0,9,5,58.66900883513333,122.98572135786775
89.5,346.37,C=CC(=O)OCCOCCOCCOCCOCCOC(=O)C=C,0.6,322.0,24,19,154.21423807533333,316.3864430543525
44.1,180.2,CC(=C)C(=O)OCCN1C=CN=C1,0.8,204.0,13,5,84.2939863525,172.39979715271647
26.3,170.25,CCCCCCC(=C)C(=O)OC,3.7,150.0,12,7,87.04051625380002,179.12098985456294
52.6,294.3,C=CC(=O)OC1=CC=C(C=C1)C2=CC=C(C=C2)OC(=O)C=C,4.2,373.0,22,7,192.11192511,280.05943483870186
170.0,421.4,C1=CC(=CC=C1/C=C/C(=O)OC/C(=C/C#N)/CO[C@H]2[C@@H]([C@H]([C@@H]([C@H](O2)CO)O)O)O)O,-0.4,662.0,30,9,215.77191660366665,350.17572798037315
59.4,193.2,COC(=O)C(=C)C(C1=CC=CC=N1)O,0.5,227.0,14,4,93.42953481456668,177.63152269450316
35.5,268.31,COC(=O)/C=C/C1=CC=C(C=C1)OCC2=CC=CC=C2,4.1,310.0,20,6,174.05812429923333,263.449414732742
35.5,220.26,CCOC1=CC=CC(=C1)/C=C/C(=O)OCC,2.9,235.0,16,6,135.99333841283334,217.84382736765625
52.6,256.339,CCCCC(CC)COC(=O)CCOC(=O)C=C,3.7,261.0,18,12,122.302773971,254.6087827419192
72.1,235.24,CCOC(=O)/C(=C/C1=CC=C(C=C1)[N+](=O)[O-])/C,3.0,311.0,17,4,137.736758647,212.7676092545776
50.1,249.26,C=CC(=O)OC1=CC=C(C=C1)C2=CC=C(C=C2)C#N,3.6,366.0,19,4,170.71128987359998,242.2882848039752
46.5,528.8,CCCCCCCCCCCCCCCCCCOC(=O)/C=C/C1=CC(=C(C(=C1)C(C)(C)C)O)C(C)(C)C,14.0,600.0,38,22,328.434146978,558.578093046349
102.0,315.28,COC1=C(C=CC(=C1)/C=C/C(=O)OC2=CC=C(C=C2)[N+](=O)[O-])O,3.2,438.0,23,5,199.64814265033337,271.94008967758566
55.8,208.21,CO/C=C(\C1=CC=CC=C1O)/C(=O)OC,1.6,247.0,15,4,111.27004668256666,190.7909464902317
26.3,196.63,COC(=O)C(=C)C1=CC(=CC=C1)Cl,3.0,213.0,13,3,99.64485739203332,179.4889607244112
26.3,212.19,CCOC(=O)/C=C/C1=C(C=CC=C1F)F,2.8,231.0,15,4,111.73808966236668,187.54097170358708
72.6,193.2,COC(=O)C=CC1=CC(=C(C=C1)N)O,1.2,227.0,14,3,116.2539766293,173.02603602686744
39.2,231.17,COC(=O)/C=C/C1=CN=C(C=C1)C(F)(F)F,2.1,276.0,16,3,108.29566087079998,187.71725696037157
26.3,190.24,CCOC(=O)C=CC1=CC=C(C=C1)C,3.4,200.0,14,4,124.53558281923333,192.6997552200528
62.6,224.28,CCOC(=O)/C=C\S(=O)C1=CC=CC=C1,1.5,255.0,15,5,120.53606048296668,203.1842212766758
76.9,192.3,CCOC(=O)C=C(SC)SC,2.0,149.0,11,5,94.77187592676668,171.23510991196392
26.3,204.26,CC(C)(C)OC(=O)C(=C)C1=CC=CC=C1,3.3,242.0,15,4,114.35289277993331,208.4484989921509
44.8,236.26,CCOC(=O)/C=C/C1=C(C=C(C=C1)OC)OC,2.5,262.0,17,6,146.98214938233332,226.4266341538822
55.7,217.22,CCOC(=O)/C=C/C1=CC(=CC=C1)N=C=O,3.4,305.0,16,5,134.1842966892667,205.42279023559178
44.8,200.23,CCOC(=O)/C=C\[C@@H]1COC(O1)(C)C,1.0,232.0,14,4,95.08182381613334,185.67777427775206
61.8,222.18,CCOP(=O)(COC(=O)C=C)OCC,0.8,228.0,14,8,98.22850453426668,190.2336231044966
55.7,155.15,C=CC(=O)OCCCN=C=O,1.8,182.0,11,6,68.50053354406667,144.70278584002804
26.3,142.2,CCC(C)(C)OC(=O)C=C,2.1,136.0,10,4,70.18338509926667,147.5316423327372
46.5,116.11,CCOC(=O)C(=C)O,1.4,106.0,8,3,48.73536145126667,105.47420947227205
112.0,386.4,CCOC(=O)/C(=C/NC1=CC(=NC(=N1)OC)OC)/C(=O)NC2=CC=C(C=C2)C,4.0,548.0,28,9,240.57453475833333,347.1714492361377
32.8,172.22,CN(C)C(=CC(=O)OC)N(C)C,0.8,176.0,12,4,90.14714062913332,172.932803898052
29.5,241.37,CCCCN(CCCC)CCCOC(=O)C=C,4.0,196.0,17,12,125.04902299233332,254.47990723175542
68.8,164.18,COC(=O)/C=C/S(=O)(=O)C,-0.4,231.0,10,3,70.56334487583334,131.16539737165715
26.3,222.08,C=C(C(=O)OCC(F)(F)F)C(F)(F)F,2.7,238.0,14,3,54.735619350700006,147.06605767381598
71.6,290.3,C1=CSC(=C1)/C=C/C(=O)OCC(=O)C2=CC=C(C=C2)F,3.4,375.0,20,6,161.45475115683334,253.14339577998575
35.5,206.24,CCOC(=O)C(=C)C1=CC=C(C=C1)OC,2.7,227.0,15,5,116.28754477336668,201.62961121025
39.2,195.19,CCOC(=O)/C=C/C1=C(C=NC=C1)F,1.6,218.0,14,4,106.54035455716668,177.64288405413978
26.3,210.65,CCOC(=O)C=CC1=CC=C(C=C1)Cl,3.6,205.0,14,4,124.34293616576667,195.26233419967357
26.3,207.06,CC(C)OC(=O)C(=C)CBr,2.1,141.0,10,4,74.48234262863333,140.47248082119506
26.3,301.15,CC(C)(C)OC(=O)/C=C/C1=CC(=C(C=C1)Br)F,4.0,296.0,17,4,148.37412299870002,222.1181574017638
73.8,341.4,COC(=O)C(=C)C1=CC2=CC=CC=C2N1S(=O)(=O)C3=CC=CC=C3,3.7,589.0,24,5,202.0193162953333,299.96891227328484
73.9,226.23,CCOC(=O)/C(=C/C1=CC=C(C=C1)C#N)/C#N,2.1,400.0,17,4,145.3015243398,215.87396614298902
71.1,342.32,CCOC(=O)/C(=C\C1=CC(=CC=C1)OC)/P(=O)(OCC)OCC,2.6,438.0,23,10,182.4567792413333,306.6983812064755
71.1,342.32,CCOC(=O)/C(=C\C1=CC=CC=C1OC)/P(=O)(OCC)OCC,2.6,438.0,23,10,180.48729241266665,306.467150700799
52.6,268.35,CCOC(=O)/C=C/C1(CCCCC1)CCOC(=O)C,3.7,327.0,19,8,138.206233278,258.9727099444346
26.3,288.29,C1=CC=C(C=C1)CCOC(=O)/C=C/C2=C(C=CC(=C2)F)F,4.4,351.0,21,6,161.338043687,264.5219657710208
44.8,284.31,COC1=CC=C(C=C1)/C=C/C(=O)OC2=CC=CC=C2OC,3.4,345.0,21,6,186.91822993766667,271.9240829271027
115.0,377.4,CC1=NN=C(N(C1=O)COC(=O)/C=C/C2=CC(=C(C=C2)OC)OC)SC,2.5,620.0,26,8,219.5287953573333,329.918333420388
52.1,206.24,CC(C)(C)OC(=O)/C=C/C1=CN=CN=C1,1.5,238.0,15,4,117.92951525296668,198.68299867696777
26.3,259.07,COC(=O)/C=C/C1=CC(=C(C=C1)F)Br,3.0,230.0,14,3,118.27326850453332,175.13782228972784
68.8,244.24,COC(=O)/C=C/C1=CC=C(C=C1)S(=O)(=O)F,2.4,361.0,16,4,131.8870823595,196.57511080159014
46.6,247.29,CCOC(=O)C(=CN(C)C)C(=O)C1=CC=CC=C1,2.4,328.0,18,6,141.64001774186667,239.9302076540457
73.9,359.4,CC1CCCC(C1C)NC(=O)COC(=O)/C=C/C2=CC3=C(C=C2)OCO3,4.0,534.0,26,6,209.5520950383333,329.0523244512982
166.0,400.4,C1=CC(=CC=C1/C=C/C(=O)OCC(COC2C(C(C(C(O2)CO)O)O)O)O)O,-1.1,505.0,28,9,189.698504498,322.9294926744167
134.0,440.4,C1CC(C(CC1)OC(=O)/C=C/C2=CC(=C(C=C2)O)O)OC(=O)/C=C/C3=CC(=C(C=C3)O)O,4.1,632.0,32,8,262.265171761,383.16094393880695
72.8,292.33,CC1=C2CC(C(CC2(OC1=O)O)(C)C=C)C(=C)C(=O)OC,1.8,573.0,21,4,147.246983255,264.27218041617954
43.4,230.26,COC(=O)/C=C/C1=CC=C(C=C1)C(=O)C2CC2,2.3,320.0,17,5,147.99334352033333,223.28155151187227
82.7,371.2,CCOC(=O)C(=C(C1=CC(=C(C(=C1Cl)C#N)Cl)F)O)C=NC2CC2,3.9,597.0,24,6,211.55593198466667,307.6531662365628
68.8,192.24,CCOC(=O)/C=C/S(=O)(=O)CC,0.3,258.0,12,5,88.38526378836667,162.71405582903702
52.6,186.2,CCOC(=O)C(=C)C(C)OC(=O)C,1.2,220.0,13,6,84.68605670839999,175.6200091875442
63.2,177.16,COC(=O)C(=CC1=CC=CO1)C#N,1.6,274.0,13,3,101.36107555463332,160.45658731418564
105.0,296.32,CC1(CCCC(C1)N=C=O)N=C=O.C=CC(=O)OCCO,,365.0,21,6,138.795060799,188.99431022818828
70.3,203.19,COC(=O)/C(=C/C1=CC=C(C=C1)O)/C#N,1.7,305.0,15,3,124.2692217868,185.7186318166648
70.3,203.19,COC(=O)/C(=C/C1=CC(=CC=C1)O)/C#N,1.8,313.0,15,3,118.297086008,185.0334074545923
109.0,298.25,COC(=O)/C(=C/C1=CC=C(O1)C2=CC(=CC=C2)[N+](=O)[O-])/C#N,3.2,516.0,22,4,190.3775430537333,257.4446933247422
44.8,236.26,CCOC(=O)/C=C/C1=C(C(=CC=C1)OC)OC,2.3,262.0,17,6,143.9704336145333,226.2354371867776
62.2,375.73,CCOC(=O)/C=C/C1=CC(=C(C=C1Cl)F)N2C(=O)N(C(=N2)C)C(F)F,3.4,588.0,25,6,190.99736338266663,298.2688100980835
55.8,330.4,C[C@]12CC[C@H](C1(C)C)C[C@H]2OC(=O)/C=C/C3=CC(=C(C=C3)O)OC,4.8,512.0,24,5,201.8673304236667,313.1899691254145
72.5,297.3,CCOC(=O)/C(=C/C1=CC=C(O1)C2=CC=C(C=C2)OC)/C#N,3.2,457.0,22,6,212.49393454466667,277.8768237654861
72.5,311.3,CCOC1=CC=CC=C1C2=CC=C(O2)/C=C(\C#N)/C(=O)OCC,3.6,479.0,23,7,226.67979752156663,293.6164222494536
72.5,297.3,CCOC1=CC=CC=C1C2=CC=C(O2)/C=C(\C#N)/C(=O)OC,3.2,465.0,22,6,201.271534738,277.1625815923547
26.3,244.21,CCOC(=O)C=CC1=CC=CC=C1C(F)(F)F,3.5,284.0,17,4,118.3109285622,208.25592311481736
46.5,206.24,CCOC(=O)/C=C/C1=C(C=CC(=C1)C)O,2.6,235.0,15,4,127.27383759226666,198.0165584976621
102.0,315.28,CC(=O)/C(=C\C1=CC=C(O1)C2=CC(=CC=C2)[N+](=O)[O-])/C(=O)OC,2.7,509.0,23,5,195.525816627,272.65068629860826
26.3,212.19,CCOC(=O)C=CC1=C(C=C(C=C1)F)F,2.8,241.0,15,4,111.71893275756668,187.49495226109198
58.9,332.2,COC(=O)/C(=C(\C1=CC(=C(C=C1Cl)Cl)F)/O)/C=NC2CC2,3.9,465.0,21,5,177.07281910653333,272.6697238849417
26.3,204.26,CC1=CC(=C(C=C1)C(C)C)OC(=O)C=C,3.6,233.0,15,4,120.32371514093334,208.83453372164846
26.3,204.26,CC(C)C1=CC=C(C=C1)/C=C/C(=O)OC,3.7,223.0,15,4,134.51770182166666,208.6376017352288
61.8,370.4,C=CC(=O)OC1=CC2=C(C=C1)C3(C4=CC=CC=C4C(=O)O3)C5=CC=CC=C5O2,4.5,659.0,28,3,222.27681019066668,331.4755642214616
44.8,256.2,CCOC(=O)/C=C/C1=CC2=C(C=C1)OC(O2)(F)F,3.5,343.0,18,4,129.01027637123337,210.8221631050506
26.3,273.1,CCOC(=O)C=CC1=CC(=C(C=C1)Br)F,3.4,243.0,15,4,117.9837299572,190.89178385580297
26.3,313.1,CCOC(=O)C(=C(Cl)Cl)C1=CC=C(C=C1)C(F)(F)F,4.7,355.0,19,4,132.8777680933,242.926363024631
52.6,248.27,CCOC(=O)/C(=C/C1=CC=C(C=C1)OC)/C(=O)C,2.5,325.0,18,6,153.20492910733333,235.6478388175072
43.4,252.69,CCOC(=O)/C(=C/C1=CC=C(C=C1)Cl)/C(=O)C,3.0,315.0,17,5,145.7926410544,228.85447437843658
75.0,302.26,CCOC(=O)/C(=C\C1=CC=CO1)/P(=O)(OCC)OCC,1.7,382.0,20,9,158.9423124886,261.8225614122862
63.7,363.4,CC(C)CCOC(=O)/C=C/C1=CC(=CC=C1)N2C(=O)C3=CC=CC=C3C2=O,4.4,573.0,27,7,226.9335373293333,342.72059358132265
26.3,248.36,CC1CCC(CC2=C(CCC12)C)C(=C)C(=O)OC,3.6,392.0,18,3,139.49775100966667,249.55708352933442
44.8,200.23,CCOC(=O)C=C[C@H]1COC(O1)(C)C,1.0,232.0,14,4,94.84409520746668,186.0760031789608
86.8,420.5,CC(C)(C)OC(=O)N/C(=C/C1=CC2=C(C=C1)N=C(C=C2)OC3=CC=CC=C3)/C(=O)OC,5.1,651.0,31,8,282.417786794,388.651607624041
26.3,176.21,CC1=CC=C(C=C1)C(=C)C(=O)OC,2.7,200.0,13,3,102.2418670858,177.1147996909876
26.3,230.18,COC(=O)C(=C)C1=CC(=CC=C1)C(F)(F)F,3.2,283.0,16,3,100.03914893173334,192.5247226708141
26.3,180.17,COC(=O)C=CC1=CC(=CC=C1)F,2.3,201.0,13,3,99.30751946046666,166.94206727823212
26.3,282.5,CCCCCCCCCCCC(CCC)OC(=O)C=C,7.6,236.0,20,15,153.464687675,304.9049730956179
50.1,187.19,COC(=O)C=CC1=CC(=CC=C1)C#N,1.9,274.0,14,3,111.82303997976668,181.18187301608688
32.8,216.13,C=CC(=O)OCC(CN(F)F)N(F)F,1.1,200.0,14,5,70.24446639143333,159.35468354090088
29.5,289.34,CN1C2CCC1CC(C2)OC(=O)C(=C)C3=CC=C(C=C3)F,3.7,403.0,21,4,151.15634095266668,268.6403226745809
52.3,143.18,CCOC(=O)C(=C(C)C)N,1.5,157.0,10,3,72.29689184586665,138.41166073183942
51.6,132.18,COC(=O)C(=C)SC,1.4,109.0,8,3,59.08268112436667,120.1994819062076
35.5,192.21,COC(=O)C(=C)COC1=CC=CC=C1,2.2,205.0,14,5,95.71540369683332,186.37970701336698
86.2,499.3,COC1=C(C=CC(=C1)/C=N/NC(=O)COC2=C(C=C(C=C2)Cl)Cl)OC(=O)/C=C/C3=CC=CC=C3,5.9,713.0,34,10,313.63815289866665,437.27703454724747
26.3,254.41,CCCCCCCCCCC(CC)OC(=O)C=C,6.7,211.0,18,13,138.84855417633332,273.7946657648772
26.3,254.41,CCCCCCCCCC(CCC)OC(=O)C=C,6.5,211.0,18,13,138.33426945533333,273.4356375802198
46.5,206.24,CCCOC(=O)/C=C/C1=CC=C(C=C1)O,2.7,215.0,15,5,127.64902038633332,198.05031903230233
120.0,348.3,CN(C)CCOC(=O)/C=C/C1=CNC2=CC=CC=C21.C(=O)(C(=O)O)O,,400.0,25,7,183.858580889,258.40571787937955
61.8,222.18,CCOP(=O)(C=CC(=O)OC)OCC,0.2,238.0,14,7,97.4981244276,190.19948526101243
46.5,158.19,CCCCOC(=O)C(=C)CO,1.6,140.0,11,6,73.41178792756666,152.46721807965181
26.3,251.5,C=CC(=O)OC1=C(C(=C(C=C1)Cl)Cl)Cl,3.9,232.0,14,3,110.17504680540002,199.06513263196666
44.8,264.32,C=CC(=O)OCC(OC1=CCCC1)OC2=CCCC2,3.3,369.0,19,8,136.842005736,251.7889964150132
67.9,153.14,C=CC(=O)OCC1=NNN=C1,-0.1,160.0,11,4,65.35748625716667,130.90067580723576
26.3,268.4,CCCCCCCCCCCC(CC)OC(=O)C=C,7.3,223.0,19,14,144.5035458793333,289.2580350074008
26.3,268.4,CCCCCCCCCCC(CCC)OC(=O)C=C,7.1,223.0,19,14,147.19586713766668,288.96754824423084
26.3,282.5,CCCCCCCCCCC(CCCC)OC(=O)C=C,7.6,236.0,20,15,154.695358064,305.3056355537616
38.8,144.17,CCCCOC(=O)C1CO1,1.1,122.0,10,5,63.92136006243333,136.34013485569204
26.3,302.11,CCOC(=O)/C=C/C1=CC=CC=C1I,3.6,213.0,14,4,126.5257906081,187.45818290440081
26.3,226.27,CCOC(=O)C=CC1=CC2=CC=CC=C2C=C1,3.8,283.0,17,4,158.5309760662333,224.67693989095721
42.1,440.3,C[N+]1(CCCCC1)CCOC(=O)/C=C/C2=CNC3=CC=CC=C32.[I-],,429.0,24,6,206.7447847389,305.7404773068131
120.0,388.4,C1CCN(CC1)CCOC(=O)/C=C/C2=CNC3=CC=CC=C32.C(=O)(C(=O)O)O,,462.0,28,7,205.2238443893333,300.5414952422895
129.0,390.4,C1COCCN1CCOC(=O)/C=C/C2=CNC3=CC=CC=C32.C(=O)(C(=O)O)O,,465.0,28,7,188.71116233566667,307.96515774265
46.5,220.26,CC(C)(C)OC(=O)C=CC1=CC=C(C=C1)O,2.8,255.0,16,4,131.15091183096666,212.98016553315026
26.3,182.26,CCCCOC(=O)C=C.C=CC=C,,118.0,13,6,96.42717754943334,141.38501951003866
38.3,267.32,COC(=O)/C=C/C1=CC=CC=C1NCC2=CC=CC=C2,3.7,321.0,20,6,176.17948091533333,264.4222236051118
26.3,228.65,CCOC(=O)C=CC1=C(C=CC=C1Cl)F,3.3,243.0,15,4,119.74507115586668,200.06654787265947
35.5,234.29,CCCCOC(=O)C=CC1=CC=C(C=C1)OC,3.4,240.0,17,7,134.81973748766669,233.44636872854286
29.5,143.18,CCOC(=O)C(=C)N(C)C,1.4,141.0,10,4,70.24376342693333,144.5621461122078
63.7,245.23,CCOC(=O)C(=C)N1C(=O)C2=CC=CC=C2C1=O,1.8,391.0,18,4,127.96512206683332,218.18144320519554
52.6,172.18,CCC(=O)OC(C)OC(=O)C=C,1.6,186.0,12,6,74.98560522196667,160.2216716312929
26.3,208.23,CC(C)OC(=O)/C=C/C1=CC=CC=C1F,3.1,236.0,15,4,119.87376428733334,198.15210113221775
52.6,172.18,CC(=O)OC=C.COC(=O)C=C,,132.0,12,4,112.0338099895,103.0192366043206
26.3,218.29,CCCCOC(=O)C=CC1=CC=C(C=C1)C,3.8,225.0,16,6,128.61611988466666,224.53617922616988
29.5,155.19,COC(=O)C=CN1CCCC1,1.0,160.0,11,3,84.99927266446667,151.09285800242623
26.3,255.11,CC(=CC(=O)OC1=CC=C(C=C1)Br)C,3.8,223.0,14,3,117.6054746634,185.3892897568165
26.3,668.19,C=CC(=O)OCCC(C(C(C(C(C(C(C(C(C(C(F)(F)F)(F)F)(F)F)(F)F)(F)F)(F)F)(F)F)(F)F)(F)F)(F)F)(F)F,8.9,975.0,41,14,148.2071952566667,391.10973871611105
84.5,238.24,CCCOC(=O)/C=C/C1=C(NC(=O)NC1=O)C,0.6,410.0,17,5,129.35455237383334,206.24231026752054
46.5,394.5,CC1=C(C(=C(C=C1)C(C)(C)C)O)CC2=C(C(=CC(=C2)C)C(C)(C)C)OC(=O)C=C,7.9,568.0,29,7,230.9222543253333,398.16115256389844
43.4,222.28,CC1=C(C(CCC1=O)(C)C)/C=C/C(=O)OC,2.0,373.0,16,3,131.10412686393332,215.27535469615978
65.099,270.32,CCCCOC(=O)C=C.CC(=C)C(=O)OCC1CO1,,259.0,19,9,123.75045006266669,172.60435690485374
71.6,196.22,COC(=O)/C=C/C1=CC=C(S1)C=O,1.7,225.0,13,4,119.71199032586668,171.4646918591642
52.6,282.72,CCOC(=O)C(=C(C1=CC=CC=C1)Cl)C(=O)OCC,3.4,337.0,19,7,145.1114976621,253.23432780760132
70.4,326.27,CCOC(=O)C(=CN(C)C)C(=O)C1=CC(=C(C(=C1F)C#N)F)F,2.4,541.0,23,6,160.98236238466666,274.08550270520215
98.4,380.1,CCOC=C(C(=O)C1=CC(=C(C(=C1Cl)[N+](=O)[O-])Cl)F)C(=O)OCC,3.8,524.0,24,7,176.87978891599997,296.3983511186977
52.6,302.24,CCOC=C(C(=O)C1=CC(=C(C=C1F)F)F)C(=O)OCC,2.9,411.0,21,7,141.42278822623334,251.69573476259575
59.5,385.2,CCOC(=O)C(=CN(C)C)C(=O)C1=C(N=C2C=C(C(=CC2=C1)F)Cl)Cl,4.4,544.0,25,6,214.1699241899333,322.3905583512885
98.4,381.69,CCOC=C(C(=O)C1=C(C(=C(C(=C1F)Cl)F)F)[N+](=O)[O-])C(=O)OCC,3.4,555.0,25,7,161.912349155,289.25595847950353
65.5,336.14,CCOC=C(C(=O)C1=CC(=C(N=C1Cl)Cl)F)C(=O)OCC,3.6,419.0,21,7,159.01900556,271.6523458013427
82.7,371.2,CCOC(=O)/C(=C(\C1=CC(=C(C(=C1Cl)C#N)Cl)F)/O)/C=NC2CC2,3.9,597.0,24,6,196.089714877,308.1426216250472
61.8,326.3,CC(=O)C1=C(C=C(C=C1)OC)OC(=O)/C=C/C2=CC=C(C=C2)OC,3.4,451.0,24,7,214.8150775453333,306.78679538032
26.3,306.71,CC(C)(C)OC(=O)/C=C/C1=CC(=C(C=C1)Cl)C(F)(F)F,4.7,372.0,20,4,152.9143790925,257.4413082770515
84.2,297.31,CCOC(=O)C(=CNC1=C2C(=CC(=C1)OC)C=CC=N2)C#N,3.0,469.0,22,6,200.24312506746665,273.5420955589996
88.9,268.29,COC(=O)/C=C/S(=O)C1=CC=CC=C1C(=O)OC,1.0,364.0,18,6,139.2417675769,231.06056984543292
29.5,253.72,CCOC(=O)/C(=C/C1=CC=C(C=C1)N(C)C)/Cl,3.5,281.0,17,5,167.569307989,238.74630890965682
52.6,316.27,CCOC=C(C(=O)C1=CC(=C(C(=C1F)C)F)F)C(=O)OCC,3.3,439.0,22,7,151.9210444693333,266.8152980014409
63.2,358.4,COC1=C(C=C(C=C1)C=C(C2=CC(=C(C=C2)OC)OC)C(=O)OC)OC,3.7,477.0,26,8,222.9845844463333,335.0929961338047
92.4,360.28,CCOC(=O)C(=CN(C)C)C(=O)C1=C(C(=C(C(=C1F)C)F)F)[N+](=O)[O-],2.9,564.0,25,6,172.58722426133332,290.0560499714401
58.9,331.26,CCOC(=O)C(=C(C1=CC(=C(C(=C1F)F)F)F)O)C=NC2CC2,3.3,507.0,23,6,175.10580412966667,268.8266645845515
71.8,437.2,CCOC(=O)C(=C(C1=CC(=C(N=C1Cl)Cl)F)O)C=NC2=C(C=C(C=C2F)F)F,5.3,613.0,28,6,192.53812922333336,333.3505157633688
58.9,382.2,CCOC(=O)C(=C(C1=C(C(=C(C(=C1Cl)F)F)Cl)F)O)C=NC2CC2,4.4,542.0,24,6,180.897219438,299.35631771971043
50.1,256.079,COC(=O)/C(=C/C1=C(C=C(C=C1)Cl)Cl)/C#N,2.6,345.0,16,3,137.69390830199998,215.77411168335797
304.0,756.7,CC1C(C(C(C(O1)OC2C(C(OC(C2OC(=O)C=CC3=CC(=C(C=C3)O)O)COC4C(C(CO4)(CO)O)O)OCCC5=CC(=C(C=C5)O)O)O)O)O)O,-1.7,1190.0,53,14,352.05850216866673,
26.3,238.28,COC(=O)/C=C/C1=CC=CC=C1C2=CC=CC=C2,4.2,290.0,18,4,158.44269036453332,237.25715730568345
282.0,784.8,CC1C(C(C(C(O1)OC2C(C(OC(C2OC(=O)/C=C/C3=CC(=C(C=C3)O)OC)CO)OCCC4=CC(=C(C=C4)OC)O)O)OC5C(C(C(CO5)O)O)O)O)O,-1.4,1210.0,55,15,375.684830505,632.4551427877345
81.7,305.32,CCOC(=O)C(=CNC1=CC=C(C=C1)C(=O)C)C(=O)OCC,2.9,416.0,22,9,190.42571084506667,281.61776981343667
26.3,273.1,CCOC(=O)/C=C/C1=C(C=C(C=C1)Br)F,3.4,243.0,15,4,131.38158526693334,190.66684594333623
26.3,140.18,COC(=O)C(=C)CC1CC1,2.1,157.0,10,4,70.21220750883333,143.2679954874535
26.3,136.1,C=CC(=O)OCC(F)F,1.5,112.0,9,4,46.26348404706667,110.95535768701484
46.5,271.11,COC(=O)C(=C)C(C1=CC(=CC=C1)Br)O,2.2,252.0,15,4,109.32579956973332,190.39015221538384
26.3,190.24,CCC1=CC=C(C=C1)C=CC(=O)OC,3.4,200.0,14,4,114.70406118276668,192.99113648819767
46.6,213.27,CC(=O)/C(=C/N(C)C)/C(=O)OC(C)(C)C,1.4,285.0,15,5,113.04558644533331,210.2092698090491
39.2,149.15,C=CC(=O)OC1=CC=CC=N1,1.5,156.0,11,3,76.9670126816,141.67899368328844
26.3,230.18,C=C(C(=O)OCC1=CC=CC=C1)C(F)(F)F,3.1,265.0,16,4,96.62363134056666,193.17480987127297
52.6,246.26,C=CC(=O)OCCOC(=O)C=CC1=CC=CC=C1,3.1,314.0,18,8,131.2865933779,234.92550924940107
26.3,244.21,CCOC(=O)C=CC1=CC(=CC=C1)C(F)(F)F,3.9,284.0,17,4,117.54835032786666,208.18028095830664
31.2,165.19,CN1C=CC=C1/C=C/C(=O)OC,1.0,189.0,12,3,100.38629218293336,161.41212760070658
52.6,200.23,CC(C)(C)OC(=O)CC(=C)C(=O)OC,1.5,247.0,14,6,91.69730578113332,191.16063957527913
64.599,249.26,CC(=O)NC(=CC1=CC=C(C=C1)OC)C(=O)OC,1.6,330.0,18,5,152.14794179626668,230.60020423031557
70.3,375.01,CCOC(=O)/C(=C/C1=CC(=C(C(=C1)Br)O)Br)/C#N,3.5,376.0,18,4,161.624756526,217.78390268558533
26.3,148.59,C=CC(=O)OCCCCl,2.1,101.0,9,5,59.59321865856666,134.57941792500537
46.5,192.21,C=C(CO)C(=O)OCC1=CC=CC=C1,1.3,205.0,14,5,95.17836341053334,182.28875432131844
48.0,327.8,COC1=CC=CC=C1/C=C/C(=O)OCCN2CCOCC2.Cl,,339.0,22,7,174.89281552900002,281.6020317035035
26.3,162.18,CC1=CC=CC=C1OC(=O)C=C,2.2,175.0,12,3,89.87263082599999,161.82703094579227
50.1,187.19,COC(=O)/C=C/C1=CC=CC=C1C#N,1.9,274.0,14,3,112.4634364143,180.8382848118234
54.5,168.21,COC(=O)C=CC1=CC=CS1,2.0,166.0,11,3,94.3911112671,152.3912768341347
71.6,298.4,CCOC(=O)C(=C=CC1=CC=CS1)C(=O)C2=CC=CC=C2,3.4,443.0,21,6,187.28577605933333,276.74121709691474
77.6,365.4,CCOC(=O)/C(=C\C1=C(NC2=CC=CC=C21)C)/P(=O)(OCC)OCC,3.1,526.0,25,9,203.95883966966667,325.65825437060874
26.3,208.3,CC1=C(C(CCC1)(C)C)/C=C/C(=O)OC,3.1,309.0,15,3,127.35238978373332,212.13467837757625
82.1,240.21,CCOC(=O)/C(=C/C1=CC(=CC(=O)O1)OC)/O,1.0,416.0,17,5,127.09549606076666,204.85034925657934
52.6,251.07,CC(C(=O)OCCOC(=O)C=C)Br,1.8,202.0,13,7,84.8253899525,168.5287576117543
52.3,115.13,CCOC(=O)/C=C/N,0.6,98.6,8,3,54.71739966563334,107.22037278981935
44.1,166.18,CN1C=C(N=C1)/C=C/C(=O)OC,0.3,192.0,12,3,94.0817145425,156.3291007191344
93.9,310.31,CCOC(=O)/C(=C/C1=CC=CO1)/C2=NC(=NN2)C3=CN=CC=C3,2.0,443.0,23,6,193.6371045281333,276.0045901701207
35.5,448.6,CCCC1CCC(CC1)C2CCC(CC2)C3=CC(=C(C(=C3)F)OCCCOC(=O)C=C)F,9.3,555.0,32,11,242.23244799033333,426.7617751178936
26.3,214.62,COC(=O)C(=C)C1=CC(=C(C=C1)F)Cl,3.1,242.0,14,3,101.741860755,184.26538161801196
85.0,403.4,C1=CC=C(C=C1)C(=O)COC(=O)/C=C/C2=CN(N=C2C3=CC=C(C=C3)F)CCC#N,3.3,660.0,30,9,230.616835124,369.16521336565046
54.5,196.27,CCOC(=O)/C=C/C1=CC=C(S1)C,2.7,201.0,13,4,122.5829063151,183.87151835377105
75.0,217.22,CCOC(=O)/C(=C/NC1=CC=CC=N1)/C#N,2.0,316.0,16,5,131.95095887163333,201.882512868906
68.8,220.29,CCCCS(=O)(=O)/C=C/C(=O)OCC,1.2,284.0,14,7,104.63245292113334,193.94412359711814
26.3,320.5,CCCCC/C=C\C/C=C\CCCCCCCCOC(=O)C=C,7.9,329.0,23,17,181.72723856533327,347.2602011545716
61.8,330.29,CCOC(=O)/C(=C/C1=CC(=CC=C1)F)/P(=O)(OCC)OCC,2.7,428.0,22,9,166.53989225133333,286.8533262945763
102.0,329.3,CC1=C(C=C(C=C1)C(=O)COC(=O)/C=C/C2=CC=C(O2)[N+](=O)[O-])C,3.6,512.0,24,6,192.61706674166663,288.43972918856844
108.0,329.23,CCOC(=O)C(=CNC1=C(C=C(C=C1)[N+](=O)[O-])C(F)(F)F)C#N,3.5,533.0,23,5,153.50016969946668,257.6928835211099
103.0,223.25,CCOC(=O)/C(=C/NC1=NC=CS1)/C#N,2.1,308.0,15,5,117.1961914665,192.60039182722684
35.5,116.11,COCOC(=O)C=C,0.9,87.7,8,4,48.01132000173334,108.71842302355832
26.3,176.21,CC(C1=CC=CC=C1)OC(=O)C=C,2.6,181.0,13,4,94.52072743683334,177.67768083527412
54.3,488.0,CN1C2CCC1CC(C2)OC(=O)/C(=C\C3=CC=CC=C3)/C4=CC(=CC=C4)N=NC5=CC=CC=C5.Cl,,724.0,35,7,326.553834986,445.10834125281696
26.3,254.41,CCCCCCCCCCCC(C)OC(=O)C=C,6.7,211.0,18,13,135.16200828166666,274.3751740599262
46.5,116.11,CC(O)OC(=O)C=C,0.6,97.8,8,3,47.55506601063333,105.46214731214687
52.6,237.05,C=CC(=O)OCCOC(=O)CBr,1.4,178.0,12,7,75.18380057086667,153.1419906365626
39.2,191.23,C=CC(=O)OCCCC1=CC=NC=C1,1.9,186.0,14,6,98.2589870301,188.2610538686804
26.3,282.5,CCCCCCCCCCCCCC(C)OC(=O)C=C,7.8,236.0,20,15,156.29498131533333,304.95394178081267
42.1,400.25,C[N+](C)(C)CCOC(=O)/C=C/C1=CNC2=CC=CC=C21.[I-],,360.0,21,6,177.32435967476667,267.91891352141636
26.3,180.24,C=C/C=C/CCCCOC(=O)C=C,3.6,192.0,13,8,102.02915190026664,190.94320681411332
26.3,222.25,CCCCOC(=O)C=CC1=CC=C(C=C1)F,3.6,230.0,16,6,118.8318989364,214.2988571885075
52.6,262.3,CCCCCOC(=O)C1=CC=C(C=C1)OC(=O)C=C,4.5,303.0,19,9,144.45562957233335,253.06088791055203
26.3,568.17,C=CC(=O)OCCC(C(C(C(C(C(C(C(C(F)(F)F)(F)F)(F)F)(F)F)(F)F)(F)F)(F)F)(F)F)(F)F,7.5,794.0,35,12,129.97981212866668,339.2104178171021
26.3,193.04,CCOC(=O)/C(=C/Br)/C,1.8,129.0,9,3,67.93621874406666,124.74733467317661
65.099,298.37,CCCCOC(=O)C=C.CC(=C)C(=O)OCC1CO1.C=C,,259.0,21,9,141.98238921966666,173.11659510075256
39.2,191.23,CCOC(=O)/C=C/C1=C(C=CN=C1)C,1.9,213.0,14,4,114.62327144233332,187.61120572652965
26.3,275.52,COC(=O)/C=C/C1=C(C=C(C=C1)Cl)Br,3.5,230.0,14,3,122.77505909613336,188.01737944524174
35.5,224.23,CCOC(=O)/C=C/C1=CC(=CC(=C1)F)OC,2.6,253.0,16,5,124.8768122571,207.02695085272074
73.9,226.23,CCOC(=O)/C(=C/C1=CC(=CC=C1)C#N)/C#N,2.1,408.0,17,4,139.15167662336668,215.6253557246651
61.6,159.18,C=CC(=O)OCCOCCN,-0.6,125.0,11,7,69.23271633573334,147.20279767954946
65.2,178.19,COC(=O)/C=C/C1=CN=C(C=C1)N,0.8,204.0,13,3,111.61358875786668,163.2147761854631
54.5,261.14,CCOC(=O)/C=C/C1=CC(=CS1)Br,3.0,206.0,13,4,120.94605355893331,176.24265017546708
67.4,183.23,CCOC(=O)/C=C/C1=CN=CS1,1.6,182.0,12,4,101.17697532046668,162.99463911551464
125.0,526.6,CC(=C)C(=O)OC.C=CC(=O)O.C=CC(=O)OCCOC1=CC=CC=C1.C=CC(=O)OCC1=CC=CC=C1,,490.0,38,13,286.117997449,251.4025734716856
103.0,239.3,CCOC(=O)/C=C/C1=CN=C(N=C1N)SC,1.3,260.0,16,5,142.60990356643333,209.4707528238571
44.1,180.2,CCOC(=O)/C=C/C1=CN(N=C1)C,0.9,204.0,13,4,103.63761278383332,171.48382975380954
26.3,262.3,C=CC(=O)OCC1=C2C=CC=CC2=CC3=CC=CC=C31,4.7,340.0,20,4,176.854732145,256.2737813424146
74.4,208.21,COC1=C(C(=CN=C1)N)/C=C/C(=O)OC,0.4,243.0,15,4,118.94372293696668,187.53752323273724
68.8,274.72,CCOC(=O)/C=C/C1=CC(=CC=C1)S(=O)(=O)Cl,2.6,383.0,17,5,147.42711690483335,226.36720842065026
95.9,246.22,CCOC(=O)/C=C/C1=C(C=C(C=C1)C#N)[N+](=O)[O-],2.1,391.0,18,4,141.41973766673334,216.6565201984062
26.3,196.29,CCOC(=O)/C=C/C1CCC(CC1)C,3.7,200.0,14,4,109.59990995023333,199.98771389643224
152.0,435.5,COC(=O)/C=C/C1=C2C=C(C=CC2=NN1)NS(=O)(=O)C3=CC=CC=C3S(=O)(=O)C,1.6,831.0,29,7,247.864581419,347.27898111579725
68.8,260.69,COC(=O)/C=C/C1=CC(=CC=C1)S(=O)(=O)Cl,2.2,369.0,16,4,138.122666215,210.19444519241694
74.4,208.21,COC1=C(C(=NC=C1)N)/C=C/C(=O)OC,0.8,243.0,15,4,118.84401808983334,187.6586909694752
63.0,202.21,CCOC(=O)/C(=C/C1=CC=NC=C1)/C#N,1.4,295.0,15,4,116.5935678811,191.51131032727884
48.4,286.12,CCOC(=O)/C=C/C1=C(N=CC(=C1)Br)OC,2.5,258.0,16,5,138.78401487143333,205.37078868862451
93.4,249.27,CCOC(=O)/C=C(\N)/NNC(=O)C1=CC=CC=C1,2.0,323.0,18,6,129.7732627975333,222.83327290081144
54.5,247.11,COC(=O)/C=C/C1=CC=C(S1)Br,2.9,194.0,12,3,118.95996752960002,160.4331063473153
50.1,237.25,COC(=O)/C(=C/C1=CC=CC2=CC=CC=C21)/C#N,3.4,391.0,18,3,158.86447014966666,227.0350224326631
54.5,261.14,CCOC(=O)/C=C/C1=CC=C(S1)Br,3.3,206.0,13,4,128.1894602463333,176.520698543626
55.8,408.5,CCOC(=O)C=CC1=CC(=C(C=C1)OC)C2=CC3=C(C=C2O)C(CCC3(C)C)(C)C,6.9,623.0,30,6,263.2086041063333,396.8693378617874
81.5,224.21,COC1=NC=C(C=N1)C/C(=C/O)/C(=O)OC,1.1,260.0,16,5,104.29969420013332,196.63544124780648
127.0,403.4,CC(=O)NC(=CC1=C(C=C(C=C1)C#N)OCCNC(=O)OC(C)(C)C)C(=O)OC,2.0,673.0,29,10,217.56304971666668,366.67606986980985
65.2,178.19,COC(=O)/C=C/C1=C(N=CC=C1)N,0.8,204.0,13,3,105.06198317876664,163.10178167203838
35.5,154.16,C=CC(=O)OCCOCC#C,0.7,175.0,11,6,67.5753354148,152.57168598908322
42.4,250.27,COC(=O)/C=C/C1=CC(=NC(=C1)F)N2CCCC2,2.5,316.0,18,4,144.9805721614,227.55721754734338
77.6,313.4,CCOC(=O)/C=C/C1=C(C=CC(=C1)SCC2=CC=CC=C2)N,3.9,366.0,22,7,192.7823972523333,295.39159396053407
119.0,538.5,C=CC(=O)OC(COC1=CC(=C(C=C1)C(=O)C2=CC=CC=C2)O)COC3=CC(=C(C=C3)C(=O)C4=CC=CC=C4)O,7.2,788.0,40,13,314.2815596073333,489.2606675423465
65.2,192.21,CCOC(=O)/C=C/C1=C(N=CC=C1)N,1.1,216.0,14,4,115.41901777256668,179.09767776102962
55.8,222.24,CCOC(=O)/C=C/C1=C(C=C(C=C1)OC)O,2.2,249.0,16,5,137.02226530619998,206.28378933593697
65.2,192.21,CCOC(=O)/C=C/C1=C(C=CN=C1)N,0.8,216.0,14,4,113.77072277443334,178.92417647176075
39.2,211.64,CCOC(=O)C=CC1=CN=C(C=C1)Cl,2.5,218.0,14,4,108.69932944593332,190.30867606905642
48.4,193.2,COC1=CN=CC(=C1)/C=C/C(=O)OC,1.1,215.0,14,4,112.40538696803333,181.3141617451495
62.1,252.22,CCOC(=O)/C(=C/NC1=CC(=CC(=C1)F)F)/C#N,2.9,366.0,18,5,128.18855842066668,215.92826558873395
65.2,192.21,CC1=CC(=C(N=C1)N)/C=C/C(=O)OC,1.1,228.0,14,3,117.57244061633332,178.633144364083
42.4,250.27,COC(=O)/C=C/C1=C(N=C(C=C1)N2CCCC2)F,2.5,316.0,18,4,160.2800230096333,227.58077243376925
54.5,247.11,COC(=O)/C=C/C1=CC(=CS1)Br,2.6,194.0,12,3,112.0898124376,160.41042072192332
68.3,274.31,CC(C)(C)OC(=O)/C=C/C1=CC2=C(NC(=O)CC2)N=C1,1.6,412.0,20,4,174.9170764746667,253.393436148786
38.3,183.25,CCOC(=O)/C=C/C1CCNCC1,1.1,183.0,13,4,95.89898210663334,178.7257786935188
54.5,286.4,CC(C)C1=CC=C(C=C1)C2=CC=C(S2)/C=C/C(=O)OC,4.7,343.0,20,5,218.61241658833333,276.10849576570223
41.6,386.5,CN(C)C1=CC=C(C=C1)C2=CC=C(C=C2)CNC3=CC=CC(=C3)/C=C/C(=O)OC,5.4,517.0,29,8,271.380411282,384.8106287835419
35.5,242.27,C=CC(=O)OCCOC1=CC=CC2=CC=CC=C21,4.1,288.0,18,6,140.10651829813332,233.69400252199102
139.0,470.6,CCOC(=O)/C=C/C1=CC=C(C=C1)C2=C(SC(=N2)NC(=O)C)C3=CC=C(C=C3)S(=O)(=O)C,3.7,779.0,32,8,324.3017209323333,406.2542377700896
72.8,300.39,CC(C)CCCCCOC(=O)C=C.C=CC(=O)OCCO,,238.0,21,12,147.07899846966666,220.06477803775553
63.0,206.17,COC(=O)/C=C/C1=CC(=C(N=C1)C#N)F,1.3,308.0,15,3,118.30811337613332,181.32078430022744
35.5,242.27,C=CC(=O)OCCOC1=CC2=CC=CC=C2C=C1,4.0,288.0,18,6,144.59820828996666,233.6659757929223
92.2,217.29,C1=CSC(=C1)/C(=C\C(=O)[O-])/C#N.[K+],,269.0,13,2,110.3077094849,151.20288569544692
39.2,197.62,COC(=O)/C=C/C1=CN=C(C=C1)Cl,2.1,206.0,13,3,110.59893343893332,174.6655486394539
54.0,342.4,CCOC(=O)/C=C/C1=CC(=C(C(=C1)OC)OCC2=CC=CC=C2)OC,4.0,402.0,25,9,212.0854313483333,327.27696720118064
26.3,238.28,C=CC(=O)OCC1=CC=CC=C1C2=CC=CC=C2,3.8,279.0,18,5,138.40446991866668,238.27436297638855
44.8,220.22,COC(=O)/C=C/C1=CC2=C(C=C1)OCCO2,2.3,274.0,16,3,136.67509450830002,200.2569438193821
85.3,287.27,CCOC(=O)/C=C/C1=CC=C(O1)C2=CC=C(C=C2)[N+](=O)[O-],3.2,395.0,21,5,201.2681606344,253.83679373634183
118.0,314.25,C1=CC(=CC=C1/C=C/C(=O)OC2=CC=C(C=C2)[N+](=O)[O-])[N+](=O)[O-],3.4,465.0,23,4,191.7146476661,262.8611500297441
91.7,421.5,CCN(CCOC(=O)NC1=CC=CC=C1)C2=CC(=C(C=C2)/C=C(\C#N)/C(=O)OCC)C,4.6,663.0,31,11,278.8615308583333,403.00164382117185
80.8,453.6,CCCCCNC(=O)N(C)C1=CC=CC(=N1)C2=C(C=C(C=C2)/C=C/C(=O)OC)OCCCC,5.3,612.0,33,13,291.4243767693333,440.51470718196987
110.0,274.27,COC(=O)C=C.C=CC(=O)O.C=CC(=O)OCCO,,210.0,19,7,120.68689446366666,138.85968613877867
52.6,466.7,CCCCCCCCCCCCCCCCCCCCCCOC(=O)C=C.COC(=O)C=C,,377.0,33,25,254.98575725866667,453.4057064972743
26.3,228.71,CCOC(=O)/C=C/C1=C(CC(C1)(C)C)Cl,3.1,314.0,15,4,127.9070021695,215.88455787301348
55.4,399.5,CCOC(=O)/C(=C/C1=CC=C(C=C1)C2=CC=CC(=C2)CNC(=O)C3=CC=CC=C3)/C,5.3,585.0,30,8,277.8550597043333,390.88010201211154
133.0,474.5,CCCCOC(=O)C=C.C=CC(=O)O.C=CC(=O)OCC1=CC=CC=C1.C=C1CC(=O)OC1=O,,479.0,34,10,231.225759881,222.45604204013702
81.3,372.5,CC(C)(C)OC(=O)C=C.CC(C)(C)OC(=O)/C=C/C1=CN=C2C(=C1)C=CN2,,453.0,27,7,192.38638312333333,277.3440815381524
52.6,593.0,CCCCCCCCCCCCCCCCCCCCCCOC(=O)C=C.CCCCCC(CCC)COC(=O)C=C,,487.0,42,33,396.79191057,538.6942795427266
119.0,371.4,CCCCOC(=O)C=C.CCOC(=O)C=C.CCOC(=O)/C=C/C(=O)[O-],,327.0,26,11,181.9326278356667,179.6156127667303
54.5,300.4,CC(C)(C)C1=CC=C(C=C1)C2=CC=C(S2)/C=C/C(=O)OC,5.3,375.0,21,5,228.72920963133333,291.1217177700074
125.0,400.4,CC1=CC=C(C=C1)S(=O)(=O)OCCOC(=O)C=C.C=CC(=O)OCCCO,,472.0,27,12,213.99631289933333,270.0266912890042
48.4,272.09,COC1=C(N=CC(=C1)Br)/C=C/C(=O)OC,1.8,245.0,15,4,132.73865979936667,189.33967795586753
61.3,222.24,CCOC1=NC=C(C=N1)/C=C/C(=O)OCC,1.5,235.0,16,6,131.49704245636667,207.74703600203884
57.0,259.3,CCN1C2=C(C(=C(C=C2)/C=C/C(=O)OCC)C)N=N1,2.4,346.0,19,5,161.6004286329,244.03069479886395
78.1,227.65,CCOC(=O)/C=C/C1=C(N=CN=C1Cl)N,1.5,248.0,15,4,114.76788819683333,191.51749776102739
87.8,279.29,CCOC1=C(C=CC(=C1)/C=C/C(=O)OC)OCC(=O)N,1.5,356.0,20,8,164.22761453833334,252.13199159377774
67.9,203.2,COC(=O)/C=C/C1=CC2=C(NN=C2)N=C1,1.1,267.0,15,3,121.90610715923331,178.6419204728252
59.3,237.29,CCOC(=O)/C(=C\C1CCOC(C1)(C)C)/C#N,1.9,362.0,17,4,124.06755821766669,227.8312266118391
72.8,351.71,CCOC(=O)/C(=C/C1=C(C=C(C=N1)C(F)(F)F)Cl)/N=CNOC,2.8,458.0,23,7,171.97097950833333,278.33292311206714
97.8,401.29,CCOC(=O)/C(=C(\C1=CC(=C(C=C1F)F)F)/O)/C=N/C2=C(C=C(C(=N2)N)F)F,3.5,621.0,28,6,222.89619986866668,309.13242028068163
46.5,212.63,COC(=O)/C=C/C1=C(C=C(C=C1)O)Cl,2.3,227.0,14,3,117.46698221613332,184.1042134483163
135.0,459.6,CCOC(=O)/C=C/C1=C(N=C(S1)NC(=O)C)CCC2=CC=C(C=C2)NC(=O)OC(C)(C)C,4.0,671.0,32,11,260.6648702516666,416.78471348885057
52.6,312.4,CCCCC(CC)COC(=O)C=C.CC(C)(C)OC(=O)C=C,,272.0,22,11,168.162237645,227.07748247040365
120.0,364.4,CCOC(=O)/C=C/C1=C(N=C(N=C1NC2CCC(CC2)OCCO)N)C,1.7,455.0,26,9,205.0360649956667,327.4003126447987
55.0,216.24,CC1=C2C=CC(=CC2=NN1)/C=C/C(=O)OC,2.2,291.0,16,3,143.16029960186663,199.56030527566418
76.4,267.32,CCCCOC(=O)C=C.COC(=O)C=C.C=CC#N,,218.0,19,7,125.25052095866666,147.06044882567954
82.2,488.6,CC(C)(C)OC(=O)/C=C/C1=CC=C(C=C1)OC2=C(SC3=C2C=CC(=C3)OC)C4=CC=C(C=C4)OC,7.3,702.0,35,9,348.605056469,457.3785784503278
94.6,402.5,CC(C)(C)OC(=O)C=C.CC(C)(C)OC(=O)/C=C/C1=CC2=C(NC(=O)CC2)N=C1,,531.0,29,7,209.271401412,298.83047902068813
142.0,533.7,CCCCOC(=O)C=C.CC(=C)C(=O)N.CC(=C)C(=O)OC.C=CC1=CC=CC=C1.C=CC(=O)OCCO,,433.0,38,13,395.1266413983333,188.85277669347406
136.0,688.9,CCCCOC(=O)C=C.CCCCOC(=O)C(=C)C.CC(=C)CC(C)(C)C.C=CC1=CC=CC=C1.C=CC(=O)O.C=CC(=O)OCCCO,,530.0,49,19,403.8523646143333,240.3274102658509
52.6,649.1,CCCCCCCCCCCCCCCCCCOC(=O)C=C.CC(C)CCCCCCCCCCCCCCCOC(=O)C=C,,532.0,46,37,515.142424745,600.7086319894546
98.4,355.4,CC1=CC=C(C=C1)S(=O)(=O)N(C(=C)C(=O)OC)C(=O)OC(C)(C)C,3.2,591.0,24,7,181.1937492723333,311.55320119042136
35.5,226.65,C=CC(=O)OCCOC1=CC=C(C=C1)Cl,3.0,210.0,15,6,108.50738902256668,204.3227663798554
35.5,184.23,CCOC(=O)/C=C/C1CCOCC1,1.3,181.0,13,4,94.54842829936666,177.02647711784448
42.4,246.3,CCOC(=O)/C=C/C1=CN=C(C=C1)N2CCCC2,2.4,298.0,18,5,169.98026553066666,238.42346876993963
55.6,224.26,CCOC(=O)/C(=C\N(C)C)/C1=CC(=NO1)C,1.4,276.0,16,5,126.00991497900002,210.4400147433093
63.0,202.21,CCOC(=O)C(=CC1=CC=CC=N1)C#N,1.5,301.0,15,4,118.15994524606668,192.0442940164441
44.1,166.18,CN1C(=CC=N1)/C=C/C(=O)OC,0.5,192.0,12,3,93.74080606433334,155.89155133729648
105.0,276.31,COC(=O)/C(=C(\NC(=O)C1=CC=CC=C1)/SC)/C#N,2.4,430.0,19,5,153.906297309,245.58039796003274
42.1,193.24,CC(C)(C)OC(=O)/C=C/C1=CNC=C1,2.0,228.0,14,4,111.66432733216668,189.73935024667497
26.3,231.07,COC(=O)/C=C/C1=C(C=CC=C1Cl)Cl,3.5,218.0,14,3,118.33290995973331,196.70966039789968
52.3,191.23,COC(=O)/C=C/C1=CC=C(C=C1)CN,1.5,205.0,14,4,121.60187105076666,184.40865410696372
43.4,190.19,COC(=O)C=CC1=CC=C(C=C1)C=O,2.1,225.0,14,4,116.78339153656668,180.87697360440532
70.3,245.27,CC(C)(C)OC(=O)/C(=C/C1=CC=C(C=C1)O)/C#N,2.8,376.0,18,4,150.97332945636666,231.9910604848701
74.4,301.14,CCOC(=O)/C=C/C1=C(C(=CN=C1OC)Br)N,1.8,286.0,17,5,143.01606495533332,211.54684698158096
89.0,364.4,CS(=O)(=O)C1=C(C=C(C=C1)/C=C/C(=O)OCCC2=CC=C(C=C2)F)O,3.7,561.0,25,7,201.402102386,310.0596325736784
46.6,197.23,CN(C)C=C(C(=O)C1CC1)C(=O)OC,0.8,277.0,14,5,103.1865441828,190.34632069088084
95.0,392.4,CCOC(=O)/C=C/C1=CN=C(C=C1)N(C(=O)OC(C)(C)C)C(=O)OC(C)(C)C,3.7,561.0,28,9,218.134331026,367.0714191520427
72.8,258.31,CCCCOC(=O)C=C.C=CC(=O)OCCCO,,196.0,18,10,117.1731411028,170.7874450252743
81.7,363.8,CC(C)(C)OC(=O)/C=C/C1=C(C(=O)NC2=C(C1=O)C=CC(=C2)Cl)OC,2.9,632.0,25,5,210.44071475933333,314.6035059184741
110.0,418.5,CC(=O)NC1=CC=CC=C1CN(C(=C)C(=O)OC)S(=O)(=O)C2=CC=C(C=C2)OC,2.3,694.0,29,9,231.89833684933333,366.77532959877277
72.8,352.5,CC1(C2CCC(=C)C1C2)C.COC(=O)C=C.C=CC(=O)OCCCO,,341.0,25,7,187.0844453473333,196.48548940804818
110.0,260.24,COC(=O)C=C.C=CC(=O)O.C=CC(=O)OCO,,199.0,18,6,103.17691114316666,131.2891919902252
110.0,302.32,CCCOC(=O)C=C.C=CC(=O)O.C=CC(=O)OCCO,,230.0,21,9,142.42542621133333,147.33790384996658
86.7,224.19,CC(COC(=O)C=C)O.C=CC(=O)[O-].[Na+],,169.0,15,5,128.61662498913333,132.36638819173206
89.9,328.4,CC(C)COC(=O)C=C.CC(C)(C)OC(=O)C=C.C=CC(=O)O,,281.0,23,8,160.12413379,185.06991791831462
125.0,414.5,CC1=CC=C(C=C1)S(=O)(=O)OCCOC(=O)C=C.C=CC(=O)OCCCCO,,483.0,28,13,189.28489112,260.05930924681104
125.0,386.4,CC1=CC=C(C=C1)S(=O)(=O)OCCOC(=O)C=C.C=CC(=O)OCCO,,461.0,26,11,175.46730864766664,253.07298214436435
99.1,616.9,CCCCOC(=O)C=C.CCCCOC(=O)C(=C)C.CC(=C)CC(C)(C)C.C=CC1=CC=CC=C1.C=CC(=O)OCCCO,,474.0,44,18,339.0416110356667,233.78672061212288
146.0,747.0,CCCCOC(=O)C=C.CCCCOC(=O)C(=C)C.CC(=C)CC(C)(C)C.CC(=C)C(=O)OCCO.C=CC1=CC=CC=C1.C=CC(=O)OCCCO,,591.0,53,22,771.913716638,240.3502658857262
85.2,409.5,CCCC(=C(C=NC1=CC=CC=C1C(C)OC(=O)C2=CC=CC=C2)C(=O)OCC)O,5.3,621.0,30,11,248.6852030123333,388.3696385588469
71.1,280.27,COC1=C(C=CC(=C1)/C=C/C(=O)OC)OCC(=O)OC,2.1,352.0,20,8,160.79167561030002,254.54554279368026
77.8,277.27,COC1=CC(=CC(=C1OC)OC)/C=C(\C#N)/C(=O)OC,2.0,397.0,20,6,176.22483740866667,253.34905532284503
44.8,236.26,CCOC(=O)/C=C/C1=CC(=CC(=C1)OC)OC,2.5,250.0,17,6,141.66435581099998,226.49938283175496
59.4,207.23,CCOC(=O)/C=C/C1=NC=C(C=C1)CO,0.6,228.0,15,5,122.81857474006668,193.09681699064063
61.6,239.24,COC1=C(C=CC(=C1)/C=C(\CN)/C(=O)OC)F,1.1,294.0,17,5,131.52282013066664,213.07220046702494
44.1,208.26,CC(C)(C)OC(=O)/C=C/C1=CN(N=C1)C,1.5,256.0,15,4,120.18117605133334,202.86962613680942
69.5,452.6,CCCCCCOC1=CC=C(C=C1)N=NC2=CC=C(C=C2)OCCCCCCOC(=O)C=C,7.9,538.0,33,18,270.800671065,449.06844394920375
98.4,355.3,CC(=O)C1=C(C(=CC(=C1)OCC2=CC=CC=C2)[N+](=O)[O-])C=CC(=O)OC,3.2,535.0,26,7,186.2987931893333,316.0687538636493
65.2,254.28,C1=CC=C(C=C1)COC(=O)/C=C/C2=CN=C(C=C2)N,2.3,311.0,19,5,160.775360436,240.25692709777937
61.8,226.23,CC1(/C(=C/CCOC(=O)C=C)/OC(=O)O1)C,1.8,340.0,16,5,101.2091526788,203.19732352739214
99.1,386.5,CC(C)CCCCCOC(=O)C=C.CC(=O)OC=C.C=CC(=O)OCCO,,304.0,27,14,182.19892660266663,224.52151541494436
96.0,338.4,CCOC(=O)C=C.C=C.C=CCOC(=O)C=C.C1=CC(=O)OC1=O,,310.0,24,7,159.335420513,144.17211841653628
93.1,411.5,CC(C)CCCCCOC(=O)C=C.C=CC(=O)OCCO.C=CN1CCCC1=O,,358.0,29,13,205.621186564,238.22623912632707
68.1,319.4,CCCCCC(=C(C=NC1=CC=CC=C1OC)C(=O)OCC)O,4.6,417.0,23,10,182.741571745,309.423911982917
26.3,275.52,COC(=O)/C=C/C1=CC(=C(C=C1)Br)Cl,3.5,230.0,14,3,130.7105770005,187.93304944562556
39.2,256.1,CCOC(=O)/C=C/C1=NC=C(C=C1)Br,2.2,218.0,14,4,125.38095884126666,181.08309542022448
54.0,226.23,CC1(O[C@@H]2C=C(O[C@@H]2O1)/C=C/C(=O)OC)C,1.0,355.0,16,3,115.8002496812,198.18983518642986
65.2,192.21,CCOC(=O)C=CC1=C(C=CN=C1)N,0.8,216.0,14,4,104.53195605583336,179.286179857706
59.5,361.62,CCOC(=O)/C(=C\N(C)C)/C(=O)C1=C(N=CC(=C1)Br)Cl,3.0,401.0,20,6,165.26449781566666,261.10225387681385
99.8,419.9,CCOC(=O)/C=C/C1=CSC(=N1)NC2CCN(CC2)C(=O)C3=CC=C(C=C3)Cl,4.3,561.0,28,7,231.9069492323333,367.67617653192804
88.9,516.6,CCOC(=O)C(=CC1CCC2=C(C1)C=CC(=C2)C#N)C3=CC=C(C=C3)O[C@H]4CCN(C4)C(=O)OC(C)(C)C,5.9,907.0,38,9,306.927062567,491.0192382598984
89.4,295.4,CCOC(=O)/C=C/C1=C(N=C(N=C1NC(C)C)SC)C,3.2,336.0,20,7,179.56412357969998,275.492822915661
44.1,408.5,CCOC(=O)/C=C/C1=NC=CN1C(C2=CC=CC=C2)(C3=CC=CC=C3)C4=CC=CC=C4,5.5,541.0,31,8,258.0702499593333,398.92466625985
57.8,418.0,CCOC(=O)/C=C/C1=CC2=C(S1)/C(=C\CCN(C)C)/C3=CC=CC=C3CC2.Cl,,557.0,28,7,276.1762455783333,368.50436958123316
94.4,320.38,CC(COCC(COCC(C)OC(=O)C=C)OCC(C)O)O,0.3,308.0,22,14,142.96861200433332,292.35974074727085
35.5,170.21,CCOC(=O)/C=C/C1(COC1)C,1.2,192.0,12,4,85.31635393559999,163.46639896427942
75.0,260.18,COC(=O)/C(=C\C1=CC=CO1)/P(=O)(OC)OC,0.6,343.0,17,6,131.83701642433334,214.81419233373424
76.9,304.5,CCCCCCCCCCSSCCOC(=O)C=C,5.9,220.0,19,15,154.81757668833333,297.597444025676
72.6,193.2,COC(=O)/C=C/C1=CC(=C(C=C1)N)O,1.2,227.0,14,3,119.7346428305,173.08947358944624
153.0,411.4,C1CCC2=C(C1)C(=C(S2)NC(=O)COC(=O)/C=C/C3=CC=C(C=C3)[N+](=O)[O-])C#N,4.4,705.0,29,6,243.64628356166665,348.80008614173516
26.3,212.19,COC(=O)/C=C/C1=CC=C(C=C1)C(F)F,3.2,231.0,15,4,113.26846304936667,187.4154491305711
35.5,360.19,CCCCOC1=C(C=CC(=C1)/C=C/C(=O)OC)I,4.1,278.0,18,7,166.43537894066665,242.23233766844623
53.4,520.7,CC/C(=C(/C1=CC=C(C=C1)/C=C(\C)/C(=O)OCC)\C2=CC3=C(C=C2)N(N=C3)C4CCCCO4)/C5=CC=CC=C5,8.6,868.0,39,9,369.81308973433335,506.38293970976315
56.3,233.26,CC(C)(C)OC(=O)/C=C/C1=NC(=CC=C1)C=O,1.9,304.0,17,5,136.79523526466667,223.24972116468822
65.2,299.16,CC(C)(C)OC(=O)/C=C/C1=C(N=CC(=C1)Br)N,2.5,299.0,17,4,147.47671887756667,218.78402594513793
35.5,394.2,COC(=O)/C=C/C1=CC(=C(C=C1)I)OCC2=CC=CC=C2,4.3,350.0,21,6,186.72450057,272.119258187215
67.9,486.6,CCCCCNC(=O)N(C)C1=CC=CC(=C1)C2=C(C=C(C=C2)/C=C/C(=O)OC)OCC3=CC=CC=C3,6.3,690.0,36,12,317.44728866866666,475.77969703016294
103.0,416.5,CCOC(=O)/C=C/C1=CN=C(C2=C1SC=C2C3=CC=C(C=C3)OC4=CC=CC=C4)N,5.3,587.0,30,7,289.0199238293333,378.3891286052236
109.0,463.5,C[C@H]1[C@@H]([C@H](COC[C@@H](C(=O)O1)NC(=O)OC(C)(C)C)CC2=CC=CC=C2)O/C=C/C(=O)OC,3.3,680.0,33,9,228.69038604833327,421.9014067564477
105.0,448.5,CCOC(=O)C=CC1=C(C=C(C=C1)C#N)OCCNC(=O)C2CCN(CC2)C3=CC=NC=C3,2.8,704.0,33,10,265.324203703,418.80951661646776
85.2,395.4,CCCC(=C(C=NC1=CC=CC(=C1)COC(=O)C2=CC=CC=C2)C(=O)OCC)O,4.9,592.0,29,11,233.9901494853333,373.582683968498
26.3,255.11,CCOC(=O)C(=C)C1=CC(=CC=C1)Br,3.4,225.0,14,4,112.03362863206668,185.5908959219204
64.599,297.39,CCOC(=O)/C=C/C1CCC(CC1)NC(=O)OC(C)(C)C,3.0,376.0,21,7,154.14063869133335,285.5436088832808
35.5,240.68,CCOC(=O)/C=C/C1=CC(=C(C=C1)OC)Cl,3.2,253.0,16,5,142.10570547300003,219.46271697113968
78.3,254.28,C1=CC(=CC=C1/C=C/C(=O)OC2=CC=C(C=C2)N)N,2.4,314.0,19,4,180.6344815326333,235.90524495698125
117.0,317.3,C1=CSC(=C1)/C=C/C(=O)OCC(=O)C2=CC=C(C=C2)[N+](=O)[O-],3.2,451.0,22,6,177.44949326699998,268.0492548791076
44.8,240.29,CCOC(=O)C=CC1CCC2(CC1)OCCO2,1.7,282.0,17,4,120.39491616566666,222.9160593514909
48.4,193.2,COC1=CC=CC(=N1)C=CC(=O)OC,1.5,215.0,14,4,107.1187441759,181.47883072640937
95.9,339.14,CCOC(=O)/C(=C/C1=C(C=C(C=C1)Br)[N+](=O)[O-])/CC#N,2.8,449.0,20,5,155.30182305776663,239.97614476116502
92.4,371.18,CCOC(=O)/C(=C\N(C)C)/C(=O)C1=C(C=C(C=C1)Br)[N+](=O)[O-],2.9,472.0,22,6,171.01173278666667,267.884734611172
81.9,255.34,CN(C)/C=C(\C#N)/S/C(=C/N(C)C)/C(=O)OC,1.4,377.0,17,6,140.74648689746667,240.56840905443923
47.6,221.25,COC1=CC=C(C=C1)CN/C=C/C(=O)OC,2.4,232.0,16,6,124.9021406925,211.58443462965755
38.8,170.21,CC(C)(C)OC(=O)/C=C/[C@H]1CO1,1.0,200.0,12,4,86.2248863341,165.44162159481124
52.1,212.63,CCOC(=O)/C=C/C1=CN=C(N=C1)Cl,1.8,213.0,14,4,114.25904391853334,185.72307245533273
26.3,273.1,CCOC(=O)/C=C/C1=C(C(=CC=C1)F)Br,3.4,243.0,15,4,122.07988421916666,191.03068942625293
39.2,163.17,COC(=O)/C=C\C1=CC=NC=C1,1.1,171.0,12,3,90.16175123766668,156.27488860562838
51.6,208.28,CCOC(=O)C(=C)SC1=CC=CC=C1,3.4,207.0,14,5,110.59244419376668,197.40671838796305
35.5,367.16,CC(C)(C)OC(=O)/C=C/C1=C(C=C(C=C1)Br)OC(F)(F)F,5.1,388.0,21,5,160.29561955666665,256.8524590796778
26.3,196.63,COC(=O)C=CC1=CC(=CC=C1)Cl,2.6,201.0,13,3,102.461495901,179.5561916244759
60.8,332.5,CCOC(=O)C(=CC1CCOCC1)C2=CC=C(C=C2)SC3CC3,4.0,416.0,23,7,199.554067612,315.7603181002718
73.9,293.31,COCCCOC1=CC=CC(=C1)C=C(C(=O)OC)NC=O,1.8,356.0,21,9,161.3653708833667,270.83286837992125
82.7,371.5,CCOC(=O)/C=C/C1=CSC(=N1)NC2CCN(CC2)CC3=CC=CC=C3,4.0,460.0,26,8,216.26099728533333,345.9245070186455
99.8,405.9,CCOC(=O)/C=C/C1=CSC(=N1)NC2CCN(C2)C(=O)C3=CC=C(C=C3)Cl,3.9,554.0,27,7,217.1275050206667,352.4273821070039
113.0,402.4,CCOC(=O)/C=C/C1=C(C=C(C=C1)OCCOC)OC2=NC=C(C=C2C)[N+](=O)[O-],3.4,551.0,29,10,234.5028514736667,356.79302859975536
84.9,452.5,CCOC(=O)/C=C/C1=CN=C(C=N1)N([C@@H]2CCN(C2)CC3=CC=CC=C3)C(=O)OC(C)(C)C,3.3,672.0,33,10,275.91933947066667,428.4665506291595
59.4,235.28,CC(C)(C)OC(=O)/C=C/C1=CC=CC(=N1)CO,1.3,281.0,17,5,136.8908653807,223.9246258911447
56.5,231.25,CCOC(=O)/C=C/C1=CC=CC2=NC(=NN21)C,1.8,306.0,17,4,145.247686367,213.60222341357837
81.7,321.71,COC1=C(C(=O)C2=C(C=C(C=C2)Cl)NC1=O)/C=C/C(=O)OC,1.9,554.0,22,4,185.1989655718667,267.6528884294947
113.0,463.5,CCOC(=O)C=CC1=C(C=CC(=C1)N2CCN(CC2)C(=O)C3=CN4C=CC(=CC4=N3)C)[N+](=O)[O-],4.0,778.0,34,6,294.79085117466667,411.53914400608477
120.0,355.8,CCOC(=O)/C(=C(/C1=C(C(=CS1)C)Cl)\N[C@H](C)C(=O)NC)/C#N,3.3,543.0,23,7,182.3632440976667,306.01502091856105
68.3,246.26,CCOC(=O)/C=C/C1=CC2=C(NC(=O)CC2)N=C1,1.0,354.0,18,4,158.1204509019,222.0210573855321
35.5,394.2,COC(=O)/C=C/C1=C(C=C(C=C1)I)OCC2=CC=CC=C2,4.3,350.0,21,6,195.5244911963333,272.3725755896947
38.3,295.4,CCOC(=O)/C=C/C1=CC=C(C=C1)C2=C(C=CC(=C2)NC)C,4.5,372.0,22,6,215.2920662854333,295.1558010720163
26.3,255.11,CC1=C(C=CC(=C1)/C=C/C(=O)OC)Br,3.3,225.0,14,3,130.8492078533,185.27828619692335
58.6,436.6,CCCCCCCNC(=O)N(C)C1=CC(=C(C=C1)C)C2=CC=C(C=C2)/C=C/C(=O)OCC,6.6,584.0,32,12,294.7271352146667,436.54151900669495
78.9,424.5,CCCCCCCNC(=O)N(C)C1=CC=CC(=C1)C2=C(C=C(C=C2)/C=C/C(=O)OC)O,5.5,580.0,31,11,276.234635913,410.23464792110644
107.0,647.8,CCOC(=O)/C=C/C1=CC(=O)N(C2=C1C=CC(=C2)OC)CCN3CCC(CC3)N(CC4=CC5=C(C=C4)OCCO5)C(=O)OC(C)(C)C,4.4,1140.0,47,13,376.65158891233335,597.7060954839196
168.0,535.6,CC(C)(C)OC(=O)N1C2=C(C=C(C=C2)NS(=O)(=O)C3=CC=CC=C3S(=O)(=O)C)C(=N1)/C=C/C(=O)OC,2.9,1060.0,36,9,318.50935692933336,441.61381505898504
73.9,493.5,COC(=O)/C(=C/C1=C(C=C(C=C1)OCC2=CC=CC=C2)OCC3=CC=CC=C3)/NC(=O)C4=CC=CC=C4,6.2,734.0,37,11,284.9728655533333,470.5874361373468
96.5,550.7,CCCCS(=O)(=O)OC1=C(C=C(C=C1)C/C=C/C2=CC(=C(C=C2)/C=C/C(=O)OC)OCC3=CC=CC=C3)OC,7.0,872.0,39,15,353.16651710800005,511.465042524966
73.2,351.4,COC(=O)/C=C/C1=CC2=C(C=C1)NC(=O)C3=CN=C(N23)C4CCCCC4,3.4,573.0,26,4,231.37374792633327,317.5361451306734
89.6,547.6,CCOC(=O)/C=C/C1=C2C=CC(=O)N(C2=CC(=C1)OC)CCN3CCC(CC3)NCC4=CC5=C(C=C4)OCCO5,3.5,904.0,40,11,323.0354771733333,503.3234168465044
95.1,447.5,COC1=CC=C(C=C1)C2=C(C3=C(S2)C=C(C=C3)OC)OC4=CN=C(C=C4)/C=C/C(=O)OC,5.3,638.0,32,8,324.907366565,404.9987447617905
46.5,210.27,COC(=O)/C=C/C12CCC(CC1)(CC2)O,1.5,269.0,15,3,109.2581679137,195.0673064282414
64.599,395.5,CC(C)(C)OC(=O)CCC1=CC(=CC=C1)CNC2=CC=CC=C2/C=C/C(=O)OC,4.7,552.0,29,11,235.428139498,385.96818261360113
78.3,243.28,COC(=O)C=CC1=CC2=C(C=C1)SC(=C2)C#N,3.3,371.0,17,3,155.42414910886666,218.90857158456888
45.1,213.28,CCOC(=O)C(=CN(C)C)N=CN(C)C,0.7,257.0,15,6,129.26383917113333,213.128575701914
43.4,218.25,CC1=C(C=CC(=C1)C(=O)C)C=CC(=O)OC,2.2,294.0,16,4,138.0358605255333,211.71123342462283
50.1,243.3,CC1=C(C=CC(=C1)C=CC(=O)OC(C)(C)C)C#N,3.3,370.0,18,4,152.56682764126666,243.4143177322492
123.0,323.3,CC(C)(C)OC(=O)NC(=CC1=C(C=NC=C1)[N+](=O)[O-])C(=O)OC,1.7,492.0,23,6,166.97701518300002,277.2933009829449
66.9,331.4,CCOC(=CC1=CN=C2C=CC(=CC2=C1)OCOC)C(=O)OCC,3.3,426.0,24,9,199.7661920543333,307.59685660284936
195.0,514.6,CCOCCSC(=C(C(=O)OCC1=CC=C(C=C1)[N+](=O)[O-])N2C(CC2=O)SCC)SC(=O)C,3.4,749.0,33,14,262.5912688783333,432.8731048343575
66.9,436.3,CCOC(=O)/C=C/C1=C(C=C(C=C1)OCCOC)OC2=NC=C(C=C2C)Br,4.2,475.0,27,10,235.2654366956667,344.6901165067614
112.0,636.1,CCOC(=O)/C=C/C1=CC=C(C=C1)C(=O)C[C@@H]2C(=O)N(C3=C(C=C(C=C3)Cl)[C@H](O2)C4=C(C(=CC=C4)OC)OC)CC(C)(C)CO,5.5,1030.0,45,13,376.610142538,574.8969875395985
55.0,511.4,CC/C(=C(/C1=CC=C(C=C1)/C=C/C(=O)OCC)\C2=CC3=C(C=C2)NN=C3)/C4=C(C=C(C=C4)F)Cl.Cl,,749.0,35,8,319.0876680086667,435.5249524758729
39.4,242.27,CC1=CC=C(C=C1)C2=CC=C(O2)/C=C/C(=O)OC,3.3,303.0,18,4,179.3936941155,233.8431634996725
49.8,236.27,CCOC(=O)C(=CN(C)C)N1C=CC=CC1=O,1.1,395.0,17,5,132.030312968,222.95786999502496
65.099,285.34,CCOC(=O)C=CC1CN(CCO1)C(=O)OC(C)(C)C,1.3,372.0,20,6,135.20102271633334,264.8974122809989
26.3,255.11,CCOC(=O)C(=C)C1=CC=C(C=C1)Br,3.4,217.0,14,4,114.3567038218,185.7684356087779
26.3,269.13,CCOC(=O)C(=C)CC1=CC=C(C=C1)Br,3.7,230.0,15,5,116.5912007069,201.44783074097344
35.5,200.27,CCCCCCOCCOC(=O)C=C,2.9,155.0,14,10,95.34489932936668,203.36553508902833
39.4,180.2,C=CC(=O)OCCCC1=CC=CO1,2.5,177.0,13,6,85.97624767186666,173.18217830213547
63.6,510.7,C[C@]12CC[C@@H](C([C@@H]1CC[C@@]3([C@@H]2CC=C4[C@]3(CC[C@@]5([C@H]4CC(CC5)(C)C)C(=O)O)C)C)(C)C)OC(=O)C=C,8.7,1040.0,37,4,281.8264029183333,493.3266513643475
26.3,245.1,CCOC(=O)/C=C/C1=C(C(=CC=C1)Cl)Cl,3.8,241.0,15,4,129.06424939673332,212.59129420985843
26.3,248.36,CC(C)C1(C2CC3CC(C2)CC1C3)OC(=O)C=C,4.2,341.0,18,4,130.44742896133334,242.34380518460307
48.4,207.23,CCOC(=O)/C=C/C1=CC(=CN=C1)OC,1.5,228.0,15,5,121.21827913226667,197.3488753984406
26.3,432.18,C=CC(=O)OCCCC(C(C(C(F)(F)F)(F)F)(F)F)(C(F)(F)F)C(F)(F)F,6.2,527.0,27,8,107.28450110683332,276.56750569478294
55.0,202.64,CCOC(=O)/C=C/C1=CN=CN1.Cl,,180.0,13,4,106.4502935642,154.1007557654312
35.5,282.3,C=CC(=O)OCCOC1=CC=CC=C1CC2=CC=CC=C2,4.3,320.0,21,8,157.33558180133335,278.7256637338423
39.4,208.25,CC(C)CCOC(=O)/C=C/C1=COC=C1,3.0,221.0,15,6,116.98010691400002,204.7702788939035
84.5,210.19,CCOC(=O)/C=C/C1=CNC(=O)NC1=O,-0.3,357.0,15,4,111.07909261793334,175.50429460664176
50.1,247.33,CCOC(=O)/C(=C/C1C2CCC(C2)C1(C)C)/C#N,3.8,427.0,18,4,135.81428020733333,241.74107669208726
26.3,236.28,CC1=C(C=CC(=C1)/C=C/C(=O)OC(C)(C)C)F,3.6,291.0,17,4,141.22499722503332,229.24043715369763
65.2,192.21,CCOC(=O)/C=C/C1=C(C=NC=C1)N,0.8,216.0,14,4,114.03546940333332,179.20864757072528
95.2,332.29,CCOC(=O)/C(=C\C1=CC=C(O1)CO)/P(=O)(OCC)OCC,0.9,425.0,22,10,172.40866646666666,282.156687136146
35.5,271.11,COC1=C(C=C(C=C1)Br)/C=C/C(=O)OC,2.9,240.0,15,4,132.32055133493336,194.3371819780064
101.0,264.23,CC(=O)N/C(=C\C1=CC=C(C=C1)[N+](=O)[O-])/C(=O)OC,1.4,391.0,19,4,152.84885200966667,226.32427538607357
26.3,231.07,COC(=O)/C=C/C1=CC(=CC(=C1)Cl)Cl,3.5,218.0,14,3,121.11220546368666,197.27954589873872
61.8,282.26,CC(=O)OC(C1=CC(=C(C=C1)F)OC)C(=C)C(=O)OC,2.2,382.0,20,7,134.32630967233334,250.2778726807435
26.3,204.26,CCC1=CC=C(C=C1)/C=C/C(=O)OCC,3.8,213.0,15,5,134.28317080600002,208.84658644004574
57.0,265.69,CCOC(=O)/C=C/C1=C(C2=C(C=C1)N(N=N2)C)Cl,2.4,337.0,18,4,153.4700305922,229.99039388332343
55.8,240.23,COC1=C(C=CC(=C1)C(C(=C)C(=O)OC)O)F,1.6,292.0,17,5,112.50946300990002,211.48566858122655
55.4,233.26,CCOC(=O)/C=C/C1=CC(=CC=C1)C(=O)NC,1.8,299.0,17,5,139.49815569473333,222.06225914544765
35.5,184.23,CCOC(=O)/C=C\C1CCOCC1,1.3,181.0,13,4,92.74973243226668,176.84887201793856
92.3,586.5,CC(C)(C)OC(=O)N/C(=C\C1=CC2=C(C=C1)O[C@@H](CO2)C3=CC=C(C=C3)OCC4=CC(=C(C=C4)Cl)Cl)/C(=O)OC,6.9,886.0,40,10,339.4584500683333,514.0089222223097
26.3,306.71,CC(C)(C)OC(=O)/C=C/C1=CC(=C(C=C1)C(F)(F)F)Cl,4.7,372.0,20,4,150.32719885266667,257.6655347368409
92.4,446.5,C[C@H](/C=C\C(=O)N(C1=CC=CC=C1)C2=CC=CC=C2)OC(=O)/C=C/C3=CCCC(C3)[N+](=O)[O-],4.7,752.0,33,8,272.859414481,416.64173721823005
55.8,454.3,CCOC(=O)/C(=C/N(C)C1=CC=C(C=C1)OC)/C(=O)C2=CC(=C(C=C2F)F)Br,4.8,581.0,28,8,231.1307409,342.5040200246345
59.3,217.22,COC1=CC=CC=C1/C=C(\C#N)/C(=O)OC,2.4,326.0,16,4,127.9236951154,204.5610065814349
46.6,211.26,CCOC(=O)/C(=C\N(C)C)/C(=O)C1CC1,1.2,290.0,15,6,114.04588156643332,205.96917718004144
26.3,351.16,CC(C)(C)OC(=O)/C=C/C1=C(C=C(C=C1)C(F)(F)F)Br,4.8,372.0,20,4,151.82960842633335,248.1516327325347
35.5,367.16,CC(C)(C)OC(=O)/C=C/C1=CC(=CC(=C1)Br)OC(F)(F)F,5.1,388.0,21,5,153.067539308,256.9631665410524
38.3,417.6,CCCCCCCCC#CC1=CC=C(C=C1)CNC2=CC=C(C=C2)/C=C/C(=O)OCC,8.5,568.0,31,14,288.4238788323333,433.7927304784973
55.8,513.7,CCCCCCCC(=O)N(C)CC1=CC(=CC=C1)C2=CC(=C(C=C2)C=CC(=O)OC)OCC3=CC=CC=C3,7.6,716.0,38,15,328.1110912233333,512.6613218659307
61.6,207.23,COC1=CC(=C(C=C1)/C=C/C(=O)OC)N,1.5,240.0,15,4,129.64521475966666,192.2449853441523
26.3,212.24,C=CC(=O)OCC1=CC2=CC=CC=C2C=C1,3.4,260.0,16,4,125.85294548633333,209.17052668228862
77.4,166.11,C=CC(=O)O.C=CC(=O)[O-].[Na+],,116.0,11,2,84.49754387366667,90.96658004605757
61.2,194.19,CC(=O)N1C=C(C=N1)/C=C/C(=O)OC,0.4,263.0,14,3,108.67797113856666,174.8549397171671
59.4,193.2,COC(=O)/C=C/C1=CC=CC(=N1)CO,0.3,215.0,14,4,109.89834317063334,177.12825271477675
46.6,295.76,CCOC(=O)C(=CN(C)C)C(=O)C1=C(C=CC(=C1)Cl)C,3.4,393.0,20,6,161.34602326,273.30241404461793
67.4,247.31,CCOC(=O)/C=C/C1=C2C(=CC=C1)N=C(S2)C,3.4,306.0,17,4,150.57017147016666,225.0500681964551
73.6,522.6,CC/C(=C(/C1=CC=C(C=C1)/C=C/C(=O)OCC)\C2=CC3=C(C=C2)N(N=C3)C4CCCCO4)/C5=CC(=CC=C5)O,7.8,864.0,39,9,368.358319746,495.72107148418564
49.0,343.8,CCOC(=O)/C=C/C1=C(N(N=C1C)C)N2C=C(C3=CC=CC=C32)Cl,4.0,487.0,24,5,205.15782416,312.15010394636334
44.8,262.3,COC(=O)C(=C)C1=CC=CC=C1OC2CCCCO2,3.2,326.0,19,5,140.319298324,246.58606454225998
52.6,240.29,CCOC(=O)C=C[C@@H]1C[C@@H]1C(=O)OC(C)(C)C,2.0,325.0,17,7,124.96928056686666,233.57407506130343
95.9,274.27,CC(C)(C)OC(=O)/C=C/C1=CC(=C(C=C1)C#N)[N+](=O)[O-],2.7,450.0,20,4,161.19166177416665,247.88482175661704
71.1,334.4,CC1(OC2=C(O1)C=C(C=C2)/C=C(/C(=O)OC)\C(=O)OC(C)(C)C)C,3.7,528.0,24,6,193.54909744233336,306.43531846621266
47.6,339.4,CCCCOC1=C(C=CC(=C1)/C=C/C(=O)OC)C2=CC(=CC=C2)NC,5.0,423.0,25,9,236.78138798566667,335.2500857563601
47.6,297.3,CNC1=CC=CC(=C1)C2=C(C=C(C=C2)/C=C/C(=O)OC)OC,3.8,383.0,22,6,211.379280629,288.198320867836
58.6,422.6,CCCCCCCNC(=O)N(CC)C1=CC=CC(=C1)C2=CC=C(C=C2)/C=C/C(=O)OC,6.3,555.0,31,12,287.36335526,421.90552097407164
38.3,281.3,CCOC(=O)/C=C/C1=CC=C(C=C1)C2=CC(=CC=C2)NC,4.2,345.0,21,6,208.2949667268333,279.9252453672233
55.8,349.8,COC(=O)/C=C/[C@H]1COC[C@H](N1C(=O)CC=C)C2=CC=C(C=C2)Cl,2.4,485.0,24,6,177.707925566,316.5494352457986
26.3,266.3,CCOC(=O)/C=C/C1=CC=C(C=C1)CC2=CC=CC=C2,4.9,307.0,20,6,176.53816332166664,270.0596395891214
26.3,286.8,CCOC(=O)/C=C/C1=CC=C(C=C1)C2=CC=C(C=C2)Cl,5.2,324.0,20,5,204.5888591552667,271.95243703171667
29.5,259.339,CCOC(=O)/C=C/C1=CC=C(C=C1)CN2CCCC2,2.9,300.0,19,6,161.630515998,258.30130053526955
68.8,240.28,COC(=O)/C=C/C1=CC(=CC=C1)S(=O)(=O)C,1.4,364.0,16,4,135.11488587813332,207.7281595970757
88.9,400.5,CCOC(=O)C=CC1=C(C=C(C=C1)C#N)OC[C@H]2CCCN2C(=O)OC(C)(C)C,3.7,645.0,29,9,230.686724927,378.54381069645456
52.1,212.63,CCOC(=O)/C=C/C1=CN=C(C=N1)Cl,1.4,221.0,14,4,116.8907260445,185.70346952362414
52.1,198.6,COC(=O)/C=C/C1=CN=C(C=N1)Cl,1.1,208.0,13,3,107.53499326216668,169.9627993535202
81.3,381.5,CCOC(=O)/C=C/C1CCCCN1S(=O)(=O)C2=C(C=C(C=C2C)OC)C,3.2,586.0,26,7,211.1485558503333,343.65688704685016
70.8,413.5,CCOC(=O)C(=C)CO[C@@H]1CCC[C@@H](C1)OCC2=C(OC(=N2)C3=CC=CC(=C3)C)C,4.3,568.0,30,10,231.48224159566664,391.7980015068954
82.2,446.5,COC1=CC=C(C=C1)C2=C(C3=C(S2)C=C(C=C3)OC)OC4=CC=C(C=C4)/C=C/C(=O)OC,6.4,624.0,32,8,324.3232783626667,409.84940847003054
76.2,473.6,CCOC(=O)/C=C/C1=CC=C(C=C1)N(C)C2=C(SC3=C2C=CC(=C3)OC)C4=CC=C(C=C4)OC,6.9,671.0,34,9,357.8275010736667,444.69694223931435
44.8,378.5,COC(=O)/C=C/C12CCC(C1)(CC2)OCC3=CC(=CC=C3)OC4=CC=CC=C4,4.7,555.0,28,8,216.472178156,361.80868167886666
72.9,498.4,CCOC(=O)/C=C/C1=C(C=CC(=C1)SCC2=CC=CC=C2)NC3=C(C=C(C=C3)Br)OC,6.8,569.0,31,10,282.72266780599995,408.3093025775175
82.2,460.5,COCC1=CC=CC=C1C2=C(C3=C(S2)C=C(C=C3)OC)OC4=CC=C(C=C4)/C=C/C(=O)OC,6.0,646.0,33,9,316.65033311266666,424.5067338271668
46.5,282.3,CCOC(=O)/C=C/C1=CC=C(C=C1)CC2=CC=CC=C2O,4.1,342.0,21,6,181.95637652466667,274.9354061688058
52.3,233.31,CCOC(=O)/C=C/C1=CC(=C(C=C1)C(C)C)N,3.0,273.0,17,5,151.79669981233334,231.2183204187984
77.8,301.29,COC(=O)/C(=C/C1=CC=CO1)/NC(=O)OCC2=CC=CC=C2,2.6,415.0,22,7,163.91733217233335,272.31475419395946
43.6,292.3,CCOC(=O)C=CC1=C2C=CC=CN2N=C1C3=CC=CC=C3,3.4,404.0,22,5,192.714791916,279.4219990497668
206.0,530.6,CCOCCSC(=C(C(=O)OCC1=CC=C(C=C1)[N+](=O)[O-])N2C(CC2=O)S(=O)CC)SC(=O)C,1.7,821.0,34,14,274.710550132,438.56667100127
48.4,193.2,COC1=NC=C(C=C1)C=CC(=O)OC,1.4,215.0,14,4,114.34313998176668,181.04707433942067
42.1,207.27,CCCCC1=CC(=CN1)C=CC(=O)OC,2.7,226.0,15,6,121.10438046733331,205.38723674963464
39.2,315.4,C1=CC=C(C=C1)C(C2=CC=CC=C2)OC(=O)C=CC3=CN=CC=C3,4.3,390.0,24,6,198.751176621,310.6173972959711
35.5,234.29,CCOC(=CC1=CC=C(C=C1)C)C(=O)OCC,3.5,263.0,17,6,143.46745018926666,232.48766738109424
81.5,224.21,COC1=NC=C(C=N1)CC(=CO)C(=O)OC,1.1,260.0,16,5,104.38219959696669,196.9197678569867
68.5,271.27,COC(=O)C(=CO)N1C=CC=C1C(=O)C2=CC=CC=C2,2.8,399.0,20,5,149.801282947,245.78570269861194
52.3,167.16,CCOC(=O)/C=C/C1=CN=CO1,1.0,179.0,12,4,90.99503197263331,152.13382199379492
95.7,354.32,COC(=O)/C(=C/C1=CC(=C(C=C1)OCC2=CC=CC=C2)[N+](=O)[O-])/N=[N+]=[N-],4.6,576.0,26,7,216.17719563533333,305.48215059248594
72.0,527.7,CCOC(=O)/C=C/C1=CN=C(C=C1)N([C@@H]2CCN(C2)C(C3=CC=CC=C3)C4=CC=CC=C4)C(=O)OC(C)(C)C,6.0,795.0,39,11,330.6170068773333,509.6463421547471
67.4,366.5,CCOC(=O)/C=C/C1=CN=C(C=N1)N[C@@H]2CCCN(C2)CC3=CC=CC=C3,2.9,479.0,27,8,236.361215244,351.49936010257096
112.0,433.4,COC1=C(C=C2C(=C1)C(=C(C=N2)C#N)NC3=C4C(=C(C=C3)/C=C/C(=O)OC)OCO4)OC,4.0,739.0,32,7,291.56547548966665,380.9256112733987
52.6,355.4,CCCCOC(=O)C=C.CC(=C)C(=O)OC.C=CC1=CC=CC=C1.[Na],,260.0,25,8,209.492391996,183.34853854103773
54.5,258.3,CC1=CC=C(C=C1)C2=CSC(=C2)/C=C/C(=O)OC,3.9,306.0,18,4,180.2613647519,244.1082082615663
85.2,319.4,CCCC(=C(C=NC1=CC=CC=C1C(=O)OC)C(=O)OCC)O,3.4,470.0,23,9,174.514987357,297.6225987125164
94.4,425.5,CCCC(=C(C=NC1=CC=CC=C1COC(=O)C2=CC=C(C=C2)OC)C(=O)OCC)O,4.9,636.0,31,12,246.9752183833333,397.10327585038016
79.1,291.34,CCCC(=C(C=NC1=CC=CC=C1CO)C(=O)OCC)O,2.7,390.0,21,8,172.296381119,273.4126177155658
63.7,369.8,C1=CC=C(C(=C1)/C=C/C(=O)OCCCN2C(=O)C3=CC=CC=C3C2=O)Cl,3.9,552.0,26,7,205.048152623,328.8830870919158
68.4,273.29,C=CC(=O)OCCOCCOCCOCCN=[N+]=[N-],1.2,292.0,19,14,114.7239373617,242.48238622861018
35.5,268.31,COC(=O)C(=C)C1=CC(=CC=C1)OCC2=CC=CC=C2,3.8,331.0,20,6,154.13499704706666,263.3753639152804
26.3,232.32,CCOC(=O)/C=C/C1=CC=C(C=C1)CC(C)C,4.6,248.0,17,6,154.35916080933336,240.1173054518715
50.1,201.22,CCOC(=O)C(=C)C1=CC=C(C=C1)C#N,2.4,292.0,15,4,117.33136723203332,196.77669974962737
67.4,183.23,CCOC(=O)/C=C/C1=CSC=N1,1.6,182.0,12,4,98.25239085546669,162.87924081503328
81.4,237.21,COC1=CC(=C(C=C1)[N+](=O)[O-])C(=C)C(=O)OC,2.1,322.0,17,4,121.50310754433332,205.60903080590643
72.1,225.17,COC(=O)C(=C)C1=C(C=CC(=C1)F)[N+](=O)[O-],2.3,312.0,16,3,105.94812042626668,186.40356816483003
55.4,255.22,CC(=O)N/C(=C/C1=C(C=CC(=C1)F)F)/C(=O)OC,1.8,357.0,18,4,136.1625241400667,215.62373334722415
51.6,258.3,C=CC(=O)OCCSC1=CC2=CC=CC=C2C=C1,4.2,290.0,18,6,146.19138758696667,244.92533945445015
72.1,235.24,CCOC(=O)/C=C/C1=C(C=C(C=C1)C)[N+](=O)[O-],2.8,308.0,17,4,135.22247953746668,212.9521696449567
46.5,271.11,CCOC(=O)/C=C/C1=C(C=CC=C1Br)O,2.9,240.0,15,4,123.28263621416666,190.59358336776418
46.6,211.26,CCOC(=O)/C(=C/N(C)C)/C(=O)C1CC1,1.2,290.0,15,6,113.8609083654,206.1863297710551
54.3,440.7,CCN(CCOC(=O)C=C)C1=CC(=C(C=C1)N=NC2=CC(=C(C=C2Cl)Cl)Cl)C,6.9,549.0,28,9,248.545364852,385.8409577120374
26.3,238.28,C=CC(=O)OCC1=CC(=CC=C1)C2=CC=CC=C2,3.8,279.0,18,5,150.35888358066666,238.55507163597215
35.5,242.22,CCOC(=O)/C=C/C1=CC=C(C=C1)OC(F)F,3.9,259.0,17,6,129.4531470168,211.94603762970345
92.3,586.5,CC(C)(C)OC(=O)N/C(=C\C1=CC2=C(C=C1)O[C@H](CO2)C3=CC=C(C=C3)OCC4=CC(=C(C=C4)Cl)Cl)/C(=O)OC,6.9,886.0,40,10,316.911899645,515.0451822719488
26.3,278.65,CCOC(=O)/C=C/C1=C(C=C(C=C1)Cl)C(F)(F)F,4.1,315.0,18,4,132.87833898693336,225.9040595149887
35.5,271.11,CCOC(=O)/C=C/OC1=CC=CC=C1Br,2.9,228.0,15,5,126.11570681366668,195.0601403971814
75.0,217.22,CCOC(=O)C(=CNC1=CC=CC=N1)C#N,2.0,316.0,16,5,121.69385266596667,201.75918359464666
39.2,191.23,CCOC(=O)/C=C/C1=CC=CC(=N1)C,1.9,213.0,14,4,117.03822229323332,188.468249704202
57.0,245.28,CCOC(=O)/C=C/C1=C(C2=C(C=C1)N(N=N2)C)C,2.1,332.0,18,4,153.03467405033334,227.8666934154034
71.1,366.4,CC1=CC(=O)OC2=C1C=CC(=C2)OC(=O)/C=C/C3=CC(=C(C=C3)OC)OC,3.6,610.0,27,6,252.56950574,332.0284197972736
66.2,398.1,C1=CC(=C(C=C1C(F)(F)F)N)/C(=C/C2=C(C=C(C=C2)Cl)Cl)/C(=O)[O-].[Na+],,504.0,25,3,207.9838578306667,290.85896185515014
46.5,271.11,CCOC(=O)/C=C/C1=C(C(=CC=C1)Br)O,2.9,240.0,15,4,129.9539734413,190.90945922314629
56.8,379.4,CC1=CC(NC2=C1C=C(C=C2)OC(=O)/C=C/C3=CC(=C(C=C3)OC)OC)(C)C,4.6,612.0,28,6,276.15388197933333,362.88944623862375
194.0,312.33,C1=C(NC=N1)/C=C/C(=O)O.C(C[C@@H](C(=O)O)N)CN=C(N)N,,332.0,22,7,169.60962720113332,169.42072089131386
97.8,401.29,CCOC(=O)/C(=C(/C1=CC(=C(C=C1F)F)F)\O)/C=N/C2=C(C=C(C(=N2)N)F)F,3.5,621.0,28,6,206.62680039033333,309.4396991687364
63.0,252.27,CCOC(=O)/C(=C/C1=CC=NC2=CC=CC=C12)/C#N,2.8,408.0,19,4,160.08530097489998,238.48005650784378
56.5,270.28,CCOC(=O)/C(=C/C1=CC=CO1)/C(=O)C2=CC=CC=C2,3.2,380.0,20,6,162.02352249,252.9194883903799
81.4,234.25,CCOC(=O)/C=C/C1=CC(=CC=C1)C(=O)NN,1.0,302.0,17,5,135.4075219049,211.87928016869762
35.5,285.13,CCOC(=O)/C=C/C1=C(C=CC(=C1)OC)Br,3.2,253.0,16,5,134.34519373593332,210.28144012118696
35.5,347.2,CCOC1=CC=C(C=C1)/C=C/C(=O)OC2=CC=C(C=C2)Br,4.8,340.0,21,6,203.08828220266665,271.7341464861065
39.2,256.1,CCOC(=O)/C=C/C1=NC(=CC=C1)Br,2.6,218.0,14,4,120.03128553933334,180.82202187958856
43.4,224.64,COC(=O)/C=C/C1=CC(=CC=C1)C(=O)Cl,2.7,273.0,15,4,123.49842862423333,199.1970138076754
26.3,190.24,CC1=C(C=C(C=C1)/C=C/C(=O)OC)C,2.9,220.0,14,3,126.06781608913332,192.95884119690407
67.4,169.2,COC(=O)/C=C/C1=CSC=N1,1.3,170.0,11,3,90.6705285602,147.22744359864978
29.5,197.27,CC(C)(C)OC(=O)/C=C/N1CCCC1,2.0,222.0,14,4,111.20663232086667,197.93516791045496
26.3,289.55,CCOC(=O)/C=C/C1=C(C=C(C=C1)Cl)Br,3.9,243.0,15,4,137.21942146523332,203.4735551185406
54.0,266.29,CCOC(=O)/C=C/C1=CC(=C(C=C1OC)OC)OC,2.5,302.0,19,7,166.68601476116666,250.58053748251046
46.5,226.65,CCOC(=O)/C=C/C1=C(C=C(C=C1)O)Cl,2.8,240.0,15,4,126.9415489617,199.3888407627684
109.0,236.18,CCOC(=O)/C(=C/C1=CC=C(O1)[N+](=O)[O-])/C#N,2.0,389.0,17,4,128.75240617763333,195.87781070119868
52.3,270.12,CCOC(=O)/C=C(\C1=CC=C(C=C1)Br)/N,2.9,245.0,15,4,123.67950832999998,191.48689785225622
42.1,165.19,CCOC(=O)/C=C\C1=CNC=C1,1.4,177.0,12,4,89.84111639496666,158.0716095547341
26.3,317.6,CC(C)(C)OC(=O)/C=C/C1=C(C=C(C=C1)Br)Cl,4.5,296.0,17,4,154.91420220263333,234.43123755969097
65.2,271.11,CCOC(=O)/C=C/C1=CN=C(C=C1N)Br,1.8,246.0,15,4,130.99703580686668,187.5588835373488
26.3,301.15,CC(C)(C)OC(=O)/C=C/C1=C(C=CC(=C1)F)Br,4.0,296.0,17,4,138.9540217373333,222.0342710711766
26.3,301.15,CC(C)(C)OC(=O)/C=C/C1=C(C=CC=C1Br)F,4.0,296.0,17,4,140.71012536486668,221.97340948181468
64.599,277.31,CC(C)(C)OC(=O)NC1=CC=CC=C1/C=C/C(=O)OC,2.8,371.0,20,6,163.39330282466665,262.51435652438147
39.2,195.19,CCOC(=O)/C=C/C1=CC(=CN=C1)F,1.6,218.0,14,4,106.18191310186668,177.73677444099306
26.3,323.1,CCOC(=O)/C=C/C1=C(C=C(C=C1)Br)C(F)(F)F,4.1,315.0,18,4,138.3273162696,216.31137076030666
26.3,278.65,CCOC(=O)/C=C/C1=C(C=CC=C1Cl)C(F)(F)F,4.1,315.0,18,4,123.5401938475,225.30342465117872
26.3,351.16,CC(C)(C)OC(=O)/C=C/C1=C(C=C(C=C1)Br)C(F)(F)F,4.8,372.0,20,4,154.94811858233334,247.39810484402727
26.3,351.16,CC(C)(C)OC(=O)/C=C/C1=C(C=CC(=C1)C(F)(F)F)Br,4.8,372.0,20,4,149.9829905194,247.87645543563713
49.7,365.4,CCOC(=O)/C=C/C1=CC2=C(N1C)C=CC(=C2OCC3=CC=CC=C3)OC,4.1,503.0,27,8,247.67908691,350.48386303673004
55.8,250.29,CC(C)(C)OC(=O)/C=C/C1=CC(=C(C=C1)O)OC,2.8,303.0,18,5,152.37135760413332,237.88568712635492
46.5,220.26,CC(C)(C)OC(=O)/C=C/C1=CC=C(C=C1)O,2.8,255.0,16,4,135.55718971680002,213.02657000141593
39.2,211.64,CCOC(=O)/C=C\C1=CN=C(C=C1)Cl,2.5,218.0,14,4,116.6914456334,189.62536075437293
44.1,180.2,CCOC(=O)C=CC1=CN(N=C1)C,0.9,204.0,13,4,98.8158777964,171.52266897154658
74.2,314.29,COC1=C(C=CC(=C1)/C=C/C(=O)OC2=CC3=C(C=C2)OCO3)O,3.2,437.0,23,5,196.8405425143333,275.3411742535737
65.099,285.34,CC1(N(C(CO1)C=CC(=O)OC)C(=O)OC(C)(C)C)C,1.6,408.0,20,5,135.35255913400002,265.0733161144815
54.0,252.26,COC1=CC(=C(C(=C1)OC)/C=C/C(=O)OC)OC,2.1,275.0,18,6,149.70052471133332,234.9540111832723
39.4,231.04,COC(=O)C=CC1=CC=C(O1)Br,2.5,191.0,12,3,97.1648915587,149.78775978058283
29.5,340.2,CN1C2CCC1CC(C2)OC(=O)C(=C)C3=C(C=CC=C3Cl)Cl,4.8,432.0,22,4,168.38390086266668,298.90024555549223
77.5,382.5,CCOC(=O)C=CC1=CC=C(C=C1)C2=NC(=CC=C2)NCC(=O)OC(C)(C)C,4.4,533.0,28,10,230.75537799000003,365.8367111919026
65.2,220.27,CC(C)(C)OC(=O)/C=C/C1=CN=C(C=C1)N,1.8,269.0,16,4,138.5555510784,210.2131947338955
29.5,193.67,CN(C)CCOC(=O)C=C.CCl,,123.0,12,5,85.60708505246667,150.40695453864993
55.8,337.8,CCOC(=O)C(=CN(C)C)C(=O)C1=C(C=CC(=C1)Cl)OC2CC2,3.6,473.0,23,8,184.52056420033333,309.43118503566205
68.7,394.5,CC(C)(C)OC(=O)N1CCCC2=C1N=CC(=C2)/C=C/C(=O)OCC3=CC=CC=C3,4.1,592.0,29,7,250.74719285633333,373.6529808182105
57.5,329.4,CCOC(=O)/C=C/C1=CC2=CC=CC=C2N1CC(=O)OC(C)(C)C,3.7,480.0,24,8,205.7141393443333,315.51678482571765
93.4,355.25,CC(C)(C)OC(=O)/C=C/C1=CN=C(C2=C1SC=C2Br)N,3.5,397.0,20,4,181.27792002133333,256.1427362279029
120.0,462.5,CC1=CC(=C(C=C1)NC(=O)COC)CN(C(=C)C(=O)OC)S(=O)(=O)C2=CC=C(C=C2)OC,2.5,757.0,32,11,251.68603224266667,406.4327388338463
138.0,282.21,COC(=O)C(=C)C(C1=C(C=C(C=C1)[N+](=O)[O-])[N+](=O)[O-])O,1.2,426.0,20,4,128.36856243533336,221.76763818087952
61.8,262.26,C=CC(=O)OCCOC1=CC=CC=C1OC(=O)C=C,2.7,337.0,19,9,131.71853505566668,243.8936702083978
72.1,221.21,CC1=C(C=CC=C1[N+](=O)[O-])/C=C/C(=O)OC,2.7,295.0,16,3,124.04167521813334,196.5159403849197
72.3,270.28,COC(=O)/C=C/C1=CN=C(N=C1)C2=CC=CC(=C2)CO,1.3,338.0,20,5,186.8702123051,249.60491825756847
43.3,328.4,CN1C=C(C=C1/C=C/C(=O)OC)CNC23CC4CC(C2)CC(C4)C3,3.0,475.0,24,6,197.0255682,313.31425833083125
81.4,302.37,CCOC(=O)/C=C/C1=CC=C(C=C1)NC(=O)C2(CCCC2)N,1.9,420.0,22,6,195.1473095023333,282.4012011018938
93.7,402.5,CCOC(=O)/C=C/C1=CC=C(C=C1)NC(=O)C2(CCCC2)NC(=O)OC(C)(C)C,3.5,609.0,29,9,243.56600786066664,376.7211038838102
59.4,193.2,COC(=O)/C=C/C1=CN=C(C=C1)CO,0.3,215.0,14,4,115.12747425006668,177.07804013168868
68.3,302.37,CC1(CC2=C(NC1=O)N=CC(=C2)/C=C/C(=O)OC(C)(C)C)C,2.5,477.0,22,4,191.4873429303333,284.21546038876636
83.1,413.5,CC(C)(C)OC(=O)N/C(=C/C1=C(C=C(C=C1)OC)OCC2=CC=CC=C2)/C(=O)OC,4.4,591.0,30,10,247.13167671666665,388.10619202219266
57.9,252.26,CCOC(=O)C(=CC1=CC=CO1)CC2OCCO2,1.6,307.0,18,6,137.116538387,226.87492117209985
70.6,381.5,CN(C)C1=CC=CC=C1CN2CC[C@H](C2)NC3=NC=C(N=C3)/C=C/C(=O)OC,2.3,527.0,28,8,247.86150251933336,363.7382813887758
67.9,514.7,CCCCCCCNC(=O)N(C)C1=CC=CC(=C1)C2=C(C=C(C=C2)/C=C/C(=O)OC)OCC3=CC=CC=C3,7.4,720.0,38,14,339.2210641246667,507.56650424631107
105.0,453.5,CCCCCCCNC(=O)N(C)C1=CC=CC(=C1)C2=C(C=C(C=C2)/C=C/C(=O)OC)[N+](=O)[O-],5.7,663.0,33,11,291.6794669116667,425.2508271759791
58.6,436.6,CCCCCCCNC(=O)N(CCC)C1=CC=CC(=C1)C2=CC=C(C=C2)/C=C/C(=O)OC,6.8,569.0,32,13,291.85779565966664,437.5282542958661
66.2,327.4,CCOC(=O)C(=CC1CCOCC1)C2=CC=C(C=C2)N3C=CN=N3,2.4,441.0,24,6,193.99688144066667,302.29823497922
89.6,547.6,CCOC(=O)/C=C/C1=CC(=O)N(C2=C1C=CC(=C2)OC)CCN3CCC(CC3)NCC4=CC5=C(C=C4)OCCO5,3.1,917.0,40,11,309.7883960986667,502.8009605513848
52.3,279.76,CCOC(=O)C=C(C1(CCC1)C2=CC=C(C=C2)Cl)N,4.0,355.0,19,5,146.05448223033332,256.6945167257877
94.1,444.3,CCOC(=O)C(=CN[C@H](CO)C(C)C)C(=O)C1=CC(=C(C=C1OC)OC)Br,4.2,524.0,27,11,213.2998237083333,346.50991157252946
64.599,449.6,CCOC(=O)/C=C/C1=CC(=CC=C1)C2COC3=C2C(=C(C(=C3C)C)NC(=O)CC(C)(C)C)C,6.0,711.0,33,8,280.44431057066663,437.7257888272506
65.7,379.5,CCC1=CC=C2N1N=C(C(=C2C3=CN=CC(=C3)C)/C=C/C(=O)OCC)COC,3.1,541.0,28,8,252.7727655093333,360.13415908846525
103.0,444.5,CC(C)(C)OC(=O)/C=C/C1=CN=C(C2=C1SC=C2C3=CC=C(C=C3)OC4=CC=CC=C4)N,5.9,650.0,32,7,306.1268629876667,409.7159868217428
56.2,437.5,CCOC(=O)/C=C/C1=C(N(N=C1)C)NC(C2=CC=CC=C2)(C3=CC=CC=C3)C4=CC=CC=C4,5.9,588.0,33,9,269.132738065,425.6737873249591
135.0,459.6,CCOC(=O)/C=C\C1=C(N=C(S1)NC(=O)C)CCC2=CC=C(C=C2)NC(=O)OC(C)(C)C,4.0,671.0,32,11,261.029899489,416.4657456127847
35.5,232.27,CCOC(=O)/C=C/C1=CC=C(C=C1)OCC=C,3.6,263.0,17,7,150.18427744366667,231.25591664539948
39.2,267.32,CCOC(=O)/C=C/C1=CC=C(C=C1)CC2=CN=CC=C2,3.4,319.0,20,6,172.34901359886666,265.37260007769913
71.6,385.7,COC(=O)/C(=C\C1=CC=C(C=C1)Cl)/C(=O)C2=CC=C(S2)Br,5.4,433.0,21,5,202.88974691566668,273.3522663959734
68.9,302.15,CCOC(=O)C(=CC1=CC=C(S1)Br)N=[N+]=[N-],4.5,342.0,16,5,159.94532000159998,198.97707171528785
65.2,212.63,COC(=O)/C=C/C1=C(C=C(C=N1)Cl)N,1.1,233.0,14,3,119.75043024686666,181.55354393801414
94.5,411.5,CCOC(=O)/C=C/C1=CSC(=N1)C2=C(N(N=C2)C(C)(C)C)C3=CC=C(C=C3)OC,4.1,572.0,29,8,258.3029356156667,380.58178020909986
115.0,550.7,CCCCCCCOC1=CC=C(C=C1)C2=CN=C(S2)C3=CC=C(C=C3)C=C(C(=O)OC)NC(=O)OC(C)(C)C,8.2,782.0,39,15,411.076568961,520.3162622243852
67.4,262.13,CCOC(=O)/C=C/C1=CSC(=N1)Br,2.7,210.0,13,4,113.59103148646666,171.20493820484194
68.3,327.17,COC(=O)/C=C/C1=CN=C(C=C1)NC(=O)CCCBr,1.7,334.0,19,7,167.50777271766663,241.84276779981747
48.4,207.23,CCOC(=O)C=CC1=CN=C(C=C1)OC,1.8,228.0,15,5,124.50166325283334,197.2289028578243
76.1,312.37,CCNC1=NC(=NC=C1C=CC(=O)OCC)NC2=CC=CC=C2,3.4,383.0,23,8,204.27459895616667,295.8859847191329
113.0,384.4,C1=CC=C(C=C1)/C=C/C(=O)OCC(COC(=O)C=CC2=CC(=C(C=C2)O)O)O,3.6,551.0,28,10,203.10235656466665,341.3022363656792
55.4,281.73,CC1=CC(=CC(=C1Cl)C)C=C(C(=O)OC)NC(=O)C,2.9,369.0,19,4,163.976668127,254.75459626981433
47.6,221.25,CCOC(=O)C=CNC1=CC=CC=C1OC,2.8,240.0,16,6,136.85653376866668,212.1333721795068
52.6,240.29,CCOC(=O)C=C[C@H]1C[C@@H]1C(=O)OC(C)(C)C,2.0,325.0,17,7,123.89077511096666,233.62049894845094
54.5,351.4,CCOC(=O)/C=C/C1=CN=C(C=C1)NC2CCN(C2)CC3=CC=CC=C3,3.5,462.0,26,8,230.1986176053333,340.45361498840873
72.0,451.6,CCOC(=O)/C=C/C1=CN=C(C=C1)N([C@@H]2CCN(C2)CC3=CC=CC=C3)C(=O)OC(C)(C)C,4.3,669.0,33,10,276.73755300066665,433.7888928304403
83.6,463.4,CCOC(=O)/C=C/C1=CC(=C(N=C1)NC2CCN(CC2)C(=O)NC3=CC=C(C=C3)Cl)Cl,4.5,620.0,31,7,268.5506280736667,406.2233530746113
70.4,328.4,CC1=CN(C=N1)C2=C(C=C(C=C2)/C=C/C(=O)OC(C)C(=O)C)OC,2.5,480.0,24,7,220.29114883266664,307.49010155846037
111.0,490.5,CCO/C(=C\C1=CC=C(C=C1)C2=CC(=CC=C2)N(C)C(=O)OC3=CC=C(C=C3)[N+](=O)[O-])/C(=O)OCC,5.9,765.0,36,10,328.19042535533333,447.0316865732749
61.6,159.18,CCC(C)(N)OOC(=O)C=C,1.1,158.0,11,5,72.50589166656665,146.7920485395845
129.0,552.6,CCCC1=C(C=CC(=C1O)C(=O)C)OCC(COC2=C(C3=C(C=C2)C(=O)C=C(O3)/C=C/C(=O)OCC)CCC)O,5.8,913.0,40,15,326.137448174,502.6999293211133
83.9,411.6,CCOC(=O)/C=C/C1=C(C=CC(=C1)SCC2=CC=CC=C2)NC3CCCCC3O,5.2,520.0,29,9,253.50727283566667,388.17986354093665
94.4,411.4,CCCC(=C(C=NC1=C(C=C(C=C1)OC(=O)C2=CC=CC=C2)OC)C(=O)OCC)O,5.0,623.0,30,11,258.71565350066663,381.9144423335794
76.9,248.4,CCCCCCSSCCOC(=O)C=C,3.7,172.0,15,11,120.56723374133333,235.07253063512493
52.6,376.8,C1=CC=C(C(=C1)/C=C/C(=O)OC2=CC3=C(C=C2)C4=CC=CC=C4C(=O)O3)Cl,5.5,589.0,27,4,253.2504321543333,332.4675201146603
26.3,168.23,CCC1(CCCC1)OC(=O)C=C,2.7,178.0,12,4,86.29337222963333,169.5291477667651
39.2,195.19,CCOC(=O)/C=C/C1=NC=CC(=C1)F,1.6,218.0,14,4,105.65009327833332,177.65881013579673
52.6,220.22,CC(=O)OC1=CC=C(C=C1)COC(=O)C=C,2.2,264.0,16,6,110.7114968689,205.46239159569265
26.3,231.07,COC(=O)C=CC1=C(C=CC=C1Cl)Cl,3.5,218.0,14,3,114.69538612113335,196.83083988764247
39.2,163.17,COC(=O)/C=C\C1=CC=CC=N1,1.2,177.0,12,3,90.87429566996668,156.80179106647856
26.3,289.55,CCOC(=O)/C=C/C1=C(C=CC(=C1)Cl)Br,3.9,243.0,15,4,132.54622330533334,203.71873598926342
26.3,301.15,CC(C)(C)OC(=O)/C=C/C1=C(C(=CC=C1)F)Br,4.0,296.0,17,4,140.53537268340003,222.15073778549745
62.1,230.26,CCOC(=O)/C(=C\NC1=CC=C(C=C1)C)/C#N,3.1,333.0,17,5,136.11657774263332,222.6927625055959
61.6,314.17,CCOC(=O)/C=C/C1=C(C(=CC=C1)Br)OCCN,2.3,283.0,18,7,152.25034527133334,232.27186867143115
52.6,313.14,CCOC(=O)/C=C/C1=CC(=C(C=C1)OC(=O)C)Br,3.0,327.0,18,6,155.94574764286668,229.50723908060698
52.3,233.31,CC(C)(C)OC(=O)/C=C/C1=CC=C(C=C1)CN,2.0,270.0,17,5,145.69846640543335,230.97720592601615
52.1,164.16,COC(=O)/C=C/C1=NC=CC=N1,0.5,174.0,12,3,91.6720118101,152.19694940318064
64.599,317.4,CC(C)(C)OC(=O)NC1CCC2=C1C=CC(=C2)/C=C/C(=O)OC,3.1,466.0,23,6,191.444755869,300.2987086365725
81.4,237.21,COC1=CC(=C(C=C1)/C=C/C(=O)OC)[N+](=O)[O-],2.0,310.0,17,4,135.27541835513333,205.635771421364
105.0,425.5,CCCCCNC(=O)N(C)C1=CC=CC(=C1)C2=C(C=C(C=C2)/C=C/C(=O)OC)[N+](=O)[O-],4.6,633.0,31,9,268.7145354276667,393.507787384647
55.8,349.8,COC(=O)/C=C\[C@H]1COC[C@H](N1C(=O)CC=C)C2=CC=C(C=C2)Cl,2.4,485.0,24,6,181.17093962766668,317.09460523842114
103.0,225.27,COC(=O)/C=C/C1=CN=C(N=C1N)SC,1.0,248.0,15,4,134.10172588803331,193.8401917762784
186.0,601.7,CCOC(=O)/C=C/C1=C(N=C(S1)NC(=O)C)CCC2=CC=C(C=C2)N=C(NC(=O)OC(C)(C)C)NC(=O)OC(C)(C)C,6.1,965.0,42,15,349.22798976200005,540.2368378312046
43.4,290.3,COC(=O)C(=C)C1=CC2=C(C=C1)C(=O)C3=CC=CC=C3C=C2,4.3,505.0,22,3,199.10960637166667,272.6673133881696
84.5,383.8,COC(=O)/C(=C\C1=CC=C(C=C1)Cl)/C(=O)C2=CC=C(S2)C3=CC=NC=C3,5.0,539.0,26,6,251.69702874766668,336.2563369932888
39.2,253.29,CCOC(=O)/C=C(\C1=CC=CC=C1)/C2=CC=NC=C2,3.4,313.0,19,5,156.04253831733334,248.6496407341146
67.9,370.6,CCOC(=O)C=CC1=C(C=NN1C2=C(C(=C(C=C2)Cl)Cl)Cl)C#N,4.2,507.0,23,5,203.0307092669,304.36512219440283
72.6,323.35,CCOC(=O)C=CC1=C2N=CN=C(N2N=C1)N(C)C3=CC=CC=C3,2.8,452.0,24,6,210.8453264473333,297.996120405234
64.599,339.4,COCCNC(=O)C1=CC=C(C=C1)/C=C/C(=O)OCC2=CC=CC=C2,2.8,435.0,25,9,206.717978236,323.6182079048478
39.2,253.29,CC1=CC=C(C=C1)C2=CN=CC(=C2)/C=C/C(=O)OC,3.1,319.0,19,4,172.31049479566664,248.7555517775935
42.4,362.5,CC1=CC=C(C=C1)C(/C=C/C2=NC(=CC=C2)/C=C/C(=O)OC)N3CCCC3,4.2,517.0,27,7,235.709779425,359.0276090975458
49.8,236.27,CCOC(=O)C(=CN(C)C)N1C=CC(=O)C=C1,1.0,379.0,17,5,134.7679033253,222.97038280677708
85.2,395.4,CCCC(=C(C=NC1=CC=C(C=C1)COC(=O)C2=CC=CC=C2)C(=O)OCC)O,4.9,584.0,29,11,239.87480608766668,374.7979794161849
52.3,151.59,C=CC(=O)OCCN.Cl,,90.4,9,4,58.72785792216666,108.31811600346522
80.8,395.4,CC(C)(C)OC(=O)/C(=C\NC1=CC=C(C=C1)F)/S(=O)(=O)C2=CC=CC=C2F,4.6,644.0,27,7,218.14716733066663,336.6128000618595
80.8,387.8,COC(=O)/C(=C\NC1=CC(=C(C=C1)F)F)/S(=O)(=O)C2=CC(=CC=C2)Cl,4.3,608.0,25,6,204.04469761733333,306.8133278193093
72.1,305.3,CN(C)/C=C(/C(=O)OC)\S(=O)(=O)C1=C(C=CC(=C1)F)F,1.7,484.0,20,5,141.89976050233335,246.18195935697187
26.3,272.72,C1=CC=C(C=C1)COC(=O)/C=C/C2=CC=C(C=C2)Cl,4.3,300.0,19,5,164.093110292,256.70733402229706
46.6,247.29,CCOC(=O)/C=C/C1=CC(=CC=C1)C(=O)N(C)C,2.0,323.0,18,5,149.11435567166666,240.4037230206072
57.0,309.72,CCOC(=O)/C(=C/C1=C(C=CC=C1Cl)F)/CN2C=NC=N2,3.0,394.0,21,6,152.598958848,265.5728538777759
72.1,239.2,CCOC(=O)C=CC1=C(C=CC(=C1)[N+](=O)[O-])F,2.5,313.0,17,4,118.07874817573334,202.12041169495433
26.3,288.08,C=CC(=O)OCC1=CC(=CC=C1)I,2.9,191.0,13,4,103.07560858236668,171.2423896788976
40.1,139.17,CC(=C)C=C.C=CC(=O)[O-],,102.0,10,1,76.009290153,105.33545260984535
26.3,266.3,CC(C)(C1=CC=CC=C1)C2=CC=CC=C2OC(=O)C=C,4.5,339.0,20,5,154.780875673,268.9800279797353
91.2,272.32,COC(=O)/C(=C(/C1=CNC2=CC=CC=C21)\SC)/C#N,2.6,438.0,19,4,160.4259850905,243.24356555124461
58.6,173.21,CCOC(=O)/C=C/NC(C)CO,1.0,156.0,12,6,86.85352586676667,162.3673550073188
35.5,220.26,CCOC(=O)/C=C/C1=C(C=CC(=C1)C)OC,2.9,248.0,16,5,138.50534371966668,217.58574354379925
72.8,296.32,CCOC(=O)/C=C/C1=C(NN=C1N2C=CC3=C2N=CC=C3)C,2.6,428.0,22,5,184.992483828,270.29009218772006
67.5,397.5,CCOC(=O)/C=C/C1=C(N(N=C1C)C)N2C=CC3=C2C=C(C=C3)OC(C)COC,3.6,572.0,29,9,243.372022392,374.5276301951795
39.2,211.64,CCOC(=O)/C=C/C1=CC(=CN=C1)Cl,2.1,218.0,14,4,116.25388596153331,190.56972322280694
61.8,290.31,CC(=C)C(=O)OCCOC1=CC=C(C=C1)/C=C/C(=O)OC,3.0,392.0,21,9,172.66370899766665,274.9520696901281
52.6,220.22,COC1=C(C=C(C=C1)/C=C/C(=O)OC)C=O,1.6,272.0,16,5,137.66329499933332,205.17551382507168
77.5,466.6,CCOC(=O)/C=C/C1=C(N=C(C(=C1C2=CC=C(C=C2)C)CNC(=O)OC(C)(C)C)CC(C)C)C,6.0,676.0,34,11,283.620621653,458.09242436199526
55.8,227.26,CN(C)/C=C(/C(=O)[C@H]1CCCO1)\C(=O)OC,0.8,309.0,16,5,114.72122293456668,208.70094622011678
64.599,339.4,CC(=O)NCCC1=CC=CC=C1OC2=CC=CC=C2/C=C/C(=O)OC,3.3,463.0,25,8,203.409192149,322.1870197537765
55.8,399.4,CCOC(=O)/C=C/C1=CC=C(C=C1)CN2C3=CC=CC=C3OC4=CC=CC=C4C2=O,4.7,625.0,30,6,254.109675547,375.9920383506907
52.6,302.4,CCOC(=O)/C=C/C1=CC=C(C=C1)/C=C/C(=O)OC(C)(C)C,3.8,421.0,22,8,211.937864496,297.77522591573756
26.3,352.4,CCOC(=O)/C=C(\C1=CC=CC=C1)/C2=CC=C(C=C2)C#CC3=CC=CC=C3,6.5,556.0,27,7,285.284257526,358.2317365142485
48.4,286.12,CCOC(=O)/C=C/C1=CC(=NC=C1Br)OC,2.5,258.0,16,5,132.64871271493334,205.41803201373028
26.3,182.26,CC(C)(C1CCCC1)OC(=O)C=C,3.2,200.0,13,4,92.8424005781,185.13627128651405
87.3,637.6,CCOC(=O)C(=C[C@@H]1CCC2(C1)O[C@H]([C@@H](O2)C3=CC=CC=C3)C4=CC=CC=C4)C5=CC(=C(C=C5)S(=O)(=O)C6CC6)Br,6.5,1030.0,41,9,336.13229148966667,519.4941307029001
97.0,341.4,CCOC(=O)C=CC1=C(C=CC(=C1)[N+](=O)[O-])NCCC2=CC=CC=N2,3.3,464.0,25,8,198.3436272073333,310.8563049822053
81.3,349.4,CN(C)C1=CC=CC2=C1C=CC=C2S(=O)(=O)OCCOC(=O)C=C,3.2,540.0,24,8,192.85451526666668,307.60924604881563
89.9,186.12,C=CC(=O)OO.C1=CC(=O)OC1=O,,196.0,13,2,68.9011771514,98.21025419795035
58.6,421.6,CCOC(=O)C=CC1=CC(=CC=C1)C(C2=CC3=C(C=C2C)C(CCC3(C)C)(C)C)NO,6.6,640.0,31,7,249.391561138,413.13478294979103
73.9,259.3,CC(C)(C)OC(=O)NCCOCCOC(=O)C=C,1.3,283.0,18,10,114.66500684186666,241.63985770435866
92.9,188.18,C=CC(=O)OCCN(CO)C(=O)N,-1.0,205.0,13,6,76.76808526360001,159.90834206161023
115.0,562.1,CCOC(=O)/C=C/C1=CC2=C(NCC1)N=CN=C2NC3=CC(=C(C=C3)OC4=CC=CC(=C4)C(=O)NC(C)(C)C)Cl,5.8,922.0,40,10,379.4937250766666,508.91394931156754
92.9,373.5,CCOC(=O)/C=C/C1=C(C=C(S1)NC(=O)OC(C)(C)C)C2=CC=CC=C2,4.8,508.0,26,8,242.8160910469333,344.16305757458264
80.3,408.3,CCOC(=O)/C=C/C1=CC(=C(N=C1)NCCNC(=O)C2=CC=C(C=C2)Cl)Cl,4.0,510.0,27,9,237.8143962933333,356.2402075630301
82.1,329.39,CCOC(=O)C(=C)CN(C(=O)OC(C)(C)C)C(=O)OC(C)(C)C,2.9,442.0,23,9,151.44333311800003,310.5622389850015
73.0,340.4,COC1=CC2=C(C=C1)C(=CS2)OC3=CC=C(C=C3)/C=C/C(=O)OC,4.7,445.0,24,6,223.39314456066668,308.7971756223634
76.1,273.33,CCN(CC)CCOC(=O)C(=C)CC(=O)OC(C)O,1.1,312.0,19,11,123.52368574333332,255.45122498023298
26.3,460.7,CCCC1CCC(CC1)C2CCC(CC2)C3=CC=C(C=C3)/C=C/C(=O)OCC4CC5CC4C=C5,10.2,699.0,34,9,300.243804891,465.40715722071667
73.0,472.6,CC1=C(C(=CC=C1)C(C)C)C2=C(C3=C(S2)C=C(C=C3)OC)OC4=CC=C(C=C4)/C=C/C(=O)OC,7.9,686.0,34,8,319.4361555566667,446.7678738327843
95.9,274.27,CC(C)(C)OC(=O)/C(=C/C1=CC(=CC=C1)[N+](=O)[O-])/C#N,2.9,462.0,20,4,152.71971013293333,247.5124447697168
26.3,314.0,CCOC(=O)C(=C(Cl)Cl)C1=C(C=C(C=C1)Cl)Cl,5.1,313.0,17,4,142.44297712513332,247.67281607088972
83.8,254.24,CC1(COC1)CN2C(=O)N(N=N2)/C=C/C(=O)OC,0.5,416.0,18,5,124.486923077,214.52052903984398
38.3,219.28,CC(C)NC1=CC=CC=C1/C=C/C(=O)OC,3.0,248.0,16,5,141.77884249399995,218.2882923987683
35.5,184.23,COCCOC(=O)C=C.C=CC=C,,120.0,13,6,88.73444838959999,132.62557999321564
90.8,281.33,CCOC(=O)C(=CSC1=CC=CC=N1)C(=O)OCC,2.5,324.0,19,8,152.40722282366667,251.62847631962208
46.5,190.19,C=CC1=C(C=C(C=C1)O)OC(=O)C=C,2.7,235.0,14,4,108.24078214183334,180.1517080122487
54.0,342.4,CCOC(=O)/C=C/C1=C(C=C(C=C1)OCOC)OCC2=CC=CC=C2,4.0,403.0,25,10,209.677479794,327.06412776176626
26.3,357.2,CCOC(=O)C=CC1=CC=C(C=C1)C=CC2=CC=C(C=C2)Br,6.0,386.0,22,6,208.43549278266667,292.37994258159625
67.4,169.2,COC(=O)C=CC1=CN=CS1,1.3,170.0,11,3,88.64495972673335,147.12484115538646
54.5,196.27,CCOC(=O)C(=CC1=CSC=C1)C,2.6,211.0,13,4,112.983809529,183.39863329171155
54.1,334.4,COC(=O)C=CC1=CC=C(C=C1)CNCCC2=CNC3=CC=CC=C32,3.8,443.0,25,8,195.158514398,323.04789249284903
53.0,227.03,C1=C(C=NC=C1Br)C=CC(=O)[O-],2.1,188.0,12,1,155.80110699115332,145.32427943208322
39.2,270.12,CCOC(=O)/C=C/C1=CN=C(C(=C1)C)Br,2.9,243.0,15,4,136.56620220223334,196.65079142552034
48.0,437.6,CCCCOCCOC1=CC=C(C=C1)C2=CC3=C(C(=C2)/C=C/C(=O)OCC)N(CCC3)C,5.8,572.0,32,12,302.3301632326666,429.60756699474234
54.0,320.4,CCOC(=O)/C=C/C1=C(C=C(C=C1)OCCOC)OCC2CC2,3.1,378.0,23,11,192.9715192243333,308.9876724390105
54.0,425.3,CCOC(=O)/C=C/C1=C(C(=C(C=C1)OCOC)C)OCC2=C(C=C(C=C2)Cl)Cl,5.6,501.0,28,10,236.2120219566667,377.6713519784144
71.8,394.8,CCOC(=O)/C=C/C1=CC(=C(C=C1OCOC)OC2=C(C(=NN2C)C)C)Cl,4.1,507.0,27,9,236.127436269,353.14457781129323
61.8,256.29,CC(=C)C(=O)OC.C=CC(=O)OC1CCCCO1,,248.0,18,5,121.20664239533336,166.6872474740785
71.1,280.27,CCOC(=O)C=CC1=C(C=CC(=C1)OC(=O)OC)OC,2.7,352.0,20,8,142.951394004,254.2027363217906
49.9,366.21,CCOC(=O)/C(=C/C1=C(C(=CC=C1)OCC2CC2)Br)/N=[N+]=[N-],5.1,473.0,22,8,184.17399823466667,275.81503066067125
69.9,306.75,CCOC(=O)/C=C/C1=C(C=C(C=C1)Cl)CN2N=C(N=N2)C,3.4,380.0,21,6,173.233158014,270.13324698439726
82.5,374.4,CN(C)N=CC1=C(C(=O)N(C(=O)N1CC2CC2)CC3CC3)/C=C/C(=O)OC,1.6,717.0,27,9,215.25400033966665,348.7462567434269
68.1,291.34,CCCC(=C(C=NC1=CC=CC=C1OC)C(=O)OCC)O,3.6,390.0,21,8,176.81871797066665,277.0265248257571
46.5,144.17,CC(C)C(=C)C(=O)OCO,1.3,138.0,10,4,65.06649735616666,136.42854757312801
44.8,312.4,CC1=CC=CC=C1COC2=C(C=C(C=C2)/C=C/C(=O)OC)OC,4.0,393.0,23,7,202.1233928103333,302.8060860940449
55.4,452.6,C1=CC(=C(C=C1/C=C/C(=O)OCC(=O)NC2=C(C=CC(=C2)C(F)(F)F)Cl)Cl)Cl,5.9,588.0,28,6,221.695482377,352.0084176895224
35.5,310.3,C#CCOC(=O)/C=C/C1=CC=C(C=C1)OCC2=CC=C(C=C2)F,3.9,435.0,23,7,188.59846884133333,296.61996594202077
35.5,344.8,C#CCOC(=O)/C=C/C1=CC(=C(C=C1)OCC2=CC(=CC=C2)F)Cl,4.5,484.0,24,7,201.55611121766665,314.19957579852104
35.5,412.19,COC(=O)/C=C/C1=CC(=C(C=C1)OCC2=CC=C(C=C2)F)I,4.4,380.0,22,6,193.795857858,277.4161517874412
35.5,425.7,C=CCOC(=O)/C=C/C1=CC(=C(C(=C1)Br)OCC2=CC=C(C=C2)F)Cl,5.7,466.0,25,8,211.14025983533327,323.5640647469202
39.2,191.23,CCOC(=O)C=CC1=NC=C(C=C1)C,1.9,213.0,14,4,116.5069786519,188.51149121062969
60.3,272.3,CC1=CC2=CC=CC=C2N1CC(=O)NC(=C)C(=O)OC,2.4,408.0,20,5,149.87395580999998,253.24397124611562
98.1,270.67,CCOC(=O)/C=C/C1=C(C(=CC(=C1)[N+](=O)[O-])N)Cl,2.3,342.0,18,4,141.61325998396669,221.94704029680332
55.4,357.8,CC(C)COC(=O)/C(=C/C1=CC=C(C=C1)Cl)/NC(=O)C2=CC=CC=C2,5.2,475.0,25,7,215.1348657423333,332.3372836694094
95.2,276.32,CCOC(=O)/C=C\SC1=NN=NN1C2=CC=CC=C2,2.4,321.0,19,6,141.520515669,240.1116788549059
95.2,228.27,CCN1C(=NN=N1)S/C=C\C(=O)OCC,1.1,237.0,15,6,109.67885887133332,194.80863365173772
63.2,324.4,CC(C)(C)OC(=O)/C=C/C1=C(C(=C(C=C1OC)OC)OC)OC,3.1,400.0,23,8,192.3678168624,306.1652200038759
69.5,326.3,COC1=CC=C(C=C1)N=NC2=CC=C(C=C2)OCCOC(=O)C=C,4.1,411.0,24,9,187.29913781366668,305.20771959986916
54.0,338.4,COC1=C(C=CC(=C1)CC=C)OC(=O)C=CC2=CC3=C(C=C2)OCO3,4.6,489.0,25,7,202.813391036,315.10550893138077
113.0,292.24,CN1C2=C(C=C(C=C2)[N+](=O)[O-])C(C1=O)(C(=C)C(=O)OC)O,1.1,513.0,21,3,145.40275148233334,239.76750941805147
26.3,234.33,CCCCC1=C(C(=CCC1)C)/C=C/C(=O)OC,3.3,359.0,17,6,145.540417223,241.6639068023584
81.4,392.2,CC1=CC(=CC(=C1OC2=CC=C(C=C2)/C=C/C(=O)OC)Br)[N+](=O)[O-],4.6,470.0,24,5,218.50623235033336,290.6952121100646
64.4,310.7,CCOC(=O)C=C(N)NC1=CC=CC(=C1)C(F)(F)F.Cl,,342.0,20,5,142.06838962220002,233.82395827674208
111.0,452.4,CCOC(=O)C=C(C1=COC=C1CP(=O)(OCC)OCC)P(=O)(OCC)OCC,1.0,615.0,29,15,217.2527612933333,383.01822308693926
55.8,419.5,CC1=CC(=O)N(C2=C1C=CC(=C2)OCCCCCCOC(=O)C=C)CC3=CC=CC=C3,4.8,637.0,31,12,242.5400851063333,405.95976896285106
59.0,334.4,CCOC(=O)/C=C/C1=C(C=CC(=C1)C)N2C(=O)C3=CC=CC=C3C=N2,3.5,557.0,25,5,225.870090903,312.89543768835193
64.599,315.72,CCOC(=O)/C=C/C1=CC(=C(C=C1F)Cl)OCC(=O)NC,2.6,391.0,21,7,169.25445082033335,269.4157518422342
87.7,339.4,CCOC(=O)/C=C/C1=C(C(=CC(=C1)C)C2=NC3=CC=CC=C3S2)O,4.7,470.0,24,5,235.9034334693333,306.9051878186414
84.6,320.34,COCCCN1CC2=C(C1/C=C/C(=O)OC)C(=CC=C2)[N+](=O)[O-],1.7,448.0,23,7,165.277077548,286.7222662741085
89.0,438.8,C1=CC=C(C=C1)C2=C(N=C(N2)C(=CC(=O)[O-])C3=C(C=CC(=C3)Cl)O)C4=CC=CC=C4.[Na+],,622.0,31,5,294.61548802066665,369.54799779919637
81.4,408.2,COC(=O)/C(=C/C1=CC=CC=C1Cl)/COC2=C(C=C(C=C2)Cl)/C=C/[N+](=O)[O-],5.2,575.0,27,7,216.5958343538333,347.3341864872468
110.0,525.6,CCOC(=O)/C=C/C1=C(C2=CC=CC=C2N1C)C(=CNS(=O)(=O)C3=CC=C(C=C3)C)C4=CC=C(C=C4)C#N,5.6,1020.0,38,9,383.1450162633334,480.1260488789383
26.3,92.13,[2H]C(=C([2H])C(=O)OC([2H])([2H])[2H])[2H],0.8,65.9,6,2,37.28011090933334,84.90633904142445
80.8,387.8,COC(=O)/C(=C/NC1=C(C=C(C=C1)F)F)/S(=O)(=O)C2=CC=C(C=C2)Cl,4.3,600.0,25,6,206.362646291,307.1152099497861
89.2,409.4,COC1=C(C=C(C=C1)/C=C\C(=O)OCC2=NOC(=C2)C3=CC4=C(C=C3)OCO4)OC,3.6,600.0,30,8,234.82003439566665,360.3202881020567
99.3,393.4,COC(=O)/C(=C\NC1=CC2=C(C=C1)OCCO2)/S(=O)(=O)C3=CC=C(C=C3)F,3.3,653.0,27,6,226.80009840033333,322.6884127622664
123.0,458.5,CN1C=CN=C1SCC2=CC(=O)C(=CO2)OC(=O)/C=C/C3=CC(=C(C(=C3)OC)OC)OC,2.5,755.0,32,10,278.9058678686667,401.01211335258006
39.2,191.23,CCOC(=O)/C=C/C1=CC(=NC=C1)C,1.9,213.0,14,4,116.54549193016663,188.30604358439498
26.3,306.71,CC(C)(C)OC(=O)/C=C/C1=C(C=CC=C1Cl)C(F)(F)F,4.7,372.0,20,4,141.08703047066666,256.6319228939143
54.0,342.4,CCOC(=O)C=CC1=CC(=C(C(=C1)OC)OCC2=CC=CC=C2)OC,4.0,402.0,25,9,196.107915692,327.359464571803
115.0,219.26,CCOC(=O)/C=C\SCC(C(=O)O)N,-2.4,229.0,14,7,96.50731005236668,182.22251364492814
52.6,220.22,COC(=O)C(=C)C(=O)OCC1=CC=CC=C1,2.3,277.0,16,6,105.68650761993332,205.69398994736576
56.5,293.32,CC1=NN=C2N1C=CC=C2C(=C)C(=O)OCC3=CC=CC=C3,3.5,420.0,22,5,172.83237321340002,273.99704270552536
42.1,193.24,CCCCOC(=O)/C=C/C1=CNC=C1,2.2,202.0,14,6,113.76856487003332,190.04155929744817
26.3,204.26,CCOC(=O)C=CC1=CC(=C(C=C1)C)C,3.3,233.0,15,4,132.383363629,208.55731130950852
74.6,146.14,CC(=O)CO.C=CC(=O)O,,96.1,10,2,54.797488657,89.63061857169905
26.3,218.24,CCOC(=O)C=CC1CCC(CC1)(F)F,2.9,239.0,15,4,99.0638061765,194.46253219716493
77.8,315.32,CCOC(=O)/C(=C/C1=CC=C(C=C1)OC)/NC(=O)C2=CC=CO2,3.0,440.0,23,7,192.38683270766668,287.0495321240186
68.6,406.3,CC1=CC(=C(C(=C1)Cl)OCCOC2=CC=C(C=C2)/C=C(\C#N)/C(=O)OC)Cl,5.4,554.0,27,8,230.54350559,357.4884340292687
61.9,344.8,CCOC(=O)/C=C/C1=C(N(N=C1C)C)N2C=CC3=CC(=CN=C32)Cl,3.2,489.0,24,5,203.07681834026664,307.25351480410194
64.599,249.26,CNC(=O)C1=C(C=C(C=C1)/C=C/C(=O)OC)OC,1.4,327.0,18,5,150.51683549443334,231.06958904038794
52.3,245.32,CCOC(=O)C=CC1=CC2=C(CC[C@@H](C2)N)C=C1,2.3,314.0,18,4,144.5536945156,236.31791285165323
79.6,233.22,COC(=O)C(=COCC#N)C1=CC=CC=C1O,1.4,342.0,17,5,123.73614917366667,210.24516886431854
57.0,347.8,CCCCC(CN1C=NC=N1)(COC(=O)C=C)C2=CC=C(C=C2)Cl,4.8,413.0,24,10,174.62564915366667,323.81296413022295
55.8,303.35,CCOC(=O)C(=C)[C@H]1CCN(C1)C(=O)OCC2=CC=CC=C2,2.7,415.0,22,7,155.29324745333335,287.4175044260007
55.8,289.33,CCOC(=O)C(=C)C1CN(C1)C(=O)OCC2=CC=CC=C2,2.3,395.0,21,7,144.4764959303333,273.31863006776956
65.5,352.6,CCOC=C(C(=O)C1=CN=C(C(=C1Cl)Cl)Cl)C(=O)OCC,3.8,416.0,21,7,160.68273820733333,284.1080415762293
77.5,318.4,CC1(COC2=C(NC1=O)N=CC(=C2)/C=C/C(=O)OC(C)(C)C)C,2.2,493.0,23,4,200.7374055118,293.12809659677407
52.6,310.32,CCOP(=O)(C)C1=CC=CC(=C1)/C=C/C(=O)OC(C)(C)C,2.6,423.0,21,7,181.30656313066663,290.9433815017901
29.5,371.5,CC1=C(C=C(C=C1)/C=C/C(=O)OC)N(CC2=CC=CC=C2)CC3=CC=CC=C3,5.7,471.0,28,8,238.73720777966665,374.8034460991144
99.4,292.33,CCOC(=O)/C=C/C1=C(N=C(N=C1N[C@@H]2CCOC2)N)C,1.3,377.0,21,6,165.51280736433333,260.85535722358543
81.4,276.33,CCOC(=O)/C=C/C1=CC=C(C=C1)NC(=O)C(C)(C)N,1.4,369.0,20,6,176.5926181468,260.28990768002814
67.4,380.5,COC(=O)/C=C/C1=CN=C(C=N1)N[C@@H]2CCCN(C2)CCCC3=CC=CC=C3,3.3,493.0,28,9,239.17937935966663,366.4662782506124
83.1,222.24,C=CC(=O)OCCC#N.C=COCCC#N,,243.0,16,7,100.03790674836668,141.99309337962708
52.1,375.3,CC(C)(C)OC(=O)C(=C)CC1=CC(=NN=C1Br)C2=CC=CC=C2,4.2,427.0,23,6,185.893931769,299.0725710186858
26.3,231.5,CC(C)(C(Cl)(Cl)Cl)OC(=O)C=C,3.2,193.0,12,3,88.43414862113333,185.04352474795422
44.8,234.25,CCOC(=O)/C=C/C1=CC2=C(C=C1)OCCO2,2.6,287.0,17,4,145.2717877276667,215.73907778176869
76.9,358.5,C=CC(=O)OC(CSCC1=CC=CC=C1)CSCC2=CC=CC=C2,5.1,337.0,24,11,192.134271978,341.8799015467021
123.0,568.7,CCOC1=C(C=C(C=C1)C(=O)CCC(=O)NC2=NC(=C(S2)CC3=CC=CC=C3)C4=CC=CC=C4)/C=C/C(=O)OCC,6.3,870.0,41,14,359.926139921,528.6437502750314
67.4,340.4,C[C@H](CN(C)CC1=CC=CC=C1)NC2=NC=C(N=C2)/C=C/C(=O)OC,2.4,424.0,25,9,211.177013077,329.5512412521091
71.5,329.4,CCOC(=O)/C=C/C1=CC2=C(NC(=O)C3(C2)CCN(CC3)C)N=C1,1.4,512.0,24,4,204.985142727,302.09795710661433
75.0,251.67,CCOC(=O)C(=CNC1=C(C=CC=N1)Cl)C#N,2.6,348.0,17,5,132.6080843794,220.5060181194137
89.4,293.39,COC(=O)/C=C/C1=CN=C(N=C1NC2CCCC2)SC,2.9,345.0,20,6,181.01154769733333,266.17769195863997
81.8,210.22,COC(=O)/C(=C/C1=CN=CS1)/N=[N+]=[N-],2.4,298.0,14,4,119.2087299997,169.62249313744763
81.4,251.23,CCOC(=O)/C=C/C1=C(C=C(C=C1)OC)[N+](=O)[O-],2.4,323.0,18,5,144.0182041663,221.62461177781228
53.4,585.5,CC/C(=C(/C1=CC=C(C=C1)/C=C/C(=O)OCC)\C2=CC3=C(C=C2)N(N=C3)C4CCCCO4)/C5=CC=C(C=C5)Br,8.9,859.0,39,9,385.2784737253333,500.07229344435774
46.5,248.32,CC1=CC(=C(C=C1)/C=C/C(=O)OC(C)(C)C)CO,2.7,301.0,18,5,154.06022632966668,243.82082677843388
89.9,211.17,CN1C(=CC(=N1)[N+](=O)[O-])/C=C/C(=O)OC,0.7,286.0,15,3,109.15846003953334,175.60964441262797
71.1,368.4,CC1(OC2=CC(=CC(=C2C(=O)O1)C3=CC=CC(=C3)/C=C/C(=O)OC)OC)C,4.1,583.0,27,5,226.7733063983333,335.0819132852858
93.2,432.5,COC1=CC2=C(C=C1)C(=C(S2)C3=CC=C(C=C3)O)OC4=CC=C(C=C4)/C=C/C(=O)OC,6.0,609.0,31,7,308.772370576,390.4472448658051
53.3,244.29,CCOC(=O)C(=CN(C)C)C1=CC=CC(=C1)C#N,2.2,365.0,18,5,146.419707519,240.18422425712674
85.2,263.32,CCOC(=O)/C=C/C1=CSC(=N1)C2=CN(N=C2)C,1.6,324.0,18,5,158.9693243883667,234.23538031450155
99.7,548.6,C=CC(=O)NC1=CC=CC(=C1)C2=CC=CC3=CN=C(N=C32)NC4=CC=C(C=C4)N5CCN(CC5)CCOC(=O)C=C,5.2,885.0,41,11,366.131490495,513.6498570573169
71.1,382.4,COC1=CC=C(C=C1)/C=C/C(=O)OC2=CC=C(C=C2)OCCCOC(=O)C=C,4.5,513.0,28,12,245.86579815233333,360.39417511596383
93.2,460.5,C[C@H](C1=CC=CC=C1C2=C(C3=C(S2)C=C(C=C3)OC)OC4=CC=C(C=C4)/C=C/C(=O)OC)O,5.9,661.0,33,8,316.8914979296667,421.69269725587793
56.2,340.2,CN1C(=NC(=C1Cl)Cl)CNC2=CC=CC=C2/C=C/C(=O)OC,3.7,408.0,22,6,170.87822448356667,294.7368899360664
79.2,306.3,COC(=O)/C=C/C1=CC=CC=C1NC(=O)C2=CC=CC(=C2)C#N,2.8,506.0,23,5,188.2619296100667,286.83802378590957
80.8,467.6,CCCCCCCNC(=O)N(C)C1=CC=CC(=N1)C2=CC=C(C=C2)/C=C(/C(=O)OCC)\OCC,6.1,631.0,34,14,314.97520389733336,457.36835691439506
60.4,427.3,COC1=CC=C(C=C1)CNC2=C(C=C3C=C(C=CC3=N2)Br)/C=C/C(=O)OC,4.9,508.0,27,7,253.26003659000003,339.13723710514546
70.8,343.4,CCOC(=O)C=C(C1=CC=C(C=C1)OC2CCCCO2)C3=CN=CO3,3.7,459.0,25,7,198.48979371566668,313.3477700752148
55.4,275.34,CCCNC(=O)C1=CC=CC=C1C=C(C)C(=O)OCC,3.1,363.0,20,7,155.16950287733331,268.472664815259
150.0,379.4,CC(=C)C(=O)NC1=CC(=C(C=C1)C(=O)O)O.COC(=O)C=C.C=CC(=O)O,,435.0,27,6,205.282362036,217.44767056094835
72.4,262.33,CCOC(=O)/C=C/C1=C(N(N=C1)C)C2=CC=CS2,2.3,322.0,18,5,153.28438298033333,238.37308943209905
89.0,555.7,CCOC(=O)/C=C/C1=CN=C(C=C1)N([C@@H]2CCN(C2)CC3=CC=C(C=C3)C(=O)C4=CC=CC=C4)C(=O)OC(C)(C)C,5.6,901.0,41,12,339.20553351866664,529.4135499329711
54.5,363.9,CCOC(=O)/C=C/C1=CC(=C(N=C1)N[C@@H]2CCN(C2)CC3CCC3)Cl,4.0,470.0,25,8,222.9161375693333,337.45834950139476
84.9,458.6,CCOC(=O)/C=C/C1=CN=C(N=C1)N([C@@H]2CCN(C2)CC3CCCCC3)C(=O)OC(C)(C)C,4.5,664.0,33,10,272.226816567,436.290847811453
48.0,465.6,CCCCOCCOC1=CC=C(C=C1)C2=CC(=C(C=C2)N3CCC(CC3)C)/C=C/C(=O)OCC,6.7,593.0,34,13,315.9621388113333,461.1266535178006
65.8,491.6,CCCCOCCOC1=CC=C(C=C1)C2=CC(=C(C=C2)N(C)CC3=CN(N=C3)C)/C=C/C(=O)OCC,5.2,652.0,36,15,325.10477469233336,479.6243972846948
167.0,1021.2,CCOC(=O)/C=C/C1=C(N(C(=C1)C(=O)N(CCCCCCCN2C(=O)C3=CC=CC=C3C2=O)CCCCCCCN4C(=O)C5=CC=CC=C5C4=O)CC6=CC(=CC=C6)CO)C#CC(C7=CC=CC=C7)(C8=CC=CC=C8)O,9.8,1920.0,76,28,612.223254472,
95.9,339.14,CCOC(=O)/C(=C/C1=C(C=CC(=C1)Br)[N+](=O)[O-])/CC#N,2.8,449.0,20,5,153.00997648136666,240.3075690854038
63.7,390.2,CCOC(=O)C(=CC1=C(C=CC(=C1)N2C(=O)C3=CC=CC=C3C2=O)Cl)Cl,4.6,597.0,26,5,218.5265159953333,330.6166174279453
31.2,326.23,CCOC(=O)/C=C/C1=CC(=CN1[C@@H]2CCC[C@@H]2C)Br,3.6,345.0,19,5,166.249674035,253.32093292318626
29.5,295.4,CCN(CC)C=CC(=O)OC1=CC=C(C=C1)C2=CC=CC=C2,4.4,348.0,22,7,195.3991869901,298.52332378506327
43.4,306.4,CCOC(=O)/C=C/C1=CC(=CC=C1)C2=CC=CC3=C2C(=O)CC3,3.9,468.0,23,5,204.963951315,295.26947857864633
44.8,691.1,CCCCC/C=C\C/C=C\CCCCCCCCOC1=CC(=CC(=C1)C=CC(=O)OC)OCCCCCCCC/C=C\C/C=C\CCCCC,16.6,827.0,50,35,435.9241989283333,736.6717945084603
58.9,261.32,CCCC(=C(C=NC1=CC=CC=C1)C(=O)OCC)O,3.6,341.0,19,7,147.69895835733334,253.92317192921337
79.1,291.34,CCCC(=C(C=NC1=CC=C(C=C1)CO)C(=O)OCC)O,2.7,382.0,21,8,161.71745381533333,274.2973827257557
30.7,187.19,COC(=O)C=CC1=CC=CC=C1[N+]#[C-],1.9,274.0,14,3,105.36486347216665,185.32253154084742
35.5,296.3,C#CCOC(=O)/C=C/C1=CC(=C(C=C1)F)OC2=CC=CC=C2,3.9,431.0,22,6,187.77434104166664,279.76583980348624
72.9,275.26,COC1=CC=C(C=C1)/C=C/C(=O)ON2C(=O)CCC2=O,1.3,407.0,20,5,166.00814480403332,242.47805797349628
35.5,389.2,C#CCOC(=O)/C=C/C1=CC(=C(C=C1)OCC2=CC(=CC=C2)F)Br,4.6,484.0,24,7,203.72219137533327,303.97055434718266
35.5,365.2,COC(=O)/C=C/C1=CC(=C(C=C1)OCC2=CC=C(C=C2)F)Br,4.5,380.0,22,6,187.789000462,276.424183210918
35.5,369.2,CCOC(=O)/C=C/C1=CC(=C(C=C1)OCC2=C(C=C(C=C2)F)Cl)Cl,5.4,433.0,24,7,202.31630284366665,319.6377917644647
44.8,409.2,CCOC(=O)/C=C/C1=CC(=C(C(=C1)Br)OCC2=CC=CC=C2F)OC,4.8,445.0,25,8,210.5336905613333,316.9238570991191
42.1,215.25,CC1=C(C2=CC=CC=C2N1)C=CC(=O)OC,2.7,288.0,16,3,135.4150117101,204.9256843900502
54.5,247.11,COC(=O)/C(=C\C1=CC=CS1)/Br,2.8,203.0,12,3,112.19963818433332,160.31105498778317
42.1,294.14,CCOC(=O)C=C(C1=CC2=CC=CC=C2N1)Br,3.2,317.0,17,4,159.39238776566663,214.59899154759455
26.3,269.13,CC1=CC=C(C=C1)/C=C(\CBr)/C(=O)OC,3.1,240.0,15,4,135.22483460733332,201.03970530606165
29.5,247.33,CCN(CC)CC1=C(C=CC(=C1)C)OC(=O)C=C,3.2,274.0,18,7,140.97494096466667,252.26622828633435
43.4,288.4,CC1=CC(=C(C=C1)C(=O)C(C)C)/C=C/C(=O)OC(C)(C)C,4.3,401.0,21,6,176.9351476592333,289.79517688732216
127.0,354.3,COC(=O)C1(C(C1(C#N)C(=O)OC)C2=CC=C(C=C2)OC(=O)C=C)C#N,1.4,693.0,26,8,179.102658735,313.21416631568076
35.5,228.24,COC(=O)/C=C/C1=CC2=C(C=C1)C3C=CC2O3,2.1,372.0,17,3,140.53819026776668,211.79368722774595
75.0,350.73,CCOC(=O)C=C(C1=CC=C(O1)CCl)P(=O)(OCC)OCC,1.7,429.0,22,10,174.0701607353333,295.2101970184334
101.0,360.3,CCOC(=O)C=C(C1=C(C=CO1)C(=O)OC)P(=O)(OCC)OCC,1.2,506.0,24,11,174.9236284463333,306.3829390510224
66.8,312.4,CC1=C(C=C(C=C1)C(C)C)OC(=O)/C=C/C2=CC(=C(C=C2)O)O,4.5,418.0,23,5,201.74784363133327,294.88654593787106
87.0,420.6,C1=CC(=CC=C1/C=C/C(=O)O[C@@H](CCCCCCCCCO)CCCCCCO)O,6.1,429.0,30,19,241.65486705866667,411.4837126196098
54.0,306.4,CC(C)(C)OC(=O)/C=C/C1=C(C=CC=C1OC2COC2)OC,2.8,394.0,22,7,176.996937358,289.0009296957048
111.0,452.4,CCOC(=O)C=C(C1=C(C=CO1)CP(=O)(OCC)OCC)P(=O)(OCC)OCC,1.1,615.0,29,15,224.40060747733327,382.9185568992938
43.4,362.5,CC1=CC(=C(C=C1)C(=O)[C@@H]2C[C@H]2C3=CC=CC=C3)/C=C/C(=O)OC(C)(C)C,5.1,565.0,27,7,227.7536149696667,362.34247074585164
65.099,469.5,C=CC(=O)OCCOCCOC1=CC2=C(C=C1)C(=CC(=O)N2CC3=CC=CC=C3)C4=CC=CC=C4,4.5,737.0,35,12,281.2124944353333,443.6979049880185
74.3,319.31,CN(C)/C=C(/C(=O)OC)\OC1=C(C=C2C(=O)C=COC2=C1)OC,1.8,513.0,23,6,183.28649136433333,283.8260773416719
81.4,365.4,COC1=CC2=C(C=C1)C(=C(CC2)C3=CC=CC=C3[N+](=O)[O-])/C=C/C(=O)OC,3.8,621.0,27,5,235.4500704523333,331.5385096175274
77.0,393.4,COC1=C(C=CC(=C1)/C=C/C(=O)OC)OCC(CNC2=CC(=C(C=C2)F)F)O,3.4,507.0,28,10,213.01943198100005,343.50387945189084
102.0,431.5,CC(=O)OC1=C(C=C(C=C1)/C=C/C(=O)OCC2=CC(N(C(C2)(C)C)O)(C)C)OC(=O)C,2.5,753.0,31,9,241.3008107073333,393.3895735481588
123.0,420.4,COC1=C(C=CC(=C1)/C=C/C(=O)OC)OCC(CNC2=CC(=C(C=C2)F)[N+](=O)[O-])O,3.1,586.0,30,10,230.49079208866667,358.6002394964718
158.0,416.5,CCOC(=O)/C(=C(\NC1=NC(=C(S1)C(=O)NC2=CC=C(C=C2)C)C)/SC)/C#N,4.8,653.0,28,8,277.745921936,364.46633579069214
170.0,443.5,CCOC(=O)/C(=C(/NC1=NC(=C(S1)C(=O)N/N=C(/C)\C2=CC=CC=C2)C)\SC)/C#N,4.7,740.0,30,9,261.92333775733334,387.52435534554274
46.6,171.19,CC(=O)/C(=C\N(C)C)/C(=O)OC,0.4,218.0,12,4,88.19676238943333,163.0922933478533
52.6,293.15,C=CC(=O)OCCCCCOC(=O)CCBr,2.4,228.0,16,11,108.4653570514,216.03475288710248
26.3,226.01,C=CC(=O)OCCI,2.2,90.4,8,4,61.328080438166666,110.07251685816203
52.6,156.14,C=CC(=O)OC1CCOC1=O,0.8,197.0,11,3,64.69530013926668,134.52637446367942
44.1,408.5,CCOC(=O)/C=C/C1=CN(C=N1)C(C2=CC=CC=C2)(C3=CC=CC=C3)C4=CC=CC=C4,5.5,541.0,31,8,264.4161911783333,399.7200419951149
26.3,241.08,COC(=O)C(=C)C1=CC(=CC=C1)Br,3.0,213.0,13,3,103.16851593306669,170.11026768330944
26.3,264.63,COC(=O)/C=C/C1=C(C=C(C=C1)C(F)(F)F)Cl,3.7,302.0,17,3,121.28748007866666,210.55949645240955
26.3,283.16,CC(C)(C)OC(=O)C(=C)C1=CC=C(C=C1)Br,4.0,270.0,16,4,130.1932120558,216.88789933424965
73.0,288.3,C1OC2=C(O1)C=C(C=C2)COC(=O)/C=C/C3=CC=CS3,3.2,371.0,20,5,166.67791093566666,251.9722954614382
92.0,375.4,CC1=CC(=CC=C1)OC2=C(C(=O)N3C=CC=C(C3=N2)C)/C=C(\C#N)/C(=O)OC,2.8,898.0,28,5,243.969710164,341.8690017242625
26.3,302.11,CCOC(=O)C(=C)C1=CC=C(C=C1)I,3.4,217.0,14,4,120.50941874083333,186.64419185231517
35.5,254.28,COC(=O)/C=C/C1=CC(=CC=C1)OC2=CC=CC=C2,4.1,305.0,19,5,163.93422006033333,246.76397791822325
46.6,409.17,CCOC(=O)/C(=C/N(C)C)/C(=O)C1=CC(=C(C=C1F)F)I,3.2,428.0,21,6,165.93201325133336,259.16923886080605
63.2,253.25,COC(=O)/C(=C/C1=CC=C(O1)C2=CC=CC=C2)/C#N,3.4,401.0,19,4,187.9619571540333,237.48137368862572
92.0,347.3,COC(=O)/C(=C/C1=C(N=C2C=CC=CN2C1=O)OC3=CC=CC=C3)/C#N,2.1,817.0,26,5,216.3731642623333,310.34995486156066
71.6,272.3,C1=CC=C(C=C1)C(=O)COC(=O)/C=C/C2=CC=CS2,3.3,345.0,19,6,159.67325016186666,248.87986269697882
92.0,375.4,CCC1=CC=C(C=C1)OC2=C(C(=O)N3C=CC=CC3=N2)/C=C(\C#N)/C(=O)OC,2.9,861.0,28,6,248.609787816,341.4285460615415
39.4,208.25,CC(C)CCOC(=O)/C=C/C1=CC=CO1,3.0,221.0,15,6,124.61652233786668,204.50773460036822
50.1,312.9,C=CC(=O)OC(C#N)(C(F)(Cl)Cl)C(F)(Cl)Cl,3.6,349.0,16,5,97.0090731059,216.550445823972
26.3,302.11,CCOC(=O)/C=C/C1=CC=C(C=C1)I,3.6,205.0,14,4,136.03524137873333,187.02526178422818
78.3,193.22,COC(=O)/C(=C\C1=CC=CS1)/C#N,2.3,277.0,13,3,113.20290262963331,170.75674076955085
44.8,236.26,CCOC(=O)C(=C)C1=C(C=CC=C1OC)OC,2.7,263.0,17,6,125.982940449,226.20017908848962
39.2,211.64,CCOC(=O)C=CC1=CC(=NC=C1)Cl,2.5,218.0,14,4,105.49071473546668,190.1658148248302
68.5,209.2,CCOC(=O)C(=CC1=COC=C1)NC=O,1.0,262.0,15,5,110.97349772876667,186.20450459333594
80.8,363.4,CCC1=CC=C(C=C1)N/C=C(\C(=O)OC)/S(=O)(=O)C2=CC=CC=C2F,4.4,576.0,25,7,211.119450013,314.88831312810726
83.8,360.8,C1C(CN1C2=NC3=C(S2)C=CC=C3Cl)OC(=O)/C=C/C4=CC=CO4,4.4,500.0,24,5,214.6727536573333,305.68002418783476
72.1,287.31,CN(C)/C=C(/C(=O)OC)\S(=O)(=O)C1=CC=CC=C1F,1.6,453.0,19,5,140.198874704,241.12680479034154
80.8,395.4,CCOC(=O)/C(=C/NC1=CC(=C(C=C1)F)F)/S(=O)(=O)C2=CC(=CC(=C2)C)C,4.8,637.0,27,7,227.11588678566667,336.5430101446141
72.1,323.29,CN(C)/C=C(/C(=O)OC)\S(=O)(=O)C1=C(C=C(C(=C1)F)F)F,1.8,515.0,21,5,144.20890125833333,251.18954520849107
50.1,247.09,C=CC(=O)OC(C#N)(C(F)(F)F)C(F)(F)F,2.6,332.0,16,3,65.36043938583333,166.24368638925992
54.5,340.03,CCOC(=O)/C=C/C1=CSC(=C1Br)Br,4.0,233.0,14,4,128.97023744246667,184.61676826766873
67.4,296.32,COC(=O)/C(=C\NC1=CC=CC=C1)/NC(=O)C2=CC=CC=C2,3.5,408.0,22,6,200.82262019866667,277.5604976699463
73.9,263.25,CCOC(=O)/C(=C/C1=CC2=C(C=C1)OCO2)/NC=O,1.9,368.0,19,5,150.54479958393333,229.6470625114052
101.0,264.23,CCOC(=O)/C(=C\C1=CC=C(C=C1)[N+](=O)[O-])/NC=O,1.8,367.0,19,5,148.19892008133334,225.7900881915863
55.4,253.68,CCOC(=O)/C(=C\C1=CC=C(C=C1)Cl)/NC=O,2.6,296.0,17,5,144.15759139496666,223.96407955996855
90.8,280.32,COC1=C(C=CC(=C1)C=CC(=O)O)O.C1CNCCN1,,251.0,20,3,131.584133031,188.95440562185533
63.2,368.4,COC1=C(C=C(C=C1)/C=C/C(=O)OC/C=C/C2=CC3=C(C=C2)OCO3)OC,4.1,531.0,27,8,240.711151241,339.47955160488124
137.0,347.3,CCOC(=O)/C(=C\N1C(=O)NC(=O)NC1=S)/C(=O)C2=CC=CC=C2,1.5,610.0,24,6,176.93636295500002,284.0881943662246
93.7,346.4,CC1=CC=C(C=C1)S(=O)(=O)/C(=C/NC2=CC=CC(=N2)C)/C(=O)OC,3.5,560.0,24,6,208.15028808833333,305.63497678142255
99.7,319.4,CCOC(=O)/C(=C(/N)\N1CCCC1)/C(=S)NC2=CC=CC=C2,3.1,439.0,22,6,185.94523285166667,291.2943172059913
99.7,333.5,CCOC(=O)/C(=C(/N)\N1CCCC1)/C(=S)NCC2=CC=CC=C2,3.0,453.0,23,7,186.89887641433333,306.9859872450333
80.3,372.3,CCOC(=O)/C(=C\C1=CC(=C(C=C1)OC)OC)/P(=O)(OCC)OCC,2.6,481.0,25,11,206.400104623,330.71071704197385
68.7,222.26,COC(=O)/C(=C/SC1=CC=CC=C1)/C=O,2.1,255.0,15,5,117.87330030466669,200.73443060110745
102.0,288.19,COC1=C(C=CC(=C1)/C=C/C(=O)OC)OP(=O)(O)O,0.5,375.0,19,6,150.0634070912,227.06667359012533
134.0,358.4,CCOC(=O)/C(=C/C1=CC(=C(C=C1)SCC2=CC=CO2)[N+](=O)[O-])/C#N,3.4,565.0,25,7,211.00915975766665,308.2234124320536
63.2,384.4,COC1=C(C=C(C=C1)/C=C(/C2=CC(=C(C=C2)OC)OC)\C(=O)OCC=C)OC,4.4,531.0,28,10,263.8471140423333,364.6148641261531
106.0,456.5,CCOC(=O)/C(=C/C1=C(C=C(C=C1)N(CCC#N)CCC#N)C)/NC(=O)/C=C/C2=CC=CC=C2,3.9,805.0,34,12,310.5310837376667,442.38510261379537
89.8,351.3,C1OC2=C(O1)C=C(C=C2)/C=C\C(=O)OCN3C(=O)C4=CC=CC=C4N=N3,3.5,608.0,26,5,203.140222458,299.13160595543957
80.6,347.3,C1=CSC(=C1)/C=C/C(=O)OCC2=NOC(=C2)C3=C(C=C(C=C3)F)F,3.8,465.0,24,6,192.81131399966665,289.37713037494734
80.8,371.3,COC(=O)/C(=C\NC1=CC(=C(C=C1)F)F)/S(=O)(=O)C2=CC=CC=C2F,3.8,605.0,25,6,197.272420397,294.08567265290117
80.8,367.4,CC1=CC(=CC=C1)S(=O)(=O)/C(=C/NC2=CC(=C(C=C2)F)F)/C(=O)OC,4.0,602.0,25,6,190.675061651,304.85046784375913
80.8,363.4,CCC1=CC=C(C=C1)N/C=C(\C(=O)OC)/S(=O)(=O)C2=CC=C(C=C2)F,4.4,568.0,25,7,216.30500073533327,315.9958260539828
80.8,349.4,CC1=CC=C(C=C1)N/C=C(\C(=O)OC)/S(=O)(=O)C2=CC=CC=C2F,3.9,562.0,24,6,206.43492027633337,300.3330667008599
80.6,183.23,COC(=O)C=C(C1=CC=CS1)N,1.6,203.0,12,3,94.4666319735,158.93690840378912
80.8,335.4,COC(=O)/C(=C/NC1=CC=C(C=C1)F)/S(=O)(=O)C2=CC=CC=C2,3.6,527.0,23,6,192.40756814066663,284.07692737044675
50.1,280.0,C=CC(=O)OC(C#N)(C(F)(F)Cl)C(F)(F)Cl,3.1,349.0,16,5,80.15210952146667,191.55073589074271
73.9,279.29,CCOC(=O)/C(=C\C1=CC(=C(C=C1)OC)OC)/NC=O,1.5,356.0,20,7,161.67707585600002,254.82339175811717
26.3,402.11,C=CC(=O)OC1(C(C(C(C(C1(F)F)(F)F)(F)F)(F)F)(F)F)C(F)(F)F,4.8,558.0,25,3,92.68982995013334,235.51268564818662
26.3,266.3,C=CC(=O)OCCC(C1=CC=CC=C1)C2=CC=CC=C2,4.5,281.0,20,7,155.61492855066666,270.51408959695334
86.6,342.4,COC(=O)/C=C/C1=CC2=C(N1S(=O)(=O)C3=CC=CC=C3)N=CC=C2,2.8,578.0,24,5,214.50552145766665,294.74515081589146
112.0,334.8,CCOC(=O)C(=C(SC)SC)N1C(=C(C(=N1)C)C=O)Cl,3.0,400.0,20,7,168.13307935533334,279.2075143026769
101.0,369.5,CCOC(=O)C(=C(SCC1=CC=CC=C1)SCC2=CC=CC=C2)C#N,4.9,473.0,25,9,197.0925537813333,343.38600536631054
44.1,398.69,CN1C(=C(C(=N1)C(F)(F)F)/C=C/C(=O)OC2=CC=C(C=C2)C(F)(F)F)Cl,4.8,531.0,26,4,172.8015520363,296.90104745408416
48.7,238.28,CCCCOCC1=CC=C(O1)COC(=O)C=C,2.2,240.0,17,9,116.68017279453332,228.7389317242738
88.5,335.3,COC(=O)/C(=C/C1=CC=C(O1)C2=CC=C(C=C2)SC(F)F)/C#N,4.8,495.0,23,6,212.9005004912,282.85221829500995
85.9,356.4,COC1=CC=C(C=C1)C(=O)N/C(=C/NC2=CC=C(C=C2)OC)/C(=O)OC,3.4,492.0,26,8,242.3465717026667,326.43395318676556
76.7,388.4,COC(=O)/C(=C\NC1=CC=C(C=C1)OC2=CC=CC=C2)/NC(=O)C3=CC=CC=C3,5.0,557.0,29,8,281.8448659796666,362.82733048119036
85.8,432.8,CCOC(=O)/C(=C\NC1=CC=C(C=C1)OC)/SC2=C(C=C(C=N2)C(F)(F)F)Cl,5.8,543.0,28,8,237.37023836466668,352.01047684686694
76.5,528.7,CCOC(=O)/C(=C\NC1=CC=C(C=C1)I)/SC2=C(C=C(C=N2)C(F)(F)F)Cl,6.5,531.0,27,7,242.54634235333333,337.1103849181424
83.1,256.26,CCOC(=O)/C(=C\C1=CC=CC=C1OCC#N)/C#N,2.3,438.0,19,6,148.94374971486667,240.2883605481359
63.2,363.3,CCC(C)OC(=O)/C(=C/C1=CC=C(O1)C2=CC(=CC=C2)C(F)(F)F)/C#N,5.1,578.0,26,6,223.481646325,315.56482947182275
64.599,173.17,COC(=O)NCCOC(=O)C=C,0.4,178.0,12,6,69.97971334053334,154.6373671289503
131.0,470.5,CC1=NC(=NC=C1)SCC2=CC(=O)C(=CO2)OC(=O)/C=C/C3=CC(=C(C(=C3)OC)OC)OC,3.1,771.0,33,10,286.8824275966667,411.34296006852503
98.5,439.4,COC1=CC(=CC(=C1OC)OC)/C=C\C(=O)OCC2=NOC(=C2)C3=CC4=C(C=C3)OCO4,3.6,632.0,32,9,266.8276812686667,385.0428227736462
100.0,306.14,CCOC(=O)/C=C/C1=C(SC(=C1)Br)[N+](=O)[O-],3.4,304.0,16,4,137.43693304276667,196.01999389672042
52.6,338.4,CCCCC(=O)C1=CC=C(C=C1)OC(=O)/C=C/C2=CC=C(C=C2)OC,4.8,441.0,25,9,231.9780838186667,329.1163886329344
67.4,197.26,CCOC(=O)/C=C/C1=CN=C(S1)C,2.0,206.0,13,4,116.2356282987,178.33357941373015
59.3,245.27,CCOC1=CC=C(C=C1)/C=C(/C#N)\C(=O)OCC,2.8,345.0,18,6,151.144754973,236.6131372069261
35.5,346.5,CCCCCC1=CC=C(C=C1)OCCCCCCCCOC(=O)C=C,7.3,332.0,25,16,193.8193881563333,359.4789773870758
84.6,292.29,COC(=O)/C(=C\N1CCOCC1)/C2=CC=CC=C2[N+](=O)[O-],1.6,412.0,21,4,162.25267392823335,254.31311479781795
75.1,256.26,COC1=C(C2=CC=CC=C2N1)/C=C(\C#N)/C(=O)OC,2.6,424.0,19,4,155.29805242300003,232.65012422010085
114.0,388.4,C1=CC=C(C=C1)OC(=O)/C=C/C2=CN(N=C2C3=CC(=CC=C3)[N+](=O)[O-])CCC#N,3.2,647.0,29,7,232.2411009823333,348.59395330274396
29.5,559.9,CC(C)CCCC(C)C1CCC2C1(CCC3C2CC=C4C3(CCC(C4)OC(=O)/C=C/C5=CC=C(C=C5)N(C)C)C)C,11.3,957.0,41,10,367.161198798,569.9506976722133
62.6,374.7,CN1C(=C(C(=N1)C(F)(F)F)/C=C/C(=O)OC2=CC3=C(C=C2)OCO3)Cl,3.8,533.0,25,4,181.5126454,288.61659986431243
57.0,275.28,CCOC(=O)/C(=C/C1=CC=C(C=C1)F)/CN2C=NC=N2,2.4,354.0,20,6,147.88612507066668,248.21585775395468
46.5,224.23,CCOC(=O)/C=C/C1=CC(=CC(=C1)CO)F,1.8,253.0,16,5,124.70524053146669,202.74666642647597
93.8,341.4,CCOC(=O)/C=C/C1=C(C(=O)NC(=N1)N)CCCCC2=CC=CC=C2,2.7,573.0,25,9,195.91451999166665,317.6914644530103
56.5,194.18,CC(=O)C1=CC=C(O1)/C=C/C(=O)OC,1.5,257.0,14,4,116.80424251463334,176.31213329099734
43.4,252.69,CCOC(=O)C(=CC1=CC(=CC=C1)Cl)C(=O)C,3.0,323.0,17,5,140.88666697739998,229.3101696946848
26.3,182.6,C=CC(=O)OC1=CC(=CC=C1)Cl,2.9,179.0,12,3,89.6565169196,164.01602684663254
39.2,256.1,CCOC(=O)/C=C/C1=NC=CC(=C1)Br,2.2,218.0,14,4,118.21373887346664,181.2091065432067
43.4,421.3,C1CC2=CC=C(C3=CC=CC1=C23)/C=C/C(=O)OCC(=O)C4=CC=C(C=C4)Br,5.8,578.0,27,6,239.81596645233336,334.3998649352992
47.6,221.25,CCOC(=O)/C=C/NC1=CC=CC=C1OC,2.8,240.0,16,6,141.57475433166667,211.71234662716876
35.5,206.24,CC1=CC(=C(C=C1)/C=C/C(=O)OC)OC,2.5,235.0,15,4,130.3396099467,201.19340809969742
26.3,328.4,C=C(CC1=CC=C(C=C1)C2=CC=CC=C2)C(=O)OCC3=CC=CC=C3,5.8,421.0,25,7,205.01768598866667,331.2674793783161
35.5,220.26,CC(C)OC1=CC=C(C=C1)/C=C/C(=O)OC,3.4,238.0,16,5,143.8935875527,217.59799066288306
26.3,332.16,C=CC(=O)OCCCC(C(F)(F)F)(C(F)(F)F)C(F)(F)F,5.3,341.0,21,6,88.51925356453334,225.34291507806384
65.2,178.19,COC(=O)/C=C/C1=C(C=NC=C1)N,0.4,204.0,13,3,103.04068605646668,162.9549811542972
35.5,274.23,CCOC(=O)/C=C/C1=C(C=C(C=C1)C(F)(F)F)OC,3.4,326.0,19,5,137.75172482813332,232.83217904104677
62.1,284.23,CCOC(=O)/C(=C\NC1=CC=CC(=C1)C(F)(F)F)/C#N,3.6,423.0,20,5,148.6735153214333,237.84750321993332
43.6,284.23,CCOC(=O)C=CC1=CN=C2N1C=C(C=C2)C(F)(F)F,3.3,384.0,20,4,134.2759577395,234.93727777458525
26.3,290.25,CC(C)(C)OC(=O)/C=C/C1=CC(=C(C=C1)F)C(F)(F)F,4.2,368.0,20,4,140.1745611557,244.62791703814509
67.9,244.29,CC(C)(C)OC(=O)N/C(=C/N(C)C)/C(=O)OC,1.3,316.0,17,6,123.00789061576668,229.1987443201875
48.1,264.32,C=CC(=O)OCCOC1CC2CC1C3C2C4C(C3)O4,1.8,407.0,19,6,123.76922724533333,239.87089247565928
84.2,330.31,CCOC(=O)/C=C(/C1=CC=C(C=C1)F)\NC2=CC=C(C=C2)[N+](=O)[O-],4.4,462.0,24,6,200.34792383433333,288.54821606780513
111.0,484.5,COC(=O)/C(=C/C1=CC=C(C=C1)/C=C(\NC(=O)C2=CC=CC=C2)/C(=O)OC)/NC(=O)C3=CC=CC=C3,4.6,774.0,36,10,325.0117747323333,445.90254609318174
100.0,498.6,CCOC(=O)/C(=C/C1=C(C=C(C(=C1C)CC2=C(C(=C(C=C2C)C)/C=C(/C(=O)OCC)\C#N)C)C)C)/C#N,7.2,902.0,37,10,316.149166116,487.0979925701214
39.4,194.23,CC(C)(C)OC(=O)/C=C/C1=CC=CO1,2.5,225.0,14,4,114.16931841106668,188.93133693199087
68.6,261.269,CCOC(=O)/C=C/C1=CC(=C(C=C1C#N)OC)OC,2.2,371.0,19,6,163.8959067013333,244.72803691267515
111.0,483.6,CC(C)(C)OC(=O)NCCOCCOCCOCC1=C(C=CC(=C1)OCOC)/C=C/C(=O)OC,2.2,592.0,34,19,254.1579321656667,444.1099145060782
46.6,423.9,CN(C)CC1CCC/C(=C\C2=CC=C(C=C2)OC(=O)/C=C/C3=CC=C(C=C3)Cl)/C1=O,5.5,641.0,30,7,297.104176533,399.6109270085878
54.5,247.11,COC(=O)C=CC1=CC=C(S1)Br,2.9,194.0,12,3,112.79756548233333,160.4263030379281
26.3,180.24,CCOC(=O)C=CC1=CCCCC1,2.7,226.0,13,4,103.27041696636668,181.97045879357262
41.1,89.07,C=CC(=O)[O-].O,,50.4,6,0,38.294622096733335,65.27828504222886
51.6,200.3,CCOC(=O)C=CC1CCSCC1,2.1,183.0,13,4,99.19318067516666,188.29865832681685
46.5,312.5,CCCCCCCCCCCCCCCC(O)OC(=O)C=C,7.9,263.0,22,17,167.69084265333333,325.97389605910445
26.3,254.41,CCCCCCC(CCCCCC)OC(=O)C=C,6.5,199.0,18,13,138.83904895466665,273.60060581866065
67.4,183.23,CCOC(=O)C=CC1=CN=CS1,1.6,182.0,12,4,93.69391583366668,162.86562228224662
97.9,188.16,C=CC(=O)OOC(=O)C1=CS1=O,0.1,259.0,12,5,82.32422105776665,144.81864481926885
52.6,216.19,C=CC(=O)OC1=CC(=O)C2=CC=CC=C2O1,2.4,356.0,16,3,115.7024957069,191.23390515124055
26.3,310.5,CCCCCCCCC(CCCCCCCC)OC(=O)C=C,8.7,244.0,22,17,171.40618956333333,336.0067936582394
128.0,332.31,CCOC(=O)C(=CNC1=C(C=C(C=C1)[N+](=O)[O-])C(=O)N(C)C)C#N,2.0,572.0,24,6,189.3311843433333,289.24856766192187
26.3,190.24,CCC1=CC(=CC=C1)/C=C/C(=O)OC,3.4,208.0,14,4,122.04080536313332,193.1513472300335
74.7,381.3,CO/C=C(/C1=CC=CC=C1C(=O)C(=O)OC)\OC2=CC=CC(=N2)C(F)(F)F,3.6,564.0,27,7,183.050493887,315.5745028498369
27.3,272.4,CCCCCCCCCCCC(OC(=O)C=C)S,6.7,217.0,18,13,139.22427718433337,274.97880331165624
55.0,330.4,CCOC(=O)C(=CC1=C(N(C2=CC=CC=C21)C)C3=CC=CC=C3)C#N,4.2,556.0,25,5,221.34468514466667,319.3924969616118
98.1,222.2,COC(=O)/C=C/C1=CC(=C(C=C1)N)[N+](=O)[O-],1.9,298.0,16,3,131.44863085963334,188.16263809651028
70.5,498.4,COC(=O)/C(=C/OC1=CC=CC(=N1)C(F)(F)F)/C2=CC=CC=C2COC3=CC=CC(=N3)C(F)(F)F,5.4,730.0,35,8,228.628736126,400.7658461252995
67.0,287.36,CCOC(=O)/C(=C\NC(C)(C)C)/C1=NC2=CC=CC=C2N1,3.5,401.0,21,6,180.8931365336667,272.7853093687991
64.4,288.34,CCOC(=O)/C(=C\NC(C)(C)C)/C1=NC2=CC=CC=C2O1,3.8,401.0,21,6,177.6025623876667,271.69844403861225
78.8,487.7,C[C@H]1CC[C@@]2([C@H]([C@H]3[C@@H](O2)C[C@@H]4[C@@]3(CC[C@H]5[C@H]4CC[C@H]6[C@@]5(CC[C@@H](C6)O)C)C)C)OC1.C=CC(=O)[O-],,744.0,35,0,268.1211847,397.06047736184246
52.2,172.24,CCCNCCC.C=CC(=O)[O-],,73.8,12,4,98.44125285906668,122.9108416978843
77.3,322.3,C=CC(=O)OC1=CC=CC(=C1OC(=O)C=C)N=NC2=CC=CC=C2,4.4,497.0,24,8,178.67530643866667,298.80615037845047
66.4,423.6,CCCCCCCCCCCCCCCCCCOC(=O)C=C.CC(=CC(=O)C)[O-],,351.0,30,20,238.54007166366668,386.8417313894369
74.4,201.2,C=CC(=O)[O-].C1C(O1)COCC2CO2,,143.0,14,4,181.85304879766667,131.99005143416278
115.0,258.209,C=CC(=O)OOC(=O)C1=CS(=O)C(=C)C(=O)O1,0.7,474.0,17,5,115.1569629751,197.2241696131421
90.0,241.2,C=CC(=O)OCCC(=O)ON1C(=O)CCC1=O,-0.4,359.0,17,7,101.12444875293332,201.02046876447332
42.1,215.25,CCOC(=O)/C=C/C1=CC2=C(C=C1)NC=C2,3.0,275.0,16,4,142.14481920353333,205.61798640181283
80.8,182.18,CCOC(=O)/C=C(\C)/C1=NNN=N1,0.8,217.0,13,4,90.16952375766668,155.7518835984514
35.5,271.11,COC1=C(C=C(C=C1)C=CC(=O)OC)Br,2.9,240.0,15,4,124.06659991736667,194.40594040731304
69.7,182.13,C=CC(=O)OC(=C=O)OC(=O)C=C,1.4,272.0,13,6,91.49697870793334,159.11377427487975
54.0,238.24,COC1=C(C(=C(C=C1)OC(=O)C=C)OC)OC,2.2,266.0,17,6,124.51797062736668,219.4221291816443
46.5,178.18,C=CC(=O)OCC1=CC=C(C=C1)O,2.2,181.0,13,4,88.92212749853333,166.63260309880798
35.5,240.25,C=CC(=O)OC1=CC=CC(=C1)OC2=CC=CC=C2,3.8,282.0,18,5,140.6842569035,231.29673276846827
55.0,138.12,C=CC(=O)OC1=CC=NN1,0.9,147.0,10,3,65.794855027,121.20043991255119
78.0,360.4,CC1=CC(=C(C(=C1)C)S(=O)(=O)OC2=CC=C(C=C2)/C=C/C(=O)OC)C,4.4,557.0,25,6,212.22185664033336,324.4429096817764
44.8,240.29,CCOC(=O)/C=C/C1CCC2(CC1)OCCO2,1.7,282.0,17,4,121.60877232133332,222.83574005875752
66.4,261.29,CCCOC(=O)C=C.C1=CC=C(C=C1)C=CC(=O)[O-],,236.0,19,5,139.917005971,164.37350211757342
66.4,283.38,CC(C)CCCCCOC(=O)C=C.CC(=CC(=O)C)[O-],,241.0,20,9,153.531325133,209.7808057281577
44.1,214.22,C=CC(=O)OC1=NC=CN1C2=CC=CC=C2,2.3,262.0,16,4,114.9805987785,202.4257634648209
47.6,171.19,C=CC(=O)OCCC1NCCO1,0.4,170.0,12,5,74.37310720063333,156.24008317212213
52.6,242.31,CCCCCCCC(=O)OCCOC(=O)C=C,3.6,236.0,17,12,116.428451706,238.8317720071284
29.5,245.32,C=CC(=O)OC[C@@H]1CCCN1CC2=CC=CC=C2,2.8,284.0,18,6,130.35590787266665,242.2670296023903
26.3,274.3,C=CC(=O)OC1=C(C2=CC=CC=C2C=C1)C3=CC=CC=C3,5.1,370.0,21,4,182.02954326833333,269.7282719096127
72.1,285.38,C=CC(=O)OCCCCCCCCCCCC[N+](=O)[O-],5.2,274.0,20,14,136.79125164766666,278.17055054099495
26.3,154.21,CC/C=C/CCOC(=O)C=C,2.5,148.0,11,6,82.21583538930001,161.33464781415793
65.2,226.66,CCOC(=O)C=CC1=CN=C(C=C1N)Cl,1.8,246.0,15,4,116.44863875633332,197.0082804152896
40.1,425.7,CCCCCC[N+](CCCCCC)(CCCCCC)CCCCCC.C=CC(=O)[O-],,245.0,30,20,245.22256135266665,409.2641853726053
82.8,422.2,CCOC(=O)C=C(C1=CC=C(S1)Br)C2=CC=C(S2)Br,5.9,341.0,19,5,192.39334842303333,250.93188748804982
39.4,214.22,C=CC1=C(C2=CC=CC=C2O1)OC(=O)C=C,3.5,298.0,16,4,131.9679012143,202.76739762351684
39.2,211.64,CCOC(=O)C=CC1=C(N=CC=C1)Cl,2.5,218.0,14,4,113.49522582443332,190.47889290282583
55.7,215.2,C=CC1=CC=CC=C1C(=C)C(=O)ON=C=O,4.3,342.0,16,5,122.65464858963333,200.99105151235756
102.0,200.19,CCOC(=O)/C(=C(/C)\O)/C=N/C(=O)N,0.5,294.0,14,4,94.77576747423336,170.59630171345836
44.8,272.29,COC1=CC2=C(C=C1)C=CC(=C2/C=C/C(=O)OC)OC,3.4,352.0,20,5,179.0189486173333,257.0456672934646
72.6,133.15,CCOC(=O)C=C.NO,,78.1,9,3,55.07556003093333,103.48556915592148
26.3,319.98,C=CC(=O)OCC1=CC(=CC(=C1)Br)Br,3.6,208.0,14,4,110.63646971643334,178.61649243453712
55.4,157.17,C=CC(=O)OCCCNC=O,0.4,145.0,11,6,69.52146144343332,145.8325739155725
69.9,180.16,C=CCC1=NN=NN1OC(=O)C=C,1.4,219.0,13,5,78.95949714013334,156.25456929342212
26.3,221.09,CC(C)(C)C(=C)C(=O)OCBr,3.2,167.0,11,4,81.5138603877,155.38001357142855
35.5,206.24,COCC1=CC=C(C=C1)/C=C/C(=O)OC,2.3,215.0,15,5,126.98608946563331,200.9485307213943
59.3,211.26,CC(C)(C)C(OCCC#N)OC(=O)C=C,2.1,269.0,15,7,99.86371442113334,206.80902704211326
43.4,162.57,C=CC(=O)OCCC(=O)Cl,1.2,153.0,10,5,62.97151543453333,137.63850560211978
26.3,330.5,CCCCP(CCCC)(CCCC)(CCCC)OC(=O)C=C,5.6,282.0,22,15,185.589754593,346.337852477293
26.3,160.6,CC(=CCOC(=O)C=C)Cl,2.0,161.0,10,4,72.62325590423333,147.53714142594103
86.2,184.19,C=CC(=O)O.C1=CN=C(N1)CCO,,123.0,13,3,75.01877140250001,119.6842690468223
65.7,314.3,CCOC(=O)C(=CC1=CC=C(O1)C)C(=O)C2=CC=C(C=C2)OC,3.6,448.0,23,7,200.82896888726668,292.16641198719617
26.3,245.1,CCOC(=O)C(=C)C1=CC(=C(C=C1)Cl)Cl,4.0,253.0,15,4,120.2044273846,212.63262021439218
49.4,141.14,C=CCOCC(=C)C(=O)[O-],1.3,143.0,10,4,82.08014747986667,133.94230774421698
80.7,200.19,CC(=O)COC(=O)C=C.C=CC(=O)O,,193.0,14,5,83.93626432913332,131.65430482854734
35.5,268.31,COC1=CC=C(C=C1)/C=C/C(=O)OCC2=CC=CC=C2,3.7,310.0,20,6,174.59874788159996,263.4904078409647
54.0,260.329,CCCCOCCOCCOCCOC(=O)C=C,1.5,206.0,18,14,120.641961861,250.9931438053222
46.5,276.4,CCCCC(CC)COC(=O)/C=C/C1=CC=C(C=C1)O,5.0,291.0,20,9,169.78776524093334,276.5255833139494
66.8,235.24,CCOC(=O)/C=C/C(=O)N(C1=CC=CC=C1)O,1.3,295.0,17,5,137.2858770224,213.64640084121336
64.2,452.5,CC/C(=C(/C1=CC=C(C=C1)/C=C/C(=O)OCC)\C2=CC3=C(C=C2)NN=C3)/C4=CC=CC=C4OC,7.4,725.0,34,9,316.2029611913333,436.1084543700311
39.2,298.18,CC(C)(C)OC(=O)/C=C/C1=CC=CC(=N1)CBr,2.7,284.0,17,5,144.2573808364,227.97065268206953
108.0,661.8,CCOC(=O)/C=C/C1=CC=C(C=C1)NC(=O)C2(CCC2)NC(=O)C3=CC4=C(C=C3)C(=C5N4CCOC6=C5C=CC(=C6)OC)C7CCCCC7,7.4,1190.0,49,10,454.9999085373333,613.0385351620805
73.6,250.29,CCOC1=CC(=C(C=C1/C=C/C(=O)OC)N)NC,1.8,294.0,18,6,163.95974082596666,233.91362269919384
41.6,403.3,CCOC(=O)/C(=C\NC1=CC(=CC=C1)N(C)C)/C2=C(C(=CC=C2)Br)C,5.6,467.0,25,7,240.88808963666668,332.1109704352296
59.4,207.23,CCOC(=O)/C=C/C1=CC=CC(=N1)CO,0.7,228.0,15,5,119.96966600796668,193.14946163710044
78.6,339.4,CC1=CC(=CC(=C1N)C)/C=C(/C(=O)OC)\C(=O)OCC2=CC=CC=C2,3.8,484.0,25,7,213.211578302,319.5742467948403
86.8,454.6,CCOC(=O)C=CC1=C(N=C(C=C1)OCCCCOCC2=CC=CC=C2)NC(=O)C(C)(C)C,4.8,610.0,33,14,271.57537635833336,436.8206895492663
71.6,286.3,CCOC(=O)C(=CC1=CC=CC=C1)C(=O)C2=CC=CS2,3.9,383.0,20,6,170.93383407966667,263.4081020360881
44.1,264.71,CCOC(=O)/C=C/C1=C(C=CC2=NN(C=C21)C)Cl,2.8,335.0,18,4,155.92337973666665,235.63122502616704
80.3,234.28,CCOC(=O)/C=C/C1=C2C(=CC=C1)N=NS2,2.5,283.0,16,4,139.6882207569,203.40820763000633
44.1,230.26,CCOC(=O)/C=C/C1=CC=CC2=NN(C=C21)C,2.2,304.0,17,4,149.66934856766667,218.84038660916167
56.5,231.25,CCOC(=O)/C=C/C1=CC=CN2C1=NC(=N2)C,1.8,306.0,17,4,141.7739084703,213.3701184658828
109.0,503.7,CC(C)(C)OC(=O)/C=C/C1CCC(CC1)C2=CC=C(C=C2)C(=O)NC3=NN=C(S3)CC4=CC=CC=C4,6.9,745.0,36,9,307.1385828593333,469.90810515841724
55.0,491.4,CC/C(=C(/C1=CC=C(C=C1)/C=C/C(=O)OCC)\C2=CC3=C(C=C2)NN=C3)/C4=C(C=C(C=C4)Cl)Cl,8.7,747.0,34,8,325.3974538723333,447.3199533994714
53.4,506.6,CC/C(=C(/C1=CC=C(C=C1)/C=C/C(=O)OCC)\C2=CC3=C(C=C2)N(N=C3)C4CCCCO4)/C5=CC=CC=C5,8.2,824.0,38,9,357.743499914,490.9693666527658
78.6,552.7,CC/C(=C(/C1=CC=C(C=C1)/C=C/C(=O)OCC)\C2=CC3=C(C=C2)N(N=C3)C4CCCCO4)/C5=CC=CC=C5SC,8.7,882.0,40,10,381.61425615266666,527.2387348846844
44.1,462.6,CCOC(=O)/C=C/C1=CC=C(C=C1)/C(=C(/C2CCC2)\C3=CC=CC=C3)/C4=CC5=C(C=C4)N(N=C5)C,8.1,771.0,35,8,336.819949106,454.50122177278615
82.8,566.7,CC/C(=C(/C1=CC=C(C=C1)/C=C/C(=O)OCC)\C2=CC3=C(C=C2)N(N=C3)C4CCCCO4)/C5=CC=C(C=C5)OCCO,7.5,905.0,42,12,396.80894153533336,536.1379226552876
71.8,580.7,CC/C(=C(/C1=CC=C(C=C1)/C=C/C(=O)OCC)\C2=CC3=C(C=C2)N(N=C3)C4CCCCO4)/C5=CC=C(C=C5)OCCOC,8.0,921.0,43,13,410.2867322996667,555.5949865769906
46.5,226.31,CC1CCC(C(C1)(/C=C/C(=O)OC)O)(C)C,2.6,294.0,16,3,118.66070157166666,220.1675600680266
61.9,310.35,CCOC(=O)/C=C/C1=C(N(N=C1C)C)N2C=CC3=C2N=CC=C3,2.6,456.0,23,5,189.3527008183333,289.7963599432294
67.5,383.4,CCOC(=O)/C=C/C1=C(N(N=C1C)C)N2C=CC3=C2C=C(C=C3)OCCOC,3.2,544.0,28,9,233.2613711433333,357.303335805769
49.0,343.8,CCOC(=O)/C=C/C1=C(N(N=C1C)C)N2C=CC3=C2C=CC(=C3)Cl,4.0,487.0,24,5,201.202712589,312.33684847015866
49.0,371.9,CC1=NN(C(=C1/C=C/C(=O)OC(C)(C)C)N2C=CC3=C2C=CC(=C3)Cl)C,4.6,548.0,26,5,217.773010537,343.5882985079747
61.9,324.4,CCOC(=O)/C=C/C1=C(N(N=C1C)C)N2C=CC3=C2N=CC(=C3)C,3.0,484.0,24,5,201.82162605966667,305.03565684190045
26.3,168.23,COC(=O)C=C.C1CCC=CC1,,111.0,12,2,82.05749689356668,124.05548304034498
46.6,197.23,CCOC(=O)C(=C=CN(C)C)C(=O)C,0.3,286.0,14,5,107.16980300396666,192.4945574553293
51.6,270.3,C=CC(=O)OCC1=CC(=CC=C1)SC2=CC=CC=C2,4.3,297.0,19,6,155.24063986623335,258.2162736813885
42.4,250.27,COC(=O)C=CC1=CC(=NC(=C1)F)N2CCCC2,2.5,316.0,18,4,139.2054293598,227.55699947556377
29.5,247.33,CCN(CC)C1=CC=C(C=C1)CCOC(=O)C=C,3.5,253.0,18,8,141.77671516133333,253.29409571793008
114.0,290.23,CCOC(=O)/C(=C/C1=CC2=C(C=C1[N+](=O)[O-])OCO2)/C#N,2.1,503.0,21,4,157.27027432,238.91433270874168
64.599,356.21,CC(C)(C)OC(=O)N/C(=C\C1=CC(=CC=C1)Br)/C(=O)OC,3.7,414.0,21,6,174.53594226503333,270.66408385783984
46.5,144.17,CCOC(=O)C(=C)[C@@H](C)O,0.6,140.0,10,4,65.64932173423334,136.78890380139558
59.0,299.41,CC1(CC(CC(N1OCC(C)(C)O)(C)C)OC(=O)C=C)C,2.5,383.0,21,6,147.83183937733335,287.73971583615037
26.3,288.08,COC(=O)/C=C/C1=CC(=CC=C1)I,3.3,201.0,13,3,121.77469257003334,171.22540210805477
52.3,191.23,CC1=C(C=CC(=C1)N)/C=C/C(=O)OC,1.9,225.0,14,3,126.52926424073333,183.35034310624218
55.8,222.24,CCOC1=C(C=CC(=C1)/C=C/C(=O)OC)O,2.2,249.0,16,5,136.02596209610002,206.26301008536728
71.1,222.13,C=CC(=O)OCCOP1(=O)OCCO1,-0.2,253.0,14,6,84.75392106476667,170.48838565346398
35.5,186.25,COCCCCCCOC(=O)C=C,2.4,143.0,13,9,89.64658552573333,187.49969612032743
26.3,222.32,C=CC(=O)OC1(CCCC1)C2CCCCC2,4.2,258.0,16,4,117.8042355359,221.919327763546
29.5,233.31,CCOC(=O)/C(=C/C1=CC=C(C=C1)N(C)C)/C,3.1,276.0,17,5,163.62527507500002,237.01974169680042
114.0,530.5,CC(=O)OC1=C(C=C(C=C1)/C=C/C(=O)OC2=CC=C(C=C2)/C=C/C3=CC(=CC(=C3)OC(=O)C)OC(=O)C)OC,5.3,878.0,39,13,384.312248385,485.06118192287124
52.6,246.26,CC(=C)C(=O)OC1=CC=C(C=C1)/C=C/C(=O)OC,2.9,349.0,18,6,154.83791730733333,234.79803346427437
52.6,296.3,CC(=C)C(=O)OC1=CC2=C(C=C1)C=C(C=C2)/C=C/C(=O)OC,4.2,466.0,22,6,207.351500312,282.1260454245206
68.8,178.21,CS(=O)(=O)CCOC(=O)C=C,-0.2,234.0,11,5,74.359416756,147.13343763724475
51.6,160.24,CSCCCOC(=O)C=C,2.1,112.0,10,6,73.92521906593332,152.42159626629717
136.0,454.5,COC1=CC=C(C=C1)S(=O)(=O)N(CC2=CC=CC=C2NS(=O)(=O)C)C(=C)C(=O)OC,2.1,807.0,30,10,249.03698531166663,377.46096168966557
80.8,419.9,CCOC(=O)/C=C/C1=CC2=C(CC(C2)CNS(=O)(=O)C3=CC=C(C=C3)Cl)C=C1,4.4,652.0,28,8,243.7984952836667,365.49150920157945
55.3,277.7,CN(C)C1=NC=NC2=C(C=CC(=C21)Cl)OC(=O)C=C,3.0,351.0,19,4,156.97905369506668,244.1802550224536
52.6,462.6,C=CC(=O)OCCCCCCOC1=CC=C(C=C1)C2=CC=C(C=C2)C3CCC(CC3)CCC=O,7.5,579.0,34,15,281.08357584866667,459.8727308540683
55.8,464.6,C=CC(=O)OCCCCCCOC1=CC=C(C=C1)C2=CC=C(C=C2)C3CCC(CC3)CCCO,7.7,552.0,34,15,288.0219268623334,461.7435988219173
55.8,222.24,COC1=CC=CC(=C1/C=C/C(=O)OC)CO,1.3,249.0,16,5,126.81728201746668,205.76914167830617
38.8,339.5,CCCCCCCCON1C(CC(CC1(C)C)OC(=O)C=C)(C)C,6.0,386.0,24,11,178.56315145633334,345.44181923226506
26.3,210.31,COC(=O)C(=C)CCCC1CCCCC1,4.8,215.0,15,6,112.61791235333332,215.96357573540467
81.4,251.23,CCOC(=O)/C=C/C1=CC(=C(C=C1)[N+](=O)[O-])OC,2.4,323.0,18,5,145.63100297453332,221.7747129969301
46.5,228.24,COC(=O)/C=C/C1=CC2=C(C=C1)C=C(C=C2)O,3.1,298.0,17,3,160.13576945203334,213.36663552296662
55.8,278.34,COC(=O)/C=C/C1=CC=C(C=C1)OCCCCCCO,2.9,280.0,20,10,171.13755750619998,269.89147528880426
57.0,167.17,CN1C=C(N=N1)/C=C/C(=O)OC,0.0,193.0,12,3,90.68279528803332,149.89404648316815
35.5,321.16,CO/C(=C/C(=O)OC)/C1=CC=CC2=C1C=C(C=C2)Br,3.9,353.0,19,4,158.54420456333332,241.08032595014805
52.6,338.8,CCOC(=O)C(=C(C1=CC=C(C=C1)C(C)(C)C)Cl)C(=O)OCC,5.1,434.0,23,8,188.152428027,315.6229479982546
73.9,493.5,COC(=O)/C(=C\C1=C(C=C(C=C1)OCC2=CC=CC=C2)OCC3=CC=CC=C3)/NC(=O)C4=CC=CC=C4,6.2,734.0,37,11,311.68979767900004,470.0977749792562
78.0,270.3,CC1=CC=C(C=C1)S(=O)(=O)OCCOC(=O)C=C,1.9,374.0,18,7,127.27112823533332,231.72643222242183
59.3,197.23,C=CC(=O)OCCCCOCCC#N,1.0,217.0,14,9,89.79050643289999,191.4586036821633
109.0,326.4,COC(=O)/C=C/C1=CC(=C(S1)CC2=CC=CC=C2)C3=NNN=N3,3.1,428.0,23,6,200.64675531766667,283.803531547499
219.0,614.6,CC(=O)OCC([C@@H]1[C@@H]([C@H]2[C@@H](O1)OC(O2)(C)C)OC(=O)C=C)OC(=O)CCC(=O)N[C@H]3C4N(C3=O)[C@H](C(S4)(C)C)C(=O)O,0.1,1170.0,42,14,261.274479403,499.6656384196161
62.7,447.6,CC(C)(C)OC(=O)/C=C/C1=CC=CC(=N1)/C=C/C(=O)C2=CC=CC=C2CN3CCN(CC3)C,3.6,704.0,33,9,277.5579312753334,436.56497072464276
62.7,447.6,CC(C)(C)OC(=O)/C=C/C1=CC=CC(=N1)/C=C/C(=O)C2=CC=C(C=C2)CN3CCN(CC3)C,3.6,696.0,33,9,288.6649421856667,436.7099598854246
78.3,192.21,COC(=O)/C=C/C1=CC(=C(C=C1)N)N,0.8,228.0,14,3,124.95678849316666,174.8642702562869
55.3,335.4,C1CN2CCC1[C@H](C2)OC(=O)C(=CC3=NC=CN=C3)C4=CC=CC=C4,2.4,493.0,25,5,203.431280333,314.79721795154796
44.8,228.28,CC(CC1OCC(CO1)(C)C)OC(=O)C=C,2.3,250.0,16,5,106.93029583233331,216.43198107631954
102.0,542.6,CC(=O)C(=CC1=CC(=CC=C1)[N+](=O)[O-])C(=O)OCCOCCN2CCC(CC2)(C3=CC=CC=C3)C4=CC=CC=C4,5.7,843.0,40,12,302.656801081,505.1974643909223
38.8,479.8,CCCCCCCCCCCCCCCCCCON1C(CC(CC1(C)C)OC(=O)C=C)(C)C,11.4,525.0,34,21,260.12413341866664,502.9290045287583
55.0,364.8,CCOC(=O)C(=CC1=C(N(C2=CC=CC=C21)CC3=CC=CC=C3)Cl)C#N,5.1,576.0,26,6,223.36761519866664,337.2519401864508
136.0,278.22,CCOC(=O)C(=CC1=CC(=C(C(=C1)O)O)[N+](=O)[O-])C#N,2.2,460.0,20,4,155.26228653303335,225.73387373625573
64.2,394.8,CCOC(=O)C(=CC1=C(N(C2=CC=CC=C21)CC3=CC=CC=C3OC)Cl)C#N,5.1,629.0,28,7,239.6046551183333,362.4674340806197
55.0,399.3,CCOC(=O)C(=CC1=C(N(C2=CC=CC=C21)CC3=CC(=CC=C3)Cl)Cl)C#N,5.8,615.0,27,6,234.0914072473333,355.07641309421734
102.0,502.6,CCOC(=O)C(=CC1=CC2=C(O1)C=CC(=C2)C#N)C3=CC=C(C=C3)O[C@H]4CCN(C4)C(=O)OC(C)(C)C,5.4,894.0,37,9,324.147685403,465.69637115503565
89.4,281.38,CCNC1=NC(=NC(=C1/C=C/C(=O)OCC)C)SC,2.8,312.0,19,7,169.80987787633333,259.5513478215148
88.5,318.4,CC1(C(C2=C(NC1=O)N=CC(=C2)/C=C/C(=O)OC(C)(C)C)O)C,1.4,507.0,23,4,194.43163507333333,289.6422183868441
29.5,461.6,CC1=CC=C(C=C1)N(C2=CC=C(C=C2)C)C3=CC=C(C=C3)C4=CC=C(C=C4)CCCOC(=O)C=C,8.6,608.0,35,10,352.59456755133334,467.0947400410304
46.6,267.71,CN(C)/C=C(/C(=O)C1=CC=CC=C1Cl)\C(=O)OC,2.7,352.0,18,5,144.0319965683333,241.30679656282433
55.8,227.26,CN(C)/C=C(/C(=O)[C@@H]1CCCO1)\C(=O)OC,0.8,309.0,16,5,115.30393292506666,208.6849943917465
46.6,211.26,CN(C)/C=C(/C(=O)C1CCC1)\C(=O)OC,1.4,290.0,15,5,110.94594331143334,202.83981770803192
44.8,398.4,C=CC(=O)OC(COC1=CC2=CC=CC=C2C=C1)COC3=CC4=CC=CC=C4C=C3,6.6,523.0,30,9,247.16982499166667,383.0257592717245
87.3,441.5,CCOC(=O)/C=C/C1=CC2=NC(=C3C(=C2C=C1)C=C(C=N3)CCC4=C(C=C(C=C4)OC)C)N,5.3,671.0,33,8,297.8568516533333,415.5475786011041
40.5,285.34,CCOC(=O)/C=C/C1=CC=CN1CC2=CC=C(C=C2)OC,2.9,348.0,21,7,172.81946800699998,277.9408661922744
111.0,694.9,C=CC(=O)OC1=C(C=C(C=C1C2=CC=CC3=C2SC4=CC=CC=C34)C5=CC=CC6=C5SC7=CC=CC=C67)C8=CC=CC9=C8SC1=CC=CC=C91,14.2,1180.0,50,6,489.9270237606667,627.6242090853923
54.5,330.4,C=CC(=O)OC1=CC=CC(=C1)C2=CC=CC3=C2SC4=CC=CC=C34,6.2,477.0,24,4,216.25358574806668,307.3450607162547
82.8,412.5,C=CC(=O)OC1=C(C=C(C=C1)C2=CC3=CC=CC=C3S2)C4=CC5=CC=CC=C5S4,7.6,608.0,29,5,311.60317712346665,374.9943264203857
82.8,412.5,C=CC(=O)OC1=C(C=C(C=C1)C2=CSC3=CC=CC=C32)C4=CSC5=CC=CC=C54,7.6,608.0,29,5,261.10450832466665,373.59463575647084
38.3,325.4,COC(=O)/C=C/C1=CC=C(C=C1)CNC23CC4CC(C2)CC(C4)C3,4.2,449.0,24,6,200.9001137983333,313.53605297818257
154.0,374.5,CCOC(=O)C(=C(SC)SC)C(=O)C1=CN=C(N=C1OC)SC,2.9,453.0,23,9,204.17395900133337,316.7179457314883
71.6,238.3,CC(C)(C)OC(=O)/C=C/C1=CC=C(S1)C=O,2.7,291.0,16,5,147.43675491439998,218.42344081577988
59.4,317.8,CCOC(=O)C(=C)C(C1=C(N=CC(=C1)C2=CC=CC=C2)Cl)O,3.4,395.0,22,6,175.37830904466668,287.3103374510045
65.2,220.27,CC(C)(C)OC(=O)/C=C/C1=C(C=CC=N1)N,1.5,269.0,16,4,133.44573027413333,210.37279586607846
31.2,269.34,CCC1=CC=C(N1CC2=CC=CC=C2)/C=C/C(=O)OC,3.4,334.0,20,6,174.403577327,269.60482651334223
105.0,464.6,CCCCC1CCC(CC1)C(=O)OC2=CC=C(C=C2)/C=C/C(=O)OCCC3=C(C=C(C=C3)N)N,6.5,651.0,34,12,287.1877151273333,441.4398367990324
39.2,232.06,COC(=O)/C=C/C1=CC(=C(N=C1)Cl)Cl,2.7,233.0,14,3,121.03972679753332,192.51943810527638
48.4,319.4,COC(=O)/C=C/C1=CC=C(C=C1)COC2=CC=CC3=C2N=CC=C3,3.8,429.0,24,6,214.267682985,305.0670517331257
74.3,359.4,CCOC(=O)/C=C/C1=CC(=O)N(C2=C1C=CC(=C2)OC)CC3OCCO3,1.3,581.0,26,7,211.10889367510003,320.1012378142911
65.0,218.25,CCOC(=O)C(=C)COCCOCCO,-0.1,190.0,15,10,95.88641154866666,200.36360914989604
52.6,402.5,C=CC(=O)OC1=C(C2=C(CCCC2)C=C1)C3=C(C=CC4=C3CCCC4)OC(=O)C=C,7.0,599.0,30,7,242.7871314703333,384.22626124031353
64.599,353.4,CC(C)C1=CC=C(C=C1)/C=C(/C(=O)OC)\NC(=O)OCC2=CC=CC=C2,4.6,486.0,26,8,210.46782549666668,339.3726218752479
59.0,334.4,CN1C(=O)CN=C(C2=C1C=C(C=C2)/C=C/C(=O)OC)C3=CC=CC=C3,2.6,563.0,25,4,227.486378288,314.10988695431706
81.4,288.34,CCOC(=O)/C=C/C1=CC=C(C=C1)NC(=O)C2(CCC2)N,1.5,408.0,21,6,185.6384104053,269.1888723359383
46.6,239.31,CN(C)C=C(C(=O)C1CCCCC1)C(=O)OC,2.5,315.0,17,5,130.44214889449998,231.05621453177898
62.6,392.9,CC1=CN(C=N1)C2=C(C=C(C=C2)/C=C(/C(=O)OC(C)(C)C)\OCCCl)OC,4.1,521.0,27,9,250.193999702,362.6595951211646
97.8,361.4,CCOC(=O)CN1CC2=C(NC1=O)N=CC(=C2)/C=C/C(=O)OC(C)(C)C,1.5,570.0,26,8,210.7329533666667,326.2852896776713
73.8,434.3,CCOC(=O)/C=C\C1=CC2=CC=CC=C2N1S(=O)(=O)C3=CC=C(C=C3)Br,4.6,622.0,26,6,233.5347066923333,323.38169645526546
65.5,303.35,CCOC(=O)/C=C/C1=NC(=CC=C1)/C=C/C(=O)OC(C)(C)C,2.8,434.0,22,8,187.2373377083333,291.8540534632733
67.4,388.5,COC(=O)/C=C/C1=CN=C(C=N1)N[C@@H]2CCN(C2)CC3=CC=CC4=CC=CC=C43,3.4,569.0,29,7,256.29274225,367.1054591007907
76.1,248.28,COC(=O)/C=C/C1=CN=C(C=N1)N[C@@H]2CCNC2,0.2,309.0,18,5,157.99678524700002,225.26516925108965
76.6,372.5,CCOC(=O)/C=C/C1=CN=C(C=N1)N[C@@H]2CCN(C2)CC34CCC(O3)CC4,1.8,547.0,27,8,226.9191406713333,342.35553115024663
44.8,278.34,CC(C)(C)OC(=O)/C=C\OC1=CC=C(C=C1)CCOC,3.0,309.0,20,8,143.41318515266667,272.9221723188512
52.6,302.4,CCOC(=O)/C=C/C1=CC(=CC=C1)/C=C/C(=O)OC(C)(C)C,4.3,429.0,22,8,193.03428431276663,297.6997247795628
107.0,287.27,COC(=O)C(=C)NC(=O)C1=CC(=NO1)C2=CC=C(C=C2)N,1.5,418.0,21,5,160.85239746833332,248.27576414916504
49.8,467.0,CC(C)(C)OC(=O)/C=C/C1=CC=CC(=C1)/C=C/C(=O)C2=CC(=CC(=C2)Cl)N3CCN(CC3)C,5.5,721.0,33,8,302.9308256113333,443.90743315165656
62.7,461.6,CC(C)N1CCN(CC1)C2=CC=CC(=C2)C(=O)/C=C/C3=NC(=CC=C3)/C=C/C(=O)OC(C)(C)C,4.7,732.0,34,9,301.424257203,452.90441259245415
89.0,519.6,CC(C)(C)OC(=O)/C=C/C1=CC=CC(=N1)/C=C/C(=O)C2=CC(=CC=C2)N3CCN(CC3)C(=O)OC(C)(C)C,4.7,877.0,38,10,328.7963543573333,496.96898142770794
101.0,338.4,CCN(CC)CCSC1=C(C=C(C=C1)/C=C/C(=O)OC)[N+](=O)[O-],3.3,407.0,23,9,202.6965124255,307.6318013273273
80.9,308.4,CCN(CC)CCSC1=C(C=C(C=C1)/C=C/C(=O)OC)N,2.8,332.0,21,9,190.490436865,294.3986523387256
61.8,366.4,CC(=O)C1=CC=CC=C1OC(=O)/C=C/C2=C(C(=CC=C2)OC)OCC3CC3,4.1,539.0,27,9,227.872447413,348.30372878268275
78.9,466.6,CC(=C)C(=O)OC(C)(C)C.CC(=O)OC1=CC=C(C=C1)C=C.C=CC(=O)OCC1=CC=CC=C1,,475.0,34,10,286.2724129416667,238.51610115308054
44.1,166.18,CN1C=CN=C1/C=C/C(=O)OC,0.3,192.0,12,3,97.15782272236667,156.42893235432393
78.0,364.5,CCOC(=O)C(=CC1CCOCC1)C2=CC=C(C=C2)S(=O)(=O)C3CC3,2.8,586.0,25,7,198.8104227163333,326.18845072558423
106.0,334.4,CC(C)(C)OC(=O)NC(=CC1=NC2=CC=CC=C2S1)C(=O)OC,3.5,487.0,23,6,198.57811920333333,295.04554686513745
88.1,438.5,CC(=C)C(=O)OCCCCOC(=O)/C=C/C1=CC=C(C=C1)OC(=O)C2=CC=C(C=C2)OC,5.2,653.0,32,14,273.6607038243333,411.4713427282211
61.6,311.8,CC1=C(C2=C(CC(O2)(C)C=CC(=O)OC)C(=C1N)C)C.Cl,,409.0,21,3,165.20576752423332,266.7740325509789
77.2,245.23,COC(=O)C(=CO)N1C(=NC=N1)C2=CC=CC=C2,2.2,327.0,18,4,131.27788211266667,215.56762650742962
72.1,297.73,CC(C)(C)OC(=O)C(=C)CC1=CC(=C(C=C1)Cl)[N+](=O)[O-],4.1,397.0,20,5,143.13419346996668,261.61663485861095
87.4,401.5,CCOC(=O)C=C.C1=CC=C(C=C1)C2=CC=CC=C2C#N.C1=CC=C(C=C1)C(=O)O,,398.0,30,5,222.01541491866664,207.4343461082956
64.599,380.2,COC(=O)/C(=C/C1=CC(=CC(=C1)Cl)Cl)/NC(=O)OCC2=CC=CC=C2,4.7,482.0,25,7,199.66428943000005,326.64133822673546
46.6,373.19,CCOC(=O)/C(=C\N(C)C)/C(=O)C1=CC(=CC=C1)I,3.0,366.0,19,6,160.22561435363332,249.29741748459446
55.4,411.5,CCOC(=O)C=CC1=CC=C(C=C1)CNC(=O)C(=CC2=CC=CC=C2)C3=CC=CC=C3,5.4,618.0,31,9,288.76884841966665,402.9429640790628
78.8,227.22,COC(=O)/C(=C\C1=CNC2=C1C=CC=N2)/C#N,1.5,383.0,17,3,141.24631989166667,203.5096825048447
71.8,348.5,CCOC(=O)C(=CC1CCOCC1)C2=CC=C(C=C2)S(=O)C3CC3,2.5,484.0,24,7,201.1483005233333,321.76442460951273
44.8,320.4,CCC1(COC1)COC23CC4CC(C2)CC(C4)(C3)OC(=O)C=C,3.1,494.0,23,7,160.87636534499998,298.65849082777345
35.5,292.4,CC(C)C(OCC12CC3CC(C1)CC(C3)C2)OC(=O)C=C,5.0,371.0,21,7,150.86080897533336,282.4573457204852
78.0,404.5,CCOC(=O)C(=CC1CCOCC1)C2=CC(=C(C=C2)S(=O)(=O)C3CC3)C4CC4,3.7,693.0,28,8,230.59808755033336,368.93727624877437
70.1,605.6,CCOC(=O)C(=C[C@@H]1CCC2(C1)O[C@H]([C@@H](O2)C3=CC=CC=C3)C4=CC=CC=C4)C5=CC(=C(C=C5)SC6CC6)Br,7.7,836.0,39,9,338.99356986033337,508.30939743432265
87.3,598.7,CCOC(=O)C(=C[C@@H]1CCC2(C1)O[C@H]([C@@H](O2)C3=CC=CC=C3)C4=CC=CC=C4)C5=CC(=C(C=C5)S(=O)(=O)C6CC6)C7CC7,6.7,1090.0,43,10,337.1970936433333,553.1926840399826
50.1,298.2,CC(C)(C)OC(=O)/C(=C/C1=CC(=C(C=C1)Cl)Cl)/C#N,4.4,417.0,19,4,165.74541445433331,263.26582294692116
42.4,299.16,CCOC(=O)C(=CN(C)C)C1=CC(=CN=C1)Br,2.1,292.0,17,5,141.3973200818,224.6962329772046
83.1,435.5,COC1=CC=C(C=C1)N2CCN(CC2)C3=NC(=C(S3)/C=C/C(=O)OC)C4=CC=CC=C4,4.9,597.0,31,7,298.842712192,402.13597184811573
46.6,301.4,CN(C)C1(CCC(=O)C(C1)COC(=O)C=C)C2=CC=CC=C2,2.3,426.0,22,6,159.890137127,291.28747794472343
26.3,231.07,C=CC(=O)OCC1=CC(=C(C=C1)Cl)Cl,3.5,218.0,14,4,104.45698858113332,197.70737092060264
44.1,367.3,CCOC(=O)/C=C/C1=CC(=NN1CC2=C(C=C(C=C2)Cl)Cl)C(C)C,4.9,445.0,24,7,210.254983663,331.0554211296286
43.4,236.31,COC(=O)C(=CC1CCCCC1)C(=O)C2CC2,3.5,333.0,17,5,125.86998396900002,229.7783940983169
48.4,263.33,CC1=CC(=CN=C1)C=C(COC)C(=O)OC(C)(C)C,2.1,331.0,19,6,143.55145451033334,258.102362924118
68.8,316.4,COC(=O)/C=C/C1(CC1)S(=O)(=O)C2=CC3=CC=CC=C3C=C2,2.9,554.0,22,5,178.59224528533335,282.42244811560005
52.6,262.3,CCO/C=C(\C(=O)C1=CC=C(C=C1)C)/C(=O)OCC,3.0,338.0,19,7,144.95147727833333,252.16239182600214
46.6,326.19,CCOC(=O)C(=CN(C)C)C(=O)C1=CC(=CC=C1)Br,3.1,366.0,19,6,151.65727478200003,248.29172314574876
44.8,288.34,COC(=O)C(=C)C12CC(OC1CCCO2)C3=CC=CC=C3,2.3,413.0,21,4,145.4174059756667,268.1661167023456
139.0,568.6,COC(=O)/C=C/C1=CC=CC=C1NC(=O)[C@H](CCCNC(=O)OCC2=CC=CC=C2)NC(=O)C3=CC4=CC=CC=C4N3,4.8,936.0,42,14,335.88511458266663,518.2278112978884
64.599,404.3,CC1=C(C=CC(=C1)C=C(C(=O)OC)NC(=O)OCC2=CC=CC=C2)Br,4.5,488.0,25,7,217.979206242,315.53100663285085
83.1,351.4,CCOCOC1=C(C=C(C=C1)NC(=O)OC(C)(C)C)C=CC(=O)OC,3.1,457.0,25,10,191.40738429,326.60244696513723
86.1,490.5,CCOC(=O)/C=C/C1=NN(C(=C1)C(=O)N2CCN(CC2)C3=CC(=CC(=C3)OC)OC)C4=CC=CC=C4,3.9,738.0,36,9,299.92300508566666,454.4314614119415
119.0,642.2,CCOC(=O)/C=C/C1=C(C=CC(=C1)C)S(=O)(=O)C2=CC=C(C=C2)C[C@@H](C)N(C[C@@H](C3=CC(=CC=C3)Cl)O)C(=O)OC(C)(C)C,6.8,1060.0,44,14,334.0597302096667,581.9995018277606
124.0,522.6,CCOC(=O)C=CC1=C(C=C(C=C1)C#N)OC[C@H](CCC(=O)OCC2=CC=CC=C2)NC(=O)OC(C)(C)C,4.7,836.0,38,16,289.30262073166665,489.77683193866113
88.0,394.8,C=CC(=O)OC1=CC=C(C2=CC=CC=C21)C=NNC(=O)C3=CC(=C(C=C3)O)Cl,4.7,611.0,28,6,263.56762217169995,344.6545697757781
63.9,280.14,C1=CC(=C(C=C1C(=CC(=O)[O-])C#N)Cl)Cl.[K+],,337.0,16,2,430.12818434933337,196.38769949436616
26.3,388.5,CCOC(=O)C=CC1=CC(=CC=C1)C(=C)C2=CC3=C(C=C2)C(CCC3(C)C)(C)C,8.4,626.0,29,6,252.46571828633333,396.0939778242441
26.3,129.16,CCCCOC(=O)[13CH]=C,2.4,97.1,9,5,61.937808073333336,131.95578384110252
52.6,270.36,CC(C)CCCCCOC(=O)C=C.CC(=O)OC=C,,216.0,19,10,132.65317848633333,214.84770584002752
139.0,470.6,CC(=O)NC1=NC(=C(S1)CC2=CC=C(C=C2)S(=O)(=O)C)C3=CC=C(C=C3)/C=C/C(=O)OC,3.6,779.0,32,8,303.6335983853333,406.4698109190718
102.0,367.4,CC1=CSC(=N1)NC2=C(C=C(C=N2)/C=C/C(=O)OC)OC3=CC=CC=C3,4.3,485.0,26,7,259.416259166,329.9939899694586
99.8,297.26,COC1=CC(=C(C(=C1)OC)/C=C(\C(=O)OC)/[N+](=O)[O-])OC,2.2,390.0,21,6,161.08198855190005,254.29826331795581
121.0,478.5,CC(OCC1=CC=CC=C1)OC(=O)C(=C)C.CC(=C)C(=O)OCCO.C=CC(=O)OCC1CO1,,489.0,34,14,673.8391464096666,259.8186307200614
73.9,345.4,CCOC(=O)/C=C/C1=CC=C(C=C1)/C=C/C(=O)NOC2CCCCO2,3.2,480.0,25,8,230.580056919,320.52579977788093
86.8,346.4,CCOC(=O)/C=C/C1=CN=C(C=C1)/C=C/C(=O)NOC2CCCCO2,2.1,492.0,25,8,229.09338981216663,315.519356751924
26.3,156.22,CC=C.COC(=O)C=C.C=C,,73.5,11,2,108.39879240296666,94.38170746505733
51.2,240.68,CCOC(=O)/C=C/C1=CN=C(C=C1NC)Cl,2.4,258.0,16,5,136.91726054366669,216.00715671564546
138.0,450.5,CCOC(=O)/C=C/C1=CC=C(C=C1)NC(=O)C2=CSC(=N2)NC(=O)NCC3=CC=CC=C3,3.6,660.0,32,9,285.8880005836667,401.1096620720991
96.5,550.7,CCCCS(=O)(=O)OC1=C(C=C(C=C1)C/C=C/C2=C(C=C(C=C2)/C=C/C(=O)OC)OCC3=CC=CC=C3)OC,7.0,872.0,39,15,361.464969362,511.5886172013143
53.3,196.25,CC(C)(C)OC(=O)C(=CN(C)C)C#N,1.4,289.0,14,4,102.7315056134,195.080969246141
91.3,452.5,CC1=CC=C(C=C1)N2C(=O)N3C(=N2)C4=C(C=CC(=C4)/C=C/C(=O)OCC5=CC=CC=C5)NC3=O,4.2,857.0,34,6,317.833631286,404.88199849294716
266.0,640.6,C1=CC(=C(C=C1CCOC2C(C(C(C(O2)CO)OC(=O)/C=C/C3=CC(=C(C=C3)O)O)OC4C(C(C(C(O4)CO)O)O)O)O)O)O,-1.0,953.0,45,12,304.115277949,503.24827212953255
107.0,247.28,COC(=O)/C(=C/NC(=S)C1=CC=NC=C1)/C#N,1.2,377.0,17,4,147.99152820803332,217.06448743001346
72.8,260.24,CCOC(=O)/C=C/C1=CC2=C(C=C(C=C2)O)OC1=O,2.2,424.0,19,4,171.8648615163,226.91457723789097
35.5,316.8,CCOC(=O)/C=C/C1=CC(=C(C=C1)OCC2=CC=CC=C2)Cl,4.6,363.0,22,7,192.69467797233327,296.2328516174373
26.3,269.13,CCOC(=O)/C=C/C1=CC(=C(C=C1)C)Br,3.6,238.0,15,4,137.66849008699998,201.64873664554534
39.2,177.2,CC1=C(C=CC=N1)/C=C/C(=O)OC,1.5,201.0,13,3,106.63420458866663,171.95944753103277
63.7,195.17,C=CC(=O)OCCN1C(=O)C=CC1=O,1.1,301.0,14,5,84.5718547682,171.33281355390534
59.3,197.23,CC(CCOC(=O)C=C)OCCC#N,1.0,229.0,14,8,90.5276384397,191.38561281728485
78.1,425.5,CCOC(=O)/C=C/C1=CC(=C(C=C1)CCC2=CC3=C4C=CC(=CC4=NC(=C3N=C2)N)C)C,5.7,653.0,32,7,294.94228114866667,406.74701124471255
52.1,206.24,CC(C)(C)OC(=O)C(=C)C1=CN=CN=C1,1.6,250.0,15,4,105.9472030157,198.7197988368235
67.9,410.5,CCCCCNC(=O)N(C)C1=CC=CC(=C1)C2=CC=C(C=C2)/C=C(/C(=O)OC)\OC,5.0,570.0,30,10,279.91050058800005,398.69199397456555
104.0,578.7,CCOC1=C(C=C(C=C1)C(=O)CCC(=O)NC2=CC(=CC(=N2)C3=CC=CC=C3)C4=CC=C(C=C4)/C=C/C(=O)OC)OCC,5.9,910.0,43,14,390.9968964843333,547.4768301985404
72.1,211.21,COC(=O)/C=C/C1=CCCC(C1)[N+](=O)[O-],1.4,314.0,15,3,111.0582285473,186.1989772611008
46.6,389.9,CCOC(=O)/C=C/C1=CC(=C(C=C1)CC2CCN(C2=O)C3CCCCC3)Cl,4.9,544.0,27,7,234.41242122966665,364.59793392933534
86.8,420.5,CC(C)(C)OC(=O)NC(=CC1=CC2=C(C=C1)N=C(C=C2)OC3=CC=CC=C3)C(=O)OC,5.1,651.0,31,8,278.11987881666664,389.3428369517441
26.3,226.7,CCOC(=O)/C=C/C1=C(C2CCC1C2)Cl,2.5,331.0,15,4,128.350523407,207.43358144010864
70.1,327.4,CCCCOC(=O)/C=C/C1=CC2=C(C=C1)N=C(N2C)C3(CCC3)N,2.6,475.0,24,7,213.74002257166663,312.85094765700046
52.1,233.05,COC(=O)/C=C\C1=C(N=CN=C1Cl)Cl,2.4,225.0,14,3,102.24835845396666,186.44246511432402
62.8,234.21,COC1=C(C=NC=C1)/C=C(/C(=O)OC)\N=[N+]=[N-],2.2,350.0,17,5,133.7606000138,203.69270588235878
46.5,268.31,CCOC(=O)/C=C/C1=C(C=C(C=C1)O)C2=CC=CC=C2,3.8,331.0,20,5,172.2858315868,258.3656799507162
116.0,503.5,CC(C)(C)OC(=O)NC1=C(N=C(C=C1)C2=CC=CC=C2)/C=C(/C(=O)OC)\NC(=O)OCC3=CC=CC=C3,4.7,796.0,37,11,303.3029563586667,465.073984457559
144.0,524.6,CCCCC1CCC(CC1)C(=O)OC2=CC=C(C=C2)/C=C/C(=O)OCCC3=C(C=C(C=C3)[N+](=O)[O-])[N+](=O)[O-],7.5,820.0,38,12,308.129744567,469.54619783088333
44.8,445.0,CCCCCOC1=CC=C(C=C1)OC(=O)/C=C/C2=CC=C(C=C2)OCCCCCCCl,7.5,480.0,31,16,284.34965824466667,431.7267067067415
93.2,374.8,C[C@H](CNC(=O)C1=CC=C(C=C1)Cl)NC2=NC=C(N=C2)/C=C/C(=O)OC,2.4,495.0,26,8,227.420803858,333.09533401868583
80.3,379.9,C[C@H](C(=O)NCC1CCCCC1)NC2=C(C=C(C=N2)/C=C/C(=O)OC)Cl,4.2,494.0,26,8,220.184508753,345.01506108880096
73.3,299.32,COC(=O)/C=C/C1=CN=C(C=N1)NCCOC2=CC=CC=C2,2.1,357.0,22,8,193.2866618277,279.1286703638284
84.4,354.4,CC(=O)N(CCNC1=NC=C(N=C1)/C=C/C(=O)OC)CC2=CC=CC=C2,1.4,477.0,26,9,218.647778919,334.3596794487488
73.3,299.32,COC(=O)/C=C/C1=CN=CC(=N1)NCCOC2=CC=CC=C2,2.1,357.0,22,8,173.21838365099998,278.8210118168051
84.4,356.4,CCOC(=O)/C=C/C1=CC2=C(N=C(N=C2N(C1=O)C3CCCC3)NC)C,2.8,598.0,26,6,241.898942979,326.5097807291347
44.8,286.32,C=CC(=O)OCCOCCOC1=CC2=CC=CC=C2C=C1,3.5,329.0,21,9,161.58677482866668,272.93069442789533
102.0,370.4,COC1=C(C=CC(=C1)/C=C/C(=O)OC)OC(=O)/C=C/C2=CC(=C(C=C2)O)O,2.9,557.0,27,8,252.07175366366664,329.4619134364307
64.599,325.4,CC(=O)N/C(=C\C1=CC(=CC=C1)OCC2=CC=CC=C2)/C(=O)OC,3.1,454.0,24,7,184.913624165,307.44894356314006
64.599,365.4,CCOC(=O)/C=C/C1=CC2=C(CC(C2)NC(=O)OCC3=CC=CC=C3)C=C1,4.1,526.0,27,8,219.5080622146667,346.3591633468992
42.1,221.29,CCCCC1=CNC(=C1)/C=C/C(=O)OCC,3.3,238.0,16,7,140.43027920263333,221.13813057684737
71.6,385.5,CCC1(C2=C(CCO1)C3=C(N2)C(=CC(=C3)/C=C/C(=O)OCC)C(C)C)CCO,4.0,563.0,28,8,248.48374420366667,364.3956549381933
53.4,370.8,CCOC(=O)/C=C/C1=CC2=CC(=CN=C2N1CC3=CC=C(C=C3)Cl)OC,4.1,493.0,26,7,238.05958467533333,337.8301567091757
107.0,647.8,CCOC(=O)/C=C/C1=C2C=CC(=O)N(C2=CC(=C1)OC)CCN3CCC(CC3)N(CC4=CC5=C(C=C4)OCCO5)C(=O)OC(C)(C)C,4.8,1130.0,47,13,370.9246212373334,597.2921741601285
47.4,263.34,CN1CCC(CC1)CN2C=C(C=N2)/C=C/C(=O)OC,1.2,325.0,19,5,146.75867211166667,251.76029205240434
39.2,217.26,CCOC(=O)/C=C/C1=CC(=NC=C1)C2CC2,2.1,271.0,16,5,133.38914408769998,215.06023594973172
55.0,152.15,COC(=O)/C=C/C1=CNN=C1,0.5,168.0,11,3,81.59360130053334,136.6174603434959
55.0,244.29,CC(C)(C)OC(=O)/C=C/C1=CN=C2C(=C1)C=CN2,2.6,333.0,18,4,154.638626839,231.84460583937707
80.3,261.279,CC(C)(C)OC(=O)/C=C/C1=CC2=C(NC(=O)N2)N=C1,1.1,400.0,19,4,158.54891171733334,230.51458843478218
93.1,344.4,COC1=CC(=CC(=C1)C(C(=O)C2=CC=CC=C2)O)OC.C=CC(=O)O,,356.0,25,6,167.091197718,268.76910683289304
77.5,334.4,CCOC(=O)CCCCCNC(=CC(=O)OCC)C1=CN=CC=C1,3.1,410.0,24,13,175.38985068866668,320.2330972577676
29.5,253.38,CC1(CC(CC(N1C)(C)C)OC(=O)C=C)C.C=C,,276.0,18,3,130.4033665282333,228.61957287304085
75.0,245.28,CCC1=CN=C(C=C1)NC=C(C#N)C(=O)OCC,2.8,357.0,18,6,138.969989066,232.51359522185035
71.1,384.4,CCO/C(=C\C1=CC=C(C=C1)OCC(=O)C2=CC(=CC=C2)OC)/C(=O)OCC,4.5,521.0,28,11,239.6524553976666,362.3147930720572
157.0,498.6,CC(C)(C)S(=O)(=O)C1=C(C=C2C(=C1)C(=NC=N2)NC3=CC4=C(C=C3)SC=N4)O/C=C/C(=O)OC,4.1,856.0,34,8,315.59389741833337,420.1488512447837
110.0,426.5,CCOC(=O)C=CC1=CC=C(C=C1)NC(=O)C(CCSC)NC(=O)C2=CC=CC=C2,3.8,582.0,30,11,266.141168732,396.02578914328996
52.6,432.5,CCOC(=O)/C=C/C1=CC(=C(C=C1)OC(=O)C)C2=CC3=C(C=C2C)C(C=CC3(C)C)(C)C,7.1,747.0,32,7,278.6665017083333,424.1022814438069
66.8,311.76,CCC1=C(C(=C(C=C1)Cl)C)N(C=O)C(=CO)C(=O)OCC,3.8,399.0,21,6,158.21324987766664,278.00971963272406
26.3,302.11,CCOC(=O)C=CC1=CC=CC=C1I,3.6,213.0,14,4,116.04824061339998,187.20054048000912
26.3,294.4,CC(C)C1=CC=C(C=C1)/C=C/C(=O)OCCC2=CC=CC=C2,5.7,345.0,22,7,192.11233276733333,301.411757566881
26.3,328.5,CC(C)C1=CC=C(C=C1)/C=C/C(=O)OCCC(C)CCC=C(C)C,7.0,408.0,24,10,212.2446476113333,347.4840919909741
35.5,363.2,COC1=C(C=CC(=C1)CC=C)OC(=O)/C=C/C2=C(C=C(C=C2)Cl)Cl,6.1,452.0,24,7,216.4341128963333,328.134760626301
62.6,378.4,CN1C(=CC(=N1)C2=CC=CC=C2)OCC3=CC=CC=C3/C(=C\OC)/C(=O)OC,3.7,533.0,28,8,215.617227787,358.0613339921912
87.9,424.5,CN1C(=CC(=N1)C2=CC=C(C=C2)SC)OCC3=CC=CC=C3/C(=C\OC)/C(=O)OC,4.2,580.0,30,9,255.55589053533333,393.3396093273461
71.2,306.74,CCOC(=O)/C(=C/C1=CNC2=C1C=CC(=C2)Cl)/NC(=O)C,2.7,439.0,21,5,171.55535852799997,267.6267383009445
72.0,244.25,CCOC(=O)/C=C/C1=NNC2=C1C=CC(=C2)C=O,1.7,343.0,18,5,150.15355103599998,218.31656431841645
59.3,293.3,CCOC(=O)/C(=C/C1=CC=C(C=C1)OC2=CC=CC=C2)/C#N,4.0,435.0,22,6,202.7100262943333,281.90926171792796
26.3,294.4,C=CC(=O)OC(CCC1=CC=CC=C1)CCC2=CC=CC=C2,5.4,303.0,22,9,161.61259019186664,301.77439754328697
55.8,363.4,CCOC(=O)/C=C/C1=CC2=C(C=C1)N(C(=O)C=C2)CC3=CC=C(C=C3)OC,3.6,577.0,27,7,245.64667560666663,343.53024734225176
53.4,300.35,CCOC(=O)/C=C/C1=CC2=C(C=C1)N(N=C2)C3CCCCO3,3.0,413.0,22,5,188.3200839163333,279.5167307018379
90.6,312.75,CCOC(=O)/C=C(/C1=C(C=CC(=C1)Cl)OC)\NCC(=O)N,2.4,400.0,21,8,161.26247065266668,271.41969589177074
95.1,394.5,CCOC(=O)/C=C(/C1=C(C=C(C=C1)OC)OC)\NCCNC(=O)OC(C)(C)C,3.5,529.0,28,12,207.167746596,368.2131956081305
109.0,539.6,C[C@H]1[C@@H]([C@H](COC[C@@H](C(=O)O1)NC(=O)OC(C)(C)C)CC2=CC=CC=C2)O/C=C/C(=O)OCC3=CC=CC=C3,4.8,810.0,39,11,282.9353548753333,498.77989749087084
42.1,229.27,CCOC(=O)/C=C/C1=CNC2=C1C=C(C=C2)C,3.1,301.0,17,4,151.58177522866666,221.08560110382444
50.1,293.4,CCCCOC(=O)C=C.C=CCCCCCCCCC#N,,237.0,21,13,152.37938459633335,205.5899420169637
59.5,282.72,CCOC(=O)/C(=C\N(C)C)/C(=O)C1=C(C=CC=N1)Cl,2.3,369.0,19,6,151.568908076,252.77733122607813
85.0,459.6,CCOC(=O)/C=C/C1=CC=C(C=C1)NC2=C(SC3=C2C=CC(=C3)OC)C4=CC=C(C=C4)OC,6.7,642.0,33,9,358.9198052926667,426.2275160999272
39.2,270.12,CCOC(=O)/C=C/C1=CC(=C(C=N1)C)Br,2.6,243.0,15,4,132.88352459633333,196.66715016729637
52.6,279.13,CCC(C)(OC(=O)CCOC(=O)C=C)Br,2.5,252.0,15,8,99.0280670553,199.86671674015503
94.3,487.6,CC(C)(C)OC(=O)/C=C/C1CCC(CC1)C2=CC=C(C=C2)C(=O)NC3=NC(=NO3)CC4=CC=CC=C4,6.6,742.0,36,9,281.714683518,459.81260014756407
80.8,347.4,CC(C)(C)OC(=O)/C=C/C1=CN=C(C=C1)NC(=O)CN2CCOCC2,1.3,481.0,25,7,208.492004179,320.9754136390168
59.0,334.4,CCOC(=O)/C=C/C1=CC2=C(C=C1)N=C(N(C2=O)C3=CC=CC=C3)C,2.8,563.0,25,5,233.5316049253333,313.375575273984
61.8,450.9,CCOC(=O)/C=C/C1=C(C=CC(=C1)OC)C2=CC(=C(C=C2)C3=CC(=C(C=C3)OC)Cl)C=O,5.9,638.0,32,9,297.6627111513333,415.05411598412877
60.2,312.37,CN1C(=NC(=N1)N2CCCC2)/C=C/C(=O)OCC3=CC=CC=C3,2.8,417.0,23,6,193.145020133,293.1959607208066
80.3,412.4,COC1=C(C=CC(=C1)C=CC(=O)OC)OC(=O)C2=CC=C(C=C2)OC3CCCCO3,4.4,582.0,30,9,251.4763994606667,375.9570059328019
60.2,236.27,CN1C(=NC(=N1)N2CCCC2)/C=C/C(=O)OC,1.3,302.0,17,4,142.4063804716667,216.22171243594352
87.7,294.37,CCOC(=O)/C(=C\N(C)C)/C(=O)C1=NC2=C(S1)CCC2,2.5,423.0,20,6,168.38046555600002,262.54422071449864
49.9,247.25,CC1=C(C(=CC=C1)C=C(C(=O)OC)N=[N+]=[N-])OC,3.7,375.0,18,5,149.54046563133335,224.16331242428382
35.5,338.4,CC1=C(C=CC(=C1C)OCC2=CC=CC=C2)/C=C/C(=O)OC(C)(C)C,5.4,443.0,25,7,220.547068998,339.81254863948595
67.4,197.26,CCOC(=O)/C=C/C1=NC=C(S1)C,2.0,206.0,13,4,117.49672126233334,178.42575358788852
95.6,278.26,CCOC(=O)/C=C/C1=NC2=C(N1)C(=O)N(C(=O)N2C)C,0.3,464.0,20,4,165.975673125,234.8644872748299
53.3,278.73,CCOC(=O)C(=CN(C)C)C1=C(C=C(C=C1)C#N)Cl,2.8,398.0,19,5,160.74583549633334,257.5518882365015
53.3,244.29,CCOC(=O)C(=CN(C)C)C1=CC=C(C=C1)C#N,2.2,357.0,18,5,151.02832469860002,240.5759036654087
35.5,224.3,COC(=O)/C=C/C12CCC(CC1)(CC2)OC,2.1,282.0,16,4,118.782275457,214.15898954788724
40.7,296.12,CC1=C(C=CC=C1Br)/C=C(\C(=O)OC)/N=[N+]=[N-],4.4,364.0,17,4,147.5647220286667,207.7377129196233
69.7,566.8,CCOC(=O)/C=C/[C@@]12CC[C@@]3([C@@H](C1=C(C(=O)C2)C(C)C)CC[C@H]4[C@]3(CC[C@@H]5[C@@]4(CC[C@@H](C5(C)C)OC(=O)C)C)C)C,8.4,1180.0,41,7,319.47161802000005,547.4725733645566
54.1,346.4,C[C@@H]1CC2=C([C@H](N1)C3=CC=C(C=C3)/C=C/C(=O)OC)NC4=CC=CC=C24,3.9,526.0,26,4,231.999396743,328.0905484118663
45.3,386.5,C[C@@H]1CC2=C([C@H](N1CC=C)C3=CC=C(C=C3)/C=C/C(=O)OC)NC4=CC=CC=C24,5.0,610.0,29,6,258.0855881593333,375.6879106443561
57.0,257.29,CCOC(=O)C(=C)CN1C=C(N=N1)C2=CC=CC=C2,2.1,327.0,19,6,140.20106746573333,242.80107916218174
107.0,448.23,CCOC(=O)/C=C/C1=C(C=CC(=C1)S(=O)(=O)NC2=NOC=C2)I,2.5,534.0,23,7,195.8478825173333,277.9057573162162
72.9,498.4,CCOC(=O)/C=C/C1=C(C=CC(=C1)SCC2=CC=CC=C2)NC3=C(C=CC(=C3)Br)OC,6.8,569.0,31,10,299.7133893053333,408.6804078233633
72.9,512.5,CCOC(=O)/C=C/C1=C(C=CC(=C1)SCC2=CC=CC=C2)NC3=C(C=C(C(=C3)C)Br)OC,7.1,598.0,32,10,294.24698484933333,423.71599661905725
72.9,532.9,CCOC(=O)/C=C/C1=C(C=CC(=C1)SCC2=CC=CC=C2)NC3=CC(=C(C=C3OC)Br)Cl,7.4,604.0,32,10,296.0670134473333,427.3343808336738
72.1,249.26,CC(C)(C)OC(=O)C(=C)C1=CC=CC=C1[N+](=O)[O-],3.2,351.0,18,4,127.08825251613332,228.2478550066333
26.3,454.6,CCCC1CCC(CC1)C2=CC=C(C=C2)C3=CC=C(C=C3)/C=C/C(=O)OCC4CC5CC4C=C5,9.4,699.0,34,9,325.33128073533334,459.13614800078574
70.4,328.4,CCOC(=O)CCN1C=CN=C1/C=C/C(=O)OCC2=CC=CC=C2,1.9,433.0,24,10,187.789003041,308.2080507042624
77.1,557.7,CCOC(=O)/C=C/C1=CC=C(C=C1)/C(=C(/C2CCC2)\C3=CC=CC=C3)/C4=C(C5=C(C=C4)N(N=C5)C6CCCCO6)C#N,8.6,1030.0,42,9,385.83592542700006,533.851489493938
44.8,360.4,C=CC(=O)OCCC1=CC=C(C=C1)OC2=CC=C(C=C2)OC3=CC=CC=C3,5.7,441.0,27,9,222.376003425,348.8038862034641
66.8,437.6,C[C@]12CCC3C(C1CCC2=O)CCC4=C3C=CC(=C4)OC(=O)/C=C/N5CCC(CC5)CO,3.7,742.0,32,5,259.97539843933333,407.63044062166455
55.8,270.28,COC1=CC=C(C=C1)/C=C/C(=O)OC2=CC=C(C=C2)O,3.4,323.0,20,5,179.8466265408,251.99128710429815
85.6,377.4,C=CC(=O)OCCCOC1=CC=C(C=C1)OC(=O)/C=C/C2=CC=C(C=C2)C#N,4.3,589.0,28,11,245.44635437666668,356.099130268273
65.0,328.4,COC1=CC=C(C=C1)/C=C/C(=O)OC2=CC=C(C=C2)OCCCO,3.4,379.0,24,9,215.649857392,308.1394228406387
70.3,265.26,C1=CC(=CC=C1/C=C/C(=O)OC2=CC=C(C=C2)O)C#N,3.1,393.0,20,4,173.75855691913333,247.18193019055144
126.0,798.0,CCOCC1=NC2=C(N1CC(C)(C)OCCNC(=O)OC(C)(C)C)C3=C(C=C(C=C3)/C=C/C(=O)OCC)N=C2NC(C4=CC=CC=C4)(C5=CC=CC=C5)C6=CC=CC=C6,8.5,1290.0,59,20,502.8394998366666,756.9703033518216
63.2,524.6,COC1=CC=C(C=C1)C(C2=CC=C(C=C2)OC)(C3=CC=C(C=C3)OC)C4=CC=C(C=C4)OCCOC(=O)C=C,7.3,663.0,39,13,319.7953470813333,502.9141081361029
99.0,449.5,CC(C)C1=C(OC=N1)C2=C(C3=C(S2)C=C(C=C3)OC)OC4=CC=C(C=C4)/C=C/C(=O)OC,6.0,650.0,32,8,310.434417247,406.7531143783809
84.0,486.6,CC(C)C1=CC=CC=C1C2=C(C3=C(S2)C=C(C=C3)O)OC4=CC=C(C=C4)/C=C/C(=O)OC(C)(C)C,8.2,720.0,35,8,333.898575806,459.081160727444
84.0,405.3,COC(=O)/C=C/C1=CC=C(C=C1)OC2=C(SC3=C2C=CC(=C3)O)Br,5.4,464.0,24,5,228.39276749433336,297.1562636218466
94.9,241.2,CN(C)C(=O)N1C(=O)N(N=N1)/C=C/C(=O)OC,0.0,403.0,17,3,115.0586208871,198.94735120013002
83.8,214.18,COCN1C(=O)N(N=N1)/C=C/C(=O)OC,0.2,314.0,15,5,102.95307388836666,175.15529325629896
94.8,242.23,CC(C)(CN1C(=O)N(N=N1)/C=C/C(=O)OC)O,0.2,377.0,17,5,118.14400587253331,203.12908052884043
112.0,295.25,CN1C(=O)N(N=N1)/C=C/C(=O)OCCN2C(=O)CCC2=O,-0.8,527.0,21,6,138.26249022273333,240.1052367376382
90.5,478.0,CCOC(=O)/C=C/C1CC2=C(O1)C(=CC(=C2)C3=CC(=CC=C3)S(=O)(=O)N4CCOCC4)Cl,3.5,778.0,32,7,275.989163795,405.177019651968
29.5,348.2,COC(=O)/C=C/C1=CC=CC=C1N2CC3=CC(=C(C=C3C2)Cl)Cl,4.6,438.0,23,4,207.5748130963333,308.16309288937964
110.0,470.5,COC(=O)/C=C/C1=CC=CC=C1N2CC3(C2)CC(CS3(=O)=O)NC(=O)OCC4=CC=CC=C4,2.8,840.0,33,8,259.6979913663333,411.8855124083757
41.6,246.3,COC(=O)/C=C/C1=CC=CC=C1N2CCNCC2,2.1,298.0,18,4,152.68602962783334,236.73459242174746
29.5,245.32,COC(=O)/C=C/C1=CC=CC=C1N2CCCCC2,3.2,295.0,18,4,155.62061126346666,242.80922160884995
72.6,398.5,CC(C)(C)OC(=O)/C=C/C1=CC=CC=C1N2CCC3(CCC(CC3)C(=O)N)CC2,4.4,604.0,29,6,237.82627028233333,382.910169962716
62.1,292.3,COC(=O)/C=C/C1=CC=CC=C1NCC2=CC(=CC=C2)C#N,3.4,438.0,22,6,190.196755357,283.5268937260754
64.599,373.4,COC(=O)/C=C/C1=CC=CC=C1NC(=O)C2=CC=CC=C2OC3=CC=CC=C3,4.6,541.0,28,7,229.94765231233336,352.9797515498911
55.4,287.35,COC(=O)/C=C/C1=CC=CC=C1NC(=O)C2CCCCC2,3.5,386.0,21,5,171.604407744,274.6156480590001
67.0,307.3,COC(=O)/C=C/C1=CC=CC=C1NCC2=NC3=CC=CC=C3N2,3.3,427.0,23,6,198.231138178,287.12728498915504
65.4,351.4,COCCN1C2=CC=CC=C2N=C1NC3=CC=CC=C3/C=C/C(=O)OC,3.4,485.0,26,8,233.02522791266665,329.5655755159537
58.6,260.29,COC(=O)/C=C/C1=CC=CC=C1N2CCNCC2=O,0.9,368.0,19,4,151.079288946,239.9119809545919
72.1,283.28,COC(=O)/C=C/C1=CC(=C(C=C1)C2=CC=CC=C2)[N+](=O)[O-],3.7,396.0,21,4,187.4896473207,258.45844549508064
26.3,210.65,CCOC(=O)/C=C\C1=CC(=CC=C1)Cl,3.0,213.0,14,4,115.7885739139,194.60776806464682
59.2,271.31,CC(C)(C)OC(=O)/C=C/C1=C2C(=CC=C1)NC=C2C=O,2.8,397.0,20,5,166.01104530026666,254.6255939023084
58.3,307.73,CC(C)(C)OC(=O)/C=C/C1=CN=C(C=C1C(=O)C=[N+]=[N-])Cl,2.8,478.0,21,6,172.16158547199998,269.0532251722591
52.1,220.27,CC1=NC=C(C=N1)/C=C/C(=O)OC(C)(C)C,1.9,261.0,16,4,132.88526231936666,214.51440928341498
83.4,170.13,COC(=O)/C=C/N1C(=O)NN=N1,0.1,259.0,12,3,77.13041175426667,131.9878721610112
99.2,355.4,CC(C)(CCOC(C)(C)CC(=O)ON1C(=O)CCC1=O)OC(=O)C=C,1.1,549.0,25,11,157.53586272100003,319.0053981975907
80.7,252.26,C=CC(=O)OC1C(C(=O)C2(C1=O)CCCCC2)O,1.7,406.0,18,3,116.78503080026668,217.0902716146454
63.2,205.21,CCOC(=O)/C(=C\C1=CC=C(O1)C)/C#N,2.5,313.0,15,4,128.3806584512,192.41120145653667
67.4,245.3,C1=CC=C(C=C1)COC(=O)C=CC2=NC=CS2,2.8,275.0,17,5,145.141753488,223.9642440643452
39.2,308.2,COC(=O)/C(=C/C1=CN=CC=C1)/C2=CC(=CC(=C2)Cl)Cl,4.0,363.0,20,4,169.89400413966666,268.08588830905876
52.1,198.6,COC(=O)/C=C/C1=CN=CC(=N1)Cl,1.1,208.0,13,3,103.69610330643332,170.04760047888715
35.5,372.5,CCOC(=O)/C=C/C1=CC=C(C=C1)CC2=CC=CC=C2OCC3=CC=CC=C3,6.0,472.0,28,9,244.165291655,371.163040411928
26.3,252.73,CCOC(=O)/C=C/C1=CC(=C(C=C1)C(C)C)Cl,4.3,273.0,17,5,154.4882201211,241.8447376966678
57.6,299.32,CCOC(=O)/C=C/C1=CC(=C(C=C1)OC2=CN=CC=C2)OC,3.0,372.0,22,7,197.15085122876667,282.0570440790847
43.4,297.14,CCOC(=O)/C=C/C1=CC(=CC=C1)C(=O)CBr,3.0,299.0,17,6,146.52515185433333,220.41502782494248
54.0,506.7,C=CC(=O)OCCCCCCOC1=CC=C(C=C1)C2=CC=C(C=C2)C3CCC(CC3)CCC4OCCO4,8.0,636.0,37,15,302.42880864,496.5987022086926
74.7,403.4,CCOC(=O)/C=C/C1=CC2=C(O1)C=C(C=C2)OCC3=C(OC(=N3)C4=CC=CC=C4)C,5.0,590.0,30,8,269.117260598,372.72960046988055
47.6,207.23,COC1=CC=C(C=C1)N/C=C\C(=O)OC,2.4,220.0,15,5,131.78556788073334,196.65424226327366
78.5,420.5,CC1=C(C2=C(C(CO2)C3=CC=C(C=C3)/C=C/C(=O)[O-])C(=C1NC(=O)CC(C)(C)C)C)C,5.9,668.0,31,5,514.334982945,402.2222928214895
54.9,383.5,CCOC(=O)/C=C/C1=NC(=CC=C1)N(CCN(C)C)CC2=CC=C(C=C2)OC,3.5,476.0,28,11,236.3650976893333,376.71884956774306
52.6,278.34,CC(=O)OCC(=C)C(=O)OC1CC2CC1C3C2CCC3,3.2,442.0,20,6,137.81325198766666,257.4626749739928
77.5,502.6,CCOC(=O)/C=C/C1=CC2=C(C=C1)N=C(C(=C2C3=CC=C(C=C3)C)CNC(=O)OC(C)(C)C)CC(C)C,7.0,766.0,37,11,330.4669727386667,490.54828855058025
65.7,210.18,COC(=O)C=CC1=CC=C(O1)C(=O)OC,1.7,271.0,15,5,111.7427385557,185.1386882217152
42.1,229.27,CCOC(=O)C(=CC1=CC2=C(C=C1)NC=C2)C,3.3,311.0,17,4,150.10614571,220.8792834945605
43.6,278.3,COC(=O)C=CC1=C2C=CC=CN2N=C1C3=CC=CC=C3,3.0,390.0,21,4,193.10477749633333,264.0981774364827
46.6,249.3,CCCCN1C=CC(=CC1=O)C=CC(=O)OCC,1.8,394.0,18,7,149.1825360598667,242.3815959398952
35.5,432.6,CCOC(=O)C=CC1=CC2=C(C=C1)OCC2(C)C3=CC4=C(C=C3C)C(CCC4(C)C)(C)C,8.1,722.0,32,5,286.7341876596667,428.07908740971993
63.6,248.27,CC(C)(C)OC(=O)C=CC1=CC=CC=C1C(=O)O,2.7,338.0,18,5,131.28062605866668,232.15132962062697
35.5,234.29,CCOC(=O)C=CC1=C(C=C(C(=C1)C)OC)C,3.3,273.0,17,5,136.5214503871,232.14052773965778
39.2,239.7,CCOC(=O)C=CC1=C(N=C(C(=C1)C)C)Cl,3.2,268.0,16,4,138.48168856633333,221.46184366007182
76.1,361.4,CC(C)(C)OC(=O)N1CCC(CC1)(C2=CC=C(C=C2)C=CC(=O)OC)O,2.5,521.0,26,6,206.16536140366665,338.5084972603977
46.6,281.73,CCOC(=O)C(=CN(C)C)C(=O)C1=CC=C(C=C1)Cl,3.0,358.0,19,6,155.36685169653333,257.5046003099643
55.4,185.22,CCC(C)NC(=O)C=CC(=O)OC,1.0,211.0,13,5,92.34885292196668,177.05596640955045
68.9,272.32,CCOC(=O)C=CC1=CC2=CN=C3N2C(=CC=C3)S1,3.4,422.0,19,4,183.71416222546668,242.5777393569581
55.8,317.4,CC(C)(C)OC(=O)N1CCCC2=C1C=CC(=C2)C=CC(=O)OC,3.3,466.0,23,5,188.58270628466664,301.2841374283142
26.3,308.4,CCCCCC1=CC=C(C=C1)C2=CC=C(C=C2)C=CC(=O)OC,6.2,358.0,23,8,218.121952836,316.83308790797656
29.5,209.28,CCOC(=O)C=CC12CCN(CC1)CC2,1.7,251.0,15,4,108.33079777966668,202.08477972732683
39.2,191.23,CCOC(=O)C=CC1=C(N=CC=C1)C,1.9,213.0,14,4,106.27585587733334,187.9720633776279
74.8,234.27,COC(=O)C=CC1=C(C2=CC=CC=C2S1)O,2.9,290.0,16,3,138.98171749026667,203.68433305878125
39.2,211.64,CCOC(=O)C=CC1=NC=CC(=C1)Cl,2.2,218.0,14,4,112.04912836116668,190.58024429418808
29.5,445.5,CC1=CC=C(C=C1)N(C2=CC=C(C=C2)C)C3=CC=C(C=C3)C=CC4=CC=CC=C4OC(=O)C=C,8.5,641.0,34,8,335.6576253093333,448.62253426474564
68.9,302.15,CCOC(=O)/C(=C/C1=CC(=CS1)Br)/N=[N+]=[N-],4.1,342.0,16,5,149.67398659143336,199.12252752307623
117.0,557.7,CC(=O)NC1=CC=C(C=C1)S(=O)(=O)N(CCC2=CNC3=CC=CC=C32)C4CCC5=C4C=CC(=C5)/C=C/C(=O)OC,4.5,1020.0,40,10,343.9797559676667,499.0019401396679
114.0,515.6,COC(=O)/C=C/C1=CC2=C(C=C1)C(CC2)N(CCC3=CNC4=CC=CC=C43)S(=O)(=O)C5=CC=C(C=C5)N,4.7,911.0,37,9,319.175887691,461.288755262511
60.8,424.9,CCOC(=O)C=CC1=C(C=C(C=C1)SC2=CC=CC(=C2)OCC3=CC=CC=C3)Cl,6.7,520.0,29,9,259.52963677966665,392.52815539518156
39.2,292.13,COC(=O)C=CC1=CN=C2C=CC(=CC2=C1)Br,3.2,306.0,17,3,149.5817528207,211.861323192712
74.8,413.6,CCCCCCCC(=O)N(C)CC1=CC(=CC=C1)C2=CC=C(S2)C=CC(=O)OC,5.9,536.0,29,12,277.3488826203333,402.2553468213569
74.8,427.6,CCCCCCCC(=O)N(C)CC1=CC(=CS1)C2=CC=C(C=C2)C=CC(=O)OCC,6.2,543.0,30,13,276.2766930543333,417.85469551907875
63.9,225.28,CC1=CC(=CC=C1)C(=CC(=O)[O-])C#N.[K+],,303.0,15,2,145.73562687466668,176.03566834267477
81.4,237.21,COC1=C(C=CC(=C1)[N+](=O)[O-])C=CC(=O)OC,2.0,310.0,17,4,136.4464430984667,206.29066113341028
60.4,202.25,C1=CC(=CC=C1C=CC(=O)[O-])O.[K+],,183.0,13,2,112.36068048506668,146.54061996043802
70.5,238.24,CC1=C(C(=NC(=N1)OC)OC)C=CC(=O)OC,1.5,283.0,17,5,123.3236941033,215.97016129788483
55.0,280.32,CCOC(=O)C=CC1=CC=CN1C2=C(C=C(C=C2)C#N)C,3.1,437.0,21,5,169.14055287166667,272.547805716509
64.599,353.4,CC1=CC(=CC(=C1OCC2=CC=CC=C2)C)C=C(C(=O)OC)NC(=O)C,3.8,498.0,26,7,218.77927029066663,339.02174972889367
47.6,281.73,COC(=O)C=C[C@H]1COC[C@H](N1)C2=CC=C(C=C2)Cl,1.8,327.0,19,4,145.75457374913333,250.35641656553364
84.9,293.31,CC(C)(C)OC(=O)NC(=CC1=CC(=CC=C1)O)C(=O)OC,2.6,411.0,21,6,165.709410638,267.0599191195953
51.6,222.31,CCC(=CSC1=CC=CC=C1)C(=O)OC,3.2,230.0,15,5,120.87846478966668,212.8834967718627
72.3,194.19,COC(=O)C(=CO)CC1=CN=CN=C1,0.8,222.0,14,4,91.94906346396664,172.46234606084744
79.6,273.71,CCOC(=O)C=CC1=C(C(=NC=C1CO)C)O.Cl,,280.0,18,5,128.74189888856665,215.05238513319256
44.1,296.4,CC1=C(C(=NN1CC=CC2=CC=CC=C2)C)/C=C/C(=O)OC,3.6,413.0,22,6,192.14198239966672,292.74083812007177
79.6,318.32,CC1=CC(=CC2=CN(N=C12)COC)C=C(C(=O)OC)OC(=O)C,2.1,479.0,23,7,182.1256958605333,285.35628878776294
38.8,389.5,CCOC(=O)C=CC1=C2C(=CC=C1)C(=C3CCN(CC3)C)C4=CC=CC=C4CO2,4.0,630.0,29,4,250.83693110366667,376.18419986115236
70.4,272.3,CCOC(=O)C(=CN(C)C)C(=O)C1=CC=CC(=C1)C#N,2.1,445.0,20,6,157.769398532,260.03709847674736
50.1,291.3,COC(=O)C=CC1=CC=CC=C1CC2=CC=CC=C2CC#N,3.8,434.0,22,6,175.44251117,287.4388519022227
66.2,363.4,CCOC(=O)C=C(C1=CC=C(C=C1)OCC2=CC=CC=C2)C3=CN=NN3C,3.7,497.0,27,8,217.62054789066667,342.965862209318
42.4,220.27,CCOC(=O)C(=CN(C)C)C1=CC=NC=C1,1.4,256.0,16,5,125.95437342166667,215.8550490792327
39.2,239.7,CC(C)(C)OC(=O)C=CC1=NC=CC(=C1)Cl,2.8,271.0,16,4,126.908572285,221.9137635198421
69.9,482.0,CC(=CC1=CC=C(N1C2=C(C=C(C=C2)Cl)C(C3=C(C(=CC=C3)OC)OC)O)C=CC(=O)OC)C,5.7,724.0,34,9,284.55896974766665,445.23819853534303
60.7,397.8,COC1=CC=CC(=C1)C(C2=C(C=CC(=C2)Cl)N3C=CC=C3C=CC(=O)OC)O,4.0,543.0,28,7,228.0206941563333,360.8650987805127
66.8,479.9,CC(=CC1=CC=C(N1C2=C(C=C(C=C2)Cl)C(=O)C3=C(C(=CC=C3)OC)OC)C=CC(=O)OC)C,6.2,764.0,34,9,305.7487941736667,441.7051033969132
66.8,479.9,CC(=CC1=CN(C(=C1)C=CC(=O)OC)C2=C(C=C(C=C2)Cl)C(=O)C3=C(C(=CC=C3)OC)OC)C,6.2,764.0,34,9,307.9152159673333,444.2312807234769
51.6,316.5,CCOC(=O)C(=CC1CCCC1)C2=CC=C(C=C2)SC3CC3,5.6,400.0,22,7,188.8294596853333,307.82211327398534
58.6,341.2,CN(C)C=C(C(=O)NCC1=CC=C(C=C1)Br)C(=O)OC,2.7,375.0,20,6,161.70382666600003,258.44407920853115
72.1,337.4,CCOC(=O)C=C(C1CCN(CC1)S(=O)(=O)C)C2=CC=CC=C2,2.7,521.0,23,6,182.352544837,303.65942819745516
103.0,474.6,CC(C)(C)OC(=O)C=C[C@@H]1C[C@@H](CC[C@@H]1NC(=O)OCC2=CC=CC=C2)NC(=O)OC(C)(C)C,4.5,716.0,34,11,240.879346052,447.48230203128463
35.5,276.4,CC(C)C1=CC(=CC(=C1OC)C(C)C)C=CC(=O)OC,4.4,315.0,20,6,171.30176711383334,279.45828475564923
55.4,361.4,CCOC(=O)C=CNC1CC(C=CC1=O)(C2=CC=CC=C2)C3=CC=CC=C3,5.2,550.0,27,7,217.71376527733327,348.6413701125722
40.1,389.6,CCCC[N+](CCCC)(CCCC)CCCC.C1=CC=C(C=C1)C=CC(=O)[O-],,266.0,28,13,231.3164471373333,314.42851706756835
71.1,606.8,CCOC(=O)C=CC1=CC(=C(C=C1)OC)C2=CC3=C(C=C2OCCCCCCCC(=O)OC(C)(C)C)C(CCC3(C)C)(C)C,10.2,930.0,44,17,358.8085792576667,600.9468476949041
55.4,391.5,CC1(CCC(C2=C1C=CC(=C2)C(=O)NC3=CC=CC(=C3)C=CC(=O)OC)(C)C)C,6.2,636.0,29,5,254.49375711056663,382.22278362549287
43.4,376.5,CC1(CCC(C2=C1C=CC(=C2)C(=O)C3=CC=CC(=C3)C=CC(=O)OC)(C)C)C,6.7,615.0,28,5,251.83022745033333,370.7086399519439
55.1,278.73,CCN1C=C(N=C1C2=CC=CC=C2)C=CC(=O)O.Cl,,311.0,19,4,163.01802885733332,229.30827376704787
68.8,362.5,CCOC(=O)/C(=C/C1CCCC1)/C2=CC=C(C=C2)S(=O)(=O)CC3CC3,4.6,584.0,25,8,205.41006524966664,334.246591446606
56.4,242.23,COC(=O)C(=CC1=C2C=CNC2=CC=C1)N=[N+]=[N-],3.5,401.0,18,4,144.74997482233334,212.3145883000325
103.0,302.4,CC1=CC=C(C=C1)S(=O)(=O)OC=C(C(=O)OC)SC,2.5,428.0,19,6,147.93150746233331,252.1912485374634
62.8,248.24,CCOC(=O)C(=CC1=C(C=CN=C1)OC)N=[N+]=[N-],2.6,363.0,18,6,143.51192884313335,219.60156180311895
78.6,240.32,CCOC(=O)/C(=C(/N1CCCC1)\SC)/C#N,2.0,337.0,16,5,128.65971509216666,220.78026228265827
46.5,364.5,CC1(CCC(C2=C1C=CC(=C2O)C3=CC=CC(=C3)C=CC(=O)OC)(C)C)C,6.6,562.0,27,4,235.86781661966663,356.4024883831835
26.3,154.21,CC1(CCC1)C=CC(=O)OC,2.6,178.0,11,3,80.103113967,155.6172830203642
79.6,237.25,CCOC(=O)C=CC1=CN=C(C(=C1CO)O)C,0.8,280.0,17,5,127.97263122866669,213.06549549613996
78.0,270.3,CC1=CC=C(C=C1)S(=O)(=O)OC=C(C)C(=O)OC,2.2,410.0,18,5,135.44129230266665,232.3194115745203
81.7,188.16,C1=C(C=NC2=C1NC=N2)/C=C/C(=O)[O-],1.4,249.0,14,1,142.87012104056666,159.47182327494951
105.0,474.5,CC(C)(C)OC(=O)C=C.C=CC(=O)OCC1CCCO1.C1CC2(CC1C=C2)C3=CC(=O)OC3=O,,664.0,34,8,373.302738464,216.35653196514448
46.5,430.6,C=CC1=CC=CC=C1.C=CC1=CC=C(C=C1)O.C=CC(=O)OC12CC3CC(C1)CC(C3)C2,,423.0,32,5,289.858779385,219.02774252113838
44.8,298.76,CC(C)(C)OC(=O)/C(=C/C1=CC=C(C=C1)OCOC)/Cl,3.9,338.0,20,7,172.85274663926666,273.5774626736493
57.5,389.4,CC1=CC2=C(C=C1)N(C(=C2/C=C/C(=O)OCC=C)C3=CC=C(C=C3)C(=O)OC)C,4.8,622.0,29,8,268.217735231,373.21474463269954
59.1,275.26,COC(=O)C(=CC1=CC(=CC=C1)C2OCCO2)N=[N+]=[N-],2.8,425.0,20,5,162.12718701633332,237.54042808974867
78.9,727.1,CCCCCCCCCCCCCCCCCCCCCCOC(=O)C=C.CCCCCCCCOC(=O)C(=C)C.C=COC(=O)C1=CC=CC=C1,,630.0,52,35,411.1039526783333,529.3478305689581
78.9,721.1,CCCCCCCCCCCCCCCCCCCCCCOC(=O)C=C.CCCCCCCCCCCCOC(=O)C(=C)C.CC(=O)OC=C,,599.0,51,38,452.164738391,561.2844497015677
96.0,705.1,CCCCCCCCCCCCCCCCCCCCOC(=O)C=C.CCCCCCCCCCCCOC(=O)C(=C)C.C1=CC(=O)OC1=O,,636.0,50,34,402.1424920863333,576.1143518469369
56.3,315.7,CCOC(=O)/C(=C\C1=CN=C(C=C1)Cl)/C(=O)C2=CC=CC=C2,4.0,430.0,22,6,185.741644993,285.63550853695597
69.9,378.5,CCN1C2=NC(=C(C(=C2C=N1)C3=CN=CC(=C3)C)/C=C/C(=O)OCC)C(C)C,3.9,553.0,28,7,241.81086483366667,362.64844041934504
71.5,413.9,CCOC(=O)/C=C/C1=CN=C(C=C1)NC2CCN(CC2)C(=O)C3=CC=C(C=C3)Cl,4.2,570.0,29,7,253.4045654106667,377.12891241310064
63.2,295.76,CCOC(=O)/C=C/C1=CC(=C(N=C1)N[C@@H]2CCNC2)Cl,2.2,351.0,20,6,180.04586203506665,263.290948802769
54.5,385.9,CCOC(=O)/C=C/C1=CC(=C(N=C1)N[C@@H]2CCN(C2)CC3=CC=CC=C3)Cl,4.2,496.0,27,8,240.483251103,358.3605160054211
113.0,534.7,CCOC(=O)/C=C/C1=CN=C(C=C1)N([C@@H]2CCN(C2)CC3=CSC(=N3)C4=CC=CC=C4)C(=O)OC(C)(C)C,5.0,813.0,38,11,334.5046395663333,494.8558281308039
76.5,444.5,CCOC(=O)/C=C/C1=CN=C(C=C1)NC2CCN(CC2)C(=O)C3=CC=C(C=C3)N4C=CC=C4,3.9,662.0,33,8,294.98704914833337,420.6333568690098
67.4,372.5,CCOC(=O)/C=C/C1=CN=C(C=N1)N[C@@H]2CCCN(C2)CC3CCCCC3,3.7,479.0,27,8,238.3330249903333,358.4398598947278
67.4,352.4,CCOC(=O)/C=C/C1=CN=C(C=N1)N[C@@H]2CCN(C2)CC3=CC=CC=C3,2.5,465.0,26,8,222.85046144266667,335.3474942612307
67.4,352.4,CCOC(=O)/C=C/C1=CN=C(N=C1)N[C@@H]2CCN(C2)CC3=CC=CC=C3,2.9,457.0,26,8,221.338758639,335.9340043975546
67.4,344.5,CCOC(=O)/C=C/C1=CN=C(C=N1)N[C@@H]2CCN(C2)C3CCCCC3,2.8,451.0,25,7,217.095182578,326.9631156226351
93.6,396.4,CCOC(=O)/C=C/C1=CN=C(C=N1)N[C@@H]2CCC(=O)N(C2)OCC3=CC=CC=C3,1.9,565.0,29,9,233.40866536566668,362.8616565690629
84.4,400.9,CCOC(=O)/C=C/C1=CN=C(C=N1)N[C@@H]2CCN(C2)C(=O)C3=CC=C(C=C3)Cl,2.8,566.0,28,7,232.69913521666663,357.97894813399057
76.6,382.5,CCOC(=O)/C=C/C1=CN=C(C=N1)N[C@@H]2CCN(C2)CC3=CC(=CC=C3)OC,2.5,516.0,28,9,240.908135263,360.08397073776035
72.0,417.5,CCCCN1CC[C@H](C1)N(C2=NC=C(C=C2)/C=C/C(=O)OCC)C(=O)OC(C)(C)C,4.1,588.0,30,11,255.84925630766665,404.0332752259442
67.4,366.5,CCOC(=O)/C=C/C1=CN=C(N=C1C)NC2CCN(C2)CC3=CC=CC=C3,3.3,493.0,27,8,228.474214435,350.70605523763044
71.5,405.9,CCOC(=O)/C=C/C1=CC(=C(N=C1)N[C@@H]2CCN(C2)C(=O)C3CCCCC3)Cl,4.2,565.0,28,7,239.0620064183333,369.64303530056566
71.5,434.3,CCOC(=O)/C=C/C1=CC(=C(N=C1)N[C@@H]2CCN(C2)C(=O)C3=CC=C(C=C3)Cl)Cl,4.4,596.0,29,7,251.9806813623333,380.83204130120936
54.5,434.4,CCOC(=O)/C=C/C1=CC(=C(N=C1)NC2CCN(CC2)CC3=CC(=CC=C3)Cl)Cl,5.2,540.0,29,8,244.90144062233333,392.09186800956456
77.5,488.6,CCCC1=NC2=C(C=C(C=C2)/C=C/C(=O)OCC)C(=C1CNC(=O)OC(C)(C)C)C3=CC=C(C=C3)C,6.5,738.0,36,11,324.433872352,474.367560030928
48.0,453.6,CCCCOCCOC1=CC=C(C=C1)C2=CC(=C(C=C2)N(C)CC(C)C)/C=C/C(=O)OCC,6.7,556.0,33,15,307.5008196576667,456.52352241588187
48.0,467.6,CCCCOCCOC1=CC=C(C=C1)C2=CC(=C(C=C2)N(CC)CC(C)C)/C=C/C(=O)OCC,7.1,571.0,34,16,305.130502449,471.83856613624596
29.5,338.24,CCOC(=O)/C=C/C1=C(C=CC(=C1)Br)N2CCCCC2,4.2,339.0,20,5,180.58220614066667,266.4872208556876
29.5,324.21,CCOC(=O)/C=C/C1=C(C=CC(=C1)Br)N2CCCC2,3.9,326.0,19,5,174.12973395000003,251.56954840203886
48.0,437.6,CCCCOCCOC1=CC=C(C=C1)C2=CC(=C(C=C2)N3CCCC3)/C=C/C(=O)OCC,5.9,552.0,32,13,299.5191022093333,431.50454562002875
29.5,338.24,CCOC(=O)/C=C/C1=C(C=CC(=C1)Br)N2CCCC2C,4.3,358.0,20,5,180.10336223,267.6390636009247
48.0,451.6,CCCCOCCOC1=CC=C(C=C1)C2=CC(=C(C=C2)N3CCCC3C)/C=C/C(=O)OCC,6.3,586.0,33,13,308.769426438,446.67682863174673
38.8,340.21,CCOC(=O)/C=C/C1=C(C=CC(=C1)Br)N2CCOCC2,3.0,342.0,20,5,173.9760947993333,258.7778337202325
29.5,324.21,CCOC(=O)/C=C/C1=CC(=CC2=C1N(CCC2)C)Br,3.8,345.0,19,4,176.33875493233336,249.9500025211667
38.8,342.23,CCOC(=O)/C=C/C1=C(C=CC(=C1)Br)N(C)CCOC,3.2,322.0,20,8,176.715821658,269.3173417539529
67.9,385.5,CCOC(=O)/C=C/C1=C(C2=C(N1C3CCC4=CC=CC=C34)N=C(C=C2C)C)C#N,4.4,683.0,29,5,259.20869050566665,366.94891384237803
95.7,341.4,CC(C)CCCCCOC(=O)C=C.CC(=O)OC=C.C=CC(=O)N,,274.0,24,11,164.964893069,222.5671668523877
91.2,292.74,CCOC(=O)/C=C/C1=CC2=C(C(=CN=C2S1)C#N)Cl,3.2,420.0,19,4,182.9206787775333,247.2602667409983
55.8,298.3,CCOC(=O)/C=C/C1=C(C=C(C=C1)O)OCC2=CC=CC=C2,3.7,360.0,22,7,183.57036981593333,283.6193667562137
62.6,399.3,CCOC(=O)/C=C/C1=CC(=NN1CC2=C(C=C(C=C2)Cl)Cl)OCCOC,3.9,467.0,26,10,217.1132983253333,346.9912392919483
54.0,356.4,CCOC(=O)/C=C/C1=C(C=C(C=C1)OCCOC)OCC2=CC=CC=C2,3.9,417.0,26,11,217.4486210993333,342.56062792246547
65.0,266.29,CCOC(=O)/C=C/C1=C(C=C(C=C1)OCCOC)O,2.0,290.0,19,8,157.988668073,246.25094041598956
54.0,362.5,CCOC(=O)/C=C/C1=C(C=C(C=C1)OCCOC)OCC2CCCCC2,4.7,417.0,26,11,219.5264641586667,349.55001401626583
90.6,295.29,CCOC(=O)/C=C/C1=C(C=C(C=C1)OCCOC)[N+](=O)[O-],2.2,365.0,21,8,163.48638558870002,260.9791022420973
92.9,372.4,CCOC(=O)/C=C/C1=C(C=C(C=C1)OCCOC)OC2=NC=C(C=C2C)N,2.9,473.0,27,10,234.88203170166665,343.66917651334177
54.0,439.3,CCOC(=O)/C=C/C1=C(C(=C(C=C1)OCCOC)C)OCC2=C(C=C(C=C2)Cl)Cl,5.5,515.0,29,11,238.0492723576667,393.53602501908733
53.4,300.35,CCN1C(=CC(=N1)OCC2=CC=CC=C2)/C=C/C(=O)OCC,3.0,367.0,22,8,178.15840637099998,289.0861334684728
53.4,362.4,CCOC(=O)/C=C/C1=CC(=NN1CC2=CC=CC=C2)OCC3=CC=CC=C3,4.3,470.0,27,9,211.4801210316667,350.20234537838206
46.5,350.0,CCOC(=O)/C=C/C1=CC(=C(C(=C1)Br)O)Br,3.6,256.0,16,4,147.69056453756664,198.79021123130818
60.4,326.4,CCO/C(=C\C1=CC=C(C=C1)C2=NC(=CC=C2)NC)/C(=O)OCC,4.0,417.0,24,8,234.60215716866665,315.32168549069735
60.4,326.4,CCO/C(=C\C1=CN=C(C=C1)C2=CC(=CC=C2)NC)/C(=O)OCC,3.7,425.0,24,8,236.00718518136668,315.18906293280406
47.6,325.4,CCO/C(=C\C1=CC=C(C=C1)C2=CC(=CC=C2)NC)/C(=O)OCC,4.7,413.0,24,8,237.3059051193333,319.5698774702589
86.3,526.7,CCCCCNC(=O)N(C)C1=CC=CC(=C1)C2=C(C=C(C=C2)/C=C(/C(=O)OCC)\OCC)OCCOCC,5.9,715.0,38,17,336.279787434,510.47812517372216
86.3,512.6,CCCCCNC(=O)N(C)C1=CC=CC(=C1)C2=C(C=C(C=C2)/C=C(/C(=O)OC)\OCC)OCCOCC,5.5,700.0,37,16,334.0968690843334,493.2798458541911
72.0,415.5,CCOC(=O)/C=C/C1=CN=C(C=C1)N([C@@H]2CCN(C2)CC3CC3)C(=O)OC(C)(C)C,3.6,626.0,30,10,255.85813688366667,399.518033195896
52.6,228.28,CCC(C)OC(=O)C=C.CC(=C)C(=O)OC,,202.0,16,6,137.4401025548,168.01550652138704
70.4,369.2,CC1=NN(C(=C1C=O)OC2=C(C=C(C(=C2)/C=C/C(=O)OC)Cl)Cl)C,3.5,491.0,24,6,200.18790701626668,310.4922644399989
88.9,485.4,CC1=NN(C(=C1/C=C/C(=O)OC(C)(C)C)OC2=CC(=C(C=C2Cl)Cl)O[C@@H](C)C(=O)OC)C,5.3,686.0,32,10,248.5600075653334,423.3338262700973
26.3,316.8,CCOC(=O)/C=C/C1=C(C[C@H]2[C@@H]1[C@H]2CCC3=CC=CC=C3)Cl,4.5,474.0,22,7,180.84291464833336,304.7055100673013
40.7,231.25,CC1=C(C(=CC=C1)/C=C(/C(=O)OC)\N=[N+]=[N-])C,4.1,359.0,17,4,140.99310307026667,214.95906417528522
64.8,339.4,C1=CC=C(C=C1)C2=CC=C(C=C2)N=C=NC3=CC=CC=C3C=CC(=O)[O-],6.8,531.0,26,4,417.5175834606667,327.21563832281055
43.7,352.9,CN1C=C(C2=C(C=CC(=C21)/C=C/C(=O)OC)OC)CCN(C)C.Cl,,425.0,24,7,204.9157274663333,308.8935153780144
35.5,170.21,CC=CCOCC(=C)C(=O)OC,1.2,182.0,12,6,83.07626466519999,169.46860066886296
202.0,1284.5,CCOC(=O)C=CC1=C(N(C(=C1)C(=O)NC2=CC(=C(C(=C2)CCCCCCN3C(=O)C4=CC=CC=C4C3=O)OCCCCCCN5C(=O)C6=CC=CC=C6C5=O)CCCCCCN7C(=O)C8=CC=CC=C8C7=O)CC9=CC=CC=C9)C#CC(C1=CC=CC=C1)(C1=CC=CC=C1)O,14.3,2570.0,96,34,796.9392823866668,
73.9,383.9,CC1=C(C=C(C(=C1/C=C/C(=O)OC)OC)C(C)NC(=O)OC(C)(C)C)Cl,4.1,517.0,26,8,204.5854373886667,350.652876221549
46.5,274.35,C=CC1=CC=C(C=C1)O.C=CC(=O)OC1CCCCC1,,236.0,20,4,184.46900504566665,182.76973898565703
118.0,476.6,CCOC(=O)/C=C/C1=CC2=C(C=C1)N(C=N2)CC3=CC4=C(C=C3)N=C(S4)N[C@@H]5CCCC[C@H]5O,5.1,724.0,34,8,304.823815995,426.85337227929216
118.0,492.0,CCOC(=O)/C=C/C1=C(C(=CS1)C2=C(C=C(C=C2)Cl)OC)C3=CC=C(C=C3)NS(=O)(=O)C,5.1,748.0,32,9,309.1636034683333,418.09989613481855
39.2,246.09,CCOC(=O)/C=C/C1=CC(=NC(=C1)Cl)Cl,3.4,236.0,15,4,124.9809940801,208.40866896316075
98.2,445.5,CCOC(=O)/C=C/C1=CC=C(C=C1)N(C)C2=C(SC3=C2C=CC(=C3)O)C4=CC=C(C=C4)O,6.2,642.0,32,7,336.2739658236667,405.91566201973757
75.6,341.5,CCCCCCCCCCCCOC(=O)C=C.C=CC(=O)NCO,,267.0,24,15,170.68711706933334,290.5449529305366
76.7,230.26,CCC(C)(NC(=O)NCC)OOC(=O)C=C,1.5,268.0,16,7,103.43974214023336,210.7998167825432
76.7,278.3,CCC(C)(NC(=O)NC1=CC=CC=C1)OOC(=O)C=C,2.7,353.0,20,7,142.62867039616663,256.7654046817344
122.0,396.4,CCOC(=O)C=C.C=C.C=CC(=O)OCCOC(=O)C=C.C1=CC(=O)OC1=O,,378.0,28,10,173.49291408766666,193.70651408093786
92.7,533.7,CCCCOC(=O)C=C.CCCCOC(=O)/C=C\C(=O)[O-].C=CC1=CC=CC=C1.C=CC1=CC=CC=C1C=C,,451.0,39,13,294.831991312,245.86485759533983
130.0,338.29,CC(=C)P(=O)(O)O.COC(=O)C=C.C=CC(=O)OCCCO,,287.0,22,8,137.82374923466668,156.0033914307074
99.1,443.5,CCCCOC(=O)C=C.CC(=C)C(=O)N=C=O.CC(=C)C(=O)OC.C=CC1=CC=CC=C1,,425.0,32,9,227.3420368703333,195.10990115935215
85.4,325.36,CC(=O)OC=C.C=CC(=O)OCC1CO1.C=CN1CCCC1=O,,316.0,23,7,324.5009415476666,161.5157045417758
55.0,398.5,CCCCC1=CC(=CN1CC2=CC=C(C=C2)C3=CC=CC=C3C#N)C=CC(=O)OC,5.6,614.0,30,9,257.3501870156667,396.54233362328176
133.0,401.4,CC(C)(C)OC(=O)/C(=C/S(=O)(=O)C1=CC=C(C=C1)[N+](=O)[O-])/COCCOC,1.5,631.0,27,10,192.109602012,338.5531049433899
93.1,496.6,CCCCOC1=CC=C(C=C1)C=C.CC(C)(C)OC(=O)C=C.C=CC1=CC=C(C=C1)O.C=CC(=O)O,,400.0,36,10,272.84210526600003,253.7096900352264
66.8,132.11,C=C(CCO)C(=O)OO,-0.2,118.0,9,4,52.17942598343333,108.38189561902028
111.0,379.4,CCOC(=O)/C=C/C1=CN2C3=C(C4=CC=CC(=C4C3)CC(=O)O)NC(=O)C2=N1,1.3,746.0,28,6,248.59348249436667,324.5792927965533
110.0,458.5,C/C=C/C(=O)NC1=C(C=C(C=C1)C)CN(C(=C)C(=O)OC)S(=O)(=O)C2=CC=C(C=C2)OC,3.5,796.0,32,10,264.48166304800003,411.7887003303264
128.0,537.6,CCOC(=O)CCC(C1=CC=CC=C1C)OC2=C(C=CC(=C2)OCC3=CSC=C3)C(=O)NC(=C)C(=O)OC,5.3,806.0,38,15,280.84701984733334,492.7140758261816
78.7,374.4,CC(C1=CC=CC=C1C(=COC)C(=O)OC)ON=CC(=NOC)CC(=C)C,4.1,583.0,27,11,211.895304581,358.45325269577796
73.9,375.5,CCOC(=O)/C=C/C1(CC(C1)OCC2=CC=CC=C2)NC(=O)OC(C)(C)C,3.2,525.0,27,10,197.920057386,357.1325455800471
153.0,723.8,CCOC(=O)/C=C/C1=CC=C(C=C1)S(=O)(=O)N[C@@H](CC2=CC=C(C=C2)OC3CCN(CC3)C(=O)OCC4=CC=CC=C4)COC5=CC=CC(=C5)C#N,6.9,1280.0,52,17,428.857634013,657.7167346004057
81.4,296.75,C=CC(=O)OC1=CC=C(C=C1)NC(=O)C2(CCC2)N.Cl,,369.0,20,5,154.72570308829998,237.95653756176364
73.9,279.29,CCOC(=O)C(=CC1=CC=C(C=C1)OCOC)NC=O,1.9,335.0,20,8,161.29033825156668,254.77775791094174
81.4,544.6,CCOC(=O)C=C(C1=CC=NC=C1)C2=CC3=C(O2)C=CC(=C3)CC(=O)N[C@@H](C4=CC=CC=C4)C5=C(C=C(C=C5)C)C,7.0,893.0,41,10,355.35685278466667,521.2266907408714
110.0,282.21,C1CC(=O)N(C1=O)OC=CC(=O)ON2C(=O)CCC2=O,-1.4,493.0,20,5,126.86630465233334,222.43096162665293
225.0,887.3,CCCCCCCCCCCCC=C.CCCCCCCCCCCCOC(=O)C=C.CC(C)(C)OC(=O)CO/N=C(/C1=CSC(=N1)N)\C(=O)SC2=NC3=CC=CC=C3S2,,935.0,60,33,506.580235788,581.446835390043
138.0,453.6,CC(C)CC(=NO)C.CC1(CC(CC(C1)(C)CN=C=O)N=C=O)C.C=CC(=O)OCCO,,526.0,32,9,220.9831920073333,242.74760856465196
91.9,334.4,CCCCOC(=O)C=C.C=CC1=CC=C(C=C1)S(=O)(=O)[O-].[Na+],,344.0,22,7,193.004397539,187.167719711716
43.4,254.28,CCOC(=O)C=CC1=CC=C(C2=CC=CC=C12)C=O,3.3,348.0,19,5,173.59617392333334,243.66635818859314
56.3,191.21,CN(C)C1=NC=C(C=C1)C(=C)C(=O)[O-],2.1,233.0,14,2,120.45056983076668,180.7003833247348
92.9,331.4,CC1=C(SC=C1)/C=C(/C(=O)OC)\NC(=O)OCC2=CC=CC=C2,3.6,446.0,23,7,177.828395353,298.0310631233284
63.9,352.23,CC1CO1.C=CC(=O)OCC1CO1.C1(C(O1)(F)F)(C(F)(F)F)F,,318.0,23,4,111.832919171,147.69545469408826
78.9,492.7,CC(C)COC(=O)C=C.CC(C)COC(=O)C(=C)C.CC(=C)C(=O)OC1C[C@H]2CC[C@@]1(C2(C)C)C,,584.0,35,11,268.00008573200006,254.1379854279994
124.0,370.4,CC1=CC(=CC(=C1N)[N+](=O)[O-])/C=C(/C(=O)OC)\C(=O)OCC2=CC=CC=C2,3.8,579.0,27,7,209.731344075,324.57224860047035
26.3,212.67,CCOC(=O)/C=C/C1=C(CC2C1C2)Cl,2.3,317.0,14,4,117.5334716624,196.35414660715855
51.7,250.29,CCOC(=O)C(=CN(C)C)C1=CC(=NC=C1)OC,1.7,303.0,18,6,141.36282151766667,240.30969661828794
103.0,440.5,CCOC(=O)C(=CNNC1=CC=C(C=C1)C(=O)NCC2=CC=CC=C2)C3=CC=C(C=C3)C#N,5.3,706.0,33,10,257.62378681933336,415.0807223649079
92.4,402.4,COC(=O)C(=CNNC1=CC=C(C=C1)C(=O)NCC2=CC=CC=C2)C3=CC=CC=N3,4.1,581.0,30,9,245.9197303056667,375.55523886433485
78.9,553.7,CCCCC(CC)COC(=O)C(=C)C.CCCCOC(=O)C=C.CC(=C)C(=O)OC.C=CC1=CC=CC=C1.[Na],,444.0,39,16,738.5453736213334,264.99792861167845
46.5,220.26,CCOC(=O)/C=C/C1=C(C(=C(C=C1)O)C)C,2.9,260.0,16,4,140.75127897673335,212.60418101733296
38.3,360.2,CCOC(=O)C(=CNC1=CC=CC=C1C)C2=CC=CC=C2Br,5.5,397.0,22,6,206.408158488,287.74871422012933
35.5,296.4,CCOC(=O)C=CC1=CC(=C(C=C1)C)OCC2=CC=CC=C2,4.4,358.0,22,7,170.90409034,294.42947053629086
35.5,296.4,CCOC(=O)C=CC1=C(C=CC(=C1)OCC2=CC=CC=C2)C,4.4,358.0,22,7,169.34755870166669,294.2496258081752
35.5,220.26,CCOC(=O)C=CC1=CC(=CC(=C1)C)OC,2.9,248.0,16,5,125.20536689733336,217.51842266016394
51.6,424.3,CCOC(=O)/C=C/C1=C(C=CC(=C1)SCC2=CC=CC=C2)I,5.2,366.0,22,7,214.98662157433333,298.65248798158035
68.6,315.4,CCOC(=O)C=C(C1CC1C#N)C2=CC=CC(=C2)COCOC,2.3,479.0,23,9,174.2104505824333,301.7734254869104
110.0,302.33,CCOC(=O)/C(=C(\NCC1=CC=C(C=C1)OC)/N=CN)/C#N,1.9,470.0,22,8,162.93324244033332,277.5992850249053
51.6,332.4,C1=CC=C(C=C1)C2=CC=C(C=C2)OC(=O)C=CSC3=CC=CC=C3,5.6,400.0,24,6,235.90919944133336,319.1169882415174
35.5,330.4,C1=CC=C(C=C1)COC=CC(=O)OC2=CC=C(C=C2)C3=CC=CC=C3,5.0,411.0,25,7,216.946383703,324.1364417989843
39.4,418.5,CCOC(=O)C=CC1=CC=C(C=C1)C2=CC=C(C=C2)C3=CC=CC4=C3OC5=CC=CC=C45,7.6,641.0,32,6,327.7218103773333,404.1333843546689
57.0,305.76,CC(C)(C)OC(=O)/C=C/C1=C(C=CC(=C1)Cl)N2C=NC=N2,3.6,395.0,21,5,171.89994006066664,275.98049491711527
43.4,301.2,CC(C)(C)OC(=O)C=CC1=CC(=C(C=C1Cl)C=O)Cl,3.9,360.0,19,5,161.64938217199995,263.38517510739865
119.0,461.5,CC(C)OC(=O)C=CC1=CC=CC=C1.CC(C)OC(=O)/C=C/C(=O)OC(C)C.C=CC(=O)[O-],,455.0,33,10,261.22733214333334,267.0683825898287
60.4,191.2,CC1=CC=C(C=C1)C(C(=C)C(=O)[O-])O,2.2,221.0,14,2,126.54124521023334,177.74844812479168
35.5,240.34,CC(C)(C)OC(=O)C=COCC1CCCCC1,3.7,257.0,17,6,130.8059476123,240.3492621791565
46.6,225.28,CCOC(=O)/C(=C/N(C)C)/C(=O)C1CCC1,1.7,303.0,16,6,121.88324222453332,218.45828554843447
76.5,404.3,CC(C)(C)OC(=O)C(=CC1=NC=C(C=C1)Br)C(=O)C2=CC=CC=C2O,4.6,526.0,25,6,213.613529345,311.6637096015285
65.2,306.74,CCOC(=O)/C=C/C1=C(C=C(C=C1)Cl)CC2=NN=C(O2)C,3.4,378.0,21,6,168.87758285233335,271.3973889097498
121.0,280.23,CCOC(=O)/C=C\C(=O)NC1=C(C=C(C=C1)[N+](=O)[O-])O,1.0,403.0,20,5,146.67871852956668,231.17696054566278
55.8,339.4,CCOC(=O)C(=CN(C)C)C(=O)C1=CC=C(C=C1)OC2=CC=CC=C2,3.9,472.0,25,8,214.0529058656667,325.7477910432735
80.6,307.3,COC(=O)C=CC1=CC2=C(C=C1)N=C(NC2=O)C3=CN=CC=C3,1.6,529.0,23,4,209.9419530171,274.9743912504351
56.2,221.26,CCOC(=O)C=CC1=C2NCCCN2N=C1,1.3,280.0,16,4,119.03409032946666,202.55854253985748
68.1,263.29,CCOC(=O)C(=C(C)O)C=NC1=CC=CC=C1OC,2.8,363.0,19,6,149.91181711066665,246.28238988184145
68.1,331.4,CCOC(=O)C(=C(C1CCCCC1)O)C=NC2=CC=CC=C2OC,4.6,466.0,24,7,197.46032466833333,313.6415527100539
68.1,325.4,CCOC(=O)C(=C(C1=CC=CC=C1)O)C=NC2=CC=CC=C2OC,4.0,466.0,24,7,194.757788737,307.8583788447285
87.6,223.23,CCOC(=O)C(=C(C)O)C=NC1=CNN=C1,1.1,312.0,16,5,124.2515968846,196.91605662590075
68.1,416.7,CCOC(=O)C(=C(C1=C(C=C(C=C1)Br)Cl)O)C=NCC2CCCO2,4.1,497.0,24,7,198.3195999923333,308.7310621507403
92.0,381.6,CCOC(=O)C(=C(C1=CN=C(C(=C1Cl)Cl)Cl)O)C=NC(C)CO,3.2,473.0,23,7,194.5581617866667,305.7638207697322
76.7,490.4,CCCC(CCC)N=CC(=C(C1=C(N=CN1C2=C(C=C(C=C2)C)C)Br)O)C(=O)OCC,6.4,634.0,31,11,256.8115890463333,410.7946952247526
85.2,395.4,CCCC(=C(C=NC1=CC=CC=C1COC(=O)C2=CC=CC=C2)C(=O)OCC)O,4.9,592.0,29,11,226.94790107166668,373.67702695053487
68.1,263.29,CCC(=C(C=NC1=CC=CC=C1OC)C(=O)OC)O,2.8,363.0,19,6,156.66276559466667,246.5464900703898
68.1,291.34,CCCC(=C(C=NC1=CC=C(C=C1)OC)C(=O)OCC)O,3.6,382.0,21,8,186.458249017,277.82294790183204
71.8,280.7,COC(=O)C(=C(C1CC1)O)C=NC2=CN=C(C=C2)Cl,2.5,405.0,19,5,165.28955022063334,246.0199638594712
82.4,281.31,CC(C)(C)OC(=O)N/C(=C\C1=CN(N=C1)C)/C(=O)OC,1.3,401.0,20,6,149.90912556366666,256.2293972239786
54.5,244.31,C1=CC=C(C=C1)COC(=O)/C=C/C2=CC=CS2,3.4,269.0,17,5,148.95222333066667,228.9064340502999
26.3,352.95,C1=CC=C(C(=C1)OC(=O)/C=C\Br)I,3.5,206.0,13,3,112.97864322906668,164.2595668926006
35.5,170.21,C/C=C/OCCCOC(=O)C=C,1.9,161.0,12,7,85.34288604113333,170.55384969665485
52.6,284.39,CCCCCCCCCCOC(=O)CCOC(=O)C=C,5.0,274.0,20,15,140.33912797366665,285.4424200153483
35.5,316.4,C[C@@H]1CC[C@H]([C@@H](C1)OC(=O)C=C)C(C)(C)C2=CC=C(C=C2)OC,5.7,407.0,23,6,175.2323698463333,316.38512292195213
78.8,177.16,COC(=O)/C(=C/C1=CN=CN1)/C#N,0.3,276.0,13,3,98.24472915853332,156.23590699368452
80.8,252.29,COC(=O)/C=C/C1=C(SC=C1)/C=C/C(=O)OC,2.2,335.0,17,6,148.2624954708,224.65894896877387
128.0,493.6,CC1=CC2=C(O1)C=CC(=C2)NC(=N[C@H]3CCCCN(C3=O)CC(=O)N4CCCC4)C(C#N)C(=O)OC,3.2,908.0,36,8,260.67804013166665,444.832928128804
39.2,246.09,CCOC(=O)C=CC1=C(N=C(C=C1)Cl)Cl,3.4,246.0,15,4,118.57218582133332,207.96042697076308
65.2,212.63,COC(=O)C=CC1=C(C=C(C=N1)Cl)N,1.1,233.0,14,3,112.1503225133,181.20448525007512
99.1,205.1,C=C(C1=CC=C(O1)[N+](=O)[O-])C(=O)[O-].[Na+],,251.0,14,1,112.62495984496664,141.76653865992105
56.5,208.21,CCOC(=O)C=CC1=CC=C(O1)C(=O)C,2.0,270.0,15,5,119.5514158567,192.2072435987835
56.5,208.21,CCOC(=O)C=CC1=COC(=C1)C(=O)C,1.6,270.0,15,5,110.66334231253332,192.33162528494478
44.8,337.1,C1OC2=C(O1)C=C(C=C2)/C=C/C(=O)OC3=C(C=C(C=C3)Cl)Cl,4.8,428.0,22,4,204.1547541283333,281.07356336518404
55.4,349.4,C1=CC=C2C(=C1)C=CC=C2/C=C/C(=O)OCC(=O)NC3=CC=C(C=C3)F,4.5,513.0,26,6,216.2179644933333,319.4790827908351
62.6,272.3,COC(=O)/C(=C/C1=CC=C(C=C1)N2CCOCC2)/C#N,1.9,410.0,20,4,187.30197982206664,253.51556015482763
55.4,399.4,C1=CC=C2C(=C1)C=CC=C2/C=C/C(=O)OCC(=O)NC3=CC=CC(=C3)C(F)(F)F,5.2,605.0,29,6,223.88933256966664,345.6539998190535
63.2,312.27,C1OC2=C(O1)C=C(C=C2)C=CC(=O)OC3=CC4=C(C=C3)OCO4,3.4,464.0,23,4,192.67512312833333,269.07704006135214
62.1,220.2,COC(=O)/C(=C/NC1=CC=C(C=C1)F)/C#N,2.5,324.0,16,4,118.26780011236669,195.38610494103315
70.3,217.22,COC(=O)C(=C)C(C1=CC=CC(=C1)C#N)O,1.2,328.0,16,4,110.62375698076666,201.70936810182246
39.4,270.25,C#CCOC(=O)/C=C/C1=CC=C(O1)C2=CC=C(C=C2)F,3.2,401.0,20,5,188.04112867706667,251.19663964420576
39.4,325.13,COC(=O)/C=C/C1=CC=C(O1)C2=C(C=C(C=C2)F)Br,3.8,348.0,19,4,184.4569670697,231.9476493815146
39.4,349.15,C#CCOC(=O)/C=C/C1=CC=C(O1)C2=C(C=C(C=C2)F)Br,3.9,442.0,21,5,192.7957768885333,259.87851271822524
35.5,300.3,CCOC(=O)/C=C/C1=CC=C(C=C1)OCC2=CC(=CC=C2)F,4.1,361.0,22,7,183.12015084666663,284.16981830975556
35.5,312.3,C=CCOC(=O)/C=C/C1=CC=C(C=C1)OCC2=CC=C(C=C2)F,4.4,391.0,23,8,194.2937323433333,298.1761635327823
35.5,320.7,COC(=O)/C=C/C1=CC=C(C=C1)OCC2=C(C=C(C=C2)F)Cl,4.4,380.0,22,6,183.9535212563333,285.7749849313998
35.5,334.8,CCOC(=O)/C=C/C1=CC=C(C=C1)OCC2=C(C=C(C=C2)F)Cl,4.8,394.0,23,7,192.300109642,301.48918146650817
35.5,391.2,C=CCOC(=O)/C=C/C1=CC(=C(C=C1)OCC2=CC=CC=C2F)Br,5.1,440.0,24,8,205.542990659,306.54707503538407
35.5,365.2,COC(=O)/C=C/C1=CC(=C(C=C1)OCC2=CC=CC=C2F)Br,4.5,388.0,22,6,187.09222430533336,277.08581311523017
35.5,334.8,CCOC(=O)/C=C/C1=CC(=C(C=C1)OCC2=CC=CC=C2F)Cl,4.8,402.0,23,7,193.697991423,301.57325086392893
35.5,344.8,C#CCOC(=O)/C=C/C1=CC(=C(C=C1)OCC2=CC=CC=C2F)Cl,4.5,484.0,24,7,200.39416339866668,313.86176696266085
35.5,334.8,CCOC(=O)/C=C/C1=CC(=C(C=C1)OCC2=CC(=CC=C2)F)Cl,4.8,402.0,23,7,193.5079163503333,301.5103599797319
35.5,320.7,COC(=O)/C=C/C1=CC(=C(C=C1)OCC2=CC(=CC=C2)F)Cl,4.4,388.0,22,6,184.2009649523333,285.8920388044039
35.5,438.2,C=CCOC(=O)/C=C/C1=CC(=C(C=C1)OCC2=CC(=CC=C2)F)I,5.1,440.0,24,8,214.442553233,307.55147763523354
35.5,438.2,C=CCOC(=O)/C=C/C1=CC(=C(C=C1)OCC2=CC=C(C=C2)F)I,5.1,432.0,24,8,213.67918284133336,307.49462727870633
35.5,436.2,C#CCOC(=O)/C=C/C1=CC(=C(C=C1)OCC2=CC=C(C=C2)F)I,4.5,476.0,24,7,212.214759385,305.17841840172656
35.5,334.8,CCOC(=O)/C=C/C1=CC(=C(C=C1)OCC2=CC=C(C=C2)F)Cl,4.8,394.0,23,7,193.263992821,301.2509425105894
35.5,413.7,CCOC(=O)/C=C/C1=CC(=C(C=C1)OCC2=C(C=C(C=C2)F)Cl)Br,5.5,435.0,24,7,206.084449959,310.14406760615134
35.5,425.7,C=CCOC(=O)/C=C/C1=CC(=C(C=C1)OCC2=C(C=C(C=C2)F)Cl)Br,5.7,474.0,25,8,217.078294704,323.17013309379143
35.5,472.7,C=CCOC(=O)/C=C/C1=CC(=C(C=C1)OCC2=C(C=C(C=C2)F)Cl)I,5.7,474.0,25,8,224.40755367066663,324.9584592071594
44.8,456.2,CCOC(=O)/C=C/C1=CC(=C(C(=C1)I)OCC2=CC=CC=C2F)OC,4.8,445.0,25,8,218.84758516066665,317.9086520002684
44.8,468.3,COC1=C(C(=CC(=C1)/C=C/C(=O)OCC=C)I)OCC2=CC=CC=C2F,5.0,484.0,26,9,223.4817382683333,331.30279203322476
44.8,350.8,COC1=C(C(=CC(=C1)/C=C/C(=O)OC)Cl)OCC2=CC=CC=C2F,4.4,431.0,24,7,194.77818423666668,309.799139777983
44.8,374.8,COC1=C(C(=CC(=C1)/C=C/C(=O)OCC#C)Cl)OCC2=CC=CC=C2F,4.5,529.0,26,8,227.531375669,338.88660810667545
44.8,340.3,COC1=C(C=CC(=C1)/C=C/C(=O)OCC#C)OCC2=CC=CC=C2F,3.9,495.0,25,8,216.57167455366667,320.3723206880611
44.8,330.3,CCOC(=O)/C=C/C1=CC(=C(C=C1)OCC2=CC(=CC=C2)F)OC,4.1,412.0,24,8,208.29498737000003,307.9821890017154
44.8,374.8,COC1=C(C(=CC(=C1)/C=C/C(=O)OCC#C)Cl)OCC2=CC(=CC=C2)F,4.5,529.0,26,8,212.92576803166665,338.5172738564819
44.8,376.8,COC1=C(C(=CC(=C1)/C=C/C(=O)OCC=C)Cl)OCC2=CC(=CC=C2)F,5.0,484.0,26,9,210.246686982,339.6773200873213
44.8,395.2,COC1=C(C(=CC(=C1)/C=C/C(=O)OC)Br)OCC2=CC(=CC=C2)F,4.4,431.0,24,7,200.00284726633333,300.82471372417876
44.8,442.2,COC1=C(C(=CC(=C1)/C=C/C(=O)OC)I)OCC2=CC=C(C=C2)F,4.4,423.0,24,7,206.82749628066665,302.17874867511506
44.8,364.8,CCOC(=O)/C=C/C1=CC(=C(C(=C1)Cl)OCC2=CC=C(C=C2)F)OC,4.7,437.0,25,8,199.3311813386,325.84431667247816
44.8,374.8,COC1=C(C(=CC(=C1)/C=C/C(=O)OCC#C)Cl)OCC2=CC=C(C=C2)F,4.5,521.0,26,8,213.52182457433327,337.8806644709445
44.8,342.4,COC1=C(C=CC(=C1)/C=C/C(=O)OCC=C)OCC2=CC=C(C=C2)F,4.4,443.0,25,9,209.939401581,322.11430161786086
44.8,364.8,CCOC(=O)/C=C/C1=CC(=C(C=C1)OCC2=C(C=C(C=C2)F)Cl)OC,4.7,445.0,25,8,208.2431129473333,326.5288117672937
44.8,409.2,COC1=C(C(=CC(=C1)/C=C/C(=O)OCC#C)Cl)OCC2=C(C=C(C=C2)F)Cl,5.1,561.0,27,8,237.8744500676667,356.13747804966084
44.8,453.7,COC1=C(C(=CC(=C1)/C=C/C(=O)OCC#C)Br)OCC2=C(C=C(C=C2)F)Cl,5.2,563.0,27,8,240.62580967500003,346.69589796021785
44.8,502.7,COC1=C(C(=CC(=C1)/C=C/C(=O)OCC=C)I)OCC2=C(C=C(C=C2)F)Cl,5.7,518.0,27,9,244.962808854,348.7744919394552
44.8,476.7,COC1=C(C(=CC(=C1)/C=C/C(=O)OC)I)OCC2=C(C=C(C=C2)F)Cl,5.0,464.0,25,7,212.8061862453333,319.5711402192349
35.5,300.3,CCOC(=O)/C=C/C1=CC(=CC=C1)OCC2=CC=C(C=C2)F,4.1,361.0,22,7,170.91983430666667,283.28229677297645
35.5,312.3,C=CCOC(=O)/C=C/C1=CC(=CC=C1)OCC2=CC=C(C=C2)F,4.4,399.0,23,8,182.52379914833327,297.7669469255561
35.5,286.3,COC(=O)/C=C/C1=CC(=CC=C1)OCC2=CC=CC=C2F,3.8,356.0,21,6,168.45971360296667,268.0333287136599
35.5,320.7,COC(=O)/C=C/C1=CC(=CC=C1)OCC2=C(C=C(C=C2)F)Cl,4.4,388.0,22,6,173.81182927433335,286.0096167800712
35.5,334.8,CCOC(=O)/C=C/C1=CC(=CC=C1)OCC2=C(C=C(C=C2)F)Cl,4.8,402.0,23,7,180.805806986,302.3992880419767
44.8,316.3,COC1=C(C=C(C=C1)/C=C/C(=O)OC)OCC2=CC(=CC=C2)F,3.7,399.0,23,7,196.8432988349333,292.22808049766707
44.8,350.8,COC1=C(C=C(C=C1)/C=C/C(=O)OC)OCC2=C(C=C(C=C2)F)Cl,4.4,431.0,24,7,193.31435853233333,310.112333047796
44.8,364.8,CCOC(=O)/C=C/C1=CC(=C(C=C1)OC)OCC2=C(C=C(C=C2)F)Cl,4.7,445.0,25,8,205.01999601066663,325.9872339775313
35.5,413.7,CCOC(=O)/C=C/C1=CC(=C(C(=C1)Br)OCC2=CC=C(C=C2)F)Cl,5.5,427.0,24,7,204.35490907366668,309.7819731871562
35.5,423.7,C#CCOC(=O)/C=C/C1=CC(=C(C(=C1)Br)OCC2=CC=CC=C2F)Cl,5.2,518.0,25,7,211.45315332466663,322.02126607449475
35.5,425.7,C=CCOC(=O)/C=C/C1=CC(=C(C(=C1)Br)OCC2=CC=CC=C2F)Cl,5.7,474.0,25,8,212.46523391233336,323.02228898361716
35.5,460.1,C=CCOC(=O)/C=C/C1=CC(=C(C(=C1)Br)OCC2=C(C=C(C=C2)F)Cl)Cl,6.4,505.0,26,8,228.58791065266664,341.5974381214019
122.0,302.29,C=CC(=O)OC1=CC=C(C=C1)C2C(CC2(C#N)C#N)(C#N)C#N,1.4,650.0,23,4,160.48307913666667,277.46301814758914
26.3,319.98,COC(=O)C(=C)C1=C(C=CC=C1Br)Br,3.7,230.0,14,3,114.7171052153,178.52023930491063
43.4,232.27,CC(C)(C)OC(=O)C(=C)C1=CC=C(C=C1)C=O,2.8,304.0,17,5,133.1403062073,227.45541553012595
39.2,255.31,CC(C)(C)OC(=O)C(=C)C1=CC2=C(C=CC=N2)C=C1,3.5,356.0,19,4,156.83351184166665,250.7718460429359
26.3,231.07,COC(=O)C(=C)C1=C(C=CC=C1Cl)Cl,3.6,230.0,14,3,108.32342815646666,196.67240183876675
38.3,267.32,C=C(CNC1=CC=CC=C1)C(=O)OCC2=CC=CC=C2,4.2,315.0,20,7,148.504445208,264.5179407006156
35.5,218.25,COC(=O)/C=C/OCC(=C)C1=CC=CC=C1,2.9,262.0,16,6,125.63563191336668,215.39074651761533
77.0,426.4,CC1=CC(=C(C=C1)/C(=C\C(=O)OC2=CC=CC=C2)/NC3=NC=CC(=N3)C4=CN=CC=C4)F,5.3,639.0,32,7,268.96758469366665,392.58466727774817
52.6,340.5,CCCCCCCCCCCCCCOC(=O)CCOC(=O)C=C,7.2,326.0,24,19,175.01277425599997,349.7670321855131
30.7,229.27,CCOC(=O)C(=C)CC1=CC=C2N1C=CC=C2,3.6,301.0,17,5,130.10762423516667,224.41689842587252
52.1,256.3,CC(C)(C)OC(=O)C(=C)C1=CC2=NC=CN=C2C=C1,2.6,360.0,19,4,153.0880237117,245.2867138822185
26.3,164.2,COC(=O)/C=C/C1=CC=CCC1,2.0,247.0,12,3,110.3597095492,164.4467259624975
38.3,185.26,CCC(C)(C)NCC(=C)C(=O)OC,1.6,197.0,13,6,92.49166875689998,188.71804303763815
44.8,202.25,CCOC/C(=C\OCC)/C(=O)OCC,1.1,187.0,14,8,101.71744451203334,196.14074409500685
55.0,245.07,CCOC(=O)C(=CC1=CNN=C1)Br,1.8,218.0,13,4,101.34895391226668,161.06854330094725
38.8,289.4,CCCCOC(=O)/C=C/C1=CC=CC=C1N2CCOCC2,3.2,337.0,21,7,178.72410998266665,281.7095673197548
52.6,274.31,CC(C)(C)OC(=O)C(=C)C1=CC2=C(C=C1)C(=O)CCO2,2.8,419.0,20,4,155.34458237366667,257.08920509510176
55.4,261.32,CCOC(=O)/C=C\NC(=O)CCCC1=CC=CC=C1,2.7,307.0,19,8,145.48742403309998,254.00715082120735
48.4,277.7,C=CC(=O)OCCOC1=C2C=CC(=CC2=NC=C1)Cl,3.4,324.0,19,6,144.72621892686666,246.66123913873042
77.9,222.22,C=CC(=O)OC1=CC2=C(C=C1)SC(=O)O2,2.6,302.0,15,3,109.38070416093332,181.4073665025414
54.5,323.21,C1=CC=C(C=C1)COC(=O)/C(=C\C2=CC=CS2)/Br,4.3,311.0,18,5,158.5960477934,236.93837841580543
84.5,248.23,C=CC(=O)OCCN=CC1=CC=C(C=C1)[N+](=O)[O-],1.8,328.0,18,6,128.6854066734,221.94169802499636
26.3,268.4,CCCCC(=C(CC)CC)C(=O)OC(C)(C)CCC,6.2,294.0,19,10,150.62224388733333,288.5117635907659
50.1,266.09,COC(=O)/C(=C\C1=CC=C(C=C1)C#N)/Br,2.8,308.0,15,3,129.68007660726667,188.94901893522004
51.5,360.2,C=CC(=O)OC1=CC(=CC2=C1N(C3=CC=CC=C32)CCO)Br,3.6,430.0,22,5,188.1795788436667,268.91006007577926
35.5,238.32,CCCCOC1CC2CC1CC2OC(=O)C=C,3.1,287.0,17,7,120.68729062556667,231.74623125204084
84.5,296.28,C=CC(=O)OC1=CC=C(C=C1)N=CC2=CC=C(C=C2)[N+](=O)[O-],3.4,428.0,22,5,172.594113475,267.7299914027068
134.0,296.28,C=C(C(=O)OCCCCO)N1C(=O)C=CN=C1NC(=O)N,-0.9,512.0,21,8,134.87782038,246.6897488477589
56.3,247.29,CC(=O)C1=CC(=CN=C1)C(=C)C(=O)OC(C)(C)C,1.9,355.0,18,5,133.6426954474,238.25386557885486
47.9,281.3,COC1=CC=C(C=C1)C=NC2=CC=C(C=C2)OC(=O)C=C,3.5,364.0,21,6,178.17758517166666,272.0497024611946
61.8,278.3,CC(C)COC(=O)OC1=CC=C(C=C1)COC(=O)C=C,3.7,329.0,20,9,142.2565619163,261.6373601249009
75.0,302.26,CCOC(=O)C=C(C1=CC=CO1)P(=O)(OCC)OCC,1.3,382.0,20,9,155.1926080820667,262.64338779825226
47.9,295.3,COC1=CC=C(C=C1)C=NC2=CC=C(C=C2)COC(=O)C=C,3.5,378.0,22,7,177.3449550823333,287.6705630238353
43.4,306.4,CC(C)(C)OC(=O)C(=C)C1=CC2=C(C=C1)C3=CC=CC=C3C2=O,4.5,514.0,23,4,198.9878892723333,294.71067697981096
52.3,319.8,C1=CC(=CC=C1CCOC(=O)/C=C/C2=CC(=C(C=C2)Cl)N)F,4.2,383.0,22,6,179.4857059174,283.87254454001504
146.0,315.24,CCOC(=O)C(=C(C#N)C#N)OC(=O)C1=CC=C(C=C1)[N+](=O)[O-],1.8,604.0,23,6,157.89207775656666,263.8612181554296
35.5,284.3,CC(C)(C)OC(=O)C(=C)C1=CC2=C(C=C1)C=C(C=C2)OC,4.5,394.0,21,5,180.11807915199998,279.7597739573372
43.4,208.18,COC(=O)/C=C/C1=C(C=C(C=C1)C=O)F,1.8,263.0,15,4,121.83549777386668,185.70009397024958
43.4,208.18,COC(=O)/C=C/C1=CC(=C(C=C1)F)C=O,1.8,263.0,15,4,115.6953775063,185.4758013788466
48.7,246.26,CCOC(=O)/C=C/C1=CC2=C(O1)C=CC(=C2)OC,3.0,313.0,18,5,168.1388010519,228.95573355817174
26.3,230.18,COC(=O)/C=C\C1=CC=CC=C1C(F)(F)F,3.1,271.0,16,3,103.1323354575,191.68517329450754
51.5,439.1,C=CC(=O)OC1=CC(=CC2=C1N(C3=C2C=C(C=C3)Br)CCO)Br,4.3,461.0,23,5,210.07730620146663,277.2820149691469
51.5,533.1,C=CC(=O)OC1=CC(=CC2=C1N(C3=C2C=C(C=C3)I)CCO)I,4.2,461.0,23,5,224.7930726254,279.25783260150365
80.7,293.4,CCOC(=O)C=C(NC(=O)C1=CC=CC=C1)SC(C)C,3.6,360.0,20,7,165.45867778800002,273.3572656621129
41.6,186.25,CC(CNC=CC(=O)OC)N(C)C,1.4,179.0,13,6,95.91120358603332,185.22300497386018
55.8,320.4,CCCCCCCCCOC(=O)/C=C/C1=CC(=C(C=C1)OC)O,6.6,340.0,23,12,199.11734136366667,316.33865047604996
53.3,230.26,CN(C)C1=CC(=C(C=C1)/C=C/C(=O)OC)C#N,2.0,341.0,17,4,156.56788355006668,224.27710466592268
55.8,222.24,CCOC(=O)/C=C/C1=C(C=CC(=C1)OC)O,2.2,249.0,16,5,133.8827400972667,206.72130826540626
31.2,193.24,CCOC(=O)C(=C)CC1=CC=CN1C,1.8,225.0,14,5,99.33252810836666,192.75034939748153
55.0,216.24,CCOC(=O)/C=C/C1=CNC2=C1C=CC=N2,2.0,278.0,16,4,133.76713705216665,200.29584986880892
255.0,367.18,CC(CC(=C)C(=O)OCC([N+](=O)[O-])([N+](=O)[O-])[N+](=O)[O-])([N+](=O)[O-])[N+](=O)[O-],0.8,593.0,25,6,134.22139618300002,248.09451466539858
26.3,306.5,CCCCCCCCCCC1=C(CCCC1)/C=C/C(=O)OC,7.0,366.0,22,12,187.43773525466668,323.60468887516606
54.5,196.27,CC1=CSC(=C1)C=C(C)C(=O)OC,2.7,223.0,13,3,120.08414331936667,182.94807018629254
54.5,258.3,CC(=CC1=CC=C(S1)C2=CC=CC=C2)C(=O)OC,4.0,319.0,18,4,187.35077448133333,243.83101817674674
59.7,182.17,COC(=O)/C=C\C1=CC=C(O1)CO,0.5,200.0,13,4,97.8485899129,161.6732156440659
43.4,258.19,COC(=O)/C=C/C1=CC(=C(C=C1)C=O)C(F)(F)F,2.5,336.0,18,4,129.2369274163,211.7179077366896
52.6,274.19,COC(=O)/C=C/C1=CC(=C(C=C1)OC(F)(F)F)C=O,2.8,351.0,19,5,129.75371274773332,220.85638369273673
43.4,258.19,COC(=O)/C=C/C1=CC(=C(C=C1)C(F)(F)F)C=O,2.5,336.0,18,4,126.1893571597,211.67358381885046
94.1,288.25,CC(=O)N1C=C(C2=CC=CC=C21)C=C(C(=O)OC)[N+](=O)[O-],2.2,482.0,21,3,171.9989007813333,247.3723386398815
38.3,295.4,CCOC(=O)/C(=C/C1=CC=CC=C1)/CNC2=CC=C(C=C2)C,5.0,364.0,22,7,188.13910893216664,295.66638167481
26.3,289.55,COC(=O)/C(=C/C1=CC=CC=C1Cl)/CBr,3.4,253.0,15,4,128.79363944899998,203.3122393856078
138.0,308.22,CCOC(=O)C(=C)CC(CCP(=O)(O)O)C(=O)C(=O)O,-0.7,449.0,20,10,127.95806800500002,239.55098540494467
107.0,389.4,CC1=CC=C(C=C1)S(=O)(=O)NC(=O)O[C@H](C2=CC=CC=C2)C(=C)C(=O)OC,3.4,640.0,27,8,201.6748396496667,338.4450195406386
43.4,322.4,CC1=CC(=C(C=C1)C(=O)C2=CC=CC=C2)/C=C/C(=O)OC(C)(C)C,4.9,466.0,24,6,199.6345807276667,319.0248790799541
70.3,377.5,CCC(CCC(C)O)COC(=O)/C=C(\C1=CC=CC=C1)/C2=CC=CC=C2C#N,5.4,555.0,28,10,228.04766027766664,371.4814871700578
70.8,237.25,COC1=CC(=C(C=C1/C=C/C(=O)OC)N)OC,1.5,280.0,17,5,147.5931056537,216.8911378100431
35.5,248.32,CC1=C(C(=CC=C1)OC)/C=C/C(=O)OC(C)(C)C,3.5,301.0,18,5,152.09943172676665,248.38019080112159
48.4,285.34,CC(C)(C)OC(=O)/C=C/C1=C(C=CC2=C1C=CN=C2)OC,3.3,386.0,21,5,184.17852129466667,275.0344671469962
48.4,285.34,CC(C)(C)OC(=O)/C=C/C1=C(C=CC2=C1C=NC=C2)OC,3.3,386.0,21,5,181.63854389566663,275.0794455116516
35.5,296.1,CCOC(=O)C(=C)C1C(CCO1)I,1.9,215.0,13,4,96.92528181116666,171.48621808329062
55.4,193.2,CCOC(=O)/C=C/C1=CC=CC(=O)N1,0.9,326.0,14,4,115.76542341783332,176.59789558251748
78.9,312.36,CCOC(=O)C(CC(=C)C)(CC(=C)C(=O)OC)C(=O)OCC,3.2,445.0,22,12,146.48977480866668,294.24848688548934
84.2,379.99,COC(=O)C(=C([N+](=O)[O-])Br)NC1=CC=C(C=C1)Br,4.1,359.0,18,4,162.76144503946668,208.01759331792513
44.8,268.69,C=CC(=O)OCC1COC(O1)C2=CC=C(C=C2)Cl,2.5,299.0,18,5,123.01579846433332,233.57260870203368
44.8,312.4,CCOC(=O)C=C(C1=CC=C(C=C1)OC)C2=CC=CC=C2OC,4.4,396.0,23,7,193.27488823766663,302.3561149172119
48.0,319.4,CC(C)(C)OC(=O)/C=C/C1=C(C=CC(=C1)OC)N2CCOCC2,2.9,410.0,23,6,190.2503430384,305.7758714662134
84.6,334.4,CC(C)(C)OC(=O)/C=C/C1=C(C=CC(=C1)[N+](=O)[O-])N2CCOCC2,2.8,474.0,24,5,197.5639055113,301.4920024333629
38.8,289.4,CC(C)C1=CC(=C(C=C1)N2CCOCC2)/C=C/C(=O)OC,3.1,361.0,21,5,177.8176367243333,281.1390698080575
26.3,236.35,CC1(C(=C=C(C(=O)OC)C(C)(C)C)C1(C)C)C,3.5,395.0,17,3,148.80700053533334,249.51949402283253
104.0,238.17,CCOC(=O)C(=C)C(CCP(=O)(O)O)O,-1.2,281.0,15,7,96.68376045866668,186.65945191753008
43.4,336.4,CC(=O)C1=CC=C(C=C1)C(=C)C(=O)OC(C)(C)CCC2=CC=CC=C2,5.0,478.0,25,8,199.6747903883333,335.9537407697238
26.3,245.1,COC(=O)C(=C)C1=CC=CC(=C1Cl)CCl,3.4,253.0,15,4,118.71409622393332,212.25477466785938
35.5,254.71,CCOC(=O)/C=C\C1=C(C=C(C=C1)OC)CCl,2.9,265.0,17,6,131.68140060736667,234.76729942894391
35.5,240.68,COC1=CC(=C(C=C1)/C=C\C(=O)OC)CCl,2.6,253.0,16,5,133.40057273116665,218.78487154759324
26.3,245.1,COC(=O)/C=C\C1=C(C=C(C=C1)Cl)CCl,3.2,241.0,15,4,124.45360431166668,212.23884157509403
78.9,468.6,CCCCC(C)(CCCC)/C(=C(/C1=CC=CC=C1C=C)\OC(=O)C(=C)C)/C(=O)OOC(=O)C=C,9.1,783.0,34,17,265.93670529366665,459.8456238960634
56.3,410.3,CCOC(=O)C(=CC1=CC=C(C=C1)Br)C(=O)C2=NC3=CC=CC=C3C=C2,5.4,539.0,26,6,237.0451463326667,322.3998769913939
50.1,285.4,CCCCOC(=O)/C=C/C1=CC=CC(=C1)CC(C)(C)C#N,4.3,403.0,21,8,174.19965132999997,290.263059191801
95.2,228.27,CCN1C(=NN=N1)S/C=C/C(=O)OCC,1.1,237.0,15,6,108.95985408483334,194.48298422634292
48.0,347.4,CC(C)OC1=CC(=C(C=C1)N2CCOCC2)/C=C/C(=O)OC(C)(C)C,3.7,449.0,25,7,210.11546782966664,337.57020157914434
35.5,347.2,COC(=O)/C=C/C1=CC=CC(=C1)COC2=CC=C(C=C2)Br,4.4,348.0,21,6,180.6227987313333,271.54862816999236
63.7,315.4,CCCN1C(=O)C2=C(C1=O)C=C(C=C2)C(=C)C(=O)OC(C)(C)C,3.2,532.0,23,6,177.21259571,296.5479288301414
61.8,306.4,CC1=CC(=CC(=C1/C=C/C(=O)OC(C)(C)C)OC)C(=O)OC,3.4,421.0,22,7,185.21749031,292.0024495000024
35.5,287.4,[2H]C([2H])([2H])OC1=C(C2=CC=CC=C2C=C1)/C=C/C(=O)OC(C)(C)C,4.4,380.0,21,5,185.20428427816668,280.0661618450742
102.0,284.27,CCOC(=O)/C(=C(/C1=CC2=CC=CC=C2OC1=O)\N)/C#N,2.2,568.0,21,4,168.50698148566667,248.20941802348526
39.4,351.17,C=CCOC(=O)/C=C/C1=CC=C(O1)C2=C(C=C(C=C2)Br)F,4.4,399.0,21,6,208.90566901,260.6846504934914
82.1,305.28,COC1=C(C=C(C=C1)/C=C/C(=O)ON2C(=O)CCC2=O)OC,1.3,459.0,22,6,182.98568565066665,266.7849363647666
65.7,224.21,CC1=C(C=C(O1)/C=C/C(=O)OC)C(=O)OC,1.6,297.0,16,5,129.3842441582,200.86409432442275
43.4,264.36,C[C@H]1[C@@H]2C[C@@H](CC[C@]2(CCC1=O)C)C(=C)C(=O)OC,3.5,412.0,19,3,137.76342471566667,254.83020958589802
26.3,293.6,CCOC(=O)C(=C)C1=C(C(=C(C=C1)Cl)CCl)Cl,4.4,294.0,17,5,137.81183421433332,245.8421278934076
93.1,276.24,CCOC(=O)/C=C/C1=COC2=C(C1=O)C=CC(=C2O)O,1.5,453.0,20,4,159.4156027356333,231.73711748893234
55.8,263.29,CN(C)CC1=C(C(=CC(=C1)C=O)OC)OC(=O)C=C,1.5,329.0,19,7,141.92376203866667,248.10373718374447
75.0,316.29,CCOC(=O)/C=C/P(=O)(OCC)OC(C)C1=COC=C1C,1.5,408.0,21,9,151.624352166,278.4971106086812
43.4,336.4,CC1=CC(=C(C=C1)C(=O)C2=CC=CC=C2C)/C=C/C(=O)OC(C)(C)C,5.3,500.0,25,6,216.6414581073333,334.7750365737617
58.6,228.18,C1COC2=C(O1)C=CC(=C2)/C=C/C(=O)[O-].[Na+],,267.0,16,2,131.92520283633334,180.7846883316918
58.9,367.3,CCOC(=O)/C(=C(\C1=CC(=C(C=C1F)F)F)/O)/C=NC2=CC=C(C=C2)F,4.5,547.0,26,6,181.870810422,302.8559033202593
75.6,302.11,COC(=O)C(=C)C1(C2=C(C(=CC(=C2)Cl)Cl)NC1=O)O,2.3,441.0,19,3,136.58796914133333,236.84891218401415
73.8,445.5,CCOC(=O)/C=C/C1=C(N(C2=CC=CC=C21)S(=O)(=O)C3=CC=CC=C3)CC4=CC=CC=C4,5.8,746.0,32,8,288.46695004966665,408.25528303331697
43.4,402.4,C=CC(=O)OC1=CC=C(C=C1)/C=C/C(=O)C2=C3C=CC4=CC=CC5=C4C3=C(C=C5)C=C2,7.1,716.0,31,6,318.57761503033333,382.604598010509
46.5,310.4,CC1=CC(=C(C=C1)C(C)C)OC(=O)C(=C)C(C2=CC=CC=C2)O,4.6,409.0,23,6,176.69777865466668,305.854827985184
38.7,307.4,CCOC(=O)/C=C/C1=CC2=C(C=C1)C3=C(C=C2)N=C(C3(C)C)C,4.2,520.0,23,4,228.40859878833336,300.9940107351053
59.0,306.3,COC(=O)/C=C/C1=CC=CC=C1N2C(=O)C3=CC=CC=C3C=N2,2.7,514.0,23,4,201.31512834433337,282.30399828761
59.0,348.4,CC(C)(C)OC(=O)/C=C/C1=CC=CC=C1N2C(=O)C3=CC=CC=C3C=N2,3.7,591.0,26,5,222.9406583991667,328.31756085196577
26.3,208.3,C[C@H]1CCC([C@H](C1)OC(=O)C=C)C(=C)C,4.1,268.0,15,4,111.4194748862,213.36898594216333
55.8,319.4,CC(C)N(CC1=C(C(=CC(=C1)C=O)OC)OC(=O)C=C)C(C)C,3.1,400.0,23,9,174.52300768400002,311.2077567042574
38.3,295.8,CCCCNC/C(=C\C1=CC=C(C=C1)Cl)/C(=O)OCC,3.8,310.0,20,9,171.23542922866667,283.4371139037533
38.3,309.4,CCOC(=O)/C(=C/C1=CC=CC=C1)/CN[C@H](C)C2=CC=CC=C2,3.8,379.0,23,8,183.36494764833333,310.89601685499963
35.5,282.76,CC1=CC(=CC(=C1/C=C/C(=O)OC(C)(C)C)OC)Cl,4.1,333.0,19,5,166.45030752966667,265.8747734275006
35.5,232.27,CO/C=C(\[C@H]1C[C@@H]1C2=CC=CC=C2)/C(=O)OC,2.5,303.0,17,5,128.96934826176667,228.75016715458173
89.1,503.6,CC1=CC=C(C=C1)S(=O)(=O)N2[C@H]([C@@H](C3=CC=CC=C32)/C=C/C(=O)OC(C)(C)C)C(=O)C4=CC=CC=C4,5.6,916.0,36,8,303.59401117966667,461.9720530071919
84.2,346.31,CCOC(=O)C=C(C1=COC(=C1)COC)P(=O)(OCC)OCC,1.0,439.0,23,11,169.13361883033335,301.4584931727573
42.4,631.0,CCCCCCCCCCCCN(CCCCCCCCCCCC)C1=CC=C(C=C1)/C=C/C2=C(C=NC=C2)/C=C/C(=O)OCC,15.1,733.0,46,29,444.95737451433337,
65.0,298.29,COC(=O)/C=C/C1=CC(=C(C=C1)O)C2=CC3=C(C=C2)OCO3,3.3,421.0,22,4,193.337617955,265.95785854631276
54.0,312.3,COC1=C(C=C(C=C1)/C=C/C(=O)OC)C2=CC3=C(C=C2)OCO3,3.6,435.0,23,5,206.31709919566663,285.4766428653003
70.8,297.3,COC(=O)C=C(C1=CC=C(C=C1)N)C2=CC3=C(C=C2)OCO3,3.2,428.0,22,4,189.83943783883333,266.637763770781
86.2,532.7,CC1=CC=C(C=C1)S(=O)(=O)N2C3=CC=CC=C3C4=C2C=C(C(=C4)/C=C/C(=O)OC(C)(C)C)N5CCOCC5,5.9,956.0,38,7,357.860475118,483.1718260060759
66.8,318.4,CC1CCC(C(C1)OC(=O)/C=C/C2=CC(=C(C=C2)O)O)C(C)C,5.0,418.0,23,5,192.6037616906667,302.23672306291706
113.0,318.28,COC(=O)C(=C)C1(C2=C(C=CC(=C2)[N+](=O)[O-])N(C1=O)CC=C)O,1.7,569.0,23,5,164.094826768,269.15453045072684
26.3,278.4,CCCCC1=C(CCC(C1)C(C)(C)C)/C=C/C(=O)OC,5.2,383.0,20,7,167.38749653233333,291.4845326215615
58.9,320.14,CCN=C/C(=C(\C1=CC(=C(C=C1Cl)Cl)F)/O)/C(=O)OC,3.7,414.0,20,5,154.40082641566667,261.78249374214994
57.6,311.3,CCOC1C2=CC3=CC=CC=C3N=C2C(=CO1)/C=C/C(=O)OC,2.4,487.0,23,5,199.97183186886664,286.8694669902264
59.0,399.2,CCOC(=O)/C=C/C1=C(C=CC(=C1)Br)N2C(=O)C3=CC=CC=C3C=N2,3.8,563.0,25,5,230.617998325,305.12829538870756
105.0,365.3,CCOC(=O)/C=C/C1=C(C=CC(=C1)[N+](=O)[O-])N2C(=O)C3=CC=CC=C3C=N2,2.9,642.0,27,5,229.170477843,316.8488490391044
59.0,427.3,CCCCOC(=O)/C=C/C1=C(C=CC(=C1)Br)N2C(=O)C3=CC=CC=C3C=N2,4.7,592.0,27,7,244.00161194866664,337.2913685546074
59.0,404.5,CCCCC(CC)COC(=O)/C=C/C1=CC=CC=C1N2C(=O)C3=CC=CC=C3C=N2,5.9,630.0,30,10,263.6366347936667,392.4135368844144
84.2,332.4,CCOC(=O)/C(=C/C1=CC=C(C=C1)[N+](=O)[O-])/CNC2CCCCC2,4.1,444.0,24,7,189.235296277,306.61063845616195
44.8,320.4,CC(C)(C)C1=CC(=C(C(=C1)OC)/C=C/C(=O)OC(C)(C)C)OC,4.8,400.0,23,7,199.3053057681333,319.9810070832847
44.8,390.5,CC(C)(C)OC(=O)/C=C/C1=C(C=C(C2=CC=CC=C21)OCC3=CC=CC=C3)OC,5.9,544.0,29,8,263.3238783086667,381.6613397869245
73.6,326.7,CCOC(=O)C=C(N)NC1=CC=C(C=C1)OC(F)(F)F.Cl,,350.0,21,6,147.83428554866666,237.4015809052659
39.4,404.02,COC(=O)/C=C/C1=CC(=C(O1)C2=C(C=C(C=C2)Br)F)Br,4.4,377.0,20,4,197.584036893,240.35241340542754
111.0,452.4,CCOC(=O)C=C(C1=C(OC=C1)CP(=O)(OCC)OCC)P(=O)(OCC)OCC,1.1,615.0,29,15,219.814037893,382.94080605262286
111.0,452.4,CCOC(=O)C=C(C1=CC=C(O1)CP(=O)(OCC)OCC)P(=O)(OCC)OCC,1.1,615.0,29,15,236.181581456,383.7801203038267
89.3,371.33,CCOC(=O)C=C(C1=CC(=C(O1)C)CN=[N+]=[N-])P(=O)(OCC)OCC,2.6,566.0,25,11,186.196590847,316.473458576996
47.9,343.8,CC(=NOC(C1=CC=C(C=C1)Cl)C(=C)C(=O)OC)C2=CC=CC=C2,4.8,463.0,24,7,196.314209425,320.46107222933375
63.7,327.4,CCOC(=O)/C=C/N1C=CC2=CC=CC=C2C1C(C(=O)C)C(=O)C,2.1,538.0,24,7,201.40054734166665,306.95648145259906
63.7,355.4,CC(=O)C(C1C2=CC=CC=C2C=CN1/C=C/C(=O)OC(C)(C)C)C(=O)C,2.7,600.0,26,7,219.90513113833333,339.08075356010494
67.2,389.5,CCCCOC(=O)/C=C/C1=CC=CC(=C1)CC(C)(CC(=O)C2=CC=CC=C2)C#N,5.1,611.0,29,11,232.92079559766665,385.1906598217527
42.0,346.5,CC1=CC(=C(C=C1N(C)C)N2CCOCC2)/C=C/C(=O)OC(C)(C)C,3.4,464.0,25,6,224.95453792,340.8227156537624
29.5,405.6,CCCCOC(=O)/C=C/C1=C(C=CC(=C1)C(C)C)N2CCC(CC2)C3=CC=CC=C3,6.9,529.0,30,9,268.6309624213333,412.98001103121294
26.3,284.4,CCCCC1=C(C2=CC=CC=C2CCC1)/C=C/C(=O)OC,4.8,406.0,21,6,180.3711069913333,288.9617788387718
26.3,382.6,CCCCCCCCCCC1=C(CCC(C1)C2=CC=CC=C2)/C=C/C(=O)OC,8.2,497.0,28,13,241.06989426733327,400.2647975115282
52.6,365.2,COC(=O)/C(=C/C1=C(C=C(C=C1)Cl)Cl)/COC2=CC=CC=C2C=O,4.4,466.0,24,7,191.05199934066664,317.3696678666223
75.0,372.4,CCOC(=O)/C=C(\C1=COC(=C1C)C(C)(C)C)/P(=O)(OCC)OCC,3.3,512.0,25,10,191.61923193366667,339.93453670696124
46.5,360.4,CC1=CC(=C(C=C1)C(C)C)OC(=O)C(=C)C(C2=CC=CC3=CC=CC=C32)O,5.8,526.0,27,6,218.02077488766668,352.7627666358345
75.0,406.8,CCOC(=O)C=C(C1=C(C=C(O1)C(C)(C)C)CCl)P(=O)(OCC)OCC,3.4,532.0,26,11,206.044614634,357.5365909450483
59.0,362.4,CC1=CC(=C(C=C1)N2C(=O)C3=CC=CC=C3C=N2)/C=C/C(=O)OC(C)(C)C,4.1,620.0,27,5,230.616123105,344.9192527872404
59.0,427.3,CC(C)(C)OC(=O)/C=C/C1=C(C=CC(=C1)Br)N2C(=O)C3=CC=CC=C3C=N2,4.4,625.0,27,5,243.0956195806667,337.3246324528291
59.0,483.4,CCCCC(CC)COC(=O)/C=C/C1=C(C=CC(=C1)Br)N2C(=O)C3=CC=CC=C3C=N2,6.5,665.0,31,10,279.174654563,400.8951027685061
105.0,449.5,CCCCC(CC)COC(=O)/C=C/C1=C(C=CC(=C1)[N+](=O)[O-])N2C(=O)C3=CC=CC=C3C=N2,5.7,747.0,33,10,279.21540356033336,410.96355018362533
75.0,364.76,CCOC(=O)/C=C(\C1=C(OC(=C1)C)CCl)/P(=O)(OCC)OCC,2.1,457.0,23,10,182.66918388066665,310.84365957031
55.8,319.4,CC1=CC(=CC(=C1/C=C/C(=O)OC(C)(C)C)OC)C(=O)N(C)C,3.0,450.0,23,6,196.67323942,311.4775322928525
60.4,278.34,C/C(=C\1/C[C@@H](CC1=O)C(=C)C(=O)OC)/CCCC(=O)C,1.9,471.0,20,7,149.45647522700003,266.9188010688593
71.8,320.4,CCOC(=O)C(=CC1=C(CC(OC1)(C)C)N2CCOCC2)C#N,1.0,562.0,23,5,187.942196761,297.6798531654219
53.3,470.6,CN(C(=C(C1=CC=CC=C1)C2=CC=CC=C2)C#N)C(=C(C3=CC=CC=C3)C4=CC=CC=C4)C(=O)OC,8.2,799.0,36,8,314.8588250583333,465.2775609780814
53.3,496.6,COC(=O)C(=C(C1=CC=CC=C1)C2=CC=CC=C2)N(CC=C)C(=C(C3=CC=CC=C3)C4=CC=CC=C4)C#N,8.9,858.0,38,10,359.34232621266665,492.7586814447879
72.1,553.5,CC1=CC=C(C=C1)S(=O)(=O)N2CC(C3=C2C=CC(=C3)/C=C/C(=O)OC(C)(C)C)(C)CI,5.7,776.0,31,7,310.595805785,406.76089796056283
119.0,387.4,CCOC(=O)C=C(C1=CC(=C(O1)C)CN=C=S)P(=O)(OCC)OCC,3.0,565.0,25,11,205.28659520833327,333.54113499568905
55.0,832.8,CCCCCCCCCCCCC(CCCCCCCCCC)COC(=O)C(=CC1=CC=C(C=C1)N2C3=C(C=CC(=C3)Br)C4=C2C=C(C=C4)Br)C#N,18.4,1040.0,52,26,505.4227905320001,
149.0,293.28,COC(=O)C(=CNC(=O)N)C(C1=CN=CC=C1)NC(=O)N,-1.3,437.0,21,6,139.88949017766666,244.1062099849142
89.0,483.3,C1=CC=C(C=C1)C2=C(N=C(N2)C(=CC(=O)[O-])C3=C(C=CC(=C3)Br)O)C4=CC=CC=C4.[Na+],,622.0,31,5,299.2691455696667,359.9095467275069
121.0,572.6,CC1=CC=C(C=C1)S(=O)(=O)N2C(=C(N=C2C(=CC(=O)[O-])C3=C(C=CC(=C3)C)O)C4=CC=CC=C4)C5=CC=CC=C5.[Na+],,996.0,41,7,402.10728020466667,493.9649481199645
89.0,454.5,C1=CC=C(C=C1)C2=C(N=C(N2)C(=CC(=O)[O-])C3=C(C4=CC=CC=C4C=C3)O)C5=CC=CC=C5.[Na+],,704.0,34,5,316.6849083263333,399.04770929362513
98.3,434.4,COC1=CC(=C(C=C1)O)C(=CC(=O)[O-])C2=NC(=C(N2)C3=CC=CC=C3)C4=CC=CC=C4.[Na+],,633.0,32,6,294.8874765513333,377.0795853034719
35.5,448.3,CC1(CC(OC2=C1C=C(C=C2)/C=C/C(=O)OC)C3=CC=CC=C3)CI,5.7,486.0,25,5,227.73282044566668,324.92683524759053
46.6,427.3,CC1(C2=C(C=CC(=C2)/C=C/C(=O)OC(C)(C)C)N(C1=O)C)CI,3.7,511.0,23,5,210.28673247466668,302.01922380340545
35.5,358.17,CC1(COC2=C1C=C(C=C2)/C=C/C(=O)OC)CI,3.6,342.0,18,4,162.613730292,232.98126597401446
97.5,422.5,CCOC(=O)C(=CNCCCNCC1=CC2=C(C=C1)OCO2)C3=NC4=CC=CC=C4N3,3.7,616.0,31,11,231.2365968533333,382.8340756466431
50.1,309.4,COC(=O)/C=C/C1=C(CC(CC1)C2=CC=CC=C2)CCCC#N,3.4,503.0,23,7,185.99614497733333,309.78459514306104
26.3,318.8,COC(=O)/C=C/C1=C(CC(CC1)C2=CC=CC=C2)CCCCl,4.3,419.0,22,7,185.42393512733327,307.56137889749886
68.1,345.8,COC(=O)/C(=C/C1=CC=C(C=C1)Cl)/COC2=CC=CC=C2/C=N/O,4.0,458.0,24,7,203.22419279866668,308.75375696519205
82.1,381.4,COC1=C(C=C(C=C1)/C=C(\CN2C(=O)C3=CC=CC=C3C2=O)/C(=O)OC)OC,2.6,621.0,28,7,228.3104679933333,343.76278106947484
81.4,373.8,COC(=O)/C(=C/C1=CC=CC=C1Cl)/COC2=CC=CC=C2/C=C/[N+](=O)[O-],4.6,543.0,26,7,214.962012974,329.2633510464193
101.0,388.3,CCOC(=O)C=C(C1=CC(=C(O1)C)C(=O)OCC)P(=O)(OCC)OCC,1.9,549.0,26,12,198.2841287823333,337.2559925421805
101.0,467.2,CCOC(=O)C=C(C1=CC(=C(O1)CBr)C(=O)OCC)P(=O)(OCC)OCC,2.1,569.0,27,13,212.0591138816667,346.10061960159675
96.3,346.3,CCOC(=O)/C(=C\NC1=CC2=C(C=C1)C(=O)C3=CC=CC=C3C2=O)/C#N,3.7,675.0,26,5,239.8381691383333,311.35145927780303
75.0,530.2,CCOC(=O)/C=C(\C1=C(C=C(O1)C(C)(C)C)C(Br)Br)/P(=O)(OCC)OCC,4.5,563.0,27,11,228.0111538903333,357.0517631595201
107.0,411.8,C1=CC=C(C=C1)[C@H](COC(=O)/C=C/C2=CC(=CC=C2)Cl)NC(=O)C3=COC(=N3)N,3.7,582.0,29,8,225.997615213,358.96469341834404
75.0,420.9,CCOC(=O)/C=C(/C1=C(OC(=C1CCl)C(C)(C)C)C)\P(=O)(OCC)OCC,3.8,561.0,27,11,214.05499408333333,373.87544260445475
87.2,436.5,CN(C)C(=O)OC1=CC=CC2=C1N=C(C=C2)COC(=O)/C=C/C3=C(C=CC(=C3)OC)OC,3.7,654.0,32,9,267.58322199366665,401.2565509128606
196.0,472.4,C[C@H]1[C@@H]([C@H]([C@H]([C@@H](O1)OC[C@@H]2[C@H]([C@@H]([C@H]([C@@H](O2)OC(=O)/C=C\C3=CC=C(C=C3)O)O)O)O)O)O)O,-1.9,666.0,33,7,208.38096967366667,371.925205559542
29.5,460.0,CC1=CC=C(C=C1)/C=C/C(=O)OC(CN2CCC(CC2)C3=CC=CC=C3)C4=CC=C(C=C4)Cl,7.0,607.0,33,8,289.6283585676667,445.26224960471023
75.4,491.0,C1CN(CCC1C2=CC=CC=C2)CC(C3=CC=C(C=C3)Cl)OC(=O)/C=C/C4=CC=C(C=C4)[N+](=O)[O-],6.5,696.0,35,8,285.495532984,449.29479021697995
94.5,496.6,CCOC(=O)/C=C/C1=CC=C(C=C1)CNC(=O)CN2C3=C(C=C(C=C3)C(=O)C)C4=C2C=CC(=C4)C(=O)C,4.3,839.0,37,10,320.633578783,462.14755126999853
94.5,510.6,CCOC(=O)/C=C/C1=CC=C(C=C1)CNC(=O)CCN2C3=C(C=C(C=C3)C(=O)C)C4=C2C=CC(=C4)C(=O)C,4.0,855.0,38,11,321.40072199366665,478.14617292369803
94.5,538.6,CCOC(=O)/C=C/C1=CC=C(C=C1)CNC(=O)CCCCN2C3=C(C=C(C=C3)C(=O)C)C4=C2C=CC(=C4)C(=O)C,4.7,886.0,40,13,339.5650525313333,509.28653277903095
61.8,392.4,CC1=C(OC2=C(C1=O)C=CC(=C2/C=C/C(=O)OC(C)(C)C)OC)C3=CC=CC=C3,5.1,678.0,29,6,252.9426371123333,369.873788991534
112.0,447.5,CCOC(=O)/C=C/C1=C2C(=NC(=N1)C3=CC=C(C=C3)OC)SC(=N2)C4=CC=C(C=C4)OC,4.9,635.0,32,8,348.818760356,402.0724796156095
160.0,358.5,CCOC(=O)C(=C(SC)SC)C1=NN2C(=O)C(=NN=C2S1)C,2.2,634.0,22,6,201.3257437373333,286.45752754196013
44.8,364.5,CC/C=C/[C@H](CC)C/C(=C/C1(CC(OO1)(CC)/C=C/C(=O)OC)CC)/C,5.9,534.0,26,11,203.2443646543333,368.1445501084208
43.4,478.4,C[C@H]1CC[C@H](CC2=C(C(=O)C([C@@H]12)CC3=CC=C(C=C3)I)C)C(=C)C(=O)OC,5.3,642.0,27,5,226.831736156,354.9574842340166
90.2,347.4,CC1(CC(=CC(N1O)(C)C)COC(=O)/C=C/C2=CC(=C(C=C2)O)O)C,2.3,552.0,25,5,201.0783678653333,315.54334838402656
80.9,448.5,CC1=CC=CC=C1C2=NOC(=N2)/C(=C/N(C)C)/OC3=CC=CC=C3/C(=C\N(C)C)/C(=O)OC,4.3,709.0,33,9,280.4716974886667,423.71049636262893
80.9,513.4,CN(C)/C=C(\C1=CC=CC=C1O/C(=C\N(C)C)/C2=NC(=NO2)C3=CC=C(C=C3)Br)/C(=O)OC,4.6,707.0,33,9,293.325430294,416.8629660487961
77.0,409.8,COC1=C(C=CC(=C1)/C=C/C(=O)OC)OCC(CNC2=CC(=C(C=C2)F)Cl)O,3.9,509.0,28,10,224.5005004666667,356.9089838763819
77.0,501.3,COC1=C(C=CC(=C1)/C=C/C(=O)OC)OCC(CNC2=C(C=C(C=C2)I)F)O,4.0,509.0,28,10,242.7263494713333,348.5259256847423
77.0,411.4,COC1=C(C=CC(=C1)/C=C/C(=O)OC)OCC(CNC2=CC(=C(C=C2F)F)F)O,3.5,538.0,29,10,219.44298640833333,349.06501903371617
43.4,344.5,C[C@]12CCC(=O)C[C@@H]1CC[C@@H]3[C@@H]2CC[C@]4(C3CC[C@@H]4OC(=O)C=C)C,4.8,596.0,25,3,186.70913959133333,329.19876598918813
95.0,530.6,CCOC(=O)/C=C/C1=C(C2=C(N1C)C=CC(=C2)OC)C(=CNS(=O)(=O)C3=CC=C(C=C3)C)C4=CC=CC=C4,5.9,944.0,38,10,356.7246446803333,485.7356786118415
85.8,526.6,CCOC(=O)/C=C/C1=C(C2=CC=CC=C2N1CC=C)C(=CNS(=O)(=O)C3=CC=C(C=C3)C)C4=CC=CC=C4,6.6,955.0,38,11,374.8447338016667,489.5282828635801
85.8,556.7,CCOC(=O)/C=C/C1=C(C2=CC=CC=C2N1C)C(=CNS(=O)(=O)C3=CC=C(C=C3)C)C4=CC=C(C=C4)C(C)(C)C,7.6,1010.0,40,10,382.050232623,524.6861941996918
52.6,318.4,CCOC(=O)/C=C/[C@]12C=CCC[C@]1(CC(=O)O2)C3CCCCC3,4.3,530.0,23,5,168.11917939600002,299.0234110528608
52.6,340.4,CCC[C@@]12CCC=C[C@@]1(OC(=O)C2)/C=C/C(=O)OCC3=CC=CC=C3,4.1,558.0,25,7,185.90203549333333,324.04852740567276
52.6,360.8,CC[C@@]12CCC=C[C@@]1(OC(=O)C2)/C=C/C(=O)OCC3=CC=C(C=C3)Cl,4.2,576.0,25,6,189.0635703263333,325.59082416403135
158.0,436.9,CCOC(=O)/C(=C(\NC1=NC(=C(S1)C(=O)NC2=CC=C(C=C2)Cl)C)/SC)/C#N,5.0,659.0,28,8,253.9689984633333,367.9406001304452
158.0,481.4,CCOC(=O)/C(=C(\NC1=NC(=C(S1)C(=O)NC2=CC=C(C=C2)Br)C)/SC)/C#N,5.1,659.0,28,8,284.76646564,357.10309263919754
158.0,430.5,CCOC(=O)/C(=C(\NC1=NC(=C(S1)C(=O)NC2=C(C=CC=C2C)C)C)/SC)/C#N,5.1,681.0,29,8,275.868613692,378.7906230462088
111.0,616.8,CC(C)(C)OC(=O)/C=C/C1=C(C=CN=C1OCCOCCN2CCN(CC2)C3=NC4=CC=CC=C4SC5=CC=CC=C53)OC,5.0,966.0,44,13,365.48245966333326,571.6285767103931
35.5,256.3,C=CC(=O)OCCCOC1=CC2=CC=CC=C2C=C1,4.3,300.0,19,7,152.56049545336668,249.31007249914546
26.3,252.31,C=CC(=O)OCC1=CC=C(C=C1)CC2=CC=CC=C2,4.1,284.0,19,6,143.48944394866666,254.26694450280476
58.8,275.35,CCOC(=O)/C=C(\N)/N1CCN(CC1)C2=CC=CC=C2,2.5,343.0,20,5,161.65363471633333,261.8536772101315
83.8,306.33,C=CC(=O)OCCCCCCCCCCCP(=O)(O)O,3.0,311.0,20,14,143.354670078,276.51972724726636
46.6,213.27,CC(=O)C(=CN(C)C)C(=O)OC(C)(C)C,1.4,285.0,15,5,113.06219078233336,210.23395171123988
52.6,208.21,C=CC(=O)OC1C2CC3C1C(=O)OC3C2,1.2,349.0,15,3,94.98919575513332,178.304833988214
110.0,432.5,CC(COC(COCC(C)OCC(C)OC(=O)C=C)COCC(C)OC(=O)C=C)O,1.7,509.0,30,20,196.1329694503333,401.1151946493317
71.8,300.71,CCN=C/C(=C(\C1=CC(=C(N=C1)Cl)F)/O)/C(=O)OCC,2.7,401.0,20,6,157.53384738263335,254.91005733886
76.9,276.5,CCCCCCCCSSCCOC(=O)C=C,4.8,196.0,17,13,137.64062639966667,266.6286861698316
26.3,287.12,CCOC(=O)/C=C/C1=C(C=CC(=C1Br)C)F,3.7,268.0,16,4,131.0017655654,206.59878335586384
55.4,287.35,COC(=O)C=CC1=CC(=CC=C1)NC(=O)C2CCCCC2,3.5,386.0,21,5,173.93909602263332,274.1242305387469
68.8,184.6,COC(=O)/C=C/S(=O)(=O)Cl,0.4,235.0,10,3,73.5285884929,133.4935108211184
29.5,260.11,CN(C)/C=C/C(=O)OC1=C(C=C(C=C1)Cl)Cl,3.0,269.0,16,4,135.05400122666666,225.80021570849618
117.0,362.4,CCOC(=O)/C(=C(/N)\N1CCN(CC1)C2=CC=C(C=C2)OC)/SC#N,3.3,529.0,25,7,197.765661497,325.5310376692955
26.3,224.68,CCOC(=O)/C=C/C1=CC(=C(C=C1)C)Cl,3.6,238.0,15,4,133.645637403,210.9584094665792
26.3,236.35,CCOC(=O)/C=C/C1C(=CCC(C1(C)C)C)C,3.8,337.0,17,4,133.923427633,243.85957649669032
55.0,308.4,CN1C=C(C2=CC=CC=C21)/C=C(\C#N)/C(=O)OC3CCCCC3,4.0,513.0,23,4,198.494579606,295.6670330831177
92.0,389.4,CC1=CC(=C(C=C1)OC2=C(C(=O)N3C=CC=C(C3=N2)C)/C=C(\C#N)/C(=O)OC)C,3.2,929.0,29,5,244.722819463,357.4598148034973
109.0,324.29,C=CCOC(=O)/C(=C/C1=CC=C(O1)C2=CC=C(C=C2)[N+](=O)[O-])/C#N,3.4,563.0,24,6,236.05066020266668,286.93452011433897
26.3,339.4,C=CC(=O)OC(C(F)(F)F)(C(F)(F)F)C(Cl)(Cl)Cl,4.7,329.0,18,3,87.04792228776667,214.89600692489034
26.3,238.71,CC(C)(C)OC(=O)C(=C)C1=CC=CC=C1Cl,4.0,278.0,16,4,122.67704335263332,225.8954322442558
92.0,361.3,CC1=CC=C(C=C1)OC2=C(C(=O)N3C=CC=CC3=N2)/C=C(\C#N)/C(=O)OC,2.4,846.0,27,5,238.8513819403333,326.07503559742173
94.0,508.6,CCOC(=O)/C(=C\C1=CC=C(C=C1)N2CCN(CC2)CCN3C(=O)C4=CC=CC5=C4C(=CC=C5)C3=O)/C#N,4.4,940.0,38,8,333.94131507966665,469.4101085932208
99.3,395.4,COC1=C(C=C(C=C1)N/C=C(\C(=O)OC)/S(=O)(=O)C2=CC=C(C=C2)F)OC,3.5,624.0,27,8,229.568428829,332.0702609633953
72.1,321.75,CN(C)/C=C(\C(=O)OC)/S(=O)(=O)C1=CC(=C(C=C1)F)Cl,2.2,486.0,20,5,150.34580374166666,259.27404004525044
80.8,367.4,CC1=CC=C(C=C1)S(=O)(=O)/C(=C\NC2=CC(=C(C=C2)F)F)/C(=O)OC,4.0,594.0,25,6,207.074769234,304.0031566877696
80.8,391.5,CC(C)(C)C1=CC=C(C=C1)S(=O)(=O)/C(=C\NC2=CC=C(C=C2)F)/C(=O)OC,5.2,632.0,27,7,231.871997415,345.93539661316646
80.8,353.3,COC(=O)/C(=C/NC1=C(C=C(C=C1)F)F)/S(=O)(=O)C2=CC=CC=C2,3.7,567.0,24,6,194.2100805706667,289.0475510869428
80.8,387.8,COC(=O)/C(=C/NC1=CC(=C(C=C1)F)F)/S(=O)(=O)C2=CC=C(C=C2)Cl,4.3,600.0,25,6,206.50357667333333,306.34057867462866
80.8,381.4,CC1=CC(=C(C=C1)S(=O)(=O)/C(=C\NC2=CC(=C(C=C2)F)F)/C(=O)OC)C,4.4,632.0,26,6,217.477510156,320.50288923192386
101.0,264.23,CCOC(=O)/C(=C\C1=CC(=CC=C1)[N+](=O)[O-])/NC=O,1.7,375.0,19,5,140.6951027251,226.019976199353
26.3,248.27,C=CC(=O)OC1=C2C=CC=CC2=CC3=CC=CC=C31,4.8,327.0,19,3,171.39839627596666,240.3317062867611
26.3,222.32,CC1CC=C(C(C1(C)C)/C=C/C(=O)OC)C,3.4,324.0,16,3,125.00220191366668,227.79383466326036
50.1,315.4,CCOC(=O)C(=CC1C2CCC3C2C(CCCC31C)(C)C)C#N,5.6,582.0,23,4,177.41631827533334,308.6783103304446
95.9,247.25,CCOC(=O)C(=C)CN1C=NC2=C(N=CN=C21)N,0.7,335.0,18,5,123.91098725800002,215.43169168417714
90.7,352.4,CCOC(=O)/C(=C\N1C2=CC=CC=C2NC1=S)/C(=O)C3=CC=CC=C3,3.3,569.0,25,6,209.8485797113333,314.60244184689003
99.7,257.35,CCOC(=O)/C(=C(/N)\N1CCCC1)/C(=S)NC,1.5,336.0,17,5,134.11294924963332,229.9896076883253
94.4,386.4,CCOC(=O)/C=C/C1=CC2=C(C=C1)OC(C(O2)C3=CC(=C(C=C3)O)OC)CO,2.8,537.0,28,7,230.8467862056667,342.96471799072
75.0,302.26,CCOC(=O)/C(=C\C1=COC=C1)/P(=O)(OCC)OCC,1.7,382.0,20,9,151.12351187666667,262.14946564769906
102.0,207.19,CCOC(=O)/C=C/C1=NC(=C(O1)N)C#N,1.3,307.0,15,4,125.02287007243332,178.1296598431796
115.0,247.31,CCOC(=O)/C=C/SC(C)(C)C(C(=O)O)N,-1.7,289.0,16,7,119.55956289546668,213.24875002020812
170.0,510.6,CCOC(=O)/C(=C(\C1=CC=CC=C1)/O)/C=N/C(=S)NC2=CC=C(C=C2)S(=O)(=O)NC3=CC=CC=N3,4.1,886.0,35,9,333.6131353536667,436.0785660436649
72.5,283.28,COC1=CC=C(C=C1)C2=CC=C(O2)/C=C(\C#N)/C(=O)OC,3.3,442.0,21,5,202.52182575,261.2429495090288
122.0,438.5,CC1=CC(=NC(=N1)SCC2=CC(=O)C(=CO2)OC(=O)/C=C/C3=CC4=C(C=C3)OCO4)C,3.4,772.0,31,7,268.27366497533336,376.9908057522862
80.8,395.4,CCC1=CC=C(C=C1)N/C=C(\C(=O)OCC)/S(=O)(=O)C2=C(C=C(C=C2)F)F,4.8,624.0,27,8,211.19235245800004,336.3041071702278
90.1,379.4,CCOC1=CC=C(C=C1)N/C=C(\C(=O)OC)/S(=O)(=O)C2=CC=C(C=C2)F,3.9,585.0,26,8,223.627660906,324.47484003046753
83.8,340.4,CC1=C2C(=CC=C1)SC(=N2)N3CC(C3)OC(=O)/C=C/C4=CC=CO4,4.1,495.0,24,5,213.45921822896665,302.6776646519729
80.8,353.3,COC(=O)/C(=C/NC1=CC(=C(C=C1)F)F)/S(=O)(=O)C2=CC=CC=C2,3.7,567.0,24,6,194.56556805033333,288.857241661867
94.8,259.26,COC(=O)/C(=C/N)/S(=O)(=O)C1=CC=CC=C1F,1.3,413.0,17,4,117.9952499076,203.89275898333403
51.6,230.23,COC(=O)/C=C/SC1=C(C=C(C=C1)F)F,2.6,246.0,15,4,109.06637681486669,191.40824244194312
46.5,192.21,C=CC(=O)OCCC1=CC=C(C=C1)O,2.3,193.0,14,5,96.7401826496,182.21697173429405
72.9,429.5,CC1=CC(N(C2=C1C=C(C=C2)OC(=O)/C=C/C3=CC=CO3)C(=O)/C=C/C4=CC=CO4)(C)C,4.3,798.0,32,6,311.885666241,400.96091633612946
39.2,303.4,CC1=CC=CC=C1C2=CC3=CC(=CN=C3C=C2)C=CC(=O)OC,4.5,433.0,23,4,225.701789158,294.75740570035157
39.2,362.1,C1=CC(=CC=C1OC(=O)/C=C/C2=C(C=C(C=N2)C(F)(F)F)Cl)Cl,4.9,437.0,23,4,180.10840173333335,284.5088374405465
65.9,282.34,CCCCCOC(=O)/C(=C/C1=CNC2=CC=CC=C21)/C#N,4.0,435.0,21,7,180.29871819056663,271.4021107406188
91.7,334.4,CCOC(=O)/C(=C\C1=CN(N=C1C2=CC=C(C=C2)C)CCC#N)/C#N,2.5,589.0,25,7,192.8296319606667,317.43634090087613
44.1,411.3,CC(C)OC(=O)/C=C\C1=CN(N=C1C2=CC(=CC=C2)Br)C3=CC=CC=C3,5.3,490.0,26,6,239.95357610733333,333.1748942186137
67.4,317.3,CCOC(=O)/C(=C/C1=C2C=CC=CN2N=C1C3=CC=CC=C3)/C#N,3.3,530.0,24,5,213.784339491,298.5743504206979
120.0,344.27,CC1=CC(=C(C(=O)N1)[N+](=O)[O-])OC(=O)/C=C/C2=CC3=C(C=C2)OCO3,2.0,689.0,25,4,211.2741067593333,280.60689813738617
76.5,437.3,CCOC(=O)/C(=C/NC1=CC=C(C=C1)Cl)/SC2=C(C=C(C=N2)C(F)(F)F)Cl,6.5,529.0,27,7,203.94490747966665,346.2659020176367
122.0,426.4,COC1=C(C=C(C=C1)/C=C/C(=O)OC2=COC(=CC2=O)CSC3=NC=CC=N3)OC,2.7,702.0,30,9,264.18790594766665,372.1393493203231
122.0,454.5,CC1=CC(=NC(=N1)SCC2=CC(=O)C(=CO2)OC(=O)/C=C/C3=CC(=C(C=C3)OC)OC)C,3.5,758.0,32,9,282.24912048966667,403.5429542330365
98.4,410.4,COC1=C2C(=CC=C1)SC(=N2)N3CC(C3)OC(=O)/C=C/C4=CC5=C(C=C4)OCO5,4.4,628.0,29,6,255.57405540066668,354.90572276064626
58.9,285.7,COC(=O)/C(=C(\CF)/O)/C=NCC1=CC=C(C=C1)Cl,2.8,363.0,19,6,138.953447912,244.74234255392938
42.1,165.19,CCOC(=O)C=CC1=CC=CN1,1.4,177.0,12,4,96.59152525846666,158.7124684369363
44.8,382.5,CCCCCCCCOC1=CC=C(C=C1)OC(=O)/C=C/C2=CC=C(C=C2)OC,7.1,432.0,28,13,259.19625356800003,382.2755164274314
79.6,261.269,CCOC(=O)C(=CC1=CC=C(C=C1)OCCO)C#N,1.7,361.0,19,7,153.49614283103332,241.166326023663
46.6,227.3,CCN(CCCCCOC(=O)C=C)C(=O)C,1.6,238.0,16,9,110.1476513265,226.92127696453943
110.0,338.27,C=CC(=O)OC1=CC=C(C=C1)N2C(=O)C3=C(C2=O)C(=CC=C3)[N+](=O)[O-],2.6,605.0,25,4,191.98740873,284.0707964464369
49.8,496.6,CN(C)C1=CC=C(C=C1)C2=CC=C(C=C2)CN(C3=CC=CC(=C3)C=CC(=O)OC)C(=O)C4CCCCC4,6.9,743.0,37,9,340.7382140723333,489.60733420089144
98.1,459.9,C1=CC=C2C(=C1)C=C(O2)C3=NN(C=C3/C=C/C(=O)OCC(=O)C4=CC=C(C=C4)Cl)CCC#N,4.3,773.0,33,9,280.01334781300005,408.3696090588984
71.1,294.3,CCOC(=O)/C=C/C1=CC(=C(C=C1)OCC(=O)OC)OC,2.4,365.0,21,9,170.82058701233333,269.7280618246879
44.1,412.8,CN1C(=C(C(=N1)C(F)(F)F)/C=C/C(=O)OC2=CC=C(C=C2)C3CCCCC3)Cl,6.5,558.0,28,5,216.65974202966663,349.1578304792596
35.5,206.24,CCOC1=CC=CC(=C1)/C=C/C(=O)OC,2.5,223.0,15,5,124.44975537736666,202.04629224493272
55.0,330.4,CCOC(=O)/C(=C/C1=C(N(C2=CC=CC=C21)C)C3=CC=CC=C3)/C#N,4.2,556.0,25,5,223.95058314466667,319.1852500800363
72.1,286.08,COC(=O)C(=C)C1=C(C=C(C=C1)Br)[N+](=O)[O-],2.9,312.0,16,3,119.73320874703332,189.47766791093355
35.5,285.13,CCOC(=O)/C=C/C1=CC(=C(C=C1)OC)Br,3.2,253.0,16,5,145.74752946866667,210.06359247796
84.9,366.4,COC1=CC=C(C=C1)/C=C/C(=O)OCC(=O)N2CC(=O)NC3=CC=CC=C32,2.2,583.0,27,6,228.2932524263333,329.00347601921794
52.3,225.67,COC(=O)/C(=C/C1=CC=C(C=C1)Cl)/CN,1.7,245.0,15,4,127.29362411043331,201.63867207561947
35.5,196.24,COC(=O)/C=C/OC(CC=C)CC=C,2.6,209.0,14,8,107.10494193,199.65731863786854
61.3,208.21,CCOC(=O)C=CC1=CN=C(N=C1)OC,1.2,223.0,15,5,117.2703907025,191.94849027056964
104.0,391.4,CCOC(=O)/C(=C(\C(F)(F)F)/O)/C=NC1=C(SC(=C1)C(C)(C)C)C(=O)C,4.7,608.0,26,7,207.9301881623333,324.2122158004937
130.0,392.4,CCOC(=O)/C(=C(\C(F)(F)F)/O)/C=NC1=C(SC(=C1)C(C)(C)C)C(=O)N,3.9,612.0,26,7,183.13666419666663,315.6480273571607
130.0,336.29,CCOC(=O)/C(=C(\C(F)(F)F)/O)/C=NC1=C(SC=C1)C(=O)N,2.2,505.0,22,6,162.21647496799997,252.76336356109263
139.0,428.4,COC1=CC=C(C=C1)C2=CC(=C(S2)C(=O)N)N=C/C(=C(/C(F)(F)F)\O)/C(=O)OC,3.5,675.0,29,7,229.91630344066667,338.2054364865768
68.8,350.8,CCOC(=O)/C(=C\C1=CC=C(C=C1)Cl)/S(=O)(=O)C2=CC=CC=C2,4.2,521.0,23,6,190.317150058,302.0132675408606
54.0,294.34,CC(C)(C)OC(=O)/C=C/C1=CC(=C(C=C1OC)OC)OC,3.1,358.0,21,7,182.34451301166663,281.69260305859467
68.5,376.2,C=CCOC(=O)/C(=C\C1=CC=CO1)/NC(=O)C2=CC(=CC=C2)Br,3.7,477.0,23,7,206.29177051366665,285.81282778226375
51.6,226.27,COC(=O)/C=C/C1=CC(=CC(=C1)SC)F,2.8,243.0,15,4,129.8432734193,202.17991787932726
49.9,265.24,CCOC(=O)/C(=C/C1=CC(=C(C=C1)OC)F)/N=[N+]=[N-],3.8,394.0,19,6,163.51850150966666,229.5350668800992
55.4,301.4,CCOC(=O)/C=C/C1=CC=C(C=C1)C(=O)NC2CCCCC2,3.7,391.0,22,6,190.29280433966667,290.41148822107687
42.4,254.71,CCOC(=O)C(=CN(C)C)C1=CN=C(C=C1)Cl,2.4,292.0,17,5,146.3064446989,234.10866232203782
52.3,389.8,CC1=NC2=C(C=CC=C2OC(=O)/C=C/C3=CC=C(O3)C4=CC=C(C=C4)Cl)C=C1,5.8,560.0,28,5,288.4445468834,355.5496596237038
60.2,210.23,CCOC(=O)C(=CN(C)C)N1C=CN=N1,0.5,253.0,15,5,110.125146461,193.7023507015525
58.0,250.23,C1=CC(=CC=C1CN2C=CN=C2)/C=C\C(=O)[O-].[Na+],,289.0,18,4,146.62570723066665,213.24653136798312
112.0,398.5,CCOC1=CC=C(C=C1)NC(=S)/N=C/C(=C(/C2=CC=CC=C2)\O)/C(=O)OCC,4.6,577.0,28,8,272.42224190966664,364.6595286082336
35.5,302.29,CC(C)(C)OC(=O)/C=C/C1=C(C=C(C=C1)C(F)(F)F)OC,4.0,383.0,21,5,154.9311929337,264.1396290293925
83.1,381.4,COC1=CC=CC=C1C(=O)N/C(=C/C2=CC3=C(C=C2)OCO3)/C(=O)OCC=C,3.7,604.0,28,8,242.077613739,344.6149610752075
97.2,327.33,CCOC(=O)/C(=C\C1=C(NN=C1)C2=CC(=C(C=C2)OC)OC)/C#N,2.4,513.0,24,7,186.1761582473333,296.24026743956637
75.0,274.21,C/C(=C(/C(=O)OC)\P(=O)(OC)OC)/C1=CC=CO1,1.2,381.0,18,6,134.17043048206665,229.6963372039917
67.2,243.26,CCOC(=O)/C(=C/C1=CC=C(C=C1)C#N)/C(=O)C,2.1,395.0,18,5,151.06023533066667,230.49070545341928
75.4,233.29,CCOC(=O)/C(=C/SC1=CC=CC=C1)/C#N,2.7,310.0,16,5,138.15670936406667,216.40677183658678
43.4,232.27,CCOC(=O)/C(=C/C1=CC=C(C=C1)C)/C(=O)C,2.6,309.0,17,5,145.79386526216666,226.97435241553814
67.2,243.26,CCOC(=O)/C(=C/C1=CC(=CC=C1)C#N)/C(=O)C,2.1,403.0,18,5,142.87702096533334,230.42684097137854
43.4,232.27,CCOC(=O)/C(=C/C1=CC=CC(=C1)C)/C(=O)C,2.8,317.0,17,5,141.108883157,227.0889816764239
77.8,303.31,CCOC(=O)/C=C/C1=C(C2=C(N1C)C=CC(=C2O)OC)C=O,1.8,438.0,22,6,195.3709711726333,272.34834534109615
106.0,420.4,CCOC1=C(C=C(C=C1)/C=C(\C#N)/C(=O)OCCN2C(=O)C3=CC=CC=C3C2=O)OC,3.1,745.0,31,9,261.566879017,379.55262838127675
42.4,376.5,CCOC(=O)/C=C/C1=NC(=CC=C1)/C(=C/CN2CCCC2)/C3=CC=C(C=C3)C,4.6,543.0,28,8,254.112234611,374.23045655874944
66.8,393.4,CCOC(=O)/C=C/C1=C(C2=C(N1C)C=CC(=C2OCC3=CC=CC=C3)OC)C=O,3.6,574.0,29,9,262.11877036666664,368.80734336503167
70.1,299.37,CCOC(=O)/C=C/C1=CC2=C(C=C1)N=C(N2C)C3(CCC3)N,1.7,447.0,22,5,197.29343756916668,281.02335155375636
52.6,414.9,CC(C)OC(=O)/C(=C\C1=CC(=CC=C1)Cl)/C2=CC=CC=C2CC(=O)OC(C)(C)C,6.0,590.0,29,9,241.13518572666663,392.6521301556511
77.2,456.3,CC(C)(C)OC(=O)/C(=C\C1=CC=CO1)/NC2=NC=C(N=C2CC3=CC=CC=C3)Br,5.2,572.0,29,8,262.06364540299995,365.944782865414
64.599,357.32,CCOC(=O)/C(=C\OCNC1CC1)/C(=O)C2=C(C(=C(C=C2F)F)F)C,3.1,524.0,25,9,168.422184766,302.89854013916425
48.4,286.12,CCOC(=O)C=CC1=C(N=CC(=C1)Br)OC,2.5,258.0,16,5,125.3951643844,205.14382529866705
142.0,562.5,CN1C2=C(C(C3=C(N2)C4=CC=CC=C4C3=O)C5=CC=C(C=C5)OC(=O)/C=C/C6=CC=C(C=C6)[N+](=O)[O-])C(=O)N(C1=O)C,4.0,1280.0,42,5,363.261919654,484.02105613099104
39.2,284.15,CC(C)(C)OC(=O)/C=C/C1=CC(=CN=C1)Br,2.8,271.0,16,4,135.87094880506666,212.18385170249744
71.6,366.4,COC(=O)/C=C/N(CCC1=C(NC2=CC=CC=C21)C(=C)C(=O)OC)CC#C,3.1,633.0,27,10,220.17100470566663,350.29547182959243
67.4,203.65,COC(=O)/C=C/C1=CN=C(S1)Cl,2.2,198.0,12,3,107.56959708906668,164.94321537450307
52.1,228.25,CCOC(=O)C=CC1=C2C(=CN=C1)C=CC=N2,1.8,291.0,17,4,127.6157065403,214.6473111881417
26.3,156.22,CCC(C)(CC)OC(=O)C=C,2.7,146.0,11,5,78.51467868543334,163.32233424989596
50.1,139.15,C=CC(=O)OCCCC#N,1.2,166.0,10,5,62.303052724433336,135.98714827504102
75.0,231.25,CCOC(=O)C(=CNC1=NC=CC(=C1)C)C#N,2.4,343.0,17,5,131.72250473706666,218.06040169870292
42.4,250.27,COC(=O)C=CC1=C(N=C(C=C1)N2CCCC2)F,2.5,316.0,18,4,159.98737912846667,227.60603480005824
60.4,293.4,C[C@@H]1CC[C@@H]2[C@]13CC[C@@]([C@H](C3)C2(C)C)(C)O.C=CC(=O)[O-],,372.0,21,0,214.66104661966665,223.80466671721032
98.4,263.2,COC(=O)/C(=C/C1=CC=C(O1)[N+](=O)[O-])/C2=CC=CO2,1.1,388.0,19,4,156.39732804006667,217.1638244894601
40.1,175.2,C=CC1=CC=CC=C1.C=CC(=O)[O-],,119.0,13,1,89.02920976433334,123.86981121170719
51.6,142.18,C=CC(=O)OC1C=CS1,1.5,162.0,9,3,63.08342599706668,126.11254306668982
87.6,277.2,CCOC(=O)C(=C(C(F)(F)F)O)C=NC1=CC=NN1,1.9,393.0,19,5,133.86778806493334,212.47000640067182
26.3,276.4,CC(=CCCC(=CCCC(=CCOC(=O)C=C)C)C)C,5.9,394.0,20,10,161.80675073633336,297.74138308116756
26.3,282.5,CCCCCCCC(CCCCCCC)OC(=O)C=C,7.6,222.0,20,15,154.94545261533332,304.92067126493447
59.4,207.23,CCOC(=O)C(=C)C(C1=CN=CC=C1)O,0.8,240.0,15,5,100.81947863816669,192.96674732682789
51.6,174.26,CC(C)(C)S/C=C/C(=O)OC,1.9,156.0,11,4,93.08506954303331,166.847359654393
91.9,241.24,COC(=O)/C(=C(/C1=CNC2=CC=CC=C21)\N)/C#N,1.9,421.0,18,3,137.67912713706667,214.99510827209497
56.3,177.16,C=CC(=O)OC(=O)C1=CC=CC=N1,0.7,225.0,13,4,84.48687652223333,160.74279593071188
66.2,144.19,CCCCN.C=CC(=O)[O-],,63.5,10,2,73.8929930737,90.81085373323333
52.6,200.23,CCCCOC(=O)C(C)OC(=O)C=C,2.3,210.0,14,8,91.91700509103332,191.74357063887228
51.6,142.18,C=CC(=O)OC1=CSC1,0.9,172.0,9,3,67.41380440076667,125.39025134754975
46.6,215.2,C=CC(=O)ON1C(=O)C=CC2=CC=CC=C21,2.1,348.0,16,3,123.21093722906669,194.58077596454723
174.0,435.5,CC1([C@@H](N2[C@H](S1)[C@@H](C2=O)NC(=O)[C@@H](C3=CC=C(C=C3)O)N)C(=O)OOC(=O)C=C)C,1.3,750.0,30,8,200.615904286,356.6057589734548
44.1,180.2,CCOC(=O)/C=C/C1=CN(C=N1)C,0.7,204.0,13,4,104.8806253584,172.2110322356492
48.4,193.2,COC1=CC=CC(=N1)/C=C/C(=O)OC,1.5,215.0,14,4,111.3379511818,181.29318001889402
170.0,400.5,CCOC(=O)/C=C\C1=C(N(/C(=C/2\C(=O)N(C(=S)S2)CC(=O)O)/S1)C)C,2.4,741.0,25,6,257.03339301166665,323.584358617743
85.5,365.4,CCOC(=O)/C(=C\NCC1=CC2=C(C=C1)OCO2)/C3=NC4=CC=CC=C4N3,3.8,555.0,27,7,226.54285510833333,325.5728886033599
90.8,256.26,CCOC(=O)/C(=C\NC#N)/C1=NC2=CC=CC=C2N1,2.5,412.0,19,5,160.4681051306667,230.06275088843807
59.7,182.17,COC(=O)C=CC1=CC=C(O1)CO,0.5,200.0,13,4,97.8864076804,161.97078932261223
27.3,132.18,C=CC(=O)OCCS,0.8,90.4,8,4,56.010296660533335,118.18483193859001
52.2,144.19,CCNCC.C=CC(=O)[O-],,61.5,10,2,72.06150446696667,95.90057802253466
39.2,205.25,CC(C)(C)OC(=O)C=CC1=CN=CC=C1,2.1,241.0,15,4,118.39203432823336,203.74977626949672
41.1,112.06,C=CC(=O)[O-].O.[Na+],,59.8,7,1,48.5175280769,65.28151676354187
108.0,232.32,COC(=O)C=C.C(CN(CCN)CCN)N,,119.0,16,8,182.0522626833333,160.24343759844254
135.0,266.16,C=CC(=O)OC(=O)C1=C(C(=CC=C1)[N+](=O)[O-])[N+](=O)[O-],1.8,423.0,19,4,113.8579125564,205.17398247270742
43.4,196.24,CCCCC=C(C)C(=O)OC(=O)C=C,3.2,251.0,14,7,101.12405579836668,195.62956146722044
57.0,261.25,COC(=O)C(=C)C(C1=CC=C(C=C1)F)N2C=NC=N2,2.2,343.0,19,5,126.13129118523334,232.6929985993318
38.8,185.22,CCOC(=O)/C=C\N1CCOCC1,0.5,185.0,13,4,93.14293968613332,173.74379225479086
51.6,208.28,CC(=CSC1=CC=CC=C1)C(=O)OC,2.8,217.0,14,4,123.76107079976669,197.26963402916186
89.0,348.5,C=CC(=O)OCCCCCCCCCCCCCCS(=O)(=O)O,5.4,398.0,23,17,167.189044985,324.68049088166447
29.5,191.23,CN(/C=C/C(=O)OC)C1=CC=CC=C1,2.0,207.0,14,4,121.9183271102,189.96237624024818
118.0,190.11,C=CC(=O)OCC([N+](=O)[O-])[N+](=O)[O-],0.6,224.0,13,4,70.28827851236667,140.8399396120996
26.3,269.13,CC(C)OC(=O)/C=C/C1=CC(=CC=C1)Br,3.7,236.0,15,4,132.93419650016668,201.4809016488077
59.3,217.22,COC1=C(C=CC(=C1)/C=C/C(=O)OC)C#N,1.9,316.0,16,4,135.7740997137,205.3231298005743
80.8,166.14,C=COC(=O)C=CC1=NNN=N1,0.3,204.0,12,4,83.31373129656667,137.9773372478827
87.0,297.3,C=CC(=O)O.C1=CC=C(C=C1)C(=NO)C(=O)C2=CC=CC=C2,,343.0,22,4,162.70128469066665,223.33368456590404
50.1,111.1,COC(=O)C=CC#N,0.1,151.0,8,2,49.20719479663333,104.35806652984915
26.3,212.33,CCCCCCOC(=O)/C(=C/CC)/CC,4.5,195.0,15,9,116.3262412882,226.01353461740445
26.3,431.5,C=CC(=O)OCCCCCCCCCCCCCCCCCCCCBr,10.9,305.0,26,22,203.599436952,392.1727011848146
26.3,302.5,CC(C)CCCCCCOC(=O)C=C.C=CC1=CC=CC=C1,,230.0,22,10,163.84850696466663,240.55764764093362
83.5,169.11,C=CC(=O)[O-].C1=CC(=O)OC1=O,,179.0,12,0,47.60416500213333,88.46941033449613
52.6,298.4,CCCCCCCC(=O)OCCCCCCOC(=O)C=C,5.0,287.0,21,16,149.24942813566668,301.5195720770792
35.5,285.13,CCOC(=O)C=CC1=CC(=C(C=C1)OC)Br,3.2,253.0,16,5,141.27941619366666,210.0665177705253
46.5,271.11,CCOC(=O)C=CC1=CC(=C(C=C1)O)Br,3.7,240.0,15,4,121.71270891796668,190.66505700719406
26.3,210.31,CC(C)(C)C1(CCCCC1)OC(=O)C=C,4.1,242.0,15,4,110.92723542740002,215.20999289240922
76.9,234.4,CSCCCSCCCOC(=O)C=C,2.7,160.0,14,10,109.4428165,219.08415014702499
69.4,311.5,CCCCCCCCCCCCOC(=O)C=C.C=CC(=O)N,,245.0,22,14,164.764916614,285.22212329189875
41.1,128.169,C=CC(=O)[O-].O.[K+],,59.8,7,1,57.73139933376666,65.28151676354187
39.4,250.33,CCCCC(CC)CC1=C(OC=C1)OC(=O)C=C,5.4,263.0,18,9,135.84333099233334,251.42967781400722
104.0,311.4,CN1C2=CC=CC=C2C(=C1C#N)/C(=C(\C#N)/C(=O)OC)/SC,2.6,583.0,22,4,188.28294053816668,282.1118882936134
40.1,193.26,CC(=C)C=C.C=CC=C.C=CC(=O)[O-],,123.0,14,2,135.31249418923332,112.38767829139265
102.0,205.21,C=CC(=O)OC1=C(C=CC(=C1)N)C(=N)N,0.5,278.0,15,4,108.68617390643334,179.99497610895722
26.3,154.21,CCC/C=C/COC(=O)C=C,2.6,148.0,11,6,81.46905207153333,161.34206004176926
40.1,481.8,CCCCCCC[N+](CCCCCCC)(CCCCCCC)CCCCCCC.C=CC(=O)[O-],,288.0,34,24,268.7228805903333,472.44189076880326
57.0,153.14,COC(=O)C(=C)N1C=CN=N1,0.3,181.0,11,3,69.47206345536667,134.1732967789653
37.3,250.38,CC(C)C12CC3CC(C1)CC(C3)C2.C=CC(=O)O,,229.0,18,2,138.658821114,187.51390420075384
54.1,166.18,C=CC(=O)ONCC1=CC=CN1,0.8,170.0,12,5,76.66682502373334,152.17845235359312
67.7,354.78,CCOC(=O)C(=CN(C)C)SC1=C(C=C(C=N1)C(F)(F)F)Cl,3.9,419.0,22,6,167.74259909233334,285.18301659444944
50.1,205.25,C=CC(=O)OC12CCC(C1)CC2CC#N,1.8,341.0,15,4,100.63092392306667,195.76116998163445
86.7,187.17,C=CC(=O)[O-].C=CC(=O)OCCO,,138.0,13,4,110.23466636093332,114.10428664666512
44.8,224.25,COC(=O)C=CC1=CCCC2(C1)OCCO2,1.0,324.0,16,3,114.4535053674,204.39015054541406
26.3,160.6,C=CC(=O)OCC=CCCl,1.6,141.0,10,5,71.2348901918,147.8358473094954
71.5,423.5,CCCCCCCNC(=O)N(C)C1=CC=CC(=N1)C2=CC=C(C=C2)C=CC(=O)OCC,5.6,558.0,31,12,263.9468102903333,416.8570013842284
67.4,363.5,CC1=CC=C(C=C1)C2=C3C4=C(CCC4)SC3=NC(=C2C(=C)C(=O)OC)C,5.7,556.0,26,4,226.314684293,336.79123710284944
46.5,228.24,C=CC(=O)OC(C1=CC=CC2=CC=CC=C21)O,2.9,287.0,17,4,131.0829196464,213.2282629964112
29.5,331.4,COC(=O)C=C.C1=CC=C(C=C1)N(C2=CC=CC=C2)C3=CC=CC=C3,,268.0,25,5,195.721346724,273.7723740463038
26.3,356.5,CCC(C(C1=CC=CC=C1)(C2=CC=CC=C2)C3=CC=CC=C3)OC(=O)C=C,6.7,419.0,27,8,215.22495874133327,361.0829943525689
42.1,291.3,CCOC(=O)/C=C/C1=C(NC2=CC=CC=C21)C3=CC=CC=C3,4.4,400.0,22,5,204.984047584,281.23085304547175
57.7,169.14,C=CC(=O)OCCC(=O)N=[N+]=[N-],1.5,242.0,12,5,70.88501264579999,142.49578624910785
29.5,329.4,C=CC(=O)OCC1=CC=C(C=C1)N(C2=CC=CC=C2)C3=CC=CC=C3,5.4,398.0,25,7,219.609755102,327.1623260109507
44.1,180.2,CCOC(=O)C(=C)CN1C=CC=N1,1.0,204.0,13,5,85.10430191356666,172.07125616881592
26.3,249.14,CCCCCCOC(=O)C(=C)CBr,3.6,166.0,13,8,96.89284298910002,187.64195219848455
38.3,157.21,CCCNCCOC(=O)C=C,1.2,123.0,11,7,74.21597938453333,157.84440713696708
121.0,282.25,C=CC(=O)OCCO.C1=CC=C(C(=C1)C(=O)O)C(=O)O,,265.0,20,6,124.97579590733334,165.59513334291643
46.5,142.15,C=CCOC(=O)C(=C)CO,0.5,149.0,10,5,66.17708861253334,134.64571297219163
121.0,232.19,C=CC(=O)OCCO.C(=C/C(=O)O)\C(=O)O,,207.0,16,6,92.93625330723334,120.73156899819601
70.8,157.19,C=CC(=O)OCCN=C=S,2.1,173.0,10,5,72.29281853726667,140.8187904253703
55.8,222.24,COC(=O)/C=C/C1=CC=C(C=C1)OCCO,1.5,229.0,16,6,136.67002228696666,206.43329359108498
44.8,228.28,CC(C)CC1(OCC(O1)COC(=O)C=C)C,2.3,262.0,16,6,108.52122614353334,217.48067404980446
43.4,224.64,COC(=O)/C=C/C1=C(C=C(C=C1)Cl)C=O,2.3,263.0,15,4,127.09126959556666,198.3156005881759
26.3,182.26,CC(C)C1(CCCC1)OC(=O)C=C,3.1,200.0,13,4,94.5571620591,185.0770636948851
35.5,170.21,CCOC(=O)/C=C/C1CCOC1,1.0,175.0,12,4,83.70345869373334,161.88514261261787
93.7,388.5,CCOC(=O)/C=C/C1=CC=C(C=C1)NC(=O)C2(CCC2)NC(=O)OC(C)(C)C,3.2,596.0,28,9,235.0126927146667,362.8611524323762
72.1,328.16,CC(C)(C)OC(=O)/C=C/C1=CC(=C(C=C1)Br)[N+](=O)[O-],3.7,370.0,19,4,161.68920603153333,237.63447467658293
51.6,250.36,CC(C)(C1=CC=CC=C1)SCCOC(=O)C=C,3.4,255.0,17,7,133.50627616433334,244.50398781858706
48.4,207.23,CCOC(=O)C=CC1=CC(=NC=C1)OC,1.8,228.0,15,5,109.72946974003332,197.19039699884
43.6,230.26,CCOC(=O)/C=C/C1=CC=CN2C1=CC(=N2)C,2.1,304.0,17,4,150.87381472933333,218.58884006251765
26.3,269.13,CCOC(=O)/C=C/C1=C(C=CC=C1Br)C,3.6,238.0,15,4,128.47311653856667,201.14205833799684
44.1,457.0,CC/C(=C(/C1=CC=C(C=C1)/C=C/C(=O)OC)\C2=CC3=C(C=C2)N(N=C3)C)/C4=CC=CC=C4Cl,7.7,727.0,33,7,318.44869062966666,432.99524134600716
55.0,422.5,CC/C(=C(/C1=CC=C(C=C1)/C=C/C(=O)OCC)\C2=CC3=C(C=C2)NN=C3)/C4=CC=CC=C4,7.4,671.0,32,8,307.147215435,411.5705863165817
81.4,324.8,CCOC(=O)/C=C/C1=CC=C(C=C1)NC(=O)C2(CCC2)N.Cl,,408.0,22,6,190.99247628566664,269.6528242537369
75.5,599.7,CC/C(=C(/C1=CC=C(C=C1)/C=C/C(=O)OCC)\C2=CC3=C(C=C2)N(N=C3)C4CCCCO4)/C5=CC(=CC=C5)OC6=CC=CC=N6,9.0,1010.0,45,11,434.85233165233336,572.0403714355815
46.6,273.33,CCOC(=O)/C=C/C1=C2C(=CC=C1)C(C(=O)N2C)(C)C,2.5,427.0,20,4,172.07923120133333,260.9726906867952
55.4,245.27,CCOC(=O)/C=C/C1=C2CCC(=O)NC2=CC=C1,1.7,351.0,18,4,147.303723065,226.98888325759475
66.2,287.31,CCOC(=O)/C=C/C1=NC(=C(C=C1)N2C=C(N=C2)C)OC,2.0,375.0,21,6,194.91112165183333,268.3666216079791
94.2,252.22,CCOC(=O)/C=C/C1=NC(=C(C=C1)[N+](=O)[O-])OC,1.7,326.0,18,5,139.96973925256668,217.14352533073193
66.2,287.31,CCOC(=O)/C=C/C1=CC(=C(C=N1)N2C=C(N=C2)C)OC,1.7,375.0,21,6,191.07658436,268.0467117415286
44.1,242.27,CN1C=CC(=N1)C(=C)C(=O)OCC2=CC=CC=C2,2.2,311.0,18,5,130.52787303266666,232.49756231838947
55.8,311.76,CCOC(=O)C(=CN(C)C)C(=O)C1=C(C=CC(=C1)Cl)OC,3.0,409.0,21,7,166.17724159966667,281.94355088858106
59.4,235.28,CC(C)(C)OC(=O)/C=C\C1=CC=CC(=N1)CO,1.3,281.0,17,5,127.43788713099998,223.45707193574407
46.5,240.34,CC1(CCC(C(C1)(/C=C/C(=O)OC)O)(C)C)C,3.0,328.0,17,3,126.26735237666666,235.7097918967487
26.3,208.3,CC1CCC(C(=C1)/C=C/C(=O)OC)(C)C,3.5,298.0,15,3,125.96185754096666,212.30185625209236
58.3,367.4,CCOC(=O)/C=C/C1=C(N(N=C1C)C)N2C=CC3=C2C=C(C=C3)OC(C)C,4.1,539.0,27,7,231.46675897466665,350.92935670076037
78.5,383.4,CCOC(=O)/C=C/C1=C(N(N=C1C)C)N2C=CC3=C2C=C(C=C3)OC(C)CO,3.1,558.0,28,8,233.28640549766664,355.0724815783647
69.3,325.4,CCOC(=O)/C=C/C1=C(N(N=C1C)C)N2C=CC3=C2C=C(C=C3)O,3.0,484.0,24,5,197.16650883366663,299.78412519520106
82.8,492.6,CCOC(=O)/C=C/C1=CN(N=C1)C[C@H](CCCC2=CC=CC=C2)[C@@H](C3=CC(=C(C(=C3)OC)C)OC)O,5.1,654.0,36,14,268.527287358,473.4211398837578
39.2,219.28,CC1=NC=C(C=C1)/C=C/C(=O)OC(C)(C)C,2.5,266.0,16,4,136.68475401533334,219.60355059779272
71.6,196.22,COC(=O)/C=C/C1=CC(=CS1)C=O,1.4,225.0,13,4,112.0576486124,171.2650926622749
52.6,284.39,CCCCCCOC(=O)C=C.CC(C)(C)OC(=O)C=C,,238.0,20,10,139.16810493033333,212.78968307394115
65.2,271.11,CCOC(=O)C=CC1=CN=C(C=C1N)Br,1.8,246.0,15,4,120.91260536633337,187.2179993671199
26.3,356.5,CCCCCCCCCCC/C=C/CCOC(=O)C(=C)C1=CC=CC=C1,9.0,391.0,26,16,210.11221445966663,378.6666859786174
26.3,140.18,C/C=C\CCOC(=O)C=C,2.0,136.0,10,5,72.694885787,145.662721400331
55.4,219.24,CC(=O)NC(=C)C(=O)OCC1=CC=CC=C1,1.6,280.0,16,5,113.23786867113334,207.13039931850378
87.3,370.5,CC1=CC=C(C=C1)S(=O)(=O)/C=C(\COCCOC)/C(=O)OC(C)(C)C,2.0,545.0,25,10,187.7657895943333,333.8849950992041
38.3,417.6,CCCCCCCCC#CC1=CC=C(C=C1)CNCC2=CC=C(C=C2)/C=C/C(=O)OC,7.5,568.0,31,14,265.27853210300003,431.9799977266621
26.3,232.32,CC(C)(C)OC(=O)C(=C)CCC1=CC=CC=C1,3.9,267.0,17,6,122.48623544923332,240.33099744759818
81.4,251.23,CCOC(=O)/C=C/C1=CC(=C(C=C1)OC)[N+](=O)[O-],2.4,323.0,18,5,145.00305563096666,221.72755003694698
63.7,183.16,CN1C(=O)C[C@H](C1=O)OC(=O)C=C,-0.2,284.0,13,3,81.20408475943333,157.93140750398126
31.2,291.3,CN1C2=CC=CC=C2C(=C1C3=CC=CC=C3)/C=C/C(=O)OC,3.9,414.0,22,4,203.33762820593336,284.6842913586918
102.0,381.4,CC1=CSC(=N1)NC2=C(C=C(C=N2)/C=C/C(=O)OC)OCC3=CC=CC=C3,4.2,499.0,27,8,250.468844746,345.50919609492684
46.5,198.26,CCC1(CCCC1)OC(=O)C(=C)CO,1.8,227.0,14,5,97.15779483223334,190.1402803685402
44.8,250.29,CCC1=C(C=C(C=C1OC)C(=C)C(=O)OC)OC,3.1,286.0,18,6,139.42263428366667,241.47583216103106
123.0,481.5,COC1=CC=C(C=C1)S(=O)(=O)N(CC2=CC=CC=C2NC(=O)C3=CC=NC=C3)C(=C)C(=O)OC,2.9,813.0,34,10,262.6604213836667,422.6058610594444
119.0,460.5,CC(=O)N(C1=CC=CC=C1CN(C(=C)C(=O)OC)S(=O)(=O)C2=CC=C(C=C2)OC)C(=O)C,2.2,799.0,32,9,242.4211276066667,403.0998106077249
26.3,129.16,CCCCO[13C](=O)C=C,2.4,97.1,9,5,61.937808073333336,131.95578384110252
46.5,290.4,CC(C)(C)OC(=O)C(=C)C(CCCCC1=CC=CC=C1)O,4.1,335.0,21,9,151.65615007,291.4816611112607
81.7,335.74,CCOC(=O)/C=C/C1=C(C(=O)NC2=C(C1=O)C=CC(=C2)Cl)OC,2.3,569.0,23,5,193.43253613253333,283.86963261805107
77.9,260.35,CCOC(=O)CSCC(=C)C(=O)OC(C)(C)C,2.4,291.0,17,9,121.06432384666668,242.5635831005144
26.3,230.3,C=CC(=O)OC1CCC(CC1)C2=CC=CC=C2,3.7,258.0,17,4,128.1023435617,230.1808587632101
93.8,290.31,CN(C)C1=CC=C(C=C1)/C=C(\C#N)/C(=O)OCC(CO)O,0.9,417.0,21,7,185.84744549683333,265.64841340687536
35.5,326.4,CCCCCCCOC1=CC2=C(C=C1)C=C(C=C2)/C=C/C(=O)OC,6.3,391.0,24,10,230.32934858866668,327.64576269053043
61.8,274.27,CC1=CC(=O)OC2=C1C=CC(=C2)OCCOC(=O)C=C,2.7,426.0,20,6,153.68243322966666,247.0731060631001
61.8,330.4,CC(=C)C(=O)OCCCCCCOC1=CC2=C(C=C1)C=CC(=O)O2,4.2,482.0,24,10,185.3254469693333,310.38935898153983
26.3,210.31,CC1CCC(CC1)C(C)(C)OC(=O)C=C,3.9,235.0,15,4,111.46293139466668,215.96688692046968
119.0,526.6,COCCOCCOCCOCCOCCOCCOCCOCCOCCOCCOC(=O)C=C,-0.8,453.0,36,32,230.492831613,481.2048130919372
44.8,278.34,CCOC(C1=CC=C(C=C1)/C=C/C(=O)OCC)OCC,3.4,287.0,20,9,166.077898904,272.8019741278086
39.2,241.28,CCOC(=O)C(=C)CC1=CC=NC2=CC=CC=C12,3.3,314.0,18,5,139.93302693803335,234.81027641397256
61.8,254.28,CCOC1CC2COC(=O)C2CC1OC(=O)C=C,1.4,351.0,18,5,118.363970608,226.95443576311138
26.3,295.17,CCOC(=O)C(=C)C1CCC2=C1C=CC(=C2)Br,4.1,313.0,17,4,134.4054657962,223.07153973424488
71.8,222.27,CCOC(=O)C(=C)C1=NC=C2N1C=CS2,2.7,283.0,15,4,118.6166748137,194.00842044665754
65.0,378.5,CCCOC1=C(C=CC(=C1)/C=C/C(=O)OCCCCCCCCO)OCC,5.2,396.0,27,16,230.623434082,372.7236415452821
44.8,264.32,CCCOC1=C(C=CC(=C1)/C=C/C(=O)OC)OCC,3.4,288.0,19,8,167.35497680233334,257.4045623794113
124.0,214.11,C=CC(=O)OCCO.OP(=O)(O)O,,138.0,13,4,70.97503930853334,118.29342803788528
35.5,212.28,CCC1(CCCC1)OC(=O)C(=C)COC,2.3,239.0,15,6,104.92301250293332,208.87477425586383
68.3,288.34,CC(C)(C)OC(=O)/C=C/C1=CC2=C(NC(=O)CCC2)N=C1,1.9,426.0,21,4,187.51080274633333,268.30173883967893
46.5,139.1,CCOC(=O)C=CO.[Na],,95.8,9,3,49.1409579354,106.13652551164022
52.6,308.3,C=CC(=O)OC1=CC=C(C=C1)C(C2=CC=CC=C2)OC(=O)C=C,4.2,429.0,23,8,177.147953015,296.3697835209921
59.3,169.18,CCOC(COC(=O)C=C)C#N,0.7,204.0,12,6,74.63004927046667,160.04800839480558
83.0,451.6,CC(C)(C)OC(=O)/C=C/C1=NC(=CC=C1)C(CC(=O)C2=CC=C(C=C2)N3CCN(CC3)C)O,2.6,674.0,33,9,283.868612116,429.1212567785632
49.8,446.6,CC(C)(C)OC(=O)/C=C/C1=CC=CC(=C1)/C=C/C(=O)C2=CC=C(C=C2)CN3CCN(CC3)C,4.6,692.0,33,9,296.42511726866667,441.2793885867589
56.3,233.26,CC(C)(C)OC(=O)/C=C/C1=NC=C(C=C1)C=O,1.6,304.0,17,5,141.47759920296667,223.37153133037245
104.0,293.32,CC(C)(C)OC(=O)N/C(=C\C1=C(N=CC=C1)N)/C(=O)OC,1.6,415.0,21,6,161.97588567000005,263.95079383627376
43.4,413.3,CC(C)(C)OC(=O)/C=C/C1=CC=C(C=C1)/C=C/C(=O)C2=CC=C(C=C2)Br,5.6,528.0,26,7,266.4758428343334,341.52046410268235
136.0,320.3,CC(C)(C)COC(=O)C(=CC1=CC(=C(C(=C1)O)O)[N+](=O)[O-])C#N,3.5,536.0,23,5,168.0155343821,271.9070751006509
55.0,288.73,CCOC(=O)C(=CC1=C(N(C2=CC=CC=C21)C)Cl)C#N,3.5,454.0,20,4,175.04810309066667,260.46327290970424
89.5,375.4,CCOC(=O)C(=CC1=CC2=C(O1)C=CC(=C2)C#N)C3=CC=C(C=C3)OC(=O)C,4.1,655.0,28,7,252.6279789991,343.05118994933196
52.6,408.61,CCOC=C(C(=O)C1=C(C=C(C=C1)I)Cl)C(=O)OCC,3.9,383.0,20,7,171.76960840846667,263.266842498337
55.0,399.3,CCOC(=O)C(=CC1=C(N(C2=CC=CC=C21)CC3=CC=C(C=C3)Cl)Cl)C#N,5.8,607.0,27,6,233.83988204700003,355.6628161523079
77.8,317.34,COC(=O)C(=COCC#N)C1=CC=CC=C1OC2CCCCO2,2.6,467.0,23,7,169.61735271963332,291.0978555035594
72.8,264.27,C=CC(=O)OCCCCOC(=O)C1=CC=C(C=C1)O,3.5,305.0,19,9,127.8710221154,242.06336678017593
66.8,146.14,C=C(CO)C(=O)OCCO,-0.8,130.0,10,5,59.25397013203334,125.5674744083457
50.1,243.3,CCCC1=CC=C(C=C1)C=C(C#N)C(=O)OCC,3.8,343.0,18,6,156.8675662535,243.22751430222314
46.5,290.4,CC(C)(C)C1=CC(=CC(=C1O)C(C)(C)C)COC(=O)C=C,5.2,349.0,21,6,164.82191775866667,290.7829806371041
64.599,345.4,CCOC(=O)C=CC1=CC2=C(CC[C@@H](C2)NC(=O)OC(C)(C)C)C=C1,4.0,494.0,25,7,192.22002780833336,329.7966314619899
150.0,537.6,CCOC(=O)/C=C/C1=C2C(=CS1)NC(=O)N(C2=O)C3=CC(=CC=C3)S(=O)(=O)N4CCCC5=CC=CC=C54,3.6,1030.0,37,7,333.8105710733333,449.37109721949867
90.1,312.37,CCOC(=O)/C=C/C1=C(N=C(N=C1NCC2=CC=CC=C2)N)C,2.7,396.0,23,7,189.3905491973333,291.9802796529977
90.1,250.3,CCNC1=NC(=NC(=C1/C=C/C(=O)OCC)C)N,1.6,296.0,18,6,150.38757046343332,230.51980294455205
29.5,461.6,CC1=CC=C(C=C1)N(C2=CC=C(C=C2)C3=CC=C(C=C3)CCOC(=O)C=C)C4=C(C=C(C=C4)C)C,8.6,653.0,35,9,349.02797422233334,466.6531236910147
55.8,227.26,CN(C)/C=C(/C(=O)C1CCCO1)\C(=O)OC,0.8,309.0,16,5,114.61896352846668,208.65348348956812
61.8,312.3,CC(C)(C)OC(=O)/C=C/C1=CC(=CC=C1)P(=O)(OC)OC,2.3,416.0,21,7,174.0949740641,282.3601360835859
84.1,393.4,CC1=NN(C(=N1)C2=CN3CCOC4=C(C3=N2)C=CC(=C4)/C=C/C(=O)OC)C(C)C,2.5,615.0,29,5,267.475905283,358.6659930763694
111.0,618.8,C=CC(=O)OC1=C(C=C(C2=C1SC3=CC=CC=C32)C4=CC=CC5=C4SC6=CC=CC=C56)C7=CC=CC8=C7SC9=CC=CC=C89,12.6,1080.0,44,5,429.0298746016667,551.1279508995303
75.0,293.75,CCCN/C(=C(/C#N)\C(=O)OCC)/C1=C(N=CC=C1)Cl,3.6,414.0,20,7,154.59521197933336,266.31360849319867
26.3,244.33,COC(=O)/C=C/C1=CC=C(C=C1)C2CCCCC2,4.7,282.0,18,4,161.81802731433334,245.476557784306
83.1,415.2,COC(=O)/C=C/C1=CC2=C(C=C1)OC3=C([C@]24COC(=N4)N)C=C(C=C3)Br,3.0,625.0,26,3,234.17901151506663,305.73144185025603
50.1,215.25,CC1=CC(=CC(=C1/C=C/C(=O)OC)C)C#N,2.6,314.0,16,3,137.170928462,211.28456121298868
55.0,250.68,CCOC(=O)/C=C/C1=CN=C2C(=C1Cl)C=CN2,2.6,309.0,17,4,143.53618483030002,218.13681626075507
48.1,310.77,CCOC(=O)/C=C/C1=C(C=CC(=C1)Cl)[C@@H](C)OC[C@H]2CO2,2.9,371.0,21,8,165.82701748949998,284.09042850591254
87.9,483.9,CCOC(=O)/C=C/C1=NOC(=C1C2=C(C=C(C=C2)Cl)C(=O)C3=C(C(=CC=C3)OC)OC)C(C)C,5.8,715.0,34,10,270.88893633666663,435.98433785875443
51.6,438.5,COC(=O)/C=C/C1=C(C=CN=C1)N=P(C2=CC=CC=C2)(C3=CC=CC=C3)C4=CC=CC=C4,5.7,621.0,32,7,296.702091899,420.0081662469381
51.6,480.5,CC(C)(C)OC(=O)/C=C/C1=C(C=CC=N1)N=P(C2=CC=CC=C2)(C3=CC=CC=C3)C4=CC=CC=C4,6.7,701.0,35,8,323.858759198,468.542220646961
105.0,464.6,CCCCCC1CCC(CC1)C(=O)OC2=CC=C(C=C2)/C=C/C(=O)OCC3=CC(=CC(=C3)N)N,6.6,641.0,34,12,290.8760022896667,442.1908089145957
71.5,317.4,CC(C)(C)OC(=O)/C=C/C1=CC2=C(NCCC(=O)N(C2)C)N=C1,1.4,470.0,23,4,195.75105300100003,297.1375483653002
54.0,460.6,CCOCCOC1=CC(=C(C(=C1)C)C2=CC=CC(=C2)COC3=CC=C(C=C3)/C=C/C(=O)OC)C,6.2,600.0,34,12,293.2602062266667,450.0631571668684
98.6,323.4,CCOC(=O)/C=C/C1=C(N=C(N=C1NC2CCOC2)SC)C,2.5,394.0,22,7,185.12065616866664,289.27301056187525
82.1,354.4,COC1=C(C=CC(=C1)/C=C/C(=O)OC)OC(=O)/C=C/C2=CC=C(C=C2)O,3.7,518.0,26,8,242.7632160843333,325.2239121722254
74.4,398.8,CC(C)OC1=C(C=C(C=C1)C2=NOC(=N2)C3=CC=C(C=C3)/C=C\C(=O)OC)Cl,5.1,537.0,28,7,258.6235413524,357.20081075590076
73.9,299.36,CCOC(=O)C=CC1(CCOCC1)NC(=O)OC(C)(C)C,1.6,391.0,21,7,146.456903257,278.061078751688
67.8,320.3,COC(=O)/C=C/C1=CC2=C(C=C1)C(=NCC(=O)N2)C3=CC=CC=C3,2.6,535.0,24,4,217.52102494,295.8493494369819
99.2,285.25,C=CC(=O)OCCOCCC(=O)ON1C(=O)CCC1=O,-0.5,402.0,20,10,120.41210115183333,240.5272184599201
86.1,476.5,COC1=CC(=CC(=C1)N2CCN(CC2)C(=O)C3=CC(=NN3C4=CC=CC=C4)/C=C/C(=O)OC)OC,3.5,723.0,35,8,289.95305580300004,439.20763767594485
77.5,454.5,CCOC(=O)C(=C)CP(=O)(C(=O)C1=C(C=C(C=C1C)C)C)C(=O)C2=C(C=C(C=C2C)C)C,5.1,717.0,32,9,275.42574418633336,428.98032205415706
55.4,259.3,CC(C)(C)OC(=O)/C=C/C1=CC2=C(C=C1)NC(=O)C2,2.0,395.0,19,4,166.65984897706667,243.513355476804
77.5,292.33,CC(C)(C)OC(=O)/C=C/C1=CN=C(C=C1)NCC(=O)OC,2.4,388.0,21,8,173.23513981513335,273.12632320341675
88.1,403.4,CC1=C(C=C(C=C1)C(=O)NC2CC2)N3C=NC4=C(C3=O)C=C(C=C4)/C=C/C(=O)OC,2.9,745.0,30,6,275.111870162,368.83866911517845
99.0,403.4,CC(=O)N1C(=CC(=N1)NC2=NC(=NC=C2/C=C/C(=O)OC)C3=CC=CC=C3)C4CC4,3.1,647.0,30,7,272.4203448723333,371.1050133128682
72.1,263.29,CC1=C(C=CC=C1[N+](=O)[O-])/C=C/C(=O)OC(C)(C)C,3.4,365.0,19,4,150.7192144073,243.31252550331436
84.1,481.6,CC1=CC(=CC(=C1C2=NC3=C(N2)C=C(C=C3)C(=O)NC4=CC=C(C=C4)C(C)(C)C)C)/C=C/C(=O)OC,6.7,786.0,36,7,370.4080275343333,459.7918179865624
29.5,301.4,CCOC(=O)C(=C)CN(CC1=CC=CC=C1)C(C)(C)CC=C,4.1,381.0,22,10,169.02275490333332,312.9066028583108
115.0,545.6,COC(=O)/C(=C/C1=NC2=CC=CC(=C2C(=N1)NCC3=CC=CC=N3)C4=CC=CC=C4)/NC(=O)OCC5=CC=CC=C5,5.5,872.0,41,11,355.4813594710001,503.96926909516867
104.0,600.8,CCOC(=O)C=CC1=CC(=CC=C1)C2=CC=CC=C2S(=O)(=O)N(C)C[C@@H](CNC(C)(C)CC3=CC4=CC=CC=C4C=C3)O,6.1,1010.0,43,14,368.6453035596667,558.8816092424701
62.7,329.4,CCOC(=O)/C=C/C1=CC=CC(=N1)/C=C/C(=O)N2CCN(CC2)C,1.3,482.0,24,6,210.0512169943333,313.3415662762154
62.7,391.5,CCOC(=O)/C=C/C1=CC=CC(=N1)/C=C/C(=O)N2CCN(CC2)C3=CC=CC=C3,3.0,590.0,29,7,259.2699906923333,375.7720527412822
132.0,424.3,CC(C1=NC=CS1)N/C(=C(/C#N)\C(=O)OCC=C)/C2=C(C=CS2)Br,4.5,561.0,24,8,196.1924899456667,312.4984855501331
49.8,356.5,CC(C)(C)OC(=O)/C=C/C1=CC=C(C=C1)/C=C/C(=O)N2CCN(CC2)C,2.9,532.0,26,6,250.28864500866663,349.8668532804385
90.2,496.6,COCCOCCOCCOCCOC(=O)/C(=C/C1=CC2=C(C=C1)C=C(C=C2)N3CCCCC3)/C#N,3.8,714.0,36,16,336.00813143333335,465.44788671151986
46.6,351.5,CCCCCCCCCCCCOC(=O)C=C.C=CN1CCCC1=O,,307.0,25,14,197.2169550566667,301.4695698669711
123.0,420.4,CC1=CC=C(C=C1)NC(=O)NC2=CC=C(C=C2)C3=NOC(=C3)C(=O)NC(=C)C(=O)OC,3.1,669.0,31,7,262.1708509577333,373.6434150748303
127.0,317.25,COC(=O)C(=C)NC(=O)C1=CC(=NO1)C2=CC=C(C=C2)[N+](=O)[O-],2.0,495.0,23,5,168.2272826259667,261.0537559443832
62.7,468.0,CC(C)(C)OC(=O)/C=C/C1=CC=CC(=N1)/C=C/C(=O)C2=CC(=CC(=C2)Cl)N3CCN(CC3)C,4.5,725.0,33,8,288.489881037,438.8111080365992
39.2,213.23,COC(=O)C(=C)C1=CC2=C(C=C1)N=CC=C2,2.6,288.0,16,3,131.4235626732333,203.53870146771052
66.9,426.6,CCN(CC)CCSC1=C(C=C(C=C1)/C=C/C(=O)OC)NCCCC2=CC=CC=C2,5.8,490.0,30,14,269.440728147,422.14902394346177
64.599,397.5,COC(=O)/C=C/C1=CC=C(C=C1)CNC(=O)OCCC23CC4CC(C2)CC(C4)C3,5.5,579.0,29,9,226.9149145423333,372.4904672528913
51.5,315.4,COC(=O)/C=C/C1=CC=C(O1)CNC23CC4CC(C2)CC(C4)C3,3.4,446.0,23,6,183.296820405,293.8088941903929
81.4,305.32,CCOC(=O)C(=CC1CCOCC1)C2=CC(=CC=C2)[N+](=O)[O-],2.8,423.0,22,5,157.90704716000002,273.31591432657467
123.0,434.5,CCCCC(CC)COC(=O)/C=C/C1=CC=C(C=C1)OC[C@H]([C@@H]2C(=C(C(=O)O2)O)O)O,4.5,648.0,31,13,243.4756046663333,389.04627857193555
85.3,566.1,CCOC(=O)C=CC(=O)N(CC(C)(C)C)C1=C(C=C(C=C1)Cl)C(C2=C(C=C(C=C2)OCC3=CC=CC=C3)OC)O,6.3,823.0,40,13,313.054200316,527.3193131360587
92.7,321.71,CCOC(=O)/C=C/C1=C(C2=C(C=C(C=C2)Cl)NC(=O)C1=O)O,1.9,554.0,22,4,190.83639764166665,264.042210858892
62.6,406.5,CC1=CC(=C(C=C1OCC2=CC=CC=C2/C(=C\OC)/C(=O)OC)C)C3=NN(C=C3)C,4.1,596.0,30,8,243.600458664,388.63044668164713
71.1,398.4,CC1=CC(=C(C=C1OCC2=CC=CC=C2/C(=C\OC)/C(=O)OC)C)C(=O)COC,3.7,572.0,29,10,220.28868280000003,376.044806729829
53.4,397.3,CCCCOC1=NN(C(=C1)/C=C/C(=O)OCC)CC2=C(C=C(C=C2)Cl)Cl,5.3,464.0,26,10,217.40214124733333,356.1124068117477
59.3,259.3,CC(C)(C)OC(=O)C=CC1=CC(=C(C=C1)C#N)OC,2.9,386.0,19,5,158.98106645103334,252.66748795965614
87.3,527.5,CCOC(=O)C(=CC1CCC2(C1)OCC(CO2)(C)C)C3=CC(=C(C=C3)S(=O)(=O)C4CC4)Br,4.6,831.0,32,7,264.170592747,412.22744471686684
70.1,495.5,CCOC(=O)C(=CC1CCC2(C1)OCC(CO2)(C)C)C3=CC(=C(C=C3)SC4CC4)Br,5.9,650.0,30,7,247.41336162466663,401.0529299359113
78.0,443.4,CCOC(=O)C(=CC1CCOCC1)C2=CC(=C(C=C2)S(=O)(=O)C3CC3)Br,3.5,629.0,26,7,216.9115657873333,334.77488545044105
81.0,511.5,CCOC(=O)C(=CC1CCC2(C1)OCC(CO2)(C)C)C3=CC(=C(C=C3)S(=O)C4CC4)Br,4.4,722.0,31,7,259.38586231566666,407.03234370956653
60.8,411.4,CCOC(=O)C(=CC1CCOCC1)C2=CC(=C(C=C2)SC3CC3)Br,4.7,458.0,24,7,206.5861882416667,324.10053918951104
63.0,306.4,CC(C)(C)OC(=O)/C(=C\C1=CC=C(C=C1)C2=CC=CC=N2)/C#N,3.7,487.0,23,5,215.9785418824333,299.500525504192
83.1,399.9,COC(=O)/C=C/C1=C2C(=C(C=NC2=NN1)C3=CC=CC=C3)N4CCNCC4.Cl,,531.0,28,5,243.47960058,331.8673744974527
52.3,373.5,C=CC(=O)OC(CC1(CC=C(C=C1)CC2=CC=CC=C2)CC3=CC=CC=C3)N,5.5,581.0,28,9,206.95355271000005,369.85709437568283
38.3,309.4,CCNC(CC1=CC=C(C=C1)CC2=CC=CC=C2)OC(=O)C=C,4.7,355.0,23,9,174.273702601,311.45074738799633
98.1,222.2,COC(=O)C=CC1=C(C=C(C=C1)[N+](=O)[O-])N,1.3,298.0,16,3,115.26843404736668,188.10211123801716
105.0,306.34,CCOC(=O)C(=CNC1=CC2=C(C=C1)S(=O)(=O)CC2)C#N,2.0,582.0,21,5,169.1528369769,258.5338923731427
39.2,287.74,CCOC(=O)/C=C/C1=NC=C(C=C1)C2=CC=C(C=C2)Cl,3.8,337.0,20,5,200.0037942658333,267.7509989353584
38.3,295.4,CCOC(=O)/C(=C/C1=CC=C(C=C1)C2=CC(=CC=C2)NC)/C,4.6,383.0,22,6,214.6142036221,294.80848460928473
81.4,288.34,COC(=O)/C=C/C1=CC=C(C=C1)NC(=O)C2(CCCC2)N,1.5,406.0,21,5,184.37604817366665,267.0226764178217
29.5,475.6,CC1=CC=C(C=C1)N(C2=CC=C(C=C2)C3=CC=C(C=C3)CCOC(=O)C=C)C4=C(C=C(C=C4C)C)C,9.0,670.0,36,9,355.6188184343334,482.02525140316055
29.5,489.6,CC1=CC(=C(C=C1)N(C2=CC=C(C=C2)C3=CC=C(C=C3)CCOC(=O)C=C)C4=C(C=C(C=C4C)C)C)C,9.4,707.0,37,9,363.601187443,495.9241508205754
35.5,336.4,CCOC(=O)/C=C/C1=CC=C(C=C1)C=CCCCOC2=CC=CC=C2,5.5,413.0,25,10,232.41656380133333,339.28324353268613
81.4,282.72,CC1=CC(=CC(=C1N)Cl)/C=C(\C(=O)OC)/NC(=O)C,1.9,384.0,19,4,165.97974835483333,245.79609921989953
67.2,277.7,CC(=O)C(=CC1=CC(=CC=C1)Cl)C(=O)OCCC#N,2.3,422.0,19,6,144.34806859223332,248.81188439831044
44.8,302.4,CCOC(=O)C(=C)C12CC(OC1CCCO2)C3=CC=CC=C3,2.7,427.0,22,5,152.71636506833332,283.8180125196232
44.8,274.31,COC(=O)C(=C)C12CC(OC1CCO2)C3=CC=CC=C3,1.9,399.0,20,4,140.94273685143332,252.5763334351192
55.8,236.26,CCO/C(=C\C1=CC=C(C=C1)O)/C(=O)OCC,2.8,265.0,17,6,142.679788376,222.5787952436219
123.0,323.3,CC(C)(C)OC(=O)NC(=CC1=C(C=CC=N1)[N+](=O)[O-])C(=O)OC,1.8,492.0,23,6,173.50798482953334,276.59241666908395
63.2,558.7,CCOC(=O)C=CC1=CC(=C(C=C1)OC)C2=CC3=C(C=C2OCC4=CC(=CC=C4)OCOC)C(CCC3(C)C)(C)C,8.7,852.0,41,12,354.23709131866667,541.4330164887608
65.2,192.21,CCOC(=O)C=C(C1=CN=CC=C1)N,1.2,226.0,14,4,107.6942010241,179.01404851286523
38.8,249.3,CCOC(=O)C(=CN(C)C)C1=CC=C(C=C1)OC,2.5,291.0,18,6,147.21628946896666,245.47313848366863
72.4,404.5,CCOC(=O)C=CC1(CCC2(CC1)OCCO2)C3=C4C(=C(C=C3)OC)OCCO4,3.0,588.0,29,6,211.50477012466663,361.7408477674297
65.0,468.6,CC(C)COC(C)OC1=CC=C(C=C1)C=C.CC(C)(C)OC(=O)C=C.C=CC1=CC=C(C=C1)O,,403.0,34,10,322.3049396933333,271.2175544828043
51.6,284.4,C=CC(=O)OCC(C1=CC=CC=C1)SC2=CC=CC=C2,4.4,304.0,20,7,160.772495991,273.58065004435565
35.5,404.5,CC1(CCC(C2=C1C=CC(=C2)C3(COC4=C3C=C(C=C4)C=CC(=O)OC)C)(C)C)C,7.3,678.0,30,4,265.4924322956667,396.74727897389255
123.0,359.4,CCOC(=O)/C=C/C1=C(N=C(S1)NC(=O)C)CCC2=CC=C(C=C2)N,2.7,478.0,25,8,217.37911993666668,322.07785777534286
104.0,266.23,COCCOC1=CC(=C(C=C1)/C=C/C(=O)[O-])[N+](=O)[O-],2.2,332.0,19,5,288.3901650717333,225.61204517456733
78.0,300.37,CS(=O)(=O)OC12CC3CC(C1)CC(C3)(C2)OC(=O)C=C,2.1,530.0,20,5,138.435909098,249.6133836309078
49.1,354.2,COCCCOC1=CC=CC(=C1)C(=C(C(=O)OC)[N+]#[C-])Br,2.8,427.0,21,8,171.0318400989,273.3878226892223
55.4,211.26,COC(=O)C(=CC1CCCCC1)NC=O,2.5,255.0,15,4,106.3856588897,197.73444545170662
110.0,191.18,C=CC(=O)O.C(CO)COC(=O)N,,130.0,13,5,72.1181960663,117.17205117818352
112.0,420.5,CC(=C)C(=O)OCCO.CC(=O)OC1=CC=C(C=C1)C=C.C=CC(=O)OCC1CO1,,414.0,30,11,240.183273823,215.16157019474062
57.5,209.2,CO/C=C(/C(=O)OC)\N1C=CC=C1C=O,0.7,275.0,15,5,103.35679947316667,189.23192206730224
52.6,258.35,CCCCCC.CC(=O)OC=C.COC(=O)C=C,,144.0,18,7,180.13912862366666,127.93228098914355
77.5,278.3,CC(C)(C)OC(=O)/C=C/C1=NC(=C(C=C1)NC=O)OC,1.6,363.0,20,6,170.37466490573334,257.5751998922301
86.8,346.4,CCOC(=O)/C=C/C1=CC=CC(=N1)/C=C/C(=O)NOC2CCCCO2,2.2,492.0,25,8,209.314223485,315.253014962172
26.3,300.3,COC(=O)C(=C)CC1=C2C=CC3=CC=CC4=C3C2=C(C=C4)C=C1,5.7,482.0,23,4,202.8319899838,289.68655207513825
40.1,271.44,CCCC[N+](CCC)(CCC)CCC.C=CC(=O)[O-],,154.0,19,9,176.50294819466663,233.5903519346642
96.5,328.4,CC(=O)NC1=NC(=CS1)/C=C/C2=CC=C(C=C2)/C=C/C(=O)OC,3.0,471.0,23,6,256.3870817133333,297.9735989029454
85.3,183.12,C=CC(=O)OC1=C(C=CO1)[N+](=O)[O-],1.5,234.0,13,3,77.78019367653333,146.16913254521344
98.8,299.28,C=C(C1=C(C(=CC=C1)O)C2=CC=CC=C2)C(=O)OOC(=O)N,3.1,430.0,22,6,158.165624328,260.22054706281426
55.8,224.25,CC(C)OOC1=CC=CC=C1.C=CC(=O)O,,152.0,16,4,112.3491654927,170.665741436005
78.3,207.25,CC1=C(SC=C1)/C=C(/C#N)\C(=O)OC,2.2,303.0,14,3,119.0630420243,186.40558219146953
75.0,231.25,CCOC(=O)C(=CNC1=NC=C(C=C1)C)C#N,2.4,343.0,17,5,148.65417046326664,217.74271959700397
108.0,261.23,CCOC(=O)/C(=C/NC1=CC=C(C=C1)[N+](=O)[O-])/C#N,2.6,410.0,19,5,148.04611940216668,226.15669250162043
103.0,287.34,CCOC(=O)/C(=C/NC1=CC2=C(C=C1)N=C(S2)C)/C#N,3.6,443.0,20,5,189.63277291413337,255.19991624487963
61.8,392.4,CCCC1=C(C=CC2=C1OC(=CC2=O)/C=C/C(=O)OCC)OCC3=CC=CC=C3,5.0,617.0,29,9,244.3203430273333,371.2760472108992
67.9,416.5,CN(C1=CC=CC(=C1)C2=CC=C(C=C2)/C=C(/C(=O)OC)\OC)C(=O)NC3=CC=CC=C3,4.8,621.0,31,7,288.504489752,397.3974533496437
46.5,212.28,CCOC(=O)/C=C/C1CCCCC1CO,2.3,223.0,15,5,112.6622568544,204.92431662876658
72.8,298.29,COC1=C(C=CC(=C1)C=O)OC(=O)/C=C/C2=CC=C(C=C2)O,2.8,398.0,22,6,192.3514407303333,271.2779570131118
109.0,396.3,CCOC(=O)C=CC1=CSC(=N1)NC(=O)NC2=CC=C(C=C2)Br,3.2,442.0,23,6,191.07716845366667,287.34128252161725
60.4,342.8,CCOC(=O)C(=CC(=O)C1=CC=C(C=C1)Cl)C(=O)C2=CC=CC=C2,4.2,498.0,24,7,188.86761454666663,309.23117695304876
124.0,430.7,CCN(CC)C=C(C(=S)NC(=O)OCC(Cl)(Cl)Cl)C(=O)OCCC#N,3.6,565.0,25,10,188.2661259953333,350.0006237722361
104.0,608.7,CCOC1=C(C=C(C=C1)C(=O)CCC(=O)NC2=NC3=C(C=C(C=C3)/C=C/C(=O)OC(C)(C)C)C(=C2)C4=CC=C(C=C4)C)OCC,6.9,999.0,45,14,421.77392892666666,579.9997190822054
104.0,594.7,CCOC1=C(C=C(C=C1)C(=O)CCC(=O)NC2=NC3=C(C=CC(=C3)/C=C/C(=O)OC(C)(C)C)C(=C2)C4=CC=CC=C4)OCC,6.5,970.0,44,14,388.421667473,563.4371684185433
119.0,611.7,CCOC1=C(C=C(C=C1)C(=O)CCC(=O)NC2=CC(=C(S2)CC3=CC=C(C=C3)/C=C/C(=O)OCC)C4=CC=CC=C4)OCC,7.3,928.0,44,16,393.45394160066667,574.2196144561101
68.3,322.4,C1CC2=C(NC(=O)C1)N=CC(=C2)/C=C/C(=O)OCC3=CC=CC=C3,2.5,471.0,24,5,212.55683049900003,299.14561014300466
87.3,223.23,CCOC(=O)/C=C/C1=NC=C(N=C1N)OC,0.4,258.0,16,5,133.9714756585,198.8103273986959
46.6,459.6,CCCCCCCCC#CC1=CC=C(C=C1)CN(C2=CC=C(C=C2)/C=C/C(=O)OCC)C(=O)C,7.9,684.0,34,14,311.55820657333334,470.5569737549566
80.8,351.5,CCNS(=O)(=O)C1=CC=C(C=C1)/C(=C\C2CCCC2)/C(=O)OCC,3.9,536.0,24,8,198.85102286266667,317.09707506796434
55.0,280.32,CCOC(=O)/C=C/C1=C2C(=CC=C1)C3=C(N2)N=CC(=C3)C,3.7,410.0,21,4,193.9991120618,263.11411040938845
35.5,361.2,CCOC(=O)/C=C/C1=C(C=CC(=C1)OCC2=CC=CC=C2)Br,4.7,363.0,22,7,179.986457944,287.19147932060093
74.3,453.3,CCOC(=O)/C=C/C1=C(N(C=C1)C2=CC=C(C=C2)Br)C3=C(C=C(C=C3)C(=O)N)C,4.6,603.0,29,7,270.554441906,363.20115078011224
44.8,340.4,CCOC(=O)/C=C/C1=C(C=C(C=C1)OCC2=CC=CC=C2)OC(C)C,4.8,412.0,25,9,215.41880426833336,334.38371679013255
116.0,503.5,CC(C)(C)OC(=O)NC1=C(C=C(C=N1)C2=CC=CC=C2)/C=C(/C(=O)OC)\NC(=O)OCC3=CC=CC=C3,4.9,796.0,37,11,299.2350536733333,464.75491227296334
116.0,503.5,CC(C)(C)OC(=O)NC1=CN=C(C=C1/C=C(/C(=O)OC)\NC(=O)OCC2=CC=CC=C2)C3=CC=CC=C3,4.6,796.0,37,11,304.0627674263333,464.5494433476806
43.4,218.25,CC(=O)CC1=CC(=CC=C1)/C=C/C(=O)OC,2.2,281.0,16,5,133.84498458733333,211.53884861910456
64.599,311.3,COC(=O)/C=C/C1=CC=C(C=C1)NC(=O)OCC2=CC=CC=C2,3.3,407.0,23,7,195.33398886566667,292.74075554859456
46.6,247.29,CC1=CC=CC=C1C(=O)/C(=C/N(C)C)/C(=O)OC,2.4,347.0,18,5,140.77254562183336,238.9820484421579
26.3,226.7,CCOC(=O)/C=C/C1=C(C[C@H]2[C@@H]1[C@H]2C)Cl,2.5,344.0,15,4,127.07574447026668,211.54772334490187
93.2,360.5,CC[C@H](C(=O)NCC1CCCCC1)NC2=NC=C(N=C2)/C=C/C(=O)OC,3.1,477.0,26,9,213.5531316093333,338.2323118403061
76.1,312.37,COC(=O)/C=C/C1=CN=C(C=N1)NCCNCC2=CC=CC=C2,1.5,370.0,23,9,191.5937586486667,295.7488943924449
62.6,406.5,CCOC(=O)/C=C/C1=NN(C2=C1C=CC(=C2)OCC3=CC=CC=C3)C4CCCCO4,4.5,578.0,30,8,250.41119783400003,381.35968319419965
55.8,310.3,C/C=C/C1=CC(=C(C=C1)OC(=O)/C=C/C2=CC=C(C=C2)O)OC,4.4,421.0,23,6,219.933701841,297.2433967706993
70.3,247.31,CCOC(=O)/C=C/C1=CNC(=C1)C2=CC=CS2,2.7,293.0,17,5,161.67944421936667,226.0739105642325
42.1,207.27,CCCC1=CNC(=C1)/C=C/C(=O)OCC,2.7,226.0,15,6,131.26872830866668,205.48844257267578
42.1,263.37,CCCCCCCC1=CNC(=C1)/C=C/C(=O)OCC,4.9,276.0,19,10,163.54400482566666,268.54497526972324
54.0,320.4,CCOC(=O)/C=C/C1=C(C(=CC=C1)OC)CC2COC(O2)(C)C,3.1,418.0,23,7,182.1866585,302.28690972356617
63.0,230.26,CC(C)(C)OC(=O)/C=C/C1=CC(=NC=C1)C#N,2.2,346.0,17,4,135.67566411323332,223.2351430640784
93.9,366.4,CC(C)(C)OC(=O)/C=C/C1=CC(=NC=C1)C2=NC(=O)C3=CC=CC=C3S2,4.0,609.0,26,5,233.831144308,330.96006741548183
46.6,211.26,CN(C)C=C(C(=O)C1CCC1)C(=O)OC,1.4,290.0,15,5,111.0004902976,202.8020411311573
98.6,385.5,CCOC(=O)/C=C/C1=CN=C(N=C1NC2CCC3=C2C(=CC=C3)OC)SC,3.9,519.0,27,8,238.26254902666665,351.88680365210956
134.0,423.4,CCOC(=O)/C(=C/C1=C(C=CC(=C1)C2=CC=C(C=C2)NC(=O)OCC)[N+](=O)[O-])/CC#N,3.6,715.0,31,9,266.9931516186667,377.9143743295217
44.8,268.69,CCOC(=O)/C=C/C1=CC2=C(C(=C1)Cl)OCCO2,2.9,318.0,18,4,156.00411149666667,233.80345251847092
72.1,300.1,CCOC(=O)/C=C/C1=CC(=C(C=C1)[N+](=O)[O-])Br,3.1,313.0,17,4,146.29408517093333,206.184534667199
78.0,401.5,CC(C)(C)OC(=O)/C=C/C1=CC2=C(NC(=O)N(C2)CCN3CCN(CC3)C)N=C1,1.1,610.0,29,7,239.246576529,374.52429115121583
93.1,344.4,COC1=C(C=C(C=C1)C(C(=O)C2=CC=CC=C2)O)OC.C=CC(=O)O,,368.0,25,6,173.67943566999998,271.8084203711679
75.0,259.3,CCCC1=C(N=CC=C1)NC=C(C#N)C(=O)OCC,3.3,370.0,19,7,158.55961813376666,248.49240667593995
75.0,273.33,CCCCC1=CN=C(C=C1)NC=C(C#N)C(=O)OCC,3.9,384.0,20,8,157.09314517816665,264.4684511924355
130.0,629.7,CCOC(=O)/C=C/C1=CN=C(C(=C1)C)N2CCN(CC2)C3=NC=C(C=N3)C4=CC=CC(=C4)CN(C)C(=O)CNC(=O)OC(C)(C)C,4.2,1020.0,46,13,398.6991621166667,589.5048841041532
75.0,293.32,CCOC(=O)C(=CNC1=NC=C(C=C1)C2=CC=CC=C2)C#N,3.6,446.0,22,6,214.30250658286664,279.0156331328757
65.2,220.27,CCOC(=O)/C=C/C1=C(C(=CN=C1C)C)N,1.6,266.0,16,4,132.3578015168,209.87430304620443
62.4,262.3,CCOC(=O)/C=C/C1=CC(=CN1)/C=C/C(=O)N(C)C,1.3,375.0,19,6,175.19664012966666,250.78095722041897
90.3,501.7,CC(C)(C)OC(=O)/C=C\C1=CC(=NC=C1)N[C@@H]2CCCC[C@H]2N[C@H]3CCCN(C3)C4=CC=C(C=C4)C#N,5.4,807.0,37,9,300.802721038,484.694454127701
26.3,390.6,CCOC(=O)/C=C/C1=CC(=C(C=C1)C)C2=CC3=C(C=C2C)C(CCC3(C)C)(C)C,8.0,602.0,29,5,265.678221796,397.49572962389914
26.3,388.5,CCOC(=O)/C=C/C1=CC(=C(C=C1)C)C2=CC3=C(C=C2C)C(C=CC3(C)C)(C)C,7.8,641.0,29,5,268.72779788966665,396.4603407878962
66.8,297.39,CCC1CCCC(C1N(C=O)C(=CO)C(=O)OCC)CC,3.9,369.0,21,7,147.32998516633333,283.79589433634897
26.3,252.73,CCCCCOC(=O)/C=C/C1=CC=C(C=C1)Cl,4.6,243.0,17,7,149.30093479293336,242.20214245491258
26.3,320.9,CC(CCC=C(C)C)CCOC(=O)/C=C/C1=CC=C(C=C1)Cl,6.5,375.0,22,9,195.728654303,318.50996956643274
71.8,422.5,CC1=C(N(N=C1C2=CC=C(C=C2)OC)C)OCC3=CC=CC=C3/C(=C\OC)/C(=O)OC,4.1,605.0,31,9,246.723386771,396.83661960711436
62.6,392.4,CC1=CC=C(C=C1)C2=NN(C(=C2)OCC3=CC=CC=C3/C(=C\OC)/C(=O)OC)C,4.1,559.0,29,8,236.511305531,373.42509560179064
26.3,259.12,CC(C)OC(=O)/C=C/C1=C(C=C(C=C1)Cl)Cl,4.1,264.0,16,4,139.35306407020002,228.9469112300687
35.5,336.4,CC(C)C1=CC=C(C=C1)/C=C/C(=O)OC2=C(C=C(C=C2)CC=C)OC,5.9,446.0,25,8,232.3032872053333,339.4497305052908
26.3,232.32,CCCOC(=O)/C=C/C1=CC=C(C=C1)C(C)C,4.2,248.0,17,6,151.81574641086664,239.9981619641469
26.3,321.2,C1=CC=C(C=C1)CCOC(=O)/C=C/C2=C(C=C(C=C2)Cl)Cl,5.4,351.0,21,6,175.953063402,289.2504990400563
95.9,339.14,CCOC(=O)C(=CC1=C(C=C(C=C1)Br)[N+](=O)[O-])CC#N,2.8,449.0,20,5,150.04634053266665,240.09150863417852
97.0,279.29,CCCCOC(=O)C=CC1=C(N=CC(=C1)[N+](=O)[O-])NC,2.5,354.0,20,7,155.96761283083333,249.68183906741461
31.2,165.19,CN1C=CC(=C1)/C=C/C(=O)OC,0.9,189.0,12,3,98.65337623303331,161.46657539086806
52.1,192.21,CCOC(=O)/C=C/C1=CN=C(N=C1)C,1.2,208.0,14,4,114.6741495518,183.4992956794136
52.1,178.19,CCOC(=O)/C=C/C1=NC=CN=C1,0.5,192.0,13,4,101.88430117806666,167.98882076619964
65.099,285.34,CCOC(=O)/C=C/[C@@H]1COCCN1C(=O)OC(C)(C)C,1.3,372.0,20,6,136.94655028933332,264.20429376043427
56.4,242.23,COC(=O)/C(=C/C1=CC2=C(C=C1)NC=C2)/N=[N+]=[N-],3.5,401.0,18,4,145.0389523376667,212.46291422927044
64.599,449.6,CCOC(=O)/C=C/C1=CC=C(C=C1)C2COC3=C2C(=C(C(=C3C)C)NC(=O)CC(C)(C)C)C,6.0,703.0,33,8,288.620040524,438.3116322419215
52.6,290.4,CCOC(=O)CC1=CC=CC=C1/C=C/C(=O)OC(C)(C)C,3.3,379.0,21,8,164.44087465406668,283.5999980482214
52.6,422.6,CCCCCCCCCCCCCCCCCCOC(=O)C=C.C=C1CCOC1=O,,376.0,30,19,225.66296274066667,391.261722936903
99.9,308.33,CCOC(=O)/C=C(/C1=C(C=CC(=C1)OC)OC)\NCC(=O)N,1.8,411.0,22,9,168.36672814699998,277.5006273347531
77.0,281.3,COC1=CC(=C(C=C1)/C(=C/C(=O)OC)/NCCO)OC,1.8,332.0,20,8,154.86362349096666,256.5888418984112
83.1,323.34,CCOC(=O)CN/C(=C\C(=O)OC)/C1=C(C=C(C=C1)OC)OC,2.8,423.0,23,10,172.79017453166668,295.2388303093877
66.2,507.6,CC/C(=C(/C1=CC=C(C=C1)/C=C/C(=O)OCC)\C2=CC3=C(C=C2)N(N=N3)C4CCCCO4)/C5=CC=CC=C5,7.7,828.0,38,9,358.67413004866665,484.7037167090163
53.4,286.33,CCOC(=O)/C=C/C1=CN(N=C1)CCOC2=CC=CC=C2,2.5,340.0,21,8,167.09693300533334,273.86679665191974
65.2,240.68,COC(=O)/C=C/C1=NC=CC(=C1CCN)Cl,1.1,258.0,16,5,131.26534826233333,212.4903240338828
26.3,210.65,CC1=C(C=CC=C1Cl)/C=C/C(=O)OC,3.2,225.0,14,3,118.41266795836668,194.70660603482932
64.599,305.4,CCOC(=O)/C=C/C1=CC=CC=C1CNC(=O)OC(C)(C)C,3.1,398.0,22,8,169.85685505133335,293.83033993173984
26.3,311.21,CC1=CC(=C(C=C1)/C=C/C(=O)OC(C)(C)C)CBr,4.1,304.0,18,5,163.678876568,248.21379457076574
70.5,426.5,COC1=CC=C(C=C1)C2=NC3=C(C=C(C=C3)/C=C/C(=O)OC)N=C2C4=CC=C(C=C4)OC,4.8,625.0,32,7,336.60462373366664,399.86474430666624
105.0,352.4,C=CC(=O)OCC1=C(C=CC(=C1)N)C2=C(C=C(C=C2)N)COC(=O)C=C,2.7,476.0,26,9,196.8297148836667,324.39885401723063
44.8,264.32,CCOC(C1=CC=C(C=C1)/C=C/C(=O)OC)OCC,2.6,274.0,19,8,157.66467841033332,256.63485995089724
39.2,251.71,CCOC(=O)/C=C/C1=CC(=NC(=C1)Cl)C2CC2,3.0,302.0,17,5,145.16921089723334,232.77387483068233
44.8,262.3,CCOC(=O)/C=C/C1=CC2=C(COC(O2)(C)C)C=C1,2.7,348.0,19,4,158.44846630806668,246.94581425254083
93.2,432.5,COC1=CC=C(C=C1)C2=C(C3=C(S2)C=C(C=C3)O)OC4=CC=C(C=C4)/C=C/C(=O)OC,6.0,609.0,31,7,316.240751809,390.2787354820788
29.5,281.3,CCOC(=O)/C=C/C1=CC=C(C=C1)N(C)C2=CC=CC=C2,4.7,339.0,21,6,217.40528628166663,282.9312286939199
49.9,366.21,CCOC(=O)C(=CC1=CC(=C(C=C1)OCC(=C)C)Br)N=[N+]=[N-],5.6,486.0,22,8,206.78710146633333,277.71386180864164
78.0,328.4,CC1C2CC3CC(C2)CC1(C3)OC(=O)C(=C)COS(=O)(=O)C,3.0,574.0,22,6,155.703814195,281.60692005921294
43.4,280.74,CC(=O)C1=C(C=C(C=C1)Cl)/C=C/C(=O)OC(C)(C)C,3.5,368.0,19,5,156.99841312236666,260.3029633056246
44.8,332.8,CCOC(=O)/C=C/C1=C(C=C(C=C1)OC)OC2=CC(=CC=C2)Cl,4.7,399.0,23,7,202.9345021896667,305.2599175992211
35.5,288.72,COC(=O)/C=C/C1=CC=CC=C1OC2=CC=C(C=C2)Cl,4.3,335.0,20,5,165.15234890166667,264.6701183889343
43.4,210.27,CCOC(=O)/C=C/C1CCCCC1C=O,2.2,245.0,15,5,108.94648805066667,203.40313408995922
48.0,279.33,CCOC(=O)/C(=C\N(C)C)/C1=CC(=C(C=C1)OC)OC,2.4,341.0,20,7,169.21502655266667,269.5137564166382
43.4,352.5,CCOC(=O)/C=C/C1=CC2=C(C=C1)[C@H]3CC[C@]4([C@H]([C@@H]3CC2)CCC4=O)C,4.1,594.0,26,4,226.69118270566665,337.90514802003224
26.3,283.16,CCOC(=O)/C=C/C1=CC(=C(C(=C1)C)Br)C,4.0,251.0,16,4,150.046869032,217.27780031490414
35.5,226.65,COC1=C(C=CC(=C1)/C=C/C(=O)OC)Cl,2.8,240.0,15,4,130.39815103813334,203.96288199661345
85.9,179.18,CCOC(=O)/C(=C/NCC#N)/C#N,1.0,302.0,13,5,87.31261333173335,164.87215346185516
87.7,308.4,CCOC(=O)/C(=C\N(C)C)/C(=O)C1=NC2=C(S1)CCCC2,2.8,437.0,21,6,177.20189796533336,277.9066269253493
87.7,330.4,CCOC(=O)/C(=C\N(C)C)/C(=O)C1=NC(=CS1)C2=CC=CC=C2,3.4,459.0,23,7,198.85233584726663,302.38512899411177
57.0,181.19,CC(C)OC(=O)/C=C/N1C=NC=N1,0.9,204.0,13,4,95.78365619386666,166.41947730072792
35.5,331.59,CCOC(=O)/C=C/C1CC2=C(O1)C(=CC(=C2)Br)Cl,3.8,334.0,18,4,149.39109693053334,233.81323474416038
76.9,332.6,CCCCCCCCCCCCSSCCOC(=O)C=C,7.0,245.0,21,17,170.85441662833333,329.08980035133857
49.9,247.25,CC1=C(C=CC(=C1)C=C(C(=O)OC)N=[N+]=[N-])OC,3.7,375.0,18,5,157.11247696333334,224.42388764033763
35.5,309.6,CCOC(=O)C(=C(Cl)Cl)C1=CC(=C(C=C1)Cl)OC,4.4,327.0,18,5,147.3129583244,254.50807420322727
71.2,234.25,CCOC(=O)C(=CN(C)C)N1C=C(C=N1)C#N,0.7,356.0,17,5,130.1315702172,219.3441912363375
70.5,284.27,CCOC(=O)/C=C/C1=CC2=C(N=N1)OC3=CC=CC=C3O2,2.0,401.0,21,4,183.5274538413333,251.20263904048755
45.3,386.5,C[C@@H]1CC2=C([C@@H](N1CC=C)C3=CC=C(C=C3)/C=C/C(=O)OC)NC4=CC=CC=C24,5.0,610.0,29,6,257.93675250266665,375.17146060769994
54.1,346.4,C[C@@H]1CC2=C([C@@H](N1)C3=CC=C(C=C3)/C=C/C(=O)OC)NC4=CC=CC=C24,3.9,526.0,26,4,233.5654587943333,328.54225673449105
51.6,424.3,CCOC(=O)C=CC1=C(C=CC(=C1)SCC2=CC=CC=C2)I,5.2,366.0,22,7,210.09530025266668,298.6725687744212
96.6,523.4,CCOC(=O)/C=C/C1=C(C=CC(=C1)SCC2=CC=CC=C2)NC3=C(C=C(C(=C3)C#N)Br)OC,6.5,690.0,33,10,298.42454678766666,427.3836250168675
85.8,489.4,CCOC(=O)/C=C/C1=C(C=CC(=C1)SCC2=CC=CC=C2)NC3=CC(=C(N=C3OC)Cl)Cl,6.9,606.0,32,10,280.519686758,430.6310887881315
39.2,290.54,CCOC(=O)/C=C/C1=C(N=CC(=C1)Br)Cl,3.1,248.0,15,4,129.87965722433333,198.4933901453835
64.5,333.8,CCOC(=O)/C=C/C1=C(N=CC(=C1)SCC2=CC=CC=C2)Cl,4.5,372.0,22,7,187.90147237966667,301.9645381121609
73.9,386.24,CC(C)(C)OC(=O)N/C(=C\C1=CC(=C(C=C1)OC)Br)/C(=O)OC,3.6,458.0,23,7,191.6566861153333,295.24435952802764
70.4,314.34,CCOC(=O)CN1C=CN=C1/C=C/C(=O)OCC2=CC=CC=C2,2.2,419.0,23,9,174.87841999066666,292.3020104647062
70.4,342.4,CC(C)(C)OC(=O)CN1C=CN=C1/C=C/C(=O)OCC2=CC=CC=C2,2.8,478.0,25,9,190.6898247643333,324.20338968661235
137.0,614.7,COCCOCCOCCOCCOCCOCCOCCOCCOCCOCCOCCOCCOC(=O)C=C,-1.1,541.0,42,38,270.344216704,560.8002906096373
94.2,434.5,CCOC(=O)C(=C)C1=C(C=C(C=C1)NC(=O)OC(C)(C)C)CN(C)C(=O)OC(C)(C)C,4.0,662.0,31,11,235.869834148,412.76240335249025
54.0,452.5,C=CC(=O)OCCC1=CC=C(C=C1)OC2=CC(=CC=C2)OC3=CC=C(C=C3)OC4=CC=CC=C4,7.2,600.0,34,11,275.0090405953333,434.7944046291981
85.0,258.23,COC(=O)/C=C/C1=CN=C2C=C(C=CC2=C1)[N+](=O)[O-],2.3,377.0,19,3,168.93542698036666,223.46243666841207
80.8,426.9,CCOC(=O)C(=C)C1=C(SC(=C1)C(=O)C2=CC=C(C=C2)OC)C3=CC=C(C=C3)Cl,6.3,594.0,29,8,270.9062332436667,381.3572470001117
26.3,302.5,CCCCCCCCCCC1=CC=C(C=C1)/C=C/C(=O)OC,7.3,301.0,22,12,194.8812879493333,318.7563117926581
46.5,274.7,C1=CC(=CC=C1/C=C/C(=O)OC2=CC=C(C=C2)O)Cl,4.0,313.0,19,4,174.45649710196668,245.3817225119439
44.8,450.5,C=CC(=O)OCC(C(C1=CC=CC=C1)C2=CC=CC=C2)(OC3=CC=CC=C3)OC4=CC=CC=C4,7.4,569.0,34,11,258.78636154733334,441.4518427609748
136.0,681.8,CC(C)C1=CC=CC=C1C2=C(C3=C(S2)C=C(C=C3)OCN4C(=O)C5=CC=CC=C5S4(=O)=O)OC6=CC=C(C=C6)/C=C/C(=O)OC(C)(C)C,8.9,1260.0,48,11,436.77953873433336,608.6924518761705
73.0,419.3,COC1=CC2=C(C=C1)C(=C(S2)Br)OC3=CC=C(C=C3)/C=C/C(=O)OC,5.7,478.0,25,6,243.7413923913333,317.3134586386263
121.0,665.7,CC(C)(C)OC(=O)/C(=C/C1=CC(=CC=C1)NC2=NN(C3=NC=CC(=C23)OC4=CC=C(C=C4)OC5=CC=CC=C5)CC6=CC=C(C=C6)OC)/C#N,8.5,1160.0,50,13,429.1639257663333,622.4423239175006
65.2,285.14,CCOC(=O)/C=C/C1=C(C(=CN=C1C)Br)N,1.9,271.0,16,4,136.03504834636666,202.72103875960838
65.2,305.55,CCOC(=O)/C=C/C1=CN=C(C(=C1N)Br)Cl,2.5,276.0,16,4,138.88647539846667,205.41026075493133
74.6,238.24,COC(=O)/C=C/N1C(=O)N(N=N1)C2CCCC2,1.5,374.0,17,4,122.8907065533,204.6438396818607
83.8,254.24,COC(=O)/C=C/N1C(=O)N(N=N1)C2CCOCC2,0.7,389.0,18,4,124.87205846,212.1332050612565
88.9,456.9,CC(C)(C)OC(=O)C(=CC1CCOC1)N2C=C(C(=CC2=O)C3=C(C=CC(=C3)Cl)C#N)OC,3.0,892.0,32,7,268.05231008833334,408.69985049843984
51.2,434.5,CCOC(=O)C(=C)C1=CN=C(C=C1)NC(C2=CC=CC=C2)(C3=CC=CC=C3)C4=CC=CC=C4,6.6,584.0,33,9,276.757947838,426.48755234017966
46.5,510.8,CCOC(=O)/C=C/[C@]12CCC(=C1[C@H]3CC[C@@H]4[C@]5(CC[C@@H](C([C@@H]5CC[C@]4([C@@]3(CC2)C)C)(C)C)O)C)C(C)C,8.8,989.0,37,5,292.1057432023333,505.2943346964054
55.8,310.3,C=C(C1=CC=C(C=C1)C2(COC2)O)C(=O)OCC3=CC=CC=C3,2.4,427.0,23,6,174.02354976499998,290.2304598414421
87.2,365.4,COC(=O)/C=C/C1=CC=CC=C1NCC2=NC3=C(N2)C=C(C=C3)CCCO,3.2,499.0,27,9,228.765296551,338.5691178500077
98.5,352.4,COC(=O)/C=C/C1=CC=CC=C1NC(=O)C2=CC=CC(=C2)CCC(=O)N,2.1,532.0,26,8,214.21578302800003,324.3899854126714
110.0,420.5,CC(C)(C)OC(=O)/C=C/C1=CC=CC=C1NCC2=NC3=C(N2)C=C(C=C3)CCC(=O)N,3.4,645.0,31,10,254.9977316983333,390.19139326804276
39.2,242.07,COC(=O)/C=C/C1=C(C=NC=C1)Br,1.8,206.0,13,3,103.6019903554,165.47034318908018
58.6,325.4,COC(=O)/C=C/C1=CC=CC=C1NCC2=CC=CC(=C2)CCCO,3.6,396.0,24,9,201.0589094216667,315.97304951228557
26.3,283.16,CC(C)(C)OC(=O)/C=C/C1=CC=CC=C1Br,3.9,266.0,16,4,134.48480339033333,217.3113854596797
80.8,345.4,COC(=O)/C=C/C1=CC=CC=C1NCC2=CC=C(C=C2)S(=O)(=O)C,2.9,530.0,24,7,205.53170072,310.8041783946582
98.1,336.4,COC(=O)/C=C/C1=CC=CC=C1N2CC3(C2)CC(CS3(=O)=O)N,0.6,590.0,23,4,192.09147209146667,286.71890306496584
38.3,273.37,COC(=O)/C=C/C1=CC=CC=C1NCC2CCCCC2,4.6,321.0,20,6,174.80409868766665,271.54127364147365
42.0,394.5,CC(C)OC1=CC=C(C=C1)CN2CCN(CC2)C3=CC=CC=C3/C=C/C(=O)OC,4.4,520.0,29,8,253.09302856833327,386.9460409904378
67.0,293.32,COC(=O)/C=C/C1=CC=CC=C1NC2=NC3=CC=CC=C3N2,3.6,413.0,22,5,209.72511667696665,271.13771680160676
59.1,380.4,CCOC(=O)/C=C/C1=CC=CC=C1N2CCN(C2=O)CC3=CC=C(C=C3)OC,3.2,557.0,28,8,225.553077703,361.4668371128014
59.1,394.5,CCOC(=O)/C=C/C1=CC=CC=C1N2CCN(CC2=O)CC3=CC=C(C=C3)OC,3.2,571.0,29,8,230.343239483,374.6332962882766
46.6,307.3,CCOC(=O)/C=C/C1=CC=CC=C1N2CC3=CC=CC=C3C2=O,3.2,473.0,23,5,198.00857306366663,291.3136719992396
46.6,335.4,CCOC(=O)/C=C/C1=CC=CC=C1N2CCC(C2=O)C3=CC=CC=C3,3.7,495.0,25,6,210.61481191566668,323.5338019683043
55.4,360.2,COC(=O)/C=C/C1=CC=CC=C1NC(=O)C2=CC=CC=C2Br,3.7,424.0,22,5,196.86871389086664,276.2134901082461
59.4,207.23,CCOC(=O)/C=C/C1=CN=C(C=C1)CO,0.6,228.0,15,5,124.34471714236666,192.91849497094987
35.5,332.13,C=CC(=O)OCCOCC1=CC=C(C=C1)I,2.7,222.0,16,7,123.560833941,210.640333320608
55.8,354.4,COC(=O)/C=C/C1=C(C=C(C=C1)C(=C2C3CC4CC(C3)CC2C4)OC)O,4.5,575.0,26,5,236.982398434,329.5089531704694
57.0,273.33,CC1=C(C=CC2=C1N=NN2C)/C=C/C(=O)OC(C)(C)C,2.7,389.0,20,4,171.519477068,258.9545039928012
117.0,419.5,COC(=O)/C=C/C1=NC=C(C=C1)OC2=C(SC3=C2C=CC(=C3)O)C4=CC=C(C=C4)O,4.7,608.0,30,6,297.29230122200005,365.76725965884174
59.4,227.64,COC(=O)C(=C)C(C1=NC=CC(=C1)Cl)O,1.1,257.0,15,4,102.75857732343331,195.15282328184637
59.4,227.64,COC(=O)C(=C)C(C1=NC=C(C=C1)Cl)O,1.1,257.0,15,4,104.07438137883332,195.2292638553005
39.2,256.1,CCOC(=O)/C=C/C1=C(C=NC=C1)Br,2.2,218.0,14,4,116.68353512733331,181.05463806888125
80.0,261.31,CCOC(=C(OCC)OCC)C(=O)OCCCN,1.2,257.0,18,11,125.70010954466666,243.82713836302486
50.1,256.079,COC(=O)C(=CC1=C(C=C(C=C1)Cl)Cl)C#N,2.6,345.0,16,3,135.30936212466668,215.81172195274758
26.3,284.4,COC(=O)C=C.C=CC1=CC=CC=C1.C1CC2CC1C=C2,,225.0,21,3,250.19681128266663,148.77977393538333
26.3,575.0,CCCCCCCCCCCCCCCCCCOC(=O)/C(=C/CCCCCCCCCCCCCCCC)/C=C,18.6,564.0,41,35,339.611533367,633.1151306157058
90.8,295.36,CCOC(=O)C(=CSC1=CN=C(C=C1)C)C(=O)OCC,2.6,350.0,20,8,170.12964894566667,267.5069735876261
108.0,497.4,C1=CC=C(C=C1)OC2=C(OC3=C(C2=O)C=CC(=C3)OC(=O)C=CC4=CC=C(C=C4)[N+](=O)[O-])C(F)(F)F,5.8,896.0,36,6,296.2367324836667,404.2231622755084
103.0,315.32,CN1C2=CC=CC=C2C(C1=O)/C(=C(\C#N)/C(=O)OC)/NCCO,0.9,563.0,23,6,162.420831466,279.53522471790177
64.5,299.4,CCOC(=O)/C=C(\C1=CC=CC=C1)/SC2=CN=C(C=C2)C,3.8,364.0,21,6,181.1057679096667,284.0685670037929
90.1,562.2,CC1=CC(=C(C(=C1)Br)OCC(=O)N/N=C\C2=CC=C(C=C2)OC(=O)/C=C/C3=CC=CO3)Br,5.6,669.0,32,9,275.94812243,389.96577234031326
48.4,193.2,COC1=CN=C(C=C1)/C=C/C(=O)OC,1.1,215.0,14,4,119.1087318739,181.38535795893722
26.3,346.4,COC(=O)C=C=P(C1=CC=CC=C1)(C2=CC=CC=C2)C3=CC=CC=C3,4.3,462.0,25,5,219.31175769,338.1154471552192
52.1,178.19,CCOC(=O)/C=C/C1=CN=NC=C1,0.5,192.0,13,4,99.67828837503332,166.57648241039146
64.599,361.4,COC(=O)/C(=C/C1=CC=CC2=CC=CC=C21)/NC(=O)OCC3=CC=CC=C3,4.7,538.0,27,7,216.1047154673333,339.3151472259719
80.8,439.5,CCCCCNC(=O)N(C)C1=CC=CC(=N1)C2=CC=C(C=C2)/C=C(/C(=O)OCC)\OCC,5.0,602.0,32,12,299.343302626,424.8672213843094
80.8,467.6,CCCCCCCNC(=O)N(C)C1=CC=CC(=C1)C2=NC=C(C=C2)/C=C(/C(=O)OCC)\OCC,5.8,639.0,34,14,308.9093925086667,457.00882467021336
67.9,438.6,CCCCCNC(=O)N(C)C1=CC=CC(=C1)C2=CC=C(C=C2)/C=C(/C(=O)OCC)\OCC,5.7,599.0,32,12,300.629652779,430.97559660827375
72.8,478.6,C=CC(=O)OCCCCCCOC1=CC=C(C=C1)C2=CC=C(C=C2)C3CCC(CC3)CCC(=O)O,7.5,623.0,35,15,287.2710126719999,465.36384660505524
74.7,403.4,CCOC(=O)/C=C/C1=CC2=C(O1)C=CC(=C2)OCC3=C(OC(=N3)C4=CC=CC=C4)C,5.0,590.0,30,8,269.6616009243333,373.26309857753375
26.3,440.6,CCOC(=O)/C=C/C1=CC(=CC(=C1)C2=CC=C(C=C2)C(C)(C)C)C3=CC=C(C=C3)C(C)(C)C,9.2,591.0,33,8,326.605479114,453.6088148746264
26.3,321.2,CCOC(=O)/C=C/C1=CC=C(C=C1)C2=CC(=CC(=C2)Cl)Cl,5.4,352.0,21,5,209.8315895104,290.1719005393425
46.5,236.31,C=C(CO)C(=O)OC1CC2CC1C3C2CCC3,2.6,349.0,17,4,118.55637981266666,218.02395723814828
55.8,303.35,COC(=O)C=CC1CCN(CC1)C(=O)OCC2=CC=CC=C2,2.5,394.0,22,6,162.736646179,286.8181062652589
58.4,282.4,COC(=O)C=CC(=S)C1=CC=C(C=C1)C2=CC=CC=C2,3.9,361.0,20,5,204.53749610423333,268.8585353648016
26.3,252.39,CCCCCC1CCC(CC1)C=CC(=O)OCC,5.9,250.0,18,8,143.46258497,262.86105420551
57.8,239.34,CCOC(=O)C=CC1=CC=C(S1)CN(C)C,2.2,253.0,16,6,140.65965773126666,226.6358676830513
46.6,253.34,CCOC(=O)C=CN1C(CC(=O)CC1(C)C)(C)C,1.5,349.0,18,4,135.301906938,245.66165106358645
65.0,264.27,CCOC(=O)C=CC1=CC2=C(C=C1CCO)OCO2,2.0,328.0,19,6,141.98646853673333,236.33436789223182
79.5,274.34,CCOC(=O)C=CC1=CSC(=N1)NC2=CC=CC=C2,3.5,317.0,19,6,156.38203947039997,249.76220517908789
44.8,264.32,CCC1=C(C=C(C=C1OC)C=CC(=O)OCC)OC,3.3,287.0,19,7,159.95126083566666,257.8558901801558
65.5,277.31,CCOC(=O)C=CC1=NC=C(C=C1)C(=O)OC(C)(C)C,2.4,371.0,20,7,157.12433670433333,263.6674412736902
52.1,218.25,CCOC(=O)C=CC1=CN=C(N=C1)C2CC2,1.4,266.0,16,5,126.26621753836666,210.49275108323016
44.1,340.8,CC1=NC2=C(N1CC3=CC=CC=C3Cl)C=C(C=C2)C=CC(=O)OC,4.3,470.0,24,5,208.04357933866663,312.19137731387417
43.4,232.27,CC(C)(C)OC(=O)C=CC1=CC(=CC=C1)C=O,2.6,299.0,17,5,128.3094035337,227.98240023382317
39.4,180.2,CCOC(=O)C=CC1=CC=C(O1)C,2.1,198.0,13,4,106.64273493033332,172.95471487249105
113.0,288.25,CC(=O)C(=CC1=CC(=CC=C1)[N+](=O)[O-])C(=O)OCCC#N,1.5,497.0,21,6,149.80048795286666,250.8822883583147
60.7,258.269,CC1=NN2C=CC=CC2=C1C=C(C(=O)C)C(=O)OC,1.6,406.0,19,4,160.16662140966665,236.6461583197728
44.1,208.26,CCC1=NC=C(N1C)C=CC(=O)OCC,1.5,241.0,15,5,115.05859944266666,203.30424960447073
89.9,211.17,CN1C=C(C(=N1)[N+](=O)[O-])C=CC(=O)OC,0.7,286.0,15,3,107.5256971403,175.51768399314406
68.8,254.3,CCOC(=O)C=CC1=CC=C(C=C1)S(=O)(=O)C,2.2,370.0,17,5,143.73415014399998,224.2505893397682
26.3,214.69,CCOC(=O)C=CC1=C(CCCC1)Cl,2.8,267.0,14,4,118.11281419193335,199.51553724057342
53.4,314.4,CCCOC1=NN(C(=C1)/C=C/C(=O)OCC)CC2=CC=CC=C2,3.7,381.0,23,9,185.036251523,304.4609503241183
46.5,271.11,COC(=O)/C=C/C1=C(C=C(C=C1)CO)Br,2.0,240.0,15,4,125.7946231596,190.17231373323864
59.1,261.23,CCOC(=O)/C(=C/C1=CC2=C(C=C1)OCO2)/N=[N+]=[N-],3.6,417.0,19,5,165.48803850466666,222.90995909560004
90.4,369.4,CC(C)(C)OC(=O)CNC1=CC=CC(=C1)C2=CN=C(N=C2)C=CC(=O)OC,3.0,522.0,27,9,214.19478281266663,344.7813788253479
59.8,397.5,CCCCCCCC(=O)N(C)CC1=CC(=CC=C1)C2=CC=C(O2)C=CC(=O)OC,5.3,533.0,29,12,258.54233051433334,391.8130287872731
77.5,382.5,CCOC(=O)C=CC1=CN=C(C=C1)C2=CC(=CC=C2)NCC(=O)OC(C)(C)C,4.0,541.0,28,10,245.1009783383333,365.59971576711797
80.8,348.21,CCOC(=O)C(=CNC1=CC=C(C=C1)Br)S(=O)(=O)C,3.0,433.0,19,6,176.01484259466667,242.26790472397505
71.2,234.25,CCOC(=O)C(=CN(C)C)N1C=C(N=C1)C#N,0.9,356.0,17,5,127.37166522846668,219.77608011803375
46.6,267.71,CN(C)C=C(C(=O)C1=CC=CC=C1Cl)C(=O)OC,2.7,352.0,18,5,145.9769766646667,241.5675725679242
65.0,280.32,CCOC(=O)C=CC1=CC(=C(C=C1)O)OCCCOC,2.4,303.0,20,9,158.39968789833333,261.86825274415884
38.8,199.25,CC1CN(CC(O1)C)C=CC(=O)OC,1.0,217.0,14,3,100.55207965616668,189.40191193563905
79.9,182.18,CCOC(=O)C=CNC1=NC=NN1,1.2,195.0,13,5,93.0851337166,157.30859047535512
58.6,422.6,CCCCCCCNC(=O)N(C)C1=CC=CC(=C1)C2=CC=C(C=C2)C=CC(=O)OCC,6.3,555.0,31,12,280.572692806,421.5874572348607
76.9,240.3,COC(=O)C(=CSC1=CC=CC=C1)SC,3.1,233.0,15,5,141.03521125333333,216.67675008359745
90.7,333.5,CCN(CC)C1=CC=C(C=C1)NC(=C(C#N)C(=O)OCC)SC,4.3,458.0,23,9,214.99816023076667,316.99913668222655
51.5,269.29,COC(=O)C(=CO)N1C=CC=C1/C=C/C2=CC=CC=C2,3.5,383.0,20,5,184.65285341166663,256.290247703521
65.2,226.66,CCOC(=O)/C=C/C1=C(C=C(C=N1)Cl)N,1.5,246.0,15,4,128.7625370972,196.47572149391516
74.4,284.31,CCOC(=O)C=CC1=CC=C(C=C1)OC2=NC=C(C=C2)N,2.7,351.0,21,6,180.08921460466664,264.94147788533826
65.0,230.26,CCOC(=O)C=C[C@H]1[C@H](OC(O1)(C)C)CO,0.3,272.0,16,5,107.33843703916666,206.3500639203587
50.1,263.29,COC(=O)C=CC1=C(C=CC(=C1)C#N)C2=CC=CC=C2,3.5,401.0,20,4,163.7666169208,257.0668366774713
35.5,268.31,COC1=CC(=C(C=C1)C2=CC=CC=C2)C=CC(=O)OC,3.8,331.0,20,5,162.41690210266668,261.94696611401673
89.9,343.4,CCC(C)(C)CC1=CN(C(=N1)C=CC(=O)OC)S(=O)(=O)N(C)C,2.5,537.0,23,8,191.1103638563333,307.505942039382
64.599,373.8,CC1=CC(=CC(=C1OCC2=CC=CC=C2)Cl)C=C(C(=O)OC)NC(=O)C,4.0,516.0,26,7,214.428615009,340.6461200156032
55.8,359.5,CCOC(=O)C=C(C1CCN(CC1)OC(=O)C(C)(C)C)C2=CC=CC=C2,4.9,507.0,26,8,199.83154959466663,346.4079595725653
87.4,291.3,COC(=O)C=CC1=CC(=C(C=C1)N2CCNCC2)[N+](=O)[O-],1.5,402.0,21,4,185.5104918561333,256.69475154280605
54.0,342.4,CCOC(=O)C=CC1=C(C=C(C=C1)OCC2=CC=CC=C2)OCOC,4.0,403.0,25,10,192.81817298233327,326.4891262241114
114.0,339.77,CC(=O)NC(=CC1=C(C=C(C=C1)C#N)OCCN)C(=O)OC.Cl,,480.0,23,7,137.00149368756666,278.7360325652719
156.0,606.7,CC(=O)NC(=CC1=C(C=C(C=C1)C#N)OCCNC(=O)C2=CC=C(C=C2)OC3CCN(CC3)C(=O)OC(C)(C)C)C(=O)OC,3.7,1080.0,44,13,340.1902415506667,553.1544946210399
70.5,414.5,CCOC(=O)C=CC1=CC2=NC=CC(=C2C=C1OC)OC3=CC4=CC=CC=C4N=C3C,5.0,627.0,31,7,273.4245202596667,386.7213963260025
69.9,484.0,CC(C)CC1=CC=C(N1C2=C(C=C(C=C2)Cl)C(C3=C(C(=CC=C3)OC)OC)O)C=CC(=O)OC,5.6,673.0,34,10,283.46770814533335,448.5480012397429
69.9,441.9,CCOC1=C(C=CC=C1OC)C(C2=C(C=CC(=C2)Cl)N3C=CC=C3C=CC(=O)OC)O,4.4,603.0,31,9,255.791574645,401.5818730687812
55.4,259.3,CC1(CC(=O)NC2=C1C=C(C=C2)/C=C/C(=O)OC)C,2.2,400.0,19,3,168.89292170303335,242.4354808083894
57.5,395.8,COC1=CC=CC(=C1)C(=O)C2=C(C=CC(=C2)Cl)N3C=CC=C3C=CC(=O)OC,4.6,581.0,28,7,230.61283591266667,359.6945132165164
38.3,295.4,CCOC(=O)C(=CC1=CC=C(C=C1)C2=CC(=CC=C2)NC)C,4.6,383.0,22,6,216.43942844256665,295.05804746149124
84.9,318.32,CCOC(=O)C(=CN(C)C)C(=O)C1=CC2=C(C=C1)OCC(=O)N2,1.4,515.0,23,6,177.44594520733332,283.3548246673588
141.0,502.0,CC(=O)NC(=CC1=C(C=C(C=C1)C#N)OC[C@@H](CCC(=O)OCC2=CC=CC=C2)N)C(=O)OC.Cl,,768.0,35,13,281.2556925026667,428.8755269858254
153.0,565.6,CC(=O)NC(=CC1=C(C=C(C=C1)C#N)OC[C@@H](CCC(=O)OCC2=CC=CC=C2)NC(=O)OC(C)(C)C)C(=O)OC,3.7,974.0,41,16,297.5476582383333,518.797278138198
55.4,407.5,CCCCCCCC(=O)NCC1=CC(=CC=C1)C2=CC=C(C=C2)C=CC(=O)OCC,6.3,522.0,30,13,272.968537512,409.1665992529489
111.0,405.4,CCOC(=O)C=CC1=C(N=C(C(=N1)C2=NN(C(=O)C=C2)C(C)C)C3=CC=CC=C3)N,2.4,712.0,30,7,269.2656815766666,370.59342319252505
122.0,531.6,CCOC(=O)C=CC1=C2C(=CC=C1)NC(=O)N(C2=O)C3=CC(=CC=C3)S(=O)(=O)N4CCCC5=CC=CC=C54,3.9,1040.0,38,7,317.39920058533335,458.76696955194575
63.6,341.4,CCCCOC(=O)C=C.CC(=C)C(=O)O.C=CC1=CC=CC=C1.[Na],,249.0,24,7,198.37240237966668,173.6193076988601
55.8,410.5,CCOC(=O)C=CC1=CC(=C(C=C1)O)C2=C(C(=CC(=C2)C(C)(C)C)C(C)(C)C)OC,7.2,583.0,30,8,262.3117060486666,406.8279580321506
44.1,306.4,CCOC(=O)C=CC1=C(N(C2=C1C=CC=N2)C)C3=CC=CC=C3,3.6,431.0,23,5,202.29741163336664,295.18199401620546
55.8,381.5,CCN(CC)C(=O)C1=CC=C(C=C1)C(=CC(=O)OCC)C2=CC(=CC=C2)OC,4.6,533.0,28,9,234.5886841973333,372.7100945061609
127.0,563.6,CCOC(=O)C=CC1=C(C=C(C=C1)C#N)OCCNC(=O)C2=CC=C(C=C2)OC3CCN(CC3)C(=O)OC(C)(C)C,4.6,937.0,41,13,321.65257979233337,524.1439794967415
97.6,374.4,CCOC(=O)C=CC1=C(C=C(C=C1)C#N)OCCCNC(=O)OC(C)(C)C,3.3,559.0,27,11,193.68741234933336,353.2731555307528
55.0,188.61,COC(=O)C=CC1=CN=CN1.Cl,,168.0,12,3,85.5762633433,139.72431671458676
55.4,391.5,CC1(CCC(C2=C1C=CC(=C2)C(=O)NC3=CC=CC=C3C=CC(=O)OC)(C)C)C,6.2,636.0,29,5,242.1028179973333,381.66170653807717
73.9,372.21,COCCCOC1=CC=CC(=C1)C(=C(C(=O)OC)NC=O)Br,2.3,399.0,22,9,173.49120332633333,278.9642771649707
93.7,396.4,CC(C)(C)OC(=O)NC1=CC=CC=C1NC(=O)C2=CC=C(C=C2)C=CC(=O)OC,3.6,603.0,29,8,244.62162999226663,367.56567428892504
57.6,277.31,CCOC(=O)C=CC1=CN=C(C2=C1COC(O2)(C)C)C,2.0,380.0,20,4,163.1360695592333,256.5560231847967
38.8,283.75,CCOC(=O)C(=CN(C)C)C1=C(C(=CC=C1)OC)Cl,3.1,331.0,19,6,156.38873791266667,262.90438346551565
50.1,277.74,CC1=CC(=C(C=C1C#N)Cl)C=CC(=O)OC(C)(C)C,3.9,402.0,19,4,165.49498242933336,260.9516384899556
109.0,303.34,COC(=O)C(=CNC1=NC=CS1)NC(=O)C2=CC=CC=C2,2.9,408.0,21,6,189.14906862066667,262.6279402181485
86.6,356.4,CC1=CC2=C(C=C1)C=C(N2S(=O)(=O)C3=CC=CC=N3)C=CC(=O)OC,3.2,613.0,25,5,224.05107423566665,311.02472754612086
97.5,420.5,CC1=CC=C(C=C1)S(=O)(=O)N2C=C(C3=C2C=CC(=C3)C#N)[C@H]4C[C@H]4C(=C)C(=O)OC,4.2,846.0,30,6,247.06349680866663,377.48920422195505
154.0,508.6,CCOC(=O)C(C)O.CC(C)(C)OC(=O)C=C.C=CC(=O)O.C1CC2(CC1C=C2)C3=CC(=O)OC3=O,,646.0,36,8,273.60264609333336,202.36406326403832
26.3,250.38,CC(C)(C)OC(=O)C=C.C=C.C1CC2CC1C=C2,,210.0,18,3,151.15217424933334,158.44022554833367
51.6,353.3,CCOC(=O)/C=C/C1=CC=CC=C1SC2=C(C=C(C=C2)Cl)Cl,5.9,389.0,22,6,200.2817444,309.5902549003151
64.599,375.5,CCCCCCCCCNC(=O)C/C(=C\C1=CC=C(C=C1)OC)/C(=O)OC,5.4,453.0,27,14,219.659263431,372.28734009279935
63.6,237.25,CCCCOC(=O)C=C.CC(=C)C(=O)O.[Na],,181.0,16,6,237.868440225,158.02363155352722
59.1,263.25,COC1=CC(=CC(=C1)C=C(C(=O)OC)N=[N+]=[N-])OC,3.3,378.0,19,6,159.31619809666668,233.26835386494602
52.6,739.2,CCCCCCCCCCCCCCCCCCCCCCOC(=O)C=C.CCCCCCCCCCCCOC(=O)C(=C)C.C=CC1=CC=CC=C1,,601.0,53,37,414.7196698353334,570.8040082026833
96.0,733.1,CCCCCCCCCCCCCCCCCCCCCCOC(=O)C=C.CCCCCCCCCCCCOC(=O)C(=C)C.C1=CC(=O)OC1=O,,662.0,52,36,403.4679063613333,564.7668952199891
110.0,344.4,CC(=C)C(=O)OCCCO.CC(C)(C)OC(=O)C=C.C=CC(=O)O,,304.0,24,9,152.970237784,201.5951456232848
56.3,295.3,CCOC(=O)/C(=C\C1=CN=CC(=C1)C)/C(=O)C2=CC=CC=C2,3.4,424.0,22,6,180.790447163,282.686905187501
79.1,380.4,CCN1C2=NC(=C(C(=C2C=N1)C3=CN=CC(=C3)C)/C=C/C(=O)OCC)COC,2.4,544.0,28,8,236.672878009,354.8214012068545
69.9,415.3,CCN1C2=NC(=C(C(=C2C=N1)C3=CC(=CN=C3)Br)/C=C/C(=O)OCC)C,3.4,518.0,26,6,231.464383416,324.64275941968475
57.0,257.29,CCOC(=O)/C=C/C1=C(N(N=C1)C)C2=CN=CC=C2,1.5,333.0,19,5,157.30350922766667,243.0758651813634
95.2,273.31,C1CCC(C1)(C(=O)NC2=CC=C(C=C2)C=CC(=O)[O-])N,-0.4,386.0,20,3,344.2997257273334,246.54639755159764
54.5,365.5,CCOC(=O)/C=C/C1=CN=C(C=C1)NC2CCN(CC2)CC3=CC=CC=C3,3.9,468.0,27,8,234.71870224866663,355.77487059730043
54.5,351.4,CCOC(=O)/C=C/C1=CN=C(C=C1)N[C@@H]2CCN(C2)CC3=CC=CC=C3,3.5,462.0,26,8,230.668090094,340.25252012788684
80.8,361.4,CCOC(=O)/C=C/C1=CN=C(C=C1)N([C@@H]2CCNC2)C(=O)OC(C)(C)C,2.3,515.0,26,8,219.7325049223333,339.06277853642626
71.5,399.9,CCOC(=O)/C=C/C1=CC(=C(N=C1)N[C@@H]2CCN(C2)C(=O)C3=CC=CC=C3)Cl,3.8,565.0,28,7,242.1875016783333,362.1418734991238
81.2,493.6,CCOC(=O)/C=C/C1=CN=C(C=C1)N([C@@H]2CCN(C2)CC3=CC4=C(C=C3)OCC4)C(=O)OC(C)(C)C,4.3,782.0,36,10,301.79892386766664,463.53674888038273
83.6,428.9,CCOC(=O)/C=C/C1=CN=C(C=C1)NC2CCN(CC2)C(=O)NC3=CC=C(C=C3)Cl,3.9,587.0,30,7,268.508770742,388.26291832327837
54.5,399.9,CCOC(=O)/C=C/C1=CC(=C(N=C1)NC2CCN(CC2)CC3=CC=CC=C3)Cl,4.5,502.0,28,8,245.2097830813333,373.935764823883
54.5,413.9,CCOC(=O)/C=C/C1=CC(=C(N=C1)NC2CCN(CC2)CC3=CC=C(C=C3)C)Cl,4.9,528.0,29,8,254.6277462956667,388.49034778900295
71.5,399.9,CCOC(=O)/C=C/C1=CN=C(C=C1)N[C@@H]2CCN(C2)C(=O)C3=CC=C(C=C3)Cl,3.8,563.0,28,7,247.7797803933333,362.39382579987347
67.4,358.5,CCOC(=O)/C=C/C1=CN=C(C=N1)N[C@@H]2CCCN(C2)C3CCCCC3,3.2,465.0,26,7,226.53098354533336,342.5583381933033
67.4,358.5,CCOC(=O)/C=C/C1=CN=C(C=N1)N[C@@H]2CCN(C2)CC3CCCCC3,3.4,465.0,26,8,224.51314842,342.85371452536833
72.0,443.6,CCOC(=O)/C=C/C1=CN=C(C=C1)N([C@@H]2CCN(C2)CC3CCCC3)C(=O)OC(C)(C)C,4.6,654.0,32,10,275.00897475933334,425.08895322203193
54.5,365.5,CCOC(=O)/C=C/C1=CN=C(C=C1)N[C@@H]2CCCN(C2)CC3=CC=CC=C3,3.9,476.0,27,8,231.0841523086667,356.11839729955244
71.5,385.5,CCOC(=O)/C=C/C1=CN=C(C=C1)N[C@@H]2CCCN(C2)C(=O)C3CCCCC3,3.9,545.0,28,7,241.523131348,366.7733397348881
54.5,337.4,CCOC(=O)/C=C/C1=CN=C(C=C1)N[C@@H]2CCN(C2)C3=CC=CC=C3,3.8,448.0,25,7,223.59872514533333,326.0029125720365
72.0,479.6,CCOC(=O)/C=C/C1=CN=C(C=C1)N([C@@H]2CCN(C2)CC3=CC(=C(C=C3)C)C)C(=O)OC(C)(C)C,5.0,734.0,35,10,299.88330710633335,464.68617295130696
54.5,399.9,CCOC(=O)/C=C/C1=CC(=C(N=C1)N[C@@H]2CCN(C2)CC3=CC=CC(=C3)C)Cl,4.5,530.0,28,8,245.91157070666668,373.3293775686775
84.0,500.7,CCOC(=O)/C=C/C1=CN=C(C=C1)N([C@@H]2CCN(C2)C3CC(NC(C3)(C)C)(C)C)C(=O)OC(C)(C)C,4.2,788.0,36,9,302.026121855,481.5997076141368
72.0,443.6,CCOC(=O)/C=C/C1=CN=C(C=C1)N([C@@H]2CCN(C2)C3CCCCC3)C(=O)OC(C)(C)C,4.6,654.0,32,9,269.91306587533336,425.01103770105544
84.9,452.5,CCOC(=O)/C=C/C1=CN=CC(=N1)N([C@@H]2CCN(C2)CC3=CC=CC=C3)C(=O)OC(C)(C)C,3.3,672.0,33,10,246.77147427866663,428.9714350815709
67.4,358.5,CCOC(=O)/C=C/C1=CN=C(N=C1)N[C@@H]2CCN(C2)CC3CCCCC3,3.8,457.0,26,8,226.737584716,342.9333777404084
67.4,400.9,CCOC(=O)/C=C/C1=CC(=C(N=C1)NC2CCN(CC2)CC3=CC=NC=C3)Cl,3.5,505.0,28,8,239.848529202,368.73128814969175
64.599,380.2,COC(=O)/C(=C/C1=CC(=C(C=C1)Cl)Cl)/NC(=O)OCC2=CC=CC=C2,4.7,492.0,25,7,203.29522488166663,327.5977197371044
92.9,331.4,CC1=CSC(=C1)/C=C(/C(=O)OC)\NC(=O)OCC2=CC=CC=C2,3.6,446.0,23,7,187.79872213266663,297.7001685995192
92.9,396.3,COC(=O)/C(=C/C1=CC(=CS1)Br)/NC(=O)OCC2=CC=CC=C2,3.9,451.0,23,7,193.7352675193333,291.31541746944305
48.1,262.3,C[C@H](C1=CC=CC=C1C=CC(=O)OC)OC[C@H]2CO2,1.9,326.0,19,7,140.73083570769998,250.46978044783083
48.0,465.6,CCCCOCCOC1=CC=C(C=C1)C2=CC(=C(C=C2)N3CCCCCC3)/C=C/C(=O)OCC,6.6,579.0,34,13,317.12394070966667,460.763845649555
29.5,366.3,CCOC(=O)/C=C/C1=C(C=CC(=C1)Br)N2CCCCCCC2,5.1,364.0,22,5,197.53192847333327,297.2390699068954
48.0,495.7,CCCCOCCOC1=CC=C(C=C1)C2=CC(=C(C=C2)N(CC(C)C)CC(C)C)/C=C/C(=O)OCC,8.1,602.0,36,17,328.65524100600004,503.2665264176332
29.5,382.3,CCOC(=O)/C=C/C1=C(C=CC(=C1)Br)N(CC(C)C)CC(C)C,6.0,372.0,23,9,206.62523569866664,323.45776573693365
29.5,340.25,CCOC(=O)/C=C/C1=C(C=CC(=C1)Br)N(C)CC(C)C,4.7,330.0,20,7,181.91157379566667,276.8973106671039
29.5,354.3,CCN(CC(C)C)C1=C(C=C(C=C1)Br)/C=C/C(=O)OCC,5.1,344.0,21,8,188.32671845766663,291.9051157766979
57.2,453.6,CCCCOCCOC1=CC=C(C=C1)C2=CC(=C(C=C2)N3CCOCC3)/C=C/C(=O)OCC,5.0,569.0,33,13,301.60011640533327,438.04012338411604
48.0,439.6,CCCCOCCOC1=CC=C(C=C1)C2=CC(=C(C=C2)N(C)CCC)/C=C/C(=O)OCC,6.3,530.0,32,15,296.4613855833333,440.44246018739324
48.0,465.6,CCCCOCCOC1=CC=C(C=C1)C2=CC(=C(C=C2)N3CCCC(C3)C)/C=C/C(=O)OCC,6.7,601.0,34,13,315.21794889033333,460.5748671365364
29.5,352.3,CCOC(=O)/C=C/C1=C(C=CC(=C1)Br)N2CCCCC2C,4.7,372.0,21,5,189.13049164666668,282.4055239754735
48.0,451.6,CCCCOCCOC1=CC=C(C=C1)C2=CC(=C(C=C2)N3CCC(C3)C)/C=C/C(=O)OCC,6.3,586.0,33,13,309.08807525466665,446.0971302405831
57.2,455.6,CCCCOCCOC1=CC=C(C=C1)C2=CC(=C(C=C2)N(C)CCOC)/C=C/C(=O)OCC,5.2,547.0,33,16,302.13688756066665,449.0269917230862
47.4,378.3,CCOC(=O)/C=C/C1=C(C=CC(=C1)Br)N(C)CC2=CN(N=C2)C,3.2,419.0,23,7,202.15243295623333,301.102882216751
60.9,438.6,CCCCOCCOC1=CC=C(C=C1)C2=CC(=C(N=C2)N3CCCC3)/C=C/C(=O)OCC,5.1,556.0,32,13,295.49966201066667,426.35286078827085
58.5,362.18,CCOC(=O)C(=CC1=CN=CN1C2=CC=C(C=C2)Br)N=[N+]=[N-],4.2,470.0,22,6,182.41800561066665,264.30528850459694
119.0,479.6,CCC1=C(N=C(N=C1NC2=CC=C(C=C2)CC(=O)OCC)C3=CC=C(S3)/C=C/C(=O)OCC)C,5.5,683.0,34,12,329.631459754,443.5200604238729
119.0,388.4,CCOC(=O)/C=C/C1=CC2=C(C(=CN=C2S1)C#N)NC3=CC4=C(C=C3)NC=C4,4.8,648.0,28,6,265.4087107,343.98342297315486
46.6,549.7,CCCCCCCCC#CC1=CC=C(C=C1)CN(C2=CC=C(C=C2)/C=C/C(=O)OCC)C(=O)CCC3=CC=CC=C3,9.8,829.0,41,17,364.2023574596666,563.3182367417885
120.0,461.9,COC(=O)/C=C/C1=CC=CC=C1NC(=O)[C@H](CCCNC(=O)OCC2=CC=CC=C2)N.Cl,,604.0,32,12,247.84129789400004,392.63376245695946
53.4,383.3,CCOC(=O)/C=C/C1=CC(=NN1CC2=C(C=C(C=C2)Cl)Cl)OC(C)C,4.9,462.0,25,8,209.50505321066663,338.8364582580999
44.1,401.3,CCOC(=O)/C=C/C1=CC(=NN1CC2=C(C=C(C=C2)Cl)Cl)C3=CC=CC=C3,5.4,510.0,27,7,246.31933592266668,361.2167591643998
62.6,385.2,CCOC(=O)/C=C/C1=CC(=NN1CC2=C(C=C(C=C2)Cl)Cl)OCOC,4.0,452.0,25,9,202.8082867096667,332.6495457314208
54.0,425.3,CCOC(=O)/C=C/C1=C(C=C(C=C1)OCCOC)OCC2=C(C=C(C=C2)Cl)Cl,5.1,487.0,28,11,233.84075765766667,378.8831045349407
66.9,412.3,CCOC(=O)/C=C/C1=C(C=C(C=C1)OCCOC)OC2=C(C=C(C=N2)Cl)Cl,4.4,479.0,27,10,232.644465398,358.32220247807015
95.1,428.3,CCOC(=O)/C=C/C1=C(C=C(C=C1)OCCOC)OC2=NC=C(S2)Br,4.3,439.0,25,10,225.54242721366668,319.6119281248625
70.8,265.3,CCOC(=O)/C=C/C1=C(C=C(C=C1)OCCOC)N,1.7,293.0,19,8,160.9290617053333,247.6826125506183
84.6,236.24,COCCOC1=CC(=C(C=C1)/C=C/C(=O)[O-])N,1.7,262.0,17,5,189.11911116796668,211.97682966724489
99.8,387.4,CCOC(=O)/C=C/C1=C(C=C(C=C1)OCCOC)OC2=CC=C(C=C2)[N+](=O)[O-],3.7,511.0,28,10,226.8381830923333,346.7055164257221
125.0,334.4,CC(=O)NC1=NC(=CS1)/C=C/C2=CC=C(S2)/C=C/C(=O)OC,2.8,468.0,22,6,258.83757605666665,288.7296714474595
73.6,382.5,CCCCCCCC(=O)N(C)CC1=CC(=CC=C1)C2=CC=C(O2)C=CC(=O)[O-],5.6,513.0,28,10,378.9017022973333,371.6578221819921
44.8,340.4,CCCOC1=CC(=C(C=C1)/C=C/C(=O)OCC)OCC2=CC=CC=C2,4.9,401.0,25,10,217.15383245,334.56900607717483
48.4,297.3,CCOC1=C(C=CC(=C1)CC2=CC=CC=N2)/C=C/C(=O)OC,3.4,369.0,22,7,187.9947837173333,289.1966345098238
61.3,381.2,CCOC(=O)/C=C/C1=CN=C(N=C1OC2=C(C=C(C=C2)Cl)Cl)C(C)C,5.1,462.0,25,7,209.57737046066663,334.81331627894764
57.6,396.3,CCOC(=O)/C=C/C1=C(N=C(C=C1)OC(C)C)OC2=C(C=C(C=C2)Cl)Cl,5.7,475.0,26,8,231.69105106,349.56490130852904
57.6,382.2,CCOC1=NC(=C(C=C1)/C=C/C(=O)OCC)OC2=C(C=C(C=C2)Cl)Cl,5.3,449.0,25,8,220.465443294,334.0738285465349
53.4,286.33,CCOC(=O)/C=C/C1=CN(N=C1OCC2=CC=CC=C2)C,2.7,353.0,21,7,169.746974937,272.9068730075401
78.8,443.9,CCOC(=O)/C=C/C1=C(C=CC(=C1)CN2C(=C(C(=C2C)C3=CC=C(C=C3)C#N)C#N)C)Cl,5.4,772.0,32,7,274.171364287,417.9496704649974
48.4,325.4,CC1=C(C=CC(=N1)/C=C/C(=O)OC(C)(C)C)OCC2=CC=CC=C2,4.0,421.0,24,7,206.26317621366664,321.0771693761553
124.0,491.5,CCO/C(=C\C1=CN=C(C=C1)C2=CC(=CC=C2)N(C)C(=O)OC3=CC=C(C=C3)[N+](=O)[O-])/C(=O)OCC,4.9,776.0,36,10,319.8172230916667,442.25251522323094
67.9,472.6,CCO/C(=C\C1=CC=C(C=C1)C2=CC(=CC=C2)N(C)C(=O)NCCC3=CC=CC=C3)/C(=O)OCC,5.9,680.0,35,11,313.20757755433334,459.53278060983354
47.6,297.3,CNC1=CC=CC(=C1)C2=CC=C(C=C2)/C=C(/C(=O)OC)\OC,4.0,386.0,22,6,216.7892858323333,288.62204782195397
67.9,444.5,CN(C1=CC=CC(=C1)C2=CC=C(C=C2)/C=C(/C(=O)OC)\OC)C(=O)NCCC3=CC=CC=C3,5.2,651.0,33,9,296.32299173666667,428.5035807754883
67.9,466.6,CCCCCCCNC(=O)N(C)C1=CC=CC(=C1)C2=CC=C(C=C2)/C=C(/C(=O)OCC)\OCC,6.8,628.0,34,14,299.33915225033337,462.7364364747403
67.9,458.5,CCO/C(=C\C1=CC=C(C=C1)C2=CC(=CC=C2)N(C)C(=O)NC3=CC=C(C=C3)C)/C(=O)OCC,5.9,678.0,34,9,329.74026844400004,444.2447957858517
43.4,240.25,COC(=O)/C=C/C1=CC2=CC=CC=C2C(=C1)C=O,2.9,335.0,18,4,163.0880373238,227.2033745702678
149.0,569.6,CC(=O)C1=C(C=C2[C@@](C1=O)(C3=C(O2)C(=C(C=C3O)OC)C(=O)NCC4=CC(=CC5=CC=CC=C54)/C=C/C(=O)OC)C)O,4.1,1220.0,42,8,349.626755835,495.32532583652807
72.1,297.3,CCOC(=O)/C=C/C1=C(C=C(C=C1)[N+](=O)[O-])C2=CC=CC=C2,4.0,409.0,22,5,186.3323784723333,272.95115006931235
40.7,330.56,CCOC(=O)/C(=C/C1=C(C=CC(=C1)Br)Cl)/N=[N+]=[N-],5.0,383.0,18,5,162.06977500466667,226.09768644242112
102.0,702.9,CCOC(=O)/C=C/C1=CC=C(C=C1)NC(=O)C2(CCCC2)NC(=O)C3=CC4=C(C=C3)C(=C5N4CCN(CC6=C5C=CC(=C6)OC)C)C7CCCCC7,7.6,1250.0,52,10,480.24825625166665,661.2855094760473
46.6,239.31,CCC(C)OC(=O)C=C.C=CN1CCCC1=O,,227.0,17,5,130.42901499996665,160.6745344066782
55.8,236.26,COC(=O)/C=C/OC1=CC=CC(=C1)CCCO,1.8,250.0,17,7,135.02661024789998,222.459866524574
73.6,371.2,CCOC(=O)/C=C/C1=C(N(N=C1C)C)OC2=C(C=C(C(=C2)O)Cl)Cl,4.0,465.0,24,6,191.8173259143333,312.5753554413599
73.6,421.3,CCOC(=O)/C=C/C1=C(N(N=C1C2CC2)C)OC3=CC(=C(C=C3C)Br)O,4.0,528.0,26,7,213.83357098233333,327.1555281104832
57.6,375.4,CCOC(=O)/C=C/C1=NC=C(C=C1)OCC2=CC=CC=C2OC3=CC=CC=C3,4.5,489.0,28,9,238.10334964366663,359.49509662376033
43.4,218.25,CC1=C(C=CC(=C1)C(=O)C)C(=C)C(=O)OC,2.4,306.0,16,4,124.62048684710004,211.31765653061893
48.4,235.28,CCOC(=O)/C=C/C1=NC=C(C(=C1C)OC)C,2.2,278.0,17,5,143.70531939766667,227.64606508959773
87.5,270.24,C1CC(=O)N(C1=O)OC(=O)C=CC2=CC(=CC=C2)C#N,1.0,487.0,20,4,144.8435424093333,237.44459223196634
57.1,313.4,CN1C=C(C=C1/C=C/C(=O)[O-])CNC23CC4CC(C2)CC(C4)C3,1.1,455.0,23,4,304.78357471833334,293.4770818598858
48.4,314.17,CC(C)(C)OC(=O)C=CC1=C(N=C(C=C1)Br)OC,3.4,312.0,18,5,158.30764241173333,236.43113808268114
38.3,219.71,CCOC(=O)/C=C/C1CCNCC1.Cl,,183.0,14,4,103.56104124646669,180.7652432098298
75.6,427.5,CC1=CC(=C(C=C1OCC2=CC=CC=C2/C(=C\OC)/C(=O)OC)C)/C(=N\OC)/COC,4.3,619.0,31,11,236.011422699,405.07489984223696
87.6,403.5,CCOC(=O)/C=C/C1=C(C(=CS1)C2=CC=C(C=C2)OC)C3=C(C=C(C=C3)C#N)C,5.6,619.0,29,7,272.85595076366667,379.8349094847437
38.3,407.2,CC1=CC(=C(C=C1C)I)NC2=CC=CC(=C2)COC(=O)C=C,5.1,387.0,22,6,198.525186186,289.05849207084384
105.0,429.9,CCOC1=C(C(=C(C=C1C(C)N2C3=NC=NC(=C3C(=N2)C)N)Cl)C)/C=C/C(=O)OC,3.8,623.0,30,7,235.79634846666667,380.27970414031205
29.5,303.4,CCCCCCC1=CC=C(C=C1)C(=CN(C)C)C(=O)OCC,5.4,341.0,22,10,191.12619821433336,315.3737366813795
124.0,711.6,CCCCOC(=O)/C=C/C1=CC2=C(C=C1)N=C(N2C)C3(CCC3)NC(=O)C4=CC5=C(C=C4)C(=C(N5O)C6=NC=C(C=N6)Br)C7CCCC7,7.3,1160.0,48,11,459.2352593846667,590.2072792134611
44.1,282.34,CCOC(=O)/C=C/C1=CN(N=C1)CC=CC2=CC=CC=C2,3.1,373.0,21,7,183.855742139,277.1682528800757
53.4,264.32,CCOC(=O)C=C(C1CCOCC1)C2=CN(N=C2)C,1.5,338.0,19,5,146.51287434703332,247.19662328246184
90.3,462.5,COC1=CC=C(C=C1)C2=C(C3=C(S2=O)C=C(C=C3)OC)OC4=CC=C(C=C4)/C=C/C(=O)OC,4.7,761.0,33,8,339.0408784423334,416.89374677567764
92.7,257.26,CCOC(=O)/C=C\C(=O)[O-].COC(=O)C=C.C=C,,220.0,18,5,118.959134943,142.03653311255323
26.3,170.25,CC(C)CC=C.COC(=O)C=C,,101.0,12,4,128.02214630749998,121.90287035942713
93.2,196.2,C=CC(=O)N.C=CC(=O)OCCC#N,,212.0,14,5,91.4538236057,131.34178244158716
90.1,237.28,CCC(C)(NS(=O)(=O)C)OOC(=O)C=C,1.1,331.0,15,7,105.7633769833,195.73885602435573
47.6,235.28,CCC(C)(NC1=CC=CC=C1)OOC(=O)C=C,3.7,261.0,17,7,125.53424000936668,226.5308360653461
50.1,415.6,CCCCOC(=O)C=C.C=CC#N.C=CC1=CC=CC=C1.C=CC1=CC=CC=C1C=C,,328.0,31,8,264.9212201583333,205.98265182179966
48.4,269.29,CCOC(=O)/C=C/C1=CC=C(C=C1)OC2=CN=CC=C2,3.0,322.0,20,6,180.63484256366667,258.18210409731415
51.3,307.3,COC(=O)/C=C/C1=CNC2=C1C=C(C=C2)OCC3=CC=CC=C3,3.8,417.0,23,6,187.4591764426667,291.1677495585006
26.3,337.3,CCOC(=O)/C=C/C1CCC(CC1)C2=CC=C(C=C2)Br,5.4,324.0,20,5,163.74761925233335,269.30852060289277
65.099,270.32,CC(C)COC(=O)C(=C)C.C=CC(=O)OCC1CO1,,267.0,19,8,124.72807084766669,174.65527672332294
43.4,258.31,CCOC(=O)/C=C/C1=CC2=C(CCCC(=O)C2)C=C1,2.6,359.0,19,4,163.98066349166666,247.3924578340061
87.3,435.3,CC(C)(C)OC(=O)/C(=C/S(=O)(=O)C1=CC=C(C=C1)Br)/COCCOC,2.3,551.0,25,10,191.54891872466663,326.97333808804336
55.8,424.6,CCCCOC1=CC=C(C=C1)C=C.CC(C)(C)OC(=O)C=C.C=CC1=CC=C(C=C1)O,,344.0,31,9,242.66357611166663,245.17931855564132
113.0,240.26,C=CC#N.C=CC(=O)N.C=CC(=O)OCCO,,201.0,17,5,113.56957731166666,116.96334038728607
59.5,234.25,CC(=O)N(C)C1=NC=C(C=C1)/C=C/C(=O)OC,0.8,315.0,17,4,151.83153328283333,219.57098876843378
35.5,326.4,CCCCCCCOC1=C(C=CC2=CC=CC=C21)/C=C/C(=O)OC,6.3,391.0,24,10,212.22652462040003,327.52380113613737
46.5,260.329,CC(=CCOC(=O)C=C)C.C=CC1=CC=C(C=C1)O,,243.0,19,5,159.24817654166665,181.03591149481827
52.6,280.36,CC(=O)OC=C.C=C.C=CC(=O)OC12CCC(C1)CC2,,278.0,20,5,161.27803216183335,169.11051266940046
125.0,400.4,CC1=CC=C(C=C1)S(=O)(=O)OCCOC(=O)C=C.CC(=C)C(=O)OCCO,,491.0,27,11,189.214561773,257.38242665969443
125.0,414.5,CC1=CC=C(C=C1)S(=O)(=O)OCCOC(=O)C=C.CC(=C)C(=O)OCCCO,,503.0,28,12,249.64498374566665,271.04362291766097
125.0,414.5,CC1=CC=C(C=C1)S(=O)(=O)OCCOC(=O)C(=C)C.C=CC(=O)OCCCO,,511.0,28,12,202.27745060133336,281.7302684747043
52.1,226.66,CCOC(=O)/C=C/C1=CN=C(C(=N1)C)Cl,1.8,246.0,15,4,128.88130536086666,201.07900247932545
44.8,312.4,CCOC(=O)C=CC1=CC(=CC(=C1)OCC2=CC=CC=C2)OC,4.0,374.0,23,8,179.2094331873333,303.86368364828127
46.5,303.2,CC(C)(C)OC(=O)C=CC1=C(C=C(C(=C1)Cl)CO)Cl,3.6,336.0,19,5,150.73676659433332,264.1628078952552
54.5,275.16,CCOC(=O)/C=C/C1=C(SC(=C1)Br)C,3.7,230.0,14,4,130.7556775021667,192.01415385479496
75.6,291.34,CCCCOC(=O)C=C.C=CC(=O)NC1=CC=C(C=C1)O,,269.0,21,7,151.195222248,185.40810071444778
102.0,570.8,CCCCCCCCCCCCCCCCCCOC(=O)C=C.CC(=C)C(=O)OCC1CO1.CC(=CF)C(=O)O,,529.0,40,24,297.22389843366665,423.3508413013316
92.9,396.3,COC(=O)/C(=C/C1=CC=C(S1)Br)/NC(=O)OCC2=CC=CC=C2,4.2,451.0,23,7,198.89543884433337,291.525269071582
52.3,221.72,CC(CCC/C=C/C(=O)OC)CN.Cl,,166.0,14,7,100.86929016016666,192.53758346134072
96.0,366.4,CC(C)(C)OC(=O)/C=C/C1=NC(=C(C=C1)NC(=O)CC(OC)OC)OC,1.4,485.0,26,10,217.31943813633333,336.31741166730933
95.9,412.6,CC(=C)C(=O)NCCCCCCCCCCC(=O)O.CN(C)CCOC(=O)C=C,,408.0,29,17,315.5802162256667,325.01090811988723
95.9,463.0,CC(=C)C(=O)NCCCCCCCCCCC(=O)O.CN(C)CCOC(=O)C=C.CCl,,410.0,31,17,394.209569553,325.8585871185847
160.0,514.6,CCCCOC(=O)C=C.CC(=C)C(=O)OC.CC(=C)C(=O)OCCOC(=O)CC(=O)C.C=CC(=O)O,,527.0,36,16,394.7974404236667,279.4661581378256
105.0,403.4,COC(=O)C(=CNNC1=NC=C(C=C1)C(=O)NCC2=CC=CC=C2)C3=CC=CC=N3,3.4,591.0,30,9,244.23715541066667,369.78515083208515
93.7,304.75,CCOC(=O)C(=CNC1=CN=C(C=C1)Cl)S(=O)(=O)C,2.2,444.0,19,6,166.95709178736666,247.05348447573004
52.1,212.63,CC1=NC(=CC(=N1)Cl)C=CC(=O)OC,1.9,233.0,14,3,103.3040089276,185.38869503222463
63.6,464.0,CCOC(=O)/C=C/C1=C(C=CC(=C1)SCC2=CC=CC=C2)NC3=C(C=C(C=C3)Cl)C4CC4,7.7,619.0,32,10,293.4165946206667,437.296937350316
64.599,356.21,CC(C)(C)OC(=O)N/C(=C\Br)/C(=O)OCC1=CC=CC=C1,3.3,395.0,21,7,154.17650073966666,270.9775977499881
52.3,225.67,CCOC(=O)C(=CN)C1=CC=C(C=C1)Cl,2.9,245.0,15,4,122.0342439361,201.392455385027
42.1,244.08,CCOC(=O)/C=C/C1=CC(=CN1)Br,2.1,206.0,13,4,115.0181423711,167.09764198424105
96.6,306.4,CCOC(=O)/C(=C(\NCC1=CC=C(C=C1)OC)/SC)/C#N,3.4,420.0,21,8,168.26218947866667,282.3092796507254
29.5,307.4,C1CCN(CC1)C=CC(=O)OC2=CC=C(C=C2)C3=CC=CC=C3,4.5,386.0,23,5,203.185167611,303.9784713248981
51.6,346.4,C1=CC=C(C=C1)CSC=CC(=O)OC2=CC=C(C=C2)C3=CC=CC=C3,5.5,414.0,25,7,229.374117728,334.83939262234816
110.0,557.6,COC(=O)CC1(CC(=NO1)C2=C(C=CC(=C2)OCC3=CC=CC=C3)/C=C/C(=O)OCC4=CC=CC=C4)CC(=O)OC,4.6,916.0,41,15,313.9668686846667,511.7809330405872
26.3,314.8,CC(C)(C)OC(=O)/C=C/C1=C(C=C(C=C1)Cl)C2=CC=CC=C2,5.4,391.0,22,5,200.57796469166664,302.31634434870756
82.1,328.3,COC1=C(C=CC(=C1)C=CC(=O)OC)OC(=O)C2=CC=C(C=C2)O,3.2,452.0,24,7,200.6136920113333,295.9541958921975
119.0,582.0,CC(C)(C)OC(=O)/C=C/C1=CC(=CC=C1)C2=CN=C(N2)C3CCC4=CC(=CC(=O)N34)C5=C(C=CC(=C5)Cl)N6C=NN=N6,4.5,1120.0,42,8,366.1586219043333,514.637693035335
72.2,218.21,COC1=NC=C(C=C1)/C=C(/C#N)\C(=O)OC,1.4,329.0,16,4,133.5799376687,199.95098673746202
74.7,279.29,CCO/C=C(\C(=O)C1=NC(=CC=C1)OC)/C(=O)OCC,2.2,367.0,20,8,144.77298995466668,256.07998901246435
119.0,447.5,CCOC(=O)C=CC1=CC=CC=C1.CC(C)OC(=O)/C=C/C(=O)OC(C)C.C=CC(=O)[O-],,433.0,32,10,304.80389953266666,263.97415355831646
82.3,246.26,COC(=O)/C=C/C1=CC(=C(C(=N1)C2CC2)C=O)N,1.1,352.0,18,5,150.849643988,225.0001103606564
75.4,348.4,CCOC(=O)/C=C\C1=CC(=C(C=C1)N(CC(C)C)CC(C)C)[N+](=O)[O-],5.2,447.0,25,9,206.37019209366667,335.03282277983044
83.0,550.6,CC1=NC=CC(=C1)C2=NN(C3=C2C=C(C(=C3)N)C=CC(=O)OC)C(C4=CC=CC=C4)(C5=CC=CC=C5)C6=CC=CC=C6,6.9,861.0,42,8,387.1952728313333,524.7033765545981
152.0,488.5,CCOC(=O)/C=C/C(=O)OCC.CC(C)OC(=O)/C=C/C(=O)OC(C)C.C=CC(=O)OCCO,,455.0,34,16,228.400081425,239.31485890873358
69.9,286.33,CCOC(=O)/C=C/C1=C(C=C(C=C1)C)CN2N=C(N=N2)C,3.1,375.0,21,6,168.10820946533332,266.9486363328452
82.7,273.09,C1=C(SC(=C1)Br)C=C(C(=O)[O-])N=[N+]=[N-],4.4,309.0,14,2,133.38919899486666,163.26201365756884
58.9,324.17,COC(=O)C(=C(C1CC1)O)C=NC2=CC=C(C=C2)Br,3.3,394.0,19,5,173.37521360433334,241.44892245288545
77.4,279.29,COCC(=C(C=NC1=CC=CC=C1OC)C(=O)OC)O,1.7,378.0,20,7,157.65280235033333,254.30918056105105
68.1,291.34,CCOC(=O)C(=C(C(C)C)O)C=NC1=CC=CC=C1OC,3.5,401.0,21,7,167.42178980766667,277.97756015629176
58.9,461.7,CCOC(=O)C(=C(C1=C(C=C(C=C1)I)Cl)O)C=NC2CCCCC2,5.4,489.0,24,6,209.851436646,316.3645014549956
79.1,291.34,CCCC(=C(C=NC1=CC=CC(=C1)CO)C(=O)OCC)O,2.7,390.0,21,8,178.95676345466666,273.9154684317144
79.1,291.34,CCOC(=O)C(=C(C(C)C)O)C=NC1=CC=CC=C1CO,2.7,401.0,21,7,161.562798703,273.69797191891104
79.1,305.4,CCCC(=C(C=NC1=CC=CC=C1C(C)O)C(=O)OCC)O,3.1,417.0,22,8,170.76802401266664,289.084328656452
76.0,303.35,CCCC(=C(C=NC1=CC=CC=C1C(=O)C)C(=O)OCC)O,3.3,454.0,22,8,171.20247830433334,287.4268901162455
88.4,307.34,CCCC(=C(C=NC1=C(C=C(C=C1)O)OC)C(=O)OCC)O,3.2,419.0,22,8,185.793239102,282.2919306246198
79.1,463.2,CCOC(=O)C(=C(C1=C(C=CC(=C1)Br)Br)O)C=N[C@H](CO)C(C)C,4.4,479.0,24,8,199.9574442573333,305.53806321391124
107.0,564.5,CCOC(=O)C(=C(C1=CC(=C(C=C1Br)OC)OCC2=CC=C(C=C2)OC)O)C=N[C@H](CO)C(C)(C)C,5.5,743.0,36,13,282.2074722263333,463.5598392586389
71.8,409.7,CCOC(=O)C(=C(C1=C(N=CC=C1)Cl)O)C=NC2=CC(=CC=C2)Br,4.6,498.0,24,6,222.19022416733333,303.8313388495756
101.0,381.8,CCOC(=O)C(=C(C1=C(N=CC=C1)Cl)O)C=NC2CCN(C2)C(=O)OC,2.3,581.0,26,7,191.03635027233327,327.70822894876414
81.0,304.34,CCOC(=O)C(=C(C1CCC1)O)C=NC2=CN=C(C=C2)OC,2.8,443.0,22,7,183.817043199,281.1073564220818
57.0,365.23,COC(=O)C=CN1C=NC(=N1)C2=CC(=CC(=C2)C(F)(F)F)C(F)(F)F,3.5,486.0,25,4,165.2936564781,273.34932660769886
46.5,186.25,CCCC(CC(=C)C(=O)OCC)O,2.0,175.0,13,7,89.958377772,183.94514870983937
62.3,281.3,C=CC(=O)OC1=C(C=CC2=C1NC3=CC=CC=C23)CCO,3.3,398.0,21,5,177.46995844433332,257.1017864212368
29.5,195.26,CCOC(=O)/C=C/N(CC=C)CC=C,2.1,211.0,14,8,111.79718766916666,203.62655138495296
67.9,361.4,CCOC(=O)/C(=C/C1=CN(N=C1C2=CC=C(C=C2)F)C3=CC=CC=C3)/C#N,4.2,586.0,27,6,238.46081611866663,332.796766934776
26.3,363.2,CC(C)C1=CC(=C(C=C1)OC(=O)/C=C/C2=CC=C(C=C2)F)Br,5.7,389.0,22,5,200.89403509233333,283.09865718863585
39.4,296.24,COC(=O)/C=C/C1=CC=C(O1)C2=CC(=CC=C2)C(F)(F)F,3.8,392.0,21,4,180.3693539082,249.3676027873701
128.0,507.6,CCOC(=O)C(C#N)C(=N[C@H]1CCCCN(C1=O)CC(=O)N2CCCC2)NC3=CC4=C(C=C3)OC(=C4)C,3.5,923.0,37,9,275.3797869,460.08577741189947
55.4,219.24,CC1=CC(=CC=C1)C(=O)NC(=C)C(=O)OC,2.1,299.0,16,4,118.1583131524,206.68166285599605
78.9,216.19,COC(=O)C(COC(=O)C=C)C(=O)OC,0.7,254.0,15,8,87.0748924304,187.96346403430857
26.3,270.3,CC1=C(C(=CC=C1)C)OC(=O)/C=C/C2=CC=C(C=C2)F,4.6,335.0,20,4,169.98651561766667,258.8251552221124
26.3,276.69,C1=CC(=CC=C1/C=C/C(=O)OC2=CC=C(C=C2)Cl)F,4.5,316.0,19,4,168.19896840060002,246.17621314779765
35.5,302.7,CCOC1=CC=C(C=C1)/C=C/C(=O)OC2=CC=C(C=C2)Cl,4.7,340.0,21,6,198.49867746153333,281.19509894245925
52.6,341.2,CCOC1=C(C=C(C=C1)Br)/C=C(/C(=O)C)\C(=O)OCC,3.4,378.0,20,7,166.30423738983333,259.9526617653621
35.5,396.8,C1=CC(=CC=C1COC(=O)/C=C/C2=CC=C(C=C2)OCC3=CC=C(C=C3)Cl)F,5.9,488.0,28,8,233.0040989203333,362.30003480762184
54.0,346.3,COC1=CC(=CC(=C1OC)OC)/C=C/C(=O)OCC2=CC=C(C=C2)F,3.7,420.0,25,8,210.7233546666667,317.04563478379174
63.2,205.21,CC1=C(OC(=C1)/C=C(\C#N)/C(=O)OC)C,2.5,326.0,15,3,129.09715359166668,191.48360889252518
85.6,468.5,C1=CC=C(C=C1)/C=C/C(=O)OC2=CC=C(C=C2)/C=N/NC(=O)C3=NN(C=C3)CC4=CC=CC=C4F,5.0,747.0,35,9,330.9890953333333,428.4297381013065
43.4,308.4,CCCCOC(=O)/C=C/C1=CC=C(C=C1)C(=O)C2=CC=CC=C2,4.8,399.0,23,8,205.04526848033333,305.05900948738304
46.5,226.65,COC(=O)C(=C)C(C1=CC(=CC=C1)Cl)O,2.2,252.0,15,4,106.38150314926666,199.79358187537264
80.8,349.4,CC1=C(C=CC=C1F)NS(=O)(=O)C2=CC=C(C=C2)/C=C/C(=O)OC,3.2,549.0,24,6,204.233374274,299.4264666350954
44.8,377.2,COC1=C(C=CC(=C1)/C=C/C(=O)OC)OCC2=CC=C(C=C2)Br,4.1,391.0,23,7,203.904914899,296.01092083181436
63.2,321.25,COC(=O)/C(=C\C1=CC=C(O1)C2=CC(=CC=C2)C(F)(F)F)/C#N,4.2,520.0,23,4,190.6371423683,268.07326852887803
39.4,423.61,CCOC(=O)/C=C/C1=CC=C(O1)C2=CC(=C(C=C2Cl)Br)C(F)(F)F,5.5,472.0,24,5,215.7769173901,291.5034006140283
39.4,375.14,COC(=O)/C=C/C1=CC=C(O1)C2=CC(=C(C=C2)Br)C(F)(F)F,4.5,425.0,22,4,197.98247521200005,258.11080679006267
39.4,246.23,COC(=O)/C=C/C1=CC=C(O1)C2=CC=C(C=C2)F,3.1,308.0,18,4,172.5765597776667,223.34105900664653
39.4,272.27,C=CCOC(=O)/C=C/C1=CC=C(O1)C2=CC=C(C=C2)F,3.7,359.0,20,6,186.78788510066667,252.82030577435157
39.4,351.17,C=CCOC(=O)/C=C/C1=CC=C(O1)C2=C(C=C(C=C2)F)Br,4.4,399.0,21,6,196.260594276,261.33308375941147
39.4,306.71,C=CCOC(=O)/C=C/C1=CC=C(O1)C2=CC(=C(C=C2)F)Cl,4.3,399.0,21,6,199.13539147466668,270.65107739212084
39.4,322.28,C=CCOC(=O)/C=C/C1=CC=C(O1)C2=CC(=CC=C2)C(F)(F)F,4.5,445.0,23,6,190.87917255,278.42013973929187
39.4,354.7,C#CCOC(=O)/C=C/C1=CC=C(O1)C2=C(C=CC(=C2)C(F)(F)F)Cl,4.6,523.0,24,5,200.53353478066663,295.12919732739306
39.4,356.7,C=CCOC(=O)/C=C/C1=CC=C(O1)C2=C(C=CC(=C2)C(F)(F)F)Cl,5.1,478.0,24,6,203.87951793346664,296.7034429518741
35.5,300.3,CCOC(=O)/C=C/C1=CC=C(C=C1)OCC2=CC=CC=C2F,4.1,361.0,22,7,192.27859576033333,283.6917902132725
35.5,312.3,C=CCOC(=O)/C=C/C1=CC=C(C=C1)OCC2=CC=CC=C2F,4.4,399.0,23,8,192.9484000923333,297.81090844081643
35.5,312.3,C=CCOC(=O)/C=C/C1=CC=C(C=C1)OCC2=CC(=CC=C2)F,4.4,399.0,23,8,194.10523686966667,297.5368458153269
35.5,346.8,C=CCOC(=O)/C=C/C1=CC=C(C=C1)OCC2=C(C=C(C=C2)F)Cl,5.0,432.0,24,8,202.8379943973333,315.4214418414273
35.5,344.8,C#CCOC(=O)/C=C/C1=CC=C(C=C1)OCC2=C(C=C(C=C2)F)Cl,4.5,476.0,24,7,200.170199307,313.56060439236467
35.5,412.19,COC(=O)/C=C/C1=CC(=C(C=C1)OCC2=CC=CC=C2F)I,4.4,388.0,22,6,193.53774436766665,277.4297936415455
35.5,426.2,CCOC(=O)/C=C/C1=CC(=C(C=C1)OCC2=CC=CC=C2F)I,4.8,402.0,23,7,203.01764541633327,292.40217494091917
35.5,389.2,C#CCOC(=O)/C=C/C1=CC(=C(C=C1)OCC2=CC=CC=C2F)Br,4.6,484.0,24,7,204.79779229866668,304.421851323378
35.5,320.7,COC(=O)/C=C/C1=CC(=C(C=C1)OCC2=CC=CC=C2F)Cl,4.4,388.0,22,6,183.41192829266663,286.22131223165655
35.5,365.2,COC(=O)/C=C/C1=CC(=C(C=C1)OCC2=CC(=CC=C2)F)Br,4.5,388.0,22,6,187.788945525,276.8416448779271
35.5,379.2,CCOC(=O)/C=C/C1=CC(=C(C=C1)OCC2=CC(=CC=C2)F)Br,4.8,402.0,23,7,197.33540384833336,292.1384720531706
35.5,436.2,C#CCOC(=O)/C=C/C1=CC(=C(C=C1)OCC2=CC(=CC=C2)F)I,4.5,484.0,24,7,209.033294621,305.66524056672466
35.5,426.2,CCOC(=O)/C=C/C1=CC(=C(C=C1)OCC2=CC(=CC=C2)F)I,4.8,402.0,23,7,203.82344191166663,292.9736886987608
35.5,389.2,C#CCOC(=O)/C=C/C1=CC(=C(C=C1)OCC2=CC=C(C=C2)F)Br,4.6,476.0,24,7,205.636113866,304.7493181721614
35.5,391.2,C=CCOC(=O)/C=C/C1=CC(=C(C=C1)OCC2=CC=C(C=C2)F)Br,5.1,432.0,24,8,207.4915464663333,306.62920652214433
35.5,320.7,COC(=O)/C=C/C1=CC(=C(C=C1)OCC2=CC=C(C=C2)F)Cl,4.4,380.0,22,6,184.2087304933333,285.9507128702671
35.5,346.8,C=CCOC(=O)/C=C/C1=CC(=C(C=C1)OCC2=CC=C(C=C2)F)Cl,5.0,432.0,24,8,203.71870374833333,315.6512995244003
35.5,379.2,C#CCOC(=O)/C=C/C1=CC(=C(C=C1)OCC2=C(C=C(C=C2)F)Cl)Cl,5.1,516.0,25,7,212.2674650673333,331.7351001527549
35.5,355.2,COC(=O)/C=C/C1=CC(=C(C=C1)OCC2=C(C=C(C=C2)F)Cl)Cl,5.0,419.0,23,6,194.31817700233333,303.5135221690248
35.5,470.7,C#CCOC(=O)/C=C/C1=CC(=C(C=C1)OCC2=C(C=C(C=C2)F)Cl)I,5.2,518.0,25,7,220.6334426933333,323.7323272719793
35.5,460.7,CCOC(=O)/C=C/C1=CC(=C(C=C1)OCC2=C(C=C(C=C2)F)Cl)I,5.4,435.0,24,7,212.99956258933327,310.98505325676297
35.5,446.6,COC(=O)/C=C/C1=CC(=C(C=C1)OCC2=C(C=C(C=C2)F)Cl)I,5.0,421.0,23,6,203.62551661133327,294.6719588645436
44.8,466.2,COC1=C(C(=CC(=C1)/C=C/C(=O)OCC#C)I)OCC2=CC=CC=C2F,4.5,529.0,26,8,228.58228327366663,330.14499756389887
44.8,419.2,COC1=C(C(=CC(=C1)/C=C/C(=O)OCC#C)Br)OCC2=CC=CC=C2F,4.5,529.0,26,8,215.6344404863333,328.9835924420113
44.8,395.2,COC1=C(C(=CC(=C1)/C=C/C(=O)OC)Br)OCC2=CC=CC=C2F,4.4,431.0,24,7,202.3683751356667,300.7957312048565
44.8,364.8,CCOC(=O)/C=C/C1=CC(=C(C(=C1)Cl)OCC2=CC=CC=C2F)OC,4.7,445.0,25,8,205.13328710433333,326.2528244535188
44.8,330.3,CCOC(=O)/C=C/C1=CC(=C(C=C1)OCC2=CC=CC=C2F)OC,4.1,412.0,24,8,208.225828929,308.6292198946897
44.8,316.3,COC1=C(C=CC(=C1)/C=C/C(=O)OC)OCC2=CC(=CC=C2)F,3.7,399.0,23,7,191.46007998433333,292.2102092753125
44.8,342.4,COC1=C(C=CC(=C1)/C=C/C(=O)OCC=C)OCC2=CC(=CC=C2)F,4.4,451.0,25,9,210.94479908066668,321.9183360297583
44.8,350.8,COC1=C(C(=CC(=C1)/C=C/C(=O)OC)Cl)OCC2=CC(=CC=C2)F,4.4,431.0,24,7,197.12978282766667,310.55169389867325
44.8,409.2,CCOC(=O)/C=C/C1=CC(=C(C(=C1)Br)OCC2=CC(=CC=C2)F)OC,4.8,445.0,25,8,203.13584005166663,316.7034183089041
44.8,421.3,COC1=C(C(=CC(=C1)/C=C/C(=O)OCC=C)Br)OCC2=CC(=CC=C2)F,5.1,484.0,26,9,214.94654376506665,330.41800111852325
44.8,466.2,COC1=C(C(=CC(=C1)/C=C/C(=O)OCC#C)I)OCC2=CC(=CC=C2)F,4.5,529.0,26,8,225.06112519333337,329.66409663152996
44.8,468.3,COC1=C(C(=CC(=C1)/C=C/C(=O)OCC=C)I)OCC2=CC(=CC=C2)F,5.0,484.0,26,9,221.36176997566668,331.7567809081126
44.8,456.2,CCOC(=O)/C=C/C1=CC(=C(C(=C1)I)OCC2=CC=C(C=C2)F)OC,4.8,437.0,25,8,210.87752876393333,317.32701056401606
44.8,468.3,COC1=C(C(=CC(=C1)/C=C/C(=O)OCC=C)I)OCC2=CC=C(C=C2)F,5.0,476.0,26,9,221.04997123523336,331.6135999008526
44.8,419.2,COC1=C(C(=CC(=C1)/C=C/C(=O)OCC#C)Br)OCC2=CC=C(C=C2)F,4.5,521.0,26,8,215.395489629,328.40824095443
44.8,421.3,COC1=C(C(=CC(=C1)/C=C/C(=O)OCC=C)Br)OCC2=CC=C(C=C2)F,5.1,476.0,26,9,213.30534227016665,330.55554094144134
44.8,350.8,COC1=C(C(=CC(=C1)/C=C/C(=O)OC)Cl)OCC2=CC=C(C=C2)F,4.4,423.0,24,7,190.17962672,309.4445368062185
44.8,340.3,COC1=C(C=CC(=C1)/C=C/C(=O)OCC#C)OCC2=CC=C(C=C2)F,3.9,487.0,25,8,215.568969605,320.4642390634376
44.8,374.8,COC1=C(C=CC(=C1)/C=C/C(=O)OCC#C)OCC2=C(C=C(C=C2)F)Cl,4.5,529.0,26,8,214.306824674,338.8599120492443
44.8,411.2,COC1=C(C(=CC(=C1)/C=C/C(=O)OCC=C)Cl)OCC2=C(C=C(C=C2)F)Cl,5.6,516.0,27,9,238.0149554653333,356.9160024416455
44.8,399.2,CCOC(=O)/C=C/C1=CC(=C(C(=C1)Cl)OCC2=C(C=C(C=C2)F)Cl)OC,5.4,477.0,26,8,213.2175441253333,343.66992877208907
44.8,455.7,COC1=C(C(=CC(=C1)/C=C/C(=O)OCC=C)Br)OCC2=C(C=C(C=C2)F)Cl,5.7,518.0,27,9,241.55916894066664,348.2780868341555
44.8,490.7,CCOC(=O)/C=C/C1=CC(=C(C(=C1)I)OCC2=C(C=C(C=C2)F)Cl)OC,5.4,479.0,26,8,224.4327280023333,335.3034290414489
35.5,310.3,C#CCOC(=O)/C=C/C1=CC(=CC=C1)OCC2=CC=C(C=C2)F,3.9,443.0,23,7,176.22138923333333,295.94132940303587
35.5,344.8,C#CCOC(=O)/C=C/C1=CC(=CC=C1)OCC2=C(C=C(C=C2)F)Cl,4.5,484.0,24,7,188.033684212,313.77430212352454
44.8,316.3,COC1=C(C=C(C=C1)/C=C/C(=O)OC)OCC2=CC=C(C=C2)F,3.5,391.0,23,7,187.22539223766665,292.8566057636576
44.8,376.8,COC1=C(C=C(C=C1)/C=C/C(=O)OCC=C)OCC2=C(C=C(C=C2)F)Cl,5.0,484.0,26,9,224.508838052,339.3252595408165
44.8,374.8,COC1=C(C=C(C=C1)/C=C/C(=O)OCC#C)OCC2=C(C=C(C=C2)F)Cl,4.5,529.0,26,8,214.2903493213333,337.60339129164936
44.8,342.4,COC1=C(C=C(C=C1)/C=C/C(=O)OCC=C)OCC2=CC=C(C=C2)F,4.4,443.0,25,9,203.87142367566665,322.1823858726114
44.8,330.3,CCOC(=O)/C=C/C1=CC(=C(C=C1)OC)OCC2=CC=C(C=C2)F,4.1,404.0,24,8,195.0600728183333,308.0394374510392
35.5,423.7,C#CCOC(=O)/C=C/C1=CC(=C(C(=C1)Br)OCC2=CC(=CC=C2)F)Cl,5.2,518.0,25,7,208.601364314,322.2108979495031
35.5,413.7,CCOC(=O)/C=C/C1=CC(=C(C(=C1)Br)OCC2=CC(=CC=C2)F)Cl,5.5,435.0,24,7,203.046936889,309.9329141328828
35.5,399.6,COC(=O)/C=C/C1=CC(=C(C(=C1)Br)OCC2=CC(=CC=C2)F)Cl,5.1,421.0,23,6,193.88084349533327,294.533437119933
35.5,413.7,CCOC(=O)/C=C/C1=CC(=C(C(=C1)Br)OCC2=CC=CC=C2F)Cl,5.5,435.0,24,7,201.382073168,310.4558633382207
35.5,399.6,COC(=O)/C=C/C1=CC(=C(C(=C1)Br)OCC2=CC=CC=C2F)Cl,5.1,421.0,23,6,192.97368242266668,294.53746246994643
35.5,448.1,CCOC(=O)/C=C/C1=CC(=C(C(=C1)Br)OCC2=C(C=C(C=C2)F)Cl)Cl,6.1,466.0,25,7,218.12680070600004,327.73690470224733
35.5,458.1,C#CCOC(=O)/C=C/C1=CC(=C(C(=C1)Br)OCC2=C(C=C(C=C2)F)Cl)Cl,5.8,550.0,26,7,231.50943811366668,340.6962447761991
55.4,269.29,CCOC(=O)/C=C\NC(=O)C1=CC2=CC=CC=C2C=C1,3.4,378.0,20,5,169.06114076966665,253.9205821722309
52.6,368.5,CCCCCCCCCCCCCCCCOC(=O)CCOC(=O)C=C,8.3,352.0,26,21,192.0272221403333,379.60522278792746
76.9,344.5,CCOC(=O)C=C(SCC1=CC=CC=C1)SCC2=CC=CC=C2,4.9,346.0,23,9,197.80665816,324.81563403301163
43.6,284.23,CCOC(=O)/C=C/C1=CN=C2N1C=C(C=C2)C(F)(F)F,3.3,384.0,20,4,148.59111859936667,235.19411125068137
58.4,364.4,C=CC(=O)OC1=CC=CC=C1P(=S)(C2=CC=CC=C2)C3=CC=CC=C3,6.1,484.0,25,6,211.1858444343333,338.7760561620806
26.3,304.4,CC(C)(C)OC(=O)C(=C)C1=CC2=CC3=CC=CC=C3C=C2C=C1,5.8,459.0,23,4,218.73617585,303.1357963544868
62.6,300.4,CC1=CC=C(C=C1)[S@](=O)C(=C)C(=O)OCC2=CC=CC=C2,3.6,391.0,21,6,162.48940262966667,279.7367576085065
54.0,202.2,C=CC(=O)OCCOC1OCCCO1,0.7,186.0,14,6,83.76034862856666,177.80061144004264
43.4,308.4,CC(C)(C)OC(=O)C(=C)C1=CC=C(C=C1)C(=O)C2=CC=CC=C2,4.7,444.0,23,6,190.27486636966668,303.88223308598936
52.3,305.3,C=CC(=O)OCC1=C(OC(=N1)C2=CC=CC=C2)C3=CC=CC=C3,4.0,399.0,23,6,200.7179600754,290.05263102708545
155.0,310.22,C=CC(=O)OC(=O)C1=C(C(=CC(=C1)[N+](=O)[O-])[N+](=O)[O-])CCO,1.4,481.0,22,6,140.52276711303332,240.817129707561
72.1,286.08,COC(=O)/C(=C/C1=CC=C(C=C1)Br)/[N+](=O)[O-],2.9,302.0,16,3,134.04970012553335,189.88775857962133
57.9,330.4,CCOC(=O)C=C(C1=CNC2=CC=CC=C21)C3=CNC4=CC=CC=C43,4.7,484.0,25,5,216.40151694966667,309.90947998003355
72.1,359.4,C1=CC=C(C=C1)C(C2=CC=CC=C2)OC(=O)/C=C/C3=CC(=CC=C3)[N+](=O)[O-],5.2,497.0,27,6,215.45598052866663,335.60274914806035
26.3,362.06,CC(C)(C)OC(=O)C(=C)C1=CC(=CC(=C1)Br)Br,4.7,297.0,17,4,142.96670588736666,225.00277958092897
75.4,276.29,COC(=O)C=CC1=CC(=C(C=C1)N2CCCC2)[N+](=O)[O-],2.6,385.0,20,4,163.834176742,247.79826769161747
55.0,202.21,COC(=O)/C=C/C1=CC2=C(C=C1)N=CN2,1.8,265.0,15,3,128.05773078426665,184.32823531844807
84.4,350.3,CC1=C(N=C(C(=N1)C)COC2=C(C=C(C=C2)/C=C/C(=O)[O-])OC)C.[Na+],,449.0,25,6,206.7276468836667,305.01211004684325
41.6,144.17,CN(C)NC=CC(=O)OC,1.1,132.0,10,4,73.1081198615,138.15555486498158
52.3,241.28,CCOC(=O)/C=C(/C1=CC2=CC=CC=C2C=C1)\N,3.5,325.0,18,4,158.31106831746666,231.015299501312
75.0,302.26,CCOC(=O)C(=CP(=O)(OCC)OCC)C1=COC=C1,1.3,382.0,20,9,146.77170222200002,262.1855371711084
42.1,249.69,CCOC(=O)C=CC1=CNC2=C1C=C(C=C2)Cl,3.3,306.0,17,4,133.71693824899998,223.33452604709663
87.3,365.4,CCOC(=O)C=C(C1=NC(=CC=C1)OCC2=CC=CC=C2)C3=NN=C(O3)C,3.5,508.0,27,8,203.748794221,334.58280929135225
74.4,398.8,CCOC(=O)C=C(C1=CC(=CC(=C1)Cl)OCC2=CC=CC=C2)C3=NN=C(O3)C,4.8,539.0,28,8,216.3360618053333,356.7304843019588
43.4,324.4,CC(=O)C1=CC=C(C=C1)C(=C)C(=O)OC23CC4CC(C2)CC(C4)C3,4.7,512.0,24,5,186.1039301803333,307.2894370043662
44.8,300.3,CCOC(C1=C(C=C(C=C1F)/C=C/C(=O)OC)F)OCC,2.8,331.0,21,8,158.67113698546666,266.6878068437935
44.8,272.24,COC(C1=C(C=C(C=C1F)/C=C/C(=O)OC)F)OC,2.0,306.0,19,6,139.01812803913333,234.71074792649648
48.3,243.26,CC(=O)N1C=C(C2=CC=CC=C21)/C=C/C(=O)OC,2.2,364.0,18,3,155.313437568,227.70421460241872
61.8,186.16,COC(=O)C(=C)C1CCOC(=O)O1,1.0,245.0,13,3,76.82218998680001,157.9652452514341
50.1,305.4,CCCCC1=CC=C(C=C1)OC(=O)/C=C/C2=CC=C(C=C2)C#N,5.4,432.0,23,7,214.63774712476663,304.9589490358652
51.5,407.2,C=CC(=O)OC1=CC(=CC2=C1N(C3=CC=CC=C32)CCO)I,3.6,430.0,22,5,195.3564767916667,269.7680838099376
44.1,216.24,CN1C2=CC=CC=C2N=C1C=CC(=O)OC,1.8,291.0,16,3,138.92750554323334,203.3751614419418
55.4,298.13,COC(=O)C(=CBr)NC(=O)CC1=CC=CC=C1,2.0,309.0,17,5,125.4112584225,215.13851356354473
52.6,371.3,CC(C)(C(=O)OC12CC3CC(C1)CC(C3)(C2)OC(=O)C=C)Br,3.9,511.0,22,6,155.61648084766668,278.99471014897995
84.5,310.3,C=CC(=O)OCC1=CC=C(C=C1)N=CC2=CC=C(C=C2)[N+](=O)[O-],3.3,442.0,23,6,176.21023223533334,283.386882142424
47.9,233.26,COC1=CC=C(C=C1)C=NCCOC(=O)C=C,1.9,268.0,17,7,131.047438656,226.58318647127473
48.4,235.28,CC(C)(C)OC(=O)C(=C)C1=CC(=CN=C1)OC,2.2,294.0,17,5,125.93879919299998,227.57485517583524
71.6,238.3,CC(C)(C)OC(=O)C(=C)C1=C(SC=C1)C=O,2.8,304.0,16,5,120.87795467303332,217.9925187702137
46.6,275.34,CC(C)(C)C(=O)N(CC(=C)C(=O)OC)C1=CC=CC=C1,3.0,376.0,20,6,145.4643025516667,270.8422246490007
26.3,313.23,C=C(CBr)C(=O)OCC12CC3CC(C1)CC(C3)C2,4.2,333.0,18,5,134.77595127133333,235.29500517578091
52.6,228.28,CCOC(=O)C(=C)CC(C(C)C)OC(=O)C,2.6,268.0,16,8,108.8971760997,222.28361371147793
82.1,343.4,CC(C)(C)OC(=O)C(=C)N(C(=O)OC(C)(C)C)C(=O)OC(C)(C)C,3.8,489.0,24,8,160.39421085266667,325.7889879526201
26.3,260.399,CC(C)(C)C1=CC=C(C=C1)/C=C/C(=O)OC(C)(C)C,4.9,320.0,19,5,169.29275662533334,271.00172837263244
51.5,315.7,C=CC(=O)OC1=CC(=CC2=C1N(C3=CC=CC=C32)CCO)Cl,3.6,430.0,22,5,183.74486435033336,278.293594843885
26.3,306.5,CC1(CCCCC(C1(C)OC(=O)C=C)C2CCCCCC2)C,7.3,391.0,22,4,165.03775536233331,313.9765776120203
39.2,187.19,COC(=O)/C=C/C1=NC=C(C=C1)C#C,1.4,274.0,14,4,128.47203579123334,184.92111299688727
29.5,375.4,COC(=O)/C=C/C1=CC(=C(C=C1)F)N(CC2=CC=CC=C2)CC3=CC=CC=C3,5.4,477.0,28,8,236.04856557866665,364.6072720668563
52.6,272.29,CC(C)(C)OC(=O)C(=C)C1=CC2=CC=CC=C2OC1=O,3.3,467.0,20,4,160.79478448946668,253.7338427122175
26.3,322.7,C1=CC(=CC=C1CCOC(=O)/C=C/C2=CC(=C(C=C2)Cl)F)F,5.0,381.0,22,6,173.0110184411,282.14929580361456
77.8,327.3,COC1=CC=CC=C1C(=O)N/C(=C/C2=CC=CO2)/C(=O)OCC=C,3.0,488.0,24,8,202.88853968566664,301.6338654392609
48.4,243.26,COC1=C(C2=C(C=C1)N=CC=C2)/C=C/C(=O)OC,2.4,316.0,18,4,157.8386955393,227.8034894956691
72.6,235.28,CCCCOC(=O)/C=C/C1=C(C=CC(=C1)N)O,2.4,265.0,17,6,141.82652820516668,220.1724699099698
31.2,291.3,CC1=CC=CC=C1N2C=CC3=C2C=CC(=C3)/C=C/C(=O)OC,4.3,420.0,22,4,209.8351008033333,285.3645432172828
68.8,282.36,CC(C)(C)OC(=O)C(=C)C1=CC=C(C=C1)S(=O)(=O)C,2.6,443.0,19,5,149.63831989266666,254.995653607105
50.1,256.079,COC(=O)C(=C)C1=C(C(=C(C=C1)Cl)C#N)Cl,3.3,347.0,16,3,124.54206278513334,215.90418866004873
56.9,224.3,C=CC(=O)[O-].C1CCC2=NCCC[NH+]2CC1,,213.0,16,0,113.89296730466668,157.6730392413319
101.0,432.4,CCOC(=O)/C=C/C1=C(N(C(=O)N(C1=O)C(=O)C2=CC=CC=C2)C(=O)C3=CC=CC=C3)C,3.3,847.0,32,6,262.58971588133335,388.32209181400503
46.5,226.65,CCOC(=O)/C=C/C1=C(C=CC(=C1)Cl)O,2.8,240.0,15,4,125.8824019622,199.8615434240796
92.3,389.5,CCOP(=O)(C(=C)C(=O)[O-])OCC.C1CCC(CC1)[NH2+]C2CCCCC2,,348.0,26,7,189.512485259,260.79281314584387
77.9,366.3,C1=CC(=CC(=C1)C(F)(F)F)/C=C/C(=O)OC2=CC3=C(C=C2)SC(=O)O3,5.0,549.0,25,4,195.06748288766664,288.88370284376265
54.5,210.29,CCOC(=O)C(=CC1=CC(=CS1)C)C,3.0,235.0,14,4,119.4372072301,198.60862912604577
54.5,272.4,CCOC(=O)C(=CC1=CC(=CS1)C2=CC=CC=C2)C,4.3,332.0,19,5,178.2301017615,260.1321481909698
35.5,184.11,CO/C=C(/C(=O)OC)\C(F)(F)F,1.2,195.0,12,3,62.409136114666666,140.2163096488685
98.1,270.67,CCOC(=O)C=C(C1=C(C=CC(=C1)[N+](=O)[O-])Cl)N,2.7,353.0,18,4,136.16544689036667,221.33064093656128
170.0,296.24,CCOC(=O)C(=C(N)N)C1=C(C=C(C=C1)[N+](=O)[O-])[N+](=O)[O-],1.4,462.0,21,4,153.82771085926666,229.78662597160422
76.9,371.3,COC(=O)C(=CSC1=CC=C(C=C1)Cl)SC2=CC=C(C=C2)Cl,6.0,388.0,22,6,218.704012454,313.95033800912114
54.5,210.29,CCOC(=O)C(=CC1=C(C=CS1)C)C,3.0,235.0,14,4,115.70013487143336,198.99794712122213
54.5,272.4,CCOC(=O)C(=CC1=CC=C(S1)C2=CC=CC=C2)C,4.3,332.0,19,5,203.12184005196664,260.1006111008827
31.2,291.3,COC(=O)/C=C/C1=CC2=C(C=C1)N(C=C2)CC3=CC=CC=C3,3.9,400.0,22,5,196.4478496334333,285.73940018982535
48.0,319.4,CCCCOC(=O)/C=C/C1=C(C=C(C=C1)OC)N2CCOCC2,3.2,379.0,23,8,198.9189342586667,305.8642856806888
68.6,273.28,C=CC(=O)OCCOCC1=C2C=CC=NC2=C(C=C1)O,2.1,334.0,20,7,148.1066606497,248.44238350260767
54.5,196.27,CC1=CC=C(S1)C=C(C)C(=O)OC,2.7,223.0,13,3,120.4144366691,182.90954511467282
54.5,258.3,CC(=CC1=CC(=CS1)C2=CC=CC=C2)C(=O)OC,3.9,319.0,18,4,172.43399326273334,244.01514345530268
97.4,332.17,CC1=CC=C(C=C1)SC(=C([N+](=O)[O-])Br)C(=O)OC,3.7,359.0,18,4,151.97907980266666,225.82353000982854
35.5,325.08,COC(=O)/C=C/C1=CC(=C(C=C1)OC(F)(F)F)Br,4.1,317.0,18,4,131.388639992,210.055781320967
52.6,274.19,COC(=O)/C=C/C1=CC(=C(C=C1)C=O)OC(F)(F)F,2.8,351.0,19,5,131.8984798491,220.59712062996647
72.1,300.1,COC(=O)/C(=C/C1=CC=C(C=C1)[N+](=O)[O-])/CBr,2.6,316.0,17,4,140.99707008596667,205.44785660644166
90.3,441.8,CC1=NN(C(=C1/C=C/C(=O)OCC(=O)NC(=O)C2=CC=CC=C2)Cl)C3=CC=C(C=C3)F,4.4,678.0,31,7,253.0088335233333,380.62495147706227
70.8,235.24,CCOC(=O)C=CC1=CC2=C(C=C1N)OCO2,1.7,305.0,17,4,141.4706055133333,206.9014845552469
80.7,341.4,COC(=O)C(=CSCC1=CC=CC=C1)NC(=O)CC2=CC=CC=C2,3.3,438.0,24,8,191.27061654566668,317.95321359230826
38.3,295.4,CCOC(=O)/C(=C/C1=CC=CC=C1)/CNC2=CC=CC(=C2)C,5.0,372.0,22,7,180.39555889566668,295.7932585477571
39.2,229.63,CCOC(=O)/C=C/C1=C(C=CN=C1Cl)F,2.6,248.0,15,4,114.02055179866666,194.99483811429127
63.2,282.29,COC1=CC(=C(C(=C1/C=C/C(=O)OC)OC)OC)OC,2.1,330.0,20,7,164.60380198666667,259.1966348581767
35.5,249.1,CCOC(=O)C(=C)C1C(CCO1)Br,1.7,215.0,13,4,91.42721998536666,170.55700104742562
66.8,273.28,COC(=O)C(=C)C1(C2=CC=CC=C2N(C1=O)CC=C)O,1.9,459.0,20,5,144.04038619000002,249.508314984551
65.0,314.3,CCOC(=O)/C(=C\OC1=CC=C(C=C1)O)/C2=CC=C(C=C2)OC,3.5,390.0,23,7,199.46785384836667,292.0625351445786
53.8,297.31,CCOC(=O)C(=CC1=CC=C(O1)C2=CC=C(C=C2)C)N=[N+]=[N-],4.8,463.0,22,6,213.54959361,272.4087901867034
77.9,320.4,CC(=C)C(=O)OCCOC(=O)C(=C)CSCC1=CC=CC=C1,3.5,411.0,22,11,160.55421031233334,302.2136702567851
26.3,259.12,CCOC(=O)/C=C\C1=C(C=C(C=C1)Cl)CCl,3.6,253.0,16,5,130.365924067,227.95385269828117
26.3,238.71,CCC1=CC(=C(C=C1)/C=C\C(=O)OC)CCl,3.4,250.0,16,5,131.45077188163336,225.63099158112578
84.2,351.15,COC(=O)C(=C([N+](=O)[O-])Br)NC1=CC=CC2=CC=CC=C21,4.6,447.0,21,4,188.310471454,247.2166364158421
93.5,250.28,CCOC(=O)C=CC1=CC=C(O1)C2=CSN=N2,1.9,298.0,17,5,157.696326686,213.1418567761508
52.6,250.29,C=CC(=O)OC1CCC2C1C3CC2C(C3)OC=O,2.5,378.0,18,5,118.473422549,226.68296769359316
38.8,303.4,CC1=CC(=C(C=C1)N2CCOCC2)/C=C/C(=O)OC(C)(C)C,3.3,394.0,22,5,185.42756824,297.46057283909175
38.7,257.329,CCOC(=O)/C=C/C1=CC2=C(C=C1)N=C(C2(C)C)C,2.9,409.0,19,4,173.677852634,254.02866746380604
65.2,272.3,CC(C)(C)OC(=O)C(=C)C1=CC=C(C=C1)C2=NN=CO2,2.8,368.0,20,5,157.68457515323334,253.9978557418964
44.8,292.4,CC(C)OC1=CC=CC(=C1/C=C/C(=O)OC(C)(C)C)OC,3.9,354.0,21,7,175.25752700546664,289.1035893412463
94.0,310.4,CCOC(=O)C(=C(SC)SC)C(=O)C1=CC=C(C=C1)C,3.9,377.0,20,7,173.820299698,282.3920771487962
103.0,326.4,CCOC(=O)C(=C(SC)SC)C(=O)C1=CC=C(C=C1)OC,3.5,393.0,21,8,176.92944595466665,290.96947486957515
44.8,186.2,CC1(OC[C@H](O1)/C=C\C(=O)OC)C,0.6,220.0,13,3,84.51237886693333,170.0355929436926
38.7,291.3,COC(=O)C(=C)C1CC2=CC=CC=C2C(=N1)C3=CC=CC=C3,3.8,462.0,22,4,175.281148919,283.129435519292
51.0,294.3,CC1=CC=C(C=C1)N=NC2=CC(=C(C(=C2)C)OC(=O)C=C)C,5.1,401.0,22,5,183.2180517433333,288.16387741389707
51.0,359.2,CC1=CC(=CC(=C1OC(=O)C=C)C)N=NC2=CC=C(C=C2)Br,5.5,407.0,22,5,188.1737093533333,280.94785591128493
66.8,247.25,CN1C2=CC=CC=C2C(C1=O)(C(=C)C(=O)OC)O,1.2,406.0,18,3,126.93816948826668,219.95984643262886
89.9,287.27,CCOC(=O)/C=C/C1=NC=CN1C2=CC=CC=C2[N+](=O)[O-],2.2,408.0,21,5,163.8111598175333,252.76319213378534
102.0,376.4,CCOC(=O)C(=CC1=CC=C(C=C1)[N+](=O)[O-])C(=O)C2=NC3=CC=CC=C3C=C2,4.5,619.0,28,6,234.949986422,335.00476956942276
56.3,281.3,CC1=CC=C(C=C1)C(=O)C2=CC=CC(=N2)/C=C/C(=O)OC,3.2,397.0,21,5,178.01026959066667,268.25571907988535
73.8,434.3,CCOC(=O)/C(=C/C1=CN(C2=CC=CC=C21)S(=O)(=O)C3=CC=CC=C3)/Br,4.8,636.0,26,6,235.701035973,324.74890653688556
54.0,362.8,CCOC(=O)/C(=C/OC1=CC(=CC(=C1)OC)OC)/C2=CC=C(C=C2)Cl,4.5,433.0,25,8,212.79117986066663,329.65722915415455
54.5,351.3,CCOC(=O)C(=CC1=CC=C(S1)C2=CC=CC=C2)CBr,4.5,350.0,20,6,212.9537927369333,268.0186161045589
63.2,328.3,COC1=C(C(=CC=C1)OC)OC(=O)C=CC2=CC3=C(C=C2)OCO3,3.9,439.0,24,6,195.66600577033333,294.55887683518824
59.0,348.4,CCCCOC(=O)/C=C/C1=CC=CC=C1N2C(=O)C3=CC=CC=C3C=N2,4.0,558.0,26,7,227.810153187,329.291206837516
73.8,526.4,CC1=CC=C(C=C1)S(=O)(=O)N2C3=C(C=CC(=C3)C(=C)C(=O)OC(C)(C)C)C4=C2C=C(C=C4)Br,7.0,853.0,33,6,301.677831732,418.1856914289763
63.6,237.32,CNC/C(=C/SC1=CC=CC=C1)/C(=O)OC,1.8,247.0,16,6,126.07649744903334,222.34638779332423
66.9,295.33,CC(C)(C)OC(=O)/C=C/C1=C(N=C(C=C1OC)OC)OC,2.7,364.0,21,7,169.41739673103334,277.30889967362793
63.8,290.4,CC(C)(C)OC(=O)/C=C/C1=C(C=CC2=C1SC=C2)OC,4.2,372.0,20,5,176.65998169293334,270.5524232396244
48.4,288.36,[2H]C([2H])([2H])OC1=C(C2=C(C=C1)N=CC=C2)/C=C/C(=O)OC(C)(C)C,3.4,386.0,21,5,182.36483954,274.34748648310716
31.2,253.29,COC(=O)/C=C/C1=CC=C(N1C=C)C2=CC=CC=C2,3.2,345.0,19,5,187.68119310243333,250.70453646042114
51.0,336.4,CC1=CC(=CC(=C1OC(=O)C=C)C)N=NC2=CC=C(C=C2)C(C)(C)C,6.4,475.0,25,6,209.731226146,334.56687251633997
64.4,257.24,C=CC(=O)ON1C(=O)CCN2C1=NC3=CC=CC=C32,1.4,412.0,19,3,140.93946367933333,224.37958521205667
44.1,284.35,CC(C)C1=NN(C(=C1)/C=C/C(=O)OC)CC2=CC=CC=C2,3.3,362.0,21,6,174.09569998100002,279.453623988273
44.1,295.13,CN1C2=CC=CC=C2N=C1C=C(C(=O)OC)Br,2.7,333.0,17,3,159.60700831683332,211.82523664514585
95.2,282.36,CCOC(=O)/C=C/SC1=NN=NN1C2CCCCC2,2.5,321.0,19,6,141.80769559166666,247.19440656129888
43.4,356.8,CC1=CC(=C(C=C1)C(=O)C2=CC=CC=C2Cl)/C=C/C(=O)OC(C)(C)C,5.5,506.0,25,6,213.8621706103333,336.79780039054344
29.5,329.5,CCCCOC(=O)/C=C/C1=C(C=CC(=C1)C(C)C)N2CCCCC2,5.5,399.0,24,8,216.21238741366665,335.940948961206
38.8,345.5,CC(C)(C)C1=CC(=C(C=C1)N2CCOCC2)/C=C/C(=O)OC(C)(C)C,4.6,467.0,25,6,212.81937722566667,343.5492273245622
26.3,284.4,CCCCC1=C(C2=CC=CC=C2C1(C)C)/C=C/C(=O)OC,4.8,443.0,21,6,182.2376234635,290.23220530348
72.5,335.4,CC(=O)NC1=CC=C(C=C1)C(=O)C=CC2=CC=C(C=C2)OC(=O)C=C,3.2,524.0,25,7,229.6390662760333,316.162772298051
79.6,285.29,C1=CC=NC(=C1)CCOC(=O)/C=C/C2=CC(=C(C=C2)O)O,3.2,358.0,21,6,168.98681781733333,259.0819116471957
115.0,343.4,CCOC(=O)/C(=N/NC1=CC=C(C=C1)O)/C(=S)NC2=CC=CC=C2,4.6,456.0,24,7,238.69144662833327,305.0401823722015
38.3,309.4,CCOC(=O)/C(=C/C1=CC=CC=C1)/CN[C@@H](C)C2=CC=CC=C2,3.8,379.0,23,8,187.6924945773333,310.95973567801866
84.2,340.4,CCOC(=O)/C(=C/C1=CC=C(C=C1)[N+](=O)[O-])/CNCC2=CC=CC=C2,3.3,459.0,25,8,192.98934493866668,314.57125451329057
48.7,324.4,CC(C)(C)OC(=O)/C=C/C1=C(C=CC2=C1OC3=CC=CC=C23)OC,4.9,479.0,24,5,213.857739357,307.3767883979104
35.5,360.4,CC(C)(C)OC(=O)/C=C/C1=C(C=C2C=CC3=C4C2C1=CC=C4C=CC3)OC,3.3,950.0,27,5,289.56411844900003,349.45450661462934
59.3,273.33,CC1=CC(=CC(=C1/C=C/C(=O)OC(C)(C)C)OC)C#N,3.2,413.0,20,5,172.9798133058,267.35769910740737
61.8,306.4,CC(=O)OCC1=C(C(=CC=C1)OC)/C=C/C(=O)OC(C)(C)C,2.8,408.0,22,8,171.74852019966667,291.806482480498
39.2,288.11,CCOC(=O)/C=C/C1=CC(=C(N=C1)CBr)F,2.2,260.0,16,5,135.1923167595667,201.62657878455425
59.4,225.22,CCOC(=O)/C=C/C1=CC(=C(N=C1)CO)F,0.7,258.0,16,5,124.4633379758,197.7130227776423
133.0,365.3,COC(=O)C1(C(C1(C#N)C#N)C2=CC=C(C=C2)OCCOC(=O)C=C)C#N,1.3,755.0,27,9,186.13853573833333,329.40037487672845
111.0,349.4,C=CC(=O)OCCOCCOC(=O)C(CC1=CC=CC=C1)SC#N,3.2,453.0,24,13,164.69453210333336,315.53262810479686
65.0,314.3,COC1=CC(=CC(=C1)/C=C(\C2=CC=C(C=C2)O)/C(=O)OC)OC,3.4,400.0,23,6,190.25844452166663,290.65667550979356
75.0,350.73,CCOC(=O)C=C(C1=COC=C1CCl)P(=O)(OCC)OCC,1.7,429.0,22,10,163.30323234933334,295.4792426717088
64.599,421.9,COC(=O)/C(=C\C1=C(C(=CC=C1)OCC2=CC=CC=C2)Cl)/NC(=O)C3=CC=CC=C3,5.3,596.0,30,8,253.79512542,386.8057029673995
91.4,335.31,COC1=CC(=CC(=C1OC)OC)/C=C/C(=O)ON2C(=O)CCC2=O,1.2,489.0,24,7,203.0921729016667,291.9673644551932
29.5,365.5,CCCCOC(=O)/C=C/C1=C(C=CC(=C1)C(C)C)N(C)CC2=CC=CC=C2,6.2,453.0,27,10,247.05826445033333,376.29957098332164
42.0,332.4,CC(C)(C)OC(=O)/C=C/C1=C(C=CC(=C1)N(C)C)N2CCOCC2,3.1,436.0,24,6,204.75792698566667,325.74273018258435
101.0,360.3,CCOC(=O)C=C(C1=CC(=CO1)C(=O)OC)P(=O)(OCC)OCC,1.2,506.0,24,11,179.33926678833333,306.4514262479911
100.0,404.5,CCCCSCC1=COC=C1C(=CC(=O)OCC)P(=O)(OCC)OCC,3.0,486.0,26,14,200.5950943423333,361.2601449764985
100.0,404.5,CCCCSCC1=C(C=CO1)C(=CC(=O)OCC)P(=O)(OCC)OCC,3.0,486.0,26,14,204.8886342463333,360.37128304046536
44.8,324.4,CC1=C(C=C(C=C1)C(C)C)OC(=O)C=CC2=CC3=C(C=C2)OCO3,5.1,459.0,24,5,196.54311839733336,308.8469681061608
87.0,420.6,C1=CC(=CC=C1/C=C\C(=O)O[C@@H](CCCCCCCCCO)CCCCCCO)O,6.1,429.0,30,19,228.407329985,411.2372808847006
29.5,425.6,CC1=CC=C(C=C1)/C=C/C(=O)OC(CN2CCC(CC2)C3=CC=CC=C3)C4=CC=CC=C4,6.4,574.0,32,8,269.6215959063333,427.98767027766377
38.8,269.38,CCOC(=O)C(=C)CON1C(CCCC1(C)C)(C)C,3.0,331.0,19,6,136.68284439033334,267.625781935703
38.3,321.8,CCOC(=O)/C(=C/C1=CC=C(C=C1)Cl)/CNC2CCCCC2,4.9,369.0,22,7,181.192189705,304.33366866261224
47.6,317.4,CCOC(=O)/C(=C/C1=CC=C(C=C1)OC)/CNC2CCCCC2,4.3,380.0,23,8,194.9616223543333,310.60697656397036
40.5,337.4,CC(C)(C)OC(=O)/C=C/C1=C(C=CC2=C1C3=CC=CC=C3N2C)OC,4.6,510.0,25,5,221.8562015046667,326.83803334794516
44.8,419.3,CC(C)(C)OC(=O)/C=C/C1=C(C=CC=C1OCC2=CC=C(C=C2)Br)OC,5.3,463.0,26,8,223.10324283766667,343.18178260145777
48.0,333.4,CC1=CC(=CC(=C1/C=C/C(=O)OC(C)(C)C)OC)N2CCOCC2,3.3,437.0,24,6,214.42488282566669,321.2273983935486
26.3,431.4,CC(=C)C#CCCCCCCCCCCOC(=O)/C=C/C1=CC=C(C=C1)Br,9.0,515.0,27,14,240.51010411666667,383.32857506848967
39.2,273.25,CCCC1=C(C=CC(=N1)C(F)(F)F)/C=C/C(=O)OC,3.2,328.0,19,5,134.59304554343333,234.01215837788675
63.7,313.3,CC(=O)C(C1C2=CC=CC=C2C=CN1/C=C/C(=O)OC)C(=O)C,1.8,523.0,23,6,193.7232059003333,292.45240779423466
67.4,338.4,CCOC(=O)/C(=C/NC1=CC=C(C=C1)C)/C(=O)NC2=CC=C(C=C2)C,5.1,473.0,25,7,225.3622975753333,324.6075144349521
64.0,398.5,CCOC(=O)C=CC1=CC(=C(C=C1)N=C2N(CCN2C)C)N=C3N(CCN3C)C,1.4,652.0,29,6,275.8600633373334,382.2762610924793
39.4,418.05,CCOC(=O)/C=C/C1=CC(=C(O1)C2=C(C=C(C=C2)Br)F)Br,4.8,391.0,21,5,213.77816334733333,256.1966448068083
39.4,349.15,C#CCOC(=O)/C=C/C1=CC=C(O1)C2=C(C=C(C=C2)Br)F,3.9,442.0,21,5,211.22242896626665,260.1142146526462
71.4,350.8,CCOC(C)OC(=O)/C=C(/C(C)C)\NCC1=C(C=C(C=C1)Cl)C#N,4.6,484.0,24,9,184.298509319,326.78243161676033
105.0,328.31,COC(=O)C(C=C)C(CC(=C)C(=O)OC)(C(=O)OC)C(=O)OC,1.4,504.0,23,12,143.20863109433333,291.0287108713766
75.0,364.76,CCOC(=O)C=C(C1=CC(=C(O1)C)CCl)P(=O)(OCC)OCC,2.1,457.0,23,10,183.10796463533336,311.69618869239326
124.0,373.4,CCOC(=O)C=C(C1=COC=C1CSC#N)P(=O)(OCC)OCC,1.8,533.0,24,11,174.96892453566667,317.314451843299
124.0,373.4,CCOC(=O)C=C(C1=CC=C(O1)CSC#N)P(=O)(OCC)OCC,1.8,533.0,24,11,184.3911084943333,317.26953337362016
93.7,354.4,CC(=NOC(C1=CC=C(C=C1)[N+](=O)[O-])C(=C)C(=O)OC)C2=CC=CC=C2,4.0,541.0,26,7,195.625414059,321.87623124224854
57.5,377.4,CCOC(=O)C(=CC1=CC=C(C=C1)OCC2=CC3=CC=CC=C3N2C)C(=O)C,4.0,579.0,28,8,235.0200339493333,359.4365621296361
135.0,448.7,CCCCCCCCCCCCSC(=S)SC(C)C(=O)OCCOC(=O)C=C,8.6,455.0,28,21,228.57344964833337,418.3331443856022
64.599,283.36,CC(C)(C)OC(=O)N[C@@H]1CCCC[C@H]1/C=C/C(=O)OC,2.8,371.0,20,6,142.71029799366667,269.13699526048305
89.0,404.4,C1=CC=C(C=C1)C2=C(N=C(N2)C(=CC(=O)[O-])C3=CC=CC=C3O)C4=CC=CC=C4.[Na+],,587.0,30,5,273.6723027663333,351.61336967482265
72.1,367.4,CC(C)C1=CC(=C(C=C1)C2=CC=CC=C2[N+](=O)[O-])/C=C/C(=O)OC(C)(C)C,5.8,544.0,27,6,224.23643981933333,351.38560711231213
84.7,370.2,COC(=O)/C(=C(\C1=CC(=C(C=C1Cl)Cl)F)/O)/C=N/C2=NC=CC=N2,3.7,512.0,24,5,205.3942059803333,297.57567137214545
100.0,404.5,CCCCSCC1=CC=C(O1)C(=CC(=O)OCC)P(=O)(OCC)OCC,3.0,486.0,26,14,217.56979724433333,360.8108162883578
35.5,300.4,CCCCC1=C(C2=C(CC1)C=C(C=C2)OC)/C=C/C(=O)OC,4.2,436.0,22,7,192.6897395693333,298.52191373566245
61.8,368.4,CCC1=CC=C(C=C1)/C=C(\COC2=C(C=CC=C2OCC)C=O)/C(=O)OC,4.3,493.0,27,10,221.710159413,353.4723518050057
66.2,273.29,COC1=CC=C(C=C1)CN2C=C(N=N2)/C=C\C(=O)OC,1.6,341.0,20,6,147.64453376966665,251.38099751142244
75.0,395.18,CCOC(=O)/C=C(\C1=C(OC(=C1)Br)C)/P(=O)(OCC)OCC,2.7,443.0,22,9,170.01127793633336,285.83467915282466
75.0,395.18,CCOC(=O)/C=C(\C1=COC(=C1C)Br)/P(=O)(OCC)OCC,2.7,443.0,22,9,172.64679914133333,286.0485864990606
75.0,372.4,CCOC(=O)/C=C(\C1=C(C=C(O1)C(C)(C)C)C)/P(=O)(OCC)OCC,3.4,512.0,25,10,197.2448749913333,340.3824537327764
55.8,340.4,CC1=CC(=C(C=C1)C(C)C)OC(=O)C(=C)C(C2=CC=C(C=C2)OC)O,4.5,451.0,25,7,188.6209439913333,329.3978336759257
84.2,402.4,CCOC(=O)C=C(C1=C(C=C(O1)C(C)(C)C)COC)P(=O)(OCC)OCC,2.7,543.0,27,12,207.18340404966668,363.6903628053453
105.0,393.4,CC(C)(C)OC(=O)/C=C/C1=C(C=CC(=C1)[N+](=O)[O-])N2C(=O)C3=CC=CC=C3C=N2,3.5,706.0,29,5,246.6997495326667,348.84609257036766
84.2,360.34,CCOC(=O)C=C(C1=C(OC(=C1)C)COC)P(=O)(OCC)OCC,1.4,467.0,24,11,177.41520428533332,317.4072049840979
89.4,501.6,CCOC(=O)/C=C/C1=C(N(C2=CC=CC=C21)S(=O)(=O)C3=CC=CC=C3)C=NC4=CC=C(C=C4)N(C)C,5.6,883.0,36,9,340.152701716,460.69669086268715
52.6,288.34,COC(=O)/C=C/C1=C2C(=O)CCCCCCOC2=CC=C1,3.3,388.0,21,3,169.34286192766666,271.63539593060716
57.1,542.5,C=CC(=O)OCCCCCCCCCCCOC1=CC=C(C=C1)C2=NOC(C2)C3=CC=C(C=C3)Br,8.6,639.0,35,17,296.931354891,467.0113161113033
148.0,316.4,CCOC(=O)C(=C(SC)SC)C1=NN2C=NN=C2S1,2.0,374.0,19,6,169.14603776633334,252.56900638997047
111.0,466.4,CCOC(=O)/C=C(\C1=CC(=C(O1)C)CP(=O)(OCC)OCC)/P(=O)(OCC)OCC,1.5,644.0,30,15,241.582216119,398.74389756955054
146.0,602.5,CCOC(=O)C=C(C1=C(OC(=C1)CP(=O)(OCC)OCC)CP(=O)(OCC)OCC)P(=O)(OCC)OCC,0.9,863.0,38,21,291.10123550566664,503.0251185495245
146.0,602.5,CCOC(=O)C=C(C1=CC(=C(O1)CP(=O)(OCC)OCC)CP(=O)(OCC)OCC)P(=O)(OCC)OCC,0.9,863.0,38,21,314.5416349706667,504.34866579647087
152.0,481.5,CCOC(=O)C(=C(C1=C(C=CC(=C1S(=O)(=O)C2=CC=C(C=C2)C)O)O)C(=O)C3=CC=CC=C3)N,4.8,864.0,34,8,265.286658331,411.46571360713625
101.0,313.3,CCOC(=O)C(=CC1=C(C2=C(OC(=C2C(=O)C=C1)C)C)O)C#N,2.1,664.0,23,4,197.3317990976333,276.2103228872821
70.4,378.4,CCOC(=O)C(=CC1=CC=C(C=C1)OCC2=NC3=CC=CC=C3N2C)C(=O)C,3.5,583.0,28,8,225.63466524633336,354.04524084352965
98.2,335.4,CC(=O)N(/C=C/C(=O)OC)C1=CC=CC=C1S/C=C\C(=O)OC,1.8,489.0,23,8,186.79611587066665,301.57591192637454
89.0,418.4,CC1=CC(=C(C=C1)C(=CC(=O)[O-])C2=NC(=C(N2)C3=CC=CC=C3)C4=CC=CC=C4)O.[Na+],,616.0,31,5,293.9007993203333,367.9791183790688
49.8,421.6,CCCCOC(=O)/C=C/C1=C(C=CC(=C1)C(C)C)N2CCC(CC2)(C3=CC=CC=C3)O,5.9,573.0,31,9,268.261780242,417.6818104206827
79.1,465.4,CCOC(=O)/C(=C(\C1=C(C(=C(C(=C1F)F)F)F)O)/O)/C(=NC2CCCCC2)C3=CC=CC=C3,6.0,734.0,33,7,239.2751374323333,390.5371849449056
74.3,333.3,CC1=COC2=CC(=C(C=C2C1=O)OC)O/C(=C\N(C)C)/C(=O)OC,2.2,553.0,24,6,193.08092328066667,299.0980156756811
100.0,418.5,CCCCSCC1=C(OC(=C1)C(=CC(=O)OCC)P(=O)(OCC)OCC)C,3.4,514.0,27,14,229.183972025,376.0272822885222
49.8,315.4,CC1(C=C(C(N1O)(C)C)/C=C/C(=O)OCCC2=CC=CC=C2)C,3.0,485.0,23,6,181.5089879233333,306.59139047249704
68.1,339.4,CCC1=CC=C(C=C1)/C=C(\COC2=CC=CC=C2/C=N/O)/C(=O)OC,4.2,466.0,25,8,216.93212057,322.21173592291626
52.6,389.2,CC1=CC=C(C=C1)/C=C(\COC2=C(C=C(C=C2)Br)C=O)/C(=O)OC,4.2,454.0,24,7,208.5589048708333,305.61692658712553
76.7,339.4,CC1=NC2=C(C=CC=C2OC/C(=C\C3=CC=CS3)/C(=O)OC)C=C1,4.1,468.0,24,6,205.800657175,310.89356294625304
50.8,394.5,COC(=O)/C(=C\C1CCN(CC1)CC2=CC=CC=C2)/CNOCC3=CC=CC=C3,3.6,502.0,29,10,224.51860030033333,383.2271228820366
123.0,498.5,CC(C)(C)OC(=O)C(=CC1=CC=CO1)NC2=NC=C(N=C2CC3=CC=CC=C3)C4=CC(=CC=C4)[N+](=O)[O-],5.7,801.0,37,9,338.36240412766665,455.3744490623815
75.0,451.3,CCOC(=O)/C=C(\C1=C(OC(=C1)C(C)(C)C)CBr)/P(=O)(OCC)OCC,3.6,532.0,26,11,208.896736385,348.33391107405384
72.1,420.5,CCOC(=O)C=C(C1(C(OC=C1C)C(C)(C)C)CS)P(=O)(OCC)OCC,2.9,627.0,27,11,201.900629933,375.1067845639685
100.0,439.5,CC(=O)N[C@H]1CCC2=CC(=C(C(=C2C3=CC=C(C(=O)C=C13)OC)OC)OC(=O)C=C)OC,1.4,872.0,32,7,266.69405382400004,394.194226346985
83.8,354.4,CC(C)C(=O)C(CC1=CC=C(C=C1)O)OC(=O)/C=C/C2=CC=C(C=C2)O,4.3,483.0,26,8,212.474602585,330.04839385430074
77.0,393.4,COC1=C(C=CC(=C1)/C=C/C(=O)OC)OCC(CNC2=CC(=CC(=C2)F)F)O,3.4,497.0,28,10,223.120481626,343.8140002520544
77.0,393.4,COC1=C(C=CC(=C1)/C=C/C(=O)OC)OCC(CNC2=C(C=C(C=C2)F)F)O,3.4,507.0,28,10,216.8437084073333,343.9291863691943
54.0,404.9,CC(C)(C)OC(=O)/C(=C\C1=C(C=C(C=C1)OC)OC)/C2=CC(=C(C=C2)Cl)OC,5.4,542.0,28,8,246.0555171716,375.79621030664555
98.2,422.4,CN(C)C(=O)OC1=CC=CC2=C1N=C(C=C2)COC(=O)/C=C/C3=CC(=C(C=C3)O)OC,3.4,640.0,31,8,267.5142907870333,381.9858588609684
85.8,424.5,CCOC(=O)/C=C/C1=C(C2=CC=CC=C2N1C)C(=CNS(=O)(=O)C)C3=CC=CC=C3,4.0,750.0,30,8,286.807556007,385.19956730618475
85.8,486.6,CCOC(=O)/C=C/C1=C(C2=CC=CC=C2N1C)C(=CNS(=O)(=O)C3=CC=CC=C3)C4=CC=CC=C4,5.5,866.0,35,9,339.0202374003333,445.4399208800737
94.5,552.7,CCOC(=O)/C=C/C1=CC=C(C=C1)CNC(=O)CCCCCN2C3=C(C=C(C=C3)C(=O)C)C4=C2C=CC(=C4)C(=O)C,5.1,901.0,41,14,354.76598612566664,525.6752597659352
94.5,566.7,CCOC(=O)/C=C/C1=CC=C(C=C1)CNC(=O)CCCCCCN2C3=C(C=C(C=C3)C(=O)C)C4=C2C=CC(=C4)C(=O)C,5.6,917.0,42,15,354.98721685333334,541.785317616773
94.5,580.7,CCOC(=O)/C=C/C1=CC=C(C=C1)CNC(=O)CCCCCCCN2C3=C(C=C(C=C3)C(=O)C)C4=C2C=CC(=C4)C(=O)C,6.2,933.0,43,16,371.54469971966665,557.139114635173
52.6,264.32,CC[C@@]12CCC=C[C@@]1(OC(=O)C2)/C=C/C(=O)OCC,2.4,437.0,19,5,137.51976331466668,246.67785658049937
52.6,278.34,CCC[C@@]12CCC=C[C@@]1(OC(=O)C2)/C=C/C(=O)OCC,3.0,451.0,20,6,145.10890182233334,262.3584095782716
52.6,292.4,CCCC[C@@]12CCC=C[C@@]1(OC(=O)C2)/C=C/C(=O)OCC,3.5,465.0,21,7,153.6736445,277.8667438443458
26.3,103.13,[2H]C([2H])([2H])C(=C)C(=O)OC,1.4,94.3,7,2,46.30246692586667,100.55792229879648
54.0,318.4,CCOC(=O)/C=C\[C@@H]1[C@H]2[C@@H]([C@H](O1)C3=CC=CC=C3)OC(O2)(C)C,2.3,452.0,23,5,164.16628006133334,293.1468108035018
94.7,706.3,C=C(CCNCS(=O)(=O)CC(C(C(C(C(C(C(C(C(C(F)(F)F)(F)F)(F)F)(F)F)(F)F)(F)F)(F)F)(F)F)(F)F)F)C(=O)[O-],5.0,1140.0,43,15,195.01164060066665,426.501039592359
112.0,309.35,CCOC(=O)C(=CN(C)C)C1=NN2C(=O)C(=NN=C2S1)C,1.1,606.0,21,5,180.33539970703336,259.80248048620837
43.4,408.6,C[C@H]1CC[C@H](CC2=C(C(=O)C([C@@H]12)CC3=CC=C(C=C3)C(C)(C)C)C)C(=C)C(=O)OC,6.4,715.0,30,6,236.7702073913333,407.3223626729457
43.4,510.3,C[C@H]1CC[C@H](CC2=C(C(=O)C([C@@H]12)CC3=CC(=CC(=C3)Br)Br)C)C(=C)C(=O)OC,6.1,673.0,28,5,224.127661446,362.52347805043496
43.4,386.9,C[C@H]1CC[C@H](CC2=C(C(=O)C([C@@H]12)CC3=CC=C(C=C3)Cl)C)C(=C)C(=O)OC,5.3,642.0,27,5,213.6945153743333,363.242156308595
102.0,417.5,CC(=O)OC1=C(C=C(C=C1)/C=C/C(=O)OCC2=CC(N(C2(C)C)O)(C)C)OC(=O)C,2.0,738.0,30,9,237.93784992766663,378.46489242595516
26.3,342.5,CCCCC1=C(C[C@H]([C@]2(C1=CCC(C2)C(=C)C)C)C)/C=C/C(=O)OC,6.2,620.0,25,7,238.1512388513333,354.72255214206626
93.8,435.5,CN(C)/C=C(\C1=CC=CC=C1O/C(=C\N(C)C)/C2=NC(=NO2)C3=CN=CC=C3)/C(=O)OC,2.8,681.0,32,9,269.6221718266667,404.36470741090164
73.0,292.33,C[C@@]12CC[C@H](C(=O)[C@]13[C@@](O3)(C(=O)CC2)C)C(=C)C(=O)OC,1.2,579.0,21,3,145.18021607933335,260.26382785374125
147.0,437.5,CC1=CC(=O)NC(=N1)NC(=O)NCCCCCCNC(=O)OCCCCOC(=O)C=C,1.4,704.0,31,16,210.10467107500003,390.4979575529545
71.6,448.6,CC1=C(C2=CC=CC=C2N1)CCN(CC3=CC=C(C=C3)/C=C/C(=O)OC)C(=O)OC(C)(C)C,5.4,678.0,33,10,271.300237643,432.39050349128786
77.0,389.4,CC1=C(C=CC(=C1)NCC(COC2=C(C=C(C=C2)/C=C/C(=O)OC)OC)O)F,3.7,503.0,28,10,226.70414612966667,354.60771004213376
77.0,409.8,COC1=C(C=CC(=C1)/C=C/C(=O)OC)OCC(CNC2=CC(=C(C=C2)Cl)F)O,3.9,509.0,28,10,232.093708043,356.14232941985097
77.0,454.3,COC1=C(C=CC(=C1)/C=C/C(=O)OC)OCC(CNC2=CC(=C(C=C2)Br)F)O,4.0,509.0,28,10,230.11541262466667,347.01722050699163
77.0,425.4,COC1=C(C=CC(=C1)/C=C/C(=O)OC)OCC(CNC2=CC=C(C=C2)C(F)(F)F)O,4.1,549.0,30,10,235.414263814,365.04228228187856
77.0,443.4,COC1=C(C=CC(=C1)/C=C/C(=O)OC)OCC(CNC2=CC(=C(C=C2)F)C(F)(F)F)O,4.2,589.0,31,10,230.17347196466667,369.84569677351254
100.0,412.4,CC1(CC(=CC(=C(C#N)C#N)C1)/C=C/C2=CC3=C(C=C(C=C3)OC(=O)C=C)OC2=O)C,4.4,1000.0,31,5,378.8183134353333,384.3798808058734
85.8,500.6,CCOC(=O)/C=C/C1=C(C2=CC=CC=C2N1C)C(=CNS(=O)(=O)C3=CC=C(C=C3)C)C4=CC=CC=C4,5.9,895.0,36,9,357.6215851916666,462.1205210266417
85.8,579.5,CCOC(=O)/C=C/C1=C(C2=CC=CC=C2N1C)C(=CNS(=O)(=O)C3=CC=C(C=C3)C)C4=CC=C(C=C4)Br,6.6,930.0,37,9,376.69730273233336,469.8037829356686
85.8,514.6,CCOC(=O)/C=C/C1=C(C2=CC=CC=C2N1C)C(=CNS(=O)(=O)C3=CC=C(C=C3)C)C4=CC=C(C=C4)C,6.2,924.0,37,9,374.58336655599993,476.98879502908625
85.8,576.7,CCOC(=O)/C=C/C1=C(C2=CC=CC=C2N1CC3=CC=CC=C3)C(=CNS(=O)(=O)C4=CC=C(C=C4)C)C5=CC=CC=C5,7.5,1030.0,42,11,407.7885491213333,537.8271544183805
192.0,648.7,C[C@H]1C[C@@H](CC2=C1C(=CC(=C2)O)O)O[C@H]3[C@@H]([C@H]([C@@H]([C@H](O3)COC(=O)/C=C/C4=CC=C(C=C4)O)OC(=O)/C=C/C5=CC=C(C=C5)O)O)O,4.0,1080.0,47,11,368.904587202,555.5160124157649
52.6,264.32,CCOC(=O)/C=C/[C@]12C=CC(C[C@]1(CC(=O)O2)C)C,2.4,451.0,19,4,137.03711536400002,246.3042228549235
52.6,306.4,CCOC(=O)/C=C/[C@]12C=CC(C[C@]1(CC(=O)O2)CC(C)C)C,3.5,505.0,22,6,161.11952666333335,293.1762294819325
52.6,340.4,CC[C@@]12CCC=C[C@@]1(OC(=O)C2)/C=C/C(=O)OCC3=CC=CC(=C3)C,3.9,578.0,25,6,187.629975741,323.0173933760348
158.0,436.9,CCOC(=O)/C(=C(\NC1=NC(=C(S1)C(=O)NC2=CC(=CC=C2)Cl)C)/SC)/C#N,5.0,667.0,28,8,248.5331845103333,366.06034936615106
158.0,416.5,CCOC(=O)/C(=C(\NC1=NC(=C(S1)C(=O)NC2=CC=CC=C2C)C)/SC)/C#N,4.8,661.0,28,8,269.68963111700003,364.5827763215458
65.099,427.5,CCN(CC)C(=O)C(C)OC1=CC(=C(C2=CC=CC=C21)/C=C/C(=O)OC(C)(C)C)OC,5.0,622.0,31,10,270.32519592833336,414.93470165969364
90.6,444.5,CC1=CC(=C(C(=C1)C2=C(C(=CC(=C2)NC(=O)C)C)OC3=CC=C(C=C3)/C=C/C(=O)OC)N)C,4.9,688.0,33,7,302.92903866666666,419.9859661897728
97.4,500.4,C=CC(=O)OCCOP(=O)(OCP1(=O)C2=CC=CC=C2C3=CC=CC=C3O1)OC4=CC=CC=C4,4.2,796.0,34,11,257.77244521233337,422.1135772815807
29.5,419.5,CC1=CC=C(C=C1)N(C2=CC=C(C=C2)C)C3=CC=C(C=C3)C4=CC=C(C=C4)OC(=O)C=C,7.9,564.0,32,7,332.9912081036667,420.20459671881605
26.3,176.21,CCC1=CC=C(C=C1)OC(=O)C=C,3.2,179.0,13,4,102.49241988783332,177.42315643507897
83.8,180.1,COC(=O)C(=C)CP(=O)(O)O,-1.3,215.0,11,4,71.87790468523333,134.3009993508718
52.6,248.27,CCC(=O)OC1=CC=CC=C1/C=C/C(=O)OCC,2.8,309.0,18,7,144.46456598323334,236.08688415560263
26.3,241.08,COC(=O)C(=C)C1=CC=CC=C1Br,3.0,213.0,13,3,101.49189683366669,170.05617793025115
78.0,387.2,COC(=O)/C=C/C1=CC=C(C=C1)OS(=O)(=O)C2=C(C=CC(=C2)Cl)Cl,4.6,549.0,24,6,200.51924217766668,313.6255537710096
35.5,192.21,COC1=CC=CC(=C1)C(=C)C(=O)OC,2.3,223.0,14,4,104.33579476476666,185.98250807670047
59.1,212.24,CCC1(CCC2C(C1OC(=O)C=C)O2)O,1.1,288.0,15,4,97.60897126856666,192.07843324514366
38.3,155.19,CCOC(=O)/C=C/NC1CC1,1.8,162.0,11,5,83.54966783333333,153.2943021232586
64.599,277.31,CC(C)(C)OC(=O)NC1=CC=CC(=C1)C(=C)C(=O)OC,2.9,384.0,20,6,149.29737402333333,262.1934292445483
46.6,257.279,CCOC(=O)C=CN1C2=CC=CC=C2C(=CC1=O)C,1.8,425.0,19,4,160.14882250143333,241.6685878284133
76.0,286.28,COC1=CC=C(C=C1)C=CC(=O)OC2=CC(=CC(=C2)O)O,3.0,350.0,21,5,177.50369181566666,257.052530694767
109.0,326.3,CC(C)OC(=O)/C(=C/C1=CC=C(O1)C2=CC=C(C=C2)[N+](=O)[O-])/C#N,3.5,549.0,24,5,234.925235607,288.828178687584
101.0,377.3,COC1=CC=C(C=C1)OC2=C(C(=O)N3C=CC=CC3=N2)/C=C(\C#N)/C(=O)OC,2.0,864.0,28,6,232.1015491583333,334.92951512308167
80.8,363.4,CCC1=CC=C(C=C1)S(=O)(=O)/C(=C\NC2=CC=C(C=C2)F)/C(=O)OC,4.4,568.0,25,7,216.13354894533333,316.04284513664675
26.3,222.25,CC(C)(C)OC(=O)C(=C)C1=CC(=CC=C1)F,3.4,278.0,16,4,116.20774108936666,213.68349461004198
109.0,340.3,CCC(C)OC(=O)/C(=C/C1=CC=C(O1)C2=CC(=CC=C2)[N+](=O)[O-])/C#N,4.0,574.0,25,6,214.3106939753333,304.61342333469224
72.1,300.1,CCOC(=O)C=CC1=C(C=C(C=C1)Br)[N+](=O)[O-],3.1,313.0,17,4,137.89334573733333,205.6083514794939
90.1,383.4,COC1=CC=C(C=C1)S(=O)(=O)/C(=C\NC2=CC(=C(C=C2)F)F)/C(=O)OC,3.6,611.0,26,7,214.4039364553333,312.8387757025687
80.8,381.4,CCC1=CC=C(C=C1)S(=O)(=O)/C(=C\NC2=CC(=C(C=C2)F)F)/C(=O)OC,4.5,609.0,26,7,218.125716632,320.9268979242789
90.1,379.4,CCOC1=CC=C(C=C1)S(=O)(=O)/C(=C\NC2=CC=C(C=C2)F)/C(=O)OC,3.9,585.0,26,8,221.600678509,324.70980799037994
26.3,184.27,CCC(CC(C)C)COC(=O)C=C,3.5,162.0,13,7,94.8652662182,195.03349036526893
55.4,253.68,CCOC(=O)/C(=C\C1=CC=CC=C1Cl)/NC=O,2.1,304.0,17,5,136.84744826940002,223.67063107374148
64.599,249.26,CCOC(=O)/C(=C\C1=CC=C(C=C1)OC)/NC=O,1.9,306.0,18,6,149.558431991,230.18224617280836
63.2,191.18,CCOC(=O)/C(=C\C1=COC=C1)/C#N,1.5,287.0,14,4,99.9158288163,176.3086731918436
29.5,210.31,CC1([C@@H]2CCC1CC2OC(C)(C=C)O)C,2.9,272.0,15,3,107.94906047386668,207.77067094987547
50.1,247.33,CCOC(=O)/C(=C/C1CCC2CC1C2(C)C)/C#N,3.8,427.0,18,4,136.50838399900002,243.19026595742102
95.9,233.23,COC(=O)C(=C)CN1C=NC2=C(N=CN=C21)N,0.3,322.0,17,4,114.74788520100002,199.85444153515053
105.0,478.6,CCSCC1=CC=CC=C1C(=O)N(CCC2=CNC3=CC=CC=C32)C(=O)CCC(=C)C(=O)OC,4.7,727.0,34,12,255.9368083283333,447.76111374991336
75.4,219.26,COC(=O)/C(=C/SC1=CC=CC=C1)/C#N,2.4,297.0,15,4,116.11882906646667,200.55804914295553
152.0,481.9,COC(=O)/C(=C\C1=CC=C(C=C1)N(CCC#N)CCC#N)/NC(=O)C2=C(C=CC(=C2)[N+](=O)[O-])Cl,3.2,842.0,34,10,301.02046756566665,419.53906473357875
65.4,501.9,COC1=CC=C(C=C1)N/C=C(/C2=CN(C3=CC=CC=C32)C4=C(C=C(C=N4)C(F)(F)F)Cl)\C(=O)OC,6.6,760.0,35,7,329.7487537096667,423.803785176027
89.8,367.4,COC1=C(C=C(C=C1)/C=C\C(=O)OCN2C(=O)C3=CC=CC=C3N=N2)OC,3.6,594.0,27,7,219.0490578703333,324.5310495694839
90.1,397.4,CCOC(=O)/C(=C\NC1=CC=C(C=C1)OC)/S(=O)(=O)C2=C(C=CC(=C2)F)F,4.0,626.0,27,8,224.9248346316667,329.2735056718178
99.3,379.4,COC(=O)/C(=C\NC1=CC2=C(C=C1)OCO2)/S(=O)(=O)C3=CC=C(C=C3)F,3.4,638.0,26,6,215.89524001633333,307.4355454030747
161.0,447.4,COC1=C(C=CC(=C1)/C=C/C(=O)O[C@@H]2[C@H]([C@@H](O[C@H]2OC3=CC=C(C=C3)[N+](=O)[O-])CO)O)O,2.5,660.0,32,8,248.735990706,367.3565014884824
98.9,356.5,CC1=C2C(=CC=C1)SC(=N2)N3CC(C3)OC(=O)/C=C/C4=CC=CS4,4.7,495.0,24,5,227.535584243,313.6782071574774
99.3,427.4,CCOC(=O)/C(=C\NC1=CC(=C(C=C1)OC)OC)/S(=O)(=O)C2=C(C=C(C=C2)F)F,4.0,681.0,29,9,238.9306047463333,353.85990900443767
93.1,182.07,C=CC(=O)OCOP(=O)(O)O,-1.0,193.0,11,5,58.822854336366674,125.29764411424334
43.4,306.4,CCCCOC(=O)/C=C/C1=CC2=C(C=C1)C3=CC=CC=C3C2=O,4.6,468.0,23,6,217.0488752663333,294.6479733066422
63.2,317.08,CCOC(=O)/C(=C/C1=CC=C(O1)I)/C#N,3.1,318.0,15,4,131.8121421036333,185.6223057514412
68.5,223.22,CC1=CC=C(O1)/C=C/C(=O)OCC(=O)NC,1.0,288.0,16,5,128.82747036429998,202.0218675726506
47.4,423.8,CN(C)/C=C(/C1=CN(C2=CC=CC=C21)C3=C(C=C(C=N3)C(F)(F)F)Cl)\C(=O)OC,4.6,629.0,29,5,252.063658458,356.7630108796174
44.1,394.8,CCOC(=O)/C=C\C1=CN(C2=CC=CC=C21)C3=C(C=C(C=N3)C(F)(F)F)Cl,5.1,558.0,27,5,222.09810725166665,328.36212519883776
122.0,440.5,CC1=NC(=NC=C1)SCC2=CC(=O)C(=CO2)OC(=O)/C=C/C3=CC(=C(C=C3)OC)OC,3.1,738.0,31,9,274.8275512326666,387.2925000361116
131.0,484.5,CC1=CC(=NC(=N1)SCC2=CC(=O)C(=CO2)OC(=O)/C=C/C3=CC(=C(C(=C3)OC)OC)OC)C,3.5,791.0,34,10,274.918184124,427.6441941863069
89.2,393.3,C1OC2=C(O1)C=C(C=C2)/C=C\C(=O)OCC3=NOC(=C3)C4=CC5=C(C=C4)OCO5,3.5,614.0,29,6,228.35020424666664,334.5117528997649
68.9,237.28,CCOC(=O)C(=CC1=CC=C(S1)C)N=[N+]=[N-],3.8,337.0,16,5,150.4285867226667,206.08562427148158
26.3,317.6,CC(C)(C)OC(=O)/C=C/C1=C(C=CC(=C1)Br)Cl,4.5,296.0,17,4,152.0211006843,234.81935731049518
142.0,346.4,C1=CC=C2C(=C1)N=C(S2)COC(=O)/C=C/C3=CC=C(S3)[N+](=O)[O-],4.1,483.0,23,5,202.0816345739333,281.5945547201598
57.0,261.25,COC(=O)/C(=C/C1=CC=C(C=C1)F)/CN2C=NC=N2,2.0,341.0,19,5,138.4534428018667,232.04610677302801
55.4,219.24,CC(=O)NC1=CC=C(C=C1)/C=C/C(=O)OC,1.4,278.0,16,4,143.16797791613334,206.63042453343672
138.0,511.5,C1=CC=C(C=C1)C(=O)N/C(=C/C2=CC=CS2)/C(=O)N/N=C/C3=CC=C(C=C3)OC(=O)/C=C/C4=CC=CO4,5.0,875.0,37,10,376.0364955106667,457.93707093974257
80.8,399.4,CCOC(=O)/C(=C\NC1=CC=C(C=C1)C)/S(=O)(=O)C2=C(C=C(C(=C2)F)F)F,4.5,642.0,27,7,217.071172349,325.1193386013026
46.5,288.72,C1=CC=C(C=C1)COC(=O)/C=C/C2=C(C=C(C=C2)O)Cl,4.0,337.0,20,5,166.09896566976667,260.73145501205437
35.5,226.65,CC1=CC(=C(C=C1)Cl)OC=CC(=O)OC,2.9,240.0,15,4,117.94537330663331,203.43165128870922
130.0,446.8,CCOC(=O)/C(=C(\C(F)(F)F)/O)/C=NC1=C(SC(=C1)C2=CC=C(C=C2)Cl)C(=O)N,4.5,679.0,29,7,226.2752155593333,348.3830905949874
78.8,267.28,CC1=CC=C(C=C1)C2=C(C=NN2)/C=C(/C#N)\C(=O)OC,2.4,430.0,20,4,157.07135657833334,247.62542965278496
54.0,431.7,CCOC(=O)/C(=C\OCCOC1=CC(=C(C=C1Cl)Cl)Cl)/OC2=CC=CC=C2,6.0,482.0,27,10,210.18257577366668,366.0132628894528
73.9,367.4,COC1=CC=C(C=C1)/C=C(\C(=O)OCC=C)/NC(=O)C2=CC=C(C=C2)OC,3.8,529.0,27,9,240.6350594873333,345.486686234867
45.3,282.34,COC(=O)/C=C/N(CCC1=CNC2=CC=CC=C21)CC#C,2.9,424.0,21,7,156.56021091866666,277.58686566329095
97.4,211.24,COC(=O)/C(=C/N1CCNC1=S)/C#N,-0.2,342.0,14,3,106.48381363986668,179.27247686021215
91.7,317.29,CCOC(=O)/C=C/C1=C(C2=C(N1C)C(=O)C=C(C2=O)OC)C=O,0.8,593.0,23,6,191.6980869012,277.3501334585073
35.5,206.24,CCOC(=O)C(=C)OCC1=CC=CC=C1,2.7,217.0,15,6,108.48459007093334,202.20248904569226
26.3,206.28,C=CC(=O)OC1CC2C3CCC(C3)C2C1,3.5,279.0,15,3,109.41732090436666,197.92476533170097
93.7,301.3,C1=COC(=C1)C2=CC(=NO2)COC(=O)/C=C/C3=CC=CS3,2.7,390.0,21,6,179.21118025663336,259.25925711464726
59.3,231.25,CCOC(=O)/C=C/C1=C(C=CC(=C1)OC)C#N,2.3,329.0,17,5,138.37514616393335,221.1232755998181
172.0,395.32,C1[C@@H]([C@H](O[C@H]1N2C=C(C(=O)NC2=O)/C=C/C(=O)OC3CC(=O)NC3=O)CO)O,-2.4,790.0,28,6,190.4264959353333,302.9405875296001
26.3,212.19,COC(=O)/C=C/C1=CC(=CC=C1)C(F)F,3.2,239.0,15,4,111.35167504870002,187.28079871913698
46.6,197.23,CN(C)/C=C(/C(=O)C1CC1)\C(=O)OC,0.8,277.0,14,5,103.20795275250002,190.41707082199716
35.5,282.3,CCC1=CC=C(C=C1)OC(=O)/C=C/C2=CC=C(C=C2)OC,4.5,334.0,21,6,198.9354216453333,278.7705587585987
88.9,204.25,CCOC(=O)/C=C\SCCC(=O)O,0.7,200.0,13,7,84.68035493053334,175.56387454595662
98.4,263.2,COC(=O)/C(=C\C1=CC=C(O1)[N+](=O)[O-])/C2=CC=CO2,1.1,388.0,19,4,171.3164438964,217.98002607016113
71.9,394.5,COC1=CC2=C(C=C1)N=C(C=C2[C@H]([C@@H]3CC4CCN3C[C@@H]4C=C)O)OC(=O)C=C,3.6,626.0,29,7,227.3006049293333,364.49213774953745
35.5,210.27,C=CC(=O)OC1(CCCC1)C2CCCO2,2.2,254.0,15,4,104.24458239593334,199.48564667426976
40.1,107.51,C=CC(=O)[O-].Cl,,50.4,6,0,46.66680791053333,65.98166293161037
44.8,216.27,CC(C)(C)OC(=O)C(=C)COCCOC,1.2,215.0,15,8,102.6804982571,210.86714657258355
83.7,380.4,C=CC(=O)OC1=C2C=C3C=CC(=N3)C=C4C=CC(=N4)C=C5C=CC(=CC(=C1)N2)N5,4.2,614.0,29,3,346.1182332229667,346.05515631549315
57.0,167.17,COC(=O)C(=C)CN1C=NC=N1,0.4,193.0,12,4,74.0163667719,150.78290778879781
173.0,446.4,CC1=CC2=C(C=C1C)N(C3=NC(=O)N(C(=O)C3=N2)OC(=O)C=C)CC(C(C(CO)O)O)O,-0.6,859.0,32,8,252.4051884833333,363.1285596475042
52.1,212.63,CCOC(=O)C=CC1=CN=C(N=C1)Cl,1.8,213.0,14,4,104.4229329631,185.46320640690828
26.3,212.33,CCCCCCCC(CC)OC(=O)C=C,5.1,175.0,15,10,113.32567010553332,226.2869316418511
42.1,201.22,COC(=O)C=CC1=CC2=C(C=C1)NC=C2,2.6,262.0,15,3,127.99117503266666,189.95414880925642
55.6,260.29,CCOC(=O)/C(=C\N(C)C)/C1=NC2=CC=CC=C2O1,2.4,355.0,19,5,162.0447946812667,242.99338901001644
80.3,156.14,CC(=C)C(=O)[O-].C=CC(=O)[O-],,128.0,11,0,61.04130770376667,104.07644516670162
35.5,285.13,CCOC(=O)C=CC1=C(C=CC(=C1)Br)OC,3.2,253.0,16,5,139.296730389,210.12698947538527
43.4,256.399,CCCCN(CCCC)CCCC.C=CC(=O)[O-],,123.0,18,9,150.878825237,219.75810027853348
42.1,193.24,CC(C)(C)OC(=O)C=CC1=CNC=C1,2.0,228.0,14,4,107.601361258,189.79519519967644
77.4,143.12,C=CC(=O)O.C=CC(=O)[O-],,106.0,10,1,101.26482151516666,90.9673643350909
29.5,177.2,COC(=O)/C=C/N(CC#C)CC#C,0.7,269.0,13,5,93.76522885236666,184.87007753442438
26.3,164.2,COC(=O)C=C.C1=CC=CC=C1,,81.5,12,2,92.81029879326668,118.32979812752826
43.4,128.13,C=CC(=O)OCCC=O,0.4,118.0,9,5,55.1324024588,119.59596661646205
40.1,198.19,C=CC1=CC=CC=C1.C=CC(=O)[O-].[Na+],,128.0,14,2,117.47936553523334,123.86964021792426
156.0,502.7,CCCCCCCC/C=C\CCCCCCCCC(=O)[C@@H]([C@H]([C@@H]([C@@H](CO)O)O)O)O.C=CC(=O)O,,482.0,35,22,245.3595444943333,439.3190122728303
26.3,302.5,CCCCCCCCCCCOC(=O)C(=C)C1=CC=CC=C1,7.4,303.0,22,13,172.951431981,318.48242678672534
35.5,248.32,C=CC(=O)OCCCCCCOC1=CC=CC=C1,3.8,232.0,18,10,132.06132737916667,249.07985986873885
52.6,216.19,C=CC(=O)OC1=COC2=CC=CC=C2C1=O,2.1,356.0,16,3,116.87999564123334,191.28348498065566
52.3,205.25,CCOC(=O)/C=C/C1=CC=C(C=C1)CN,1.8,218.0,15,5,129.2048880803,199.84088386140033
80.8,166.14,C=CC(=C)C(=O)OC1=NNN=N1,0.9,216.0,12,4,73.90024488006667,138.3286829492694
110.0,326.4,C=CC(=O)OCCC(=O)CCCC[C@H]1[C@@H]2[C@H](CS1)NC(=O)N2,0.9,455.0,22,10,143.04821961899998,284.0399772594564
46.5,220.26,CC1(CC=C(C=C1)/C=C/COC(=O)C=C)O,1.7,363.0,16,5,126.15793553466663,214.25603196126806
81.4,237.21,COC(=CC1=CC=C(C=C1)[N+](=O)[O-])C(=O)OC,2.2,312.0,17,4,140.57182563523335,205.3213088308196
55.4,205.21,CC(=O)NC1=CC(=CC=C1)OC(=O)C=C,1.6,263.0,15,4,112.85231389273332,191.0859188667198
65.2,192.21,CCOC(=O)C=CC1=CN=C(C=C1)N,1.1,216.0,14,4,109.45710366336668,179.03087755235185
26.3,232.32,CCC(C)OC(=O)C=C.C=CC1=CC=CC=C1,,176.0,17,5,130.644234694,172.41103628190288
35.5,202.21,C=CC(=O)OC1=CC2=CC=CC=C2OC1,2.3,293.0,15,3,120.97200116656666,189.45596929489264
55.4,289.4,CC(C)NC(=O)C=C.C=CC(=O)OCCC1=CC=CC=C1,,266.0,21,7,172.75350541133332,209.68981076502664
92.7,453.7,CCCCC(CC)COC(=O)C=C.CC(=C)C(=O)NCCCCCCCCCCC(=O)O,,439.0,32,20,363.5304367466667,374.7891948393947
26.3,210.31,C=CCCCCCCCCOC(=O)C=C,4.7,185.0,15,11,114.3258662354,224.93166373255391
35.5,210.27,CC(C)(C1CC2CCC1O2)OC(=O)C=C,2.2,283.0,15,4,100.69906738526667,199.9066059644819
141.0,248.23,CC(=C)C(=O)[O-].C=CC(=O)[O-].C(C(CO)O)O,,154.0,17,2,97.5011670036,114.36706398276509
60.4,248.27,CC(=O)CC(=O)C1=CC=CC=C1.COC(=O)C=C,,244.0,18,5,121.4653521541,169.4990872445102
76.4,285.29,CCOC(=O)/C(=C/C1=CC=C(C=C1)OC(=O)C(=C)C)/C#N,3.1,490.0,21,7,181.15194757566667,269.1346621579851
43.4,226.23,C=CC(=O)OC1=CC=C(C2=CC=CC=C21)C=O,3.0,311.0,17,4,139.41387738466668,212.34739210328817
65.0,265.65,COC(=O)/C=C/C1=NC2=C(C=C(C=C2)Cl)C(=O)O1,2.0,418.0,18,3,156.39727488966665,219.8839050053405
52.6,156.14,C=CC(=O)OC1CC(=O)OC1,0.4,197.0,11,3,64.5247389667,134.44933305846675
68.6,213.23,C=CC(=O)OCCOCCOCCC#N,0.1,231.0,15,10,92.1551383882,199.8513797484271
54.0,404.5,COC1=CC=C(C=C1)COC2=CC=C(C=C2)/C=C/C(=O)OCC3=CC=C(C=C3)OC,5.1,510.0,30,10,262.63072445766664,388.6586959382735
102.0,417.5,CC1=CSC(=N1)NC2=NC=C(C(=C2)OC3=CC=CC4=CC=CC=C43)/C=C/C(=O)OC,5.5,604.0,30,7,280.0280715646666,377.2780525376488
102.0,417.5,CC1=CSC(=N1)NC2=NC=C(C(=C2)OC3=CC=CC4=CC=CC=C43)/C=C\C(=O)OC,5.5,604.0,30,7,274.54271341666663,377.3777178194431
73.0,240.28,COC(=O)/C=C/C1=CC(=CS1)C2OCCO2,1.3,273.0,16,4,133.23497881623334,205.8259178144905
52.6,307.18,CC(COC(=O)C=C)OC(=O)CCCCCBr,2.8,253.0,17,11,116.9898211693,231.84381999121052
51.6,250.36,CC(C)(CCOC(=O)C=C)SC1=CC=CC=C1,3.9,255.0,17,7,134.30574128333333,244.14474940446217
53.4,575.5,CC/C(=C(/C1=CC=C(C=C1)/C=C/C(=O)OCC)\C2=CC3=C(C=C2)N(N=C3)C4CCCCO4)/C5=C(C=C(C=C5)Cl)Cl,9.4,902.0,40,9,361.3059917946667,526.3995404212909
62.6,578.7,CCCCOC1=CC=CC(=C1)/C(=C(\C2=CC=C(C=C2)/C=C/C(=O)OCC)/C3=CC4=C(C=C3)N(N=C4)C5CCCCO5)/CC,9.4,926.0,43,13,401.545989489,563.5887156477731
67.4,314.2,COC(=O)/C=C/C1=CSC(=N1)C2=C(C=CC=C2Cl)Cl,4.2,344.0,19,4,180.0584617382667,259.2692991465739
67.9,423.5,CC/C(=C(/C1=CC=C(C=C1)/C=C/C(=O)OCC)\C2=CC3=NNN=C3C=C2)/C4=CC=CC=C4,6.9,674.0,32,8,307.95201866466664,405.76296952781706
74.4,222.24,CCOC(=O)/C=C/C1=NC(=C(C=C1)N)OC,1.2,256.0,16,5,138.2949550661,203.6545487488429
66.2,301.34,CC(C)(C)OC(=O)/C=C/C1=NC(=C(C=C1)N2C=CN=C2)OC,2.2,406.0,22,6,194.98727125366668,284.05881454515026
26.3,222.32,CC1(CCC(C(=C1)/C=C/C(=O)OC)(C)C)C,4.0,333.0,16,3,134.3272726336667,227.97373359333756
84.6,453.5,CCOC(=O)/C=C/C1=C(N(N=C1C)C)N2C=CC3=C2C=C(C=C3)OC(C)C(=O)OC(C)(C)C,4.6,721.0,33,10,260.8600733393334,426.15105124176176
58.3,415.5,CCOC(=O)/C=C/C1=C(N(N=C1C)C)N2C=CC3=C2C=C(C=C3)OCC4=CC=CC=C4,4.8,621.0,31,8,252.379340449,396.4252407647595
72.6,264.75,CN(C)CCOC(=O)C=C.CCl.C=CC(=O)N,,181.0,17,6,120.80923987763332,159.46198237967045
125.0,334.4,CC(=O)NC1=NC(=CS1)C=CC2=CSC(=C2)/C=C/C(=O)OC,2.8,468.0,22,6,224.092719096,288.2443943935329
40.7,155.15,CCOC(=O)C(=C)CN=[N+]=[N-],2.0,206.0,11,5,68.80668357393334,138.88707636213405
26.3,226.35,CCCCCC(CCCCC)OC(=O)C=C,5.4,177.0,16,11,119.65322317966668,242.28852773893058
26.3,212.24,C=CC(=O)OCC1=CC=CC2=CC=CC=C21,3.6,260.0,16,4,122.60671834643333,208.9073303723745
29.5,239.7,CN(C)C=C(C1=CC=CC=C1Cl)C(=O)OC,2.7,276.0,16,4,136.28756180093333,222.84878912377684
38.3,115.13,CNC=CC(=O)OC,0.9,98.6,8,3,56.51120970073333,110.62041570847786
26.3,180.24,CCOC(=O)C(=C)C1CCCC=C1,3.1,228.0,13,4,97.0899902315,182.03575625032633
26.3,265.5,COC(=O)C(=C(Cl)Cl)C1=CC=C(C=C1)Cl,4.1,264.0,15,3,124.46391274620002,213.9721807303765
43.4,218.25,CCOC(=O)C(=C)CC(=O)C1=CC=CC=C1,2.4,275.0,16,6,118.0620901986,212.06727760698476
40.5,181.19,CO/C=C(/C(=O)OC)\N1C=CC=C1,0.9,207.0,13,4,94.03806309666668,170.17602958998933
54.5,182.24,COC(=O)C(=C)CC1=CC=CS1,2.4,189.0,12,4,90.43406301266668,167.98835524131133
92.2,310.37,CCCN1C(=O)C(=C2N(C1=O)CCS2)/C=C/C(=O)OCC,1.4,527.0,21,6,171.96123276900002,269.38126926157867
92.4,265.26,CC(C)(C)OC(=O)/C=C/C1=C(C=CC(=C1)[N+](=O)[O-])O,2.7,366.0,19,4,147.7449052224,233.59289147418883
26.3,334.0,CCOC(=O)/C=C/C1=CC(=CC(=C1)Br)Br,3.9,231.0,15,4,139.06680931399998,194.10628064251537
72.1,221.21,CC1=C(C=C(C=C1)/C=C/C(=O)OC)[N+](=O)[O-],2.4,295.0,16,3,127.09791142276669,197.55803790464984
120.0,510.6,COC1=CC=C(C=C1)S(=O)(=O)N(CC2=CC=CC=C2NC(=O)COC3=CC=CC=C3)C(=C)C(=O)OC,4.0,843.0,36,12,288.242369314,452.7725159659458
44.8,272.29,COC1=CC(=C(C2=CC=CC=C21)OC)/C=C/C(=O)OC,3.4,352.0,20,5,181.3493370317,257.24238540107075
72.4,306.35,COCCOCCOCCOCCOCCOC(=O)C=C,0.0,246.0,21,17,136.17783751366667,283.24513466727683
26.3,272.4,CC1(CCC(C2=C1C=CC(=C2)C(=C)C(=O)OC)(C)C)C,5.5,406.0,20,3,162.57076633566666,275.52606268988615
65.0,308.4,COC1=C(C=CC(=C1)/C=C/C(=O)OC)OCCCCCCO,2.9,329.0,22,11,188.74365633833327,294.19622260128614
90.9,394.5,COCCOCCOCCOCCOCCOCCOCCOC(=O)C=C,-0.3,326.0,27,23,174.57174777933332,362.6793688000084
66.8,441.9,CCOC(=O)C(=CC1=C(N(C2=CC=CC=C21)CC3=CC=C(C=C3)OC)Cl)C(=O)OCC,5.6,626.0,31,10,263.57380256933334,402.2727178548974
57.5,446.3,CCOC(=O)C(=CC1=C(N(C2=CC=CC=C21)CC3=CC=C(C=C3)Cl)Cl)C(=O)OCC,6.3,613.0,30,9,258.94563538066666,395.56594749632177
26.3,374.5,COC(=O)/C=C/C1=CC=C(C=C1)C2=CC=C(C=C2)C3CCC(CC3)CCC=C,7.7,499.0,28,8,279.09060947,382.5331508101322
26.3,504.1,CCOC(=O)C=C(C1=CC=C(C=C1)I)C2=CC=C(C=C2)I,5.8,341.0,21,5,209.579038735,272.02001624206014
88.1,376.4,CCOC(=O)OC1=CC=C(C=C1)/C=C/C(=O)OCCCCOC(=O)C(=C)C,4.3,530.0,27,14,215.064169036,350.43273045829335
72.8,304.34,CC(=C)C(=O)OCCCCOC(=O)/C=C/C1=CC=C(C=C1)O,3.4,405.0,22,10,173.89345552426667,286.93787026267665
65.0,406.6,CCOC1=C(C=C(C=C1)/C=C/C(=O)OCCCCCCCCCCCO)OCC,6.3,424.0,29,18,247.78411008466665,403.82134919112127
44.8,312.4,CCOC1=C(C=CC(=C1)/C=C/C(=O)OC)C2=CC=C(C=C2)OC,4.1,385.0,23,7,226.06810136133333,302.9378207586451
26.3,248.36,CC(CC1C2CC3CC(C2)CC1C3)OC(=O)C=C,4.8,319.0,18,5,130.264117078,243.5138052866051
128.0,450.7,C=CC(=O)OC(CSCCSC1=CC=CC=C1)CSCCSC2=CC=CC=C2,6.5,393.0,28,15,239.50466133766668,412.9160383820098
64.599,261.269,CC1(C2=C(C=CC(=C2)/C=C/C(=O)OC)NC(=O)O1)C,1.9,402.0,19,3,159.5718293014,236.05390212586676
49.8,446.6,CC(C)(C)OC(=O)/C=C/C1=CC=CC(=C1)/C=C/C(=O)C2=CC=CC=C2CN3CCN(CC3)C,4.6,700.0,33,9,297.644060721,441.31035388914745
62.7,433.5,CC(C)(C)OC(=O)/C=C/C1=CC=CC(=N1)/C=C/C(=O)C2=CC(=CC=C2)N3CCN(CC3)C,3.9,689.0,32,8,278.68148218700003,422.001493371263
62.7,447.6,CC(C)(C)OC(=O)/C=C/C1=CC=CC(=N1)/C=C/C(=O)C2=CC=CC(=C2)CN3CCN(CC3)C,3.6,704.0,33,9,283.1703078806666,436.7489944368414
57.6,279.33,CC(C)(C)OC(=O)/C=C/C1=NC=C(C=C1)C(OC)OC,1.8,331.0,20,7,161.9618625646667,267.07043243188855
52.1,257.079,CCOC(=O)/C=C/C1=CN=C(C=N1)Br,1.5,221.0,14,4,122.33587183923336,176.2974700526111
64.2,394.8,CCOC(=O)C(=CC1=C(N(C2=CC=CC=C21)CC3=CC=C(C=C3)OC)Cl)C#N,5.1,621.0,28,7,244.82950762466663,362.17555374722906
61.8,194.12,COC(=O)C=CP(=O)(OC)OC,-0.5,214.0,12,5,82.28277584856666,158.01945889426747
71.6,210.25,CC(=O)C(=CC1=CC=CS1)C(=O)OC,1.8,271.0,14,4,119.221238937,186.0082086744277
54.0,258.31,CC1(COC(OC1)CCOCCOC(=O)C=C)C,1.7,265.0,18,8,117.69900936433334,240.5887052975258
88.9,512.6,CCOC(=O)C(=CC1=CC2=C(C=C1)C=CC(=C2)C#N)C3=CC=C(C=C3)O[C@H]4CCN(C4)C(=O)OC(C)(C)C,6.2,907.0,38,9,339.68451464733334,485.355101037271
35.5,212.28,CC(C)(C)OC(=O)C=CC1CCOCC1,2.0,232.0,15,4,109.05407157176668,208.00390030834794
51.6,258.3,C=CC(=O)OCCSC1=CC=CC2=CC=CC=C21,4.2,290.0,18,6,146.52363216996667,244.30828832700558
48.4,269.29,COC(=O)/C=C/C1=CC(=CN=C1)OCC2=CC=CC=C2,2.6,324.0,20,6,158.53171393399998,258.5049190597196
104.0,580.7,CCOC1=C(C=C(C=C1)C(=O)CCC(=O)NC2=NC3=C(C=C(C=C3)/C=C/C(=O)OCC)C(=C2)C4=CC=C(C=C4)C)OCC,6.3,931.0,43,14,398.77388365866665,548.9605895828093
80.3,289.33,CC(C)(C)OC(=O)/C=C/C1=CC2=C(NC(=O)CCN2)N=C1,1.3,428.0,21,4,186.747699094,262.74073173168796
29.5,447.6,CC1=CC=C(C=C1)N(C2=CC=C(C=C2)C)C3=CC=C(C=C3)C4=CC=C(C=C4)CCOC(=O)C=C,8.3,593.0,34,9,339.1807368006667,450.51437661311473
29.5,475.6,CC1=CC=C(C=C1)N(C2=CC=C(C=C2)C)C3=CC=C(C=C3)C4=CC=C(C=C4)CCCCOC(=O)C=C,9.0,623.0,36,11,361.44872400866666,482.31656279707914
84.2,236.22,CNC1=C(C=C(C=C1)/C=C/C(=O)OC)[N+](=O)[O-],2.6,311.0,17,4,146.65677058063332,207.2808983372374
82.8,512.6,C=CC(=O)OC1=C(C=C(C=C1)C2=CC=CC3=C2SC4=CC=CC=C34)C5=CC=CC6=C5SC7=CC=CC=C67,10.2,844.0,37,5,361.1451119926666,467.77653594241536
82.8,526.7,CC1=CC(=C(C(=C1)C2=CC=CC3=C2SC4=CC=CC=C34)OC(=O)C=C)C5=CC=CC6=C5SC7=CC=CC=C67,10.6,817.0,38,5,347.47810210533333,481.85658764448715
52.3,281.78,CC1=C(C=CC(=C1N)Cl)CC(=C)C(=O)OC(C)(C)C,3.9,349.0,19,5,149.16857173973335,264.1017585470483
76.1,332.4,CCNC1=NC(=C(C(=N1)NC2CCCCC2)/C=C/C(=O)OCC)C,4.1,410.0,24,8,202.56093568666665,318.36046948351856
68.3,220.22,C=CC(=O)OCCC(=O)NC1=CC=CC=N1,1.0,266.0,16,6,108.91694935486665,201.72873048795213
85.9,514.4,CC1=CC=C(C=C1)C2=NC(=C(S2)COC3=CC(=C(C=C3)/C=C/C(=O)OC)OCC(=C)Br)C,6.3,652.0,32,10,291.8379470836667,418.3960236519571
77.5,278.3,CC(C)(C)OC(=O)NC1=C(C=NC=C1)/C=C/C(=O)OC,1.7,374.0,20,6,148.81283567366663,257.26364661111575
51.6,438.5,COC(=O)/C=C/C1=C(C=NC=C1)N=P(C2=CC=CC=C2)(C3=CC=CC=C3)C4=CC=CC=C4,5.7,621.0,32,7,296.98744761433335,420.9988380638951
144.0,524.6,CCCCCC1CCC(CC1)C(=O)OC2=CC=C(C=C2)/C=C/C(=O)OCC3=CC(=CC(=C3)[N+](=O)[O-])[N+](=O)[O-],7.6,798.0,38,12,301.92105670766665,468.9657028575067
55.8,326.4,CCCCCOC1=CC=C(C=C1)OC(=O)/C=C/C2=CC=C(C=C2)O,5.2,377.0,24,9,216.445910301,314.94385901119324
99.4,334.4,CCOC(=O)/C=C/C1=C(N=C(N=C1NC2CCC(CC2)OC)N)C,2.4,424.0,24,7,194.72779361466667,306.9494262098233
110.0,320.39,CCOC(=O)/C=C/C1=C(N=C(N=C1NC2CCC(CC2)O)N)C,1.9,410.0,23,6,187.6434567123333,288.4792735161224
68.3,272.3,CC(C)(C)OC(=O)/C=C/C1=CN=C2C(=C1)C=CC(=O)N2,1.9,449.0,20,4,180.40933656096664,250.04948240936835
143.0,589.7,CCOC(=O)/C=C/C1=CC(=C(S1)NC(=O)OC(C)(C)C)C(=O)N2CCC(CC2)N3CCCC4(C3)CC(OC4=O)(C)C,4.7,1030.0,41,9,339.01571328933335,529.3477595422862
72.1,411.5,CCOC(=O)/C(=C/C1CCCC1)/C2=CC3=C(C=C2)S(=O)(=O)C4=CC=CC=C4N3C,5.1,735.0,29,5,250.99946196200003,369.9311882844675
63.6,296.3,C=CC(=O)OCC(C1=CC=CC=C1)(C(=O)C2=CC=CC=C2)O,3.0,405.0,22,7,163.544318738,277.45700590573523
46.6,225.28,CN(C)C=C(C(=O)C1CCCC1)C(=O)OC,1.9,301.0,16,5,120.62203511833332,216.6202140034153
77.0,396.4,COC(=O)/C=C/C1=NC2=CC=CC(=C2C(=N1)NCC3=CC=CC=N3)C4=CC=CC=C4,4.3,578.0,30,7,268.1473678093334,373.1625667971793
108.0,450.5,CCOC(C)OC(=O)C=C.CC(=C)C(=O)OCCO.CC(=C)C(=O)OCC1=CC=CC=C1,,428.0,32,13,220.151889102,234.772619814303
67.4,248.1,COC(=O)/C=C/C1=CSC(=N1)Br,2.3,198.0,12,3,104.54686661873332,155.4015349098891
41.6,274.36,CN1CCC(CC1)NC2=CC=CC=C2/C=C/C(=O)OC,2.8,335.0,20,5,169.37845525999998,267.5628356938138
72.3,194.19,COC(=O)/C(=C\O)/CC1=CN=CN=C1,0.8,222.0,14,4,90.3070414591,172.03095707199108
68.6,261.269,COC1=C(C=C(C=C1)CC(C#N)OC(=O)C=C)OC,2.4,360.0,19,7,133.906801567,245.67004904311815
35.5,278.4,CC(C)C(OC(=O)C=C)OC12CC3CC(C1)CC(C3)C2,4.7,358.0,20,6,141.1488648476667,266.3563781138442
90.6,281.26,CCOC(=O)/C=C/C1=CC(=C(C(=C1)OC)OC)[N+](=O)[O-],2.3,364.0,20,6,163.4398300274,246.32663178575095
39.2,334.99,CCOC(=O)/C=C/C1=C(C=NC=C1Br)Br,2.9,236.0,15,4,127.77477825556667,189.30513630889652
35.5,344.4,C=CC(=O)OCCOC1=C(C=CC=C1C2=CC=CC=C2)C3=CC=CC=C3,5.6,409.0,26,8,212.069164663,339.33350037591856
108.0,275.26,CCOC(=O)C(=CNC1=CC(=C(C=C1)[N+](=O)[O-])C)C#N,2.9,446.0,20,5,172.67861153156664,242.36463217170396
29.5,475.6,CC1=CC(=C(C=C1)N(C2=CC=C(C=C2)C3=CC=C(C=C3)CCOC(=O)C=C)C4=CC(=C(C=C4)C)C)C,9.0,690.0,36,9,360.033512157,480.8246379736382
57.6,223.22,COC1=CC(=CC(=N1)OC)/C=C/C(=O)OC,1.7,242.0,16,5,125.9369174781,205.7819311317222
44.8,288.34,CCOC(=O)C(=C)C12CC(OC1CCO2)C3=CC=CC=C3,2.3,413.0,21,5,147.39409694433334,268.80653235463967
51.6,208.28,COC(=O)/C=C/C1=CC(=CC=C1)SC,2.7,213.0,14,4,125.8204032439,196.81848232801735
52.6,290.4,C[C@@H](C1=CC=CC(=C1)/C=C/C(=O)OC)C(=O)OC(C)(C)C,3.5,392.0,21,7,169.7351045613,283.22771818541173
52.6,441.0,C1CCC(CC1)CCOCC(=O)C(=CC2=CC=CC=C2Cl)C(=O)OCC3=CC=CC=C3,7.2,590.0,31,11,251.6053028243333,414.3631757002838
73.9,391.5,CCCCCCCCCNC(=O)C(=CC1=CC=C(C=C1)OCOC)C(=O)OC,6.1,470.0,28,15,227.04946681500005,379.8568775628313
51.2,206.24,CCOC(=O)C=C(C1=CC=NC=C1)NC,1.8,233.0,15,5,110.6495372427,197.71265878100738
43.4,328.8,CCC(=O)C(=CC1=CC(=CC=C1)Cl)C(=O)OCC2=CC=CC=C2,4.6,438.0,23,7,189.7706359203333,305.9623177104924
116.0,405.4,CC1=CC=C(C=C1)S(=O)(=O)O/C=C(/C(=O)OC)\NC(=O)OCC2=CC=CC=C2,3.1,654.0,28,9,208.373120848,347.1135703297694
77.5,357.2,CC(C)(C)OC(=O)NC(=CC1=CN=C(C=C1)Br)C(=O)OC,2.9,418.0,21,6,177.77478667729997,265.66200347767045
83.8,174.15,C=CC(=O)O.C=CC(=O)OCO,,133.0,12,4,71.22487277426667,111.98148248244038
72.8,216.23,CC(=O)OC=C.COC(=O)C=C.C=CO,,142.0,15,4,94.19346368269998,105.32124044338278
96.5,358.5,CCOC(=O)/C=C/C1=CC=C(C=C1)CCCC2=CSC(=N2)NC(=O)C,3.7,462.0,25,9,215.79183354033333,330.93849929796835
73.1,323.3,CC1=CC(=C(C=C1)OC)N=C=NC2=C(C=NC=C2)/C=C/C(=O)OC,4.1,500.0,24,6,219.344061967,305.9225583327257
101.0,462.5,CCOC(C)OC(=O)C=C.CC(=C)C(=O)OCC1CO1.CC(=C)C(=O)OCC1=CC=CC=C1,,473.0,33,13,237.768593495,241.9311272898401
43.4,218.25,CC1=CC(=CC(=C1C=O)C)/C=C/C(=O)OC,2.4,271.0,16,4,141.57819987416667,211.4210491995123
73.9,345.4,CCOC(=O)/C=C/C1=CC=CC(=C1)/C=C/C(=O)NOC2CCCCO2,3.2,488.0,25,8,211.70093300866665,320.39709287186923
78.9,272.29,CC(=C)C(=O)OC.CC(=O)OC=C.COC(=O)C=C,,226.0,19,6,111.71603629633334,123.8412649060189
87.5,270.24,C1CC(=O)N(C1=O)OC(=O)C=CC2=CC=C(C=C2)C#N,1.0,479.0,20,4,146.688363523,237.63269464205308
48.3,193.2,CN1C=C(C=C1/C=C/C(=O)OC)C=O,0.4,250.0,14,4,115.49042445346667,180.55937350212264
45.1,199.25,CN(C)C=C(C(=O)OC)N=CN(C)C,0.3,244.0,14,5,120.71816164746669,196.68038683183522
101.0,172.13,C=CC(=O)[O-].C=C(CO)C(=O)[O-],,140.0,12,1,62.76772506843333,97.60882494830162
116.0,408.4,C=CC(=O)OC(=O)[C@H](CCCCN)NC(=O)C1=CC=C(C=C1)C(=O)C2=CC=CC=C2,3.0,619.0,30,12,224.37586068266668,375.4923005618994
85.6,234.21,CCOC(=O)C=CC1=C2N=CNC(=O)N2N=C1,0.4,380.0,17,4,128.5698386979333,197.27841670760378
105.0,238.2,CCOC(=O)/C(=C/C1=C(C=CC=N1)[N+](=O)[O-])/O,1.2,323.0,17,4,126.82291991840002,197.23681572032487
26.3,468.3,CCCCCCCCC(C(CCCCCCC(=C)C(=O)OC)Br)Br,8.9,332.0,24,17,193.3531202153333,353.9206555457796
90.9,259.26,CCO/C=C(\C(=O)NC(=O)OCC)/C(=O)OCC,1.7,336.0,18,8,120.31711083466666,229.74283955012046
46.6,245.27,COC(=O)C(=C)N(CC=C)C(=O)C1=CC=CC=C1,2.6,343.0,18,6,130.73676843866664,238.43941784624434
72.8,302.32,CCCC1=C(C=CC2=C1OC(=CC2=O)/C=C/C(=O)OCC)O,3.2,479.0,22,6,181.0963543023333,274.35523372801896
57.0,279.29,CC1=CC(=C(C=C1)OC(=O)C=C)N2N=C3C=CC=CC3=N2,5.0,387.0,21,4,185.75360048433333,258.64490982174857
55.0,266.29,CCOC(=O)C=CC1=CC2=C(C=N1)NC3=CC=CC=C32,3.0,383.0,20,4,179.35951658566668,247.37622141676002
26.3,240.3,CCOC(=O)C(=CC1=CC2=CC=CC=C2C=C1)C,4.2,319.0,18,4,160.3045148597,239.87322736094734
94.3,277.32,CCOC(=O)C=CC1=C(C(=C(N=C1N)C)NC(=O)C)C,1.1,384.0,20,5,154.15961398000002,254.38941039245128
100.0,405.7,CCN(CC)C=C(C(=S)NC(=O)OCC(Cl)(Cl)Cl)C(=O)OCC,4.3,463.0,23,9,178.229102008,330.2783402602713
94.6,532.6,COC(=O)/C=C/C1=CC=C(C=C1)C2=CC(=NC(=C2)NC(=O)CCC(=O)C3=CC4=C(C=C3)OCC4)C5=CC=CC=C5,5.2,891.0,40,10,364.960148244,497.24210507961527
92.9,376.27,CCOC(=O)/C=C/C1=C(C=C(S1)NC(=O)OC(C)(C)C)Br,3.9,408.0,21,7,190.77832703566665,277.3586582680947
69.5,396.5,CCOC1=CC=C(C=C1)N=NC2=CC=C(C=C2)OCCCCCCOC(=O)C=C,5.9,481.0,29,14,233.27592915566663,383.85540159757795
128.0,353.33,CCOC(=O)/C=C/C1=CN2C(=C1C3=CC=C(C=C3)[N+](=O)[O-])C(=NC=N2)N,2.2,544.0,26,5,215.18100880066663,300.9290677804151
46.5,271.11,CCOC(=O)/C=C/C1=C(C=CC(=C1)O)Br,2.9,240.0,15,4,123.10076542073334,190.73758718920027
104.0,492.6,CCOC(=O)/C=C/C1=C2C=NC3=C(N2C(=N1)C4CCCCC4)C=CN3S(=O)(=O)C5=CC=C(C=C5)C,5.8,876.0,35,7,330.656063385,436.4752027652258
116.0,427.4,CC(C)(C)OC(=O)NC1=C(C=NC=C1)/C=C(/C(=O)OC)\NC(=O)OCC2=CC=CC=C2,3.0,652.0,31,10,226.80904148966667,388.4364783796274
102.0,336.39,C[C@H](CNC(=O)OC(C)(C)C)NC1=NC=C(N=C1)/C=C/C(=O)OC,1.5,448.0,24,9,193.4859072523333,309.9214483328705
89.6,369.8,CCOC(=O)/C=C/C1=CC(=C(N=C1)NCCNC(=O)OC(C)(C)C)Cl,3.1,465.0,25,10,206.10929281166668,332.94492736240454
73.3,333.77,COC(=O)/C=C/C1=CN=C(C=N1)NCCOC2=CC=CC=C2Cl,2.7,395.0,23,8,199.94613402566665,297.56701434607623
99.4,306.36,CCOC(=O)/C=C/C1=C(N=C(N=C1NC2CCOCC2)N)C,1.6,385.0,22,6,172.77715439099998,275.82060380141456
99.4,292.33,CCOC(=O)/C=C/C1=C(N=C(N=C1NC2CCOC2)N)C,1.3,377.0,21,6,163.89251201366667,260.5789398255713
89.7,305.3,CCOC(=O)/C=C/C1=C(C(=C(N1)C)C2=CC=C(C=C2)C#N)C#N,2.9,545.0,23,5,211.6042368636,289.09132348408434
64.599,261.269,CCOC(=O)/C=C/C1=CC2=C(C=C1)OC(C(=O)N2)C,1.9,380.0,19,4,164.60316651366665,236.08551798947605
55.0,180.2,CC1=C(C(=NN1)C)/C=C/C(=O)OC,1.3,216.0,13,3,101.96535692753334,167.51477929160245
52.3,283.32,CCOC(=O)/C=C/C1=CC=C(C=C1)C2=CN=C(O2)C3CC3,3.2,384.0,21,6,209.318530689,271.7475786053518
52.3,257.279,CCOC(=O)C=CC1=CC=C(C=C1)C2=CN=C(O2)C,3.0,321.0,19,5,181.474691369,244.03307585223132
53.4,272.3,COC(=O)/C=C/C1=CN(N=C1)CCOC2=CC=CC=C2,2.1,327.0,20,7,158.22006510766667,257.14528902115643
80.3,315.37,CCOC(=O)/C=C/C1=CC2=C(NC(=O)C3(C2)CCNCC3)N=C1,0.9,486.0,23,4,196.0612882183333,284.2741317247438
26.3,252.39,CCCCCC1CCC(CC1)/C=C/C(=O)OCC,5.9,250.0,18,8,143.23597602466666,262.94494906419624
75.0,273.33,CCCCC1=C(N=CC=C1)NC=C(C#N)C(=O)OCC,3.9,384.0,20,8,167.17521705666664,265.06570576228535
75.0,245.28,CCC1=C(N=CC=C1)NC=C(C#N)C(=O)OCC,2.8,357.0,18,6,137.84290296499998,232.83549281158614
75.0,217.22,CCOC(=O)C(=CNC1=CN=CC=C1)C#N,1.7,316.0,16,5,120.10781130816667,202.05892672320027
72.8,350.4,CC(C)C1=CC2=C(C=C1)C3(C(=O)C4=CC=CC=C4C3(O2)OC(=O)C=C)O,3.4,628.0,26,4,195.357083147,314.26956172379147
26.3,260.399,CCCCCOC(=O)/C=C/C1=CC=C(C=C1)C(C)C,5.1,273.0,19,8,170.51826304433334,271.59501691236017
26.3,355.3,CC(CCC=C(C)C)CCOC(=O)/C=C/C1=C(C=C(C=C1)Cl)Cl,7.1,414.0,23,9,203.439170822,335.4310243020764
35.5,328.8,COC1=C(C=CC(=C1)CC=C)OC(=O)/C=C/C2=CC=C(C=C2)Cl,5.4,413.0,23,7,211.80865848066665,309.9629371227724
71.8,408.4,CN1C(=CC(=N1)C2=CC=C(C=C2)OC)OCC3=CC=CC=C3/C(=C\OC)/C(=O)OC,3.7,576.0,30,9,241.810859482,382.18511070934306
55.0,294.3,CCOC(=O)/C=C/C1=CC2=C(C(=C1)C)NC3=C2C=C(C=N3)C,4.0,437.0,22,4,210.91832810466667,278.59814358198696
116.0,433.5,CCOC(=O)/C(=C/C1=C(C=C(C=C1)C2=CC=C(C=C2)C(=O)N3CCCC3)[N+](=O)[O-])/CC#N,3.6,766.0,32,7,271.557763899,393.0991521512208
104.0,709.7,CCCCOC(=O)/C=C/C1=CC2=C(C=C1)N=C(N2C)C3(CCC3)NC(=O)C4=CC5=C(C=C4)C(=C(N5C)C6=NC=C(C=N6)Br)C7CCCC7,7.2,1150.0,48,11,462.89273459,601.9212377823135
68.9,209.23,COC(=O)/C(=C/C1=CSC=C1)/N=[N+]=[N-],3.0,297.0,14,4,121.73277993496669,174.84231495703034
89.9,296.32,CCOC(=O)/C=C(/C1=C(N=C(C=C1)OC)OC)\NCCO,1.7,348.0,21,9,160.356279987,267.3148536352677
65.2,178.19,COC(=O)/C=C/C1=C(C=CC=N1)N,0.5,204.0,13,3,105.61046012796665,163.78811647730498
55.0,166.18,CCOC(=O)/C=C/C1=CNN=C1,0.9,180.0,12,4,89.84084140293332,152.65166044450453
93.4,198.24,CCOC(=O)/C=C/C1=CN=C(S1)N,1.3,208.0,13,4,115.70021482983331,169.26845216027493
81.1,280.34,CCOCC1=CN2C=C(SC2=N1)/C=C/C(=O)OCC,2.6,338.0,19,7,171.92915125326667,249.31846774876666
46.5,248.32,CC1=C(C(=CC=C1)/C=C/C(=O)OC(C)(C)C)CO,2.7,301.0,18,5,148.9708569687,244.03142572733043
71.6,238.3,CC(C)(C)OC(=O)/C=C/C1=C(C=CS1)C=O,2.4,291.0,16,5,136.456894798,218.14757899259342
52.1,254.28,CCOC(=O)/C=C(\C1=CC=CC=C1)/C2=CN=NC=C2,2.4,322.0,19,5,152.33898166699998,242.65114761402972
144.0,412.3,C=CC(=O)OCC1=C(C=CC(=C1)[N+](=O)[O-])C2=C(C=C(C=C2)[N+](=O)[O-])COC(=O)C=C,3.8,625.0,30,9,208.8328192913333,350.7164034064957
46.5,206.24,CCOC(=O)/C=C/C1=C(C=C(C=C1)O)C,2.6,235.0,15,4,128.68393394433335,197.10760553756828
35.5,304.4,CCCCOC1=CC=C(C=C1)C=C.CC(C)(C)OC(=O)C=C,,253.0,22,8,201.67482069166667,232.62675323478032
39.2,270.12,CCOC(=O)/C=C/C1=CC(=C(N=C1)C)Br,2.6,243.0,15,4,133.6465085993,196.82329207064612
57.6,409.9,CCOC(=O)/C=C/C1=C(C=C(C=C1)OCC2=CN=CC=C2)OC3=CC(=CC=C3)Cl,5.1,529.0,29,9,243.66533320166664,375.7067804111431
124.0,449.5,CCN(CCCCCCOC(=O)C=C)C1=CC=C(C=C1)N=NC2=C(C=C(C=C2)[N+](=O)[O-])C#N,5.6,705.0,33,13,282.8885395803333,419.40879010962345
44.1,242.27,CCOC(=O)/C=C/C1=NC=CN1C2=CC=CC=C2,2.4,298.0,18,5,152.8367543334,232.3754180951564
35.5,331.59,CCOC(=O)/C=C/C1CC2=C(C=CC(=C2O1)Cl)Br,3.8,334.0,18,4,143.92048263353334,234.0367828717352
46.5,232.27,COC(=O)/C=C(/C1CCC1)\C2=CC(=CC=C2)O,3.6,305.0,17,4,128.87233418766667,220.78025848389547
35.5,398.5,CC1=C(C(=CC=C1)C)C2=CC(=CC=C2)C3CCC4=C(O3)C=CC(=C4)/C=C/C(=O)OC,6.4,589.0,30,5,268.1833309833333,391.4282324449441
35.5,344.0,CCOC(=O)C(=C(Cl)Cl)C1=CC(=C(C=C1Cl)Cl)OC,5.1,355.0,19,5,157.788750827,272.3640865990522
46.5,234.29,CC(C)(C)OC(=O)/C=C/C1=CC=C(C=C1)CO,2.3,268.0,17,5,143.497302246,228.98808722375446
62.6,274.31,CCOC(=O)C(=CN(C)C)C1=C(C=C(C=C1)C#N)OC,2.2,409.0,20,6,171.91913043233333,264.65081456417676
152.0,585.7,CCC1=C(N=C(C(=N1)C(=O)N)NC2=CC=C(C=C2)N3CCN([C@@H](C3)COC(=O)C=C)C)OC4=CC=CC(=C4)NC(=O)C=C,4.4,974.0,43,13,363.0049001083333,533.8701633118501
54.1,360.4,CC1(CC2=C(C(N1)C3=CC=C(C=C3)/C=C/C(=O)OC)NC4=CC=CC=C24)C,4.1,565.0,27,4,241.04369742333333,344.00200278221666
72.9,469.6,CCOC(=O)/C=C/C1=C(C=CC(=C1)SCC2=CC=CC=C2)NC3=CC4=CC=CC=C4C=C3OC,7.3,649.0,34,10,327.26433651,447.27611736331147
63.6,502.9,CCOC(=O)/C=C/C1=C(C=CC(=C1)SCC2=CC=CC=C2)NC3=C(C=C(C=C3)Cl)Br,7.4,557.0,30,9,288.20123460900004,402.4098157794827
72.9,532.9,CCOC(=O)/C=C/C1=C(C=CC(=C1)SCC2=CC=CC=C2)NC3=CC(=C(C=C3OC)Cl)Br,7.4,604.0,32,10,288.867851943,426.8979385989951
90.6,295.29,CC(C)OC1=C(C=C(C(=C1)[N+](=O)[O-])/C=C/C(=O)OC)OC,2.8,389.0,21,6,172.89331043310003,261.5043457576884
35.5,240.34,CC1(CC(CCO1)/C=C/C(=O)OC(C)(C)C)C,2.6,297.0,17,4,127.03477051233332,239.7145118560403
55.0,228.25,C1=CC=C(C=C1)COC(=O)/C=C/C2=NC=CN2,1.9,273.0,17,5,138.34990657063335,214.12397614152766
48.4,241.67,CCOC(=O)C(=C)C1=C(N=C(C=C1)Cl)OC,2.9,270.0,16,5,121.85223970293332,214.50262768093808
61.8,386.8,C=CC(=O)OCCCOC1=CC=C(C=C1)OC(=O)/C=C/C2=CC=C(C=C2)Cl,5.2,503.0,27,11,234.3011787598667,354.617135811601
55.8,284.31,CCOC1=CC=C(C=C1)/C=C/C(=O)OC2=CC=C(C=C2)O,3.7,337.0,21,6,192.68492824006665,268.1926786461028
71.1,396.4,CCOC1=CC=C(C=C1)/C=C/C(=O)OC2=CC=C(C=C2)OCCCOC(=O)C=C,4.9,528.0,29,13,250.92315839600005,376.6007996109895
35.5,325.2,CCOC(=O)/C=C/C1=C(C=CC(=C1)Br)OCC2CC2,4.0,325.0,19,7,167.5598051237,253.1075743953904
35.5,434.5,C=CC(=O)OCC(C(C1=CC=CC=C1)(C2=CC=CC=C2)C3=CC=CC=C3)OC4=CC=CC=C4,7.5,544.0,33,10,259.6507116,431.0028259847272
90.1,528.7,CC(C)C1=CC=CC=C1C2=C(C3=C(S2)C=C(C=C3)OC(=O)C)OC4=CC=C(C=C4)/C=C/C(=O)OC(C)(C)C,8.3,824.0,38,10,354.72182031100004,497.34042712870826
73.0,340.4,COC1=CC2=C(C=C1)C(=CS2)OC3=CC=CC=C3/C=C/C(=O)OC,4.7,453.0,24,6,204.481706615,308.66172413067227
104.0,446.5,C[C@H](C1=CC=CC=C1C2=C(C3=C(S2)C=C(C=C3)O)OC4=CC=C(C=C4)/C=C/C(=O)OC)O,5.6,646.0,32,7,298.5190640563333,401.989728869644
74.6,226.23,CC(C)(C)OC(=O)/C=C/N1C(=O)N(N=N1)C,1.2,356.0,16,4,116.55055572766666,198.29021332767073
74.6,184.15,CN1C(=O)N(N=N1)/C=C/C(=O)OC,0.2,286.0,13,3,91.26796286566666,151.4150346365866
64.599,213.23,C=CC(=O)NCCOCCOC(=O)C=C,0.5,238.0,15,9,97.77727838233334,199.39096980813423
90.5,478.0,CCOC(=O)/C=C/C1CC2=C(C=CC(=C2O1)Cl)C3=CC=C(C=C3)S(=O)(=O)N4CCOCC4,3.5,770.0,32,7,272.03799931233334,405.09834813249574
46.5,234.29,CC1=C(C=CC(=C1)/C=C/C(=O)OC(C)(C)C)O,3.2,288.0,17,4,147.09561806936665,228.78625925777527
81.7,409.5,CC(C)(C)OC(=O)CCC1=CC(=CC=C1)C(=O)NC2=CC=CC=C2/C=C/C(=O)OC,4.1,622.0,30,10,250.215878065,389.4257700870926
67.0,326.2,COC(=O)/C=C/C1=CC=CC=C1NCC2=NC(=C(N2)Cl)Cl,3.8,381.0,21,6,171.42987810813335,275.4542762378769
39.2,256.1,COC(=O)/C=C/C1=C(N=CC=C1)CBr,1.7,218.0,14,4,116.13434995766666,180.27072573429095
65.4,365.4,COCCN1C2=CC=CC=C2N=C1CNC3=CC=CC=C3/C=C/C(=O)OC,3.0,499.0,27,9,227.43606400233327,344.91725910321617
49.8,336.4,CCOC(=O)/C=C/C1=CC=CC=C1N2CCN(C2=O)C3=CC=CC=C3,3.3,499.0,25,6,210.96574655786665,320.6926961283186
59.4,241.67,CCOC(=O)/C=C/C1=CC(=C(N=C1)CO)Cl,1.3,258.0,16,5,133.5316152786,210.6969315717703
46.5,280.3,CC(C1=C(C2=C(C=C1)C3=CC=CC=C3C2)OC(=O)C=C)O,3.4,405.0,21,4,172.22761391606664,264.2039227697273
52.6,220.22,COC1=C(C=CC(=C1)/C=C/C(=O)OC)C=O,1.7,272.0,16,5,134.53545443833335,205.09050927699582
43.4,204.22,CC1=C(C=CC(=C1)/C=C/C(=O)OC)C=O,2.0,258.0,15,4,130.75184715566664,196.3183528855147
95.9,232.19,COC(=O)C=C(C#N)C1=CC=C(C=C1)[N+](=O)[O-],1.5,380.0,17,3,127.68863639233332,200.37440187158904
104.0,277.23,C1CC(=O)N(C1=O)OC(=O)/C=C/C2=CC(=C(C=C2)O)O,0.6,430.0,20,4,157.41108799746667,227.25154710504026
72.9,344.16,CCOC(=O)/C=C/C1=CC=C(C(=O)N1CC(=O)OC)Br,1.9,507.0,20,7,168.5854679395,246.278955937977
78.1,227.65,CC1=NC(=C(C(=N1)Cl)/C=C/C(=O)OC)N,1.5,260.0,15,3,120.71096138976668,191.29923957810948
35.5,172.22,CCOC(C)C(=C)C(=O)OCC,1.5,163.0,12,6,82.54219670426666,171.75348164392486
156.0,274.23,C=CC(=O)OCCO.C(=C\C(=O)O)\C(=O)NC(=O)N,,308.0,19,6,121.90158826806665,150.97767814950424
122.0,302.29,C=CC(=O)OC1=C(C(=C(C(=C1C2CCC2)C#N)C#N)C#N)C#N,2.6,702.0,23,4,176.42453117800002,276.97658713442536
117.0,380.4,CCOC(=O)CCN/C(=C(/C#N)\C(=O)OC)/C1=C(N(C2=CC=CC=C21)C)C#N,2.8,729.0,28,9,211.926292012,347.1060835369925
59.5,246.26,COC(=O)/C=C/C1=CN=C(C=C1)N2CCCC2=O,0.9,354.0,18,4,159.0989397186,226.25091840856567
74.4,350.4,CC1=C(N=C(O1)C2=CC=CC=C2)COC3=NC=C(C=C3)/C=C/C(=O)OC,3.4,478.0,26,7,223.3441127,325.45220133871885
72.1,263.29,CCOC(=O)/C=C/C1=CC(=C(C=C1)C(C)C)[N+](=O)[O-],3.5,346.0,19,5,158.27262797033333,244.13159843343163
51.3,333.4,C=CCOC(=O)/C=C/C1=CNC2=C1C=C(C=C2)OCC3=CC=CC=C3,4.4,470.0,25,8,211.0300538986667,320.6042974484367
77.0,343.3,COC1=C(C=C(C=C1)C(=CC(=O)[O-])C2=CC(=C(C=C2)OC)OC)OC,4.3,425.0,25,6,335.7363615253334,315.1418712611554
55.8,328.4,COC(=O)/C=C/C1=CC2=C(C=C1)C=C(C=C2)OCCCCCCO,4.2,393.0,24,10,224.480711216,316.6005949601964
26.3,328.4,CCOC(=O)/C=C/C1=CC(=CC(=C1)C2=CC=CC=C2)C3=CC=CC=C3,6.2,403.0,25,6,238.806559262,330.8949712736133
35.5,324.4,CCCCCOC1=CC=C(C=C1)C2=CC=C(C=C2)C=CC(=O)OC,5.6,375.0,24,9,237.875433412,325.76353913590054
46.6,207.23,CCOC(=O)C=CC1=CC(=O)N(C=C1)C,0.6,353.0,15,4,112.00359240416668,195.0045112261128
123.0,409.5,CCOC(=O)C=CS(=O)(=O)C1=CC=C(C=C1)NS(=O)(=O)C2=CC=C(C=C2)C,2.4,717.0,27,8,221.34753908733333,340.8944070640537
35.5,268.31,CCOC(=O)C=CC1=CC(=CC=C1)OC2=CC=CC=C2,4.5,318.0,20,6,161.27750466666666,263.16596256461713
90.1,284.31,CCOC(=O)C=CC1=CN=C(N=C1N)NC2=CC=CC=C2,2.4,356.0,21,6,180.65714250556667,261.31276003352065
52.6,338.4,CCOC(=O)C=CC(=O)C1=CC=C(C=C1)OC2=CC=C(C=C2)C(C)C,4.7,453.0,25,8,207.843913832,328.144979180932
64.599,359.5,CC(C)(C)OC(=O)C=CC1CCC(CC1)NC(=O)OCC2=CC=CC=C2,4.1,481.0,26,8,189.40163759666663,345.84413942936726
55.8,303.35,CC(C)(C)OC(=O)N1CCC2=C1C=CC(=C2)C=CC(=O)OC,3.0,452.0,22,5,192.1318062773333,287.0153862008877
169.0,489.0,CCOCCSC(=C(C(=O)OCC1=CC=C(C=C1)[N+](=O)[O-])N2C(CC2=O)Cl)SC(=O)C,2.9,721.0,31,12,239.05439590466668,399.572893969377
54.5,294.5,CCCCCCCCC1=CC=C(S1)C=CC(=O)OCC,6.2,289.0,20,11,178.7115492273,293.3226550696477
35.5,444.6,CCOC(=O)C=CC1=CC2=C(C=C1)OCC2(CC=C)C3=CC4=C(C=C3)C(CCC4(C)C)(C)C,8.3,750.0,33,7,282.43919525666666,441.9759370344296
64.599,363.4,COC(=O)/C(=C/C1=C(CCC1)OC2=CC=CC=C2)/NC(=O)C3=CC=CC=C3,3.9,595.0,27,7,249.89381924166665,342.1012758885522
66.8,270.71,CCOC(=O)/C=C/C1=CC(=C(C=C1)Cl)[C@@H](CO)O,1.7,293.0,18,6,151.7046184273,235.89031735878226
62.8,248.24,CCOC(=O)/C(=C/C1=CC(=CN=C1)OC)/N=[N+]=[N-],2.6,363.0,18,6,147.2305622988,220.08697753020422
55.0,216.24,CCOC(=O)C=CC1=C2C(=CC=C1)NC=N2,2.1,278.0,16,4,122.47766190666668,200.5597416741758
47.4,209.24,CCOC(=O)C(=CN(C)C)N1C=CN=C1,0.8,251.0,15,5,109.77293490623332,200.10605121958216
86.6,306.34,CC1=CC=C(C=C1)S(=O)(=O)N2C=CN=C2C=CC(=O)OC,1.9,490.0,21,5,173.19507954699998,263.18570579204066
71.6,312.4,CCOC(=O)C=CC1=CC2=C(S1)C(=O)C3=CC=CC=C3CC2,4.3,459.0,22,4,202.959497547,283.74439046071376
46.6,347.8,COC(=O)C=C[C@H]1CCC[C@H](N1C(=O)CC=C)C2=CC=C(C=C2)Cl,3.7,483.0,24,6,193.33252025233327,322.18123336446416
74.4,222.24,CCOC(=O)/C=C/C1=C(C=C(C=N1)OC)N,0.8,256.0,16,5,138.32407298453333,203.59980224459076
29.5,225.33,CCOC(=O)C=CC1CCN(CC1)C(C)C,2.3,240.0,16,5,122.194934978,228.16736244517506
39.2,191.23,CCOC(=O)C(=CC1=CC=CC=N1)C,1.9,223.0,14,4,107.33056341293332,188.08476180257082
53.4,397.3,CCCCOC1=NN(C(=C1)C=CC(=O)OCC)CC2=C(C=C(C=C2)Cl)Cl,5.3,464.0,26,10,197.60229239366663,355.298378623639
62.6,356.4,CCOC(=O)C=C(C1=CC=C(C=C1)OC2CCCCO2)C3=CN=CN3C,3.4,488.0,26,7,209.87009906800003,333.0156614881571
97.4,329.4,CC1=CC=C(C=C1)SC2=C(C=C(C=C2)C=CC(=O)OC)[N+](=O)[O-],4.5,440.0,23,5,203.8282767361,293.58172483970674
164.0,632.7,CC(=O)NC(=CC1=C(C=C(C=C1)C#N)OC[C@H](CC2=CC=C(C=C2)OC3CCNCC3)NS(=O)(=O)C4=CC=CC=C4)C(=O)OC,4.1,1140.0,45,14,364.4758843086667,562.5327386578932
168.0,518.5,CCOC(=O)C[C@H](COC1=C(C=CC(=C1)C#N)C=C(C(=O)OC)NC(=O)C)NC(=O)C2=CC=C(C=C2)C#N,2.2,984.0,38,13,294.981304492,467.19489812799645
70.1,327.4,CCOC(=O)C(=CC1=CC=C(C=C1)N2C(=CC(=N2)C(C)(C)C)N)C,4.3,462.0,24,6,214.1624205326667,316.83283788776816
69.9,482.0,CC(=CC1=CN(C(=C1)C=CC(=O)OC)C2=C(C=C(C=C2)Cl)C(C3=C(C(=CC=C3)OC)OC)O)C,5.6,724.0,34,9,293.3832529526666,445.1447868365095
66.8,439.9,CCOC1=C(C=CC=C1OC)C(=O)C2=C(C=CC(=C2)Cl)N3C=CC=C3C=CC(=O)OC,4.9,642.0,31,9,261.478580485,398.91809291308704
66.8,482.0,CC(C)CC1=CC=C(N1C2=C(C=C(C=C2)Cl)C(=O)C3=C(C(=CC=C3)OC)OC)C=CC(=O)OC,6.2,713.0,34,10,283.2823670926667,446.7981997118936
68.8,348.5,CCOC(=O)C(=CC1CCCC1)C2=CC=C(C=C2)S(=O)(=O)C3CC3,4.4,569.0,24,7,198.10402264433333,319.18041735222687
84.5,487.7,CCCCCCC1=C(SC(=N1)C2=CC=C(C=C2)C)C=CC(=O)C3=CC(=C(C=C3)C=CC(=O)OC)C,8.2,727.0,35,12,333.2773209913334,473.5522908632354
70.8,329.3,COC(=O)C=C(C1=CC=C(C=C1)OC2CCCCO2)C3=NC=CO3,3.4,445.0,24,6,192.22499076366668,297.40812501465234
61.8,292.33,CCOC=C(C(=O)CC1=CC(=CC=C1)OC)C(=O)OCC,2.5,375.0,21,9,159.05355538533334,276.9211203003341
59.1,360.4,CCOC(=O)C=CC1=CC=C(C=C1)N2CCN(CC2)C(=O)OC(C)(C)C,3.3,496.0,26,7,228.19348473533333,346.29866347933705
46.6,421.6,CCCCCCCC(=O)N(C)CC1=CC(=CC=C1)C2=CC=C(C=C2)C=CC(=O)OCC,6.5,551.0,31,13,283.07307784766664,426.87265676161826
35.5,394.2,COC(=O)C=CC1=C(C=C(C=C1)I)OCC2=CC=CC=C2,4.3,350.0,21,6,178.46661272766664,272.01407270775763
26.3,328.4,CCOC(=O)C=C(C1=CC=CC=C1)C2=CC=C(C=C2)C3=CC=CC=C3,6.1,433.0,25,6,238.4682194443333,330.10442237624665
67.4,296.32,COC(=O)C=CC1=CC=CC=C1NC(=O)NC2=CC=CC=C2,2.8,403.0,22,5,174.95511947333333,277.9103207497214
44.8,388.5,CCOC(=O)C=CC1=CC(=C(C=C1)OCC2=CC=CC=C2)OCC3=CC=CC=C3,5.5,491.0,29,10,239.818599734,380.07057178041936
83.7,422.5,CCOC(=CC1=CN=C(C=C1)OCCC2=C(OC(=N2)C3=CC=CC=C3)C)C(=O)OCC,4.8,578.0,31,11,262.38417002033333,396.69392461999087
113.0,449.5,CCOC(=O)C=CC1=CC2=NC(=NN2C(=N1)NCC3=CC(=C(C=C3)OC)OC)C4=CC=CO4,3.3,667.0,33,10,279.9084320023333,400.3815354346592
44.8,315.16,CCOC(=O)C=CC1=CC(=C(C=C1)OCOC)Br,3.2,280.0,18,7,157.78634158913334,234.43387600460548
97.6,360.4,CCOC(=O)C=CC1=C(C=C(C=C1)C#N)OCCNC(=O)OC(C)(C)C,3.0,544.0,26,10,200.3252544183333,336.8698177369654
48.4,235.28,CC(C)(C)OC(=O)C=CC1=CN=C(C=C1)OC,2.4,281.0,17,5,138.54912676573335,228.556823996565
71.1,360.4,CCOC(=O)C=CC1(CCC(=O)CC1)C2=C3C(=C(C=C2)OC)OCCO3,2.5,532.0,26,6,188.81556424066665,326.216494278984
60.7,261.269,CCOC1=CC2=C(C=C1)C=CN2C(=CO)C(=O)OC,2.8,355.0,19,5,144.32177093666667,237.78778924859535
75.5,385.8,COC=C(C1=C(N=CC=C1)OC2=NN(C=C2)C3=CC=C(C=C3)Cl)C(=O)OC,3.7,525.0,27,7,229.76538382866667,340.21957332976507
104.0,219.13,CN1C=C(C(=N1)[N+](=O)[O-])C=CC(=O)[O-].[Na+],,267.0,15,1,116.8698591971,155.8571025425125
51.6,278.4,CC(C)SC1=CC=CC=C1C=CC(=O)OC(C)(C)C,4.5,315.0,19,6,165.54140291633334,275.0669650171359
51.0,278.3,COC(=O)C=CC1=CC=CC=C1N=C=NC2=CC=CC=C2,4.8,419.0,21,5,198.52650657466663,271.7063936118073
49.8,394.6,CCCCCCCCN(C=O)C1CC(N(C(C1)(C)C)C=CC(=O)OCC)(C)C,5.6,496.0,28,12,211.7623969843333,401.2057892862649
103.0,499.3,COCOC1=CC(=C(C(=C1C2=CC=C(O2)C=CC(=O)OC)CC(=O)OC)Br)OCOC,3.3,599.0,31,13,269.0452259053333,381.7406978116971
46.5,289.15,CC(C)(C)OC(=O)C=CC1=CC(=C(C=C1Cl)O)Cl,4.1,323.0,18,4,151.55469755693335,248.63806486912915
44.1,194.23,CCOC(=O)/C=C/C1=C(N(N=C1)C)C,1.3,228.0,14,4,113.60631629146668,187.06752130066914
35.5,330.5,CC(C)(C)OC1=CC=C(C=C1)C=C.C=CC(=O)OC1CCCCC1,,304.0,24,6,180.8798674506667,229.28936612199706
89.9,374.4,CC(=C)C(=O)O.CC(=C)C(=O)OCC=C.C=CC(=O)OCC1=CC=CC=C1,,377.0,27,9,178.26564387766666,197.78963550521613
35.5,186.25,CC(C)COC=C.COC(=O)C=C,,114.0,13,5,87.64804712823333,140.0174224072009
63.6,339.4,CCCCOC(=O)C=C.C=C(CC=CC1=CC=CC=C1)C(=O)O.[Na],,332.0,24,9,280.1772696973333,205.97360856393257
89.9,366.4,CC1(C2CCC1(C(C2)OC(=O)C=C)C)C.COC(=O)C=C.C=CC(=O)O,,428.0,26,6,183.15745675,220.6614391433354
78.0,338.4,CCOC(=O)/C(=C/C1CCOCC1)/C2=CC=C(C=C2)S(=O)(=O)C,2.2,518.0,23,6,183.30697879,299.7935119007743
49.9,247.25,COCC1=CC(=CC=C1)C=C(C(=O)OC)N=[N+]=[N-],3.0,362.0,18,6,145.738512538,223.1911067896568
137.0,526.6,CCOC(=O)/C=C/C1=CN=C(C2=C1SC=C2C3=CC(=C(C=C3)NC(=O)C4=CC5=CC=CC=C5N4C)OC)N,5.0,874.0,38,8,378.611139283,470.0794262144069
52.6,598.9,CCCCCCCCCCCCCCCCCCOC(=O)C=C.CCCCCCOC(=O)C(=C)C.C=CC1=CC=CC=C1,,479.0,43,27,468.0345328833334,448.3738584296096
78.9,721.1,CCCCCCCCCCCCCCCCCCCCCCOC(=O)C(=C)C.CCCCCCCCCCCCOC(=O)C=C.CC(=O)OC=C,,602.0,51,38,397.3385010366666,582.4877881870802
121.0,218.16,C=CC(=O)OCO.C(=C/C(=O)O)\C(=O)O,,196.0,15,5,103.65963288913332,112.86785021317029
79.1,420.5,CCN1C2=NC(=C(C(=C2C=N1)C3=CN=CC(=C3)C)/C=C/C(=O)OCC)COCC4CC4,3.1,626.0,31,10,260.86794217133337,397.4319874818453
81.2,481.6,CCOC(=O)/C=C/C1=CN=C(C=C1)N([C@@H]2CCN(C2)CC3=CC=C(C=C3)OC)C(=O)OC(C)(C)C,4.3,714.0,35,11,292.87241093433335,457.8906814219182
63.7,381.5,CCOC(=O)/C=C/C1=CN=C(C=C1)N[C@@H]2CCN(C2)CC3=CC=C(C=C3)OC,3.5,505.0,28,9,244.81842189033333,365.196324327879
71.5,379.5,CCOC(=O)/C=C/C1=CN=C(C=C1)NC2CCN(CC2)C(=O)C3=CC=CC=C3,3.5,537.0,28,7,246.8637449436667,359.24075318367574
58.6,398.9,CCOC(=O)/C=C/C1=CC=C(C=C1)N[C@@H]2CCN(C2)C(=O)C3=CC=C(C=C3)Cl,4.5,552.0,28,7,251.86290338026663,366.95731690388146
54.5,365.5,CCOC(=O)/C=C/C1=CN=C(C(=C1)C)N[C@@H]2CCN(C2)CC3=CC=CC=C3,3.9,490.0,27,8,236.005508083,355.86900949896074
67.4,386.9,CCOC(=O)/C=C/C1=CN=C(C=N1)N[C@@H]2CCN(C2)CC3=CC=C(C=C3)Cl,3.1,496.0,27,8,238.672593841,353.06186294984104
71.5,413.9,CCOC(=O)/C=C/C1=CN=C(C=C1)N[C@@H]2CCCN(C2)C(=O)C3=CC=C(C=C3)Cl,4.2,578.0,29,7,250.64151566633336,377.51987719882317
82.7,400.0,CCOC(=O)/C=C/C1=CSC(=N1)N[C@@H]2CCN(C2)CC3CCCCC3.Cl,,454.0,26,8,210.44111466733327,343.34733424453503
93.1,354.4,CCOC(=O)/C=C/C1=CN=C(C=N1)N[C@@H]2CCCN(C2)C3=NC=CC=N3,1.8,469.0,26,7,223.7920149793333,325.8870790669843
76.6,368.4,COC1=CC=CC=C1CN2CC[C@H](C2)NC3=NC=C(N=C3)/C=C/C(=O)OC,2.1,502.0,27,8,227.27680015566665,344.25035443526536
80.5,352.4,CCOC(=O)/C=C/C1=CN=C(C=C1)N[C@@H]2CCN(C2)C3=CC=C(C=C3)N,3.1,476.0,26,7,239.436919611,331.71672348793766
118.0,482.5,CCOC(=O)/C=C/C1=CN=C(C=C1)N([C@@H]2CCN(C2)C3=CC=C(C=C3)[N+](=O)[O-])C(=O)OC(C)(C)C,4.4,769.0,35,9,299.46745686433337,438.74396390269754
81.2,481.6,CCOC(=O)/C=C/C1=CN=C(C=C1)N([C@@H]2CCN(C2)CCOC3=CC=CC=C3)C(=O)OC(C)(C)C,4.5,701.0,35,12,291.1567931276667,457.84576747544793
97.0,450.0,CCOC(=O)/C=C/C1=CC(=C(N=C1)N[C@@H]2CCN(C2)S(=O)(=O)C3=CC=C(C=C3)C)Cl,3.8,704.0,30,8,255.74418976,387.9501769116185
80.2,373.8,CCOC(=O)/C=C/C1=CC(=C(N=C1)N[C@@H]2CCN(C2)C3=NC=CC=N3)Cl,3.1,486.0,26,7,237.530359084,333.6892285365188
84.4,394.5,CCOC(=O)/C=C/C1=CN=C(C=N1)N[C@@H]2CCCN(C2)C(=O)CC3=CC=CC=C3,2.4,562.0,29,8,244.5803730176667,371.00126298487197
26.3,236.35,CCCCC1=CC2CCC1C2.COC(=O)C=C,,233.0,17,5,197.20267519366664,168.27955728711325
137.0,306.31,CC(=C([C@H]([C@@H]1[C@@H]([C@H](C(O1)O)O)O)O)O)C.COC(=O)C=C,,325.0,21,4,132.627778968,180.0362880047064
29.5,352.3,CCOC(=O)/C=C/C1=C(C=CC(=C1)Br)N2CCCCCC2,4.6,351.0,21,5,191.85788361446663,281.91451214879623
48.0,479.6,CCCCOCCOC1=CC=C(C=C1)C2=CC(=C(C=C2)N3CCCCCCC3)/C=C/C(=O)OCC,7.1,593.0,35,13,324.59150169900005,476.2588070813496
29.5,368.3,CCCN(CC(C)C)C1=C(C=C(C=C1)Br)/C=C/C(=O)OCC,5.6,357.0,22,9,199.659563342,308.88035946198767
48.0,481.7,CCCCOCCOC1=CC=C(C=C1)C2=CC(=C(C=C2)N(CCC)CC(C)C)/C=C/C(=O)OCC,7.6,585.0,35,17,321.05809475300003,487.8004830646862
29.5,352.3,CCOC(=O)/C=C/C1=C(C=CC(=C1)Br)N2CCCC(C2)C,4.7,372.0,21,5,191.43182361136664,282.3781635287562
48.0,465.6,CCCCOCCOC1=CC=C(C=C1)C2=CC(=C(C=C2)N3CCCCC3C)/C=C/C(=O)OCC,6.7,601.0,34,13,319.81197519066666,461.4391585770947
29.5,338.24,CCOC(=O)/C=C/C1=C(C=CC(=C1)Br)N2CCC(C2)C,4.3,358.0,20,5,181.800062216,267.5152984109205
55.8,479.6,CCCCCCCC(=O)N(C)CC1=CC(=CC=C1)C2=C(C=C(C=C2)/C=C/C(=O)OC)OCCCC,7.3,634.0,35,16,314.2679313943333,482.9556407548986
58.6,341.2,CCOC(=O)/C=C/C1=CC(=O)NN1CC2=C(C=C(C=C2)Cl)Cl,3.3,493.0,22,6,177.57195878866665,288.00684386368874
62.6,425.3,CCOC(=O)/C=C/C1=CC(=NN1CC2=C(C=C(C=C2)Cl)Cl)OC3CCOCC3,4.5,530.0,28,8,234.3899413883333,368.36973608044343
44.8,340.4,CCOC(=O)/C=C/C1=C(C=C(C=C1)OC(C)C)OCC2=CC=CC=C2,4.8,412.0,25,9,215.849740283,334.86745527227265
63.2,350.4,CCOC(=O)/C=C/C1=C(C=C(C=C1)OCCOC)OCC2CCCO2,2.8,411.0,25,11,206.65264815533337,327.4609498471136
73.9,438.3,CCOC(=O)/C=C/C1=C(C=C(C=C1)OCCOC)NC(=O)C2=C(C=C(C=C2)Cl)Cl,4.5,559.0,29,10,251.242074165,382.8289442276358
105.0,472.5,CCOC(=O)/C=C/C1=C(C=C(C=C1)OCCOC)OC2=NC=C(C=C2C)NC(=O)OC(C)(C)C,4.1,664.0,34,13,285.90656393166665,438.2904861920066
80.0,357.4,CCOC(=O)/C=C/C1=C(C=C(C=C1)OCCOC)OC2=CC=C(C=C2)N,3.2,434.0,26,10,218.89900350066668,333.402115927957
55.8,381.2,CCOC(=O)/C=C/C1=C(C(=C(C=C1)O)C)OCC2=C(C=C(C=C2)Cl)Cl,5.3,457.0,25,7,201.73683160766663,333.26750694517693
98.2,367.4,CCCCCNC(=O)N(C)C1=CC=CC(=C1)C2=CN=C(N=C2)C=CC(=O)[O-],3.4,498.0,27,7,256.1220654393333,345.0004103115596
53.4,328.4,CCOC(=O)/C=C/C1=CC(=NN1CC(C)C)OCC2=CC=CC=C2,4.0,405.0,24,9,193.3646307966667,320.102732998346
143.0,602.7,CC(C)(C)OC(=O)C=C.CC(C)(C)OC(=O)C1CC2CC1C=C2.C1C2CC(C1C=C2)C(=O)OCCO.C1=CC(=O)OC1=O,,755.0,43,10,365.74657625133335,238.60997149389465
66.8,368.5,C=CC1=CC=CC=C1.C=CC1=CC=C(C=C1)O.C=CC(=O)OCCCCO,,268.0,27,8,212.22201627,178.28087458381077
142.0,657.2,CCOC(=O)/C=C/C1=CN=C(S1)C[C@@H]2C(=O)N(C3=C(C=C(C=C3)Cl)[C@H](O2)C4=C(C(=CC=C4)OC)OC)CC(C)(C)COC(=O)C,5.8,1050.0,45,14,362.0083625016667,579.7444791802704
142.0,657.2,CCOC(=O)/C=C/C1=CSC(=N1)C[C@@H]2C(=O)N(C3=C(C=C(C=C3)Cl)[C@H](O2)C4=C(C(=CC=C4)OC)OC)CC(C)(C)COC(=O)C,5.8,1050.0,45,14,350.5059792613333,580.0546721614304
93.7,388.5,CC(C)(C)OC(=O)NC1(CCCC1)C(=O)NC2=CC=C(C=C2)/C=C/C(=O)OC,3.2,594.0,28,8,233.57544528566663,360.96840284043213
109.0,671.8,CN(C)C(=O)CN1C2=C(C=CC(=C2)C(=O)NC3(CCCC3)C4=NC5=C(N4)C=C(C=C5)/C=C/C(=O)OC)C(=C1C6=CC=CC=C6)C7CCCCC7,7.5,1220.0,50,10,449.5829942693333,629.8576212307877
124.0,491.5,CCO/C(=C\C1=CC=C(C=C1)C2=NC(=CC=C2)N(C)C(=O)OC3=CC=C(C=C3)[N+](=O)[O-])/C(=O)OCC,5.2,768.0,36,10,334.44667818433334,442.5078608160371
111.0,462.4,CN(C1=CC=CC(=C1)C2=CC=C(C=C2)/C=C(/C(=O)OC)\OC)C(=O)OC3=CC=C(C=C3)[N+](=O)[O-],5.2,734.0,34,8,313.410883266,415.8262900261501
67.4,400.9,CCOC(=O)/C=C/C1=CN=C(C=N1)N[C@@H]2CCCN(C2)CC3=CC(=CC=C3)Cl,3.5,519.0,28,8,245.879574235,368.09596181891874
51.6,330.5,CCOC(=O)/C(=C/C1CCCC1)/C2=CC=C(C=C2)SCC3CC3,5.8,413.0,23,8,197.27238031266663,322.93194279554064
82.7,273.09,C1=C(SC=C1Br)/C=C(/C(=O)[O-])\N=[N+]=[N-],4.1,309.0,14,2,125.936291081,163.48723348573472
81.4,471.1,CCOC(=O)/C=C/C1=CC(=C(C(=C1)Br)OC2=CC=C(C=C2)[N+](=O)[O-])Br,5.3,476.0,25,6,223.45762492033336,299.4615799234261
55.8,533.7,COC(=O)/C=C/OC1=CC=CC=C1CCCN(CCC(C2=CC=CC=C2)C3=CC=CC=C3)C(=O)C4=CC=CC=C4,7.4,745.0,40,14,314.52333820333337,527.3046590494862
62.6,511.4,CCOC(=O)/C=C/C1=C(N(N=C1C2CC2)C)OC3=CC(=C(C=C3C)Br)OCC4=CC=CC=C4,5.8,667.0,33,10,275.825208276,424.3539743709212
70.4,348.8,CCOC(=O)/C=C/C1=CC(=C(C=C1)Cl)OC2=C(C(=NN2C)C)C=O,3.2,474.0,24,7,204.89800359333333,308.85035760899297
51.0,354.4,COC(=O)C=CC1=CC=CC=C1N=C=NC2=CC=C(C=C2)C3=CC=CC=C3,6.5,551.0,27,6,290.8407695406667,347.27647057662864
26.3,309.97,COC(=O)/C=C/C1=C(C=C(C=C1Cl)Br)Cl,4.1,246.0,15,3,132.28386461386663,205.1117498225194
76.9,298.5,CC1=C(C(CCC12SCCS2)(C)C)/C=C/C(=O)OC,3.3,429.0,19,3,175.02696146966665,272.50307489038494
78.8,241.24,CCOC(=O)/C=C/C1=NNC2=C1C=CC(=C2)C#N,2.0,385.0,18,4,151.24727448106668,218.71510005067023
83.6,438.9,CCOC(=O)/C=C/C1=C(N(C=C1)C2=C(C=C(C=C2)Cl)OC)C3=C(C=C(C=C3)C(=O)N)C,4.5,658.0,31,8,279.08457483066667,396.8995351485516
87.5,270.24,C1CC(=O)N(C1=O)OC(=O)C=CC2=CC=CC=C2C#N,1.0,487.0,20,4,135.33171830233334,237.37645250759954
66.4,338.4,CCCCOC(=O)C=C.C=C(CC=CC1=CC=CC=C1)C(=O)[O-].[Na],,326.0,24,8,198.7484827593333,218.99297603945433
101.0,278.26,CCOC(=O)/C=C/C1=CC(=C(C=C1)[N+](=O)[O-])C(=O)NC,1.7,402.0,20,5,161.0129208141,242.40687192767155
202.0,1298.5,CCOC(=O)C=CC1=C(N(C(=C1)C(=O)NC2=CC(=C(C(=C2)CCCCCCN3C(=O)C4=CC=CC=C4C3=O)OCCCCCCCN5C(=O)C6=CC=CC=C6C5=O)CCCCCCN7C(=O)C8=CC=CC=C8C7=O)CC9=CC=CC=C9)C#CC(C1=CC=CC=C1)(C1=CC=CC=C1)O,14.9,2590.0,97,35,788.5687327036667,
77.5,558.6,CCOC(=O)C(=C)CP(=O)(C(=O)C1=C(C=C(C=C1C)C)C)C(=O)C2=C(C=C(C=C2C)C)C.C=CC1=CC=CC=C1,,785.0,40,10,347.4853889913333,442.45513603604536
84.0,414.9,CCOC(=O)/C=C/C1=C(C(=CS1)C2=C(C=C(C=C2)Cl)OC)C3=CC=C(C=C3)O,5.8,535.0,28,7,256.261272342,366.89402202684334
78.3,297.4,CCOC(=O)/C=C/C1=CSC=C1C2=C(C=C(C=C2)C#N)C,4.0,439.0,21,5,182.15271791843327,278.9612283352079
55.0,448.6,CCOC(=O)/C=C/C1=CC=C(C=C1)/C(=C(/C2CCC2)\C3=CC=CC=C3)/C4=CC5=C(C=C4)NN=C5,8.1,741.0,34,8,320.80570041166663,435.8612550662632
57.9,224.21,C1COC(O1)COC(=O)C=CC2=CC=CO2,0.9,257.0,16,5,113.5469700605,195.51482918091335
89.8,413.9,CCOC(=O)/C=C/C1=C(C(=CS1)C2=C(C=C(C=C2)Cl)OC)C3=CC=C(C=C3)N,5.5,538.0,28,7,270.193430447,368.1952114746002
66.8,250.29,CCOC(=O)/C=C/C1=CC(=C(C=C1)C(C)(C)O)O,2.5,309.0,18,5,150.12963606956666,233.9095908567863
52.6,248.7,CCOC(=O)C=C.C=C.C=COC(=O)CCl,,156.0,16,6,123.82957358366666,130.4250695881097
94.7,231.31,CCSCCOC(=O)C=C.C=CC(=O)N,,170.0,15,7,110.32333024333332,165.15191539742358
69.7,402.5,CCCCOC(=O)C=C.CC(=C)C=O.CC(=C)C(=O)OC.C=CC1=CC=CC=C1,,314.0,29,9,203.92727578966665,188.8234201874414
63.6,240.29,COC(=O)C=C.C=CCCC=C.C=CC(=O)O,,158.0,17,6,116.489118091,133.8648367948238
66.4,191.59,COC(=O)C(=C)Cl.C=CC(=O)[O-],,148.0,12,2,83.1312610478,117.40225643943096
87.3,356.4,CC(C)(C)OC(=O)/C(=C/S(=O)(=O)C1=CC=CC=C1)/COCCOC,1.6,518.0,24,10,175.10321725566666,318.3348921039101
87.3,390.9,CC(C)(C)OC(=O)/C(=C/S(=O)(=O)C1=CC=C(C=C1)Cl)/COCCOC,2.3,551.0,25,10,183.4047063813333,336.42272929505833
72.8,376.5,CCCCOC1=CC=C(C=C1)C=C.CC(C)(C)OC(=O)C=C.C=CC(=O)O,,309.0,27,9,231.345359683,244.89256395675645
68.3,220.22,CC(=O)NC1=NC=C(C=C1)/C=C/C(=O)OC,0.6,289.0,16,4,138.83767228493332,201.90681503895416
78.7,374.4,CC(C1=CC=CC=C1C(=COC)C(=O)OC)ON=CC(=NOC)C=C(C)C,4.2,591.0,27,10,219.45754044766667,357.5329112736873
61.8,374.5,CCOC(=O)/C=C/C1(CC(C1)OCC2=CC=CC=C2)C(=O)OCCC(C)C,4.2,499.0,27,12,197.505902647,362.7425999140424
125.0,400.4,CC1=CC=C(C=C1)S(=O)(=O)OCCOC(=O)C(=C)C.C=CC(=O)OCCO,,501.0,27,11,178.52468606733336,271.6097395744223
125.0,428.5,CC1=CC=C(C=C1)S(=O)(=O)OCCOC(=O)C(=C)C.C=CC(=O)OCCCCO,,522.0,29,13,200.83154217,288.27503850303464
89.9,298.33,CCCCOC(=O)C=C.C=CC(=O)O.C=C1CCOC1=O,,268.0,21,6,140.5763130946667,172.38229689317905
26.3,226.27,C/C(=C\C1=CC2=CC=CC=C2C=C1)/C(=O)OC,3.8,306.0,17,3,160.08903808399998,224.01873796203688
101.0,417.7,CCCCOC(=O)C=C.C=CCl.C=C(CC(=O)O)C(=O)O.C=C(Cl)Cl,,293.0,25,8,180.80220852466664,189.35936582232904
59.1,312.4,CCOCCOC(=O)C=C.CC(=C)C(=O)N1CCN(CC1)C,,302.0,22,7,158.41850375966666,211.9797369473084
116.0,412.5,CCCCCC(OC(=O)C=C)OC(=O)C=C.C=CC(=O)O.C1CCC(=O)OCC1,,380.0,29,11,185.56459850866668,251.23941445390105
125.0,492.6,CC(=C)C(=O)O.CC(=C)C(=O)OC.CC(=C)C(=O)OCC1=CC=CC=C1.COCCOC(=O)C=C,,467.0,35,12,244.72529994566665,229.88195841140995
38.8,393.5,CC(C)(C)OC(=O)/C=C/[C@@H]1CN(C[C@H]1C2=CC(=CC=C2)OC)CC3=CC=CC=C3,4.6,547.0,29,8,232.53306493933337,390.5962251170283
61.3,248.28,CCOC(=O)C=C(C1CC1)C2=CC(=NC=N2)OC,2.4,326.0,18,6,135.34832447256667,234.28625985300064
35.5,296.4,CCOC(=O)C=CC1=C(C(=CC=C1)OCC2=CC=CC=C2)C,4.4,358.0,22,7,177.34686522533335,294.80081474702297
48.4,247.29,CCOC(=O)C=C(C1CC1)C2=CC(=NC=C2)OC,3.0,323.0,18,6,139.086972621,238.7706215262478
44.8,288.34,CCOC(=O)C=C[C@@H]1CC2=CC=CC=C2C3(C1)OCCO3,2.3,398.0,21,4,147.82143181133333,267.8827785798173
44.8,250.29,CCOC(=O)/C=C/C1=CC=CC(=C1)COCOC,2.6,263.0,18,8,142.58226029340003,240.78998080520304
125.0,478.5,CC(C)(C)OC(=O)C=C.C=CC(=O)OCCOCCO.C1CC2(CC1C=C2)C3=CC(=O)OC3=O,,632.0,34,11,217.55600096766668,236.85026722944792
67.4,384.3,CCOC(=O)/C=C/C1=C(SC(=N1)C(C)C)CC2=C(C=C(C=C2)Cl)Cl,6.0,447.0,24,7,221.8869992633333,337.29428590044444
39.2,391.5,CCOC(=O)/C=C/C1=CC(=C(N=C1)C)C2=CC3=C(C=C2C)C(CCC3(C)C)(C)C,7.0,608.0,29,5,264.0343354233333,393.69221708837654
57.0,305.76,CC(C)(C)OC(=O)/C=C/C1=C(C=CC(=C1)Cl)N2C=NN=C2,3.0,389.0,21,5,169.38680981633334,275.62037634877487
46.5,268.73,CC(C)(C)OC(=O)C=CC1=CC(=C(C=C1)Cl)CO,2.9,307.0,18,5,140.95664061533333,246.93615066926228
63.6,284.39,CCCCCCC(=CCC)C(=O)O.CC(=C)C(=O)OC,,265.0,20,9,141.835690557,213.4303452950059
59.1,212.24,C1CC(CCC1CO)COC(=O)C2=CO2,1.2,264.0,15,5,97.2420416537,192.21039870976622
58.6,310.77,CCOC(=O)/C=C/C1=CC=CC=C1N2CCNCC2=O.Cl,,381.0,21,5,168.4710445544,262.011705005123
58.6,296.75,CCOC(=O)/C=C/C1=CC=CC=C1N2CCNC2=O.Cl,,368.0,20,5,159.33608209136668,241.5329071581215
71.8,363.6,CCOC(=O)C(=C(C1=CN=C(C(=C1Cl)Cl)Cl)O)C=NC2CC2,4.0,480.0,22,6,183.629541677,296.8868912906783
71.8,377.6,CCOC(=O)C(=C(C1=C(N=C(C(=C1Cl)Cl)Cl)C)O)C=NC2CC2,4.4,508.0,23,6,190.31556106366668,311.9304860633721
96.3,406.4,CCCC(=C(C=NC1=CC=CC=C1N2C(=O)C3=CC=CC=C3C2=O)C(=O)OCC)O,4.1,705.0,30,8,245.75919856,372.03236460586845
52.3,233.31,CC(N)OC(=O)C(=C(C)C)CC1=CC=CC=C1,3.1,287.0,17,5,127.96412445883334,230.36748066761652
67.4,310.3,CCOC(=O)/C(=C/NC1=CC=CC=C1)/C(=O)NC2=CC=CC=C2,4.4,422.0,23,7,209.9278477133333,294.11756525733824
71.8,300.71,CCN=C/C(=C(/C1=CC(=C(N=C1)Cl)F)\O)/C(=O)OCC,2.7,401.0,20,6,153.2748912508,255.52586058321387
63.0,188.18,COC(=O)/C(=C/C1=CC=CC=N1)/C#N,1.1,288.0,14,3,109.20840838086669,176.04254138831772
29.5,171.24,CC(C)(C)OC(=O)C(=C)N(C)C,2.0,189.0,12,4,86.38477835806667,175.84627855530206
48.3,322.15,CC(=O)N1C=C(C2=C1C=CC(=C2)Br)/C=C/C(=O)OC,2.9,396.0,19,3,169.70804254639998,235.6363536428448
149.0,551.6,CC1=CC2=C(O1)C=CC(=C2)NC(=N[C@H]3CCCCN(C3=O)CC(=O)N4CCCC4)C(C#N)C(=O)OCCCCO,3.2,973.0,40,12,301.9499645703333,496.362023645175
128.0,535.6,CC1=CC2=C(O1)C=CC(=C2)NC(=N[C@H]3CCCCN(C3=O)CC(=O)N4CCCC4)C(C#N)C(=O)OC(C)(C)C,4.2,992.0,39,9,299.7526123723333,491.94217472589236
43.4,348.3,C=CC(=O)OC1=CC=CC=C1P(=O)(C2=CC=CC=C2)C3=CC=CC=C3,4.4,481.0,25,6,205.05134972166664,328.0748997022496
26.3,158.58,C=C(CCl)C(=O)OCC#C,1.2,187.0,10,4,68.4865209248,146.56613384828427
52.6,294.3,C=CC(=O)OC1=CC2=C(C=C1)C(=O)CC(O2)C3=CC=CC=C3,3.2,438.0,22,4,173.4771280256667,271.4080558053732
26.3,337.59,C1=CC(=CC=C1/C=C/C(=O)OC2=CC=C(C=C2)Br)Cl,5.1,316.0,19,4,185.8534039477,249.34975362949126
116.0,262.22,CCOC(=O)/C(=C/C1=CC(=C(C=C1)O)[N+](=O)[O-])/C#N,2.5,431.0,19,4,145.13302263966668,221.0758118479175
114.0,276.2,COC(=O)/C(=C/C1=CC2=C(C=C1[N+](=O)[O-])OCO2)/C#N,1.8,488.0,20,3,148.30589507266666,223.30088610924562
55.4,368.2,C1=CC(=CC=C1NC(=O)COC(=O)/C=C/C2=CC(=C(C=C2)Cl)Cl)F,4.5,467.0,24,6,203.5342533763333,308.115559944227
26.3,306.3,C1=CC=C2C(=C1)C=CC=C2/C=C/C(=O)OCC3=CC=C(C=C3)F,5.0,412.0,23,5,196.18450599066668,289.4507717848579
64.599,489.9,C1=CC(=CC(=C1)NC(=O)COC(=O)/C=C/C2=CC=C(C=C2)OCC3=CC=C(C=C3)Cl)C(F)(F)F,6.1,686.0,34,9,271.3816286173333,418.12064874152446
50.1,241.28,CCOC(=O)C(=CC1=CC2=C(CCC2)C=C1)C#N,3.3,391.0,18,4,159.18170391466666,233.63745956761676
55.8,146.14,CC(C(=C)C(=O)OC)OO,0.3,141.0,10,4,61.75383877803333,128.07065514193866
44.8,298.3,COC1=C(C=C(C=C1)/C=C/C(=O)OC)OCC2=CC=CC=C2,3.4,360.0,22,7,185.13249012666665,287.8123929745573
44.8,350.8,COC1=C(C=CC(=C1)/C=C/C(=O)OC)OCC2=C(C=C(C=C2)F)Cl,4.4,431.0,24,7,198.67920575833327,309.965333619982
39.4,409.58,COC(=O)/C=C/C1=CC=C(O1)C2=CC(=C(C=C2Cl)Br)C(F)(F)F,5.2,458.0,23,4,205.57568450916665,275.59184741087466
39.4,389.16,CCOC(=O)/C=C/C1=CC=C(O1)C2=CC(=C(C=C2)Br)C(F)(F)F,4.9,439.0,23,5,213.79454488146663,273.7274612042856
35.5,248.32,CC1=CC(=C(C=C1)OC)/C=C/C(=O)OC(C)(C)C,3.5,301.0,18,5,156.75114876533334,248.8094748145898
39.4,339.16,CCOC(=O)/C=C/C1=CC=C(O1)C2=C(C=C(C=C2)F)Br,4.1,361.0,20,5,187.51574291710003,247.6708219649656
39.4,304.7,C#CCOC(=O)/C=C/C1=CC=C(O1)C2=CC(=C(C=C2)F)Cl,3.8,442.0,21,5,191.0425984983333,269.699734593497
39.4,320.26,C#CCOC(=O)/C=C/C1=CC=C(O1)C2=CC(=CC=C2)C(F)(F)F,4.0,489.0,23,5,188.53260167456665,277.3061079052196
39.4,344.71,CCOC(=O)/C=C/C1=CC=C(O1)C2=C(C=CC(=C2)C(F)(F)F)Cl,4.8,439.0,23,5,199.5582997898,282.2157807183293
39.4,330.68,COC(=O)/C=C/C1=CC=C(O1)C2=C(C=CC(=C2)C(F)(F)F)Cl,4.5,425.0,22,4,183.0430915,267.1195283840851
35.5,286.3,COC(=O)/C=C/C1=CC=C(C=C1)OCC2=CC=CC=C2F,3.8,348.0,21,6,173.543586559,268.9307030544897
35.5,310.3,C#CCOC(=O)/C=C/C1=CC=C(C=C1)OCC2=CC=CC=C2F,3.9,443.0,23,7,188.52434527666665,296.7662397615611
35.5,310.3,C#CCOC(=O)/C=C/C1=CC=C(C=C1)OCC2=CC(=CC=C2)F,3.9,443.0,23,7,197.89760602766668,296.0516712101613
35.5,286.3,COC(=O)/C=C/C1=CC=C(C=C1)OCC2=CC(=CC=C2)F,3.8,348.0,21,6,173.41324952633332,268.1128952820928
35.5,438.2,C=CCOC(=O)/C=C/C1=CC(=C(C=C1)OCC2=CC=CC=C2F)I,5.1,440.0,24,8,212.676155548,306.9051668516316
35.5,436.2,C#CCOC(=O)/C=C/C1=CC(=C(C=C1)OCC2=CC=CC=C2F)I,4.5,484.0,24,7,206.890502729,305.52075758948695
35.5,379.2,CCOC(=O)/C=C/C1=CC(=C(C=C1)OCC2=CC=CC=C2F)Br,4.8,402.0,23,7,205.342695885,292.1143361885668
35.5,346.8,C=CCOC(=O)/C=C/C1=CC(=C(C=C1)OCC2=CC(=CC=C2)F)Cl,5.0,440.0,24,8,204.19057176066667,315.80551222839694
35.5,412.19,COC(=O)/C=C/C1=CC(=C(C=C1)OCC2=CC(=CC=C2)F)I,4.4,388.0,22,6,193.7151763533333,277.5760017243833
35.5,426.2,CCOC(=O)/C=C/C1=CC(=C(C=C1)OCC2=CC=C(C=C2)F)I,4.8,394.0,23,7,203.86190078466663,293.2663124962414
35.5,344.8,C#CCOC(=O)/C=C/C1=CC(=C(C=C1)OCC2=CC=C(C=C2)F)Cl,4.5,476.0,24,7,201.70346301,313.56476398527985
35.5,399.6,COC(=O)/C=C/C1=CC(=C(C=C1)OCC2=C(C=C(C=C2)F)Cl)Br,5.1,421.0,23,6,198.4235838656667,294.8154254385687
35.5,423.7,C#CCOC(=O)/C=C/C1=CC(=C(C=C1)OCC2=C(C=C(C=C2)F)Cl)Br,5.2,518.0,25,7,216.20876753866665,322.0813348256482
44.8,442.2,COC1=C(C(=CC(=C1)/C=C/C(=O)OC)I)OCC2=CC=CC=C2F,4.4,431.0,24,7,205.6561801803333,301.29187530135715
44.8,376.8,COC1=C(C(=CC(=C1)/C=C/C(=O)OCC=C)Cl)OCC2=CC=CC=C2F,5.0,484.0,26,9,211.8526044113333,340.36881134738724
44.8,342.4,COC1=C(C=CC(=C1)/C=C/C(=O)OCC=C)OCC2=CC=CC=C2F,4.4,451.0,25,9,212.00576682366668,321.9508002296072
44.8,340.3,COC1=C(C=CC(=C1)/C=C/C(=O)OCC#C)OCC2=CC(=CC=C2)F,3.9,495.0,25,8,214.98597204633333,320.1430446714309
44.8,364.8,CCOC(=O)/C=C/C1=CC(=C(C(=C1)Cl)OCC2=CC(=CC=C2)F)OC,4.7,445.0,25,8,199.27277672,326.4535330378145
44.8,419.2,COC1=C(C(=CC(=C1)/C=C/C(=O)OCC#C)Br)OCC2=CC(=CC=C2)F,4.5,529.0,26,8,214.5056683553333,328.74912615647725
44.8,456.2,CCOC(=O)/C=C/C1=CC(=C(C(=C1)I)OCC2=CC(=CC=C2)F)OC,4.8,445.0,25,8,210.6034036963333,317.09298870623496
44.8,442.2,COC1=C(C(=CC(=C1)/C=C/C(=O)OC)I)OCC2=CC(=CC=C2)F,4.4,431.0,24,7,201.80641883566668,302.34401893044776
44.8,466.2,COC1=C(C(=CC(=C1)/C=C/C(=O)OCC#C)I)OCC2=CC=C(C=C2)F,4.5,521.0,26,8,223.38011773966664,329.22134641864335
44.8,409.2,CCOC(=O)/C=C/C1=CC(=C(C(=C1)Br)OCC2=CC=C(C=C2)F)OC,4.8,437.0,25,8,203.15403442516663,317.04625652990404
44.8,395.2,COC1=C(C(=CC(=C1)/C=C/C(=O)OC)Br)OCC2=CC=C(C=C2)F,4.4,423.0,24,7,194.866174997,299.8481598612714
44.8,376.8,COC1=C(C(=CC(=C1)/C=C/C(=O)OCC=C)Cl)OCC2=CC=C(C=C2)F,5.0,476.0,26,9,209.8920001246333,339.90218784143997
44.8,376.8,COC1=C(C=CC(=C1)/C=C/C(=O)OCC=C)OCC2=C(C=C(C=C2)F)Cl,5.0,484.0,26,9,222.91275350366664,340.045834921894
44.8,385.2,COC1=C(C(=CC(=C1)/C=C/C(=O)OC)Cl)OCC2=C(C=C(C=C2)F)Cl,5.0,462.0,25,7,221.4519067543333,328.06057034339614
44.8,429.7,COC1=C(C(=CC(=C1)/C=C/C(=O)OC)Br)OCC2=C(C=C(C=C2)F)Cl,5.1,464.0,25,7,223.9480404336667,318.7782627856069
44.8,443.7,CCOC(=O)/C=C/C1=CC(=C(C(=C1)Br)OCC2=C(C=C(C=C2)F)Cl)OC,5.4,479.0,26,8,217.349012537,334.2976478234581
44.8,500.7,COC1=C(C(=CC(=C1)/C=C/C(=O)OCC#C)I)OCC2=C(C=C(C=C2)F)Cl,5.1,563.0,27,8,247.83493801333336,347.7027396049364
35.5,286.3,COC(=O)/C=C/C1=CC(=CC=C1)OCC2=CC=C(C=C2)F,3.8,348.0,21,6,168.76557540866668,268.29802070480696
35.5,286.3,COC(=O)/C=C/C1=CC(=CC=C1)OCC2=CC(=CC=C2)F,3.8,356.0,21,6,168.49677302566667,268.71618201003537
35.5,346.8,C=CCOC(=O)/C=C/C1=CC(=CC=C1)OCC2=C(C=C(C=C2)F)Cl,5.0,440.0,24,8,200.6790750673333,315.3861423730163
44.8,340.3,COC1=C(C=C(C=C1)/C=C/C(=O)OCC#C)OCC2=CC=C(C=C2)F,3.9,487.0,25,8,212.954467924,320.1118595742513
35.5,423.7,C#CCOC(=O)/C=C/C1=CC(=C(C(=C1)Br)OCC2=CC=C(C=C2)F)Cl,5.2,510.0,25,7,208.78731804366663,322.7644767426835
35.5,425.7,C=CCOC(=O)/C=C/C1=CC(=C(C(=C1)Br)OCC2=CC(=CC=C2)F)Cl,5.7,474.0,25,8,216.61594773466663,324.0382611629528
35.5,434.1,COC(=O)/C=C/C1=CC(=C(C(=C1)Br)OCC2=C(C=C(C=C2)F)Cl)Cl,5.7,452.0,24,6,201.4120698563333,312.34857753108446
44.8,330.3,CCOC1=C(C=CC(=C1)/C=C/C(=O)OC)OCC2=CC=C(C=C2)F,4.1,404.0,24,8,209.10517963466663,308.09006189299413
39.2,255.31,CC(C)(C)OC(=O)C(=C)C1=CC2=CC=CC=C2N=C1,3.6,356.0,19,4,156.94064096993336,250.6606388326938
43.4,272.34,CC(=O)C1=CC=C(C=C1)C(=C)C(=O)OC2CCCCC2,3.8,372.0,20,5,159.03271980633335,263.96739168672934
43.4,266.29,COC(=O)/C=C/C1=CC=C(C=C1)C(=O)C2=CC=CC=C2,4.0,358.0,20,5,178.1821467719,257.5265105073624
52.6,227.04,C=CC(=O)OCCOC(=O)C(Cl)Cl,1.9,203.0,13,7,82.02787396573333,180.2581793510497
57.9,308.27,CCOC1=CPC(=C1OCC)C=CC(=O)OC2=COC=C2,1.5,360.0,21,8,163.33116367133334,268.51620061100294
29.5,219.28,CN(CCCOC(=O)C=C)C1=CC=CC=C1,2.9,222.0,16,7,119.917590369,221.80139277535216
75.0,274.21,CCOP(=O)(C=CC(=O)OC1=COC=C1)OCC,0.8,330.0,18,8,130.9721095336,230.8834205501081
55.4,351.5,CCCCCCCCCCCC/C=C/C(=O)OC(=C)C(=O)NC(C)C,7.6,413.0,25,16,192.08898935566663,363.0130393917323
108.0,208.04,C=C(C(=O)[O-])OP(=O)(O)O.O.[Na+],,206.0,12,3,66.2654681845,107.42553011937716
118.0,252.18,COC(=O)C(=CC1=CC=C(C=C1)[N+](=O)[O-])[N+](=O)[O-],2.1,373.0,18,3,129.88213208303333,201.3758686416253
54.0,252.26,COC1=CC(=CC(=C1OC)OC)C(=C)C(=O)OC,2.3,288.0,18,6,140.6857537818,234.37186718787558
29.5,209.28,CCOC(=O)C=C(C1CC1)N2CCCC2,1.9,263.0,15,5,119.58446693633334,208.37181689935642
26.3,273.15,CC(C)(C)OC(=O)C(=C)C1=CC(=C(C=C1)Cl)Cl,4.6,307.0,17,4,137.8756252403333,244.21348520347354
44.8,270.23,COC(=O)/C=C/C1=CC(=C(C(=C1)F)C2OCCO2)F,1.8,330.0,19,4,139.349061551,225.575555644849
38.7,201.22,COC(=O)/C=C/C1C(=N1)C2=CC=CC=C2,1.9,301.0,15,4,128.06375618,194.50500191513294
53.8,283.28,CCOC(=O)C(=CC1=CC=C(O1)C2=CC=CC=C2)N=[N+]=[N-],4.5,437.0,21,6,201.354056302,256.3286305757383
55.4,267.71,CCOC(=O)C(=CC1=CC(=CC=C1)Cl)NC(=O)C,2.4,341.0,18,5,149.9932372502,239.80067153404786
67.4,261.339,CC(C)(C)OC(=O)C(=C)C1=CC2=C(C=C1)N=CS2,3.8,348.0,18,4,144.91687494153334,241.03085617945382
47.9,247.29,COC1=CC=C(C=C1)C=NCCCOC(=O)C=C,2.3,281.0,18,8,144.70935078333335,242.32446185457482
46.5,320.7,C1=CC(=CC=C1CCOC(=O)/C=C/C2=CC(=C(C=C2)Cl)O)F,4.5,380.0,22,6,176.36677068819998,281.9766173014884
109.0,414.5,C=CC(=O)OC1=C(C=CC(=C1)C2=NC3=CC=CC=C3S2)C4=NC5=CC=CC=C5S4,6.5,618.0,29,5,318.77901473233334,364.3592031743179
52.6,384.06,C=C(CBr)C(=O)OCCCCOC(=O)C(=C)CBr,3.0,294.0,18,11,131.76623005866668,237.34564371079102
76.9,385.3,CCOC(=O)C(=CSC1=CC=C(C=C1)Cl)SC2=CC=C(C=C2)Cl,6.3,401.0,23,7,227.25097052766668,329.8465636754726
39.4,258.31,CCCCC1=C(C2=CC=CC=C2O1)/C=C/C(=O)OC,4.3,324.0,19,6,160.85772699166668,251.02843948399936
43.4,266.72,CC(C)(C)OC(=O)C(=C)C1=C(C=C(C=C1)Cl)C=O,3.4,343.0,18,5,140.59195396633334,245.10149889713637
35.5,268.73,CC(C)(C)OC(=O)C(=C)C1=CC(=C(C=C1)Cl)OC,3.9,320.0,18,5,140.4412360834667,250.69143045877104
85.3,273.24,COC(=O)/C(=C/C1=CC=CO1)/C2=CC=C(C=C2)[N+](=O)[O-],2.8,393.0,20,4,164.29766234266663,237.7869218138532
53.8,235.24,CCOC(=O)C(=CC1=CC(=C(O1)C)C)N=[N+]=[N-],3.6,361.0,17,5,146.799045299,210.85722525568875
57.9,358.4,CCOC(=O)C=C(C1=C(NC2=CC=CC=C21)C)C3=C(NC4=CC=CC=C43)C,5.5,537.0,27,5,233.07239051733333,339.5785806145507
44.1,366.4,C=CC(=O)OC1=CC=C(C=C1)N2C=NC(=C2C3=CC=CC=C3)C4=CC=CC=C4,5.3,517.0,28,6,249.652710222,353.9904647715892
35.5,272.34,CCCCC1=C(C2=CC=CC=C2OC1)/C=C/C(=O)OC,3.5,395.0,20,6,169.10732888,266.92673610725774
78.8,191.19,CCOC(=O)/C(=C/C1=NC=CN1)/C#N,0.7,290.0,14,4,110.7676175708,172.40639933376895
46.5,254.71,CCCCOC(=O)/C=C/C1=C(C=CC(=C1)Cl)O,3.7,265.0,17,6,142.82162541953332,231.56960949789064
76.4,269.25,CCOC(=O)C(=CC1=COC2=CC=CC=C2C1=O)C#N,2.1,523.0,20,4,166.19594908576667,241.66816133425058
95.2,214.25,CCOC(=O)C=CSC1=NN=NN1C,0.8,224.0,14,5,92.42659699943331,178.99662430419633
35.5,296.1,CCOC(=O)/C(=C\I)/C1CCCO1,1.8,213.0,13,4,101.71560262603332,171.7000033283075
54.5,196.27,CC1=C(SC=C1)C=C(C)C(=O)OC,2.7,223.0,13,3,112.74515609933331,182.23172030699183
97.4,346.2,CCOC(=O)C(=C([N+](=O)[O-])Br)SC1=CC=C(C=C1)C,4.1,372.0,19,5,159.51116854,241.50860757400704
35.5,266.31,CCOC1=C(C=C(C=C1)/C=C/C(=O)OC(C)(C)C)F,3.6,320.0,19,6,160.99216397943334,254.15142179483664
43.4,258.19,COC(=O)/C=C/C1=C(C=C(C=C1)C=O)C(F)(F)F,2.5,336.0,18,4,128.32652525743333,211.5930094529482
48.4,285.34,CC(C)(C)OC(=O)/C=C/C1=C(C=CC2=C1C=CC=N2)OC,3.4,386.0,21,5,180.97734805933337,275.00355638740143
35.5,249.1,CCOC(=O)/C(=C\Br)/C1CCCO1,1.6,213.0,13,4,96.44463536933334,170.66527386287393
26.3,336.5,C[C@@H]1CC[C@H]([C@@H](C1)OC(=O)C=C)C(C)(C)C2=CC3=CC=CC=C3C=C2,6.9,481.0,25,5,201.02599708800005,339.5219744360332
35.5,284.3,CC(C)(C)OC(=O)/C=C/C1=C(C=CC2=CC=CC=C21)OC,4.4,380.0,21,5,185.26031707913333,279.0942530188599
70.8,221.21,COC(=O)C=CC1=CC2=C(C=C1N)OCO2,1.3,292.0,16,3,123.67528157206668,191.19953701260857
54.0,230.26,CC1(COC(OC1)OCCOC(=O)C=C)C,1.5,239.0,16,6,101.6612092378,208.92659419691145
38.8,331.4,CCCCOC(=O)/C=C/C1=C(C=CC(=C1)C(C)C)N2CCOCC2,4.3,402.0,24,8,206.77363280166665,328.3908737912304
67.0,295.4,CC(C)(C)OC(=O)/C=C/C1=C(C=CS1)N2CCOCC2,2.6,359.0,20,5,175.35818917933332,272.0578164246845
87.0,272.25,C1=CC(=CC(=C1)OC(=O)/C=C/C2=CC(=C(C=C2)O)O)O,2.7,354.0,20,4,167.4576176466,237.34099117589574
90.6,267.23,COC1=CC(=C(C=C1/C=C/C(=O)OC)[N+](=O)[O-])OC,2.0,351.0,19,5,152.17921415176667,230.7768659055036
35.5,298.4,CCOC1=C(C2=CC=CC=C2C=C1)/C=C/C(=O)OC(C)(C)C,4.8,394.0,22,6,196.17734309833327,295.9003456911477
58.2,259.3,CCOC(=O)C(=CN(C)C)C1=NC2=CC=CC=C2N1,2.1,355.0,19,5,164.82837274483333,243.56764054206468
95.2,276.32,C=CC(=O)OCCSC1=NN=NN1C2=CC=CC=C2,2.5,310.0,19,7,138.33263169766667,240.9489208002922
90.1,294.3,CCOC(=NNC(=O)OCC)C=CC1=CC=C(O1)C(=O)C,2.2,420.0,21,8,188.3589650653333,266.81670888744554
55.0,268.31,CCN1C=C(C2=CC=CC=C21)/C=C(/C#N)\C(=O)OCC,2.9,435.0,20,5,179.25557009399998,259.3187246640612
95.2,214.25,CCOC(=O)/C=C\SC1=NN=NN1C,0.8,224.0,14,5,92.45429003226668,178.92118685395405
38.8,339.4,CC(C)(C)OC(=O)/C=C/C1=CC2=CC=CC=C2C=C1N3CCOCC3,4.2,476.0,25,5,226.93682329066667,328.430037398939
78.9,270.28,CCOC(=O)C(C)(COC(=O)C=C)COC(=O)C=C,1.8,347.0,19,11,119.34104601766668,248.88932506253485
31.2,219.28,CCOC(=O)/C=C/N1C=CC2=C1CCCC2,2.4,275.0,16,4,135.14149180599998,213.7448865733392
54.5,389.3,CC(C)(C)OC(=O)C(=C)C1=CC2=C(C=C1)SC3=C2C=C(C=C3)Br,6.4,484.0,23,4,211.1102644368,301.5754681576956
57.6,265.3,CC(C)(C)OC(=O)/C=C/C1=C(C=CN=C1OC)OC,2.4,322.0,19,6,153.36288458763332,252.45426168222437
94.0,330.9,CCOC(=O)C(=C(SC)SC)C(=O)C1=CC=C(C=C1)Cl,4.1,382.0,20,7,177.839980649,284.99509650678334
59.3,293.3,COC1=CC=C(C=C1)/C(=C\C2=CC=C(C=C2)C#N)/C(=O)OC,3.5,446.0,22,5,194.40871086166663,281.0143088882985
65.5,361.4,CCOC(=O)C(=CC1=CC=C(C=C1)OC)C(=O)C2=NC3=CC=CC=C3C=C2,4.7,551.0,27,7,230.01933545333333,339.6480598060636
104.0,298.34,CCOC(=O)/C=C/C1=C(C(=NC(=N1)C2=CC=C(C=C2)C)N)N,1.9,394.0,22,5,198.69736054666663,273.21461636618324
47.6,396.7,COC(=O)C(=CNCC1=CC=CC=C1)OC2=C(C=C(C=C2)Cl)Br,5.4,413.0,23,7,191.150151085,298.70448758152105
55.8,291.34,CCN(CC)CC1=C(C(=CC(=C1)C=O)OC)OC(=O)C=C,2.3,354.0,21,9,158.74568400066667,280.4112692077977
38.8,331.4,CC(C)C1=CC(=C(C=C1)N2CCOCC2)/C=C/C(=O)OC(C)(C)C,4.1,433.0,24,6,204.6498683183333,328.3739886337635
54.5,289.19,CCOC(=O)C(=CC1=CC=C(S1)C)CBr,3.3,253.0,15,5,146.25581970520005,207.61222844020156
59.0,320.3,CCOC(=O)/C=C/C1=CC=CC=C1N2C(=O)C3=CC=CC=C3C=N2,3.1,529.0,24,5,213.8784120216667,297.65510038844224
43.4,258.31,CC(C)(C)OC(=O)C(=C)C1=CC2=C(C=C1)C(=O)CC2,3.1,403.0,19,4,150.945310816,249.26629628258596
44.8,278.34,CC1=CC(=CC(=C1/C=C/C(=O)OC(C)(C)C)OC)OC,3.5,343.0,20,6,172.18372668786665,272.64583348948537
75.0,316.29,CCOC(=O)C=C(C1=C(C=CO1)C)P(=O)(OCC)OCC,1.7,410.0,21,9,166.39545957699997,277.33915793041047
75.0,316.29,CCOC(=O)C=C(C1=COC(=C1)C)P(=O)(OCC)OCC,1.7,410.0,21,9,161.62364834333331,277.8473157096851
35.5,258.31,CO/C(=C\CC(=C)C(=O)OC)/C=C/C1=CC=CC=C1,3.7,360.0,19,7,172.00301669366664,259.3770862039975
77.5,342.4,CC(C)(C)OC(=O)NCCOC(=O)/C=C/C1=NC2=CC=CC=C2C=C1,3.2,484.0,25,8,207.98343582766665,320.9161244948508
95.2,282.36,CCOC(=O)/C=C\SC1=NN=NN1C2CCCCC2,2.5,321.0,19,6,135.89410724333334,247.0644616706913
38.8,317.4,CC1=CC(=C(C=C1C)N2CCOCC2)/C=C/C(=O)OC(C)(C)C,3.7,421.0,23,5,198.86416380633327,312.37586454621066
55.8,347.4,CC(C)(C)N(CC1=C(C(=CC(=C1)C=O)OC)OC(=O)C=C)C(C)(C)C,3.5,461.0,25,9,193.19697716,341.4147742558874
26.3,270.4,CCCCC1=C(C2=CC=CC=C2CC1)/C=C/C(=O)OC,4.3,392.0,20,6,172.28987970133332,273.81270962426487
35.5,308.5,CCCCCCCCCCC1=C(OCCC1)/C=C/C(=O)OC,6.1,369.0,22,12,181.74213463466663,316.0406037441486
38.3,329.8,CCOC(=O)/C(=C/C1=CC=C(C=C1)Cl)/CNCC2=CC=CC=C2,4.1,383.0,23,8,194.4121051546,313.0281798135675
58.9,334.2,CCN=CC(=C(C1=CC(=C(C=C1Cl)Cl)F)O)C(=O)OCC,4.1,428.0,21,6,172.35185352933334,277.85274596579075
47.9,481.5,CCOC(=O)/C(=C/C1=CC=C(C=C1)OC)/N=P(C2=CC=CC=C2)(C3=CC=CC=C3)C4=CC=CC=C4,7.3,684.0,35,9,332.8339476086667,464.9349363075772
26.3,208.3,C[C@@]12CC[C@@H](C1)C([C@@H]2OC(=O)C=C)(C)C,3.7,306.0,15,3,108.13352579393334,206.94470653064323
99.2,315.32,CCOC(=O)/C(=C/C1=C(C=CC(=C1)[N+](=O)[O-])N2CCCC2)/C#N,2.9,525.0,23,5,190.7428976313333,281.4545747084376
84.2,346.31,CCOC(=O)C=C(C1=CC=C(O1)COC)P(=O)(OCC)OCC,1.0,439.0,23,11,176.68169283999998,302.0447928547134
75.0,350.73,CCOC(=O)C=C(C1=C(OC=C1)CCl)P(=O)(OCC)OCC,1.7,429.0,22,10,163.41983844566667,295.988797816935
84.2,346.31,CCOC(=O)C=C(C1=C(C=CO1)COC)P(=O)(OCC)OCC,1.0,439.0,23,11,172.24611405333334,301.2464928261925
84.2,346.31,CCOC(=O)C=C(C1=C(OC=C1)COC)P(=O)(OCC)OCC,1.0,439.0,23,11,165.43319720033332,301.30149885072444
101.0,374.32,CCOC(=O)C=C(C1=COC=C1C(=O)OCC)P(=O)(OCC)OCC,1.5,520.0,25,12,175.24971954833333,321.3887509082656
65.0,340.4,COC1=C(C=CC(=C1)CC=C)OC(=O)/C=C\C2=CC(=C(C=C2)O)OC,3.7,461.0,25,8,201.83393642266665,320.6050772402139
44.8,280.36,CCCCC1=C(C2(CCC1)OCCO2)/C=C/C(=O)OC,2.3,403.0,20,6,154.24287259566665,267.0872944213399
44.8,324.4,CC1=CC(=C(C=C1)C(C)C)OC(=O)C=CC2=CC3=C(C=C2)OCO3,5.1,459.0,24,5,217.60169228446668,308.25006673131367
71.1,340.3,CC(=O)C1=C(C=C(C=C1)OC)OC(=O)C=CC2=CC3=C(C=C2)OCO3,3.2,516.0,25,6,209.7823680463333,305.5543032976771
97.2,313.4,C=CC(=O)N1CCC2(CC1)SCC(S2)COC(=O)C=C,2.4,417.0,20,5,149.21891759566668,275.15767157188634
59.0,320.3,CC1=CC(=C(C=C1)N2C(=O)C3=CC=CC=C3C=N2)/C=C/C(=O)OC,3.1,543.0,24,4,217.49220850466668,297.452257452344
105.0,393.4,CCCCOC(=O)/C=C/C1=C(C=CC(=C1)[N+](=O)[O-])N2C(=O)C3=CC=CC=C3C=N2,3.8,672.0,29,7,245.418420513,348.75370062873935
46.6,285.34,CC(C)(C)OC(=O)C(=C)C1=CC2=CC=CC=C2N(C1=O)C,2.9,499.0,21,4,172.74213541909998,272.94685915297106
44.8,276.33,CC(C)(C)OC(=O)/C=C/C1=C(C=CC2=C1CCO2)OC,3.2,369.0,20,5,167.80256306686667,262.86336856255275
111.0,452.4,CCOC(=O)C=C(C1=COC(=C1)CP(=O)(OCC)OCC)P(=O)(OCC)OCC,1.1,615.0,29,15,227.61173470633327,383.19224215731487
84.2,360.34,CCOC(=O)C=C(C1=CC(=C(O1)C)COC)P(=O)(OCC)OCC,1.4,467.0,24,11,185.256508487,317.2372871260008
124.0,373.4,CCOC(=O)C=C(C1=C(OC=C1)CSC#N)P(=O)(OCC)OCC,1.8,533.0,24,11,179.07422876466663,316.93638540246
124.0,373.4,CCOC(=O)C=C(C1=C(C=CO1)CSC#N)P(=O)(OCC)OCC,1.8,533.0,24,11,189.58353045266665,317.11245223957803
124.0,373.4,CCOC(=O)C=C(C1=COC(=C1)CSC#N)P(=O)(OCC)OCC,1.8,533.0,24,11,180.099569059,317.6761398479347
47.9,323.4,CC1=CC=C(C=C1)C(C(=C)C(=O)OC)ON=C(C)C2=CC=CC=C2,4.5,458.0,24,7,199.5064211573333,317.7190646499971
47.9,323.4,CC1=CC(=CC=C1)C(C(=C)C(=O)OC)ON=C(C)C2=CC=CC=C2,4.5,466.0,24,7,188.1387403486667,318.2185370187445
48.5,331.4,CN1C2=CC=CC=C2N3C1=NC(=C3C=CC(=O)OC)C4=CC=CC=C4,4.3,517.0,25,4,223.72907048,311.5776044913429
93.0,324.8,CCOC(=O)C(=CNCCCN)C1=NC2=CC=CC=C2N1.Cl,,373.0,22,8,186.85550485066665,265.234183515534
61.8,382.4,CC1=CC(=C(C=C1)C(=O)C2=C(C=CC=C2OC)OC)/C=C/C(=O)OC(C)(C)C,4.8,550.0,28,8,235.2606680963333,367.67181451735127
101.0,374.32,CCOC(=O)C=C(C1=C(OC(=C1)C(=O)OC)C)P(=O)(OCC)OCC,1.9,534.0,25,11,184.8476835,321.5357431334871
66.8,316.13,CN1C2=C(C=C(C=C2Cl)Cl)C(C1=O)(C(=C)C(=O)OC)O,2.5,469.0,20,3,148.197659205,255.1538253949502
87.4,401.4,CCOC(=O)C=C(C1=CC=C(O1)CN2CCOCC2)P(=O)(OCC)OCC,0.8,538.0,27,11,205.27864697866667,350.3814087665576
93.1,288.25,C1=CC(=CC(=C1)O)/C=C/C(=O)OCC2=CC(=O)C(=CO2)O,1.4,502.0,21,5,158.82132453203334,245.99365843513942
26.3,298.4,CCCCC1=C(CCC(C1)C2=CC=CC=C2)/C=C/C(=O)OC,4.9,413.0,22,7,189.21110275966663,305.417068241908
75.0,395.18,CCOC(=O)/C=C(\C1=C(OC(=C1)C)Br)/P(=O)(OCC)OCC,2.7,443.0,22,9,177.10921526333334,285.6548044498209
75.0,474.08,CCOC(=O)/C=C(\C1=C(OC(=C1)Br)CBr)/P(=O)(OCC)OCC,2.9,460.0,23,10,190.54149876033333,294.44009816353923
75.0,474.08,CCOC(=O)/C=C(\C1=C(C=C(O1)Br)CBr)/P(=O)(OCC)OCC,2.9,460.0,23,10,193.879736189,294.84664193931167
59.0,385.2,COC(=O)/C=C/C1=C(C=CC(=C1)Br)N2C(=O)C3=CC=CC=C3C=N2,3.4,548.0,24,4,218.36240685666667,290.38586736882695
105.0,351.3,COC(=O)/C=C/C1=C(C=CC(=C1)[N+](=O)[O-])N2C(=O)C3=CC=CC=C3C=N2,2.6,627.0,26,4,218.43428185826667,301.0289105181055
60.4,278.34,C/C(=C/1\C[C@@H](CC1=O)C(=C)C(=O)OC)/CCCC(=O)C,1.9,471.0,20,7,144.20569670176667,267.3033218525392
96.3,346.3,CCOC(=O)/C(=C/NC1=CC=CC2=C1C(=O)C3=CC=CC=C3C2=O)/C#N,3.7,675.0,26,5,224.9904274086667,310.3345486775973
49.8,239.31,CCOC(=O)/C=C/C1=CC(N(C1(C)C)O)(C)C,1.4,367.0,17,4,136.013684752,230.0917049406389
35.5,400.25,CC1(COC2=C1C=CC(=C2)/C=C/C(=O)OC(C)(C)C)CI,4.6,413.0,21,5,196.499620869,279.4666508225896
35.5,400.25,CC1(COC2=C1C=C(C=C2)/C=C/C(=O)OC(C)(C)C)CI,4.6,413.0,21,5,189.59639923766667,279.8359624203447
124.0,387.4,CCOC(=O)C=C(C1=CC(=C(O1)C)CSC#N)P(=O)(OCC)OCC,2.2,562.0,25,11,197.40746841066667,332.6804527060662
65.099,337.75,CC1=COC2=CC(=C(C=C2C1=O)Cl)O/C(=C\N(C)C)/C(=O)OC,2.8,543.0,23,5,187.9391769483333,293.0547100594798
65.099,351.8,CCC1=COC2=CC(=C(C=C2C1=O)Cl)O/C(=C\N(C)C)/C(=O)OC,3.3,557.0,24,6,196.765080129,308.122754028361
74.3,347.4,CCC1=COC2=CC(=C(C=C2C1=O)OC)O/C(=C\N(C)C)/C(=O)OC,2.6,568.0,25,7,202.9323568576667,315.0094194411026
49.8,239.31,CC1(CC(=CC(N1O)(C)C)/C=C/C(=O)OC)C,1.5,367.0,17,3,135.437661695,228.9938440115093
49.8,329.4,CC1(CC(=CC(N1O)(C)C)/C=C/C(=O)OCCC2=CC=CC=C2)C,3.5,499.0,24,6,190.936325226,322.51100564273764
26.3,340.5,CCCCC1=C(CCC(C1)C2=CC=CC=C2)/C=C/C(=O)OC(C)(C)C,5.9,487.0,25,8,219.1070879453333,352.33955705583855
26.3,360.5,COC(=O)/C=C/C1=C(CC(CC1)C2=CC=CC=C2)CCCC3=CC=CC=C3,5.8,518.0,27,8,233.2306478913333,366.3562795363952
26.3,298.4,CC(C)CC1=C(CCC(C1)C2=CC=CC=C2)/C=C/C(=O)OC,4.6,425.0,22,6,194.787823544,305.8005347280731
75.0,451.3,CCOC(=O)/C=C(\C1=C(OC(=C1C)C(C)(C)C)Br)/P(=O)(OCC)OCC,4.4,546.0,26,10,203.8692475183333,347.91332361600297
81.4,431.3,C1=CC=C(C=C1)[C@H](COC(=O)/C=C/C2=CC(=CC=C2)Cl)NC(=O)C3=COC(=N3)Cl,5.0,583.0,29,8,226.2476065273333,371.24779625512485
84.2,402.4,CCOC(=O)/C=C(\C1=COC(=C1COC)C(C)(C)C)/P(=O)(OCC)OCC,2.6,543.0,27,12,205.8892546323333,363.0164561121758
53.3,338.4,CCN1C(=C)C(C2=C1C=CC(=C2)/C=C(\C#N)/C(=O)OC(C)(C)C)(C)C,5.0,630.0,25,5,243.60145438333333,337.7829942498449
62.6,336.4,CCOC(=O)/C(=C/C1=C2C(=C(C3=CC=CC=C3O2)N(C)C)CC1)/C#N,2.6,706.0,25,5,250.67842277,318.0821500498071
115.0,577.7,CC1=CC=C(C=C1)S(=O)(=O)N(C2=CC3=C(C=C2)C=C(C=C3)C(=C)C(=O)OC(C)(C)C)S(=O)(=O)C4=CC=C(C=C4)C,7.1,1060.0,40,9,375.4565238933333,514.4363280094161
109.0,408.4,CN(C)C(=O)OC1=CC=CC2=C1N=C(C=C2)COC(=O)/C=C/C3=CC(=C(C=C3)O)O,3.1,625.0,30,7,248.8093653793333,362.7360462773227
98.2,422.4,CN(C)C(=O)OC1=CC=CC2=C1N=C(C=C2)COC(=O)/C=C/C3=CC(=C(C=C3)OC)O,3.4,640.0,31,8,267.49820835683335,382.13379919331226
87.2,436.5,CN(C)C(=O)OC1=CC=CC2=C1N=C(C=C2)COC(=O)/C=C/C3=CC(=C(C=C3)OC)OC,3.7,654.0,32,9,277.94430197566663,401.2523480470229
196.0,472.4,C[C@H]1[C@@H]([C@H]([C@H]([C@@H](O1)OC[C@@H]2[C@H]([C@@H]([C@H]([C@@H](O2)OC(=O)/C=C/C3=CC=C(C=C3)O)O)O)O)O)O)O,-1.9,666.0,33,7,217.89836201,372.1387221939224
84.2,360.34,CCOC(=O)/C=C(\C1=C(OC(=C1)C)COC)/P(=O)(OCC)OCC,1.4,467.0,24,11,177.390234779,317.35441414994443
94.5,524.6,CCOC(=O)/C=C/C1=CC=C(C=C1)CNC(=O)CCCN2C3=C(C=C(C=C3)C(=O)C)C4=C2C=CC(=C4)C(=O)C,4.4,870.0,39,12,320.5138847043333,494.2797423482559
52.6,250.29,CCOC(=O)/C=C/[C@]12C=CCC[C@]1(CC(=O)O2)C,2.1,424.0,18,4,130.61485625066666,231.17678720801504
52.6,306.4,CCCCOC(=O)/C=C/[C@]12C=CCC[C@]1(CC(=O)O2)CCC,3.8,480.0,22,8,161.119802185,293.7204162618491
55.8,306.4,CC1=CC(=CC(=C1/C=C/C(=O)OC(C)(C)C)OC)C(C)(C)O,3.2,406.0,22,6,188.14099666433336,299.92740461353884
97.8,420.5,CCOC(=O)C(=CNCCCN=CC1=CC2=C(C=C1)OCO2)C3=NC4=CC=CC=C4N3,3.9,656.0,31,10,255.0395741273333,381.7026920576561
55.8,465.6,C[C@]12CC[C@H]3[C@H]([C@@H]1CCC2=O)CCC4=CC(=C(C=C34)N5CCOCC5)/C=C/C(=O)OC(C)(C)C,4.5,809.0,34,5,293.44597563966664,442.3884265488851
43.4,478.4,C[C@H]1CC[C@H](CC2=C(C(=O)C([C@@H]12)CC3=CC=CC=C3I)C)C(=C)C(=O)OC,5.3,650.0,27,5,224.194243424,354.87204050590486
43.4,352.5,C[C@H]1CC[C@H](CC2=C(C(=O)C([C@@H]12)CC3=CC=CC=C3)C)C(=C)C(=O)OC,4.7,609.0,26,5,195.0666322123333,345.8902516892777
90.2,333.4,CC1(C=C(C(N1O)(C)C)COC(=O)/C=C/C2=CC(=C(C=C2)O)O)C,1.8,538.0,24,5,191.93989814866663,301.20594428390723
26.3,510.8,CCCCC1=C(CC2CC[C@H]3[C@@H]4CC[C@@H]([C@]4(CC[C@@H]3[C@]2(C1)C)C)[C@H](C)CCCC(C)C)/C=C/C(=O)OC,11.6,851.0,37,11,315.306169741,527.2934326597418
99.4,494.5,CN(C)/C=C(\C1=CC=CC=C1O/C(=C\N(C)C)/C2=NC(=NO2)C3=CC(=CC(=C3)OC)OC)/C(=O)OC,3.8,762.0,36,11,301.72008792933326,458.09439742255483
106.0,480.6,CN(C)/C=C(\C1=CC=CC=C1O/C(=C\N(C)C)/C2=NC(=NO2)C3=CC=C(C=C3)SC)/C(=O)OC,4.4,722.0,34,10,307.34641119966665,444.1704616149299
80.9,468.9,CN(C)/C=C(\C1=CC=CC=C1O/C(=C\N(C)C)/C2=NC(=NO2)C3=CC=CC=C3Cl)/C(=O)OC,4.5,715.0,33,9,286.26418196866666,426.5091041524192
89.1,489.6,CCN1C[C@@H]([C@H]([C@]12C3=CC=CC4=C3C(=CC=C4)C2=O)/C=C/C(=O)OCC)S(=O)(=O)C5=CC=CC=C5,4.5,949.0,35,7,283.30074486166666,437.21138660573905
116.0,455.5,CC(=O)N[C@H]1CCC2=CC(=C(C(=C2C3=CC=C(C(=O)C=C13)SC)OC)OC(=O)C=C)OC,2.1,876.0,32,7,287.4500395146667,405.07448871470103
205.0,592.6,CC1C(C(C(C(O1)OC2C(C(OC(C2O)O)CO)O)O)O)OC3=C(C=CC(=C3)/C=C/C(=O)OCCC4=CC=CC=C4)O,0.5,867.0,42,11,301.28903490933334,490.6325118859302
107.0,452.5,CN(C)C(=O)OC1=CC=CC2=C1N=C(C=C2)COC(=O)/C=C/C3=CC(=C(C(=C3)OC)O)OC,3.3,672.0,33,9,285.13249591466666,406.2332191206065
95.0,530.6,CCOC(=O)/C=C/C1=C(C2=CC=CC=C2N1C)C(=CNS(=O)(=O)C3=CC=C(C=C3)C)C4=CC=C(C=C4)OC,5.9,942.0,38,10,375.893971861,485.744827810161
52.6,264.32,CCOC(=O)/C=C/[C@]12C=CCC([C@]1(CC(=O)O2)C)C,2.5,451.0,19,4,137.70516001433333,246.54887860147227
52.6,236.26,C[C@@]12CCC=C[C@@]1(OC(=O)C2)/C=C/C(=O)OC,1.7,410.0,17,3,119.51125914633332,214.96891811073905
158.0,402.5,CCOC(=O)/C(=C(\NC1=NC(=C(S1)C(=O)NC2=CC=CC=C2)C)/SC)/C#N,4.4,625.0,27,8,259.1847719296666,349.9560288034781
104.0,493.5,CC1(O[C@H]2[C@H](O[C@H]3[C@@H]([C@H]2O1)OC(O3)(C)C)COC4=NC=CC(=C4/C=C/C(=O)OC(C)(C)C)OC)C,2.8,792.0,35,8,253.38380940533327,437.4777596927897
123.0,534.5,CC(C)(C)OC(=O)/C(=C\C1=CC=CO1)/NC2=NC=C(N=C2CC3=CC=CC=C3F)C4=C(C(=CC=C4)[N+](=O)[O-])F,5.9,879.0,39,9,347.101312418,463.82378119868935
26.3,166.22,C=CC(=O)O[C@H]1C[C@@H]2CC[C@H]1C2,2.4,210.0,12,3,84.69874448893334,160.4362153745798
26.3,204.26,CC1=CC(=C(C=C1C)/C=C/C(=O)OC)C,3.3,245.0,15,3,135.505970305,207.8787741856953
101.0,245.4,CC(C)(C)OC(=O)C(=C(SC)SC)C#N,2.5,314.0,15,5,128.23098783226666,221.78758014436565
65.2,178.19,COC(=O)/C=C/C1=NC(=CC=C1)N,0.8,204.0,13,3,104.92573302066668,163.4730832223717
46.6,456.4,COC(=O)C=CC1=CC(=CC=C1)N(CC2=CC=C(C=C2)Br)C(=O)C3CCCCC3,5.8,565.0,29,7,245.1588560733333,377.4079914182091
81.4,286.28,C1=CC(=CN=C1)C(=O)NCCOC(=O)/C=C/C2=CC=CO2,1.2,384.0,21,7,160.01299610466666,259.07051427361466
72.1,269.32,CN(C)/C=C(\C(=O)OC)/S(=O)(=O)C1=CC=CC=C1,1.5,414.0,18,5,138.69887963186667,236.33210478674306
50.1,296.5,C=CC(=O)OC(C#N)(C(F)(F)Cl)C(F)(Cl)Cl,3.3,365.0,16,5,88.85852358366667,203.93687122168947
80.8,335.4,COC(=O)/C(=C\NC1=CC=CC=C1)/S(=O)(=O)C2=CC=C(C=C2)F,3.6,527.0,23,6,191.08106653433333,284.18133293284444
80.8,377.4,CC(C)C1=CC=C(C=C1)S(=O)(=O)/C(=C\NC2=CC=C(C=C2)F)/C(=O)OC,4.7,596.0,26,7,225.50130663866665,331.2124388024094
35.5,212.17,CCOC=C(C(=O)OCC)C(F)(F)F,2.0,220.0,14,5,80.28592331503333,171.90993396749283
55.4,253.68,CCOC(=O)/C(=C\C1=CC(=CC=C1)Cl)/NC=O,2.5,304.0,17,5,138.3664620633,223.87723215376192
75.0,316.29,CCOC(=O)/C(=C\C1=CC=C(O1)C)/P(=O)(OCC)OCC,2.1,410.0,21,9,174.02780340766665,277.09501164533714
63.2,364.2,CCC(C)OC(=O)/C(=C/C1=CC=C(O1)C2=C(C=C(C=C2)Cl)Cl)/C#N,5.5,528.0,24,6,227.625495803,320.22797916658783
80.0,431.4,COC1=CC(=CC(=C1OC)OC)/C=C\C(=O)OCC2=NOC(=C2)C3=C(C=C(C=C3)F)F,4.0,595.0,31,9,251.33418238066668,371.7002325326595
44.1,386.8,CC(C)(C)C1=CC=C(C=C1)OC(=O)/C=C/C2=C(N(N=C2C(F)(F)F)C)Cl,5.6,526.0,26,5,200.799889896,327.2410386381773
62.6,224.28,CC1=CC=C(C=C1)[S@](=O)/C=C/C(=O)OC,1.5,265.0,15,4,124.54186813866666,202.7239114523697
65.9,294.3,C1CCC(CC1)OC(=O)/C(=C/C2=CNC3=CC=CC=C32)/C#N,4.1,485.0,22,4,185.5876659209,277.06290715273553
99.0,355.4,C1OC2=C(O1)C=C(C=C2)/C=C\C(=O)OCC3=NOC(=C3)C4=CC=CS4,3.4,502.0,25,6,196.240463902,302.4301803984209
114.0,412.4,CN1C=CN=C1SCC2=CC(=O)C(=CO2)OC(=O)/C=C/C3=CC4=C(C=C3)OCO4,2.4,737.0,29,7,241.95967747966665,350.8906412578787
100.0,292.11,COC(=O)/C=C/C1=C(SC(=C1)Br)[N+](=O)[O-],3.1,291.0,15,3,127.80646939909998,180.02994419422888
35.5,220.26,CCOC(=O)/C=C/C1=CC(=C(C=C1)C)OC,2.9,248.0,16,5,139.70629319140002,217.44072648773263
90.9,259.26,CCO/C=C(/C(=O)NC(=O)OCC)\C(=O)OCC,1.7,336.0,18,8,120.45062528953332,229.8503029135981
35.5,214.16,COC(=O)C=COC1=C(C(=CC=C1)F)F,2.1,243.0,15,4,103.20839264373336,180.7872896401146
97.4,343.4,CCOC(=O)/C=C/C1=C(C=CC(=C1)SCC2=CC=CC=C2)[N+](=O)[O-],4.4,443.0,24,7,197.044268383,309.0533627021315
76.2,254.71,CCOC(=O)/C=C/C1=CC=C(C=C1)C(=N)N.Cl,,279.0,17,5,147.69269398129998,206.0196961657336
67.4,169.2,COC(=O)/C=C/C1=CN=CS1,1.3,170.0,11,3,92.16218655856666,147.2273828851287
51.6,208.28,CCOC(=O)C=CSC1=CC=CC=C1,2.8,196.0,14,5,107.73913398733332,197.02124058447927
103.0,260.329,C[N+](C)(C)CCCC[C@@H](C(=O)O)N.C=CC(=O)[O-],,214.0,18,6,111.96752324633331,188.8153749415856
72.9,145.13,C=CC(=O)[O-].C1C(O1)CO,,86.3,10,1,57.19275900263333,79.56018780322145
56.7,129.16,C=CC(=O)[O-].C1C[NH2+]C1,,67.6,9,0,66.0992566995,75.59946451062099
38.8,188.18,C=CC1=CC=CC=C1OC(=O)C2=CO2,2.5,280.0,14,4,106.32063036096667,178.26525241148283
52.6,186.2,CC(=O)OCCCCOC(=O)C=C,1.7,186.0,13,8,81.62755496233332,176.08647792650424
26.3,206.28,COC(=O)C(=C(CC=C)CC=C)CC=C,4.1,273.0,15,8,116.48168978836668,218.52529149283302
26.3,184.27,CCCCOC(=O)C=C.CC(=C)C,,120.0,13,5,101.4844172591,153.94941916957862
59.1,263.25,COC1=C(C=C(C=C1)C=C(C(=O)OC)N=[N+]=[N-])OC,3.3,390.0,19,6,161.15409246800002,233.06324857219442
39.2,318.16,COC(=O)/C(=C\C1=CN=CC=C1)/C2=CC=C(C=C2)Br,3.5,335.0,19,4,180.76064858666663,241.1213408563656
54.5,168.21,C=CC(=O)OCC1=CC=CS1,1.9,156.0,11,4,77.93971109216666,152.3700404667921
35.5,236.31,C=CC(=O)OC1(CCCC1)C2CC3CCC2O3,2.7,330.0,17,4,116.19030096433332,221.89743782129918
86.8,412.5,CCOC1=C(C=CC(=C1)/C=C/C(=O)OC)C2=NC(=CC=C2)NCC(=O)OC(C)(C)C,4.4,587.0,30,11,259.55969784033334,389.4819219722898
72.1,325.4,CC(C)(C)OC(=O)/C=C/C1=CC(=C(C=C1)C2=CC=CC=C2)[N+](=O)[O-],4.6,469.0,24,5,215.113915099,305.50220587521494
105.0,296.23,C/C=C/C(=C)C(=O)OOC(=O)/C=C/C(=O)OOC(=O)C=C,2.6,512.0,21,11,151.102259813,254.82779157207014
78.9,282.29,CC(=C)C(=O)OCC(COC(=O)C=C)OC(=O)C(=C)C,2.5,435.0,20,11,131.05143257400002,263.1101960709034
26.3,300.4,CCCCCC1CCC(CC1)C2=CC=C(C=C2)OC(=O)C=C,7.2,334.0,22,8,180.73343244566664,307.52252065239304
39.2,242.07,COC(=O)/C=C/C1=CC(=CN=C1)Br,1.8,206.0,13,3,109.89006444363334,165.45656808026473
44.8,250.29,C=CC(=O)OCCOCCOCC1=CC=CC=C1,1.9,234.0,18,10,121.00645850593334,241.4015812420398
67.4,233.29,CCOC(=O)/C=C/C1=CC=CC2=NSC=C21,3.0,280.0,16,4,145.45436970393334,209.0601880872869
43.6,230.26,CCOC(=O)/C=C/C1=CC=CC2=NC(=CN21)C,2.8,304.0,17,4,149.60162645883332,219.20231419107682
95.9,584.7,CC/C(=C(/C1=CC=C(C=C1)/C=C/C(=O)OCC)\C2=CC3=C(C=C2)N(N=C3)C4CCCCO4)/C5=CC=CC=C5S(=O)(=O)C,7.4,1070.0,42,10,388.58854791566665,537.6484538196289
117.0,397.5,CC(C)(C)OC(=O)C(=C(N1CCC[C@H](C1)NC(=O)OC(C)(C)C)SC)C#N,3.4,638.0,27,8,202.8118016023333,367.48766951586464
75.4,381.4,CCOC(=O)/C=C/C1=C(N(N=C1C)C)N2C=CC3=C2C=C(C=C3)OCC(=O)C,3.1,596.0,28,8,232.65351172066667,352.8282227546585
49.0,309.4,CCOC(=O)/C=C/C1=C(N(N=C1C)C)N2C=CC3=CC=CC=C32,3.3,454.0,23,5,197.126413508,294.60507176953445
26.3,222.32,CC(C)(C)OC(=O)C=C.C1CC2CC1C=C2,,210.0,16,3,123.09038829933333,158.27095587827674
75.4,157.19,C=CC(=O)OCCSC#N,1.2,170.0,10,5,66.32179213276667,140.1205628488492
26.3,283.16,CC(C)(C)OC(=O)/C=C/C1=CC(=CC=C1)Br,3.9,266.0,16,4,140.8852746921,217.06615240111623
40.1,299.5,CCCCCCCCCCCC[N+](C)(C)C.C=CC(=O)[O-],,185.0,21,11,162.79569477333334,270.8279429567856
43.4,230.26,CCOC(=O)/C=C/C1=CC2=C(C=C1)C(=O)CC2,2.3,332.0,17,4,148.27795710433335,217.95052965261718
64.599,305.4,CCOC(=O)C(=C)CCCCNC(=O)OCC1=CC=CC=C1,3.3,362.0,22,11,156.15197471733333,294.5260763569315
26.3,271.93,C=CC(=O)OC[C@@H](CBr)Br,2.3,125.0,10,5,73.39091971313333,133.30188814025084
35.5,234.29,CCC(=CC1=CC=C(C=C1)OC)C(=O)OCC,3.7,263.0,17,6,145.3242153285,232.67681326811103
77.5,306.36,CCOC(=O)C(=C)CC1=CN=C(C=C1)NC(=O)OC(C)(C)C,2.8,415.0,22,8,160.090960974,288.9833441837001
65.2,206.24,CCOC(=O)/C=C/C1=CN=C(C=C1C)N,1.5,241.0,15,4,131.09113377923333,194.42479990020166
72.8,298.27,CC(C)(C)OC(=O)/C=C/C1=CC(=CC=C1)P(=O)(O)OC,1.8,410.0,20,6,164.08870474106666,262.5218407772486
82.8,562.7,C=CC(=O)OC1=C(C2=C(C=C1)C=C(C=C2)C3=CC=CC4=C3SC5=CC=CC=C45)C6=CC=CC7=C6SC8=CC=CC=C78,11.5,967.0,41,5,407.7242838563333,515.1561024532597
52.6,480.5,C=CC(=O)OC1=C(C=C(C=C1)C2=CC=CC3=C2OC4=CC=CC=C34)C5=CC=CC6=C5OC7=CC=CC=C67,9.0,840.0,37,5,348.65097385800004,447.7018902725005
75.0,397.9,CCOC(=O)/C(=C(/C1=C(N=CC=C1)Cl)\NCC(C2=CC=CC=C2)C(C)C)/C#N,5.8,590.0,28,9,214.88395278766663,374.39727993242735
39.4,262.69,COC(=O)/C=C/C1=CC=C(O1)C2=CC(=CC=C2)Cl,3.6,316.0,18,4,182.3012426841333,236.52709549366395
96.9,395.5,CC1=CC=C(C=C1)C2=NC(=C(S2)COC3=CC(=C(C=C3)/C=C/C(=O)OC)O)C,4.8,535.0,28,7,260.186027786,360.84204221736786
80.3,303.36,CC(C)(C)OC(=O)/C=C/C1=CC2=C(NCCC(=O)NC2)N=C1,1.3,442.0,22,4,185.7127513453333,278.83968022824683
72.9,315.32,CCOC(=O)/C=C/C1=CC(=O)N(C2=C1C=CC(=C2)OC)CC=O,1.2,525.0,23,7,189.369703557,284.67724238848217
64.599,325.79,CCOC(=O)/C=C/C1=CC(=C(C=C1)Cl)NC(=O)OC(C)(C)C,3.8,417.0,22,7,187.1489116413333,296.07036952800064
65.5,303.35,CCOC(=O)/C=C/C1=CN=C(C=C1)/C=C/C(=O)OC(C)(C)C,2.8,434.0,22,8,206.69513413566665,292.6287122845307
67.4,386.9,COC(=O)/C=C/C1=CN=C(C=N1)N[C@@H]2CCN(C2)CCC3=CC=CC=C3Cl,3.2,504.0,27,8,233.97570616400003,353.4510526547045
71.8,420.5,CC1(OCC(O1)COC(=O)/C(=C/C2=CC3=C(C=C2)C=C(C=C3)N4CCCCC4)/C#N)C,4.6,718.0,31,6,309.970969961,393.65612624711787
44.8,262.3,COC1=CC=CC(=C1OCC2CC2)/C=C/C(=O)OC,2.9,322.0,19,7,155.1657557039333,253.40978525722446
68.7,414.5,CN(C)C(=O)C1=CC=C(C=C1)C2=NC3=C(C=C2)C(C4=CC=CC=C4O3)C(=C)C(=O)OC,4.1,685.0,31,5,269.73985255,386.44845531871846
65.099,423.5,CC1=CC(=C(C=C1OCC2=CC=CC=C2/C(=C\OC)/C(=O)OC)C)C(=O)/C=C/N(C)C,4.2,656.0,31,10,251.93500771933336,410.1170291243944
55.8,275.3,COC(=O)C(=C)N(CC=C)C(=O)OCC1=CC=CC=C1,2.8,372.0,20,8,136.494974305,263.48295124920537
73.6,522.6,CC/C(=C(/C1=CC=C(C=C1)/C=C/C(=O)OCC)\C2=CC3=C(C=C2)N(N=C3)C4CCCCO4)/C5=CC=C(C=C5)O,7.8,856.0,39,9,373.14573965666665,496.15226940345315
52.6,270.28,CC(OC(=O)C=C)OC(=O)C1=CC=CC2=CC=CC=C21,4.4,377.0,20,6,149.21516296826667,253.08701053889038
65.2,366.5,CCOC(=O)/C=C/C1=C(N=C(C(=C1C2=CC=C(C=C2)C)CN)CC(C)C)C,4.4,483.0,27,8,236.3655781316667,363.959110872922
50.1,237.25,COC(=O)/C(=C/C1=CC2=CC=CC=C2C=C1)/C#N,3.4,391.0,18,3,168.44545752566668,227.60675182459252
72.1,300.1,CCOC(=O)/C=C/C1=CC(=C(C=C1)Br)[N+](=O)[O-],3.1,313.0,17,4,144.9104947907,205.94316696741944
76.9,514.9,CCCCCCCCCCCCSCC(CSCCCCCCCCCCCC)OC(=O)C=C,13.2,400.0,34,29,283.4473726783333,534.2529543150945
65.6,378.5,COC(=O)/C=C/C1=CC=C(C=C1)CN(CCC2=CNC3=CC=CC=C32)CCO,3.6,502.0,28,10,230.406048176,361.3589788341195
78.1,319.1,CCOC(=O)/C=C/C1=NC(=NC=C1N)I,0.9,248.0,15,4,132.14342456193333,183.66107006205257
46.6,405.08,CCOC(=O)/C(=C\N(C)C)/C(=O)C1=C(C=CC(=C1)Br)Br,3.8,396.0,20,6,169.26419012266666,256.85345856651327
99.0,405.4,CC(C)(C)NC(=O)C1=NN(C(=C1)C2=NC=C(C=C2)/C=C/C(=O)OC)C3=CN=CC=C3,2.3,633.0,30,7,270.371949748,375.6312243357987
26.3,212.67,CCOC(=O)/C=C/C1=C(C[C@H]2[C@@H]1C2)Cl,2.3,317.0,14,4,117.7949339229,196.17090668317545
71.1,398.4,CCCCCOC1=CC=C(C=C1)OC(=O)/C=C/C2=CC=C(C=C2)OC(=O)OCC,6.0,502.0,29,13,254.0375487613333,379.1481375385284
64.599,331.4,CC1(CCCCC1)/C=C(/C(=O)OC)\NC(=O)OCC2=CC=CC=C2,4.9,460.0,24,7,175.20410639,314.4519664606314
114.0,393.4,CCOC(=O)/C(=C/C1=C(C=CC(=C1)C2=CC=C(C=C2)NC(=O)OCC)N)/CC#N,3.1,631.0,29,9,258.4128762043334,365.04146059408987
71.6,420.1,COC(=O)/C(=C\C1=CC(=C(C=C1)Cl)Cl)/C(=O)C2=CC=C(S2)Br,6.0,472.0,22,5,208.157662012,290.6087394545647
59.7,258.269,CCOC(=O)/C(=C/C1=CC=C(O1)C2=CC=CC=C2)/O,3.2,331.0,19,5,180.7086721994,239.56778424757155
71.8,330.4,CC1(OCC(O1)COC(=O)/C(=C/C2=CC=C(C=C2)N(C)C)/C#N)C,2.5,524.0,24,6,213.623907235,310.41510762627485
58.2,301.4,CC(C)(C)OC(=O)/C=C/C1=CC2=C(NC=C2CN(C)C)N=C1,2.4,415.0,22,6,186.32417886866665,290.6576478775201
75.0,271.31,CCOC(=O)C(=CNC1=NC=CC2=C1CCCC2)C#N,3.4,424.0,20,5,169.971045612,253.99523522828662
52.1,256.3,CCOC(=O)/C=C/C1=NC2=C(C=C1)C(=NC=C2C)C,2.6,343.0,19,4,170.34481839173336,246.26926200702258
57.6,341.4,CC(C)(C)OC(=O)/C=C/C1=CN=C(C=C1)C2=CC(=C(C=C2)OC)OC,3.7,457.0,25,7,252.6935643342,329.71018771087716
111.0,308.33,CCOC(=O)/C=C(/C1=CC=CC=C1OCCO)\NCC(=O)N,1.1,397.0,22,10,161.56939969533337,273.84235109541953
29.5,267.75,CCOC(=O)/C=C/C1=C(C=CC(=C1)CN(C)C)Cl,3.0,292.0,18,6,150.0334295946,252.90243947903352
79.1,584.7,CC/C(=C(/C1=CC=C(C=C1)/C=C/C(=O)OCC)\C2=CC3=C(C=C2)N(N=C3)C4CCCCO4)/C5=CC=C(C=C5)C6=CN=CN=C6,8.1,977.0,44,10,435.40851673,558.2851508319942
44.1,220.27,CCOC(=O)/C=C/C1=CN(N=C1)CC2CC2,1.6,274.0,16,6,128.69759727046664,214.72222417287793
104.0,418.5,COC(=O)/C=C/C1=CC=C(C=C1)OC2=C(SC3=C2C=CC(=C3)O)C4=CC=C(C=C4)O,5.7,594.0,30,6,300.48054920566665,370.3712165636153
39.2,391.5,CCOC(=O)/C=C/C1=CC(=C(C=N1)C)C2=CC3=C(C=C2C)C(CCC3(C)C)(C)C,7.0,608.0,29,5,260.4191828333333,393.4383325792341
55.8,318.7,CCOC(=O)/C=C/C1=C(C=C(C=C1)O)OC2=CC(=CC=C2)Cl,4.4,385.0,22,6,181.333490386,283.98280435885925
49.8,337.4,C1CN(CCC1CO)/C=C/C(=O)OC2=CC=C(C=C2)C3=CC=CC=C3,3.7,428.0,25,6,223.8656763603333,324.36886771164103
76.8,288.3,CCOC(=O)/C(=C/N(C)C)/C(=O)C1=NN2C=CC=CC2=N1,1.6,436.0,21,6,165.00710632833332,260.55367688042304
85.9,409.5,CCOC(=O)/C=C(/C1=C(C=CC(=C1)OCC2=CC=CC=C2)OC)\C3=NC=C(S3)C,5.4,549.0,29,9,247.48067584966665,380.06318093192556
40.7,231.25,CCC1=CC=C(C=C1)C=C(C(=O)OC)N=[N+]=[N-],4.1,338.0,17,5,148.2113976707,215.05024069989102
85.2,263.32,CCOC(=O)/C=C/C1=CSC(=N1)C2=NN(C=C2)C,1.6,324.0,18,5,159.44428046973334,233.92972050005332
44.8,464.6,CCCC1CCC(CC1)C2COC(OC2)C3=CC=C(C=C3)/C=C/C(=O)OCC4CC5CC4C=C5,7.6,705.0,34,9,274.5397615703333,450.92837909151604
55.8,367.9,CCOC(=O)/C(=C/N(C(C)C)C(=O)OC(C)(C)C)/C1=CC=C(C=C1)Cl,4.5,488.0,25,8,195.391683887,345.0198631981273
86.7,412.5,CCOC(=O)/C(=C\N(C)C)/C1=CN=C(N=C1OC[C@H]2C[C@@H]2C3=NC=C(C=C3)OC)C,2.5,600.0,30,10,237.053509527,390.40024000016
94.6,344.2,CC(C)(C)OC(=O)/C=C/C1=CN=C(C=C1C(=O)/C(=N/N)/Cl)Cl,3.9,486.0,22,6,182.9352901167333,287.5423931463389
90.1,368.4,COC1=CC2=C(C=C1)C(=C(S2)C=O)OC3=CC=C(C=C3)/C=C/C(=O)OC,4.5,514.0,26,7,244.0115111916667,328.0603171096021
93.3,435.5,CC(C)(C)OC(=O)/C=C/C1=CC=CC=C1NCC2=NC3=C(N2)C=C(C=C3)CCC(=O)OC,4.3,660.0,32,11,261.9360935526667,408.86526445592904
81.4,338.4,COC(=O)/C=C/C1=CC=CC=C1NCC2=CC=CC(=C2)CCC(=O)N,2.8,464.0,25,9,201.46400088466663,320.7940387241872
51.6,222.31,CCOC(=O)/C=C/C1=CC=CC=C1SC,3.1,226.0,15,5,132.21226840693333,212.60369489218573
51.0,192.21,CCOC(=O)C=CN=C1CC=CN=C1,0.4,314.0,14,4,121.17302343213332,183.68325276257838
26.3,170.25,CCC(C)CC(=C)C(=O)OCC,3.2,161.0,12,6,86.53124426366666,179.01303350602237
44.8,478.6,CCOC(=O)/C(=C/C1=C(C=C(C=C1)OCC2=CC=CC=C2)OCC3=CC=CC=C3)/CC4=CC=CC=C4,7.4,655.0,36,12,294.56617701133337,472.9545948948691
62.7,433.5,CC(C)(C)OC(=O)/C=C/C1=CC=CC(=N1)/C=C/C(=O)C2=CC=CC=C2N3CCN(CC3)C,3.9,689.0,32,8,280.15631192366664,420.84370590046586
46.5,234.29,CC(C)(C)OC(=O)C=CC1=CC=CC(=C1)CO,2.3,276.0,17,5,128.93855608723334,229.19582194022024
56.5,194.18,CC(=O)C1=CC=C(O1)C=CC(=O)OC,1.5,257.0,14,4,109.59613875506666,176.1999637825447
59.0,381.5,COC(=O)/C=C/C1=CC2=C(C=C1)C(CC2)N(CCO)CCOC3=CC=CC=C3,3.4,503.0,28,10,229.641617191,364.414229997503
39.2,191.23,CCOC(=O)C(=CC1=CN=CC=C1)C,1.9,223.0,14,4,107.59321839776668,187.61812300219
64.5,277.4,COC(=O)C(=CC1CCCC1)C2=CN=C(C=C2)SC,4.0,337.0,19,5,167.73933918466665,260.22040476460694
48.4,193.2,COC1=CC(=NC=C1)C=CC(=O)OC,1.1,215.0,14,4,106.85528853986666,181.20432304946155
57.8,393.5,CCOC(=O)C=CC1=CC2=C(S1)C(=C3CCN(CC3)C)C4=CC=CC=C4CC2,4.5,618.0,28,4,267.66539346400003,372.4386524259916
94.2,314.29,CCOC(=O)C=CC1=CC=C(C=C1)OC2=NC=C(C=C2)[N+](=O)[O-],3.2,427.0,23,6,186.82785919966668,278.169575859361
150.0,537.6,CCOC(=O)C=CC1=C2C(=CS1)NC(=O)N(C2=O)C3=CC(=CC=C3)S(=O)(=O)N4CCCC5=CC=CC=C54,3.6,1030.0,37,7,327.1042152063333,449.4968033896687
76.7,358.8,COC1=CC2=C(C=C1C=CC(=O)OC)NC3=C(C=CC(=C3)Cl)C(=O)N2,3.3,541.0,25,4,230.72172483666668,308.5002453571172
82.1,522.7,CCOC(=O)C=CC1=CC(=C(C=C1)OC)C2=CC3=C(C=C2OCCCCCC(=O)O)C(CCC3(C)C)(C)C,7.8,802.0,38,13,325.17974899666666,502.94697359754366
43.4,390.5,CC1=CC2=C(C=C1C(=O)C3=CC=CC(=C3)C=CC(=O)OC)C(CCC2(C)C)(C)C,7.0,644.0,29,5,248.27131770066669,385.73073203781064
59.1,277.28,CCOC(=O)C(=CC1=C(C(=CC=C1)OC)OC)N=[N+]=[N-],3.5,404.0,20,7,153.66928934303334,248.37383070294334
81.4,276.33,CC(C)C1=C(C=CC(=C1)/C=C(/C(=O)OC)\NC(=O)C)N,2.0,391.0,20,5,170.81842280766668,260.0153488811077
57.3,246.26,CCOC(=O)/C=C/C1=C(N(N=C1)C)C2=COC=C2,1.6,319.0,18,5,143.1937013925333,227.77067561260142
73.7,395.5,CCN1C2=C(C=C(C=C2)/C=C/C(=O)OC)C3=NN(C(=C3C1=O)C)C4CCCCO4,2.8,654.0,29,5,256.6223651920333,359.05329267949713
41.6,350.5,CCOC(=O)/C=C/C1=CC=C(C=C1)N[C@@H]2CCN(C2)CC3=CC=CC=C3,4.3,451.0,26,8,236.00619614566668,345.3626717656348
54.5,391.9,CCOC(=O)/C=C/C1=CC(=C(N=C1)N[C@@H]2CCN(C2)CC3CCCCC3)Cl,5.0,496.0,27,8,242.3919797256667,365.4486905086358
89.0,471.6,CCOC(=O)/C=C/C1=CN=C(C=C1)N([C@@H]2CCN(C2)C(=O)C3CCCCC3)C(=O)OC(C)(C)C,4.4,741.0,34,9,280.2943173963334,445.8912059387417
48.0,451.6,CCCCOCCOC1=CC=C(C=C1)C2=CC(=C(C=C2)N3CCCCC3)/C=C/C(=O)OCC,6.2,566.0,33,13,308.48934478166666,444.95223285363494
29.5,352.3,CCOC(=O)/C=C/C1=C(C=CC(=C1)Br)N2CCC(CC2)C,4.7,364.0,21,5,192.25879965133333,282.5627824569812
65.099,409.5,CCOC(=O)/C=C/C1=C(C=C(C=C1)OCCN2CCCC2=O)OCC3=CC=CC=C3,3.6,572.0,30,11,250.4983017843333,388.4339013706953
54.0,348.4,CCOC(=O)/C=C/C1=C(C=C(C=C1)OCCOC)OC2CCCCC2,4.2,403.0,25,10,211.0758354753333,334.41539919205
80.0,437.5,CCOC(=O)/C=C/C1=C(C=C(C=C1)OCCOC)OCC2=C(OC(=N2)C3=CC=CC=C3)C,4.4,579.0,32,12,270.0124324626667,409.2873571049807
35.5,276.4,CCOC(=O)/C=C/OC1=C(C=CC=C1C(C)C)C(C)C,4.5,304.0,20,7,161.865522533,279.7571677484842
51.6,284.4,CCOC(=O)/C=C/C1=CC=C(C=C1)SC2=CC=CC=C2,5.1,313.0,20,6,197.9616636016667,274.4182823876763
138.0,332.35,CC(=C)C(=O)O.CC(=C)C(=O)OC.CC(=O)CO.C=CC(=O)O,,274.0,23,5,147.77709718,136.0777894868951
63.8,424.6,CCOC(=O)C(=C)C1=CSC(=C1)C2(COC3=C2C=C4C(=C3)C(CCC4(C)C)(C)C)C,7.6,698.0,30,5,245.2317943043333,404.191101734499
103.0,442.5,CC(C)(C)OC(=O)N([C@@H]1CCN(C1)C(=O)C2CCCCC2)C3=CC=CC(=N3)C=CC(=O)[O-],4.3,705.0,32,6,418.7655873096667,409.93448497225563
104.0,348.35,CCON=C(C)C(=NOC1=C(C=CC=N1)C(=C=NOC)C(=O)OC)C,2.6,567.0,25,9,198.858135375,316.5361659482205
61.3,228.63,COC1=NC(=CC(=N1)Cl)C=CC(=O)OC,1.8,248.0,15,4,111.1207286728,194.54979048064916
57.6,291.34,CCOC(=O)C=C(C1CC1)C2=CC(=NC=C2)COCOC,2.3,365.0,21,9,157.51019755066667,277.56704293170344
119.0,433.5,CC(C)OC(=O)/C=C/C(=O)OC(C)C.COC(=O)C=CC1=CC=CC=C1.C=CC(=O)[O-],,421.0,31,9,326.389526225,245.84446540586347
75.6,413.5,CCO/C(=C\C1=CC=C(C=C1)OCC(=NOC)C2=CC(=CC=C2)OC)/C(=O)OCC,5.1,568.0,30,12,260.69857269466667,390.63535478068513
82.5,322.36,CCN1C(=C(C(=O)N(C1=O)CC)/C=C/C(=O)OC)C=NN(C)C,0.8,578.0,23,7,183.157754703,295.49420530050656
58.9,275.34,CCCC(=C(C=NC1=CC=CC=C1C)C(=O)OCC)O,4.0,374.0,20,7,174.71739996903332,268.3990785828241
96.3,389.4,CCOC(=O)/C=C/C1=C2C=CC(=CC3=C(NC4=C3C=C(C=C4)OC)O)C=C2N=N1,3.8,852.0,29,6,398.0331969660001,347.36440475566263
75.0,203.2,COC(=O)/C(=C\NC1=CC=CC=N1)/C#N,1.6,303.0,15,4,124.3666116458,186.55262142619893
38.3,129.16,CCOC(=O)/C=C\NC,1.3,110.0,9,4,65.2328753833,126.4244519909223
31.2,370.2,COC(=O)/C=C/C1=CN(C2=C1C=C(C=C2)Br)CC3=CC=CC=C3,4.6,433.0,23,5,206.25110390366663,293.80033749705825
80.8,381.4,CC1=CC(=C(C=C1)C)S(=O)(=O)/C(=C/NC2=CC(=C(C=C2)F)F)/C(=O)OC,4.4,632.0,26,6,210.46359647666668,320.3714001015113
82.7,291.37,CCOC(=O)/C(=C\NN(C)C)/C1=NC2=CC=CC=C2S1,3.6,373.0,20,6,176.57484001393334,262.59597115793827
64.599,329.3,COC1=CC=C(C=C1)/C=C/C(=O)OCC(=O)NC2=CC=C(C=C2)F,3.2,438.0,24,7,200.2622043596667,297.08289941782584
118.0,368.3,CC(=O)C1=CC=C(C=C1)NC(=O)COC(=O)/C=C/C2=CC=C(C=C2)[N+](=O)[O-],2.6,582.0,27,7,225.098634031,321.84180815735675
42.7,299.79,CC(CN1CCCCC1)OC(=O)/C=C/C2=CC=CO2.Cl,,311.0,20,6,160.91072467613333,263.0817960717092
39.4,325.13,COC(=O)/C=C/C1=CC=C(O1)C2=C(C=C(C=C2)Br)F,3.8,348.0,19,4,196.36639604126665,231.7860664580461
35.5,298.3,C=CCOC(=O)/C=C/C1=CC(=C(C=C1)F)OC2=CC=CC=C2,4.5,388.0,22,7,186.00347264886668,281.86736344746396
35.5,300.3,CCOC(=O)/C=C/C1=CC=C(C=C1)OCC2=CC=C(C=C2)F,4.1,353.0,22,7,183.247871315,284.4717014856831
35.5,346.8,C=CCOC(=O)/C=C/C1=CC(=C(C=C1)OCC2=CC=CC=C2F)Cl,5.0,440.0,24,8,202.8996640643333,315.16337408961067
35.5,391.2,C=CCOC(=O)/C=C/C1=CC(=C(C=C1)OCC2=CC(=CC=C2)F)Br,5.1,440.0,24,8,207.48587403566663,306.1323651000269
35.5,379.2,CCOC(=O)/C=C/C1=CC(=C(C=C1)OCC2=CC=C(C=C2)F)Br,4.8,394.0,23,7,197.4070375743333,292.315617109355
35.5,381.2,C=CCOC(=O)/C=C/C1=CC(=C(C=C1)OCC2=C(C=C(C=C2)F)Cl)Cl,5.7,472.0,25,8,213.1234016233333,333.09640980573613
44.8,421.3,COC1=C(C(=CC(=C1)/C=C/C(=O)OCC=C)Br)OCC2=CC=CC=C2F,5.1,484.0,26,9,215.39401268300003,330.1693338613664
44.8,330.3,CCOC(=O)/C=C/C1=CC(=C(C=C1)OCC2=CC=C(C=C2)F)OC,4.1,404.0,24,8,208.46285101066667,308.2263824060056
44.8,316.3,COC1=C(C=C(C=C1)/C=C/C(=O)OC)OCC2=CC=CC=C2F,3.7,399.0,23,7,185.43860651066663,292.14030511241
35.5,399.6,COC(=O)/C=C/C1=CC(=C(C(=C1)Br)OCC2=CC=C(C=C2)F)Cl,5.1,413.0,23,6,192.9553012306667,294.5595379864565
26.3,283.16,CCCCOC(=O)/C=C/C1=CC=CC=C1Br,4.1,238.0,16,6,140.58912624143332,217.2190697791064
72.4,187.24,CN(C)C(=[N+](C)C)N.C=CC(=O)[O-],,138.0,13,1,85.85863295966665,131.51505851248325
71.1,294.3,CCOC(=O)C=CC1=CC(=C(C=C1)OCC(=O)OC)OC,2.4,365.0,21,9,156.87868292533332,270.29849351635033
58.9,285.7,COC(=O)/C(=C(/CF)\O)/C=NCC1=CC=C(C=C1)Cl,2.8,363.0,19,6,137.951376994,244.43867345171253
95.9,232.19,COC(=O)/C=C/C1=C(C=C(C=C1)[N+](=O)[O-])C#N,1.7,377.0,17,3,129.62469166043334,200.6810794162847
46.6,247.29,CCN(CCOC(=O)C=C)C1=CC=C(C=C1)C=O,2.1,283.0,18,8,144.07063681653332,240.8424531241886
84.5,262.26,C=CC(=O)OCCCN=CC1=CC=C(C=C1)[N+](=O)[O-],2.2,341.0,19,7,146.52651777173332,237.59265468357071
52.6,295.16,C=C(CCl)C(=O)OCCCCOC(=O)C(=C)CCl,2.7,294.0,18,11,127.17306039933334,257.0403817471718
60.4,196.2,CC1(C(=O)CCC1=O)C(=C)C(=O)OC,0.5,311.0,14,3,90.57785454243331,174.63575283661498
48.0,327.8,COC1=CC=C(C=C1)/C=C/C(=O)OCCN2CCOCC2.Cl,,331.0,22,7,179.50826276346666,282.85547235785145
52.6,322.4,COC1=CC=CC(=C1C(=O)C=CC2=CC=CC=C2)/C=C/C(=O)OC,3.9,474.0,24,7,214.1053052663333,309.43357940358607
51.7,340.4,CC(C)(C)OC(=O)/C=C/C1=C(C=C2C(=C1)C=CC=N2)N3CCOCC3,3.2,480.0,25,5,223.591197261,323.35393448673136
48.7,274.31,CC(C)(C)OC(=O)/C=C/C1=C(C=CC2=C1OC=C2)OC,3.6,369.0,20,5,166.82598409763332,259.9133197690585
93.2,235.26,CCOC(=O)/C=C/C1=C2C(=NC=N1)SC=N2,1.7,285.0,16,4,128.79623443210002,199.74924586420107
72.1,269.68,CCOC(=O)/C=C\C1=C(C=C(C=C1)[N+](=O)[O-])CCl,2.8,327.0,18,5,133.4609183051,230.32546941429644
121.0,278.22,COC(=O)C(=C)C1(C2=C(C=CC(=C2)[N+](=O)[O-])NC1=O)O,0.9,485.0,20,3,133.100756281,220.83740627518227
63.1,252.33,CCOC(=O)/C=C/NC1C=CCC(C1C#N)S,2.1,370.0,17,5,132.03928573266668,229.03014177323743
47.6,325.4,CCOC(=O)/C(=C/C1=CC=C(C=C1)OC)/CNCC2=CC=CC=C2,3.4,394.0,24,9,202.05951929333327,320.09732572910224
84.2,346.31,CCOC(=O)C=C(C1=COC=C1COC)P(=O)(OCC)OCC,0.9,439.0,23,11,166.451868287,301.2932434510536
101.0,360.3,CCOC(=O)C=C(C1=C(OC=C1)C(=O)OC)P(=O)(OCC)OCC,1.5,506.0,24,11,171.82011652966665,305.9850298682934
91.9,369.4,COC(=O)/C(=C/C1=CC=C(O1)C2=NC3=C(N2)C=C(C=C3)C#N)/C4=CC=CC=C4,3.9,649.0,28,5,269.93450867266665,335.9136093543854
100.0,404.5,CCCCSCC1=CC(=CO1)C(=CC(=O)OCC)P(=O)(OCC)OCC,3.0,486.0,26,14,209.3647116653333,361.43272919524577
46.5,360.4,CC1=CC(=C(C=C1)C(C)C)OC(=O)C(=C)C(C2=CC3=CC=CC=C3C=C2)O,5.8,526.0,27,6,216.694028715,352.80340989773407
59.0,362.4,CCCCOC(=O)/C=C/C1=C(C=CC(=C1)C)N2C(=O)C3=CC=CC=C3C=N2,4.3,586.0,27,7,240.7129119813333,344.79761462843084
59.0,418.5,CCCCC(CC)COC(=O)/C=C/C1=C(C=CC(=C1)C)N2C(=O)C3=CC=CC=C3C=N2,6.2,659.0,31,10,271.7515997136666,407.7116813727558
75.4,456.5,C1CN(CCC1C2=CC=CC=C2)CC(C3=CC=CC=C3)OC(=O)/C=C/C4=CC=C(C=C4)[N+](=O)[O-],5.8,662.0,34,8,284.2351289663333,432.3175323685919
105.0,341.4,CC1(CC(=O)C(C(=O)C1)C(=C(C#N)C(=O)OC)C2=CC=C(C=C2)O)C,2.6,639.0,25,4,188.708735017,305.51661423565173
116.0,408.4,CCOC(=O)/C(=C/C1=CC=C(O1)C2=NC3=C(N2)C=C(C=C3)C#N)/C4=CC=C(C=C4)C#N,4.0,785.0,31,6,296.73985718700004,371.5582207577493
105.0,388.5,CCOC(=O)C(=CNCCCNC(=O)OC(C)(C)C)C1=NC2=CC=CC=C2N1,3.6,559.0,28,11,223.76997794333337,358.1206204769963
117.0,401.27,CCOC(=O)/C(=C(\C1=CC(=C(C(=C1F)F)F)F)/O)/C=NC2=CNC(=O)NC2=O,1.8,755.0,28,6,185.546978311,300.90629606682313
68.1,325.4,CC1=CC=C(C=C1)/C=C(\COC2=CC=CC=C2/C=N/O)/C(=O)OC,3.8,452.0,24,7,206.03300844333333,306.19139030683897
63.6,266.33,CCCCC1C(=O)C(=C(C1(/C=C/C(=O)OC)O)C)C,1.9,433.0,19,6,144.36797817133333,253.84856182683333
94.1,430.3,CC(C)[C@H](CO)N/C=C(/C(=O)C1=CC(=C(C=C1OC)OC)Br)\C(=O)OC,3.8,510.0,26,10,202.5943389456667,330.5774742193926
77.0,389.4,CC1=C(C=C(C=C1)F)NCC(COC2=C(C=C(C=C2)/C=C/C(=O)OC)OC)O,3.7,503.0,28,10,232.28330181933333,354.257157109249
167.0,432.5,CCOC(=O)/C(=C(\NC1=NC(=C(S1)C(=O)NC2=CC=C(C=C2)OC)C)/SC)/C#N,4.4,670.0,29,9,282.0722069876667,372.5064968710447
65.2,192.21,CCOC(=O)/C=C/C1=CN=C(C=C1)N,1.1,216.0,14,4,120.41185619366668,179.21595416648
95.1,298.74,C=CC(=O)OCCOC(=O)CCS(=O)(=O)CCCl,0.5,384.0,18,11,119.217705531,239.97906754011964
42.1,229.27,CCOC(=O)/C=C/C1=C(NC2=CC=CC=C21)C,3.1,301.0,17,4,149.73029415193332,220.73786288369598
39.2,211.64,CCOC(=O)/C=C/C1=C(N=CC=C1)Cl,2.5,218.0,14,4,115.52308021936666,189.9475204214417
44.8,200.23,CCOC(=O)C=CC1COC(O1)(C)C,1.0,232.0,14,4,94.5911029035,185.8926576454379
47.9,337.4,CCCCOC(=O)/C=C/C1=CC=C(C=C1)N=CC2=CC=C(C=C2)OC,4.7,430.0,25,9,241.02509534466665,334.7371767730927
44.8,312.4,CCOC(=O)C=CC1=CC(=C(C=C1)OCC2=CC=CC=C2)OC,3.8,374.0,23,8,203.676654815,303.365955013406
87.3,223.23,CCOC(=O)/C=C/C1=CN=C(N=C1N)OC,0.8,258.0,16,5,128.69234046126667,198.75297986116314
35.5,268.31,CCOC(=O)/C=C/C1=CC=C(C=C1)OC2=CC=CC=C2,4.5,310.0,20,6,185.6383288016667,262.8430307455743
42.1,201.22,COC(=O)/C=C/C1=CC2=C(C=C1)C=CN2,3.2,262.0,15,3,134.92489799,190.34358527843438
81.4,265.26,CCOC(=CC1=CC=C(C=C1)[N+](=O)[O-])C(=O)OCC,2.9,339.0,19,6,152.92888442166665,237.08745892923824
55.0,202.21,COC(=O)/C=C/C1=CN=C2C(=C1)C=CN2,1.6,265.0,15,3,127.63360341453334,184.5386865541869
72.9,503.6,CC(C)(C)OC(=O)/C=C/C1=CC=C(C=C1)CN(C2=CC=CC(=C2)/C=C/C(=O)OC)C(=O)C3CCCCC3,6.4,812.0,37,11,322.757623635,489.2042051718184
76.8,235.19,C1CC(=O)N(C1=O)OC(=O)/C=C/C2=CC=CO2,0.4,360.0,17,4,129.04365359193332,198.48089243962255
44.1,166.18,CN1C=C(C=N1)/C=C/C(=O)OC,0.5,192.0,12,3,94.9486543148,155.78090906587875
97.8,401.29,CCOC(=O)C(=C(C1=CC(=C(C=C1F)F)F)O)C=NC2=C(C=C(C(=N2)N)F)F,3.5,621.0,28,6,188.6937919593333,308.8972494456443
35.5,170.21,COC(=O)/C=C/C1CCOCC1,1.0,169.0,12,3,87.06003452433333,161.21703264497043
46.5,192.21,COC(=O)/C=C/C1=CC=C(C=C1)CO,1.7,203.0,14,4,117.80246195176666,181.7395941039285
59.2,269.29,CCOC(=O)/C(=C\C1=CC=CN1)/C(=O)C2=CC=CC=C2,2.9,383.0,20,6,171.98545365866667,254.35862634029306
39.2,211.64,CCOC(=O)/C=C/C1=CC(=NC=C1)Cl,2.5,218.0,14,4,114.57225567673332,190.11107755750186
39.2,181.16,COC(=O)/C=C/C1=CN=C(C=C1)F,1.6,206.0,13,3,98.27323428713332,161.7997224301434
66.2,261.279,CCOC(=O)/C=C/C1=CC2=C(C(=C1)OC)N(N=N2)C,1.7,348.0,19,5,159.179496148,236.96198983365014
39.2,242.07,COC(=O)/C=C/C1=NC(=CC=C1)Br,2.2,206.0,13,3,110.05457336823332,165.15572660356193
26.3,154.21,CC1(CCCC1)OC(=O)C=C,2.2,166.0,11,3,76.6394558924,153.73655087050062
44.8,236.26,CCOC(=O)C=CC1=CC(=C(C=C1)OC)OC,2.5,262.0,17,6,145.421598758,226.32912691024055
67.7,354.78,CCOC(=O)/C(=C\N(C)C)/SC1=C(C=C(C=N1)C(F)(F)F)Cl,3.9,419.0,22,6,162.7478692,284.76729038105526
68.8,260.69,COC(=O)/C=C/C1=CC=C(C=C1)S(=O)(=O)Cl,2.6,361.0,16,4,143.18656374383332,210.34785183359244
57.0,349.4,CCC1=NC2=C(N1CC3=CC=C(C=C3)/C=C/C(=O)OC)C(=CC(=N2)C)C,4.2,502.0,26,6,229.550848936,336.9587915424275
39.2,211.64,CCOC(=O)/C=C/C1=C(C=CN=C1)Cl,2.1,218.0,14,4,113.7904671267,189.88967342511492
145.0,476.5,COC1=C(C=C(C=C1)/C=C/C(=O)OCC2=CC=C(C=C2)[N+](=O)[O-])S(=O)(=O)NCC3CCCO3,2.9,783.0,33,10,274.776572279,400.18475048368384
54.5,261.14,CCOC(=O)/C=C/C1=CSC(=C1)Br,3.3,206.0,13,4,117.79663990373332,176.2717658888618
88.4,350.4,CCOC(=O)/C(=C/C1=CC=C(C=C1)OCC(=O)NC2=CC=CC=C2)/C#N,3.3,549.0,26,8,216.43515683733327,326.608526885574
52.1,164.16,COC(=O)C=CC1=CN=CN=C1,0.5,174.0,12,3,91.2497856267,152.0092040298959
97.8,435.7,CCOC(=O)/C(=C(\C1=CC(=C(C(=C1F)Cl)F)F)/O)/C=N/C2=C(C=C(C(=N2)N)F)F,4.1,656.0,29,6,251.268079775,326.7453464643476
108.0,329.23,CCOC(=O)/C(=C/NC1=C(C=C(C=C1)[N+](=O)[O-])C(F)(F)F)/C#N,3.5,533.0,23,5,157.3736154204,257.9370595182972
35.5,184.23,CCOC(=O)C=CC1CCOCC1,1.3,181.0,13,4,95.49337626906669,177.03386755440064
80.6,276.29,CCOC(=O)C(=CNC1=CC(=C(C=C1)OC)OC)C#N,2.7,399.0,20,7,174.93756680843333,254.8186232275824
44.1,242.27,COC(=O)/C=C/C1=CC=C(C=C1)CN2C=CN=C2,1.9,296.0,18,5,146.38413667006668,233.42247372026216
42.4,308.68,CN(C)/C=C(/C1=C(C=C(C=N1)C(F)(F)F)Cl)\C(=O)OC,2.6,385.0,20,4,147.9007583611,248.90304584397575
26.3,283.16,CC(C)(C)OC(=O)C=CC1=CC=C(C=C1)Br,3.9,258.0,16,4,141.69989158243334,216.4203353832058
35.5,282.3,CC1=C(C(=CC=C1)C)OC(=O)/C=C/C2=CC=CC=C2OC,4.4,354.0,21,5,185.49995607066668,278.45612218999554
52.1,178.19,CCOC(=O)C=CC1=CN=CN=C1,0.8,186.0,13,4,92.06755027323334,167.75582873619243
26.3,196.63,COC(=O)C=CC1=CC=CC=C1Cl,2.9,201.0,13,3,106.77814696363336,179.40384633032437
52.3,213.66,COC(=O)/C=C/C1=CC=C(C=C1)N.Cl,,193.0,14,3,124.70825401773334,169.32517877225177
70.3,245.27,CC(C)(C)OC(=O)C(=CC1=CC=C(C=C1)O)C#N,2.8,376.0,18,4,143.1538341604,232.42014733143196
38.3,143.18,CCN/C=C/C(=O)OCC,1.6,121.0,10,5,74.9126957496,142.10937372980317
67.4,183.23,CCOC(=O)/C=C/C1=NC=CS1,1.6,182.0,12,4,103.3966431274,162.79015134931365
64.599,255.31,CCOC(=O)/C=C/C1(CC1)NC(=O)OC(C)(C)C,1.8,351.0,18,7,128.13127757613333,244.39280861297576
86.2,302.28,COC=C(C1=CC=CC=C1OC2=CC(=O)NC=N2)C(=O)OC,1.1,524.0,22,6,156.05558893333333,264.92280563944206
52.3,155.19,CCOC(=O)C=C(C1CC1)N,1.1,183.0,11,4,81.30366194353333,149.92648599954722
46.6,360.63,CCOC(=O)C(=CN(C)C)C(=O)C1=C(C=C(C=C1)Br)Cl,3.7,398.0,20,6,171.74935172533333,265.1409115910018
93.1,260.279,CC(CO)OC(=O)C=C.CC(COC(=O)C=C)O,,218.0,18,8,114.7555565287,161.05101726489974
26.3,212.19,CCOC(=O)/C=C/C1=C(C(=CC=C1)F)F,2.8,241.0,15,4,111.69446775806666,187.34701122870666
52.3,225.67,CCOC(=O)C=CC1=C(C=C(C=C1)Cl)N,2.5,243.0,15,4,131.71919965179998,201.40461546056008
39.2,256.1,CCOC(=O)/C=C/C1=CN=C(C=C1)Br,2.5,218.0,14,4,125.10207737076666,180.93056101889604
26.3,318.4,CCCCCC1=CC=C(C=C1)C#CC2=CC=C(C=C2)OC(=O)C=C,6.7,451.0,24,9,245.03347591733333,329.15139696328964
77.6,351.3,CCOC(=O)/C(=C\C1=CNC2=CC=CC=C21)/P(=O)(OCC)OCC,2.7,497.0,24,9,192.57736496266668,309.8324972844772
56.5,256.25,C1=CC=C(C=C1)C(=O)COC(=O)/C=C/C2=CC=CO2,2.7,342.0,19,6,152.65193110653334,238.15373448770947
48.4,207.23,CCOC(=O)/C=C/C1=NC=C(C=C1)OC,1.5,228.0,15,5,129.7948184108,197.40158167064044
46.5,254.28,COC(=O)/C=C/C1=CC=C(C=C1)C2=CC=C(C=C2)O,3.5,308.0,19,4,189.49513863256664,242.92566245849082
58.6,173.21,CCOC(=O)C=CNC(C)CO,1.0,156.0,12,6,86.61831224593334,162.7963902858258
65.2,226.66,CCOC(=O)/C=C/C1=CN=C(C=C1N)Cl,1.8,246.0,15,4,127.2989952771,196.9245356512844
73.9,414.3,CCOC(=O)/C=C/C1=C(C(=CC=C1)Br)OCCNC(=O)OC(C)(C)C,3.9,461.0,25,10,189.7310517153333,326.30782899812715
39.2,191.23,CCOC(=O)C=CC1=CN=C(C=C1)C,1.9,213.0,14,4,116.3057103541,188.31207975169457
98.1,222.2,COC(=O)C=C(C1=CC(=CC=C1)[N+](=O)[O-])N,1.7,308.0,16,3,117.82267142083332,188.1067482274515
56.5,242.23,C1=COC(=C1)/C=C/C(=O)OC2=CC=C(C=C2)C=O,2.3,316.0,18,5,159.5187043236667,222.09568786155887
38.8,249.3,CN(C)CCOC1=CC=C(C=C1)/C=C/C(=O)OC,2.2,268.0,18,7,156.80406651633334,245.27171729456035
58.9,386.2,COC(=O)/C(=C(/C1=CC(=C(C=C1Cl)Cl)F)\O)/C=NC2=CC=C(C=C2)F,5.2,536.0,25,5,205.964337299,312.94656707100074
92.4,444.5,C[C@H](C#CC(=O)N(C1=CC=CC=C1)C2=CC=CC=C2)OC(=O)/C=C/C3=CCCC(C3)[N+](=O)[O-],4.8,814.0,33,6,273.925115232,414.23034992171773
72.1,304.07,COC(=O)C=CC1=CC(=C(C=C1[N+](=O)[O-])F)Br,2.8,331.0,17,3,121.79070201366666,194.7907783441988
39.2,227.26,CCOC(=O)/C=C/C1=CC=NC2=CC=CC=C12,2.9,288.0,17,4,148.3759831062,219.56984078138208
35.5,248.32,CCCCOC1=CC=C(C=C1)/C=C/C(=O)OCC,4.2,253.0,18,8,161.0837699474,249.17043707637816
74.6,363.3,CCOC(=O)/C(=C/C1=CN(C2=CC=CC=C21)C(=O)C)/P(=O)(C)OCC,2.2,588.0,25,7,212.1999019273333,324.85502550693946
26.3,190.24,CCOC(=O)C=CC1=CC=CC(=C1)C,3.4,208.0,14,4,121.70450620306669,193.34981755407597
26.3,238.28,C=CC(=O)OC1=CC=CC=C1CC2=CC=CC=C2,4.1,279.0,18,5,138.65686385803335,238.95383448400594
35.5,319.58,COC=C(C1=C(C(=CC=C1)Cl)CBr)C(=O)OC,3.1,294.0,17,5,137.87078482866667,227.69304788271788
63.2,296.31,CCOC(=O)C(=C)C1=C(C=CC=C1OCOC)OCOC,2.6,314.0,21,10,150.14089422333333,273.52784031399256
26.3,182.26,CCC1(CCCCC1)OC(=O)C=C,3.2,190.0,13,4,93.93073244613332,184.48060464771632
35.5,285.13,COC(=O)/C=C/C1=CC=C(C=C1)OCCBr,2.9,232.0,16,6,143.6289560305,210.39147108320577
79.6,261.269,CCOC(=O)/C(=C\C1=CC=CC=C1OCCO)/C#N,1.8,369.0,19,7,147.13633183693335,241.24950483930056
44.8,206.19,C=CC(=O)OCC1=CC2=C(C=C1)OCO2,2.2,251.0,15,4,101.88511307756669,184.77218421234306
62.1,234.23,CCOC(=O)/C(=C\NC1=CC=C(C=C1)F)/C#N,2.8,338.0,17,5,141.127921806,212.3344598717478
81.4,237.21,COC(=CC1=CC(=CC=C1)[N+](=O)[O-])C(=O)OC,2.2,320.0,17,4,123.09634945676665,206.08976628945683
71.4,332.25,CCOC(=O)/C(=C\NC1=CC(=CC=C1)OC(C(F)F)(F)F)/C#N,4.3,488.0,23,8,164.55022883076666,267.44692127446217
89.9,247.31,CCOC(=O)/C=C/SCCNC(=O)OCC,1.3,243.0,16,9,115.07461150906666,221.40836615870495
101.0,391.4,CC1=CC=CN2C1=NC(=C(C2=O)/C=C(\C#N)/C(=O)OC)OC3=CC=C(C=C3)OC,2.4,908.0,29,6,244.701971126,350.25550110311104
42.1,201.22,COC(=O)C=CC1=CC=CC2=C1NC=C2,2.5,262.0,15,3,123.19448401043331,189.9527960822611
95.6,526.7,CCOC(=O)/C=C(\NC(=O)NC1=C(C=C(C=C1)Cl)Cl)/NN(C)C2=C(C=C(C=N2)C(F)(F)F)Cl,6.6,716.0,33,8,265.3551597013333,410.5923674021872
76.5,470.8,CCOC(=O)/C(=C/NC1=CC=CC=C1C(F)(F)F)/SC2=C(C=C(C=N2)C(F)(F)F)Cl,6.8,617.0,30,7,219.62900131,358.8464407227857
122.0,424.4,CC1=NC(=NC=C1)SCC2=CC(=O)C(=CO2)OC(=O)/C=C/C3=CC4=C(C=C3)OCO4,3.0,752.0,30,7,252.2029289833333,361.9337612758935
26.3,250.29,C=CC(=O)OCC1C2=CC=CC=C2C3=CC=CC=C13,3.8,327.0,19,4,150.28080457833332,245.06270828542026
26.3,195.05,CCOC(=O)[C@@H](C)CBr,1.7,93.1,9,4,64.47189327983334,126.70113261263904
65.2,178.19,COC(=O)/C=C/C1=C(C=CN=C1)N,0.4,204.0,13,3,103.17307096953334,162.97062898204686
26.3,204.26,CCOC(=O)/C=C/C1=C(C=C(C=C1)C)C,3.3,233.0,15,4,133.75113676276666,208.27889751795837
71.1,366.4,CC1=CC(=O)OC2=C1C=CC(=C2)OC(=O)/C=C/C3=C(C=CC(=C3)OC)OC,3.6,610.0,27,6,243.8575303433333,332.42696645931375
78.9,378.4,CC1=CC(=O)OC2=C1C=CC(=C2C(=O)C)OC(=O)/C=C/C3=CC=C(C=C3)OC,3.3,671.0,28,6,257.12830096466666,342.1246024718158
54.5,168.21,COC(=O)C=CC1=CSC=C1,2.0,166.0,11,3,89.62422121949999,152.23868774058784
48.4,207.23,CCOC(=O)/C=C/C1=CN=C(C=C1)OC,1.8,228.0,15,5,127.60836447276668,197.13270464667232
38.3,267.32,CCOC(=O)C=C(C1=CC=CC=C1)NC2=CC=CC=C2,4.5,326.0,20,6,174.04999970766667,263.50442333609476
39.2,195.19,CCOC(=O)C=CC1=CC(=CN=C1)F,1.6,218.0,14,4,104.18890711326668,177.64224596749068
72.1,283.71,CC(C)(C)OC(=O)/C=C/C1=CC(=C(C=C1)Cl)[N+](=O)[O-],3.6,370.0,19,4,156.45212585800002,246.2885395872445
26.3,218.29,CCOC(=O)C=CC1=CC=C(C=C1)C(C)C,4.1,235.0,16,5,140.155887373,224.54231996606458
46.5,257.079,COC(=O)/C=C/C1=CC(=C(C=C1)O)Br,2.5,227.0,14,3,123.7931451841,174.99548852980237
52.6,310.3,CCOC(=O)C=CC(=O)C1=CC=C(C=C1)OC2=CC=C(C=C2)C,4.0,413.0,23,7,189.7059162383333,297.09702756789227
26.3,166.22,C=CC(=O)OCCCC=C1CC1,2.0,198.0,12,6,88.91490225693333,172.3038564712995
61.6,195.64,CCOC(=CC(=O)OCC)N.Cl,,154.0,12,5,82.7560336104,150.0096373784521
46.5,271.11,CCOC(=O)/C=C/C1=CC(=C(C=C1)O)Br,3.7,240.0,15,4,131.95685855756668,190.68455800080847
55.8,222.24,COC1=CC=CC(=C1)C(C(=C)C(=O)OC)O,1.5,262.0,16,5,111.7203993832,206.7571016499639
52.6,375.2,CCOC(=O)C=CC(=O)C1=CC=C(C=C1)OC2=CC=C(C=C2)Br,4.3,419.0,23,7,194.692847358,289.99591335476845
55.6,224.26,CCOC(=O)C(=CN(C)C)C1=CC(=NO1)C,1.4,276.0,16,5,122.36026929913332,210.51490391406668
72.1,255.65,CCOC(=O)C=CC1=C(C=CC(=C1)[N+](=O)[O-])Cl,2.6,313.0,17,4,131.10909102766666,215.4621289722077
65.099,386.24,CCOC(=O)C(=CN(C)C)C(=O)C1=CC(=C(C=C1OC)OC)Br,3.0,452.0,23,8,184.91845268,297.21667867044937
29.5,321.4,CN1C2CCC1CC(C2)OC(=O)C(=C)C3=CC=CC4=CC=CC=C43,4.8,488.0,24,4,187.92888608766663,309.8136775661229
26.3,753.2,CC(=CCCC(=CCCC(=CCCC(=CCCC(=CCCC(=CCCC(=CCCC(=CCCC(=CCCC(=CCOC(=O)C=C)C)C)C)C)C)C)C)C)C)C,18.9,1420.0,55,31,483.6058706213333,830.406234234466
108.0,497.4,C1=CC=C(C=C1)OC2=C(OC3=C(C2=O)C=CC(=C3)OC(=O)/C=C/C4=CC=C(C=C4)[N+](=O)[O-])C(F)(F)F,5.8,896.0,36,6,296.0811111792,404.8414754552592
26.3,279.5,CCOC(=O)/C(=C/C1=C(C=CC=C1Cl)Cl)/Cl,3.8,268.0,16,4,133.023279044,229.72715661831305
52.6,240.29,CC1([C@@H]([C@H]1C(=C)C(=O)OC)CCC(=O)OC)C,2.2,343.0,17,7,118.93373792196668,233.05550650864143
53.4,334.4,COC1=CC=C(C=C1)C2=NN(C=C2/C=C\C(=O)OC)C3=CC=CC=C3,3.8,454.0,25,6,233.46224800413333,317.34451517201904
170.0,433.4,CCC(C(=O)NC1=CC=C(C=C1)S(=O)(=O)N)OC(=O)/C=C/C2=CC=C(C=C2)[N+](=O)[O-],2.4,741.0,30,8,245.85285959166663,355.1594318939005
180.0,455.4,C1=CC(=C(C=C1/C=C/C(=O)O[C@H]2C(=O)NC(=O)[C@@H]2OC(=O)/C=C/C3=CC(=C(C=C3)O)O)O)O,1.8,758.0,33,8,268.7618218576667,368.67744283213364
163.0,441.4,C1[C@@H]([C@H](C(=O)N1)OC(=O)/C=C/C2=CC(=C(C=C2)O)O)OC(=O)/C=C/C3=CC(=C(C=C3)O)O,2.0,752.0,32,8,261.08990372499994,364.9530229004183
225.0,594.6,C1=CC(=CC=C1COC(=O)/C=C/C2=CC=C(C=C2)O[C@H]3[C@@H]([C@H]([C@@H]([C@H](O3)CO)O)O)O)O[C@H]4[C@@H]([C@H]([C@@H]([C@H](O4)CO)O)O)O,-0.6,858.0,42,11,308.83624510333334,478.13742174800916
284.0,754.7,C[C@H]1[C@@H]([C@H]([C@H]([C@@H](O1)O[C@H]2[C@@H](O[C@H]([C@@H]([C@@H]2O)O)O[C@H]3[C@@H]([C@H](O[C@H]([C@@H]3O)OCCC4=CC=C(C=C4)O)COC(=O)/C=C/C5=CC(=C(C=C5)O)O)O)C)O)O)O,-1.2,1170.0,53,13,359.746099778,603.9049398716562
67.8,260.22,COC1=CC(=CC(=C1OC)OC)/C=C/C(=O)[O-].[Na+],,268.0,18,5,152.778550576,214.71965320241503
63.7,245.23,C=CC(=O)OCCN1C(=O)C2=CC=CC=C2C1=O,1.6,367.0,18,5,122.07840391183332,219.19800426204674
85.0,222.2,CCOC(=O)C(=C)C1=C(C=CC=N1)[N+](=O)[O-],1.5,298.0,16,4,107.72869952336664,192.35704286426667
55.0,259.73,C[N+](C)(C)CCOC(=O)/C=C/C1=CN=CN1.[Cl-],,258.0,17,6,129.77572009723335,220.09970652568208
72.1,300.1,CCOC(=O)/C=C/C1=C(C=C(C=C1)Br)[N+](=O)[O-],3.1,313.0,17,4,140.37784153243334,205.5578904396753
39.2,195.19,CCOC(=O)/C=C/C1=C(C=CC=N1)F,1.6,218.0,14,4,109.3033667303,177.86609547991964
39.2,195.19,CCOC(=O)/C=C/C1=C(N=CC=C1)F,1.9,218.0,14,4,107.6012710779,177.57040375323788
56.0,241.29,C[N+](C)(C)CCOC(=O)/C=C/C1=CN=CN1.[OH-],,258.0,17,6,124.82261549836666,215.51196270722056
26.3,168.23,CC1(CCCCC1)OC(=O)C=C,2.7,178.0,12,3,85.71691288046667,168.8199654747823
44.1,180.2,CCOC(=O)/C=C/C1=CC=NN1C,0.9,204.0,13,4,103.1833103956,171.75510427115546
55.8,284.31,COC(=O)/C=C/C1=CC(=C(C=C1)OCC2=CC=CC=C2)O,3.3,347.0,21,6,178.9755168516667,267.71438935058313
52.6,220.65,C=CC(=O)OCCCCOC(=O)CCl,1.9,203.0,14,9,92.73851148826668,193.92300358596754
54.5,182.24,CC1=CC=C(S1)/C=C/C(=O)OC,2.3,189.0,12,3,113.41262662513331,167.82638267565574
39.2,246.09,CCOC(=O)/C=C/C1=C(N=C(C=C1)Cl)Cl,3.4,246.0,15,4,129.30923746753334,207.96584084398103
26.3,170.25,CC(C)(C)C(C)(C)OC(=O)C=C,3.0,185.0,12,4,87.5949183117,178.75793336820752
87.4,262.33,CCOC(=O)C(=C(NC1=CC=CC=C1)SC)C#N,3.5,364.0,18,6,157.0712489546,242.05792126717316
65.099,285.34,CC1(N([C@H](CO1)/C=C\C(=O)OC)C(=O)OC(C)(C)C)C,1.6,408.0,20,5,135.3181438833333,265.31797387306045
90.6,267.23,COCOC1=C(C=C(C=C1)/C=C/C(=O)OC)[N+](=O)[O-],2.0,338.0,19,6,147.2556915164,229.58754314395864
26.3,176.21,CC1=CC(=CC=C1)C=CC(=O)OC,3.0,196.0,13,3,102.50366174856669,177.15003394034756
68.6,259.26,CCOC(=O)C(=CC1=CC2=C(C=C1)OCCO2)C#N,2.3,409.0,19,4,154.88097596550003,234.99757086881644
44.8,276.33,COC1=C(C=C(C=C1)C=CC(=O)OC)OC2CCCC2,3.4,333.0,20,6,159.58587367066667,263.83441418132713
52.6,144.12,COC(=O)COC(=O)C=C,0.6,150.0,10,5,58.579802010166674,128.74054137682901
56.5,180.16,COC(=O)C=CC1=CC=C(O1)C=O,1.3,222.0,13,4,96.43655767953334,160.85281613745406
26.3,279.03,C=CC(=O)OCCC(C(F)(F)Br)(F)F,3.3,230.0,14,6,73.04863698876666,161.0462399200612
39.2,191.23,CCOC(=O)/C(=C/C1=CN=CC=C1)/C,1.9,223.0,14,4,114.42339470366666,187.7890302614155
79.2,322.26,CN1C(=N/C(=C/C2=CC(=C(C(=C2)F)O)F)/C1=O)/C=C\C(=O)OC,1.4,576.0,23,4,215.383884339,267.0120988671404
29.5,209.22,CN(C)/C=C/C(=O)OC1=CC=C(C=C1)F,2.1,233.0,15,4,117.46341986386666,195.40989951134327
76.1,316.4,COC(=O)/C=C/C1=C(C2=CC=CC=C2C1(C#N)C3=CC=CC=C3)N,2.5,606.0,24,4,211.615300486,298.90954595710866
42.4,364.4,CCOC(=O)/C=C/C1=CC=C(C=C1)C2=NC(=CC(=C2)C(F)(F)F)N(C)C,4.5,486.0,26,6,228.24891716073333,324.0966914374008
42.4,364.4,CCOC(=O)/C=C/C1=CC(=CC=C1)C2=NC(=CC(=C2)C(F)(F)F)N(C)C,4.5,494.0,26,6,213.22593289200003,324.2742359023823
52.6,324.4,C=CC(=O)OCCCCOC1=CC=C(C=C1)C(=O)C2=CC=CC=C2,4.4,404.0,24,10,187.913745373,313.8082875954721
105.0,276.31,COC(=O)/C(=C(/NC(=O)C1=CC=CC=C1)\SC)/C#N,2.4,430.0,19,5,152.93206579233333,245.4191332408048
35.5,256.3,CCOC(=O)/C=C/C1=CC=C(C2=CC=CC=C12)OC,3.8,324.0,19,5,172.417325816,248.23002377585436
63.2,336.2,CCOC(=O)/C(=C/C1=CC=C(O1)C2=CC(=C(C=C2)Cl)Cl)/C#N,4.5,485.0,22,5,213.50782986066665,288.42913630262535
67.4,225.31,CC(C)(C)OC(=O)C(=C)CC1=CSC=N1,2.7,258.0,15,5,108.20082042373332,209.47493842898788
50.1,125.13,COC(=O)C(=C)CC#N,0.4,175.0,9,3,55.21465319893334,120.14328051899474
161.0,447.4,COC1=C(C=CC(=C1)/C=C/C(=O)OC[C@H]2[C@@H]([C@H]([C@@H](O2)OC3=CC=C(C=C3)[N+](=O)[O-])O)O)O,1.9,660.0,32,8,243.06945168066667,366.83998984375
26.3,408.7,CCCCCCCCCCCCC(CCCCCCCCCC)COC(=O)C=C,12.5,350.0,29,24,230.83849928566667,447.3985499076058
38.3,239.27,C=CC(=O)OC1=CC=CC(=C1)NC2=CC=CC=C2,3.8,284.0,18,5,152.34158330163334,232.95569852732672
172.0,442.4,CC(=O)OCC(COC(=O)/C=C/C1=CC=C(C=C1)O)OC2C(C(C(C(O2)CO)O)O)O,-0.5,602.0,31,11,211.554813451,361.4293417117331
26.3,228.65,COC(=O)/C(=C/C1=CC=C(C=C1)F)/CCl,2.7,245.0,15,4,119.35160140633332,200.15841900164202
102.0,240.15,C=CC(=O)OCCOCCOP(=O)(O)O,-1.2,246.0,15,9,87.6524211345,180.82724288609768
114.0,276.2,COC(=O)/C(=C\C1=CC2=C(C=C1[N+](=O)[O-])OCO2)/C#N,1.8,488.0,20,3,144.58456826953332,222.94662359494788
35.5,170.21,C=CC(=O)OCCCCOC=C,2.4,152.0,12,8,81.36878064693333,170.45085774337034
55.4,185.22,CC(C)C(=O)NCCOC(=O)C=C,1.1,199.0,13,6,84.66535941970001,177.0167584159371
80.3,297.31,COC(=O)C(=CNC1=CC=CC=N1)NC(=O)C2=CC=CC=C2,2.8,417.0,22,6,195.9620718513333,272.9960057466
90.1,318.33,CCOC(=O)/C(=C\C1=CC=CS1)/P(=O)(OCC)OCC,2.3,386.0,20,9,170.90095171500002,272.43817905116936
26.3,324.5,CCCCCCCCC(CCCCCCCC)COC(=O)C=C,9.3,257.0,23,18,179.7742023973333,352.37247109408906
85.7,326.35,CCOC(=O)/C(=C/NC1=C(N(N(C1=O)C2=CC=CC=C2)C)C)/C#N,3.0,623.0,24,6,189.529937026,298.5198553414311
109.0,370.4,CCOP(=O)(/C(=C/N1C2=CC=CC=C2NC1=S)/C(=O)OC)OCC,1.4,558.0,24,8,197.1847014683333,308.5450039188945
119.0,358.35,CCOP(=O)(/C(=C/NC(=S)C1=CN=CC=C1)/C(=O)OC)OCC,1.3,488.0,23,9,197.977994159,302.6947277904311
115.0,237.24,COC(=O)/C(=C/N1C=CC(=O)NC1=S)/C#N,-0.3,458.0,16,3,127.68154115696666,193.5842892981468
76.2,356.4,CCOCN1C2=CC=CC=C2C(=O)N3C=C(CC3C1=O)/C=C/C(=O)OC,1.2,642.0,26,6,223.8712805273333,320.2249884705525
75.4,292.33,CCN(CC)/C(=C\C1=CC=C(C=C1)[N+](=O)[O-])/C(=O)OCC,3.5,378.0,21,7,180.7918261929333,272.3361024119089
75.7,224.21,CCOC(=O)/C=C/N1C=C(C(=O)NC1=O)C,-0.1,384.0,16,4,123.79567898056666,193.59661495018673
54.0,382.4,COC(=O)/C=C/C1CC(OC(O1)C2=CC=CC=C2)CCCOC3=CC=CC=C3,4.3,479.0,28,9,205.75792064866667,363.4883687408059
92.9,301.3,CN1C(=C(C(=O)N(C1=O)C)/C=C/C(=O)OC2=CC=CC=C2)N,0.8,547.0,22,4,177.306651748,264.14530337151183
68.7,234.21,CN1C2=C(C=C(C=N2)/C=C/C(=O)OC)OC1=O,0.9,355.0,17,3,140.16839176506667,201.3844600487368
81.6,325.32,COC(=O)/C=C/C1=CC2=C(N=C1)N(C(=O)O2)CCC3=CC=CC=N3,1.8,496.0,24,6,193.0620118093333,289.3267272074906
61.8,416.5,CCOC(=O)/C(=C\C1=CC(=C(C=C1)OCC2=CC=CC=C2)OC)/C(=O)C3=CC=CC=C3,5.2,601.0,31,10,265.2687402433333,397.55453519221095
26.3,202.25,COC(=O)/C=C/C1=CC2=C(CCC2)C=C1,3.0,257.0,15,3,133.68937644996666,199.10360787290682
72.8,326.3,CCOC(=O)/C(=C\C1=CC(=C(C=C1)O)OC)/C(=O)C2=CC=CC=C2,3.4,464.0,24,7,201.40739002466668,301.36318051124437
103.0,382.5,CCOC(=O)/C(=C(\C1=CC=CC=C1)/O)/C=N/C(=S)NC2=C(C=CC=C2C)C,5.0,572.0,27,6,254.92820712466664,354.1592227418201
96.5,302.4,C1=CC(=CN=C1)C(=O)NCCOC(=O)/C=C/C2=CC=CS2,1.8,387.0,21,7,169.25706185333334,269.3679856930441
29.5,183.25,C=CC(=O)OCCN1CCCCC1,1.6,174.0,13,5,90.84301574363332,180.76252429525053
78.9,298.33,CCOC(=O)C(CC=C)(CC(=C)C(=O)OC)C(=O)OCC,2.6,406.0,21,12,136.69307339866666,279.0848947928937
50.1,237.2,CCOC(=O)/C(=C/C1=CC(=CC(=C1)F)F)/C#N,2.6,349.0,17,4,124.83475716573332,206.64428032019822
50.1,187.19,COC(=O)C=CC1=CC=CC=C1C#N,1.9,274.0,14,3,103.52461267923331,180.49600060537247
59.4,193.2,CCOC(=O)C=CC1=NC=C(C=C1)O,1.2,215.0,14,4,103.2377559227,177.47890156941762
47.9,477.7,CCCCCCCCCCOC1=CC=C(C=C1)C=NC2=CC=C(C=C2)/C=C/C(=O)OC[C@@H](C)CC,9.7,586.0,35,18,363.4146255966666,490.8427238604815
46.5,192.21,CCOC(=O)C=CC1=CC(=CC=C1)O,2.5,211.0,14,4,104.43782066556666,182.3660972388192
29.5,260.11,CN(C)C=CC(=O)OC1=C(C=C(C=C1)Cl)Cl,3.0,269.0,16,4,130.4218784032,225.89639638079313
26.3,380.6,CCCCCCCCCCCCCCCCCC(C)CC(=C)C(=O)OCC,11.3,348.0,27,21,213.36004234966663,414.928823648576
69.9,264.67,COC(=O)/C=C/C1=C(C=CC(=C1)Cl)N2C=NN=N2,2.1,326.0,18,4,144.4146453635,222.38831036432475
39.2,163.17,COC(=O)C=CC1=CC=CC=N1,1.2,177.0,12,3,96.26028996766668,156.87159023823185
155.0,376.4,CC(C)C1=NN=C(S1)NC(=O)COC(=O)/C=C/C2=CC=C(C=C2)[N+](=O)[O-],2.9,543.0,26,7,210.31651420666665,314.31208370974235
82.4,331.37,CCOC(=O)/C(=C/N(C)C)/C1=NN(N=N1)CC2=CC=C(C=C2)OC,2.3,435.0,24,8,181.566749661,304.67742246905055
103.0,239.3,CCOC(=O)C=CC1=CN=C(N=C1N)SC,1.3,260.0,16,5,130.9662380225,209.3672105543346
95.6,457.8,CCOC(=O)/C=C(\NC(=O)NC1=CC=CC=C1)/NN(C)C2=C(C=C(C=N2)C(F)(F)F)Cl,5.4,644.0,31,8,238.759433789,375.4251686342405
122.0,410.4,C1OC2=C(O1)C=C(C=C2)/C=C/C(=O)OC3=COC(=CC3=O)CSC4=NC=CC=N4,2.6,716.0,29,7,242.87830723533327,346.16077317182163
85.8,486.8,CCOC(=O)/C(=C/NC1=CC=C(C=C1)OC(F)(F)F)/SC2=C(C=C(C=N2)C(F)(F)F)Cl,7.1,626.0,31,8,225.18808816600003,368.3738229864394
55.0,166.18,CC1=NC=C(N1)/C=C/C(=O)OC,0.8,192.0,12,3,98.98916768443333,153.22149518199117
61.8,362.4,CCOP(=O)(CCCCCCCCCCCOC(=O)C=C)OCC,4.8,360.0,24,18,175.22445871833335,347.5714001167665
138.0,804.1,CCCCCCCCCCCCCCCC(=O)OC[C@H](COP(=O)([O-])OCC[N+](C)(C)C)OC(=O)CCCCCCCCCCCCCCCOC(=O)C=C,13.0,994.0,55,44,412.64382270133336,
46.5,256.24,CC(C)(C)OC(=O)/C=C/C1=CC(=C(C(=C1)F)O)F,3.0,311.0,18,4,139.50900626236668,223.37255659007212
35.5,271.11,CCOC(=O)C=COC1=CC=CC=C1Br,2.9,228.0,15,5,124.32615798186669,194.5456432966222
44.1,166.18,CN1C=C(C=N1)C=CC(=O)OC,0.5,192.0,12,3,90.26977980926668,155.90438818602848
44.1,242.27,COC(=O)C=CC1=CC=C(C=C1)CN2C=CN=C2,1.9,296.0,18,5,143.82418325866664,233.39778950972098
103.0,237.28,CCOC(=O)/C(=C/NC1=NC(=CS1)C)/C#N,2.5,334.0,16,5,127.54239244233332,208.09628734659233
80.3,372.3,CCOC(=O)/C(=C\C1=C(C=CC(=C1)OC)OC)/P(=O)(OCC)OCC,2.6,481.0,25,11,198.07650746,331.0546653551182
77.9,218.27,CCOC(=O)/C=C/SCCC(=O)OC,1.1,213.0,14,8,102.72836209086664,195.67763498901488
65.2,192.21,CCOC(=O)C=CC1=C(N=CC=C1)N,1.1,216.0,14,4,114.03835836803334,178.8300208260397
81.9,201.2,C1=CC=C2C(=C1)C(=CN2)/C=C(/C(=O)[O-])\N,2.4,283.0,15,1,154.1336811897,176.5695495987209
94.0,508.6,CCOC(=O)/C(=C/C1=CC=C(C=C1)N2CCN(CC2)CCN3C(=O)C4=CC=CC5=C4C(=CC=C5)C3=O)/C#N,4.4,940.0,38,8,329.28317577033334,470.29732494481203
128.0,378.4,CC(C)CC(C(=O)OC)NC(=O)COC(=O)/C=C/C1=CC=C(C=C1)[N+](=O)[O-],3.0,561.0,27,10,205.701214306,332.68952950827867
109.0,346.72,C1=CC(=CC=C1C2=CC=C(O2)/C=C(\C#N)/C(=O)OCCCl)[N+](=O)[O-],3.3,542.0,24,6,236.74048738323336,290.561679260081
95.6,525.8,CCOC(=O)/C=C(/NC(=O)NC1=CC=CC(=C1)C(F)(F)F)\NN(C)C2=C(C=C(C=N2)C(F)(F)F)Cl,6.3,767.0,35,8,241.2936343096667,406.19431804732955
44.8,352.4,CC(=CCOC1=C(C=CC(=C1)OCC2=CC=CC=C2)/C=C/C(=O)OC)C,5.1,473.0,26,9,222.00172756766665,347.34335933563403
76.1,312.37,CCNC1=NC(=NC=C1/C=C/C(=O)OCC)NC2=CC=CC=C2,3.4,383.0,23,8,221.88254144496668,295.7715535523838
39.4,208.25,CC1=CC=C(O1)/C=C/C(=O)OC(C)(C)C,2.7,250.0,15,4,128.6167243283,204.24503052755728
52.6,234.25,CCOC(=O)/C=C/C1=CC=CC=C1OC(=O)C,2.3,296.0,17,6,134.59288256413333,221.55227715630085
26.3,176.21,CC1=CC=CC=C1C=CC(=O)OC,2.7,196.0,13,3,101.81946585846669,176.88410823157767
67.4,364.3,COC(=O)C(=CNC1=CC=CC(=C1)C(F)(F)F)NC(=O)C2=CC=CC=C2,4.4,528.0,26,6,213.1291705635667,309.0875669987972
52.6,350.4,CCOC(=O)/C=C/C1=CC=CC=C1C2=CC=CC=C2/C=C/C(=O)OCC,4.8,462.0,26,9,227.801308252,342.61500941410594
55.0,218.25,CC(C)OC(=O)/C(=C\C1=CC=CN1C)/C#N,1.7,338.0,16,4,124.7904751914,211.8173079612298
35.5,282.3,CCOC(=O)C=CC1=CC=C(C=C1)OCC2=CC=CC=C2,4.5,323.0,21,7,175.6067285751,279.091843937396
43.4,273.11,CC(=O)C(=CC1=C(C(=CC=C1)Cl)Cl)C(=O)OC,3.1,339.0,17,4,137.84265244603333,230.35056262190741
38.8,291.4,CC(C)(C)N(C)CCOC(=O)/C=C/C1=CC=C(C=C1)OC,3.2,338.0,21,8,179.66246684723333,292.217387729515
55.4,332.2,COC(=O)/C(=C\C1CC1)/NC(=O)C2=CC(=C(C=C2Cl)Cl)F,3.9,454.0,21,5,170.74796447363337,273.591253435813
86.8,477.9,CCOC(=O)/C=C(\NC(=O)NC(C)(C)C)/N1CCN(CC1)C2=C(C=C(C=N2)C(F)(F)F)Cl,4.0,691.0,32,7,226.410049381,401.20413061243624
42.4,220.27,CCOC(=O)C(=CN(C)C)C1=CN=CC=C1,1.4,262.0,16,5,126.78604488,216.23547621575844
85.0,372.75,CN(C)/C=C(\C(=O)OC)/S(=O)(=O)C1=C(C=C(C=N1)C(F)(F)F)Cl,2.3,572.0,23,5,157.45972051533334,279.7116017938287
39.2,197.62,COC(=O)/C=C/C1=CC(=NC=C1)Cl,2.1,206.0,13,3,104.3847097538,174.8679973211995
71.8,300.71,CCN=CC(=C(C1=CC(=C(N=C1)Cl)F)O)C(=O)OCC,2.7,401.0,20,6,156.16784022133334,254.7052283810265
46.5,271.11,CCOC(=O)C=CC1=C(C(=CC=C1)Br)O,2.9,240.0,15,4,119.59221636833333,190.6401849966927
52.6,375.2,COC1=CC=C(C=C1)/C=C/C(=O)OCC(=O)C2=CC=C(C=C2)Br,4.3,419.0,23,7,201.27746429566665,290.72177727796753
84.9,248.28,CCOC(=O)/C(=C(/C1=CC=CC=C1)\O)/C(=NC)N,1.8,355.0,18,5,137.68232244303334,228.03953629011244
61.8,346.74,CCOC(=O)/C(=C/C1=CC(=CC=C1)Cl)/P(=O)(OCC)OCC,3.2,428.0,22,9,173.77805258133333,300.5169592637077
43.4,298.3,CCOC(=O)/C(=C\C1=CC=C(C=C1)F)/C(=O)C2=CC=CC=C2,4.2,416.0,22,6,175.7788586843333,277.1707814796075
29.5,315.33,CCN(CC)/C(=C/C1=CC=C(C=C1)C(F)(F)F)/C(=O)OCC,4.5,381.0,22,7,169.23083904893335,282.91770328236277
48.4,207.23,CCOC(=O)C=CC1=NC=C(C=C1)OC,1.5,228.0,15,5,116.18274109383331,197.1203016399894
109.0,326.3,CCOC(=O)/C(=C/C1=CC=C(O1)C2=CC(=C(C=C2)C)[N+](=O)[O-])/C#N,3.5,559.0,24,5,214.71069316466665,288.58161686343277
72.9,337.3,COC(=O)/C(=C\OCC1=CC=CC=C1)/N2C(=O)C3=CC=CC=C3C2=O,2.6,540.0,25,6,191.77489348833333,304.6053619132272
61.6,314.17,CCOC(=O)C=CC1=C(C(=CC=C1)Br)OCCN,2.3,283.0,18,7,152.22932977233333,232.1115394134741
87.5,346.3,CCOC(=O)/C(=C\C1=CC=C(C=C1)N2C(=O)C3=CC=CC=C3C2=O)/C#N,3.0,643.0,26,5,224.85809456133333,314.3404753377075
38.8,347.4,CC1(C2=CC=CC=C2N(C13C=CC4=C(O3)C=CC(=C4)OC(=O)C=C)C)C,5.3,613.0,26,3,221.779992601,331.50583008854846
52.3,227.69,COC(=O)/C=C/C1=CC=C(C=C1)CN.Cl,,205.0,15,4,126.12887039240002,185.20893842375486
61.2,236.27,CC(C)(C)OC(=O)/C=C/C1=C(C=NN1C)C=O,1.0,320.0,17,5,133.87146136453333,221.63400844930558
74.4,354.4,C/C=C/1\CNC(CC1C(=C)C(=O)OC)C2=C(C3=CC=CC=C3N2)CCO,2.2,560.0,26,6,204.67982526333333,332.21488370587
59.3,217.22,COC1=CC=CC=C1C=C(C#N)C(=O)OC,2.4,326.0,16,4,125.77863986890002,204.86298285887696
76.9,220.4,CCOC(=O)C=C(SCC)SCC,2.7,171.0,13,7,112.30916675996666,202.97108419986594
73.9,414.3,CCOC(=O)C=CC1=C(C(=CC=C1)Br)OCCNC(=O)OC(C)(C)C,3.9,461.0,25,10,185.52200741466663,325.98857705776675
53.1,166.18,CCOC(=O)C=CN1CC1C#N,0.4,251.0,12,4,82.12706119266666,159.30329775048585
65.2,271.11,CCOC(=O)C=CC1=C(N=CC(=C1)Br)N,1.8,246.0,15,4,118.6941311305,187.28719064670793
76.9,276.5,CCCCCCCC(=C(SC)SC)C(=O)OC,5.1,244.0,17,10,146.28297508433332,264.938822125452
26.3,232.32,CCOC(=O)C=CC1=CC=C(C=C1)C(C)(C)C,4.7,265.0,17,5,148.69908813766668,239.69915440814225
64.599,159.14,COC(=O)C(=C)NC(=O)OC,0.5,187.0,11,4,66.49191748816666,138.8523123705097
61.8,250.23,CCOC(=O)C(=C)CP(=O)(OCC)OCC,0.9,277.0,16,9,117.33543630126668,221.6386828475292
46.5,276.4,CC(C)(C)C1=CC(=CC(=C1O)C(C)(C)C)OC(=O)C=C,5.3,335.0,20,5,159.13160948799998,275.467875719859
80.8,247.31,CS(=O)(=O)NC1CCC(CC1)OC(=O)C=C,1.1,350.0,16,5,116.5408927737,209.32187715609882
78.0,222.26,CCOC=C(C(=O)OCC)S(=O)(=O)C,0.5,309.0,14,6,100.22111994906668,187.42194762259984
26.3,288.08,COC(=O)C=CC1=CC=CC=C1I,2.9,201.0,13,3,117.94036118946669,170.80384850784836
85.6,426.5,CC1=CC=C(C=C1)CNC(=O)C2=CC(=CC(=C2)C3=CN4C(=NC=N4)C=C3)/C=C/C(=O)OC,3.8,676.0,32,7,285.351944754,396.05372633248385
52.6,296.3,CCOC(=O)C=CC(=O)C1=CC=C(C=C1)OC2=CC=CC=C2,3.6,388.0,22,7,186.90968620433333,281.50263621900297
52.6,282.29,COC(=O)C=CC(=O)C1=CC=C(C=C1)OC2=CC=CC=C2,3.4,374.0,21,6,173.66555568666664,266.5827639242561
81.4,265.26,CCOC(=CC1=CC(=CC=C1)[N+](=O)[O-])C(=O)OCC,2.8,347.0,19,6,142.58877701933335,237.10452020259743
146.0,446.4,C1=CC=C(C=C1)CCOC(=O)/C=C/C2=CC(=C(C=C2)O[C@H]3[C@@H]([C@H]([C@@H]([C@H](O3)CO)O)O)O)O,1.6,606.0,32,9,241.12210103733327,379.4182538333198
55.4,269.29,CC(=O)NC(=CC1=CC2=CC=CC=C2C=C1)C(=O)OC,2.8,403.0,20,4,181.66655699366663,252.17699438248667
87.6,277.2,CCOC(=O)/C(=C(\C(F)(F)F)/O)/C=N/C1=CC=NN1,1.9,393.0,19,5,128.19023680253335,212.17401910492347
26.3,240.38,CCCCC(CC)CCC(CC)OC(=O)C=C,5.9,211.0,17,11,128.88071525200002,257.96680064430404
26.3,246.34,CC1=CCC(CC2C1CC=C2C)C(=C)C(=O)OC,3.0,428.0,18,3,138.96617861333334,247.93580564539184
52.6,338.4,CCCCCOC(=O)C=CC(=O)C1=CC=C(C=C1)OC2=CC=CC=C2,5.0,429.0,25,10,212.46802380766667,328.75461343120696
108.0,371.4,COC1=CC(=CC2=C1OC(C2CO)C3=CC(=C(C=C3)O)OC)/C=C/C(=O)[O-],2.8,531.0,27,5,347.6480838003333,322.22207770107065
61.8,326.3,CCOC(=O)C=CC(=O)C1=CC=C(C=C1)OC2=CC=C(C=C2)OC,3.6,429.0,24,8,191.50607400566665,306.069621195201
52.6,330.8,CCOC(=O)C=CC(=O)C1=CC=C(C=C1)OC2=CC=CC=C2Cl,4.2,427.0,23,7,185.96179703366667,298.6800822062894
81.4,279.29,CCC(=CC1=CC(=C(C=C1)OC)[N+](=O)[O-])C(=O)OCC,3.2,374.0,20,6,160.716537636,252.98875448262658
26.3,255.11,COC(=O)C=CC1=CC=C(C=C1)CBr,3.2,205.0,14,4,126.35279304666666,185.57589124960833
70.3,245.27,CC(C)(C)OC(=O)/C(=C\C1=CC=C(C=C1)O)/C#N,2.8,376.0,18,4,153.16439676163336,232.22878267366903
126.0,278.26,C=CC(=O)OCCOC1[C@@H]([C@H]([C@H]([C@H](O1)CO)O)O)O,-1.6,307.0,19,7,107.57190028296668,219.96368332001165
42.1,201.22,COC(=O)C=CC1=C2C=CNC2=CC=C1,2.3,262.0,15,3,115.5836409981,189.06080925336957
39.2,227.26,CCOC(=O)C=CC1=CC2=CC=CC=C2N=C1,2.8,288.0,17,4,144.30186934916665,219.70532182850613
26.3,152.19,C=CC(=C)CCOC(=O)C=C,2.8,180.0,11,6,82.33124647123333,159.1303557184623
55.8,250.29,CC(C)(C)OC(=O)C=CC1=CC(=C(C=C1)O)OC,2.8,303.0,18,5,146.83467271946668,237.57872075380337
26.3,180.24,C=CC(=O)OCCCCC=C1CC1,2.7,210.0,13,7,99.16793644093332,188.14117666506775
26.3,152.19,C=CC(=O)OCCC1CC1=C,1.6,194.0,11,5,79.59020823876666,156.69396353779572
46.5,226.65,COC(=O)C(=C)C(C1=CC=CC=C1Cl)O,2.2,252.0,15,4,108.494488999,199.6676034272292
29.5,143.18,CN(C)CC(=C)C(=O)OC,0.6,141.0,10,4,67.6011318336,143.61886667591568
57.0,295.69,COC(=O)/C(=C/C1=C(C=CC=C1Cl)F)/CN2C=NC=N2,2.6,381.0,20,5,142.73532222766664,249.4108829077484
52.6,330.8,CCOC(=O)C=CC(=O)C1=CC=C(C=C1)OC2=CC=C(C=C2)Cl,4.2,419.0,23,7,190.0380546783333,299.1377974144041
52.6,365.2,CCOC(=O)C=CC(=O)C1=CC=C(C=C1)OC2=CC(=C(C=C2)Cl)Cl,4.9,458.0,24,7,198.189420753,317.3383592931509
44.8,312.4,CCOC(=O)C=CC1=CC(=C(C=C1)OC)OCC2=CC=CC=C2,3.8,374.0,23,8,183.87512617466663,302.5783141626781
38.8,185.22,COC(=O)C(=C)CN1CCOCC1,0.2,197.0,13,4,85.37604767890001,173.4823079479815
46.6,281.73,CCOC(=O)C(=CN(C)C)C(=O)C1=CC=CC=C1Cl,3.0,366.0,19,6,152.78924146056667,257.6866379675075
26.3,166.22,CC(C)(C1CC1=C)OC(=O)C=C,1.9,238.0,12,4,86.51335591803333,172.31551453442017
80.8,269.32,CCOC(=O)C(=C)NS(=O)(=O)C1=CC=CC(=C1)C,2.2,410.0,18,6,138.91506602899997,233.21301080738056
43.4,286.71,C1=CC=C(C(=C1)/C=C/C(=O)OC2=CC=C(C=C2)C=O)Cl,3.8,359.0,20,5,179.86408667833334,259.45357754775864
44.8,298.3,COC1=C(C=CC(=C1)/C=C/C(=O)OC)OCC2=CC=CC=C2,3.4,360.0,22,7,189.84883573466664,287.16752625720886
52.6,232.23,CCOC(=O)C=C(C1=CC=CO1)C2=CC=CO2,2.7,280.0,17,5,136.95973664443332,213.77090281680069
65.0,314.3,COC1=CC(=CC(=C1)/C=C(/C2=CC=C(C=C2)O)\C(=O)OC)OC,3.4,400.0,23,6,204.9411298308333,291.0497237307871
38.8,241.33,CC1(CC(CC(N1OC)(C)C)OC(=O)C=C)C,2.6,292.0,17,4,119.23802388933332,235.70926351604172
38.8,309.4,CC1(CC(CC(N1OC2CCCCC2)(C)C)OC(=O)C=C)C,4.4,393.0,22,5,158.25475507566668,305.0599202820382
65.0,308.4,COC1=C(C=C(C=C1)/C=C/C(=O)OCCCCCCO)OC,3.7,329.0,22,11,187.7968613603333,293.85408100399536
35.5,240.68,CC1=C(C=CC=C1Cl)C(=COC)C(=O)OC,3.0,275.0,16,4,127.72572243733332,219.0366087904896
80.8,409.5,CC(C)(C)OC(=O)/C=C/C1=CC2=C(NC(=O)CN(C2)CC3=CC=C(C=C3)OC)N=C1,2.7,622.0,30,7,260.57836482066665,381.1657800853763
42.1,215.25,CCOC(=O)C=CC1=CC=CC2=C1NC=C2,2.8,275.0,16,4,123.82486974086667,205.35211857104983
63.2,310.34,CCOC(=O)C(=C)C1=C(C=CC(=C1OCOC)C)OCOC,2.9,357.0,22,10,156.02416461133333,288.84964534897387
82.8,292.4,CCOC(=O)C=C(C1=C(C=CS1)C)C2=C(C=CS2)C,4.6,332.0,19,5,175.0317010616667,265.0639632995771
58.9,205.21,COC(=O)C=CC1=CC=C(C=C1)C=NO,2.3,253.0,15,4,123.58031651066663,189.77186423895088
83.0,338.8,CCOC(=O)/C=C/C1=CC=C(C=C1)NC(=O)C2(CCCC2)[NH3+].[Cl-],,420.0,23,6,204.4877052636667,282.6685879477689
84.5,210.19,CC1=C(C(=O)NC(=O)N1)/C=C/C(=O)OC,-0.3,382.0,15,3,112.54364126136666,174.6884189283565
44.8,346.8,CCOC(=O)/C=C/C1=CC(=C(C(=C1)Cl)OCC2=CC=CC=C2)OC,4.6,406.0,24,8,201.2819834133333,321.377074524505
59.5,317.16,CCOC(=O)C(=CN(C)C)C(=O)C1=CN=C(C=C1Cl)Cl,2.9,399.0,20,6,161.04382646766666,270.806960211556
26.3,286.8,CC1=C(C(=CC=C1)C)OC(=O)/C=C/C2=CC=C(C=C2)Cl,5.1,335.0,20,4,183.41294644733333,271.956280177379
89.2,311.29,C1=CC=C(C=C1)C(=O)COC(=O)/C=C/C2=CC=C(C=C2)[N+](=O)[O-],3.4,454.0,23,6,180.55814647166665,277.4747222019601
26.3,180.24,C=CC(=C)CCCCOC(=O)C=C,4.0,204.0,13,8,95.63130677026668,190.88294981215037
61.8,338.4,CCCCOC(=O)C(=C)CC12CCCC1OC(OC2=O)C(C)(C)C,4.3,504.0,24,8,166.32566740766666,320.6430423011647
35.5,314.4,CC1(C2CCC1(C(C2OC(=O)C=C)OCC3=CC=CC=C3)C)C,4.5,464.0,23,6,169.695822147,308.4170029897819
26.3,374.5,CC1(C2CCC1(C(C2C(C3=CC=CC=C3)C4=CC=CC=C4)OC(=O)C=C)C)C,7.0,563.0,28,6,214.557657693,376.05567343206155
72.1,343.4,COC(=O)/C=C/C1=CC=C(C=C1)S(=O)(=O)N2CCC3=CC=CC=C32,2.9,572.0,24,5,231.30924385700004,304.52465608262145
82.6,396.5,C/C=C/1\CN(C(CC1C(=C)C(=O)OC)C2=C(C3=CC=CC=C3N2)CCO)C(=O)C,2.1,674.0,29,6,222.17891248366664,370.2394367168955
42.1,193.24,CCOC(=O)/C=C/C1=C(NC(=C1)C)C,2.2,225.0,14,4,117.99588742206667,189.89728923922988
61.8,392.4,CCCC1=C(C=CC2=C1OC(=CC2=O)C=CC(=O)OCC)OCC3=CC=CC=C3,5.0,617.0,29,9,228.87354896,369.76233979596356
92.4,292.29,CCOC(=O)C(=CN(C)C)C(=O)C1=CC=C(C=C1)[N+](=O)[O-],2.2,431.0,21,6,158.78273384,259.4252468777561
67.9,278.3,CN(C)C=C(C(=O)OC)NC(=O)OCC1=CC=CC=C1,1.8,360.0,20,7,145.03594228333336,260.36193555339634
39.2,197.62,COC(=O)C=CC1=CN=C(C=C1)Cl,2.1,206.0,13,3,100.63251918563331,174.71340112007707
42.4,206.24,CN(C)C=C(C1=CC=CC=N1)C(=O)OC,1.1,249.0,15,4,123.34234881706668,199.99107970136174
65.0,199.16,COC(C(=CO)C(=O)OC)OC.[Na],,171.0,13,5,78.1102008617,153.10296257318402
149.0,504.6,CCOC(=O)/C=C/C1=C(NN2C1=[N+](C(=C(C2=O)C(=O)NC3CC3)O)CC(C)C)NC(=O)OC(C)(C)C,2.7,1090.0,36,11,423.297741793,444.83673219491453
77.8,277.27,COC1=C(C(=C(C=C1)/C=C(\C#N)/C(=O)OC)OC)OC,2.0,411.0,20,6,164.03440624733332,253.9663259965945
127.0,331.28,CC1=CC(=NO1)NC(=O)COC(=O)/C=C/C2=CC=C(C=C2)[N+](=O)[O-],2.1,496.0,24,6,183.247484787,277.273819297702
138.0,539.5,CC1=CC(N(C2=C1C=C(C=C2)OC(=O)/C=C/C3=CC=C(C=C3)[N+](=O)[O-])C(=O)/C=C/C4=CC=C(C=C4)[N+](=O)[O-])(C)C,5.7,1050.0,40,6,365.47154154366666,480.99512981689264
59.3,301.4,CCOCC1=C(C(=C(C=C1C)C)/C=C(\C#N)/C(=O)OCC)C,3.6,449.0,22,7,177.34471657666666,297.0756891470222
56.5,270.28,CC1=CC=C(C=C1)C(=O)COC(=O)/C=C/C2=CC=CO2,3.1,367.0,20,6,161.418629674,253.74429292571534
62.1,266.29,CCOC(=O)/C(=C/NC1=CC2=CC=CC=C2C=C1)/C#N,4.0,421.0,20,5,191.77991625676668,253.8213032385659
115.0,381.5,C=CC(=O)OCCSC1=NC(=NC(=N1)N2CCOCC2)N3CCOCC3,1.5,434.0,26,8,193.0329736586667,329.5790588859146
72.1,305.3,CN(C)/C=C(\C(=O)OC)/S(=O)(=O)C1=C(C=CC(=C1)F)F,1.7,484.0,20,5,142.712713154,246.17074720224258
39.4,294.7,CCOC(=O)/C=C/C1=CC=C(O1)C2=CC(=C(C=C2)F)Cl,4.1,361.0,20,5,188.24217214383336,257.3891220125577
39.4,280.68,COC(=O)/C=C/C1=CC=C(O1)C2=CC(=C(C=C2)F)Cl,3.7,348.0,19,4,178.18423575183337,241.21548230786237
86.7,608.5,CC\1=C[C@@H]2[C@](C/C1=N\OC(=O)/C=C/C3=CC=CC=C3Cl)([C@]4([C@@H](C[C@H]([C@@]45CO5)O2)OC(=O)/C=C/C6=CC=CC=C6Cl)C)C,6.9,1210.0,42,8,356.13522305500004,535.9572665024347
160.0,442.4,C1[C@@H]([C@H](C(=O)O1)OC(=O)/C=C/C2=CC(=C(C=C2)O)O)OC(=O)/C=C/C3=CC(=C(C=C3)O)O,2.5,747.0,32,8,258.21712717433337,364.84635602254446
143.0,428.4,C1OC[C@@H]([C@H]1OC(=O)/C=C/C2=CC(=C(C=C2)O)O)OC(=O)/C=C/C3=CC(=C(C=C3)O)O,2.5,620.0,31,8,252.18105090266667,360.2707916040458
191.0,514.5,CC(=O)C1(C[C@H](C([C@@H](C1)O)OC(=O)/C=C/C2=CC(=C(C=C2)O)O)O)OC(=O)/C=C/C3=CC(=C(C=C3)O)O,1.7,872.0,37,9,300.1838912046667,427.1616605948408
224.0,596.5,C1=CC(=CC=C1/C=C/C(=O)OC[C@H]2[C@@H]([C@H]([C@@H](C(O2)OC3=C(C(=C(C=C3)C(=O)/C=C/C4=CC(=C(C=C4)O)O)O)O)O)O)O)O,2.4,979.0,43,10,335.50478722133334,486.803137757362
52.6,200.23,CCCCOC(=O)CCOC(=O)C=C,2.2,198.0,14,9,91.69279911853332,191.65401901489022
35.5,285.13,COC=C(C1=CC=CC=C1CBr)C(=O)OC,2.5,263.0,16,5,131.41162095886668,209.97320371721653
58.9,386.2,COC(=O)C(=C(C1=CC(=C(C=C1Cl)Cl)F)O)C=NC2=CC=C(C=C2)F,5.2,536.0,25,5,205.90855186166667,312.50060006469755
71.4,282.24,CCOC(=O)/C(=C/NC1=CC=C(C=C1)OC(F)F)/C#N,3.7,396.0,20,7,142.4203565995333,241.3931787641538
62.1,252.22,CCOC(=O)/C(=C/NC1=C(C=C(C=C1)F)F)/C#N,2.9,376.0,18,5,141.51013985933332,216.20724001524516
89.0,304.3,C=CC(=O)OC1=CC=C(C=C1)S(=O)(=O)C2=CC=C(C=C2)O,2.7,463.0,21,5,162.212929856,258.32540562685625
64.599,379.3,COC1=CC=CC(=C1)/C=C/C(=O)OCC(=O)NC2=CC=CC=C2C(F)(F)F,4.0,536.0,27,7,198.339877956,323.774410033429
44.8,186.2,CC1(OC[C@H](O1)/C=C/C(=O)OC)C,0.6,220.0,13,3,87.4224678675,170.15708367175407
62.1,342.13,CCOC(=O)/C(=C/NC1=CC=C(C=C1)I)/C#N,3.4,338.0,17,5,150.04574138616667,215.4725924292063
71.4,246.26,CCOC(=O)/C(=C\NC1=CC=C(C=C1)OC)/C#N,2.7,349.0,18,6,144.41895117166666,231.57798829948106
44.8,282.29,C1OC2=C(O1)C=C(C=C2)/C=C/C(=O)OCC3=CC=CC=C3,3.9,373.0,21,5,173.80309678100002,261.99128350510415
52.6,292.3,C=CC(=O)OC1=C(OC2=CC=CC=C2C1=O)C3=CC=CC=C3,4.1,499.0,22,4,182.40631492666668,267.3010538296389
38.8,196.24,CC(=C)C(=O)OCC1CC[C@@H]2[C@H](C1)O2,1.9,259.0,14,4,95.77832845213334,187.1706832243682
46.5,170.21,C=CC(=O)OC1CCCCC1O,1.4,177.0,12,3,81.12718938553333,158.02078682958415
44.8,226.27,C=CC(=O)OCC1COC2(O1)CCCCC2,2.0,268.0,16,4,106.11517630283332,207.09649230926317
35.5,192.21,COC(=O)C=COCC1=CC=CC=C1,1.8,193.0,14,5,102.75342254243331,186.45768315466123
26.3,264.63,COC(=O)C=CC1=C(C=C(C=C1)C(F)(F)F)Cl,3.7,302.0,17,3,112.519960709,209.69198289492059
65.099,355.4,CCOC(=O)/C(=C\C1=CC=C(C=C1)N(C)C)/P(=O)(OCC)OCC,2.7,460.0,24,10,220.55132543066665,325.69931722330205
126.0,348.31,CCOP(=O)(/C(=C\N1C=CC(=O)NC1=S)/C(=O)OC)OCC,-0.1,564.0,22,8,176.6477451354,279.38496827114307
65.9,232.28,CCOC(=O)/C(=C/C1=C(C(=C(N1)C)C)C)/C#N,2.4,367.0,17,4,151.28403667299995,223.7160243835743
54.0,392.19,CCOC(=O)/C(=C/C1=CC(=C(C(=C1)OC)OC)OC)/I,3.1,331.0,20,7,185.5814987493333,260.1603752312771
67.9,203.2,COC(=O)/C=C/C1=CNC2=NC=CN=C12,0.6,267.0,15,3,121.32223333526667,179.81276273451076
53.3,296.4,CCOC(=O)/C(=C/C1=CC2=C3C(=C1)CCCN3CCC2)/C#N,3.4,485.0,22,4,213.6982769683333,282.2051270818606
62.1,284.23,CCOC(=O)/C(=C/NC1=CC=CC(=C1)C(F)(F)F)/C#N,3.6,423.0,20,5,147.6369177499,238.27126374810834
40.1,129.16,C[N+](C)(C)/C=C/C(=O)[O-],0.6,127.0,9,1,48.90755353873334,124.615026976643
35.5,271.11,COC1=C(C=C(C=C1)/C=C/C(=O)OC)Br,2.9,240.0,15,4,136.9311482443,194.29693574073167
39.2,205.25,CC(C)(C)OC(=O)C=CC1=CC=CC=N1,2.2,241.0,15,4,118.64487983273334,204.20074896148594
26.3,309.08,COC(=O)/C=C/C1=CC(=CC(=C1)Br)C(F)(F)F,3.8,302.0,17,3,125.38336051236666,200.83353366513813
35.5,246.18,COC(=O)C=CC1=CC=C(C=C1)OC(F)(F)F,3.8,278.0,17,4,108.01191395536668,201.51480905438095
26.3,616.9,CC(C)CCCC(C)C1CCC2C1(CCC3C2CC=C4C3(CCC(C4)OC(=O)/C=C/C5=C6C=CC=CC6=CC7=CC=CC=C75)C)C,13.7,1110.0,46,9,401.4436630136667,618.2998461897122
73.9,285.34,CC(C)(C)OC(=O)N/C(=C/C1CCOCC1)/C(=O)OC,1.7,378.0,20,6,141.12024911466668,261.54607127663496
38.8,275.34,CN1CCCC(C1)OC(=O)/C=C/C2=CC=C(C=C2)OC,2.8,335.0,20,5,172.06310987433335,266.3480071291351
35.5,232.27,C=C[C@@H](COCC1=CC=CC=C1)OC(=O)C=C,2.7,254.0,17,8,119.62163794733333,231.12278847825291
95.6,437.8,CCOC(=O)/C=C(\NC(=O)NC(C)(C)C)/NN(C)C1=C(C=C(C=N1)C(F)(F)F)Cl,4.8,610.0,29,8,196.42525738933327,361.0674997180646
69.6,232.27,COC1=C(C=CC(=C1)/C=C/C(=O)[O-])O.[K+],,230.0,15,3,128.1691997092,170.70554243938884
52.3,269.77,CC(C)(C)OC(=O)/C=C/C1=CC=C(C=C1)CN.Cl,,270.0,18,5,155.49315023933335,232.07687780389938
39.4,166.17,CC1=CC=C(O1)C=CC(=O)OC,1.7,186.0,12,3,95.82835952296666,157.55952673811294
35.5,206.24,CC1=CC=CC=C1OCCOC(=O)C=C,2.7,213.0,15,6,108.21789845596668,202.17756162155283
26.3,319.28,C=CC(=O)OCCCCCCCCCCCCBr,6.5,205.0,18,14,136.70564386,266.33030419059645
26.3,262.3,COC(=O)C=CC1=C2C=CC=CC2=CC3=CC=CC=C31,4.7,352.0,20,3,181.00388924900005,255.43282785927795
43.4,238.66,CCOC(=O)C=CC(=O)C1=CC=C(C=C1)Cl,2.7,278.0,16,5,119.80420969,214.35349324041363
46.5,220.26,CCCCOC(=O)C=CC1=CC=C(C=C1)O,3.9,227.0,16,6,124.59638797613331,213.58393392307343
44.8,326.4,CCOC1=C(C=CC(=C1)C=CC(=O)OCC)OCC2=CC=CC=C2,4.4,387.0,24,9,205.26068962233333,319.4530576997638
46.5,271.11,CCOC(=O)/C=C/C1=C(C=CC(=C1)Br)O,2.9,240.0,15,4,130.11349130703334,190.6725248473185
43.4,332.4,CCOC(=O)C(=C(C)C)C1=C(C2=CC=CC=C2C1=O)C3=CC=CC=C3,4.8,601.0,25,5,217.84489256766665,322.6515842223518
26.3,330.16,CC(C)(C)OC(=O)/C=C/C1=CC=CC=C1I,3.8,266.0,16,4,139.265888213,218.07042366330427
26.3,216.27,COC(=O)C=C.C=CC1=CC=CC=C1C=C,,174.0,16,4,122.570888697,160.0781542652124
54.0,260.329,COCCCOCCCOCCCOC(=O)C=C,1.3,206.0,18,14,122.3050732458,251.08150224823768
68.8,254.3,CC1=CC=C(C=C1)S(=O)(=O)CC(=C)C(=O)OC,1.8,383.0,17,5,125.72547908266664,223.73204440431152
44.8,200.23,CCC1(COC1)OCCOC(=O)C=C,1.0,208.0,14,7,89.9423194625,187.5058065596786
52.6,330.8,CCOC(=O)C=CC(=O)C1=CC=C(C=C1)OC2=CC(=CC=C2)Cl,4.2,427.0,23,7,186.2832573913333,299.86616493676746
35.5,204.22,COC(=O)/C=C/C1=CC2=C(C=C1)OCC2,2.2,260.0,15,3,132.49163670139998,191.54969614301677
26.3,248.36,CC(C)(C12CC3CC(C1)CC(C3)C2)OC(=O)C=C,4.2,339.0,18,4,130.8641247,242.05470347607192
52.6,208.21,C=CC(=O)OC1C2CC3C1OC(=O)C3C2,1.2,349.0,15,3,95.26761330993334,178.93225000870905
65.5,366.6,CCOC=C(C(=O)C1=C(N=C(C(=C1Cl)Cl)Cl)C)C(=O)OCC,4.2,444.0,22,7,173.7202617,299.65001721940115
38.8,235.28,CN(C)C=C(C1=CC=C(C=C1)OC)C(=O)OC,2.1,278.0,17,5,145.05217919126667,229.79351454903585
61.6,269.29,C=C(C(=O)OC(C1=CC=CC=C1)C2=CC=CC=C2)ON,3.3,313.0,20,6,143.7738473533333,253.07230672596108
74.2,314.29,COC1=C(C=CC(=C1)C=CC(=O)OC2=CC3=C(C=C2)OCO3)O,3.2,437.0,23,5,175.48181262466665,274.90750543883036
35.5,294.4,CC1(C2CCC1(C(C2OC(=O)C=C)OCC(C)(C)C)C)C,4.8,432.0,21,6,154.00101274199997,293.62524006650125
52.6,298.3,COC(=O)C(=C)OC12CCCC1C(=O)C(=C2)C3=CC=CC=C3,3.1,527.0,22,5,163.8743208233333,277.55243709928425
72.1,439.6,CC1(C2CCC1(C(C2N(C3=CC=CC=C3)S(=O)(=O)C4=CC=CC=C4)OC(=O)C=C)C)C,5.6,789.0,31,7,248.915590234,404.38760363257063
81.3,311.36,COC(=O)/C=C/C1=CC=C(C=C1)S(=O)(=O)N2CCOCC2,1.0,468.0,21,5,180.651781684,264.732754755636
64.599,291.34,CCOC(=O)C=CC1=CC=C(C=C1)NC(=O)OC(C)(C)C,3.1,376.0,21,7,168.03017301756665,278.3935902203198
89.2,325.3,CC1=CC=C(C=C1)C(=O)COC(=O)/C=C/C2=CC=C(C=C2)[N+](=O)[O-],3.8,480.0,24,6,191.79882022933336,293.51861904879047
52.6,258.269,COC(=O)C(=C)C[C@@H]1C=C(C(=O)O1)C2=CC=CC=C2,2.6,416.0,19,5,146.03666699066665,239.68914486017982
154.0,455.4,CN1C[C@@H]([C@H](C1=O)OC(=O)/C=C/C2=CC(=C(C=C2)O)O)OC(=O)/C=C/C3=CC(=C(C=C3)O)O,2.2,782.0,33,8,275.60185043166666,384.04411362323134
180.0,472.4,C1=CC(=C(C=C1/C=C/C(=O)O[C@H]2[C@H](OC(=O)[C@@H]2OC(=O)/C=C/C3=CC(=C(C=C3)O)O)CO)O)O,1.9,794.0,34,9,273.23933946100004,385.5412827840134
48.4,219.24,COC(=O)/C=C/C1=CC2=C(N=C1)OCCC2,1.8,277.0,16,3,136.88234701266666,202.046332671878
68.3,341.2,CC(C)(C)C(=O)NC1=C(N=CC(=C1)/C=C/C(=O)OC)Br,2.7,390.0,20,5,177.48936878463334,256.5254635002941
74.7,372.4,CN(C)/C=C\1/C(=NN(C1=O)C2=CC=C(C=C2)OC)/C(=C\N(C)C)/C(=O)OC,2.1,659.0,27,7,239.0276818103333,348.7470710901756
68.3,296.75,CC(C)(C)C(=O)NC1=C(N=C(C=C1)/C=C/C(=O)OC)Cl,2.7,390.0,20,5,176.68057154033332,266.2673897241016
102.0,324.33,C=CC(=O)OCCOCCNC(=O)CCCN1C(=O)C=CC1=O,-0.6,482.0,23,12,143.20820284503336,287.46648095790584
57.6,271.69,COC(C1=C(C=CN=C1Cl)/C=C/C(=O)OC)OC,1.7,294.0,18,6,136.86771576313333,237.61727918498727
57.6,221.21,COC(=O)/C=C/C1=CC2=C(N=C1)OCCO2,1.2,279.0,16,3,131.10049366563334,195.38149924334144
67.9,232.03,COC(=O)/C=C\C1=NNC(=N1)Br,1.3,197.0,12,3,83.49770285936667,139.54363626672287
48.4,311.4,CC(C)(C)OC(=O)/C=C/C1=CC(=CN=C1)OCC2=CC=CC=C2,3.6,394.0,23,7,183.5071273653333,305.6301155640653
61.8,284.35,CC(C)(CCOC(C)(C)COC(=O)C=C)OC(=O)C=C,2.6,369.0,20,11,133.754176985,276.1665806152341
57.0,217.22,CN1C=NC2=C1N=CC(=C2)/C=C/C(=O)OC,1.0,293.0,16,3,135.43052443853335,198.19553241888133
65.4,342.4,CN(C)/C=C\1/C(=NN(C1=O)C2=CC=CC=C2)/C(=C\N(C)C)/C(=O)OC,2.1,614.0,25,6,221.60484045733327,324.2057313719467
80.6,253.36,CC(C)(C)OC(=O)/C=C/C1=CSC(=C1)CCN,2.2,284.0,17,6,146.8035910807667,236.81160305900562
106.0,250.25,CCOC(=O)/C=C(\N)/NNC(=O)C1=CC=NC=C1,0.9,324.0,18,6,124.9732302146,218.0254801091297
41.6,390.5,CCOC(=O)/C=C/C1=CC=C(C=C1)C2CCCN2CCC3=CC4=C(CNC4)C=C3,3.8,555.0,29,8,249.92386402333327,381.79835619718045
80.8,269.32,CC1=CC=C(C=C1)S(=O)(=O)NCC(=C)C(=O)OC,1.5,402.0,18,6,140.721089794,233.32157003727326
51.7,262.3,COC1=C(C=CC(=N1)N2CCCC2)/C=C/C(=O)OC,2.4,327.0,19,5,172.77544384236668,247.088844175483
52.3,262.13,COC(=O)/C(=C/C1=CC=C(C=C1)Cl)/CN.Cl,,245.0,16,4,136.82722302133334,202.49546047232096
57.6,223.22,COC1=C(N=C(C=C1)/C=C/C(=O)OC)OC,1.4,254.0,16,5,136.25572600633333,205.97493695616052
59.5,302.37,CC(C)(C)C(=O)N1CCCC2=C1N=CC(=C2)/C=C/C(=O)OC,2.6,453.0,22,4,197.9054283113333,286.657652740929
39.2,197.62,COC(=O)/C=C/C1=C(C=CN=C1)Cl,1.8,206.0,13,3,104.1255110294,174.83209907188171
55.6,288.4,CCOC(=O)/C=C/C1=CC=C(C=C1)C2CCCN2CCN,2.0,349.0,21,7,181.05965973296665,280.7668576559284
55.0,236.65,COC(=O)/C=C/C1=NC(=C2C(=C1)C=CN2)Cl,2.3,296.0,16,3,137.84365809800002,202.73252961777894
80.8,255.29,COC(=O)/C=C/C1=CC(=CC=C1)NS(=O)(=O)C,1.2,383.0,17,5,147.3809925236,217.72737212675452
67.9,224.04,COC(=O)/C=C\C1=NNC(=N1)Cl.Cl,,197.0,13,3,90.7692029356,151.88393485641652
72.4,312.4,CC1=CC(=NC2=C1C(=C(S2)/C=C/C(=O)OC)N3C=CC=C3)C,3.7,436.0,22,4,206.32618515666664,285.93265654349614
71.1,288.34,CC(C)(C)OC(=O)CCOCCOCCOC(=O)C=C,1.2,305.0,20,13,129.8057541006667,270.34689013005993
68.7,304.34,CC(C)(C)C(=O)N1CCOC2=C1C=CC(=N2)/C=C/C(=O)OC,2.0,456.0,22,4,191.97829002033336,280.5392374597958
59.3,251.32,CCC1(CC(CCO1)/C=C(\C#N)/C(=O)OCC)C,2.4,380.0,18,5,128.350974674,243.04223881734393
57.6,223.22,COC1=C(N=CC(=C1)/C=C/C(=O)OC)OC,1.4,254.0,16,5,135.032218521,205.54318001619762
101.0,313.8,CCOC(=O)/C(=C(\SC)/SC1=CC=C(C=C1)Cl)/C#N,4.1,395.0,19,6,169.109243676,269.46652838889145
64.099,255.7,CCNC1=NC(=NC=C1/C=C/C(=O)OCC)Cl,2.5,273.0,17,6,142.67907199916667,226.85339414310835
138.0,586.6,CN(C)C1=CC=C(C=C1)/C=C(\C#N)/C(=O)OCCCNC(=O)C2CCN(CC2)C(=O)C3=CC4=C(C=C(C=C4)OC)OC3=O,3.7,1140.0,43,11,362.487636712,531.9862588658361
39.2,323.51,COC(=O)/C=C/C1=C(C=CN=C1Cl)I,2.7,235.0,14,3,118.95805566539998,183.71602799462585
58.6,173.21,CCOC(=O)/C=C/N[C@@H](C)CO,1.0,156.0,12,6,87.4562745462,162.2756900625297
39.2,219.28,CC1=C(C=CC=N1)/C=C/C(=O)OC(C)(C)C,2.5,266.0,16,4,132.1719921314333,219.24993052231576
78.3,193.22,COC(=O)/C(=C/C1=CSC=C1)/C#N,1.8,277.0,13,3,105.37299686156668,170.84523944204628
44.8,250.29,CCOC1=C(C=CC(=C1)/C=C/C(=O)OCC)OC,2.9,275.0,18,7,157.69105225479998,241.96816861217502
39.2,276.51,COC(=O)/C=C/C1=C(N=C(C=C1)Br)Cl,3.1,235.0,14,3,125.6413684751,182.85390054077195
52.1,214.22,COC(=O)/C=C/C1=CC2=C(C=CC=N2)N=C1,1.5,278.0,16,3,141.4884746808,199.16407360296677
54.5,244.31,COC(=O)/C(=C/C1=CC=CS1)/C2=CC=CC=C2,3.6,293.0,17,4,154.04659232326668,228.15603471823314
93.9,168.15,COC(=O)/C=C\C1=NC(=NN1)N,0.0,194.0,12,3,85.433811237,137.64487862852192
61.8,346.5,CCOC(=O)/C=C/C1=CC=C(C=C1)C2CCCN2CCNCCCO,2.2,406.0,25,11,203.52983690733333,335.1522784506676
106.0,250.25,CCOC(=O)/C=C(\N)/NNC(=O)C1=CN=CC=C1,0.9,330.0,18,6,120.05466929833332,217.50835349743596
55.8,222.24,CCOC(=O)/C=C/C1=C(C=CC=C1OC)O,2.2,249.0,16,5,129.43846412173332,206.30873637675782
44.8,270.71,CCOC(=O)/C=C/C1=C(C(=C(C=C1)OC)OC)Cl,3.1,293.0,18,6,154.19597519396666,243.70044330677476
68.3,276.33,CCOC(=O)/C=C/C1=C(N=CC=C1)NC(=O)C(C)(C)C,2.4,372.0,20,6,160.298322457,264.21605631024573
101.0,358.3,CCOC(=O)/C(=C(\SC)/SC1=CC=C(C=C1)Br)/C#N,4.1,395.0,19,6,171.60707913633334,259.79990925124144
64.599,387.4,COC(=O)/C(=C/C1=CC=C(C=C1)C2=CC=CC=C2)/NC(=O)OCC3=CC=CC=C3,5.1,553.0,29,8,252.80191319366668,367.99657906348494
48.7,272.29,CCOC(=O)/C=C/C1=CC=C(O1)C2=CC=C(C=C2)OC,3.3,331.0,20,6,203.8184189223333,259.0878899861799
42.1,215.25,CCOC(=O)/C=C\C1=CC2=CC=CC=C2N1,2.8,275.0,16,4,147.3183225219,205.34523408439364
63.0,230.26,CC(C)(C)OC(=O)/C(=C/C1=CC=CC=N1)/C#N,2.1,357.0,17,4,134.660272085,222.7560158279484
39.2,284.15,CC(C)(C)OC(=O)/C=C/C1=NC=CC(=C1)Br,2.8,271.0,16,4,135.1308711292667,212.24864963375182
89.5,376.4,CC(C)(C)OC(=O)CCOCCOCCOCCOCCOC(=O)C=C,0.9,389.0,26,19,166.95917712366665,349.18530101551556
98.8,420.5,CC(C)(C)OC(=O)CCOCCOCCOCCOCCOCCOC(=O)C=C,0.8,432.0,29,22,186.06386715566668,389.7261005136639
64.599,297.39,CCOC(=O)/C=C\C1CCC(CC1)NC(=O)OC(C)(C)C,3.0,376.0,21,7,152.40303634966668,285.4583897845145
39.4,321.16,CCOC(=O)/C=C/C1=CC=C(O1)C2=CC=C(C=C2)Br,4.0,321.0,19,5,195.87886889563333,242.87977532644553
79.9,519.0,CCOC(=O)/C(=C/NC1=CC=C(C=C1)N2C(=C(C(=N2)Br)Br)Br)/C#N,5.5,528.0,24,6,244.85579827866664,287.09765138951525
35.5,313.19,CC(C)(C)OC(=O)/C=C/C1=C(C=C(C=C1)OC)Br,3.8,307.0,18,5,157.60264368016666,241.59720829770725
35.5,276.4,CC1=C(C=CC(=C1)/C=C/C(=O)OC(C)(C)C)OC(C)C,4.3,339.0,20,6,180.896855056,279.62666524078537
39.4,311.2,CCOC(=O)/C=C/C1=CC=C(O1)C2=C(C=CC(=C2)Cl)Cl,4.6,359.0,20,5,192.85756494083333,269.4408393182973
39.4,242.27,CCOC(=O)/C=C/C1=CC=C(O1)C2=CC=CC=C2,3.3,292.0,18,5,173.4254832397,234.68380371118627
48.4,272.09,COC1=C(C=C(C=N1)Br)/C=C/C(=O)OC,2.1,245.0,15,4,128.8924648661,189.4848015834839
68.3,276.33,CCOC(=O)/C=C/C1=C(C=CN=C1)NC(=O)C(C)(C)C,2.1,372.0,20,6,159.77167401166665,264.1204340519026
85.3,287.27,CCOC(=O)/C=C/C1=CC=C(O1)C2=CC(=CC=C2)[N+](=O)[O-],3.2,403.0,21,5,190.0834181349333,254.14244360507448
94.5,317.29,CCOC(=O)/C=C/C1=CC=C(O1)C2=C(C=C(C=C2)[N+](=O)[O-])OC,3.1,446.0,23,6,220.63227941816663,278.48922174183724
107.0,239.23,CCOC(=O)C=C(N)NNC(=O)C1=CC=CO1,1.4,317.0,17,6,115.62282317756669,203.18189843474957
73.6,272.73,CCOC(=O)C=C(N)NC1=CC=C(C=C1)OC.Cl,,271.0,18,6,142.4561355484,225.77487205012204
61.6,257.709,COC1=CC=C(C=C1)/C=C(\CN)/C(=O)OC.Cl,,255.0,17,5,144.32707202833333,209.4413805725566
107.0,472.5,CCOC(=O)/C(=C/C1=CC(=C(C=C1)OCC(=O)NC2=CC=C(C=C2)OC3=CC=CC=C3)OC)/C#N,4.9,761.0,35,11,297.864651658,436.59285824183127
38.7,279.3,CC(=NC1=CC=CC=C1/C=C/C(=O)OC)C2=CC=CC=C2,3.7,394.0,21,5,191.46627831633336,278.66143493252696
68.6,311.3,CCOC(=O)/C(=C/C1=C(C=C2C=CC=C(C2=C1)OC)OC)/C#N,3.7,493.0,23,6,206.43329453633336,292.1093993964781
43.4,204.22,CCOC(=O)/C=C\C1=CC=C(C=C1)C=O,2.5,237.0,15,5,117.6116208738,195.74168226361937
79.2,272.3,CC1=CC(=CC(=C1/C=C(/C(=O)OC)\NC(=O)C)C)C#N,2.0,449.0,20,4,162.175191824,256.06623143307326
72.1,303.69,C1=CC=C(C=C1)OC(=O)/C=C/C2=C(C=CC(=C2)[N+](=O)[O-])Cl,3.8,401.0,21,4,172.01524065869998,260.1528618757003
72.1,338.1,C1=CC(=CC=C1OC(=O)/C=C/C2=C(C=CC(=C2)[N+](=O)[O-])Cl)Cl,4.4,430.0,22,4,184.983661355,277.8410816800835
26.3,297.19,CC1=CC(=C(C=C1)/C=C/C(=O)OC(C)(C)C)Br,4.2,291.0,17,4,153.42690281773332,232.53606582376497
35.5,262.34,CCOC1=C(C=C(C=C1)/C=C/C(=O)OC(C)(C)C)C,3.9,314.0,19,6,171.76856109130003,264.43211086323805
61.8,264.27,CCOC(=O)/C=C/OCC(=O)OCC1=CC=CC=C1,2.1,305.0,19,9,134.25482456266667,246.00782163636046
85.3,321.71,CCOC(=O)/C=C/C1=CC=C(O1)C2=CC(=C(C=C2)Cl)[N+](=O)[O-],3.8,436.0,22,5,204.83800978323333,271.85126391836866
85.3,321.71,CCOC(=O)/C=C/C1=CC=C(O1)C2=C(C=C(C=C2)Cl)[N+](=O)[O-],3.8,436.0,22,5,203.437042244,272.0170593264955
39.4,311.2,CCOC(=O)/C=C/C1=CC=C(O1)C2=CC(=C(C=C2)Cl)Cl,4.6,359.0,20,5,202.88216042056663,269.94096307254387
39.4,276.71,CCOC(=O)/C=C/C1=CC=C(O1)C2=CC=C(C=C2)Cl,4.0,321.0,19,5,190.57756778696668,251.98360908496784
85.3,287.27,CCOC(=O)/C=C/C1=CC=C(O1)C2=CC=CC=C2[N+](=O)[O-],3.2,403.0,21,5,185.89029654816667,253.93611057449684
44.8,248.27,CCOC(=O)/C=C/C1=CC=C(C=C1)C2OCCO2,2.0,286.0,18,5,145.8010853111333,231.78643534273658
78.0,364.5,CCOC(=O)/C(=C/C1CCOCC1)/C2=CC=C(C=C2)S(=O)(=O)C3CC3,2.8,586.0,25,7,198.206693797,326.40906316815904
46.6,273.33,CCOC(=O)/C=C/C1=CC(=CC=C1)C(=O)N2CCCC2,2.5,372.0,20,5,165.320554058,262.62134683772996
26.3,334.0,COC(=O)/C=C/C1=CC=C(C=C1)C(Br)Br,4.1,231.0,15,4,143.21722849433334,194.4879198406823
26.3,269.13,CCOC(=O)/C=C/C1=C(C=CC(=C1)C)Br,3.6,238.0,15,4,133.29431440813337,201.60613321702937
39.2,197.62,COC(=O)/C=C\C1=CN=C(C=C1)Cl,2.1,206.0,13,3,107.55554709083331,174.14464149808177
26.3,409.06,CC(C)(C)OC(=O)/C=C/C1=C(C=CC(=C1)I)Br,4.5,296.0,17,4,161.1189037828333,227.04484574271655
52.3,262.13,CCOC(=O)/C=C/C1=C(C=C(C=C1)Cl)N.Cl,,243.0,16,4,139.94038255336667,206.3099325351491
63.2,336.2,CCOC(=O)/C(=C/C1=CC=C(O1)C2=C(C(=CC=C2)Cl)Cl)/C#N,4.5,485.0,22,5,205.69746354566664,288.59535823428774
53.0,252.29,C/C(=C\C1=CC=C(C=C1)CC2=CN=CC=C2)/C(=O)[O-],3.7,324.0,19,3,170.10068943733333,244.57545260554886
56.3,281.3,CCOC(=O)/C(=C\C1=CC=CC=N1)/C(=O)C2=CC=CC=C2,3.1,397.0,21,6,173.59210749,268.28911748938606
35.5,261.1,COC1=C(C=C(C=C1Cl)/C=C/C(=O)OC)Cl,3.4,256.0,16,4,138.65835210733334,221.8601471647238
63.6,201.29,COC(=O)/C=C/NC1CCCSC1,2.1,194.0,13,4,105.80256971563333,182.81175390053153
70.0,187.19,COC(=O)/C=C/N1CC(C(C1)O)O,-1.0,206.0,13,3,88.6555375999,160.31582540597705
38.8,170.21,CC(C)(C)OC(=O)/C=C/C1CO1,1.0,200.0,12,4,86.2378795915,165.35340723745918
65.099,461.5,C[C@H](/C=C\C(=O)N(C1=CC=CC=C1)C2=CC=CC=C2)OC(=O)/C=C/C3CCCC4(C3)OCCO4,4.7,711.0,34,8,265.52525949433334,436.85603794894666
29.5,287.4,CC(C)(C)OC(=O)C=CC1CCCN1CC2=CC=CC=C2,3.4,364.0,21,6,161.70052959266664,290.08555432975163
92.4,312.32,COC1=C(C=C(C=C1)C=C(C#N)C(=O)O)OC.C1=CC=NC=C1,,386.0,23,4,182.43877315766667,216.34211743360163
86.2,302.28,CO/C=C(/C1=CC=CC=C1OC2=CC(=O)NC=N2)\C(=O)OC,1.1,524.0,22,6,157.063237407,265.6815845686913
88.4,330.4,CC1=CC(=CC(=C1/C=C(/C(=O)OC)\NC(=O)OC(C)(C)C)C)C#N,3.4,541.0,24,6,189.9121630973333,312.41093142158076
71.4,260.29,CCOC1=CC=CC(=C1)N/C=C(\C#N)/C(=O)OCC,3.1,370.0,19,7,162.19692323833334,247.54198477794017
48.4,207.23,CCOC(=O)/C=C/C1=C(N=CC=C1)OC,1.8,228.0,15,5,122.35797080333332,197.01965969973196
79.8,316.31,CO/C=C(\C1=CC=CC=C1OC2=NC=NC(=C2)OC)/C(=O)OC,2.4,415.0,23,7,164.71075279533332,286.15706902461875
108.0,387.13,CCOC(=O)/C(=C\NC1=C(C=C(C=C1)[N+](=O)[O-])I)/C#N,3.2,451.0,20,5,163.85012955733333,236.4463244198085
93.2,240.22,CN(C)/C=C(/C(=O)OC)\N1C=C(C=N1)[N+](=O)[O-],0.5,336.0,17,4,119.30836878026666,204.20351124820874
26.3,289.55,CCOC(=O)/C=C/C1=CC(=C(C=C1)Br)Cl,3.9,243.0,15,4,140.0098369543,203.74519433518316
26.3,224.68,CC1=CC(=CC(=C1Cl)C)/C=C/C(=O)OC,3.6,238.0,15,3,137.11535318593334,210.15395780847007
39.2,227.26,CC1=NC2=C(C=C1)C=C(C=C2)/C=C/C(=O)OC,2.9,301.0,17,3,162.93875136396667,219.6129776180748
39.2,213.66,CCOC(=O)/C=C/C1=CC=NC=C1.Cl,,183.0,14,4,111.82351880253334,173.65378181098149
109.0,340.3,CCC(C)OC(=O)/C(=C/C1=CC=C(O1)C2=CC=C(C=C2)[N+](=O)[O-])/C#N,4.0,566.0,25,6,227.000911649,304.38431602611803
93.4,262.33,CC1=CC(=NC2=C1C(=C(S2)/C=C/C(=O)OC)N)C,2.6,348.0,18,3,174.54912295846665,232.37825125068088
26.3,297.19,CC1=C(C=CC(=C1)Br)/C=C/C(=O)OC(C)(C)C,4.2,291.0,17,4,156.17828734193333,232.23306671277237
72.1,372.6,C1=CC(=C(C=C1[N+](=O)[O-])/C=C/C(=O)OC2=C(C=C(C=C2)Cl)Cl)Cl,5.5,468.0,23,4,196.43568759566665,295.97393085356106
85.3,321.71,CCOC(=O)/C=C/C1=CC=C(O1)C2=C(C=CC(=C2)[N+](=O)[O-])Cl,3.8,436.0,22,5,198.74038146346663,271.6720050378802
85.3,321.71,CCOC(=O)/C=C/C1=CC=C(O1)C2=C(C=C(C=C2)[N+](=O)[O-])Cl,3.8,436.0,22,5,208.177779239,271.1457764999853
85.3,301.29,CCOC(=O)/C=C/C1=CC=C(O1)C2=C(C=CC(=C2)[N+](=O)[O-])C,3.5,431.0,22,5,200.4961483303333,269.3259064153953
39.4,311.2,CCOC(=O)/C=C/C1=CC=C(O1)C2=C(C=C(C=C2)Cl)Cl,4.6,359.0,20,5,206.6805079429,269.86876063619786
85.3,301.29,CCOC(=O)/C=C/C1=CC=C(O1)C2=C(C=C(C=C2)C)[N+](=O)[O-],3.5,431.0,22,5,208.2304460103333,269.0842688214159
52.3,246.09,COC(=O)/C(=C/C1=C(C=C(C=C1)Cl)Cl)/N,2.2,268.0,15,3,130.22326073256667,203.62592394762433
26.3,289.55,CCOC(=O)/C=C/C1=C(C=CC=C1Br)Cl,3.9,243.0,15,4,125.8663588769,203.5569936887673
52.6,346.4,CCOC1=CC=C(C=C1)/C=C/C(=O)OC2=C(C3=CC=CC=C3C=C2)C=O,4.8,492.0,26,7,246.49667456,329.35711829591395
97.6,408.4,CCOC(=O)/C(=C/C1=CC(=C(C=C1)OCC(=O)NC2=C(C=C(C=C2)C)C)OC)/C#N,4.1,668.0,30,9,258.7545187376666,382.1589669675829
107.0,410.4,CCOC(=O)/C(=C/C1=CC(=C(C=C1)OCC(=O)NC2=CC=CC=C2OC)OC)/C#N,3.3,655.0,30,10,244.424219657,376.13912434383764
26.3,297.19,CC1=CC(=C(C=C1)Br)/C=C/C(=O)OC(C)(C)C,4.2,291.0,17,4,151.30777490466667,233.0029950847368
26.3,317.6,CC(C)(C)OC(=O)/C=C/C1=C(C=CC(=C1)Cl)Br,4.5,296.0,17,4,150.57964943233333,234.98374559503486
26.3,317.6,CC(C)(C)OC(=O)/C=C/C1=C(C=CC=C1Br)Cl,4.5,296.0,17,4,148.2501599266,234.30752474662438
35.5,389.3,CC(C)(C)OC(=O)/C=C/C1=C(C=C(C=C1)Br)OCC2=CC=CC=C2,5.3,421.0,24,7,212.2084179633333,318.26623283439704
64.4,256.73,CCOC(=O)C=C(N)NC1=CC=C(C=C1)C.Cl,,256.0,17,5,146.97159441473335,211.80603543650835
74.7,363.3,CCOC(=O)/C(=C/C1=CC=NC2=CC=CC=C12)/P(=O)(OCC)OCC,2.9,512.0,25,9,201.772575239,324.3424195284566
80.9,555.4,C1C(C1(C2=CC=CC=C2)C3=CC=CC=C3)C(=O)N/N=C/C4=C(C=CC(=C4)Br)OC(=O)/C=C/C5=CC=CO5,6.3,831.0,37,9,329.26788940533334,460.4021065700886
42.1,280.12,COC(=O)/C=C\C1=CNC2=C1C=C(C=C2)Br,3.0,293.0,16,3,133.776903889,197.48976015445265
35.5,248.32,CC1=C(C=CC(=C1)/C=C/C(=O)OC(C)(C)C)OC,3.5,301.0,18,5,161.638769368,248.89193801822742
63.7,273.28,COC(=O)/C=C/C1=CC=C(C=C1)CN2C(=O)CCC2=O,0.9,406.0,20,5,156.03962869266667,249.9066320223264
63.7,335.4,CCOC(=O)/C=C/C1=CC=C(C=C1)CN2C(=O)C3=CC=CC=C3C2=O,3.0,524.0,25,6,203.04264424266665,311.07929103350466
63.7,321.3,COC(=O)/C=C/C1=CC=C(C=C1)CN2C(=O)C3=CC=CC=C3C2=O,2.7,510.0,24,5,193.51357513766663,295.8681390839446
26.3,260.399,CC(C)(C)C1=CC(=CC(=C1)OC(=O)C=C)C(C)(C)C,5.6,308.0,19,5,153.52491635466666,269.67340464296313
26.3,348.03,CCOC(=O)/C=C/C1=C(C=C(C=C1)CBr)Br,3.8,253.0,16,5,151.5909797716,209.85084789813067
73.0,254.3,CC1(COC2=CSC=C2OC1)COC(=O)C=C,2.5,291.0,17,4,122.853819703,221.18725779959277
39.4,321.16,CCOC(=O)/C=C/C1=CC=C(O1)C2=CC=CC=C2Br,4.0,329.0,19,5,182.7190530453333,242.7841378130959
39.4,256.3,CCOC(=O)/C=C/C1=CC=C(O1)C2=CC=C(C=C2)C,3.7,316.0,19,5,189.062239515,250.09829351110255
144.0,439.4,CCOC(=O)/C(=C/C1=CC(=C(C=C1)OCC(=O)NC2=C(C=CC(=C2)[N+](=O)[O-])C)OC)/C#N,3.5,754.0,32,9,255.060040372,386.605500004092
26.3,210.65,COC(=O)/C=C/C1=CC=CC(=C1)CCl,3.0,213.0,14,4,120.0413440751,195.05445027768036
29.5,274.14,CN(C)/C=C(\C1=C(C=C(C=C1)Cl)Cl)/C(=O)OC,3.4,305.0,17,4,143.6586791998,240.32151215324365
26.3,317.6,CC(C)(C)OC(=O)/C=C/C1=C(C=C(C=C1)Cl)Br,4.5,296.0,17,4,153.62798470873335,235.27664369458924
59.5,361.62,CCOC(=O)/C(=C/N(C)C)/C(=O)C1=C(N=CC(=C1)Br)Cl,3.0,401.0,20,6,164.90608547466667,260.5063251015665
154.0,613.7,CC(=C)C(=O)OCCOCCOCCOCCOCCOCCOCCOCCOCCOCCOCCOCCN,-1.4,572.0,42,37,269.443041842,559.2793681681311
64.4,256.73,CCOC(=O)/C=C(\N)/NC1=CC=C(C=C1)C.Cl,,256.0,17,5,137.8594823313,211.67506769720148
80.8,351.8,COC(=O)/C(=C/NC1=CC=CC=C1)/S(=O)(=O)C2=CC=C(C=C2)Cl,4.1,527.0,23,6,202.2995819363333,297.52663651876185
80.8,387.5,CCC1=CC=C(C=C1)N/C=C(/C(=O)OC)\S(=O)(=O)C2=CC=C(C=C2)C(C)C,5.4,605.0,27,8,248.71975489466664,358.068958077748
64.599,169.13,COC(=O)/C=C/C1=CC(=O)NO1,0.0,267.0,12,3,84.6711733962,139.45582920711396
114.0,258.3,CCOC(=O)CN/C(=C(/C#N)\C(=O)OC)/SC,1.8,370.0,17,8,124.1404700403,224.78090632786987
35.5,297.14,COC(=O)/C=C/[C@H]1CCC2=C(O1)C=CC(=C2)Br,3.2,303.0,17,3,140.50512864406667,215.65408061875686
35.5,271.11,COC1=C(C=CC(=C1)Br)/C=C/C(=O)OC,2.9,240.0,15,4,135.32818139616666,194.29755298624414
48.4,311.4,CC(C)(C)OC(=O)C=CC1=CC(=CN=C1)OCC2=CC=CC=C2,3.6,394.0,23,7,183.41589051766664,305.42374457749645
80.6,181.16,C1=C[C@@H]([C@@H](C(=C1)C=CC(=O)[O-])O)O,0.1,283.0,13,1,136.582164182,153.4438979421088
44.8,326.4,CCOC(=O)/C=C/C1=CC(=C(C=C1)OCC2=CC=CC=C2C)OC,4.4,406.0,24,8,210.33646255666667,317.66221256185986
48.7,337.16,COC1=CC(=C(C=C1)C2=CC=C(O2)/C=C/C(=O)OC)Br,3.6,358.0,20,5,197.12661147166668,250.9830264124991
39.4,300.7,CC1=C(C=CC(=C1)Cl)C2=CC=C(O2)/C=C/C(=O)OCC#C,4.1,437.0,21,5,206.0796025253333,279.3501691946505
85.3,333.72,C=CCOC(=O)/C=C/C1=CC=C(O1)C2=C(C=C(C=C2)[N+](=O)[O-])Cl,4.1,476.0,23,6,217.821323314,285.2977156814053
85.3,333.72,C=CCOC(=O)/C=C/C1=CC=C(O1)C2=CC(=C(C=C2)Cl)[N+](=O)[O-],4.1,476.0,23,6,222.7839147933333,285.7789963990827
35.5,420.2,C=CCOC(=O)/C=C/C1=CC(=C(C=C1)OCC2=CC=CC=C2)I,5.0,401.0,23,8,214.146645792,302.1191077651766
35.5,342.4,C#CCOC(=O)/C=C/C1=CC=C(C=C1)OCC2=CC=CC3=CC=CC=C32,5.0,521.0,26,7,234.74858851166667,338.01315912621067
35.5,378.8,C=CCOC(=O)/C=C/C1=CC(=C(C=C1)OCC2=CC=CC3=CC=CC=C32)Cl,6.2,518.0,27,8,240.7168531623333,357.6472460781522
44.8,322.4,COC1=C(C=CC(=C1)/C=C/C(=O)OCC#C)OCC2=CC=CC=C2,3.5,456.0,24,8,206.34349446733336,315.6327922918173
44.8,358.8,COC1=C(C=CC(=C1)/C=C/C(=O)OCC=C)OCC2=CC=CC=C2Cl,4.9,451.0,25,9,217.01711216166663,334.7426932535783
44.8,470.1,COC1=C(C(=CC(=C1)/C=C/C(=O)OCC#C)Br)OCC2=C(C=C(C=C2)Cl)Cl,5.7,561.0,27,8,254.71881047066665,359.64346490975964
44.8,470.1,COC1=C(C(=CC(=C1)/C=C/C(=O)OCC#C)Br)OCC2=CC(=C(C=C2)Cl)Cl,5.7,561.0,27,8,238.937267873,359.5225362575305
44.8,456.1,COC1=C(C(=CC(=C1)/C=C/C(=O)OC)Br)OCC2=CC(=CC=C2)Br,5.0,429.0,24,7,204.71138570166667,304.35131575242
90.6,369.4,COC1=C(C=CC(=C1)/C=C/C(=O)OCC=C)OCC2=CC=C(C=C2)[N+](=O)[O-],4.1,521.0,27,9,222.979239786,336.8429947094816
44.8,406.9,COC1=C(C(=CC(=C1)/C=C/C(=O)OCC#C)Cl)OCC2=CC=CC3=CC=CC=C32,5.6,609.0,29,8,242.58459830666663,379.8727598475547
35.5,282.3,CC1=CC=C(C=C1)COC2=CC=CC(=C2)/C=C/C(=O)OC,4.0,342.0,21,6,174.218311743,278.60755977572984
35.5,328.8,C=CCOC(=O)/C=C/C1=CC(=CC=C1)OCC2=CC=C(C=C2)Cl,4.9,399.0,23,8,191.2713581236667,310.55508622975077
44.8,367.2,COC1=C(C=C(C=C1)/C=C/C(=O)OC)OCC2=C(C=C(C=C2)Cl)Cl,4.9,429.0,24,7,207.03129286466665,323.05705038841745
35.5,486.6,C=CCOC(=O)/C=C/C1=CC(=C(C(=C1)Br)OCC2=CC(=CC=C2)Br)Cl,6.3,472.0,25,8,227.38084508333336,327.46039745990043
35.5,476.6,C=CCOC(=O)/C=C/C1=CC(=C(C(=C1)Br)OCC2=C(C=C(C=C2)Cl)Cl)Cl,6.9,502.0,26,8,242.795840994,354.1732662777579
35.5,457.7,C=CCOC(=O)/C=C/C1=CC(=C(C(=C1)Br)OCC2=CC=CC3=CC=CC=C32)Cl,6.9,552.0,28,8,256.46859268233334,366.0253307239698
77.0,444.9,CC1(CC=C(C=C1)/C(=C\C(=O)OC2=CC=CC=C2)/NC3=NC=CC(=N3)C4=CN=CC=C4)Cl,5.0,746.0,32,7,286.39066928166665,406.6074993059081
29.5,169.22,COC(=O)C(=C)CN1CCCC1,1.0,183.0,12,4,82.64684376933333,165.5426024923908
112.0,262.3,CCCC[NH3+].C1=CC(=CC=C1/C=C(\C#N)/C(=O)O)[O-],,305.0,19,4,128.957232571,172.88418916326304
61.8,362.4,CCOC(=O)/C(=C\C1=CC=CC2=CC=CC=C21)/P(=O)(OCC)OCC,3.9,506.0,25,9,209.56674955366668,329.4290304500114
101.0,754.9,CCCCCCCC(CCCCCCC)N1C(=O)C2=C3C(=CC=C4C3=C(C=C2)C5=C6C4=CC=C7C6=C(C=C5)C(=O)N(C7=O)CCCCCCOC(=O)C=C)C1=O,12.5,1350.0,56,22,539.140238587,716.6396743476623
73.2,241.28,COC1=CC=C(C=C1)C(=CC(=O)[O-])C#N.[K+],,310.0,16,3,146.160502175,185.0054438654276
80.8,393.9,CC(C)C1=CC=C(C=C1)S(=O)(=O)/C(=C\NC2=CC=C(C=C2)Cl)/C(=O)OC,5.2,596.0,26,7,240.06369821166663,344.04996625846576
32.8,364.5,CCOC(=O)/C=C/C1CN(CCN1CC2=CC=CC=C2)CC3=CC=CC=C3,3.6,467.0,27,8,207.718074475,362.0745657276823
90.7,364.2,C1CN(C(=N1)NC2=C(C3=NC=CN=C3C=C2)Br)CCC(=O)O,0.3,447.0,22,5,179.70530158303333,258.25388044011794
77.1,373.4,CCOC(=O)/C(=C\C1=CN(N=C1C2=CC=C(C=C2)OC)C3=CC=CC=C3)/C#N,4.1,597.0,28,7,260.3319726436667,352.21244952499944
86.2,388.4,C1=CC(=CC=C1CN2C=C[N+](=C2)CC3=CC=C(C=C3)/C=C/C(=O)O)/C=C/C(=O)[O-],3.9,597.0,29,7,548.1424849263334,362.1736299459407
74.7,386.4,CCOC(=O)/C(=C\N(C)C)/C\1=NN(C(=O)/C1=C\N(C)C)C2=CC=C(C=C2)OC,2.4,674.0,28,8,257.7930166846667,364.3696206507951
78.9,675.5,CC1=C(C=CC(=C1)C2(OC(=O)C3=CC=CC=C23)C4=CC(=C(C=C4)OC(=O)/C=C/C5=CC=C(C=C5)Cl)C)OC(=O)/C=C/C6=CC=C(C=C6)Cl,10.2,1110.0,48,10,450.6134404863333,610.8096419564372
35.5,192.21,COC(=O)/C=C/OCC1=CC=CC=C1,1.8,193.0,14,5,106.32412679756663,186.01051541330625
46.5,220.26,CCOC(=O)/C=C/C1=CC(=C(C=C1)CO)C,2.0,248.0,16,5,138.87829225746663,213.18029480750477
63.6,290.4,CC1CC2C(C(C3(C1C=CC3=O)C)O)C(=C(C)C)C(=O)O2,2.3,569.0,21,0,150.47111916433334,263.2112117629923
88.4,330.4,CC1=CC(=CC(=C1C=C(C(=O)OC)NC(=O)OC(C)(C)C)C)C#N,3.4,541.0,24,6,188.17394596066663,311.89220837834847
55.4,356.2,C1CCC(CC1)NC(=O)COC(=O)/C=C/C2=CC(=C(C=C2)Cl)Cl,4.6,436.0,23,6,190.8836900817,310.35446341234103
39.4,367.62,C=CCOC(=O)/C=C/C1=CC=C(O1)C2=C(C=C(C=C2)Cl)Br,4.9,399.0,21,6,211.206581966,274.41997751060796
85.3,297.26,C#CCOC(=O)/C=C/C1=CC=C(O1)C2=CC=CC=C2[N+](=O)[O-],2.9,487.0,22,5,191.17486134766668,266.47351422277603
35.5,373.2,C=CCOC(=O)/C=C/C1=CC(=C(C=C1)OCC2=CC=CC=C2)Br,5.0,401.0,23,8,207.73322816366667,301.29629320726735
35.5,363.2,C=CCOC(=O)/C=C/C1=CC=C(C=C1)OCC2=CC(=C(C=C2)Cl)Cl,5.6,430.0,24,8,214.5924198126667,328.2650091882474
48.4,269.29,COC(=O)/C=C/C1=CC=C(C=C1)OCC2=CN=CC=C2,2.6,322.0,20,6,169.7822001259,258.5603304675195
35.5,473.1,COC(=O)/C=C/C1=CC(=C(C=C1)OCC2=CC=C(C=C2)Br)I,5.0,380.0,22,6,207.297851153,280.7280222710073
35.5,421.3,C#CCOC(=O)/C=C/C1=CC(=C(C=C1)OCC2=CC=CC3=CC=CC=C32)Br,5.7,563.0,27,7,246.997585138,346.79451155791105
44.8,448.2,COC1=C(C(=CC(=C1)/C=C/C(=O)OCC#C)I)OCC2=CC=CC=C2,4.4,489.0,25,8,233.48396682766668,325.34876744276886
44.8,417.3,CC1=CC=CC=C1COC2=C(C=C(C=C2Br)/C=C/C(=O)OCC=C)OC,5.3,479.0,26,9,242.85120328733333,340.3590001617045
44.8,425.7,CCOC(=O)/C=C/C1=CC(=C(C(=C1)Br)OCC2=CC=CC=C2Cl)OC,5.3,445.0,25,8,215.3981319424,329.2896283562287
44.8,425.7,COC1=C(C(=CC(=C1)/C=C/C(=O)OCC#C)Cl)OCC2=CC(=C(C=C2)Cl)Cl,5.6,559.0,27,8,227.809907002,369.25978593155884
44.8,503.1,COC1=C(C(=CC(=C1)/C=C/C(=O)OC)I)OCC2=CC(=CC=C2)Br,5.0,431.0,24,7,221.2930813113333,305.7020963492115
57.6,347.8,CCOC(=O)/C=C/C1=CC(=C(C(=C1)Cl)OCC2=CN=CC=C2)OC,3.6,418.0,24,8,199.31245354,316.140183202231
44.8,451.3,COC1=C(C(=CC(=C1)/C=C/C(=O)OCC#C)Br)OCC2=CC=CC3=CC=CC=C32,5.7,609.0,29,8,245.13838929466667,370.7514542978378
44.8,393.3,COC1=C(C=C(C=C1)/C=C/C(=O)OCC=C)OCC2=C(C=C(C=C2)Cl)Cl,5.5,482.0,26,9,219.221722723,352.69477167198875
118.0,373.35,C=CC(=O)OCCOCCOCCOCCC(=O)ON1C(=O)CCC1=O,-0.8,490.0,26,16,156.07907692799998,319.6821580975705
65.099,372.21,CN(C)/C=C(\C(=O)C1=CC(=C(C=C1OC)OC)Br)/C(=O)OC,2.7,438.0,22,7,181.089523147,281.6508404582692
48.9,210.27,CCCCN1C=C[N+](=C1)C.C=CC(=O)[O-],,144.0,15,3,92.23714690483332,157.58712626839974
58.8,375.8,CN1CCN(CC1)C/C(=C\C2=NOC(=C2)C3=CC=CC=C3Cl)/C(=O)OC,2.6,508.0,26,6,210.57846562766667,337.9159843477546
101.0,402.4,C1=CC=C(C=C1)COC(=O)/C(=C\C2=CC(=CC=C2)[N+](=O)[O-])/NC(=O)C3=CC=CC=C3,4.6,630.0,30,7,251.1139754554333,364.44661010369987
71.8,368.4,CN1C=NC2=C1C=CC(=C2)OC(=O)C=CC3=CC(=C(C(=C3)OC)OC)OC,3.2,515.0,27,7,223.57913640633333,337.0810976845893
73.9,409.5,CCCCOC1=CC=C(C=C1)C(=O)N/C(=C/C2=CC=C(C=C2)OC)/C(=O)OCC=C,5.1,572.0,30,12,279.08019926,392.1412923993444
26.3,238.71,CCOC(=O)/C=C/C1=CC(=C(C(=C1)C)Cl)C,3.9,251.0,16,4,147.25384437333332,226.04276965310004
73.6,272.73,CCOC(=O)/C=C(\N)/NC1=CC=C(C=C1)OC.Cl,,271.0,18,6,142.47084729280002,221.35277438798786
146.0,342.3,CCOC(=O)/C=C/C1=CN(C(=O)NC1=O)[C@H]2[C@@H]([C@@H]([C@H](O2)CO)O)O,-1.3,587.0,24,6,168.31980198066665,269.5137234112803
64.4,277.14,CCOC(=O)/C=C(\N)/NC1=CC=C(C=C1)Cl.Cl,,261.0,17,5,145.3384089164,212.50916717920614
166.0,713.9,CC(=C)C(=O)OCCOCCOCCOCCOCCOCCOCCOCCOCCOCCOCCOCCNC(=O)OC(C)(C)C,0.2,767.0,49,40,320.5277492683333,653.0537877472169
48.3,352.2,CCOC(=O)/C=C/C1=CC(=CN1C)C(=O)C2=C(C=C(C=C2)Cl)Cl,3.9,469.0,23,6,203.68883583233333,307.39706572618803
90.1,381.8,COC1=CC=C(C=C1)N/C=C(/C(=O)OC)\S(=O)(=O)C2=CC=C(C=C2)Cl,4.1,570.0,25,7,225.31914099666665,321.8404014859533
90.1,375.4,CC1=C(C=C(C=C1)S(=O)(=O)/C(=C\NC2=CC=C(C=C2)OC)/C(=O)OC)C,4.2,602.0,26,7,238.2893862813333,334.76048437118374
90.1,375.4,CCC1=CC=C(C=C1)N/C=C(/C(=O)OC)\S(=O)(=O)C2=CC=C(C=C2)OC,4.2,580.0,26,8,234.9172933263333,334.6673761283221
71.1,364.4,CC(C)(C)OC(=O)OC1=CC=C(C=C1)OCCCCCCOC(=O)C=C,4.9,432.0,26,14,186.779266009,349.0106748616665
44.8,256.68,COC1=C(C(=C(C=C1)/C=C/C(=O)OC)Cl)OC,2.8,280.0,17,5,145.236597234,227.92415752340398
26.3,238.71,CC(C)(C)OC(=O)C(=C)C1=CC=C(C=C1)Cl,4.0,270.0,16,4,126.05439177396666,226.38200565252907
54.5,182.24,CC1=C(SC=C1)/C=C/C(=O)OC,2.3,189.0,12,3,108.5197534318,167.16163055122777
58.8,303.4,CCOC(=O)/C=C(\N)/N1CCN(CC1)C2=C(C=CC=C2C)C,3.2,393.0,22,5,176.63520404433334,293.1574367882169
109.0,366.4,C1CCC(CC1)OC(=O)/C(=C/C2=CC=C(O2)C3=CC=C(C=C3)[N+](=O)[O-])/C#N,4.5,618.0,27,5,258.6418437598,325.09804640899324
63.2,293.3,CC1=CC=C(C=C1)C2=CC=C(O2)/C=C(\C#N)/C(=O)OCC=C,3.9,480.0,22,6,212.74349516133336,282.26714263874555
72.1,303.76,CN(C)/C=C(\C(=O)OC)/S(=O)(=O)C1=CC=C(C=C1)Cl,2.1,445.0,19,5,150.36736173066666,254.1048514853543
80.8,401.5,CCC1=CC=C(C=C1)N/C=C(/C(=O)OC)\S(=O)(=O)C2=CC=C(C=C2)C(C)(C)C,5.9,641.0,28,8,256.0134777883333,372.5003108835357
90.1,403.5,CC(C)(C)C1=CC=C(C=C1)S(=O)(=O)/C(=C\NC2=CC=C(C=C2)OC)/C(=O)OC,5.1,643.0,28,8,252.08260843466667,365.64625941779695
99.3,417.5,CC(C)(C)C1=CC=C(C=C1)S(=O)(=O)/C(=C\NC2=CC3=C(C=C2)OCO3)/C(=O)OC,4.9,712.0,29,7,254.66981079866665,363.9292979078234
80.8,351.8,COC(=O)/C(=C/NC1=CC=C(C=C1)Cl)/S(=O)(=O)C2=CC=CC=C2,4.1,527.0,23,6,206.48138990366667,296.85599794314567
99.3,361.4,COC(=O)/C(=C/NC1=CC2=C(C=C1)OCO2)/S(=O)(=O)C3=CC=CC=C3,3.3,605.0,25,6,215.47599983566667,302.5802540340324
99.3,411.9,COC1=C(C=C(C=C1)N/C=C(/C(=O)OC)\S(=O)(=O)C2=CC=C(C=C2)Cl)OC,4.0,624.0,27,8,241.95470566966665,346.45522448795776
90.1,361.4,CC1=CC=C(C=C1)S(=O)(=O)/C(=C\NC2=CC=C(C=C2)OC)/C(=O)OC,3.8,565.0,25,7,226.6537370263333,319.2353923792369
99.3,405.5,CC1=C(C=C(C=C1)S(=O)(=O)/C(=C\NC2=CC(=C(C=C2)OC)OC)/C(=O)OC)C,4.1,656.0,28,8,252.468551715,359.13557201322175
80.8,373.5,CC1=CC=C(C=C1)N/C=C(/C(=O)OC)\S(=O)(=O)C2=CC=C(C=C2)C(C)C,4.9,590.0,26,7,235.78813398666668,341.291492295104
90.1,403.5,CCOC1=CC=C(C=C1)N/C=C(/C(=O)OC)\S(=O)(=O)C2=CC=C(C=C2)C(C)C,4.9,622.0,28,9,254.2123179626667,366.61384062966795
99.3,419.5,CC(C)C1=CC=C(C=C1)S(=O)(=O)/C(=C\NC2=CC(=C(C=C2)OC)OC)/C(=O)OC,4.5,661.0,29,9,259.69519929800003,374.96596075321054
99.3,391.4,CCOC1=CC=C(C=C1)N/C=C(/C(=O)OC)\S(=O)(=O)C2=CC=C(C=C2)OC,3.8,596.0,27,9,242.07200515,344.31172471940107
109.0,407.4,COC1=CC=C(C=C1)S(=O)(=O)/C(=C\NC2=CC(=C(C=C2)OC)OC)/C(=O)OC,3.4,635.0,28,9,247.73543691066664,352.71327538263205
90.1,381.8,COC1=CC=C(C=C1)S(=O)(=O)/C(=C\NC2=CC=C(C=C2)Cl)/C(=O)OC,4.1,570.0,25,7,224.58155836866663,321.93898836569116
58.0,250.23,C1=CC(=CC=C1CN2C=CN=C2)C=CC(=O)[O-].[Na+],,289.0,18,4,152.69340756433334,213.81204797760952
61.6,213.3,CCOC(=O)C(=C)CN1CCCC1=S,1.0,263.0,14,5,103.60394226613332,197.8513425725005
83.9,389.4,C1OC2=C(O1)C=C(C=C2)/C=C\C(=O)OCC3=NOC(=C3)C4=CC5=CC=CC=C5O4,4.1,612.0,29,6,236.290454021,338.28986784885126
83.9,355.3,COC1=C(C=C(C=C1)/C=C\C(=O)OCC2=NOC(=C2)C3=CC=CO3)OC,2.9,485.0,26,8,221.2615488353333,317.49617475839347
80.8,331.4,CC1=CC=C(C=C1)S(=O)(=O)/C(=C\NC2=CC=CC=C2)/C(=O)OC,3.8,521.0,23,6,203.0825369416667,293.7502332399718
93.7,332.4,CC1=CC=C(C=C1)S(=O)(=O)/C(=C\NC2=CC=CC=N2)/C(=O)OC,3.1,531.0,23,6,199.4556069553333,289.1921137962733
80.8,345.4,CC1=CC=C(C=C1)N/C=C(/C(=O)OC)\S(=O)(=O)C2=CC=C(C=C2)C,4.2,548.0,24,6,218.12698276333333,310.4852559350876
78.0,366.8,COC1=CC=C(C=C1)S(=O)(=O)/C(=C/C2=CC=C(C=C2)Cl)/C(=O)OC,3.8,550.0,24,6,204.330873129,311.2490080580385
72.1,362.17,C1=CC(=CC(=C1)Br)COC(=O)/C=C/C2=CC(=CC=C2)[N+](=O)[O-],4.2,421.0,22,5,176.33841801433334,267.06043713600695
99.3,377.4,COC1=C(C=C(C=C1)N/C=C(/C(=O)OC)\S(=O)(=O)C2=CC=CC=C2)OC,3.4,591.0,26,8,229.0564739396667,328.37032199474464
145.0,422.4,COC1=CC(=CC(=C1)N/C=C(\C(=O)OC)/S(=O)(=O)C2=CC=CC=C2[N+](=O)[O-])OC,3.2,700.0,29,8,238.352305168,348.1696521574174
83.1,430.5,CCOC(=O)/C=C(/NC(=O)NC1CCCCC1)\N2CCN(CC2)C3=CC=C(C=C3)OC,4.0,605.0,31,8,244.808138105,402.8809551933701
78.0,397.2,COC(=O)C=CC1=CC=C(C=C1)OS(=O)(=O)C2=CC=C(C=C2)Br,4.0,509.0,23,6,183.557851409,286.4346290748086
67.9,371.4,CCC1=CC=C(C=C1)C2=NN(C=C2/C=C(\C#N)/C(=O)OCC)C3=CC=CC=C3,4.9,594.0,28,7,260.25041918266663,359.35055834994574
180.0,545.6,CCC(CC)C(=O)NC1=NN=C(S1)SCC2=CC(=O)C(=CO2)OC(=O)/C=C/C3=CC(=C(C=C3)OC)OC,4.2,907.0,37,13,318.2400537486667,468.745840812156
100.0,247.66,COC(=O)/C=C/C1=C(SC(=C1)Cl)[N+](=O)[O-],3.0,291.0,15,3,123.14587532443332,189.73496141093685
70.2,233.22,COC(=O)/C(=C/C1=CC=CO1)/CN2C=NC=N2,1.0,306.0,17,5,124.40158315686666,207.5562823191672
58.9,316.2,CCOC(=O)/C(=C(\C)/O)/C=NCC1=C(C=CC(=C1)Cl)Cl,4.0,396.0,20,6,161.15897975733333,273.26816145167993
67.9,393.4,CCOC(=O)/C(=C\C1=CN(N=C1C2=CC3=CC=CC=C3C=C2)C4=CC=CC=C4)/C#N,5.4,675.0,30,6,282.3978348063333,374.8261743723824
44.1,380.4,CC1=CC=C(C=C1)C2=NN(C=C2/C=C\C(=O)OC3=CC=CC=C3)C4=CC=CC=C4,5.8,543.0,29,6,264.4079158153333,369.69359040749123
189.0,545.6,COC1=CC(=CC(=C1OC)OC)/C=C/C(=O)OC2=COC(=CC2=O)CSC3=NN=C(S3)NC(=O)C4CC4,2.8,940.0,37,12,337.396166928,457.755548574108
186.0,623.8,C[C@H](CCC(=O)N[C@@H]1[C@H]([C@@H]([C@H](OC1O)CO)O)O)[C@H]2CC[C@@H]3[C@@]2([C@H](C[C@H]4[C@H]3[C@@H](C[C@H]5[C@@]4(CC[C@H](C5)OC(=O)C=C)C)O)O)C,2.4,1070.0,44,9,297.6093339706667,539.5374581052523
44.8,264.32,CC(C)(C)OC(=O)/C=C/C1=C(C=CC(=C1)OC)OC,3.1,317.0,19,6,161.98464596953332,257.8077956065611
44.1,311.2,CCOC(=O)/C(=C\C1=C(C=C(C=C1)Cl)Cl)/N2C=CN=C2,3.8,376.0,20,5,176.97454900530002,267.7517804875367
55.8,210.23,COC1=C(C=CC(C1)/C=C/C(=O)OC)O,1.3,326.0,15,4,110.7675126346,193.41141699377803
39.4,242.27,CC1=CC(=C(C=C1)C)OC(=O)/C=C/C2=CC=CO2,3.6,311.0,18,4,158.60270125133334,234.06287525734587
44.8,236.26,CCOC(=O)/C=C/C1=C(C=CC(=C1)OC)OC,2.5,262.0,17,6,143.3137549050333,226.180665473986
26.3,381.0,CCOC(=O)/C=C/C1=C(C=CC(=C1)I)Br,3.9,243.0,15,4,143.7967291807,195.08222785402194
55.0,194.23,CCC(C)OC(=O)/C=C/C1=CN=CN1,1.7,216.0,14,5,111.44523968733334,184.69947483807613
103.0,302.29,CCOC(=O)/C(=C/C1=CC(=CC=C1)[N+](=O)[O-])/CN2C=NC=N2,2.1,435.0,22,6,158.93089922066667,262.4530028647532
76.7,304.34,CC1(CC(=C(C(=O)C1)C/C(=C\C2=CC=CO2)/C(=O)OC)O)C,2.4,527.0,22,5,167.53877198166666,277.33770012851556
76.7,276.28,COC(=O)/C(=C/C1=CC=CO1)/CC2=C(CCCC2=O)O,1.6,461.0,20,5,158.31369985553332,247.0054758419455
39.2,177.2,CC1=NC(=CC=C1)C=CC(=O)OC,1.6,201.0,13,3,99.3288486364,172.49300514587813
78.5,223.63,C1=CC(=CC(=C1)Cl)C(=N/C=C/C(=O)[O-])N,2.0,284.0,15,2,124.997359427,190.84669029537397
78.5,223.63,C1=CC(=CC=C1C(=N/C=C/C(=O)[O-])N)Cl,2.0,276.0,15,2,141.75479074766668,189.6212273827708
26.3,297.19,CC1=C(C=C(C=C1)Br)/C=C/C(=O)OC(C)(C)C,4.2,291.0,17,4,150.84393981719998,232.20246048523762
26.3,170.25,CCC(COC(=O)C=C)C(C)C,3.2,150.0,12,6,86.40771807753333,179.0568546529735
55.8,284.31,COC1=CC=C(C=C1)/C=C(/C2=CC=C(C=C2)O)\C(=O)OC,3.5,361.0,21,5,198.29908171806665,267.08654387355756
72.1,331.7,CC1=CC(=CC(=C1Cl)C)OC(=O)/C=C/C2=CC=CC=C2[N+](=O)[O-],4.9,450.0,23,4,193.48896629266665,290.38869869311594
70.1,195.22,CCOC(=O)/C=C(/C1=CC=NN1C)\N,0.6,240.0,14,4,103.55528782286666,178.28277058291934
39.2,320.96,COC(=O)/C=C/C1=C(C=NC=C1Br)Br,2.5,223.0,14,3,119.30312937540002,173.67968711615669
29.5,223.31,C=CC(=O)OCC1CCCN2C1CCCC2,2.4,265.0,16,4,113.6589424596,217.60760195308006
101.0,311.29,CCOC(=O)/C(=C\C1=C(C=CC(=C1)[N+](=O)[O-])N2C=CC=C2)/C#N,2.7,525.0,23,5,180.8564692397,276.5834473069873
64.599,367.4,CCCCOC(=O)/C(=C/C1=CC=C(C=C1)OC)/NC(=O)C2=CC=C(C=C2)C,4.8,500.0,27,9,235.34185011533336,355.4387431340614
99.9,289.29,COC(=O)/C(=C\NCCC1=CNC2=CC=CC=C21)/[N+](=O)[O-],3.2,419.0,21,6,156.3582100834,251.51853868725692
54.0,294.34,CC(C)OCCOCC1=CC=C(C=C1)O/C=C/C(=O)OC,2.2,306.0,21,10,165.16385592999998,281.5916341675793
101.0,382.4,CC1=CC=C(C=C1)C(=O)N/C(=C\C2=CC=C(C=C2)[N+](=O)[O-])/C(=O)OCC(C)C,4.8,580.0,28,7,240.77959708366663,350.0035174771208
83.1,381.4,COC1=CC=C(C=C1)C(=O)N/C(=C/C2=CC3=C(C=C2)OCO3)/C(=O)OCC=C,3.7,596.0,28,8,251.65545274866668,344.37613776258206
96.5,466.3,C1=CC=C(C(=C1)/C=N\NC2=CC=C(C=C2)[N+](=O)[O-])OC(=O)/C=C/C3=CC=C(C=C3)Br,5.9,620.0,30,7,305.2219018303333,362.2955075865285
63.6,215.31,COC(=O)/C=C/NCC1CCCCS1,2.5,206.0,14,5,112.2946692384,198.54247955815254
143.0,364.31,CCOP(=O)(/C(=C/N1C(=O)CC(=O)NC1=S)/C(=O)OC)OCC,-0.3,594.0,23,8,166.58010250700002,286.8528973773595
105.0,241.31,CCOC(=O)/C(=C(\N)/N1CCCC1)/SC#N,2.2,339.0,16,5,118.5819618062,212.51187879654682
134.0,414.4,CC(OC(=O)/C=C/C1=CC(=C(C=C1)O)O)C(OC(=O)/C=C/C2=CC(=C(C=C2)O)O)C,3.6,577.0,30,9,244.77385287733333,362.0250552511995
158.0,582.6,CC(OC(=O)/C=C/C1=CC(=C(C=C1)OC(=O)C)OC(=O)C)C(OC(=O)/C=C/C2=CC(=C(C=C2)OC(=O)C)OC(=O)C)C,4.0,965.0,42,17,338.71078953766664,517.0835903116068
94.4,386.4,CCOC(=O)/C=C/C1=CC2=C(C=C1)OC(C(O2)CO)C3=CC(=C(C=C3)O)OC,2.8,537.0,28,7,225.69505407533333,342.48021079198975
97.5,268.29,CN1C(=CC=C1S(=O)(=O)C)/C=C(/C#N)\C(=O)OC,0.5,509.0,18,4,147.23390169073335,226.7667229052549
69.2,402.4,COC1=CC=C(C=C1)/C=C/C(=O)OC2=C(C=C(C=C2)/C=N/NC3=CC=CC=C3)OC,5.3,566.0,30,9,311.2388236803333,381.59636340995706
104.0,423.4,COC1=CC(=C(C=C1)/C=C/C(=O)OC2=C(C=C(C=C2)/C=C(\C#N)/C(=O)OC)OC)OC,3.9,723.0,31,10,298.297097566,388.2344257892018
96.7,497.3,CCCOC1=CC=C(C=C1)/C=C(\C#N)/C(=O)OCCCN2C(=O)C3=C(C2=O)C=C(C=C3)Br,4.7,781.0,32,10,271.675857273,394.1715857589
124.0,474.5,COC(=O)C(=CC1=CC=C(O1)C=C(C(=O)OC)NC(=O)C2=CC=CC=C2)NC(=O)C3=CC=CC=C3,3.7,771.0,35,10,318.46695627233333,425.78959613736805
80.9,476.5,C1C(C1(C2=CC=CC=C2)C3=CC=CC=C3)C(=O)N/N=C/C4=CC(=CC=C4)OC(=O)/C=C/C5=CC=CO5,5.6,794.0,36,9,319.695215621,451.55936120047926
131.0,489.5,CCCOC1=CC=C(C=C1)/C=C(\C#N)/C(=O)OC2=C(C=C(C=C2)/C=C(\C#N)/C(=O)NCCOC)OC,4.0,888.0,36,13,335.58334241233337,454.3523799801157
143.0,352.29,COC1=C(C=CC(=C1)/C=C/C(=O)OC[C@@H]([C@@H]2C(=C(C(=O)O2)O)O)O)O,1.0,568.0,25,7,184.243492855,283.73365946892216
103.0,480.5,CC1=CC(=CC(=C1C2=NC3=C(N2)C=C(C=C3)C4=NN=C(O4)C5=CC=C(C=C5)OC)C)/C=C\C(=O)OC,5.3,761.0,36,7,374.1913463733333,438.3412618237062
55.8,222.24,CCOC(=O)C=CC1=C(C=CC=C1OC)O,2.2,249.0,16,5,129.14160024353336,206.36228936935527
43.4,410.6,C[C@]12CC[C@H]3[C@H]([C@@H]1CC[C@@H]2OC(=O)/C=C/C4CCCC4)CCC5=CC(=O)CC[C@]35C,6.3,773.0,30,4,236.2410531893333,395.6871689419811
92.4,446.5,CC(C=CC(=O)N(C1=CC=CC=C1)C2=CC=CC=C2)OC(=O)C=CC3=CCCC(C3)[N+](=O)[O-],4.7,752.0,33,8,274.88164839033334,416.7925404731812
29.5,287.4,CC(C)(C)OC(=O)/C=C/[C@@H]1CCCN1CC2=CC=CC=C2,3.4,364.0,21,6,161.62387201866667,289.68195145961107
57.6,221.21,COC(=O)C=CC1=CC2=C(N=C1)OCCO2,1.2,279.0,16,3,126.9913424649,194.69415192672537
60.4,384.5,C[C@]12CCC3C([C@@H]1CC[C@@H]2C(=O)COC(=O)C=C)CCC4=CC(=O)CC[C@]34C,3.7,750.0,28,5,210.561149323,361.50213586373343
82.4,331.37,CCOC(=O)/C(=C/N(C)C)/C1=NN=NN1CC2=CC=C(C=C2)OC,1.7,435.0,24,8,176.91919913666666,304.6338812952701
62.1,244.29,CCC1=CC=C(C=C1)N/C=C(/C#N)\C(=O)OCC,3.5,346.0,18,6,144.4920301909,238.24588478050106
42.1,280.12,COC(=O)C=CC1=CNC2=C1C=C(C=C2)Br,3.0,293.0,16,3,143.81886435743334,198.13387448134768
44.8,250.29,CCOC1=C(C=CC(=C1)C=CC(=O)OCC)OC,2.9,275.0,18,7,143.42538936266666,242.07168620670402
57.5,380.2,CC(C)(C)OC(=O)N1C=C(C2=C1C=CC(=C2)Br)/C=C\C(=O)OC,4.2,486.0,23,5,192.794675926,291.41643853343624
55.8,200.23,CCOC(=O)/C(=C\O)/C1CCOCC1,1.3,216.0,14,4,93.38521963373334,181.2755766754598
26.3,403.4,C=CC(=O)OCCCCCCCCCCCCCCCCCCBr,9.8,279.0,24,20,196.4253995063333,360.58699099083276
67.9,232.03,COC(=O)C=CC1=NNC(=N1)Br,1.3,197.0,12,3,86.52953225926667,139.66641039774535
96.0,312.31,C=CC(=O)OCCOCCCCC(=O)OC1C(=O)CCC1=O,0.6,425.0,22,12,136.78875693533334,275.17767013821873
67.8,287.37,CCCCCCOCC(C(=C)C(=O)[O-])OCCOCC,3.1,260.0,20,13,198.442189715,278.4974184906069
46.5,240.68,CCOC(=O)/C=C/C1=C(C=C(C=C1)CO)Cl,2.3,253.0,16,5,136.68006865423334,215.50164628568405
119.0,282.21,C1CC(=O)N(C1=O)OC(=O)C=COC2CC(=O)NC2=O,-1.7,509.0,20,5,122.26053293466668,220.04934094387937
90.6,251.19,COC(=O)/C=C/C1=CC2=C(C=C1[N+](=O)[O-])OCO2,1.8,363.0,18,3,137.28607231586668,204.14371439867298
103.0,420.5,CC(C)(C)OC(=O)N1CCOC(C1)C=C(C(=O)OC)NC(=O)OCC2=CC=CC=C2,2.2,636.0,30,9,204.74051493566665,379.7549115699594
101.0,506.5,C[C@@]12CC(OC(=O)C1CC(C3C2CC4CC3C(=O)O4)OC(=O)C=CC5=CC=C(C=C5)OC)C6=COC=C6,4.3,938.0,37,6,284.5219097276667,445.6658074724285
35.5,218.25,COC(=O)/C=C/OC/C=C/C1=CC=CC=C1,2.5,250.0,16,6,135.95642555433335,215.6245004141018
39.4,248.66,C1=CC=C(C(=C1)OC(=O)/C=C/C2=CC=CO2)Cl,3.5,290.0,17,4,149.9767511346,220.5370831551936
72.1,303.69,C1=CC=C(C=C1)OC(=O)C=CC2=C(C=CC(=C2)[N+](=O)[O-])Cl,3.8,401.0,21,4,159.760504972,259.67050909880373
63.8,390.5,CCOC(=O)/C=C/C1=C(C2=C(CC1)C=C(C=C2)OC)C3=CC4=CC=CC=C4S3,5.4,625.0,28,6,282.327056031,366.2566961201192
35.5,395.7,C#CCOC(=O)/C=C/C1=CC(=C(C=C1)OCC2=C(C=C(C=C2)Cl)Cl)Cl,5.7,513.0,25,7,222.084394232,344.3520086602018
63.0,202.21,CC1=C(N=CC=C1)/C=C(\C#N)/C(=O)OC,1.5,314.0,15,3,120.42424377766667,191.02450742751094
143.0,307.4,CC1=NN=C(S1)SC2=CC=C(O2)/C=C(\C#N)/C(=O)OC,3.3,449.0,20,5,171.1487277473333,251.75348896748227
77.1,261.279,COC(=O)/C(=C/C1=CC=NN1C2CCCCO2)/C#N,1.2,413.0,19,4,141.52678709843337,235.77170071674405
65.9,254.28,CCOC(=O)/C(=C\C1=CC=CC2=C1NC(=C2)C)/C#N,3.0,421.0,19,4,163.29692257433337,240.32253835244052
26.3,214.69,CCOC(=O)C=CC1=C(CC(C1)C)Cl,2.7,279.0,14,4,119.22184377803336,200.7133512244649
26.3,214.69,CCOC(=O)C=CC1=C(CCC1C)Cl,2.6,279.0,14,4,114.98187221696666,200.40595429824037
44.8,296.3,CC1=CC(=CC(=C1)OC(=O)/C=C/C2=CC3=C(C=C2)OCO3)C,4.7,409.0,22,4,196.156937713,277.40712343067526
64.599,317.4,COC1=CC=C(C=C1)/C=C/C(=O)OCC(=O)NC2CCCCC2,3.3,407.0,23,7,192.374901976,299.128149922311
35.5,302.7,CC1=C(C=CC(=C1)OC(=O)/C=C/C2=CC=CC=C2OC)Cl,4.7,369.0,21,5,193.67868974010003,280.76049547185687
50.1,229.27,CCOC(=O)/C(=C/C1=C(C=C(C=C1)C)C)/C#N,3.2,351.0,17,4,148.88568659299997,227.36184193703676
109.0,312.28,CCOC(=O)/C(=C/C1=CC=C(O1)C2=CC=CC=C2[N+](=O)[O-])/C#N,3.1,530.0,23,5,199.9589953873333,272.8839747209991
44.8,377.2,CC1=CC(=C(C=C1)OC(=O)/C=C/C2=C(C=C(C=C2)OC)OC)Br,4.8,412.0,23,6,219.04086166733336,295.7360282505938
72.9,351.4,COC1=CC=C(C=C1)/C=C/C(=O)OCCN2C(=O)C3=CC=CC=C3C2=O,2.8,541.0,26,7,205.627606782,320.3692483280614
55.4,364.2,CC1=CC=C(C=C1)/C=C/C(=O)OCC(=O)NC2=C(C=CC(=C2)Cl)Cl,4.7,461.0,24,6,211.42777829233333,319.1512383192759
55.4,387.5,CCC1=C(C(=CC=C1)CC)NC(=O)COC(=O)/C=C/C2=CC=CC3=CC=CC=C32,5.9,560.0,29,8,257.178519363,378.0580900549922
64.599,375.4,CCOC1=CC=CC=C1NC(=O)COC(=O)/C=C/C2=CC=CC3=CC=CC=C32,4.7,547.0,28,8,244.39251039246665,355.35434787197966
64.599,353.4,CC(C)C1=CC=CC=C1NC(=O)COC(=O)/C=C/C2=CC=C(C=C2)OC,4.2,480.0,26,8,226.58559402800003,338.9801211910224
65.7,245.28,CCOC(=O)/C(=C/N=C1C=C(C=CN1C)C)/C#N,0.9,504.0,18,4,149.636876467,234.18172748257845
35.5,423.3,CCOC1=CC=C(C=C1)/C=C/C(=O)OC2=C(C=C(C=C2)C3=CC=CC=C3)Br,6.4,478.0,27,7,276.8029596123333,348.35298151120526
54.0,407.3,COC1=CC(=CC(=C1OC)OC)/C=C/C(=O)OCC2=CC(=CC=C2)Br,4.3,428.0,25,8,227.496969837,320.22629333060377
64.599,462.4,C1CCC(CC1)NC(=O)COC(=O)/C=C/C2=CC=C(C=C2)OCC3=C(C=CC=C3Cl)Cl,6.1,590.0,31,9,262.8422572483333,411.594914632516
59.3,363.4,CCCOC1=CC=C(C=C1)/C=C(\C#N)/C(=O)OC2=CC=CC=C2C(C)(C)C,6.2,558.0,27,8,250.184866448,359.3833058372975
54.0,418.5,CCCOC1=C(C=C(C=C1)/C=C/C(=O)OC2=CC=C(C=C2)OCC3=CC=CC=C3)OC,6.1,534.0,31,11,281.20825246966666,404.13126078735894
83.1,399.4,COC1=CC=C(C=C1)/C=C/C(=O)OCC(=O)NCCC2=CC(=C(C=C2)OC)OC,3.4,529.0,29,11,236.628712853,373.30616029725155
64.599,449.9,CC1=C(C(=CC=C1)NC(=O)COC(=O)/C=C/C2=CC=C(C=C2)OCC3=CC=C(C=C3)Cl)C,5.9,623.0,32,9,273.99472994633334,417.6356533834962
64.599,435.9,C1=CC=C(C=C1)CNC(=O)COC(=O)/C=C/C2=CC=C(C=C2)OCC3=CC=C(C=C3)Cl,5.1,574.0,31,10,259.64626230566665,402.2504021500681
80.7,249.29,COC(=O)C(=C)C1C(=O)NC2=CC=CC=C2S1,1.9,356.0,17,3,130.37360290286668,215.61752033205474
123.0,517.6,COC1=CC=C(C=C1)/C=C/C(=O)OC2=C(C=C(C=C2)/C=C\3/C(=O)N(C(=S)S3)CC4=CC=CC=C4)OC,6.3,845.0,36,9,378.7129094046666,466.04921420320966
136.0,507.6,COC1=CC=C(C=C1)/C=C/C(=O)OC2=C(C=C(C=C2)/C=C\3/C(=O)N(C(=S)S3)CC4=CC=CO4)OC,5.4,838.0,35,9,377.7563727136667,445.6366704055014
63.2,219.24,CCOC(=O)/C(=C\C1=CC(=C(O1)C)C)/C#N,2.4,339.0,16,4,136.15457395883334,207.31832055308854
55.4,408.7,CC(C(=O)NC1=CC=C(C=C1)Br)OC(=O)/C=C/C2=CC=C(C=C2)Cl,4.8,455.0,24,6,211.853005664,309.33154354337756
73.9,353.4,CC(C(=O)NC1=CC=CC=C1)OC(=O)/C=C/C2=CC3=C(C=C2)OCCO3,3.2,514.0,26,6,217.09992261033327,321.59079926449334
73.9,387.8,CC1=C(C=CC(=C1)Cl)NC(=O)COC(=O)/C=C/C2=CC3=C(C=C2)OCCO3,3.8,555.0,27,6,236.03843216566668,339.61177557484314
134.0,547.6,COC1=CC(=CC(=C1OC)OC)C(=O)NCC(=O)N/N=C/C2=CC(=C(C=C2)OC(=O)/C=C/C3=CC=CC=C3)OC,3.9,861.0,40,13,356.760273669,495.0477606037297
39.4,228.24,COC(=O)/C=C/C1=CC=C(O1)C2=CC=CC=C2,3.0,279.0,17,4,163.32908432016666,218.22840054048544
35.5,302.7,COC(=O)/C=C/C1=CC=C(C=C1)OCC2=CC=CC=C2Cl,4.3,348.0,21,6,182.9061183283333,281.3627531329054
35.5,337.2,COC(=O)/C=C/C1=CC=C(C=C1)OCC2=C(C=C(C=C2)Cl)Cl,4.9,378.0,22,6,194.01674851566665,298.6225246335675
35.5,318.4,COC(=O)/C=C/C1=CC=C(C=C1)OCC2=CC=CC3=CC=CC=C32,4.9,423.0,24,6,212.668646369,310.3479433738601
35.5,282.3,CC1=CC=CC=C1COC2=CC=C(C=C2)/C=C/C(=O)OC,4.0,342.0,21,6,184.9262955773333,278.4915369935814
97.6,408.4,CCOC1=C(C=CC(=C1)/C=C(\C#N)/C(=O)OCC)OCC(=O)NC2=CC=C(C=C2)C,4.1,645.0,30,10,261.6557023533333,382.727815176177
44.8,312.4,CC1=CC=C(C=C1)COC2=C(C=C(C=C2)/C=C/C(=O)OC)OC,3.8,385.0,23,7,201.84618342766663,302.89514980065303
57.6,299.32,COC1=C(C=CC(=C1)/C=C/C(=O)OC)OCC2=CN=CC=C2,2.6,372.0,22,7,186.20201989066663,282.81115529891565
90.6,343.3,COC1=C(C=CC(=C1)/C=C/C(=O)OC)OCC2=CC=C(C=C2)[N+](=O)[O-],3.5,467.0,25,7,213.5279804673333,307.32992800770563
70.3,217.22,COC(=O)C(=C)C(C1=CC=CC=C1C#N)O,1.2,328.0,16,4,111.18239013196668,201.3544076104395
38.8,313.82,CC(C)N(C)CCOC(=O)/C=C/C1=CC=CC=C1OC.Cl,,315.0,21,8,173.10397958713335,285.41706013628345
101.0,346.4,CCOC(=O)/C(=C/C1=CC=CC=C1[N+](=O)[O-])/NC(=O)C2CCCCC2,3.6,520.0,25,6,193.31959972733333,310.10937709228017
93.9,310.31,CCOC(=O)/C(=C\C1=CC=CO1)/C2=NC(=NN2)C3=CN=CC=C3,2.0,443.0,23,6,205.650073958,275.257148233794
39.4,335.19,CC1=CC(=C(C=C1Br)C)C2=CC=C(O2)/C=C/C(=O)OC,4.4,369.0,20,4,205.27228058633327,258.0766969723748
39.4,428.1,CCOC(=O)/C=C/C1=CC(=C(O1)C2=C(C=C(C(=C2)C)Br)C)Br,5.4,413.0,22,5,224.619986743,281.948564114456
39.4,400.06,CC1=CC(=C(C=C1)C2=C(C=C(O2)/C=C/C(=O)OC)Br)Br,4.7,372.0,20,4,201.88909598176667,250.93939908835588
39.4,414.09,CCOC(=O)/C=C/C1=CC(=C(O1)C2=C(C=C(C=C2)C)Br)Br,5.1,386.0,21,5,204.63815799566663,266.5884479514654
48.7,416.06,COC1=CC(=C(C=C1)C2=C(C=C(O2)/C=C/C(=O)OC)Br)Br,4.3,388.0,21,5,211.1793668696667,259.80398986082633
39.4,335.19,CCOC(=O)/C=C/C1=CC=C(O1)C2=C(C=C(C=C2)Br)C,4.4,356.0,20,5,203.9983863973,258.15271069008577
39.4,349.2,CCOC(=O)/C=C/C1=CC=C(O1)C2=CC(=C(C(=C2)C)Br)C,4.8,370.0,21,5,217.4995307233333,273.47309659885565
39.4,363.2,CCC1=C(C(=CC(=C1)C2=CC=C(O2)/C=C/C(=O)OCC)C)Br,5.2,396.0,22,6,224.92969863,289.48509084992617
44.8,576.8,C[C@H](CCCC(C)C)[C@H]1CCC2[C@@]1(CCC3C2CC=C4[C@@]3(CC[C@@H](C4)OC(=O)/C=C/C5=CC(=C(C=C5)OC)OC)C)C,11.1,984.0,42,11,361.608185522,575.4320817574427
108.0,307.32,COC(=O)/C=C/C1=CC=C(O1)C2=CC=C(C=C2)S(=O)(=O)N,1.5,488.0,21,5,206.12143440806668,255.23225179393518
72.1,255.65,CCOC(=O)/C=C/C1=CC(=C(C=C1)Cl)[N+](=O)[O-],3.0,313.0,17,4,139.36122051253332,215.35416286689752
94.5,317.29,CCOC1=CC(=C(C=C1)C2=CC=C(O2)/C=C/C(=O)OC)[N+](=O)[O-],3.1,446.0,23,6,212.44961874633336,278.6614056746936
39.4,290.74,CCOC(=O)/C=C/C1=CC=C(O1)C2=C(C=C(C=C2)Cl)C,4.3,356.0,20,5,199.5863108862333,267.2120840781302
85.3,307.68,COC(=O)/C=C/C1=CC=C(O1)C2=C(C=C(C=C2)Cl)[N+](=O)[O-],3.4,422.0,21,4,196.570200192,255.90914680435873
85.3,331.7,C#CCOC(=O)/C=C/C1=CC=C(O1)C2=C(C=C(C=C2)Cl)[N+](=O)[O-],3.5,520.0,23,5,207.635247706,284.0489385533474
85.3,378.17,C=CCOC(=O)/C=C/C1=CC=C(O1)C2=C(C=C(C=C2)Br)[N+](=O)[O-],4.1,476.0,23,6,226.318324039,276.4691761961512
39.4,254.28,C=CCOC(=O)/C=C/C1=CC=C(O1)C2=CC=CC=C2,3.6,329.0,19,6,184.21361250456667,248.14275973657124
39.4,288.72,C=CCOC(=O)/C=C/C1=CC=C(O1)C2=CC=C(C=C2)Cl,4.2,359.0,20,6,201.31937255236667,265.8648258411731
39.4,333.18,C=CCOC(=O)/C=C/C1=CC=C(O1)C2=CC=C(C=C2)Br,4.3,359.0,20,6,206.93940344446665,256.3269543793883
39.4,276.71,CC1=C(C=C(C=C1)C2=CC=C(O2)/C=C/C(=O)OC)Cl,4.0,342.0,19,4,190.6359649775333,251.53376079831781
39.4,302.7,CC1=C(C=C(C=C1)C2=CC=C(O2)/C=C/C(=O)OCC=C)Cl,4.6,394.0,21,6,208.49824309666667,281.0702480812909
39.4,321.16,CC1=C(C=CC(=C1)C2=CC=C(O2)/C=C/C(=O)OC)Br,4.0,342.0,19,4,195.9711115643333,242.34898591351146
39.4,345.2,CC1=C(C=CC(=C1)C2=CC=C(O2)/C=C/C(=O)OCC#C)Br,4.1,437.0,21,5,212.8385596637,270.40979078238024
39.4,347.2,CC1=CC(=C(C=C1)C2=CC=C(O2)/C=C/C(=O)OCC=C)Br,4.7,394.0,21,6,209.50820320233333,272.09698725179305
39.4,302.7,CC1=C(C=CC(=C1)Cl)C2=CC=C(O2)/C=C/C(=O)OCC=C,4.6,394.0,21,6,211.20396989766664,280.57009642101184
39.4,302.7,CC1=C(C=CC=C1Cl)C2=CC=C(O2)/C=C/C(=O)OCC=C,4.6,394.0,21,6,202.766502434,281.024704757734
39.4,290.74,CCOC(=O)/C=C/C1=CC=C(O1)C2=C(C(=CC=C2)Cl)C,4.3,356.0,20,5,200.0259338024,267.3201413602463
85.3,273.24,COC(=O)/C=C/C1=CC=C(O1)C2=CC=CC=C2[N+](=O)[O-],2.8,390.0,20,4,179.71239625193334,238.32301675594815
85.3,297.26,C#CCOC(=O)/C=C/C1=CC=C(O1)C2=CC(=CC=C2)[N+](=O)[O-],2.9,487.0,22,5,195.2224109773333,266.40286757807496
85.3,297.26,C#CCOC(=O)/C=C/C1=CC=C(O1)C2=CC=C(C=C2)[N+](=O)[O-],2.9,479.0,22,5,206.5069599292333,266.6194563235251
85.3,311.29,CC1=C(C=CC(=C1)[N+](=O)[O-])C2=CC=C(O2)/C=C/C(=O)OCC#C,3.3,515.0,23,5,216.27191963896664,281.7472725779957
85.3,352.14,COC(=O)/C=C/C1=CC=C(O1)C2=C(C=C(C=C2)[N+](=O)[O-])Br,3.5,422.0,21,4,210.30179505126668,246.8675381369929
85.3,378.17,C=CCOC(=O)/C=C/C1=CC=C(O1)C2=C(C=C(C=C2)[N+](=O)[O-])Br,4.1,476.0,23,6,226.1271978077667,276.41041414743137
85.3,331.7,C#CCOC(=O)/C=C/C1=CC=C(O1)C2=C(C=C(C=C2)[N+](=O)[O-])Cl,3.5,520.0,23,5,215.853130419,283.4486739835513
85.3,307.68,COC(=O)/C=C/C1=CC=C(O1)C2=C(C=CC(=C2)[N+](=O)[O-])Cl,3.4,422.0,21,4,188.9012512795333,255.72865588597637
85.3,333.72,C=CCOC(=O)/C=C/C1=CC=C(O1)C2=C(C=CC(=C2)[N+](=O)[O-])Cl,4.1,476.0,23,6,207.14202481566667,286.14627708612335
85.3,311.29,CC1=C(C=C(C=C1)[N+](=O)[O-])C2=CC=C(O2)/C=C/C(=O)OCC#C,3.3,515.0,23,5,205.3785002324333,281.372942208791
94.5,317.29,CCOC(=O)/C=C/C1=CC=C(O1)C2=C(C=CC(=C2)[N+](=O)[O-])OC,3.1,446.0,23,6,206.72264850893336,278.0824857533082
94.5,303.27,COC1=C(C=C(C=C1)[N+](=O)[O-])C2=CC=C(O2)/C=C/C(=O)OC,2.8,432.0,22,5,197.68271058623336,262.496794501957
94.5,317.29,CCOC(=O)/C=C/C1=CC=C(O1)C2=CC(=C(C=C2)OC)[N+](=O)[O-],3.1,446.0,23,6,211.53235330066664,279.01016866618164
85.3,307.68,COC(=O)/C=C/C1=CC=C(O1)C2=CC(=C(C=C2)Cl)[N+](=O)[O-],3.4,422.0,21,4,205.53439256023333,255.90372726866556
85.3,311.29,CC1=C(C=CC=C1[N+](=O)[O-])C2=CC=C(O2)/C=C/C(=O)OCC#C,3.3,515.0,23,5,201.6933098071,281.35783510308835
85.3,313.3,CC1=C(C=CC=C1[N+](=O)[O-])C2=CC=C(O2)/C=C/C(=O)OCC=C,3.8,470.0,23,6,207.5015572243333,282.84649429898616
85.3,287.27,CC1=CC(=C(C=C1)C2=CC=C(O2)/C=C/C(=O)OC)[N+](=O)[O-],3.2,417.0,21,4,191.476005222,253.71181599118248
94.5,327.29,COC1=CC(=C(C=C1)C2=CC=C(O2)/C=C/C(=O)OCC#C)[N+](=O)[O-],2.9,531.0,24,6,227.66708776433333,290.6941974654336
94.5,329.3,COC1=CC(=C(C=C1)C2=CC=C(O2)/C=C/C(=O)OCC=C)[N+](=O)[O-],3.4,486.0,24,7,218.8569114533333,292.1857840857621
94.5,331.32,CCOC1=C(C=CC(=C1)[N+](=O)[O-])C2=CC=C(O2)/C=C/C(=O)OCC,3.5,461.0,24,7,226.021591505,294.3981500843637
94.5,341.3,CCOC1=C(C=CC(=C1)[N+](=O)[O-])C2=CC=C(O2)/C=C/C(=O)OCC#C,3.2,546.0,25,7,235.34171225633327,306.66778607433366
39.4,323.2,C=CCOC(=O)/C=C/C1=CC=C(O1)C2=CC(=CC(=C2)Cl)Cl,4.9,387.0,21,6,206.208099302,283.67785306407023
39.4,323.2,C=CCOC(=O)/C=C/C1=CC=C(O1)C2=C(C=C(C=C2)Cl)Cl,4.9,397.0,21,6,208.8361494116667,282.8392358007873
39.4,321.2,C#CCOC(=O)/C=C/C1=CC=C(O1)C2=C(C=C(C=C2)Cl)Cl,4.3,440.0,21,5,206.517258122,282.0603912629275
39.4,297.1,COC(=O)/C=C/C1=CC=C(O1)C2=CC(=C(C=C2)Cl)Cl,4.2,346.0,19,4,200.6547640233333,253.9155428686973
39.4,355.6,C#CCOC(=O)/C=C/C1=CC=C(O1)C2=CC(=C(C=C2Cl)Cl)Cl,5.0,471.0,22,5,216.054079591,299.5288949684685
39.4,357.6,C=CCOC(=O)/C=C/C1=CC=C(O1)C2=CC(=C(C=C2Cl)Cl)Cl,5.5,427.0,22,6,229.4958009903333,300.9873445715779
48.7,292.71,COC1=C(C=C(C=C1)Cl)C2=CC=C(O2)/C=C/C(=O)OC,3.6,358.0,20,5,192.3918054896667,260.58385197458193
48.7,306.74,CCOC(=O)/C=C/C1=CC=C(O1)C2=CC(=C(C=C2)OC)Cl,3.9,371.0,21,6,215.62820328066667,276.68304538716325
39.4,368.17,CC1=C(C=CC(=C1)I)C2=CC=C(O2)/C=C/C(=O)OC,4.0,342.0,19,4,203.697368591,243.1225699666678
39.4,341.58,COC(=O)/C=C/C1=CC=C(O1)C2=CC(=C(C=C2)Br)Cl,4.3,348.0,19,4,198.1225317592333,244.5442985017762
39.4,355.61,CCOC(=O)/C=C/C1=CC=C(O1)C2=CC(=C(C=C2)Br)Cl,4.6,361.0,20,5,215.61459512226668,260.67735591485575
85.3,301.29,CCC1=C(C=CC(=C1)[N+](=O)[O-])C2=CC=C(O2)/C=C/C(=O)OC,3.6,431.0,22,5,208.15895495933333,269.60740448603775
39.4,354.14,COC(=O)/C=C/C1=CC=C(O1)C2=CC(=CC=C2)I,3.6,316.0,18,4,194.3613033544333,227.7918469401089
35.5,408.2,CCOC(=O)/C=C/C1=CC(=C(C=C1)OCC2=CC=CC=C2)I,4.7,363.0,22,7,202.18424786033333,288.08811238230624
35.5,292.3,C#CCOC(=O)/C=C/C1=CC=C(C=C1)OCC2=CC=CC=C2,3.8,404.0,22,7,199.54932874066665,290.7050681749184
35.5,294.3,C=CCOC(=O)/C=C/C1=CC=C(C=C1)OCC2=CC=CC=C2,4.3,361.0,22,8,192.77975151066667,293.1031588353089
35.5,328.8,C=CCOC(=O)/C=C/C1=CC=C(C=C1)OCC2=CC=C(C=C2)Cl,4.9,391.0,23,8,203.61554074300005,310.33812776141076
35.5,316.8,CCOC(=O)/C=C/C1=CC=C(C=C1)OCC2=CC=C(C=C2)Cl,4.7,353.0,22,7,194.602451148,297.20001549950354
35.5,361.2,C#CCOC(=O)/C=C/C1=CC=C(C=C1)OCC2=C(C=C(C=C2)Cl)Cl,5.0,474.0,24,7,208.7905203093333,326.00601746478776
35.5,326.8,C#CCOC(=O)/C=C/C1=CC=C(C=C1)OCC2=CC=CC=C2Cl,4.4,443.0,23,7,196.329154129,308.6367723928211
35.5,306.4,CC1=CC=C(C=C1)COC2=CC=C(C=C2)/C=C/C(=O)OCC#C,4.1,429.0,23,7,202.27474001766663,306.68418700413866
35.5,296.4,CCOC(=O)/C=C/C1=CC=C(C=C1)OCC2=CC=C(C=C2)C,4.4,348.0,22,7,195.0960275396667,294.68096250784555
35.5,361.2,CCOC(=O)/C=C/C1=CC=C(C=C1)OCC2=CC(=CC=C2)Br,4.7,361.0,22,7,197.57953141366667,287.15003367339733
81.4,327.3,CCOC(=O)/C=C/C1=CC=C(C=C1)OCC2=CC=C(C=C2)[N+](=O)[O-],3.9,429.0,24,7,198.23627763466664,299.00678350526385
81.4,337.3,C#CCOC(=O)/C=C/C1=CC=C(C=C1)OCC2=CC=C(C=C2)[N+](=O)[O-],3.6,514.0,25,7,204.4997737573333,311.27354950073635
35.5,332.4,CCOC(=O)/C=C/C1=CC=C(C=C1)OCC2=CC=CC3=CC=CC=C32,5.3,437.0,25,7,222.16834646433333,325.99512371961134
48.4,295.3,C=CCOC(=O)/C=C/C1=CC=C(C=C1)OCC2=CN=CC=C2,3.2,373.0,22,8,190.42493038966663,287.81828488415033
48.4,372.2,C#CCOC(=O)/C=C/C1=CC(=C(C=C1)OCC2=CN=CC=C2)Br,3.4,456.0,23,7,205.6178173703333,294.74222808251045
48.4,419.2,C#CCOC(=O)/C=C/C1=CC(=C(C=C1)OCC2=CN=CC=C2)I,3.4,456.0,23,7,211.5050834323333,295.03296224214733
48.4,329.8,C=CCOC(=O)/C=C/C1=CC(=C(C=C1)OCC2=CN=CC=C2)Cl,3.9,413.0,23,8,205.514506573,305.69263200776476
35.5,422.3,CCOC(=O)/C=C/C1=CC(=C(C=C1)OCC2=CC=CC=C2C)I,5.0,396.0,23,7,220.63047352133336,304.077659424949
35.5,385.2,CC1=CC=CC=C1COC2=C(C=C(C=C2)/C=C/C(=O)OCC#C)Br,4.8,479.0,24,7,216.0851937333333,315.3400414133915
35.5,387.3,CC1=CC=CC=C1COC2=C(C=C(C=C2)/C=C/C(=O)OCC=C)Br,5.4,435.0,24,8,219.66417080833327,316.416894768195
35.5,316.8,CC1=CC=CC=C1COC2=C(C=C(C=C2)/C=C/C(=O)OC)Cl,4.7,383.0,22,6,192.23772423366665,296.22493370866914
35.5,375.3,CCOC(=O)/C=C/C1=CC(=C(C=C1)OCC2=CC=C(C=C2)C)Br,5.1,388.0,23,7,207.863445805,302.465190468052
35.5,385.2,CC1=CC=C(C=C1)COC2=C(C=C(C=C2)/C=C/C(=O)OCC#C)Br,4.8,471.0,24,7,214.6652632173333,315.15706213486243
35.5,434.3,CC1=CC=C(C=C1)COC2=C(C=C(C=C2)/C=C/C(=O)OCC=C)I,5.3,427.0,24,8,225.3670041193333,317.7548087399288
35.5,408.2,CC1=CC=C(C=C1)COC2=C(C=C(C=C2)/C=C/C(=O)OC)I,4.7,375.0,22,6,204.989926424,288.3696801281295
35.5,361.2,C#CCOC(=O)/C=C/C1=CC(=C(C=C1)OCC2=CC=CC=C2Cl)Cl,5.0,482.0,24,7,211.59950909966665,326.6028758728652
35.5,363.2,C=CCOC(=O)/C=C/C1=CC(=C(C=C1)OCC2=CC=CC=C2Cl)Cl,5.6,438.0,24,8,212.401679431,327.4817179108178
35.5,381.6,COC(=O)/C=C/C1=CC(=C(C=C1)OCC2=CC=CC=C2Cl)Br,5.0,388.0,22,6,197.266327319,289.3800072474641
35.5,428.6,COC(=O)/C=C/C1=CC(=C(C=C1)OCC2=CC=C(C=C2)Cl)I,4.9,380.0,22,6,203.40641012033333,290.20383770127796
35.5,442.7,CCOC(=O)/C=C/C1=CC(=C(C=C1)OCC2=CC=C(C=C2)Cl)I,5.3,394.0,23,7,213.2237283843333,305.81465493587535
35.5,405.7,C#CCOC(=O)/C=C/C1=CC(=C(C=C1)OCC2=CC=C(C=C2)Cl)Br,5.1,476.0,24,7,212.08693979333336,317.24246645905134
35.5,385.7,CCOC(=O)/C=C/C1=CC(=C(C=C1)OCC2=C(C=C(C=C2)Cl)Cl)Cl,5.9,430.0,24,7,212.4482776033333,332.60146042299374
35.5,442.1,C=CCOC(=O)/C=C/C1=CC(=C(C=C1)OCC2=C(C=C(C=C2)Cl)Cl)Br,6.3,472.0,25,8,226.7294285223333,336.469677420926
35.5,416.1,COC(=O)/C=C/C1=CC(=C(C=C1)OCC2=C(C=C(C=C2)Cl)Cl)Br,5.6,419.0,23,6,208.0764952943333,306.4619405657189
35.5,477.1,CCOC(=O)/C=C/C1=CC(=C(C=C1)OCC2=C(C=C(C=C2)Cl)Cl)I,5.9,433.0,24,7,222.63477232766664,324.31663731573144
35.5,489.1,C=CCOC(=O)/C=C/C1=CC(=C(C=C1)OCC2=C(C=C(C=C2)Cl)Cl)I,6.2,472.0,25,8,234.142510454,337.47247051964484
35.5,477.1,CCOC(=O)/C=C/C1=CC(=C(C=C1)OCC2=CC(=C(C=C2)Cl)Cl)I,5.9,433.0,24,7,222.5235934793333,323.71451749931884
35.5,487.1,C#CCOC(=O)/C=C/C1=CC(=C(C=C1)OCC2=CC(=C(C=C2)Cl)Cl)I,5.7,516.0,25,7,229.21525308333327,336.3293248016272
35.5,442.1,C=CCOC(=O)/C=C/C1=CC(=C(C=C1)OCC2=CC(=C(C=C2)Cl)Cl)Br,6.3,472.0,25,8,226.0345982946667,336.52926830227415
35.5,416.1,COC(=O)/C=C/C1=CC(=C(C=C1)OCC2=CC(=C(C=C2)Cl)Cl)Br,5.6,419.0,23,6,206.3520538273333,307.12985550871355
35.5,385.7,CCOC(=O)/C=C/C1=CC(=C(C=C1)OCC2=CC(=C(C=C2)Cl)Cl)Cl,5.9,430.0,24,7,212.06633465133336,332.3739656371783
35.5,397.7,C=CCOC(=O)/C=C/C1=CC(=C(C=C1)OCC2=CC(=C(C=C2)Cl)Cl)Cl,6.2,469.0,25,8,220.6541799093333,345.94998890989814
35.5,499.1,C=CCOC(=O)/C=C/C1=CC(=C(C=C1)OCC2=CC=C(C=C2)Br)I,5.7,432.0,24,8,227.400023481,310.8687753711065
35.5,452.1,C=CCOC(=O)/C=C/C1=CC(=C(C=C1)OCC2=CC=C(C=C2)Br)Br,5.7,430.0,24,8,220.6981083983333,309.98324329635733
35.5,440.1,CCOC(=O)/C=C/C1=CC(=C(C=C1)OCC2=CC=C(C=C2)Br)Br,5.4,392.0,23,7,210.53327922266664,295.21933565617087
35.5,395.7,CCOC(=O)/C=C/C1=CC(=C(C=C1)OCC2=CC=C(C=C2)Br)Cl,5.4,394.0,23,7,206.593014771,304.80239988118524
35.5,452.1,C=CCOC(=O)/C=C/C1=CC(=C(C=C1)OCC2=CC(=CC=C2)Br)Br,5.7,438.0,24,8,219.692316999,309.4359959188386
35.5,497.1,C#CCOC(=O)/C=C/C1=CC(=C(C=C1)OCC2=CC(=CC=C2)Br)I,5.1,484.0,24,7,224.74559039733333,308.1145546826637
35.5,487.1,CCOC(=O)/C=C/C1=CC(=C(C=C1)OCC2=CC(=CC=C2)Br)I,5.4,402.0,23,7,215.8493244726667,296.3355657490514
81.4,406.2,CCOC(=O)/C=C/C1=CC(=C(C=C1)OCC2=CC=C(C=C2)[N+](=O)[O-])Br,4.6,471.0,25,7,211.340368746,307.43468757947323
81.4,347.7,COC(=O)/C=C/C1=CC(=C(C=C1)OCC2=CC=C(C=C2)[N+](=O)[O-])Cl,4.1,456.0,24,6,198.37142953366663,300.68077458133433
81.4,373.8,C=CCOC(=O)/C=C/C1=CC(=C(C=C1)OCC2=CC=C(C=C2)[N+](=O)[O-])Cl,4.8,511.0,26,8,217.1157082743333,330.0072525596413
35.5,376.8,C#CCOC(=O)/C=C/C1=CC(=C(C=C1)OCC2=CC=CC3=CC=CC=C32)Cl,5.7,563.0,27,7,243.02717362200005,356.25293206660456
35.5,352.8,COC(=O)/C=C/C1=CC(=C(C=C1)OCC2=CC=CC3=CC=CC=C32)Cl,5.5,464.0,25,6,232.67662303476664,327.1901982108836
35.5,470.3,C=CCOC(=O)/C=C/C1=CC(=C(C=C1)OCC2=CC=CC3=CC=CC=C32)I,6.2,518.0,27,8,251.5492778953333,349.05128066460986
44.8,324.4,COC1=C(C=CC(=C1)/C=C/C(=O)OCC=C)OCC2=CC=CC=C2,4.0,412.0,24,9,208.370416598,317.32956766738766
44.8,358.8,COC1=C(C(=CC(=C1)/C=C/C(=O)OCC=C)Cl)OCC2=CC=CC=C2,4.9,445.0,25,9,207.37613124966663,335.29598440315124
44.8,332.8,COC1=C(C(=CC(=C1)/C=C/C(=O)OC)Cl)OCC2=CC=CC=C2,4.3,393.0,23,7,195.5734627233333,305.0710751982029
44.8,438.3,CCOC(=O)/C=C/C1=CC(=C(C(=C1)I)OCC2=CC=CC=C2)OC,4.7,406.0,24,8,211.68753777066664,313.0143906413571
44.8,438.3,CC1=CC=CC=C1COC2=C(C=C(C=C2I)/C=C/C(=O)OC)OC,4.7,426.0,24,7,210.41085810366667,311.9737462737568
44.8,452.3,CCOC(=O)/C=C/C1=CC(=C(C(=C1)I)OCC2=CC=CC=C2C)OC,5.0,439.0,25,8,228.973952285,327.79739959406896
44.8,391.3,CC1=CC=CC=C1COC2=C(C=C(C=C2Br)/C=C/C(=O)OC)OC,4.7,426.0,24,7,202.888983493,311.82303396558103
44.8,372.8,CC1=CC=CC=C1COC2=C(C=C(C=C2Cl)/C=C/C(=O)OCC=C)OC,5.3,479.0,26,9,238.1750873392,350.07168934792645
44.8,370.8,CC1=CC=CC=C1COC2=C(C=C(C=C2Cl)/C=C/C(=O)OCC#C)OC,4.7,523.0,26,8,229.654523834,349.15243145841663
44.8,326.4,CCOC(=O)/C=C/C1=CC(=C(C=C1)OCC2=CC=C(C=C2)C)OC,4.4,398.0,24,8,211.851284214,319.29023224349135
44.8,417.3,CC1=CC=C(C=C1)COC2=C(C=C(C=C2Br)/C=C/C(=O)OCC=C)OC,5.3,471.0,26,9,226.42713570066667,340.6926830989349
44.8,462.3,CC1=CC=C(C=C1)COC2=C(C=C(C=C2I)/C=C/C(=O)OCC#C)OC,4.8,515.0,26,8,229.98578840906669,340.02422739879444
44.8,452.3,CCOC(=O)/C=C/C1=CC(=C(C(=C1)I)OCC2=CC=C(C=C2)C)OC,5.0,431.0,25,8,224.95504648833327,328.48226038521017
44.8,346.8,CCOC(=O)/C=C/C1=CC(=C(C=C1)OCC2=CC=CC=C2Cl)OC,4.6,412.0,24,8,219.95855389456665,321.31845334356785
44.8,391.2,COC1=C(C(=CC(=C1)/C=C/C(=O)OCC#C)Cl)OCC2=CC=CC=C2Cl,5.0,527.0,26,8,224.72122605066667,351.074437029602
44.8,393.3,COC1=C(C(=CC(=C1)/C=C/C(=O)OCC=C)Cl)OCC2=CC=CC=C2Cl,5.5,482.0,26,9,219.9865980556667,352.3647999366171
44.8,435.7,COC1=C(C(=CC(=C1)/C=C/C(=O)OCC#C)Br)OCC2=CC=CC=C2Cl,5.1,529.0,26,8,239.564897909,341.98876617686943
44.8,472.7,CCOC(=O)/C=C/C1=CC(=C(C(=C1)I)OCC2=CC=CC=C2Cl)OC,5.3,445.0,25,8,220.57659328266664,330.42687753739955
44.8,458.7,COC1=C(C(=CC(=C1)/C=C/C(=O)OC)I)OCC2=CC=CC=C2Cl,4.9,431.0,24,7,230.660012233,314.454822831495
44.8,472.7,CCOC(=O)/C=C/C1=CC(=C(C(=C1)I)OCC2=CC=C(C=C2)Cl)OC,5.3,437.0,25,8,222.34681206766663,330.4338770488373
44.8,435.7,COC1=C(C(=CC(=C1)/C=C/C(=O)OCC#C)Br)OCC2=CC=C(C=C2)Cl,5.1,521.0,26,8,225.583572187,341.17019884836645
44.8,437.7,COC1=C(C(=CC(=C1)/C=C/C(=O)OCC=C)Br)OCC2=CC=C(C=C2)Cl,5.6,476.0,26,9,221.90200485993333,343.6983753223107
44.8,367.2,COC1=C(C(=CC(=C1)/C=C/C(=O)OC)Cl)OCC2=CC=C(C=C2)Cl,4.9,421.0,24,7,199.37109240633333,323.15262453953517
44.8,425.7,COC1=C(C(=CC(=C1)/C=C/C(=O)OCC#C)Cl)OCC2=C(C=C(C=C2)Cl)Cl,5.6,559.0,27,8,244.71696002783327,368.14882859303395
44.8,415.7,CCOC(=O)/C=C/C1=CC(=C(C(=C1)Cl)OCC2=C(C=C(C=C2)Cl)Cl)OC,5.9,474.0,26,8,223.79083160533327,356.55600864307456
44.8,446.1,COC1=C(C(=CC(=C1)/C=C/C(=O)OC)Br)OCC2=C(C=C(C=C2)Cl)Cl,5.6,462.0,25,7,235.1439764293333,331.49282277182755
44.8,472.2,COC1=C(C(=CC(=C1)/C=C/C(=O)OCC=C)Br)OCC2=C(C=C(C=C2)Cl)Cl,6.2,516.0,27,9,232.80967343166665,360.8781261212998
44.8,519.2,COC1=C(C(=CC(=C1)/C=C/C(=O)OCC=C)I)OCC2=C(C=C(C=C2)Cl)Cl,6.2,516.0,27,9,257.2830843996667,361.73225866218195
44.8,507.1,CCOC(=O)/C=C/C1=CC(=C(C(=C1)I)OCC2=C(C=C(C=C2)Cl)Cl)OC,5.9,477.0,26,8,234.50632420166667,347.99424358714407
44.8,507.1,CCOC(=O)/C=C/C1=CC(=C(C(=C1)I)OCC2=CC(=C(C=C2)Cl)Cl)OC,5.9,477.0,26,8,235.64044399400004,348.3879780310591
44.8,517.1,COC1=C(C(=CC(=C1)/C=C/C(=O)OCC#C)I)OCC2=CC(=C(C=C2)Cl)Cl,5.7,561.0,27,8,244.86643669033333,360.06559827399343
44.8,460.1,CCOC(=O)/C=C/C1=CC(=C(C(=C1)Br)OCC2=CC(=C(C=C2)Cl)Cl)OC,6.0,477.0,26,8,222.681006907,347.1427725729918
44.8,446.1,COC1=C(C(=CC(=C1)/C=C/C(=O)OC)Br)OCC2=CC(=C(C=C2)Cl)Cl,5.6,462.0,25,7,217.86452574166665,331.91223787006817
44.8,393.3,COC1=C(C=CC(=C1)/C=C/C(=O)OCC=C)OCC2=CC(=C(C=C2)Cl)Cl,5.5,482.0,26,9,228.67213546,352.5669901736763
44.8,403.3,COC1=C(C=CC(=C1)/C=C/C(=O)OCC=C)OCC2=CC(=CC=C2)Br,5.0,451.0,25,9,220.50006401733336,325.4642610611979
44.8,435.7,COC1=C(C(=CC(=C1)/C=C/C(=O)OCC#C)Cl)OCC2=CC(=CC=C2)Br,5.1,529.0,26,8,224.936573326,341.46295639020445
44.8,425.7,CCOC(=O)/C=C/C1=CC(=C(C(=C1)Cl)OCC2=CC(=CC=C2)Br)OC,5.3,445.0,25,8,212.022893499,329.64158700032345
44.8,482.2,COC1=C(C(=CC(=C1)/C=C/C(=O)OCC=C)Br)OCC2=CC(=CC=C2)Br,5.7,482.0,26,9,227.476162609,334.1708929921305
44.8,480.1,COC1=C(C(=CC(=C1)/C=C/C(=O)OCC#C)Br)OCC2=CC(=CC=C2)Br,5.1,527.0,26,8,225.6952479853333,332.6244798768853
44.8,391.3,CCOC(=O)/C=C/C1=CC(=C(C=C1)OCC2=CC=C(C=C2)Br)OC,4.7,404.0,24,8,223.28377132,311.6649318025275
44.8,435.7,COC1=C(C(=CC(=C1)/C=C/C(=O)OCC#C)Cl)OCC2=CC=C(C=C2)Br,5.1,521.0,26,8,226.993294314,341.8867339826417
44.8,437.7,COC1=C(C(=CC(=C1)/C=C/C(=O)OCC=C)Cl)OCC2=CC=C(C=C2)Br,5.6,476.0,26,9,222.4639952785,343.5900279181214
44.8,456.1,COC1=C(C(=CC(=C1)/C=C/C(=O)OC)Br)OCC2=CC=C(C=C2)Br,5.0,421.0,24,7,206.50086268666664,304.3150627807436
90.6,422.2,COC1=C(C(=CC(=C1)/C=C/C(=O)OC)Br)OCC2=CC=C(C=C2)[N+](=O)[O-],4.2,500.0,26,7,209.2510232654,315.95688251050564
90.6,377.8,COC1=C(C(=CC(=C1)/C=C/C(=O)OC)Cl)OCC2=CC=C(C=C2)[N+](=O)[O-],4.1,500.0,26,7,206.1648056638333,325.60100308546197
90.6,403.8,COC1=C(C(=CC(=C1)/C=C/C(=O)OCC=C)Cl)OCC2=CC=C(C=C2)[N+](=O)[O-],4.7,555.0,28,9,230.4688595406667,354.75431778621504
90.6,367.4,COC1=C(C=CC(=C1)/C=C/C(=O)OCC#C)OCC2=CC=C(C=C2)[N+](=O)[O-],3.6,567.0,27,8,222.78059027633333,335.8591406981561
57.6,313.3,CCOC(=O)/C=C/C1=CC(=C(C=C1)OCC2=CN=CC=C2)OC,2.9,385.0,23,8,195.14249586066663,298.19055052337995
57.6,325.4,COC1=C(C=CC(=C1)/C=C/C(=O)OCC=C)OCC2=CN=CC=C2,3.2,424.0,24,9,207.1088874236667,312.57061162935844
57.6,392.2,CCOC(=O)/C=C/C1=CC(=C(C(=C1)Br)OCC2=CN=CC=C2)OC,3.6,418.0,24,8,204.850285143,306.9099527088061
57.6,404.3,COC1=C(C(=CC(=C1)/C=C/C(=O)OCC=C)Br)OCC2=CN=CC=C2,3.9,457.0,25,9,223.97629078833333,320.67993904126405
57.6,451.3,COC1=C(C(=CC(=C1)/C=C/C(=O)OCC=C)I)OCC2=CN=CC=C2,3.9,457.0,25,9,231.4370016773333,320.92551169541326
44.8,362.4,CCOC(=O)/C=C/C1=CC(=C(C=C1)OCC2=CC=CC3=CC=CC=C32)OC,5.3,489.0,27,8,250.68559691733333,350.3655379417306
44.8,372.4,COC1=C(C=CC(=C1)/C=C/C(=O)OCC#C)OCC2=CC=CC3=CC=CC=C32,5.0,574.0,28,8,252.537219817,362.629877032241
44.8,396.9,CCOC(=O)/C=C/C1=CC(=C(C(=C1)Cl)OCC2=CC=CC3=CC=CC=C32)OC,5.9,523.0,28,8,242.31787776866668,367.8143957462442
44.8,382.8,COC1=C(C(=CC(=C1)/C=C/C(=O)OC)Cl)OCC2=CC=CC3=CC=CC=C32,5.5,509.0,27,7,233.7863468673333,351.2094557468837
44.8,500.3,COC1=C(C(=CC(=C1)/C=C/C(=O)OCC=C)I)OCC2=CC=CC3=CC=CC=C32,6.2,563.0,29,9,258.2527760363333,373.6142805470275
35.5,282.3,CC1=CC=CC=C1COC2=CC=CC(=C2)/C=C/C(=O)OC,4.0,350.0,21,6,173.604515943,278.7682378897976
35.5,316.8,CCOC(=O)/C=C/C1=CC(=CC=C1)OCC2=CC=C(C=C2)Cl,4.7,361.0,22,7,179.40283636933336,296.76344953681576
35.5,361.2,C#CCOC(=O)/C=C/C1=CC(=CC=C1)OCC2=CC(=C(C=C2)Cl)Cl,5.0,482.0,24,7,196.545575328,326.386799785582
35.5,363.2,C=CCOC(=O)/C=C/C1=CC(=CC=C1)OCC2=CC(=C(C=C2)Cl)Cl,5.6,438.0,24,8,200.434097215,328.17981039605183
81.4,337.3,C#CCOC(=O)/C=C/C1=CC(=CC=C1)OCC2=CC=C(C=C2)[N+](=O)[O-],3.6,522.0,25,7,192.140594773,310.8749127006851
35.5,361.2,CCOC(=O)/C=C/C1=CC(=CC=C1)OCC2=CC=C(C=C2)Br,4.7,361.0,22,7,183.4474277636667,287.5131880021819
35.5,371.2,C#CCOC(=O)/C=C/C1=CC(=CC=C1)OCC2=CC=C(C=C2)Br,4.5,443.0,23,7,200.63063629433336,299.42996600160944
44.8,348.4,COC1=C(C=C(C=C1)/C=C/C(=O)OC)OCC2=CC=CC3=CC=CC=C32,4.9,475.0,26,7,226.060389678,334.8296333562206
44.8,362.4,CCOC(=O)/C=C/C1=CC(=C(C=C1)OC)OCC2=CC=CC3=CC=CC=C32,5.3,489.0,27,8,232.8804049533333,349.908805525949
44.8,332.8,COC1=C(C=C(C=C1)/C=C/C(=O)OC)OCC2=CC=C(C=C2)Cl,4.0,391.0,23,7,196.4223110403333,305.3992130312528
90.6,343.3,COC1=C(C=C(C=C1)/C=C/C(=O)OC)OCC2=CC=C(C=C2)[N+](=O)[O-],3.5,467.0,25,7,201.65445343066668,308.1221868408682
44.8,332.8,COC1=C(C=C(C=C1)/C=C/C(=O)OC)OCC2=CC=CC=C2Cl,4.3,399.0,23,7,196.83188674400003,305.3987688943106
44.8,381.2,CCOC(=O)/C=C/C1=CC(=C(C=C1)OC)OCC2=CC(=C(C=C2)Cl)Cl,5.3,443.0,25,8,216.714913327,338.67844865343415
44.8,356.8,COC1=C(C=C(C=C1)/C=C/C(=O)OCC#C)OCC2=CC=C(C=C2)Cl,4.4,487.0,25,8,211.61985426166663,332.8350773095842
44.8,401.2,COC1=C(C=C(C=C1)/C=C/C(=O)OCC#C)OCC2=CC=C(C=C2)Br,4.4,487.0,25,8,227.00680204066663,323.79332963733566
44.8,403.3,COC1=C(C=C(C=C1)/C=C/C(=O)OCC=C)OCC2=CC=C(C=C2)Br,5.0,443.0,25,9,218.82470556,325.17212255915183
35.5,421.7,CC1=CC=CC=C1COC2=C(C=C(C=C2Br)/C=C/C(=O)OCC=C)Cl,6.0,468.0,25,8,220.06339909466664,334.3111987729748
35.5,440.1,C#CCOC(=O)/C=C/C1=CC(=C(C(=C1)Br)OCC2=CC=C(C=C2)Cl)Cl,5.7,508.0,25,7,218.308869061,335.22939946720106
35.5,442.1,C=CCOC(=O)/C=C/C1=CC(=C(C(=C1)Br)OCC2=CC=C(C=C2)Cl)Cl,6.3,464.0,25,8,219.7232183554,336.94716483221424
35.5,486.6,C=CCOC(=O)/C=C/C1=CC(=C(C(=C1)Br)OCC2=CC=C(C=C2)Br)Cl,6.3,464.0,25,8,224.21002157866664,326.8188638631194
35.5,474.6,CCOC(=O)/C=C/C1=CC(=C(C(=C1)Br)OCC2=CC(=CC=C2)Br)Cl,6.0,433.0,24,7,218.047149938,313.21875447920274
35.5,442.1,C=CCOC(=O)/C=C/C1=CC(=C(C(=C1)Br)OCC2=CC=CC=C2Cl)Cl,6.3,472.0,25,8,220.9088627033333,336.92728304850544
35.5,464.6,CCOC(=O)/C=C/C1=CC(=C(C(=C1)Br)OCC2=C(C=C(C=C2)Cl)Cl)Cl,6.6,463.0,25,7,228.52332572400005,340.85742434700836
35.5,474.6,C#CCOC(=O)/C=C/C1=CC(=C(C(=C1)Br)OCC2=CC(=C(C=C2)Cl)Cl)Cl,6.4,547.0,26,7,229.1895977343333,353.0839468910568
35.5,476.6,C=CCOC(=O)/C=C/C1=CC(=C(C(=C1)Br)OCC2=CC(=C(C=C2)Cl)Cl)Cl,6.9,502.0,26,8,231.44375551766663,353.7435607119492
35.5,445.7,CCOC(=O)/C=C/C1=CC(=C(C(=C1)Br)OCC2=CC=CC3=CC=CC=C32)Cl,6.6,512.0,27,7,250.97480677566668,351.786893570241
48.4,406.7,C#CCOC(=O)/C=C/C1=CC(=C(C(=C1)Br)OCC2=CN=CC=C2)Cl,4.0,490.0,24,7,209.189310079,312.86832397425127
48.4,408.7,C=CCOC(=O)/C=C/C1=CC(=C(C(=C1)Br)OCC2=CN=CC=C2)Cl,4.6,446.0,24,8,207.1317732294,313.92905593105473
72.1,300.09,C#CCOC(=O)/C=C/C1=CC(=C(C(=C1)Cl)Cl)[N+](=O)[O-],3.4,423.0,19,4,154.84451524716667,244.91895422906404
44.8,381.2,CCOC1=C(C(=CC(=C1)/C=C/C(=O)OC)Cl)OCC2=CC=C(C=C2)Cl,5.3,435.0,25,8,213.175242299,339.3067145433515
44.8,391.3,CCOC1=C(C=CC(=C1)/C=C/C(=O)OC)OCC2=CC=C(C=C2)Br,4.7,404.0,24,8,214.826134584,311.69563447480465
44.8,242.31,CCOC(C1(CC1)/C=C/C(=O)OCC)OCC,2.1,263.0,17,9,122.80501719846666,238.10451893215594
39.2,256.1,CCOC(=O)/C=C/C1=C(C=CC=N1)Br,2.2,218.0,14,4,118.08868743186666,181.38834191571038
39.4,228.24,COC(=O)/C=C/C1=C(OC=C1)C2=CC=CC=C2,2.9,279.0,17,4,150.80495536516665,218.17793863846893
105.0,500.5,CC1(C(C=C(C=C1OC)/C(=C\C(=O)OC2=CC=CC=C2)/NC3=NC=CC(=N3)C4=CN=CC=C4)OC)OC,3.4,869.0,37,10,308.4234096853333,461.1828342924069
55.4,298.13,CC(=O)N/C(=C\C1=CC=CC=C1Br)/C(=O)OC,2.3,328.0,17,4,139.85066968729998,214.65326395721655
100.0,237.28,CCOC(=O)C=C=C1C=NC(=NC1=N)SC,0.5,431.0,16,4,149.0898303030667,208.21286731989287
111.0,401.4,CC1=CC=C(C=C1)S(=O)(=O)OCCOC2=CC=C(C=C2)C=C(C#N)C(=O)OC,3.4,686.0,28,9,227.856185325,351.6329368240873
120.0,445.5,CC1=CC=C(C=C1)S(=O)(=O)OCCOCCOC2=CC=C(C=C2)C=C(C#N)C(=O)OC,3.3,734.0,31,12,247.213672342,391.0462959291609
72.8,260.24,CCOC(=O)C(=CC1=CC(=O)C2=CC=CC=C2O1)O,2.1,435.0,19,4,146.78982159026663,227.390495599609
29.5,245.32,COC(=O)C(=C)C1CCCN1CC2=CC=CC=C2,2.6,308.0,18,5,132.19432197333333,242.47859144980018
43.4,194.23,CCOC(=O)C(=C)C1=CCCCC1=O,1.7,300.0,14,4,102.33938669093334,185.46928567172685
73.0,508.4,CC(C)(C)OC(=O)/C=C/C1=CC=C(C=C1)OC2=C(SC3=C2C=CC(=C3)OC)I,6.4,553.0,28,7,275.7691261546667,364.85001002753006
68.8,266.31,C=CC(=O)OCC(=C)CS(=O)(=O)C1=CC=CC=C1,2.3,411.0,18,7,130.50248255533333,237.48340689268647
50.1,257.329,CC(C)(C)OC(=O)C(=C)CCC1=CC(=CC=C1)C#N,3.6,383.0,19,6,136.00098707233334,259.96968730975254
35.5,246.3,COC(=O)C(=C)CC(C1=CC=CC=C1)OCC=C,3.0,290.0,18,8,133.64277390499998,246.50953976878466
26.3,320.5,CCCCC/C=C/C/C=C/CCCCCCCCOC(=O)C=C,7.9,329.0,23,17,185.765287339,347.5036766998029
78.6,263.29,CCOC(=O)C(=C)C(C1=CC=C(C=C1)N)OC(=O)C,1.8,345.0,19,7,135.76131798100002,243.4693536299257
80.3,478.5,COC1=C(C=C(C=C1)/C=C/C(=O)OCC(=O)CC2=CC(=C(C=C2)OCC=C)OCC=C)OCC=C,5.4,716.0,35,17,290.611045956,460.05268051207486
107.0,208.12,[13CH2]=[13C](C(=O)[O-])OP(=O)(O)O.[K+],,206.0,11,3,68.6192464554,106.64974106497452
43.4,218.25,CC(C(=C)C(=O)OC)C(=O)C1=CC=CC=C1,2.6,288.0,16,5,115.8436644307,212.3782930321788
58.8,403.9,CCOC(=O)/C(=C/C1=C(ON=C1C2=CC=CC=C2Cl)C)/CN3CCN(CC3)C,3.4,551.0,28,7,213.138318081,367.9579478904734
52.6,220.22,COC1=C(C=CC(=C1)C=O)/C=C/C(=O)OC,1.6,272.0,16,5,135.8924125466,204.75685604089745
63.6,206.19,COC(=O)/C=C/C1=CC(=C(C=C1)C=O)O,1.9,259.0,15,4,123.65296762013332,185.82144327026646
50.1,243.3,CC1=C(C=CC(=C1)C#N)/C=C/C(=O)OC(C)(C)C,3.3,370.0,18,4,157.38885848066664,243.45907832957278
53.4,278.35,CC(C)(C)OC(=O)/C=C/C1=CN(N=C1)C2CCCCO2,2.3,363.0,20,5,155.51859474699998,263.320674912448
52.3,229.23,COC(=O)/C=C/C1=C(OC=C1)C2=CN=CC=C2,1.9,290.0,17,4,145.759947728,213.3106620414899
59.3,265.69,COC1=CC=C(C=C1)C=C(C#N)C(=O)OCCCl,2.6,351.0,18,6,158.36596193833333,238.54552609008775
78.9,332.4,CCOC(=O)/C=C/C1=CC=C(C=C1)NC(=O)CN2CCC(CC2)O,1.7,436.0,24,7,204.1760671198,307.903724705098
65.5,379.8,C1=CC=C2C(=C1)C=C(O2)C3=CC(=NO3)COC(=O)/C=C/C4=CC=CC=C4Cl,4.9,542.0,27,6,239.60965707110003,333.07046454620064
120.0,486.5,C1CN(CCN1C2=CC=CC=C2)C3=NC4=C(S3)C=C(C=C4)OC(=O)C=CC5=CC(=CC=C5)[N+](=O)[O-],6.1,763.0,35,6,334.023360221,430.0097678134657
120.0,438.5,CCN1CCN(CC1)C2=NC3=C(S2)C=C(C=C3)OC(=O)C=CC4=CC=C(C=C4)[N+](=O)[O-],4.7,656.0,31,6,293.05214643966667,383.022324699522
117.0,397.4,CCN(CC)C1=NC2=C(S1)C=C(C=C2)OC(=O)C=CC3=CC=C(C=C3)[N+](=O)[O-],5.2,570.0,28,7,242.5511195013333,350.71280622878913
44.1,312.7,CN1C=NC2=C1C=CC(=C2)OC(=O)C=CC3=CC=CC=C3Cl,3.9,429.0,22,4,177.53733951133336,281.93924311698345
72.4,284.3,CN1C=NC2=C1C=CC(=C2)OC(=O)C=CC3=CC=CS3,3.0,388.0,20,4,179.43055382479997,254.9223888626565
39.4,412.07,C=CCOC(=O)/C=C/C1=CC=C(O1)C2=C(C=C(C=C2)Br)Br,5.0,397.0,21,6,225.15502916,264.7062899440167
38.3,219.28,CC1=CC=C(C=C1)/C=C(\CNC)/C(=O)OC,1.9,253.0,16,5,135.18900305666668,217.62282220280204
84.2,236.22,CNC1=C(C=C(C=C1)[N+](=O)[O-])/C=C/C(=O)OC,2.0,311.0,17,4,140.79842953666665,207.22370199149506
47.6,221.25,CNC1=C(C(=CC=C1)OC)/C=C/C(=O)OC,2.2,253.0,16,5,134.77759632553332,211.68606864170985
101.0,298.34,CCOC(=O)/C(=C/1\C=CN=C(N1)C2=CC=C(C=C2)C)/C(=N)N,1.9,540.0,22,5,189.07022277,273.08132788591394
73.9,293.31,CCOC(=O)/C=C(/C1=CC(=C(C=C1)OC)OC)\NC(=O)C,2.0,394.0,21,7,170.81575956996667,270.5238349273881
44.1,436.5,CCC(C)OC(=O)/C=C/C1=CN(C=N1)C(C2=CC=CC=C2)(C3=CC=CC=C3)C4=CC=CC=C4,6.4,584.0,33,9,283.18809524566666,431.23471857806
48.3,257.279,CC(=O)C1=C(N(C2=CC=CC=C21)C)/C=C/C(=O)OC,1.9,391.0,19,4,169.77592880056667,242.3499454855404
122.0,255.27,CC/C=C(\C(=O)[O-])/C(=O)OCC.C1=C(N[NH+]=C1)N,,245.0,18,4,123.0473389,163.8255750412816
55.4,312.16,COC(=O)/C=C/C1=CC=C(C=C1)CNC(=O)CBr,2.1,309.0,18,6,151.3834736936333,230.40927251955276
55.4,374.2,COC(=O)/C=C/C1=CC=C(C=C1)NC(=O)C2=CC=C(C=C2)CBr,3.6,422.0,23,6,227.57371198166663,292.224878481577
75.6,259.26,CCOC(=O)C(=C)C1=C(C2=CC=CC=C2NC1=O)O,1.5,452.0,19,4,148.574233123,228.10431192477768
39.4,367.62,C=CCOC(=O)/C=C/C1=CC=C(O1)C2=C(C=C(C=C2)Br)Cl,4.9,399.0,21,6,222.1685641943333,273.78518220250976
97.0,314.34,CCOC(=O)/C(=C/1\C=CNN1C)/C(=NC(=O)C2=CC=CC=C2)N,2.7,560.0,23,5,181.6980076164,283.7838215892581
61.9,308.33,COC(=O)/C=C/C1=CC=C(C=C1)C(N2C=CN=C2)N3C=CN=C3,1.9,405.0,23,6,182.64765758066665,288.67040064645914
55.4,388.3,COC(=O)/C=C/C1=CC=C(C=C1)CNC(=O)C2=CC=C(C=C2)CBr,3.5,436.0,24,7,211.55059054166668,307.5279094448617
103.0,285.25,CCOC(=O)C(=CC1=C(N=C2C=CC=CN2C1=O)O)C#N,0.6,701.0,21,4,170.3669124317,245.29999999291496
77.0,357.4,COC1=C(C=CC(=C1)/C=C/C(=O)OC)OCC(CNC2=CC=CC=C2)O,3.2,436.0,26,10,218.761563882,334.76901621634016
26.3,87.08,CO[13C](=O)C=C,0.8,65.9,6,2,37.2823007951,84.9462993507064
88.4,431.2,CCOC(=O)C(=CC1=C(N=C2C=CC=CN2C1=O)O)OC3=CC=C(C=C3)Br,3.1,773.0,27,6,236.0863776263333,319.44216470650946
77.0,391.8,COC1=C(C=CC(=C1)/C=C/C(=O)OC)OCC(CNC2=CC=C(C=C2)Cl)O,3.8,467.0,27,10,230.44507923,352.0248461019272
77.0,399.5,CC(C)C1=CC=C(C=C1)NCC(COC2=C(C=C(C=C2)/C=C/C(=O)OC)OC)O,4.3,502.0,29,11,242.939671414,380.3309990327933
152.0,532.6,C1=CC(=C(C=C1/C=C/C(=O)OCCOCCOCCOCCOCCOCCOCCOCCO)O)O,0.6,548.0,37,26,259.617182622,469.0949033447135
92.7,442.5,COCC1=C(N=C(NC1=O)N2CCOCC2)CCN(CC3=CC=CC=C3)/C=C/C(=O)OC,0.6,737.0,32,11,231.283637632,405.75920939827535
137.0,461.4,CCOC(=O)C(=CC1=C(N=C2C=CC=CN2C1=O)O)C(=O)C3=C(C4=CC=CC=C4N(C3=O)C)O,1.9,1160.0,34,6,290.69022602666666,390.19902825456614
77.0,405.9,CC1=C(C=CC(=C1)Cl)NCC(COC2=C(C=C(C=C2)/C=C/C(=O)OC)OC)O,4.2,503.0,28,10,235.75805323633327,367.19348032174435
86.2,401.5,CC1=C(C=CC(=C1)OC)NCC(COC2=C(C=C(C=C2)/C=C/C(=O)OC)OC)O,3.5,514.0,29,11,249.3719901896667,374.14076003264915
41.9,266.72,CN(C)/C=C(\C(=O)OC)/N=CC1=CC=C(C=C1)Cl,2.6,332.0,18,5,161.825754107,247.8319178739406
80.3,311.33,CC1=C(N=CC=C1)N/C=C(\C(=O)OC)/NC(=O)C2=CC=CC=C2,3.1,444.0,23,6,206.27022031056663,289.15908089689356
68.0,305.37,CCOC(=O)/C=C(\N)/N1CCN(CC1)C2=CC=C(C=C2)OC,2.5,384.0,22,6,177.691391771,286.75557223263064
90.1,375.4,CCOC1=CC=C(C=C1)N/C=C(\C(=O)OC)/S(=O)(=O)C2=CC=C(C=C2)C,4.2,580.0,26,8,233.71559589566667,335.7221000553746
26.3,302.11,CCOC(=O)C(=C)C1=CC(=CC=C1)I,3.4,225.0,14,4,118.29957566136666,186.37187187361238
26.3,288.08,COC(=O)C(=C)C1=CC=C(C=C1)I,3.0,205.0,13,3,112.51896282686666,171.05217198501038
26.3,288.08,COC(=O)C(=C)C1=CC=CC=C1I,3.0,213.0,13,3,106.9047032035,171.11688856151156
109.0,340.3,CC(C)COC(=O)/C(=C/C1=CC=C(O1)C2=CC=C(C=C2)[N+](=O)[O-])/C#N,4.1,564.0,25,6,227.6629274229333,305.0547741497777
90.1,395.9,CCOC1=CC=C(C=C1)N/C=C(/C(=O)OC)\S(=O)(=O)C2=CC=C(C=C2)Cl,4.4,585.0,26,8,235.1422071426667,337.7128030135751
99.3,409.8,COC(=O)/C(=C/NC1=CC2=C(C=C1)OCCO2)/S(=O)(=O)C3=CC=C(C=C3)Cl,3.8,653.0,27,6,238.61288370500003,336.2002368534689
26.3,283.16,CC(C)(C)OC(=O)C(=C)C1=CC(=CC=C1)Br,4.0,278.0,16,4,126.9530176099,216.62895888766838
26.3,283.16,CC(C)(C)OC(=O)C(=C)C1=CC=CC=C1Br,4.0,278.0,16,4,125.538722532,216.6287064381614
80.8,317.4,COC(=O)/C(=C/NC1=CC=CC=C1)/S(=O)(=O)C2=CC=CC=C2,3.5,495.0,22,6,192.217949681,279.1455842048676
80.8,373.5,CC(C)(C)C1=CC=C(C=C1)S(=O)(=O)/C(=C\NC2=CC=CC=C2)/C(=O)OC,5.1,599.0,26,7,232.3218431893333,341.0757528157888
90.1,417.5,CCOC1=CC=C(C=C1)N/C=C(/C(=O)OC)\S(=O)(=O)C2=CC=C(C=C2)C(C)(C)C,5.5,658.0,29,9,263.981432255,381.9499324345936
80.8,452.4,CC(C)(C)C1=CC=C(C=C1)S(=O)(=O)/C(=C\NC2=CC=C(C=C2)Br)/C(=O)OC,5.8,632.0,27,7,254.9228748623333,349.7211393953892
80.8,410.3,CC1=CC=C(C=C1)S(=O)(=O)/C(=C\NC2=CC=C(C=C2)Br)/C(=O)OC,4.5,554.0,24,6,226.76471913833333,303.4484980531072
99.3,391.4,CC1=CC=C(C=C1)S(=O)(=O)/C(=C\NC2=CC(=C(C=C2)OC)OC)/C(=O)OC,3.8,619.0,27,8,243.492279176,343.71313038200225
80.8,359.4,CCC1=CC=C(C=C1)N/C=C(/C(=O)OC)\S(=O)(=O)C2=CC=C(C=C2)C,4.6,563.0,25,7,229.5321386823333,326.4913005947993
90.1,389.5,CCC1=CC=C(C=C1)S(=O)(=O)/C(=C\NC2=CC=C(C=C2)OCC)/C(=O)OC,4.6,594.0,27,9,246.49058742966668,351.12369275637985
90.1,375.4,CCC1=CC=C(C=C1)S(=O)(=O)/C(=C\NC2=CC=C(C=C2)OC)/C(=O)OC,4.2,580.0,26,8,236.03905808433333,334.4874417641488
99.3,403.5,CC(C)C1=CC=C(C=C1)S(=O)(=O)/C(=C\NC2=CC3=C(C=C2)OCO3)/C(=O)OC,4.4,675.0,28,7,246.9938748033333,349.2024662998927
99.3,417.5,CC(C)C1=CC=C(C=C1)S(=O)(=O)/C(=C\NC2=CC3=C(C=C2)OCCO3)/C(=O)OC,4.3,691.0,29,7,258.23520460533337,364.607626288444
109.0,405.4,COC1=CC=C(C=C1)S(=O)(=O)/C(=C\NC2=CC3=C(C=C2)OCCO3)/C(=O)OC,3.1,664.0,28,7,245.4567165583333,342.013841520601
90.1,361.4,CCOC1=CC=C(C=C1)S(=O)(=O)/C(=C\NC2=CC=CC=C2)/C(=O)OC,3.8,553.0,25,8,218.211891543,319.8471028704731
90.1,389.5,CCC1=CC=C(C=C1)N/C=C(/C(=O)OC)\S(=O)(=O)C2=CC=C(C=C2)OCC,4.6,594.0,27,9,244.46391474466668,350.18248551900217
99.3,405.5,CCOC1=CC=C(C=C1)N/C=C(/C(=O)OC)\S(=O)(=O)C2=CC=C(C=C2)OCC,4.1,611.0,28,10,251.5854605983333,360.3411510986115
109.0,405.4,CCOC1=CC=C(C=C1)S(=O)(=O)/C(=C\NC2=CC3=C(C=C2)OCO3)/C(=O)OC,3.6,664.0,28,8,243.8920117163333,342.65926679765914
26.3,277.11,C=CC(=O)OC1=C(C2=CC=CC=C2C=C1)Br,4.2,277.0,16,3,139.30281163700002,201.4752662286319
52.3,167.16,CCOC(=O)/C=C/C1=CON=C1,1.0,179.0,12,4,85.5528400537,151.31573607105332
44.8,222.24,CC1=CC=CC=C1O/C(=C\OC)/C(=O)OC,2.4,260.0,16,5,119.80311217936666,210.23887690595862
87.9,218.21,CCOC(=O)/C(=C/NC1=NC=CN=C1)/C#N,0.9,318.0,16,5,119.18133091183334,196.460418130011
93.2,265.33,CCOC(=O)/C(=C/C1=CN=C(N1C)SCC)/C#N,1.8,375.0,18,6,154.474378579,241.88801713071413
83.1,438.5,CCOC(=O)/C=C(\NC(=O)NC1=CC=C(C=C1)C)/N2CCN(CC2)C3=CC=C(C=C3)OC,4.1,632.0,32,8,266.95815064333334,411.3376252147904
72.2,218.21,COC1=NC=CC(=C1/C=C/C(=O)OC)C#N,1.2,318.0,16,4,125.27809628756664,199.98631216307575
180.0,487.5,CCC(=O)NC1=NN=C(S1)SCC2=CC(=O)C(=CO2)OC(=O)/C=C/C3=CC4=C(C=C3)OCO4,2.8,863.0,33,9,276.6128007743334,394.9125331904852
93.2,435.4,COC1=CC(=CC(=C1OC)OC)/C=C\C(=O)OCC2=NOC(=C2)C3=CC4=CC=CC=C4O3,4.2,630.0,32,9,271.7281021045667,389.34373519229064
80.6,345.8,C1=CSC(=C1)/C=C/C(=O)OCC2=NOC(=C2)C3=CC=C(C=C3)Cl,4.2,426.0,23,6,209.015041452,297.70236440287175
81.3,299.34,CN(C)/C=C(\C(=O)OC)/S(=O)(=O)C1=CC=C(C=C1)OC,1.5,456.0,20,6,155.7814647603333,260.85102215202596
90.1,347.4,COC1=CC=C(C=C1)N/C=C(/C(=O)OC)\S(=O)(=O)C2=CC=CC=C2,3.4,538.0,24,7,211.89967086966664,304.1524893114295
80.8,345.4,CCC1=CC=C(C=C1)S(=O)(=O)/C(=C\NC2=CC=CC=C2)/C(=O)OC,4.3,536.0,24,7,213.337577176,310.7067248933201
80.8,345.4,CC1=C(C=C(C=C1)S(=O)(=O)/C(=C\NC2=CC=CC=C2)/C(=O)OC)C,4.2,558.0,24,6,214.3820677623333,310.5748919466674
90.1,347.4,COC1=CC=C(C=C1)S(=O)(=O)/C(=C\NC2=CC=CC=C2)/C(=O)OC,3.4,538.0,24,7,208.18815734666669,303.4656794205302
90.8,256.26,CCOC(=O)/C(=C\NC1=NNC2=CC=CC=C21)/C#N,2.7,412.0,19,5,160.26455335266667,229.5826235523038
58.9,342.2,CCOC(=O)/C(=C(/C1=C(C(=C(C=C1)Cl)C)Cl)\O)/C=NC2CC2,4.5,474.0,22,6,188.457691908,299.27102644601314
72.4,278.33,CCOC(=O)/C(=C(/NC1=CC=CC=C1OC)\S)/C#N,3.1,400.0,19,6,150.73527728033335,247.60115444264204
72.1,303.69,C1=CC(=CC=C1/C=C/C(=O)OC2=CC=C(C=C2)Cl)[N+](=O)[O-],4.2,391.0,21,4,182.711761775,261.2228169052472
38.8,221.25,CN(C)/C=C/C(=O)OC1=CC=C(C=C1)OC,2.0,243.0,16,5,130.50998622743333,214.60101005109726
106.0,225.24,CCC1=CC=C(S1)/C=C(\C(=O)O)/C(=O)[O-],3.4,292.0,15,3,143.45617243816665,186.85523670145034
109.0,312.28,CCOC(=O)/C(=C/C1=CC=C(O1)C2=CC(=CC=C2)[N+](=O)[O-])/C#N,3.1,530.0,23,5,213.02691830366663,272.83004870831473
165.0,459.5,C1=CC=C2C(=C1)N=C(S2)/C(=C/C3=CC=C(C=C3)OC(=O)/C=C/C4=CC=C(S4)[N+](=O)[O-])/C#N,5.9,810.0,32,6,378.4058122676667,390.20221330549623
189.0,575.7,CCC(CC)C(=O)NC1=NN=C(S1)SCC2=CC(=O)C(=CO2)OC(=O)/C=C/C3=CC(=C(C(=C3)OC)OC)OC,4.1,942.0,39,14,340.8265528893333,492.6122310087199
93.7,351.4,C1=CC=C2C(=C1)C=C(O2)C3=CC(=NO3)COC(=O)/C=C/C4=CC=CS4,4.0,500.0,25,6,229.500653134,306.287060584964
46.5,206.24,CCOC(=O)/C(=C/O)/C1=CC=C(C=C1)C,2.9,237.0,15,4,116.02887278413334,197.60649662763728
48.4,275.34,CCOC(=O)/C=C/C1=CN=C(C=C1)OC2CCCCC2,3.6,324.0,20,6,175.72898536866668,265.5975695115765
53.4,446.5,COC1=CC=C(C=C1)C2=NN(C=C2/C=C\C(=O)OC3=CC4=CC=CC=C4C=C3)C5=CC=CC=C5,6.6,683.0,34,7,304.8593225836667,425.413642543669
77.1,415.5,CCOC(=O)/C(=C\C1=CN(N=C1C2=CC=C(C=C2)OCC(C)C)C3=CC=CC=C3)/C#N,5.4,654.0,31,9,284.3779064603333,400.0725771386076
79.5,322.8,CCOC(=O)/C(=C/C1=CC=CC=C1Cl)/CNC2=NC=CS2,4.6,379.0,21,7,173.019283471,282.04070527330106
46.6,287.35,CCOC(=O)/C=C/C1=CC(=CC=C1)C(=O)N2CCCCC2,2.9,386.0,21,5,172.951562199,277.32079791321956
38.3,225.67,CCOC(=O)/C=C/NC1=CC(=CC=C1)Cl,3.4,231.0,15,5,135.007044662,205.3669149335637
52.3,167.16,CC1=CC(=NO1)/C=C/C(=O)OC,1.1,191.0,12,3,88.81129511583333,151.13778108246018
46.5,254.71,CC(C)(C)OC(=O)/C=C/C1=C(C=CC(=C1)Cl)O,3.5,294.0,17,4,142.76474290356666,231.36626892655576
72.3,258.269,CCOC(=O)/C(=C/C1=NC2=CC=CC=C2N=C1C)/O,2.1,357.0,19,4,167.9289176467,235.09277496192377
26.3,269.13,CCOC(=O)/C=C/C1=C(C=CC(=C1)Br)C,3.6,238.0,15,4,134.28938887729998,201.21961509258702
81.7,277.27,CC(=O)N/C(=C/C1=CC=C(C=C1)OC(=O)C)/C(=O)OC,1.3,408.0,20,6,164.32671484300002,249.29160271099565
84.5,558.2,CC1=C(C(=CC=C1)N=CC2=CC(=C(C(=C2)Br)OC(=O)/C=C/C3=CC=C(C=C3)[N+](=O)[O-])Br)C,7.0,691.0,32,6,333.231462593,390.3632812242949
69.2,451.5,C1=CC=C(C=C1)C(=O)N/C(=C\[P+](C2=CC=CC=C2)(C3=CC=CC=C3)C4=CC=CC=C4)/C(=O)[O-],6.0,630.0,33,6,260.676186446,426.2408546829256
60.2,338.4,CCCCCOC1=CC=C(C=C1)N=NC2=CC=C(C=C2)OC(=O)C=C,5.8,423.0,25,10,205.521339869,329.36148249074927
98.1,264.31,CC1=C(SC=N1)/C=C(\CN2C=NC=N2)/C(=O)OC,1.4,337.0,18,5,142.80215102866666,228.29266460778305
69.9,252.66,CCOC(=O)C(=C)N1C=NC2=C1N=CN=C2Cl,2.0,325.0,17,4,121.23025036136666,211.1576696011954
43.4,335.2,CC(=O)C1=CC=C(C=C1)OC(=O)/C=C/C2=C(C=CC=C2Cl)Cl,4.7,418.0,22,5,192.49290758933336,292.48500657573817
72.1,207.25,CN(C)/C=C(/C(=O)OC)\S(=O)(=O)C,-0.1,310.0,13,4,98.19605093183334,175.12106373019398
46.5,254.71,CC(C)(C)OC(=O)/C=C/C1=C(C=C(C=C1)O)Cl,3.5,294.0,17,4,144.44533284846668,230.85162710515175
55.8,284.31,COC1=CC=C(C=C1)/C(=C/C2=CC=C(C=C2)O)/C(=O)OC,3.5,361.0,21,5,198.3404793763333,266.8771698223721
26.3,206.28,CC(=C)[C@H]1CCC(=CC1)COC(=O)C=C,3.3,300.0,15,5,114.9698503193,211.91609451746277
55.4,384.6,C1=CC=C(C(=C1)NC(=O)COC(=O)/C=C/C2=CC(=C(C=C2)Cl)Cl)Cl,5.0,472.0,24,6,210.90624708366667,321.7847166618863
57.9,352.4,CCOC(=O)/C=C/C1=CC(=C(C=C1C2=CC3=CC=CC=C3O2)OC)OC,4.6,491.0,26,7,249.67913519406667,328.7400571204277
110.0,328.28,C=CC(=O)OC1=CC=CC2=C1C(=O)N(C2=O)C3CCC(=O)NC3=O,0.7,643.0,24,4,164.06191275499998,272.58777249168475
38.7,440.7,C1=CC(=CC=C1/C=C/C(=O)OC2=CC=C(C=C2)C=NC3=CC=C(C=C3)Cl)Br,6.4,514.0,27,6,267.49883638533333,348.8687670734728
64.599,370.24,CCOC(=O)/C=C/C1=CC(=C(C=C1)Br)NC(=O)OC(C)(C)C,3.8,417.0,22,7,188.656388481,286.4385659843376
65.4,271.31,COC(=O)/C(=C(/NC1=CC=CC=C1)\N2CCCC2)/C#N,3.2,424.0,20,5,157.38117129,256.9257565190011
65.4,285.34,COC(=O)/C(=C(/NC1=CC=CC=C1)\N2CCCCC2)/C#N,3.6,438.0,21,5,168.71741358666665,271.17888449671386
83.8,365.3,CCOC(=O)/C(=C\C1=CN(C2=CC=CC=C21)C(=O)C)/P(=O)(OC)OC,1.8,582.0,25,7,200.9026248893333,316.1311371323356
83.1,485.6,CCCCCC1CC=CC(C1/C=C/C(=O)OCCCC2OCCO2)NC(=O)OCC3=CC=CC=C3,5.9,681.0,35,15,256.15901740966666,462.01019823884076
167.0,468.5,CCOC(=O)/C(=C\N1C(=O)/C(=C/C2=CC(=CC=C2)[N+](=O)[O-])/SC1=S)/C(=O)C3=CC=CC=C3,4.7,857.0,32,7,291.382713607,393.8948872671355
56.3,281.3,CCOC(=O)/C(=C\C1=CC=NC=C1)/C(=O)C2=CC=CC=C2,3.0,391.0,21,6,169.18691572433332,267.287742190515
43.4,294.3,CCOC(=O)/C(=C\C1=CC=C(C=C1)C)/C(=O)C2=CC=CC=C2,4.3,410.0,22,6,190.337308262,288.61119485987894
61.8,391.19,CCOC(=O)/C(=C/C1=CC=C(C=C1)Br)/P(=O)(OCC)OCC,3.3,420.0,22,9,186.69124537,290.3525936119027
52.6,248.27,CCOC(=O)/C(=C/C1=CC(=CC=C1)OC)/C(=O)C,2.3,333.0,18,6,142.68685052566667,235.49557667053205
43.4,297.14,CCOC(=O)/C(=C/C1=CC(=CC=C1)Br)/C(=O)C,3.0,323.0,17,5,143.60982890633335,219.95147576440013
83.8,351.29,CC(=O)N1C=C(C2=CC=CC=C21)/C=C(/C(=O)OC)\P(=O)(OC)OC,1.5,567.0,24,6,194.2972635563333,301.1949044430548
69.7,594.7,CC1=CC=C(C=C1)/C=C/C(=O)OC2=CC=C(C=C2)/C=C/3\CCC/C(=C/C4=CC=C(C=C4)OC(=O)/C=C/C5=CC=C(C=C5)C)/C3=O,9.5,1030.0,45,10,480.4640932573333,578.7066298952533
103.0,438.6,CCC1=C(C(=CC=C1)C(C)(C)C)NC(=S)/N=C/C(=C(/C2=CC=CC=C2)\O)/C(=O)OCC,6.7,675.0,31,8,281.1484642066667,416.8394814596448
26.3,103.09,CCO[13C](=O)[13CH]=[13CH2],1.3,76.1,7,3,46.62955859746666,100.84876363406715
94.8,409.4,CCOC(=O)/C(=C/C1=CC(=C(C=C1)OC(=O)COC2=C(C=CC(=C2)C)C)OC)/C#N,4.6,666.0,30,10,244.89684765,380.65424304529773
104.0,490.6,CCN(CC)C1=CC=C(C=C1)/C=C(/C(=O)C2=CC(=C(S2)NC3=CC=CC=C3)C(=O)C)\C(=O)OCC,7.1,752.0,35,12,373.0123661883333,458.76720549838797
107.0,441.4,CC1=C(C(=NO1)C2=CC=CC=C2)C(=O)N/N=C/C3=CC=C(C=C3)OC(=O)/C=C/C4=CC=CO4,4.3,713.0,33,8,317.387385281,397.9925511661818
80.9,508.1,C1=COC(=C1)/C=C/C(=O)OC2=C(C=C(C=C2)Br)/C=N/NC(=O)C3=C(C=C(C=C3)Cl)Cl,5.7,663.0,30,7,294.46438838533334,376.9783662197967
117.0,493.0,C1CC2=C(C1)SC(=C2C#N)NC(=O)COC(=O)/C=C/C3=CC=C(C=C3)OCC4=CC=C(C=C4)Cl,6.2,783.0,34,9,308.9220399693333,434.0112859076932
97.6,511.4,CCOC1=C(C=C(C=C1)Br)/C=C/C(=O)OC2=C(C=C(C=C2)/C=C(/C#N)\C(=O)NCC=C)OC,5.0,787.0,33,11,326.98159531333334,417.8359163693788
119.0,552.4,COC1=CC=C(C=C1)/C=C/C(=O)NCC(=O)N/N=C/C2=C(C=CC(=C2)Br)OC(=O)/C=C/C3=CC=CO3,4.2,825.0,36,11,333.3418574803333,439.9564471988003
109.0,420.5,C1CCC2=C(C1)C3=C(S2)NC(NC3=O)C4=CC=C(C=C4)OC(=O)/C=C/C5=CC=CO5,4.8,678.0,30,5,257.28872229333336,366.68973015103614
97.6,494.5,COC1=C(C=CC(=C1)/C=C(\C#N)/C(=O)NCC=C)OC(=O)/C=C/C2=CC=C(C=C2)OCC3=CC=CC=C3,5.5,858.0,37,12,348.2828229326667,471.57747467434115
80.3,426.5,COCC1=CC=CC=C1/C(=C\OCC2=CC=CC=C2/C(=C\OC)/C(=O)OC)/C(=O)OC,3.1,640.0,31,12,233.327109955,399.2098018041991
99.5,296.7,COC(=O)/C(=C(\CCl)/O)/C(=N)NC(=O)C1=CC=CC=C1,2.0,428.0,20,6,143.89038141013333,249.30556600901917
70.1,181.19,CCOC(=O)C=CN1C=CN=C1N,0.1,206.0,13,4,95.3173093571,162.82579190118048
39.4,208.25,CC(C)CCOC(=O)/C=C\C1=CC=CO1,3.0,221.0,15,6,117.06454535513336,204.72589357027
52.3,284.15,CCOC(=O)/C=C/C1=C(C(=CC(=C1)N)Br)C,2.9,268.0,16,4,139.69138756133333,208.10358999772615
155.0,727.9,C[N@+]1(CCC2=CC(=C(C=C2[C@H]1CC3=CC(=C(C=C3)OC)OC)OC)OC)CCC(=O)OCCCCCOC(=O)C=C.C1=CC=C(C=C1)S(=O)(=O)[O-],,994.0,51,18,400.8624078273333,579.6482719182814
96.5,312.32,COC1=C(C=C(C=C1)/C=C(\C#N)/C(=O)[O-])OC.C1=CC=[NH+]C=C1,,380.0,23,3,186.0128023023333,215.80866682898608
46.5,206.24,CCOC(=O)/C(=C/O)/C1=CC=CC=C1C,2.9,245.0,15,4,111.78342478759998,197.54916412264336
74.7,372.4,CN(C)C=C1C(=NN(C1=O)C2=CC=C(C=C2)OC)C(=CN(C)C)C(=O)OC,2.1,659.0,27,7,240.664190049,348.58876061025546
44.1,166.18,CN1C(=CC=N1)C=CC(=O)OC,0.5,192.0,12,3,94.09982322386666,155.72383171982173
114.0,410.4,CC1=C(NC(=C1C(=O)NCCN(C)C)C)/C=C(/C2=C(C=CC(=C2)F)N)\C(=O)[O-].[Na+],,604.0,29,7,262.75193381733334,345.82576555208595
57.0,361.9,CC(C)(C)C(CCC1=CC=C(C=C1)Cl)(CN2C=NC=N2)OC(=O)C=C,4.9,458.0,25,9,186.701283841,338.80948053875215
62.1,244.29,CCC1=CC=CC=C1N/C=C(/C#N)\C(=O)OCC,3.5,354.0,18,6,153.9620157091,238.56346700282893
46.5,184.23,COC(=O)C(=C)C1(CCCCC1)O,2.0,214.0,13,3,88.08808712113334,173.85041377313453
57.5,380.2,CC(C)(C)OC(=O)N1C=C(C2=C1C=CC(=C2)Br)/C=C/C(=O)OC,4.2,486.0,23,5,198.5180974993333,291.85999697093484
83.1,379.4,C=CC(=O)OCCOCCOCCNC(=O)OCC1[C@H]2[C@@H]1CCC#CCC2,2.5,545.0,27,14,181.170220327,355.2630636447808
78.3,193.22,COC(=O)C=C(C#N)C1=CC=CS1,1.4,277.0,13,3,107.95639398733331,171.07798051246098
26.3,389.4,C=CC(=O)OCCCCCCCCCCCCCCCCCBr,9.3,266.0,23,19,183.453159772,345.51768015884755
26.3,345.0,C=CC(=O)OCCCCCCCCCCCCCCCCCCl,9.1,266.0,23,19,174.665294665,354.32373001424247
37.3,171.15,C1=CC=C(C=C1)/C=C\C(=O)O.[Na],,155.0,12,2,300.2722600343333,141.26498038538384
59.4,193.2,COC(=O)/C=C/C1=NC=C(C=C1)CO,0.3,215.0,14,4,113.71928852416666,177.24088387004704
39.2,256.1,COC(=O)/C=C/C1=CN=C(C=C1)CBr,1.7,218.0,14,4,125.12591066306668,180.96926846732939
46.5,240.68,CCOC(=O)/C=C/C1=CC(=C(C=C1)CO)Cl,2.3,253.0,16,5,135.9598164319667,215.64217655930386
35.5,184.23,COC(=O)C(=C)OC1CCCCC1,2.7,192.0,13,4,91.733254316,177.88510768215585
55.0,366.03,CCOC(=O)/C=C/C1=NC2=CC(=C(C=C2N1)Cl)Br.Cl,,340.0,19,4,184.70551631866667,226.9289067170112
88.8,319.4,CCCCOC(=O)C(=CC1=CC(=C(C=C1)OCCO)OC)C#N,2.6,440.0,23,10,186.737983082,296.9484992977628
38.3,143.18,CCN/C=C\C(=O)OCC,1.6,121.0,10,5,74.4167218247,142.23445324341412
63.2,283.32,CCOC(=O)/C(=C/C1=C(C2=C(O1)C=C(C(=C2)C)C)C)/C#N,4.0,476.0,21,4,203.7423221396667,269.94993634466533
65.4,342.4,CN(C)/C=C\1/C(=NN(C1=O)C2=CC=CC=C2)/C(=C/N(C)C)/C(=O)OC,2.1,614.0,25,6,227.44027174,324.17193819834836
138.0,586.6,CN(C)C1=CC=C(C=C1)/C=C(/C#N)\C(=O)OCCCNC(=O)C2CCN(CC2)C(=O)C3=CC4=C(C=C(C=C4)OC)OC3=O,3.7,1140.0,43,11,370.820681956,530.7308757886233
38.8,295.3,CC1=CC=CC=C1N2CC3=C(C=CC(=C3)OC(=O)C=C)OC2,4.1,411.0,22,4,173.85440495333333,280.7095170891568
152.0,548.6,CC1=CC(N2C3=C1C=C(C=C3/C(=C/4\C(=O)NC(=S)S4)/C2=O)OC(=O)/C=C/C5=CC(=C(C=C5)OC)OC)(C)C,4.3,1140.0,38,6,397.43473205533337,473.23866489862905
84.6,396.4,COC1=CC=CC=C1C2CCN(CC2)C3=C(C=C(C=C3)/C=C/C(=O)OC)[N+](=O)[O-],4.4,582.0,29,6,243.63203406,363.04355493236375
102.0,391.4,CCOC(=O)/C(=C\C1=CC=C(O1)C2=CC=CC=C2[N+](=O)[O-])/C(=O)C3=CC=CC=C3,4.7,634.0,29,7,258.5550868586667,348.6321991808574
93.4,276.36,CCOC(=O)/C=C/C1=C(C2=C(S1)N=C(C=C2C)C)N,3.0,361.0,19,4,183.91534211036665,247.43466065358763
63.0,202.21,CC1=CN=C(C=C1)/C=C(\C#N)/C(=O)OC,1.5,314.0,15,3,124.52998781456668,191.35578523053
87.6,299.3,COC1=CC=C(C=C1)C2=CC=C(S2)/C=C(\C#N)/C(=O)OC,3.5,446.0,21,5,228.49657387466664,272.069341206267
63.0,202.21,CC1=NC=C(C=C1)/C=C(\C#N)/C(=O)OC,1.5,314.0,15,3,124.52447505436668,190.997376503979
63.0,202.21,CC1=C(C=CC=N1)/C=C(\C#N)/C(=O)OC,1.5,314.0,15,3,119.34465130086666,191.1667231198655
63.0,238.24,COC(=O)/C(=C\C1=CN=CC2=CC=CC=C21)/C#N,2.3,394.0,18,3,148.8591375586333,222.59158570648236
50.1,257.329,CCOC(=O)/C(=C/C1=C(C(=CC(=C1C)C)C)C)/C#N,4.0,390.0,19,4,157.90990401686668,257.44837083094734
55.4,337.4,C1CCC(CC1)NC(=O)COC(=O)/C=C/C2=CC=CC3=CC=CC=C32,4.6,482.0,25,6,214.21876888133332,321.2759258816628
44.1,304.3,COC(=O)/C=C/C1=CN(N=C1C2=CC=CC=C2)C3=CC=CC=C3,3.8,412.0,23,5,216.67254999213333,293.16122045825557
55.4,378.2,CC1=C(C(=CC=C1)NC(=O)COC(=O)/C=C/C2=CC(=C(C=C2)Cl)Cl)C,5.1,497.0,25,6,220.5779755863333,333.80013092142894
55.4,379.8,CC1=C(C=CC=C1Cl)NC(=O)COC(=O)/C=C/C2=CC=CC3=CC=CC=C32,5.3,550.0,27,6,240.42126320436668,348.05177371820133
131.0,427.5,COC1=CC=C(C=C1)/C=C/C(=O)OC2=C(C=C(C=C2)/C=C\3/C(=O)NC(=S)S3)OC,4.6,685.0,29,7,324.8228105626667,370.30342293300475
44.8,368.5,CCOC1=C(C=C(C=C1)/C=C/C(=O)OC2=C(C=C(C=C2)C)C(C)(C)C)OC,6.1,493.0,27,8,254.3225346143333,364.8878593123065
26.3,327.6,C1=CC=C(C(=C1)/C=C/C(=O)OC2=C(C=C(C=C2)Cl)Cl)Cl,5.6,359.0,20,4,178.09869080299998,276.2954005724574
55.4,364.2,C1=CC=C(C=C1)CNC(=O)COC(=O)/C=C/C2=CC(=C(C=C2)Cl)Cl,4.3,450.0,24,7,206.997461476,319.4331718817723
65.7,358.3,C1=CC=C(C=C1)C2=C(C(=O)C3=CC=CC=C3O2)OC(=O)/C=C/C4=CC=CO4,4.3,629.0,27,5,244.55550033923336,325.3248594679878
26.3,286.8,CC1=CC=C(C=C1)/C=C/C(=O)OCC2=CC=C(C=C2)Cl,4.7,324.0,20,5,177.19996019566665,272.1836772538677
105.0,460.9,COC1=C(C=CC(=C1)/C=C(\C#N)/C2=CC=C(C=C2)Cl)OC(=O)/C=C/C3=CC(=CC=C3)[N+](=O)[O-],6.0,790.0,33,7,342.5197390103333,409.62887234813553
44.8,470.9,C1=CC=C(C=C1)OC2=CC=CC(=C2)COC(=O)/C=C/C3=CC=C(C=C3)OCC4=CC=CC=C4Cl,7.3,624.0,34,10,295.1284438746667,443.26676264608557
118.0,266.21,CCOC(=O)C(=CC1=CC=CC=C1[N+](=O)[O-])[N+](=O)[O-],2.1,395.0,19,4,128.36336123306668,216.95686438451455
77.8,532.0,CCCCCOC1=C(C=C(C=C1)/C=C/C(=O)OC2=C(C=C(C=C2)/C=C(\C#N)/C3=CC=C(C=C3)Cl)OC)OC,7.9,827.0,38,13,406.866117721,501.1057970262725
70.1,344.4,COC1=C(C=CC(=C1)/C=C/C(=O)OC)OCCSC2=CC=CC=C2,4.3,393.0,24,9,203.91617443000004,322.934361711898
64.599,373.8,CCOC1=CC=C(C=C1)NC(=O)C(C)OC(=O)/C=C/C2=CC=C(C=C2)Cl,4.5,480.0,26,8,224.26770397566668,340.972355166276
68.6,289.33,CCOC1=C(C=C(C=C1)/C=C(\C#N)/C(=O)OCC)OCC,2.8,410.0,21,8,186.17902037093336,276.76741790447954
39.4,290.74,CCOC(=O)/C=C/C1=CC=C(O1)C2=CC(=C(C=C2)C)Cl,4.3,356.0,20,5,200.38883967366667,267.39154887904954
72.7,542.4,CC1=CC=C(N1C2=CC=C(C=C2)C(=O)N/N=C/C3=C(C=CC(=C3)Br)OC(=O)/C=C/C4=CC=CC=C4)C,6.6,779.0,36,8,357.2050580960001,452.989300850339
86.2,493.3,C1OC2=C(O1)C=C(C=C2)C(=O)N/N=C/C3=C(C=CC(=C3)Br)OC(=O)/C=C/C4=CC=CC=C4,5.2,709.0,32,7,304.53420641233333,383.1434838663166
85.6,484.9,C1=CC=C(C=C1)/C=C/C(=O)OC2=CC=C(C=C2)/C=N/NC(=O)C3=NN(C=C3)CC4=CC=C(C=C4)Cl,5.5,739.0,35,9,338.94707299233335,441.689085437571
122.0,556.4,CC1=CC=C(C=C1)S(=O)(=O)NCC(=O)N/N=C/C2=C(C=CC(=C2)Br)OC(=O)/C=C/C3=CC=CC=C3,4.8,859.0,35,10,326.086695016,433.0295489596714
35.5,395.7,CCOC(=O)/C=C/C1=CC(=C(C(=C1)Br)OCC2=CC=CC=C2)Cl,5.4,396.0,23,7,203.0762951343333,305.5666869167934
85.3,273.24,COC(=O)/C=C/C1=CC=C(O1)C2=CC(=CC=C2)[N+](=O)[O-],2.8,390.0,20,4,179.90477255213332,238.17141898228434
68.6,289.33,CCOC1=CC(=C(C=C1)/C=C(\C#N)/C(=O)OCC)OCC,3.2,410.0,21,8,181.6314671385333,276.89201636471154
55.4,319.4,CC1=CC=C(C=C1)/C=C(/C2=CC(=O)C3=CC=CC=C3N2)\C(=O)OC,3.8,555.0,24,4,222.390372833,299.98162823831126
71.4,232.23,COC1=CC=CC(=C1)N/C=C(\C#N)/C(=O)OC,2.3,343.0,17,5,130.55016724093335,214.891578217193
53.3,292.3,CN(C1=CC=CC=C1)C2=CC=C(C=C2)/C=C(\C#N)/C(=O)OC,3.8,449.0,22,5,228.10389766733337,285.063185819057
80.8,281.33,COC(=O)/C=C/C1=CC=C(C=C1)S(=O)(=O)NC2CC2,1.7,440.0,19,6,168.29362905266666,243.61593512601524
35.5,302.7,COC(=O)/C=C/C1=CC=C(C=C1)OCC2=CC=C(C=C2)Cl,4.3,340.0,21,6,184.342145687,281.18247334493384
35.5,337.2,COC(=O)/C=C/C1=CC=C(C=C1)OCC2=CC(=C(C=C2)Cl)Cl,4.9,378.0,22,6,193.43946306666663,298.96946251079123
65.9,240.26,CCOC(=O)/C(=C/C1=C2C=CNC2=CC=C1)/C#N,2.6,394.0,18,4,155.7552714104,224.312546091205
44.8,332.8,COC1=C(C=CC(=C1)/C=C/C(=O)OC)OCC2=CC=CC=C2Cl,4.3,399.0,23,7,201.45393345866668,305.5416856195218
44.8,377.2,COC1=C(C=CC(=C1)/C=C/C(=O)OC)OCC2=CC(=CC=C2)Br,4.3,399.0,23,7,202.471445567,295.9131860953576
80.7,396.3,CC1=CC=C(C=C1)C(=O)N/C(=C(\SC2=CC=C(C=C2)Cl)/Cl)/C(=O)OC,5.3,511.0,25,6,233.484122749,338.4693465898898
85.3,321.71,CC1=CC(=C(C=C1Cl)C2=CC=C(O2)/C=C/C(=O)OC)[N+](=O)[O-],3.8,450.0,22,4,204.80583102466665,271.6896036072238
44.8,332.8,COC1=C(C=CC(=C1)/C=C/C(=O)OC)OCC2=CC=C(C=C2)Cl,4.0,391.0,23,7,201.21610576933327,304.79954310255295
39.4,349.2,CCOC(=O)/C=C/C1=CC=C(O1)C2=C(C=C(C(=C2)C)Br)C,4.8,382.0,21,5,214.7408507603333,273.0811378412888
39.4,414.09,CC1=CC(=C(C=C1Br)C)C2=C(C=C(O2)/C=C/C(=O)OC)Br,5.1,399.0,21,4,215.47763090266668,266.12110525874533
39.4,321.16,CC1=CC(=C(C=C1)C2=CC=C(O2)/C=C/C(=O)OC)Br,4.0,342.0,19,4,190.76921654736668,242.32292708614833
48.7,416.06,COC1=C(C=CC(=C1)Br)C2=C(C=C(O2)/C=C/C(=O)OC)Br,4.3,388.0,21,5,223.007719205,259.2942117161387
39.4,414.09,CCOC(=O)/C=C/C1=CC(=C(O1)C2=C(C=C(C=C2)Br)C)Br,5.1,386.0,21,5,218.8601475753333,266.17789655210873
48.7,351.19,CCOC(=O)/C=C/C1=CC=C(O1)C2=C(C=C(C=C2)Br)OC,4.0,371.0,21,6,210.6995257292,266.70940438499554
39.4,349.2,CCC1=C(C(=CC(=C1)C2=CC=C(O2)/C=C/C(=O)OC)C)Br,4.8,382.0,21,5,215.79022173733333,273.5984007430583
39.4,262.69,COC(=O)/C=C/C1=CC=C(O1)C2=CC=C(C=C2)Cl,3.6,308.0,18,4,188.0389606603,236.13930383464017
67.9,432.9,CC(C)OC1=CC=C(C=C1)/C=C(\C(=O)OCCN(C)C)/NC(=O)C2=CC=CC=C2.Cl,,545.0,30,10,267.69723108733336,385.98030097722216
42.7,283.75,C1CN2CCC1C(C2)OC(=O)/C=C/C3=CC=CO3.Cl,,334.0,19,4,152.0640276126,236.1688637926918
38.8,285.76,CN(C)CCOC(=O)/C=C/C1=CC=CC=C1OC.Cl,,276.0,19,7,156.43229238033334,249.07265928780865
47.9,169.18,CC1=NOCC1/C=C\C(=O)OC,0.5,233.0,12,3,82.12955549903333,154.00206118853112
85.3,366.16,CC1=C(C=C(C=C1)[N+](=O)[O-])C2=C(C=C(O2)/C=C/C(=O)OC)Br,3.8,450.0,22,4,201.921064727,262.08061259552983
99.3,391.4,CCOC1=CC=C(C=C1)S(=O)(=O)/C(=C\NC2=CC=C(C=C2)OC)/C(=O)OC,3.8,596.0,27,9,239.8707841016667,344.0609790602811
39.4,307.14,COC(=O)/C=C/C1=CC=C(O1)C2=CC=C(C=C2)Br,3.7,308.0,18,4,193.9600891741333,226.9499517554657
72.1,286.08,COC(=O)/C=C/C1=CC(=C(C=C1)Br)[N+](=O)[O-],2.7,300.0,16,3,134.5244857804,190.2491129061302
85.3,352.14,COC(=O)/C=C/C1=CC=C(O1)C2=C(C=C(C=C2)Br)[N+](=O)[O-],3.5,422.0,21,4,202.4281245343333,246.47773671569732
85.3,376.16,C#CCOC(=O)/C=C/C1=CC=C(O1)C2=C(C=C(C=C2)Br)[N+](=O)[O-],3.6,520.0,23,5,221.84782929166667,274.5788037861043
39.4,376.0,COC(=O)/C=C/C1=CC=C(O1)C2=CC(=C(C=C2Cl)Br)Cl,4.9,377.0,20,4,205.50781608666668,262.03815370505305
39.4,252.26,C#CCOC(=O)/C=C/C1=CC=C(O1)C2=CC=CC=C2,3.1,371.0,19,5,185.29318348933336,246.63276486706752
39.4,286.71,C#CCOC(=O)/C=C/C1=CC=C(O1)C2=CC=CC=C2Cl,3.7,409.0,20,5,190.5977806246,263.41572974860946
39.4,286.71,C#CCOC(=O)/C=C/C1=CC=C(O1)C2=CC(=CC=C2)Cl,3.7,409.0,20,5,197.58684533366667,264.53500704691305
39.4,300.7,CC1=C(C=C(C=C1)C2=CC=C(O2)/C=C/C(=O)OCC#C)Cl,4.1,437.0,21,5,205.3461138833333,279.7430508237662
39.4,345.2,CC1=C(C=CC(=C1)Br)C2=CC=C(O2)/C=C/C(=O)OCC#C,4.1,437.0,21,5,218.945266114,269.78277003003114
39.4,347.2,CC1=C(C=CC(=C1)Br)C2=CC=C(O2)/C=C/C(=O)OCC=C,4.7,394.0,21,6,216.94199225666668,271.4981187662715
39.4,347.2,CC1=C(C=CC(=C1)C2=CC=C(O2)/C=C/C(=O)OCC=C)Br,4.7,394.0,21,6,216.8062726155,272.2138927559803
39.4,276.71,CC1=C(C=CC=C1Cl)C2=CC=C(O2)/C=C/C(=O)OC,4.0,342.0,19,4,182.91764676106664,251.5612891349267
85.3,299.28,C=CCOC(=O)/C=C/C1=CC=C(O1)C2=CC=CC=C2[N+](=O)[O-],3.4,442.0,22,6,200.59461000266663,267.6469573936865
94.5,327.29,COC1=C(C=CC(=C1)[N+](=O)[O-])C2=CC=C(O2)/C=C/C(=O)OCC#C,2.9,531.0,24,6,222.39827711966663,291.0970496746031
85.3,366.16,CCOC(=O)/C=C/C1=CC=C(O1)C2=C(C=C(C=C2)[N+](=O)[O-])Br,3.8,436.0,22,5,210.592230074,262.74958936006755
85.3,331.7,C#CCOC(=O)/C=C/C1=CC=C(O1)C2=C(C=CC(=C2)[N+](=O)[O-])Cl,3.5,520.0,23,5,203.82299004900003,284.31517374490835
85.3,313.3,CC1=C(C=C(C=C1)[N+](=O)[O-])C2=CC=C(O2)/C=C/C(=O)OCC=C,3.8,470.0,23,6,211.3304183933333,283.04213777780006
94.5,327.29,COC1=C(C=C(C=C1)[N+](=O)[O-])C2=CC=C(O2)/C=C/C(=O)OCC#C,2.9,531.0,24,6,215.30064099523327,290.7712218555662
85.3,301.29,CCOC(=O)/C=C/C1=CC=C(O1)C2=CC(=C(C=C2)C)[N+](=O)[O-],3.5,431.0,22,5,201.787630466,269.8845699420433
85.3,313.3,CC1=C(C=C(C=C1)C2=CC=C(O2)/C=C/C(=O)OCC=C)[N+](=O)[O-],3.8,470.0,23,6,209.8896389713333,283.5462160567419
94.5,329.3,COC1=C(C=C(C=C1)C2=CC=C(O2)/C=C/C(=O)OCC=C)[N+](=O)[O-],3.4,486.0,24,7,222.72000580466667,292.41438812920813
85.3,301.29,CCOC(=O)/C=C/C1=CC=C(O1)C2=C(C(=CC=C2)[N+](=O)[O-])C,3.5,431.0,22,5,196.22345211433333,269.2655586615883
85.3,287.27,CC1=C(C=CC=C1[N+](=O)[O-])C2=CC=C(O2)/C=C/C(=O)OC,3.2,417.0,21,4,194.05725708,253.37345067631028
85.3,313.3,CC1=CC(=C(C=C1)C2=CC=C(O2)/C=C/C(=O)OCC=C)[N+](=O)[O-],3.8,470.0,23,6,209.1823522153333,283.1444492236364
94.5,303.27,COC1=CC(=C(C=C1)C2=CC=C(O2)/C=C/C(=O)OC)[N+](=O)[O-],2.8,432.0,22,5,197.5888523573333,262.4462552323147
94.5,343.3,CCOC1=C(C=CC(=C1)[N+](=O)[O-])C2=CC=C(O2)/C=C/C(=O)OCC=C,3.8,500.0,25,8,247.4469865355,308.26536488200463
39.4,321.2,C#CCOC(=O)/C=C/C1=CC=C(O1)C2=C(C(=CC=C2)Cl)Cl,4.3,440.0,21,5,198.6703840143333,281.9723963881178
39.4,323.2,C=CCOC(=O)/C=C/C1=CC=C(O1)C2=C(C(=CC=C2)Cl)Cl,4.9,397.0,21,6,210.393738292,283.4132861010089
39.4,323.2,C=CCOC(=O)/C=C/C1=CC=C(O1)C2=CC(=C(C=C2)Cl)Cl,4.9,397.0,21,6,220.60439297666667,283.5461577978499
39.4,354.14,COC(=O)/C=C/C1=CC=C(O1)C2=CC=C(C=C2)I,3.6,308.0,18,4,201.51085066803333,227.7657297209439
39.4,307.14,COC(=O)/C=C/C1=CC=C(O1)C2=CC(=CC=C2)Br,3.7,316.0,18,4,186.69249059006663,226.656201100881
85.3,315.32,CCC1=C(C=CC(=C1)[N+](=O)[O-])C2=CC=C(O2)/C=C/C(=O)OCC,4.0,445.0,23,6,228.5889716629,285.35324933950164
35.5,361.2,CCOC(=O)/C=C/C1=CC(=C(C=C1)OCC2=CC=CC=C2)Br,4.7,363.0,22,7,196.1883340346667,286.6748669912629
35.5,347.2,COC(=O)/C=C/C1=CC(=C(C=C1)OCC2=CC=CC=C2)Br,4.3,350.0,21,6,186.7111773519333,271.29281229155265
35.5,328.8,C=CCOC(=O)/C=C/C1=CC(=C(C=C1)OCC2=CC=CC=C2)Cl,4.9,401.0,23,8,203.82710057833333,310.57971337106176
35.5,326.8,C#CCOC(=O)/C=C/C1=CC(=C(C=C1)OCC2=CC=CC=C2)Cl,4.4,445.0,23,7,198.9811207083333,308.703128238849
35.5,351.2,CCOC(=O)/C=C/C1=CC=C(C=C1)OCC2=C(C=C(C=C2)Cl)Cl,5.3,392.0,23,7,201.910149555,314.4670070255844
35.5,316.8,CCOC(=O)/C=C/C1=CC=C(C=C1)OCC2=CC=CC=C2Cl,4.7,361.0,22,7,202.67814193,297.17137746183715
35.5,306.4,CC1=CC=CC=C1COC2=CC=C(C=C2)/C=C/C(=O)OCC#C,4.1,437.0,23,7,197.243460146,306.6720537434101
35.5,351.2,CCOC(=O)/C=C/C1=CC=C(C=C1)OCC2=CC(=C(C=C2)Cl)Cl,5.3,392.0,23,7,201.7885876553333,314.4822202676835
35.5,347.2,COC(=O)/C=C/C1=CC=C(C=C1)OCC2=CC(=CC=C2)Br,4.4,348.0,21,6,186.1794105286667,271.4743036673033
35.5,373.2,C=CCOC(=O)/C=C/C1=CC=C(C=C1)OCC2=CC(=CC=C2)Br,5.0,399.0,23,8,205.46824472866663,301.00680720177513
35.5,371.2,C#CCOC(=O)/C=C/C1=CC=C(C=C1)OCC2=CC(=CC=C2)Br,4.5,443.0,23,7,211.4024161306667,299.6571368846852
35.5,373.2,C=CCOC(=O)/C=C/C1=CC=C(C=C1)OCC2=CC=C(C=C2)Br,5.0,391.0,23,8,207.39548074733327,301.29166493447906
35.5,361.2,CCOC(=O)/C=C/C1=CC=C(C=C1)OCC2=CC=C(C=C2)Br,4.7,353.0,22,7,198.5297415883333,287.15218040844167
81.4,313.3,COC(=O)/C=C/C1=CC=C(C=C1)OCC2=CC=C(C=C2)[N+](=O)[O-],3.5,415.0,23,6,187.3226679793333,283.15377499443025
48.4,283.32,CCOC(=O)/C=C/C1=CC=C(C=C1)OCC2=CN=CC=C2,3.0,335.0,21,7,177.55407880733333,274.21107098427916
48.4,293.3,C#CCOC(=O)/C=C/C1=CC=C(C=C1)OCC2=CN=CC=C2,2.7,415.0,22,7,183.403544706,286.69672221447837
48.4,374.2,C=CCOC(=O)/C=C/C1=CC(=C(C=C1)OCC2=CN=CC=C2)Br,3.9,413.0,23,8,201.26187335333336,296.52362939342805
48.4,317.8,CCOC(=O)/C=C/C1=CC(=C(C=C1)OCC2=CN=CC=C2)Cl,3.6,375.0,22,7,187.98668087566668,291.9849674195595
48.4,362.2,CCOC(=O)/C=C/C1=CC(=C(C=C1)OCC2=CN=CC=C2)Br,3.7,375.0,22,7,191.64460228366667,282.3160728943969
48.4,395.19,COC(=O)/C=C/C1=CC(=C(C=C1)OCC2=CN=CC=C2)I,3.2,361.0,21,6,188.28934656266668,267.4421608089442
48.4,348.19,COC(=O)/C=C/C1=CC(=C(C=C1)OCC2=CN=CC=C2)Br,3.3,361.0,21,6,182.31504994066665,266.07323122309475
35.5,408.2,CC1=CC=CC=C1COC2=C(C=C(C=C2)/C=C/C(=O)OC)I,4.7,383.0,22,6,210.44099624266667,287.7428464409918
35.5,434.3,CC1=CC=CC=C1COC2=C(C=C(C=C2)/C=C/C(=O)OCC=C)I,5.3,435.0,24,8,223.06886920033327,317.5996011621179
35.5,361.2,CC1=CC=CC=C1COC2=C(C=C(C=C2)/C=C/C(=O)OC)Br,4.7,383.0,22,6,204.132613314,286.8571794835269
35.5,330.8,CCOC(=O)/C=C/C1=CC(=C(C=C1)OCC2=CC=CC=C2C)Cl,5.0,396.0,23,7,211.168485866,312.71840493671067
35.5,342.8,CC1=CC=CC=C1COC2=C(C=C(C=C2)/C=C/C(=O)OCC=C)Cl,5.3,435.0,24,8,215.63904418066667,326.1166284055969
35.5,340.8,CC1=CC=C(C=C1)COC2=C(C=C(C=C2)/C=C/C(=O)OCC#C)Cl,4.8,471.0,24,7,211.0114483563333,324.51055040176163
35.5,342.8,CC1=CC=C(C=C1)COC2=C(C=C(C=C2)/C=C/C(=O)OCC=C)Cl,5.3,427.0,24,8,214.34259160466664,326.38886562285404
35.5,361.2,CC1=CC=C(C=C1)COC2=C(C=C(C=C2)/C=C/C(=O)OC)Br,4.7,375.0,22,6,199.4057860963333,287.16304250589894
35.5,432.3,CC1=CC=C(C=C1)COC2=C(C=C(C=C2)/C=C/C(=O)OCC#C)I,4.8,471.0,24,7,221.173338344,316.47742870623375
35.5,337.2,COC(=O)/C=C/C1=CC(=C(C=C1)OCC2=CC=CC=C2Cl)Cl,4.9,386.0,22,6,191.75383551466663,298.71173242026896
35.5,395.7,CCOC(=O)/C=C/C1=CC(=C(C=C1)OCC2=CC=CC=C2Cl)Br,5.4,402.0,23,7,215.20002867643333,304.7045108237728
35.5,407.7,C=CCOC(=O)/C=C/C1=CC(=C(C=C1)OCC2=CC=CC=C2Cl)Br,5.6,440.0,24,8,215.37723245966663,318.61295546686324
35.5,452.7,C#CCOC(=O)/C=C/C1=CC(=C(C=C1)OCC2=CC=CC=C2Cl)I,5.1,484.0,24,7,222.18104546033337,317.8808580972624
35.5,454.7,C=CCOC(=O)/C=C/C1=CC(=C(C=C1)OCC2=CC=CC=C2Cl)I,5.6,440.0,24,8,221.9392705063333,319.5611186909847
35.5,452.7,C#CCOC(=O)/C=C/C1=CC(=C(C=C1)OCC2=CC=C(C=C2)Cl)I,5.1,476.0,24,7,221.5392997083333,318.6309716534308
35.5,407.7,C=CCOC(=O)/C=C/C1=CC(=C(C=C1)OCC2=CC=C(C=C2)Cl)Br,5.6,432.0,24,8,217.17021714,319.1693145979186
35.5,395.7,CCOC(=O)/C=C/C1=CC(=C(C=C1)OCC2=CC=C(C=C2)Cl)Br,5.4,394.0,23,7,206.725231083,304.72947559912484
35.5,337.2,COC(=O)/C=C/C1=CC(=C(C=C1)OCC2=CC=C(C=C2)Cl)Cl,4.9,378.0,22,6,193.78044115766667,298.4687278011399
35.5,351.2,CCOC(=O)/C=C/C1=CC(=C(C=C1)OCC2=CC=C(C=C2)Cl)Cl,5.3,392.0,23,7,202.7993028793333,314.37710677696833
35.5,371.6,COC(=O)/C=C/C1=CC(=C(C=C1)OCC2=C(C=C(C=C2)Cl)Cl)Cl,5.5,416.0,23,6,205.18012544733327,315.96731524753585
35.5,440.1,C#CCOC(=O)/C=C/C1=CC(=C(C=C1)OCC2=C(C=C(C=C2)Cl)Cl)Br,5.7,516.0,25,7,224.24972939066663,334.7952133240552
35.5,487.1,C#CCOC(=O)/C=C/C1=CC(=C(C=C1)OCC2=C(C=C(C=C2)Cl)Cl)I,5.7,516.0,25,7,232.803919976,336.2051533646522
35.5,463.1,COC(=O)/C=C/C1=CC(=C(C=C1)OCC2=CC(=C(C=C2)Cl)Cl)I,5.6,419.0,23,6,212.311237333,307.6372267810402
35.5,440.1,C#CCOC(=O)/C=C/C1=CC(=C(C=C1)OCC2=CC(=C(C=C2)Cl)Cl)Br,5.7,516.0,25,7,225.22161681800003,335.217716168727
35.5,395.7,C#CCOC(=O)/C=C/C1=CC(=C(C=C1)OCC2=CC(=C(C=C2)Cl)Cl)Cl,5.7,513.0,25,7,221.19227125,344.5967658131783
35.5,487.1,CCOC(=O)/C=C/C1=CC(=C(C=C1)OCC2=CC=C(C=C2)Br)I,5.4,394.0,23,7,217.0292800123333,296.3887886733485
35.5,497.1,C#CCOC(=O)/C=C/C1=CC(=C(C=C1)OCC2=CC=C(C=C2)Br)I,5.1,476.0,24,7,222.3660586503333,308.5109073100178
35.5,381.6,COC(=O)/C=C/C1=CC(=C(C=C1)OCC2=CC=C(C=C2)Br)Cl,5.0,380.0,22,6,197.67509361566667,289.42943510811483
35.5,407.7,C=CCOC(=O)/C=C/C1=CC(=C(C=C1)OCC2=CC=C(C=C2)Br)Cl,5.6,432.0,24,8,217.146549876,319.44638908539383
35.5,405.7,C#CCOC(=O)/C=C/C1=CC(=C(C=C1)OCC2=CC=C(C=C2)Br)Cl,5.1,476.0,24,7,211.90419637066665,316.7950087100247
35.5,407.7,C=CCOC(=O)/C=C/C1=CC(=C(C=C1)OCC2=CC(=CC=C2)Br)Cl,5.6,440.0,24,8,215.967727631,318.4894358170422
35.5,395.7,CCOC(=O)/C=C/C1=CC(=C(C=C1)OCC2=CC(=CC=C2)Br)Cl,5.4,402.0,23,7,206.38148903,304.58134363512227
35.5,440.1,CCOC(=O)/C=C/C1=CC(=C(C=C1)OCC2=CC(=CC=C2)Br)Br,5.4,400.0,23,7,210.0684524293333,295.45537545852375
35.5,499.1,C=CCOC(=O)/C=C/C1=CC(=C(C=C1)OCC2=CC(=CC=C2)Br)I,5.7,440.0,24,8,227.43026708533333,310.6923688738314
81.4,453.2,CCOC(=O)/C=C/C1=CC(=C(C=C1)OCC2=CC=C(C=C2)[N+](=O)[O-])I,4.5,471.0,25,7,218.2863647706667,308.4034893443678
81.4,465.2,C=CCOC(=O)/C=C/C1=CC(=C(C=C1)OCC2=CC=C(C=C2)[N+](=O)[O-])I,4.8,511.0,26,8,228.73108266766667,321.86203662951175
81.4,418.2,C=CCOC(=O)/C=C/C1=CC(=C(C=C1)OCC2=CC=C(C=C2)[N+](=O)[O-])Br,4.8,511.0,26,8,219.7389406423333,320.75672257655845
81.4,361.8,CCOC(=O)/C=C/C1=CC(=C(C=C1)OCC2=CC=C(C=C2)[N+](=O)[O-])Cl,4.5,471.0,25,7,208.7047860303333,316.69634143095965
35.5,397.3,COC(=O)/C=C/C1=CC(=C(C=C1)OCC2=CC=CC3=CC=CC=C32)Br,5.6,464.0,25,6,223.7530503226667,318.03834346192804
35.5,411.3,CCOC(=O)/C=C/C1=CC(=C(C=C1)OCC2=CC=CC3=CC=CC=C32)Br,6.0,478.0,26,7,233.2510648423333,334.022092738128
35.5,468.3,C#CCOC(=O)/C=C/C1=CC(=C(C=C1)OCC2=CC=CC3=CC=CC=C32)I,5.7,563.0,27,7,253.643936635,347.4698538068794
35.5,458.3,CCOC(=O)/C=C/C1=CC(=C(C=C1)OCC2=CC=CC3=CC=CC=C32)I,5.9,478.0,26,7,238.86997752666664,335.44424264985037
44.8,377.2,COC1=C(C(=CC(=C1)/C=C/C(=O)OC)Br)OCC2=CC=CC=C2,4.3,393.0,23,7,198.00718704,295.2047194480495
44.8,403.3,COC1=C(C(=CC(=C1)/C=C/C(=O)OCC=C)Br)OCC2=CC=CC=C2,5.0,445.0,25,9,211.59352067966665,325.7659639556601
44.8,450.3,COC1=C(C(=CC(=C1)/C=C/C(=O)OCC=C)I)OCC2=CC=CC=C2,4.9,445.0,25,9,219.08251372863333,326.27382946863344
44.8,424.2,COC1=C(C(=CC(=C1)/C=C/C(=O)OC)I)OCC2=CC=CC=C2,4.3,393.0,23,7,205.1029271413333,296.52556649350726
44.8,464.3,CC1=CC=CC=C1COC2=C(C=C(C=C2I)/C=C/C(=O)OCC=C)OC,5.3,479.0,26,9,238.3193970103333,342.32275958404387
44.8,462.3,CC1=CC=CC=C1COC2=C(C=C(C=C2I)/C=C/C(=O)OCC#C)OC,4.8,523.0,26,8,236.86375099533333,341.01380125201905
44.8,405.3,CCOC(=O)/C=C/C1=CC(=C(C(=C1)Br)OCC2=CC=CC=C2C)OC,5.1,439.0,25,8,221.50768968066663,327.2055505620262
44.8,346.8,CC1=CC=CC=C1COC2=C(C=C(C=C2Cl)/C=C/C(=O)OC)OC,4.6,426.0,24,7,198.97687281566664,321.02867773453875
44.8,338.4,CC1=CC=CC=C1COC2=C(C=C(C=C2)/C=C/C(=O)OCC=C)OC,4.6,445.0,25,9,220.2889525583333,332.41192795318955
44.8,338.4,CC1=CC=C(C=C1)COC2=C(C=C(C=C2)/C=C/C(=O)OCC=C)OC,4.6,437.0,25,9,222.94778046566665,332.8213214246825
44.8,336.4,CC1=CC=C(C=C1)COC2=C(C=C(C=C2)/C=C/C(=O)OCC#C)OC,4.1,481.0,25,8,218.302750606,331.0888194217023
44.8,372.8,CC1=CC=C(C=C1)COC2=C(C=C(C=C2Cl)/C=C/C(=O)OCC=C)OC,5.3,471.0,26,9,238.8719838353333,349.96376975473993
44.8,360.8,CCOC(=O)/C=C/C1=CC(=C(C(=C1)Cl)OCC2=CC=C(C=C2)C)OC,5.0,431.0,25,8,212.1003832956333,336.64941990650584
44.8,405.3,CCOC(=O)/C=C/C1=CC(=C(C(=C1)Br)OCC2=CC=C(C=C2)C)OC,5.1,431.0,25,8,219.46013969,327.76748312345705
44.8,464.3,CC1=CC=C(C=C1)COC2=C(C=C(C=C2I)/C=C/C(=O)OCC=C)OC,5.3,471.0,26,9,238.8273976336667,341.68963432630187
44.8,381.2,CCOC(=O)/C=C/C1=CC(=C(C(=C1)Cl)OCC2=CC=CC=C2Cl)OC,5.3,443.0,25,8,211.76776896663333,339.2795655156838
44.8,367.2,COC1=C(C(=CC(=C1)/C=C/C(=O)OC)Cl)OCC2=CC=CC=C2Cl,4.9,429.0,24,7,211.09121177966665,322.7978807815284
44.8,437.7,COC1=C(C(=CC(=C1)/C=C/C(=O)OCC=C)Br)OCC2=CC=CC=C2Cl,5.6,484.0,26,9,223.808182827,342.9611646500026
44.8,482.7,COC1=C(C(=CC(=C1)/C=C/C(=O)OCC#C)I)OCC2=CC=CC=C2Cl,5.0,529.0,26,8,246.6335227656667,342.7525419057168
44.8,458.7,COC1=C(C(=CC(=C1)/C=C/C(=O)OC)I)OCC2=CC=C(C=C2)Cl,4.9,423.0,24,7,211.381241405,314.93788350522476
44.8,484.7,COC1=C(C(=CC(=C1)/C=C/C(=O)OCC=C)I)OCC2=CC=C(C=C2)Cl,5.6,476.0,26,9,230.134335864,344.2541441733592
44.8,411.7,COC1=C(C(=CC(=C1)/C=C/C(=O)OC)Br)OCC2=CC=C(C=C2)Cl,5.0,423.0,24,7,202.738207997,313.09855027575213
44.8,381.2,CCOC(=O)/C=C/C1=CC(=C(C(=C1)Cl)OCC2=CC=C(C=C2)Cl)OC,5.3,435.0,25,8,210.997549594,338.75631761221825
44.8,393.3,COC1=C(C(=CC(=C1)/C=C/C(=O)OCC=C)Cl)OCC2=CC=C(C=C2)Cl,5.5,474.0,26,9,218.5848459194,353.04367794946705
44.8,356.8,COC1=C(C=CC(=C1)/C=C/C(=O)OCC#C)OCC2=CC=C(C=C2)Cl,4.4,487.0,25,8,225.94616045933333,333.2920839975536
44.8,358.8,COC1=C(C=CC(=C1)/C=C/C(=O)OCC=C)OCC2=CC=C(C=C2)Cl,4.9,443.0,25,9,219.84248869866667,335.2358491030564
44.8,391.2,COC1=C(C=CC(=C1)/C=C/C(=O)OCC#C)OCC2=C(C=C(C=C2)Cl)Cl,5.0,527.0,26,8,223.8096070233333,350.54302425139434
44.8,401.7,COC1=C(C(=CC(=C1)/C=C/C(=O)OC)Cl)OCC2=C(C=C(C=C2)Cl)Cl,5.5,460.0,25,7,220.312708385,341.02007255356864
44.8,493.1,COC1=C(C(=CC(=C1)/C=C/C(=O)OC)I)OCC2=C(C=C(C=C2)Cl)Cl,5.5,462.0,25,7,242.32490989566668,332.4399787474659
44.8,493.1,COC1=C(C(=CC(=C1)/C=C/C(=O)OC)I)OCC2=CC(=C(C=C2)Cl)Cl,5.5,462.0,25,7,230.856834135,332.3766603027433
44.8,401.7,COC1=C(C(=CC(=C1)/C=C/C(=O)OC)Cl)OCC2=CC(=C(C=C2)Cl)Cl,5.5,460.0,25,7,213.181673531,341.158193470056
44.8,415.7,CCOC(=O)/C=C/C1=CC(=C(C(=C1)Cl)OCC2=CC(=C(C=C2)Cl)Cl)OC,5.9,474.0,26,8,218.878300321,356.6867322584103
44.8,391.2,COC1=C(C=CC(=C1)/C=C/C(=O)OCC#C)OCC2=CC(=C(C=C2)Cl)Cl,5.0,527.0,26,8,225.0292481543333,351.17928181869047
44.8,381.2,CCOC(=O)/C=C/C1=CC(=C(C=C1)OCC2=CC(=C(C=C2)Cl)Cl)OC,5.3,443.0,25,8,219.04374854833333,339.070183683341
44.8,391.3,CCOC(=O)/C=C/C1=CC(=C(C=C1)OCC2=CC(=CC=C2)Br)OC,4.7,412.0,24,8,221.781562524,311.7401903280431
44.8,437.7,COC1=C(C(=CC(=C1)/C=C/C(=O)OCC=C)Cl)OCC2=CC(=CC=C2)Br,5.6,484.0,26,9,223.349146376,343.5153953916435
44.8,527.1,COC1=C(C(=CC(=C1)/C=C/C(=O)OCC#C)I)OCC2=CC(=CC=C2)Br,5.1,529.0,26,8,233.165051126,333.72707521945716
44.8,529.2,COC1=C(C(=CC(=C1)/C=C/C(=O)OCC=C)I)OCC2=CC(=CC=C2)Br,5.6,484.0,26,9,234.710093984,335.04998372836286
44.8,403.3,COC1=C(C=CC(=C1)/C=C/C(=O)OCC=C)OCC2=CC=C(C=C2)Br,5.0,443.0,25,9,223.5654578063333,325.52976442671394
44.8,411.7,COC1=C(C(=CC(=C1)/C=C/C(=O)OC)Cl)OCC2=CC=C(C=C2)Br,5.0,423.0,24,7,202.8983381123333,313.09202692559376
44.8,470.2,CCOC(=O)/C=C/C1=CC(=C(C(=C1)Br)OCC2=CC=C(C=C2)Br)OC,5.4,435.0,25,8,218.82687984566667,320.22769932857966
44.8,482.2,COC1=C(C(=CC(=C1)/C=C/C(=O)OCC=C)Br)OCC2=CC=C(C=C2)Br,5.7,474.0,26,9,226.0126948603,334.0359491829636
44.8,527.1,COC1=C(C(=CC(=C1)/C=C/C(=O)OCC#C)I)OCC2=CC=C(C=C2)Br,5.1,521.0,26,8,239.775424142,332.965434240325
44.8,529.2,COC1=C(C(=CC(=C1)/C=C/C(=O)OCC=C)I)OCC2=CC=C(C=C2)Br,5.6,476.0,26,9,233.63317392233333,334.4429901635514
90.6,469.2,COC1=C(C(=CC(=C1)/C=C/C(=O)OC)I)OCC2=CC=C(C=C2)[N+](=O)[O-],4.1,500.0,26,7,224.491678041,317.0267099933442
90.6,495.3,COC1=C(C(=CC(=C1)/C=C/C(=O)OCC=C)I)OCC2=CC=C(C=C2)[N+](=O)[O-],4.8,555.0,28,9,239.99790168566665,347.1905144580268
90.6,493.2,COC1=C(C(=CC(=C1)/C=C/C(=O)OCC#C)I)OCC2=CC=C(C=C2)[N+](=O)[O-],4.2,602.0,28,8,251.53146895266664,344.9991725415957
90.6,436.3,CCOC(=O)/C=C/C1=CC(=C(C(=C1)Br)OCC2=CC=C(C=C2)[N+](=O)[O-])OC,4.5,515.0,27,8,217.295711129,332.0908558037318
90.6,391.8,CCOC(=O)/C=C/C1=CC(=C(C(=C1)Cl)OCC2=CC=C(C=C2)[N+](=O)[O-])OC,4.5,515.0,27,8,223.6480341893333,341.11670211361746
57.6,323.3,COC1=C(C=CC(=C1)/C=C/C(=O)OCC#C)OCC2=CN=CC=C2,2.7,467.0,24,8,203.2381449163333,310.7284377672455
57.6,357.8,COC1=C(C(=CC(=C1)/C=C/C(=O)OCC#C)Cl)OCC2=CN=CC=C2,3.3,501.0,25,8,209.251141639,328.5713879856066
57.6,333.8,COC1=C(C(=CC(=C1)/C=C/C(=O)OC)Cl)OCC2=CN=CC=C2,3.2,404.0,23,7,184.83603699233333,300.56591021043164
57.6,449.2,COC1=C(C(=CC(=C1)/C=C/C(=O)OCC#C)I)OCC2=CN=CC=C2,3.3,501.0,25,8,213.81247581506668,320.06171421007247
57.6,439.2,CCOC(=O)/C=C/C1=CC(=C(C(=C1)I)OCC2=CN=CC=C2)OC,3.6,418.0,24,8,211.77281166833336,307.92675747010327
57.6,425.22,COC1=C(C(=CC(=C1)/C=C/C(=O)OC)I)OCC2=CN=CC=C2,3.2,404.0,23,7,196.036207491,291.4213841470593
44.8,348.4,COC1=C(C=CC(=C1)/C=C/C(=O)OC)OCC2=CC=CC3=CC=CC=C32,4.9,475.0,26,7,232.4989793963333,334.28286163750863
44.8,427.3,COC1=C(C(=CC(=C1)/C=C/C(=O)OC)Br)OCC2=CC=CC3=CC=CC=C32,5.6,509.0,27,7,237.21758689566664,343.01870038728265
44.8,441.3,CCOC(=O)/C=C/C1=CC(=C(C(=C1)Br)OCC2=CC=CC3=CC=CC=C32)OC,5.9,523.0,28,8,245.8901369763333,359.1120151653012
44.8,498.3,COC1=C(C(=CC(=C1)/C=C/C(=O)OCC#C)I)OCC2=CC=CC3=CC=CC=C32,5.7,609.0,29,8,254.53012681166663,371.9053806984044
44.8,488.3,CCOC(=O)/C=C/C1=CC(=C(C(=C1)I)OCC2=CC=CC3=CC=CC=C32)OC,5.9,523.0,28,8,251.31736643666667,359.27908454399693
35.5,337.2,COC(=O)/C=C/C1=CC(=CC=C1)OCC2=C(C=C(C=C2)Cl)Cl,4.9,386.0,22,6,180.659196158,298.57758409854256
35.5,351.2,CCOC(=O)/C=C/C1=CC(=CC=C1)OCC2=C(C=C(C=C2)Cl)Cl,5.3,400.0,23,7,192.1535647423333,315.0682907453736
35.5,351.2,CCOC(=O)/C=C/C1=CC(=CC=C1)OCC2=CC(=C(C=C2)Cl)Cl,5.3,400.0,23,7,188.45532987700005,314.6988501970255
35.5,337.2,COC(=O)/C=C/C1=CC(=CC=C1)OCC2=CC(=C(C=C2)Cl)Cl,4.9,386.0,22,6,182.28659388333327,298.9853309729507
81.4,339.3,C=CCOC(=O)/C=C/C1=CC(=CC=C1)OCC2=CC=C(C=C2)[N+](=O)[O-],4.1,477.0,25,8,205.9116987843333,312.59300940287187
81.4,327.3,CCOC(=O)/C=C/C1=CC(=CC=C1)OCC2=CC=C(C=C2)[N+](=O)[O-],3.9,437.0,24,7,192.41563333066665,299.36348422583956
35.5,373.2,C=CCOC(=O)/C=C/C1=CC(=CC=C1)OCC2=CC=C(C=C2)Br,5.0,399.0,23,8,194.67369045933333,301.02948229780037
35.5,318.4,COC(=O)/C=C/C1=CC(=CC=C1)OCC2=CC=CC3=CC=CC=C32,4.9,431.0,24,6,213.63211927066664,310.67411640868863
44.8,372.4,COC1=C(C=C(C=C1)/C=C/C(=O)OCC#C)OCC2=CC=CC3=CC=CC=C32,5.0,574.0,28,8,249.24635775700003,361.8914862328386
57.6,299.32,COC1=C(C=C(C=C1)/C=C/C(=O)OC)OCC2=CN=CC=C2,2.6,372.0,22,7,180.7473370286667,282.96982707075045
44.8,377.2,COC1=C(C=C(C=C1)/C=C/C(=O)OC)OCC2=CC(=CC=C2)Br,4.3,399.0,23,7,209.737853465,296.0863062815052
44.8,381.2,CCOC(=O)/C=C/C1=CC(=C(C=C1)OC)OCC2=C(C=C(C=C2)Cl)Cl,5.3,443.0,25,8,214.56153265133327,339.23769453732524
44.8,393.3,COC1=C(C=C(C=C1)/C=C/C(=O)OCC=C)OCC2=CC(=C(C=C2)Cl)Cl,5.5,482.0,26,9,237.06304735333333,352.4512177423416
44.8,358.8,COC1=C(C=C(C=C1)/C=C/C(=O)OCC=C)OCC2=CC=C(C=C2)Cl,4.9,443.0,25,9,215.5806150103333,335.05115286473955
44.8,346.8,CCOC(=O)/C=C/C1=CC(=C(C=C1)OC)OCC2=CC=C(C=C2)Cl,4.6,404.0,24,8,204.19727412300003,320.7558464373303
90.6,357.4,CCOC(=O)/C=C/C1=CC(=C(C=C1)OC)OCC2=CC=C(C=C2)[N+](=O)[O-],3.8,481.0,26,8,211.38512792666663,322.7512963488527
35.5,381.6,COC(=O)/C=C/C1=CC(=C(C(=C1)Br)OCC2=CC=CC=C2)Cl,5.0,382.0,22,6,191.8166977483,288.9565814650246
35.5,407.7,C=CCOC(=O)/C=C/C1=CC(=C(C(=C1)Br)OCC2=CC=CC=C2)Cl,5.6,434.0,24,8,213.69150467103336,319.1794386901051
35.5,409.7,CCOC(=O)/C=C/C1=CC(=C(C(=C1)Br)OCC2=CC=CC=C2C)Cl,5.7,429.0,24,7,219.4961619816667,320.54574397748047
35.5,419.7,CC1=CC=CC=C1COC2=C(C=C(C=C2Br)/C=C/C(=O)OCC#C)Cl,5.5,512.0,25,7,220.18953260533337,332.83694777980685
35.5,419.7,CC1=CC=C(C=C1)COC2=C(C=C(C=C2Br)/C=C/C(=O)OCC#C)Cl,5.5,504.0,25,7,223.8304835753333,333.3451117851669
35.5,409.7,CCOC(=O)/C=C/C1=CC(=C(C(=C1)Br)OCC2=CC=C(C=C2)C)Cl,5.7,421.0,24,7,215.5759452174,320.7762891960972
35.5,395.7,CC1=CC=C(C=C1)COC2=C(C=C(C=C2Br)/C=C/C(=O)OC)Cl,5.3,407.0,23,6,204.88799067866668,304.6293968274619
35.5,430.1,CCOC(=O)/C=C/C1=CC(=C(C(=C1)Br)OCC2=CC=C(C=C2)Cl)Cl,6.0,425.0,24,7,213.662957344,322.7858727222792
35.5,416.1,COC(=O)/C=C/C1=CC(=C(C(=C1)Br)OCC2=CC=C(C=C2)Cl)Cl,5.6,411.0,23,6,202.05183658633337,307.4364091198608
35.5,474.6,CCOC(=O)/C=C/C1=CC(=C(C(=C1)Br)OCC2=CC=C(C=C2)Br)Cl,6.0,425.0,24,7,217.393592709,313.15982297614727
35.5,484.6,C#CCOC(=O)/C=C/C1=CC(=C(C(=C1)Br)OCC2=CC=C(C=C2)Br)Cl,5.8,508.0,25,7,221.65014698366667,325.44724160644625
35.5,430.1,CCOC(=O)/C=C/C1=CC(=C(C(=C1)Br)OCC2=CC=CC=C2Cl)Cl,6.0,433.0,24,7,211.936923635,323.4331228737463
35.5,440.1,C#CCOC(=O)/C=C/C1=CC(=C(C(=C1)Br)OCC2=CC=CC=C2Cl)Cl,5.7,516.0,25,7,223.37338463466665,335.0302179257715
35.5,484.6,C#CCOC(=O)/C=C/C1=CC(=C(C(=C1)Br)OCC2=CC=CC=C2Br)Cl,5.8,516.0,25,7,227.083128415,326.0346237869581
35.5,474.6,CCOC(=O)/C=C/C1=CC(=C(C(=C1)Br)OCC2=CC=CC=C2Br)Cl,6.0,433.0,24,7,214.1399593623333,313.7404995001884
35.5,460.5,COC(=O)/C=C/C1=CC(=C(C(=C1)Br)OCC2=CC=CC=C2Br)Cl,5.7,419.0,23,6,203.363373742,298.0258382172944
35.5,464.6,CCOC(=O)/C=C/C1=CC(=C(C(=C1)Br)OCC2=CC(=C(C=C2)Cl)Cl)Cl,6.6,463.0,25,7,223.03064390166665,340.7912610521675
35.5,450.5,COC(=O)/C=C/C1=CC(=C(C(=C1)Br)OCC2=CC(=C(C=C2)Cl)Cl)Cl,6.2,449.0,24,6,210.60186361066667,324.7590763528082
81.4,450.7,C#CCOC(=O)/C=C/C1=CC(=C(C(=C1)Br)OCC2=CC=C(C=C2)[N+](=O)[O-])Cl,4.9,591.0,27,7,224.031378396,337.27219893437854
81.4,440.7,CCOC(=O)/C=C/C1=CC(=C(C(=C1)Br)OCC2=CC=C(C=C2)[N+](=O)[O-])Cl,5.2,504.0,26,7,216.60350486433333,324.31968965366616
81.4,426.6,COC(=O)/C=C/C1=CC(=C(C(=C1)Br)OCC2=CC=C(C=C2)[N+](=O)[O-])Cl,4.8,490.0,25,6,206.2548485053333,309.35140784788484
48.4,396.7,CCOC(=O)/C=C/C1=CC(=C(C(=C1)Br)OCC2=CN=CC=C2)Cl,4.3,407.0,23,7,199.02570931966667,300.57043627323435
48.4,382.63,COC(=O)/C=C/C1=CC(=C(C(=C1)Br)OCC2=CN=CC=C2)Cl,3.9,394.0,22,6,187.87247678633327,284.6767154192615
72.1,302.11,C=CCOC(=O)/C=C/C1=CC(=C(C(=C1)Cl)Cl)[N+](=O)[O-],3.9,380.0,19,5,158.34795907723333,246.4252558867332
72.1,312.12,C=CCOC(=O)/C=C/C1=CC(=C(C=C1)Br)[N+](=O)[O-],3.4,351.0,18,5,154.5757423321,219.43871303207217
72.1,310.1,C#CCOC(=O)/C=C/C1=CC(=C(C=C1)Br)[N+](=O)[O-],2.8,393.0,18,4,149.91998639086663,217.94493100945914
44.8,326.4,CCOC1=C(C=CC(=C1)/C=C/C(=O)OC)OCC2=CC=C(C=C2)C,4.4,398.0,24,8,211.3061766993333,318.302876356341
111.0,473.3,CCOC(=O)/C(=C(/C1=CC(=C(C=C1Cl)N2CCN(CC2)C)[N+](=O)[O-])\O)/C=NC3CC3.Cl,,698.0,31,7,269.48768982,380.3832566985488
85.0,301.09,CCOC(=O)/C=C/C1=C(C=C(C=N1)Br)[N+](=O)[O-],2.1,316.0,17,4,139.206459603,200.94220729550585
38.8,325.4,CCOC1=CC=CC(=C1)C2=CC=C(C=C2)/C(=C/N(C)C)/C(=O)OC,4.1,425.0,24,7,230.713275733,322.10862594863136
77.0,487.3,CC1=CC(=C(C=C1)/C(=C\C(=O)OC2=CC=CC=C2)/NC3=NC=CC(=N3)C4=CN=CC=C4)Br,5.9,639.0,32,7,284.6382532043333,395.66497006969973
91.6,200.14,C1=COC(=C1)/C=C(/C(=O)O)\C(=O)[O-].[OH3+],,250.0,14,2,89.67582949553334,145.4500872517802
57.2,198.15,C1=CC(=CC=C1/C=C/C(=O)[O-])C=O.[Na+],,217.0,14,3,203.04141958366668,161.10334531887676
153.0,365.34,CCOC(=O)/C=C/N1C(=O)C2=C(N=C1N)N(C=N2)[C@H]3C[C@@H]([C@H](O3)CO)O,-1.2,626.0,26,6,186.55083459923333,293.2171806088818
50.1,229.27,CCOC(=O)C(=C)CC1=CC=C(C=C1)CC#N,2.7,318.0,17,6,123.310033627,228.59710716435396
65.2,192.21,CCOC(=O)/C=C(/C1=CN=CC=C1)\N,1.2,226.0,14,4,107.6947563455,179.34822501014338
99.3,431.5,CC(C)(C)C1=CC=C(C=C1)S(=O)(=O)/C(=C\NC2=CC3=C(C=C2)OCCO3)/C(=O)OC,4.8,728.0,30,7,267.577049739,379.38070678022916
130.0,489.5,CC1=CC=C(C=C1)S(=O)(=O)OCCOCCOCCOC2=CC=C(C=C2)C=C(C#N)C(=O)OC,3.1,782.0,34,15,267.5618828346666,431.2686341343578
142.0,467.6,CCOC(=O)C=CC1=CN=C(N=C1NC2CCCC2(C)O)NC3CCN(CC3)S(=O)(=O)C,1.8,765.0,32,9,249.5753421743333,403.28159163682983
67.7,248.3,CCOC(=O)C=CC1=CC=C(O1)C2=CC=CS2,3.0,290.0,17,5,158.82276696293334,224.45743245877506
38.7,279.3,CCOC(=O)C(=C)N=C(C1=CC=CC=C1)C2=CC=CC=C2,4.5,368.0,21,6,175.17915939366665,278.050442059831
66.8,174.19,CCC(C(=C)C(=O)OCCO)O,0.1,164.0,12,6,76.66556504200001,157.41776948111462
65.0,256.29,CCOC(=O)C(=CO)C1CCC2(CC1)OCCO2,1.6,320.0,18,4,119.67284415456668,227.46650108237463
67.7,377.3,CCOC(=O)/C=C(/C1=CC=CS1)\C2=CC3=C(O2)C=CC(=C3)Br,5.3,440.0,22,5,205.97321551426668,279.75003866141725
78.9,242.22,CC(C)(C(=O)OC1CCOC1=O)OC(=O)C=C,1.3,357.0,17,6,101.96917961193331,209.52776297308378
55.4,315.7,COC(=O)/C(=C\C1=CC=CC=C1Cl)/NC(=O)C2=CC=CC=C2,3.9,430.0,22,5,194.34952186433333,284.8565913273842
26.3,255.11,COC(=O)/C=C\C1=CC=C(C=C1)CBr,3.2,205.0,14,4,125.61420714786668,184.96377340576
122.0,276.29,C=CC(=O)OCCCCN1C=NC2=C(N=C(N=C21)N)N,0.5,353.0,20,7,136.1522527059333,237.90194996581045
46.5,302.7,C1=CC=C(C=C1)CCOC(=O)/C=C/C2=CC(=C(C=C2)Cl)O,4.4,350.0,21,6,174.878634478,277.18763486042
107.0,243.28,CCC1=CC=C(S1)/C=C(/C(=O)O)\C(=O)[O-].[NH4+],,292.0,16,3,169.95576557966666,186.97441383118078
44.8,240.29,CCOC(=O)C(=C)C1CCC2(CC1)OCCO2,1.8,295.0,17,4,116.19985438066664,222.44530400926737
58.8,355.4,CC1=C(C(=NO1)C2=CC=CC=C2)/C=C(\CN3CCN(CC3)C)/C(=O)OC,2.4,497.0,26,6,197.63867145666663,334.6699364171251
72.7,234.23,COC1=CC=C(C=C1)/C=C(\C(=O)OC)/N=[N+]=N,,340.0,17,5,176.67038840763334,207.87290804040657
39.2,205.25,CCOC(=O)/C=C/C1=C(N=C(C=C1)C)C,2.3,238.0,15,4,130.37156765113332,203.31678138771446
55.8,264.32,CC(C)(C)OC(=O)C(=C)C(C1=CC=C(C=C1)OC)O,2.5,322.0,19,6,135.377196773,253.5644160926919
63.2,253.25,COC(=O)/C=C/C1=C(OC=C1)C2=CC=C(C=C2)C#N,2.6,387.0,19,4,164.540414982,237.53758503037236
120.0,438.5,CCN1CCN(CC1)C2=NC3=C(S2)C=C(C=C3)OC(=O)C=CC4=CC(=CC=C4)[N+](=O)[O-],4.7,664.0,31,6,268.937843905,383.2297298082961
120.0,486.5,C1CN(CCN1C2=CC=CC=C2)C3=NC4=C(S3)C=C(C=C4)OC(=O)C=CC5=CC=C(C=C5)[N+](=O)[O-],6.1,755.0,35,6,344.58412284466675,430.30440551237024
117.0,369.4,CN(C)C1=NC2=C(S1)C=C(C=C2)OC(=O)C=CC3=CC(=CC=C3)[N+](=O)[O-],4.5,551.0,26,5,238.077705326,318.3498046323395
117.0,409.5,C1CCN(CC1)C2=NC3=C(S2)C=C(C=C3)OC(=O)C=CC4=CC(=CC=C4)[N+](=O)[O-],5.3,620.0,29,5,265.4485983086667,356.4540742458104
126.0,411.4,C1COCCN1C2=NC3=C(S2)C=C(C=C3)OC(=O)C=CC4=CC(=CC=C4)[N+](=O)[O-],4.1,622.0,29,5,239.46802728833336,348.4726900889543
126.0,411.4,C1COCCN1C2=NC3=C(S2)C=C(C=C3)OC(=O)C=CC4=CC=C(C=C4)[N+](=O)[O-],4.1,614.0,29,5,274.968559385,348.2980712879619
117.0,395.4,C1CCN(C1)C2=NC3=C(S2)C=C(C=C3)OC(=O)C=CC4=CC=C(C=C4)[N+](=O)[O-],5.0,597.0,28,5,283.4859514873333,340.62243662901056
62.6,338.4,CN1C=NC2=C1C=CC(=C2)OC(=O)C=CC3=CC(=C(C=C3)OC)OC,3.2,484.0,25,6,222.931816396,313.573150612797
89.9,323.3,CN1C=NC2=C1C=CC(=C2)OC(=O)C=CC3=CC=C(C=C3)[N+](=O)[O-],3.1,497.0,24,4,204.3735255324,284.6928333123669
39.4,400.06,CCOC(=O)/C=C/C1=CC=C(O1)C2=C(C=C(C=C2)Br)Br,4.7,359.0,20,5,207.782159907,251.15356523482285
38.3,225.67,CNC1=C(C=CC(=C1)Cl)/C=C/C(=O)OC,2.8,243.0,15,4,130.64804135666668,204.98797764549997
102.0,276.29,CCOC(=O)/C(=C(\C)/O)/C(=NC(=O)C1=CC=CC=C1)N,2.6,435.0,20,5,136.10949512433334,247.47390905295893
70.3,267.28,CCOC(=O)/C(=C/C1=CC=CC2=C1C(=CC=C2)O)/C#N,3.4,434.0,20,4,162.92178108063334,247.5054590435384
84.2,236.22,CNC1=C(C=CC(=C1)/C=C/C(=O)OC)[N+](=O)[O-],2.6,311.0,17,4,140.21920056653337,206.98597799502903
26.3,214.69,CCOC(=O)/C=C/C1=C(CC(C1)C)Cl,2.7,279.0,14,4,118.61652964116666,200.56695099254364
62.1,234.29,CCC(CC)(C#C)N/C=C(\C#N)/C(=O)OCC,2.9,388.0,17,8,128.05098319066667,236.36340321823496
26.3,220.31,C/C=C/1\CCCC\C1=C/CCOC(=O)C=C,3.3,311.0,16,5,130.31961576433335,226.51445901778433
54.0,204.22,COCCOCOCC(=C)C(=O)OC,0.2,178.0,14,9,87.38815012933333,187.77315210697128
119.0,555.4,COC(=O)C(=C)[C@@H](C1=CC2=CC=CC=C2N=C1Cl)O.COC(=O)C(=C)[C@H](C1=CC2=CC=CC=C2N=C1Cl)O,,361.0,38,8,332.68639296433327,344.1621871878101
93.2,185.21,COC(=O)/C=C\SC1=NC=NN1,0.8,186.0,12,4,78.9217647972,151.14171221933995
62.1,230.26,CC1=C(C=CC(=C1)/C=C(\C#N)/C(=O)OC)NC,2.5,354.0,17,4,159.89042202653334,221.92235887130593
102.0,296.7,COC(=O)/C(=C(/CCl)\O)/C(=NC(=O)C1=CC=CC=C1)N,2.3,440.0,20,5,149.0911227295,250.27383479276875
44.1,242.27,COC(=O)/C=C/C1=CC=CC=C1CN2C=CC=N2,2.1,304.0,18,5,140.6182483427,232.34180355857148
73.9,293.31,CC(=O)NCCOC1=C(C=C(C=C1)/C=C/C(=O)OC)OC,1.5,369.0,21,8,174.58924646163334,271.9180618308611
26.3,368.5,CCOC(=O)/C=C/C1=CC=C(C=C1)C2=CC3=C(C=C2)C4=CC=CC=C4C3(C)C,6.7,569.0,28,5,301.6052883086666,367.72604427488443
47.6,376.2,COC(=O)/C(=C/C1=CC=C(C=C1)Br)/CNOCC2=CC=CC=C2,3.8,386.0,23,8,192.4229056353333,295.63955888420725
79.9,296.32,CCOC(=O)C(=CNC1=CC(=NN1C2=CC=CC=C2)C)C#N,3.4,462.0,22,6,181.584804884,277.2442175608489
39.4,420.48,COC(=O)/C=C/C1=CC(=C(O1)C2=C(C=C(C=C2)Br)Cl)Br,5.0,377.0,20,4,206.453702817,252.86565886329348
39.4,434.5,CCOC(=O)/C=C/C1=CC(=C(O1)C2=C(C=C(C=C2)Br)Cl)Br,5.3,391.0,21,5,210.8680492075333,268.6014205010387
79.8,316.31,CO/C=C(/C1=CC=CC=C1OC2=NC=NC(=C2)OC)\C(=O)OC,2.4,415.0,23,7,165.35966072333335,285.8139180801769
60.8,332.5,CCOC(=O)/C(=C/C1CCOCC1)/C2=CC=C(C=C2)SC3CC3,4.0,416.0,23,7,193.15029039566664,315.60501087211924
26.3,89.067,CO[13C](=O)[13CH]=[13CH2],0.8,65.9,6,2,37.2823007951,84.9462993507064
107.0,419.4,CCOC(=O)C(=CC1=CN(N=C1C2=C(C(=C(C=C2)OC)OC)O)C3=CC=CC=C3)C#N,3.7,684.0,31,8,285.40731817933334,381.47225110016353
77.5,388.4,COC(=O)/C(=C\C1=CC=C(C=C1)C2=CN=CC=C2)/NC(=O)OCC3=CC=CC=C3,4.0,563.0,29,8,261.9157137976667,363.7047765920922
29.5,333.4,COC(=O)/C=C/[C@H]1CCC(=CN1CC2=CC=CC=C2)C3=CC=CC=C3,4.2,484.0,25,6,215.003122794,331.92902920905186
118.0,359.33,C=CC(=O)OCCOCCOCCOCC(=O)ON1C(=O)CCC1=O,-0.7,475.0,25,15,150.47026381233331,304.12644552513217
59.1,376.5,CCOC(=O)/C=C/C1=CC=C(C=C1)N(C)CCCN(C)C(=O)OC(C)(C)C,3.9,491.0,27,11,233.44784809933333,372.30957614296034
26.3,190.11,[2H]C(=C([2H])[13C](=O)OCC(C(F)F)(F)F)[2H],2.2,178.0,12,5,54.8455993736,136.74023208176163
137.0,475.4,CCN1C2=CC=CC=C2C(=C(C1=O)C(=O)C(=CC3=C(N=C4C=CC=CN4C3=O)O)C(=O)OCC)O,2.3,1170.0,35,7,295.94762226233337,406.43069437619243
97.4,609.7,CCNC1=CC2=C(C=C1C)C3(C4=CC=CC=C4C(=O)N3CCOC(=O)C=C)C5=C(O2)C=C(C(=C5)C)N(CC)CCOC(=O)C=C,6.3,1100.0,45,14,356.7013199036667,572.9738913407441
90.3,568.7,CCOC(=O)/C=C/C1=CC=C(C=C1)C2CCCN2CCC3=CC4=C(CN(C4)C(=O)C5=C(C=C(C(=C5)C(C)C)O)O)C=C3,6.4,930.0,42,10,347.2381275643333,536.9446657635223
57.6,370.3,[2H]C([2H])([2H])OC(=O)/C(=C/OC)/C1=CC=CC=C1COC2=CC=CC(=N2)C(F)(F)F,3.6,495.0,26,7,171.8867044253333,313.73172606618436
26.3,137.22,[2H]C([2H])([2H])C(C([2H])([2H])[2H])(C([2H])([2H])[2H])OC(=O)C=C,1.7,119.0,9,3,62.692303591000005,131.8312563206534
26.3,302.11,CCOC(=O)C(=C)C1=CC=CC=C1I,3.4,225.0,14,4,116.25765648140002,187.2334343666705
26.3,288.08,COC(=O)C(=C)C1=CC(=CC=C1)I,3.0,213.0,13,3,109.351504693,171.03242236317854
63.2,386.4,CCOC(=O)/C=C/C1=C(C=C(C=C1)OCOCCOC)OCC2=CC=CC=C2,3.8,446.0,28,13,226.73326030300004,366.1349932210635
88.8,263.25,COC1=CC(=CC(=C1O)OC)C=C(C#N)C(=O)OC,1.7,383.0,19,5,159.7040707401,233.59228821524388
105.0,320.34,CCOC(=O)/C=C(\N)/N1CCN(CC1)C2=CC=C(C=C2)[N+](=O)[O-],2.3,447.0,23,5,185.8133152528333,281.72880557361543
80.8,407.9,CC(C)(C)C1=CC=C(C=C1)S(=O)(=O)/C(=C\NC2=CC=C(C=C2)Cl)/C(=O)OC,5.8,632.0,27,7,249.90108067566663,359.1266317242959
90.1,361.4,CCOC1=CC=C(C=C1)N/C=C(/C(=O)OC)\S(=O)(=O)C2=CC=CC=C2,3.8,553.0,25,8,222.3263901693333,319.7062484261552
109.0,391.4,COC1=CC=C(C=C1)S(=O)(=O)/C(=C\NC2=CC3=C(C=C2)OCO3)/C(=O)OC,3.2,649.0,27,7,233.6442705203333,327.02950848505225
26.3,238.71,CC(C)(C)OC(=O)C(=C)C1=CC(=CC=C1)Cl,4.0,278.0,16,4,123.51234732,226.17774811335102
85.3,239.22,CCCCOC(=O)/C=C/C1=CC=C(O1)[N+](=O)[O-],2.8,297.0,17,6,134.6821342133,209.13816603326026
80.8,387.5,CC1=CC=C(C=C1)N/C=C(/C(=O)OC)\S(=O)(=O)C2=CC=C(C=C2)C(C)(C)C,5.5,626.0,27,7,247.2554245403333,357.0160799343694
80.8,331.4,CC1=CC=C(C=C1)N/C=C(/C(=O)OC)\S(=O)(=O)C2=CC=CC=C2,3.8,521.0,23,6,206.850551496,295.0360364388084
80.8,379.9,CCC1=CC=C(C=C1)N/C=C(/C(=O)OC)\S(=O)(=O)C2=CC=C(C=C2)Cl,4.9,568.0,25,7,228.08065578266667,328.63258694375924
99.3,389.4,CC1=CC=C(C=C1)S(=O)(=O)/C(=C\NC2=CC3=C(C=C2)OCCO3)/C(=O)OC,3.5,648.0,27,6,240.551229121,333.84656163318596
80.8,373.5,CCC1=CC=C(C=C1)N/C=C(/C(=O)OC)\S(=O)(=O)C2=CC=C(C=C2)CC,5.0,577.0,26,8,239.8538044683333,341.9444998225869
90.1,389.5,CCOC1=CC=C(C=C1)N/C=C(/C(=O)OC)\S(=O)(=O)C2=CC(=C(C=C2)C)C,4.5,617.0,27,8,246.28040211866667,350.64413775045426
90.1,389.5,CC(C)C1=CC=C(C=C1)S(=O)(=O)/C(=C\NC2=CC=C(C=C2)OC)/C(=O)OC,4.6,607.0,27,8,242.87738615266665,350.543249141551
99.3,377.4,COC1=CC=C(C=C1)N/C=C(/C(=O)OC)\S(=O)(=O)C2=CC=C(C=C2)OC,3.4,581.0,26,8,230.960109009,328.3387202429574
109.0,421.5,CCOC1=CC=C(C=C1)S(=O)(=O)/C(=C\NC2=CC(=C(C=C2)OC)OC)/C(=O)OC,3.7,650.0,29,10,255.6578823263333,369.23049828384916
109.0,419.4,CCOC1=CC=C(C=C1)S(=O)(=O)/C(=C\NC2=CC3=C(C=C2)OCCO3)/C(=O)OC,3.5,679.0,29,8,253.802227688,358.1194972810564
48.4,261.32,CCOC(=O)/C=C/C1=CN=C(C=C1)OC2CCCC2,3.1,311.0,19,6,166.63223920273333,250.37516393004998
127.0,236.25,CCOC(=O)/C(=C(/C)\O)/C=N/S(=O)(=O)N,0.1,390.0,15,5,113.46456193883334,181.22585037673852
93.2,312.32,CC1=NC(=NC=C1)N/C=C(/C(=O)OC)\NC(=O)C2=CC=CC=C2,2.5,447.0,23,6,176.525300274,283.9462961330101
80.8,345.4,CCC1=CC=C(C=C1)N/C=C(/C(=O)OC)\S(=O)(=O)C2=CC=CC=C2,4.3,536.0,24,7,216.88076415766668,310.84247076635774
99.3,433.5,CC(C)(C)C1=CC=C(C=C1)S(=O)(=O)/C(=C\NC2=CC(=C(C=C2)OC)OC)/C(=O)OC,5.1,698.0,30,9,268.82715326,389.77721487009757
58.8,309.79,CCOC(=O)/C=C(\N)/N1CCN(CC1)C2=CC(=CC=C2)Cl,3.1,381.0,21,5,171.8394884216667,279.5401161703506
53.3,160.1,C1=COC(=C1)/C=C/C(=O)[O-].[Na+],,156.0,11,2,179.54397156713333,122.02948724921573
26.3,372.0,C1=CC(=CC=C1/C=C/C(=O)OC2=C(C=C(C=C2)Cl)Cl)Br,5.7,354.0,20,4,190.7038676536,267.25922524580545
89.0,256.279,CCOC(=O)/C=C/C1=CC=CC=C1S(=O)(=O)O,1.3,379.0,17,5,132.15954491793332,211.9359598440346
53.4,396.4,COC1=CC=C(C=C1)C2=NN(C=C2/C=C\C(=O)OC3=CC=CC=C3)C4=CC=CC=C4,5.4,561.0,30,7,262.07954460900004,378.90810444910187
61.6,211.21,CCOC1=NOC(=C1/C=C/C(=O)OC)C,1.7,242.0,15,5,111.064272554,191.17875406156926
123.0,423.4,COC(=O)/C(=C/N/C=C(\NC(=O)C1=CC=CC=C1)/C(=O)OC)/NC(=O)C2=CC=CC=C2,3.0,659.0,31,10,275.56648999466665,380.03321572622565
102.0,267.23,CCOC(=O)/C(=C/C1=C(C(=CC=C1)OC)[N+](=O)[O-])/O,2.2,362.0,19,5,138.76312694533334,226.7323141842162
94.2,234.28,CCOC(=O)/C(=C/C1=CC=CNC1=S)/C#N,1.4,452.0,16,4,139.337536784,207.4591227237313
39.4,242.27,CC1=C(C(=CC=C1)C)OC(=O)/C=C/C2=CC=CO2,3.6,301.0,18,4,155.44312570756668,233.66118103155745
65.2,271.11,CCOC(=O)C=CC1=CN=CC(=C1N)Br,1.5,246.0,15,4,119.09791368753334,187.07643528858404
90.9,241.2,CC1=CC(OC1=O)O/C=C(/C(=O)OC)\NC=O,0.2,398.0,17,5,113.13571337946668,201.498944874334
85.0,301.09,CCOC(=O)C=CC1=C(C=C(C=N1)Br)[N+](=O)[O-],2.1,316.0,17,4,125.55431583266666,200.9861134079335
48.4,193.2,COC1=C(C=NC=C1)/C=C/C(=O)OC,1.1,215.0,14,4,111.71145437716666,181.37863976336757
44.8,264.32,CCCCOC(=O)/C=C/C1=C(C=C(C=C1)OC)OC,3.4,288.0,19,8,164.53632701766665,257.4523518435683
58.6,200.23,CCOC(=O)/C(=C/N(C)C)/NC(=O)C,0.2,246.0,14,5,104.29770448563332,189.68375509895068
57.0,291.73,CCOC(=O)/C(=C/C1=CC=CC=C1Cl)/CN2C=NC=N2,2.9,362.0,20,6,147.47978482,260.67880058010866
82.5,209.2,CC1=CC=C(O1)/C=C/C(=O)OCC(=O)N,0.6,275.0,15,5,118.72209215556666,183.05535023047855
85.9,321.44,CCN(CC)S(=O)(=O)C1=CC=C(C=C1)/C=C/C(=O)[O-].[K+],,418.0,20,6,185.29082047466667,247.16437730525928
90.6,267.23,COC1=C(C=C(C(=C1)C=CC(=O)OC)[N+](=O)[O-])OC,2.0,351.0,19,5,141.20939849266668,230.3981610929996
46.6,309.4,CC1=CC(=C(C=C1)C(=O)C2=CC=C(C=C2)N(C)C)OC(=O)C=C,4.1,438.0,23,6,197.15246724166664,301.64731262762024
26.3,316.4,CC1=CC(=CC(=C1)/C=C(\C2=CC3=CC=CC=C3C=C2)/C(=O)OC)C,5.8,457.0,24,4,225.224269426,316.1463573863227
59.3,372.2,COC1=CC=C(C=C1)/C=C(\C#N)/C(=O)OCC2=CC(=CC=C2)Br,4.3,474.0,23,6,200.81049481,290.20436164307955
58.6,352.4,CC(C)OC(=O)/C(=C/C1=CC=C(C=C1)N(C)C)/NC(=O)C2=CC=CC=C2,4.2,499.0,26,7,235.168574909,342.3404185572723
51.6,452.5,CCOC(=O)/C=C/C1=C(N=CC=C1)N=P(C2=CC=CC=C2)(C3=CC=CC=C3)C4=CC=CC=C4,6.4,636.0,33,8,306.1594062186667,436.84092644211205
90.7,366.4,CCOC(=O)/C(=C/N1C2=C(C=C(C=C2)C)NC1=S)/C(=O)C3=CC=CC=C3,3.6,598.0,26,6,214.12667019833336,329.25386073588965
74.6,287.31,COC(=O)/C(=C(/NC1=CC=CC=C1)\N2CCOCC2)/C#N,2.3,440.0,21,5,162.78145289133332,263.8352991418842
71.1,418.4,CCOC(=O)/C(=C\C1=CC=C(C=C1)OCC2=CC=CC=C2)/P(=O)(OCC)OCC,4.1,552.0,29,12,241.720390135,381.96221265339517
121.0,463.6,CCOC(=O)/C(=C\N1C(=O)/C(=C/C(=C\C2=CC=CC=C2)/C)/SC1=S)/C(=O)C3=CC=CC=C3,6.2,846.0,32,8,324.22328849266665,418.56878050617337
158.0,608.6,CC(=O)OC1=C(C=C(C=C1)/C=C/C(=O)OC2C(CCCC2)OC(=O)/C=C/C3=CC(=C(C=C3)OC(=O)C)OC(=O)C)OC(=O)C,4.5,1020.0,44,16,352.3338022563333,538.8993599472051
98.8,537.4,CC(=O)OC(C1=CC2=C(C=C1)OCO2)C(COC(=O)/C=C/C3=CC(=C(C(=C3)OC)OC)OC)Br,4.2,688.0,34,12,270.096849236,418.31915747403707
46.6,261.32,CCOC(=O)/C(=C/C1=CC=C(C=C1)N(C)C)/C(=O)C,2.5,352.0,19,6,176.04170803780002,255.13535064968886
46.5,330.5,C[C@H]1CC[C@@H]([C@H](C1)OC(=O)C(=C)C(C2=CC=C(C=C2)C)O)C(C)C,5.4,434.0,24,6,180.766088601,328.91167518261096
90.1,623.2,CC1=CC(=CC(=C1OCC(=O)N/N=C/C2=C(C=CC(=C2)Br)OC(=O)/C=C/C3=CC=CO3)C)I,5.9,709.0,33,9,315.8284279853333,405.7902201365565
88.4,472.9,COC1=C(C=CC(=C1)/C=C(\C#N)/C(=O)NCC2=CC=CC=C2)OC(=O)/C=C/C3=CC=C(C=C3)Cl,5.5,788.0,34,9,321.52214419166665,435.3922653424458
90.1,660.4,CC(C)(C)CC(C)(C)C1=CC(=C(C(=C1)Br)OCC(=O)N/N=C/C2=CC=C(C=C2)OC(=O)/C=C/C3=CC=CO3)Br,8.6,852.0,39,12,368.637944894,497.4692172291948
35.5,304.08,COC(=O)/C=C/OC1=CC=CC=C1I,2.5,215.0,14,4,115.47716540053334,180.05809838582556
61.8,264.27,CCOC(=O)C=COCC(=O)OCC1=CC=CC=C1,2.1,305.0,19,9,131.27247623843334,246.4273292187235
65.099,331.4,CCOC(=O)/C=C/C12COC[C@@H](N1C(=O)OC2)CC3=CC=CC=C3,1.9,500.0,24,6,167.65791500666668,300.27796360506244
43.4,497.4,CC(C)(C)OC(=O)/C(=C/C1=CC=C(C=C1)Br)/CP(=O)(C2=CC=CC=C2)C3=CC=CC=C3,6.0,639.0,31,8,279.65300714066666,414.401681584343
55.4,267.71,CCOC(=O)C=CC1=CC=C(C=C1)NC(=O)CCl,2.4,309.0,18,6,148.80932322253332,240.4535147769673
115.0,237.21,CCOC(=O)/C(=C(/C1=NC=CN=C1)\O)/C(=O)N,-0.5,340.0,17,5,117.764375432,197.36016522923958
39.4,216.23,CCOC(=O)/C=C\C1=CC2=C(C=C1)OC=C2,3.0,272.0,16,4,131.41175980126667,203.89290306125557
80.6,181.16,C1=C[C@H]([C@H](C(=C1)C=CC(=O)[O-])O)O,0.1,283.0,13,1,135.3872515981,153.59425106678614
90.1,459.3,C1=COC(=C1)/C=C/C(=O)OC2=CC=C(C=C2)/C=N/NC(=O)COC3=C(C=C(C=C3)Cl)Cl,5.1,652.0,31,9,283.77352859033334,392.8917959888217
115.0,254.2,COC1=NC(=C(C=C1)[N+](=O)[O-])/C=C(/C(=O)OC)\O,1.2,351.0,18,4,130.96993177613334,205.7547478057851
75.4,276.29,COC(=O)/C=C/C1=CC(=C(C=C1)N2CCCC2)[N+](=O)[O-],2.6,385.0,20,4,178.109773614,247.2190985463875
26.3,254.07,CCOC(=O)C(=C)CCI,2.6,132.0,10,5,78.96602149706666,141.54911130187415
71.1,392.4,C1COC(=O)[C@@H]2C[C@@H]3C4=C([C@H]2O3)C5=C(C=C4)C6=C(C=C5)[C@H]7C[C@H]([C@@H]6O7)C(=O)OC1,1.9,677.0,29,0,201.72044819133336,330.73030018099155
59.4,221.25,CCOC(=O)/C=C/C1=CN=C(C(=C1)C)CO,1.0,253.0,16,5,134.36029045846666,208.26409943574495
35.5,186.25,CCOC(C)CC(=C)C(=O)OCC,2.0,175.0,13,7,91.63381334073334,187.4425241375564
64.599,263.29,CC(=O)NCCOC1=CC=C(C=C1)/C=C/C(=O)OC,1.5,319.0,19,7,159.84590125066669,246.97793055267388
102.0,310.3,C=CC(=O)OCCOCCNC(=O)CCN1C(=O)C=CC1=O,-0.9,468.0,22,11,136.23592749466667,271.576856666727
98.7,183.1,C=C(CP(=O)(O)[O-])C(=O)O.[NH4+],,199.0,11,3,66.5512232313,115.05768924878731
68.6,445.9,COC1=CC=C(C=C1)/C=C/C(=O)OC2=C(C=C(C=C2)/C=C(\C#N)/C3=CC=C(C=C3)Cl)OC,6.1,711.0,32,8,346.517356239,414.60254141039667
35.5,474.6,C#CCOC(=O)/C=C/C1=CC(=C(C(=C1)Br)OCC2=C(C=C(C=C2)Cl)Cl)Cl,6.4,547.0,26,7,240.6842924386667,352.7888618448028
78.3,277.4,CCCCCCC1=CC=C(S1)/C=C(\C#N)/C(=O)OC,4.7,370.0,19,8,174.14419095533333,265.350342056689
65.9,240.26,CC1=CC2=C(N1)C(=CC=C2)/C=C(/C#N)\C(=O)OC,2.7,407.0,18,3,146.3387390165,223.88353852669547
59.1,376.5,CCOC(=O)C=CC1=CC=C(C=C1)N(C)CCCN(C)C(=O)OC(C)(C)C,3.9,491.0,27,11,225.2558044433333,372.49523665102515
44.8,340.4,CC(C)(C)C1=CC=C(C=C1)OC(=O)/C=C/C2=C(C=C(C=C2)OC)OC,5.4,443.0,25,7,232.4242259846667,333.79739429969345
62.6,362.4,COC(=O)/C=C/C1=CN(N=C1C2=CC3=C(C=C2)OCCO3)C4=CC=CC=C4,3.5,534.0,27,5,254.01082966766668,332.2926904510569
55.4,309.4,CC1=CC=C(C=C1)/C=C/C(=O)OCC(=O)NCC2=CC=CC=C2,3.4,405.0,23,7,190.531233349,299.02666085613293
64.599,490.8,C1=CC=C(C(=C1)COC2=CC=C(C=C2)/C=C/C(=O)OCC(=O)NC3=C(C(=CC=C3)Cl)Cl)Cl,6.5,639.0,32,9,275.78164142400004,422.77656900084503
55.4,406.3,CCCCC1=CC=C(C=C1)NC(=O)COC(=O)/C=C/C2=CC(=C(C=C2)Cl)Cl,6.2,504.0,27,9,234.43501323866667,366.11881070224166
55.4,309.4,CC1=CC=C(C=C1)/C=C/C(=O)OCC(=O)NC2=CC=C(C=C2)C,3.8,416.0,23,6,201.9814067594333,298.1753366094038
55.4,371.9,CC1=C(C=C(C=C1)NC(=O)COC(=O)/C=C/C2=CC=C(C=C2)C(C)C)Cl,5.2,498.0,26,7,226.0555555733333,347.8316356504496
85.3,299.28,C=CCOC(=O)/C=C/C1=CC=C(O1)C2=CC=C(C=C2)[N+](=O)[O-],3.4,434.0,22,6,219.4416077831,267.83429662833294
165.0,545.7,COC1=CC=C(C=C1)/C=C/C(=O)OC2=C(C=C(C=C2)/C=C\3/C(=O)N(C(=S)S3)C4CCS(=O)(=O)C4)OC,4.3,1010.0,36,8,396.1051761473333,456.3484162256137
87.0,202.17,COC(=O)/C(=C/C1=CC=C(O1)C#N)/C#N,1.4,382.0,15,3,119.07445526996668,180.57861080496545
56.5,270.28,CC(=O)C1=C(OC(=C1)/C=C/C(=O)OC)C2=CC=CC=C2,2.6,382.0,20,5,188.408178081,253.05765983717447
62.1,285.12,CCOC(=O)/C(=C/NC1=C(C=C(C=C1)Cl)Cl)/C#N,4.0,376.0,18,5,158.0653922655,242.68745661970593
125.0,596.4,COC1=CC(=CC(=C1OC)OC)C(=O)NCC(=O)N/N=C/C2=C(C=CC(=C2)Br)OC(=O)/C=C/C3=CC=CC=C3,4.6,850.0,39,12,344.68267234833337,478.3539734210602
86.2,599.5,CC(C(=O)N/N=C/C1=C(C=CC(=C1)Br)OC(=O)/C=C/C2=CC=CC=C2)OC3=CC=C(C=C3)OCC4=CC=CC=C4,7.3,831.0,40,12,354.400476864,502.46179166313635
38.8,323.8,COC1=CC=C(C=C1)/C=C/C(=O)OC2CN3CCC2CC3.Cl,,380.0,22,5,185.750092954,279.3737770223247
71.4,246.26,CCOC1=CC=C(C=C1)N/C=C(\C#N)/C(=O)OC,2.7,349.0,18,6,144.20426823059998,230.20124521147054
80.8,331.4,COC(=O)/C=C/C1=CC=C(C=C1)S(=O)(=O)NCC2=CC=CC=C2,2.7,495.0,23,7,203.22445148866663,293.6712719810593
80.8,297.37,CC(C)(C)NS(=O)(=O)C1=CC=C(C=C1)/C=C/C(=O)OC,2.2,449.0,20,6,176.70948392399998,263.8450926614465
35.5,347.2,COC(=O)/C=C/C1=CC=C(C=C1)OCC2=CC=C(C=C2)Br,4.4,340.0,21,6,186.616146778,271.8145980834163
35.5,282.3,CC1=CC=C(C=C1)COC2=CC=C(C=C2)/C=C/C(=O)OC,4.0,334.0,21,6,184.4604942583333,278.7764515507653
61.8,354.4,CCOC1=C(C=C(C=C1)/C=C(/C(=O)C2=CC=CC=C2)\C(=O)OCC)OC,4.0,493.0,26,9,231.9445700103333,337.3008825143829
46.5,228.33,CCCCC(CC(=C)C(=O)OC(C)(C)C)O,3.1,238.0,16,8,113.79073858546668,230.9115112256194
85.3,335.74,CCOC(=O)/C=C/C1=CC=C(O1)C2=C(C=C(C(=C2)Cl)C)[N+](=O)[O-],4.2,464.0,23,5,215.2217549226667,287.1428668836063
87.5,409.5,CC1=CN2C(=O)C(=C(N=C2S1)C=C)CN(CCC3=CC=CC=C3)/C=C/C(=O)OC,3.4,791.0,29,9,240.74140710633333,377.7580267789551
39.4,335.19,CCOC(=O)/C=C/C1=CC=C(O1)C2=C(C=C(C=C2)C)Br,4.4,356.0,20,5,200.8416169125,258.2247599960016
48.7,351.19,CCOC(=O)/C=C/C1=CC=C(O1)C2=C(C=C(C=C2)OC)Br,4.0,371.0,21,6,205.1439397293333,266.76128496714614
48.7,430.09,CCOC(=O)/C=C/C1=CC(=C(O1)C2=C(C=C(C=C2)Br)OC)Br,4.7,402.0,22,6,229.6375662813333,275.4775560116161
39.4,400.06,CC1=C(C=CC(=C1)Br)C2=C(C=C(O2)/C=C/C(=O)OC)Br,4.7,372.0,20,4,209.09117502373337,250.15405759847621
48.7,430.09,CCOC(=O)/C=C/C1=CC(=C(O1)C2=C(C=C(C=C2)OC)Br)Br,4.7,402.0,22,6,223.27648400753333,275.2251623948252
48.7,337.16,COC1=C(C=CC(=C1)Br)C2=CC=C(O2)/C=C/C(=O)OC,3.6,358.0,20,5,200.867682277,251.57815516738466
39.4,335.19,CC1=CC(=CC(=C1Br)C)C2=CC=C(O2)/C=C/C(=O)OC,4.4,357.0,20,4,207.51228294566667,258.2663692018323
26.3,343.2,C1=CC=C(C=C1)/C=C/COC(=O)/C=C/C2=CC=C(C=C2)Br,5.1,361.0,21,6,199.0368137636667,276.7969034422949
39.4,276.71,CC1=C(C=CC(=C1)Cl)C2=CC=C(O2)/C=C/C(=O)OC,4.0,342.0,19,4,190.2299404002333,251.67481371446013
51.3,245.27,CCOC(=O)/C=C\C1=CC2=C(N1)C=CC(=C2)OC,2.7,316.0,18,5,161.0141049706667,229.66456022910197
85.3,287.27,CC1=C(C=C(C=C1)[N+](=O)[O-])C2=CC=C(O2)/C=C/C(=O)OC,3.2,417.0,21,4,190.39564148246663,253.3200581940829
85.3,380.19,CCOC(=O)/C=C/C1=CC(=C(O1)C2=C(C=CC(=C2)[N+](=O)[O-])C)Br,4.2,464.0,23,5,217.4755761097,278.1081019211879
144.0,516.5,CCOC(=O)C(=CC1=CC=CC=C1[N+](=O)[O-])C2=CC(=CC=C2)C(=CC3=CC=CC=C3[N+](=O)[O-])C(=O)OCC,6.1,847.0,38,10,321.26516700866665,456.8729434065039
85.3,333.72,C=CCOC(=O)/C=C/C1=CC=C(O1)C2=C(C=C(C=C2)Cl)[N+](=O)[O-],4.1,476.0,23,6,220.81509593366664,285.937433810185
39.4,331.6,COC(=O)/C=C/C1=CC=C(O1)C2=CC(=C(C=C2Cl)Cl)Cl,4.8,375.0,20,4,201.33268003106664,271.21345516058966
39.4,288.72,C=CCOC(=O)/C=C/C1=CC=C(O1)C2=CC=CC=C2Cl,4.2,367.0,20,6,191.4100353642,265.165013177689
39.4,276.71,CCOC(=O)/C=C/C1=CC=C(O1)C2=CC(=CC=C2)Cl,4.0,329.0,19,5,182.78403569106663,251.99243277911955
39.4,286.71,C#CCOC(=O)/C=C/C1=CC=C(O1)C2=CC=C(C=C2)Cl,3.7,401.0,20,5,197.9049945792,264.1418117141123
39.4,335.19,CCOC(=O)/C=C/C1=CC=C(O1)C2=CC(=C(C=C2)Br)C,4.4,356.0,20,5,205.38892808266667,258.85230393142996
39.4,300.7,CC1=C(C=CC=C1Cl)C2=CC=C(O2)/C=C/C(=O)OCC#C,4.1,437.0,21,5,200.629117308,279.43348324523447
94.5,303.27,COC1=C(C=CC(=C1)[N+](=O)[O-])C2=CC=C(O2)/C=C/C(=O)OC,2.8,432.0,22,5,217.88696294656663,262.5368666285222
94.5,329.3,COC1=C(C=CC(=C1)[N+](=O)[O-])C2=CC=C(O2)/C=C/C(=O)OCC=C,3.4,486.0,24,7,240.036160459,292.2172333445563
85.3,313.3,CC1=C(C=CC(=C1)[N+](=O)[O-])C2=CC=C(O2)/C=C/C(=O)OCC=C,3.8,470.0,23,6,221.83879841696665,283.3646221996163
85.3,307.68,COC(=O)/C=C/C1=CC=C(O1)C2=C(C=C(C=C2)[N+](=O)[O-])Cl,3.4,422.0,21,4,198.65399503426667,255.8575339709731
94.5,329.3,COC1=C(C=C(C=C1)[N+](=O)[O-])C2=CC=C(O2)/C=C/C(=O)OCC=C,3.4,486.0,24,7,216.84965754966663,292.35073006012664
85.3,287.27,CC1=C(C=C(C=C1)C2=CC=C(O2)/C=C/C(=O)OC)[N+](=O)[O-],3.2,417.0,21,4,191.7118810265333,253.8501096405311
85.3,311.29,CC1=C(C=C(C=C1)C2=CC=C(O2)/C=C/C(=O)OCC#C)[N+](=O)[O-],3.3,515.0,23,5,206.675732283,282.0279807084853
94.5,327.29,COC1=C(C=C(C=C1)C2=CC=C(O2)/C=C/C(=O)OCC#C)[N+](=O)[O-],2.9,531.0,24,6,218.7226629403333,290.6847060342829
94.5,303.27,COC1=C(C=C(C=C1)C2=CC=C(O2)/C=C/C(=O)OC)[N+](=O)[O-],2.8,432.0,22,5,198.67388729900003,262.90275917246805
85.3,331.7,C#CCOC(=O)/C=C/C1=CC=C(O1)C2=CC(=C(C=C2)Cl)[N+](=O)[O-],3.5,520.0,23,5,213.2287834966667,284.2251721996338
85.3,311.29,CC1=CC(=C(C=C1)C2=CC=C(O2)/C=C/C(=O)OCC#C)[N+](=O)[O-],3.3,515.0,23,5,206.39226554133333,282.0860047256129
94.5,317.29,CCOC(=O)/C=C/C1=CC=C(O1)C2=C(C=C(C=C2)OC)[N+](=O)[O-],3.1,446.0,23,6,217.0304925194,278.07255562185384
94.5,317.29,CCOC1=C(C=CC(=C1)[N+](=O)[O-])C2=CC=C(O2)/C=C/C(=O)OC,3.1,446.0,23,6,219.8725775553333,278.5179845917623
39.4,321.2,C#CCOC(=O)/C=C/C1=CC=C(O1)C2=CC(=C(C=C2)Cl)Cl,4.3,440.0,21,5,207.7733461871333,282.3311581954363
39.4,345.6,CCOC(=O)/C=C/C1=CC=C(O1)C2=CC(=C(C=C2Cl)Cl)Cl,5.2,388.0,21,5,211.6834718366333,287.4962629314627
39.4,276.71,CC1=C(C=C(C=C1)Cl)C2=CC=C(O2)/C=C/C(=O)OC,4.0,342.0,19,4,185.611913141,251.45254635292298
111.0,349.4,CC(=O)NS(=O)(=O)C1=CC=C(C=C1)C2=CC=C(O2)/C=C/C(=O)OC,1.7,586.0,24,6,233.0942609523333,293.59511819094365
35.5,302.7,COC(=O)/C=C/C1=CC(=C(C=C1)OCC2=CC=CC=C2)Cl,4.2,350.0,21,6,182.770490425,280.73119916134107
35.5,418.2,C#CCOC(=O)/C=C/C1=CC(=C(C=C1)OCC2=CC=CC=C2)I,4.4,445.0,23,7,208.9127384253333,300.1919090492518
35.5,326.8,C#CCOC(=O)/C=C/C1=CC=C(C=C1)OCC2=CC=C(C=C2)Cl,4.4,435.0,23,7,197.8756100233333,309.0312655402548
35.5,363.2,C=CCOC(=O)/C=C/C1=CC=C(C=C1)OCC2=C(C=C(C=C2)Cl)Cl,5.6,430.0,24,8,212.482258604,328.2111910215957
35.5,328.8,C=CCOC(=O)/C=C/C1=CC=C(C=C1)OCC2=CC=CC=C2Cl,4.9,399.0,23,8,204.419108635,310.1900265007713
35.5,296.4,CCOC(=O)/C=C/C1=CC=C(C=C1)OCC2=CC=CC=C2C,4.4,356.0,22,7,192.74576809966663,294.2660571962708
35.5,308.4,CC1=CC=CC=C1COC2=CC=C(C=C2)/C=C/C(=O)OCC=C,4.7,394.0,23,8,201.76968400433336,307.97537116346376
35.5,308.4,CC1=CC=C(C=C1)COC2=CC=C(C=C2)/C=C/C(=O)OCC=C,4.7,386.0,23,8,205.3577878,308.38175122232786
35.5,371.2,C#CCOC(=O)/C=C/C1=CC=C(C=C1)OCC2=CC=C(C=C2)Br,4.5,435.0,23,7,201.66673600366667,299.68227089616704
35.5,344.4,C=CCOC(=O)/C=C/C1=CC=C(C=C1)OCC2=CC=CC3=CC=CC=C32,5.6,476.0,26,8,232.2531457496667,340.18947844394853
48.4,327.8,C#CCOC(=O)/C=C/C1=CC(=C(C=C1)OCC2=CN=CC=C2)Cl,3.3,456.0,23,7,200.9544489526667,303.4831493572038
48.4,421.2,C=CCOC(=O)/C=C/C1=CC(=C(C=C1)OCC2=CN=CC=C2)I,3.9,413.0,23,8,208.278763527,296.8927662725274
48.4,409.22,CCOC(=O)/C=C/C1=CC(=C(C=C1)OCC2=CN=CC=C2)I,3.6,375.0,22,7,197.645902933,283.01528115893126
48.4,303.74,COC(=O)/C=C/C1=CC(=C(C=C1)OCC2=CN=CC=C2)Cl,3.2,361.0,21,6,179.11503151833332,276.15638827760625
35.5,432.3,CC1=CC=CC=C1COC2=C(C=C(C=C2)/C=C/C(=O)OCC#C)I,4.8,479.0,24,7,219.37976462333336,315.8950025973241
35.5,375.3,CCOC(=O)/C=C/C1=CC(=C(C=C1)OCC2=CC=CC=C2C)Br,5.1,396.0,23,7,212.63946548433333,303.1392688298627
35.5,340.8,CC1=CC=CC=C1COC2=C(C=C(C=C2)/C=C/C(=O)OCC#C)Cl,4.8,479.0,24,7,212.25866807033333,325.27468842099705
35.5,330.8,CCOC(=O)/C=C/C1=CC(=C(C=C1)OCC2=CC=C(C=C2)C)Cl,5.0,388.0,23,7,204.857886147,311.8201899241156
35.5,316.8,CC1=CC=C(C=C1)COC2=C(C=C(C=C2)/C=C/C(=O)OC)Cl,4.7,375.0,22,6,195.68807130766663,296.9431726779834
35.5,387.3,CC1=CC=C(C=C1)COC2=C(C=C(C=C2)/C=C/C(=O)OCC=C)Br,5.4,427.0,24,8,218.4807470483333,316.85172525195424
35.5,351.2,CCOC(=O)/C=C/C1=CC(=C(C=C1)OCC2=CC=CC=C2Cl)Cl,5.3,400.0,23,7,212.20953157776668,314.26823728436335
35.5,405.7,C#CCOC(=O)/C=C/C1=CC(=C(C=C1)OCC2=CC=CC=C2Cl)Br,5.1,484.0,24,7,215.39413291833333,317.1831347683101
35.5,442.7,CCOC(=O)/C=C/C1=CC(=C(C=C1)OCC2=CC=CC=C2Cl)I,5.3,402.0,23,7,221.0714693623333,305.7160172223355
35.5,428.6,COC(=O)/C=C/C1=CC(=C(C=C1)OCC2=CC=CC=C2Cl)I,4.9,388.0,22,6,213.05911263866668,290.47994044586443
35.5,454.7,C=CCOC(=O)/C=C/C1=CC(=C(C=C1)OCC2=CC=C(C=C2)Cl)I,5.6,432.0,24,8,222.7514244813333,319.9861915745696
35.5,381.6,COC(=O)/C=C/C1=CC(=C(C=C1)OCC2=CC=C(C=C2)Cl)Br,5.0,380.0,22,6,197.37495120466667,288.7610462759257
35.5,363.2,C=CCOC(=O)/C=C/C1=CC(=C(C=C1)OCC2=CC=C(C=C2)Cl)Cl,5.6,430.0,24,8,213.76587051633337,328.392136056683
35.5,361.2,C#CCOC(=O)/C=C/C1=CC(=C(C=C1)OCC2=CC=C(C=C2)Cl)Cl,5.0,474.0,24,7,208.18945652833327,326.42722800706554
35.5,397.7,C=CCOC(=O)/C=C/C1=CC(=C(C=C1)OCC2=C(C=C(C=C2)Cl)Cl)Cl,6.2,469.0,25,8,223.142987028,346.24091154247714
35.5,463.1,COC(=O)/C=C/C1=CC(=C(C=C1)OCC2=C(C=C(C=C2)Cl)Cl)I,5.6,419.0,23,6,214.45696533566664,307.62663190950065
35.5,489.1,C=CCOC(=O)/C=C/C1=CC(=C(C=C1)OCC2=CC(=C(C=C2)Cl)Cl)I,6.2,472.0,25,8,231.08970271433336,337.7825462294875
35.5,371.6,COC(=O)/C=C/C1=CC(=C(C=C1)OCC2=CC(=C(C=C2)Cl)Cl)Cl,5.5,416.0,23,6,202.742452636,316.7818008012144
35.5,450.1,C#CCOC(=O)/C=C/C1=CC(=C(C=C1)OCC2=CC=C(C=C2)Br)Br,5.2,474.0,24,7,216.64541230066664,308.0039901783725
35.5,426.1,COC(=O)/C=C/C1=CC(=C(C=C1)OCC2=CC=C(C=C2)Br)Br,5.0,378.0,22,6,201.4496266443333,279.55801703573263
35.5,405.7,C#CCOC(=O)/C=C/C1=CC(=C(C=C1)OCC2=CC(=CC=C2)Br)Cl,5.1,484.0,24,7,212.91942590866665,316.92589349695226
35.5,381.6,COC(=O)/C=C/C1=CC(=C(C=C1)OCC2=CC(=CC=C2)Br)Cl,5.0,388.0,22,6,197.24670621366667,288.830059998298
35.5,426.1,COC(=O)/C=C/C1=CC(=C(C=C1)OCC2=CC(=CC=C2)Br)Br,5.0,386.0,22,6,200.91357858666663,279.57492561866934
35.5,450.1,C#CCOC(=O)/C=C/C1=CC(=C(C=C1)OCC2=CC(=CC=C2)Br)Br,5.2,482.0,24,7,225.7443401478,307.27802470718575
81.4,439.2,COC(=O)/C=C/C1=CC(=C(C=C1)OCC2=CC=C(C=C2)[N+](=O)[O-])I,4.1,456.0,24,6,208.391550899,292.1433407153499
81.4,463.2,C#CCOC(=O)/C=C/C1=CC(=C(C=C1)OCC2=CC=C(C=C2)[N+](=O)[O-])I,4.3,556.0,26,7,222.32749180266669,320.34781436072575
81.4,416.2,C#CCOC(=O)/C=C/C1=CC(=C(C=C1)OCC2=CC=C(C=C2)[N+](=O)[O-])Br,4.3,556.0,26,7,217.05899737066667,319.19241000591273
81.4,392.2,COC(=O)/C=C/C1=CC(=C(C=C1)OCC2=CC=C(C=C2)[N+](=O)[O-])Br,4.2,456.0,24,6,202.36083878366665,291.3423872335168
35.5,366.8,CCOC(=O)/C=C/C1=CC(=C(C=C1)OCC2=CC=CC3=CC=CC=C32)Cl,5.9,478.0,26,7,230.18553034966664,343.6352531126327
35.5,444.3,COC(=O)/C=C/C1=CC(=C(C=C1)OCC2=CC=CC3=CC=CC=C32)I,5.6,464.0,25,6,240.7181423774,318.7971841913591
44.8,356.8,COC1=C(C(=CC(=C1)/C=C/C(=O)OCC#C)Cl)OCC2=CC=CC=C2,4.4,489.0,25,8,214.44307518133337,333.6236849889871
44.8,360.8,CCOC(=O)/C=C/C1=CC(=C(C(=C1)Cl)OCC2=CC=CC=C2C)OC,5.0,439.0,25,8,219.653686021,336.59538345470463
44.8,336.4,CC1=CC=CC=C1COC2=C(C=C(C=C2)/C=C/C(=O)OCC#C)OC,4.1,489.0,25,8,210.95574142166663,330.5072151346313
44.8,370.8,CC1=CC=C(C=C1)COC2=C(C=C(C=C2Cl)/C=C/C(=O)OCC#C)OC,4.7,515.0,26,8,217.6769039492333,348.3451437907377
44.8,346.8,CC1=CC=C(C=C1)COC2=C(C=C(C=C2Cl)/C=C/C(=O)OC)OC,4.6,418.0,24,7,208.263880224,320.6190525839672
44.8,391.3,CC1=CC=C(C=C1)COC2=C(C=C(C=C2Br)/C=C/C(=O)OC)OC,4.7,418.0,24,7,211.875043164,310.98341024707014
44.8,415.3,CC1=CC=C(C=C1)COC2=C(C=C(C=C2Br)/C=C/C(=O)OCC#C)OC,4.8,515.0,26,8,221.8465710445,338.9491268989956
44.8,356.8,COC1=C(C=CC(=C1)/C=C/C(=O)OCC#C)OCC2=CC=CC=C2Cl,4.4,495.0,25,8,227.06891023,333.2768445590582
44.8,484.7,COC1=C(C(=CC(=C1)/C=C/C(=O)OCC=C)I)OCC2=CC=CC=C2Cl,5.6,484.0,26,9,230.7777263143333,344.58492449015563
44.8,482.7,COC1=C(C(=CC(=C1)/C=C/C(=O)OCC#C)I)OCC2=CC=C(C=C2)Cl,5.0,521.0,26,8,236.1228399643333,342.1778061182286
44.8,425.7,CCOC(=O)/C=C/C1=CC(=C(C(=C1)Br)OCC2=CC=C(C=C2)Cl)OC,5.3,437.0,25,8,215.0068360603333,329.60227635918034
44.8,391.2,COC1=C(C(=CC(=C1)/C=C/C(=O)OCC#C)Cl)OCC2=CC=C(C=C2)Cl,5.0,519.0,26,8,222.756002502,350.8316307690867
44.8,346.8,CCOC(=O)/C=C/C1=CC(=C(C=C1)OCC2=CC=C(C=C2)Cl)OC,4.6,404.0,24,8,218.94325830166667,320.80167560325896
44.8,393.3,COC1=C(C=CC(=C1)/C=C/C(=O)OCC=C)OCC2=C(C=C(C=C2)Cl)Cl,5.5,482.0,26,9,231.71901800933333,352.7310502926716
44.8,427.7,COC1=C(C(=CC(=C1)/C=C/C(=O)OCC=C)Cl)OCC2=C(C=C(C=C2)Cl)Cl,6.2,514.0,27,9,233.51924412666665,370.4007891795696
44.8,517.1,COC1=C(C(=CC(=C1)/C=C/C(=O)OCC#C)I)OCC2=C(C=C(C=C2)Cl)Cl,5.7,561.0,27,8,262.30911739366667,360.62556323352214
44.8,472.2,COC1=C(C(=CC(=C1)/C=C/C(=O)OCC=C)Br)OCC2=CC(=C(C=C2)Cl)Cl,6.2,516.0,27,9,234.8409477283333,360.8047050345923
44.8,367.2,COC1=C(C=CC(=C1)/C=C/C(=O)OC)OCC2=CC(=C(C=C2)Cl)Cl,4.9,429.0,24,7,210.29029987666664,322.8975916533226
44.8,401.2,COC1=C(C=CC(=C1)/C=C/C(=O)OCC#C)OCC2=CC(=CC=C2)Br,4.4,495.0,25,8,228.260375872,323.8749043552348
44.8,470.2,CCOC(=O)/C=C/C1=CC(=C(C(=C1)Br)OCC2=CC(=CC=C2)Br)OC,5.4,443.0,25,8,217.25243259,319.9635047799729
44.8,401.2,COC1=C(C=CC(=C1)/C=C/C(=O)OCC#C)OCC2=CC=C(C=C2)Br,4.4,487.0,25,8,230.478969174,323.402589245126
44.8,425.7,CCOC(=O)/C=C/C1=CC(=C(C(=C1)Cl)OCC2=CC=C(C=C2)Br)OC,5.3,437.0,25,8,215.52965770333333,329.3075129162448
44.8,480.1,COC1=C(C(=CC(=C1)/C=C/C(=O)OCC#C)Br)OCC2=CC=C(C=C2)Br,5.1,519.0,26,8,229.24378913433333,332.50111869051034
44.8,517.2,CCOC(=O)/C=C/C1=CC(=C(C(=C1)I)OCC2=CC=C(C=C2)Br)OC,5.3,437.0,25,8,225.2669349496667,321.06416427496293
44.8,503.1,COC1=C(C(=CC(=C1)/C=C/C(=O)OC)I)OCC2=CC=C(C=C2)Br,5.0,423.0,24,7,215.45031509966665,305.674450504227
90.6,483.3,CCOC(=O)/C=C/C1=CC(=C(C(=C1)I)OCC2=CC=C(C=C2)[N+](=O)[O-])OC,4.5,515.0,27,8,230.3587900983333,332.6387717127756
90.6,446.2,COC1=C(C(=CC(=C1)/C=C/C(=O)OCC#C)Br)OCC2=CC=C(C=C2)[N+](=O)[O-],4.3,602.0,28,8,245.23100784466664,343.66827747855314
90.6,448.3,COC1=C(C(=CC(=C1)/C=C/C(=O)OCC=C)Br)OCC2=CC=C(C=C2)[N+](=O)[O-],4.8,555.0,28,9,235.6574217606667,345.08103495585357
90.6,357.4,CCOC(=O)/C=C/C1=CC(=C(C=C1)OCC2=CC=C(C=C2)[N+](=O)[O-])OC,3.8,481.0,26,8,214.8037001933333,323.4071176323906
57.6,378.2,COC1=C(C(=CC(=C1)/C=C/C(=O)OC)Br)OCC2=CN=CC=C2,3.3,404.0,23,7,188.7252976293333,290.9936032052922
57.6,402.2,COC1=C(C(=CC(=C1)/C=C/C(=O)OCC#C)Br)OCC2=CN=CC=C2,3.4,501.0,25,8,218.3505685593333,319.1107167970702
44.8,408.9,COC1=C(C(=CC(=C1)/C=C/C(=O)OCC=C)Cl)OCC2=CC=CC3=CC=CC=C32,6.2,563.0,29,9,261.84237976733334,381.13205334420695
44.8,474.3,COC1=C(C(=CC(=C1)/C=C/C(=O)OC)I)OCC2=CC=CC3=CC=CC=C32,5.5,509.0,27,7,238.970105947,343.9674976616132
35.5,302.7,COC(=O)/C=C/C1=CC(=CC=C1)OCC2=CC=CC=C2Cl,4.3,356.0,21,6,178.50457917966665,281.27352368818816
35.5,363.2,C=CCOC(=O)/C=C/C1=CC(=CC=C1)OCC2=C(C=C(C=C2)Cl)Cl,5.6,438.0,24,8,209.33306594,327.89273238333953
35.5,361.2,C#CCOC(=O)/C=C/C1=CC(=CC=C1)OCC2=C(C=C(C=C2)Cl)Cl,5.0,482.0,24,7,197.33316249,326.6734891141001
35.5,326.8,C#CCOC(=O)/C=C/C1=CC(=CC=C1)OCC2=CC=C(C=C2)Cl,4.4,443.0,23,7,196.5470418443333,308.519365782553
81.4,313.3,COC(=O)/C=C/C1=CC(=CC=C1)OCC2=CC=C(C=C2)[N+](=O)[O-],3.5,423.0,23,6,182.96783542,282.71176962847545
35.5,347.2,COC(=O)/C=C/C1=CC(=CC=C1)OCC2=CC=C(C=C2)Br,4.4,348.0,21,6,181.26658627466668,271.9633287307057
44.8,374.4,COC1=C(C=C(C=C1)/C=C/C(=O)OCC=C)OCC2=CC=CC3=CC=CC=C32,5.5,529.0,28,9,243.5730495,364.48532885940324
44.8,312.4,CC1=CC=CC=C1COC2=C(C=CC(=C2)/C=C/C(=O)OC)OC,4.0,393.0,23,7,197.02289507666669,303.0604459986393
44.8,312.4,CC1=CC=C(C=C1)COC2=C(C=CC(=C2)/C=C/C(=O)OC)OC,3.8,385.0,23,7,197.3785725856667,303.3417096085403
44.8,377.2,COC1=C(C=C(C=C1)/C=C/C(=O)OC)OCC2=CC=C(C=C2)Br,4.1,391.0,23,7,200.1801000243333,296.03258117982284
44.8,367.2,COC1=C(C=C(C=C1)/C=C/C(=O)OC)OCC2=CC(=C(C=C2)Cl)Cl,4.9,429.0,24,7,206.023969756,322.32240191989047
44.8,391.2,COC1=C(C=C(C=C1)/C=C/C(=O)OCC#C)OCC2=CC(=C(C=C2)Cl)Cl,5.0,527.0,26,8,220.589215104,351.01446012703406
44.8,391.3,CCOC(=O)/C=C/C1=CC(=C(C=C1)OC)OCC2=CC=C(C=C2)Br,4.7,404.0,24,8,207.78924597233333,310.9466745961497
90.6,369.4,COC1=C(C=C(C=C1)/C=C/C(=O)OCC=C)OCC2=CC=C(C=C2)[N+](=O)[O-],4.1,521.0,27,9,217.4574924623333,335.97444077233797
90.6,367.4,COC1=C(C=C(C=C1)/C=C/C(=O)OCC#C)OCC2=CC=C(C=C2)[N+](=O)[O-],3.6,567.0,27,8,216.7290136183333,335.317154435224
35.5,395.7,CC1=CC=CC=C1COC2=C(C=C(C=C2Br)/C=C/C(=O)OC)Cl,5.3,415.0,23,6,201.69639997566665,304.8464040747768
35.5,421.7,CC1=CC=C(C=C1)COC2=C(C=C(C=C2Br)/C=C/C(=O)OCC=C)Cl,6.0,460.0,25,8,221.95331495833332,334.3762596451956
35.5,460.5,COC(=O)/C=C/C1=CC(=C(C(=C1)Br)OCC2=CC=C(C=C2)Br)Cl,5.7,411.0,23,6,205.8599206023333,298.0988125200459
35.5,484.6,C#CCOC(=O)/C=C/C1=CC(=C(C(=C1)Br)OCC2=CC(=CC=C2)Br)Cl,5.8,516.0,25,7,218.829317175,326.09623543257226
35.5,416.1,COC(=O)/C=C/C1=CC(=C(C(=C1)Br)OCC2=CC=CC=C2Cl)Cl,5.6,419.0,23,6,200.666972187,307.0155310661303
35.5,486.6,C=CCOC(=O)/C=C/C1=CC(=C(C(=C1)Br)OCC2=CC=CC=C2Br)Cl,6.3,472.0,25,8,223.3940668873333,327.07163067938427
81.4,452.7,C=CCOC(=O)/C=C/C1=CC(=C(C(=C1)Br)OCC2=CC=C(C=C2)[N+](=O)[O-])Cl,5.5,545.0,27,8,226.1604446353333,338.65957372259373
35.5,455.7,C#CCOC(=O)/C=C/C1=CC(=C(C(=C1)Br)OCC2=CC=CC3=CC=CC=C32)Cl,6.3,598.0,28,7,256.9902478273333,364.2778384589442
72.1,276.07,COC(=O)/C=C/C1=CC(=C(C(=C1)Cl)Cl)[N+](=O)[O-],3.3,329.0,17,3,140.38294452050002,217.06333870657934
72.1,290.1,CCOC(=O)/C=C/C1=CC(=C(C(=C1)Cl)Cl)[N+](=O)[O-],3.7,342.0,18,4,149.76596286510002,232.8314831751361
38.8,247.29,COC(=O)/C=C/C1=CC=C(C=C1)N2CCOCC2,1.9,289.0,18,4,168.47643786123334,234.98262043021634
86.2,454.5,CCOC1(CC=C(C=C1)/C(=C\C(=O)OC2=CC=CC=C2)/NC3=NC=CC(=N3)C4=CN=CC=C4)C,4.6,774.0,34,9,299.59694407266664,428.9266483932518
29.5,205.25,CC1=CC=C(C=C1)OC(=O)/C=C/N(C)C,2.5,228.0,15,4,128.395291022,205.97723368975903
64.599,325.4,CC(C)OC1=CC=C(C=C1)C(=O)NC2=CC=C(C=C2)OC(=O)C=C,3.9,433.0,24,7,206.2610999961333,308.5185509071981
31.2,279.3,CCN1C2=CC=CC=C2C3=C1C=C(C=C3)COC(=O)C=C,3.9,395.0,21,5,179.22674159433336,271.4927363551742
76.1,216.24,CCOC(=O)/C=C(/C1=CC=C(C=C1)C#N)\N,1.9,319.0,16,4,131.44717401516667,203.64067059045863
76.1,216.24,CCOC(=O)/C=C(/C1=CC=CC(=C1)C#N)\N,1.9,327.0,16,4,127.81027936396669,203.65893265001145
98.1,236.22,CCOC(=O)/C=C(/C1=CC=CC=C1[N+](=O)[O-])\N,2.1,322.0,17,4,125.64940090036669,203.49804094140816
89.4,267.35,CCNC1=NC(=NC=C1/C=C/C(=O)OCC)SC,2.4,287.0,18,7,164.45876093066667,244.34386090720463
43.4,224.3,CC1CCC(C(=O)C1)C(C)(C)OC(=O)C=C,2.5,304.0,16,4,111.87381832123332,218.52735044168284
43.4,180.2,COC(=O)C(=C)C1=CC(=O)CCC1,0.9,287.0,13,3,96.26867649576668,169.06294813771459
46.5,308.8,C1CCC(CC1)CCOC(=O)/C=C/C2=CC(=C(C=C2)Cl)O,6.4,350.0,21,6,179.32454462580003,283.97922806293303
66.8,318.7,C1=CC(=CC(=C1)O)CCOC(=O)/C=C/C2=CC(=C(C=C2)Cl)O,4.1,385.0,22,6,178.63913573833335,281.93447880741
46.5,182.22,COC(=O)C(=C)C1(CCCC=C1)O,1.8,255.0,13,3,90.77161678926666,171.05962005560937
43.4,204.22,CC1=C(C=C(C=C1)/C=C/C(=O)OC)C=O,2.0,258.0,15,4,127.95671417483334,196.33286847051383
53.3,182.22,CC(CN(C)/C=C/C(=O)OC)C#N,0.7,239.0,13,5,94.03752174316666,179.6742963164252
42.1,294.14,CCOC(=O)/C=C\C1=CNC2=C1C=C(C=C2)Br,3.4,306.0,17,4,140.547422289,213.39141348667522
52.3,249.65,C1=CC(=C(N=C1)Cl)OC(=O)/C=C/C2=CC=CO2,2.8,296.0,17,4,142.59509079943334,216.19498402849408
72.8,274.27,CCOC(=O)C(=CC1=CC(=O)C2=C(O1)C=CC(=C2)C)O,2.4,463.0,20,4,159.10271502133332,242.67633711387987
52.6,286.32,CCOC(=O)/C(=C/[C@H]1C2=CC=CC=C2C=CO1)/CC(=O)C,2.3,450.0,21,6,155.07660364666663,270.9158011805926
65.2,228.67,CCOC(=O)/C=C/C1=C(C=CN=C1)N.Cl,,216.0,15,4,120.54482008496666,182.15757117759742
39.2,281.3,CC(C)(C)OC(=O)/C=C/C1=CC=C(C=C1)C2=CC=CC=N2,3.9,362.0,21,5,203.3720714373333,281.0005280998143
55.4,298.13,COC(=O)/C=C/C1=CC=C(C=C1)NC(=O)CBr,2.2,296.0,17,5,157.77503027533334,215.18181080054802
108.0,387.13,CCOC(=O)/C(=C/NC1=C(C=C(C=C1)[N+](=O)[O-])I)/C#N,3.2,451.0,20,5,173.87521678380003,235.38306078437554
55.9,210.23,CCOC(=O)C(=C)C12C(O1)CCCC2=O,0.9,334.0,15,4,100.19560535136668,190.1421319381286
83.9,405.4,COC1=C(C=C(C=C1)/C=C\C(=O)OCC2=NOC(=C2)C3=CC4=CC=CC=C4O3)OC,4.2,598.0,30,8,249.0829907526667,363.72262211018955
120.0,424.5,CN1CCN(CC1)C2=NC3=C(S2)C=C(C=C3)OC(=O)C=CC4=CC(=CC=C4)[N+](=O)[O-],4.3,649.0,30,5,281.6011436792333,368.29082874152
120.0,424.5,CN1CCN(CC1)C2=NC3=C(S2)C=C(C=C3)OC(=O)C=CC4=CC=C(C=C4)[N+](=O)[O-],4.3,641.0,30,5,298.88263075266667,368.69161100648785
117.0,397.4,CCN(CC)C1=NC2=C(S1)C=C(C=C2)OC(=O)C=CC3=CC(=CC=C3)[N+](=O)[O-],5.2,578.0,28,7,257.52521029666667,351.1484163988763
117.0,395.4,C1CCN(C1)C2=NC3=C(S2)C=C(C=C3)OC(=O)C=CC4=CC(=CC=C4)[N+](=O)[O-],5.0,605.0,28,5,258.24817151233333,341.00934336204375
117.0,369.4,CN(C)C1=NC2=C(S1)C=C(C=C2)OC(=O)C=CC3=CC=C(C=C3)[N+](=O)[O-],4.5,543.0,26,5,261.2009200146667,319.3427060281417
117.0,409.5,C1CCN(CC1)C2=NC3=C(S2)C=C(C=C3)OC(=O)C=CC4=CC=C(C=C4)[N+](=O)[O-],5.3,612.0,29,5,273.0343735073333,355.7768131810591
57.3,268.27,CN1C=NC2=C1C=CC(=C2)OC(=O)C=CC3=CC=CO3,2.4,385.0,20,4,167.8853756775,244.57580357013433
47.6,221.25,CNC1=C(C=CC(=C1)OC)/C=C/C(=O)OC,2.2,253.0,16,5,140.96001294753333,211.8263925353257
38.3,225.67,CNC1=C(C(=CC=C1)Cl)/C=C/C(=O)OC,2.8,243.0,15,4,127.1482942399,204.54693662675
47.6,221.25,CNC1=C(C=C(C=C1)OC)/C=C/C(=O)OC,2.2,253.0,16,5,137.80762072833332,211.42383001331217
26.3,214.69,CCOC(=O)/C=C/C1=C(CCC1C)Cl,2.6,279.0,14,4,118.4660660314,200.58578710395287
39.4,386.03,COC(=O)/C=C/C1=CC=C(O1)C2=C(C=C(C=C2)Br)Br,4.3,346.0,19,4,206.0748030909,235.27919018184633
91.2,294.28,COC1=CC(=CC(=C1OC)OC)/C=C(\C(=O)OC)/N=[N+]=N,,420.0,21,7,221.90513720133333,256.6484126295626
106.0,300.31,CCOC(=O)/C(=C\1/C=CNN1)/C(=NC(=O)C2=CC=CC=C2)N,2.5,531.0,22,5,178.80417078863331,265.8981241295716
73.9,351.4,C=CCOC(=O)/C(=C/C1=CC2=C(C=C1)OCO2)/NC(=O)C3=CC=CC=C3,3.7,552.0,26,7,220.788927783,320.5833746029485
101.0,340.3,CC1=CC=C(C=C1)C(=O)N/C(=C\C2=CC(=CC=C2)[N+](=O)[O-])/C(=O)OC,3.4,532.0,25,5,205.18654248,303.2465625055219
57.3,264.27,COC1=C(C=CC(=C1)/C=C/C(=O)OC)OCC2CO2,1.8,328.0,19,7,160.95587927166667,244.15854178540417
39.4,410.06,C#CCOC(=O)/C=C/C1=CC=C(O1)C2=C(C=C(C=C2)Br)Br,4.5,440.0,21,5,213.3132894257667,263.7698392858062
106.0,314.34,CCOC(=O)/C(=C/1\C=C(NN1)C)/C(=NC(=O)C2=CC=CC=C2)N,2.9,572.0,23,5,189.2345457461333,280.90622457740244
106.0,402.4,CCOC(=O)/C(=C/1\C=CN=C(N1)C2=CC=C(C=C2)C)/C(=NC(=O)C3=CC=CC=C3)N,3.5,767.0,30,6,256.55271999766666,372.86284753395176
39.4,365.6,C#CCOC(=O)/C=C/C1=CC=C(O1)C2=C(C=C(C=C2)Br)Cl,4.4,442.0,21,5,210.9293828927667,272.73615909309
38.8,313.82,CC(C)N(C)CCOC(=O)/C=C/C1=CC=C(C=C1)OC.Cl,,307.0,21,8,180.52782419733333,281.6534955028607
46.5,120.13,[2H]C(=C([2H])[13C](=O)OCCO)[2H],-0.2,87.7,8,4,48.1106462479,105.50210810657947
76.7,670.8,CC(C1=CC=C(C=C1)OC(=O)/C=C(\NC2=CC=CC=C2)/C3=CC=CC=C3)(C4=CC=C(C=C4)OC(=O)/C=C(\NC5=CC=CC=C5)/C6=CC=CC=C6)C,12.2,1050.0,51,14,479.5753474323333,654.5073190984436
88.4,386.8,CCOC(=O)C(=CC1=C(N=C2C=CC=CN2C1=O)O)OC3=CC=C(C=C3)Cl,3.0,773.0,27,6,235.894806623,329.44989260416696
77.5,388.4,COC(=O)/C(=C\C1=CC(=CC=C1)C2=CC=CC=N2)/NC(=O)OCC3=CC=CC=C3,4.1,571.0,29,8,235.6547782773333,363.67289059716217
95.5,417.5,COC1=C(C=C(C=C1)NCC(COC2=C(C=C(C=C2)/C=C/C(=O)OC)OC)O)OC,3.1,530.0,30,12,250.10774343166668,382.85303211685726
61.8,296.36,CC(=O)[C@@H]1CCCC[C@@H]2[C@]1(OC(O2)(C)C)C=CC(=O)OC,1.6,454.0,21,4,145.913531314,271.99344684502404
124.0,470.3,CCOC(=O)/C(=C(\C1=CC(=C(C=C1Cl)Cl)[N+](=O)[O-])/O)/C=N/N2CCCN3C2=NCCC3,3.5,784.0,31,6,289.55659553133336,383.50245043987223
71.1,340.31,CCOC(=O)C(=C)O[P@@]1(=O)O[C@@H](CC(O1)(C)C)C2=CC=CC=C2,3.0,495.0,23,6,160.45536892966666,295.01223347590354
77.0,405.9,CC1=C(C=CC=C1Cl)NCC(COC2=C(C=C(C=C2)/C=C/C(=O)OC)OC)O,4.2,503.0,28,10,241.659921728,366.7587117280049
77.0,450.3,CC1=C(C=CC(=C1)Br)NCC(COC2=C(C=C(C=C2)/C=C/C(=O)OC)OC)O,4.3,503.0,28,10,248.4444375633333,357.8447919028417
51.1,440.5,CC1(C(N(N=C1C2=CC=CC=C2)C3=CC=CC=C3)COC(=O)/C=C/C4=CC=C(C=C4)OC)C,6.4,696.0,33,8,321.03312413833333,428.6672602982776
155.0,448.4,COC1=C(C=CC(=C1)/C=C/C(=O)OC[C@@H]2[C@H]([C@@H]([C@H]([C@@H](O2)OC3=CC=C(C=C3)O)O)O)O)O,1.1,620.0,32,8,237.225231691,372.44342019310636
52.3,247.33,CCC1=CC(=CC(=C1N)CC)/C=C/C(=O)OCC,3.5,274.0,18,6,165.97717849533333,246.67764590048947
76.7,326.3,COC1=CC=C(C=C1)C(=O)N/C(=C/NC2=CC=CC=C2)/C(=O)OC,3.5,450.0,24,7,219.78242638896663,301.15253386744376
99.3,375.4,COC(=O)/C(=C/NC1=CC2=C(C=C1)OCCO2)/S(=O)(=O)C3=CC=CC=C3,3.2,620.0,26,6,226.186007155,318.05982118572405
99.3,395.8,COC(=O)/C(=C/NC1=CC2=C(C=C1)OCO2)/S(=O)(=O)C3=CC=C(C=C3)Cl,3.9,638.0,26,6,227.07595553866668,320.4628998602031
80.8,359.4,CC(C)C1=CC=C(C=C1)S(=O)(=O)/C(=C\NC2=CC=CC=C2)/C(=O)OC,4.6,563.0,25,7,206.439621054,325.7128317528469
55.4,269.29,CC(=O)N/C(=C/C1=CC2=CC=CC=C2C=C1)/C(=O)OC,2.8,403.0,20,4,180.73795763433336,252.87148414413494
55.8,289.33,CCOC(=O)/C=C/C1=CC(=CC=C1)C(=O)N2CCOCC2,1.7,388.0,21,5,167.90226387866667,269.6709986233168
85.3,265.26,C1CCC(CC1)OC(=O)/C=C/C2=CC=C(O2)[N+](=O)[O-],3.5,357.0,19,4,150.78608273806665,229.92607419759068
26.3,302.4,CC1=CC=C(C=C1)/C=C(/C2=CC3=CC=CC=C3C=C2)\C(=O)OC,5.5,431.0,23,4,233.6794235119,300.380369514326
98.1,278.33,CCOC(=O)/C(=C/C1=C(N=CS1)C)/CN2C=NC=N2,1.7,351.0,19,6,149.17280963366667,244.09134902845483
35.5,248.32,CC1=C(C=C(C=C1)/C=C/C(=O)OC(C)(C)C)OC,3.5,301.0,18,5,156.2112892316,248.62503324432174
77.5,388.4,COC(=O)C(=CC1=CC(=CC=C1)C2=CC=CC=N2)NC(=O)OCC3=CC=CC=C3,4.1,571.0,29,8,240.79669923766664,363.698990009566
59.3,349.4,CC(C)(C)C1=CC=C(C=C1)COC(=O)/C(=C/C2=CC=C(C=C2)OC)/C#N,5.3,536.0,26,7,227.939222231,343.7718660985851
100.0,366.4,CCOC(=O)/C(=C/C1=C(C(=C(C=C1C)C)/C=C(\C#N)/C(=O)OCC)C)/C#N,4.2,659.0,27,8,224.85551781133336,349.1475412453539
115.0,404.4,COC1=C(C=C(C=C1)[C@@H]([C@H](COC(=O)/C=C/C2=CC(=C(C=C2)O)O)O)OC)OC,2.2,525.0,29,10,227.82058312666663,356.78221266174154
48.3,207.23,CCOC(=O)C=CC1=CC(=CN1C)C=O,0.8,263.0,15,5,120.49454964276669,195.98865179904845
100.0,484.5,CC1=CC=C(C=C1)C(=O)C2=CC=CC(=N2)/C=C(\C3=NC(=CC=C3)C(=O)C4=CC=C(C=C4)C)/C(=O)[O-].[Na+],,799.0,36,7,316.93104574166665,430.1997508580006
80.8,288.3,COC1=C(C=CC(=C1)C=O)OC(=O)/C=C/C2=CC=CS2,2.9,369.0,20,6,179.772746223,257.2298635450082
55.6,224.26,CCOC(=O)/C(=C/N(C)C)/C1=CC(=NO1)C,1.4,276.0,16,5,122.34248473073336,210.42573190521568
92.4,444.5,C[C@H](C#CC(=O)N(C1=CC=CC=C1)C2=CC=CC=C2)OC(=O)/C=C/C3=CCC[C@H](C3)[N+](=O)[O-],4.8,814.0,33,6,272.9215692243333,414.1331050729607
52.6,200.23,CC(C)C(C(=C)C(=O)OC)OC(=O)C,1.8,243.0,14,6,92.60206600913334,191.31866617450882
26.3,176.64,CC(C)(C)OC(=O)C(=C)CCl,2.1,167.0,11,4,79.12870473943333,165.35173533142182
101.0,286.31,COC(=O)/C(=C\C1=CC=C(O1)SC2=CC=CC=N2)/C#N,3.4,429.0,20,5,166.36979815133333,252.0778053126341
44.8,402.9,CCCCCOC1=C(C=C(C=C1)/C=C/C(=O)OC2=CC(=C(C(=C2)C)Cl)C)OC,6.9,483.0,28,10,262.21306108766663,382.8773418944382
82.1,457.5,COC1=C(C=C(C=C1)/C=C/C(=O)OC2=CC=C(C=C2)CCN3C(=O)C4=CC=CC=C4C3=O)OC,4.6,734.0,34,9,283.940533395,420.85664222312073
89.2,325.3,CCOC(=O)/C(=C\C1=CC=CC=C1[N+](=O)[O-])/C(=O)C2=CC=CC=C2,3.7,502.0,24,6,184.0449662283333,292.20710833172177
39.4,321.16,CC1=C(C=CC(=C1)Br)C2=CC=C(O2)/C=C/C(=O)OC,4.0,342.0,19,4,195.86893938426667,242.2618748361334
108.0,321.3,CCOC(=O)/C=C/C1=CC=C(O1)C2=CC=C(C=C2)S(=O)(=O)N,1.9,503.0,22,6,215.964233142,270.74908180531344
85.3,366.16,CCOC(=O)/C=C/C1=CC=C(O1)C2=C(C=C(C=C2)Br)[N+](=O)[O-],3.8,436.0,22,5,209.1524983043333,262.3933641923284
39.4,331.16,C#CCOC(=O)/C=C/C1=CC=C(O1)C2=CC=C(C=C2)Br,3.8,401.0,20,5,204.0364921454333,254.43802028470583
39.4,365.6,C#CCOC(=O)/C=C/C1=CC=C(O1)C2=C(C=C(C=C2)Cl)Br,4.4,442.0,21,5,210.1241295924667,272.56797967104535
39.4,345.2,CC1=CC(=C(C=C1)C2=CC=C(O2)/C=C/C(=O)OCC#C)Br,4.1,437.0,21,5,204.65909195766667,270.59453991122496
85.3,376.16,C#CCOC(=O)/C=C/C1=CC=C(O1)C2=C(C=C(C=C2)[N+](=O)[O-])Br,3.6,520.0,23,5,217.9030678558333,274.7345118120924
39.4,321.2,C#CCOC(=O)/C=C/C1=CC=C(O1)C2=CC(=CC(=C2)Cl)Cl,4.3,430.0,21,5,202.2609115784,281.9974751528785
48.7,292.71,COC1=C(C=C(C=C1)C2=CC=C(O2)/C=C/C(=O)OC)Cl,3.6,358.0,20,5,196.59926129726668,261.2185989372282
35.5,394.2,COC(=O)/C=C/C1=CC(=C(C=C1)OCC2=CC=CC=C2)I,4.3,350.0,21,6,193.1323086705667,272.5701352169988
35.5,371.2,C#CCOC(=O)/C=C/C1=CC(=C(C=C1)OCC2=CC=CC=C2)Br,4.4,445.0,23,7,202.566233268,300.12831931643177
35.5,361.2,C#CCOC(=O)/C=C/C1=CC=C(C=C1)OCC2=CC(=C(C=C2)Cl)Cl,5.0,474.0,24,7,208.5407782036667,326.56793828848265
81.4,339.3,C=CCOC(=O)/C=C/C1=CC=C(C=C1)OCC2=CC=C(C=C2)[N+](=O)[O-],4.1,469.0,25,8,208.066181283,312.9845319431482
35.5,422.3,CCOC(=O)/C=C/C1=CC(=C(C=C1)OCC2=CC=C(C=C2)C)I,5.0,388.0,23,7,214.33187578566665,303.95751968618896
35.5,430.1,CCOC(=O)/C=C/C1=CC(=C(C=C1)OCC2=C(C=C(C=C2)Cl)Cl)Br,6.0,433.0,24,7,216.64747306366667,323.109786158741
35.5,430.1,CCOC(=O)/C=C/C1=CC(=C(C=C1)OCC2=CC(=C(C=C2)Cl)Cl)Br,6.0,433.0,24,7,215.1810583933333,322.7435788298255
35.5,473.1,COC(=O)/C=C/C1=CC(=C(C=C1)OCC2=CC(=CC=C2)Br)I,5.0,388.0,22,6,206.83732437633333,280.76025095765743
81.4,371.8,C#CCOC(=O)/C=C/C1=CC(=C(C=C1)OCC2=CC=C(C=C2)[N+](=O)[O-])Cl,4.2,556.0,26,7,213.400368408,329.0064983732902
35.5,423.3,C=CCOC(=O)/C=C/C1=CC(=C(C=C1)OCC2=CC=CC3=CC=CC=C32)Br,6.3,518.0,27,8,249.80983700066668,348.40230759898196
44.8,401.2,COC1=C(C(=CC(=C1)/C=C/C(=O)OCC#C)Br)OCC2=CC=CC=C2,4.4,489.0,25,8,229.42412511966663,323.79316657503483
44.8,415.3,CC1=CC=CC=C1COC2=C(C=C(C=C2Br)/C=C/C(=O)OCC#C)OC,4.8,523.0,26,8,223.041246251,339.3281418630636
44.8,438.3,CC1=CC=C(C=C1)COC2=C(C=C(C=C2I)/C=C/C(=O)OC)OC,4.7,418.0,24,7,218.01238133166663,311.77447030871497
44.8,411.7,COC1=C(C(=CC(=C1)/C=C/C(=O)OC)Br)OCC2=CC=CC=C2Cl,5.0,431.0,24,7,222.977630383,313.0155554330911
44.8,460.1,CCOC(=O)/C=C/C1=CC(=C(C(=C1)Br)OCC2=C(C=C(C=C2)Cl)Cl)OC,6.0,477.0,26,8,227.23104540766667,347.5094696701071
44.8,519.2,COC1=C(C(=CC(=C1)/C=C/C(=O)OCC=C)I)OCC2=CC(=C(C=C2)Cl)Cl,6.2,516.0,27,9,246.74112453,361.1805233585022
44.8,427.7,COC1=C(C(=CC(=C1)/C=C/C(=O)OCC=C)Cl)OCC2=CC(=C(C=C2)Cl)Cl,6.2,514.0,27,9,229.680820488,369.80708457026105
44.8,411.7,COC1=C(C(=CC(=C1)/C=C/C(=O)OC)Cl)OCC2=CC(=CC=C2)Br,5.0,431.0,24,7,203.25604420899995,313.8312908855741
44.8,517.2,CCOC(=O)/C=C/C1=CC(=C(C(=C1)I)OCC2=CC(=CC=C2)Br)OC,5.3,445.0,25,8,223.816170194,321.03284801260537
90.6,401.8,COC1=C(C(=CC(=C1)/C=C/C(=O)OCC#C)Cl)OCC2=CC=C(C=C2)[N+](=O)[O-],4.2,602.0,28,8,239.91193144166667,353.39389455602543
57.6,359.8,COC1=C(C(=CC(=C1)/C=C/C(=O)OCC=C)Cl)OCC2=CN=CC=C2,3.8,457.0,25,9,221.204560692,329.83756968311445
44.8,374.4,COC1=C(C=CC(=C1)/C=C/C(=O)OCC=C)OCC2=CC=CC3=CC=CC=C32,5.5,529.0,28,9,248.8996320533333,364.22486508756816
44.8,453.3,COC1=C(C(=CC(=C1)/C=C/C(=O)OCC=C)Br)OCC2=CC=CC3=CC=CC=C32,6.2,563.0,29,9,265.377495592,372.5602334761346
35.5,302.7,COC(=O)/C=C/C1=CC(=CC=C1)OCC2=CC=C(C=C2)Cl,4.3,348.0,21,6,178.22239997066666,281.3249706226785
35.5,347.2,COC(=O)/C=C/C1=CC(=CC=C1)OCC2=CC(=CC=C2)Br,4.4,356.0,21,6,175.616394163,272.07012458066896
48.4,269.29,COC(=O)/C=C/C1=CC(=CC=C1)OCC2=CN=CC=C2,2.6,330.0,20,6,156.55155671866666,258.11592400059004
44.8,391.2,COC1=C(C=C(C=C1)/C=C/C(=O)OCC#C)OCC2=C(C=C(C=C2)Cl)Cl,5.0,527.0,26,8,218.4421822573333,350.31928052924076
35.5,405.7,C#CCOC(=O)/C=C/C1=CC(=C(C(=C1)Br)OCC2=CC=CC=C2)Cl,5.1,478.0,24,7,211.893004982,316.8595556257965
35.5,460.5,COC(=O)/C=C/C1=CC(=C(C(=C1)Br)OCC2=CC(=CC=C2)Br)Cl,5.7,419.0,23,6,207.285492761,297.8534478266785
35.5,450.5,COC(=O)/C=C/C1=CC(=C(C(=C1)Br)OCC2=C(C=C(C=C2)Cl)Cl)Cl,6.2,449.0,24,6,211.1103525146667,324.7270913770053
35.5,431.7,COC(=O)/C=C/C1=CC(=C(C(=C1)Br)OCC2=CC=CC3=CC=CC=C32)Cl,6.2,498.0,26,6,227.9578726033333,335.93958120882746
44.8,346.8,CCOC1=C(C=CC(=C1)/C=C/C(=O)OC)OCC2=CC=C(C=C2)Cl,4.6,404.0,24,8,210.33064254166663,321.3943684433231
57.0,271.31,CC1=C(C=C(C=C1)/C=C(\CN2C=NC=N2)/C(=O)OC)C,2.6,370.0,20,5,159.228354568,257.65125859258717
95.5,496.6,CC1(CC=C(C=C1OCC=C)/C(=C\C(=O)OC2=CC=CC=C2)/NC3=NC=CC(=N3)C4=CN=CC=C4)OC,4.6,879.0,37,11,315.420126896,466.7647630041908
80.6,183.23,COC(=O)/C=C(/C1=CC=CS1)\N,1.6,203.0,12,3,99.8341530625,158.73711778815297
43.4,204.22,CC1=C(C=CC(=C1)C=O)/C=C/C(=O)OC,2.0,258.0,15,4,130.4264930652,196.08443334595904
60.4,212.24,CC(=O)C(C)(CC(=C)C(=O)OC)C(=O)C,0.9,301.0,15,6,99.21789351513333,200.12728505282269
63.6,210.23,CCOC(=O)C(=C)C1=C(CCCC1=O)O,1.1,339.0,15,4,106.14982829813334,190.0908977854452
62.6,322.3,CN1C=NC2=C1C=CC(=C2)OC(=O)C=CC3=CC4=C(C=C3)OCO4,3.1,497.0,24,4,214.391088451,287.771460017178
38.3,225.67,CNC1=C(C=CC=C1Cl)/C=C/C(=O)OC,2.8,243.0,15,4,128.89584908523332,204.81441248491734
109.0,298.25,COC(=O)/C(=C\C1=CC=C(O1)C2=CC=CC=C2[N+](=O)[O-])/C#N,2.7,516.0,22,4,194.35528448590003,257.2953702499022
44.1,292.3,COC(=O)/C=C/C1=CC=CC=C1CN2C3=CC=CC=C3C=N2,3.4,410.0,22,5,177.28656354399996,278.8733369639123
39.4,464.93,COC(=O)/C=C/C1=CC(=C(O1)C2=C(C=C(C=C2)Br)Br)Br,5.0,375.0,20,4,200.80856412666665,243.63035307655724
84.4,342.4,CN(C1=CC=C(C=C1)OC(=O)C=C)C2=NS(=O)(=O)C3=CC=CC=C32,2.6,630.0,24,5,210.2977102796333,294.8636011773462
106.0,403.5,COCC1=C(N=C(NC1=O)SC)CCN(CC2=CC=CC=C2)/C=C/C(=O)OC,1.9,639.0,28,11,216.19299979366667,367.32746131912575
52.6,510.2,COC(=O)/C=C/C1=CC=C(C=C1)CC(C(C2=CC=C(C=C2)CBr)Br)C(=O)OC,5.2,521.0,28,10,243.2274232276667,362.3185013707627
92.4,446.5,C[C@H](/C=C/C(=O)N(C1=CC=CC=C1)C2=CC=CC=C2)OC(=O)/C=C/C3=CCCC(C3)[N+](=O)[O-],4.7,752.0,33,8,260.931683312,416.05785616072234
65.2,257.079,COC(=O)/C=C/C1=C(N=CC(=C1)Br)N,1.5,233.0,14,3,122.08257691493333,171.73913505289866
55.4,267.71,CCOC(=O)/C=C/C1=CC=C(C=C1)NC(=O)CCl,2.4,309.0,18,6,161.80550463976667,240.65163782696504
52.3,181.19,CCOC(=O)/C=C/C1=NOC(=C1)C,1.4,203.0,13,4,97.46804251683334,166.80435721647083
51.3,245.27,CCOC(=O)/C=C/C1=CNC2=C1C=CC(=C2)OC,2.7,316.0,18,5,157.50818902876668,230.0061376876995
93.2,298.3,COC(=O)/C(=C\NC1=NC=CC=N1)/NC(=O)C2=CC=CC=C2,2.1,413.0,22,6,189.34483227273333,268.36737189515
46.6,247.29,CCOC(=O)/C(=C/N(C)C)/C(=O)C1=CC=CC=C1,2.4,328.0,18,6,141.69645167983333,239.7817298853357
52.1,164.16,COC(=O)/C=C/C1=NC=NC=C1,0.5,180.0,12,3,90.3634770694,152.04218925946859
71.4,260.29,CCOC1=CC=C(C=C1)N/C=C(\C#N)/C(=O)OCC,3.1,362.0,19,7,168.96720802236666,247.28095078082112
107.0,424.4,CCOC1=C(C=CC(=C1)/C=C(\C#N)/C(=O)OCC)OCC(=O)NC2=CC=C(C=C2)OC,3.7,662.0,31,11,265.82932772933333,391.12938052006336
39.2,177.2,CC1=NC(=CC=C1)/C=C/C(=O)OC,1.6,201.0,13,3,108.09751467623332,172.40977054612722
35.5,206.24,CCOC(=O)/C=C/OC1=CC=CC(=C1)C,2.6,223.0,15,5,115.11455194403334,201.9093891413689
26.3,231.07,COC(=O)/C=C/C1=C(C(=CC=C1)Cl)Cl,3.5,228.0,14,3,117.34706230986669,196.71526981357596
126.0,512.6,C=CC(=O)OCCC(=O)N1CCC[C@H](C1)N2C3=NC=NC(=C3C(=N2)C4=CC=C(C=C4)OC5=CC=CC=C5)N,3.4,815.0,38,9,302.0687927763333,461.8522588535481
57.5,380.2,CC(C)(C)OC(=O)N1C=C(C2=C1C=CC(=C2)Br)C=CC(=O)OC,4.2,486.0,23,5,193.0485438633333,291.8465532786748
73.8,434.3,CC1=CC=C(C=C1)S(=O)(=O)N2C=C(C3=C2C=CC=C3Br)/C=C/C(=O)OC,4.6,636.0,26,5,236.736760383,324.4728039746403
57.0,167.17,CN1N=CC(=N1)/C=C/C(=O)OC,0.6,193.0,12,3,90.59454390860002,150.01525942552684
92.4,446.5,C[C@H](/C=C/C(=O)N(C1=CC=CC=C1)C2=CC=CC=C2)OC(=O)/C=C\C3=CCCC(C3)[N+](=O)[O-],4.7,752.0,33,8,258.130684336,415.8951608913335
83.5,569.6,CC1=CC(N(C2=C1C=C(C=C2)OC(=O)/C=C/C3=CC(=C(C=C3)OC)OC)C(=O)/C=C/C4=CC(=C(C=C4)OC)OC)(C)C,6.0,1020.0,42,10,406.69726003333335,539.028984166905
85.3,301.29,CCOC(=O)/C=C/C1=CC=C(O1)C2=C(C=C(C=C2)[N+](=O)[O-])C,3.5,431.0,22,5,210.1325960953,268.7936568361545
82.4,281.31,CC(C)(C)OC(=O)NC(=CC1=CN(N=C1)C)C(=O)OC,1.3,401.0,20,6,149.96757606766667,256.37071571730064
29.5,225.67,CN(C)/C=C/C(=O)OC1=CC=C(C=C1)Cl,2.7,233.0,15,4,128.39136254933334,208.23338317394143
141.0,652.7,COC1=CC(=CC2=C1OC(C2COC(=O)/C=C/C3=CC=C(C=C3)O)C4=CC(=C(C=C4)O)OC)CCCOC(=O)/C=C/C5=CC=C(C=C5)O,6.7,1060.0,48,15,387.778717589,589.4177373724789
46.5,278.73,COC(=O)C(=C)C(C1=C(C2=CC=CC=C2CC1)Cl)O,2.5,414.0,19,4,148.167772267,249.3861194679115
43.4,359.2,CCOC(=O)/C(=C\C1=CC=C(C=C1)Br)/C(=O)C2=CC=CC=C2,4.8,416.0,22,6,197.415152928,280.16559963109825
94.2,418.5,CC(C)(C)OC(=O)N1CCCC(C1)/C=C(\C(=O)OC)/NC(=O)OCC2=CC=CC=C2,3.3,634.0,30,9,214.8081756943333,387.08880482535614
65.2,192.21,CCOC(=O)/C=C\C1=C(C=CN=C1)N,0.8,216.0,14,4,104.26951853143332,178.6145443138226
43.4,238.66,CC(=O)/C(=C\C1=CC=CC=C1Cl)/C(=O)OC,2.5,309.0,16,4,125.83151445533332,213.45128898532033
51.1,262.3,CN(C)/C=C(\C(=O)OC)/N=CC1=CC=C(C=C1)OC,2.0,343.0,19,6,162.61876750233333,253.99431466050768
98.2,328.32,CCOC(=O)/C=C/C1=CC=C(C=C1)/C=C/C2=C(C(=NO2)C)[N+](=O)[O-],3.5,492.0,24,6,251.72644297500003,292.52440769353774
58.6,262.3,CC(=O)N/C(=C\C1=CC=C(C=C1)N(C)C)/C(=O)OC,1.7,356.0,19,5,173.15320710333333,250.06734503857612
35.5,313.19,CC(C)(C)OC(=O)/C=C/C1=C(C=CC(=C1)OC)Br,3.8,307.0,18,5,150.88010384633333,241.4704787619926
49.9,233.22,COC1=CC=CC=C1/C=C(\C(=O)OC)/N=[N+]=[N-],3.3,348.0,17,5,137.59481403273332,208.2666554687644
46.5,292.75,CCOC(=O)C(=C)C(C1=C(C2=CC=CC=C2CC1)Cl)O,2.9,427.0,20,5,157.53367560903334,265.6357559294372
57.0,277.7,COC(=O)/C(=C/C1=CC=CC=C1Cl)/CN2C=NC=N2,2.5,349.0,19,5,142.578164933,244.3600119976189
88.1,384.4,CC(=O)C1=C(C=C(C=C1)OC)OC(=O)/C=C/C2=CC(=C(C=C2)OC(=O)C)OC,3.1,585.0,28,9,239.929452489,350.0447369916701
45.3,244.29,CN(C)/C=C(/C1=CNC2=CC=CC=C21)\C(=O)OC,2.2,339.0,18,4,151.25855021866667,233.28694319558866
58.9,342.2,CCOC(=O)C(=C(C1=C(C(=C(C=C1)Cl)C)Cl)O)C=NC2CC2,4.5,474.0,22,6,184.49773909766665,299.33211029358193
89.0,353.4,CCOC(=O)/C(=C/N1C2=CC=CC=C2SC1=O)/C(=O)C3=CC=CC=C3,3.8,568.0,25,6,190.05316917166667,311.15178040971455
46.6,323.4,CCOC(=O)/C(=C\C1=CC=C(C=C1)N(C)C)/C(=O)C2=CC=CC=C2,4.2,456.0,24,7,222.8393070803,316.8726718458606
26.3,206.28,C=CC(=O)OC1CC2[C@@H]3CC[C@@H](C3)C2C1,3.5,279.0,15,3,108.24865497983336,197.83956535421623
81.9,417.5,CN1C=CC=C1CC(=O)N/N=C\C2=CC(=CC=C2)OC(=O)/C=C/C3=CC=C(C=C3)OC,3.4,643.0,31,9,269.1447764486666,392.57738592942565
43.4,344.5,CC12CCC(=O)CC1CCC3C2CCC4(C3CCC4OC(=O)C=C)C,4.8,596.0,25,3,180.8922585333333,329.1644749028142
58.6,575.6,CC12CCC(CC1CCC3C2CCC4(C3CCC(=O)N4)C)OC(=O)/C=C/C5=CC(=CC=C5)N(CCCl)CCCl,7.1,908.0,39,9,315.3246038959999,527.7814618558813
57.6,371.3,[2H]C1=C(C(=C(C(=C1[2H])COC2=CC=CC(=N2)C(F)(F)F)/C(=C\OC)/C(=O)OC)[2H])[2H],3.6,495.0,26,7,176.49122429566668,313.40055287309
155.0,727.9,C[N@@+]1(CCC2=CC(=C(C=C2[C@H]1CC3=CC(=C(C=C3)OC)OC)OC)OC)CCC(=O)OCCCCCOC(=O)C=C.C1=CC=C(C=C1)S(=O)(=O)[O-],,994.0,51,18,382.5678126586667,561.5510105834621
55.8,222.24,COC1=CC=CC=C1C(C(=C)C(=O)OC)O,1.5,262.0,16,5,112.28607141873331,206.86923493262418
117.0,362.4,CCOC(=O)/C(=C(\N)/N1CCN(CC1)C2=CC=C(C=C2)OC)/SC#N,3.3,529.0,25,7,200.64610779033333,325.18384690652925
92.4,444.5,CC(C#CC(=O)N(C1=CC=CC=C1)C2=CC=CC=C2)OC(=O)/C=C/C3=CCCC(C3)[N+](=O)[O-],4.8,814.0,33,6,268.505968247,414.53493955028586
39.4,276.71,CCOC(=O)/C=C/C1=CC=C(O1)C2=CC=CC=C2Cl,4.0,329.0,19,5,180.5572160453333,251.86653145723736
141.0,591.7,COC1=CC=C(C=C1)/C=C/C(=O)OC2=C(C=C(C=C2)/C=C\3/C(=O)N(C(=S)S3)CCC4=CC(=C(C=C4)OC)OC)OC,6.7,964.0,41,12,442.541542949,530.688807675517
100.0,317.4,C1=CC=C2C(=C1)N(C(=S)S2)COC(=O)/C=C/C3=CC=CO3,3.6,441.0,21,5,189.4541535093333,270.446572800146
43.4,308.4,CC(C)(C)C1=CC=C(C=C1)/C=C/C(=O)OC2=CC=C(C=C2)C=O,4.9,417.0,23,6,210.822599288,303.9718985440323
60.2,289.11,COC1=CC=C(C=C1)N=NC(=C(Cl)Cl)C(=O)OC,3.8,346.0,18,5,155.037134842,238.97399634218812
116.0,594.7,CCOC(=O)/C=C/C1=CC=C(C=C1)NC(=O)C2(CCCC2)NC(=O)C3=CC4=C(C=C3)N(C(=N4)C5=COC=C5)C6CCCCC6,5.8,1030.0,44,10,395.34934386466665,547.2945198680319
46.5,280.3,C1=CC=C(C=C1)/C=C/COC(=O)/C=C\C2=CC=C(C=C2)O,4.1,359.0,21,6,175.23358235146668,271.8847066174189
324.0,786.7,C[C@H]1[C@@H]([C@H]([C@H]([C@@H](O1)O[C@@H]2[C@@H]([C@@H]([C@H](O[C@H]2OCCC3=CC(=C(C=C3)O)O)CO[C@H]4[C@@H]([C@H]([C@@H]([C@H](O4)CO)O)O)O)OC(=O)/C=C/C5=CC(=C(C=C5)O)O)O)O)O)O,-2.1,1230.0,55,14,372.1724131616667,
39.2,247.67,COC(=O)/C=C/C1=C2C=CC=C(C2=NC=C1)Cl,3.1,306.0,17,3,146.91842104,221.54557640482693
118.0,294.26,C=CC(=O)OCCCCC1=C(C=C(C=C1)[N+](=O)[O-])[N+](=O)[O-],3.0,400.0,21,7,136.65278781626668,248.70113293058412
62.1,230.26,CCOC(=O)C(=CNC1=CC=C(C=C1)C)C#N,3.1,333.0,17,5,138.936919734,222.38667120267257
27.3,208.28,CCOC(=O)/C=C/C1=CC=C(C=C1)S,3.1,205.0,14,4,131.01489856193334,194.77729736574636
41.9,232.28,CN(C)/C=C(\C(=O)OC)/N=CC1=CC=CC=C1,2.0,303.0,17,5,143.51672386633334,230.18147879373626
55.4,179.17,COC(=O)/C=C/C1=CNC(=O)C=C1,0.0,313.0,13,3,107.92071048493334,160.63247398097928
48.3,283.32,CCOC(=O)C=CC1=CC(=CN1C)C(=O)C2=CC=CC=C2,2.7,399.0,21,6,170.41237899933333,272.99013695642935
60.2,196.21,CN(C)/C=C(\C(=O)OC)/N1C=NC=N1,0.4,240.0,14,4,102.702005935,178.71808153537262
78.0,360.4,CC1=CC(=C(C(=C1)C)S(=O)(=O)OC2=CC=C(C=C2)/C=C\C(=O)OC)C,4.4,557.0,25,6,210.57132006166665,323.5182001684285
48.3,207.23,CCOC(=O)/C=C/C1=CC(=CN1C)C=O,0.8,263.0,15,5,125.7072469698,196.12502392541182
133.0,614.6,COC1=CC=C(C=C1)C(C2=CC=CC=C2)(C3=CC=C(C=C3)OC)OC[C@@H]4[C@H](C[C@@H](O4)N5C=C(C(=O)NC5=O)/C=C/C(=O)OC)O,3.3,1060.0,45,12,346.63969413166666,546.047009752069
76.7,326.3,COC1=CC=C(C=C1)N/C=C(\C(=O)OC)/NC(=O)C2=CC=CC=C2,3.5,450.0,24,7,226.41048309596667,302.24711748741476
78.0,397.2,COC(=O)/C=C\C1=CC=C(C=C1)OS(=O)(=O)C2=CC=C(C=C2)Br,4.0,509.0,23,6,182.19391993733336,285.120350827045
224.0,594.5,C1=CC(=CC=C1C2=CC(=O)C3=C(O2)C(=C(C=C3O)O)[C@H]4[C@@H]([C@H]([C@@H]([C@H](O4)CO)O)O)OC(=O)/C=C/C5=CC(=C(C=C5)O)O)O,2.2,1050.0,43,7,330.9009283263333,475.3717607004847
105.0,394.4,CN1C(=NC2=C1C(=O)N(C(=O)N2CC#CC3=CC(=CC=C3)O)C)/C=C/C(=O)OC,1.4,769.0,29,5,244.21130949866665,346.97048967460523
102.0,200.19,CCOC(=O)C(=C(C)O)C=NC(=O)N,0.5,294.0,14,4,91.70236640593332,170.9256726673381
79.9,519.0,CCOC(=O)C(=CNC1=CC=C(C=C1)N2C(=C(C(=N2)Br)Br)Br)C#N,5.5,528.0,24,6,223.6665697126667,287.08490713719146
62.1,271.1,COC(=O)/C(=C\NC1=C(C=C(C=C1)Cl)Cl)/C#N,3.6,362.0,17,4,151.57877602886666,226.84754167931635
158.0,814.9,CC(C)N(C(C)C)P(OCCC#N)O[C@H]1C[C@@H](O[C@@H]1COC(C2=CC=CC=C2)(C3=CC=C(C=C3)OC)C4=CC=C(C=C4)OC)N5C=C(C(=O)NC5=O)/C=C/C(=O)OC,5.6,1430.0,58,20,440.3523155923333,
107.0,239.23,CCOC(=O)/C=C(/N)\NNC(=O)C1=CC=CO1,1.4,317.0,17,6,116.57556843153334,202.4711451672141
52.6,282.29,COC1=CC=C(C=C1)/C=C/C(=O)OC2=CC=CC=C2C=O,3.2,369.0,21,6,188.278057029,266.8269320883885
44.8,270.71,CCOC(=O)C=CC1=C(C(=C(C=C1)OC)OC)Cl,3.1,293.0,18,6,142.606127012,244.2724128765548
72.1,207.25,CN(C)/C=C(\C(=O)OC)/S(=O)(=O)C,-0.1,310.0,13,4,96.1239896043,174.97064007446062
86.1,322.32,COC(=O)/C(=C/N1C2=CC=CC=C2N=N1)/NC(=O)C3=CC=CC=C3,2.3,502.0,24,5,186.29962957166663,287.18757710882016
119.0,282.21,C1CC(=O)N(C1=O)OC(=O)/C=C/OC2CC(=O)NC2=O,-1.7,509.0,20,5,124.06691847296668,219.8311061700412
74.8,184.21,COC(=O)/C(=C/C1=CC=CS1)/O,1.8,201.0,12,3,104.42623355863331,156.87021632352128
85.0,399.4,CC1=CC=C(C=C1)C2=NN(C=C2/C=C/C(=O)OCC(=O)C3=CC=CC=C3)CCC#N,3.6,654.0,30,9,250.19321668166663,378.9989415176495
51.8,297.3,CC(C)(C)OC(=O)/C=C/C1=[N+](C=C(C=C1)C2=CC=CC=C2)[O-],2.8,394.0,22,5,208.9801082690333,287.72650476846326
85.0,304.75,CN(C)/C=C(\C(=O)OC)/S(=O)(=O)C1=C(N=CC=C1)Cl,1.4,456.0,19,5,145.72472095503335,248.91501319170126
26.3,355.7,CCOC(=O)/C(=C/C1=C(C2=CC=CC=C2CC1)Cl)/CBr,4.1,428.0,20,5,199.1002561286667,268.9067754500012
26.3,297.2,COC(=O)/C(=C/C1=C(C2=CC=CC=C2CC1)Cl)/CCl,3.6,412.0,19,4,185.198470338,262.6525574409219
80.8,254.24,COC(=O)/C(=C/C1=CN(N=N1)C2=CC=CC=C2)/C#N,1.6,406.0,19,4,157.71652661116667,230.44421143497337
81.3,313.37,CCOC(=O)/C(=C/N(C)C)/S(=O)(=O)C1=CC=C(C=C1)OC,1.8,470.0,21,7,165.34259371166664,276.3218495088146
64.4,277.14,CCOC(=O)C=C(N)NC1=CC=C(C=C1)Cl.Cl,,261.0,17,5,145.05702916436667,218.75368253907703
52.1,228.25,CCOC(=O)/C=C/C1=C2C(=CN=C1)C=CC=N2,1.8,291.0,17,4,144.6206962194,214.50602706240036
117.0,362.4,CCOC(=O)C(=C(N)N1CCN(CC1)C2=CC=C(C=C2)OC)SC#N,3.3,529.0,25,7,200.0941919413333,325.13904925601025
42.4,246.3,CCOC(=O)C=CC1=CN=C(C=C1)N2CCCC2,2.4,298.0,18,5,164.55191230366663,238.45970703300998
78.0,360.4,CC1=CC(=C(C(=C1)C)S(=O)(=O)OC2=CC=C(C=C2)C=CC(=O)OC)C,4.4,557.0,25,6,211.821540119,324.49009878662883
93.4,173.17,CCOC(=O)/C=C(\N)/NNC=O,0.3,191.0,12,5,76.58998994873333,145.5870649680948
189.0,533.6,CCC(=O)NC1=NN=C(S1)SCC2=CC(=O)C(=CO2)OC(=O)/C=C/C3=CC(=C(C(=C3)OC)OC)OC,2.9,883.0,36,12,302.09606854833334,446.3885741181855
26.3,341.62,COC(=O)/C(=C/C1=C(C2=CC=CC=C2CC1)Cl)/CBr,3.7,414.0,19,4,189.9720335903,253.0569628295355
46.5,206.24,CCOC(=O)/C=C(/C1=CC=CC=C1C)\O,2.9,245.0,15,4,118.6990905964,197.60791684963286
88.9,204.25,CCOC(=O)/C=C/SCCC(=O)O,0.7,200.0,13,7,94.4769263573,175.4849616905487
78.0,387.2,COC(=O)C=CC1=CC=C(C=C1)OS(=O)(=O)C2=C(C=CC(=C2)Cl)Cl,4.6,549.0,24,6,198.18740331933336,313.49355089190647
58.8,309.79,CCOC(=O)/C=C(\N)/N1CCN(CC1)C2=CC=C(C=C2)Cl,3.1,373.0,21,5,174.75991319339997,279.5540970259482
42.7,237.29,CC(C)N(C)CCOC(=O)/C=C/C1=CC=CO1,2.1,263.0,17,7,136.730059444,232.22526885833776
71.7,310.78,CCOC(=O)/C=C(\N)/N1CCN(CC1)C2=NC(=CC=C2)Cl,2.7,383.0,21,5,167.38251543726668,274.87787730694754
108.0,309.27,CCOC(=O)/C=C/C1=CC(=C(C=C1)OCC(=O)OC)[N+](=O)[O-],2.3,429.0,22,8,167.96537544266667,265.4706801281849
109.0,384.4,CCOP(=O)(/C(=C/N1C2=C(C=C(C=C2)C)NC1=S)/C(=O)OC)OCC,1.8,587.0,25,8,211.881592168,324.02499799865313
106.0,409.6,CCCCCCCCCCCCCCCCNC(=S)N/C=C(\C#N)/C(=O)OC,8.2,497.0,28,18,229.37639908966665,407.3991501522108
58.6,575.6,CC12CCC(CC1CCC3C2CCC4(C3CCC(=O)N4)C)OC(=O)/C=C/C5=CC=C(C=C5)N(CCCl)CCCl,7.1,900.0,39,9,335.35743792166664,527.6655222162747
85.0,350.5,CC1CC(CC2C1(CC3=C(C2O)OC=C3C)C)OC(=O)/C=C/SC,3.5,508.0,24,4,184.827060729,318.09165632031153
53.3,272.34,CCN(CC)/C(=C/C1=CC=C(C=C1)C#N)/C(=O)OCC,3.4,383.0,20,7,176.75246912466665,272.00893293133674
43.4,314.8,CCOC(=O)/C(=C\C1=CC(=CC=C1)Cl)/C(=O)C2=CC=CC=C2,4.6,424.0,22,6,184.2003335743333,289.67050318293394
61.8,340.4,CCOC(=O)/C(=C\C1=CC(=C(C=C1)OC)OC)/C(=O)C2=CC=CC=C2,3.7,479.0,25,8,214.7912553043333,320.6977067664763
77.6,301.27,CCOC(=O)/C(=C\C1=CC=CN1)/P(=O)(OCC)OCC,1.4,386.0,20,9,162.7542878306,263.5236441712029
89.2,325.3,CCOC(=O)/C(=C\C1=CC=C(C=C1)[N+](=O)[O-])/C(=O)C2=CC=CC=C2,3.9,494.0,24,6,192.7517646023667,292.41850158598874
247.0,654.6,CC1C(C(C(C(O1)OC2C3C=COC(C3C4(C2O4)COC(=O)/C=C/C5=CC=C(C=C5)O)OC6C(C(C(C(O6)CO)O)O)O)O)O)O,-2.0,1130.0,46,10,318.4311045836667,515.9187044398742
52.6,310.3,CCOC(=O)/C(=C\C1=CC=C(C=C1)OC)/C(=O)C2=CC=CC=C2,4.1,427.0,23,7,201.233462943,296.6047043090621
38.8,277.36,CCN(CC)/C(=C/C1=CC(=CC=C1)OC)/C(=O)OCC,3.8,324.0,20,8,169.02049759833335,276.9406636830891
53.3,272.34,CCN(CC)/C(=C/C1=CC(=CC=C1)C#N)/C(=O)OCC,3.4,391.0,20,7,168.070515079,271.43677954032165
29.5,281.78,CCN(CC)/C(=C/C1=CC(=CC=C1)Cl)/C(=O)OCC,4.1,313.0,19,7,163.54730393093334,270.16977198561375
63.4,288.34,CCO/C(=C\C(=O)OC)/NCCC1=CNC2=CC=CC=C21,3.7,371.0,21,8,151.838030463,271.8317137944843
103.0,423.3,CCOC(=O)/C(=C(\C1=CC=CC=C1)/O)/C=N/C(=S)NC2=CC(=C(C=C2)Cl)Cl,5.5,592.0,27,6,255.0934181526667,359.57853796172117
82.4,343.4,CCOC(=O)/C(=C(\C)/O)/C=NC1=C(N(N(C1=O)C2=CC=CC=C2)C)C,3.1,630.0,25,6,205.4144119023333,315.3304777495529
167.0,440.4,CCOP(=O)(/C(=C/NC(=S)N=NC1=C(NC2=CC=CC=C21)O)/C(=O)OC)OCC,3.1,693.0,29,9,284.5498385163333,358.98911974247017
99.4,434.4,CCOC1=CC=CC=C1OCC(=O)N/N=C/C2=CC(=CC=C2)OC(=O)/C=C/C3=CC=CO3,4.1,652.0,32,11,284.4770921053333,397.0789389819845
90.1,404.4,CC1=C(C=CO1)C(=O)N/N=C/C2=CC(=CC=C2)OC(=O)/C=C/C3=CC=C(C=C3)OC,4.1,627.0,30,8,279.88427884799995,373.27291083547425
64.599,387.4,COC(=O)C(=CC1=CC=C(C=C1)C2=CC=CC=C2)NC(=O)OCC3=CC=CC=C3,5.1,553.0,29,8,256.6787186863333,368.2672722129758
39.4,242.27,CCOC(=O)C=CC1=CC=C(O1)C2=CC=CC=C2,3.3,292.0,18,5,161.60657589306666,234.5724846076345
92.4,444.5,CC(C#CC(=O)N(C1=CC=CC=C1)C2=CC=CC=C2)OC(=O)C=CC3=CCCC(C3)[N+](=O)[O-],4.8,814.0,33,6,271.28369808966664,414.04478728589277
138.0,586.6,CN(C)C1=CC=C(C=C1)C=C(C#N)C(=O)OCCCNC(=O)C2CCN(CC2)C(=O)C3=CC4=C(C=C(C=C4)OC)OC3=O,3.7,1140.0,43,11,378.79834572966666,531.5025984787325
129.0,540.3,C1OC2=C(O1)C=C(C=C2)C(=O)NCC(=O)N/N=C/C3=C(C=CC(=C3)Br)OC(=O)/C=C/C4=CC=CO4,3.6,823.0,35,9,300.20881332333335,408.7758227917794
39.4,256.3,CCOC(=O)C=CC1=CC=C(O1)C2=CC=C(C=C2)C,3.7,316.0,19,5,190.44011428966667,249.7518177979199
115.0,219.26,CCOC(=O)/C=C/SCC(C(=O)O)N,-2.4,229.0,14,7,101.6391386857,182.28014177153412
39.4,321.16,CCOC(=O)C=CC1=CC=C(O1)C2=CC=CC=C2Br,4.0,329.0,19,5,169.22500440946666,242.88469757361827
65.099,497.6,COC(=O)C=CC1=CC(=CC=C1)N(CC2=CC=C(C=C2)C3=CC4=C(C=C3)OCO4)C(=O)C5CCCCC5,6.6,785.0,37,8,318.84707936800004,467.8676897214068
94.2,418.5,CC(C)(C)OC(=O)N1CCCC(C1)C=C(C(=O)OC)NC(=O)OCC2=CC=CC=C2,3.3,634.0,30,9,207.467805932,386.7684291872442
85.3,321.71,CCOC(=O)C=CC1=CC=C(O1)C2=C(C=C(C=C2)[N+](=O)[O-])Cl,3.8,436.0,22,5,192.0949817592667,271.79964883304075
99.5,296.7,COC(=O)C(=C(CCl)O)C(=N)NC(=O)C1=CC=CC=C1,2.0,428.0,20,6,144.62636444946668,248.98162847511858
82.4,405.4,CCOC(=O)/C(=C(/C1=CC=CC=C1)\O)/C=NC2=C(N(N(C2=O)C3=CC=CC=C3)C)C,4.3,744.0,30,7,271.91575879600003,376.38308876766047
128.0,332.31,CCOC(=O)/C(=C/NC1=C(C=C(C=C1)[N+](=O)[O-])C(=O)N(C)C)/C#N,2.0,572.0,24,6,198.978290298,289.76560898070244
107.0,416.5,CC(=CCC/C(=C/CC/C(=C/COC(=O)/C=C(/C1=C(C(=C(C=C1)O)O)O)\O)/C)/C)C,6.3,669.0,30,11,243.966763187,392.4614075849625
60.4,384.5,C[C@@]12CCC3C([C@H]1CC[C@H]2C(=O)COC(=O)C=C)CCC4=CC(=O)CC[C@@]34C,3.7,750.0,28,5,205.7123468773333,361.62681414331684
65.099,461.5,CC(C=CC(=O)N(C1=CC=CC=C1)C2=CC=CC=C2)OC(=O)C=CC3CCCC4(C3)OCCO4,4.7,711.0,34,8,268.4051252786666,436.87626907554284
65.4,342.4,CN(C)C=C1C(=NN(C1=O)C2=CC=CC=C2)C(=CN(C)C)C(=O)OC,2.1,614.0,25,6,221.68232647,323.8908961801207
65.099,331.4,CCOC(=O)/C=C/[C@@]12COC[C@@H](N1C(=O)OC2)CC3=CC=CC=C3,1.9,500.0,24,6,166.249440348,300.4653732892446
92.4,446.5,C[C@H](C=CC(=O)N(C1=CC=CC=C1)C2=CC=CC=C2)OC(=O)/C=C/C3=CCCC(C3)[N+](=O)[O-],4.7,752.0,33,8,276.19233926366667,416.9042548890171
35.5,271.11,COC1=C(C=CC(=C1)Br)C=CC(=O)OC,2.9,240.0,15,4,133.53537984233333,194.64067057230602
64.599,387.4,COC(=O)/C(=C\C1=CC=C(C=C1)C2=CC=CC=C2)/NC(=O)OCC3=CC=CC=C3,5.1,553.0,29,8,256.19404703366666,367.88691055433736
55.8,200.23,CCOC(=O)/C(=C/O)/C1CCOCC1,1.3,216.0,14,4,94.26119609663333,181.78461276527833
110.0,494.9,CCOC(=O)/C=C/C1=CC=C(C=C1)OCCC2=CC(=CC=C2)NC(=O)C3=C(C=CC(=C3)[N+](=O)[O-])Cl,5.8,734.0,35,10,312.403569613,439.02166012424095
78.0,397.2,COC(=O)/C=C/C1=CC=C(C=C1)OS(=O)(=O)C2=CC=C(C=C2)Br,4.0,509.0,23,6,195.2402849913333,286.5136536358048
106.0,483.5,COC1=CC=C(C=C1)/C=C/C(=O)OC2=CC=CC(=C2)/C=N\NC(=O)C3C(CNC3=O)C4=CC=CC=C4,4.5,814.0,36,9,297.7161383536666,442.35903496880286
105.0,490.5,COC1=CC=C(C=C1)/C=C/C(=O)OC2=CC=CC(=C2)/C=N/NC(=O)C3=CC(=C(C(=C3)OC)OC)OC,4.6,736.0,36,11,349.7040315295667,449.5595842002149
65.099,285.34,CC1(N(C(CO1)/C=C/C(=O)OC)C(=O)OC(C)(C)C)C,1.6,408.0,20,5,135.6206980373333,265.5569006886615
51.3,245.27,CCOC(=O)C=CC1=CNC2=C1C=CC(=C2)OC,2.7,316.0,18,5,140.69836856966666,229.77110946262303
68.6,259.26,CCOC(=O)/C(=C/C1=CC2=C(C=C1)OCCO2)/C#N,2.3,409.0,19,4,162.33092487833335,234.84657037285368
110.0,426.5,CCOC(=O)/C=C/C1=CC=C(C=C1)NC(=O)C(CCSC)NC(=O)C2=CC=CC=C2,3.8,582.0,30,11,265.2356904283333,395.91084315739005
55.0,366.03,CCOC(=O)C=CC1=NC2=CC(=C(C=C2N1)Cl)Br.Cl,,340.0,19,4,185.93194351833336,227.0859578767584
39.4,297.1,COC(=O)/C=C/C1=CC=C(O1)C2=CC(=CC(=C2)Cl)Cl,4.2,336.0,19,4,185.7280828859,253.75977888755673
39.4,311.2,CCOC(=O)/C=C/C1=CC=C(O1)C2=CC(=CC(=C2)Cl)Cl,4.6,349.0,20,5,195.6267357991333,270.2120393645863
39.4,297.1,COC(=O)/C=C/C1=CC=C(O1)C2=C(C(=CC=C2)Cl)Cl,4.2,346.0,19,4,185.25884661726664,253.31058815491065
39.4,311.2,CCOC(=O)/C=C/C1=CC=C(O1)C2=C(C(=CC=C2)Cl)Cl,4.6,359.0,20,5,195.3329979471,269.4821910608963
39.4,297.1,COC(=O)/C=C/C1=CC=C(O1)C2=C(C=C(C=C2)Cl)Cl,4.2,346.0,19,4,189.418253946,253.86602193196225
74.7,372.4,CN(C)/C=C\1/C(=NN(C1=O)C2=CC=C(C=C2)OC)/C(=C/N(C)C)/C(=O)OC,2.1,659.0,27,7,248.362472033,348.49796649405295
65.099,497.6,COC(=O)/C=C\C1=CC(=CC=C1)N(CC2=CC=C(C=C2)C3=CC4=C(C=C3)OCO4)C(=O)C5CCCCC5,6.6,785.0,37,8,309.04648485300004,468.7448158739135
110.0,328.3,C1=CC=C2C(=C1)N=C(S2)NC(=O)COC(=O)/C=C/C3=CC=CO3,3.0,471.0,23,6,197.35698808466668,280.18675979036215
65.099,329.3,CC1=CC(=O)OC2=C1C=CC(=C2CN3CCOCC3)OC(=O)C=C,1.6,538.0,24,5,183.34046097166663,295.0431832749028
104.0,250.3,CC1=C(C(=NC(=N1)N)N)/C=C/C(=O)OC(C)(C)C,1.2,325.0,18,4,147.55231936766666,226.74446279511483
179.0,533.6,CC1=CC(N2C3=C1C=C(C=C3/C(=C/4\C(=O)NC(=S)S4)/C2=O)OC(=O)/C=C/C5=CC(=CC=C5)[N+](=O)[O-])(C)C,4.2,1170.0,37,4,368.47603447166665,445.0464753379823
132.0,511.6,COC1=CC=C(C=C1)/C=C/C(=O)OC2=C(C=C(C=C2)/C=C\3/C(=O)N(C(=S)S3)CC4CCCO4)OC,5.2,838.0,35,9,374.7277770773333,450.4152044729894
146.0,627.7,CCOC1=C(C=CC(=C1)/C=C\2/C(=O)N(C(=S)S2)C3=C(N(N(C3=O)C4=CC=CC=C4)C)C)OC(=O)/C=C/C5=CC=C(C=C5)OC,7.0,1200.0,44,10,481.769807719,558.5885894500599
32.8,290.4,CCN(CC)/C(=C/C1=CC=C(C=C1)N(C)C)/C(=O)OCC,3.8,341.0,21,8,191.3534262526667,296.1629549329335
92.4,366.4,C1CC2=CC=CC=C2N(C1)C(=O)COC(=O)/C=C/C3=CC=C(C=C3)[N+](=O)[O-],3.5,577.0,27,5,215.57389655300005,326.37055741736395
85.4,622.3,CCOC(=O)/C=C/C1=C(N(C(=O)N(C1=O)CC2=CC(=C(C=C2)OC)Br)CC3=CC(=C(C=C3)OC)Br)C,4.7,879.0,36,10,301.928979008,446.48263033212567
68.6,365.4,CCOC1=C(C=CC(=C1)/C=C(\C#N)/C(=O)OCC)OCC2=CC=CC(=C2)C,4.7,550.0,27,9,238.251117911,353.69488497336437
114.0,449.8,C1=CC=C(C(=C1)/C=C/C(=O)OC2=CC=C(C=C2)/C=N/NC(=O)C3=CC(=CC=C3)[N+](=O)[O-])Cl,5.1,715.0,32,7,297.116613668,390.45298819592904
97.6,312.28,COC(=O)/C(=C/C1=CC2=CC3=C(C=C2NC1=O)OCCO3)/C#N,1.3,630.0,23,3,214.9646611253333,265.27538879568993
56.5,425.3,CCOC(=O)/C(=C/C1=CC=C(O1)C2=CC=C(C=C2)Br)/C(=O)C3=CC=CC=C3,5.6,545.0,27,7,251.58631655066668,337.3974797778542
118.0,460.5,CCC(C(=O)N1C2=CC=CC=C2SC3=CC=CC=C31)OC(=O)/C=C/C4=CC=C(C=C4)[N+](=O)[O-],5.7,724.0,33,6,271.0381873256667,407.83241702087537
85.3,287.27,CC1=C(C=CC(=C1)[N+](=O)[O-])C2=CC=C(O2)/C=C/C(=O)OC,3.2,417.0,21,4,201.0381015383333,253.23576224361315
39.4,341.58,COC(=O)/C=C/C1=CC=C(O1)C2=C(C=C(C=C2)Br)Cl,4.3,348.0,19,4,193.615107459,244.35965496687209
39.4,355.61,CCOC(=O)/C=C/C1=CC=C(O1)C2=C(C=C(C=C2)Br)Cl,4.6,361.0,20,5,212.6544772218,260.472026481461
85.7,306.3,CC1=CC=C(C=C1)C2=C(N3C=CSC3=N2)/C=C/C(=O)[O-].[Na+],,399.0,21,3,214.72344421566663,250.0146848222921
109.0,298.25,COC(=O)/C(=C/C1=CC=C(O1)C2=CC=CC=C2[N+](=O)[O-])/C#N,2.7,516.0,22,4,190.33244254586668,257.11859489008435
84.9,341.4,CCOC(=O)C(=CC1=CC(=C(C=C1)O)OC)NC(=O)C2=CC=CC=C2,3.5,484.0,25,7,214.63973042383336,312.61193578048653
139.0,511.6,C1C[C@H](CN(C1)/C=C(/CCC=O)\C(=O)[O-])N2C3=NC=NC(=C3C(=N2)C4=CC=C(C=C4)OC5=CC=CC=C5)N,3.8,823.0,38,8,370.0227452680001,457.32757922927897
139.0,511.6,C1C[C@@H](CN(C1)/C=C(/CCC=O)\C(=O)[O-])N2C3=NC=NC(=C3C(=N2)C4=CC=C(C=C4)OC5=CC=CC=C5)N,3.8,823.0,38,8,419.0420085180001,457.3560778889575
186.0,552.5,COC1=C(C=C(C=C1)/C=C/C(=O)O[C@H]2[C@@H]3C=CO[C@H]([C@@H]3[C@@]4([C@H]2O4)CO)O[C@H]5[C@@H]([C@H]([C@@H]([C@H](O5)CO)O)O)O)OC,-0.6,928.0,39,10,279.82837535,449.71268996074775
55.4,288.12,CC(=O)N/C(=C\C1=C(C=CC=C1Cl)Cl)/C(=O)OC,2.8,347.0,18,4,142.35676322666666,241.20704943783934
80.3,297.31,COC(=O)/C(=C\NC1=CN=CC=C1)/NC(=O)C2=CC=CC=C2,2.4,417.0,22,6,196.33853238333333,272.4295870721414
58.6,282.72,CN(C)/C=C(\C(=O)OC)/NC(=O)C1=CC(=CC=C1)Cl,2.2,369.0,19,5,156.23532481933333,252.65055455152932
71.4,260.29,CCOC1=CC=CC=C1N/C=C(\C#N)/C(=O)OCC,3.1,370.0,19,7,161.07971082666666,247.38282590700732
80.6,276.29,CCOC(=O)C(=CNC1=CC(=CC(=C1)OC)OC)C#N,2.7,387.0,20,7,155.83638403166665,255.864516820284
93.4,311.33,COC(=O)/C(=C\NC1=CC=CC=C1N)/NC(=O)C2=CC=CC=C2,2.8,444.0,23,6,196.317911867,284.5552600502235
29.5,171.24,CC(C)(C)OC(=O)C=CN(C)C,1.5,178.0,12,4,89.47458616513332,176.25101601452806
118.0,356.4,CC(C)(C)OC(=O)/C(=C\N(C)C)/S(=O)(=O)C1=CC=CC=C1[N+](=O)[O-],2.3,607.0,24,6,177.546758877,302.7887169684254
103.0,288.26,COC(=O)/C(=C/C1=CC(=CC=C1)[N+](=O)[O-])/CN2C=NC=N2,1.7,421.0,21,5,149.66408291553333,247.42016650183973
106.0,250.25,CCOC(=O)C=C(N)NNC(=O)C1=CC=NC=C1,0.9,324.0,18,6,124.71144833256668,218.09341470918494
76.8,235.19,C1CC(=O)N(C1=O)OC(=O)C=CC2=CC=CO2,0.4,360.0,17,4,129.1377503640333,198.48780371300472
143.0,472.5,CC(=O)CCC1=CC=C(C=C1)O[C@H]2[C@@H]([C@H]([C@@H]([C@H](O2)COC(=O)/C=C/C3=CC=C(C=C3)O)O)O)O,1.4,680.0,34,10,256.4316748623333,409.41278519649575
66.8,273.28,CCOC(=O)/C(=C/C1=CC(=O)N(C2=CC=CC=C21)C)/O,1.6,467.0,20,4,167.16202077936666,246.055120555529
137.0,397.4,CCOC(=O)/C(=C\N1C2=C(C=CC(=C2)[N+](=O)[O-])NC1=S)/C(=O)C3=CC=CC=C3,3.1,684.0,28,6,228.8166744193333,334.821717972705
97.4,259.29,COC(=O)/C(=C/N1C2=CC=CC=C2NC1=S)/C#N,1.3,452.0,18,3,152.4457306188667,222.4286032975294
75.0,274.21,C/C(=C(\C(=O)OC)/P(=O)(OC)OC)/C1=CC=CO1,1.2,381.0,18,6,134.50309844806665,230.69501411395174
38.8,277.36,CCN(CC)/C(=C/C1=CC=C(C=C1)OC)/C(=O)OCC,3.6,316.0,20,8,172.86038417566667,276.8419485286798
256.0,684.6,CC1C(C(C(C(O1)OC2C3C=COC(C3C4(C2O4)COC(=O)/C=C/C5=CC(=C(C=C5)O)OC)OC6C(C(C(C(O6)CO)O)O)O)O)O)O,-2.0,1190.0,48,11,327.214628633,540.9877183878525
66.9,396.8,CCOC(=O)/C=C/C1=C(N(C(=O)N(C1=O)C2=CC=CC=C2)C3=CC=CC=C3)Cl,4.0,676.0,28,6,241.5111505736667,351.9895711120675
29.5,281.78,CCN(CC)/C(=C/C1=CC=C(C=C1)Cl)/C(=O)OCC,4.3,305.0,19,7,168.43107717566667,270.1846231734989
43.4,368.5,C[C@]12CCC(=O)C=C1CC[C@@H]3[C@@H]2CC[C@]4([C@H]3CC[C@]4(C=C)OC(=O)C=C)C,5.2,734.0,27,4,208.2043999343333,355.7435430177084
77.6,316.22,C1=CC(=CC=C1COC(=O)/C=C/SCCN)Br,2.1,253.0,17,7,139.693044503,227.97126154728898
42.4,246.3,CCOC(=O)/C=C\C1=CN=C(C=C1)N2CCCC2,2.4,298.0,18,5,155.82745033733332,238.05087277432904
85.3,301.29,CCOC(=O)C=CC1=CC=C(O1)C2=C(C=CC(=C2)[N+](=O)[O-])C,3.5,431.0,22,5,195.71028873766667,269.48080468313157
57.6,373.4,[2H]C([2H])([2H])O/C=C(\C1=CC=CC=C1COC2=CC=CC(=N2)C(F)(F)F)/C(=O)OC([2H])([2H])[2H],3.6,495.0,26,7,172.42471371333332,313.2897575398123
59.3,217.22,COC1=C(C=CC(=C1)C=CC(=O)OC)C#N,1.9,316.0,16,4,125.33784086706667,205.46730347113842
129.0,554.3,C1COC2=C(O1)C=CC(=C2)C(=O)NCC(=O)N/N=C/C3=C(C=CC(=C3)Br)OC(=O)/C=C/C4=CC=CO4,3.5,839.0,36,9,320.0735973053333,423.9197765165517
44.8,312.4,CCOC1=CC=C(C=C1)/C=C/C(=O)OC2=CC=CC=C2OCC,4.4,372.0,23,8,206.32099244833333,303.47455917978937
39.4,262.69,COC(=O)/C=C/C1=CC=C(O1)C2=CC=CC=C2Cl,3.6,316.0,18,4,170.806625648,235.71771340337887
35.5,248.32,CC1=C(C=CC(=C1)OC)/C=C/C(=O)OC(C)(C)C,3.5,301.0,18,5,159.64812264833333,247.89160051391806
35.5,316.4,C[C@H]1CC[C@@H]([C@H](C1)OC(=O)C=C)C(C)(C)C2=CC=C(C=C2)OC,5.7,407.0,23,6,171.921514351,316.39887237599487
65.099,461.5,C[C@H](/C=C/C(=O)N(C1=CC=CC=C1)C2=CC=CC=C2)OC(=O)/C=C/C3CCCC4(C3)OCCO4,4.7,711.0,34,8,272.0261999943333,436.1574211528472
114.0,306.27,CCOC(=O)/C(=C/C1=CC(=C(C=C1[N+](=O)[O-])OC)OC)/C#N,2.3,489.0,22,6,166.1537680636667,264.8027094951406
52.6,338.4,CC(C)(C)C1=CC=C(C=C1)/C=C/C(=O)OC2=C(C=C(C=C2)C=O)OC,4.9,469.0,25,7,226.78696120933333,328.3863246761386
105.0,389.2,CCOC(=O)/C(=C(/C1=CC(=C(C=C1Cl)Cl)[N+](=O)[O-])\O)/C=NC(C)(C)C,4.4,566.0,25,6,206.0719759133333,323.92380294673745
