id_A,id_B,smiles,smiles_B,chain_size,xx,yy,zz,static_polarizability,type,vdw_volume,refractive_index
71375967,,C=CC(=O)OCCCCOC1=CC=C(C=C1)C(=O)C2=CC=CC=C2,,0,183.675157075,216.555146728,163.407859891,187.879387898,monomer,310.96902790232565,1.4236986338581792
70480932,,CC1(C2CCC1(CC2OC(=O)C=C)C)C,,0,117.915784229,100.421024652,104.799285695,107.71203152533332,monomer,216.37623314050907,1.3409018563230009
129762066,,C=CCC1=NN=NN1OC(=O)C=C,,0,59.4794567954,63.6172633274,113.811284103,78.96933474193334,monomer,158.5595778809926,1.341085233584367
17111,,CN(C)CCOC(=O)C=C,,0,49.144499063,66.3786019261,86.7053593248,67.4094867713,monomer,149.48595249248507,1.3058491214106864
17259,,CCCCCCOC(=O)C=C,,0,83.9362559951,88.232586963,62.5328487753,78.23389724446668,monomer,170.12480756207955,1.3124602068692803
105239,,CN(CCOC(=O)C=C)S(=O)(=O)CC(C(C(C(C(C(F)(F)F)(F)F)(F)F)(F)F)(F)F)(F)F,,0,147.625583374,119.644343468,182.10681299,149.79224661066667,monomer,355.7586694778203,1.28389620631914
3083883,,C=CC(=O)OC(C(C(C(C(C(C(C(C(C(CF)(F)F)(F)F)(F)F)(F)F)(F)F)(F)F)(F)F)(F)F)(F)F)F,,0,104.973248126,128.207430451,160.184024696,131.12156775766667,monomer,357.36964668255024,1.2448834875582884
20963,,C=CC(=O)OCCBr,,0,29.7517121141,70.9951367268,66.083159364,55.61000273496666,monomer,124.47461455906512,1.3027576380620103
54033718,,CCCCC(CN1C=NC=N1)(COC(=O)C=C)C2=CC=C(C=C2)Cl,,0,172.624199625,190.803754591,160.48617593,174.63804338199998,monomer,322.8363542821776,1.3739203978809293
23513520,,C=CC(=O)OCCC1=CC=CC2=CC=CC=C21,,0,182.755152774,92.3934910712,135.063503181,136.73738234206667,monomer,220.57908128849712,1.4363579041762986
11378874,,C=CC(=O)OCOP(=O)(O)O,,0,49.8446276053,58.7222992326,67.9056963339,58.82420772393333,monomer,144.06047061243189,1.2746458860134364
3023749,,CCCCCCCCCCCCCCCCCCCCCCCCCCCCOC(=O)C=C,,0,276.373828581,250.183077789,265.267222938,263.941376436,monomer,539.2230570762898,1.3346222961081622
18546535,,CSCCCSCCCOC(=O)C=C,,0,106.833701135,106.825931038,114.752628979,109.47075371733332,monomer,223.8202547835772,1.334333387870087
543282,,CCCCCCCCCC(CCC)OC(=O)C=C,,0,132.13045527,147.842831897,135.02199395,138.33176037233332,monomer,288.7426781666154,1.3268037860018926
66643588,,CC(C)(C1=CC=CC=C1)SCCOC(=O)C=C,,0,157.470111834,122.105821386,120.921423118,133.49911877933334,monomer,243.9298830906609,1.3788316187487744
3022444,,CCCCCCCCCCCCCCCC(C)COC(=O)C=C,,0,165.990596741,196.19873989,173.455699789,178.54834547333334,monomer,372.52758453291966,1.326958050015475
121476710,,C[C@@]12CCC(C1(C)C)CC2OC(=O)C=C,,0,119.217242246,79.8428433554,123.45399351,107.50469303713334,monomer,216.8300339287457,1.3393905324491033
904858,,C[C@]12CC[C@H](C1(C)C)C[C@@H]2OC(=O)C=C,,0,106.036448853,92.1875160684,131.816125862,110.01336359446668,monomer,215.96617784933537,1.3497071738775135
129854601,,CCCCCCCCOC(=O)CCOC(=O)C=C,,0,143.628927191,105.58836339,129.821623163,126.34630458133331,monomer,268.0917036528959,1.3209647335203916
3023480,,C=CC(=O)OCCCC1=CC=CO1,,0,59.9657099977,94.9882315055,103.040106715,85.99801607273332,monomer,173.41530292517652,1.3394708340662325
90476426,,C=CC(=O)OC1CC2[C@@H]3CC[C@@H](C3)C2C1,,0,91.9945228467,128.597981609,104.230321319,108.27427525823332,monomer,204.36994726832484,1.3653143946963004
23325021,,C=CC(=O)OC1=CC=CC=N1,,0,122.292582843,62.6406653404,45.8908267556,76.94135831300001,monomer,136.4147839653526,1.3918887997918206
13651710,,CC(C)(COC(=O)C=C)C=O,,0,66.5368738115,57.8188000635,90.9318397825,71.7625045525,monomer,156.3447669940864,1.3118214653041562
44152441,,CC(COC(COCC(C)OCC(C)OC(=O)C=C)COCC(C)OC(=O)C=C)O,,0,213.587801131,192.975542874,181.694010403,196.08578480266667,monomer,426.6359618232535,1.3122725623767135
2774977,,C=CC(=O)OCC(C(C(F)(F)F)F)(F)F,,0,74.1798402855,38.8614393235,77.7394889369,63.5935895153,monomer,168.188479169114,1.2528788776418707
100973,,CNC(=O)CCOC(=O)C=C,,0,51.7206843596,91.1813973202,64.2633535775,69.05514508576667,monomer,151.85748898808592,1.3086580767770162
543286,,CCCCCCCCCCCCC(CC)OC(=O)C=C,,0,155.638823113,164.874890526,148.879279659,156.46433109933332,monomer,320.2831210319505,1.33389464241581
109857,,CN(CCCCOC(=O)C=C)S(=O)(=O)C(C(C(C(C(F)(F)F)(F)F)(F)F)(F)F)(F)F,,0,143.583553064,144.879511676,173.869388024,154.110817588,monomer,344.9235794402915,1.3027865795029463
69890866,,C=CC(=O)OC1C2CC3C1OC(=O)C3C2,,0,123.914052489,71.8937905809,89.9626110955,95.25681805513334,monomer,184.55873908926924,1.354840668834636
69890866,,C=CC(=O)OC12CC3CC(CC(C3)C1)C2,,0,123.914052489,71.8937905809,89.9626110955,95.25681805513334,monomer,204.4847165615344,1.3169057187328665
170900921,,C=CC(=O)OCCCCN1C=NC2=C(N=C(N=C21)N)N,,0,155.647292298,154.975575433,97.9219858815,136.18161787083332,monomer,250.87843480702549,1.3753682570188832
146013805,,C=CC(=O)OC(C#N)(C(F)(F)Cl)C(F)(Cl)Cl,,0,96.6844116995,83.6000232787,86.2938497328,88.85942823700002,monomer,198.6747088602835,1.3031290402089022
174625,,CCC1(COC(OC1)C(C)(C)COC(=O)C=C)COC(=O)C=C,,0,133.445552926,186.365014248,145.651222782,155.15392998533332,monomer,319.7951078218448,1.331371716160535
164577025,,CC1(CC(=CC(=C(C#N)C#N)C1)/C=C/C2=CC3=C(C=C(C=C3)OC(=O)C=C)OC2=O)C,,0,402.25054468,399.861246873,324.282588899,375.464793484,monomer,379.8241231900698,1.7742409267849912
129866931,,C=CC(=O)OC(O)(OC(=O)C=C)C(O)CO,,0,94.6498920961,104.17537803,68.2506341086,89.02530141156667,monomer,203.42837372289577,1.296030914690128
2778248,,CC(C(F)(F)F)(C(F)(F)F)OC(=O)C=C,,0,43.9286318848,82.4682724081,61.5706455742,62.6558499557,monomer,168.71360749602306,1.2480669988175332
22372339,,CCCC1=CC=C(C=C1)OC(=O)C=C,,0,112.957184049,122.128320807,92.9281918984,109.33789891813336,monomer,191.76233105082855,1.3967147686593646
145994990,,C=CC(=O)OCCOC1=C2C=CC(=CC2=NC=C1)Cl,,0,99.5542749573,165.707886418,168.938616707,144.7335926941,monomer,240.91863801970592,1.42096351739567
135398202,,CCOC(=O)C(C)(COC(=O)C=C)COC(=O)C=C,,0,101.98884901,114.011392103,142.057953204,119.352731439,monomer,257.90123885234186,1.314632699986947
59992627,,C=CC(=O)OCCOCCC(=O)ON1C(=O)CCC1=O,,0,141.561913516,98.8835695874,120.832682376,120.4260551598,monomer,251.64963000190076,1.3264014832360123
129851491,,C=CC(=O)OC1=CC(=CC2=C1N(C3=CC=CC=C32)CCO)Cl,,0,178.418705768,121.66527776,251.076603199,183.72019557566668,monomer,270.4479036220301,1.4852558829192715
155899407,,CCCCCCCC(CCCCCCC)N1C(=O)C2=C3C(=CC=C4C3=C(C=C2)C5=C6C4=CC=C7C6=C(C=C5)C(=O)N(C7=O)CCCCCCOC(=O)C=C)C1=O,,0,379.22911744,784.765776208,451.170398739,538.3884307956667,monomer,722.9380193533973,1.5412097669219817
168655174,,C=CC(=O)OC1=C(C=CC(=C1)C2=NC3=CC=CC=C3S2)C4=NC5=CC=CC=C5S4,,0,447.563365857,192.508018639,315.470018658,318.51380105133336,monomer,345.58151482825497,1.7059287392553792
10197737,,C=CC(=O)OC(F)(F)F,,0,24.7137013549,27.183857571,56.2456252561,36.04772806066666,monomer,102.05350945987414,1.2351682517051863
129696010,,C=CC(=O)OC1=CC=CC=C1C(C(C(O)(F)F)(F)F)(F)F,,0,163.850523561,39.9257868833,136.092434486,113.28958164343332,monomer,232.83923386893449,1.3324176791038345
10308068,,C=CC(=O)OC1=C2C=CC=CC2=CC3=CC=CC=C31,,0,246.056538669,40.8757995572,227.275606021,171.4026480824,monomer,227.6926718824407,1.5482696323945608
119747,,C=CC(=O)OCCC(C(C(C(C(C(C(C(F)(F)F)(F)F)(F)F)(F)F)(F)F)(F)F)(F)F)(F)F,,0,126.634087564,110.97936354,123.070959736,120.22813694666668,monomer,327.1266433636696,1.2453253075615967
564417,,C=CC(=O)OCCCCC=C1CC1,,0,93.0106853962,96.4405187691,108.062848274,99.1713508131,monomer,191.8137670426485,1.3555177344604905
81215,,C=CC(=O)OC1=CC=C(C=C1)OC(=O)C=C,,0,147.475893351,35.3349998043,181.379178841,121.39669066543333,monomer,198.06989285003752,1.430706597299858
58231725,,C=CC(=O)OC1=C(C2=C(C=C1)C=C(C=C2)C3=CC=CC4=C3SC5=CC=CC=C45)C6=CC=CC7=C6SC8=CC=CC=C78,,0,387.777676664,573.863447345,292.236462533,417.9591955140001,monomer,483.0676488952121,1.6510219173935399
19979416,,CC1(CC(CC(N1OC)(C)C)OC(=O)C=C)C,,0,102.174495014,116.734974054,138.665039043,119.19150270366669,monomer,249.7769025683241,1.325386434924934
53702279,,CCCCCC=CCC=CCCCCCCCCOC(=O)C=C,,0,210.688153205,170.140975488,174.589561725,185.1395634726667,monomer,360.53886265926,1.3528369308474604
76133726,,C=CC(=O)OCCCCCCCF,,0,66.7086461741,87.5454501392,105.67666447,86.64358692776666,monomer,193.61222020340895,1.3033136587461716
69446413,,CC(OC(=O)C=C)OC(=O)C1=CC=CC2=CC=CC=C21,,0,96.6381129325,166.646099697,184.364055136,149.21608925516668,monomer,245.13778365819385,1.4273322554661871
18366398,,C=CC(=O)OI,,0,37.3174319994,46.3186920034,58.5483649498,47.39482965086668,monomer,98.6143299042964,1.3279473936263437
20607910,,C=CC(=O)OCCOC1=CC=C(C=C1)C2=CC=CC=C2,,0,172.038323894,182.956919191,143.445998337,166.14708047399998,monomer,258.1773255231386,1.4556022807443005
129722417,,C=CC(=O)OC(=C=O)OC(=O)C=C,,0,93.1826201454,66.7522241705,108.702446847,89.54576372096666,monomer,156.24086369527112,1.3990377164524115
86600777,,C=CC(=O)OCCCCCCCCCCCCCCCCCCCCCC,,0,215.509565837,223.586455308,202.412315604,213.83611224966668,monomer,446.59250624462015,1.3266042797895736
129815894,,C=CC(=O)OC(=C1C=CC=C1)O,,0,90.0056649985,60.4936352182,113.716574639,88.07195828523334,monomer,150.10565348142103,1.409792697319868
72941646,,CC[N+](C)(C)CCOC(=O)C=C,,0,75.7914476799,87.6572053451,109.774714442,91.07445582233332,monomer,185.5146219133604,1.335711019677406
54411860,,CC(C)(C)C1=CC(=CC(=C1O)C(C)(C)C)COC(=O)C=C,,0,190.335412808,149.121276334,144.673250181,161.37664644099996,monomer,302.46637474749605,1.368194757048273
114487,,CCCCOCC(COC(=O)C=C)O,,0,100.188022764,87.5529468924,88.2315459504,91.9908385356,monomer,204.97654926570848,1.304256264622002
100948,,CCN(CCOC(=O)C=C)S(=O)(=O)C(C(C(C(C(C(C(F)(F)F)(F)F)(F)F)(F)F)(F)F)(F)F)(F)F,,0,121.292516839,176.470798329,192.337489629,163.36693493233332,monomer,380.3377564541949,1.290093742903709
129773823,,C=CC(=O)OC1=CC=CC=C1C(=O)OCC2=CC=CC=C2,,0,208.542052066,110.308074057,133.128007579,150.65937790066667,monomer,259.45067542926444,1.4050029304700238
53752639,,CC(CC1OCC(CO1)(C)C)OC(=O)C=C,,0,114.07617045,103.719675867,102.329514539,106.70845361866668,monomer,227.9517226313613,1.3186052823228083
13262697,,C=CC(=O)OCC1=CC=CC2=CC=CC=C21,,0,127.923499582,61.7073255583,178.184542061,122.60512240043332,monomer,201.32832708821172,1.4275556381985544
53845741,,CCCCCCCCCCCCSCC(CSCCCCCCCCCCCC)OC(=O)C=C,,0,270.807964923,252.232568183,327.357736047,283.46608971766665,monomer,560.6914309467609,1.3467901428865343
137796794,,C=CC(=O)OC(=C)C(=O)N,,0,70.8912956734,67.2765069505,48.3798892021,62.182563942,monomer,130.28012750322097,1.3254666347191193
57783180,,CC1=CC=C(C=C1)N(C2=CC=C(C=C2)C)C3=CC=C(C=C3)C4=CC=C(C=C4)CCCOC(=O)C=C,,0,465.866910185,221.36230964,370.23056268,352.48659416833334,monomer,457.0615880330431,1.5645533103105516
13847848,,CC(C)CCCCCCCCCCCCCOC(=O)C=C,,0,179.063836041,135.670339338,163.262383771,159.33218638333335,monomer,339.394650237863,1.319605831253157
93414,,CC(COCC(C)OC(=O)C=C)OCC(C)OC(=O)C=C,,0,96.0361615283,137.644078522,176.682700473,136.7876468411,monomer,297.2612478489873,1.3126815027304752
129827076,,C=CC(=O)OCC1CCC(CC1)COCC2CO2,,0,114.876324921,123.306359037,131.051267888,123.07798394866666,monomer,255.39248198056117,1.3289299276684572
90732367,,CC1=C(C(=CC=C1)C)OC(=O)C=C,,0,67.1643404676,110.012322309,120.098749961,99.09180424586668,monomer,174.1169354135977,1.3958790361766158
168435105,,C=CC(=O)OCCCCCCCCCCCCCCCCCCl,,0,158.356561158,173.28677683,192.497467986,174.71360199133332,monomer,374.69920939953136,1.3172324807006264
92001635,,C=CC(=O)OC(CC(C(C(C(C(C(F)(F)F)(F)F)(F)F)(F)F)(F)F)(F)F)CO,,0,93.1158845225,121.768258445,122.463776624,112.4493065305,monomer,297.83099446233444,1.2524866358035993
7827,,CCOCCOC(=O)C=C,,0,75.2138780421,39.2861883226,81.8108122789,65.43695954786666,monomer,144.67888252143553,1.306847199785399
66603448,,CCC1C2CC3CC(C2)CC1(C3)OC(=O)C=C,,0,118.043715903,127.616469511,129.356023962,125.00540312533332,monomer,236.720448899788,1.363988949799992
91997189,,CC1C2CC(C1(C)C)CC2C3CCCC(C3)OC(=O)C=C,,0,149.62498532,135.061852348,186.112046482,156.93296138333335,monomer,306.2996409880207,1.351954715661414
13841383,,CC(C)CCCCCCCCCCCOC(=O)C=C,,0,153.717815933,156.330881356,125.682003856,145.24356704833332,monomer,307.0283321223497,1.3222964382329352
129834451,,C=CC(=O)ON1C(=O)C=CC2=CC=CC=C21,,0,123.823749386,93.6112956731,152.176970678,123.2040052457,monomer,187.82651122646567,1.4658123551617674
89485934,,CCC(C)(OC(=O)CCOC(=O)C=C)Br,,0,97.7106716578,101.290019669,98.083496556,99.0280626276,monomer,219.09078952034685,1.3066285499911263
134767817,,C[C@H]1CC[C@@H]([C@H](C1)OC(=O)C=C)C(C)(C)C2=CC=C(C=C2)OC,,0,173.657142224,114.600226313,227.519607704,171.92565874700003,monomer,324.2180200162873,1.3656855947871978
67841,,CCCCN(CCOC(=O)C=C)S(=O)(=O)C(C(C(C(C(C(C(C(F)(F)F)(F)F)(F)F)(F)F)(F)F)(F)F)(F)F)(F)F,,0,188.084350737,174.757784722,199.153003816,187.33171309166667,monomer,444.0952310267692,1.2844634552507175
118536009,,C=CC(=O)OCC(C(C1=CC=CC=C1)(C2=CC=CC=C2)C3=CC=CC=C3)OC4=CC=CC=C4,,0,240.664970558,290.042096992,240.336892298,257.01465328266664,monomer,415.1676238522661,1.4356793011733038
22034164,,C=CC(=O)OC1=NC2=CC=CC=C2C=C1,,0,215.239871262,31.1033449277,119.236474228,121.8598968059,monomer,179.24248504171783,1.485710357821152
57567,,CC(OC(=O)CCN1CC1)OC(=O)C=C,,0,70.6532965133,118.180631651,97.9521833275,95.59537049726669,monomer,203.8420335671713,1.3192387202803084
91058,,CC=CCOC(=O)C=C,,0,46.7144246233,64.70857354,86.5916448811,66.0048810148,monomer,131.03170346030947,1.345398093495619
3020591,,CCC(COC)OC(=O)C=C,,0,58.5632610481,87.5092507098,75.6278293148,73.9001136909,monomer,162.5700211076809,1.3085377111747416
169440089,,CCO[13C](=O)[13CH]=[13CH2],,0,69.1046139219,45.8471125182,24.9439619387,46.63189612626667,monomer,102.62679711599384,1.3083963450841496
14511978,,C=CC(=O)OCCOC(=O)C1=CC(=CC(=C1)[N+](=O)[O-])[N+](=O)[O-],,0,185.463305674,36.4913058009,176.225390082,132.72666718563332,monomer,254.3876968226266,1.3591374421431128
11040716,,CC(=O)COC(=O)C=C,,0,63.1810991044,33.3772800008,70.1693091101,55.57589607176667,monomer,122.41336090722278,1.3081138617723946
44148663,,CC(COCC(COCC(C)OC(=O)C=C)OCC(C)OC(=O)C=C)OCC(C)OC(=O)C=C,,0,192.643833225,278.171013594,197.844339768,222.886395529,monomer,473.7659911566898,1.320349839480726
168442280,,C=CC(=O)OCCC(=O)N1CCC[C@H](C1)N2C3=NC=NC(=C3C(=N2)C4=CC=C(C=C4)OC5=CC=CC=C5)N,,0,267.163018282,398.778195403,241.875482994,302.6055655596667,monomer,462.9459521865836,1.4639190642111581
545786,,CC(C)(C)C1=CC(=CC(=C1O)C(C)(C)C)CCCCOC(=O)C=C,,0,185.035791564,145.475395727,231.689186236,187.400124509,monomer,352.24710584774107,1.3670215631553186
129782167,,C=CC(=O)ON1C(=O)CCN2C1=NC3=CC=CC=C32,,0,107.040791262,120.147621653,195.607705132,140.932039349,monomer,221.84189724247287,1.4488490556877713
154732282,,C=CC(=O)N1CCC2(CC1)SCC(S2)COC(=O)C=C,,0,136.621893099,115.529028001,195.342576307,149.16449913566666,monomer,281.8829128244681,1.3648346860946308
10866703,,C=CC(=O)OCC1=CCCCC1,,0,113.29712368,59.0026072637,96.0039643665,89.4345651034,monomer,170.4007803058862,1.3615133422147554
91938,,C=CC(=O)OCC(CO)(CO)CO,,0,92.7349776755,80.5449402171,58.8732625024,77.384393465,monomer,178.17752458599514,1.2935970517852966
129721473,,C=CC(=O)OCCOCC1=CC=C(C=C1)I,,0,79.0352585778,115.777674788,176.651546907,123.82149342426668,monomer,231.16721725873165,1.3698145796717411
13568817,,C=C/C=C/OC(=O)C=C,,0,82.3870392688,64.0409390895,75.2855421452,73.9045068345,monomer,124.51658906848216,1.4151968419080396
58231733,,C=CC(=O)OC1=C(C=C(C=C1)C2=CC=CC3=C2OC4=CC=CC=C34)C5=CC=CC6=C5OC7=CC=CC=C67,,0,252.307887881,428.210005468,364.926122899,348.48133874933336,monomer,419.6944456925656,1.6182408640602928
78823,,CC(C)CCCOC(=O)C=C,,0,86.4595259608,70.0397358709,80.1146151585,78.87129233006665,monomer,170.73453458931033,1.3140140841606818
68647810,,COC1=C(C=C(C=C1)CC(C#N)OC(=O)C=C)OC,,0,160.037831505,105.483982708,136.229457681,133.91709063133337,monomer,244.6081077158016,1.3789801549766625
21251808,,CC1=CC(=O)OC2=C1C=CC(=C2)OCCOC(=O)C=C,,0,105.560667074,201.618898005,153.874286427,153.68461716866668,monomer,244.0891183662893,1.4442418807798298
18362117,,CCC1=CC=C(C=C1)OC(=O)C=C,,0,145.494003123,106.968837453,54.9332005794,102.4653470518,monomer,174.14897746047131,1.411098002635625
109997,,CCCCN(CCOC(=O)C=C)S(=O)(=O)C(C(C(C(C(C(C(F)(F)F)(F)F)(F)F)(F)F)(F)F)(F)F)(F)F,,0,159.288077418,184.013225794,194.302501096,179.20126810266666,monomer,416.4491525977189,1.2906623667924984
88984,,CCCCCCCCCCCCCCOC(=O)C=C,,0,117.856543025,158.300289808,160.690448005,145.61576027933333,monomer,306.65265495721013,1.3236375520182433
21896325,,CC(C)(C1CC2CCC1O2)OC(=O)C=C,,0,94.2286468781,110.415088045,97.5384542741,100.72739639906666,monomer,208.1530740894687,1.3304271363257167
3037072,,C=CC(=O)OC1C=CC2C1C3CCC2C3,,0,110.015207703,91.6922029647,120.005822145,107.2377442709,monomer,199.9579279127585,1.370328226440681
12547706,,C=CC(=O)OC(=C)C#N,,0,57.803830923,66.1191061361,52.9735241522,58.96548707043333,monomer,115.83442171867064,1.3494399163292372
16680,,CC(C)(COC(=O)C=C)COC(=O)C=C,,0,81.0361005141,98.4464437534,125.034804323,101.5057828635,monomer,210.9048294803336,1.3284570932394086
22051805,,C=CC(=O)OCC1CCC2C1C3CCC2C3,,0,132.039196341,93.3945773907,113.30522749,112.91300040723333,monomer,222.62393766363107,1.3480263382215516
129851655,,C=CC(=O)OOC(N)=O,,0,76.213638007,41.2016966664,23.2757443622,46.8970263452,monomer,111.48135140295716,1.2836200531662885
15321490,,CC1(CCCC1)OC(=O)C=C,,0,89.2452615335,82.4420091862,58.3317797448,76.6730168215,monomer,159.95538926311733,1.3269963501508388
87114693,,C=CC(=O)OC/C=C/C1=CC=C(C=C1)O,,0,140.683448577,119.768173916,96.7434400071,119.06502083336666,monomer,193.55994583906133,1.4325069913982709
163201125,,CC(=O)N[C@H]1CCC2=CC(=C(C(=C2C3=CC=C(C(=O)C=C13)SC)OC)OC(=O)C=C)OC,,0,394.469336053,264.210910124,207.634625496,288.77162389100005,monomer,405.9226085869956,1.512405048509877
45036092,,C[C@]12CCC3C([C@@H]1CC[C@@H]2C(=O)COC(=O)C=C)CCC4=CC(=O)CC[C@]34C,,0,180.323225724,242.277152767,209.06447754,210.55495201033327,monomer,381.3418490682008,1.3826082432587599
22999312,,C=CC(=O)OC1=CC=C(C2=CC=CC=C21)C=O,,0,108.954973549,205.83596399,103.538224087,139.44305387533333,monomer,205.61137015865668,1.484308751065319
640118,,C=CCCCOC(=O)C=C,,0,81.2509918871,39.507567456,87.2707747613,69.34311136813334,monomer,147.0175611941651,1.3212525520693204
108956,,C=CC(=O)OCC(CO)(COCC(COC(=O)C=C)(COC(=O)C=C)COC(=O)C=C)COC(=O)C=C,,0,256.168953162,222.449694098,225.784147973,234.80093174433333,monomer,482.739357837832,1.3322940215754349
14040031,,C=CC(=O)OCC(=C)CS(=O)(=O)C1=CC=CC=C1,,0,154.262689256,129.012709284,108.460694446,130.578697662,monomer,238.1523293651613,1.3796193769400413
75084,,CCCCCCCCCCCCOC(=O)C=C,,0,146.828109251,101.511292922,140.738560021,129.69265406466667,monomer,270.4833202887981,1.3271049651709381
58231729,,C=CC(=O)OC1=C(C=C(C=C1)C2=CSC3=CC=CC=C32)C4=CSC5=CC=CC=C54,,0,178.100502008,287.37381022,335.889869845,267.12139402433337,monomer,352.5101415938869,1.552659558506986
22457115,,CC(=O)OOC(=O)C=C,,0,82.8222979954,44.3638410022,28.6766307201,51.95425657256667,monomer,115.99674245240708,1.303596602304518
132276613,,C=CC(=O)OC1=CC2=C(C=C1)C=C(C(=O)O2)C#N,,0,98.2681650914,86.4814635506,263.884978716,149.54486911933333,monomer,203.48735740394176,1.5326630767546303
18325639,,CCCNCCOC(=O)C=C,,0,76.3451781726,80.8358970069,65.5221708443,74.23441534126667,monomer,165.76148865520184,1.3035557145593006
4582075,,CC1=C(C=CC(=C1)N=NC2=CC=C(C=C2)N=NC3=CC=CC=C3)OC(=O)C=C,,0,373.77136823,196.799658595,252.456056016,274.34236094700003,monomer,341.20733646545824,1.5940923662776019
23648078,,CCCCCCOC(=O)C1=CC=CC=C1OC(=O)C=C,,0,172.033058966,133.101295425,134.156622441,146.43032561066664,monomer,273.5729727477013,1.3695178099153515
3016576,,CCCCCCCCCCCCCCC(CCCCCCCCCCCC)OC(=O)C=C,,0,245.702247228,253.85691143,255.510943918,251.690034192,monomer,526.778384000288,1.3258353805626886
27282087,,C=CC(=O)OCCCCC1=C(C=C(C=C1)[N+](=O)[O-])[N+](=O)[O-],,0,98.5702154285,165.027377082,146.348178655,136.6485903885,monomer,258.7302983329138,1.36404957155824
21871645,,C=CC(=O)OC1=CC=CC(=C1)O,,0,136.592667606,67.638951932,46.2650630857,83.4988942079,monomer,148.717936409783,1.389878934252765
19706381,,C=CC(=O)OC1CCC(CC1)C2CCC(CC2)C3=C(C(=CC=C3)F)F,,0,181.694926623,177.802696941,180.461860217,179.98649459366666,monomer,330.9411617619917,1.3761767128989086
73893,,CN(CCCCOC(=O)C=C)S(=O)(=O)C(C(C(C(F)(F)F)(F)F)(F)F)(F)F,,0,121.840107672,140.275856638,161.732348968,141.28277109266665,monomer,317.8042723870319,1.3011355685477932
129692699,,CC(C)COC(=O)OC1=CC=C(C=C1)COC(=O)C=C,,0,61.9121882449,151.983156199,212.840038037,142.24512749363333,monomer,263.37462676195616,1.3732531355121227
23593431,,CC(CC(C(F)(F)F)(C(F)(F)F)O)OC(=O)C=C,,0,94.6832569004,56.9812626173,94.0106535857,81.8917243678,monomer,211.2606443728217,1.259707757267846
21932355,,CC(C(C(C(OC(=O)C=C)(F)F)(F)F)(F)F)(F)F,,0,60.7950680047,82.2515376733,73.908699215,72.31843496433333,monomer,195.69532577183867,1.2467634095684732
543187,,CCC(=O)OC(C)OC(=O)C=C,,0,92.5208200476,55.6418938827,76.7458769743,74.96953030153334,monomer,166.05903890674654,1.3062346142869774
21649872,,C=CC(=O)OCC1=CC=NC=C1,,0,90.1662699809,53.218611488,95.5686719376,79.65118446883334,monomer,154.07663427787088,1.3554713391193778
57428991,,C=CC(=O)OCCC(=O)Cl,,0,69.8263071915,41.2511675643,77.8385057327,62.97199349616667,monomer,137.53124278455553,1.3109845507083588
129786647,,C=CC(=O)OC1C=CS1,,0,80.6314716668,76.1988196001,32.4243987605,63.0848966758,monomer,122.45646270664434,1.3540991581819315
111992,,C=CC(=O)OC1CC2CCC1C2,,0,82.9125653834,82.5221281643,85.2211782562,83.55195726796667,monomer,166.28328244331962,1.3444385272426325
83410,,CCCCCCCCCCCCCCCCOC(=O)C=C,,0,174.906769393,164.397063003,144.55245566,161.28542935199997,monomer,343.8879299889498,1.3192669855644055
118107964,,C=CC(=O)OCCC1=CC=C(C=C1)OC2=CC=C(C=C2)OC3=CC=CC=C3,,0,135.001252475,267.688077327,250.668725274,217.78601835866667,monomer,335.95969353860085,1.4594707812504304
15012035,,CN1C(=O)C[C@H](C1=O)OC(=O)C=C,,0,89.6396782377,82.4317941266,71.5464038239,81.2059587294,monomer,162.68833160029507,1.3419244141628974
58231720,,C=CC(=O)OC1=C(C=C(C=C1C2=CC=CC3=C2SC4=CC=CC=C34)C5=CC=CC6=C5SC7=CC=CC=C67)C8=CC=CC9=C8SC1=CC=CC=C91,,0,485.725348947,481.330642186,503.326846389,490.12761250733337,monomer,589.1660105011019,1.6197061421396364
102466680,,C=CC(=O)OC[C@@H]1CCCN1CC2=CC=CC=C2,,0,128.074250399,139.726327353,123.146189416,130.315589056,monomer,243.370188174562,1.3696806001609605
17789732,,C=CC(=O)OCCOC1=CC=C(C=C1)C2(C3=CC=CC=C3C4=CC=CC=C42)C5=CC=C(C=C5)OCCOC(=O)C=C,,0,324.758364069,336.803109631,342.620452873,334.7273088576666,monomer,502.8106272067538,1.4739034973305976
19761571,,C=CC(=O)OCCOCC#C,,0,63.305345623,76.4960258766,62.880575788,67.56064909586667,monomer,152.1672251587224,1.300715647623951
129681856,,C=CC(=O)OC1=C(C=CC(=C1)N)C(=N)N,,0,150.596061986,111.969018988,63.2753407824,108.6134739188,monomer,190.25269216396757,1.397278233363214
5066485,,CCN(CCOC(=O)C=C)C1=CC=C(C=C1)N=NC2=CC=C(C=C2)[N+](=O)[O-],,0,195.926491784,288.423891516,193.937424413,226.0959359043333,monomer,338.71933055665073,1.4753914889339614
165429930,,C=CC(=O)OCCOCCCCC(=O)OC1C(=O)CCC1=O,,0,141.86080877,128.718430682,137.93522621,136.171488554,monomer,290.69109054675226,1.318845333150178
20226510,,CCC1(CCCCC1)OC(=O)C=C,,0,99.7818184501,73.1476820781,108.901702161,93.94373422973337,monomer,195.1437564413808,1.3285476859900747
23505087,,C=CC(=O)OCCCCOC=C,,0,81.042686546,79.075651427,83.9809025172,81.36641349673333,monomer,173.6222310072745,1.3189945056756291
103492,,CCCC(C)OC(=O)C=C,,0,56.2352592047,74.9902701888,82.6113279508,71.27895244809999,monomer,153.7374031409359,1.3152697431444769
132279467,,CC1(CCCCC(C1(C)OC(=O)C=C)C2CCCCCC2)C,,0,167.234615744,157.00744133,174.239370008,166.16047569399998,monomer,333.8750700609979,1.3408056502193155
15621063,,C=CC(=O)OCC1=CC=C(C=C1)CC2=CC=CC=C2,,0,132.070483603,153.866352433,144.536212305,143.4910161136667,monomer,246.1457237318836,1.4067954696260412
129831059,,C=CC(=O)OC1([C@@H]([C@H]([C@@H]([C@H](O1)CO)O)O)O)O,,0,107.750263196,86.1096084143,82.7292959366,92.1963891823,monomer,212.6760193671746,1.2930069148798582
21798085,,C=CC(=O)OCC=O,,0,43.5524452581,57.4902789629,41.4276834588,47.49013589326666,monomer,105.62159349552924,1.3048756154021073
87701904,,CCCCC/C=C\C/C=C\CCCCCCCCOC(=O)C=C,,0,181.09153567,160.18807766,204.012954409,181.76418924633333,monomer,361.9085266801536,1.3442643389127091
2737317,,C=CC(=O)OCCF,,0,60.5637335994,26.1139273565,52.6173599739,46.43167364326666,monomer,108.33328915152046,1.2894122512533404
168437649,,C=CC(=O)OCCCCCCCCCCCCCCCCCCBr,,0,200.901147215,201.762643586,186.940790886,196.53486056233336,monomer,395.4016632092336,1.3403354704383033
86759871,,CC1=CC=C(C=C1)S(=O)(=O)OCCOC(=O)C=C,,0,146.578815054,97.9267755611,137.058399111,127.18799657536664,monomer,234.5200153749633,1.3749918962214274
81466,,C=CC(=O)OCCOC,,0,69.5011456042,38.8053265856,64.1102452681,57.472239152633335,monomer,127.9523721871852,1.3045384232786597
100982165,,CCN(CCOC(=O)C=C)C1=CC=C(C=C1)C=O,,0,170.771177136,49.1545218081,212.250170957,144.05862330036666,monomer,242.10950861242893,1.4163783892141486
54156327,,CC(=O)NOC(=O)C=C,,0,59.9228091103,55.0400177374,47.7994259567,54.25408426813333,monomer,118.48023761064572,1.311016195253523
16206027,,C=CC(=O)OCCC(C(C(C(C(C(C(C(C(C(C(C(C(C(C(C(F)(F)F)(C(F)(F)F)F)(F)F)(F)F)(F)F)(F)F)(F)F)(F)F)(F)F)(F)F)(F)F)(F)F)(F)F)(F)F)(F)F)(F)F,,0,173.660909657,244.84773088,198.199043648,205.56922806166668,monomer,569.0161023842567,1.2408751442599557
13908061,,C=CC(=O)OCCOCCOCCO,,0,109.778669074,60.5046411004,93.1924252254,87.82524513326666,monomer,197.6325255437375,1.301008400695738
67891023,,CC(C)(C1CCCC1)OC(=O)C=C,,0,99.3695049971,106.586563756,72.5807399912,92.84560291476669,monomer,195.05288960932245,1.3244955852535878
543931,,C=CC(=O)OCCCC=C1CC1,,0,80.6433115752,81.4760138731,104.739092827,88.95280609176666,monomer,173.92627598332658,1.3512600361178864
86729957,,C=CC(=O)OCCCCCCCCCCCC,,0,160.563246595,94.2761002255,137.080424421,130.63992374716668,monomer,271.46614584873754,1.3284204815188734
3016441,,CCOCCOCCOCCOC(=O)C=C,,0,102.573054662,102.810397984,103.252567571,102.87867340566667,monomer,231.6572589362009,1.3007961073231764
170899745,,C=CC(=O)OCCCCCCCCCCCCCCCCCBr,,0,159.795427122,187.85051257,203.224492188,183.62347729333337,monomer,377.4356754868115,1.3323767489290979
16627,,C=CC(=O)OCCCl,,0,29.4555836593,67.1530886682,60.74235936,52.450343895833335,monomer,118.47707379193716,1.2997687610121902
53873894,,CCCCCCCCCC=COC(=O)C=C,,0,96.1498368175,119.117793613,156.303516117,123.85704884916667,monomer,249.45763497403712,1.3399226132583102
13165,,C=CC(=O)OCCO,,0,45.1050719569,57.5696703607,41.4297544305,48.034832249366666,monomer,112.30387344760052,1.2887695929922522
18679053,,CC(C(C(C(C(C(C(C(C(OC(=O)C=C)(F)F)(F)F)(F)F)(F)F)(F)F)(F)F)(F)F)(F)F)F,,0,130.70966208,104.718367314,120.658126135,118.69538517633332,monomer,327.0067831982373,1.2420859653498115
129851430,,CC(C1=C(C2=C(C=C1)C3=CC=CC=C3C2)OC(=O)C=C)O,,0,245.859729914,86.9057115474,183.977808129,172.24774986346668,monomer,261.3235783316535,1.4684499130062418
67551,,C=CC(=O)OCC(C(C(C(C(C(C(F)(F)F)(F)F)(F)F)(F)F)(F)F)(F)F)(F)F,,0,87.1560951763,111.794561543,112.93110224,103.96058631976666,monomer,282.65954949471325,1.2455151662032027
4184941,,COCCCOCCCOCCCOC(=O)C=C,,0,126.02313478,99.6324625345,141.278673279,122.31142353116668,monomer,265.8502953447487,1.312619558082963
53735402,,C=CC(=O)ON=C=O,,0,63.0818278654,27.5535702784,47.2076454144,45.94768118606667,monomer,96.81211558456444,1.3234512861795982
170995230,,C=CC(=O)OCC1=CC=C(C=C1)[C-]2C=CC=C2,,0,74.1450889751,135.317757546,259.034744224,156.1658635817,monomer,215.7434263453655,1.5230961033434136
543579,,CCCCCCCCCCCCCCCOC(=O)C=C,,0,167.872554387,126.724361625,163.993054348,152.86332345333332,monomer,322.8781642412451,1.3225784481015637
104367,,C=CC(=O)OCCC(C(C(C(C(C(C(C(C(C(F)(F)F)(C(F)(F)F)F)(F)F)(F)F)(F)F)(F)F)(F)F)(F)F)(F)F)(F)F,,0,154.954744602,146.882281365,137.621613257,146.4862130746667,monomer,408.5567160512623,1.2389400103323913
129677102,,C=CC(=O)OC[C-]1C=CC=C1,,0,103.907554979,72.9314826158,98.5972064605,91.81208135176666,monomer,143.75063608641167,1.4516327072316253
129721343,,C=CC(=O)OC1=CC(=CC2=C1N(C3=CC=CC=C32)CCO)Br,,0,196.327617684,116.056406861,252.166492656,188.1835057336667,monomer,276.2136513629722,1.4869147861064165
22718872,,CCCCC/C=C/C/C=C/CCCCCCCCOC(=O)C=C,,0,206.871097674,176.344179283,174.15869826,185.7913250723333,monomer,363.0439013982215,1.3515040760301344
175021,,CN(CCOC(=O)C=C)S(=O)(=O)CCC(C(C(C(C(C(C(C(C(C(C(C(F)(F)F)(F)F)(F)F)(F)F)(F)F)(F)F)(F)F)(F)F)(F)F)(F)F)(F)F)(F)F,,0,205.260437182,233.760809184,206.843694762,215.28831370933327,monomer,536.184743416676,1.269714610267087
165429929,,C=CC(=O)OCCOCCNC(=O)CCN1C(=O)C=CC1=O,,0,140.907388997,107.705055833,160.279447577,136.297297469,monomer,281.65000491780194,1.3304377732188521
543295,,CCCCCCCCCCCCC(C)OC(=O)C=C,,0,145.049523071,135.920576302,155.309162116,145.42642049633335,monomer,305.63637107212577,1.3243555825489541
59609085,,C=CC(=O)OCC(C1=CC=CC=C1)(C(=O)C2=CC=CC=C2)O,,0,186.46494311,145.368008061,158.53850216,163.45715111033334,monomer,274.08874803837153,1.4174560745417943
10241458,,C=CC(=O)OC1=CC(=CC=C1)Cl,,0,143.125826557,40.4850116934,85.3544639911,89.65510074716667,monomer,156.62706092643492,1.3984747322205506
11289038,,C=CC(=O)OCCCCCCI,,0,75.9279283593,104.780727475,99.963016874,93.5572242361,monomer,199.0951811270382,1.3199432508506697
54148783,,C=CC(=O)OC(=O)OC(=O)C=C,,0,96.1082044276,4.03244579893,100.062299968,66.73431673150999,monomer,146.09084878836532,1.3101878155525177
129847753,,CC1=NN(C=C1OC(=O)C=C)C,,0,75.7287196543,68.6156066199,102.974554427,82.4396269004,monomer,155.34064840952635,1.3660121345160667
23635603,,CCCCCCCCC1=CC=C(C=C1)OC(=O)C=C,,0,146.407881186,137.935379724,170.655410185,151.66622369833334,monomer,276.0511689705837,1.3804854033916607
21871639,,C=CC(=O)OCCC1=CC=C(C=C1)O,,0,116.327860606,47.1857090819,126.660892984,96.72482089063334,monomer,183.66142622188065,1.362894521825183
6538148,,C/C=C/COC(=O)C=C,,0,36.9327147736,85.1869151155,71.027040053,64.38222331403334,monomer,130.69830562224865,1.3369733467095333
93279,,CNC(=O)OCCOC(=O)C=C,,0,79.8722590232,87.8709428539,44.4335479277,70.72558326826667,monomer,162.6956878028749,1.2938907752389601
129761964,,C=CC(=O)OC1CC2CC1CC2C(=O)O,,0,108.217787172,62.1427535913,110.696070605,93.68553712276668,monomer,195.03371936275371,1.327758066575309
154731038,,C[C@]12CC[C@@H](C([C@@H]1CC[C@@]3([C@@H]2CC=C4[C@]3(CC[C@@]5([C@H]4CC(CC5)(C)C)C(=O)O)C)C)(C)C)OC(=O)C=C,,0,335.359941788,245.019887332,266.138558764,282.1727959613333,monomer,524.8994941032356,1.3713115480091922
21036103,,C=CC(=O)OCCCCOC1=CC=C(C=C1)C2=CC=C(C=C2)C#N,,0,165.648110081,288.332151277,166.065359532,206.68187363,monomer,309.1226089242806,1.4763115918833403
77343,,C=CC(=O)OC1=C(C=C(C=C1Br)Br)Br,,0,187.361892141,89.4189026676,82.1697804003,119.6501917363,monomer,199.852440937534,1.4193135061818245
11816169,,CC(C1=CC=CC=C1)OC(=O)C=C,,0,69.471670225,93.3459616738,120.767956215,94.52852937126666,monomer,175.06964215685252,1.373145985898889
12860622,,C[C@@H]1CC[C@H]([C@@H](C1)OC(=O)C=C)C(C)(C)C2=CC=C(C=C2)OC,,0,158.115354724,206.118781863,156.655657181,173.629931256,monomer,323.82843547822773,1.3702334550215305
75096,,C=CC(=O)OC(C(F)(F)F)C(F)(F)F,,0,72.3511593605,46.265568223,45.9219768711,54.8462348182,monomer,151.3904736300815,1.2415940945779915
129883324,,COC1=CC=C(C=C1)C=NC2=CC=C(C=C2)COC(=O)C=C,,0,158.56730975,184.431880436,189.084028891,177.36107302566666,monomer,279.6638486151405,1.4479619606910121
154704334,,C=CC(=O)OCCCC(C(F)(F)F)(C(F)(F)F)C(F)(F)F,,0,98.1275717729,69.4503933854,97.9580778157,88.51201432466667,monomer,234.84380492056937,1.2520121477780426
102181891,,C=CC(=O)OCCCCCCCCCCCOC1=CC=C(C=C1)C2=NOC(C2)C3=CC=C(C=C3)Br,,0,228.525967497,413.490244617,248.848144138,296.9547854173333,monomer,484.68424871195737,1.4305282637693426
13835,,C=CCOC(=O)C=C,,0,60.7525479233,73.0195361626,29.7573034714,54.50979585243334,monomer,113.1461088228106,1.3288155354178304
23070318,,C=CC(=O)OC1=CC=C(C=C1)I,,0,185.34742279,44.3565536466,67.7444148622,99.14946376626666,monomer,170.24776043178113,1.4063457351253925
3016577,,CCCCCCCCCCCCCCCCCCCC(CCCCCCCCCCCCCCCC)OC(=O)C=C,,0,334.124066487,332.971333098,322.247573601,329.780991062,monomer,683.6019541631895,1.3293051219994647
4418430,,C=CC(=O)OCCOCCOC1=CC=CC=C1,,0,94.6510726697,105.428152573,152.526848219,117.53535782056667,monomer,227.4275516575714,1.3553531068617168
23176933,,C=CC(=O)OCC1C(C(C(C(C1(F)F)(F)F)(F)F)(F)F)(F)F,,0,96.9412830445,90.7899666466,82.654118247,90.12845597936666,monomer,229.42569057511145,1.2634554179839703
3023346,,C=CC(=O)OCCCCCOC(=O)CCBr,,0,122.243595121,111.526826231,111.609037737,115.12648636299998,monomer,236.52845830777272,1.3325509481645696
86713021,,C=CC(=O)OCCSSCCO,,0,109.400406488,50.9119980237,103.970407926,88.09427081256666,monomer,183.70658123359743,1.3271447587612348
93013,,C[C@]12CC[C@H](C1(C)C)CC2OC(=O)C=C,,0,89.8080321082,112.37298676,122.127862545,108.10296047106664,monomer,216.72878054688672,1.3416542879858568
16204988,,C=CC(=O)OCC(CC(C(C(C(C(C(C(C(C(C(C(C(C(C(F)(F)F)(C(F)(F)F)F)(F)F)(F)F)(F)F)(F)F)(F)F)(F)F)(F)F)(F)F)(F)F)(F)F)(F)F)(F)F)O,,0,193.600101317,239.093575235,165.134979254,199.276218602,monomer,543.375718057618,1.2447624700085014
53685801,,CCC=COC(=O)C=C,,0,55.3857590918,81.1571100444,64.6149400533,67.05260306316667,monomer,129.67371898962665,1.3555697992508091
19806870,,CC(CF)(C(OC(=O)C=C)(F)F)C(F)(F)F,,0,74.1950980419,59.7642666782,76.6671173494,70.2088273565,monomer,184.97544949335716,1.253915576014973
15621059,,C=CC(=O)OCC1=CC=C(C=C1)C2=CC=CC=C2,,0,56.1565372699,169.812745341,216.151411772,147.3735647943,monomer,230.6912554940764,1.4517510261112054
23067278,,C=CC(=O)OC1CCO1,,0,65.9804751386,60.9867070051,38.0737698317,55.013650658466666,monomer,119.25889012746217,1.3135258563792787
170992275,,CC(C)(C(=O)OC1CCOC1=O)OC(=O)C=C,,0,113.063561797,80.8821257679,111.956156142,101.96728123563334,monomer,218.43351931528625,1.317630818271415
86748998,,C=CC(=O)OCCOC(=O)CC(C)=O,,0,65.3295908888,82.7736514596,108.622231754,85.57515803413332,monomer,186.69763626435872,1.31134686228598
293395,,CC1=CC(=C(C=C1)C(C)C)OC(=O)C=C,,0,138.589610917,131.280590271,91.1176120666,120.32927108486668,monomer,207.67723504253695,1.403990502058395
70117982,,C=CC(=O)OCC(C1=CC=CC=C1)SC2=CC=CC=C2,,0,194.133145579,170.056348872,118.080366142,160.75662019766665,monomer,263.6135103120631,1.4282294076079363
129651013,,C=CC(=O)OC1=CC=CC=C1C2=NC(=C(O2)C3=CC=CC=C3)CO,,0,341.508927873,183.278631528,92.433555914,205.74037177166664,monomer,288.4421397221402,1.5140181100199872
102199009,,C=CC(=O)OC1=CC=C(C=C1)C(=C(C2=CC=CC=C2)C3=CC=CC=C3)C4=CC=CC=C4,,0,237.241640204,252.391451191,395.680348574,295.1044799896667,monomer,382.96834948484286,1.563992974888203
12705069,,CC(C)(C)OOC(=O)C=C,,0,70.7029845103,75.6681308997,56.4119024405,67.5943392835,monomer,146.76030099812635,1.3129911247544535
86753072,,C=CC(=O)OCCCCOC1=CC=C(C=C1)C2(CC=CC(=C2F)C3=CC=C(C=C3)CCCCO)F,,0,335.993930489,262.504153313,236.504851999,278.3343119336667,monomer,457.13117304927925,1.4274679717772865
108597,,CC(C)(C1=CC=CC=C1)C2=CC=C(C=C2)OC(=O)C=C,,0,168.128588389,86.6845662197,230.766339334,161.85983131423333,monomer,262.84906590039463,1.4330372326959637
69782405,,C=CC(=O)OC1=CC=CC=C1C(=O)C(C2=CC=CC=C2)O,,0,155.127819548,141.529058592,167.641362936,154.76608035866667,monomer,256.26615367070434,1.4235008666790403
23290045,,C=CC(=O)OCC(COC1=CC=CC=C1C2=CC=CC=C2)O,,0,161.471874127,142.686220794,189.150223133,164.436106018,monomer,281.5287476693408,1.4076914754889702
86753073,,C=CC(=O)OCCCCOC1=CC=C(C=C1)C2(CC=CC(=C2F)C3=CC=C(C=C3)CCCCOS(=O)(=O)C(F)(F)F)F,,0,273.618672653,404.653872051,217.578557457,298.61703405366666,monomer,520.449496416949,1.3995426778005573
85065,,C=CC(=O)OCCCS(=O)(=O)O,,0,68.7029179672,66.6705522309,88.1376766586,74.5037156189,monomer,164.29095421071136,1.3077321185716198
57077168,,C=CC(=O)OCCSC1=CC=CC2=CC=CC=C21,,0,202.631840052,81.4135204868,155.483941429,146.50976732259997,monomer,235.8615196010739,1.4373824968748914
56776444,,C=CC(=O)OCC(C(F)(F)F)(OC(C(C(F)(F)F)(OC(C(C(F)(F)F)(F)F)(F)F)F)(F)F)F,,0,107.091017016,102.287970287,132.728482345,114.035823216,monomer,328.07784136656863,1.2311829008466835
2777443,,C=CC(=O)OCC1=CC(=CC=C1)C(F)(F)F,,0,73.8991281895,116.298527284,92.9376959245,94.378450466,monomer,191.21522497865024,1.3377056951361515
24627,,C=CC(=O)OCCOCCC#N,,0,63.586170194,50.3031707705,104.155902294,72.68174775283335,monomer,164.32804672958883,1.2994682749179798
101375909,,CC1=CC(=C(C=C1)C(=O)C2=CC=C(C=C2)N(C)C)OC(=O)C=C,,0,150.619406293,180.468720653,260.608344971,197.23215730566668,monomer,293.51958518538635,1.4791009289367765
67829,,C=CC(=O)OCC(C(C(C(F)F)(F)F)(F)F)(F)F,,0,89.176620991,63.9403008538,70.9947362664,74.70388603706667,monomer,196.85756374608133,1.2538614334750742
129742744,,CCCCOC1CC2CC1CC2OC(=O)C=C,,0,130.065911547,97.9766847312,133.997898749,120.68016500906668,monomer,242.96331947012385,1.3400707200348696
44607784,,C=CC(=O)OCC1C2=CC=CC=C2C3=CC=CC=C13,,0,127.428269257,137.841877878,185.574339695,150.28149561,monomer,235.566329406604,1.4510347380056492
20594786,,CCCCCC1=CC=C(C=C1)C#CC2=CC=C(C=C2)OC(=O)C=C,,0,240.545919557,332.782294622,160.385874567,244.5713629153333,monomer,319.76526730804653,1.5589126678057028
543695,,C=CC(=O)OC1=CC(=C(C=C1Cl)Cl)Cl,,0,189.425818885,72.3464840234,71.7286991859,111.16700069809998,monomer,187.14926107136347,1.41557154285828
57648627,,C=CC(=O)OC(OC(=O)C=C)(OC(=O)C=C)OC(=O)C=C,,0,113.817278207,127.644281286,130.164058443,123.87520597866666,monomer,256.91649112293845,1.3291133910290651
13878525,,C=CC(=O)OCCC(C(C(C(C(C(C(C(C(F)(F)F)(F)F)(F)F)(F)F)(F)F)(F)F)(F)F)(F)F)(F)F,,0,123.024039698,147.910068869,118.939584952,129.95789783966669,monomer,354.8074606948492,1.2444348411755324
129862051,,C=CC(=O)OC(=O)C1=CC=CC=N1,,0,94.0037266932,33.7859545968,125.651005447,84.48022891233335,monomer,157.415860654746,1.3706120009551201
20536718,,CC(CCOC(=O)C=C)OCCC#N,,0,95.4069595673,99.6465245091,76.4548561628,90.50278007973334,monomer,198.66487734925408,1.3092646428991985
129760090,,COC1=CC2=C(C=C1)N=C(C=C2[C@H]([C@@H]3CC4CCN3C[C@@H]4C=C)O)OC(=O)C=C,,0,340.350430435,100.22507229,241.45965979,227.34505417166667,monomer,367.7939801493262,1.4349272358656338
20212931,,C=CC(=O)OCCCCCCOP(=O)(O)O,,0,100.338102196,89.8226332682,112.130582913,100.7637727924,monomer,228.1265239672311,1.2990297775647976
3517032,,C=CC(=O)OCC1CCCN2C1CCCC2,,0,125.936984617,85.0789073342,129.961292796,113.6590615824,monomer,229.52278789498496,1.33893367887459
119935,,CCCCCCCCCCCCCCCCCOC(=O)C=C,,0,199.288530443,165.227487996,145.646902763,170.05430706733335,monomer,355.39071672684605,1.3263662951693571
48619,,C[C@]12CCC(=O)C[C@H]1CC[C@@H]3[C@@H]2CC[C@]4([C@@H]3CC[C@@H]4OC(=O)C=C)C,,0,202.167874234,154.426753816,194.996500979,183.8637096763333,monomer,347.7813065943942,1.364453575332558
13878527,,C=CC(=O)OCCC(C(C(C(C(C(C(C(C(C(C(C(C(F)(F)F)(F)F)(F)F)(F)F)(F)F)(F)F)(F)F)(F)F)(F)F)(F)F)(F)F)(F)F)(F)F,,0,132.900319242,191.948298257,179.925435781,168.25801776,monomer,464.4329199256532,1.2415967630905622
18353926,,C=CC(=O)OCC1COC(=O)O1,,0,80.6872158379,47.5035789996,72.9651795856,67.05199147436666,monomer,147.09006813212596,1.3094882699009576
141326481,,CCCCCC1=CC=C(C=C1)OCCCCCCCCOC(=O)C=C,,0,185.491530168,199.82278851,196.186521201,193.833613293,monomer,370.08887981010577,1.3606698835348905
58805559,,CCCC(=O)CCOC(=O)C=C,,0,68.9547003634,93.7847894105,73.7177146924,78.81906815543333,monomer,173.1267792503798,1.3090518590234386
11031110,,C[C@@H]1CC[C@H]([C@@H](C1)OC(=O)C=C)C(C)C,,0,109.961428138,97.1988157881,129.63147619,112.26390670536668,monomer,226.63203662847997,1.3390548631939345
58048850,,C=CC(=O)OC(COC1=CC2=CC=CC=C2C=C1)COC3=CC4=CC=CC=C4C=C3,,0,265.434688584,157.589506289,318.50403848,247.1760777843334,monomer,366.6990817498365,1.4808547192900259
155717,,CN(CCOC(=O)C=C)S(=O)(=O)CCC(C(C(C(C(C(C(C(C(C(F)(F)F)(F)F)(F)F)(F)F)(F)F)(F)F)(F)F)(F)F)(F)F)(F)F,,0,204.155431566,214.334088734,177.153543541,198.547687947,monomer,478.8845305985439,1.2792021417393062
54320061,,C=CC(=O)OCCOC1=CC=CC=C1OC(=O)C=C,,0,181.815741505,111.281401653,102.092333023,131.72982539366666,monomer,241.4344275369764,1.3775342788095477
98887,,CC(C)(C)COC(=O)C=C,,0,71.0580441208,53.2909849423,85.8012167874,70.05008195016667,monomer,153.88285679774313,1.3090140736207263
129864505,,C=CC(=O)OCC/C=C/CCCCCCCCCCC,,0,164.842506168,144.246815622,167.057316501,158.715546097,monomer,317.2682245021584,1.3427623578693215
129721791,,C=CC(=O)OC1=CC(=CC2=C1N(C3=C2C=C(C=C3)Br)CCO)Br,,0,240.777999267,46.4780166155,342.96691073,210.0743088708333,monomer,296.4156900000153,1.5101151594136013
68648721,,CC(C)C(OCC12CC3CC(C1)CC(C3)C2)OC(=O)C=C,,0,162.384610579,161.896940415,128.257333917,150.84629497033333,monomer,299.880906908335,1.344858146383408
9942853,,CC(COC(C)COC(=O)C=C)OC(=O)C=C,,0,172.516922913,92.6287787428,80.143640222,115.0964472926,monomer,237.13346177791917,1.3315213849284846
58800711,,C=CC(=O)OCC1=CC=C(C=C1)N(C2=CC=CC=C2)C3=CC=CC=C3,,0,171.051117904,215.152947062,272.701396358,219.6351537746667,monomer,310.8378577327801,1.5083030961930677
3023748,,CCCCCCCCCCCCCCCCCCCCCCCCCCOC(=O)C=C,,0,253.091517081,199.424968926,298.620920729,250.37913557866668,monomer,506.5823051491474,1.3382191457346988
121455448,,C=CC(=O)OCCCCCCOC1(CC=C(C=C1)C2=CC=CC=C2)C#N,,0,223.22363986,164.36102808,210.757283295,199.44731707833333,monomer,347.8126271865005,1.3992793457560284
56835610,,CC(=O)NCCCCCOC(=O)C=C,,0,107.749694048,86.5458773103,91.7930528321,95.36287473013331,monomer,201.0642913110514,1.3232147057888588
122231558,,CC1(COC(OC1)OCCOC(=O)C=C)C,,0,107.758743005,71.8382360994,125.292139202,101.62970610213334,monomer,221.484136544274,1.3117146162691735
104027,,CC(C)CCCCCCOC(=O)C=C,,0,112.277327096,101.712163778,100.316773483,104.76875478566669,monomer,222.72886164335335,1.3202977659307615
129892792,,C=CC(=O)OC1=CC=CC(=C1OC(=O)C=C)N=NC2=CC=CC=C2,,0,197.120258185,171.903379691,167.127117397,178.71691842433333,monomer,288.4350859595023,1.4361209746932058
87274,,C=CC(=O)OCCC(C(C(C(C(C(C(C(C(C(F)(F)F)(F)F)(F)F)(F)F)(F)F)(F)F)(F)F)(F)F)(F)F)(F)F,,0,136.201158318,123.978956943,163.79816978,141.32609501366667,monomer,381.8078054844858,1.247193874666938
129851994,,CC1(CC=C(C=C1)/C=C/COC(=O)C=C)O,,0,143.018685812,130.468309318,104.821310857,126.10276866233332,monomer,217.36472483028547,1.4045741402924863
86720806,,C=CC(=O)OCC1=C(C=CC(=C1)[N+](=O)[O-])C2=C(C=C(C=C2)[N+](=O)[O-])COC(=O)C=C,,0,287.233547115,149.372119939,190.688289434,209.097985496,monomer,353.0909546626142,1.414131256391417
14047273,,CC(O)OC(=O)C=C,,0,58.5200256127,51.1113643538,33.0607406578,47.56404354143333,monomer,109.3980264213212,1.293941313425998
90188966,,CCN(CCCCCCOC(=O)C=C)C1=CC=C(C=C1)N=NC2=C(C=C(C=C2)[N+](=O)[O-])C#N,,0,316.221560173,256.633385724,274.782427616,282.545791171,monomer,425.50994223380496,1.472495359958243
11253685,,CC(C)(C12CC3CC(C1)CC(C3)C2)OC(=O)C=C,,0,141.158216634,137.696027304,113.871405076,130.90854967133336,monomer,253.45424456078337,1.3551194848446386
22709343,,CCCCCCCCCCCCC(CCCCCCCCCC)COC(=O)C=C,,0,214.13533195,235.216305297,242.245639951,230.53242573266667,monomer,474.015874615351,1.332253595448166
18979476,,C=CC(=O)OCCCCCCOC1=CC=C(C=C1)C2=CC=C(C=C2)C3CCC(CC3)CCC(=O)O,,0,244.419868744,429.604106228,185.089610608,286.37119519333334,monomer,478.85491431616686,1.4187869338823278
87837975,,CC(C)(OC(=O)C=C)F,,0,72.8054466333,54.3767416272,34.0626962122,53.74829482423333,monomer,124.8886407200012,1.2907078417319375
44607774,,CCOC(COC(=O)C=C)C#N,,0,51.8345201094,71.9107954325,100.15592033,74.63374529063333,monomer,164.84511327306635,1.3071874503784178
18979455,,C=CC(=O)OCCCCCCOC1=CC=C(C=C1)C2=CC=C(C=C2)C3CCC(CC3)CCC=O,,0,374.031965913,206.289161311,262.188898348,280.8366751906667,monomer,472.8017992809105,1.4155573022512695
91179,,C=CC(=O)OCC(CC(C(C(C(C(C(C(C(F)(F)F)(C(F)(F)F)F)(F)F)(F)F)(F)F)(F)F)(F)F)(F)F)O,,0,161.753968976,122.077812304,132.707384334,138.846388538,monomer,381.658055697414,1.2426708035391936
29728,,C=CC(=O)OCC(CBr)Br,,0,88.1720482417,52.2445574431,81.0601895568,73.82559841386667,monomer,159.90588268517547,1.3138124517061724
7819,,CC(C)COC(=O)C=C,,0,79.3183159997,40.0463241691,67.2428627556,62.20250097480001,monomer,136.91348354163253,1.3083493228427676
4139468,,C=CC(=O)OC1=CC=CC(=C1)N2CC3=CC=CC=C3C2=O,,0,204.080500778,110.161028623,192.359067261,168.866865554,monomer,250.9633890135468,1.4798675093015383
129762343,,C=CC(=O)OC12CCC(C1)CC2CC#N,,0,100.303932866,115.528252714,86.0652671711,100.63248425036666,monomer,201.44732502951663,1.3422250165451837
139025639,,C[N@+]1(CCC2=CC(=C(C=C2[C@H]1CC3=CC(=C(C=C3)OC)OC)OC)OC)CCC(=O)OCCCCCOC(=O)C=C,,0,370.653910815,348.516672247,292.31230919,337.160964084,monomer,549.6232662052871,1.431143026861002
137530330,,CC(C)(C)N(CC1=C(C(=CC(=C1)C=O)OC)OC(=O)C=C)C(C)(C)C,,0,207.503608419,205.164874825,166.042977215,192.903820153,monomer,350.4190799295884,1.381326118046585
21918123,,CCCCCCCCCC1=CC=C(C=C1)OC(=O)C=C,,0,146.898410028,111.687315496,230.290902622,162.95887604866667,monomer,291.9671987236096,1.3872858682770548
22728778,,C=CC(=O)OCCN1C(=O)CCC1=O,,0,74.2477628085,71.0848094224,111.813889211,85.7154871473,monomer,178.15490146447848,1.3283383916207874
162724249,,CC(C)(CCC1=CC=CC=C1)OC(=O)C=C,,0,133.500702853,138.802634836,89.9543597936,120.75256582753336,monomer,225.5183971078918,1.3696667086218173
13847852,,CC(C)CCCCCCCCCCCCCCCCCOC(=O)C=C,,0,227.627699544,193.365594225,168.133837351,196.37571037333336,monomer,406.4624067926375,1.3298437227704023
114868,,C=CC(=O)OC1=C(C=C(C2=C1N=CC=C2)Cl)Br,,0,85.1857852263,188.279038945,157.510729075,143.65851774876668,monomer,213.55477603938988,1.479722743870833
129714429,,CCCCC(OC(=O)C=C)F,,0,89.9278459753,47.4315797404,75.9902607411,71.11656215226667,monomer,158.3538304025036,1.3044867673812086
54436609,,C=CC(=O)OCCCF,,0,44.3845852179,57.4123679615,60.6455086422,54.147487273866666,monomer,125.65164501932918,1.2911207223031445
4616638,,CCCCC(CC)COCCOCCOC(=O)C=C,,0,138.37256693,144.669467765,118.312164859,133.78473318466666,monomer,291.9771367816992,1.3112284612932241
169613,,C=CC(=O)OC1=CC=CC2=C1N=CC=C2,,0,150.626124535,55.752070242,142.664671382,116.347622053,monomer,180.09239227217756,1.4576579507814589
23290047,,C=CC(=O)OCCOC1=CC=CC=C1C2=CC=CC=C2,,0,131.273004528,111.593905126,232.202029118,158.356312924,monomer,253.5100718499901,1.4402063077269411
11170937,,CC(=C)OC(=O)C=C,,0,23.6671969629,61.5230270009,86.681436773,57.29055357893333,monomer,114.9770748740988,1.3412638827388859
14832789,,C=CC(=O)O[C@H]1C[C@@H]2CC[C@H]1C2,,0,89.2615983347,75.253365957,89.6150701108,84.7100114675,monomer,165.32174095990382,1.3519880754496247
129774010,,C=CC(=O)OC(CCCCCCCCCCCCCCCCCC)C(O)(O)OC(=O)C=C,,0,217.275431915,249.784878012,217.366731901,228.142347276,monomer,485.5818096900088,1.3198842353271365
58895405,,CCCCCC1CCC(CC1)C2=CC=C(C=C2)OC(=O)C=C,,0,208.55532025,134.175599017,199.222722705,180.65121399066663,monomer,317.3167842554735,1.3960346652949789
113159,,CCCCNC(=O)OCCOC(=O)C=C,,0,97.7233076171,90.500871502,100.655157792,96.2931123037,monomer,213.49907541835088,1.3059094784701648
2776220,,C=CC(=O)OCCC(C(C(C(C(C(F)(F)F)(C(F)(F)F)F)(F)F)(F)F)(F)F)(F)F,,0,135.65676409,80.5050148955,116.679651565,110.94714351683336,monomer,301.66496279087403,1.245506839068269
129774974,,C=CC(=O)OC(OC(=O)C=C)(OC(=O)C=C)F,,0,107.68230864,74.4903959384,102.091396531,94.7547003698,monomer,205.4330905696285,1.3134869068432606
102232917,,CC1(COC2=CSC=C2OC1)COC(=O)C=C,,0,109.983942154,125.612182038,133.054962236,122.883695476,monomer,222.7766056456293,1.3821865686037544
2775925,,C=CC(=O)OCC1=C(C(=C(C(=C1F)F)F)F)F,,0,140.332648944,44.8037537604,91.8753733811,92.33725869516668,monomer,184.2096323246714,1.3435241797970219
22065604,,COCCCOC(=O)C=C,,0,80.8670883922,62.5455494075,50.6847219967,64.69911993213334,monomer,144.8182528211142,1.3027598729698862
17050,,CCN(CC)CCOC(=O)C=C,,0,78.7866701615,88.623687755,81.0572484308,82.8225354491,monomer,184.26047366432903,1.3047728212046223
346146,,COC1=CC=C(C=C1)COC(=O)C=C,,0,130.734229748,106.718488378,61.0626204128,99.50511284626668,monomer,183.5077285717708,1.3749192030529391
20226511,,C=CC(=O)OC1=CC=CC=C1CC2=CC=CC=C2,,0,209.149856307,88.1971653556,118.715581045,138.68753423586668,monomer,228.60652945221187,1.4256958828750714
146014315,,C=CC(=O)OC(C(F)(F)F)(C(F)(F)F)C(Cl)(Cl)Cl,,0,103.845263056,64.742902335,92.5373424928,87.04183596126666,monomer,213.0977232988525,1.2747399711472769
175956,,C=CC(=O)OCCOC(=O)CCC(=O)O,,0,103.917690773,56.5780462702,98.4415779766,86.31243833993334,monomer,195.11457263063,1.299520796877245
3016431,,CCCCC(C)COC(=O)C=C,,0,99.7102788174,78.3605643051,82.7959736689,86.95560559713333,monomer,187.83712278784495,1.3147414831600848
117830683,,CCCCP(CCCC)(CCCC)(CCCC)OC(=O)C=C,,0,168.863276214,205.024543589,182.927614862,185.6051448883333,monomer,369.3577128893912,1.344469069758193
129845937,,CCOC(COCCOCCO)(O)OC(=O)C=C,,0,91.5232550208,106.227462642,132.524347403,110.09168835526668,monomer,247.4445737777148,1.3013976975767503
14693001,,C=CC(=O)OCCOC1CC2CCC1C2,,0,113.909827627,90.5006107984,102.775745403,102.39539460946666,monomer,209.51416891773,1.3340520546900696
129848039,,C=CC(=O)OC(=O)C1=C(C(=CC(=C1)[N+](=O)[O-])[N+](=O)[O-])CCO,,0,61.7084948854,160.316732686,199.539659832,140.52162913446668,monomer,253.3000088520492,1.384650416058047
16206038,,CC(COCC(COCC(C)OC(=O)C=C)OCC(C)O)O,,0,129.299293027,143.050998419,154.563281708,142.30452438466668,monomer,317.5046973393529,1.3038200163625024
164510984,,C=CC(=O)OC(C)(C)CCc1ccccc1,,0,89.1137813856,126.343512207,127.411190205,114.2894945992,monomer,224.69157209642648,1.3491360979009122
22235103,,C=CC(=O)OC1=CC=C(C=C1)C2=CC=C(C=C2)OC(=O)C=C,,0,73.179716707,252.667573186,250.880969645,192.2427531793333,monomer,269.6351074314136,1.5137548999961705
102248214,,C=CC(=O)OCC([N+](=O)[O-])(F)F,,0,60.532818581,44.3554256905,71.4671829077,58.78514239306667,monomer,138.63439039940744,1.2860709764664766
11211,,C=CC(=O)OCC(C(C(C(C(C(F)(F)F)(F)F)(F)F)(F)F)(F)F)(F)F,,0,115.526431426,76.3479643179,86.1220945493,92.6654967644,monomer,256.4895965533055,1.2408838634754311
145796951,,C=CC(=O)OC(O)(CO)C(O)(OC(=O)C=C)OC(=O)C=C,,0,127.440395692,126.917911332,99.1085163559,117.82227445996666,monomer,258.9902903014467,1.308800933019668
132277090,,CCN(CC)CC1=C(C(=CC(=C1)C=O)OC)OC(=O)C=C,,0,160.533689909,194.035428919,121.386552477,158.651890435,monomer,283.5070491472625,1.388429515925086
129847129,,C=CC(=O)OC1=CC2=C(C=C1)C3(C4=CC=CC=C4C(=O)O3)C5=CC=CC=C5O2,,0,201.664718621,180.537601585,284.483019625,222.2284466103333,monomer,317.7498327644535,1.5021724568515884
19861678,,CCCCOCCOCCOCCOC(=O)C=C,,0,120.8229364,122.256102597,108.311714379,117.13025112533334,monomer,264.8291843640601,1.2994604454227197
44717649,,C=CC(=O)OCCCCCC(C(C(C(C(C(F)(F)F)(F)F)(F)F)(F)F)(F)F)(F)F,,0,115.875607787,120.022367893,135.540318172,123.81276461733334,monomer,322.84562965278053,1.256743825938506
12391804,,C=CC(=O)Oc1ccc2ccc(=O)oc2c1,,0,137.703382804,45.5472469449,192.657070085,125.3025666113,monomer,184.28352128603325,1.485780712107894
131697901,,C=CC(=O)OC1=CC(=CC(=C1)C(F)(F)F)C(F)(F)F,,0,111.115294896,42.6414313166,148.539234918,100.76532037686668,monomer,204.32000530339116,1.3374053118417921
77920,,CC(C)CCOC(=O)C=C,,0,79.7288714807,49.056328927,83.4506819043,70.745294104,monomer,153.55173711546408,1.313102321280282
93359,,C=CC(=O)OCCOC1CC2CC1C3C2C=CC3,,0,139.062536001,93.3689965143,142.226251204,124.88592790643334,monomer,242.95553334725403,1.3532336635752154
7636,,CCCCC(CC)COC(=O)C=C,,0,113.119186819,91.2847065995,85.2830958561,96.5623297582,monomer,203.87054711165456,1.3227322295976172
585841,,CC1(C2CCC1(C(C2OC(=O)C=C)OCC3=CC=CC=C3)C)C,,0,215.329426235,167.196138162,126.480877696,169.668814031,monomer,313.0969617012679,1.3746603141478235
22177432,,COC1=CC(=CC=C1)OC(=O)C=C,,0,23.9452041722,140.611538158,117.971315126,94.17601915206666,monomer,166.40354441514464,1.3933975107782286
21403530,,CCC(=O)OCCOC(=O)C=C,,0,93.9201360878,48.152866648,83.434534569,75.1691791016,monomer,166.16025348723932,1.3069201937720871
88543247,,CC(C)(C)OC(=O)NCCOCCOC(=O)C=C,,0,142.966272907,86.1284411485,114.863627566,114.6527805405,monomer,253.7773601509252,1.3064726866338943
109856,,CN(CCCCOC(=O)C=C)S(=O)(=O)C(C(C(C(C(C(F)(F)F)(F)F)(F)F)(F)F)(F)F)(F)F,,0,147.208293551,153.415443422,168.876602993,156.500113322,monomer,370.1835765698742,1.2851462959101279
19706376,,C=CC(=O)OC1CCC(CC1)C2=C(C(=CC=C2)F)F,,0,116.603298506,119.64315743,155.9147873,130.720414412,monomer,241.77558753053884,1.3737031532537922
2776194,,C=CC(=O)OCCC(C(C(C(F)(F)F)(C(F)(F)F)F)(F)F)(F)F,,0,108.418725113,79.5451252436,84.0411345182,90.6683282916,monomer,245.9865421875304,1.2460824510275077
577100,,CC1CCC(C(C1)OC(=O)C=C)C(C)(C)C2=CC=CC=C2,,0,193.007346745,117.226524545,162.8004358,157.67810236333335,monomer,298.81878933282513,1.3636811225308865
20550278,,CCOC(C)OC(=O)C=C,,0,57.4449760577,70.1591394804,67.1393535474,64.91448969516667,monomer,144.79899430355266,1.3039020094535694
58319698,,C=CC(=O)OCCC(=O)ON1C(=O)CCC1=O,,0,103.139480929,82.8704193211,115.570521062,100.52680710403332,monomer,208.7226417596933,1.3287134468538353
67921,,CCN(CCOC(=O)C=C)S(=O)(=O)C(C(C(C(C(C(C(C(F)(F)F)(F)F)(F)F)(F)F)(F)F)(F)F)(F)F)(F)F,,0,175.987272789,127.564593294,215.736309929,173.09605867066668,monomer,409.6368261390463,1.2849976106257948
17861479,,C=CC(=O)OC1(CC)CCCC1,,0,95.47580507,74.7996998558,85.4595636668,85.24502286420001,monomer,176.9645114710471,1.3287721644323511
11689422,,C=CC(=O)OC[C@@H](C(=O)O)N,,0,46.5374401967,71.5906296119,67.0576270853,61.7285656313,monomer,145.19899651637854,1.2868751138251449
3022439,,CCCCCCCCCCC(C)COC(=O)C=C,,0,149.249185787,108.971128897,157.63997996,138.62009821466663,monomer,289.9469067849917,1.3260577393520872
69233288,,C=CC(=O)OC1=CC(=CC2=C1N(C3=C2C=C(C=C3)Cl)CCO)Cl,,0,232.208621099,44.6726761291,326.224746203,201.0353478103667,monomer,286.94986259435615,1.5032013710274077
86741359,,C=CC(=O)OCCN(CC)CC,,0,88.3711924281,60.5971221169,103.196816817,84.05504378733333,monomer,183.9096459466685,1.3103696876389392
86736827,,CCC(C)(NC(=O)NCC)OOC(=O)C=C,,0,109.011679591,107.945169659,95.1063466307,104.02106529356666,monomer,224.510364880602,1.3150340137948502
118677,,C=CC(=O)OCCC(C(C(C(C(C(C(C(C(C(C(C(F)(F)F)(F)F)(F)F)(F)F)(F)F)(F)F)(F)F)(F)F)(F)F)(F)F)(F)F)(F)F,,0,167.172547672,144.892066251,168.647002776,160.23720556633336,monomer,436.6000818349498,1.2449575403002378
20077225,,C=CC(=O)OCC(F)F,,0,54.169284949,20.1923450818,64.4179807414,46.2598702574,monomer,114.20113701055656,1.2722863882329918
66647127,,C=CC(=O)OC1=CC=CC2=C1NC3=CC=CC=C23,,0,100.756563787,123.223744644,231.305081632,151.76179668766667,monomer,212.1113429519948,1.5159031383073207
129767522,,C=CC(=O)OC1=CC2=CC=CC=C2OC1,,0,192.803720783,54.1456036381,116.340866924,121.09673044836666,monomer,183.7663273997738,1.4683136822229417
12353532,,C=CC(=O)OC1=C(C=C(C=C1)Cl)Cl,,0,189.223802649,113.102533187,6.13705099185,102.82112894261668,monomer,172.1565907812707,1.418164414691367
57548328,,CCCCOCC1=CC=C(O1)COC(=O)C=C,,0,94.5520971211,133.29534555,122.563862369,116.8037683467,monomer,232.9638692192656,1.3436148800356829
81490,,CCC(CO)(CO)COC(=O)C=C,,0,79.996668356,97.1530194874,72.7354070967,83.2950316467,monomer,187.74305530441228,1.3004765003895713
18979484,,C=CC(=O)OCCCCCCOC1=CC=C(C=C1)C2=CC=C(C=C2)C3CCC(CC3)CCCS(=O)(=O)C(F)(F)F,,0,401.147173074,258.046628612,287.720422364,315.63807468333334,monomer,531.6706763951262,1.4153089389633275
18696725,,CC(C(C(C(C(C(OC(=O)C=C)(F)F)(F)F)(F)F)(F)F)(F)F)(F)F,,0,100.291887179,82.3852340057,91.9636662959,91.5469291602,monomer,251.93837395420877,1.2423667985496634
10421594,,CC(C(C(OC(=O)C=C)(F)F)(F)F)(F)F,,0,45.3629739344,57.9256651806,90.0809571002,64.45653207173332,monomer,166.89105508895955,1.2586918752562988
8821,,CCOC(=O)C=C,,0,69.1046139219,45.8471125182,24.9439619387,46.63189612626667,monomer,102.62679711599384,1.3083963450841496
23572123,,C=CC(=O)OC1CC2CC1C1CCCC21,,0,113.94044746,132.434065664,77.6501650537,108.00822605923334,monomer,206.4288248671652,1.3602663803405977
19598189,,CC(=O)OC1=CC=C(C=C1)COC(=O)C=C,,0,93.1787168593,110.877462209,128.216745857,110.75764164176668,monomer,205.0349898872004,1.3733322668751067
18952360,,CN(C)C1=NC=NC2=C(C=CC(=C21)Cl)OC(=O)C=C,,0,256.464379132,46.1752278344,169.176208848,157.2719386048,monomer,237.89230173560225,1.4700810120506749
85887894,,C=CC(=O)OCCNC1=CC=C(C2=NON=C12)[N+](=O)[O-],,0,151.962836653,93.5250450457,169.415908943,138.30126354723333,monomer,229.8743973869672,1.4216684398948374
18667925,,CC1=CC=CC=C1OCCOC(=O)C=C,,0,114.49691908,65.2650537233,144.777237686,108.17973682976668,monomer,201.0507440565095,1.3716954441853593
23635724,,CCCOC(=O)C1=CC=C(C=C1)OC(=O)C=C,,0,153.538143353,81.8979276268,143.174676452,126.20358247726666,monomer,219.91086177772115,1.3996353309095213
139896562,,C=CC(=O)OCCCCCCl,,0,82.0112876708,47.8545751857,104.148275354,78.00471273683333,monomer,169.85413177075853,1.312002384514202
71309119,,CCCCOC(=O)[13CH]=C,,0,78.7602473754,35.6508845498,71.4013907856,61.93750757026667,monomer,137.5378699560823,1.305397019723495
121642,,CC(C)(COC(=O)C=C)COC(=O)C(C)(C)COC(=O)C=C,,0,147.483390855,142.34640353,150.070573007,146.63345579733334,monomer,307.7529444268084,1.3248419630053776
163201124,,CC(=O)N[C@H]1CCC2=CC(=C(C(=C2C3=CC=C(C(=O)C=C13)OC)OC)OC(=O)C=C)OC,,0,350.953869189,232.598768233,217.223358762,266.92533206133334,monomer,396.5715364487015,1.4800410450003356
551273,,C=CC(=O)OCCC(C)C,,0,80.8864311274,83.6086165793,47.2770822852,70.59070999730001,monomer,152.97956480549266,1.3136320036937676
168438756,,CCNC1=CC2=C(C=C1C)C3(C4=CC=CC=C4C(=O)N3CCOC(=O)C=C)C5=C(O2)C=C(C(=C5)C)N(CC)CCOC(=O)C=C,,0,385.382511173,382.577234744,312.160592371,360.04011276266664,monomer,569.4524717525034,1.4463834453488857
23635601,,CCCCCCC1=CC=C(C=C1)OC(=O)C=C,,0,109.258373043,103.26034632,191.256588408,134.591769257,monomer,242.6924963118235,1.3845052339009656
13841397,,C=CC(=O)OCCCCCCCCCCCCBr,,0,145.031992273,135.898461441,129.228823269,136.71975899433335,monomer,291.87785269378463,1.3188257669613632
33101,,C=CC(=O)OCCCO,,0,60.8212081188,51.669571348,56.4018632774,56.2975475814,monomer,128.70801524863913,1.295869484420506
56835609,,CCN(CCCCCOC(=O)C=C)C(=O)C,,0,94.8878406559,129.261513425,106.298208971,110.14918768396667,monomer,235.7642559266605,1.317920771283549
165746,,CC(C)CCCCCOC(=O)C=C,,0,111.625274733,109.621199528,67.3931951166,96.21322312586666,monomer,203.99447707845516,1.3212381470701935
129808072,,CC(C([N+](=O)[O-])(F)F)OC(=O)C=C,,0,80.3222337153,71.2553589435,45.6683338868,65.74864218186667,monomer,156.28531783119112,1.2836380841850772
71685931,,C=CC(=O)OCC(C(F)(F)F)(OC(C(C(C(C(F)(F)F)(F)F)(F)F)(F)F)(F)F)F,,0,105.72021021,92.5997232582,104.425565754,100.9151664074,monomer,294.21251086426,1.2279464285526265
18632887,,CCCCO[13C](=O)C=C,,0,78.7602473754,35.6508845498,71.4013907856,61.93750757026667,monomer,137.5378699560823,1.305397019723495
82224,,C=CCOCCOC(=O)C=C,,0,77.1040871901,74.9610223418,67.6057694336,73.22362632183335,monomer,156.92925803186466,1.31747526002114
81862,,CCN(CCOC(=O)C=C)C1=CC(=C(C=C1)N=NC2=CC(=C(C=C2Cl)Cl)Cl)C,,0,175.052810796,238.242225327,317.227181288,243.50740580366664,monomer,376.3882219323239,1.4584086535397383
614613,,CC1(C2CCC1(C(C2N(C3=CC=CC=C3)S(=O)(=O)C4=CC=CC=C4)OC(=O)C=C)C)C,,0,326.87779201,232.463388008,187.704944582,249.01537486666663,monomer,410.6260606715703,1.4255063439596496
13627534,,C=CC(=O)OC1=C(C(=C(C(=C1F)F)C#N)F)F,,0,119.613624549,73.9874151866,110.492303525,101.36444775353334,monomer,180.4491482226917,1.3900949142065766
68649063,,C=CC(=O)OC(OC12CC3CC(CC(C3)C1)C2)C(C)C,,0,123.193347805,165.990058792,139.438731106,142.87404590100002,monomer,279.63821186835384,1.350867555939995
68412458,,C=CC(=O)OC1=C2C(=C(C=C1)Cl)C=CC=N2,,0,186.79308412,40.6205577398,153.594129945,127.0025906016,monomer,195.7944787174636,1.4598014404356652
2760316,,C=CC(=O)OCC(C(C(C(C(C(C(C(C(F)(F)F)(F)F)(F)F)(F)F)(F)F)(F)F)(F)F)(F)F)(F)F,,0,137.30499218,105.133755171,121.615578409,121.35144192,monomer,339.63608043456514,1.2380553443600035
66357,,C=CC(=O)OCCOc1ccccc1,,0,102.067157031,68.5210622919,124.15850006,98.24890646096668,monomer,183.3517348904448,1.3699791899684615
6436391,,CCCCCCCC/C=C\CCCCCCCCOC(=O)C=C,,0,199.378422408,159.842116353,184.533886547,181.25147510266663,monomer,369.6253594664987,1.3352862172862212
118536010,,COC1=CC=C(C=C1)C(C2=CC=C(C=C2)OC)(C3=CC=C(C=C3)OC)C4=CC=C(C=C4)OCCOC(=O)C=C,,0,313.966851156,318.496871448,323.847910622,318.77054440866664,monomer,495.2032584081508,1.4557481841223125
96408,,CCC(C)(C)C1=CC(=C(C=C1)OCCOC(=O)C=C)C(C)(C)CC,,0,149.12175783,207.870649053,199.560860156,185.5177556796667,monomer,352.8779154829526,1.3621884041341055
171789,,CCC1(COCOC1)COC(=O)C=C,,0,97.5346559012,74.414384893,100.842216388,90.93041906073334,monomer,194.25143693443425,1.3185964443447298
87194114,,C=CC(=O)OCCCCCCCCS(=O)(=O)O,,0,135.370517732,95.290556982,116.350675633,115.670583449,monomer,246.6626674696234,1.3192196966853507
16217348,,C=CC(=O)OCc1ccccc1,,0,96.0873909438,105.170702437,50.7086822478,83.98892520953333,monomer,157.80315850069132,1.3671951154761013
105236,,CN(CCOC(=O)C=C)S(=O)(=O)CC(C(C(C(C(C(C(C(C(C(C(C(F)(F)F)(F)F)(F)F)(F)F)(F)F)(F)F)(F)F)(F)F)(F)F)(F)F)(F)F)(F)F,,0,166.247316268,241.324267261,224.117096374,210.562893301,monomer,518.1165226504775,1.2732475086199209
20243842,,C=CC(=O)OC(C1=CC=CC=C1)[N+](=O)[O-],,0,105.151604207,76.6710116971,121.689159515,101.17059180636666,monomer,182.62596782089872,1.3840373225621339
13847847,,CC(C)CCCCCCCCCCCCOC(=O)C=C,,0,148.15009256,163.045192881,148.721530597,153.305605346,monomer,323.23939335062136,1.3232060180079734
181508,,C=CC(=O)ON1C(=O)CCC1=O,,0,98.1221557286,58.5655720268,61.9970639273,72.8949305609,monomer,144.38943077053295,1.346246456246012
223954,,CCCCN(CCCC)CCCOC(=O)C=C,,0,126.555632339,108.019463915,140.481493709,125.018863321,monomer,266.712795238581,1.3190684494249956
21401083,,C=CC(=O)OC(O)C(O)CO,,0,47.185517352,59.9231526139,75.7213281344,60.9433327001,monomer,146.29241140566697,1.2806435069910558
21646008,,CCCOOC(=O)C=C,,0,48.4738288984,76.1426347378,55.2456331069,59.95403224769999,monomer,128.7451380174046,1.3167877648189694
54152724,,C=CC(=O)OCCOC1=CC=C(C=C1)C2=CC=C(C=C2)C#N,,0,234.79693369,160.815750157,160.662943676,185.4252091743333,monomer,276.92429467076494,1.4771275733436071
54514640,,C=CC(=O)OC1=CC=C(C=C1)CO,,0,103.023180346,39.9175075641,139.368835615,94.10317450836664,monomer,166.89351708633126,1.3917528763639377
543280,,CCCCCCCCCCCC(C)OC(=O)C=C,,0,144.254424821,140.290366728,120.983878884,135.17622347766667,monomer,288.44152772869097,1.3189966636695016
129883543,,COC1=CC=C(C=C1)C=NCCOC(=O)C=C,,0,146.290512554,100.500498893,146.376719588,131.055910345,monomer,223.7370435106704,1.4090197578853092
2776049,,C=CC(=O)OCC1(C(C(C(C(C1(F)F)(F)F)(F)F)(F)F)(F)F)F,,0,114.633863181,76.7523513419,86.1777239308,92.52131281789998,monomer,235.42927975780808,1.263560594370127
22709169,,CC(C)(C1=CC=CC=C1)OC(=O)C=C,,0,74.241192197,111.747261268,121.800074721,102.596176062,monomer,190.5313743582112,1.372006184917313
18913838,,C=CC(=O)OC1=CC=CO1,,0,90.0565851541,43.5564326566,54.0690899353,62.560702582,monomer,122.37387335291822,1.3510971606728142
44580062,,C=CC(=O)O[C@@H](CC1=CC=CC=C1)CN2CCN(CC2)CCCN(C3=CC=C(C=C3)F)C4=CC=C(C=C4)F,,0,226.457396196,312.88705696,315.677033567,285.007162241,monomer,491.692755965048,1.4041798585344136
62552,,CCCCCCCCCCCCCCCCCCOC(=O)C=C,,0,187.339881898,173.273764295,178.154619758,179.58942198366665,monomer,374.9784450396892,1.326690934670562
18767473,,CCCCCCCCCC(CCCCCC)OC(=O)C=C,,0,167.281179193,174.956961024,143.709319855,161.98248669066666,monomer,339.1935071205183,1.3256561135758604
71431852,,C=CC(=O)OCCNCCCS(=O)(=O)C(C(C(C(C(C(C(C(F)(F)F)(F)F)(F)F)(F)F)(F)F)(F)F)(F)F)(F)F,,0,170.417152684,169.253848771,186.7330177,175.468006385,monomer,424.02221412917066,1.2786302732330357
20226493,,C=CC(=O)OCC1=CC(=CC=C1)C2=CC=CC=C2,,0,111.370615468,116.998292425,222.412651925,150.26051993933334,monomer,229.1244591397559,1.4656944788849848
137331643,,C=CC(=O)OP(OC(=O)C=C)OC(=O)C=C,,0,77.9167455303,117.054309303,114.699340431,103.2234650881,monomer,208.64086383600855,1.3385898627395978
53422786,,CC(C)(C)C(C)(C)OC(=O)C=C,,0,111.527205637,70.0918118254,81.163935419,87.59431762713332,monomer,187.75798938162723,1.3174193795214555
19778492,,CCCCCCCCON1C(CC(CC1(C)C)OC(=O)C=C)(C)C,,0,191.328468644,163.06255115,181.40877525,178.59993168133337,monomer,365.2164812534878,1.3342758590438388
21871648,,C=CC(=O)OC1=CC=CC=C1O,,0,88.323754505,77.0256351465,84.2847830005,83.211390884,monomer,148.9248129428107,1.3877597331927214
14987130,,COCOC(=O)C=C,,0,27.5614799847,56.4018404842,60.0892940729,48.017538180600006,monomer,112.87033229676246,1.2870880079521034
23194993,,C=CC(=O)ON1C(=O)C2=CC=CC=C2C1=O,,0,132.643171259,72.4358815917,123.490971456,109.52334143556668,monomer,181.4072563302863,1.4233532781711162
129829186,,C=CC(=O)OOC(=O)CCCCCCCCC(=O)OOC(=O)C=C,,0,174.950445675,173.276527203,121.500732391,156.5759017563333,monomer,319.1601409589802,1.3354535302099164
18183725,,CC(C)(C)NOC(=O)C=C,,0,38.7311830957,76.5401860319,85.5024199515,66.9245963597,monomer,148.8185602841345,1.3049352818239075
92015353,,CC1=CC(=CC(=C1OC(=O)C=C)C)N=NC2=CC=C(C=C2)C(C)(C)C,,0,122.8307686,404.85216377,243.058522084,256.9138181513333,monomer,335.583600022511,1.5595564212378286
87149162,,CCCCCCCCCCC(CCCCCCCC)COC(=O)C=C,,0,193.642456947,208.92656593,193.70750378,198.758842219,monomer,408.5801897492834,1.3323463132806173
21884903,,CC(C)(C)C1(CCCCC1)OC(=O)C=C,,0,95.2144464502,104.218829991,133.354096465,110.92912430206668,monomer,227.5889057610397,1.3330596981056946
86614223,,CN(C)C1=CC=CC2=C1C=CC=C2S(=O)(=O)OCCOC(=O)C=C,,0,227.022064252,174.057950847,176.533471568,192.537828889,monomer,309.4987101806551,1.4381328986504334
21872250,,C=CC(=O)OCCOC1=CC=C(C=C1)Cl,,0,104.352609834,112.093181526,109.268087174,108.57129284466669,monomer,198.82811562508803,1.3778778185323828
169029,,C=CC(=O)OCCNC(C)(C)C,,0,79.1339761599,72.0046542298,95.6288527159,82.25582770186666,monomer,182.58595093287664,1.3055257655108599
129723103,,CCCCCCCCCCCCCCCC(O)OC(=O)C=C,,0,187.174610698,174.725003345,141.136075219,167.67856308733334,monomer,347.9777080039136,1.3288914860720933
23467942,,CC1=CC(=C(C=C1)OC(=O)C=C)N2N=C3C=CC=CC3=N2,,0,230.380554987,125.023260656,201.904007785,185.769274476,monomer,251.21347919946265,1.5366432795714693
118885882,,C=CC(=O)NCCOCCOC(=O)C=C,,0,93.283170615,116.248379241,83.8413546145,97.79096815683332,monomer,206.45649955773948,1.3227460436718335
21496309,,C=CC(=O)OCC1=CC=CS1,,0,74.5475842982,102.167415059,57.1192783257,77.94475922763333,monomer,148.1213125329444,1.3625681323804573
168446324,,C=CC(=O)OCCOCCOCCOCC(=O)ON1C(=O)CCC1=O,,0,127.81768528,186.956293372,136.977495497,150.58382471633334,monomer,319.33413820321266,1.3211705127339017
22597223,,CC1C2CC3CC(C2)CC1(C3)OC(=O)C=C,,0,127.655192056,91.5148272048,125.204595409,114.79153822326668,monomer,221.7000594543792,1.3560983751056277
13086546,,CC1(CCCCC1)OC(=O)C=C,,0,75.5542006006,73.1291219745,108.450884458,85.71140234436666,monomer,176.19688373898708,1.332338917231443
543296,,CCCCCCCCCCC(C)OC(=O)C=C,,0,126.111516677,106.755807854,163.060983156,131.97610256233335,monomer,271.5937782990864,1.3319473368239372
155293052,,C=CC(=O)OC1=CC=C(C=C1)/C=C/C(=O)C2=C3C=CC4=CC=CC5=C4C3=C(C=C5)C=C2,,0,273.725800515,183.710222073,499.251579421,318.8958673363333,monomer,365.4898336555728,1.657985607819066
23662581,,C=CC(=O)OCCOCCCS(=O)(=O)[O-],,0,190.892281687,98.7466827456,105.574197031,131.73772048786665,monomer,205.1788952095976,1.4543927712907319
87193678,,C=CC(=O)OCCCCCCS(=O)(=O)O,,0,124.845568351,85.198398112,92.914306127,100.98609086333332,monomer,214.54932746843144,1.3205235495130043
129698270,,C=CC(=O)OC1=C(C=CO1)[N+](=O)[O-],,0,121.920518757,30.7106099814,80.7671626727,77.79943047036666,monomer,147.69879344330545,1.3629685651319199
129675135,,C=CC1=C(C2=CC=CC=C2O1)OC(=O)C=C,,0,146.42186627,62.0796896699,187.326740851,131.94276559696667,monomer,193.2099517352403,1.4882589631300887
22637263,,C=CC(=O)OOP(=O)(O)O,,0,64.0057410589,52.8682271936,46.3917973664,54.42192187296666,monomer,127.5716778770504,1.2879481227105134
129773825,,C=CC(=O)OCC1=CC=C(C=C1)C(=O)C2=CC=CC=C2,,0,153.055263741,97.4556250979,210.210460691,153.57378317663333,monomer,250.108634217733,1.4316169159057108
21318161,,C=CC(=O)OC1=C(C=C(C=C1[N+](=O)[O-])[N+](=O)[O-])[N+](=O)[O-],,0,31.713224233,150.916121537,183.89397236,122.17443937666668,monomer,215.72462626313623,1.3937072263782118
11027847,,C=CC(=O)OCCCC(C(C(C(C(C(C(C(F)(F)F)(F)F)(F)F)(F)F)(F)F)(F)F)(F)F)(F)F,,0,130.655255237,112.882845322,141.886348881,128.47481648,monomer,346.97420284034285,1.2472809560044698
129753429,,C=CC(=O)OC1CCN(CC1)C2=C(C(=C(C(=C2F)F)C3CC(=NN3C4=CC=CC=C4)C5=CC=CC=C5)F)F,,0,368.847442853,294.248401708,324.794693595,329.29684605200003,monomer,452.0803674330344,1.527026476650526
46988,,CCOCCCOC(=O)C=C,,0,81.017115268,67.5315324097,71.8413080867,73.46331858813333,monomer,160.52618386247184,1.3108113859487198
121743,,C=CC(=O)OCCOC(=O)C1=CC=CC=C1C(=O)O,,0,99.7504681144,95.0795917597,168.553558971,121.12787294836666,monomer,232.6798542749817,1.3582397208197872
129714184,,CC(=CCOC(=O)C=C)Cl,,0,59.0186140694,68.4997462996,90.3392770564,72.61921247513334,monomer,146.44474630355154,1.3394507413393641
22179230,,CCCCOC(=O)C1=CC=C(C=C1)OC(=O)C=C,,0,135.132228546,80.5772687291,190.971194337,135.56023053736666,monomer,237.41193098849007,1.3973577086935385
102380778,,C/C=C/OCCCOC(=O)C=C,,0,91.4701620729,88.1802358346,76.3876359589,85.34601128880001,monomer,172.4231724496766,1.3387694203151612
104368,,C=CC(=O)OCCC(C(C(C(C(C(C(C(C(C(C(C(F)(F)F)(C(F)(F)F)F)(F)F)(F)F)(F)F)(F)F)(F)F)(F)F)(F)F)(F)F)(F)F)(F)F,,0,209.151266021,157.793147791,143.067956283,170.004123365,monomer,462.4795257341668,1.2453715694557606
77078233,,C=CC(=O)OCCOCCOCCOCCN=[N+]=[N-],,0,148.741410615,86.4617885003,108.224246037,114.47581505076668,monomer,256.6500681446406,1.3022268227963076
11217487,,CCC1(COC1)COC(=O)C=C,,0,87.7792369217,88.5115484705,62.9764246538,79.755736682,monomer,169.5252972170448,1.3203560972101893
121420658,,CCCCCCCCC(CCCCCCCC)OC(=O)C=C,,0,163.1518784,192.052857105,159.542531892,171.58242246566667,monomer,357.378920651301,1.3275764126535157
174086,,C=CC(=O)OCCC(C(C(C(C(C(C(C(C(C(C(C(C(C(C(C(F)(F)F)(F)F)(F)F)(F)F)(F)F)(F)F)(F)F)(F)F)(F)F)(F)F)(F)F)(F)F)(F)F)(F)F)(F)F)(F)F,,0,171.046548491,241.118957707,185.952982624,199.37282960733333,monomer,548.5281722130081,1.2424367522129622
23635600,,CCCCCC1=CC=C(C=C1)OC(=O)C=C,,0,65.9830041012,143.702467226,179.015418854,129.56696339373332,monomer,224.790748730624,1.4016093135758545
3022608,,CCCCCCC(CCCC)COC(=O)C=C,,0,153.586089455,120.055864937,112.624003057,128.75531914966666,monomer,274.72418826943834,1.319017398159221
109058,,CC1=CC(=C(C(=C1)C(C)(C)C)O)CC2=C(C(=CC(=C2)C)C(C)(C)C)OC(=O)C=C,,0,239.364175295,208.586330203,267.077438661,238.342648053,monomer,408.1607448156733,1.4075807798365363
87489581,,C=CC(=O)OC(Cl)Cl,,0,42.5406860788,45.870078475,67.8451726908,52.08531241486666,monomer,116.9446963480481,1.3017440520137518
162070,,CCC(C)COC(=O)C=C,,0,85.9919770294,42.1668090351,82.9207245225,70.35983686233334,monomer,152.99300084469894,1.3124806108157594
23688,,CCCCOCCOC(=O)C=C,,0,79.1831744947,74.5100815073,92.4976856124,82.0636472048,monomer,179.58509491161564,1.3103082261662207
16205728,,C=CC(=O)OCC(COC1=C(C=C(C=C1)Br)Br)O,,0,181.104634203,68.2486354102,163.842373248,137.73188095373334,monomer,250.4162146332277,1.3809506426506166
543354,,C=CCCCCCCCCCOC(=O)C=C,,0,88.683483625,141.388346012,131.012662369,120.36149733533334,monomer,246.46532924232116,1.3337679553150241
3664250,,C=CC(=O)OC1=CC2=CC=CC=C2C=C1,,0,188.753121622,65.1439186217,112.393025403,122.0966885489,monomer,183.27029987395545,1.4743177783036518
543940,,C=CC(=C)CCOC(=O)C=C,,0,75.4510281575,60.4448090507,111.010639768,82.30215899206668,monomer,158.79531733974986,1.3564900815042755
85581302,,CCCCCCCCCCCCCCCC1=CC(=CC=C1)OC(=O)C=C,,0,220.945881145,219.205048185,173.272633706,204.474521012,monomer,395.6423348068811,1.3553630965131396
2794997,,CC1(COC(=O)[C@@H]1OC(=O)C=C)C,,0,83.3541674532,87.7482656222,75.9936324937,82.3653551897,monomer,173.1229537798005,1.324315926895031
129880690,,COC1=C(C=CC(=C1OC(=O)C=C)C=O)O,,0,163.87100727,115.716099428,60.1271486798,113.23808512593332,monomer,195.60643920262063,1.4035974822993436
129675398,,CC1=CC2=C(C=C1C)N(C3=NC(=O)N(C(=O)C3=N2)OC(=O)C=C)CC(C(C(CO)O)O)O,,0,238.30263034,155.437974137,368.072626977,253.93774381800003,monomer,383.1935562864518,1.4713927024935358
210152,,CCOC(=O)COC(=O)C=C,,0,68.1608642539,48.7469280613,82.7647232162,66.55750517713334,monomer,149.1694515191069,1.3023365633092745
13049939,,C=CC(=O)OC1=CC=CC(=C1)[N+](=O)[O-],,0,160.279965839,108.404602249,19.1247292683,95.9364324521,monomer,166.02792698489085,1.4027487982561884
20224153,,C=CC(=O)OCCN=C=S,,0,95.1491004022,41.0079505363,80.7069707129,72.28800721713333,monomer,138.39455686814046,1.359584287011927
12191274,,COC1=C(C=CC(=C1)C=O)OC(=O)C=C,,0,82.4287026258,90.9794143319,156.825132373,110.0777497769,monomer,186.1690543532664,1.4134036155540743
146036144,,C=CC(=O)OC1=COC2=CC=CC=C2C1=O,,0,175.69104096,46.5952591286,128.239906284,116.84206879086666,monomer,184.6389021423611,1.4468373707304123
3016430,,C#CCOC(=O)C=C,,0,50.9233263181,50.6060765691,50.107907249,50.5457700454,monomer,108.76758629447492,1.3160680908436873
129712286,,C=CC(=O)OCCCCCCCCCCCCCCS(=O)(=O)O,,0,134.639035203,182.434581815,184.40631502,167.159977346,monomer,351.12675294846935,1.3245443525904879
3013855,,C=CC(=O)OCC(C(C(C(C(C(C(C(F)(F)F)(F)F)(F)F)(F)F)(F)F)(F)F)(F)F)(F)F,,0,98.5900553917,114.197362756,122.296915128,111.69477775856669,monomer,309.5717514895679,1.2405432978998874
99769778,,C=CC(=O)OC1(C(C(C(C(C1(F)F)(F)F)(F)F)(F)F)(F)F)C(F)(F)F,,0,79.7074940783,96.3653517131,101.971977176,92.6816076558,monomer,244.20993393236213,1.2538859220122345
69060682,,C=CC(=O)OCC1=CC(=C(C=C1)Cl)Cl,,0,124.151553732,74.5590132547,114.654969895,104.45517896056668,monomer,188.65505109756,1.3838085569678584
86294538,,C=CC(=O)OC(C)C,,0,63.7636661146,48.5269325413,51.0748717658,54.45515680723333,monomer,121.10555464525751,1.3048941747830651
20474861,,CC(C)COC(C)OC(=O)C=C,,0,77.3821898864,65.379685387,102.60421006,81.78869511113334,monomer,180.2831051439281,1.30786666613584
104303,,CC1=C(C=C(C=C1)NC(=O)OC(C)COC(=O)C=C)NC(=O)OC(C)COC(=O)C=C,,0,190.076479199,232.381996618,236.716046366,219.72484072766667,monomer,401.25739811341055,1.379069199360874
97687,,C=CC(=O)OC1=CC=C(C=C1)[N+](=O)[O-],,0,166.276288813,76.6860393906,45.2773874306,96.0799052114,monomer,166.334572183753,1.402588772381599
21807586,,C=CC(=O)OC1=CC2=CC=CC=C2N1,,0,190.169557669,58.5130617182,89.9813846854,112.88800135753333,monomer,169.45732797037348,1.4742867142295635
155490364,,C=CC(=O)OC1=C(C2=CC=CC=C2C=C1)C3=CC=CC=C3,,0,194.926501133,201.635364252,149.446593714,182.00281969966667,monomer,255.3520510945752,1.5135655790101243
546207,,C=CC(=O)OCC(C)C,,0,43.5154853001,67.6638142605,77.2958179787,62.82503917976667,monomer,136.08467485341447,1.3137974471308138
91809457,,CC(C)(C)OC(=O)CCOCCOCCOCCOCCOC(=O)C=C,,0,167.766436056,177.027067647,155.979372912,166.924292205,monomer,372.05364297696383,1.3041597633911277
597374,,CC1(C2CCC1(C(C2C(C3=CC=CC=C3)C4=CC=CC=C4)OC(=O)C=C)C)C,,0,238.857027194,214.194045773,191.329499508,214.79352415833333,monomer,376.8989850989779,1.3964968422854442
18352416,,CCOOC(=O)C=C,,0,75.8629185974,61.4630255605,20.4556670153,52.593870391066666,monomer,112.14447444195524,1.3192501071374725
21696203,,COCCOCCOCCOCCOCCOCCOCCOCCOCCOCCOC(=O)C=C,,0,242.71494185,207.277639528,248.969902075,232.98749448433333,monomer,516.4983975451604,1.3059589546817911
46835728,,CC(C)(C)C1=CC(=CC(=C1)OC(=O)C=C)C(C)(C)C,,0,171.011776912,140.834502324,148.774751074,153.54034343666666,monomer,275.42002601714063,1.3867673664612148
21868062,,C=CC(=O)OC1CC2CCC1(C)C2(C)C,,0,105.752326855,125.865360494,98.2883922138,109.96869318759998,monomer,217.07624364988388,1.3475690634144155
11083924,,C=CC(=O)OCCS,,0,40.763858206,64.188399222,63.0898423705,56.01403326616667,monomer,120.9965328646727,1.3147476380082344
129884945,,C=CC(=O)OC1=CC(=O)C2=CC=CC=C2O1,,0,160.831954737,87.0731713572,99.300944537,115.73535687706668,monomer,186.6656880809909,1.4364486529548706
11298697,,C=CC(=O)OC1C2CC3CC(C2)CC1C3,,0,127.214300972,99.8695000923,100.52185702,109.2018860281,monomer,205.40907538062208,1.3667273845444559
58231716,,C=CC(=O)OC1=C(C=C(C2=C1SC3=CC=CC=C32)C4=CC=CC5=C4SC6=CC=CC=C56)C7=CC=CC8=C7SC9=CC=CC=C89,,0,318.551163767,456.62362563,511.966469886,429.0470864276667,monomer,516.2430671318647,1.618958436218797
4372816,,CC(=O)CC(=O)OCCOC(=O)C=C,,0,78.4633846005,87.1635123734,90.2342874516,85.28706147516665,monomer,185.56612815918177,1.3122692569032057
22182933,,C=CC(=O)OC1CCCCC1O,,0,95.2493461604,56.9183125174,91.2531894334,81.14028270373332,monomer,168.10966371170738,1.329489965568049
129824284,,C=CC(=O)OCC1COC(O1)C2=CC=C(C=C2)Cl,,0,118.035904808,99.6681425393,148.432075321,122.04537422276668,monomer,230.1744095254824,1.3656487065557876
69810535,,C=CC(=O)OC[C@@H]1C[C@H]2C[C@@H]1C=C2,,0,89.7611350081,97.8357874166,77.384022791,88.32698173856666,monomer,177.762516122007,1.3402074437663798
86078028,,C=CC(=O)OCCSSC1=CC=CC=N1,,0,161.608379467,81.3029809611,118.383470916,120.43161044803333,monomer,208.2648083743579,1.4030873949149
22228790,,C=CC(=O)OC12CC3CC(C1)CC(C3)(C2)O,,0,130.191978746,85.5688516824,111.351329756,109.03738672813331,monomer,213.0882399342813,1.3514588732451884
23635602,,CCCCCCCC1=CC=C(C=C1)OC(=O)C=C,,0,106.060938595,128.025691163,194.051354636,142.71266146466667,monomer,261.0377425805272,1.3783874952350483
88121797,,CCCCC(=O)OC(=O)C=C,,0,89.3395828458,50.3380654526,78.6294284692,72.7690255892,monomer,155.3676891135827,1.3187901423047066
92696,,C=CC(=O)OCCCCCO,,0,73.7799301069,43.4048043184,102.332988419,73.17257428143334,monomer,163.45982023879313,1.303415372772065
68915228,,CN(C)C1(CCC(=O)C(C1)COC(=O)C=C)C2=CC=CC=C2,,0,156.274935032,176.603262592,147.177500076,160.0185659,monomer,296.50165350461816,1.3729452597863903
22003413,,CC(C)CCCCOC(=O)C=C,,0,99.2721857205,80.6934615067,85.428759114,88.46480211373334,monomer,187.3762389033268,1.3215950304492083
3015131,,C=CC(=O)OC1=CC=C(C=C1)C(=O)C2=CC=CC=C2,,0,107.449929616,98.4110565859,258.656790809,154.83925900363332,monomer,231.82085341043077,1.475744264888275
88597910,,C=CC(=O)OC(O)(O)C(C)O,,0,59.7745204276,59.2486952346,64.2820511774,61.1017556132,monomer,146.7702928507222,1.2804419066482018
22676929,,C=CC(=O)OCCSC1=CC=CC=C1,,0,63.4629853532,111.45446287,142.991315172,105.96958779839998,monomer,194.1519194171378,1.377685030409999
3051368,,CC(=O)O[C@H]1CC[C@]2([C@@H](C1)CC[C@@H]3[C@@H]2CC[C@]4([C@@]3(CC[C@H]4C(=O)COC(=O)C=C)O)C)C,,0,236.838457952,230.827834372,200.184657957,222.616983427,monomer,438.5614829331109,1.3483423870156601
69286003,,CC1=CC(=C(C=C1)N(C2=CC=C(C=C2)C3=CC=C(C=C3)CCOC(=O)C=C)C4=C(C=C(C=C4C)C)C)C,,0,330.321396897,315.906355877,445.04773374,363.75849550466666,monomer,488.8168408776171,1.5407190738387595
138113129,,C=CC(=O)OC1=C(OC2=CC=CC=C2C1=O)C3=CC=CC=C3,,0,192.624761027,229.271928812,125.398965084,182.4318849743333,monomer,256.07905310112113,1.5132678427283568
20812341,,CC1(OCC(O1)COC(=O)C=C)C,,0,109.909263212,56.5650988179,84.7940950812,83.75615237036666,monomer,178.60116569605302,1.3192301099565278
543932,,C=CC(=O)OCCC1CC1=C,,0,72.3022067114,73.7354540264,92.7272112176,79.58829065180001,monomer,157.23117679150366,1.3472621953911823
131887749,,[2H]C([2H])([2H])C(C([2H])([2H])[2H])(C([2H])([2H])[2H])OC(=O)C=C,,0,44.9198682,65.8553476239,77.3319041936,62.70237333916666,monomer,136.27281220080988,1.3126548836344312
54376974,,CC(C)(C)C(OCCC#N)OC(=O)C=C,,0,110.220895982,77.9809245255,111.363794782,99.8552050965,monomer,214.3873011356023,1.3168549340004336
76345,,CCCCCOC(=O)C=C,,0,81.8183606531,47.9764644446,83.8825132912,71.22577946296667,monomer,153.44335428018965,1.3156730737035929
6658,,C=CC(=O)OC,,0,56.0372849984,31.8468024384,23.9879615437,37.2906829935,monomer,84.97731360741352,1.2969176928191746
2776196,,C=CC(=O)OCC(CC(C(C(C(F)(F)F)(C(F)(F)F)F)(F)F)(F)F)O,,0,111.058841405,69.9151830243,124.378351325,101.78412525143334,monomer,272.985828184099,1.2491238792457209
66995440,,C=CC(=O)OC1=CC=CC2=C1CC3=CC=CC=C32,,0,76.8995886482,152.537395209,220.409595128,149.94885966173334,monomer,218.4565639794704,1.4912036924151229
109855,,CN(CCCCOC(=O)C=C)S(=O)(=O)C(C(C(C(C(C(C(F)(F)F)(F)F)(F)F)(F)F)(F)F)(F)F)(F)F,,0,156.794315433,169.562437779,172.152375619,166.16970961033334,monomer,398.14609614829993,1.2812061454900698
13668181,,CC(=CCOC(=O)C=C)C,,0,47.811948459,62.4632499897,115.762175097,75.3457911819,monomer,148.48730734402335,1.3482018417702375
3016548,,CCCCCCCCCCCCCCCCCCCCCCCCOC(=O)C=C,,0,215.959285825,208.713564729,254.128165866,226.2670054733333,monomer,473.7513312985875,1.3256975160763596
53461614,,CC12CCC(=O)CC1CCC3C2CCC4(C3CCC4OC(=O)C=C)C,,0,161.139480513,180.100668682,204.780521819,182.006890338,monomer,349.8369830182844,1.3579982641028256
94246,,CC(CO)OC(=O)C=C,,0,29.9771917722,58.8344913463,81.9973137397,56.936332286066666,monomer,127.51500130697298,1.302572493246169
105249,,C=CC(=O)OCCN(CCOC(=O)C=C)C=O,,0,66.6301437881,129.768364249,125.266528727,107.22167892136666,monomer,227.3316092483372,1.3212433577700613
77078222,,CC(C)(C)OC(=O)CCOCCOCCOC(=O)C=C,,0,108.1515885,140.643803882,140.599539811,129.798310731,monomer,285.6292325858226,1.3084305181848206
138402884,,C/C=C\CCOC(=O)C=C,,0,75.8475972217,31.772230411,110.198227828,72.6060184869,monomer,147.66581699350823,1.3362863498555415
121005771,,CC1=CC=CC=C1N2CC3=C(C=CC(=C3)OC(=O)C=C)OC2,,0,144.605968448,178.108356764,199.054339794,173.92288833533334,monomer,272.6464519338097,1.4509922415757237
21459496,,C=CC(=O)OC1=CC=C(C=C1)C2=C(C(=CC=C2)F)F,,0,129.236950833,51.8407878338,270.751110782,150.60961648293335,monomer,225.72264792450747,1.4751675535106124
91241,,C=CC(=O)OCC(CCl)Cl,,0,83.0677118801,47.7766033861,73.1975912151,68.0139688271,monomer,150.956527678639,1.3055617427745045
3022442,,CCCCCCCCCCCCCC(C)COC(=O)C=C,,0,156.570416577,164.109236768,167.504516611,162.728056652,monomer,342.1450554458345,1.324202993306373
15390035,,C=CC(=O)OCCCCCCOC1=CC=C(C=C1)O,,0,159.925500758,91.2777011802,162.365406005,137.85620264773334,monomer,261.0303502945753,1.3640284821171265
129773897,,CN(CCCOC(=O)C=C)C1=CC=CC=C1,,0,57.4990927175,127.960899406,174.318812376,119.9262681665,monomer,220.7896031259463,1.3756399925730576
14527824,,C=CC(=O)OC1=C(C2=CC=CC=C2C=C1)C3=CC=CC4=CC=CC=C43,,0,274.451224782,208.747953541,175.882888778,219.694022367,monomer,298.5659732532671,1.5334627652962587
3017303,,C=CC(=O)OCCn1ccnc1,,0,82.1660801876,53.3517344234,88.8565793664,74.79146465913334,monomer,156.26494630545255,1.326456252752351
21896333,,C=CC(=O)OC1(CCCC1)C2CC3CCC2O3,,0,130.817118338,113.914416323,103.078540008,115.93669155633334,monomer,230.95237258103825,1.3440792903896064
12577030,,C=CC(=O)OC1CC2CC1C3C2C=CC3,,0,117.759975658,85.2789752003,119.27316297,107.4373712761,monomer,201.39892891607,1.3681328606731356
59172004,,CCOP(=O)(CCCCCCCCCCCOC(=O)C=C)OCC,,0,187.084670828,180.628100818,158.057913225,175.256894957,monomer,371.3098857653911,1.3214996921749014
12716,,CC(C)OC(=O)C=C,,0,68.8024132074,32.1107623375,62.4510734753,54.4547496734,monomer,120.13376781849529,1.3075824561852392
163212139,,CC(C)CCCC(C)CC(O)OC(=O)C=C,,0,137.512744268,80.970054106,126.541346434,115.00804826933334,monomer,246.88653874355109,1.3169022077866355
54550688,,CCC(COC(=O)C=C)C#N,,0,59.6911407296,77.7016174006,79.4834051243,72.29205441816667,monomer,155.29329978411602,1.3166682194621946
10997741,,CC(=O)OCCCCOC(=O)C=C,,0,89.9671692909,58.2998487139,96.6090022722,81.62534009233333,monomer,182.4831335377304,1.3031604779752402
543285,,CCCCCCCCCCCCCC(C)OC(=O)C=C,,0,181.780056587,115.644970591,171.422589429,156.28253886899998,monomer,321.56085045585814,1.3320077859023625
61642,,C=CC(=O)OCCOCCO,,0,65.2370086184,46.5242067046,91.6346760807,67.7986304679,monomer,153.31479724397636,1.2994106549417108
4391003,,CC(CCOC(=O)C=C)CC(C)(C)C,,0,115.389675319,86.2887299445,108.707851461,103.46208557483334,monomer,222.7302915506003,1.3159220377098788
95218,,CC(CCOC(=O)C=C)OC,,0,53.7305000703,74.967031569,95.495157155,74.73089626476667,monomer,163.97947669473086,1.3093967476668944
19706366,,C=CC(=O)OC1CCC(CC1)C2CCC(=CC2)C3=C(C(=CC=C3)F)F,,0,167.725800401,197.391215308,212.710062475,192.6090260613333,monomer,328.8315189936552,1.4090031590661534
11320950,,CCC(O)OC(=O)C=C,,0,47.8376608093,55.8328371285,65.0975819212,56.25602661966667,monomer,128.52449280519835,1.2960910795734606
3016305,,C=CC(=O)OCCOC(=O)Cl,,0,83.4157503969,37.3629330823,72.9228106213,64.56716470016666,monomer,147.5550009516843,1.2959982250812747
23070525,,C=CC(=O)OC(CSCCSC1=CC=CC=C1)CSCCSC2=CC=CC=C2,,0,277.16909832,224.431817133,216.293304713,239.2980733886667,monomer,406.8443553128082,1.410941839334318
86759875,,C=CC(=O)OCCOS(=O)(=O)c1ccc(C)cc1,,0,130.526869879,103.043032914,147.178916299,126.91627303066666,monomer,232.96463937123556,1.3768939707955123
57978544,,C=CC(=O)OC1CC2C3CCC(C3)C2C1,,0,127.222629583,115.5285674,85.5621650661,109.4377873497,monomer,207.28655118552533,1.3638984638383498
107198,,CCCC(C)COC(=O)C=C,,0,90.0338284239,67.9600211238,80.1762583406,79.39003596276666,monomer,170.47910613082547,1.3167935784780844
10193306,,C=CC(=O)OC1=C(C(=C(C(=C1Cl)Cl)Cl)Cl)Cl,,0,186.194418399,150.038259135,71.2195920472,135.81742319373333,monomer,217.92791204875795,1.4390448270147662
13001872,,C=CC(=O)OC1CC2CC1C3C2CCC3,,0,127.106825823,75.9742029191,119.190720612,107.42391645136668,monomer,205.3096315136837,1.3602711514832644
11457964,,CC(CO)(CO)COC(=O)C=C,,0,76.8877197022,86.9280852936,61.0580666273,74.9579572077,monomer,170.51317211467426,1.297484843634733
4260109,,CCN(CCOC(=O)C=C)C1=CC=C(C=C1)N=NC2=C(C=C(C=C2)[N+](=O)[O-])Cl,,0,293.835238375,147.873123159,284.146801095,241.95172087633333,monomer,351.5474425512153,1.4927585287748515
145945604,,C=CC(=O)OCCOC1OCCCO1,,0,87.8830778001,73.9298623216,89.23722556,83.68338856056666,monomer,185.4462857299244,1.3060799689229385
2775973,,C=CC(=O)OC1=C(C(=C(C(=C1F)F)F)F)F,,0,106.501879458,76.8686308083,75.5547010343,86.30840376686668,monomer,169.18867051682298,1.3502631515769237
118118627,,C=CC(=O)OCCC1=CC=C(C=C1)OC2=CC(=CC=C2)OC3=CC=C(C=C3)OC4=CC=CC=C4,,0,280.203243828,174.295498574,369.115036864,274.537926422,monomer,421.4094878086772,1.4621248627611343
104247,,C=CC(=O)OCCC(C(C(C(F)(F)F)(F)F)(F)F)(F)F,,0,95.4198008505,61.6475431346,93.9970114968,83.68811849396667,monomer,217.86644272272548,1.2571894278849327
52991911,,C=CC(=O)OCCCCC(C(C(C(C(C(F)(F)F)(F)F)(F)F)(F)F)(F)F)(F)F,,0,127.667358864,114.840301154,107.057108004,116.52158934066668,monomer,306.9509168848275,1.2539530192842854
20342959,,CC(C)(C1=CC=CC=C1)C2=CC=CC=C2OC(=O)C=C,,0,115.314663558,202.760018771,146.240467636,154.771716655,monomer,262.8344173371189,1.4114783000549767
3016480,,C=CC(=O)OCC1=CC=CC=C1[N+](=O)[O-],,0,75.8220035292,134.963005573,79.4526513812,96.7458868278,monomer,182.3270815221224,1.3659467028658157
54307722,,C=CC(=O)OCCCCCCCCF,,0,103.396545758,83.6368684639,99.414570726,95.48266164929998,monomer,210.1409410699328,1.3083897913641709
3053846,,CC(=CCCC(=CCCC(=CCCC(=CCCC(=CCCC(=CCCC(=CCCC(=CCCC(=CCCC(=CCOC(=O)C=C)C)C)C)C)C)C)C)C)C)C,,0,503.47890412,500.058055403,425.182301418,476.239753647,monomer,859.0812335530433,1.384335318208758
86672979,,CC1=CC(=C(C=C1C)I)NC2=CC=CC(=C2)COC(=O)C=C,,0,222.487147129,213.32672788,159.785828061,198.53323435666664,monomer,304.9691086398246,1.4617288051400552
21421562,,COCCOCCOCCOCCOCCOCCOCCOC(=O)C=C,,0,169.276463807,178.408111329,174.56789609,174.08415707533334,monomer,386.63107065450544,1.3053441750147643
10130166,,CC(C)(C)NCCOC(=O)C=C,,0,78.8183802282,82.8585968338,86.0563727093,82.5777832571,monomer,182.80803555848092,1.3064236025004565
164109228,,C=CC(=O)OC1C(C(=O)C2(C1=O)CCCCC2)O,,0,117.647450181,90.0810602651,142.020038716,116.5828497207,monomer,228.6697309162287,1.3500344023958655
11836752,,C=CC(=O)O[C@H]1C[C@@H](C)CC[C@@H]1C(C)C,,0,139.359362846,109.836025194,89.0244350483,112.73994102943334,monomer,224.7480240674545,1.343801926034071
13323808,,C=CC(=O)ON,,0,53.3632046796,35.8145581834,10.1319615361,33.10324146636666,monomer,81.1442989727349,1.2743741801261854
21881314,,C=CC(=O)OCC(OC1=CCCC1)OC2=CCCC2,,0,164.45204949,103.212023829,142.855493306,136.83985554166668,monomer,256.8295045306729,1.3676309530560444
19768089,,CC(C#N)OC(=O)C=C,,0,63.815353567,52.517004283,48.7189553115,55.01710438716666,monomer,120.68256899289251,1.3095076077414733
67732070,,C=CC(=O)OCCCCCCCCCCCOC1=CC=C(C=C1)C2=CC=C(C=C2)C#N,,0,382.707836713,272.815746578,133.251468938,262.9250174096667,monomer,426.5026145469335,1.4335838463734563
20097428,,CC(C)(C)C1=CC(=CC(=C1COC(=O)C=C)C(C)(C)C)O,,0,134.831413873,152.362945585,207.45845979,164.88427308266668,monomer,302.91396659057966,1.3765368147987012
737020,,CC1(COC(=O)[C@H]1OC(=O)C=C)C,,0,91.9393056302,86.5953923769,64.746995277,81.09389776136666,monomer,172.41224764296962,1.32026928606279
98055,,CCCCCCC(C)OC(=O)C=C,,0,101.644209636,100.269815041,86.1673450341,96.02712323703332,monomer,204.7698015182729,1.319226549361584
71310572,,C=CC(=O)OCCC(=O)[O-],,0,112.964025759,51.2455616157,94.688036503,86.29920795923333,monomer,128.63431244310053,1.478210613416818
14496496,,CCOC(=O)CCOC(=O)C=C,,0,73.8697180901,50.1603516814,99.2484482214,74.4261726643,monomer,165.8961926299971,1.3041409012385177
129692971,,C=CC(=O)OC(CC)[N+](=O)[O-],,0,65.9350011686,80.0945942027,51.520366744,65.84998737176666,monomer,145.44811029607243,1.307178540752254
105376,,CC(C)(COC(=O)C=C)COC(=O)C1=CC=CC=C1,,0,132.38960612,78.2983844385,198.104173914,136.26405482416666,monomer,254.02479672165904,1.3704199004116233
17257,,CCCCCCCOC(=O)C=C,,0,78.3632700856,78.0408780755,105.808201681,87.40411661403334,monomer,187.5302523705817,1.3170858188254297
251817,,CC1=CC=CC=C1OC(=O)C=C,,0,98.954798746,65.8673750319,104.928804037,89.91699260496667,monomer,158.11058654246338,1.3955539385164468
3023753,,CCCCCCCCCCCCCCCCCCCCCCCCCCCCCCCCCCOC(=O)C=C,,0,317.992826007,308.603695785,315.599183076,314.065234956,monomer,647.9097975236485,1.3310479156046415
69837073,,C=CC(=O)OC1=CC=NN1,,0,96.9204925582,42.1138992197,45.6026295377,61.54567377186667,monomer,121.98408329677989,1.3460103291206762
136155102,,CC1=CC(=O)NC(=N1)NC(=O)NCCCCCCNC(=O)OCCOC(=O)C=C,,0,160.897124611,188.216586434,239.667051514,196.26025418633333,monomer,379.683885154929,1.3554301672320614
17768051,,C=CC(=O)ON1C=CC=N1,,0,99.2550075097,56.431626235,34.2799607396,63.32219816143333,monomer,122.94904506426492,1.3539969583625526
155899493,,CCN1C2=CC=CC=C2C3=C1C=C(C=C3)COC(=O)C=C,,0,151.050686309,114.717580818,271.855829467,179.20803219799998,monomer,262.92494268746,1.4871639464432118
86676520,,C=CC(=O)OC(CCC1=CC=CC=C1)CCC2=CC=CC=C2,,0,96.9071436925,203.982880506,183.904868211,161.59829746983334,monomer,298.6828746520252,1.3739879129717303
86815,,C=CC(=O)OC(C1=CC=CC=C1)C(=O)C2=CC=CC=C2,,0,149.966243694,148.692590999,145.094600044,147.91781157900002,monomer,249.9612480210051,1.4137890772709107
171714604,,C=CC(=O)OCBr,,0,65.2127760514,50.1446948683,28.2022594255,47.8532434484,monomer,105.45469870343688,1.3079496025746815
5142305,,C=CC(=O)OC1=CC=C(C=C1)N2C(=O)C3=C(C2=O)C(=CC=C3)[N+](=O)[O-],,0,166.220375258,197.157937871,214.29987309,192.55939540633327,monomer,279.23220364526713,1.4939010115291085
112001,,C=CC(=O)OCC(CO)O,,0,82.6397156382,43.175281038,49.731204543,58.5154004064,monomer,136.6025994821571,1.2892381029988855
53860247,,CC(C)C1(CCCC1)OC(=O)C=C,,0,89.2953796318,93.7820162364,100.546509575,94.5413018144,monomer,193.5174599485716,1.3339116969211067
102596112,,CCCCCC(CCCCC)OC(=O)C=C,,0,120.404954468,123.282056798,114.976552372,119.55452121266669,monomer,254.25102303276813,1.3201748944119251
18513443,,CCCCCCOCCOC(=O)C=C,,0,79.0468161862,107.867069648,99.1457818498,95.35322256133334,monomer,214.01754926329028,1.3018584896444196
90778654,,CC1=CC=C(C=C1)N=NC2=CC(=C(C(=C2)C)OC(=O)C=C)C,,0,186.441507947,226.536627649,138.321553507,183.76656303433333,monomer,283.66711520133987,1.4591207914626794
21365444,,CC1CCC(CC1)C(C)(C)OC(=O)C=C,,0,108.309297684,101.467132385,124.636834785,111.47108828466668,monomer,225.55222840090428,1.3381907756921276
129822428,,C=CC(=O)OC1=CC=CC=C1C(=C(C2=CC=CC=C2)C3=CC=CC=C3)C4=CC=CC=C4,,0,274.485959513,325.207459847,230.405850998,276.699756786,monomer,384.2542736919667,1.5198640843767495
11485348,,COC(=O)C1(C(C1(C#N)C#N)C2=CC=C(C=C2)OCCOC(=O)C=C)C#N,,0,129.032928759,244.064496643,184.67059298,185.922672794,monomer,327.00461981742217,1.3954486669395278
105448,,CN(CCOC(=O)C=C)S(=O)(=O)C(C(C(C(C(F)(F)F)(F)F)(F)F)(F)F)(F)F,,0,120.039251678,135.681467927,137.687359627,131.13602641066666,monomer,310.4328992600446,1.2849025385584323
22731403,,CCOC1CC2COC(=O)C2CC1OC(=O)C=C,,0,142.01910321,102.121480196,110.982338996,118.37430746733332,monomer,236.1793197915669,1.343481257542686
86740375,,COC(=O)COC(=O)C=C,,0,38.3546700855,53.505956134,83.4106562364,58.42376081863333,monomer,132.1012541093699,1.2994449466891842
162073,,C[N+](C)(CCOC(=O)C=C)CC1=CC=CC=C1,,0,178.285322804,106.573090493,170.626295778,151.82823635833333,monomer,240.77590448312185,1.4450178487762226
68649062,,CC(C)C(OC(=O)C=C)OC12CC3CC(C1)CC(C3)C2,,0,132.457721423,155.791482486,135.155399369,141.13486775933333,monomer,280.8723539520266,1.3444536998167507
169406,,C=CC(=O)OCCOP(=O)(O)O,,0,59.3195822558,67.6783614782,76.1834650517,67.7271362619,monomer,160.4773780449935,1.2846149350143314
15185261,,C=CC(=O)OCCCBr,,0,59.9954245423,51.0798771719,75.3414340596,62.1389119246,monomer,139.27910668472742,1.302306641649865
129860702,,CCCCCCCCCCCCSC(=S)SC(C)C(=O)OCCOC(=O)C=C,,0,257.309201612,222.803613294,205.839489568,228.650768158,monomer,434.4673531169944,1.3626110732954264
14910871,,CC(=CCC/C(=C\COC(=O)C=C)/C)C,,0,129.817695283,123.819757227,96.0768025404,116.57141835013331,monomer,224.34749606781705,1.3574931435052664
3022435,,CCCCCCC(C)COC(=O)C=C,,0,114.649066411,80.1775416181,121.952448987,105.59301900536666,monomer,221.24309130339327,1.3254460858487558
129786785,,C=CC(=O)OC1=CSC1,,0,105.194987048,18.7167337602,78.3714896729,67.42773682703334,monomer,121.698323511534,1.384099184035463
59245534,,CCCC1CCC(CC1)C2CCC(CC2)C3=CC(=C(C(=C3)F)OCCCCCCOC(=O)C=C)F,,0,211.11921268,285.276228621,291.780938951,262.725460084,monomer,494.0455169667235,1.3668449433345524
69237271,,C=CC(=O)OC1=CC=CC2=C1N(C3=CC=CC=C23)CCO,,0,202.139355133,92.1191884965,216.744917706,170.33448711183334,monomer,255.09629457948657,1.4755777605831588
118656,,C=CC(=O)OCCC(C(C(C(C(C(C(C(C(C(C(C(C(C(F)(F)F)(F)F)(F)F)(F)F)(F)F)(F)F)(F)F)(F)F)(F)F)(F)F)(F)F)(F)F)(F)F)(F)F,,0,179.727387381,196.976294445,164.736012279,180.479898035,monomer,492.2891877121746,1.2446742803081876
101059,,C=CC(=O)OCC1=C(C(=C(C(=C1Br)Br)Br)Br)Br,,0,222.685610564,92.1100039193,159.966280681,158.25396505476667,monomer,255.8619177431295,1.4352355294395596
5367501,,C=C/C=C/CCCCOC(=O)C=C,,0,73.2711386539,70.990944944,161.809966081,102.02401655963337,monomer,192.0815255939972,1.3663564837995037
139722226,,CCCCCCC(CCCCCC)OC(=O)C=C,,0,125.731725473,134.283401148,156.464295126,138.82647391566664,monomer,288.06707130158094,1.3289352686431712
19797972,,CCCCCCCCCCCCOC(=O)CCOC(=O)C=C,,0,162.505491842,156.90210572,154.994539185,158.13404558233333,monomer,338.6305587714378,1.3177571548138425
14746151,,C=CC(=O)OCCCCOC(=O)OC1=CC=C(C=C1)C(=O)C2=CC=CC=C2,,0,184.028827242,180.367187375,230.90137339,198.432462669,monomer,340.5725532110854,1.4065518253586415
20973,,CSCCOC(=O)C=C,,0,75.0754803625,43.0005310174,76.4578373772,64.84461625236666,monomer,138.7214345745059,1.3181028686049627
118536001,,C=CC(=O)OCC(C(C1=CC=CC=C1)C2=CC=CC=C2)(OC3=CC=CC=C3)OC4=CC=CC=C4,,0,264.974753855,292.111810973,219.328824714,258.8051298473334,monomer,423.54568735935936,1.4292143473804853
119058299,,C=CC(=O)OCCOCCOCCOCCOCCOCCOCCOCCOCCOCCOCCOCCNC(=O)OC(C)(C)C,,0,312.016416772,329.871570132,281.422062398,307.770016434,monomer,685.3714649914099,1.3044547579902301
118536003,,CCC(C(C1=CC=CC=C1)(C2=CC=CC=C2)C3=CC=CC=C3)OC(=O)C=C,,0,262.066908491,194.219304287,189.365053985,215.217088921,monomer,349.9839905186491,1.4323469923795198
57276811,,C=CC(=O)OCCNCCO,,0,59.8888416174,69.1302336907,82.489297483,70.50279093036666,monomer,158.10065630178144,1.3021512604762422
90375286,,CCCCCCCCCCSSCCOC(=O)C=C,,0,140.844252582,172.531109671,151.086138391,154.82050021466668,monomer,311.4075440095249,1.3404205336529518
71413787,,C=CC(=O)OCCCS(=O)(=O)C(C(C(C(F)(F)F)(F)F)(F)F)(F)F,,0,116.67308742,86.2110999583,141.610686256,114.83162454476668,monomer,270.86819243811686,1.2860045999762932
162071,,C[N+](C)(C)CCOC(=O)C=C,,0,90.6982375006,88.9926433037,67.0148568666,82.2352458903,monomer,169.0701018478673,1.3322974544350281
3023751,,CCCCCCCCCCCCCCCCCCCCCCCCCCCCCCCOC(=O)C=C,,0,279.637293381,317.966259739,270.579361634,289.394304918,monomer,599.0318498674186,1.3298208929043673
44607791,,C=CC(=O)OCC1=CC(=CC=C1)I,,0,122.588045951,126.282543349,60.3594761994,103.0766884998,monomer,188.50970596377488,1.3784535014968622
18316,,CCCCCCCCCCCCCOC(=O)C=C,,0,147.120790043,119.735910545,145.023948565,137.29354971766665,monomer,290.1998234932328,1.3223245616838943
181750,,C=CC(=O)OCC(Cl)(Cl)Cl,,0,93.7936426858,70.4743059343,47.4552837025,70.5744107742,monomer,148.43196451437598,1.3240945349850468
2776307,,C=CC(=O)OCC(CC(C(C(C(C(C(C(C(F)(F)F)(F)F)(F)F)(F)F)(F)F)(F)F)(F)F)(F)F)O,,0,139.103382195,123.835131031,131.175833987,131.371449071,monomer,353.6047095650047,1.2481716083609942
71487920,,CC(C)C1=CC2=C(C=C1)C3(C(=O)C4=CC=CC=C4C3(O2)OC(=O)C=C)O,,0,226.28753258,187.286552904,172.478091531,195.35072567166665,monomer,313.72131691131204,1.4386130491241729
22992681,,CC(CC1C2CC3CC(C2)CC1C3)OC(=O)C=C,,0,148.108394023,117.62158812,125.168625306,130.29953581633333,monomer,256.29875528809094,1.348937275348436
75873,,CCCCCCCCCOC(=O)C=C,,0,83.327748652,120.240146292,109.521161413,104.36301878566668,monomer,222.8528392191917,1.3187439839830652
15685473,,C=CC(=O)OCCCC#N,,0,81.5304690902,44.720963074,60.6796231267,62.31035176363333,monomer,138.8869960447274,1.3041480377051629
118382728,,C=CC(=O)OCCCCCCCCCCCCCCC,,0,138.694828254,176.682419862,149.543275989,154.97350803499998,monomer,323.3582829679402,1.3269382569916282
11217233,,C=CC(=O)OCO,,0,45.7665978317,22.2754116973,49.7392690003,39.26042617643333,monomer,94.95512230566425,1.2783722403158768
141485225,,C=CC(=O)OCC12CC3CC(CC(C3)C1)C2,,0,133.956030739,83.5060914835,128.469073625,115.31039861583334,monomer,224.4344240405617,1.353046130143387
45094573,,CCC1(COC1)OCCOC(=O)C=C,,0,82.8331125052,85.6569845708,101.304818465,89.93163851366667,monomer,196.39816988732903,1.3110072354680065
3023752,,CCCCCCCCCCCCCCCCCCCCCCCCCCCCCCCCOC(=O)C=C,,0,308.406470766,327.690873824,264.215304741,300.10421644366664,monomer,613.7463935233561,1.3342353282245372
105238,,CN(CCOC(=O)C=C)S(=O)(=O)CC(C(C(C(C(C(C(C(F)(F)F)(F)F)(F)F)(F)F)(F)F)(F)F)(F)F)(F)F,,0,181.942439404,124.917938979,207.0736506,171.31134299433333,monomer,410.8903784284768,1.2808919965341616
57062121,,CC=COC(=O)C=C,,0,61.1608011977,72.9567511824,32.3770747557,55.49820904526666,monomer,113.69689224620876,1.3335974526503558
15458,,CC(C)(C)OC(=O)C=C,,0,51.5103644549,68.8944641885,65.3068556037,61.90389474903333,monomer,135.0094699135131,1.3114603549356836
57747549,,CC1=CC=C(C=C1)N(C2=CC=C(C=C2)C)C3=CC=C(C=C3)C4=CC=C(C=C4)CCOC(=O)C=C,,0,432.437794877,149.862327207,435.776932712,339.35901826533336,monomer,435.68622191925584,1.5714255301238589
11451824,,C=CC(=O)OCCOCCOCCOCCOCCOCCOCCO,,0,163.005177803,177.727021789,150.380834911,163.70434483433334,monomer,370.3659127113233,1.2992549665364928
19862056,,C=CC(=O)OC1=CC=CC=C1N=NC2=CC=CC=C2,,0,187.304011514,118.579103106,127.322563282,144.401892634,monomer,233.59507203468044,1.4349597888863828
90375204,,CCCCCCCCCCCCSSCCOC(=O)C=C,,0,167.407004454,161.313303895,183.938680704,170.88632968433333,monomer,344.1853666746845,1.339914825638942
94232,,C=CC(=O)OCC1CCCO1,,0,75.2761998338,43.1297979219,96.6180013145,71.67466635673334,monomer,151.37518565377886,1.3226162440856155
543283,,CCCCCCCCCCCC(CC)OC(=O)C=C,,0,154.093240583,147.732348767,131.699053026,144.50821412533332,monomer,306.491204147059,1.3211231047267225
129673021,,C=CC(=O)OOC(=O)C1=CC1=O,,0,119.128712824,52.7905739033,45.3426658026,72.42065084330001,monomer,138.84944409262317,1.3590051125949567
13907995,,C=CC(=O)OCCOC1CC2CC1C3C2CC=C3,,0,128.667447893,103.341957873,145.665681115,125.891695627,monomer,239.93779545577144,1.361387804428418
129834454,,C=CC(=O)OCCOCCOC1=CC2=C(C=C1)C(=CC(=O)N2CC3=CC=CC=C3)C4=CC=CC=C4,,0,291.969801827,308.022354885,243.640749561,281.21096875766665,monomer,437.1051909876424,1.455446413765402
129883255,,C=CC(=O)OCC1=CC=C(C=C1)N=CC2=CC=C(C=C2)[N+](=O)[O-],,0,190.988503029,222.898133122,114.796149988,176.22759537966667,monomer,277.56441849441245,1.4485436091878796
129818296,,COC1=C(C(=C(C=C1)OC(=O)C=C)OC)OC,,0,165.800246347,84.7836213963,122.883202201,124.48902331476668,monomer,219.15425091160785,1.3950403579692723
81766,,CCOCCOCCOC(=O)C=C,,0,101.538587108,79.3753926738,74.2614377256,85.05847250246666,monomer,187.8191945300509,1.3072788689856496
19989416,,C=CC(=O)ON1CCOCC1,,0,64.6495510959,58.1011489939,85.5380779061,69.42959266529999,monomer,147.3432110935852,1.3209123141237695
3051373,,C[C@]12CC[C@H]3[C@H]([C@@H]1CC[C@H]2C(=O)COC(=O)C=C)CCC4=CC(=O)CC[C@]34C,,0,168.577427783,204.319720661,250.007148916,207.63476578666663,monomer,380.1809858321976,1.3779485291574038
58231724,,C=CC(=O)OC1=CC=CC(=C1)C2=CC=CC3=C2SC4=CC=CC=C34,,0,299.64617309,77.9228837626,271.139046098,216.2360343168667,monomer,290.64890105090905,1.5405580571826516
129673036,,CCCCCC(O)(OC)OC(=O)C=C,,0,80.0950032554,82.7206144331,113.592610211,92.1360759665,monomer,205.07498688135,1.3046203990169507
53767698,,CCCCCCCCCCCCCCCCCCON1C(CC(CC1(C)C)OC(=O)C=C)(C)C,,0,277.332860155,243.244871712,259.914829499,260.164187122,monomer,538.1665376449391,1.330063968715929
16541,,CCCCCCCCCCOC(=O)C=C,,0,114.081791231,94.2817741663,127.661904959,112.00849011876666,monomer,237.5687049755528,1.321112720227278
20230537,,CCNC(=O)OCCOC(=O)C=C,,0,106.986905754,55.1560516893,81.6727652163,81.2719075532,monomer,179.8774836964265,1.3064972664033803
58800674,,CC1=CC=C(C=C1)N(C2=CC=C(C=C2)C)C3=CC=C(C=C3)C4=CC=C(C=C4)OC(=O)C=C,,0,249.598722513,500.76187042,248.760897396,333.0404967763333,monomer,402.0960010155597,1.6163315774341505
68422741,,C=CC(=O)ON1CCCC1,,0,88.6393360196,64.5936665515,44.2740199618,65.83567417763332,monomer,138.4415600370657,1.3241559750001533
18372054,,C=CCCOC(=O)C=C,,0,58.1396508764,76.5245135508,53.5161679269,62.726777451366665,monomer,130.74512399562363,1.3273141622132327
13774217,,C=CC(=O)OC1=CC=C(C=C1)Br,,0,168.721918002,45.2547359391,65.8652427613,93.28063223413334,monomer,160.10545288976027,1.4065330076044666
21872251,,C=CC(=O)OC1=C(C(=C(C=C1)Br)Br)Br,,0,209.807666035,147.536814426,16.4728699806,124.60578348053332,monomer,200.6434505872041,1.437271094066131
30581,,C=CC(=O)OC(=O)CC(C)=O,,0,74.8986267585,42.8451444928,80.1307959135,65.95818905493333,monomer,143.7334316363092,1.311740411958212
81530,,C=CC(=O)OCC,,0,29.1364757703,55.6468978185,52.0926242139,45.6253326009,monomer,102.98072071093875,1.3000212779799403
86753069,,C=CC(=O)OCCCCCCOC1=CC=C(C=C1)C2=CC=C(C=C2)C3CCC(CC3)CCCOS(=O)(=O)C(F)(F)F,,0,378.751829381,251.611005186,311.543589679,313.96880808199995,monomer,543.9139213992582,1.402280530625986
21746034,,C=CC(=O)OC1=CN=CC=C1,,0,30.0191006451,76.671896205,124.617543763,77.10284687103332,monomer,137.2329655768679,1.3901770559276774
20802233,,C=CC(=O)OCC12CC3CC(C1)CC(C3)C2,,0,126.953022836,109.942435666,109.030058361,115.308505621,monomer,224.04110310874472,1.3537280160768137
53967443,,CCCCC(CC)CC1=C(OC=C1)OC(=O)C=C,,0,175.830268868,103.978871659,127.74167004,135.850270189,monomer,258.26397799064404,1.362407489941145
13782846,,CC(N(C)C)OC(=O)C=C,,0,62.1766776411,51.1692986365,90.5106913245,67.95222253403334,monomer,148.91703904143807,1.309823802228897
44145593,,C=CC(=O)OCC(CO)(CO)COCC(CO)(CO)CO,,0,144.077031491,120.604984944,112.650621148,125.77754586100002,monomer,291.60456493207454,1.2914107106438566
15748566,,CCCCCC(CC)OC(=O)C=C,,0,102.769276122,94.5475952749,91.310084357,96.2089852513,monomer,205.94647458757169,1.3178870431857663
165365566,,CC(C)(C)C(CCC1=CC=C(C=C1)Cl)(CN2C=NC=N2)OC(=O)C=C,,0,194.592739652,233.449360955,131.82821048,186.623437029,monomer,341.4295409551892,1.3782955453359333
21727128,,C=CC(=O)OCCC1CO1,,0,69.475282005,36.7725309234,85.1463989027,63.798070610366665,monomer,137.8665259699519,1.314608747648767
87722336,,CC(CN(C)C)(N(C)C)OC(=O)C=C,,0,94.825570887,85.5653030399,107.790192053,96.06035532663331,monomer,211.4060857143324,1.3083997584605762
21895353,,CCCCC(CC)COC(=O)CCOC(=O)C=C,,0,120.428731735,127.683947426,118.549985887,122.22088834933334,monomer,268.9363655658893,1.3084533998882544
18426508,,CS(=O)(=O)CCOC(=O)C=C,,0,95.1677438151,69.1047885441,58.8389188356,74.3704837316,monomer,155.3623961597736,1.3265093118228772
88088085,,C=CC(=O)OC(C1=CC=C(C=C1)F)(C(F)(F)F)C(F)(F)F,,0,149.807592549,98.82911673,67.911507665,105.51607231466666,monomer,228.28597319839727,1.3142053835998722
18648933,,C=CC(=O)OCCOC1[C@@H]([C@H]([C@H]([C@H](O1)CO)O)O)O,,0,113.284667382,87.9115820786,121.592254514,107.59616799153332,monomer,244.40640100981145,1.2979502044755902
15055442,,CC(C)(C(=O)C1=CC=C(C=C1)OCCOC(=O)C=C)O,,0,148.581526182,81.3024192232,211.621376601,147.16844066873333,monomer,264.1529105756585,1.3864991813802847
22465159,,C=CC(=O)OCC(CN(F)F)N(F)F,,0,83.9477299148,48.0071989105,78.7708197253,70.24191618353332,monomer,167.28254154794055,1.2830574807568365
20329016,,CC(C)(C)C1=CC(=CC(=C1O)C(C)(C)C)OC(=O)C=C,,0,154.223716724,128.372679367,188.511260015,157.03588536866667,monomer,283.8333512701834,1.3834848287330157
75588,,C=CC(=O)OCCCCO,,0,72.4119630137,49.2136407073,71.6514097618,64.42567116093333,monomer,145.28299021875404,1.3003176498686841
18615292,,C=CC(=O)OCC1=C2C=CC3=CC=CC4=C3C2=C(C=C4)C=C1,,0,205.538521127,226.078797323,150.869944514,194.162420988,monomer,260.8981354333111,1.540759812714208
13759504,,CC1=CC=C(C=C1)OC(=O)C=C,,0,116.064859357,104.754584383,52.3838030767,91.0677489389,monomer,156.95139547677894,1.4046415859879986
91757807,,C=CC(=O)OCCOCCOCCOCCOCCOCCOCCOCCOCCOCCOCCOCCN,,0,266.975216272,254.724193853,263.368106715,261.68917228000004,monomer,588.9840602837091,1.3009490051397345
168059192,,CC(C)N(CC1=C(C(=CC(=C1)C=O)OC)OC(=O)C=C)C(C)C,,0,221.914609261,183.563143188,118.037215074,174.50498917433333,monomer,319.19186412374387,1.3783844022028726
13351124,,C/C=C/1\CCCC\C1=C/CCOC(=O)C=C,,0,131.431467091,101.561727485,158.030528303,130.3412409596667,monomer,232.6257258927971,1.3889765793506232
23635727,,CCCC(=O)NC1=CC=C(C=C1)OC(=O)C=C,,0,62.1925607644,116.033142303,222.850268579,133.6919905488,monomer,224.2794966473965,1.417240450565948
133188422,,C=CC(=O)ON(OC(=O)C=C)OC(=O)C=C,,0,99.7186269398,82.0943528818,111.043807365,97.6189290622,monomer,197.65819938564624,1.3379365052754162
19756660,,C/C=C/C=C/OC(=O)C=C,,0,110.533534166,32.9071598109,124.269713879,89.23680261863332,monomer,141.5061674724179,1.445052236290425
3019605,,C=CC(=O)OCC1=C(C=CC=C1Cl)[N+](=O)[O-],,0,139.550113531,89.1536249075,97.1627360282,108.62215815556668,monomer,199.63202363816103,1.3763700039536362
18392,,COCCOC(=O)C=C,,0,62.0295664136,38.2183995344,69.8302147002,56.69272688273333,monomer,128.04611099763616,1.2998040089638478
13668398,,C=CC(=O)OCCOC(=O)CCS(=O)(=O)CCCl,,0,119.441275775,117.875726619,120.315888304,119.210963566,monomer,250.18256199241512,1.3248652197809565
3247070,,CC1=C(C(=C(C2=C1O[C@](CC2)(C)CCC[C@H](C)CCC[C@H](C)CCCC(C)C)C)OC(=O)C=C)C,,0,330.088060942,221.107696108,321.846991933,291.014249661,monomer,526.82282848195,1.3828049433093976
129849674,,C=CC(=O)O[C@@]1([C@@H]([C@H]([C@H]([C@H](O1)CO)O)O)O)O,,0,99.5389723331,67.5903099582,106.035595661,91.05495931743332,monomer,212.84106773078744,1.288832019531592
88025334,,C=CC(=O)OC(=C)C=O,,0,79.1518438757,26.475347804,64.085213971,56.570801883566666,monomer,117.01121936125908,1.3300924118532866
13338025,,C=CC(=O)OC1=CC=CC=C1C2=CC=CC=C2,,0,161.507416141,65.2738090068,178.900944227,135.2273897916,monomer,211.91318356400276,1.451172079042455
129858029,,C=CC(=O)ON=[N+]=[N-],,0,66.5977303414,32.6004177496,43.0925995816,47.4302492242,monomer,96.18326897985966,1.3373673105459116
54542510,,C=CC(=O)OC12CC3CC(C1)CC(C3)C2O,,0,141.620727629,104.770275845,84.4320208322,110.2743414354,monomer,214.40705189822157,1.3534583549106012
76340,,C=CC(=O)OCC(C(C(C(C(C(F)F)(F)F)(F)F)(F)F)(F)F)(F)F,,0,115.562211597,58.7402193977,107.71640643,94.00627914156668,monomer,251.53430879113623,1.249749676747415
22400639,,C=CC(=O)OCC1=C2C=CC=NC2=C(C=C1)O,,0,169.477046168,66.9973390232,135.798183131,124.0908561074,monomer,206.2511003881176,1.4216772655560266
2776224,,C=CC(=O)OCC(CC(C(C(C(C(C(F)(F)F)(C(F)(F)F)F)(F)F)(F)F)(F)F)(F)F)O,,0,135.840095569,113.376179354,108.318959939,119.17841162066668,monomer,325.1784918224687,1.2445945046994762
89428483,,C=CC(=O)OC12CC3CC(CC(C3)C1C)C2,,0,134.88762229,115.172080374,98.8408315884,116.30017808413334,monomer,221.8488798969911,1.361040123599947
3465231,,C=CC(=O)OC1=C(C(=C(C(=C1Br)Br)Br)Br)Br,,0,149.942530158,108.138084856,198.242511429,152.10770881433334,monomer,240.57159025586347,1.4463994268278455
544477,,CC1(C2CCC1(C(C2OC(=O)C=C)OCC(C)(C)C)C)C,,0,147.345287266,166.863635545,147.752743074,153.98722196166668,monomer,312.4745338419527,1.337122388225944
11630244,,CC(C)CCCCCCCCCCOC(=O)C=C,,0,146.301950418,139.557823112,123.799665104,136.5531462113333,monomer,289.6219187687113,1.3211196711382602
69285273,,CC1=CC=C(C=C1)N(C2=CC=C(C=C2)C3=CC=C(C=C3)CCOC(=O)C=C)C4=C(C=C(C=C4C)C)C,,0,380.198742867,211.92248988,474.800049932,355.64042755966665,monomer,467.8403450976847,1.5547815089693173
68773183,,CCN(CC)C1=CC=C(C=C1)CCOC(=O)C=C,,0,113.98472923,152.82190585,157.308693175,141.371776085,monomer,252.85490605704263,1.3880368846821807
3022438,,CCCCCCCCCC(C)COC(=O)C=C,,0,135.776444042,105.45154258,152.504933761,131.2443067943333,monomer,273.65051292078186,1.3271954860021802
129626459,,CC(C)(C)OC(=O)OC1=CC=C(C=C1)OCCCCCCOC(=O)C=C,,0,182.100700098,176.408561714,203.934823637,187.48136181633333,monomer,359.06597806255127,1.3594337188908756
39485,,C=CC(=O)OCCOC1=CC=CC=C1,,0,102.067157031,68.5210622919,124.15850006,98.24890646096668,monomer,183.3517348904448,1.3699791899684615
23663682,,C=CC(=O)OCCCS(=O)(=O)[O-],,0,114.906533847,76.8573362425,85.5721752207,92.44534843673334,monomer,161.71505678749668,1.3978801616951924
543284,,CCCCCCCCCCC(CCC)OC(=O)C=C,,0,165.790482914,122.244097365,153.617900174,147.21749348433335,monomer,305.2863131911048,1.329163145021408
58021564,,CCOP(=O)(COC(=O)C=C)OCC,,0,132.142612531,94.589976744,69.8774178203,98.8700023651,monomer,202.73402803919564,1.3332654218083209
44457109,,CC(=O)OCC([C@@H]1[C@@H]([C@H]2[C@@H](O1)OC(O2)(C)C)OC(=O)C=C)OC(=O)CCC(=O)N3CCN(CC3)C4=C(C=C5C(=C4)N(C=C(C5=O)C(=O)O)C6CC6)F,,0,389.138651158,397.519425654,271.033997934,352.5640249153333,monomer,633.4674878683174,1.3860532360564448
129721060,,C=CC(=O)OC1=C(C=CC2=C1NC3=CC=CC=C23)CCO,,0,140.617369786,158.922617001,230.569247565,176.70307811733332,monomer,253.16058067852163,1.5009904838754438
543279,,CCCCCCCCCC(CC)OC(=O)C=C,,0,135.9090164,119.283806611,132.986746663,129.39318989133335,monomer,272.87145096696406,1.3231403254755536
54002635,,C=CC(=O)OCCCOC1=CC2=CC=CC=C2C=C1,,0,145.537231144,115.499877502,196.348445607,152.46185141766668,monomer,244.70755276541055,1.4388951082898624
125483581,,C=CC(=O)OCCOC(=O)C(Cl)Cl,,0,117.019966585,72.666558588,58.6613438256,82.78262299953333,monomer,178.93931927141,1.3145173755596946
17827951,,C=COC(=O)C=C,,0,77.851919026,51.5382573337,18.2001361094,49.19677082303334,monomer,97.29223227348383,1.3468619992541464
13587852,,C=CC(=O)OC1=C(C(=CC(=C1F)F)F)F,,0,127.661424061,68.1074189666,58.950686571,84.9065098662,monomer,161.61902847918225,1.361898121326661
145740231,,CC(=O)NC1=CC=C(C=C1)C(=O)C=CC2=CC=C(C=C2)OC(=O)C=C,,0,225.404014202,376.729444542,85.7624456175,229.29863478716663,monomer,309.4668858944926,1.537914826726163
129854619,,CCCCCCCCCCCCCCOC(=O)CCOC(=O)C=C,,0,174.108805468,174.485193436,175.065627196,174.55320870000003,monomer,368.9421072393132,1.3223380985649567
132281623,,C=CC(=O)OC1CCC2C1C3CC2C(C3)OC=O,,0,124.551190116,105.248521296,129.513364452,119.771025288,monomer,235.22210077774932,1.3495410883082015
23437533,,C=CC(=O)OC1=CC=C(C=C1)S(=O)(=O)C2=CC=C(C=C2)O,,0,152.876069379,128.178420178,206.003581204,162.35269025366668,monomer,255.3049606068041,1.4493674469979736
6455702,,C=CC(=O)OCCN,,0,60.1347987835,44.2353649496,46.7954808792,50.388548204100005,monomer,115.7446252255872,1.2943543918345364
19779557,,C=CC(=O)OC1=CC=CS1,,0,141.965869958,67.1854270285,30.6020018983,79.91776629493334,monomer,130.36496317847758,1.4308135186585786
129721294,,C=CC(=O)OC1=CC=C(C=C1)C2C(CC2(C#N)C#N)(C#N)C#N,,0,127.72638588,141.790169741,211.955035321,160.490530314,monomer,271.6411703751966,1.4130375135519229
13932176,,CCCCCCC(COC(=O)C=C)O,,0,89.1227881539,106.419674802,93.7437775852,96.42874684703334,monomer,213.8783138466323,1.305787028118406
87149,,C=CC(=O)OCCC(C(C(C(C(C(F)(F)F)(F)F)(F)F)(F)F)(F)F)(F)F,,0,81.263636018,104.757141942,115.030559186,100.35044571533336,monomer,271.9756164216807,1.2463517758149885
174079,,C=CC(=O)OCCC(C(C(C(C(C(C(C(C(C(C(C(C(C(C(C(C(C(F)(F)F)(F)F)(F)F)(F)F)(F)F)(F)F)(F)F)(F)F)(F)F)(F)F)(F)F)(F)F)(F)F)(F)F)(F)F)(F)F)(F)F)(F)F,,0,179.67693024,274.098999724,206.106860814,219.9609302593333,monomer,604.4314171972592,1.2427532389431095
124202872,,CO[13C](=O)C=C,,0,48.7001552204,32.1168975548,31.0298529062,37.2823018938,monomer,86.35864250247691,1.2916933282144172
163826037,,C=CC(=O)OC1CC2=CC=CC=C2C1,,0,114.034168599,85.6839393043,112.08485156,103.9343198211,monomer,180.3008099040312,1.4016569057289903
5062351,,C=CC(=O)OCC(O)COC(=O)C=C,,0,91.4397577471,97.7239648977,70.1765957279,86.4467727909,monomer,186.2768680337809,1.3155941130760347
54152861,,C=CC(=O)OCCOCCOCCC#N,,0,96.109072472,75.6938427396,104.547419812,92.1167783412,monomer,207.34294782420204,1.300924311886334
117666949,,CCC1=C(N=C(C(=N1)C(=O)N)NC2=CC=C(C=C2)N3CCN([C@@H](C3)COC(=O)C=C)C)OC4=CC=CC(=C4)NC(=O)C=C,,0,404.253494034,326.425604762,357.233277592,362.637458796,monomer,542.7934660068083,1.4758843671642112
53426370,,C=CC(=O)OCCCCOC(=O)CCl,,0,111.225015851,60.1387786393,106.95561184,92.77313544343332,monomer,198.86053984274108,1.3174162679900288
22728782,,C=CC(=O)OCCN1CCOC1=O,,0,54.6228017496,77.7835820864,97.5467960395,76.6510599585,monomer,168.19249294448954,1.3093974184562016
155432394,,CC(C)(CCOC(C)(C)CC(=O)ON1C(=O)CCC1=O)OC(=O)C=C,,0,160.431080049,151.794313709,167.359099729,159.861497829,monomer,338.48733114180425,1.321713212691727
121494101,,C=CC(=O)OCC1CC[C@H]2O[C@H]2C1,,0,109.225026861,72.2490787769,85.739999663,89.07136843363334,monomer,176.78680701233273,1.3454761142910805
18533710,,C=CC(=O)OCCCOC1=CC=C(C=C1)C2=CC=C(C=C2)C#N,,0,223.270153813,148.540708378,205.879849338,192.56357050966668,monomer,290.3214977952693,1.471881346501413
129718202,,C=CC(=O)OC1=C(C(=C(C(=C1C2CCC2)C#N)C#N)C#N)C#N,,0,139.175526242,180.764716053,209.26974355,176.40332861499996,monomer,272.4415029878457,1.4588462508488746
21318160,,CCC(C)(C)C1=CC=C(C=C1)OC(=O)C=C,,0,96.8971850616,121.936434735,169.244484335,129.35936804386668,monomer,225.0524994711408,1.4003533585376737
909765,,CC1=CC(=O)OC2=C1C=CC(=C2CN3CCOCC3)OC(=O)C=C,,0,175.232833459,244.782928174,129.949537783,183.321766472,monomer,295.7132758420788,1.4363813021277252
86705072,,CC1(/C(=C/CCOC(=O)C=C)/OC(=O)O1)C,,0,109.355132413,58.009146752,136.273421014,101.21256672633336,monomer,209.7381303971865,1.3294175284467402
19033442,,C=CC(=O)OCCCCCCOC1=CC=CC=C1,,0,163.862240661,73.4553026005,158.887532427,132.0683585628333,monomer,251.5772041610419,1.361600220954955
9815589,,C=CC(=O)OCCCCOCC1CO1,,0,97.4146668673,71.1823669554,107.140269887,91.9124345699,monomer,198.4877394888616,1.3148401592235681
23132660,,CC(C)CC1(OCC(O1)COC(=O)C=C)C,,0,97.0228698845,106.257192794,122.313345918,108.53113619883334,monomer,228.08176815908985,1.324376494650427
19911713,,C=CC(=O)OC1=C(C(=C(C=C1)Cl)Cl)Cl,,0,183.167682366,129.017936118,28.3430832125,113.50956723216666,monomer,186.453961549308,1.4273947002640235
102246,,CCCN(CCOC(=O)C=C)S(=O)(=O)C(C(C(C(C(C(C(C(F)(F)F)(F)F)(F)F)(F)F)(F)F)(F)F)(F)F)(F)F,,0,160.705921959,191.529995987,187.749774272,179.99523073933332,monomer,425.21785473244046,1.2855387989408804
10176402,,C=CC(=O)OCCN1CCCCC1,,0,92.098953619,85.2780410316,95.0826901378,90.81989492946668,monomer,190.5223751810579,1.3250097218131986
129824099,,CC(C)(C(=O)OC12CC3CC(C1)CC(C3)(C2)OC(=O)C=C)Br,,0,171.48428423,148.088737519,147.452277379,155.67509970933332,monomer,302.48110457455226,1.3537164926073886
54500825,,CCCCCCCC(=O)OCCCCCCOC(=O)C=C,,0,142.212730365,151.696229974,153.824047627,149.24433598866668,monomer,317.7555377087556,1.3197722140211579
133550465,,C[C@@]12CCC3C([C@H]1CC[C@H]2C(=O)COC(=O)C=C)CCC4=CC(=O)CC[C@@]34C,,0,189.215595481,198.390135339,229.014026697,205.53991917233336,monomer,378.7205433860686,1.3752929006346557
167312788,,C=CC(=O)OCCOCCNC(=O)CCCN1C(=O)C=CC1=O,,0,170.151511751,95.2312920662,164.664963731,143.3492558494,monomer,298.61461270572994,1.3275270958592258
107516,,C=CC(=O)OCC(C(C(C(C(C(C(C(F)F)(F)F)(F)F)(F)F)(F)F)(F)F)(F)F)(F)F,,0,128.961914426,81.7760481476,130.300949525,113.6796373662,monomer,306.5905512372834,1.2476479077571165
106569,,CN(CCOC(=O)C=C)S(=O)(=O)C(C(C(C(C(C(C(F)(F)F)(F)F)(F)F)(F)F)(F)F)(F)F)(F)F,,0,132.142773164,180.663762239,155.532222703,156.11291936866667,monomer,364.5347794430978,1.2891577497639464
12860205,,C=CC(=O)OCC1CCC2C(C1)O2,,0,75.0781251276,89.6220094778,90.9509480999,85.21702756843335,monomer,178.6926651396313,1.325161534735492
15722986,,C=CC(=O)OCCI,,0,41.0668113174,77.5300212472,65.387115653,61.3279827392,monomer,133.17124434049816,1.3129489621830543
58165347,,CC(COC(C)COC(C)COC(=O)C=C)OC,,0,94.497769287,116.633500178,152.870304143,121.33385786933331,monomer,264.05488249051353,1.3121933130410504
62012,,CCCCCCCCC(C)OC(=O)C=C,,0,129.642168059,86.1635661653,122.607157023,112.80429708243334,monomer,238.75341344699507,1.3218551247298878
53829200,,C=CC(=O)ON1CCCCC1,,0,65.166225853,81.8321824984,78.9460949565,75.31483443596666,monomer,154.6808191138987,1.3326793625352207
21895357,,CCCCOC(=O)CCOC(=O)C=C,,0,78.0489385151,98.1378756323,97.8681155795,91.3516432423,monomer,200.8276701083402,1.308761267388195
129695637,,COC(COCCOCCO)(O)OC(=O)C=C,,0,116.902143817,104.184436914,74.9331638702,98.6732482004,monomer,232.07250588387043,1.2869131426473457
53430979,,C=CC(=O)OCCNCS(=O)(=O)C(C(C(C(C(C(C(C(F)(F)F)(F)F)(F)F)(F)F)(F)F)(F)F)(F)F)(F)F,,0,174.348322984,160.531375904,135.291442699,156.7237138623333,monomer,392.28124570221104,1.2682693323284933
11566095,,C=CC(=O)Oc1c(C)cc(C)cc1C,,0,82.8580636274,140.285374902,109.055517954,110.73298549446666,monomer,191.3528325816286,1.403421405356943
10192585,,CC(C)(CO)COC(=O)C=C,,0,89.1405734011,51.3191558852,77.5049944569,72.6549079144,monomer,162.01943074910832,1.3039948612940828
14793980,,C=CC(=O)OCC1CC2CC1C3C2CCC3,,0,129.765784338,100.948432154,113.204125441,114.63944731099998,monomer,222.56146634818268,1.3540452065742876
140773107,,CC1=C(CC(CC1=O)C(=C)C)OC(=O)C=C,,0,119.642437141,98.0772741244,148.279054506,121.99958859046669,monomer,216.266174680089,1.3919614202126191
155509,,C=CC(=O)OC[C@@H]1CCCN2[C@@H]1CCCC2,,0,120.623221904,127.36822969,92.8758327834,113.6224281258,monomer,228.7975837329889,1.3399993188298214
85617,,C=CC(=O)OC1CCCC1,,0,58.7799488712,70.7699749406,80.1560185037,69.90198077183334,monomer,141.27700594502815,1.3386233819829054
129808889,,C=CC(=O)OCC([N+](=O)[O-])[N+](=O)[O-],,0,77.2955308306,41.0691279809,92.5250660954,70.29657496896667,monomer,154.12743623175032,1.309664089537356
70139719,,C=CC(=O)OC1C=CC2=CC=CC=C2O1,,0,111.499879988,68.4756914653,155.304111269,111.75989424076666,monomer,182.08879187920004,1.4314054893826635
7234,,C=CC(=O)OCC1CC2CC1C=C2,,0,86.1538962,90.5789122472,94.4446331704,90.3924805392,monomer,177.57100695866393,1.3494399087831819
80995,,C=CC(=O)OCCN1CC1,,0,78.0352571455,40.2730652398,80.4097156176,66.23934600096666,monomer,141.28950885399155,1.319128376977979
57596650,,CC1=CC=C(C=C1)N(C2=CC=C(C=C2)C)C3=CC=C(C=C3)C=CC4=CC=CC=C4OC(=O)C=C,,0,314.477338952,201.710870685,490.999457085,335.7292222406667,monomer,429.9670713184592,1.573142244374565
170992186,,CC1CCC(C(=O)C1)C(C)(C)OC(=O)C=C,,0,131.371060914,90.5459139274,113.676049494,111.86434144513332,monomer,230.08469354933703,1.3321397031858486
4443516,,C=CC(=O)OCC(COC1=CC=CC=C1)O,,0,122.5248316,104.83864054,93.0301676974,106.7978799458,monomer,209.69707748637225,1.3496273172088389
90558,,C=CC(=O)OCCC(=O)O,,0,77.3792848573,44.2156965798,52.2970540551,57.96401183073333,monomer,132.83400967414016,1.295104739176247
21981399,,C=CC(=O)OCCCN,,0,61.7602978697,44.654272092,69.5106567744,58.641742245366665,monomer,132.36724582518082,1.300003400447588
21884879,,C=CC(=O)OC1=CC=CC=C1C(=O)C2=CC=CC=C2,,0,190.086331713,99.0476197528,139.700745637,142.94489903426668,monomer,232.2793283316124,1.4327233636625103
19050546,,C=CC(=O)OC1=C(C=C(C=C1Cl)Cl)Cl,,0,170.758650754,116.668630935,44.058014073,110.49509858733332,monomer,186.3080493622224,1.4148353140717342
20140283,,C=CC(=O)OCC1=CC=C(C=C1)C(F)(F)F,,0,111.016570213,69.8716048705,103.436142879,94.77477265416668,monomer,191.04163664836236,1.3396121987362328
18469648,,CCCCC1CCC(CC1)OC(=O)C=C,,0,110.584385274,88.7109587136,136.39349322,111.89627906920002,monomer,227.6250433725056,1.336203468160433
129721572,,C=CC(=O)OC(=O)C1=C(C(=CC=C1)[N+](=O)[O-])[N+](=O)[O-],,0,140.135125658,43.7294683413,157.690607984,113.85173399443332,monomer,211.78393160270736,1.371318868435576
21884854,,CCCCCCCCCC1=CC=CC=C1OC(=O)C=C,,0,121.752567335,182.548524807,156.898454035,153.733182059,monomer,292.5554558449466,1.362001120980698
121420672,,CCCCCCCC(CCCCCCC)OC(=O)C=C,,0,153.64065789,144.026525369,167.012111661,154.89309830666667,monomer,324.73632866812983,1.32522859650232
87565,,CCCCCCCCCCCCCCCCCCCCCCOC(=O)C=C,,0,209.961288425,178.100504164,248.970019624,212.34393740433333,monomer,440.7966870028994,1.3287877310251872
18979434,,C=CC(=O)OCCCCCCOC1=CC=C(C=C1)C2=CC=C(C=C2)C3CCC(CC3)CCC4OCCO4,,0,378.956238912,329.929039288,224.139566572,311.0082815906667,monomer,499.6636768658325,1.4384077810978406
132848333,,CN(C1=CC=C(C=C1)OC(=O)C=C)C2=NS(=O)(=O)C3=CC=CC=C32,,0,297.984256762,252.165986463,78.7832528141,209.6444986797,monomer,291.3909730957932,1.5193188614964497
86736828,,CCC(C)(NC(=O)NC1=CC=CC=C1)OOC(=O)C=C,,0,185.641357716,147.310373557,94.659855548,142.53719560699997,monomer,263.45599702615954,1.3739818031229611
10154104,,C=CC(=O)OCCOC=C,,0,66.0772881875,46.2460224623,81.1146337141,64.47931478796666,monomer,139.53904220083967,1.3141146149940583
76599744,,C=CC(=O)OCC=CC(C(F)(F)F)(C(F)(F)F)F,,0,106.398901217,54.2977517873,92.2018754522,84.2995094855,monomer,200.67905225748768,1.2831824505824998
68636312,,CCC1(COC1)COC23CC4CC(C2)CC(C4)(C3)OC(=O)C=C,,0,183.127350786,132.267291724,167.896852231,161.09716491366666,monomer,316.7456413212015,1.349098419356555
21888930,,C=CC(=O)OOC1=CC=CC=C1,,0,129.472662052,84.8946723022,36.81925894,83.7288644314,monomer,150.09356805940314,1.3870542443989706
88259,,C=CC(=O)OCCOCCOCCOCCO,,0,116.372271176,93.9226346579,106.753012623,105.68263948563332,monomer,242.3601624518019,1.2948784576021264
24950966,,C=CC(=O)OCCOCCOCCOCCC(=O)ON1C(=O)CCC1=O,,0,158.678116952,170.729562642,138.848470402,156.085383332,monomer,334.5726450452061,1.3174148151312923
11019125,,C=CC(=O)OCCSC#N,,0,83.3314269944,55.6399959366,60.1015117927,66.3576449079,monomer,139.73936583300056,1.323646177131269
59245520,,CCCC1CCC(CC1)C2CCC(CC2)C3=CC(=C(C(=C3)F)OCCCOC(=O)C=C)F,,0,237.170362129,207.05036661,274.21974603,239.4801582563333,monomer,440.5533135283159,1.3759651248288844
57859159,,C=CC(=O)OC1C2CC3C1C(=O)OC3C2,,0,91.7530009002,76.6535544688,116.555797614,94.98745099433332,monomer,184.08623791745356,1.3547348841622824
19706372,,C=CC(=O)OC1CCC(CC1)C2=CC=CC=C2,,0,122.361526448,89.4856649779,172.404692736,128.08396138729998,monomer,232.58391266294524,1.3814858725440657
69285274,,CC1=CC(=C(C=C1)N(C2=CC=C(C=C2)C3=CC=C(C=C3)CCOC(=O)C=C)C4=CC(=C(C=C4)C)C)C,,0,368.720092326,214.302699286,494.804192525,359.275661379,monomer,468.8887267985312,1.5601367398843582
19357572,,C=CC(=O)OCCOCCOP(=O)(O)O,,0,103.246554159,72.2708594939,87.2879496798,87.60178777756668,monomer,205.4382570110462,1.2878131587504287
67346638,,C=CC(=O)OC1=C(C=CC(=C1)Cl)OC2=C(C=C(C=C2)Cl)Cl,,0,193.041051095,188.805631952,148.801974101,176.882885716,monomer,267.4567407058067,1.470284658443715
58947915,,CC1(C2=CC=CC=C2N(C13C=CC4=C(O3)C=CC(=C4)OC(=O)C=C)C)C,,0,218.981473457,151.036149664,296.756917469,222.25818019666667,monomer,326.98496670986634,1.4855924417972348
58999836,,CC(CC(C(F)(F)F)(C(F)(F)F)O)COC(=O)C=C,,0,101.705655247,99.4259606095,69.8659450003,90.33252028559998,monomer,228.20516182105868,1.265613826217643
7294,,COC(=O)C=C,,0,48.7001552204,32.1168975548,31.0298529062,37.2823018938,monomer,86.35864250247691,1.2916933282144172
82655,,C=CC(=O)OCC#C,,0,55.2684480729,20.3203734455,78.672544979,51.42045549913333,monomer,107.64320047239326,1.3257622270044993
19880963,,CC(OC(=O)C=C)S(=O)(=O)N,,0,66.0811517499,74.9835380873,85.9881869349,75.68429225736666,monomer,150.35880512796146,1.3451140491038904
129883477,,C=CC(=O)OCCCN=CC1=CC=C(C=C1)[N+](=O)[O-],,0,148.433825141,76.0034050952,215.19087057,146.54270026873334,monomer,241.7045449230261,1.4253940176674698
86736825,,CCC(C)(NS(=O)(=O)C)OOC(=O)C=C,,0,120.819296197,72.2491833099,124.191480884,105.7533201303,monomer,209.9902707863756,1.3453058155573094
229992,,CC(=C)COC(=O)C=C,,0,56.4228990931,49.7829557015,83.8913484879,63.3657344275,monomer,130.61309937957216,1.3313522038168117
54241943,,C=CC(=O)OCC=CCCl,,0,64.566698192,57.8862569703,91.5219025927,71.324952585,monomer,146.46962744303508,1.3327214323923837
70029087,,C=CC(=O)OC1=CC=C(C2=CC=CC=C21)C=NNC(=O)C3=CC(=C(C=C3)O)Cl,,0,306.636518465,208.397151894,204.620805626,239.8848253283333,monomer,336.5354030658532,1.5136122816277575
75118,,C=CC(=O)OC=C,,0,50.3016489984,44.32079071,48.202979086,47.60847293146666,monomer,96.3593829439334,1.338083445750594
45091793,,C=CC(=O)OCC1=NNN=C1,,0,90.1044552744,13.2342877293,92.7309407578,65.35656125383333,monomer,134.84656043364848,1.3310009278918171
23023397,,C=CC(=O)OCCC=O,,0,61.0364569861,41.0752062704,63.3642247975,55.15862935133333,monomer,122.06512646906506,1.3065420777641354
3051375,,CC(=O)OC[C@]12CC[C@@H](C[C@]1(CC[C@@H]3[C@@H]2CC[C@]4([C@@]3(CC[C@H]4C(=O)COC(=O)C=C)O)C)O)OC(=O)C,,0,234.359242493,249.115701383,253.026947155,245.50063034366667,monomer,490.3153285733348,1.3430979180165517
14454815,,C=CC(=O)OC1CCCO1,,0,80.3110986206,73.2432698677,35.8012401994,63.118536229233335,monomer,134.73988293969535,1.3188503927658706
169501348,,CC(=C)[C@H]1CCC(=CC1)COC(=O)C=C,,0,103.70116924,98.7279409533,132.433932709,111.62101430076666,monomer,214.48677923648583,1.358111380237202
28860,,CC(COC(=O)C=C)([N+](=O)[O-])[N+](=O)[O-],,0,71.0850422362,66.1349225552,99.713585737,78.97785017613334,monomer,171.87293728602717,1.3122011739963135
15208801,,C=CC(=O)OCCCN=C=O,,0,69.0979092139,51.1710210421,78.0378876248,66.10227262693333,monomer,147.25171950606824,1.304344550061128
18464005,,C=CC(=O)OC1=CC=C(C=C1)C(=O)Cl,,0,186.520940592,63.543602864,64.5252522831,104.86326524636668,monomer,176.528611405062,1.4155938806964325
68055331,,C=CC(=O)OC1=C(C(=C(C=C1)F)F)F,,0,141.292582229,77.8087986727,33.6498861289,84.25042234353333,monomer,155.30703810167023,1.3751028755627748
129721440,,COC(=O)C(COC(=O)C=C)C(=O)OC,,0,85.3824257018,103.295392478,72.5195623957,87.06579352516667,monomer,194.80283617791932,1.3028944687946864
99770079,,C=CC(=O)OC(C#N)(C(F)(Cl)Cl)C(F)(Cl)Cl,,0,101.380495698,97.7039310083,91.9435028607,97.00930985566669,monomer,208.6504252784623,1.3162344904678622
62093,,CC(C)(C1=CC(=C(C(=C1)Br)OC(=O)C=C)Br)C2=CC(=C(C(=C2)Br)OC(=O)C=C)Br,,0,261.120402427,303.011591348,203.990959628,256.04098446766665,monomer,400.3811588411442,1.4522894675039641
129834447,,CC1=CC(=O)N(C2=C1C=CC(=C2)OCCCCCCOC(=O)C=C)CC3=CC=CC=C3,,0,226.969405079,197.933124659,302.639700655,242.51407679766663,monomer,406.70348176181096,1.4173973034424814
58231717,,C=CC(=O)OC1=C(C=C(C=C1)C2=CC=CC3=C2SC4=CC=CC=C34)C5=CC=CC6=C5SC7=CC=CC=C67,,0,341.906908237,290.761776651,450.695207071,361.1212973196666,monomer,439.48562652233966,1.6102620632578293
518439,,CCCCOC(=O)C(C)OC(=O)C=C,,0,90.0305640015,93.6436125909,92.1204569241,91.9315445055,monomer,199.17903817975645,1.313716362135002
44574020,,C=CC(=O)OC1=CC=C(C=C1)C(C2=CC=CC=C2)OC(=O)C=C,,0,135.278755724,164.377176458,234.463941679,178.03995795366666,monomer,286.3791890106123,1.4378069452333406
86736832,,CCC(C)(NC1=CC=CC=C1)OOC(=O)C=C,,0,171.372491419,156.809326575,48.4874278805,125.5564152915,monomer,230.3723553984956,1.3770703177124066
3016446,,CCCCCCCCCCCCCCCCCCCCCOC(=O)C=C,,0,216.455730195,213.095680578,179.473426377,203.00827905000003,monomer,428.09484065535287,1.3231570154704648
6447059,,CC(=CCC/C(=C/CC/C(=C/CC/C(=C/CC/C(=C/CC/C(=C/CC/C(=C/CC/C(=C/CC/C(=C/CC/C(=C/COC(=O)C=C)/C)/C)/C)/C)/C)/C)/C)/C)/C)C,,0,523.624872436,456.306493778,433.302198383,471.0778548656667,monomer,851.695920262638,1.3833584636353011
3014768,,C=CC(=O)OCCN=C=O,,0,71.2834280423,27.8530190407,81.9739551635,60.370134082166665,monomer,129.2740727488895,1.3177663507987623
57038445,,C=CC(=O)OCC(COC(=O)C=C)OC(=O)C=C,,0,98.6721230381,118.925530338,116.237614764,111.27842271336664,monomer,234.2220334423804,1.3238188603239411
129824056,,C=CC(=O)OC1=CC2=C(C=C1)C=C2,,0,182.432771714,43.6706248527,79.6611123909,101.92150298586668,monomer,160.15166751466907,1.4497669554141035
108608,,C=CC(=O)OCCOC(=O)NC1=CC=CC(=C1)CN=C=O,,0,118.485972417,113.766111313,187.08557976,139.77922116333332,monomer,260.71170230177245,1.370207228845043
86619238,,C=CC(=O)OCC(F)(F)C(F)C(F)(F)F,,0,68.8297266741,42.9676124189,78.4158167783,63.40438529043333,monomer,169.55472480752303,1.249903223106955
22123752,,C=CC(=O)OCC1=CC=C(C=C1)O,,0,113.381373692,91.5982422992,61.8482992929,88.94263842803332,monomer,167.1799120517394,1.3670248413330885
18546000,,C=CC(=O)OC1=CC=C(C=C1)F,,0,130.747310199,47.635260168,63.0810089644,80.48785977713334,monomer,146.58003843965733,1.380245796494728
18718363,,C=CC(=O)OCCN1C(=O)C=CC1=O,,0,85.8451822944,71.5002185128,96.3557257064,84.5670421712,monomer,172.2212995682895,1.3357927354697638
129807973,,CC(C(F)F)([N+](=O)[O-])OC(=O)C=C,,0,67.6003858723,62.0929550257,71.9478172723,67.2137193901,monomer,155.82189323963303,1.2914257425436606
145793502,,CCCCC(CC)(C=O)OC(=O)C=C,,0,113.685738065,75.5940091649,112.100713743,100.46015365763331,monomer,207.1109025133401,1.3312876450430855
132277864,,C=CC(=O)OC1=NC=CN1C2=CC=CC=C2,,0,133.298928121,72.3043190305,139.284104582,114.96245057783334,monomer,193.49363366959395,1.4156822226481511
23070534,,C=CC(=O)OC(CSC1=CC=CC=C1)CSC2=CC=CC=C2,,0,136.755180699,155.885113318,221.438832422,171.359708813,monomer,300.5131996655789,1.3967537229108875
18979564,,C=CC(=O)OCCCCCCOC1=CC=C(C=C1)C2=CC=C(C=C2)C3CCC(CC3)CCCO,,0,365.849878271,215.163319364,279.005458158,286.67288526433333,monomer,475.2561389663723,1.4229157256402876
175022,,CN(CCOC(=O)C=C)S(=O)(=O)CCC(C(C(C(C(C(C(C(C(C(C(C(C(C(F)(F)F)(F)F)(F)F)(F)F)(F)F)(F)F)(F)F)(F)F)(F)F)(F)F)(F)F)(F)F)(F)F)(F)F,,0,213.486225638,281.24686814,208.887209661,234.5401011463333,monomer,587.5466590179237,1.268028648479584
544160,,CC1(C2CCC1(C(C2)OC(=O)C=C)C)C,,0,127.281840732,86.6991408527,116.226722269,110.0692346179,monomer,216.48530381172287,1.3489739332597595
18372055,,C=CCCCCOC(=O)C=C,,0,85.3960300202,101.239528472,48.647248579,78.42760235706668,monomer,166.59948009713753,1.3205728303795332
16205839,,C=CC(=O)OCC(COC1=C(C=CC=C1Br)Br)O,,0,83.8322697899,177.740853331,143.648913668,135.07401226296668,monomer,247.87128990753115,1.3770090359282043
100995,,C=CC(=O)OCCOCCOCCOCCOCCOC(=O)C=C,,0,189.819577988,149.136173495,121.700007257,153.55191957999995,monomer,334.068384447587,1.3122971028494326
3311244,,C=CC(=O)OCCN1C2=CC=CC=C2C3=CC=CC=C31,,0,142.363083286,167.591861002,172.704936637,160.88662697499998,monomer,247.72691891546623,1.4604586500526033
13878526,,C=CC(=O)OCCC(C(C(C(C(C(C(C(C(C(C(F)(F)F)(F)F)(F)F)(F)F)(F)F)(F)F)(F)F)(F)F)(F)F)(F)F)(F)F,,0,163.632391415,118.240741646,162.744073507,148.20573552266666,monomer,407.10848936578753,1.2428464180628451
58980492,,CS(=O)(=O)NC1CCC(CC1)OC(=O)C=C,,0,123.379409812,96.8233120426,129.387948699,116.53022351786666,monomer,224.2955370075505,1.3574447075965164
54336186,,C=CC(=O)OCCSC1=CC2=CC=CC=C2C=C1,,0,69.1064016306,158.590276584,210.643440331,146.11337284853334,monomer,238.8951547140626,1.4296786951025287
129819794,,C=CC(=O)OCCCCCCCCCCCC[N+](=O)[O-],,0,141.757775515,135.369657963,133.212219331,136.77988426966667,monomer,298.34299170572024,1.3114232503749998
59172001,,C=CC(=O)OCCCCCCCCCCCP(=O)(O)O,,0,144.823503148,128.885175763,156.225925777,143.31153489599998,monomer,305.3255118309935,1.3195409287994677
102091248,,CCCCCCOC1=CC=C(C=C1)N=NC2=CC=C(C=C2)OCCCCCCOC(=O)C=C,,0,246.907934254,276.202582035,273.299625022,265.4700471036667,monomer,450.4698590864661,1.4118451485847834
22662497,,C=CC(=O)OC(CCO)O,,0,56.0424815438,45.5558974979,71.3766336534,57.65833756503334,monomer,138.8350132767536,1.2797087878482318
25644,,C=CC(=O)OCCCCCCOC(=O)C=C,,0,103.030628897,93.0886106506,123.789984692,106.63640807986668,monomer,228.818594865592,1.3170487588397173
103668,,C=CC(=O)OC1CCC2CCCCC2C1,,0,136.638153602,106.257433945,90.2865672942,111.0607182804,monomer,217.4404768771564,1.35074502424318
11416795,,C=CC(=O)OCCCCCCOC1=CC=C(C=C1)C2=CC=C(C=C2)C#N,,0,220.598401552,247.126189102,199.834085771,222.51955880833336,monomer,340.90195893849943,1.463165075230581
107300,,C=CC(=O)OCC1CCC=CO1,,0,75.5603432013,64.5610600953,100.932224982,80.3512094262,monomer,162.45294047078085,1.338491560242448
22250625,,COC(=O)C1=CC=CC=C1OC(=O)C=C,,0,97.5700041472,80.3331545686,136.599792849,104.83431718826668,monomer,187.4692614629648,1.388119460264496
11368265,,C=C[C@@H](COCC1=CC=CC=C1)OC(=O)C=C,,0,125.168556241,138.3650748,95.2603630638,119.59799803493335,monomer,227.45333333929912,1.362254022292155
57783174,,CC1=CC=C(C=C1)N(C2=CC=C(C=C2)C)C3=CC=C(C=C3)C4=CC=C(C=C4)CCCCOC(=O)C=C,,0,447.348665425,232.978049933,390.726968831,357.0178947296667,monomer,472.2518392001487,1.5510924756759916
168449191,,CCCCCCSSCCOC(=O)C=C,,0,113.479480733,138.268449049,110.077829545,120.60858644233332,monomer,242.1472438922468,1.341113616212589
10131189,,CC(C(=O)OCCOC(=O)C=C)Br,,0,107.906631171,47.1908023266,99.1599236773,84.75245239163333,monomer,186.6595425516816,1.3081482610161836
154733041,,C=CC(=O)OCCO[N+](=O)[O-],,0,74.2980416647,31.5891746786,71.3943274273,59.09384792353333,monomer,138.7775025918883,1.2873767445864612
59005029,,CC(COC(=O)C=C)OC(=O)CCCCCBr,,0,115.922739986,136.267829332,98.7954605339,116.99534328396663,monomer,254.95847256494244,1.311731154515484
13049940,,CC(=O)C1=CC=C(C=C1)OC(=O)C=C,,0,89.3732592068,148.635022227,83.44052644,107.1496026246,monomer,179.1522578926035,1.418834101300773
14657507,,C=CC(=O)OCCOC1[C@@H]([C@H]([C@@H]([C@H](O1)CO)O)O)O,,0,116.043546652,83.1556555444,122.695826063,107.29834275313333,monomer,245.63084349318189,1.2954451537531888
81767,,COCCOCCOC(=O)C=C,,0,85.4548662356,56.6274096735,84.2567860869,75.44635399866667,monomer,172.34147625323553,1.296139449538
85684803,,C=CC(=O)OC1=C2CCC(C2)C1,,0,94.6769022872,89.2567747968,113.290501604,99.07472622933334,monomer,159.5802723536471,1.4371212588859692
78270,,COC1=CC=C(C=C1)OC(=O)C=C,,0,58.2672439974,124.392153098,103.130624083,95.2633403928,monomer,168.0056556973118,1.3942409395749844
10537474,,C=CC(=O)OCN1C(=O)C2=CC=CC=C2C1=O,,0,94.0483194555,130.916319461,113.333379679,112.7660061985,monomer,200.1068611853564,1.391500114966731
129721374,,C=CC(=O)OC1=CC(=CC2=C1N(C3=CC=CC=C32)CCO)I,,0,212.243530424,136.283116481,237.537864209,195.354837038,monomer,283.70357942886,1.493045146525671
155908502,,CCN(CC)CC1=C(C=CC(=C1)C)OC(=O)C=C,,0,96.6848660402,178.99675181,147.422351846,141.0346565654,monomer,255.01779212219895,1.383306132155843
22186490,,CC(C)(C)CCOC(=O)C=C,,0,93.5864391777,92.8462832248,49.8555531028,78.76275850176667,monomer,170.3808764439266,1.3142534099814815
14149717,,CC1(CC(CC(N1)(C)C)OC(=O)C=C)C,,0,132.883215574,106.967270357,84.8261256015,108.2255371775,monomer,222.6293319999477,1.332092054368527
3023750,,CCCCCCCCCCCCCCCCCCCCCCCCCCCCCCOC(=O)C=C,,0,277.502166152,287.90444664,262.253312115,275.88664163566665,monomer,573.8890055494142,1.3280402626355545
88387,,CC(C)(CN(C)C)COC(=O)C=C,,0,105.639861315,96.9203484291,75.3532156466,92.63780846356669,monomer,199.462394044576,1.315862567083429
3023754,,CCCCCCCCCCCCCCCCCCCCCCCCCCCCCCCCCCCCOC(=O)C=C,,0,343.434897716,316.921559072,331.436753244,330.59773667733333,monomer,680.4176648514535,1.3319042546287658
59266108,,C=CC(=O)OCCOCCOC1=CC2=CC=CC=C2C=C1,,0,161.639756857,177.465457808,145.145497465,161.41690404333335,monomer,271.3084838297416,1.4163327697111352
171395280,,C[C@]12CCC(=O)C=C1CC[C@@H]3[C@@H]2CC[C@]4([C@H]3CC[C@]4(C=C)OC(=O)C=C)C,,0,196.498454496,195.734233532,232.343663771,208.19211726633333,monomer,373.30392233081625,1.386942532134106
137958541,,C=CC(=O)OC(C(C(F)(F)F)(OC(C(C(F)(F)F)(F)F)(F)F)F)(C(F)(F)F)C(F)(F)F,,0,80.8614896197,106.048338116,121.250547037,102.72012492423332,monomer,300.4133613065045,1.227191143053888
13847846,,CC(C)CCCCCCCCOC(=O)C=C,,0,127.165664183,129.723953105,98.4998185727,118.4631452869,monomer,253.80344104115215,1.3175861202212849
129726845,,C=CC(=O)OCCCCCCCCCCC,,0,138.663160966,116.092256947,105.639175927,120.13153128,monomer,255.7567271878535,1.319792567617488
2776166,,C=CC(=O)OCC(CC(C(C(C(C(C(F)(F)F)(F)F)(F)F)(F)F)(F)F)(F)F)O,,0,116.540275847,108.22548192,101.844782816,108.87018019433332,monomer,298.7353755168403,1.243125251907447
54361431,,CC(C)(C1=CC=CC=C1)C2=CC=C(C=C2)OCCOC(=O)C=C,,0,261.097064834,125.127225956,154.081913593,180.10206812766668,monomer,304.2354185594984,1.4139638185908976
3050397,,CC(C)CCCCCCCCCOC(=O)C=C,,0,141.231917332,104.80567243,142.692264466,129.57661807600002,monomer,274.7845213205159,1.3211716489445537
92212,,CC(C)(C1=CC=C(C=C1)OCC(COC(=O)C=C)O)C2=CC=C(C=C2)OCC(COC(=O)C=C)O,,0,317.572117326,241.683721409,181.120518649,246.792119128,monomer,461.0665771409924,1.3695271358677046
99770075,,C=CC(=O)OC(C#N)(C(F)(F)F)C(F)(F)F,,0,82.5126988717,57.1959185198,56.4736851635,65.39410085166666,monomer,169.31140753791672,1.2587036740521529
102811,,CCC(COC(=O)C=C)O,,0,83.4337593368,38.8307081274,69.5604218296,63.9416297646,monomer,146.3863142380373,1.2954252843651914
29854,,CC1(CO1)COC(=O)C=C,,0,78.6495495915,58.5873458949,51.8111750475,63.0160235113,monomer,137.5620331067026,1.3111460194921372
19042,,C=CC(=O)OCC(CO)(COC(=O)C=C)COC(=O)C=C,,0,146.27316564,157.228700645,88.5279379783,130.6766014211,monomer,277.632426172815,1.3205180783914938
14693048,,COCCCCCCOC(=O)C=C,,0,98.1155790798,91.6425971552,79.1257252427,89.62796715923334,monomer,197.41209047398183,1.308123267099729
118012601,,COCCOCCOCCOCCOCCOCCOCCOCCOCCOCCOCCOCCOC(=O)C=C,,0,272.582167398,264.736755298,274.140829625,270.486584107,monomer,597.4552600051877,1.30717292889931
19028358,,CC(COC(=O)C=C)Cl,,0,88.1982952977,40.2310122135,53.9855766668,60.80496139266666,monomer,135.27005023945077,1.304788906241434
10520851,,C=CC(=O)OCCOCCOCCOCCOCCOCCO,,0,180.911991939,145.695798814,110.381936879,145.663242544,monomer,327.8885205857787,1.3009049216511726
543889,,CCCCC(CCC)OC(=O)C=C,,0,108.674861888,112.100081025,69.0555674292,96.61017011406666,monomer,204.66557043382696,1.3215317319580686
86643208,,C=CC(=O)OC(C)OCc1ccccc1,,0,126.873509192,119.215664711,70.7007311247,105.59663500923334,monomer,201.0291464689746,1.3618447880964144
54551523,,C=CC(=O)OCC1CCCC=C1,,0,98.196431545,56.609841858,110.430799302,88.41235756833333,monomer,169.2951510923357,1.3595116748350642
90862337,,CC1=CC(=CC(=C1OC(=O)C=C)C)N=NC2=CC=C(C=C2)Br,,0,226.390702693,193.153444429,150.698424181,190.080857101,monomer,285.50068644818595,1.4739602137709713
68927558,,CC(C)(C)OC(=O)OC1=CC=C(C=C1)COC(=O)C=C,,0,147.036917816,153.61866578,125.497269124,142.05095090666666,monomer,262.4822369624547,1.374101474289998
14527814,,C[C@@H]1CC[C@H]([C@@H](C1)OC(=O)C=C)C(C)(C)C2=CC3=CC=CC=C3C=C2,,0,219.907067468,143.343951642,240.334428093,201.19514906766668,monomer,343.7402824432292,1.4086652346826005
129805408,,C=CC(=O)OC1=CC=CC=C1P(=S)(C2=CC=CC=C2)C3=CC=CC=C3,,0,250.725766211,207.864362743,174.922997376,211.17104211,monomer,323.08874528382955,1.4638767486782986
22613596,,C=CC(=O)OC1=CC=C(C=C1)C#N,,0,182.418370985,86.9631172474,21.4312758269,96.93758801976666,monomer,158.1017969212425,1.4308964602704486
20226495,,C=CC(=O)OCC1=CC=CC=C1C2=CC=CC=C2,,0,161.700198479,106.376311743,147.110367029,138.39562575033335,monomer,228.7354337732965,1.4243981307748506
19859974,,C=CC(=O)OCCCCCCCCCCCCO,,0,140.760193794,124.331844616,122.501269465,129.19776929166667,monomer,281.0644682510343,1.3123200523888199
149983942,,CC(=O)NC1=CC(=CC=C1)OC(=O)C=C,,0,113.464988348,90.4098103746,134.576048097,112.81694893986668,monomer,190.9952036858613,1.412927258716865
21909470,,C=CC(=O)OC1CCCCO1,,0,52.8396713954,84.764438857,75.8704759073,71.15819538656667,monomer,152.33429068962252,1.3178597671299712
57119052,,CS(=O)(=O)OC(=O)C=C,,0,65.2677976553,44.7772795373,60.5724292012,56.87250213126666,monomer,121.98804569893116,1.3171853857044766
162078,,CCCCCCCCCCCCCCCCCCCCOC(=O)C=C,,0,225.111420159,188.27104722,175.796016204,196.392827861,monomer,408.59277566804417,1.3279839311782822
101642,,C=CC(=O)OCC(C(C(C(F)(F)F)(F)F)(F)F)(F)F,,0,85.9954146615,53.5460390156,82.1409967142,73.89415013043333,monomer,201.35734901650417,1.2449352905117328
165429006,,C[N@@+]1(CCC2=CC(=C(C=C2[C@H]1CC3=CC(=C(C=C3)OC)OC)OC)OC)CCC(=O)OCCCCCOC(=O)C=C,,0,285.970525592,265.333532026,426.916619792,326.0735591366667,monomer,551.9497376018452,1.4129966586307736
99770076,,C=CC(=O)OC(C#N)(C(F)(F)Cl)C(F)(F)Cl,,0,94.4994311425,78.4002631273,67.556643379,80.1521125496,monomer,190.2479473846267,1.2840809288266943
71441474,,C=CC(=O)OC1=CC=CC(=C1)NC2=CC=CC=C2,,0,176.202937064,89.9176480239,186.798416023,150.9730003703,monomer,224.00491957604916,1.480783582455233
22051788,,C=CC(=O)OC1=CC=C(C=C1)C2=CC=CC=C2,,0,110.670483088,151.730213922,176.280398835,146.22703194833332,monomer,210.2470846757141,1.4988836310193305
129821362,,C=CC(=O)OC1=CC=CC(=C1C#N)C2=CC=CC=C2,,0,119.603594299,158.094178241,176.472450208,151.39007424933334,monomer,230.9065473359145,1.465554471392416
162085,,CN(CCOC(=O)C=C)S(=O)(=O)CCC(C(C(C(C(C(F)(F)F)(F)F)(F)F)(F)F)(F)F)(F)F,,0,149.629851617,153.796454034,176.706397552,160.044234401,monomer,371.8451518772309,1.2907340882017961
22277950,,C=CC(=O)OC(C(C(C(C(C(F)(F)F)(F)F)(F)F)(F)F)(F)F)(F)F,,0,95.4629299013,71.7168232019,80.5669569606,82.58223668793333,monomer,237.81285633981756,1.2309495185731316
57428993,,C=CC(=O)OCCC(=O)N=[N+]=[N-],,0,75.8450415153,58.6750169676,78.197855601,70.90597136129999,monomer,149.73439811211207,1.3226571997367795
57783175,,CC1=CC=C(C=C1)N(C2=CC=C(C=C2)C3=CC=C(C=C3)CCOC(=O)C=C)C4=C(C=C(C=C4)C)C,,0,266.942685793,308.793679496,470.941791727,348.8927190053334,monomer,451.5235308890588,1.5658878734562676
19023869,,COCCOCCOCCOCCOCCOC(=O)C=C,,0,162.258555807,135.359155238,111.026033536,136.21458152699998,monomer,300.1008691062779,1.308035434958189
131718422,,C=CC(=O)OC1C[C@H]2CC[C@]1(C)C2(C)C,,0,103.050767197,116.449461772,103.647076899,107.71576862266666,monomer,217.4333676204062,1.3390843859905424
17792856,,CC(C)C1(C2CC3CC(C2)CC1C3)OC(=O)C=C,,0,142.121688362,117.450467652,131.750968868,130.44104162733333,monomer,254.93386420266597,1.3514326327180075
3023345,,CC(C(=O)OCCCCCOC(=O)C=C)Br,,0,107.954497752,125.568040396,96.9222015482,110.1482465654,monomer,238.15658122456784,1.3144235851060966
13590738,,C=CC(=O)OCCOP1(=O)OCCO1,,0,97.4118532621,67.9603513676,88.9967329133,84.78964584766665,monomer,184.77629014937105,1.3117291546871532
139600009,,C=CC(=O)OC1=CC2=C(C=C1)C(=O)CC(O2)C3=CC=CC=C3,,0,137.618757357,206.569046032,175.838088856,173.34196408166667,monomer,264.6601117551154,1.4649989138538952
3022436,,CCCCCCCC(C)COC(=O)C=C,,0,100.046932639,126.221779419,113.381607582,113.21677321333334,monomer,238.08537276800456,1.3241422527625184
77066,,C=CC(=O)OCCC1=CC=CC=C1,,0,100.609531722,108.131302945,68.2142516837,92.3183621169,monomer,175.84757267027183,1.3616226872014052
117434,,C[C@]12CC[C@H](C1(C)C)C[C@H]2OC(=O)C=C,,0,131.889206489,100.417684876,97.5825045282,109.9631319644,monomer,215.409543461898,1.3505319382100816
23443674,,C=CC(=O)OC(F)(F)CF,,0,56.6350546792,33.7683663141,46.4877626751,45.63039455613333,monomer,119.54248433860415,1.255456330131924
68978057,,C=CC(=O)OCCOC1=C(C=CC=C1C2=CC=CC=C2)C3=CC=CC=C3,,0,146.088861489,307.79429801,186.464302043,213.4491538473333,monomer,326.4804431437881,1.4640316151878678
102514876,,CC(C)(C)OC(=O)CCOCCOCCOCCOCCOCCOC(=O)C=C,,0,195.283616616,179.203170879,183.739856919,186.075548138,monomer,415.051906444563,1.303910238503766
68771319,,CCNC(CC1=CC=C(C=C1)CC2=CC=CC=C2)OC(=O)C=C,,0,155.70754273,167.802107396,199.486433653,174.33202792633332,monomer,310.03304802669,1.3905389173374225
20195709,,CC(O)OC(C)OC(=O)C=C,,0,62.9722776601,72.8767971627,68.5104435922,68.11983947166667,monomer,153.79987137105596,1.2999217196251476
7837,,C=CC(=O)OCC1CO1,,0,36.6149305939,56.8486791207,71.3206489254,54.92808621333333,monomer,120.60279575420871,1.309184000572982
85785799,,C=CC(=O)OCC1=C(OC(=N1)C2=CC=CC=C2)C3=CC=CC=C3,,0,61.2943777217,220.368187739,321.130245403,200.93093695456665,monomer,279.06315276020644,1.5197988560697397
131749375,,CCC1=C[C-](C=C1)OC(=O)C=C,,0,100.865176357,112.907030595,101.983622075,105.251943009,monomer,160.60084229079544,1.465331557146372
23067259,,C=CC(=O)OCCOCCOC=C,,0,76.7507538497,75.1109604658,103.820353269,85.22735586150002,monomer,183.2617550178116,1.316324604760563
173048,,CN(CCOC(=O)C=C)S(=O)(=O)CC(C(C(C(C(C(C(C(C(C(C(C(C(C(C(C(F)(F)F)(F)F)(F)F)(F)F)(F)F)(F)F)(F)F)(F)F)(F)F)(F)F)(F)F)(F)F)(F)F)(F)F)(F)F)(F)F,,0,234.229334395,285.643157312,220.999297094,246.95726293366667,monomer,624.7752399863298,1.2652062459628328
87693,,CN(C)CCCOC(=O)C=C,,0,75.5959336004,85.8982377241,59.108727848,73.53429972416667,monomer,165.47603346068436,1.301003805315138
68770745,,C=CC(=O)OC(CC1(CC=C(C=C1)CC2=CC=CC=C2)CC3=CC=CC=C3)N,,0,212.790862958,176.30228129,231.866827013,206.986657087,monomer,371.5556580432578,1.3864583105200554
22413884,,C=CC(=O)OCCCCOCCC#N,,0,89.6180461208,84.0731080314,95.7286066891,89.8065869471,monomer,199.78080721506703,1.3048019587356765
544164,,CC1CCC(C(C1)OC(=O)C=C)C(C)C,,0,103.783409322,97.7841417264,132.91112622,111.4928924228,monomer,227.3270196439125,1.335351207575205
132275594,,CN(C)CC1=C(C(=CC(=C1)C=O)OC)OC(=O)C=C,,0,134.719541838,145.705103746,151.925529473,144.116725019,monomer,249.1242374251225,1.4032701857686227
3016667,,CCCCC(C)OC(=O)C=C,,0,68.3032328715,80.9754294784,88.9301653868,79.40294257890001,monomer,170.68255109177412,1.3164364960393404
129762902,,CC(C)(C(Cl)(Cl)Cl)OC(=O)C=C,,0,101.172586989,96.184038519,67.9393284024,88.4319846368,monomer,181.2235688690837,1.3334826262042712
23500968,,CCCCCC(CCC)COC(=O)C=C,,0,144.757566731,103.545942081,98.1737409841,115.4924165987,monomer,240.1232611880729,1.3282201133712954
13847850,,CC(C)CCCCCCCCCCCCCCCOC(=O)C=C,,0,162.866614977,196.614941488,177.211968077,178.897841514,monomer,377.4277433625988,1.322991701095454
18459502,,C=CC(=O)OO,,0,39.3012489375,10.7413864671,47.9813352663,32.6746568903,monomer,77.67627748245428,1.2836056093853305
57008258,,C=CC(=O)OC1=CC=C(C=C1)N=NC2=CC=CC=C2,,0,170.298958948,149.953101407,139.766779861,153.33961340533335,monomer,232.36379291715252,1.4690922119219623
16205716,,C=CC(=O)OCCC(C(C(C(C(C(C(C(C(C(C(C(C(C(F)(F)F)(C(F)(F)F)F)(F)F)(F)F)(F)F)(F)F)(F)F)(F)F)(F)F)(F)F)(F)F)(F)F)(F)F)(F)F,,0,187.461626765,179.63498593,207.746003587,191.61420542733333,monomer,519.1616232627199,1.2464340058602157
17841663,,C=CC(=O)OC12CCC(C1)C=C2,,0,96.3590862406,55.8153667434,97.9481176659,83.37419021663334,monomer,159.94388121728264,1.3587712646417727
162549,,CC1(CC(CC(N1C)(C)C)OC(=O)C=C)C,,0,107.287751792,129.017732724,113.035645655,116.44704339033336,monomer,238.9188685417915,1.3330457741585198
129652150,,CCCCCCCC/C(=C\OC(=O)C=C)/C(=O)N,,0,102.624823183,140.624252104,148.264414713,130.50449666666665,monomer,264.43296280246346,1.3376709479339277
122513490,,C=CC(=O)OCCC(=O)N1C[C@H]2CN(C(=O)[C@H]2C1)C3=CC=CC4=C3C=NN4C5=CC=CC=C5F,,0,223.653070015,353.141957967,217.53767217,264.7775667173333,monomer,404.6552892611219,1.4644773163028493
22348578,,C=CC(=O)OCC1=CC=CC=C1O,,0,96.7899795154,114.353641354,53.2301792459,88.12460003843334,monomer,167.43324612984495,1.3626482465908982
18629896,,C=CC(=O)OC1=C(C=C(C=C1)[N+](=O)[O-])[N+](=O)[O-],,0,111.63923902,117.068160447,104.769165544,111.15885500366667,monomer,192.15859137627388,1.4032553065026527
101152230,,C[C@@]12CC[C@@H](C1)C([C@@H]2OC(=O)C=C)(C)C,,0,87.8282637426,115.535925107,120.96243758,108.10887547653331,monomer,216.39640011115972,1.3422551886181286
59317428,,CC(=O)OC1=CC=C(C=C1)CCOC(=O)C=C,,0,125.541490639,168.05413554,61.058758133,118.21812810400002,monomer,220.69526759691297,1.3698348195718733
688322,,CC(C)(C)C1CCC(CC1)OC(=O)C=C,,0,107.104050353,104.419272502,125.586486739,112.36993653133334,monomer,228.71694675771963,1.3359953425905693
86631897,,CS(=O)(=O)OC12CC3CC(C1)CC(C3)(C2)OC(=O)C=C,,0,151.670625118,131.837661608,131.83474518,138.447677302,monomer,263.4383320319725,1.362045046554985
85552495,,COC1=CC=C(C=C1)N=NC2=CC=C(C=C2)OCCOC(=O)C=C,,0,180.922705288,224.790682138,155.19872915,186.97070552533333,monomer,300.4468443954796,1.438305373463586
86607858,,C=CC(=O)OC=O,,0,57.4436780611,49.1794325593,6.30010611024,37.64107224354667,monomer,89.20547109243475,1.2845593525973913
3034295,,CCN(CCOC(=O)C=C)S(=O)(=O)C(C(C(C(F)(F)F)(F)F)(F)F)(F)F,,0,155.225071768,111.519144468,138.999691946,135.24796939400002,monomer,299.1139656339957,1.3067517198397505
11218292,,CC1(C2CC3CC(C2)CC1C3)OC(=O)C=C,,0,135.800800277,110.841405631,100.184659886,115.60895526466668,monomer,220.07600904092251,1.3618705260712285
21938748,,CC(CCC=C(C)C)CCOC(=O)C=C,,0,135.721509367,99.6929748288,105.271998936,113.56216104393332,monomer,232.462436298854,1.3338942758619543
58231738,,CC1=CC(=C(C(=C1)C2=CC=CC3=C2SC4=CC=CC=C34)OC(=O)C=C)C5=CC=CC6=C5SC7=CC=CC=C67,,0,250.346627274,373.209475123,419.315661632,347.62392134300006,monomer,458.31488412164623,1.5532884807983303
223953,,CCC(C)(C)C1CCC(CC1)OC(=O)C=C,,0,112.761044519,127.324474064,122.390157789,120.82522545733332,monomer,244.97763451891268,1.3374318733196089
86280152,,C[C@H](CCC(=O)N[C@@H]1[C@H]([C@@H]([C@H](OC1O)CO)O)O)[C@H]2CC[C@@H]3[C@@]2([C@H](C[C@H]4[C@H]3[C@@H](C[C@H]5[C@@]4(CC[C@H](C5)OC(=O)C=C)C)O)O)C,,0,266.200541423,262.404586398,372.591015525,300.3987144486667,monomer,597.778391506295,1.3444822530821146
84902,,C=CC(=O)OC1=CC(=C(C=C1)C(=O)C2=CC=CC=C2)O,,0,133.437709515,177.831446956,164.350037819,158.53973143,monomer,242.16338778471555,1.464767938030478
12803541,,C=CC(=O)OCCOC(=O)CBr,,0,73.0422680145,59.0571506883,93.4519830098,75.18380057086667,monomer,169.31859464386972,1.3007510154946005
543288,,CCCCCCCCCCC(CCCC)OC(=O)C=C,,0,142.592637899,176.452603058,143.824673677,154.28997154466666,monomer,324.11792336724034,1.3245166720963528
3022443,,CCCCCCCCCCCCCCC(C)COC(=O)C=C,,0,202.114493555,155.288295008,155.268537842,170.89044213499997,monomer,357.9521886678488,1.3255508673717133
4065231,,C=CC(=O)OCC1=C2C=CC=CC2=CC3=CC=CC=C31,,0,143.854711081,169.671102055,217.808491245,177.1114347936667,monomer,244.3367766785365,1.523972184694075
21909953,,C=CC(=O)OF,,0,44.0081785841,13.3452080057,34.5382249959,30.63053719523333,monomer,74.29456744461672,1.277516333173868
163752588,,C=CC(=O)OC1=CC2=C(C=C1)SC(=O)O2,,0,172.270209808,113.544644979,42.3148732436,109.3765760102,monomer,175.13071161764026,1.440115180455217
124202873,,CO[13C](=O)[13CH]=[13CH2],,0,48.7001552204,32.1168975548,31.0298529062,37.2823018938,monomer,86.35864250247691,1.2916933282144172
15208778,,COC(=O)NCCOC(=O)C=C,,0,78.918726409,72.6925460952,58.3346773007,69.9819832683,monomer,162.18457166887444,1.2915329423045177
59502637,,C=CC(=O)OC1=NC2=CC=CC=C2N1,,0,213.370176901,79.3570753191,33.2858950289,108.671049083,monomer,164.68685708445298,1.4690532263600125
117909270,,C=CC(=O)NC1=CC=CC(=C1)C2=CC=CC3=CN=C(N=C32)NC4=CC=C(C=C4)N5CCN(CC5)CCOC(=O)C=C,,0,412.333741894,452.691649251,207.6656138,357.56366831500003,monomer,504.4022529844431,1.5102608929274863
2782282,,C=CC(=O)OC(C)(C)C,,0,51.7364918442,79.8119200486,54.200846228,61.9164193736,monomer,136.7279163522841,1.3072565084313872
23496545,,CCCCCC(C)OC(=O)C=C,,0,85.7151409728,82.3479329628,94.2197389807,87.42760430543335,monomer,187.54359488402773,1.3171544190415818
54092897,,C=CC(=O)OCCCCOC(=O)C1=CC=C(C=C1)O,,0,162.542898433,136.053125319,85.0020820329,127.86603526163331,monomer,248.2604549269616,1.354012195915141
3019629,,CC(C1=CC=CC=C1[N+](=O)[O-])OC(=O)C=C,,0,81.5514840833,103.886315183,137.948050181,107.7952831491,monomer,201.38716390151495,1.36952744571241
54457440,,CC(C)(C)C(OC(=O)C=C)Br,,0,70.6344908236,64.5887836857,110.496059572,81.90644469376666,monomer,173.5789328565511,1.3214042655184055
88709012,,C=CC(=O)OCC1=C(C=C(C=C1)[N+](=O)[O-])[N+](=O)[O-],,0,159.444157228,59.5075094733,111.276609751,110.07609215076666,monomer,210.8633904796488,1.3593489532888534
155108413,,CC(C)(CCOC(C)(C)COC(=O)C=C)OC(=O)C=C,,0,121.669988847,139.925984223,139.579616415,133.725196495,monomer,287.4579242942715,1.316429705991067
15284,,C=CC(=O)OCC(O)COc1ccc(C(C)(C)c2ccc(OCC(O)COC(=O)C=C)cc2)cc1,,0,195.977359499,240.673377716,315.554583732,250.7351069823333,monomer,456.113400135211,1.3807244927359856
3023456,,CCCNC(=O)OCCOC(=O)C=C,,0,89.182876393,73.1377124607,108.889423304,90.4033373859,monomer,195.96088732836083,1.3135537770141288
640210,,C=CC(=O)OCCCCCCOC1=CC=C(C=C1)C(=O)OC2=CC=C(C=C2)C#N,,0,352.051212036,146.492046876,192.102160146,230.215139686,monomer,374.06274475139423,1.432759160611238
22283435,,C=CC(=O)OCC1=CC(=CC=C1)OC2=CC=CC=C2,,0,149.262241543,193.765730488,95.0984986232,146.04215688473332,monomer,240.3161922848335,1.4265334866468498
3022446,,CCCCCCCCCCCCCCCCCC(C)COC(=O)C=C,,0,230.808129686,182.897788252,179.493792408,197.733236782,monomer,407.0580908426996,1.3318192540175946
27134,,CCSCCOC(=O)C=C,,0,75.671916598,44.0792361395,104.48418134,74.74511135916667,monomer,156.59591443318885,1.325476444769732
141738169,,CC1=CC(=O)NC(=N1)NC(=O)NCCCCCCNC(=O)OCCCCOC(=O)C=C,,0,238.101517546,143.599258143,248.91992885,210.206901513,monomer,409.65627525399,1.3525486149974664
21867900,,C=CC(=O)OC(=O)O,,0,64.7793829655,52.0611505435,1.24546162401,39.361998377670005,monomer,97.4808368259374,1.2713587953722323
45120227,,CC(C)C(=O)NCCOC(=O)C=C,,0,71.985360515,88.4588133343,93.4691461508,84.63777333336667,monomer,185.95463803060085,1.308966542869803
3022441,,CCCCCCCCCCCCC(C)COC(=O)C=C,,0,160.818951006,176.964369978,129.681504056,155.82160834666666,monomer,321.80338390618533,1.3306552448152826
21889445,,C=CC(=O)OC1CC(=O)OC1,,0,47.4086292725,72.2498555848,73.8143009735,64.49092861026666,monomer,137.59227582532847,1.3190466165495285
167312926,,C=CC(=O)OCCOCCOCCNC(=O)OCC1[C@H]2[C@@H]1CCC#CCC2,,0,187.291268832,139.635594104,214.839926506,180.588929814,monomer,373.7038383460506,1.329924115184867
82699,,C=CC(=O)OCC1=CC=CO1,,0,78.4711933598,77.1088330633,50.6378746838,68.73930036896665,monomer,140.64732110800443,1.3340576647615037
39850,,C=CC(=O)OC1C=CC2C1C3CC2C=C3,,0,97.4666196726,121.169046875,106.235999243,108.29055526353334,monomer,194.8226393558164,1.3854911701955868
129851950,,C=CC(=O)OCC1=CC(=CC(=C1)Br)Br,,0,109.333077453,126.927826844,95.6486631487,110.6365224819,monomer,197.74388340114052,1.388342978137191
543200,,CC(C)(C1CC1=C)OC(=O)C=C,,0,61.5506256202,84.5017725764,113.469687386,86.50736186086665,monomer,172.94448076818537,1.342721750652364
22114509,,CCCC(C)(C)OC(=O)C=C,,0,102.352918351,70.2160887461,67.1657363055,79.91158113419999,monomer,169.99213033018043,1.3200759914783669
21251844,,C=CC(=O)OCCCCCCOc1ccc2ccc(=O)oc2c1,,0,181.311463494,103.343932985,247.813228582,177.489541687,monomer,297.41759239260006,1.4177776111831193
156595944,,C=CC(=O)Oc1cc(C)ccc1C(C)C,,0,151.086604624,63.58620591,141.569308355,118.747372963,monomer,208.7922517724597,1.3955835739791247
87150,,C=CC(=O)OCCC(C(F)(F)F)(F)F,,0,75.6370412488,35.6682129886,79.3017853707,63.53567986936667,monomer,164.15141975543233,1.25929232949036
129712170,,C=CC(=O)ON1C=CN=C1,,0,93.3893082525,45.9263162826,46.2140816482,61.84323539443333,monomer,122.947710022044,1.344845777554875
156600199,,C=CC(=O)OCc1cc(C(=O)c2ccc(F)cc2)no1,,0,69.613715394,136.985499341,197.026962367,134.542059034,monomer,230.6598150804585,1.4070652088778068
54530313,,CC1(COC(OC1)CCOCCOC(=O)C=C)C,,0,121.1821672,111.087729359,123.821472939,118.697123166,monomer,253.64573140721652,1.318490109836057
543281,,CCCCCCCCCCC(CC)OC(=O)C=C,,0,144.392051924,117.831729486,154.340008577,138.85459666233334,monomer,288.2871265618426,1.3287323335648793
66643440,,CC(C)(CCOC(=O)C=C)SC1=CC=CC=C1,,0,134.748372617,109.012804018,159.292351517,134.35117605066668,monomer,243.4222161638576,1.3824402933522568
67058367,,C=CC(=O)OC1=CC=CC(=C1)OC2=CC=CC=C2,,0,173.832583072,65.3807805794,182.574947396,140.5961036824667,monomer,222.92396259524392,1.4451088298840156
58468614,,C=CC(=O)OCCC(=O)NC1=CC=CC=N1,,0,81.2998462068,104.491680137,140.714311649,108.83527933093336,monomer,203.4762560068572,1.3692308840114154
13225029,,CCC(C)(C)OC(=O)C=C,,0,56.0313617318,76.6254447262,77.9031004581,70.1866356387,monomer,152.6339364159128,1.3124413336263183
59705777,,C=CC(=O)OC1=C(C2=C(CCCC2)C=C1)C3=C(C=CC4=C3CCCC4)OC(=O)C=C,,0,185.831695858,257.511734606,284.841741966,242.72839081,monomer,380.0939595857902,1.4515600388933567
98056,,CC1CC(CC(C1)(C)C)OC(=O)C=C,,0,106.758286536,109.105020615,93.0442303315,102.96917916083332,monomer,210.3006615713661,1.3347306891324295
85416,,C=CC(=O)OCCOC1=CC(=C(C=C1)C(=O)C2=CC=CC=C2)O,,0,205.225823545,105.270992449,214.568130938,175.02164897733334,monomer,286.3601396836871,1.4293350062940484
14671035,,C=CC(=O)OCCC(C(C(C(C(F)(F)F)(F)F)(F)F)(F)F)(F)F,,0,116.994944979,85.8171713619,71.3877157204,91.39994402043332,monomer,244.94351061098533,1.2493323806315704
54311286,,C=CC(=O)OC(CSCC1=CC=CC=C1)CSCC2=CC=CC=C2,,0,158.980140657,197.2479375,220.35490913,192.1943290956667,monomer,334.3773273985607,1.4003426166458963
8846,,CCCCOC(=O)C=C,,0,78.7602473754,35.6508845498,71.4013907856,61.93750757026667,monomer,137.5378699560823,1.305397019723495
870529,,C=CC(=O)OC1=CC=C(C=C1)N2CC3=CC=CC=C3C2=O,,0,49.9263031986,215.762707232,251.068395686,172.25246870553335,monomer,251.5965004782724,1.4897203967608421
3018311,,CC(C)(C1=CC=C(C=C1)OCCO)C2=CC=C(C=C2)OCCOC(=O)C=C,,0,214.939911826,204.410026865,198.315635931,205.888524874,monomer,361.3871684587055,1.3963557631566836
71353023,,CCCCCCCCC(CCCCCCCC)COC(=O)C=C,,0,196.687512332,156.271566619,186.403692836,179.78759059566667,monomer,375.1883731118896,1.326886022452388
23635728,,C=CC(=O)OC1=CC2=C(CCCC2)C=C1,,0,171.916322733,70.9823320392,115.942502985,119.6137192524,monomer,198.5117418056105,1.4223999058587795
88216,,C=CC(=O)OCCN1CCOCC1,,0,96.5735590327,74.0654549132,84.8264899447,85.15516796353333,monomer,181.29475115777709,1.319789203526809
543287,,CCCCCCCCCCCC(CCC)OC(=O)C=C,,0,149.181638598,154.349235648,156.394715143,153.30852979633335,monomer,323.58791697891746,1.3228307382611446
129854610,,CCCCCCCCCCOC(=O)CCOC(=O)C=C,,0,132.651272782,154.269308631,134.090861344,140.33714758566668,monomer,302.8945532625732,1.315031061014192
129762230,,CC(=O)OC1CC2CC1CC2OC(=O)C=C,,0,88.778326367,105.037261639,119.705243424,104.50694381,monomer,212.23165638813305,1.3368355157927272
129753987,,C=CC(=O)OC1CCN(CC1)C2=C(C(=C(C(=C2F)F)C3=NN(C(C3)C4=CC=CC=C4)C5=CC=CC=C5)F)F,,0,478.256700403,263.781128336,329.123648843,357.0538258606667,monomer,452.2886118573477,1.580877116921514
3532725,,C=CC(=O)OCCSC,,0,68.7502369718,65.8666593976,61.0308523698,65.21591624640001,monomer,139.70363319805466,1.3176342970425654
10355061,,C=CC(=O)OCCCCCC,,0,64.488985333,81.2915373224,90.1734471599,78.65132327176667,monomer,170.87116158245664,1.3127828056082151
44577301,,C=CC(=O)OC[C@@H](CBr)Br,,0,103.47832488,61.0177336168,55.6704031752,73.38882055733333,monomer,159.74504713858096,1.3121262999409191
54438140,,C=CC(=O)OCCC1NCCO1,,0,62.1744250839,70.3639218706,90.5915497928,74.3766322491,monomer,163.85045542667353,1.308060600406572
23201,,C=CC(=O)OC1CC2CCC(C1)N2C,,0,108.90014967,109.080928981,71.7365082587,96.5725289699,monomer,197.4542610569392,1.3343235207575488
19996,,C=CC(=O)OCCOCCOC(=O)C=C,,0,75.9855055809,115.436132887,93.7597844119,95.06047429326668,monomer,203.42506374221816,1.317994697605246
129854430,,CCCCCCCCCCCCCCCCOC(=O)CCOC(=O)C=C,,0,189.036381795,192.67374222,194.295937272,192.002020429,monomer,404.0502468643509,1.3238902559391414
11970919,,CCC1(COC(OC1)(C)C)COC(=O)C=C,,0,96.2287188624,106.128897341,119.951092904,107.43623636913333,monomer,228.3512593787646,1.3203722393448853
67923,,C=CC(=O)OCC(C(C(F)(F)F)(F)F)(F)F,,0,76.5205117892,46.1190291522,72.3469951099,64.9955120171,monomer,174.35715549525335,1.2490648341056665
122409,,C=CC(=O)OCC(COCC(COC(=O)C=C)(COC(=O)C=C)COC(=O)C=C)(COC(=O)C=C)COC(=O)C=C,,0,252.175774941,271.224516993,259.678420011,261.02623731500006,monomer,530.2288763116038,1.3367378090752977
88157728,,C=CC(=O)OC(=O)[C@H](CO)N,,0,58.5634951056,58.6839125084,71.5708322996,62.93941330453333,monomer,143.68299412514355,1.2963387282576102
13550,,CCCOC(=O)C=C,,0,66.5399603536,33.9098093261,61.2215516771,53.89044045226667,monomer,119.4917308312462,1.3058900122735282
69199120,,CC1CCC(CC1)(C(C)C)OC(=O)C=C,,0,106.120030357,96.6598034958,131.810935189,111.53025634726669,monomer,226.27169234043345,1.3372015625847649
4200359,,C=CC(=O)OCCCCBr,,0,78.3119429871,74.7441150906,62.1931994813,71.74975251966667,monomer,156.51771918041925,1.3113844707249456
129831453,,C=CC(=O)OCCC[N+](=O)[O-],,0,67.339335698,40.4020759817,83.4811512293,63.740854303,monomer,145.76102271147352,1.2957899977872085
15722985,,C=CC(=O)OCCCCl,,0,45.8057346677,63.3547059525,69.5791963885,59.57987900290001,monomer,135.2443519992173,1.2981712738635645
12641354,,C=CC(=O)OC(C1=CC=CC=C1)(C2=CC=CC=C2)C3=CC=CC=C3,,0,190.257083992,202.416669258,177.706573476,190.1267755753333,monomer,300.59355881178675,1.446585302285628
67252608,,C=CC(=O)OC(C1=CC=CC2=CC=CC=C21)O,,0,173.9078701,66.1746971169,153.67376712,131.25211144563335,monomer,210.87512794549068,1.4383924221759992
61242,,C=CC(=O)OC1=CC=CC=C1,,0,65.1395091363,45.3597585423,127.194531535,79.23126640453334,monomer,140.14576933140825,1.3929264851147969
568158,,C=CC(=O)OCCCC,,0,66.7078237404,66.4651864784,54.7587097865,62.64390666843334,monomer,138.03040173868442,1.3079949813445333
129847185,,C[C@@H]1CC[C@H]2C[C@@H]3[C@@H](CCC([C@]3(CC[C@@H]1C2(C)C)C)(O)OC(=O)C=C)C,,0,185.611885315,217.738074212,187.859357469,197.069772332,monomer,380.764688289088,1.3559336958982662
61249,,CC(COC(=O)C=C)O,,0,64.7986179133,41.3048332886,62.6986514505,56.2673675508,monomer,127.47273235252756,1.2988131771053948
129634875,,CCCCCCCCCCCC(OC(=O)C=C)S,,0,164.064385966,118.485956083,135.11649956,139.22228053633333,monomer,291.7938651205515,1.3253367010737027
86761358,,C=CC(=O)OC1=CC=C(C=C1)NC(=O)C2(CCC2)N,,0,61.4641348587,159.912867696,216.857654248,146.07821893423332,monomer,243.61719860322972,1.4200559824599308
18469777,,COOC(=O)C=C,,0,58.927779182,40.7262752513,27.0871927286,42.2470823873,monomer,95.6664026262104,1.29896136620546
85486,,C=CC(=O)OCC([N+](=O)[O-])([N+](=O)[O-])F,,0,77.065341829,73.0789374439,66.3899227424,72.17806733843334,monomer,159.54071816395603,1.306936418576626
145430716,,C=CC(=O)OCC1=CC(=CC=C1)SC2=CC=CC=C2,,0,169.57945481,215.159060064,80.9615767546,155.2333638762,monomer,246.9415524711339,1.4434280608977044
11492219,,CC(C)(C)OC(=O)NCCOC(=O)C=C,,0,104.447368664,71.3114127897,109.976590261,95.2451239049,monomer,213.01546964169057,1.3030307294509729
86808,,CC(C)CC(C)OC(=O)C=C,,0,79.6203653538,77.2177535081,78.3517039097,78.39660759053334,monomer,170.99209410977303,1.3114348846235244
133083453,,C=CC(=O)OC1CN1,,0,53.8282401827,50.8806807505,44.5624182756,49.7571130696,monomer,107.6221192288214,1.3142958111581862
86614660,,CC1=CC2=C(C=C1Cl)OC(=O)C(=C2C3=CC(=CC=C3)OC(=O)C=C)CC(=O)NC4=C(C=C(C=C4O)F)C(F)(F)F,,0,324.609296188,231.21889799,362.292288451,306.04016087633335,monomer,456.8408155163457,1.4773919375908982
59642034,,C=CC(=O)OCCOC1CC2CC1C3C2C4C(C3)O4,,0,104.567749749,134.0547838,134.031418277,124.217983942,monomer,246.7484425006668,1.3451608188235662
57614810,,CCOC1=CC=C(C=C1)N=NC2=CC=C(C=C2)OCCCCCCOC(=O)C=C,,0,194.106064153,203.244331691,303.139301012,233.49656561866664,monomer,391.1462824899221,1.4179258499396472
57951767,,C=CC(=O)OCCOC1=CC=CC=C1CC2=CC=CC=C2,,0,174.773315217,135.144842161,162.091018662,157.33639201333335,monomer,272.02210402543795,1.4031929653333646
81765,,CCCCOCCOCCOC(=O)C=C,,0,79.5693697048,122.158822399,106.22235434,102.65018214793332,monomer,224.80755379570596,1.3100494754735934
5072272,,C=CC(=O)OC1=CC2=C(C=C1)C3(C4=C(O2)C=C(C=C4)O)C5=CC=CC=C5C(=O)O3,,0,266.168131615,140.835312853,277.006502149,228.003315539,monomer,326.0069468259007,1.5021724405105779
3086211,,CCC(COC(=O)CCOC(=O)C=C)(COC(=O)CCOC(=O)C=C)COC(=O)CCOC(=O)C=C,,0,236.621496064,221.682848442,216.521949549,224.94209801833333,monomer,474.5997268532312,1.3229688290262078
81865,,C=CC(=O)OCC(C(F)F)(F)F,,0,53.8073032249,43.5581449218,69.3638459988,55.57643138183334,monomer,141.72406769612988,1.2629525251005957
23576933,,C=CC(=O)OCCC(=O)CCCC[C@H]1[C@@H]2[C@H](CS1)NC(=O)N2,,0,143.876437429,143.030458475,142.217548273,143.04148139233334,monomer,299.655937687166,1.3255066984618715
53719424,,CC(=CCCC(=CCCC(=CCOC(=O)C=C)C)C)C,,0,163.1755442,123.764036285,198.218473583,161.71935135599998,monomer,304.22926406049334,1.3666807192105543
19986209,,C=CC(=O)OC1=NNN=N1,,0,93.4949389355,45.5017846314,27.485517221,55.49408026263334,monomer,114.08438590294284,1.3323221206604254
20520029,,CCCC(=O)OC(=O)C=C,,0,86.2853532859,54.3757702045,52.9876779534,64.54960048126667,monomer,138.94782842558317,1.3159537707770657
19098705,,C=CC(=O)OCCCC(C(C(C(C(C(F)(F)F)(F)F)(F)F)(F)F)(F)F)(F)F,,0,127.795438331,77.0754300714,123.815045314,109.5619712388,monomer,291.29573664129936,1.2514558797556639
146012803,,C=CC(=O)OC1=C(C2=CC=CC=C2C=C1)Br,,0,248.567918433,54.364324848,114.954311275,139.29551818533335,monomer,202.32538241664284,1.4929481777179594
54074081,,COC1=NC(=C(C(=O)N1C2=CC(=C(C=C2F)Cl)OC(=O)C=C)F)C(F)(F)F,,0,249.784461191,132.895298564,141.954524445,174.8780947333333,monomer,296.98004157059006,1.4114769901962327
10192638,,C=CC(=O)OC1=CC=CC2=CC=CC=C21,,0,74.6364760256,144.74693942,140.05031257,119.81124267186664,monomer,186.43521988187268,1.454867980879605
70613,,C=CC(=O)OCCCCOC(=O)C=C,,0,109.634399888,89.598124233,80.6819437506,93.30482262386666,monomer,194.47103193078416,1.3273321396613138
44435789,,CCCCCCC1=CC=CC=C1OC(=O)C=C,,0,154.120764976,96.1211109022,145.793077855,132.0116512444,monomer,241.01725995673803,1.3791749829334559
129879867,,C=CC(=O)OC1=CC=C(C=C1)N=CC2=CC=C(C=C2)[N+](=O)[O-],,0,157.714989761,206.896071943,153.663222011,172.75809457166667,monomer,263.2508375239002,1.4660628312969588
53766210,,C=CC(=O)OCC([N+](=O)[O-])([N+](=O)[O-])[N+](=O)[O-],,0,106.291801201,66.5103476184,86.0377892059,86.27997934176666,monomer,179.65833231375933,1.3276749511542734
12084305,,CC1(CC(CC(N1OCC(C)(C)O)(C)C)OC(=O)C=C)C,,0,161.410473129,145.304427737,136.56230201,147.75906762533333,monomer,308.492981044895,1.3267193809312765
86759008,,C=CC(=O)OC12CCC(C1)CC2,,0,112.228301455,56.5454410411,84.3264645913,84.3667356958,monomer,165.46227052408233,1.3500757723998114
21216989,,CC(C)(C(=O)OCCOC(=O)C=C)Br,,0,90.4762108955,65.4784906595,120.194473753,92.04972510266668,monomer,203.16297223210643,1.3074335568994015
76709,,C=CC(=O)OC1=CC=C(C=C1)O,,0,117.57611001,115.267972032,22.7524726875,85.19885157649999,monomer,149.18166711679217,1.3974492644540386
23635599,,CCCCC1=CC=C(C=C1)OC(=O)C=C,,0,89.0482786205,112.865122463,155.729049269,119.21415011749998,monomer,208.8752234267737,1.3971624482380733
19979417,,CC1(CC(CC(N1OC2CCCCC2)(C)C)OC(=O)C=C)C,,0,174.67822356,132.06402636,167.50850588,158.08358526666666,monomer,321.03374946101786,1.3368364588293442
15153819,,C=CC(=O)OCCCCCCBr,,0,71.2139686399,99.6663242621,93.562039779,88.14744422700001,monomer,189.4724295220447,1.316449441965553
85977944,,COC1=CC=C(C=C1)C=NC2=CC=C(C=C2)OC(=O)C=C,,0,173.239738914,131.972628568,229.052617551,178.08832834433335,monomer,263.42339694228525,1.4825232252669973
54384939,,CCC(C)(CC)OC(=O)C=C,,0,87.4578405688,85.9354621641,62.1792441134,78.5241822821,monomer,169.6640438434959,1.3146601841554937
6581,,C=CC(=O)O,,0,26.74193874,49.9560855186,6.76401339147,27.82067921669,monomer,68.69955125442273,1.2722052565950974
129672441,,C=CC(=O)OOC(=O)C(C)=C=O,,0,105.876565241,43.9843805689,67.7053479342,72.5220979147,monomer,146.88431593506493,1.3378297881062227
83174,,CCCCC(C)(C)COC(=O)C=C,,0,114.254247414,104.741585303,69.0704320465,96.0220882545,monomer,204.05715886010267,1.3204304277239032
10565559,,C=CC(=O)OCCOCCOCCOCCOCCO,,0,139.714543958,99.6790679986,136.434799119,125.2761370252,monomer,281.84634654062376,1.3010800755988923
140350948,,C=CC(=O)OOC(=O)OOC(=O)C=C,,0,91.085254927,63.0415742374,74.7275155232,76.28478156253333,monomer,164.99006687286376,1.3143167697159461
89065,,CC[N+](C)(CC)CCOC(=O)C=C,,0,133.236596921,74.1799837345,93.2188014547,100.21179403673334,monomer,202.6612266442623,1.3383911816332754
67859946,,C=CC(=O)OC1=C2C(=CC=C1)SC3=CC=CC=C3N2,,0,219.013230829,25.2496317817,257.035228061,167.09936355723335,monomer,230.6654757211741,1.5235900767873976
13847858,,CC(C)CCCCCCCCCCCCCCCCCCCCCCCOC(=O)C=C,,0,258.382494807,269.587126945,218.265489653,248.745037135,monomer,514.1414316129586,1.3303493047901804
72203001,,COC1=CC=C(C=C1)NC2=NC=C3C(=N2)N(C(=O)C=N3)C4=CC=C(C=C4)OC(=O)C=C,,0,104.186255217,384.677888136,317.629227559,268.8311236373333,monomer,356.72403919225314,1.548999170595823
7825,,C=CC(=O)OCCC#N,,0,35.2344926951,57.1254709002,71.0085987957,54.45618746366667,monomer,120.88361673853623,1.305510784431417
21896341,,CCC1(CCCC1)OC(=O)C=C,,0,76.8154918476,79.3132853432,102.744294987,86.29102405926666,monomer,176.38404286287633,1.334424714264602
5354844,,C=CC(=O)OC/C=C/C1=CC=CC=C1,,0,144.583026298,10.801391332,184.793021311,113.392479647,monomer,183.01085213963032,1.436109244934505
4128060,,CC(COC(C)COC(=O)C=C)OCC(C)OC(=O)C=C,,0,140.37243724,129.471795406,148.72657753,139.523603392,monomer,298.0790773754186,1.3185733270336109
91369,,CN(CCOC(=O)C=C)S(=O)(=O)C(C(C(C(C(C(C(C(F)(F)F)(F)F)(F)F)(F)F)(F)F)(F)F)(F)F)(F)F,,0,152.157605817,145.485438577,187.815869139,161.81963784433333,monomer,390.11850273041927,1.2793414742543625
106992,,CCCCCC(C)COC(=O)C=C,,0,97.7965130938,104.584914517,86.6469646603,96.3427974237,monomer,205.02928258843977,1.3199325752419693
171378196,,C=CC(=O)OCCOP(=O)(OCP1(=O)C2=CC=CC=C2C3=CC=CC=C3O1)OC4=CC=CC=C4,,0,312.970085641,280.815769507,179.338396074,257.7080837406667,monomer,421.9620604534692,1.4289677200723108
15055020,,C=CC(=O)OCCOC1=CC2=CC=CC=C2C=C1,,0,73.6066870382,131.832466859,228.433673191,144.62427569606666,monomer,227.353570672421,1.4495338161643125
134820730,,CC(C)OC1=CC=C(C=C1)C(=O)NC2=CC=C(C=C2)OC(=O)C=C,,0,324.908318222,125.414885297,166.175003239,205.49940225266667,monomer,304.8271806555618,1.4809328377181339
23074693,,C=CC(=O)OC1CC2CC1C=C2,,0,89.3900681333,60.17310647,99.6416342316,83.06826961163334,monomer,160.87863616555617,1.354999880855729
92029513,,COC1=CC2=CC3=C(C=C2C=C1)C(=CC(=O)O3)COC(=O)C=C,,0,138.780017346,210.705081508,239.409691892,196.298263582,monomer,273.4847947159534,1.5178632815748236
132245749,,C=CC(=O)OCCSC(C(OC(C(C(F)(F)F)(F)F)(F)F)F)(F)F,,0,113.946612193,93.6271518491,104.171468938,103.91507766003332,monomer,268.7101358345626,1.259050139749304
23635725,,CCCCCOC(=O)C1=CC=C(C=C1)OC(=O)C=C,,0,128.790567388,123.734556401,180.994623698,144.50658249566666,monomer,256.121390776013,1.392034721048401
164889234,,C[C@]12CCC(=O)C[C@@H]1CC[C@@H]3[C@@H]2CC[C@]4(C3CC[C@@H]4OC(=O)C=C)C,,0,194.918249903,168.436035124,196.157186595,186.503823874,monomer,350.05412795101944,1.3676166261798404
129883423,,C=CC(=O)OCCN=CC1=CC=C(C=C1)[N+](=O)[O-],,0,136.079029785,66.3329640144,183.685074203,128.69902266746666,monomer,222.97256908854703,1.4022464201991893
109961,,CCN(CCOC(=O)C=C)S(=O)(=O)C(C(C(C(C(F)(F)F)(F)F)(F)F)(F)F)(F)F,,0,136.593402805,154.328542744,133.554511458,141.49215233566667,monomer,326.4646244352115,1.2929343158297295
68648646,,C=CC(=O)OC(OCC12CC3CC(CC(C3)C1)C2)C(C)C,,0,155.150771947,139.919796166,154.940725438,150.003764517,monomer,296.1775679561196,1.3474744049641691
544156,,C=CC(=C)CCCCOC(=O)C=C,,0,89.1186819719,85.8731759521,111.962816044,95.65155798933333,monomer,194.0011569193809,1.3373088978036216
3024058,,C=CC(=O)OCC(C(C(C(C(C(C(C(C(C(F)(F)F)(F)F)(F)F)(F)F)(F)F)(F)F)(F)F)(F)F)(F)F)(F)F,,0,135.530710534,97.2348227713,161.516114014,131.42721577310002,monomer,365.6236107549854,1.239589226842365
12014951,,C=CC(=O)OCCOCCOC(=O)C(CC1=CC=CC=C1)SC#N,,0,199.756039553,133.85781282,158.341264709,163.98503902733333,monomer,319.9879765784096,1.3520472668967003
22134261,,C=CC(=O)OC1=CC=CC=C1[N+](=O)[O-],,0,136.347743138,103.091868959,43.6508170072,94.36347636806666,monomer,165.25514915615963,1.3973775358853153
86720804,,C=CC(=O)OCC1=C(C=CC(=C1)N)C2=C(C=C(C=C2)N)COC(=O)C=C,,0,181.560044191,161.673257012,245.22198196,196.1517610543333,monomer,326.8849556123995,1.4204089880369264
69099902,,CC(=O)OC[C@@H]1[C@H]([C@@H]([C@H]([C@@H](O1)OCCOC(=O)C=C)OC(=O)C)OC(=O)C)OC(=O)C,,0,198.206988975,170.712944315,182.724393486,183.88144225866668,monomer,396.370344512886,1.3154723697515682
69736699,,C=CC(=O)OC1=NC2=C(C=CC=C2O)C=C1,,0,110.590760082,159.719515131,108.798178128,126.369484447,monomer,189.30820705150472,1.475417056583114
28803,,C=CC(=O)OCCOCCOCCOCCOC(=O)C=C,,0,169.049913008,116.609371699,112.430894508,132.696726405,monomer,287.9228758105775,1.3132136614815861
75617,,C=CC(=O)OCC1=CC=CC=C1,,0,96.0873909438,105.170702437,50.7086822478,83.98892520953333,monomer,157.80315850069132,1.3671951154761013
22709189,,CCCCC1=CC=CC=C1OC(=O)C=C,,0,76.9900612275,125.326284113,145.906517295,116.07428754516664,monomer,207.066657480898,1.389180164494445
17787778,,CCCCCC(OC(=O)C=C)OC(=O)C=C,,0,96.4601096884,117.753863642,115.570363007,109.92811211246664,monomer,228.8310415672704,1.3277837777653516
129721590,,COC(=O)C1(C(C1(C#N)C(=O)OC)C2=CC=C(C=C2)OC(=O)C=C)C#N,,0,254.352102805,128.588112689,154.576163513,179.17212633566666,monomer,312.65935401155133,1.398984315384537
14473597,,C=CC(=O)OC1CCCCC1Cl,,0,88.0638333847,74.0125325209,93.9445296917,85.34029853243334,monomer,174.24973576162037,1.3348287763536955
19899675,,CCCC(OC(=O)C=C)Br,,0,55.882673454,86.7122173052,78.8267532055,73.8072146549,monomer,157.1356155340245,1.3197879167333038
18546536,,CSCCCOC(=O)C=C,,0,65.4861820256,65.208331899,89.5738534666,73.4227891304,monomer,155.16253676485,1.322398689887046
57191966,,C=CC(=O)OCCCCCC(O)O,,0,87.0255680078,90.1961670881,75.7145417204,84.3120922721,monomer,189.84916634877075,1.3007974115714478
54112393,,CCCCCC(CC)(CC)OC(=O)C=C,,0,89.7214558052,120.730896931,123.906618488,111.45299040806668,monomer,237.00779619235928,1.3201957464181802
105449,,CN(CCOC(=O)C=C)S(=O)(=O)C(C(C(C(C(C(F)(F)F)(F)F)(F)F)(F)F)(F)F)(F)F,,0,121.51609849,149.567237781,160.882543418,143.988626563,monomer,337.64341493755273,1.2878406238448314
129851461,,C=CC(=O)OC1=CC=C(C=C1)N2C=NC(=C2C3=CC=CC=C3)C4=CC=CC=C4,,0,170.27197354,185.393684115,394.221998238,249.96255196433336,monomer,335.8656418191856,1.5407825167939377
85975705,,CCCCCOC1=CC=C(C=C1)N=NC2=CC=C(C=C2)OC(=O)C=C,,0,205.945368923,231.996621076,178.891153673,205.61104789066667,monomer,323.87574430331927,1.4484934088978363
139072596,,C=CC(=O)OCCOCC1=C2C=CC=NC2=C(C=C1)O,,0,186.254087006,38.7302039946,219.231638375,148.07197645853333,monomer,250.552471636481,1.4131677510559593
164946354,,CC/C=C/CCOC(=O)C=C,,0,103.299884753,53.3876936896,89.9284976126,82.20535868506666,monomer,163.7311828458746,1.3441408818133727
110651,,CCC(COC(=O)C=C)[N+](=O)[O-],,0,70.8802680295,75.9609143628,72.8663625256,73.23584830596667,monomer,164.04485458959093,1.302521580337296
11058231,,C=CC(=O)OCCOCCOCCOCCOCCOCCOC(=O)C=C,,0,137.464964505,211.92190691,166.481501506,171.95612430699998,monomer,374.5756076843993,1.3118716248521736
66701901,,C=CC(=O)OCCOCCOCC1=CC=CC=C1,,0,163.020690806,114.5231479,85.4614807872,121.0017731644,monomer,242.3288043670613,1.3420595297262365
132234056,,CCCCCCCC(=O)OC(C)COC(C)COC(=O)C=C,,0,140.265140289,147.877852006,170.159421971,152.767471422,monomer,327.7399948560271,1.3171185193351411
20566720,,C=CC(=O)OCCCOC1=CC=C(C=C1)O,,0,86.019121771,109.287389352,135.102291742,110.13626762166666,monomer,211.8425954868572,1.3577186488675994
173047,,CN(CCOC(=O)C=C)S(=O)(=O)CC(C(C(C(C(C(C(C(C(C(C(C(C(C(F)(F)F)(F)F)(F)F)(F)F)(F)F)(F)F)(F)F)(F)F)(F)F)(F)F)(F)F)(F)F)(F)F)(F)F,,0,265.170439155,223.297056713,204.309214115,230.92556999433336,monomer,570.8441361847147,1.2718953352522693
57045534,,C=CC(=O)OCCC(Cl)Cl,,0,83.2475070956,40.0552619517,80.6856210017,67.99613001633332,monomer,150.37250842180015,1.3067684306129375
81804,,C=CC(=O)OCCOC1=C(C=C(C=C1Br)Br)Br,,0,75.4537150439,169.9807372,164.328244336,136.58756552663334,monomer,243.9781778820882,1.388609639452835
44580760,,C=CC(=O)OC(CCN1CCN(CC1)CCCN(C2=CC=C(C=C2)F)C3=CC=C(C=C3)F)C4=CC=CC=C4,,0,265.862406445,339.089048987,223.543701837,276.165052423,monomer,495.69488542052346,1.3864941680911103
131740479,,C=CC(=O)OCCOCCN,,0,68.3614651834,78.2714698778,60.2490559446,68.96066366859999,monomer,158.5069149965105,1.2941500315754497
44457096,,CC(=O)OCC([C@@H]1[C@@H]([C@H]2[C@@H](O1)OC(O2)(C)C)OC(=O)C=C)OC(=O)CCC(=O)N[C@H]3C4N(C3=O)[C@H](C(S4)(C)C)C(=O)O,,0,252.064632044,226.568930494,299.531293419,259.388285319,monomer,533.4723982769576,1.3321687315607484
86600776,,C=CC(=O)OCCCCCCCC,,0,101.385981633,87.7908451874,94.360680434,94.51250241813334,monomer,204.67160667589508,1.3138828975378845
576412,,C=CC(=O)OCCCC1=CC=CC=C1,,0,135.157953747,40.674487037,129.459642814,101.764027866,monomer,192.4221730174968,1.3645934301746423
14899,,CC(C)CCCCCCCOC(=O)C=C,,0,120.964228644,94.4475651273,124.466028307,113.29260735943332,monomer,236.8653952746792,1.3262163632413304
129762053,,C=CC(=O)Oc1nn[nH]n1,,0,92.5348576785,12.4330324692,58.7570350722,54.5749750733,monomer,114.22233113630416,1.3258390509097981
20594792,,CCCC1CCC(CC1)C2=CC=C(C=C2)OC(=O)C=C,,0,158.39721078,116.076873459,211.411609366,161.96189786833332,monomer,281.10634301542086,1.4014275715843418
57931572,,C=CC(=O)OC1C2=CC=CC=C2C3=CC=CC=C13,,0,207.515614903,49.4303959788,191.918271504,149.62142746193334,monomer,217.37027302671828,1.4928237875796349
16205176,,CC(C)(C(=O)OC)OC(=O)C=C,,0,91.0670122984,74.5581087751,61.9035720276,75.84289770036666,monomer,166.37903676761073,1.3094789168362473
57789513,,C=CC(=O)OCCCCCCCCCCS(=O)(=O)O,,0,150.521795328,115.413675744,122.517448157,129.48430640966666,monomer,282.9868212571944,1.3107537404628624
99769780,,C=CC(=O)OCCCC(C(C(C(F)(F)F)(F)F)(F)F)(C(F)(F)F)C(F)(F)F,,0,129.469463002,105.387696699,86.9791332404,107.2787643138,monomer,290.25353090599265,1.2468044691774303
21572427,,C=CC(=O)OC(C1=C(C(=C(C=C1)Br)Br)Br)(Br)Br,,0,248.619869378,94.0622012163,138.203599819,160.2952234711,monomer,256.9773992610609,1.439490370423081
11959825,,C=CC(=O)OC1CCOC1=O,,0,48.0334088481,69.0230114715,77.0074844612,64.68796826026666,monomer,137.592460391905,1.3201147499164314
23362714,,C=CC(=O)OCCCC1=CC=NC=C1,,0,117.944966273,104.062714485,73.0052502527,98.33764367023332,monomer,186.0485891669013,1.3643633917698246
18628414,,C=CC(=O)OOOC(=O)C=C,,0,86.5407002114,49.7583946872,59.5203245095,65.2731398027,monomer,136.23815637730783,1.3268243165935332
14365587,,C=CC(=O)Oc1cccc(O)c1O,,0,152.132256848,71.5726942914,45.5787108605,89.76122066663333,monomer,159.05611729479352,1.3921330701808068
175023,,CN(CCOC(=O)C=C)S(=O)(=O)CCC(C(C(C(C(C(C(C(C(C(C(C(C(C(C(C(F)(F)F)(F)F)(F)F)(F)F)(F)F)(F)F)(F)F)(F)F)(F)F)(F)F)(F)F)(F)F)(F)F)(F)F)(F)F)(F)F,,0,257.91578533,258.899778149,248.212322151,255.00929521,monomer,640.2959796484608,1.2673660989320459
102223599,,C=CC1=C(C=C(C=C1)O)OC(=O)C=C,,0,132.028095595,21.6097945448,171.094509533,108.24413322426666,monomer,177.08831065934382,1.4293749366810138
3022445,,CCCCCCCCCCCCCCCCC(C)COC(=O)C=C,,0,185.852487438,179.264684605,202.960302918,189.3591583203333,monomer,389.1661275356198,1.3324324083396264
9989898,,C=CC(=O)OC1=CC=CC=C1Cl,,0,118.732874073,97.5147889484,49.0545126861,88.43405856916667,monomer,156.56758485600136,1.3925195694835177
15509192,,C=CC(=O)OC1(CCCC1)C2CCCCC2,,0,140.287572906,116.808236279,96.3446349941,117.81348139303334,monomer,232.5863847334357,1.3475282205743189
21896322,,C=CC(=O)OC1(CCCC1)C2CCCO2,,0,122.866495993,107.654465933,82.2012465971,104.24073617436666,monomer,208.00546327191043,1.3434350189000717
87061321,,C/C=C/CCCOC(=O)C=C,,0,82.1554399681,84.1153614563,75.0655400506,80.44544715833332,monomer,164.93420988590657,1.333310093782857
2776419,,C=CC(=O)OCC(C(C(C(C(C(C(C(C(C(F)F)(F)F)(F)F)(F)F)(F)F)(F)F)(F)F)(F)F)(F)F)(F)F,,0,110.454545245,117.434352373,167.115573797,131.66815713833333,monomer,359.7986138607548,1.2442016187431209
129875431,,C=CC(=O)ONCC1=CC=CN1,,0,97.0008329618,36.6026300405,96.3972243642,76.66689578883334,monomer,155.22326533463152,1.337963871104344
129689811,,C=CC(=O)O[C@@]1([C@@H]([C@H]([C@H]([C@H](O1)O[C@@H]2[C@H](O[C@H]([C@@H]([C@H]2O)O)O)CO)O)O)O)CO,,0,181.559754656,157.608482573,116.476194455,151.881477228,monomer,344.52921222139844,1.2983940426667961
44150458,,CC(=O)OCC1(CCC2C1C3CCC2C3)COC(=O)C=C,,0,137.644990351,146.560556686,145.02378098,143.07644267233331,monomer,285.3514557815381,1.3436321735588967
164511035,,C[C@H]1CCC([C@H](C1)OC(=O)C=C)C(=C)C,,0,125.542989765,111.164231471,97.5681289524,111.42511672946668,monomer,220.5334418434432,1.3465527172040928
16217174,,C=CC(=O)OC[C@@H]1CCCN1C2=CC=C(C=C2)[N+](=O)[O-],,0,135.076250122,68.8642933601,262.756563929,155.56570247036666,monomer,253.9227770927489,1.430506424604378
293461,,C=CC(=O)OC1=CC=C(C=C1)Cl,,0,160.983254162,70.3576119251,41.7250935792,91.02198655543332,monomer,157.32993348601613,1.403308637505122
19855,,CCC(CC)COC(=O)C=C,,0,104.960133269,72.1425639219,63.814195961,80.30563105063334,monomer,171.6735021115943,1.318353628701669
57198481,,C=CC(=O)OCC(C)OC(=O)C=C,,0,93.9721046086,62.1594409663,95.3917752786,83.84110695116667,monomer,177.03925092293588,1.3226785695359544
10907737,,CCC(C)(C)C1=CC(=C(C(=C1)C(C)(C)CC)O)C(C)C2=C(C(=CC(=C2)C(C)(C)CC)C(C)(C)CC)OC(=O)C=C,,0,270.855450532,405.533503757,305.384788859,327.2579143826667,monomer,593.0784989707399,1.3823381372819656
21872246,,C=CC(=O)OCCOC1=CC=CC2=CC=CC=C21,,0,169.385008359,55.7370161479,193.874554517,139.66552634130002,monomer,226.2567982129092,1.4342457828268225
58231726,,C=CC(=O)OC1=C(C=C(C=C1)C2=CC3=CC=CC=C3S2)C4=CC5=CC=CC=C5S4,,0,30.3238865792,402.425202713,502.033674839,311.5942547104,monomer,351.84748510030124,1.6705625808511568
92954,,C=CC(=O)OCC(CCl)O,,0,78.0142735407,31.8735493889,78.8024729749,62.8967653015,monomer,144.20718428735952,1.294951467161192
82347,,C=CC(=O)OCCCCCCO,,0,95.4186327989,53.8477689737,97.3501582755,82.20552001603333,monomer,178.65227512936437,1.3126687895387164
105994,,C=CC(=O)OCCOCCOCCOCCOCCOCC1CCCO1,,0,166.613491551,178.413737375,159.598553223,168.2085940496667,monomer,365.1168442118825,1.3130814240507183
544523,,CC1=C(C(=C(C=C1)C(C)(C)C)O)CC2=C(C(=CC(=C2)C)C(C)(C)C)OC(=O)C=C,,0,201.188209358,232.27352684,259.861952946,231.1078963813333,monomer,404.3855037360033,1.397760666662662
129883305,,COC1=CC=C(C=C1)C=NCCCOC(=O)C=C,,0,106.387149879,127.386430639,200.508029837,144.760536785,monomer,241.42611482690936,1.4200432039741047
129735866,,C=CC(=O)OC1=C2C=C3C=CC(=N3)C=C4C=CC(=N4)C=C5C=CC(=CC(=C1)N2)N5,,0,94.1901812412,551.87696758,392.285960201,346.1177030074,monomer,332.5264292595981,1.830523263505385
57709857,,C=CC(=O)OCCS(=O)(=O)CCC(C(F)(F)F)(C(F)(F)F)F,,0,115.029239714,120.911366267,91.4346258799,109.12507728696666,monomer,259.2309172944289,1.2838282823908156
59502627,,C=CC(=O)OC1=C2C=CC=CC2=NC3=CC=CC=C31,,0,252.773501921,36.2648387421,214.733899808,167.92408015703333,monomer,224.7543233691636,1.5433280136025296
105447,,CN(CCOC(=O)C=C)S(=O)(=O)C(C(C(C(F)(F)F)(F)F)(F)F)(F)F,,0,104.167848545,107.702884579,162.728014285,124.86624913633334,monomer,283.4581360162454,1.2981531036887926
11390128,,C=CC(=O)OC12CC3CC(C1)CC(C3)C2,,0,123.397087957,96.5209048046,104.35203626,108.09000967386665,monomer,206.15394902719655,1.3611056485717306
20226504,,COC1=CC=CC(=C1)COC(=O)C=C,,0,129.13608649,75.5394997324,99.9497079037,101.5417647087,monomer,183.8509186361599,1.382734867540421
543884,,CCCCC(CC)CCC(CC)OC(=O)C=C,,0,138.004602805,133.488277432,114.998001491,128.83029390933334,monomer,271.0194198622208,1.3240107762458788
129677092,,C=CC(=O)OCC[C-]1C=CC=C1,,0,121.099441746,48.5121661405,101.78164744,90.46441844216668,monomer,160.96631193720134,1.3903095449649026
21293197,,C=CC(=O)OCC[N+](=O)[O-],,0,54.9509182426,37.0978079421,76.6233668587,56.22403101446667,monomer,127.83863467348912,1.297633844665331
88654,,CCCCCCCCCCCOC(=O)C=C,,0,126.723439119,119.616978173,118.180011556,121.506809616,monomer,255.50898295847617,1.3241556814650992
129700121,,C=CC(=O)OCC(CC)CCCC,,0,89.9252034869,90.189993869,107.149631843,95.75494306630002,monomer,204.90731954036647,1.3180012860717247
129851391,,C=CC(=O)OC1=CC(=CC2=C1N(C3=C2C=C(C=C3)I)CCO)I,,0,251.707207196,55.9107772405,366.694195137,224.7707265245,monomer,316.03330147607267,1.5122588972568436
62414,,C=CC(=O)OCCOCCOCCOC(=O)C=C,,0,155.339653522,84.8813225986,102.854424209,114.35846677653332,monomer,243.65842048389084,1.3195158055418656
67744,,C=CC(=O)OCC(C(F)(F)F)(F)F,,0,78.5911038103,53.1040018362,36.1709344184,55.9553466883,monomer,147.38580998847854,1.253983343931248
85957,,C=CC(=O)OCC(CC(C(C(C(C(C(C(C(C(C(C(C(F)(F)F)(C(F)(F)F)F)(F)F)(F)F)(F)F)(F)F)(F)F)(F)F)(F)F)(F)F)(F)F)(F)F)O,,0,193.650279255,179.877148585,154.026337242,175.8512550273333,monomer,489.07366938521926,1.2396598057734618
19067483,,C=CC(=O)OCC1=CC=C(C=C1)[N+](=O)[O-],,0,95.2001886438,122.981399122,79.8018540108,99.32781392553332,monomer,184.3561962962602,1.3722443611277668
57003781,,C=CC(=O)OCCC(Br)Br,,0,85.4399561406,82.0684341068,52.1809736685,73.22978797196667,monomer,158.86821728585187,1.3132662793796657
3086961,,CC(OCCOCCOC=C)OC(=O)C=C,,0,102.587183108,97.5211592157,110.603053052,103.57046512523334,monomer,226.0588457858669,1.311194566006588
86753071,,C=CC(=O)OCCCCOC1=CC=C(C=C1)C2(CC=CC(=C2F)C3=CC=C(C=C3)CCCC=O)F,,0,254.3771917,245.048793439,329.694524301,276.3735031466667,monomer,447.6814544665236,1.4342913578329866
57127567,,CC[C@H](C)OC(=O)C=C,,0,69.0424481221,49.6421136787,69.4896817357,62.7247478455,monomer,136.65493241963705,1.3118209745204175
54484930,,CC(=O)NCOC(=O)C=C,,0,54.6498099053,59.9868157166,67.905872398,60.84749933996667,monomer,135.68095326683132,1.3040146888937776
129756457,,C=CC(=O)OCCSC1=NN=NN1C2=CC=CC=C2,,0,125.636556787,148.625698764,141.437787069,138.56668087333333,monomer,238.66854022456144,1.4049207608374004
75282,,C=CC(=O)OCCOC(=O)C=C,,0,83.8443984441,48.4739771708,90.0504648402,74.12294681836666,monomer,160.75951637704787,1.313365072728363
10104558,,C[C@H]1CC[C@@H]([C@H](C1)OC(=O)C=C)C(C)C,,0,122.45481647,93.2943727905,115.900245233,110.54981149783332,monomer,226.4618935558665,1.3336249617898759
14288021,,C[C@H](CCCC(C)C)[C@H]1CC[C@@H]2[C@@]1(CC[C@H]3[C@H]2CC=C4[C@@]3(CC[C@@H](C4)OC(=O)C=C)C)C,,0,253.995767469,180.073694328,337.635362284,257.2349413603333,monomer,478.7385490490144,1.3711132708217861
139024549,,CCC(CC(C)C)COC(=O)C=C,,0,97.0206515889,106.985573945,80.5695918698,94.85860580123334,monomer,205.7539489950588,1.313327653469577
10034607,,C=CC(=O)OCC#N,,0,56.6837548445,31.4604299886,49.5644712441,45.902885359066666,monomer,103.30056000596753,1.3009905660852485
17258,,CCCCCCCCOC(=O)C=C,,0,114.070204585,98.8651665759,74.6771784126,95.87084985783332,monomer,203.6106050300533,1.3206464009984744
2775810,,C=CC(=O)OCC(CC(C(C(C(F)(F)F)(F)F)(F)F)(F)F)O,,0,97.5043650818,77.9951786372,99.4196976502,91.63974712306668,monomer,244.0689734898915,1.2509892881481082
21496847,,C=CC(=O)OCCN(CO)C(=O)N,,0,81.692606769,89.7966275775,58.8235526993,76.77092901526666,monomer,174.11686582107328,1.2984517240348987
67889,,C=CC(=O)OCC(F)(F)F,,0,63.1309219421,19.8978155014,56.0631728658,46.3639701031,monomer,118.87365593942664,1.2614284608163397
85538564,,C=CC(=O)OCCCCCCCCCCCCCCCCCCCCBr,,0,199.717274877,191.347033807,219.554530721,203.539613135,monomer,426.48532566395016,1.325429097945527
153532451,,C=CC(=O)OC1=NC(=C2C(=N1)N=CN2)N,,0,155.916027036,121.518313379,21.6741809274,99.70284044746668,monomer,170.1147778410283,1.4092837902759654
15311046,,C=CCCCCCCCCOC(=O)C=C,,0,115.445815314,90.2184866839,137.324189517,114.32949717163336,monomer,232.95885140373727,1.3355922349577969
155643744,,CCCCCCCCSSCCOC(=O)C=C,,0,120.406556057,157.178677918,135.39234375,137.659192575,monomer,277.679275001839,1.3393506307973717
17853765,,CCCCCCCC(CC)OC(=O)C=C,,0,127.637007371,84.4477545788,127.840354604,113.3083721846,monomer,238.2359042484977,1.3242051379408177
129805157,,C=CC(=O)OC1=CC=CC=C1P(=O)(C2=CC=CC=C2)C3=CC=CC=C3,,0,248.339807369,133.817938131,232.720095539,204.9592803463333,monomer,315.84936301837234,1.460016994674291
31232,,CCC1=CN=C(C=C1)CCOC(=O)C=C,,0,141.678222271,105.95699246,80.3729725285,109.33606241983334,monomer,203.14690911565523,1.3718036152361337
14910870,,CC(=CCC/C(=C/COC(=O)C=C)/C)C,,0,153.770606225,104.62265312,96.9723336607,118.45519766856668,monomer,227.43427581945332,1.3584351688820826
14671034,,C=CC(=O)OCCC(C(C(F)(F)F)(F)F)(F)F,,0,94.3025013525,59.7958039379,63.1038481262,72.40071780553333,monomer,190.164900480895,1.254752320312285
169439624,,CCC(COC(=O)C=C)C(C)C,,0,79.9433681991,95.6761542061,83.5973212962,86.40561456713333,monomer,187.1632723684042,1.313795697195276
13932179,,CC(CCOC(=O)C=C)O,,0,81.041805382,47.9141898527,63.6211580532,64.19238442929999,monomer,145.83159472276603,1.2979111619445116
10920839,,C=CC(=O)OCCCCCl,,0,90.6558834221,55.424983307,62.5280390642,69.5363019311,monomer,151.99465780283467,1.310700858626968
22664433,,C=CC(=O)OCC(C(C(C(C(F)(F)F)(F)F)(F)F)(F)F)(F)F,,0,93.1201157532,54.5246359868,103.434132986,83.69296157533334,monomer,229.3933663271104,1.2434154040849426
12141271,,CCC/C=C/COC(=O)C=C,,0,107.310561222,80.9381514336,56.0968343212,81.44851565893333,monomer,163.24251443123103,1.3417663991420932
86736826,,CCC(C)(N)OOC(=O)C=C,,0,76.858869822,75.1855011006,65.4293711186,72.49124734706668,monomer,157.08790881341747,1.313654659726233
20479854,,CCCCCC(O)OC(=O)C=C,,0,96.2716095871,53.1207657527,95.8179766031,81.73678398096666,monomer,180.69875960958373,1.3068814285871793
115833,,C=CC(=O)OCC(COC1=CC=C(C=C1)CC2=CC=C(C=C2)OCC(COC(=O)C=C)O)O,,0,251.674447279,249.917464837,203.98780386,235.19323865866667,monomer,423.64092613934656,1.3849681989514953
639970,,C[C@@]12CC[C@@H](C1(C)C)C[C@H]2OC(=O)C=C,,0,114.612372377,93.20555717,114.892193644,107.57004106366666,monomer,216.98022950978773,1.3393587592304133
54523676,,CCCCCCCC(=O)OCCOC(=O)C=C,,0,100.287821717,117.472300119,131.491034238,116.41705202466666,monomer,250.70988755535396,1.3157972102972224
171378145,,CC1([C@@H](N2[C@H](S1)[C@@H](C2=O)NC(=O)[C@@H](C3=CC=C(C=C3)O)N)C(=O)OOC(=O)C=C)C,,0,197.414766838,223.613302081,181.730656335,200.91957508466663,monomer,372.457218250017,1.3727556111094026
10444551,,C=CC(=O)OCCN1C(=O)C2=CC=CC=C2C1=O,,0,152.954489924,63.3552090672,149.956271632,122.0886568744,monomer,216.13617728352943,1.3925503035765803
5748640,,C[C@H](CO)OC(=O)C=C,,0,56.6340424759,30.1032780989,84.0417948909,56.9263718219,monomer,128.09314238352377,1.301028525803163
13643270,,C=CC(=O)OC(COC1=CC(=C(C=C1)C(=O)C2=CC=CC=C2)O)COC3=CC(=C(C=C3)C(=O)C4=CC=CC=C4)O,,0,241.743002744,347.120392116,347.385116371,312.082837077,monomer,483.84600211800495,1.4568046115497326
58454459,,C=CC(=O)OCCCC(C(C(C(F)(F)F)(F)F)(F)F)(F)F,,0,100.512053061,67.1800507961,104.583587691,90.75856384936668,monomer,236.88002759483717,1.2564834679718986
44607779,,C=CC(=O)OC1C[C@H]2C[C@@H]1[C@@H]3[C@H]2C=CC3,,0,115.977391561,108.358985621,93.4882903033,105.94155582843332,monomer,199.07746120687895,1.36713651581347
11275754,,C=CC(=O)OCC1=CC2=C(C=C1)OCO2,,0,122.113499027,100.085789561,83.4148744305,101.87138767283334,monomer,182.9281288111125,1.3863114150978069
102248210,,CCC(COC(=O)C=C)([N+](=O)[O-])[N+](=O)[O-],,0,104.248778737,80.2771411673,76.5505459204,87.02548860823333,monomer,187.80044445229424,1.3150855736059484
22168880,,CCC1(C2CC3CC(C2)CC1C3)OC(=O)C=C,,0,125.856099222,121.523569307,119.333838731,122.23783575333334,monomer,237.8273566806216,1.3531949505205376
