selfies,polarizability
[C][=C][C][=Branch1][C][=O][O][C][C][C][C][O][C][=C][C][=C][Branch1][Branch1][C][=C][Ring1][=Branch1][C][=Branch1][C][=O][C][=C][C][=C][C][=C][Ring1][=Branch1],0.31349161435737766
[C][C][Branch2][Ring1][Branch1][C][C][C][C][Ring1][Branch1][Branch1][N][C][C][Ring1][=Branch1][O][C][=Branch1][C][=O][C][=C][C][C],0.1564755158577331
[C][=C][C][C][=N][N][=N][N][Ring1][Branch1][O][C][=Branch1][C][=O][C][=C],0.10017995724771395
[C][N][Branch1][C][C][C][C][O][C][=Branch1][C][=O][C][=C],0.07753879369031444
[C][C][C][C][C][C][O][C][=Branch1][C][=O][C][=C],0.09873952648178277
[C][N][Branch1][#Branch2][C][C][O][C][=Branch1][C][=O][C][=C][S][=Branch1][C][=O][=Branch1][C][=O][C][C][Branch2][Ring2][#Branch1][C][Branch2][Ring1][#C][C][Branch2][Ring1][#Branch1][C][Branch1][S][C][Branch1][=Branch2][C][Branch1][C][F][Branch1][C][F][F][Branch1][C][F][F][Branch1][C][F][F][Branch1][C][F][F][Branch1][C][F][F][Branch1][C][F][F],0.23889399010565904
[C][=C][C][=Branch1][C][=O][O][C][Branch2][=Branch1][Branch2][C][Branch2][Branch1][S][C][Branch2][Branch1][Branch2][C][Branch2][Ring2][S][C][Branch2][Ring2][Branch2][C][Branch2][Ring1][S][C][Branch2][Ring1][Branch2][C][Branch1][P][C][Branch1][#Branch2][C][Branch1][Ring1][C][F][Branch1][C][F][F][Branch1][C][F][F][Branch1][C][F][F][Branch1][C][F][F][Branch1][C][F][F][Branch1][C][F][F][Branch1][C][F][F][Branch1][C][F][F][Branch1][C][F][F][F],0.2023255253029776
[C][=C][C][=Branch1][C][=O][O][C][C][Br],0.054428277995105794
[C][C][C][C][C][Branch1][=Branch2][C][N][C][=N][C][=N][Ring1][Branch1][Branch1][=Branch2][C][O][C][=Branch1][C][=O][C][=C][C][=C][C][=C][Branch1][Branch1][C][=C][Ring1][=Branch1][Cl],0.28755706507366363
[C][=C][C][=Branch1][C][=O][O][C][C][C][=C][C][=C][C][=C][C][=C][C][=C][Ring1][=Branch1][Ring1][#Branch2],0.21332468176562647
[C][=C][C][=Branch1][C][=O][O][C][O][P][=Branch1][C][=O][Branch1][C][O][O],0.060723632488268446
[C][C][C][C][C][C][C][C][C][C][C][C][C][C][C][C][C][C][C][C][C][C][C][C][C][C][C][C][O][C][=Branch1][C][=O][C][=C],0.4624669233203339
[C][S][C][C][C][S][C][C][C][O][C][=Branch1][C][=O][C][=C],0.15992015603831833
[C][C][C][C][C][C][C][C][C][C][Branch1][Ring2][C][C][C][O][C][=Branch1][C][=O][C][=C],0.21644743682670486
[C][C][Branch1][C][C][Branch1][=Branch2][C][=C][C][=C][C][=C][Ring1][=Branch1][S][C][C][O][C][=Branch1][C][=O][C][=C],0.20698220605555923
[C][C][C][C][C][C][C][C][C][C][C][C][C][C][C][C][Branch1][C][C][C][O][C][=Branch1][C][=O][C][=C],0.2952157980806748
[C][C@@][C][C][C][Branch1][Branch2][C][Ring1][Branch1][Branch1][C][C][C][C][C][Ring1][=Branch2][O][C][=Branch1][C][=O][C][=C],0.15606942188184297
[C][C@][C][C][C@H1][Branch1][Branch2][C][Ring1][Branch1][Branch1][C][C][C][C][C@@H1][Ring1][=Branch2][O][C][=Branch1][C][=O][C][=C],0.1609829138710551
[C][C][C][C][C][C][C][C][O][C][=Branch1][C][=O][C][C][O][C][=Branch1][C][=O][C][=C],0.1929726761236759
[C][=C][C][=Branch1][C][=O][O][C][C][C][C][=C][C][=C][O][Ring1][Branch1],0.11394636005921771
[C][=C][C][=Branch1][C][=O][O][C][C][C][C@@H1][C][C][C@@H1][Branch1][Ring2][C][Ring1][Branch1][C][Ring1][#Branch1][C][Ring1][#Branch2],0.15757672863735186
[C][=C][C][=Branch1][C][=O][O][C][=C][C][=C][C][=N][Ring1][=Branch1],0.09620795466301951
[C][C][Branch1][C][C][Branch1][=Branch2][C][O][C][=Branch1][C][=O][C][=C][C][=O],0.08606463138323159
[C][C][Branch2][Ring2][=Branch2][C][O][C][Branch2][Ring1][Branch1][C][O][C][C][Branch1][C][C][O][C][C][Branch1][C][C][O][C][=Branch1][C][=O][C][=C][C][O][C][C][Branch1][C][C][O][C][=Branch1][C][=O][C][=C][O],0.3295646955092672
[C][=C][C][=Branch1][C][=O][O][C][C][Branch1][=N][C][Branch1][=Branch2][C][Branch1][C][F][Branch1][C][F][F][F][Branch1][C][F][F],0.07006496236391557
[C][N][C][=Branch1][C][=O][C][C][O][C][=Branch1][C][=O][C][=C],0.080761986517079
[C][C][C][C][C][C][C][C][C][C][C][C][C][Branch1][Ring1][C][C][O][C][=Branch1][C][=O][C][=C],0.2519619609440691
[C][N][Branch1][N][C][C][C][C][O][C][=Branch1][C][=O][C][=C][S][=Branch1][C][=O][=Branch1][C][=O][C][Branch2][Ring1][#C][C][Branch2][Ring1][#Branch1][C][Branch1][S][C][Branch1][=Branch2][C][Branch1][C][F][Branch1][C][F][F][Branch1][C][F][F][Branch1][C][F][F][Branch1][C][F][F][Branch1][C][F][F],0.24735236015346906
[C][=C][C][=Branch1][C][=O][O][C][C][C][C][C][Ring1][Branch1][O][C][=Branch1][C][=O][C][Ring1][=Branch1][C][Ring1][=Branch2],0.13208068592246766
[C][=C][C][=Branch1][C][=O][O][C][C][C][C][C][Branch1][O][C][C][Branch1][Ring2][C][Ring1][=Branch1][C][Ring1][=Branch2][C][Ring1][#Branch2],0.13208068592246766
[C][=C][C][=Branch1][C][=O][O][C][C][C][C][N][C][=N][C][=C][Branch1][N][N][=C][Branch1][#Branch1][N][=C][Ring1][=Branch1][Ring1][=Branch2][N][N],0.2122361592933109
[C][=C][C][=Branch1][C][=O][O][C][Branch1][Ring1][C][#N][Branch1][=Branch2][C][Branch1][C][F][Branch1][C][F][Cl][C][Branch1][C][F][Branch1][C][Cl][Cl],0.11955073314274586
[C][C][C][Branch2][Ring1][=Branch2][C][O][C][Branch1][Branch1][O][C][Ring1][=Branch1][C][Branch1][C][C][Branch1][C][C][C][O][C][=Branch1][C][=O][C][=C][C][O][C][=Branch1][C][=O][C][=C],0.24939540418456463
[C][C][Branch2][Ring2][#C][C][C][=Branch1][#C][=C][C][=Branch1][Branch2][=C][Branch1][Ring1][C][#N][C][#N][C][Ring1][O][/C][=C][/C][=C][C][=C][Branch1][S][C][=C][Branch1][Branch1][C][=C][Ring1][=Branch1][O][C][=Branch1][C][=O][C][=C][O][C][Ring1][#C][=O][C],0.6808971251948233
[C][=C][C][=Branch1][C][=O][O][C][Branch1][C][O][Branch1][Branch2][O][C][=Branch1][C][=O][C][=C][C][Branch1][C][O][C][O],0.11987561299278277
[C][C][Branch1][=Branch2][C][Branch1][C][F][Branch1][C][F][F][Branch1][=Branch2][C][Branch1][C][F][Branch1][C][F][F][O][C][=Branch1][C][=O][C][=C],0.06822830198593446
[C][C][C][C][=C][C][=C][Branch1][Branch1][C][=C][Ring1][=Branch1][O][C][=Branch1][C][=O][C][=C],0.15965994610772813
[C][=C][C][=Branch1][C][=O][O][C][C][O][C][=C][C][=C][C][=Branch1][#Branch2][=C][C][Ring1][=Branch1][=N][C][=C][Ring1][#Branch2][Cl],0.22898609071146048
[C][C][O][C][=Branch1][C][=O][C][Branch1][C][C][Branch1][=Branch2][C][O][C][=Branch1][C][=O][C][=C][C][O][C][=Branch1][C][=O][C][=C],0.17927503634774986
[C][=C][C][=Branch1][C][=O][O][C][C][O][C][C][C][=Branch1][C][=O][O][N][C][=Branch1][C][=O][C][C][C][Ring1][=Branch1][=O],0.1813772523954353
[C][=C][C][=Branch1][C][=O][O][C][=C][C][=Branch2][Ring1][=Branch1][=C][C][=C][Ring1][=Branch1][N][Branch1][O][C][=C][C][=C][C][=C][Ring1][=Branch1][Ring1][=Branch2][C][C][O][Cl],0.30534540396811855
[C][C][C][C][C][C][C][C][Branch1][Branch2][C][C][C][C][C][C][C][N][C][=Branch1][C][=O][C][=C][C][=Branch2][Branch1][Branch2][=C][C][=C][C][Ring1][=Branch1][=C][Branch1][Branch1][C][=C][Ring1][#Branch2][C][=C][C][Ring1][Branch2][=C][C][=C][C][Ring1][=Branch1][=C][Branch1][Branch1][C][=C][Ring1][#Branch2][C][=Branch1][C][=O][N][Branch1][Branch1][C][Ring1][=Branch2][=O][C][C][C][C][C][C][O][C][=Branch1][C][=O][C][=C][C][Ring2][Ring2][Branch2][=O],0.9999999999999999
[C][=C][C][=Branch1][C][=O][O][C][=C][Branch2][Ring1][=Branch1][C][=C][C][=Branch1][Ring2][=C][Ring1][=Branch1][C][=N][C][=C][C][=C][C][=C][Ring1][=Branch1][S][Ring1][=Branch2][C][=N][C][=C][C][=C][C][=C][Ring1][=Branch1][S][Ring1][=Branch2],0.5693526881312982
[C][=C][C][=Branch1][C][=O][O][C][Branch1][C][F][Branch1][C][F][F],0.016113530121191093
[C][=C][C][=Branch1][C][=O][O][C][=C][C][=C][C][=C][Ring1][=Branch1][C][Branch1][S][C][Branch1][=Branch2][C][Branch1][C][O][Branch1][C][F][F][Branch1][C][F][F][Branch1][C][F][F],0.1673997273866652
[C][=C][C][=Branch1][C][=O][O][C][=C][C][=C][C][=C][C][Ring1][=Branch1][=C][C][=C][C][=C][C][=C][Ring1][=Branch1][Ring1][=C],0.2812202071550148
[C][=C][C][=Branch1][C][=O][O][C][C][C][Branch2][Branch1][#Branch1][C][Branch2][Ring2][#C][C][Branch2][Ring2][#Branch1][C][Branch2][Ring1][#C][C][Branch2][Ring1][#Branch1][C][Branch1][S][C][Branch1][=Branch2][C][Branch1][C][F][Branch1][C][F][F][Branch1][C][F][F][Branch1][C][F][F][Branch1][C][F][F][Branch1][C][F][F][Branch1][C][F][F][Branch1][C][F][F][Branch1][C][F][F],0.18098960900722438
[C][=C][C][=Branch1][C][=O][O][C][C][C][C][C][=C][C][C][Ring1][Ring1],0.13974770512973375
[C][=C][C][=Branch1][C][=O][O][C][=C][C][=C][Branch1][Branch1][C][=C][Ring1][=Branch1][O][C][=Branch1][C][=O][C][=C],0.18327834290229078
[C][=C][C][=Branch1][C][=O][O][C][=C][Branch2][Ring2][Ring2][C][=C][Branch1][Branch1][C][=C][Ring1][=Branch1][C][=C][Branch1][Branch1][C][=C][Ring1][Branch2][C][=C][C][=C][C][=C][Ring1][=Branch1][S][C][=C][C][=C][C][=C][Ring1][=Branch2][Ring1][=Branch1][C][=C][C][=C][C][=C][Ring1][=Branch1][S][C][=C][C][=C][C][=C][Ring1][=Branch2][Ring1][=Branch1],0.7641268276164556
[C][C][Branch2][Ring1][=Branch2][C][C][Branch1][=C][C][C][Branch1][=Branch1][N][Ring1][=Branch1][O][C][Branch1][C][C][C][O][C][=Branch1][C][=O][C][=C][C],0.17895925311460462
[C][C][C][C][C][C][=C][C][C][=C][C][C][C][C][C][C][C][C][O][C][=Branch1][C][=O][C][=C],0.30812538349602747
[C][=C][C][=Branch1][C][=O][O][C][C][C][C][C][C][C][F],0.11521077766694335
[C][C][Branch1][Branch2][O][C][=Branch1][C][=O][C][=C][O][C][=Branch1][C][=O][C][=C][C][=C][C][=C][C][=C][C][=C][Ring1][=Branch1][Ring1][#Branch2],0.23776552605026546
[C][=C][C][=Branch1][C][=O][O][I],0.03833800778376984
[C][=C][C][=Branch1][C][=O][O][C][C][O][C][=C][C][=C][Branch1][Branch1][C][=C][Ring1][=Branch1][C][=C][C][=C][C][=C][Ring1][=Branch1],0.2709266318319618
[C][=C][C][=Branch1][C][=O][O][C][=Branch1][Ring1][=C][=O][O][C][=Branch1][C][=O][C][=C],0.12089499251252409
[C][=C][C][=Branch1][C][=O][O][C][C][C][C][C][C][C][C][C][C][C][C][C][C][C][C][C][C][C][C][C][C],0.36433055643978135
[C][=C][C][=Branch1][C][=O][O][C][=Branch1][Branch2][=C][C][=C][C][=C][Ring1][Branch1][O],0.11800839140782163
[C][C][N+1][Branch1][C][C][Branch1][C][C][C][C][O][C][=Branch1][C][=O][C][=C],0.12388909485572738
[C][C][Branch1][C][C][Branch1][C][C][C][=C][C][=Branch1][P][=C][C][=Branch1][Branch1][=C][Ring1][=Branch1][O][C][Branch1][C][C][Branch1][C][C][C][C][O][C][=Branch1][C][=O][C][=C],0.26158324103172614
[C][C][C][C][O][C][C][Branch1][=Branch2][C][O][C][=Branch1][C][=O][C][=C][O],0.12568392563074735
[C][C][N][Branch1][#Branch2][C][C][O][C][=Branch1][C][=O][C][=C][S][=Branch1][C][=O][=Branch1][C][=O][C][Branch2][Ring2][#C][C][Branch2][Ring2][#Branch1][C][Branch2][Ring1][#C][C][Branch2][Ring1][#Branch1][C][Branch1][S][C][Branch1][=Branch2][C][Branch1][C][F][Branch1][C][F][F][Branch1][C][F][F][Branch1][C][F][F][Branch1][C][F][F][Branch1][C][F][F][Branch1][C][F][F][Branch1][C][F][F],0.2654814278740761
[C][=C][C][=Branch1][C][=O][O][C][=C][C][=C][C][=C][Ring1][=Branch1][C][=Branch1][C][=O][O][C][C][=C][C][=C][C][=C][Ring1][=Branch1],0.24059235684997127
[C][C][Branch1][S][C][C][O][C][C][Branch1][Branch1][C][O][Ring1][=Branch1][Branch1][C][C][C][O][C][=Branch1][C][=O][C][=C],0.15450990423505817
[C][=C][C][=Branch1][C][=O][O][C][C][=C][C][=C][C][=C][C][=C][C][=C][Ring1][=Branch1][Ring1][#Branch2],0.18564518203629954
[C][C][C][C][C][C][C][C][C][C][C][C][S][C][C][Branch1][#C][C][S][C][C][C][C][C][C][C][C][C][C][C][C][O][C][=Branch1][C][=O][C][=C],0.5007081033033719
[C][=C][C][=Branch1][C][=O][O][C][=Branch1][C][=C][C][=Branch1][C][=O][N],0.06730132214391288
[C][C][=C][C][=C][Branch1][Branch1][C][=C][Ring1][=Branch1][N][Branch1][N][C][=C][C][=C][Branch1][Branch1][C][=C][Ring1][=Branch1][C][C][=C][C][=C][Branch1][Branch1][C][=C][Ring1][=Branch1][C][=C][C][=C][Branch1][Branch1][C][=C][Ring1][=Branch1][C][C][C][O][C][=Branch1][C][=O][C][=C],0.6358919339256832
[C][C][Branch1][C][C][C][C][C][C][C][C][C][C][C][C][C][C][C][O][C][=Branch1][C][=O][C][=C],0.25757895354716814
[C][C][Branch1][#C][C][O][C][C][Branch1][C][C][O][C][=Branch1][C][=O][C][=C][O][C][C][Branch1][C][C][O][C][=Branch1][C][=O][C][=C],0.21342313001050267
[C][=C][C][=Branch1][C][=O][O][C][C][C][C][C][Branch1][Branch1][C][C][Ring1][=Branch1][C][O][C][C][C][O][Ring1][Ring1],0.18657133051859395
[C][C][=C][Branch1][#Branch2][C][=Branch1][=Branch1][=C][C][=C][Ring1][=Branch1][C][O][C][=Branch1][C][=O][C][=C],0.13959190491127632
[C][=C][C][=Branch1][C][=O][O][C][C][C][C][C][C][C][C][C][C][C][C][C][C][C][C][C][Cl],0.2877050544621428
[C][=C][C][=Branch1][C][=O][O][C][Branch2][Ring2][S][C][C][Branch2][Ring2][#Branch1][C][Branch2][Ring1][#C][C][Branch2][Ring1][#Branch1][C][Branch1][S][C][Branch1][=Branch2][C][Branch1][C][F][Branch1][C][F][F][Branch1][C][F][F][Branch1][C][F][F][Branch1][C][F][F][Branch1][C][F][F][Branch1][C][F][F][C][O],0.16575396125604944
[C][C][O][C][C][O][C][=Branch1][C][=O][C][=C],0.07367539413690921
[C][C][C][C][C][C][C][C][Branch1][Ring2][C][Ring1][=Branch1][C][C][Ring1][=Branch2][Branch1][Ring2][C][Ring1][#Branch1][O][C][=Branch1][C][=O][C][=C],0.19034638127474912
[C][C][C][C][C][Branch1][Branch2][C][Ring1][Branch1][Branch1][C][C][C][C][C][Ring1][Branch2][C][C][C][C][C][Branch1][Ring2][C][Ring1][=Branch1][O][C][=Branch1][C][=O][C][=C],0.2528798220556468
[C][C][Branch1][C][C][C][C][C][C][C][C][C][C][C][C][C][O][C][=Branch1][C][=O][C][=C],0.22998492848109275
[C][=C][C][=Branch1][C][=O][O][N][C][=Branch1][C][=O][C][=C][C][=C][C][=C][C][=C][Ring1][=Branch1][Ring1][O],0.18681815632504886
[C][C][C][Branch1][C][C][Branch1][#C][O][C][=Branch1][C][=O][C][C][O][C][=Branch1][C][=O][C][=C][Br],0.1394670603278306
[C][C@H1][C][C][C@@H1][Branch1][=C][C@H1][Branch1][Ring2][C][Ring1][=Branch1][O][C][=Branch1][C][=O][C][=C][C][Branch1][C][C][Branch1][C][C][C][=C][C][=C][Branch1][Branch1][C][=C][Ring1][=Branch1][O][C],0.28224457789324214
[C][C][C][C][N][Branch1][#Branch2][C][C][O][C][=Branch1][C][=O][C][=C][S][=Branch1][C][=O][=Branch1][C][=O][C][Branch2][Branch1][#Branch1][C][Branch2][Ring2][#C][C][Branch2][Ring2][#Branch1][C][Branch2][Ring1][#C][C][Branch2][Ring1][#Branch1][C][Branch1][S][C][Branch1][=Branch2][C][Branch1][C][F][Branch1][C][F][F][Branch1][C][F][F][Branch1][C][F][F][Branch1][C][F][F][Branch1][C][F][F][Branch1][C][F][F][Branch1][C][F][F][Branch1][C][F][F],0.312418936334452
[C][=C][C][=Branch1][C][=O][O][C][C][Branch2][Ring1][=C][C][Branch1][=Branch2][C][=C][C][=C][C][=C][Ring1][=Branch1][Branch1][=Branch2][C][=C][C][=C][C][=C][Ring1][=Branch1][C][=C][C][=C][C][=C][Ring1][=Branch1][O][C][=C][C][=C][C][=C][Ring1][=Branch1],0.4489002161949587
[C][=C][C][=Branch1][C][=O][O][C][=N][C][=C][C][=C][C][=C][Ring1][=Branch1][C][=C][Ring1][#Branch2],0.1841855802650779
[C][C][Branch1][=N][O][C][=Branch1][C][=O][C][C][N][C][C][Ring1][Ring1][O][C][=Branch1][C][=O][C][=C],0.13274377606297566
[C][C][=C][C][O][C][=Branch1][C][=O][C][=C],0.0747877273486661
[C][C][C][Branch1][Ring2][C][O][C][O][C][=Branch1][C][=O][C][=C],0.09025136102251893
[C][C][O][13C][=Branch1][C][=O][13CH1][=13CH2],0.036843723191293
[C][=C][C][=Branch1][C][=O][O][C][C][O][C][=Branch1][C][=O][C][=C][C][=Branch1][=N][=C][C][=Branch1][Ring2][=C][Ring1][=Branch1][N+1][=Branch1][C][=O][O-1][N+1][=Branch1][C][=O][O-1],0.20546927933562603
[C][C][=Branch1][C][=O][C][O][C][=Branch1][C][=O][C][=C],0.054361476550841996
[C][C][Branch2][Ring2][C][C][O][C][C][Branch1][#C][C][O][C][C][Branch1][C][C][O][C][=Branch1][C][=O][C][=C][O][C][C][Branch1][C][C][O][C][=Branch1][C][=O][C][=C][O][C][C][Branch1][C][C][O][C][=Branch1][C][=O][C][=C],0.38205647675367604
[C][=C][C][=Branch1][C][=O][O][C][C][C][=Branch1][C][=O][N][C][C][C][C@H1][Branch1][Ring2][C][Ring1][=Branch1][N][C][=N][C][=N][C][=Branch2][Ring1][=N][=C][Ring1][=Branch1][C][=Branch1][Ring2][=N][Ring1][=Branch2][C][=C][C][=C][Branch1][Branch1][C][=C][Ring1][=Branch1][O][C][=C][C][=C][C][=C][Ring1][=Branch1][N],0.5381947557266976
[C][C][Branch1][C][C][Branch1][C][C][C][=C][C][=Branch1][P][=C][C][=Branch1][Branch1][=C][Ring1][=Branch1][O][C][Branch1][C][C][Branch1][C][C][C][C][C][C][C][O][C][=Branch1][C][=O][C][=C],0.31255292720465827
[C][=C][C][=Branch1][C][=O][O][N][C][=Branch1][C][=O][C][C][N][C][Ring1][#Branch1][=N][C][=C][C][=C][C][=C][Ring1][=Branch1][Ring1][=Branch2],0.2215403534251878
[C][=C][C][=Branch1][C][=O][N][C][C][C][Branch1][Branch1][C][C][Ring1][=Branch1][S][C][C][Branch1][Ring2][S][Ring1][#Branch1][C][O][C][=Branch1][C][=O][C][=C],0.23766448143994595
[C][=C][C][=Branch1][C][=O][O][C][C][=C][C][C][C][C][Ring1][=Branch1],0.12067719846418717
[C][=C][C][=Branch1][C][=O][O][C][C][Branch1][Ring1][C][O][Branch1][Ring1][C][O][C][O],0.09707568504871242
[C][=C][C][=Branch1][C][=O][O][C][C][O][C][C][=C][C][=C][Branch1][Branch1][C][=C][Ring1][=Branch1][I],0.18802757109254453
[C][=C][/C][=C][/O][C][=Branch1][C][=O][C][=C],0.09025996545079787
[C][=C][C][=Branch1][C][=O][O][C][=C][Branch2][Ring1][N][C][=C][Branch1][Branch1][C][=C][Ring1][=Branch1][C][=C][C][=C][C][=C][Ring1][=Branch1][O][C][=C][C][=C][C][=C][Ring1][=Branch2][Ring1][=Branch1][C][=C][C][=C][C][=C][Ring1][=Branch1][O][C][=C][C][=C][C][=C][Ring1][=Branch2][Ring1][=Branch1],0.6280472249588255
[C][C][Branch1][C][C][C][C][C][O][C][=Branch1][C][=O][C][=C],0.0999879309954419
[C][O][C][=C][Branch2][Ring1][=Branch1][C][=C][Branch1][Branch1][C][=C][Ring1][=Branch1][C][C][Branch1][Ring1][C][#N][O][C][=Branch1][C][=O][C][=C][O][C],0.20780084736360777
[C][C][=C][C][=Branch1][C][=O][O][C][=C][Ring1][#Branch1][C][=C][C][=Branch1][Ring2][=C][Ring1][=Branch1][O][C][C][O][C][=Branch1][C][=O][C][=C],0.2465176023411802
[C][C][C][=C][C][=C][Branch1][Branch1][C][=C][Ring1][=Branch1][O][C][=Branch1][C][=O][C][=C],0.14619933907745764
[C][C][C][C][N][Branch1][#Branch2][C][C][O][C][=Branch1][C][=O][C][=C][S][=Branch1][C][=O][=Branch1][C][=O][C][Branch2][Ring2][#C][C][Branch2][Ring2][#Branch1][C][Branch2][Ring1][#C][C][Branch2][Ring1][#Branch1][C][Branch1][S][C][Branch1][=Branch2][C][Branch1][C][F][Branch1][C][F][F][Branch1][C][F][F][Branch1][C][F][F][Branch1][C][F][F][Branch1][C][F][F][Branch1][C][F][F][Branch1][C][F][F],0.29649461490236806
[C][C][C][C][C][C][C][C][C][C][C][C][C][C][O][C][=Branch1][C][=O][C][=C],0.23071390760256877
[C][C][Branch1][C][C][Branch1][N][C][C][C][C][C][C][Ring1][=Branch1][O][Ring1][Branch1][O][C][=Branch1][C][=O][C][=C],0.14279538211511805
[C][=C][C][=Branch1][C][=O][O][C][C][=C][C][C][Ring1][Branch1][C][C][C][C][Ring1][=Branch1][C][Ring1][Branch1],0.1555465749816857
[C][=C][C][=Branch1][C][=O][O][C][=Branch1][C][=C][C][#N],0.06100034277023022
[C][C][Branch1][C][C][Branch1][=Branch2][C][O][C][=Branch1][C][=O][C][=C][C][O][C][=Branch1][C][=O][C][=C],0.144319932896138
[C][=C][C][=Branch1][C][=O][O][C][C][C][C][C][C][Ring1][Branch1][C][C][C][C][Ring1][=Branch1][C][Ring1][Branch1],0.1666621539010007
[C][=C][C][=Branch1][C][=O][O][O][C][Branch1][C][N][=O],0.03736300827757858
[C][C][Branch1][#Branch1][C][C][C][C][Ring1][Branch1][O][C][=Branch1][C][=O][C][=C],0.09568237996569454
[C][=C][C][=Branch1][C][=O][O][C][/C][=C][/C][=C][C][=C][Branch1][Branch1][C][=C][Ring1][=Branch1][O],0.17871152522754385
[C][C][=Branch1][C][=O][N][C@H1][C][C][C][=C][C][=Branch2][Ring2][#Branch1][=C][Branch2][Ring1][N][C][=Branch2][Ring1][=Branch1][=C][Ring1][=Branch1][C][=C][C][=C][Branch1][O][C][=Branch1][C][=O][C][=C][Ring1][P][Ring1][Branch2][S][C][O][C][O][C][=Branch1][C][=O][C][=C][O][C],0.5110995433364048
[C][C@][C][C][C][C][Branch2][Ring1][Branch1][C@@H1][Ring1][=Branch1][C][C][C@@H1][Ring1][=Branch2][C][=Branch1][C][=O][C][O][C][=Branch1][C][=O][C][=C][C][C][C][=C][C][=Branch1][C][=O][C][C][C@][Ring2][Ring1][#Branch1][Ring1][#Branch1][C],0.3579040631307423
[C][=C][C][=Branch1][C][=O][O][C][=C][C][=C][Branch1][O][C][=C][C][=C][C][=C][Ring1][=Branch1][Ring1][#Branch2][C][=O],0.21862402063867348
[C][=C][C][C][C][O][C][=Branch1][C][=O][C][=C],0.08132599840673735
[C][=C][C][=Branch1][C][=O][O][C][C][Branch1][Ring1][C][O][Branch2][Ring1][P][C][O][C][C][Branch1][=Branch2][C][O][C][=Branch1][C][=O][C][=C][Branch1][=Branch2][C][O][C][=Branch1][C][=O][C][=C][C][O][C][=Branch1][C][=O][C][=C][C][O][C][=Branch1][C][=O][C][=C],0.4053923340977534
[C][=C][C][=Branch1][C][=O][O][C][C][=Branch1][C][=C][C][S][=Branch1][C][=O][=Branch1][C][=O][C][=C][C][=C][C][=C][Ring1][=Branch1],0.2012622578052013
[C][C][C][C][C][C][C][C][C][C][C][C][O][C][=Branch1][C][=O][C][=C],0.19952684934159748
[C][=C][C][=Branch1][C][=O][O][C][=C][Branch2][Ring1][=Branch1][C][=C][Branch1][Branch1][C][=C][Ring1][=Branch1][C][=C][S][C][=C][C][=C][C][=C][Ring1][=Branch1][Ring1][=Branch2][C][=C][S][C][=C][C][=C][C][=C][Ring1][=Branch1][Ring1][=Branch2],0.4686953182365794
[C][C][=Branch1][C][=O][O][O][C][=Branch1][C][=O][C][=C],0.047268119228528256
[C][=C][C][=Branch1][C][=O][O][C][=C][C][=C][Branch1][Branch1][C][=C][Ring1][=Branch1][C][=C][Branch1][Branch2][C][=Branch1][C][=O][O][Ring1][=Branch2][C][#N],0.23840947558125303
[C][C][C][N][C][C][O][C][=Branch1][C][=O][C][=C],0.09090612554560684
[C][C][=C][Branch2][Ring1][#C][C][=C][C][=Branch1][Ring2][=C][Ring1][=Branch1][N][=N][C][=C][C][=C][Branch1][Branch1][C][=C][Ring1][=Branch1][N][=N][C][=C][C][=C][C][=C][Ring1][=Branch1][O][C][=Branch1][C][=O][C][=C],0.48283833236219775
[C][C][C][C][C][C][O][C][=Branch1][C][=O][C][=C][C][=C][C][=C][Ring1][=Branch1][O][C][=Branch1][C][=O][C][=C],0.23230931845414365
[C][C][C][C][C][C][C][C][C][C][C][C][C][C][C][Branch1][=N][C][C][C][C][C][C][C][C][C][C][C][C][O][C][=Branch1][C][=O][C][=C],0.4384713963680116
[C][=C][C][=Branch1][C][=O][O][C][C][C][C][C][=C][Branch1][=C][C][=C][Branch1][Branch1][C][=C][Ring1][=Branch1][N+1][=Branch1][C][=O][O-1][N+1][=Branch1][C][=O][O-1],0.21315077349724865
[C][=C][C][=Branch1][C][=O][O][C][=C][C][=C][C][=Branch1][Ring2][=C][Ring1][=Branch1][O],0.10905157017657321
[C][=C][C][=Branch1][C][=O][O][C][C][C][C][Branch1][Branch1][C][C][Ring1][=Branch1][C][C][C][C][Branch1][Branch1][C][C][Ring1][=Branch1][C][=C][Branch1][#Branch2][C][=Branch1][=Branch1][=C][C][=C][Ring1][=Branch1][F][F],0.29803256258623884
[C][N][Branch1][N][C][C][C][C][O][C][=Branch1][C][=O][C][=C][S][=Branch1][C][=O][=Branch1][C][=O][C][Branch2][Ring1][#Branch1][C][Branch1][S][C][Branch1][=Branch2][C][Branch1][C][F][Branch1][C][F][F][Branch1][C][F][F][Branch1][C][F][F][Branch1][C][F][F],0.22222729799342966
[C][C][Branch1][C][C][C][O][C][=Branch1][C][=O][O][C][=C][C][=C][Branch1][Branch1][C][=C][Ring1][=Branch1][C][O][C][=Branch1][C][=O][C][=C],0.22411217301342556
[C][C][Branch2][Ring1][Branch2][C][C][Branch1][=Branch2][C][Branch1][C][F][Branch1][C][F][F][Branch1][=Branch2][C][Branch1][C][F][Branch1][C][F][F][O][O][C][=Branch1][C][=O][C][=C],0.10590376102660304
[C][C][Branch2][Ring1][=C][C][Branch2][Ring1][=Branch1][C][Branch1][#C][C][Branch1][Branch2][O][C][=Branch1][C][=O][C][=C][Branch1][C][F][F][Branch1][C][F][F][Branch1][C][F][F][Branch1][C][F][F],0.08715347886745689
[C][C][C][=Branch1][C][=O][O][C][Branch1][C][C][O][C][=Branch1][C][=O][C][=C],0.09234592458891355
[C][=C][C][=Branch1][C][=O][O][C][C][=C][C][=N][C][=C][Ring1][=Branch1],0.10151543079611436
[C][=C][C][=Branch1][C][=O][O][C][C][C][=Branch1][C][=O][Cl],0.06884750196378064
[C][=C][C][=Branch1][C][=O][O][C][C][=C][S][Ring1][Ring2],0.06906863457406431
[C][=C][C][=Branch1][C][=O][O][C][C][C][C][C][C][Ring1][=Branch1][C][Ring1][Branch1],0.10915549969406149
[C][C][C][C][C][C][C][C][C][C][C][C][C][C][C][C][O][C][=Branch1][C][=O][C][=C],0.2614045828835805
[C][=C][C][=Branch1][C][=O][O][C][C][C][=C][C][=C][Branch1][Branch1][C][=C][Ring1][=Branch1][O][C][=C][C][=C][Branch1][Branch1][C][=C][Ring1][=Branch1][O][C][=C][C][=C][C][=C][Ring1][=Branch1],0.3720668580310678
[C][N][C][=Branch1][C][=O][C][C@H1][Branch1][Branch1][C][Ring1][=Branch1][=O][O][C][=Branch1][C][=O][C][=C],0.1045606177585858
[C][=C][C][=Branch1][C][=O][O][C][=C][Branch2][Ring2][S][C][=C][Branch2][Ring1][Branch2][C][=C][Ring1][=Branch1][C][=C][C][=C][C][=C][Ring1][=Branch1][S][C][=C][C][=C][C][=C][Ring1][=Branch2][Ring1][=Branch1][C][=C][C][=C][C][=C][Ring1][=Branch1][S][C][=C][C][=C][C][=C][Ring1][=Branch2][Ring1][=Branch1][C][=C][C][=C][C][=C][Ring1][=Branch1][S][C][=C][C][=C][C][=C][Ring1][=Branch2][Ring1][=Branch1],0.9054761720866966
[C][=C][C][=Branch1][C][=O][O][C][C@@H1][C][C][C][N][Ring1][Branch1][C][C][=C][C][=C][C][=C][Ring1][=Branch1],0.20074693225793294
[C][=C][C][=Branch1][C][=O][O][C][C][O][C][=C][C][=C][Branch1][Branch1][C][=C][Ring1][=Branch1][C][Branch2][Ring1][Ring1][C][=C][C][=C][C][=C][Ring1][=Branch1][C][=C][C][=C][C][=C][Ring1][=Branch1][Ring1][=N][C][=C][C][=C][Branch1][Branch1][C][=C][Ring1][=Branch1][O][C][C][O][C][=Branch1][C][=O][C][=C],0.6011085280882708
[C][=C][C][=Branch1][C][=O][O][C][C][O][C][C][#C],0.07783486081186528
[C][=C][C][=Branch1][C][=O][O][C][=C][Branch1][#Branch2][C][=C][C][=Branch1][Ring2][=C][Ring1][=Branch1][N][C][=Branch1][C][=N][N],0.158241084463817
[C][C][N][Branch1][#Branch2][C][C][O][C][=Branch1][C][=O][C][=C][C][=C][C][=C][Branch1][Branch1][C][=C][Ring1][=Branch1][N][=N][C][=C][C][=C][Branch1][Branch1][C][=C][Ring1][=Branch1][N+1][=Branch1][C][=O][O-1],0.3883426951162881
[C][=C][C][=Branch1][C][=O][O][C][C][O][C][C][C][C][C][=Branch1][C][=O][O][C][C][=Branch1][C][=O][C][C][C][Ring1][=Branch1][=O],0.2122163199736477
[C][C][C][Branch1][Branch2][C][C][C][C][C][Ring1][=Branch1][O][C][=Branch1][C][=O][C][=C],0.12950887479389728
[C][=C][C][=Branch1][C][=O][O][C][C][C][C][O][C][=C],0.10487488509497186
[C][C][C][C][Branch1][C][C][O][C][=Branch1][C][=O][C][=C],0.0851175443357152
[C][C][Branch2][Ring1][=C][C][C][C][C][C][Branch1][=C][C][Ring1][#Branch1][Branch1][C][C][O][C][=Branch1][C][=O][C][=C][C][C][C][C][C][C][C][Ring1][#Branch1][C],0.27095286776237176
[C][=C][C][=Branch1][C][=O][O][C][C][=C][C][=C][Branch1][Branch1][C][=C][Ring1][=Branch1][C][C][=C][C][=C][C][=C][Ring1][=Branch1],0.226552375349316
[C][=C][C][=Branch1][C][=O][O][C][Branch2][Ring1][Branch1][C@@H1][Branch1][P][C@H1][Branch1][=N][C@@H1][Branch1][=Branch2][C@H1][Branch1][Ring2][O][Ring1][=Branch1][C][O][O][O][O][O],0.12608651793326606
[C][=C][C][=Branch1][C][=O][O][C][C][=O],0.03852467496379685
[C][C][C][C][C][/C][=C][\C][/C][=C][\C][C][C][C][C][C][C][C][O][C][=Branch1][C][=O][C][=C],0.3015143623026702
[C][=C][C][=Branch1][C][=O][O][C][C][F],0.03645156665108692
[C][=C][C][=Branch1][C][=O][O][C][C][C][C][C][C][C][C][C][C][C][C][C][C][C][C][C][C][Br],0.3304442570528192
[C][C][=C][C][=C][Branch1][Branch1][C][=C][Ring1][=Branch1][S][=Branch1][C][=O][=Branch1][C][=O][O][C][C][O][C][=Branch1][C][=O][C][=C],0.19462121736316923
[C][=C][C][=Branch1][C][=O][O][C][C][O][C],0.0580756615439248
[C][C][N][Branch1][#Branch2][C][C][O][C][=Branch1][C][=O][C][=C][C][=C][C][=C][Branch1][Branch1][C][=C][Ring1][=Branch1][C][=O],0.22766409301057566
[C][C][=Branch1][C][=O][N][O][C][=Branch1][C][=O][C][=C],0.0517725707698844
[C][=C][C][=Branch1][C][=O][O][C][C][C][Branch2][=Branch2][#C][C][Branch2][=Branch2][#Branch1][C][Branch2][Branch2][#C][C][Branch2][Branch2][#Branch1][C][Branch2][#Branch1][#C][C][Branch2][#Branch1][#Branch1][C][Branch2][=Branch1][#C][C][Branch2][=Branch1][#Branch1][C][Branch2][Branch1][#C][C][Branch2][Branch1][#Branch1][C][Branch2][Ring2][#C][C][Branch2][Ring2][#Branch1][C][Branch2][Ring1][#C][C][Branch2][Ring1][#Branch1][C][Branch1][=Branch2][C][Branch1][C][F][Branch1][C][F][F][Branch1][=Branch2][C][Branch1][C][F][Branch1][C][F][F][F][Branch1][C][F][F][Branch1][C][F][F][Branch1][C][F][F][Branch1][C][F][F][Branch1][C][F][F][Branch1][C][F][F][Branch1][C][F][F][Branch1][C][F][F][Branch1][C][F][F][Branch1][C][F][F][Branch1][C][F][F][Branch1][C][F][F][Branch1][C][F][F][Branch1][C][F][F],0.3481390046576057
[C][=C][C][=Branch1][C][=O][O][C][C][O][C][C][O][C][C][O],0.1175251780611038
[C][C][Branch1][C][C][Branch1][Branch2][C][C][C][C][C][Ring1][Branch1][O][C][=Branch1][C][=O][C][=C],0.1273580704950151
[C][=C][C][=Branch1][C][=O][O][C][C][C][C][=C][C][C][Ring1][Ring1],0.11973362337519367
[C][=C][C][=Branch1][C][=O][O][C][C][C][C][C][C][C][C][C][C][C][C],0.2013821754556548
[C][C][O][C][C][O][C][C][O][C][C][O][C][=Branch1][C][=O][C][=C],0.14700888169464887
[C][=C][C][=Branch1][C][=O][O][C][C][C][C][C][C][C][C][C][C][C][C][C][C][C][C][C][Br],0.305155971161142
[C][=C][C][=Branch1][C][=O][O][C][C][Cl],0.048239757804863066
[C][C][C][C][C][C][C][C][C][C][=C][O][C][=Branch1][C][=O][C][=C],0.18809721008715402
[C][=C][C][=Branch1][C][=O][O][C][C][O],0.039591519382418054
[C][C][Branch2][=Branch1][=Branch1][C][Branch2][Branch1][=C][C][Branch2][Branch1][=Branch1][C][Branch2][Ring2][=C][C][Branch2][Ring2][=Branch1][C][Branch2][Ring1][=C][C][Branch2][Ring1][=Branch1][C][Branch1][#C][C][Branch1][Branch2][O][C][=Branch1][C][=O][C][=C][Branch1][C][F][F][Branch1][C][F][F][Branch1][C][F][F][Branch1][C][F][F][Branch1][C][F][F][Branch1][C][F][F][Branch1][C][F][F][Branch1][C][F][F][F],0.17798755538046634
[C][C][Branch2][Ring1][S][C][=C][Branch2][Ring1][Ring2][C][=C][Branch1][Branch1][C][=C][Ring1][=Branch1][C][=C][C][=C][C][=C][Ring1][=Branch1][C][Ring1][O][O][C][=Branch1][C][=O][C][=C][O],0.28287542681676026
[C][=C][C][=Branch1][C][=O][O][C][C][Branch2][Ring2][#C][C][Branch2][Ring2][#Branch1][C][Branch2][Ring1][#C][C][Branch2][Ring1][#Branch1][C][Branch1][S][C][Branch1][=Branch2][C][Branch1][C][F][Branch1][C][F][F][Branch1][C][F][F][Branch1][C][F][F][Branch1][C][F][F][Branch1][C][F][F][Branch1][C][F][F][Branch1][C][F][F],0.14912792057000687
[C][O][C][C][C][O][C][C][C][O][C][C][C][O][C][=Branch1][C][=O][C][=C],0.18506994227946347
[C][=C][C][=Branch1][C][=O][O][N][=C][=O],0.035503617126850025
[C][=C][C][=Branch1][C][=O][O][C][C][=C][C][=C][Branch1][Branch1][C][=C][Ring1][=Branch1][C-1][C][=C][C][=C][Ring1][Branch1],0.2513773812938458
[C][C][C][C][C][C][C][C][C][C][C][C][C][C][C][O][C][=Branch1][C][=O][C][=C],0.2449090132503231
[C][=C][C][=Branch1][C][=O][O][C][C][C][Branch2][=Branch1][#C][C][Branch2][=Branch1][#Branch1][C][Branch2][Branch1][#C][C][Branch2][Branch1][#Branch1][C][Branch2][Ring2][#C][C][Branch2][Ring2][#Branch1][C][Branch2][Ring1][#C][C][Branch2][Ring1][#Branch1][C][Branch1][=Branch2][C][Branch1][C][F][Branch1][C][F][F][Branch1][=Branch2][C][Branch1][C][F][Branch1][C][F][F][F][Branch1][C][F][F][Branch1][C][F][F][Branch1][C][F][F][Branch1][C][F][F][Branch1][C][F][F][Branch1][C][F][F][Branch1][C][F][F][Branch1][C][F][F],0.23241877986024934
[C][=C][C][=Branch1][C][=O][O][C][C-1][C][=C][C][=C][Ring1][Branch1],0.125333811109647
[C][=C][C][=Branch1][C][=O][O][C][=C][C][=Branch2][Ring1][=Branch1][=C][C][=C][Ring1][=Branch1][N][Branch1][O][C][=C][C][=C][C][=C][Ring1][=Branch1][Ring1][=Branch2][C][C][O][Br],0.31408726074265403
[C][C][C][C][C][/C][=C][/C][/C][=C][/C][C][C][C][C][C][C][C][O][C][=Branch1][C][=O][C][=C],0.30940192632046354
[C][N][Branch1][#Branch2][C][C][O][C][=Branch1][C][=O][C][=C][S][=Branch1][C][=O][=Branch1][C][=O][C][C][C][Branch2][#Branch1][#Branch1][C][Branch2][=Branch1][#C][C][Branch2][=Branch1][#Branch1][C][Branch2][Branch1][#C][C][Branch2][Branch1][#Branch1][C][Branch2][Ring2][#C][C][Branch2][Ring2][#Branch1][C][Branch2][Ring1][#C][C][Branch2][Ring1][#Branch1][C][Branch1][S][C][Branch1][=Branch2][C][Branch1][C][F][Branch1][C][F][F][Branch1][C][F][F][Branch1][C][F][F][Branch1][C][F][F][Branch1][C][F][F][Branch1][C][F][F][Branch1][C][F][F][Branch1][C][F][F][Branch1][C][F][F][Branch1][C][F][F][Branch1][C][F][F][Branch1][C][F][F],0.36717484391225796
[C][=C][C][=Branch1][C][=O][O][C][C][O][C][C][N][C][=Branch1][C][=O][C][C][N][C][=Branch1][C][=O][C][=C][C][Ring1][=Branch1][=O],0.21246272980781938
[C][C][C][C][C][C][C][C][C][C][C][C][C][Branch1][C][C][O][C][=Branch1][C][=O][C][=C],0.23034306596124998
[C][=C][C][=Branch1][C][=O][O][C][C][Branch1][=Branch2][C][=C][C][=C][C][=C][Ring1][=Branch1][Branch1][=N][C][=Branch1][C][=O][C][=C][C][=C][C][=C][Ring1][=Branch1][O],0.265658125634013
[C][=C][C][=Branch1][C][=O][O][C][=C][C][=Branch1][=Branch1][=C][C][=C][Ring1][=Branch1][Cl],0.12110914044071164
[C][=C][C][=Branch1][C][=O][O][C][C][C][C][C][C][I],0.1287518548049966
[C][=C][C][=Branch1][C][=O][O][C][=Branch1][C][=O][O][C][=Branch1][C][=O][C][=C],0.07621640300327637
[C][C][=N][N][Branch1][N][C][=C][Ring1][Branch1][O][C][=Branch1][C][=O][C][=C][C],0.10697688507508743
[C][C][C][C][C][C][C][C][C][=C][C][=C][Branch1][Branch1][C][=C][Ring1][=Branch1][O][C][=Branch1][C][=O][C][=C],0.24256436897677108
[C][=C][C][=Branch1][C][=O][O][C][C][C][=C][C][=C][Branch1][Branch1][C][=C][Ring1][=Branch1][O],0.13495592203160317
[C][/C][=C][/C][O][C][=Branch1][C][=O][C][=C],0.07160958361407171
[C][N][C][=Branch1][C][=O][O][C][C][O][C][=Branch1][C][=O][C][=C],0.08403371329052683
[C][=C][C][=Branch1][C][=O][O][C][C][C][C][C][Ring1][Branch1][C][C][Ring1][Branch1][C][=Branch1][C][=O][O],0.12900316892789185
[C][C@][C][C][C@@H1][Branch2][Branch1][=Branch2][C][Branch2][Ring2][P][C@@H1][Ring1][=Branch1][C][C][C@@][Branch2][Ring2][#Branch1][C@@H1][Ring1][#Branch2][C][C][=C][C@][Ring1][=Branch1][Branch2][Ring1][#Branch2][C][C][C@@][Branch1][S][C@H1][Ring1][=Branch1][C][C][Branch1][Branch1][C][C][Ring1][=Branch1][Branch1][C][C][C][C][=Branch1][C][=O][O][C][C][Branch1][C][C][C][O][C][=Branch1][C][=O][C][=C],0.4981750530816653
[C][=C][C][=Branch1][C][=O][O][C][C][C][C][O][C][=C][C][=C][Branch1][Branch1][C][=C][Ring1][=Branch1][C][=C][C][=C][Branch1][Branch1][C][=C][Ring1][=Branch1][C][#N],0.35031823663003714
[C][=C][C][=Branch1][C][=O][O][C][=C][Branch1][O][C][=C][Branch1][=Branch1][C][=C][Ring1][=Branch1][Br][Br][Br],0.17985764325227935
[C][C][Branch1][=Branch2][C][=C][C][=C][C][=C][Ring1][=Branch1][O][C][=Branch1][C][=O][C][=C],0.13065425685088142
[C][C@@H1][C][C][C@H1][Branch1][=C][C@@H1][Branch1][Ring2][C][Ring1][=Branch1][O][C][=Branch1][C][=O][C][=C][C][Branch1][C][C][Branch1][C][C][C][=C][C][=C][Branch1][Branch1][C][=C][Ring1][=Branch1][O][C],0.28558257271122534
[C][=C][C][=Branch1][C][=O][O][C][Branch1][=Branch2][C][Branch1][C][F][Branch1][C][F][F][C][Branch1][C][F][Branch1][C][F][F],0.052932359158859986
[C][O][C][=C][C][=C][Branch1][Branch1][C][=C][Ring1][=Branch1][C][=N][C][=C][C][=C][Branch1][Branch1][C][=C][Ring1][=Branch1][C][O][C][=Branch1][C][=O][C][=C],0.2928904016097952
[C][=C][C][=Branch1][C][=O][O][C][C][C][C][Branch1][=Branch2][C][Branch1][C][F][Branch1][C][F][F][Branch1][=Branch2][C][Branch1][C][F][Branch1][C][F][F][C][Branch1][C][F][Branch1][C][F][F],0.11887028689196141
[C][=C][C][=Branch1][C][=O][O][C][C][C][C][C][C][C][C][C][C][C][O][C][=C][C][=C][Branch1][Branch1][C][=C][Ring1][=Branch1][C][=N][O][C][Branch1][Ring2][C][Ring1][Branch1][C][=C][C][=C][Branch1][Branch1][C][=C][Ring1][=Branch1][Br],0.5271271155851928
[C][=C][C][O][C][=Branch1][C][=O][C][=C],0.05227340848144999
[C][=C][C][=Branch1][C][=O][O][C][=C][C][=C][Branch1][Branch1][C][=C][Ring1][=Branch1][I],0.1397048370739945
[C][C][C][C][C][C][C][C][C][C][C][C][C][C][C][C][C][C][C][C][Branch1][P][C][C][C][C][C][C][C][C][C][C][C][C][C][C][C][C][O][C][=Branch1][C][=O][C][=C],0.5914206506608976
[C][=C][C][=Branch1][C][=O][O][C][C][O][C][C][O][C][=C][C][=C][C][=C][Ring1][=Branch1],0.17571552125340062
[C][=C][C][=Branch1][C][=O][O][C][C][C][Branch2][Ring1][=C][C][Branch2][Ring1][=Branch1][C][Branch1][#C][C][Branch1][Branch2][C][Ring1][=Branch1][Branch1][C][F][F][Branch1][C][F][F][Branch1][C][F][F][Branch1][C][F][F][Branch1][C][F][F],0.12203625585435868
[C][=C][C][=Branch1][C][=O][O][C][C][C][C][C][O][C][=Branch1][C][=O][C][C][Br],0.1709974961722688
[C][=C][C][=Branch1][C][=O][O][C][C][S][S][C][C][O],0.11805209281133627
[C][C@][C][C][C@H1][Branch1][Branch2][C][Ring1][Branch1][Branch1][C][C][C][C][C][Ring1][=Branch2][O][C][=Branch1][C][=O][C][=C],0.1572411908235419
[C][=C][C][=Branch1][C][=O][O][C][C][Branch2][=Branch2][Branch2][C][C][Branch2][Branch2][#C][C][Branch2][Branch2][#Branch1][C][Branch2][#Branch1][#C][C][Branch2][#Branch1][#Branch1][C][Branch2][=Branch1][#C][C][Branch2][=Branch1][#Branch1][C][Branch2][Branch1][#C][C][Branch2][Branch1][#Branch1][C][Branch2][Ring2][#C][C][Branch2][Ring2][#Branch1][C][Branch2][Ring1][#C][C][Branch2][Ring1][#Branch1][C][Branch1][=Branch2][C][Branch1][C][F][Branch1][C][F][F][Branch1][=Branch2][C][Branch1][C][F][Branch1][C][F][F][F][Branch1][C][F][F][Branch1][C][F][F][Branch1][C][F][F][Branch1][C][F][F][Branch1][C][F][F][Branch1][C][F][F][Branch1][C][F][F][Branch1][C][F][F][Branch1][C][F][F][Branch1][C][F][F][Branch1][C][F][F][Branch1][C][F][F][O],0.33581349165721547
[C][C][C][=C][O][C][=Branch1][C][=O][C][=C],0.07683979986034842
[C][C][Branch1][Ring1][C][F][Branch1][#C][C][Branch1][Branch2][O][C][=Branch1][C][=O][C][=C][Branch1][C][F][F][C][Branch1][C][F][Branch1][C][F][F],0.0830215931357216
[C][=C][C][=Branch1][C][=O][O][C][C][=C][C][=C][Branch1][Branch1][C][=C][Ring1][=Branch1][C][=C][C][=C][C][=C][Ring1][=Branch1],0.2341567504173186
[C][=C][C][=Branch1][C][=O][O][C][C][C][O][Ring1][Ring2],0.05326026047998517
[C][C][Branch1][C][C][Branch1][=C][C][=Branch1][C][=O][O][C][C][C][O][C][Ring1][Branch1][=O][O][C][=Branch1][C][=O][C][=C],0.14522382541717194
[C][=C][C][=Branch1][C][=O][O][C][C][O][C][=Branch1][C][=O][C][C][Branch1][C][C][=O],0.11311814864693742
[C][C][=C][C][=Branch1][=N][=C][Branch1][Branch1][C][=C][Ring1][=Branch1][C][Branch1][C][C][C][O][C][=Branch1][C][=O][C][=C],0.18118769072681443
[C][=C][C][=Branch1][C][=O][O][C][C][Branch1][=Branch2][C][=C][C][=C][C][=C][Ring1][=Branch1][S][C][=C][C][=C][C][=C][Ring1][=Branch1],0.26036885520062764
[C][=C][C][=Branch1][C][=O][O][C][=C][C][=C][C][=C][Ring1][=Branch1][C][=N][C][=Branch1][#C][=C][Branch1][Ring2][O][Ring1][Branch1][C][=C][C][=C][C][=C][Ring1][=Branch1][C][O],0.3484742073990062
[C][=C][C][=Branch1][C][=O][O][C][=C][C][=C][Branch1][Branch1][C][=C][Ring1][=Branch1][C][=Branch2][Ring1][Ring2][=C][Branch1][=Branch2][C][=C][C][=C][C][=C][Ring1][=Branch1][C][=C][C][=C][C][=C][Ring1][=Branch1][C][=C][C][=C][C][=C][Ring1][=Branch1],0.5235031001201651
[C][C][Branch1][C][C][Branch1][C][C][O][O][C][=Branch1][C][=O][C][=C],0.07790084654545135
[C][=C][C][=Branch1][C][=O][O][C][C][C][C][O][C][=C][C][=C][Branch1][Branch1][C][=C][Ring1][=Branch1][C][Branch2][Ring1][#Branch2][C][C][=C][C][=Branch1][Branch1][=C][Ring1][=Branch1][F][C][=C][C][=C][Branch1][Branch1][C][=C][Ring1][=Branch1][C][C][C][C][O][F],0.4906569832157254
[C][C][Branch1][C][C][Branch1][=Branch2][C][=C][C][=C][C][=C][Ring1][=Branch1][C][=C][C][=C][Branch1][Branch1][C][=C][Ring1][=Branch1][O][C][=Branch1][C][=O][C][=C],0.26252960881883974
[C][=C][C][=Branch1][C][=O][O][C][=C][C][=C][C][=C][Ring1][=Branch1][C][=Branch1][C][=O][C][Branch1][=Branch2][C][=C][C][=C][C][=C][Ring1][=Branch1][O],0.24863576038515273
[C][=C][C][=Branch1][C][=O][O][C][C][Branch2][Ring1][Ring1][C][O][C][=C][C][=C][C][=C][Ring1][=Branch1][C][=C][C][=C][C][=C][Ring1][=Branch1][O],0.26757551055430834
[C][=C][C][=Branch1][C][=O][O][C][C][C][C][O][C][=C][C][=C][Branch1][Branch1][C][=C][Ring1][=Branch1][C][Branch2][Ring2][=Branch2][C][C][=C][C][=Branch1][Branch1][=C][Ring1][=Branch1][F][C][=C][C][=C][Branch1][Branch1][C][=C][Ring1][=Branch1][C][C][C][C][O][S][=Branch1][C][=O][=Branch1][C][=O][C][Branch1][C][F][Branch1][C][F][F][F],0.5303828022814103
[C][=C][C][=Branch1][C][=O][O][C][C][C][S][=Branch1][C][=O][=Branch1][C][=O][O],0.09143357812521158
[C][=C][C][=Branch1][C][=O][O][C][C][S][C][=C][C][=C][C][=C][C][=C][C][=C][Ring1][=Branch1][Ring1][#Branch2],0.23246491330259944
[C][=C][C][=Branch1][C][=O][O][C][C][Branch1][=Branch2][C][Branch1][C][F][Branch1][C][F][F][Branch2][Ring2][S][O][C][Branch2][Ring2][#Branch1][C][Branch1][=Branch2][C][Branch1][C][F][Branch1][C][F][F][Branch2][Ring1][Branch2][O][C][Branch1][S][C][Branch1][=Branch2][C][Branch1][C][F][Branch1][C][F][F][Branch1][C][F][F][Branch1][C][F][F][F][Branch1][C][F][F][F],0.16886131905644625
[C][=C][C][=Branch1][C][=O][O][C][C][=C][C][=Branch1][=Branch1][=C][C][=C][Ring1][=Branch1][C][Branch1][C][F][Branch1][C][F][F],0.1303603117186193
[C][=C][C][=Branch1][C][=O][O][C][C][O][C][C][C][#N],0.08786506471943525
[C][C][=C][C][=Branch2][Ring1][O][=C][Branch1][Branch1][C][=C][Ring1][=Branch1][C][=Branch1][C][=O][C][=C][C][=C][Branch1][Branch1][C][=C][Ring1][=Branch1][N][Branch1][C][C][C][O][C][=Branch1][C][=O][C][=C],0.3318099851881683
[C][=C][C][=Branch1][C][=O][O][C][C][Branch2][Ring1][Ring2][C][Branch1][=N][C][Branch1][=Branch1][C][Branch1][C][F][F][Branch1][C][F][F][Branch1][C][F][F][Branch1][C][F][F],0.09182563269103095
[C][C][C][C][O][C][C][C][C][C][Ring1][Branch1][C][C][Ring1][Branch1][O][C][=Branch1][C][=O][C][=C],0.18187495294248482
[C][=C][C][=Branch1][C][=O][O][C][C][C][=C][C][=C][C][=C][Ring1][=Branch1][C][=C][C][=C][C][=C][Ring1][=N][Ring1][=Branch1],0.23985223511392734
[C][C][C][C][C][C][=C][C][=C][Branch1][Branch1][C][=C][Ring1][=Branch1][C][#C][C][=C][C][=C][Branch1][Branch1][C][=C][Ring1][=Branch1][O][C][=Branch1][C][=O][C][=C],0.4245287388957142
[C][=C][C][=Branch1][C][=O][O][C][=C][C][=Branch1][#Branch2][=C][Branch1][=Branch1][C][=C][Ring1][=Branch1][Cl][Cl][Cl],0.1632424320252385
[C][=C][C][=Branch1][C][=O][O][C][Branch1][Branch2][O][C][=Branch1][C][=O][C][=C][Branch1][Branch2][O][C][=Branch1][C][=O][C][=C][O][C][=Branch1][C][=O][C][=C],0.18813277271218046
[C][=C][C][=Branch1][C][=O][O][C][C][C][Branch2][Branch1][#C][C][Branch2][Branch1][#Branch1][C][Branch2][Ring2][#C][C][Branch2][Ring2][#Branch1][C][Branch2][Ring1][#C][C][Branch2][Ring1][#Branch1][C][Branch1][S][C][Branch1][=Branch2][C][Branch1][C][F][Branch1][C][F][F][Branch1][C][F][F][Branch1][C][F][F][Branch1][C][F][F][Branch1][C][F][F][Branch1][C][F][F][Branch1][C][F][F][Branch1][C][F][F][Branch1][C][F][F],0.2000463568392405
[C][=C][C][=Branch1][C][=O][O][C][=Branch1][C][=O][C][=C][C][=C][C][=N][Ring1][=Branch1],0.1109736161761462
[C][C][Branch1][#Branch2][C][C][O][C][=Branch1][C][=O][C][=C][O][C][C][C][#N],0.12276940850493062
[C][O][C][=C][C][=C][Branch1][Branch1][C][=C][Ring1][=Branch1][N][=C][Branch2][Ring1][#Branch1][C][=C][Ring1][Branch2][C@H1][Branch1][#C][C@@H1][C][C][C][C][N][Ring1][=Branch1][C][C@@H1][Ring1][=Branch1][C][=C][O][O][C][=Branch1][C][=O][C][=C],0.39078922305204267
[C][=C][C][=Branch1][C][=O][O][C][C][C][C][C][C][O][P][=Branch1][C][=O][Branch1][C][O][O],0.14286662906171985
[C][=C][C][=Branch1][C][=O][O][C][C][C][C][C][N][C][Ring1][=Branch1][C][C][C][C][Ring1][=Branch1],0.16812339224372683
[C][C][C][C][C][C][C][C][C][C][C][C][C][C][C][C][C][O][C][=Branch1][C][=O][C][=C],0.27857934115653216
[C][C@][C][C][C][=Branch1][C][=O][C][C@H1][Ring1][#Branch1][C][C][C@@H1][C@@H1][Ring1][O][C][C][C@][Branch1][S][C@@H1][Ring1][=Branch1][C][C][C@@H1][Ring1][Branch1][O][C][=Branch1][C][=O][C][=C][C],0.3056264912483527
[C][=C][C][=Branch1][C][=O][O][C][C][C][Branch2][#Branch1][#C][C][Branch2][#Branch1][#Branch1][C][Branch2][=Branch1][#C][C][Branch2][=Branch1][#Branch1][C][Branch2][Branch1][#C][C][Branch2][Branch1][#Branch1][C][Branch2][Ring2][#C][C][Branch2][Ring2][#Branch1][C][Branch2][Ring1][#C][C][Branch2][Ring1][#Branch1][C][Branch1][S][C][Branch1][=Branch2][C][Branch1][C][F][Branch1][C][F][F][Branch1][C][F][F][Branch1][C][F][F][Branch1][C][F][F][Branch1][C][F][F][Branch1][C][F][F][Branch1][C][F][F][Branch1][C][F][F][Branch1][C][F][F][Branch1][C][F][F][Branch1][C][F][F][Branch1][C][F][F][Branch1][C][F][F],0.27506112187656756
[C][=C][C][=Branch1][C][=O][O][C][C][C][O][C][=Branch1][C][=O][O][Ring1][=Branch1],0.07683860200012688
[C][C][C][C][C][C][=C][C][=C][Branch1][Branch1][C][=C][Ring1][=Branch1][O][C][C][C][C][C][C][C][C][O][C][=Branch1][C][=O][C][=C],0.32515358356045804
[C][C][C][C][=Branch1][C][=O][C][C][O][C][=Branch1][C][=O][C][=C],0.09988564452225235
[C][C@@H1][C][C][C@H1][Branch1][=C][C@@H1][Branch1][Ring2][C][Ring1][=Branch1][O][C][=Branch1][C][=O][C][=C][C][Branch1][C][C][C],0.1653908364316555
[C][=C][C][=Branch1][C][=O][O][C][Branch1][P][C][O][C][=C][C][=C][C][=C][C][=C][Ring1][=Branch1][C][=C][Ring1][#Branch2][C][O][C][=C][C][=C][C][=C][C][=C][Ring1][=Branch1][C][=C][Ring1][#Branch2],0.4296303436503129
[C][N][Branch1][#Branch2][C][C][O][C][=Branch1][C][=O][C][=C][S][=Branch1][C][=O][=Branch1][C][=O][C][C][C][Branch2][=Branch1][#Branch1][C][Branch2][Branch1][#C][C][Branch2][Branch1][#Branch1][C][Branch2][Ring2][#C][C][Branch2][Ring2][#Branch1][C][Branch2][Ring1][#C][C][Branch2][Ring1][#Branch1][C][Branch1][S][C][Branch1][=Branch2][C][Branch1][C][F][Branch1][C][F][F][Branch1][C][F][F][Branch1][C][F][F][Branch1][C][F][F][Branch1][C][F][F][Branch1][C][F][F][Branch1][C][F][F][Branch1][C][F][F][Branch1][C][F][F][Branch1][C][F][F],0.3343865886600188
[C][=C][C][=Branch1][C][=O][O][C][C][O][C][=C][C][=C][C][=C][Ring1][=Branch1][O][C][=Branch1][C][=O][C][=C],0.20351686109361244
[C][C][Branch1][C][C][Branch1][C][C][C][O][C][=Branch1][C][=O][C][=C],0.08271067376049199
[C][=C][C][=Branch1][C][=O][O][C][C][/C][=C][/C][C][C][C][C][C][C][C][C][C][C],0.2563711994647249
[C][=C][C][=Branch1][C][=O][O][C][=C][C][=Branch2][Ring1][=Branch2][=C][C][=C][Ring1][=Branch1][N][Branch1][=C][C][=C][Ring1][Branch1][C][=C][Branch1][Branch1][C][=C][Ring1][=Branch1][Br][C][C][O][Br],0.3569626735932842
[C][C][Branch1][C][C][C][Branch2][Ring1][#Branch1][O][C][C][C][C][C][C][Branch1][Ring2][C][Ring1][=Branch1][C][C][Branch1][Ring2][C][Ring1][#Branch1][C][Ring1][#Branch2][O][C][=Branch1][C][=O][C][=C],0.2409584533554568
[C][C][Branch1][#C][C][O][C][Branch1][C][C][C][O][C][=Branch1][C][=O][C][=C][O][C][=Branch1][C][=O][C][=C],0.17093866153121073
[C][=C][C][=Branch1][C][=O][O][C][C][=C][C][=C][Branch1][Branch1][C][=C][Ring1][=Branch1][N][Branch1][=Branch2][C][=C][C][=C][C][=C][Ring1][=Branch1][C][=C][C][=C][C][=C][Ring1][=Branch1],0.3756885819066581
[C][C][C][C][C][C][C][C][C][C][C][C][C][C][C][C][C][C][C][C][C][C][C][C][C][C][O][C][=Branch1][C][=O][C][=C],0.43590386520436236
[C][=C][C][=Branch1][C][=O][O][C][C][C][C][C][C][O][C][Branch2][Ring1][C][C][C][=C][Branch1][Branch1][C][=C][Ring1][=Branch1][C][=C][C][=C][C][=C][Ring1][=Branch1][C][#N],0.33614860580377914
[C][C][=Branch1][C][=O][N][C][C][C][C][C][O][C][=Branch1][C][=O][C][=C],0.13228840894193372
[C][C][Branch2][Ring1][Ring2][C][O][C][Branch1][Branch1][O][C][Ring1][=Branch1][O][C][C][O][C][=Branch1][C][=O][C][=C][C],0.14456264943718491
[C][C][Branch1][C][C][C][C][C][C][C][C][O][C][=Branch1][C][=O][C][=C],0.1507108024958643
[C][=C][C][=Branch1][C][=O][O][C][=C][C][=C][C][=Branch1][O][=C][Ring1][=Branch1][O][C][=Branch1][C][=O][C][=C][N][=N][C][=C][C][=C][C][=C][Ring1][=Branch1],0.2955459657234189
[C][=C][C][=Branch1][C][=O][O][C][C][C][Branch2][=Branch1][#Branch1][C][Branch2][Branch1][#C][C][Branch2][Branch1][#Branch1][C][Branch2][Ring2][#C][C][Branch2][Ring2][#Branch1][C][Branch2][Ring1][#C][C][Branch2][Ring1][#Branch1][C][Branch1][S][C][Branch1][=Branch2][C][Branch1][C][F][Branch1][C][F][F][Branch1][C][F][F][Branch1][C][F][F][Branch1][C][F][F][Branch1][C][F][F][Branch1][C][F][F][Branch1][C][F][F][Branch1][C][F][F][Branch1][C][F][F][Branch1][C][F][F],0.22231215239495822
[C][C][Branch2][Ring1][Ring2][C][C][=C][Branch1][Branch1][C][=C][Ring1][=Branch1][/C][=C][/C][O][C][=Branch1][C][=O][C][=C][O],0.19249568571790343
[C][=C][C][=Branch1][C][=O][O][C][C][=C][Branch1][=C][C][=C][C][=Branch1][Ring2][=C][Ring1][=Branch1][N+1][=Branch1][C][=O][O-1][C][=C][Branch1][=C][C][=C][Branch1][Branch1][C][=C][Ring1][=Branch1][N+1][=Branch1][C][=O][O-1][C][O][C][=Branch1][C][=O][C][=C],0.3550504428035135
[C][C][Branch1][C][O][O][C][=Branch1][C][=O][C][=C],0.038669430773262105
[C][C][N][Branch1][=C][C][C][C][C][C][C][O][C][=Branch1][C][=O][C][=C][C][=C][C][=C][Branch1][Branch1][C][=C][Ring1][=Branch1][N][=N][C][=C][Branch1][=C][C][=C][Branch1][Branch1][C][=C][Ring1][=Branch1][N+1][=Branch1][C][=O][O-1][C][#N],0.49890560296170217
[C][C][Branch1][C][C][Branch2][Ring1][Branch1][C][C][C][C][C][Branch1][Ring2][C][Ring1][=Branch1][C][C][Branch1][Ring2][C][Ring1][#Branch1][C][Ring1][#Branch2][O][C][=Branch1][C][=O][C][=C],0.20190830724391584
[C][C][C][C][C][C][C][C][C][C][C][C][C][Branch1][O][C][C][C][C][C][C][C][C][C][C][C][O][C][=Branch1][C][=O][C][=C],0.39703202148798533
[C][=C][C][=Branch1][C][=O][O][C][C][C][C][C][C][O][C][=C][C][=C][Branch1][Branch1][C][=C][Ring1][=Branch1][C][=C][C][=C][Branch1][Branch1][C][=C][Ring1][=Branch1][C][C][C][C][Branch1][Branch1][C][C][Ring1][=Branch1][C][C][C][=Branch1][C][=O][O],0.5063980542779143
[C][C][Branch1][C][C][Branch1][Branch2][O][C][=Branch1][C][=O][C][=C][F],0.0507819295820385
[C][C][O][C][Branch1][=Branch2][C][O][C][=Branch1][C][=O][C][=C][C][#N],0.09168825475006931
[C][=C][C][=Branch1][C][=O][O][C][C][C][C][C][C][O][C][=C][C][=C][Branch1][Branch1][C][=C][Ring1][=Branch1][C][=C][C][=C][Branch1][Branch1][C][=C][Ring1][=Branch1][C][C][C][C][Branch1][Branch1][C][C][Ring1][=Branch1][C][C][C][=O],0.49555812170177593
[C][=C][C][=Branch1][C][=O][O][C][C][Branch2][=Branch1][Branch2][C][C][Branch2][Branch1][#C][C][Branch2][Branch1][#Branch1][C][Branch2][Ring2][#C][C][Branch2][Ring2][#Branch1][C][Branch2][Ring1][#C][C][Branch2][Ring1][#Branch1][C][Branch1][=Branch2][C][Branch1][C][F][Branch1][C][F][F][Branch1][=Branch2][C][Branch1][C][F][Branch1][C][F][F][F][Branch1][C][F][F][Branch1][C][F][F][Branch1][C][F][F][Branch1][C][F][F][Branch1][C][F][F][Branch1][C][F][F][O],0.2174553895696565
[C][=C][C][=Branch1][C][=O][O][C][C][Branch1][Ring1][C][Br][Br],0.09010541510877315
[C][C][Branch1][C][C][C][O][C][=Branch1][C][=O][C][=C],0.0673403708945211
[C][=C][C][=Branch1][C][=O][O][C][=C][C][=C][C][=Branch1][Ring2][=C][Ring1][=Branch1][N][C][C][=C][C][=C][C][=C][Ring1][=Branch1][C][Ring1][=Branch2][=O],0.27625361355297495
[C][=C][C][=Branch1][C][=O][O][C][C][C][C][Branch1][Ring2][C][Ring1][Branch1][C][C][Ring1][#Branch1][C][C][#N],0.14260948680855692
[C][N@+1][Branch2][Ring2][=Branch2][C][C][C][=C][C][=Branch2][Ring1][#C][=C][Branch2][Ring1][=Branch2][C][=C][Ring1][=Branch1][C@H1][Ring1][#Branch2][C][C][=C][C][=Branch1][#Branch2][=C][Branch1][Branch1][C][=C][Ring1][=Branch1][O][C][O][C][O][C][O][C][C][C][C][=Branch1][C][=O][O][C][C][C][C][C][O][C][=Branch1][C][=O][C][=C],0.6058750947560775
[C][C][Branch1][C][C][Branch1][C][C][N][Branch2][Ring1][O][C][C][=C][Branch1][#C][C][=Branch1][#Branch2][=C][C][=Branch1][Ring2][=C][Ring1][=Branch1][C][=O][O][C][O][C][=Branch1][C][=O][C][=C][C][Branch1][C][C][Branch1][C][C][C],0.3233324870710606
[C][C][C][C][C][C][C][C][C][C][=C][C][=C][Branch1][Branch1][C][=C][Ring1][=Branch1][O][C][=Branch1][C][=O][C][=C],0.26468220214467053
[C][=C][C][=Branch1][C][=O][O][C][C][N][C][=Branch1][C][=O][C][C][C][Ring1][=Branch1][=O],0.113392997798167
[C][C][Branch1][C][C][Branch1][O][C][C][C][=C][C][=C][C][=C][Ring1][=Branch1][O][C][=Branch1][C][=O][C][=C],0.18201675746939192
[C][C][Branch1][C][C][C][C][C][C][C][C][C][C][C][C][C][C][C][C][C][C][C][O][C][=Branch1][C][=O][C][=C],0.33013254486867166
[C][=C][C][=Branch1][C][=O][O][C][=C][Branch1][S][C][=C][Branch1][O][C][=C][Ring1][=Branch1][N][=C][C][=C][Ring1][=Branch1][Cl][Br],0.22688044470853813
[C][C][C][C][C][Branch1][Branch2][O][C][=Branch1][C][=O][C][=C][F],0.08479948606562057
[C][=C][C][=Branch1][C][=O][O][C][C][C][F],0.051563789478984205
[C][C][C][C][C][Branch1][Ring1][C][C][C][O][C][C][O][C][C][O][C][=Branch1][C][=O][C][=C],0.20754161154963913
[C][=C][C][=Branch1][C][=O][O][C][=C][C][=C][C][=C][Ring1][=Branch1][N][=C][C][=C][Ring1][=Branch1],0.17338921732234838
[C][=C][C][=Branch1][C][=O][O][C][C][O][C][=C][C][=C][C][=C][Ring1][=Branch1][C][=C][C][=C][C][=C][Ring1][=Branch1],0.2556676039636597
[C][C][=Branch1][C][=C][O][C][=Branch1][C][=O][C][=C],0.05771981146695044
[C][=C][C][=Branch1][C][=O][O][C@H1][C][C@@H1][C][C][C@H1][Ring1][=Branch1][C][Ring1][Branch1],0.11142366918959257
[C][=C][C][=Branch1][C][=O][O][C][Branch2][Ring1][Ring1][C][C][C][C][C][C][C][C][C][C][C][C][C][C][C][C][C][C][C][Branch1][C][O][Branch1][C][O][O][C][=Branch1][C][=O][C][=C],0.3923508044520971
[C][C][C][C][C][C][C][C][C][Branch1][Branch1][C][C][Ring1][=Branch1][C][=C][C][=C][Branch1][Branch1][C][=C][Ring1][=Branch1][O][C][=Branch1][C][=O][C][=C],0.29933448460333506
[C][C][C][C][N][C][=Branch1][C][=O][O][C][C][O][C][=Branch1][C][=O][C][=C],0.1341103759006573
[C][=C][C][=Branch1][C][=O][O][C][C][C][Branch2][Ring2][#C][C][Branch2][Ring2][#Branch1][C][Branch2][Ring1][#C][C][Branch2][Ring1][#Branch1][C][Branch1][=Branch2][C][Branch1][C][F][Branch1][C][F][F][Branch1][=Branch2][C][Branch1][C][F][Branch1][C][F][F][F][Branch1][C][F][F][Branch1][C][F][F][Branch1][C][F][F][Branch1][C][F][F],0.16281181888802665
[C][=C][C][=Branch1][C][=O][O][C][Branch1][Branch2][O][C][=Branch1][C][=O][C][=C][Branch1][Branch2][O][C][=Branch1][C][=O][C][=C][F],0.13109723625534614
[C][C][Branch1][=C][C][O][C][=C][S][C][=C][Ring1][Branch1][O][C][Ring1][#Branch2][C][O][C][=Branch1][C][=O][C][=C],0.18619079635429195
[C][=C][C][=Branch1][C][=O][O][C][C][=C][Branch1][P][C][=Branch1][=N][=C][Branch1][=Branch2][C][=Branch1][Branch1][=C][Ring1][=Branch1][F][F][F][F][F],0.1263624255134668
[C][O][C][C][C][O][C][=Branch1][C][=O][C][=C],0.07223025857272308
[C][C][N][Branch1][Ring1][C][C][C][C][O][C][=Branch1][C][=O][C][=C],0.10772685125982165
[C][O][C][=C][C][=C][Branch1][Branch1][C][=C][Ring1][=Branch1][C][O][C][=Branch1][C][=O][C][=C],0.1404014127564581
[C][=C][C][=Branch1][C][=O][O][C][=C][C][=C][C][=C][Ring1][=Branch1][C][C][=C][C][=C][C][=C][Ring1][=Branch1],0.21714425691068606
[C][=C][C][=Branch1][C][=O][O][C][Branch1][=Branch2][C][Branch1][C][F][Branch1][C][F][F][Branch1][=Branch2][C][Branch1][C][F][Branch1][C][F][F][C][Branch1][C][Cl][Branch1][C][Cl][Cl],0.11599078978535146
[C][=C][C][=Branch1][C][=O][O][C][C][O][C][=Branch1][C][=O][C][C][C][=Branch1][C][=O][O],0.11456218874449531
[C][C][C][C][C][Branch1][C][C][C][O][C][=Branch1][C][=O][C][=C],0.11582189865608086
[C][C][C][C][P][Branch1][Branch1][C][C][C][C][Branch1][Branch1][C][C][C][C][Branch1][Branch1][C][C][C][C][O][C][=Branch1][C][=O][C][=C],0.3090372730821338
[C][C][O][C][Branch1][=Branch2][C][O][C][C][O][C][C][O][Branch1][C][O][O][C][=Branch1][C][=O][C][=C],0.16113632105464196
[C][=C][C][=Branch1][C][=O][O][C][C][O][C][C][C][C][C][C][Ring1][=Branch1][C][Ring1][Branch1],0.14606232994964455
[C][=C][C][=Branch1][C][=O][O][C][=Branch1][C][=O][C][=C][Branch2][Ring1][Branch1][C][=Branch1][=N][=C][C][=Branch1][Ring2][=C][Ring1][=Branch1][N+1][=Branch1][C][=O][O-1][N+1][=Branch1][C][=O][O-1][C][C][O],0.22073652236992802
[C][C][Branch2][Ring1][N][C][O][C][C][Branch1][#C][C][O][C][C][Branch1][C][C][O][C][=Branch1][C][=O][C][=C][O][C][C][Branch1][C][C][O][O],0.22422850799707789
[C][=C][C][=Branch1][C][=O][O][C][Branch1][C][C][Branch1][C][C][C][C][C][=C][C][=C][C][=C][Ring1][=Branch1],0.16935816082213848
[C][=C][C][=Branch1][C][=O][O][C][=C][C][=C][Branch1][Branch1][C][=C][Ring1][=Branch1][C][=C][C][=C][Branch1][Branch1][C][=C][Ring1][=Branch1][O][C][=Branch1][C][=O][C][=C],0.32203771870462483
[C][=C][C][=Branch1][C][=O][O][C][C][Branch1][=Branch1][N+1][=Branch1][C][=O][O-1][Branch1][C][F][F],0.06064711897807152
[C][=C][C][=Branch1][C][=O][O][C][C][Branch2][Ring2][#Branch1][C][Branch2][Ring1][#C][C][Branch2][Ring1][#Branch1][C][Branch1][S][C][Branch1][=Branch2][C][Branch1][C][F][Branch1][C][F][F][Branch1][C][F][F][Branch1][C][F][F][Branch1][C][F][F][Branch1][C][F][F][Branch1][C][F][F],0.12700531388277375
[C][=C][C][=Branch1][C][=O][O][C][Branch1][C][O][Branch1][Ring1][C][O][C][Branch1][C][O][Branch1][Branch2][O][C][=Branch1][C][=O][C][=C][O][C][=Branch1][C][=O][C][=C],0.17627747730822915
[C][C][N][Branch1][Ring1][C][C][C][C][=C][Branch1][#C][C][=Branch1][#Branch2][=C][C][=Branch1][Ring2][=C][Ring1][=Branch1][C][=O][O][C][O][C][=Branch1][C][=O][C][=C],0.2562465232355602
[C][=C][C][=Branch1][C][=O][O][C][=C][C][=C][Branch1][Branch1][C][=C][Ring1][=Branch1][C][Branch1][S][C][=C][C][=C][C][=C][Ring1][=Branch1][C][=Branch1][C][=O][O][Ring1][#Branch2][C][=C][C][=C][C][=C][Ring1][=Branch1][O][Ring2][Ring1][Branch1],0.38076781542198807
[C][C][C][C][O][C][C][O][C][C][O][C][C][O][C][=Branch1][C][=O][C][=C],0.1749220776918351
[C][=C][C][=Branch1][C][=O][O][C][C][C][C][C][C][Branch2][Ring2][#Branch1][C][Branch2][Ring1][#C][C][Branch2][Ring1][#Branch1][C][Branch1][S][C][Branch1][=Branch2][C][Branch1][C][F][Branch1][C][F][F][Branch1][C][F][F][Branch1][C][F][F][Branch1][C][F][F][Branch1][C][F][F][Branch1][C][F][F],0.1880104748170623
[C][=C][C][=Branch1][C][=O][O][C][=C][C][=C][C][=C][C][=Branch1][C][=O][O][C][Ring1][#Branch1][=C][Ring1][O],0.19092840684343745
[C][=C][C][=Branch1][C][=O][O][C][=C][C][=Branch1][S][=C][C][=Branch1][Ring2][=C][Ring1][=Branch1][C][Branch1][C][F][Branch1][C][F][F][C][Branch1][C][F][Branch1][C][F][F],0.1428696601667238
[C][C][Branch1][C][C][C][C][O][C][=Branch1][C][=O][C][=C],0.08407231901067341
[C][=C][C][=Branch1][C][=O][O][C][C][O][C][C][C][C][C][Ring1][Branch1][C][C][Ring1][Branch1][C][=C][C][Ring1][Branch1],0.19011237664259112
[C][C][C][C][C][Branch1][Ring1][C][C][C][O][C][=Branch1][C][=O][C][=C],0.1346376662625484
[C][C][Branch2][Ring2][C][C][C][C][C][Ring1][Branch1][Branch2][Ring1][Branch2][C][Branch1][O][C][Ring1][=Branch1][O][C][=Branch1][C][=O][C][=C][O][C][C][=C][C][=C][C][=C][Ring1][=Branch1][C][C],0.2778243129841865
[C][O][C][=C][C][=Branch1][=Branch1][=C][C][=C][Ring1][=Branch1][O][C][=Branch1][C][=O][C][=C],0.12996382895348713
[C][C][C][=Branch1][C][=O][O][C][C][O][C][=Branch1][C][=O][C][=C],0.09273695751147715
[C][C][Branch1][C][C][Branch1][C][C][O][C][=Branch1][C][=O][N][C][C][O][C][C][O][C][=Branch1][C][=O][C][=C],0.17006969409108566
[C][N][Branch1][N][C][C][C][C][O][C][=Branch1][C][=O][C][=C][S][=Branch1][C][=O][=Branch1][C][=O][C][Branch2][Ring2][#Branch1][C][Branch2][Ring1][#C][C][Branch2][Ring1][#Branch1][C][Branch1][S][C][Branch1][=Branch2][C][Branch1][C][F][Branch1][C][F][F][Branch1][C][F][F][Branch1][C][F][F][Branch1][C][F][F][Branch1][C][F][F][Branch1][C][F][F],0.2520320441456736
[C][=C][C][=Branch1][C][=O][O][C][C][C][C][Branch1][Branch1][C][C][Ring1][=Branch1][C][=C][Branch1][#Branch2][C][=Branch1][=Branch1][=C][C][=C][Ring1][=Branch1][F][F],0.20153982478737303
[C][=C][C][=Branch1][C][=O][O][C][C][C][Branch2][Ring1][#C][C][Branch2][Ring1][#Branch1][C][Branch1][=Branch2][C][Branch1][C][F][Branch1][C][F][F][Branch1][=Branch2][C][Branch1][C][F][Branch1][C][F][F][F][Branch1][C][F][F][Branch1][C][F][F],0.12309365188174926
[C][C][C][C][C][Branch1][=C][C][Branch1][Ring2][C][Ring1][=Branch1][O][C][=Branch1][C][=O][C][=C][C][Branch1][C][C][Branch1][C][C][C][=C][C][=C][C][=C][Ring1][=Branch1],0.2543392581005117
[C][C][O][C][Branch1][C][C][O][C][=Branch1][C][=O][C][=C],0.0726520826349896
[C][=C][C][=Branch1][C][=O][O][C][C][C][=Branch1][C][=O][O][N][C][=Branch1][C][=O][C][C][C][Ring1][=Branch1][=O],0.14240250713542535
[C][C][N][Branch1][#Branch2][C][C][O][C][=Branch1][C][=O][C][=C][S][=Branch1][C][=O][=Branch1][C][=O][C][Branch2][Branch1][#Branch1][C][Branch2][Ring2][#C][C][Branch2][Ring2][#Branch1][C][Branch2][Ring1][#C][C][Branch2][Ring1][#Branch1][C][Branch1][S][C][Branch1][=Branch2][C][Branch1][C][F][Branch1][C][F][F][Branch1][C][F][F][Branch1][C][F][F][Branch1][C][F][F][Branch1][C][F][F][Branch1][C][F][F][Branch1][C][F][F][Branch1][C][F][F],0.28453692777246403
[C][=C][C][=Branch1][C][=O][O][C][Branch1][Ring1][C][C][C][C][C][C][Ring1][#Branch1],0.1124715446087616
[C][=C][C][=Branch1][C][=O][O][C][C@@H1][Branch1][=Branch1][C][=Branch1][C][=O][O][N],0.0664121192726074
[C][C][C][C][C][C][C][C][C][C][C][Branch1][C][C][C][O][C][=Branch1][C][=O][C][=C],0.21701217645517062
[C][=C][C][=Branch1][C][=O][O][C][=C][C][=Branch2][Ring1][=Branch2][=C][C][=C][Ring1][=Branch1][N][Branch1][=C][C][=C][Ring1][Branch1][C][=C][Branch1][Branch1][C][=C][Ring1][=Branch1][Cl][C][C][O][Cl],0.3392589290216523
[C][=C][C][=Branch1][C][=O][O][C][C][N][Branch1][Ring1][C][C][C][C],0.11014084692331916
[C][C][C][Branch1][C][C][Branch1][=Branch2][N][C][=Branch1][C][=O][N][C][C][O][O][C][=Branch1][C][=O][C][=C],0.14924637492520845
[C][=C][C][=Branch1][C][=O][O][C][C][C][Branch2][#Branch1][#Branch1][C][Branch2][=Branch1][#C][C][Branch2][=Branch1][#Branch1][C][Branch2][Branch1][#C][C][Branch2][Branch1][#Branch1][C][Branch2][Ring2][#C][C][Branch2][Ring2][#Branch1][C][Branch2][Ring1][#C][C][Branch2][Ring1][#Branch1][C][Branch1][S][C][Branch1][=Branch2][C][Branch1][C][F][Branch1][C][F][F][Branch1][C][F][F][Branch1][C][F][F][Branch1][C][F][F][Branch1][C][F][F][Branch1][C][F][F][Branch1][C][F][F][Branch1][C][F][F][Branch1][C][F][F][Branch1][C][F][F][Branch1][C][F][F][Branch1][C][F][F],0.25935152766725533
[C][=C][C][=Branch1][C][=O][O][C][C][Branch1][C][F][F],0.036115071865947555
[C][=C][C][=Branch1][C][=O][O][C][=C][C][=C][C][=C][Ring1][=Branch1][N][C][=C][C][=C][C][=C][Ring1][=Branch2][Ring1][=Branch1],0.2427515586083876
[C][=C][C][=Branch1][C][=O][O][C][=C][C][=C][C][=C][C][=C][Ring1][=Branch1][O][C][Ring1][#Branch2],0.182690839645105
[C][=C][C][=Branch1][C][=O][O][C][=C][Branch1][#Branch2][C][=C][Branch1][Branch1][C][=C][Ring1][=Branch1][Cl][Cl],0.14689617488370746
[C][C][C][C][O][C][C][=C][C][=C][Branch1][Ring2][O][Ring1][Branch1][C][O][C][=Branch1][C][=O][C][=C],0.17428262724157914
[C][C][C][Branch1][Ring1][C][O][Branch1][Ring1][C][O][C][O][C][=Branch1][C][=O][C][=C],0.10865228416493317
[C][=C][C][=Branch1][C][=O][O][C][C][C][C][C][C][O][C][=C][C][=C][Branch1][Branch1][C][=C][Ring1][=Branch1][C][=C][C][=C][Branch1][Branch1][C][=C][Ring1][=Branch1][C][C][C][C][Branch1][Branch1][C][C][Ring1][=Branch1][C][C][C][S][=Branch1][C][=O][=Branch1][C][=O][C][Branch1][C][F][Branch1][C][F][F],0.5637202791922171
[C][C][Branch2][Ring2][=C][C][Branch2][Ring2][=Branch1][C][Branch2][Ring1][=C][C][Branch2][Ring1][=Branch1][C][Branch1][#C][C][Branch1][Branch2][O][C][=Branch1][C][=O][C][=C][Branch1][C][F][F][Branch1][C][F][F][Branch1][C][F][F][Branch1][C][F][F][Branch1][C][F][F][Branch1][C][F][F],0.12481448298767561
[C][C][Branch2][Ring1][=Branch1][C][Branch1][#C][C][Branch1][Branch2][O][C][=Branch1][C][=O][C][=C][Branch1][C][F][F][Branch1][C][F][F][Branch1][C][F][F],0.07175512503824152
[C][C][O][C][=Branch1][C][=O][C][=C],0.036843723191293
[C][=C][C][=Branch1][C][=O][O][C][C][C][C][C][Ring1][Branch1][C][C][C][C][C][Ring1][Branch2][Ring1][Branch1],0.15705564363310473
[C][C][=Branch1][C][=O][O][C][=C][C][=C][Branch1][Branch1][C][=C][Ring1][=Branch1][C][O][C][=Branch1][C][=O][C][=C],0.16244065977255054
[C][N][Branch1][C][C][C][=N][C][=N][C][=C][Branch1][N][C][=C][C][=Branch1][=Branch1][=C][Ring1][=Branch1][Ring1][#Branch2][Cl][O][C][=Branch1][C][=O][C][=C],0.2535437441706224
[C][=C][C][=Branch1][C][=O][O][C][C][N][C][=C][C][=C][Branch1][#Branch2][C][=N][O][N][=C][Ring1][=Branch2][Ring1][Branch1][N+1][=Branch1][C][=O][O-1],0.21638770562549664
[C][C][=C][C][=C][C][=C][Ring1][=Branch1][O][C][C][O][C][=Branch1][C][=O][C][=C],0.15739156530070506
[C][C][C][O][C][=Branch1][C][=O][C][=C][C][=C][Branch1][Branch1][C][=C][Ring1][=Branch1][O][C][=Branch1][C][=O][C][=C],0.19269314005108756
[C][=C][C][=Branch1][C][=O][O][C][C][C][C][C][Cl],0.09829064480657987
[C][C][C][C][O][C][=Branch1][C][=O][13CH1][=C],0.06682135377345572
[C][C][Branch1][C][C][Branch1][=Branch2][C][O][C][=Branch1][C][=O][C][=C][C][O][C][=Branch1][C][=O][C][Branch1][C][C][Branch1][C][C][C][O][C][=Branch1][C][=O][C][=C],0.23270717003415142
[C][C][=Branch1][C][=O][N][C@H1][C][C][C][=C][C][=Branch2][Ring2][#Branch1][=C][Branch2][Ring1][N][C][=Branch2][Ring1][=Branch1][=C][Ring1][=Branch1][C][=C][C][=C][Branch1][O][C][=Branch1][C][=O][C][=C][Ring1][P][Ring1][Branch2][O][C][O][C][O][C][=Branch1][C][=O][C][=C][O][C],0.46831131050715724
[C][=C][C][=Branch1][C][=O][O][C][C][C][Branch1][C][C][C],0.08376954997322064
[C][C][N][C][=C][C][=C][Branch1][=Branch1][C][=C][Ring1][=Branch1][C][C][Branch2][Ring1][=Branch2][C][=C][C][=C][C][=C][Ring1][=Branch1][C][=Branch1][C][=O][N][Ring1][#Branch2][C][C][O][C][=Branch1][C][=O][C][=C][C][=C][Branch1][Branch1][O][Ring2][Ring1][=Branch2][C][=C][Branch1][Branch2][C][=Branch1][Ring2][=C][Ring1][#Branch1][C][N][Branch1][Ring1][C][C][C][C][O][C][=Branch1][C][=O][C][=C],0.6506862850592464
[C][C][C][C][C][C][C][=C][C][=C][Branch1][Branch1][C][=C][Ring1][=Branch1][O][C][=Branch1][C][=O][C][=C],0.20912227556501717
[C][=C][C][=Branch1][C][=O][O][C][C][C][C][C][C][C][C][C][C][C][C][Br],0.21329016460766104
[C][=C][C][=Branch1][C][=O][O][C][C][C][O],0.05577490602695278
[C][C][N][Branch1][=N][C][C][C][C][C][O][C][=Branch1][C][=O][C][=C][C][=Branch1][C][=O][C],0.1612489394652685
[C][C][Branch1][C][C][C][C][C][C][C][O][C][=Branch1][C][=O][C][=C],0.13395390464373544
[C][C][Branch1][=N][C][Branch1][=Branch1][N+1][=Branch1][C][=O][O-1][Branch1][C][F][F][O][C][=Branch1][C][=O][C][=C],0.0742858569658601
[C][=C][C][=Branch1][C][=O][O][C][C][Branch1][=Branch2][C][Branch1][C][F][Branch1][C][F][F][Branch2][Ring2][Branch2][O][C][Branch2][Ring1][#C][C][Branch2][Ring1][#Branch1][C][Branch1][S][C][Branch1][=Branch2][C][Branch1][C][F][Branch1][C][F][F][Branch1][C][F][F][Branch1][C][F][F][Branch1][C][F][F][Branch1][C][F][F][F],0.14316314918962017
[C][C][C][C][O][13C][=Branch1][C][=O][C][=C],0.06682135377345572
[C][=C][C][O][C][C][O][C][=Branch1][C][=O][C][=C],0.08892639020919485
[C][C][N][Branch1][#Branch2][C][C][O][C][=Branch1][C][=O][C][=C][C][=C][C][=Branch2][Ring1][=Branch2][=C][Branch1][Branch1][C][=C][Ring1][=Branch1][N][=N][C][=C][C][=Branch1][#Branch2][=C][Branch1][=Branch1][C][=C][Ring1][=Branch1][Cl][Cl][Cl][C],0.42244486832540046
[C][C][Branch2][Branch1][Ring1][C][C][C][C][Ring1][Branch1][Branch2][Ring2][=Branch2][C][Branch2][Ring1][=C][C][Ring1][=Branch1][N][Branch1][=Branch2][C][=C][C][=C][C][=C][Ring1][=Branch1][S][=Branch1][C][=O][=Branch1][C][=O][C][=C][C][=C][C][=C][Ring1][=Branch1][O][C][=Branch1][C][=O][C][=C][C][C],0.43323279812701077
[C][=C][C][=Branch1][C][=O][O][C][=C][Branch2][Ring1][C][C][=Branch1][=C][=C][Branch1][=Branch2][C][=Branch1][Branch1][=C][Ring1][=Branch1][F][F][C][#N][F][F],0.14404311339563183
[C][=C][C][=Branch1][C][=O][O][C][Branch2][Ring1][=Branch1][O][C][C][C][C][C][Branch1][O][C][C][Branch1][Ring2][C][Ring1][=Branch1][C][Ring1][=Branch2][C][Ring1][#Branch2][C][Branch1][C][C][C],0.22534397507186282
[C][=C][C][=Branch1][C][=O][O][C][=C][C][=Branch1][=Branch2][=C][Branch1][Branch1][C][=C][Ring1][=Branch1][Cl][C][=C][C][=N][Ring1][#Branch2],0.194258080496038
[C][=C][C][=Branch1][C][=O][O][C][C][Branch2][Branch1][#C][C][Branch2][Branch1][#Branch1][C][Branch2][Ring2][#C][C][Branch2][Ring2][#Branch1][C][Branch2][Ring1][#C][C][Branch2][Ring1][#Branch1][C][Branch1][S][C][Branch1][=Branch2][C][Branch1][C][F][Branch1][C][F][F][Branch1][C][F][F][Branch1][C][F][F][Branch1][C][F][F][Branch1][C][F][F][Branch1][C][F][F][Branch1][C][F][F][Branch1][C][F][F][Branch1][C][F][F],0.18318971853208058
[C][=C][C][=Branch1][C][=O][O][C][C][O][C][=C][C][=C][C][=C][Ring1][=Branch1],0.13794100200506404
[C][C][C][C][C][C][C][C][/C][=C][\C][C][C][C][C][C][C][C][O][C][=Branch1][C][=O][C][=C],0.30051015837071193
[C][O][C][=C][C][=C][Branch1][Branch1][C][=C][Ring1][=Branch1][C][Branch1][=N][C][=C][C][=C][Branch1][Branch1][C][=C][Ring1][=Branch1][O][C][Branch1][=N][C][=C][C][=C][Branch1][Branch1][C][=C][Ring1][=Branch1][O][C][C][=C][C][=C][Branch1][Branch1][C][=C][Ring1][=Branch1][O][C][C][O][C][=Branch1][C][=O][C][=C],0.5698555466775721
[C][C][C][Branch1][C][C][Branch1][C][C][C][=C][C][=Branch2][Ring1][C][=C][Branch1][Branch1][C][=C][Ring1][=Branch1][O][C][C][O][C][=Branch1][C][=O][C][=C][C][Branch1][C][C][Branch1][C][C][C][C],0.3088661122354169
[C][C][C][Branch1][Branch2][C][O][C][O][C][Ring1][=Branch1][C][O][C][=Branch1][C][=O][C][=C],0.12360698388973995
[C][=C][C][=Branch1][C][=O][O][C][C][C][C][C][C][C][C][S][=Branch1][C][=O][=Branch1][C][=O][O],0.17206316685812265
[C][=C][C][=Branch1][C][=O][O][C][C][=C][C][=C][C][=C][Ring1][=Branch1],0.1100113468176123
[C][N][Branch1][#Branch2][C][C][O][C][=Branch1][C][=O][C][=C][S][=Branch1][C][=O][=Branch1][C][=O][C][C][Branch2][#Branch1][#Branch1][C][Branch2][=Branch1][#C][C][Branch2][=Branch1][#Branch1][C][Branch2][Branch1][#C][C][Branch2][Branch1][#Branch1][C][Branch2][Ring2][#C][C][Branch2][Ring2][#Branch1][C][Branch2][Ring1][#C][C][Branch2][Ring1][#Branch1][C][Branch1][S][C][Branch1][=Branch2][C][Branch1][C][F][Branch1][C][F][F][Branch1][C][F][F][Branch1][C][F][F][Branch1][C][F][F][Branch1][C][F][F][Branch1][C][F][F][Branch1][C][F][F][Branch1][C][F][F][Branch1][C][F][F][Branch1][C][F][F][Branch1][C][F][F][Branch1][C][F][F],0.35791961697377717
[C][=C][C][=Branch1][C][=O][O][C][Branch1][=Branch2][C][=C][C][=C][C][=C][Ring1][=Branch1][N+1][=Branch1][C][=O][O-1],0.14366342637746987
[C][C][Branch1][C][C][C][C][C][C][C][C][C][C][C][C][C][C][O][C][=Branch1][C][=O][C][=C],0.24577526829933255
[C][=C][C][=Branch1][C][=O][O][N][C][=Branch1][C][=O][C][C][C][Ring1][=Branch1][=O],0.08828260540312977
[C][C][C][C][N][Branch1][Branch1][C][C][C][C][C][C][C][O][C][=Branch1][C][=O][C][=C],0.1903727444667546
[C][=C][C][=Branch1][C][=O][O][C][Branch1][C][O][C][Branch1][C][O][C][O],0.06487415897493568
[C][C][C][O][O][C][=Branch1][C][=O][C][=C],0.06293651123016425
[C][=C][C][=Branch1][C][=O][O][C][C][O][C][=C][C][=C][Branch1][Branch1][C][=C][Ring1][=Branch1][C][=C][C][=C][Branch1][Branch1][C][=C][Ring1][=Branch1][C][#N],0.3086848502872284
[C][=C][C][=Branch1][C][=O][O][C][=C][C][=C][Branch1][Branch1][C][=C][Ring1][=Branch1][C][O],0.12982115514873793
[C][C][C][C][C][C][C][C][C][C][C][C][Branch1][C][C][O][C][=Branch1][C][=O][C][=C],0.21026698989305526
[C][O][C][=C][C][=C][Branch1][Branch1][C][=C][Ring1][=Branch1][C][=N][C][C][O][C][=Branch1][C][=O][C][=C],0.20219692843710896
[C][=C][C][=Branch1][C][=O][O][C][C][Branch2][Ring2][=Branch1][C][Branch2][Ring1][=C][C][Branch2][Ring1][=Branch1][C][Branch1][#C][C][Branch1][Branch2][C][Ring1][=Branch1][Branch1][C][F][F][Branch1][C][F][F][Branch1][C][F][F][Branch1][C][F][F][Branch1][C][F][F][F],0.12672291463986401
[C][C][Branch1][C][C][Branch1][=Branch2][C][=C][C][=C][C][=C][Ring1][=Branch1][O][C][=Branch1][C][=O][C][=C],0.14645558128977013
[C][=C][C][=Branch1][C][=O][O][C][=C][C][=C][O][Ring1][Branch1],0.0680419459667661
[C][=C][C][=Branch1][C][=O][O][C@@H1][Branch1][#Branch2][C][C][=C][C][=C][C][=C][Ring1][=Branch1][C][N][C][C][N][Branch1][Branch1][C][C][Ring1][=Branch1][C][C][C][N][Branch1][N][C][=C][C][=C][Branch1][Branch1][C][=C][Ring1][=Branch1][F][C][=C][C][=C][Branch1][Branch1][C][=C][Ring1][=Branch1][F],0.5037264539895785
[C][C][C][C][C][C][C][C][C][C][C][C][C][C][C][C][C][C][O][C][=Branch1][C][=O][C][=C],0.29725485461551016
[C][C][C][C][C][C][C][C][C][C][Branch1][#Branch1][C][C][C][C][C][C][O][C][=Branch1][C][=O][C][=C],0.26276984212001087
[C][=C][C][=Branch1][C][=O][O][C][C][N][C][C][C][S][=Branch1][C][=O][=Branch1][C][=O][C][Branch2][Branch1][#Branch1][C][Branch2][Ring2][#C][C][Branch2][Ring2][#Branch1][C][Branch2][Ring1][#C][C][Branch2][Ring1][#Branch1][C][Branch1][S][C][Branch1][=Branch2][C][Branch1][C][F][Branch1][C][F][F][Branch1][C][F][F][Branch1][C][F][F][Branch1][C][F][F][Branch1][C][F][F][Branch1][C][F][F][Branch1][C][F][F][Branch1][C][F][F],0.2891826338653339
[C][=C][C][=Branch1][C][=O][O][C][C][=C][C][=Branch1][=Branch1][=C][C][=C][Ring1][=Branch1][C][=C][C][=C][C][=C][Ring1][=Branch1],0.23981115208312137
[C][=C][C][=Branch1][C][=O][O][P][Branch1][Branch2][O][C][=Branch1][C][=O][C][=C][O][C][=Branch1][C][=O][C][=C],0.14768419203567026
[C][C][Branch1][C][C][Branch1][C][C][C][Branch1][C][C][Branch1][C][C][O][C][=Branch1][C][=O][C][=C],0.11707288254220513
[C][C][C][C][C][C][C][C][O][N][C][Branch2][Ring1][Ring2][C][C][Branch1][=Branch2][C][C][Ring1][=Branch1][Branch1][C][C][C][O][C][=Branch1][C][=O][C][=C][Branch1][C][C][C],0.2953168350299151
[C][=C][C][=Branch1][C][=O][O][C][=C][C][=C][C][=C][Ring1][=Branch1][O],0.1084884650391828
[C][O][C][O][C][=Branch1][C][=O][C][=C],0.03955764715152769
[C][=C][C][=Branch1][C][=O][O][N][C][=Branch1][C][=O][C][=C][C][=C][C][=C][Ring1][=Branch1][C][Ring1][#Branch2][=O],0.1600231545494282
[C][=C][C][=Branch1][C][=O][O][O][C][=Branch1][C][=O][C][C][C][C][C][C][C][C][C][=Branch1][C][=O][O][O][C][=Branch1][C][=O][C][=C],0.2521804836702987
[C][C][Branch1][C][C][Branch1][C][C][N][O][C][=Branch1][C][=O][C][=C],0.07658908542906914
[C][C][=C][C][=Branch1][S][=C][C][=Branch1][O][=C][Ring1][=Branch1][O][C][=Branch1][C][=O][C][=C][C][N][=N][C][=C][C][=C][Branch1][Branch1][C][=C][Ring1][=Branch1][C][Branch1][C][C][Branch1][C][C][C],0.44870272011139
[C][C][C][C][C][C][C][C][C][C][C][Branch1][=Branch2][C][C][C][C][C][C][C][C][C][O][C][=Branch1][C][=O][C][=C],0.33480015624502
[C][C][Branch1][C][C][Branch1][C][C][C][Branch1][Branch2][C][C][C][C][C][Ring1][=Branch1][O][C][=Branch1][C][=O][C][=C],0.16277652638333762
[C][N][Branch1][C][C][C][=C][C][=C][C][=C][Ring1][=Branch1][C][=C][C][=C][Ring1][=Branch1][S][=Branch1][C][=O][=Branch1][C][=O][O][C][C][O][C][=Branch1][C][=O][C][=C],0.32261565514646656
[C][=C][C][=Branch1][C][=O][O][C][C][O][C][=C][C][=C][Branch1][Branch1][C][=C][Ring1][=Branch1][Cl],0.15815846844664225
[C][=C][C][=Branch1][C][=O][O][C][C][N][C][Branch1][C][C][Branch1][C][C][C],0.10661689524422774
[C][C][C][C][C][C][C][C][C][C][C][C][C][C][C][C][Branch1][C][O][O][C][=Branch1][C][=O][C][=C],0.2739261996828437
[C][C][=C][C][=Branch1][#C][=C][Branch1][Branch1][C][=C][Ring1][=Branch1][O][C][=Branch1][C][=O][C][=C][N][N][=C][C][=C][C][=C][C][Ring1][=Branch1][=N][Ring1][=Branch2],0.3093587379360324
[C][=C][C][=Branch1][C][=O][N][C][C][O][C][C][O][C][=Branch1][C][=O][C][=C],0.13704408224717265
[C][=C][C][=Branch1][C][=O][O][C][C][=C][C][=C][S][Ring1][Branch1],0.09817321962840403
[C][=C][C][=Branch1][C][=O][O][C][C][O][C][C][O][C][C][O][C][C][=Branch1][C][=O][O][N][C][=Branch1][C][=O][C][C][C][Ring1][=Branch1][=O],0.24044437808691843
[C][C][C][C][C][C][C][Branch1][Ring2][C][Ring1][=Branch1][C][C][Ring1][=Branch2][Branch1][Ring2][C][Ring1][#Branch1][O][C][=Branch1][C][=O][C][=C],0.17034146543257278
[C][C][Branch1][Branch2][C][C][C][C][C][Ring1][=Branch1][O][C][=Branch1][C][=O][C][=C],0.1133849972871267
[C][C][C][C][C][C][C][C][C][C][C][Branch1][C][C][O][C][=Branch1][C][=O][C][=C],0.20399922052172959
[C][=C][C][=Branch1][C][=O][O][C][=C][C][=C][Branch1][Branch1][C][=C][Ring1][=Branch1][/C][=C][/C][=Branch1][C][=O][C][=C][C][=C][C][=C][C][=C][C][=C][Ring1][=Branch1][C][Ring1][#Branch2][=C][Branch1][Branch1][C][=C][Ring1][=Branch1][C][=C][Ring1][S],0.5701010046550473
[C][=C][C][=Branch1][C][=O][O][C][C][O][C][C][C][S][=Branch1][C][=O][=Branch1][C][=O][O-1],0.20353232445606645
[C][=C][C][=Branch1][C][=O][O][C][C][C][C][C][C][S][=Branch1][C][=O][=Branch1][C][=O][O],0.14330206210708116
[C][=C][C][=Branch1][C][=O][O][C][=C][Branch1][=Branch1][C][=C][O][Ring1][Branch1][N+1][=Branch1][C][=O][O-1],0.09788857815463836
[C][=C][C][=C][Branch1][N][C][=C][C][=C][C][=C][Ring1][=Branch1][O][Ring1][=Branch2][O][C][=Branch1][C][=O][C][=C],0.20393392661065984
[C][=C][C][=Branch1][C][=O][O][O][P][=Branch1][C][=O][Branch1][C][O][O],0.05210129816074343
[C][=C][C][=Branch1][C][=O][O][C][C][=C][C][=C][Branch1][Branch1][C][=C][Ring1][=Branch1][C][=Branch1][C][=O][C][=C][C][=C][C][=C][Ring1][=Branch1],0.24630052244984235
[C][=C][C][=Branch1][C][=O][O][C][=C][Branch2][Ring1][Ring1][C][=C][Branch1][#Branch2][C][=C][Ring1][=Branch1][N+1][=Branch1][C][=O][O-1][N+1][=Branch1][C][=O][O-1][N+1][=Branch1][C][=O][O-1],0.18480164457739284
[C][=C][C][=Branch1][C][=O][O][C][C][C][C][Branch2][Branch1][#Branch1][C][Branch2][Ring2][#C][C][Branch2][Ring2][#Branch1][C][Branch2][Ring1][#C][C][Branch2][Ring1][#Branch1][C][Branch1][S][C][Branch1][=Branch2][C][Branch1][C][F][Branch1][C][F][F][Branch1][C][F][F][Branch1][C][F][F][Branch1][C][F][F][Branch1][C][F][F][Branch1][C][F][F][Branch1][C][F][F][Branch1][C][F][F],0.19714158787355446
[C][=C][C][=Branch1][C][=O][O][C][C][C][N][Branch1][Branch1][C][C][Ring1][=Branch1][C][=C][Branch2][Ring2][#Branch2][C][=Branch2][Ring2][Branch1][=C][Branch1][=Branch2][C][=Branch1][Branch1][=C][Ring1][=Branch1][F][F][C][C][C][=Branch1][=N][=N][N][Ring1][Branch1][C][=C][C][=C][C][=C][Ring1][=Branch1][C][=C][C][=C][C][=C][Ring1][=Branch1][F][F],0.5904724023461486
[C][C][O][C][C][C][O][C][=Branch1][C][=O][C][=C],0.08939585242171946
[C][=C][C][=Branch1][C][=O][O][C][C][O][C][=Branch1][C][=O][C][=C][C][=C][C][=C][Ring1][=Branch1][C][=Branch1][C][=O][O],0.18275183546770382
[C][C][=Branch1][#Branch2][=C][C][O][C][=Branch1][C][=O][C][=C][Cl],0.0877425828793531
[C][C][C][C][O][C][=Branch1][C][=O][C][=C][C][=C][Branch1][Branch1][C][=C][Ring1][=Branch1][O][C][=Branch1][C][=O][C][=C],0.21101910762574094
[C][/C][=C][/O][C][C][C][O][C][=Branch1][C][=O][C][=C],0.11266934093312345
[C][=C][C][=Branch1][C][=O][O][C][C][C][Branch2][#Branch1][#C][C][Branch2][#Branch1][#Branch1][C][Branch2][=Branch1][#C][C][Branch2][=Branch1][#Branch1][C][Branch2][Branch1][#C][C][Branch2][Branch1][#Branch1][C][Branch2][Ring2][#C][C][Branch2][Ring2][#Branch1][C][Branch2][Ring1][#C][C][Branch2][Ring1][#Branch1][C][Branch1][=Branch2][C][Branch1][C][F][Branch1][C][F][F][Branch1][=Branch2][C][Branch1][C][F][Branch1][C][F][F][F][Branch1][C][F][F][Branch1][C][F][F][Branch1][C][F][F][Branch1][C][F][F][Branch1][C][F][F][Branch1][C][F][F][Branch1][C][F][F][Branch1][C][F][F][Branch1][C][F][F][Branch1][C][F][F],0.27848105116038935
[C][=C][C][=Branch1][C][=O][O][C][C][O][C][C][O][C][C][O][C][C][N][=N+1][=N-1],0.16972308878907424
[C][C][C][Branch1][=Branch1][C][O][C][Ring1][Ring2][C][O][C][=Branch1][C][=O][C][=C],0.10172020717073524
[C][C][C][C][C][C][C][C][C][Branch1][=Branch2][C][C][C][C][C][C][C][C][O][C][=Branch1][C][=O][C][=C],0.28157231396691335
[C][=C][C][=Branch1][C][=O][O][C][C][C][Branch2][=Branch2][#Branch1][C][Branch2][Branch2][#C][C][Branch2][Branch2][#Branch1][C][Branch2][#Branch1][#C][C][Branch2][#Branch1][#Branch1][C][Branch2][=Branch1][#C][C][Branch2][=Branch1][#Branch1][C][Branch2][Branch1][#C][C][Branch2][Branch1][#Branch1][C][Branch2][Ring2][#C][C][Branch2][Ring2][#Branch1][C][Branch2][Ring1][#C][C][Branch2][Ring1][#Branch1][C][Branch1][S][C][Branch1][=Branch2][C][Branch1][C][F][Branch1][C][F][F][Branch1][C][F][F][Branch1][C][F][F][Branch1][C][F][F][Branch1][C][F][F][Branch1][C][F][F][Branch1][C][F][F][Branch1][C][F][F][Branch1][C][F][F][Branch1][C][F][F][Branch1][C][F][F][Branch1][C][F][F][Branch1][C][F][F][Branch1][C][F][F][Branch1][C][F][F][Branch1][C][F][F],0.3360027143510393
[C][C][C][C][C][C][=C][C][=C][Branch1][Branch1][C][=C][Ring1][=Branch1][O][C][=Branch1][C][=O][C][=C],0.1992806711007183
[C][C][C][C][C][C][C][Branch1][Branch1][C][C][C][C][C][O][C][=Branch1][C][=O][C][=C],0.1976909815021164
[C][C][=C][C][=Branch2][Ring1][Ring1][=C][Branch1][#C][C][=Branch1][Ring2][=C][Ring1][=Branch1][C][Branch1][C][C][Branch1][C][C][C][O][C][C][=C][Branch2][Ring1][Ring2][C][=Branch1][=Branch2][=C][C][=Branch1][Ring2][=C][Ring1][=Branch1][C][C][Branch1][C][C][Branch1][C][C][C][O][C][=Branch1][C][=O][C][=C],0.41232915354573774
[C][=C][C][=Branch1][C][=O][O][C][Branch1][C][Cl][Cl],0.04752480571508109
[C][C][C][Branch1][C][C][C][O][C][=Branch1][C][=O][C][=C],0.0833173609459022
[C][C][C][C][O][C][C][O][C][=Branch1][C][=O][C][=C],0.10624048976920053
[C][=C][C][=Branch1][C][=O][O][C][C][Branch1][P][C][O][C][=C][Branch1][#Branch2][C][=C][Branch1][Branch1][C][=C][Ring1][=Branch1][Br][Br][O],0.21527251064551772
[C][=C][C][C][C][C][C][C][C][C][C][O][C][=Branch1][C][=O][C][=C],0.18125080918732628
[C][=C][C][=Branch1][C][=O][O][C][=C][C][=C][C][=C][C][=C][Ring1][=Branch1][C][=C][Ring1][#Branch2],0.18464936150129527
[C][=C][C][=Branch1][C][=C][C][C][O][C][=Branch1][C][=O][C][=C],0.10670763989086227
[C][C][C][C][C][C][C][C][C][C][C][C][C][C][C][C][=C][C][=Branch1][=Branch1][=C][C][=C][Ring1][=Branch1][O][C][=Branch1][C][=O][C][=C],0.34599490713816544
[C][C][Branch1][P][C][O][C][=Branch1][C][=O][C@@H1][Ring1][=Branch1][O][C][=Branch1][C][=O][C][=C][C],0.10683141621131703
[C][O][C][=C][Branch2][Ring1][C][C][=C][C][=Branch1][O][=C][Ring1][=Branch1][O][C][=Branch1][C][=O][C][=C][C][=O][O],0.1672988661055899
[C][C][=C][C][=C][Branch1][=Branch1][C][=C][Ring1][=Branch1][C][N][Branch2][Ring1][O][C][=N][C][=Branch1][C][=O][N][Branch1][O][C][=Branch1][C][=O][C][Ring1][Branch2][=N][Ring1][#C][O][C][=Branch1][C][=O][C][=C][C][C][Branch1][O][C][Branch1][#Branch1][C][Branch1][Ring1][C][O][O][O][O],0.44287376925397776
[C][C][O][C][=Branch1][C][=O][C][O][C][=Branch1][C][=O][C][=C],0.07587009919965804
[C][=C][C][=Branch1][C][=O][O][C][=C][C][=C][C][=Branch1][Ring2][=C][Ring1][=Branch1][N+1][=Branch1][C][=O][O-1],0.1334117813448967
[C][=C][C][=Branch1][C][=O][O][C][C][N][=C][=S],0.0870938829624944
[C][O][C][=C][Branch1][O][C][=C][C][=Branch1][Ring2][=C][Ring1][=Branch1][C][=O][O][C][=Branch1][C][=O][C][=C],0.1611090209004047
[C][=C][C][=Branch1][C][=O][O][C][=C][O][C][=C][C][=C][C][=C][Ring1][=Branch1][C][Ring1][#Branch2][=O],0.1743576426416866
[C][#C][C][O][C][=Branch1][C][=O][C][=C],0.04450945199423701
[C][=C][C][=Branch1][C][=O][O][C][C][C][C][C][C][C][C][C][C][C][C][C][C][S][=Branch1][C][=O][=Branch1][C][=O][O],0.2729104956166751
[C][=C][C][=Branch1][C][=O][O][C][C][Branch2][Branch1][#Branch1][C][Branch2][Ring2][#C][C][Branch2][Ring2][#Branch1][C][Branch2][Ring1][#C][C][Branch2][Ring1][#Branch1][C][Branch1][S][C][Branch1][=Branch2][C][Branch1][C][F][Branch1][C][F][F][Branch1][C][F][F][Branch1][C][F][F][Branch1][C][F][F][Branch1][C][F][F][Branch1][C][F][F][Branch1][C][F][F][Branch1][C][F][F],0.16427613824509768
[C][=C][C][=Branch1][C][=O][O][C][Branch2][Ring2][=Branch1][C][Branch2][Ring1][=C][C][Branch2][Ring1][=Branch1][C][Branch1][#C][C][Branch1][Branch2][C][Ring1][=Branch1][Branch1][C][F][F][Branch1][C][F][F][Branch1][C][F][F][Branch1][C][F][F][Branch1][C][F][F][C][Branch1][C][F][Branch1][C][F][F],0.12703686873783493
[C][=C][C][=Branch1][C][=O][O][C][C][=C][C][=Branch1][=Branch2][=C][Branch1][Branch1][C][=C][Ring1][=Branch1][Cl][Cl],0.1500966316554024
[C][=C][C][=Branch1][C][=O][O][C][Branch1][C][C][C],0.05216639223330068
[C][C][Branch1][C][C][C][O][C][Branch1][C][C][O][C][=Branch1][C][=O][C][=C],0.10570196752055408
[C][C][=C][Branch2][Ring1][O][C][=C][Branch1][Branch1][C][=C][Ring1][=Branch1][N][C][=Branch1][C][=O][O][C][Branch1][C][C][C][O][C][=Branch1][C][=O][C][=C][N][C][=Branch1][C][=O][O][C][Branch1][C][C][C][O][C][=Branch1][C][=O][C][=C],0.375864243124435
[C][=C][C][=Branch1][C][=O][O][C][=C][C][=C][Branch1][Branch1][C][=C][Ring1][=Branch1][N+1][=Branch1][C][=O][O-1],0.13369278765376816
[C][=C][C][=Branch1][C][=O][O][C][=C][C][=C][C][=C][C][=C][Ring1][=Branch1][N][Ring1][=Branch2],0.16661319066424576
[C][=C][C][=Branch1][C][=O][O][C][=C][Branch1][=N][C][=C][C][=C][C][=C][Ring1][=Branch1][C][=C][Ring1][#Branch2][C][=C][C][=C][C][=C][Ring1][=Branch1],0.30198174484415535
[C][=C][C][=Branch1][C][=O][O][C][C][Branch1][C][C][C],0.06855967666352317
[C][C][Branch1][C][C][Branch1][C][C][O][C][=Branch1][C][=O][C][C][O][C][C][O][C][C][O][C][C][O][C][C][O][C][=Branch1][C][=O][C][=C],0.27244888177547355
[C][C][Branch2][Ring2][N][C][C][C][C][Ring1][Branch1][Branch2][Ring2][C][C][Branch2][Ring1][#Branch1][C][Ring1][=Branch1][C][Branch1][=Branch2][C][=C][C][=C][C][=C][Ring1][=Branch1][C][=C][C][=C][C][=C][Ring1][=Branch1][O][C][=Branch1][C][=O][C][=C][C][C],0.36620574715777277
[C][C][O][O][C][=Branch1][C][=O][C][=C],0.04852086936114421
[C][O][C][C][O][C][C][O][C][C][O][C][C][O][C][C][O][C][C][O][C][C][O][C][C][O][C][C][O][C][C][O][C][=Branch1][C][=O][C][=C],0.4018405287704647
[C][C][Branch1][C][C][Branch1][C][C][C][=C][C][=Branch1][#C][=C][C][=Branch1][Ring2][=C][Ring1][=Branch1][O][C][=Branch1][C][=O][C][=C][C][Branch1][C][C][Branch1][C][C][C],0.24623502724403817
[C][=C][C][=Branch1][C][=O][O][C][C][C][C][C][C][Ring1][=Branch1][Branch1][C][C][C][Ring1][=Branch1][Branch1][C][C][C],0.16089542223702896
[C][=C][C][=Branch1][C][=O][O][C][C][S],0.0552196137775764
[C][=C][C][=Branch1][C][=O][O][C][=C][C][=Branch1][C][=O][C][=C][C][=C][C][=C][Ring1][=Branch1][O][Ring1][O],0.17219003234828797
[C][=C][C][=Branch1][C][=O][O][C][C][C][C][C][C][Branch1][Ring2][C][Ring1][=Branch1][C][C][Ring1][=Branch2][C][Ring1][#Branch1],0.15939355072804987
[C][=C][C][=Branch1][C][=O][O][C][=C][Branch2][Ring2][#Branch1][C][=C][Branch1][S][C][=C][Ring1][=Branch1][S][C][=C][C][=C][C][=C][Ring1][=Branch1][Ring1][=Branch2][C][=C][C][=C][C][=C][Ring1][=Branch1][S][C][=C][C][=C][C][=C][Ring1][=Branch2][Ring1][=Branch1][C][=C][C][=C][C][=C][Ring1][=Branch1][S][C][=C][C][=C][C][=C][Ring1][=Branch2][Ring1][=Branch1],0.7858436142317017
[C][C][=Branch1][C][=O][C][C][=Branch1][C][=O][O][C][C][O][C][=Branch1][C][=O][C][=C],0.11255388159701954
[C][=C][C][=Branch1][C][=O][O][C][C][C][C][C][C][Ring1][=Branch1][O],0.10443198443722235
[C][=C][C][=Branch1][C][=O][O][C][C][C][O][C][Branch1][Ring2][O][Ring1][Branch1][C][=C][C][=C][Branch1][Branch1][C][=C][Ring1][=Branch1][Cl],0.184548857060945
[C][=C][C][=Branch1][C][=O][O][C][C@@H1][C][C@H1][C][C@@H1][Ring1][Branch1][C][=C][Ring1][Branch1],0.11850788134337795
[C][=C][C][=Branch1][C][=O][O][C][C][S][S][C][=C][C][=C][C][=N][Ring1][=Branch1],0.18138813300474946
[C][=C][C][=Branch1][C][=O][O][C][C][C][C][C][Branch1][Ring2][C][Ring1][=Branch1][C][C][Branch1][Ring2][C][Ring1][#Branch1][Branch1][Ring2][C][Ring1][#Branch2][O],0.15907136175419093
[C][C][C][C][C][C][C][C][=C][C][=C][Branch1][Branch1][C][=C][Ring1][=Branch1][O][C][=Branch1][C][=O][C][=C],0.2250278868821285
[C][C][C][C][C][=Branch1][C][=O][O][C][=Branch1][C][=O][C][=C],0.08803600743192883
[C][=C][C][=Branch1][C][=O][O][C][C][C][C][C][O],0.0888263994827102
[C][N][Branch1][C][C][C][Branch2][Ring1][Branch1][C][C][C][=Branch1][C][=O][C][Branch1][Ring2][C][Ring1][#Branch1][C][O][C][=Branch1][C][=O][C][=C][C][=C][C][=C][C][=C][Ring1][=Branch1],0.25892329915956525
[C][C][Branch1][C][C][C][C][C][C][O][C][=Branch1][C][=O][C][=C],0.11877781687052485
[C][=C][C][=Branch1][C][=O][O][C][=C][C][=C][Branch1][Branch1][C][=C][Ring1][=Branch1][C][=Branch1][C][=O][C][=C][C][=C][C][=C][Ring1][=Branch1],0.24877908836609225
[C][=C][C][=Branch1][C][=O][O][C][Branch1][C][O][Branch1][C][O][C][Branch1][C][C][O],0.06518444671365409
[C][=C][C][=Branch1][C][=O][O][C][C][S][C][=C][C][=C][C][=C][Ring1][=Branch1],0.1530627587426496
[C][C][=Branch1][C][=O][O][C@H1][C][C][C@][Branch2][Ring2][N][C@@H1][Branch1][Ring2][C][Ring1][=Branch1][C][C][C@@H1][C@@H1][Ring1][#Branch1][C][C][C@][Branch2][Ring1][=Branch2][C@@][Ring1][=Branch1][Branch2][Ring1][C][C][C][C@H1][Ring1][Branch1][C][=Branch1][C][=O][C][O][C][=Branch1][C][=O][C][=C][O][C][C],0.38152880515442833
[C][C][=C][C][=Branch2][Branch1][Branch2][=C][Branch1][Branch1][C][=C][Ring1][=Branch1][N][Branch2][Ring1][=C][C][=C][C][=C][Branch1][Branch1][C][=C][Ring1][=Branch1][C][=C][C][=C][Branch1][Branch1][C][=C][Ring1][=Branch1][C][C][O][C][=Branch1][C][=O][C][=C][C][=C][Branch1][O][C][=C][Branch1][=Branch1][C][=C][Ring1][=Branch1][C][C][C][C],0.6579691240762047
[C][=C][C][=Branch1][C][=O][O][C][=C][Branch1][=C][O][C][=C][C][=C][C][=C][Ring1][=Branch1][C][Ring1][#Branch2][=O][C][=C][C][=C][C][=C][Ring1][=Branch1],0.3028221137733322
[C][C][Branch1][P][O][C][C][Branch1][Ring2][O][Ring1][Branch1][C][O][C][=Branch1][C][=O][C][=C][C],0.10955543702219964
[C][=C][C][=Branch1][C][=O][O][C][C][C][C][C][Ring1][Ring1][=C],0.10139224671948827
[2H][C][Branch1][C][2H][Branch1][C][2H][C][Branch1][=Branch2][C][Branch1][C][2H][Branch1][C][2H][2H][Branch1][=Branch2][C][Branch1][C][2H][Branch1][C][2H][2H][O][C][=Branch1][C][=O][C][=C],0.06831942286719417
[C][C][Branch1][C][C][Branch1][C][C][C][Branch1][=Branch1][O][C][C][C][#N][O][C][=Branch1][C][=O][C][=C],0.14108710481035422
[C][C][C][C][C][O][C][=Branch1][C][=O][C][=C],0.08501339951856043
[C][=C][C][=Branch1][C][=O][O][C],0.01854798652582964
[C][=C][C][=Branch1][C][=O][O][C][C][Branch2][Ring2][Branch2][C][C][Branch2][Ring1][#C][C][Branch2][Ring1][#Branch1][C][Branch1][=Branch2][C][Branch1][C][F][Branch1][C][F][F][Branch1][=Branch2][C][Branch1][C][F][Branch1][C][F][F][F][Branch1][C][F][F][Branch1][C][F][F][O],0.14486509538842732
[C][=C][C][=Branch1][C][=O][O][C][=C][C][=C][C][=C][Ring1][=Branch1][C][C][=C][C][=C][C][=C][Ring1][=Branch1][Ring1][=Branch2],0.23920073304150313
[C][N][Branch1][N][C][C][C][C][O][C][=Branch1][C][=O][C][=C][S][=Branch1][C][=O][=Branch1][C][=O][C][Branch2][Ring2][#C][C][Branch2][Ring2][#Branch1][C][Branch2][Ring1][#C][C][Branch2][Ring1][#Branch1][C][Branch1][S][C][Branch1][=Branch2][C][Branch1][C][F][Branch1][C][F][F][Branch1][C][F][F][Branch1][C][F][F][Branch1][C][F][F][Branch1][C][F][F][Branch1][C][F][F][Branch1][C][F][F],0.27097095334710525
[C][C][=Branch1][#Branch2][=C][C][O][C][=Branch1][C][=O][C][=C][C],0.09308287062438686
[C][C][C][C][C][C][C][C][C][C][C][C][C][C][C][C][C][C][C][C][C][C][C][C][O][C][=Branch1][C][=O][C][=C],0.3886777526448354
[C][C][C][C][C][=Branch1][C][=O][C][C][Ring1][#Branch1][C][C][C][C][Ring1][O][C][C][C][Branch1][S][C][Ring1][=Branch1][C][C][C][Ring1][Branch1][O][C][=Branch1][C][=O][C][=C][C],0.30198971761235455
[C][C][Branch1][Ring1][C][O][O][C][=Branch1][C][=O][C][=C],0.05702603225396411
[C][=C][C][=Branch1][C][=O][O][C][C][N][Branch1][#Branch2][C][C][O][C][=Branch1][C][=O][C][=C][C][=O],0.1555151093251031
[C][C][Branch1][C][C][Branch1][C][C][O][C][=Branch1][C][=O][C][C][O][C][C][O][C][C][O][C][=Branch1][C][=O][C][=C],0.1997337889025207
[C][/C][=C][\C][C][O][C][=Branch1][C][=O][C][=C],0.08771674108227026
[C][C][=C][C][=C][C][=C][Ring1][=Branch1][N][C][C][=C][Branch1][S][C][=C][C][=Branch1][Ring2][=C][Ring1][=Branch1][O][C][=Branch1][C][=O][C][=C][O][C][Ring1][#C],0.2861563595953898
[C][=C][C][=Branch1][C][=O][O][C][=C][C][=C][Branch1][Branch1][C][=C][Ring1][=Branch1][C][=C][Branch1][#Branch2][C][=Branch1][=Branch1][=C][C][=C][Ring1][=Branch1][F][F],0.24049489394210166
[C][=C][C][=Branch1][C][=O][O][C][C][Branch1][Ring1][C][Cl][Cl],0.07872273461476684
[C][C][C][C][C][C][C][C][C][C][C][C][C][C][Branch1][C][C][C][O][C][=Branch1][C][=O][C][=C],0.26423011836939714
[C][=C][C][=Branch1][C][=O][O][C][C][C][C][C][C][O][C][=C][C][=C][Branch1][Branch1][C][=C][Ring1][=Branch1][O],0.21551600760280798
[C][N][Branch1][O][C][C][C][O][C][=Branch1][C][=O][C][=C][C][=C][C][=C][C][=C][Ring1][=Branch1],0.18039836763086808
[C][=C][C][=Branch1][C][=O][O][C][=C][Branch1][=N][C][=C][C][=C][C][=C][Ring1][=Branch1][C][=C][Ring1][#Branch2][C][=C][C][=C][C][=C][C][=C][C][=C][Ring1][=Branch1][Ring1][#Branch2],0.37580388216240523
[C][=C][C][=Branch1][C][=O][O][C][C][N][C][=C][N][=C][Ring1][Branch1],0.09199716452357584
[C][=C][C][=Branch1][C][=O][O][C][Branch1][#Branch1][C][C][C][C][Ring1][Branch1][C][C][C][C][C][C][Ring1][=Branch1][O][Ring1][Branch1],0.17258436724046247
[C][=C][C][=Branch1][C][=O][O][C][C][C][C][C][Ring1][Branch1][C][C][Ring1][Branch1][C][=C][C][Ring1][Branch1],0.15593756521673802
[C][C][O][P][=Branch1][C][=O][Branch2][Ring1][Ring1][C][C][C][C][C][C][C][C][C][C][C][O][C][=Branch1][C][=O][C][=C][O][C][C],0.28876915019475907
[C][C][Branch1][C][C][O][C][=Branch1][C][=O][C][=C],0.0521655948193785
[C][C][Branch1][C][C][C][C][C][C][Branch1][C][C][C][C][Branch1][C][O][O][C][=Branch1][C][=O][C][=C],0.17076552285765903
[C][C][C][Branch1][=Branch2][C][O][C][=Branch1][C][=O][C][=C][C][#N],0.08710180982630597
[C][C][=Branch1][C][=O][O][C][C][C][C][O][C][=Branch1][C][=O][C][=C],0.10538201974027456
[C][C][C][C][C][C][C][C][C][C][C][C][C][C][Branch1][C][C][O][C][=Branch1][C][=O][C][=C],0.2516059019689945
[C][=C][C][=Branch1][C][=O][O][C][C][O][C][C][O],0.07830097206017139
[C][C][Branch1][#Branch2][C][C][O][C][=Branch1][C][=O][C][=C][C][C][Branch1][C][C][Branch1][C][C][C],0.14815155505653357
[C][C][Branch1][#Branch2][C][C][O][C][=Branch1][C][=O][C][=C][O][C],0.09187853502890184
[C][=C][C][=Branch1][C][=O][O][C][C][C][C][Branch1][Branch1][C][C][Ring1][=Branch1][C][C][C][C][=Branch1][Branch1][=C][C][Ring1][=Branch1][C][=C][Branch1][#Branch2][C][=Branch1][=Branch1][=C][C][=C][Ring1][=Branch1][F][F],0.3227551022073378
[C][C][C][Branch1][C][O][O][C][=Branch1][C][=O][C][=C],0.05569358290851272
[C][=C][C][=Branch1][C][=O][O][C][C][O][C][=Branch1][C][=O][Cl],0.07197181053804286
[C][=C][C][=Branch1][C][=O][O][C][Branch1][=C][C][S][C][C][S][C][=C][C][=C][C][=C][Ring1][=Branch1][C][S][C][C][S][C][=C][C][=C][C][=C][Ring1][=Branch1],0.41420045335406275
[C][=C][C][=Branch1][C][=O][O][C][C][O][S][=Branch1][C][=O][=Branch1][C][=O][C][=C][C][=C][Branch1][C][C][C][=C][Ring1][#Branch1],0.19408901856318694
[C][=C][C][=Branch1][C][=O][O][C][C][C][C][C][C][C][Branch1][Ring2][C][Ring1][Branch1][C][Ring1][#Branch1][C][Ring1][#Branch2],0.15985558798142213
[C][C][C][C][Branch1][C][C][C][O][C][=Branch1][C][=O][C][=C],0.10100394430826032
[C][=C][C][=Branch1][C][=O][O][C][=C][Branch1][P][C][=Branch1][=N][=C][Branch1][=Branch2][C][=Branch1][Branch1][=C][Ring1][=Branch1][Cl][Cl][Cl][Cl][Cl],0.21152284617086303
[C][=C][C][=Branch1][C][=O][O][C][C][C][C][C][Ring1][Branch1][C][C][Ring1][Branch1][C][C][C][Ring1][Branch1],0.15591121254426368
[C][C][Branch1][Ring1][C][O][Branch1][Ring1][C][O][C][O][C][=Branch1][C][=O][C][=C],0.09232325748195752
[C][C][N][Branch1][#Branch2][C][C][O][C][=Branch1][C][=O][C][=C][C][=C][C][=C][Branch1][Branch1][C][=C][Ring1][=Branch1][N][=N][C][=C][Branch1][=C][C][=C][Branch1][Branch1][C][=C][Ring1][=Branch1][N+1][=Branch1][C][=O][O-1][Cl],0.41939789772742947
[C][=C][C][=Branch1][C][=O][O][C][C][O][C][O][C][C][C][O][Ring1][=Branch1],0.10941292153904392
[C][=C][C][=Branch1][C][=O][O][C][=C][Branch1][P][C][=Branch1][=N][=C][Branch1][=Branch2][C][=Branch1][Branch1][=C][Ring1][=Branch1][F][F][F][F][F],0.1145542866138688
[C][=C][C][=Branch1][C][=O][O][C][C][C][=C][C][=C][Branch1][Branch1][C][=C][Ring1][=Branch1][O][C][=C][C][=Branch1][=Branch1][=C][C][=C][Ring1][=Branch1][O][C][=C][C][=C][Branch1][Branch1][C][=C][Ring1][=Branch1][O][C][=C][C][=C][C][=C][Ring1][=Branch1],0.4832213676682765
[C][=C][C][=Branch1][C][=O][O][C][C][C][Branch2][Ring1][#Branch1][C][Branch1][S][C][Branch1][=Branch2][C][Branch1][C][F][Branch1][C][F][F][Branch1][C][F][F][Branch1][C][F][F][Branch1][C][F][F],0.10942218560514558
[C][=C][C][=Branch1][C][=O][O][C][C][C][C][C][Branch2][Ring2][#Branch1][C][Branch2][Ring1][#C][C][Branch2][Ring1][#Branch1][C][Branch1][S][C][Branch1][=Branch2][C][Branch1][C][F][Branch1][C][F][F][Branch1][C][F][F][Branch1][C][F][F][Branch1][C][F][F][Branch1][C][F][F][Branch1][C][F][F],0.17372995033403718
[C][C][Branch1][C][C][Branch1][=Branch2][C][=C][C][=C][C][=C][Ring1][=Branch1][C][=C][C][=C][C][=C][Ring1][=Branch1][O][C][=Branch1][C][=O][C][=C],0.24864679965724917
[C][=C][C][=Branch1][C][=O][O][C][C][=C][C][=C][C][=C][Ring1][=Branch1][N+1][=Branch1][C][=O][O-1],0.13499718185872997
[C][=C][C][=Branch1][C][=O][O][C][C][C][C][C][C][C][C][F],0.13252302407145614
[C][C][=Branch2][=Branch1][S][=C][C][C][C][=Branch2][=Branch1][Branch2][=C][C][C][C][=Branch2][Branch1][S][=C][C][C][C][=Branch2][Branch1][Branch2][=C][C][C][C][=Branch2][Ring2][S][=C][C][C][C][=Branch2][Ring2][Branch2][=C][C][C][C][=Branch2][Ring1][S][=C][C][C][C][=Branch2][Ring1][Branch2][=C][C][C][C][=Branch1][P][=C][C][C][C][=Branch1][#Branch2][=C][C][O][C][=Branch1][C][=O][C][=C][C][C][C][C][C][C][C][C][C][C],0.8782753572734149
[C][C][=C][C][=Branch1][#Branch2][=C][Branch1][=Branch1][C][=C][Ring1][=Branch1][C][I][N][C][=C][C][=C][C][=Branch1][Ring2][=C][Ring1][=Branch1][C][O][C][=Branch1][C][=O][C][=C],0.33435827980132443
[C][O][C][C][O][C][C][O][C][C][O][C][C][O][C][C][O][C][C][O][C][C][O][C][=Branch1][C][=O][C][=C],0.2864722211818321
[C][C][Branch1][C][C][Branch1][C][C][N][C][C][O][C][=Branch1][C][=O][C][=C],0.10724747865698275
[C][=C][C][=Branch1][C][=O][O][C][C][Branch2][Ring1][Ring1][C][=Branch1][C][=O][C][Branch1][Branch1][C][Ring1][=Branch1][=O][C][C][C][C][C][Ring1][Branch2][O],0.17384993515455094
[C][=C][C][=Branch1][C][=O][O][C@H1][C][C@@H1][Branch1][C][C][C][C][C@@H1][Ring1][#Branch1][C][Branch1][C][C][C],0.1663231991251364
[C][=C][C][=Branch1][C][=O][O][N],0.010346447133293989
[C][=C][C][=Branch1][C][=O][O][C][C][Branch1][=Branch2][O][C][=C][C][C][C][Ring1][Branch1][O][C][=C][C][C][C][Ring1][Branch1],0.2135253861761246
[C][C][Branch1][Ring1][C][#N][O][C][=Branch1][C][=O][C][=C],0.05326702496655785
[C][=C][C][=Branch1][C][=O][O][C][C][C][C][C][C][C][C][C][C][C][O][C][=C][C][=C][Branch1][Branch1][C][=C][Ring1][=Branch1][C][=C][C][=C][Branch1][Branch1][C][=C][Ring1][=Branch1][C][#N],0.4604762785465696
[C][C][Branch1][C][C][Branch1][C][C][C][=C][C][=Branch2][Ring1][Branch2][=C][C][=Branch1][N][=C][Ring1][=Branch1][C][O][C][=Branch1][C][=O][C][=C][C][Branch1][C][C][Branch1][C][C][C][O],0.2684532923242707
[C][C][Branch1][P][C][O][C][=Branch1][C][=O][C@H1][Ring1][=Branch1][O][C][=Branch1][C][=O][C][=C][C],0.1043411347072439
[C][C][C][C][C][C][C][Branch1][C][C][O][C][=Branch1][C][=O][C][=C],0.13358940867183394
[C][=C][C][=Branch1][C][=O][O][C][C][C][=Branch1][C][=O][O-1],0.11453627566898458
[C][C][O][C][=Branch1][C][=O][C][C][O][C][=Branch1][C][=O][C][=C],0.09128170219031323
[C][=C][C][=Branch1][C][=O][O][C][Branch1][Ring1][C][C][N+1][=Branch1][C][=O][O-1],0.07448435205213724
[C][C][Branch1][C][C][Branch1][=Branch2][C][O][C][=Branch1][C][=O][C][=C][C][O][C][=Branch1][C][=O][C][=C][C][=C][C][=C][Ring1][=Branch1],0.21239762063331602
[C][C][C][C][C][C][C][O][C][=Branch1][C][=O][C][=C],0.11670035409223592
[C][C][=C][C][=C][C][=C][Ring1][=Branch1][O][C][=Branch1][C][=O][C][=C],0.121622082860185
[C][C][C][C][C][C][C][C][C][C][C][C][C][C][C][C][C][C][C][C][C][C][C][C][C][C][C][C][C][C][C][C][C][C][O][C][=Branch1][C][=O][C][=C],0.560639709135708
[C][=C][C][=Branch1][C][=O][O][C][=C][C][=N][N][Ring1][Branch1],0.06605390655966634
[C][C][=C][C][=Branch1][C][=O][N][C][=Branch1][Ring2][=N][Ring1][#Branch1][N][C][=Branch1][C][=O][N][C][C][C][C][C][C][N][C][=Branch1][C][=O][O][C][C][O][C][=Branch1][C][=O][C][=C],0.32990641192815007
[C][=C][C][=Branch1][C][=O][O][N][C][=C][C][=N][Ring1][Branch1],0.06953341419420181
[C][C][N][C][=C][C][=C][C][=C][Ring1][=Branch1][C][=C][Ring1][=Branch2][C][=C][Branch1][Branch1][C][=C][Ring1][=Branch1][C][O][C][=Branch1][C][=O][C][=C],0.2965078630860076
[C][=C][C][=Branch1][C][=O][O][C][Branch1][O][C][C][C][=C][C][=C][C][=C][Ring1][=Branch1][C][C][C][=C][C][=C][C][=C][Ring1][=Branch1],0.2620173676058153
[C][=C][C][=Branch1][C][=O][O][C][Branch1][=Branch2][C][=C][C][=C][C][=C][Ring1][=Branch1][C][=Branch1][C][=O][C][=C][C][=C][C][=C][Ring1][=Branch1],0.23522271430363317
[C][=C][C][=Branch1][C][=O][O][C][Br],0.03923585884489863
[C][=C][C][=Branch1][C][=O][O][C][=C][C][=C][Branch1][Branch1][C][=C][Ring1][=Branch1][N][C][=Branch1][C][=O][C][=C][Branch1][Branch1][C][Ring1][=Branch1][=O][C][=Branch1][=Branch1][=C][C][=C][Ring1][Branch2][N+1][=Branch1][C][=O][O-1],0.3226578954118704
[C][=C][C][=Branch1][C][=O][O][C][C][Branch1][Ring1][C][O][O],0.060118801265422274
[C][C][Branch1][C][C][C][Branch1][#Branch1][C][C][C][C][Ring1][Branch1][O][C][=Branch1][C][=O][C][=C],0.13067927300807866
[C][C][C][C][C][C][Branch1][=Branch1][C][C][C][C][C][O][C][=Branch1][C][=O][C][=C],0.1796702625896005
[C][C][C][C][C][C][O][C][C][O][C][=Branch1][C][=O][C][=C],0.1322695041662793
[C][C][=C][C][=C][Branch1][Branch1][C][=C][Ring1][=Branch1][N][=N][C][=C][C][=Branch2][Ring1][C][=C][Branch1][Branch2][C][=Branch1][Ring2][=C][Ring1][=Branch1][C][O][C][=Branch1][C][=O][C][=C][C],0.30543621945445365
[C][C][C][C][C][Branch1][Branch1][C][C][Ring1][=Branch1][C][Branch1][C][C][Branch1][C][C][O][C][=Branch1][C][=O][C][=C],0.163838019164509
[C][=C][C][=Branch1][C][=O][O][C][=C][C][=C][C][=C][Ring1][=Branch1][C][=Branch2][Ring1][Ring2][=C][Branch1][=Branch2][C][=C][C][=C][C][=C][Ring1][=Branch1][C][=C][C][=C][C][=C][Ring1][=Branch1][C][=C][C][=C][C][=C][Ring1][=Branch1],0.487455537094987
[C][O][C][=Branch1][C][=O][C][Branch2][Ring1][P][C][Branch1][#Branch2][C][Ring1][Ring1][Branch1][Ring1][C][#N][C][#N][C][=C][C][=C][Branch1][Branch1][C][=C][Ring1][=Branch1][O][C][C][O][C][=Branch1][C][=O][C][=C][C][#N],0.3096591844830883
[C][N][Branch1][#Branch2][C][C][O][C][=Branch1][C][=O][C][=C][S][=Branch1][C][=O][=Branch1][C][=O][C][Branch2][Ring1][#C][C][Branch2][Ring1][#Branch1][C][Branch1][S][C][Branch1][=Branch2][C][Branch1][C][F][Branch1][C][F][F][Branch1][C][F][F][Branch1][C][F][F][Branch1][C][F][F][Branch1][C][F][F],0.20235384407743073
[C][C][O][C][C][C][C][O][C][=Branch1][C][=O][C][Ring1][=Branch1][C][C][Ring1][#Branch2][O][C][=Branch1][C][=O][C][=C],0.17735869132078566
[C][O][C][=Branch1][C][=O][C][O][C][=Branch1][C][=O][C][=C],0.05993931560953574
[C][N+1][Branch1][C][C][Branch1][#Branch2][C][C][O][C][=Branch1][C][=O][C][=C][C][C][=C][C][=C][C][=C][Ring1][=Branch1],0.242881687607842
[C][C][Branch1][C][C][C][Branch1][Branch2][O][C][=Branch1][C][=O][C][=C][O][C][C][C][C][C][Branch1][Ring2][C][Ring1][=Branch1][C][C][Branch1][Ring2][C][Ring1][#Branch1][C][Ring1][#Branch2],0.22193761394488581
[C][=C][C][=Branch1][C][=O][O][C][C][O][P][=Branch1][C][=O][Branch1][C][O][O],0.07816094322799605
[C][=C][C][=Branch1][C][=O][O][C][C][C][Br],0.06721582513148897
[C][C][C][C][C][C][C][C][C][C][C][C][S][C][=Branch1][C][=S][S][C][Branch1][C][C][C][=Branch1][C][=O][O][C][C][O][C][=Branch1][C][=O][C][=C],0.3933465995849226
[C][C][=Branch1][P][=C][C][C][/C][=Branch1][#Branch2][=C][\C][O][C][=Branch1][C][=O][C][=C][/C][C],0.17382754562734062
[C][C][C][C][C][C][C][Branch1][C][C][C][O][C][=Branch1][C][=O][C][=C],0.1523252096282201
[C][=C][C][=Branch1][C][=O][O][C][=C][S][C][Ring1][Ring2],0.07757453832102584
[C][C][C][C][C][C][C][Branch1][Branch1][C][C][Ring1][=Branch1][C][C][C][C][Branch1][Branch1][C][C][Ring1][=Branch1][C][=C][C][=Branch2][Ring1][=Branch2][=C][Branch1][Branch2][C][=Branch1][Ring2][=C][Ring1][=Branch1][F][O][C][C][C][C][C][C][O][C][=Branch1][C][=O][C][=C][F],0.46008542478612446
[C][=C][C][=Branch1][C][=O][O][C][=C][C][=C][C][=C][Ring1][=Branch1][N][Branch1][O][C][=C][C][=C][C][=C][Ring1][=Branch2][Ring1][=Branch1][C][C][O],0.2791281028901777
[C][=C][C][=Branch1][C][=O][O][C][C][C][Branch2][Branch2][#Branch1][C][Branch2][#Branch1][#C][C][Branch2][#Branch1][#Branch1][C][Branch2][=Branch1][#C][C][Branch2][=Branch1][#Branch1][C][Branch2][Branch1][#C][C][Branch2][Branch1][#Branch1][C][Branch2][Ring2][#C][C][Branch2][Ring2][#Branch1][C][Branch2][Ring1][#C][C][Branch2][Ring1][#Branch1][C][Branch1][S][C][Branch1][=Branch2][C][Branch1][C][F][Branch1][C][F][F][Branch1][C][F][F][Branch1][C][F][F][Branch1][C][F][F][Branch1][C][F][F][Branch1][C][F][F][Branch1][C][F][F][Branch1][C][F][F][Branch1][C][F][F][Branch1][C][F][F][Branch1][C][F][F][Branch1][C][F][F][Branch1][C][F][F][Branch1][C][F][F],0.2989989445008965
[C][=C][C][=Branch1][C][=O][O][C][C][=C][Branch1][P][C][=Branch1][=N][=C][Branch1][=Branch2][C][=Branch1][Branch1][=C][Ring1][=Branch1][Br][Br][Br][Br][Br],0.25546714502570905
[C][=C][/C][=C][/C][C][C][C][O][C][=Branch1][C][=O][C][=C],0.14533494744519773
[C][C][C][C][C][C][C][Branch1][#Branch1][C][C][C][C][C][C][O][C][=Branch1][C][=O][C][=C],0.2174163847122761
[C][C][C][C][C][C][C][C][C][C][C][C][O][C][=Branch1][C][=O][C][C][O][C][=Branch1][C][=O][C][=C],0.25523227027683887
[C][=C][C][=Branch1][C][=O][O][C][C][C][C][O][C][=Branch1][C][=O][O][C][=C][C][=C][Branch1][Branch1][C][=C][Ring1][=Branch1][C][=Branch1][C][=O][C][=C][C][=C][C][=C][Ring1][=Branch1],0.33416090797877
[C][S][C][C][O][C][=Branch1][C][=O][C][=C],0.0725152282359722
[C][=C][C][=Branch1][C][=O][O][C][C][Branch2][Ring1][Ring2][C][Branch1][=Branch2][C][=C][C][=C][C][=C][Ring1][=Branch1][C][=C][C][=C][C][=C][Ring1][=Branch1][Branch1][#Branch2][O][C][=C][C][=C][C][=C][Ring1][=Branch1][O][C][=C][C][=C][C][=C][Ring1][=Branch1],0.4524070506143467
[C][=C][C][=Branch1][C][=O][O][C][C][O][C][C][O][C][C][O][C][C][O][C][C][O][C][C][O][C][C][O][C][C][O][C][C][O][C][C][O][C][C][O][C][C][N][C][=Branch1][C][=O][O][C][Branch1][C][C][Branch1][C][C][C],0.5483098694571709
[C][C][C][Branch2][Ring1][=C][C][Branch1][=Branch2][C][=C][C][=C][C][=C][Ring1][=Branch1][Branch1][=Branch2][C][=C][C][=C][C][=C][Ring1][=Branch1][C][=C][C][=C][C][=C][Ring1][=Branch1][O][C][=Branch1][C][=O][C][=C],0.3670353427625809
[C][=C][C][=Branch1][C][=O][O][C][C][N][C][C][O],0.0835973513440251
[C][C][C][C][C][C][C][C][C][C][S][S][C][C][O][C][=Branch1][C][=O][C][=C],0.24874234732847555
[C][=C][C][=Branch1][C][=O][O][C][C][C][S][=Branch1][C][=O][=Branch1][C][=O][C][Branch2][Ring1][#Branch1][C][Branch1][S][C][Branch1][=Branch2][C][Branch1][C][F][Branch1][C][F][F][Branch1][C][F][F][Branch1][C][F][F][Branch1][C][F][F],0.1704199786590271
[C][N+1][Branch1][C][C][Branch1][C][C][C][C][O][C][=Branch1][C][=O][C][=C],0.10657658362739919
[C][C][C][C][C][C][C][C][C][C][C][C][C][C][C][C][C][C][C][C][C][C][C][C][C][C][C][C][C][C][C][O][C][=Branch1][C][=O][C][=C],0.5123191288372012
[C][=C][C][=Branch1][C][=O][O][C][C][=C][C][=Branch1][=Branch1][=C][C][=C][Ring1][=Branch1][I],0.14739671483436625
[C][C][C][C][C][C][C][C][C][C][C][C][C][O][C][=Branch1][C][=O][C][=C],0.2144139933680142
[C][=C][C][=Branch1][C][=O][O][C][C][Branch1][C][Cl][Branch1][C][Cl][Cl],0.08373762625095343
[C][=C][C][=Branch1][C][=O][O][C][C][Branch2][Branch1][S][C][C][Branch2][Branch1][#Branch1][C][Branch2][Ring2][#C][C][Branch2][Ring2][#Branch1][C][Branch2][Ring1][#C][C][Branch2][Ring1][#Branch1][C][Branch1][S][C][Branch1][=Branch2][C][Branch1][C][F][Branch1][C][F][F][Branch1][C][F][F][Branch1][C][F][F][Branch1][C][F][F][Branch1][C][F][F][Branch1][C][F][F][Branch1][C][F][F][Branch1][C][F][F][O],0.20281494382296944
[C][C][Branch1][C][C][C][=C][C][=C][Branch1][Branch1][C][=C][Ring1][=Branch1][C][Branch2][Ring1][N][C][=Branch1][C][=O][C][=C][C][=C][C][=C][Ring1][=Branch1][C][Ring1][#Branch2][Branch1][Ring2][O][Ring1][#C][O][C][=Branch1][C][=O][C][=C][O],0.32812500581338105
[C][C][Branch2][Ring1][Ring2][C][C][C][C][C][C][C][Branch1][Ring2][C][Ring1][=Branch1][C][C][Ring1][=Branch2][C][Ring1][#Branch1][O][C][=Branch1][C][=O][C][=C],0.2007154903197827
[C][C][C][C][C][C][C][C][C][O][C][=Branch1][C][=O][C][=C],0.14991612637551546
[C][=C][C][=Branch1][C][=O][O][C][C][C][C][#N],0.06755160787237521
[C][=C][C][=Branch1][C][=O][O][C][C][C][C][C][C][C][C][C][C][C][C][C][C][C],0.24904202904527045
[C][=C][C][=Branch1][C][=O][O][C][O],0.022405933246596323
[C][=C][C][=Branch1][C][=O][O][C][C][C][C][C][C][Branch1][O][C][C][Branch1][Ring2][C][Ring1][=Branch1][C][Ring1][=Branch2][C][Ring1][#Branch2],0.17135770743172377
[C][C][C][Branch1][=Branch1][C][O][C][Ring1][Ring2][O][C][C][O][C][=Branch1][C][=O][C][=C],0.1216507683943863
[C][C][C][C][C][C][C][C][C][C][C][C][C][C][C][C][C][C][C][C][C][C][C][C][C][C][C][C][C][C][C][C][O][C][=Branch1][C][=O][C][=C],0.5332956035411858
[C][N][Branch1][#Branch2][C][C][O][C][=Branch1][C][=O][C][=C][S][=Branch1][C][=O][=Branch1][C][=O][C][C][Branch2][Branch1][#Branch1][C][Branch2][Ring2][#C][C][Branch2][Ring2][#Branch1][C][Branch2][Ring1][#C][C][Branch2][Ring1][#Branch1][C][Branch1][S][C][Branch1][=Branch2][C][Branch1][C][F][Branch1][C][F][F][Branch1][C][F][F][Branch1][C][F][F][Branch1][C][F][F][Branch1][C][F][F][Branch1][C][F][F][Branch1][C][F][F][Branch1][C][F][F],0.28104137665155215
[C][C][=C][O][C][=Branch1][C][=O][C][=C],0.054209318436155444
[C][C][Branch1][C][C][Branch1][C][C][O][C][=Branch1][C][=O][C][=C],0.066755519570004
[C][C][=C][C][=C][Branch1][Branch1][C][=C][Ring1][=Branch1][N][Branch1][N][C][=C][C][=C][Branch1][Branch1][C][=C][Ring1][=Branch1][C][C][=C][C][=C][Branch1][Branch1][C][=C][Ring1][=Branch1][C][=C][C][=C][Branch1][Branch1][C][=C][Ring1][=Branch1][C][C][O][C][=Branch1][C][=O][C][=C],0.610180212293438
[C][=C][C][=Branch1][C][=O][O][C][C][O][C][C][O][C][C][O][C][C][O][C][C][O][C][C][O][C][C][O],0.2661422802309994
[C][=C][C][=Branch1][C][=O][O][C][=C][C][=C][C][=C][Ring1][=Branch1][N][=N][C][=C][C][=C][C][=C][Ring1][=Branch1],0.22833642167326879
[C][C][C][C][C][C][C][C][C][C][C][C][S][S][C][C][O][C][=Branch1][C][=O][C][=C],0.2802089439162577
[C][=C][C][=Branch1][C][=O][O][C][C][C][C][C][O][Ring1][Branch1],0.08589259114862019
[C][C][C][C][C][C][C][C][C][C][C][C][Branch1][Ring1][C][C][O][C][=Branch1][C][=O][C][=C],0.22854466336304358
[C][=C][C][=Branch1][C][=O][O][O][C][=Branch1][C][=O][C][=C][C][Ring1][Ring1][=O],0.08735367928875368
[C][=C][C][=Branch1][C][=O][O][C][C][O][C][C][C][C][C][Ring1][Branch1][C][C][Ring1][Branch1][C][C][=C][Ring1][Branch1],0.19208227724335614
[C][=C][C][=Branch1][C][=O][O][C][C][O][C][C][O][C][=C][C][=C][Branch1][Branch1][C][=C][Ring1][=Branch1][C][=Branch2][Ring1][C][=C][C][=Branch1][C][=O][N][Ring1][=Branch2][C][C][=C][C][=C][C][=C][Ring1][=Branch1][C][=C][C][=C][C][=C][Ring1][=Branch1],0.49629121454957614
[C][=C][C][=Branch1][C][=O][O][C][C][=C][C][=C][Branch1][Branch1][C][=C][Ring1][=Branch1][N][=C][C][=C][C][=C][Branch1][Branch1][C][=C][Ring1][=Branch1][N+1][=Branch1][C][=O][O-1],0.2906703678483705
[C][O][C][=C][Branch2][Ring1][Ring2][C][=Branch1][#C][=C][Branch1][Branch1][C][=C][Ring1][=Branch1][O][C][=Branch1][C][=O][C][=C][O][C][O][C],0.18933499775322885
[C][C][O][C][C][O][C][C][O][C][=Branch1][C][=O][C][=C],0.112106166338872
[C][=C][C][=Branch1][C][=O][O][N][C][C][O][C][C][Ring1][=Branch1],0.08149538101443085
[C][C@][C][C][C@H1][C@H1][Branch2][Ring1][Branch1][C@@H1][Ring1][=Branch1][C][C][C@H1][Ring1][=Branch2][C][=Branch1][C][=O][C][O][C][=Branch1][C][=O][C][=C][C][C][C][=C][C][=Branch1][C][=O][C][C][C@][Ring2][Ring1][#Branch1][Ring1][#Branch1][C],0.35218457494404093
[C][=C][C][=Branch1][C][=O][O][C][=C][C][=C][C][=Branch1][Ring2][=C][Ring1][=Branch1][C][=C][C][=C][C][=C][Ring1][=Branch1][S][C][=C][C][=C][C][=C][Ring1][=Branch2][Ring1][=Branch1],0.3690310532098536
[C][C][C][C][C][C][Branch1][C][O][Branch1][Ring1][O][C][O][C][=Branch1][C][=O][C][=C],0.1259683882323332
[C][C][C][C][C][C][C][C][C][C][C][C][C][C][C][C][C][C][O][N][C][Branch2][Ring1][Ring2][C][C][Branch1][=Branch2][C][C][Ring1][=Branch1][Branch1][C][C][C][O][C][=Branch1][C][=O][C][=C][Branch1][C][C][C],0.4550689055208965
[C][C][C][C][C][C][C][C][C][C][O][C][=Branch1][C][=O][C][=C],0.1648905765037417
[C][C][N][C][=Branch1][C][=O][O][C][C][O][C][=Branch1][C][=O][C][=C],0.10468978538344273
[C][C][=C][C][=C][Branch1][Branch1][C][=C][Ring1][=Branch1][N][Branch1][N][C][=C][C][=C][Branch1][Branch1][C][=C][Ring1][=Branch1][C][C][=C][C][=C][Branch1][Branch1][C][=C][Ring1][=Branch1][C][=C][C][=C][Branch1][Branch1][C][=C][Ring1][=Branch1][O][C][=Branch1][C][=O][C][=C],0.5978047313323717
[C][=C][C][=Branch1][C][=O][O][N][C][C][C][C][Ring1][Branch1],0.07445631817399065
[C][=C][C][C][O][C][=Branch1][C][=O][C][=C],0.06836722085702909
[C][=C][C][=Branch1][C][=O][O][C][=C][C][=C][Branch1][Branch1][C][=C][Ring1][=Branch1][Br],0.12821012062552428
[C][=C][C][=Branch1][C][=O][O][C][=C][Branch1][=N][C][=Branch1][=Branch2][=C][Branch1][Branch1][C][=C][Ring1][=Branch1][Br][Br][Br],0.18956368467167511
[C][=C][C][=Branch1][C][=O][O][C][=Branch1][C][=O][C][C][Branch1][C][C][=O],0.0746962762930084
[C][=C][C][=Branch1][C][=O][O][C][C],0.03487226392412663
[C][=C][C][=Branch1][C][=O][O][C][C][C][C][C][C][O][C][=C][C][=C][Branch1][Branch1][C][=C][Ring1][=Branch1][C][=C][C][=C][Branch1][Branch1][C][=C][Ring1][=Branch1][C][C][C][C][Branch1][Branch1][C][C][Ring1][=Branch1][C][C][C][O][S][=Branch1][C][=O][=Branch1][C][=O][C][Branch1][C][F][Branch1][C][F][F],0.5604508470822356
[C][=C][C][=Branch1][C][=O][O][C][=C][N][=C][C][=C][Ring1][=Branch1],0.09652424678592364
[C][=C][C][=Branch1][C][=O][O][C][C][C][C][C][C][Branch1][Ring2][C][Ring1][=Branch1][C][C][Branch1][Ring2][C][Ring1][#Branch1][C][Ring1][#Branch2],0.17135399980462143
[C][C][C][C][C][Branch1][Ring1][C][C][C][C][=C][Branch1][=Branch1][O][C][=C][Ring1][Branch1][O][C][=Branch1][C][=O][C][=C],0.21158718042457392
[C][C][Branch1][=Branch1][N][Branch1][C][C][C][O][C][=Branch1][C][=O][C][=C],0.07860179808308088
[C][=C][C][=Branch1][C][=O][O][C][C][Branch1][Ring1][C][O][Branch1][Ring1][C][O][C][O][C][C][Branch1][Ring1][C][O][Branch1][Ring1][C][O][C][O],0.19185870306412728
[C][C][C][C][C][C][Branch1][Ring1][C][C][O][C][=Branch1][C][=O][C][=C],0.13394560432599395
[C][C][Branch1][C][C][Branch1][C][C][C][Branch1][=C][C][C][C][=C][C][=C][Branch1][Branch1][C][=C][Ring1][=Branch1][Cl][Branch1][=Branch2][C][N][C][=N][C][=N][Ring1][Branch1][O][C][=Branch1][C][=O][C][=C],0.3110317040612106
[C][=C][C][=Branch1][C][=O][O][C][C][C][C][O][Ring1][Ring1],0.07046545983841193
[C][C][Branch1][#Branch1][C][N][Branch1][C][C][C][Branch1][=Branch1][N][Branch1][C][C][C][O][C][=Branch1][C][=O][C][=C],0.13365449717281586
[C][C][C][C][C][Branch1][Ring1][C][C][C][O][C][=Branch1][C][=O][C][C][O][C][=Branch1][C][=O][C][=C],0.18489261971736792
[C][S][=Branch1][C][=O][=Branch1][C][=O][C][C][O][C][=Branch1][C][=O][C][=C],0.09117262962839023
[C][=C][C][=Branch1][C][=O][O][C][Branch1][N][C][=C][C][=C][Branch1][Branch1][C][=C][Ring1][=Branch1][F][Branch1][=Branch2][C][Branch1][C][F][Branch1][C][F][F][C][Branch1][C][F][Branch1][C][F][F],0.15217450153813405
[C][=C][C][=Branch1][C][=O][O][C][C][O][C][C@@H1][Branch1][P][C@H1][Branch1][=N][C@H1][Branch1][=Branch2][C@H1][Branch1][Ring2][O][Ring1][=Branch1][C][O][O][O][O],0.15624858508617206
[C][C][Branch1][C][C][Branch2][Ring1][=Branch2][C][=Branch1][C][=O][C][=C][C][=C][Branch1][Branch1][C][=C][Ring1][=Branch1][O][C][C][O][C][=Branch1][C][=O][C][=C][O],0.23375499350076384
[C][=C][C][=Branch1][C][=O][O][C][C][Branch1][#Branch1][C][N][Branch1][C][F][F][N][Branch1][C][F][F],0.08308640104207879
[C][C][Branch1][C][C][Branch1][C][C][C][=C][C][=Branch1][P][=C][C][=Branch1][Branch1][=C][Ring1][=Branch1][O][C][Branch1][C][C][Branch1][C][C][C][O][C][=Branch1][C][=O][C][=C],0.2530814093768496
[C][=C][C][=Branch1][C][=O][O][C][C][C][C][O],0.07169468073735383
[C][=C][C][=Branch1][C][=O][O][C][C][=C][C][=C][C][=C][C][=C][C][=C][Ring1][=Branch1][C][Ring1][#Branch2][=C][Branch1][Branch1][C][=C][Ring1][=Branch1][C][=C][Ring1][S],0.3257975876010249
[C][C][=C][C][=C][Branch1][Branch1][C][=C][Ring1][=Branch1][O][C][=Branch1][C][=O][C][=C],0.12387595872753954
[C][=C][C][=Branch1][C][=O][O][C][C][O][C][C][O][C][C][O][C][C][O][C][C][O][C][C][O][C][C][O][C][C][O][C][C][O][C][C][O][C][C][O][C][C][N],0.45805574743028843
[C][C][Branch1][C][C][N][Branch2][Ring1][O][C][C][=C][Branch1][#C][C][=Branch1][#Branch2][=C][C][=Branch1][Ring2][=C][Ring1][=Branch1][C][=O][O][C][O][C][=Branch1][C][=O][C][=C][C][Branch1][C][C][C],0.28729646458086877
[C][/C][=C][\C][C][C][C][\C][/-Ring1][=Branch1][=C][/C][C][O][C][=Branch1][C][=O][C][=C],0.2007971741770267
[C][C][C][C][=Branch1][C][=O][N][C][=C][C][=C][Branch1][Branch1][C][=C][Ring1][=Branch1][O][C][=Branch1][C][=O][C][=C],0.20735996545941926
[C][=C][C][=Branch1][C][=O][O][N][Branch1][Branch2][O][C][=Branch1][C][=O][C][=C][O][C][=Branch1][C][=O][C][=C],0.13670712580191877
[C][/C][=C][/C][=C][/O][C][=Branch1][C][=O][C][=C],0.12028986008616568
[C][=C][C][=Branch1][C][=O][O][C][C][=C][Branch1][Branch2][C][=C][C][=C][Ring1][=Branch1][Cl][N+1][=Branch1][C][=O][O-1],0.15825809344399605
[C][O][C][C][O][C][=Branch1][C][=O][C][=C],0.05654890575590394
[C][=C][C][=Branch1][C][=O][O][C][C][O][C][=Branch1][C][=O][C][C][S][=Branch1][C][=O][=Branch1][C][=O][C][C][Cl],0.17899736923586987
[C][C][=C][Branch2][Branch1][=Branch1][C][=Branch2][Ring2][O][=C][Branch2][Ring2][=Branch1][C][=C][Ring1][=Branch1][O][C@][Branch1][Branch1][C][C][Ring1][=Branch1][Branch1][C][C][C][C][C][C@H1][Branch1][C][C][C][C][C][C@H1][Branch1][C][C][C][C][C][C][Branch1][C][C][C][C][O][C][=Branch1][C][=O][C][=C][C],0.5154919589620773
[C][=C][C][=Branch1][C][=O][O][C@@][Branch2][Ring1][Branch1][C@@H1][Branch1][P][C@H1][Branch1][=N][C@H1][Branch1][=Branch2][C@H1][Branch1][Ring2][O][Ring1][=Branch1][C][O][O][O][O][O],0.12385090892479128
[C][=C][C][=Branch1][C][=O][O][C][=Branch1][C][=C][C][=O],0.05631010297451087
[C][=C][C][=Branch1][C][=O][O][C][=C][C][=C][C][=C][Ring1][=Branch1][C][=C][C][=C][C][=C][Ring1][=Branch1],0.21036720443613027
[C][=C][C][=Branch1][C][=O][O][N][=N+1][=N-1],0.03840738069896823
[C][=C][C][=Branch1][C][=O][O][C][C][C][C][C][Branch1][Ring2][C][Ring1][=Branch1][C][C][Branch1][Ring2][C][Ring1][#Branch1][C][Ring1][#Branch2][O],0.16149406609350986
[C][=C][C][=Branch1][C][=O][O][C][C][Branch2][Ring2][Ring2][C][Branch2][Ring1][N][C][Branch2][Ring1][Ring2][C][Branch1][=N][C][Branch1][=Branch1][C][Branch1][C][F][F][Branch1][C][F][F][Branch1][C][F][F][Branch1][C][F][F][Branch1][C][F][F][Branch1][C][F][F],0.1296313755034307
[C][=C][C][=Branch1][C][=O][O][C][C][=C][C][=C][C][=N][C][Ring1][=Branch1][=C][Branch1][Branch1][C][=C][Ring1][#Branch2][O],0.18855514589980624
[C][=C][C][=Branch1][C][=O][O][C][C][Branch2][Branch1][Branch2][C][C][Branch2][Ring2][#C][C][Branch2][Ring2][#Branch1][C][Branch2][Ring1][#C][C][Branch2][Ring1][#Branch1][C][Branch1][=Branch2][C][Branch1][C][F][Branch1][C][F][F][Branch1][=Branch2][C][Branch1][C][F][Branch1][C][F][F][F][Branch1][C][F][F][Branch1][C][F][F][Branch1][C][F][F][Branch1][C][F][F][O],0.17893361286811524
[C][=C][C][=Branch1][C][=O][O][C][C][C][C][C][Branch1][N][C][C][Branch1][Ring2][C][Ring1][=Branch1][C][Ring1][=Branch2][C][C][Ring1][O],0.17329629337891495
[C][=C][C][=Branch1][C][=O][O][C][=C][Branch1][P][C][=Branch1][=N][=C][Branch1][=Branch2][C][=Branch1][Branch1][=C][Ring1][=Branch1][Br][Br][Br][Br][Br],0.24342906345587728
[C][C][Branch2][Ring2][C][C][C][C][C][Ring1][Branch1][Branch2][Ring1][Branch2][C][Branch1][O][C][Ring1][=Branch1][O][C][=Branch1][C][=O][C][=C][O][C][C][Branch1][C][C][Branch1][C][C][C][C][C],0.24711028527515744
[C][C][Branch1][C][C][C][C][C][C][C][C][C][C][C][C][O][C][=Branch1][C][=O][C][=C],0.21296383615764675
[C][C][=C][C][=C][Branch1][Branch1][C][=C][Ring1][=Branch1][N][Branch2][Ring1][=C][C][=C][C][=C][Branch1][Branch1][C][=C][Ring1][=Branch1][C][=C][C][=C][Branch1][Branch1][C][=C][Ring1][=Branch1][C][C][O][C][=Branch1][C][=O][C][=C][C][=C][Branch1][O][C][=C][Branch1][=Branch1][C][=C][Ring1][=Branch1][C][C][C],0.6420690443710252
[C][C][N][Branch1][Ring1][C][C][C][=C][C][=C][Branch1][Branch1][C][=C][Ring1][=Branch1][C][C][O][C][=Branch1][C][=O][C][=C],0.22240162352037118
[C][C][C][C][C][C][C][C][C][C][Branch1][C][C][C][O][C][=Branch1][C][=O][C][=C],0.2025659224614097
[C][C][Branch1][C][C][Branch1][C][C][O][C][=Branch1][C][=O][O][C][=C][C][=C][Branch1][Branch1][C][=C][Ring1][=Branch1][O][C][C][C][C][C][C][O][C][=Branch1][C][=O][C][=C],0.3127120389133044
[C][=C][C][=Branch1][C][=O][O][C][C][O][C][=C][C][=C][C][=C][Ring1][=Branch1],0.13794100200506404
[C][=C][C][=Branch1][C][=O][O][C][C][C][S][=Branch1][C][=O][=Branch1][C][=O][O-1],0.1265741305050813
[C][C][C][C][C][C][C][C][C][C][C][Branch1][Ring2][C][C][C][O][C][=Branch1][C][=O][C][=C],0.23385106853771692
[C][C][O][P][=Branch1][C][=O][Branch1][=Branch2][C][O][C][=Branch1][C][=O][C][=C][O][C][C],0.13915748287799917
[C][C][=Branch1][C][=O][O][C][C][Branch2][Ring1][#C][C@@H1][C@@H1][Branch2][Ring1][Ring1][C@H1][C@@H1][Branch1][Ring2][O][Ring1][Branch1][O][C][Branch1][Ring2][O][Ring1][=Branch1][Branch1][C][C][C][O][C][=Branch1][C][=O][C][=C][O][C][=Branch1][C][=O][C][C][C][=Branch1][C][=O][N][C][C][N][Branch1][Branch1][C][C][Ring1][=Branch1][C][=C][Branch2][Ring1][=C][C][=C][C][=Branch1][Ring2][=C][Ring1][=Branch1][N][Branch1][=C][C][=C][Branch1][Branch1][C][Ring1][#Branch1][=O][C][=Branch1][C][=O][O][C][C][C][Ring1][Ring1][F],0.6360435900903361
[C][=C][C][=Branch1][C][=O][O][C][=C][Branch2][Ring1][C][C][=C][C][=C][Ring1][=Branch1][N][C][=C][C][=C][C][=C][Ring1][=Branch2][Ring1][=Branch1][C][C][O],0.29160165020256584
[C][C][C][C][C][C][C][C][C][C][Branch1][Ring1][C][C][O][C][=Branch1][C][=O][C][=C],0.1989403176376126
[C][=C][C][=Branch1][C][=O][O][C][C][C][O][C][=C][C][=C][C][=C][C][=C][Ring1][=Branch1][C][=C][Ring1][#Branch2],0.24412268854723512
[C][=C][C][=Branch1][C][=O][O][C][C][O][C][=Branch1][C][=O][C][Branch1][C][Cl][Cl],0.1076486785796176
[C][=C][O][C][=Branch1][C][=O][C][=C],0.041867296828355986
[C][=C][C][=Branch1][C][=O][O][C][=C][Branch1][=C][C][=Branch1][#Branch2][=C][C][=Branch1][Branch1][=C][Ring1][=Branch1][F][F][F][F],0.11180853172368782
[C][C][=Branch1][C][=O][N][C][=C][C][=C][Branch1][Branch1][C][=C][Ring1][=Branch1][C][=Branch1][C][=O][C][=C][C][=C][C][=C][Branch1][Branch1][C][=C][Ring1][=Branch1][O][C][=Branch1][C][=O][C][=C],0.3946155137048666
[C][C][C][C][C][C][C][C][C][C][C][C][C][C][O][C][=Branch1][C][=O][C][C][O][C][=Branch1][C][=O][C][=C],0.2873909075328915
[C][=C][C][=Branch1][C][=O][O][C][C][C][C][C][Ring1][Branch1][C][C][C][Ring1][Branch1][C][Branch1][Ring2][C][Ring1][Branch1][O][C][=O],0.18009430832038503
[C][=C][C][=Branch1][C][=O][O][C][=C][C][=C][Branch1][Branch1][C][=C][Ring1][=Branch1][S][=Branch1][C][=O][=Branch1][C][=O][C][=C][C][=C][Branch1][Branch1][C][=C][Ring1][=Branch1][O],0.26349492426994126
[C][=C][C][=Branch1][C][=O][O][C][C][N],0.04420151667945505
[C][=C][C][=Branch1][C][=O][O][C][=C][C][=C][S][Ring1][Branch1],0.10203755900588785
[C][=C][C][=Branch1][C][=O][O][C][=C][C][=C][Branch1][Branch1][C][=C][Ring1][=Branch1][C][C][Branch1][O][C][C][Ring1][Ring2][Branch1][Ring1][C][#N][C][#N][Branch1][Ring1][C][#N][C][#N],0.2598476905112329
[C][C][C][C][C][C][C][Branch1][=Branch2][C][O][C][=Branch1][C][=O][C][=C][O],0.13437603024900555
[C][=C][C][=Branch1][C][=O][O][C][C][C][Branch2][Ring2][#Branch1][C][Branch2][Ring1][#C][C][Branch2][Ring1][#Branch1][C][Branch1][S][C][Branch1][=Branch2][C][Branch1][C][F][Branch1][C][F][F][Branch1][C][F][F][Branch1][C][F][F][Branch1][C][F][F][Branch1][C][F][F][Branch1][C][F][F],0.14205708502806633
[C][=C][C][=Branch1][C][=O][O][C][C][C][Branch2][#Branch2][#Branch1][C][Branch2][=Branch2][#C][C][Branch2][=Branch2][#Branch1][C][Branch2][Branch2][#C][C][Branch2][Branch2][#Branch1][C][Branch2][#Branch1][#C][C][Branch2][#Branch1][#Branch1][C][Branch2][=Branch1][#C][C][Branch2][=Branch1][#Branch1][C][Branch2][Branch1][#C][C][Branch2][Branch1][#Branch1][C][Branch2][Ring2][#C][C][Branch2][Ring2][#Branch1][C][Branch2][Ring1][#C][C][Branch2][Ring1][#Branch1][C][Branch1][S][C][Branch1][=Branch2][C][Branch1][C][F][Branch1][C][F][F][Branch1][C][F][F][Branch1][C][F][F][Branch1][C][F][F][Branch1][C][F][F][Branch1][C][F][F][Branch1][C][F][F][Branch1][C][F][F][Branch1][C][F][F][Branch1][C][F][F][Branch1][C][F][F][Branch1][C][F][F][Branch1][C][F][F][Branch1][C][F][F][Branch1][C][F][F][Branch1][C][F][F][Branch1][C][F][F][Branch1][C][F][F],0.3763266490067817
[C][O][13C][=Branch1][C][=O][C][=C],0.01853157127109787
[C][=C][C][=Branch1][C][=O][O][C][C][C][=C][C][=C][C][=C][Ring1][=Branch1][C][Ring1][=Branch2],0.14907647490273662
[C][=C][C][=Branch1][C][=O][O][C][C][Branch1][C][O][C][O][C][=Branch1][C][=O][C][=C],0.11482529672683697
[C][=C][C][=Branch1][C][=O][O][C][C][O][C][C][O][C][C][C][#N],0.12593059182776137
[C][C][C][=C][Branch2][Ring2][S][N][=C][Branch1][N][C][=Branch1][Ring2][=N][Ring1][=Branch1][C][=Branch1][C][=O][N][N][C][=C][C][=C][Branch1][Branch1][C][=C][Ring1][=Branch1][N][C][C][N][Branch1][#C][C@@H1][Branch1][Ring2][C][Ring1][=Branch1][C][O][C][=Branch1][C][=O][C][=C][C][O][C][=C][C][=C][C][=Branch1][Ring2][=C][Ring1][=Branch1][N][C][=Branch1][C][=O][C][=C],0.6557734571834176
[C][=C][C][=Branch1][C][=O][O][C][C][C][C][O][C][=Branch1][C][=O][C][Cl],0.12721613542154198
[C][=C][C][=Branch1][C][=O][O][C][C][N][C][C][O][C][Ring1][Branch1][=O],0.09563937516773757
[C][C][Branch1][C][C][Branch2][Ring1][N][C][C][O][C][Branch1][C][C][Branch1][C][C][C][C][=Branch1][C][=O][O][N][C][=Branch1][C][=O][C][C][C][Ring1][=Branch1][=O][O][C][=Branch1][C][=O][C][=C],0.2586156650198957
[C][=C][C][=Branch1][C][=O][O][C][C][C][C][C@H1][O][C@H1][Ring1][Ring1][C][Ring1][#Branch1],0.11996584004281519
[C][=C][C][=Branch1][C][=O][O][C][C][C][O][C][=C][C][=C][Branch1][Branch1][C][=C][Ring1][=Branch1][C][=C][C][=C][Branch1][Branch1][C][=C][Ring1][=Branch1][C][#N],0.3226660727856282
[C][=C][C][=Branch1][C][=O][O][C][=C][Branch2][Ring1][#Branch2][C][=Branch2][Ring1][Ring2][=C][Branch1][#C][C][=Branch1][#Branch2][=C][Ring1][=Branch1][C][C][C][C][Ring1][Ring2][C][#N][C][#N][C][#N][C][#N],0.29101455965208284
[C][C][C][Branch1][C][C][Branch1][C][C][C][=C][C][=C][Branch1][Branch1][C][=C][Ring1][=Branch1][O][C][=Branch1][C][=O][C][=C],0.1988740740345608
[C][C][=C][C][=Branch1][C][=O][O][C][=C][Ring1][#Branch1][C][=C][C][=Branch1][=N][=C][Ring1][=Branch1][C][N][C][C][O][C][C][Ring1][=Branch1][O][C][=Branch1][C][=O][C][=C],0.30456503916357597
[C][C][Branch2][Ring1][=Branch1][/C][=Branch1][O][=C][/C][C][O][C][=Branch1][C][=O][C][=C][/O][C][=Branch1][C][=O][O][Ring1][=C][C],0.1437456386202856
[C][=C][C][=Branch1][C][=O][O][C][C][C][C][C][C][O][C][=C][C][=C][C][=C][Ring1][=Branch1],0.20417991348601228
[C][=C][C][=Branch1][C][=O][O][C][C][C][C][O][C][C][C][O][Ring1][Ring1],0.1255303633161328
[C][C][Branch1][C][C][C][C][Branch1][P][O][C][C][Branch1][Ring2][O][Ring1][Branch1][C][O][C][=Branch1][C][=O][C][=C][C],0.1580798174826729
[C][=C][C][=Branch1][C][=O][O][C][=C][Branch1][=N][C][=Branch1][=Branch2][=C][Branch1][Branch1][C][=C][Ring1][=Branch1][Cl][Cl][Cl],0.1678305920232448
[C][C][C][N][Branch1][#Branch2][C][C][O][C][=Branch1][C][=O][C][=C][S][=Branch1][C][=O][=Branch1][C][=O][C][Branch2][Branch1][#Branch1][C][Branch2][Ring2][#C][C][Branch2][Ring2][#Branch1][C][Branch2][Ring1][#C][C][Branch2][Ring1][#Branch1][C][Branch1][S][C][Branch1][=Branch2][C][Branch1][C][F][Branch1][C][F][F][Branch1][C][F][F][Branch1][C][F][F][Branch1][C][F][F][Branch1][C][F][F][Branch1][C][F][F][Branch1][C][F][F][Branch1][C][F][F],0.29804967323539294
[C][=C][C][=Branch1][C][=O][O][C][C][N][C][C][C][C][C][Ring1][=Branch1],0.12339051089291464
[C][C][C][C][C][C][C][C][C][C][C][C][C][C][C][C][=Branch1][C][=O][O][C][C@H1][Branch2][Ring1][Branch1][C][O][P][=Branch1][C][=O][Branch1][C][O-1][O][C][C][N+1][Branch1][C][C][Branch1][C][C][C][O][C][=Branch1][C][=O][C][C][C][C][C][C][C][C][C][C][C][C][C][C][C][O][C][=Branch1][C][=O][C][=C],0.7352660052128412
[C][C][Branch1][C][C][Branch2][Ring2][Ring1][C][=Branch1][C][=O][O][C][C][C][C][C][Branch1][Ring2][C][Ring1][=Branch1][C][C][Branch1][Ring2][C][Ring1][#Branch1][Branch1][Ring2][C][Ring1][#Branch2][O][C][=Branch1][C][=O][C][=C][Br],0.2504161692493151
[C][C][C][C][C][C][C][C][=Branch1][C][=O][O][C][C][C][C][C][C][O][C][=Branch1][C][=O][C][=C],0.23782085021324412
[C][C@@][C][C][C][C][Branch2][Ring1][Branch1][C@H1][Ring1][=Branch1][C][C][C@H1][Ring1][=Branch2][C][=Branch1][C][=O][C][O][C][=Branch1][C][=O][C][=C][C][C][C][=C][C][=Branch1][C][=O][C][C][C@@][Ring2][Ring1][#Branch1][Ring1][#Branch1][C],0.34808160015204753
[C][=C][C][=Branch1][C][=O][O][C][C][O][C][C][N][C][=Branch1][C][=O][C][C][C][N][C][=Branch1][C][=O][C][=C][C][Ring1][=Branch1][=O],0.2262747231399309
[C][=C][C][=Branch1][C][=O][O][C][C][Branch2][Branch1][Ring2][C][Branch2][Ring2][N][C][Branch2][Ring2][Ring2][C][Branch2][Ring1][N][C][Branch2][Ring1][Ring2][C][Branch1][=N][C][Branch1][=Branch1][C][Branch1][C][F][F][Branch1][C][F][F][Branch1][C][F][F][Branch1][C][F][F][Branch1][C][F][F][Branch1][C][F][F][Branch1][C][F][F][Branch1][C][F][F],0.16816369205454795
[C][N][Branch1][#Branch2][C][C][O][C][=Branch1][C][=O][C][=C][S][=Branch1][C][=O][=Branch1][C][=O][C][Branch2][Ring2][#C][C][Branch2][Ring2][#Branch1][C][Branch2][Ring1][#C][C][Branch2][Ring1][#Branch1][C][Branch1][S][C][Branch1][=Branch2][C][Branch1][C][F][Branch1][C][F][F][Branch1][C][F][F][Branch1][C][F][F][Branch1][C][F][F][Branch1][C][F][F][Branch1][C][F][F][Branch1][C][F][F],0.251273684550623
[C][=C][C][=Branch1][C][=O][O][C][C][C][C][C][C][Branch1][Ring2][C][Ring1][=Branch1][O][Ring1][Ring2],0.11241671291271327
[C][=C][C][=Branch1][C][=O][O][C][C][I],0.06562753604959506
[C][C][Branch2][Ring1][Branch1][C][O][C][Branch1][C][C][C][O][C][Branch1][C][C][C][O][C][=Branch1][C][=O][C][=C][O][C],0.18315527834150389
[C][C][C][C][C][C][C][C][C][Branch1][C][C][O][C][=Branch1][C][=O][C][=C],0.16644924714285975
[C][=C][C][=Branch1][C][=O][O][N][C][C][C][C][C][Ring1][=Branch1],0.09302223862043127
[C][C][C][C][O][C][=Branch1][C][=O][C][C][O][C][=Branch1][C][=O][C][=C],0.12443199522322895
[C][O][C][Branch1][=Branch2][C][O][C][C][O][C][C][O][Branch1][C][O][O][C][=Branch1][C][=O][C][=C],0.13877211939961354
[C][=C][C][=Branch1][C][=O][O][C][C][N][C][S][=Branch1][C][=O][=Branch1][C][=O][C][Branch2][Branch1][#Branch1][C][Branch2][Ring2][#C][C][Branch2][Ring2][#Branch1][C][Branch2][Ring1][#C][C][Branch2][Ring1][#Branch1][C][Branch1][S][C][Branch1][=Branch2][C][Branch1][C][F][Branch1][C][F][F][Branch1][C][F][F][Branch1][C][F][F][Branch1][C][F][F][Branch1][C][F][F][Branch1][C][F][F][Branch1][C][F][F][Branch1][C][F][F],0.2524699890406299
[C][=C][C][=Branch1][C][=O][O][C][=C][Branch1][C][C][C][=C][Branch1][C][C][C][=C][Ring1][Branch2][C],0.1623923681457806
[C][C][Branch1][C][C][Branch1][Ring1][C][O][C][O][C][=Branch1][C][=O][C][=C],0.0878124961066501
[C][=C][C][=Branch1][C][=O][O][C][C][C][C][C][C][Ring1][Branch1][C][C][Ring1][Branch1][C][C][C][Ring1][Branch1],0.170043579575512
[C][C][=C][Branch1][#C][C][C][Branch1][=Branch1][C][C][Ring1][=Branch1][=O][C][=Branch1][C][=C][C][O][C][=Branch1][C][=O][C][=C],0.18445918114201282
[C][=C][C][=Branch1][C][=O][O][C][C@@H1][C][C][C][N][C@@H1][Ring1][=Branch1][C][C][C][C][Ring1][=Branch1],0.1680516418120031
[C][=C][C][=Branch1][C][=O][O][C][C][C][C][C][Ring1][Branch1],0.08242060221195543
[C][=C][C][=Branch1][C][=O][O][C][C][Branch1][=Branch1][N+1][=Branch1][C][=O][O-1][N+1][=Branch1][C][=O][O-1],0.08319345595352648
[C][=C][C][=Branch1][C][=O][O][C][C][=C][C][=C][C][=C][C][=C][Ring1][=Branch1][O][Ring1][#Branch2],0.16440367564243347
[C][=C][C][=Branch1][C][=O][O][C][C][C][C][C][C][Ring1][Branch1][C][=C][Ring1][Branch1],0.12255337539239611
[C][=C][C][=Branch1][C][=O][O][C][C][N][C][C][Ring1][Ring1],0.07524695138982723
[C][C][=C][C][=C][Branch1][Branch1][C][=C][Ring1][=Branch1][N][Branch1][N][C][=C][C][=C][Branch1][Branch1][C][=C][Ring1][=Branch1][C][C][=C][C][=C][Branch1][Branch1][C][=C][Ring1][=Branch1][C][=C][C][=C][C][=C][C][=C][Ring1][=Branch1][O][C][=Branch1][C][=O][C][=C],0.6030708795683662
[C][C][C][C][C][Branch1][Branch2][C][=Branch1][C][=O][C][Ring1][#Branch1][C][Branch1][C][C][Branch1][C][C][O][C][=Branch1][C][=O][C][=C],0.16460824634640694
[C][=C][C][=Branch1][C][=O][O][C][C][Branch1][O][C][O][C][=C][C][=C][C][=C][Ring1][=Branch1][O],0.15468505498999083
[C][=C][C][=Branch1][C][=O][O][C][C][C][=Branch1][C][=O][O],0.05903884943931995
[C][=C][C][=Branch1][C][=O][O][C][C][C][N],0.06036625488656452
[C][=C][C][=Branch1][C][=O][O][C][=C][C][=C][C][=C][Ring1][=Branch1][C][=Branch1][C][=O][C][=C][C][=C][C][=C][Ring1][=Branch1],0.22548274829646925
[C][=C][C][=Branch1][C][=O][O][C][=C][Branch1][O][C][=C][Branch1][=Branch1][C][=C][Ring1][=Branch1][Cl][Cl][Cl],0.16192644191679795
[C][=C][C][=Branch1][C][=O][O][C][C][=C][C][=C][Branch1][Branch1][C][=C][Ring1][=Branch1][C][Branch1][C][F][Branch1][C][F][F],0.13113654991020313
[C][C][C][C][C][C][C][C][Branch1][Branch1][C][C][Ring1][=Branch1][O][C][=Branch1][C][=O][C][=C],0.1646707995021202
[C][=C][C][=Branch1][C][=O][O][C][=Branch1][C][=O][C][=C][Branch1][=C][C][=Branch1][=Branch1][=C][C][=C][Ring1][=Branch1][N+1][=Branch1][C][=O][O-1][N+1][=Branch1][C][=O][O-1],0.16850076118533636
[C][C][C][C][C][C][C][C][C][C][=C][C][=C][C][=C][Ring1][=Branch1][O][C][=Branch1][C][=O][C][=C],0.24661272172579296
[C][C][C][C][C][C][C][C][Branch1][Branch2][C][C][C][C][C][C][C][O][C][=Branch1][C][=O][C][=C],0.24888453823609846
[C][C][C][C][C][C][C][C][C][C][C][C][C][C][C][C][C][C][C][C][C][C][O][C][=Branch1][C][=O][C][=C],0.3614079769374163
[C][=C][C][=Branch1][C][=O][O][C][C][C][C][C][C][O][C][=C][C][=C][Branch1][Branch1][C][=C][Ring1][=Branch1][C][=C][C][=C][Branch1][Branch1][C][=C][Ring1][=Branch1][C][C][C][C][Branch1][Branch1][C][C][Ring1][=Branch1][C][C][C][O][C][C][O][Ring1][Branch1],0.5546523482891222
[C][N][Branch2][Ring1][C][C][=C][C][=C][Branch1][Branch1][C][=C][Ring1][=Branch1][O][C][=Branch1][C][=O][C][=C][C][=N][S][=Branch1][C][=O][=Branch1][C][=O][C][=C][C][=C][C][=C][Ring1][=Branch1][Ring1][O],0.3561208456677952
[C][C][C][Branch1][C][C][Branch1][#C][N][C][=Branch1][C][=O][N][C][=C][C][=C][C][=C][Ring1][=Branch1][O][O][C][=Branch1][C][=O][C][=C],0.22468421876536226
[C][=C][C][=Branch1][C][=O][O][C][C][O][C][=C],0.0717997473555792
[C][=C][C][=Branch1][C][=O][O][C][C][=C][C][Branch1][=Branch2][C][Branch1][C][F][Branch1][C][F][F][Branch1][=Branch2][C][Branch1][C][F][Branch1][C][F][F][F],0.1106196583982128
[C][C][C][Branch1][=Branch1][C][O][C][Ring1][Ring2][C][O][C][C][C][C][C][Branch1][Ring2][C][Ring1][=Branch1][C][C][Branch1][Ring2][C][Ring1][#Branch1][Branch1][Ring2][C][Ring1][#Branch2][O][C][=Branch1][C][=O][C][=C],0.2610358474165419
[C][=C][C][=Branch1][C][=O][O][O][C][=C][C][=C][C][=C][Ring1][=Branch1],0.10950199075795305
[C][=C][C][=Branch1][C][=O][O][C][C][O][C][C][O][C][C][O][C][C][O],0.15250074065224092
[C][=C][C][=Branch1][C][=O][O][C][C][O][C][C][O][C][C][O][C][C][C][=Branch1][C][=O][O][N][C][=Branch1][C][=O][C][C][C][Ring1][=Branch1][=O],0.2512197523612485
[C][=C][C][=Branch1][C][=O][O][C][C][S][C][#N],0.07547865209275548
[C][C][C][C][C][C][C][Branch1][Branch1][C][C][Ring1][=Branch1][C][C][C][C][Branch1][Branch1][C][C][Ring1][=Branch1][C][=C][C][=Branch2][Ring1][=Branch1][=C][Branch1][Branch2][C][=Branch1][Ring2][=C][Ring1][=Branch1][F][O][C][C][C][O][C][=Branch1][C][=O][C][=C][F],0.4145570854897656
[C][=C][C][=Branch1][C][=O][O][C][C][C][C][C][Ring1][Branch1][C][=Branch1][C][=O][O][C][Ring1][=Branch1][C][Ring1][=Branch2],0.1315531025410908
[C][=C][C][=Branch1][C][=O][O][C][C][C][C][Branch1][Branch1][C][C][Ring1][=Branch1][C][=C][C][=C][C][=C][Ring1][=Branch1],0.19637605755658621
[C][C][=C][C][=Branch2][Branch1][#Branch1][=C][Branch1][Branch1][C][=C][Ring1][=Branch1][N][Branch2][Ring1][=C][C][=C][C][=C][Branch1][Branch1][C][=C][Ring1][=Branch1][C][=C][C][=C][Branch1][Branch1][C][=C][Ring1][=Branch1][C][C][O][C][=Branch1][C][=O][C][=C][C][=C][C][=Branch1][=Branch2][=C][Branch1][Branch1][C][=C][Ring1][=Branch1][C][C][C],0.6491890275820507
[C][=C][C][=Branch1][C][=O][O][C][C][O][C][C][O][P][=Branch1][C][=O][Branch1][C][O][O],0.11708751360813174
[C][=C][C][=Branch1][C][=O][O][C][=C][Branch1][#Branch2][C][=C][C][=Branch1][Ring2][=C][Ring1][=Branch1][Cl][O][C][=C][Branch1][#Branch2][C][=C][Branch1][Branch1][C][=C][Ring1][=Branch1][Cl][Cl],0.29195382207027704
[C][C][Branch2][Ring2][=Branch2][C][=C][C][=C][C][=C][Ring1][=Branch1][N][Branch2][Ring1][N][C][Ring1][=Branch2][C][=C][C][=C][Branch1][Ring2][O][Ring1][=Branch1][C][=C][C][=Branch1][Ring2][=C][Ring1][#Branch1][O][C][=Branch1][C][=O][C][=C][C][C],0.38082605174075557
[C][C][Branch2][Ring1][Branch2][C][C][Branch1][=Branch2][C][Branch1][C][F][Branch1][C][F][F][Branch1][=Branch2][C][Branch1][C][F][Branch1][C][F][F][O][C][O][C][=Branch1][C][=O][C][=C],0.12243593700461197
[C][O][C][=Branch1][C][=O][C][=C],0.01853157127109787
[C][=C][C][=Branch1][C][=O][O][C][C][#C],0.04622261435325458
[C][C][Branch1][Branch2][O][C][=Branch1][C][=O][C][=C][S][=Branch1][C][=O][=Branch1][C][=O][N],0.09374586015794009
[C][=C][C][=Branch1][C][=O][O][C][C][C][N][=C][C][=C][C][=C][Branch1][Branch1][C][=C][Ring1][=Branch1][N+1][=Branch1][C][=O][O-1],0.2325294159000148
[C][C][C][Branch1][C][C][Branch1][#Branch2][N][S][=Branch1][C][=O][=Branch1][C][=O][C][O][O][C][=Branch1][C][=O][C][=C],0.15263917603999916
[C][C][=Branch1][C][=C][C][O][C][=Branch1][C][=O][C][=C],0.06961868449561046
[C][=C][C][=Branch1][C][=O][O][C][C][=C][C][Cl],0.08520764038419801
[C][=C][C][=Branch1][C][=O][O][C][=C][C][=C][Branch1][O][C][=C][C][=C][C][=C][Ring1][=Branch1][Ring1][#Branch2][C][=N][N][C][=Branch1][C][=O][C][=C][C][=Branch1][=Branch2][=C][Branch1][Branch1][C][=C][Ring1][=Branch1][O][Cl],0.4153496680035427
[C][=C][C][=Branch1][C][=O][O][C][=C],0.03875645035077347
[C][=C][C][=Branch1][C][=O][O][C][C][=N][N][N][=C][Ring1][Branch1],0.07351792572300195
[C][=C][C][=Branch1][C][=O][O][C][C][C][=O],0.05354421631624453
[C][C][=Branch1][C][=O][O][C][C@][C][C][C@@H1][Branch2][Ring2][=C][C][C@][Ring1][=Branch1][Branch2][Ring2][=Branch1][C][C][C@@H1][C@@H1][Ring1][#Branch2][C][C][C@][Branch2][Ring1][=Branch2][C@@][Ring1][=Branch1][Branch2][Ring1][C][C][C][C@H1][Ring1][Branch1][C][=Branch1][C][=O][C][O][C][=Branch1][C][=O][C][=C][O][C][O][O][C][=Branch1][C][=O][C],0.42634880572418016
[C][=C][C][=Branch1][C][=O][O][C][C][C][C][O][Ring1][Branch1],0.06913452113530777
[C][C][=Branch1][C][=C][C@H1][C][C][C][=Branch1][Branch1][=C][C][Ring1][=Branch1][C][O][C][=Branch1][C][=O][C][=C],0.16413166484744984
[C][C][Branch1][=Branch2][C][O][C][=Branch1][C][=O][C][=C][Branch1][=Branch1][N+1][=Branch1][C][=O][O-1][N+1][=Branch1][C][=O][O-1],0.10019663561052411
[C][=C][C][=Branch1][C][=O][O][C][C][C][N][=C][=O],0.07497847894202883
[C][=C][C][=Branch1][C][=O][O][C][=C][C][=C][Branch1][Branch1][C][=C][Ring1][=Branch1][C][=Branch1][C][=O][Cl],0.15089591105473374
[C][=C][C][=Branch1][C][=O][O][C][=C][Branch1][=N][C][=Branch1][=Branch2][=C][Branch1][Branch1][C][=C][Ring1][=Branch1][F][F][F],0.1105235161295034
[C][O][C][=Branch1][C][=O][C][Branch1][=Branch2][C][O][C][=Branch1][C][=O][C][=C][C][=Branch1][C][=O][O][C],0.11603771316393527
[C][=C][C][=Branch1][C][=O][O][C][Branch1][Ring1][C][#N][Branch1][=Branch2][C][Branch1][C][F][Branch1][C][Cl][Cl][C][Branch1][C][F][Branch1][C][Cl][Cl],0.13551312323389914
[C][C][Branch1][C][C][Branch2][Ring1][=Branch2][C][=C][C][=Branch2][Ring1][C][=C][Branch1][Branch2][C][=Branch1][Ring2][=C][Ring1][=Branch1][Br][O][C][=Branch1][C][=O][C][=C][Br][C][=C][C][=Branch2][Ring1][C][=C][Branch1][Branch2][C][=Branch1][Ring2][=C][Ring1][=Branch1][Br][O][C][=Branch1][C][=O][C][=C][Br],0.4469931846364851
[C][C][=C][C][=Branch1][C][=O][N][Branch2][Ring1][O][C][=C][Ring1][#Branch1][C][=C][C][=Branch1][Ring2][=C][Ring1][=Branch1][O][C][C][C][C][C][C][O][C][=Branch1][C][=O][C][=C][C][C][=C][C][=C][C][=C][Ring1][=Branch1],0.42049933023975355
[C][=C][C][=Branch1][C][=O][O][C][=C][Branch2][Ring1][N][C][=C][Branch1][Branch1][C][=C][Ring1][=Branch1][C][=C][C][=C][C][=C][Ring1][=Branch1][S][C][=C][C][=C][C][=C][Ring1][=Branch2][Ring1][=Branch1][C][=C][C][=C][C][=C][Ring1][=Branch1][S][C][=C][C][=C][C][=C][Ring1][=Branch2][Ring1][=Branch1],0.6528038973715328
[C][C][C][C][O][C][=Branch1][C][=O][C][Branch1][C][C][O][C][=Branch1][C][=O][C][=C],0.12556779211092234
[C][=C][C][=Branch1][C][=O][O][C][=C][C][=C][Branch1][Branch1][C][=C][Ring1][=Branch1][C][Branch1][=Branch2][C][=C][C][=C][C][=C][Ring1][=Branch1][O][C][=Branch1][C][=O][C][=C],0.29422006829144615
[C][C][C][Branch1][C][C][Branch1][#Branch2][N][C][=C][C][=C][C][=C][Ring1][=Branch1][O][O][C][=Branch1][C][=O][C][=C],0.191425595863729
[C][C][C][C][C][C][C][C][C][C][C][C][C][C][C][C][C][C][C][C][C][O][C][=Branch1][C][=O][C][=C],0.34312311988277083
[C][C][=Branch2][=Branch1][S][=C][C][C][/C][=Branch2][=Branch1][Branch2][=C][/C][C][/C][=Branch2][Branch1][S][=C][/C][C][/C][=Branch2][Branch1][Branch2][=C][/C][C][/C][=Branch2][Ring2][S][=C][/C][C][/C][=Branch2][Ring2][Branch2][=C][/C][C][/C][=Branch2][Ring1][S][=C][/C][C][/C][=Branch2][Ring1][Branch2][=C][/C][C][/C][=Branch1][P][=C][/C][C][/C][=Branch1][#Branch2][=C][/C][O][C][=Branch1][C][=O][C][=C][/C][/C][/C][/C][/C][/C][/C][/C][/C][C],0.8681652420822975
[C][=C][C][=Branch1][C][=O][O][C][C][N][=C][=O],0.06375148991454033
[C][=C][C][=Branch1][C][=O][O][C][C][Branch1][=Branch2][C][O][C][=Branch1][C][=O][C][=C][O][C][=Branch1][C][=O][C][=C],0.1634606636211865
[C][=C][C][=Branch1][C][=O][O][C][=C][C][=C][Branch1][Branch1][C][=C][Ring1][=Branch1][C][=C][Ring1][=Branch1],0.14513416395769846
[C][=C][C][=Branch1][C][=O][O][C][C][O][C][=Branch1][C][=O][N][C][=C][C][=C][C][=Branch1][Ring2][=C][Ring1][=Branch1][C][N][=C][=O],0.21928243920694446
[C][=C][C][=Branch1][C][=O][O][C][C][Branch1][C][F][Branch1][C][F][C][Branch1][C][F][C][Branch1][C][F][Branch1][C][F][F],0.06969438622728819
[C][=C][C][=Branch1][C][=O][O][C][C][=C][C][=C][Branch1][Branch1][C][=C][Ring1][=Branch1][O],0.11971370894914171
[C][=C][C][=Branch1][C][=O][O][C][=C][C][=C][Branch1][Branch1][C][=C][Ring1][=Branch1][F],0.10315414633526174
[C][=C][C][=Branch1][C][=O][O][C][C][N][C][=Branch1][C][=O][C][=C][C][Ring1][=Branch1][=O],0.11114364896532683
[C][C][Branch1][=Branch1][C][Branch1][C][F][F][Branch1][=Branch1][N+1][=Branch1][C][=O][O-1][O][C][=Branch1][C][=O][C][=C],0.07715536292996075
[C][C][C][C][C][Branch1][Ring1][C][C][Branch1][Ring1][C][=O][O][C][=Branch1][C][=O][C][=C],0.14227195943398147
[C][=C][C][=Branch1][C][=O][O][C][=N][C][=C][N][Ring1][Branch1][C][=C][C][=C][C][=C][Ring1][=Branch1],0.17067621504031452
[C][=C][C][=Branch1][C][=O][O][C][Branch1][O][C][S][C][=C][C][=C][C][=C][Ring1][=Branch1][C][S][C][=C][C][=C][C][=C][Ring1][=Branch1],0.2811361061336181
[C][=C][C][=Branch1][C][=O][O][C][C][C][C][C][C][O][C][=C][C][=C][Branch1][Branch1][C][=C][Ring1][=Branch1][C][=C][C][=C][Branch1][Branch1][C][=C][Ring1][=Branch1][C][C][C][C][Branch1][Branch1][C][C][Ring1][=Branch1][C][C][C][O],0.506988945633796
[C][N][Branch1][#Branch2][C][C][O][C][=Branch1][C][=O][C][=C][S][=Branch1][C][=O][=Branch1][C][=O][C][C][C][Branch2][Branch2][#Branch1][C][Branch2][#Branch1][#C][C][Branch2][#Branch1][#Branch1][C][Branch2][=Branch1][#C][C][Branch2][=Branch1][#Branch1][C][Branch2][Branch1][#C][C][Branch2][Branch1][#Branch1][C][Branch2][Ring2][#C][C][Branch2][Ring2][#Branch1][C][Branch2][Ring1][#C][C][Branch2][Ring1][#Branch1][C][Branch1][S][C][Branch1][=Branch2][C][Branch1][C][F][Branch1][C][F][F][Branch1][C][F][F][Branch1][C][F][F][Branch1][C][F][F][Branch1][C][F][F][Branch1][C][F][F][Branch1][C][F][F][Branch1][C][F][F][Branch1][C][F][F][Branch1][C][F][F][Branch1][C][F][F][Branch1][C][F][F][Branch1][C][F][F][Branch1][C][F][F],0.4048814702658851
[C][C][Branch2][Ring1][#Branch1][C][C][C][C][Ring1][Branch1][Branch1][=C][C][Branch1][Ring2][C][Ring1][=Branch1][O][C][=Branch1][C][=O][C][=C][C][C],0.1610923430766023
[C][=C][C][C][C][C][O][C][=Branch1][C][=O][C][=C],0.09911891807477108
[C][=C][C][=Branch1][C][=O][O][C][C][Branch1][#C][C][O][C][=C][Branch1][Branch2][C][=C][C][=C][Ring1][=Branch1][Br][Br][O],0.21006679860720945
[C][=C][C][=Branch1][C][=O][O][C][C][O][C][C][O][C][C][O][C][C][O][C][C][O][C][=Branch1][C][=O][C][=C],0.2462577003237567
[C][=C][C][=Branch1][C][=O][O][C][C][N][C][=C][C][=C][C][=C][Ring1][=Branch1][C][=C][C][=C][C][=C][Ring1][=Branch1][Ring1][=N],0.2606234869844238
[C][=C][C][=Branch1][C][=O][O][C][C][C][Branch2][=Branch1][#C][C][Branch2][=Branch1][#Branch1][C][Branch2][Branch1][#C][C][Branch2][Branch1][#Branch1][C][Branch2][Ring2][#C][C][Branch2][Ring2][#Branch1][C][Branch2][Ring1][#C][C][Branch2][Ring1][#Branch1][C][Branch1][S][C][Branch1][=Branch2][C][Branch1][C][F][Branch1][C][F][F][Branch1][C][F][F][Branch1][C][F][F][Branch1][C][F][F][Branch1][C][F][F][Branch1][C][F][F][Branch1][C][F][F][Branch1][C][F][F][Branch1][C][F][F][Branch1][C][F][F][Branch1][C][F][F],0.23578664326854765
[C][S][=Branch1][C][=O][=Branch1][C][=O][N][C][C][C][C][Branch1][Branch1][C][C][Ring1][=Branch1][O][C][=Branch1][C][=O][C][=C],0.17374686126735264
[C][=C][C][=Branch1][C][=O][O][C][C][S][C][=C][C][=C][C][=C][C][=C][Ring1][=Branch1][C][=C][Ring1][#Branch2],0.2316885335315686
[C][=C][C][=Branch1][C][=O][O][C][C][C][C][C][C][C][C][C][C][C][C][N+1][=Branch1][C][=O][O-1],0.21340792620765903
[C][=C][C][=Branch1][C][=O][O][C][C][C][C][C][C][C][C][C][C][C][P][=Branch1][C][=O][Branch1][C][O][O],0.22620084273271096
[C][C][C][C][C][C][O][C][=C][C][=C][Branch1][Branch1][C][=C][Ring1][=Branch1][N][=N][C][=C][C][=C][Branch1][Branch1][C][=C][Ring1][=Branch1][O][C][C][C][C][C][C][O][C][=Branch1][C][=O][C][=C],0.4654609836834085
[C][=C][C][=Branch1][C][=O][O][C][Branch1][Ring2][C][C][O][O],0.05844015462407818
[C][=C][C][=Branch1][C][=O][O][C][C][C][C][C][C][O][C][=Branch1][C][=O][C][=C],0.15436879556029917
[C][=C][C][=Branch1][C][=O][O][C][C][C][C][C][C][C][C][C][Ring1][=Branch1][C][Ring1][#Branch2],0.16303426686523514
[C][=C][C][=Branch1][C][=O][O][C][C][C][C][C][C][O][C][=C][C][=C][Branch1][Branch1][C][=C][Ring1][=Branch1][C][=C][C][=C][Branch1][Branch1][C][=C][Ring1][=Branch1][C][#N],0.38133798891434
[C][=C][C][=Branch1][C][=O][O][C][C][C][C][C][=C][O][Ring1][=Branch1],0.10288650242216552
[C][O][C][=Branch1][C][=O][C][=C][C][=C][C][=C][Ring1][=Branch1][O][C][=Branch1][C][=O][C][=C],0.1508392132746439
[C][=C][C@@H1][Branch1][N][C][O][C][C][=C][C][=C][C][=C][Ring1][=Branch1][O][C][=Branch1][C][=O][C][=C],0.17975541646414941
[C][C][=C][C][=C][Branch1][Branch1][C][=C][Ring1][=Branch1][N][Branch1][N][C][=C][C][=C][Branch1][Branch1][C][=C][Ring1][=Branch1][C][C][=C][C][=C][Branch1][Branch1][C][=C][Ring1][=Branch1][C][=C][C][=C][Branch1][Branch1][C][=C][Ring1][=Branch1][C][C][C][C][O][C][=Branch1][C][=O][C][=C],0.6447669569707538
[C][C][C][C][C][C][S][S][C][C][O][C][=Branch1][C][=O][C][=C],0.18173475888104634
[C][C][Branch1][#C][C][=Branch1][C][=O][O][C][C][O][C][=Branch1][C][=O][C][=C][Br],0.11150679414999612
[C][=C][C][=Branch1][C][=O][O][C][C][O][N+1][=Branch1][C][=O][O-1],0.061251750840369844
[C][C][Branch1][=Branch2][C][O][C][=Branch1][C][=O][C][=C][O][C][=Branch1][C][=O][C][C][C][C][C][Br],0.17465784666480783
[C][C][=Branch1][C][=O][C][=C][C][=C][Branch1][Branch1][C][=C][Ring1][=Branch1][O][C][=Branch1][C][=O][C][=C],0.15537394040767
[C][=C][C][=Branch1][C][=O][O][C][C][O][C][C@@H1][Branch1][P][C@H1][Branch1][=N][C@@H1][Branch1][=Branch2][C@H1][Branch1][Ring2][O][Ring1][=Branch1][C][O][O][O][O],0.15566526340657333
[C][O][C][C][O][C][C][O][C][=Branch1][C][=O][C][=C],0.09327983335157766
[C][=C][C][=Branch1][C][=O][O][C][=C][C][C][C][Branch1][Ring2][C][Ring1][Branch1][C][Ring1][#Branch1],0.13955845584113719
[C][O][C][=C][C][=C][Branch1][Branch1][C][=C][Ring1][=Branch1][O][C][=Branch1][C][=O][C][=C],0.1320934605985934
[C][=C][C][=Branch1][C][=O][O][C][N][C][=Branch1][C][=O][C][=C][C][=C][C][=C][Ring1][=Branch1][C][Ring1][#Branch2][=O],0.16637425046746276
[C][=C][C][=Branch1][C][=O][O][C][=C][C][=Branch2][Ring1][=Branch1][=C][C][=C][Ring1][=Branch1][N][Branch1][O][C][=C][C][=C][C][=C][Ring1][=Branch1][Ring1][=Branch2][C][C][O][I],0.3281330583516008
[C][C][N][Branch1][Ring1][C][C][C][C][=C][Branch1][#Branch2][C][=C][C][=Branch1][Ring2][=C][Ring1][=Branch1][C][O][C][=Branch1][C][=O][C][=C],0.221741339907555
[C][C][Branch1][C][C][Branch1][C][C][C][C][O][C][=Branch1][C][=O][C][=C],0.0997753562138104
[C][C][Branch2][Ring1][#Branch1][C][C][Branch1][N][C][C][Branch1][Ring2][N][Ring1][=Branch1][Branch1][C][C][C][O][C][=Branch1][C][=O][C][=C][C],0.15748127004134266
[C][C][C][C][C][C][C][C][C][C][C][C][C][C][C][C][C][C][C][C][C][C][C][C][C][C][C][C][C][C][O][C][=Branch1][C][=O][C][=C],0.48586296657360417
[C][C][Branch1][C][C][Branch1][#Branch1][C][N][Branch1][C][C][C][C][O][C][=Branch1][C][=O][C][=C],0.12695108346820547
[C][C][C][C][C][C][C][C][C][C][C][C][C][C][C][C][C][C][C][C][C][C][C][C][C][C][C][C][C][C][C][C][C][C][C][C][O][C][=Branch1][C][=O][C][=C],0.5930203318252631
[C][=C][C][=Branch1][C][=O][O][C][C][O][C][C][O][C][=C][C][=C][C][=C][C][=C][Ring1][=Branch1][C][=C][Ring1][#Branch2],0.2616620897294923
[C][C@][C][C][C][=Branch1][C][=O][C][=C][Ring1][#Branch1][C][C][C@@H1][C@@H1][Ring1][O][C][C][C@][Branch2][Ring1][Ring2][C@H1][Ring1][=Branch1][C][C][C@][Ring1][Branch1][Branch1][Ring1][C][=C][O][C][=Branch1][C][=O][C][=C][C],0.3532762057372962
[C][=C][C][=Branch1][C][=O][O][C][Branch2][Ring2][#Branch1][C][Branch1][=Branch2][C][Branch1][C][F][Branch1][C][F][F][Branch2][Ring1][Branch2][O][C][Branch1][S][C][Branch1][=Branch2][C][Branch1][C][F][Branch1][C][F][F][Branch1][C][F][F][Branch1][C][F][F][F][Branch1][=Branch2][C][Branch1][C][F][Branch1][C][F][F][C][Branch1][C][F][Branch1][C][F][F],0.1466983480173004
[C][C][Branch1][C][C][C][C][C][C][C][C][C][C][O][C][=Branch1][C][=O][C][=C],0.17753268942249095
[C][=C][C][=Branch1][C][=O][O][C][C][C][C][C][C][C][C][C][C][C],0.18080039676973403
[C][=C][C][=Branch1][C][=O][O][C][C][Branch2][Ring2][S][C][C][Branch2][Ring2][#Branch1][C][Branch2][Ring1][#C][C][Branch2][Ring1][#Branch1][C][Branch1][S][C][Branch1][=Branch2][C][Branch1][C][F][Branch1][C][F][F][Branch1][C][F][F][Branch1][C][F][F][Branch1][C][F][F][Branch1][C][F][F][Branch1][C][F][F][O],0.15874387038153198
[C][C][Branch1][C][C][Branch1][=Branch2][C][=C][C][=C][C][=C][Ring1][=Branch1][C][=C][C][=C][Branch1][Branch1][C][=C][Ring1][=Branch1][O][C][C][O][C][=Branch1][C][=O][C][=C],0.29825892536305465
[C][C][Branch1][C][C][C][C][C][C][C][C][C][C][C][O][C][=Branch1][C][=O][C][=C],0.19929958079925847
[C][C][Branch1][C][C][Branch2][Ring1][=Branch2][C][=C][C][=C][Branch1][Branch1][C][=C][Ring1][=Branch1][O][C][C][Branch1][=Branch2][C][O][C][=Branch1][C][=O][C][=C][O][C][=C][C][=C][Branch1][Branch1][C][=C][Ring1][=Branch1][O][C][C][Branch1][=Branch2][C][O][C][=Branch1][C][=O][C][=C][O],0.42887832072065085
[C][=C][C][=Branch1][C][=O][O][C][Branch1][Ring1][C][#N][Branch1][=Branch2][C][Branch1][C][F][Branch1][C][F][F][C][Branch1][C][F][Branch1][C][F][F],0.07359145092649794
[C][C][C][Branch1][=Branch2][C][O][C][=Branch1][C][=O][C][=C][O],0.07074663536073852
[C][C][Branch1][Branch1][C][O][Ring1][Ring1][C][O][C][=Branch1][C][=O][C][=C],0.06893373932404706
[C][=C][C][=Branch1][C][=O][O][C][C][Branch1][Ring1][C][O][Branch1][=Branch2][C][O][C][=Branch1][C][=O][C][=C][C][O][C][=Branch1][C][=O][C][=C],0.20145401249162093
[C][O][C][C][C][C][C][C][O][C][=Branch1][C][=O][C][=C],0.12105599648900409
[C][O][C][C][O][C][C][O][C][C][O][C][C][O][C][C][O][C][C][O][C][C][O][C][C][O][C][C][O][C][C][O][C][C][O][C][C][O][C][=Branch1][C][=O][C][=C],0.47528639272622253
[C][C][Branch1][=Branch2][C][O][C][=Branch1][C][=O][C][=C][Cl],0.06460314438969128
[C][=C][C][=Branch1][C][=O][O][C][C][O][C][C][O][C][C][O][C][C][O][C][C][O][C][C][O],0.23080690655230623
[C][C][C][C][C][Branch1][Ring2][C][C][C][O][C][=Branch1][C][=O][C][=C],0.13473136657111412
[C][=C][C][=Branch1][C][=O][O][C][Branch1][C][C][O][C][C][=C][C][=C][C][=C][Ring1][=Branch1],0.15233229194757048
[C][=C][C][=Branch1][C][=O][O][C][C][C][C][C][C][=C][Ring1][=Branch1],0.11867509877828769
[C][C][=C][C][=Branch1][S][=C][C][=Branch1][O][=C][Ring1][=Branch1][O][C][=Branch1][C][=O][C][=C][C][N][=N][C][=C][C][=C][Branch1][Branch1][C][=C][Ring1][=Branch1][Br],0.3178034205695635
[C][C][Branch1][C][C][Branch1][C][C][O][C][=Branch1][C][=O][O][C][=C][C][=C][Branch1][Branch1][C][=C][Ring1][=Branch1][C][O][C][=Branch1][C][=O][C][=C],0.22373185798889422
[C][C@@H1][C][C][C@H1][Branch1][=C][C@@H1][Branch1][Ring2][C][Ring1][=Branch1][O][C][=Branch1][C][=O][C][=C][C][Branch1][C][C][Branch1][C][C][C][=C][C][=C][C][=C][C][=C][Ring1][=Branch1][C][=C][Ring1][#Branch2],0.3395719163907248
[C][=C][C][=Branch1][C][=O][O][C][=C][C][=C][C][=C][Ring1][=Branch1][P][=Branch1][C][=S][Branch1][=Branch2][C][=C][C][=C][C][=C][Ring1][=Branch1][C][=C][C][=C][C][=C][Ring1][=Branch1],0.35911073961542317
[C][=C][C][=Branch1][C][=O][O][C][=C][C][=C][Branch1][Branch1][C][=C][Ring1][=Branch1][C][#N],0.13537264856490913
[C][=C][C][=Branch1][C][=O][O][C][C][=C][C][=C][C][=C][Ring1][=Branch1][C][=C][C][=C][C][=C][Ring1][=Branch1],0.21657252380644948
[C][=C][C][=Branch1][C][=O][O][C][C][C][C][C][C][C][C][C][C][C][C][O],0.19855756608492975
[C][C][=Branch1][C][=O][N][C][=C][C][=Branch1][=Branch1][=C][C][=C][Ring1][=Branch1][O][C][=Branch1][C][=O][C][=C],0.1664740271204322
[C][=C][C][=Branch1][C][=O][O][C][C][C][C][C][O][Ring1][=Branch1],0.0848810290815499
[C][S][=Branch1][C][=O][=Branch1][C][=O][O][C][=Branch1][C][=O][C][=C],0.05690101426251711
[C][C][C][C][C][C][C][C][C][C][C][C][C][C][C][C][C][C][C][C][O][C][=Branch1][C][=O][C][=C],0.3301660712471272
[C][=C][C][=Branch1][C][=O][O][C][C][Branch2][Ring1][#Branch1][C][Branch1][S][C][Branch1][=Branch2][C][Branch1][C][F][Branch1][C][F][F][Branch1][C][F][F][Branch1][C][F][F][Branch1][C][F][F],0.0902396807696079
[C][N@@+1][Branch2][Ring2][=Branch2][C][C][C][=C][C][=Branch2][Ring1][#C][=C][Branch2][Ring1][=Branch2][C][=C][Ring1][=Branch1][C@H1][Ring1][#Branch2][C][C][=C][C][=Branch1][#Branch2][=C][Branch1][Branch1][C][=C][Ring1][=Branch1][O][C][O][C][O][C][O][C][C][C][C][=Branch1][C][=O][O][C][C][C][C][C][O][C][=Branch1][C][=O][C][=C],0.5841592599563971
[C][=C][C][=Branch1][C][=O][O][C][Branch1][Ring1][C][#N][Branch1][=Branch2][C][Branch1][C][F][Branch1][C][F][Cl][C][Branch1][C][F][Branch1][C][F][Cl],0.10249655049906761
[C][=C][C][=Branch1][C][=O][O][C][=C][C][=C][C][=Branch1][Ring2][=C][Ring1][=Branch1][N][C][=C][C][=C][C][=C][Ring1][=Branch1],0.24120661904859902
[C][=C][C][=Branch1][C][=O][O][C][=C][C][=C][Branch1][Branch1][C][=C][Ring1][=Branch1][C][=C][C][=C][C][=C][Ring1][=Branch1],0.23191114669005436
[C][=C][C][=Branch1][C][=O][O][C][=C][C][=C][C][=Branch1][=Branch1][=C][Ring1][=Branch1][C][#N][C][=C][C][=C][C][=C][Ring1][=Branch1],0.2420235015832744
[C][N][Branch1][#Branch2][C][C][O][C][=Branch1][C][=O][C][=C][S][=Branch1][C][=O][=Branch1][C][=O][C][C][C][Branch2][Ring2][#Branch1][C][Branch2][Ring1][#C][C][Branch2][Ring1][#Branch1][C][Branch1][S][C][Branch1][=Branch2][C][Branch1][C][F][Branch1][C][F][F][Branch1][C][F][F][Branch1][C][F][F][Branch1][C][F][F][Branch1][C][F][F][Branch1][C][F][F],0.25897357358626105
[C][=C][C][=Branch1][C][=O][O][C][Branch2][Ring2][#Branch1][C][Branch2][Ring1][#C][C][Branch2][Ring1][#Branch1][C][Branch1][S][C][Branch1][=Branch2][C][Branch1][C][F][Branch1][C][F][F][Branch1][C][F][F][Branch1][C][F][F][Branch1][C][F][F][Branch1][C][F][F][Branch1][C][F][F],0.10725620116407328
[C][=C][C][=Branch1][C][=O][O][C][C][C][=Branch1][C][=O][N][=N+1][=N-1],0.08438702211678045
[C][C][=C][C][=C][Branch1][Branch1][C][=C][Ring1][=Branch1][N][Branch2][Ring1][=C][C][=C][C][=C][Branch1][Branch1][C][=C][Ring1][=Branch1][C][=C][C][=C][Branch1][Branch1][C][=C][Ring1][=Branch1][C][C][O][C][=Branch1][C][=O][C][=C][C][=C][Branch1][#Branch2][C][=C][Branch1][Branch1][C][=C][Ring1][=Branch1][C][C],0.6288529559411051
[C][O][C][C][O][C][C][O][C][C][O][C][C][O][C][C][O][C][=Branch1][C][=O][C][=C],0.2123007220395179
[C][=C][C][=Branch1][C][=O][O][C][C][C@H1][C][C][C@][Ring1][=Branch1][Branch1][C][C][C][Ring1][=Branch1][Branch1][C][C][C],0.156482835351222
[C][C][Branch1][C][C][C][Branch2][Ring1][C][C][C][C][C][C][Branch1][Ring2][C][Ring1][=Branch1][C][C][Ring1][=Branch2][C][Ring1][#Branch1][O][C][=Branch1][C][=O][C][=C],0.20099264415600204
[C][C][Branch2][Ring1][C][C][=Branch1][C][=O][O][C][C][C][C][C][O][C][=Branch1][C][=O][C][=C][Br],0.161247096186754
[C][=C][C][=Branch1][C][=O][O][C][C][O][P][=Branch1][C][=O][O][C][C][O][Ring1][=Branch1],0.1115796413988055
[C][=C][C][=Branch1][C][=O][O][C][=C][C][=C][Branch1][Branch1][C][=C][Ring1][=Branch1][C][=Branch1][C][=O][C][C][Branch1][Ring2][O][Ring1][=Branch2][C][=C][C][=C][C][=C][Ring1][=Branch1],0.28501855907455764
[C][C][C][C][C][C][C][C][Branch1][C][C][C][O][C][=Branch1][C][=O][C][=C],0.167257124510015
[C][=C][C][=Branch1][C][=O][O][C][C][C][=C][C][=C][C][=C][Ring1][=Branch1],0.12632541460118682
[C][C@][C][C][C@H1][Branch1][Branch2][C][Ring1][Branch1][Branch1][C][C][C][C][C@H1][Ring1][=Branch2][O][C][=Branch1][C][=O][C][=C],0.16088453000346586
[C][=C][C][=Branch1][C][=O][O][C][Branch1][C][F][Branch1][C][F][C][F],0.034882178289492784
[C][=C][C][=Branch1][C][=O][O][C][C][O][C][=C][Branch1][#C][C][=C][C][=C][Ring1][=Branch1][C][=C][C][=C][C][=C][Ring1][=Branch1][C][=C][C][=C][C][=C][Ring1][=Branch1],0.36357265819584283
[C][C][Branch1][C][C][Branch1][C][C][O][C][=Branch1][C][=O][C][C][O][C][C][O][C][C][O][C][C][O][C][C][O][C][C][O][C][=Branch1][C][=O][C][=C],0.30995860673121745
[C][C][N][C][Branch2][Ring1][Branch1][C][C][=C][C][=C][Branch1][Branch1][C][=C][Ring1][=Branch1][C][C][=C][C][=C][C][=C][Ring1][=Branch1][O][C][=Branch1][C][=O][C][=C],0.2869577020024155
[C][C][Branch1][C][O][O][C][Branch1][C][C][O][C][=Branch1][C][=O][C][=C],0.07893009327429684
[C][=C][C][=Branch1][C][=O][O][C][C][C][O][Ring1][Ring1],0.053092673622278784
[C][=C][C][=Branch1][C][=O][O][C][C][=C][Branch1][S][O][C][=Branch1][Ring2][=N][Ring1][Branch1][C][=C][C][=C][C][=C][Ring1][=Branch1][C][=C][C][=C][C][=C][Ring1][=Branch1],0.3390544295101239
[C][C][C][=C][C-1][Branch1][Branch1][C][=C][Ring1][Branch1][O][C][=Branch1][C][=O][C][=C],0.1516571768444968
[C][=C][C][=Branch1][C][=O][O][C][C][O][C][C][O][C][=C],0.11243694194800727
[C][N][Branch1][#Branch2][C][C][O][C][=Branch1][C][=O][C][=C][S][=Branch1][C][=O][=Branch1][C][=O][C][C][Branch2][=Branch2][#Branch1][C][Branch2][Branch2][#C][C][Branch2][Branch2][#Branch1][C][Branch2][#Branch1][#C][C][Branch2][#Branch1][#Branch1][C][Branch2][=Branch1][#C][C][Branch2][=Branch1][#Branch1][C][Branch2][Branch1][#C][C][Branch2][Branch1][#Branch1][C][Branch2][Ring2][#C][C][Branch2][Ring2][#Branch1][C][Branch2][Ring1][#C][C][Branch2][Ring1][#Branch1][C][Branch1][S][C][Branch1][=Branch2][C][Branch1][C][F][Branch1][C][F][F][Branch1][C][F][F][Branch1][C][F][F][Branch1][C][F][F][Branch1][C][F][F][Branch1][C][F][F][Branch1][C][F][F][Branch1][C][F][F][Branch1][C][F][F][Branch1][C][F][F][Branch1][C][F][F][Branch1][C][F][F][Branch1][C][F][F][Branch1][C][F][F][Branch1][C][F][F][Branch1][C][F][F],0.4292017720259006
[C][N][Branch1][C][C][C][C][C][O][C][=Branch1][C][=O][C][=C],0.08953487635304652
[C][=C][C][=Branch1][C][=O][O][C][Branch2][Ring1][P][C][C][Branch2][Ring1][Ring1][C][C][=C][Branch1][Branch1][C][=C][Ring1][=Branch1][C][C][=C][C][=C][C][=C][Ring1][=Branch1][C][C][=C][C][=C][C][=C][Ring1][=Branch1][N],0.3509151867038665
[C][=C][C][=Branch1][C][=O][O][C][C][C][C][O][C][C][C][#N],0.1214058419058254
[C][C][C][C][C][Branch1][=C][C][Branch1][Ring2][C][Ring1][=Branch1][O][C][=Branch1][C][=O][C][=C][C][Branch1][C][C][C],0.16388072483494331
[C][N][Branch1][C][C][C][C][=C][Branch1][#C][C][=Branch1][#Branch2][=C][C][=Branch1][Ring2][=C][Ring1][=Branch1][C][=O][O][C][O][C][=Branch1][C][=O][C][=C],0.2277778912644874
[C][C][C][C][C][Branch1][C][C][O][C][=Branch1][C][=O][C][=C],0.10102922325722141
[C][C][Branch1][C][C][Branch1][=Branch2][C][Branch1][C][Cl][Branch1][C][Cl][Cl][O][C][=Branch1][C][=O][C][=C],0.11871354043153737
[C][C][C][C][C][C][Branch1][Ring2][C][C][C][C][O][C][=Branch1][C][=O][C][=C],0.17171420856659522
[C][C][Branch1][C][C][C][C][C][C][C][C][C][C][C][C][C][C][C][C][C][O][C][=Branch1][C][=O][C][=C],0.2959003223961761
[C][=C][C][=Branch1][C][=O][O][O],0.009507019702279733
[C][=C][C][=Branch1][C][=O][O][C][=C][C][=C][Branch1][Branch1][C][=C][Ring1][=Branch1][N][=N][C][=C][C][=C][C][=C][Ring1][=Branch1],0.24584187661767654
[C][=C][C][=Branch1][C][=O][O][C][C][C][Branch2][Branch2][#C][C][Branch2][Branch2][#Branch1][C][Branch2][#Branch1][#C][C][Branch2][#Branch1][#Branch1][C][Branch2][=Branch1][#C][C][Branch2][=Branch1][#Branch1][C][Branch2][Branch1][#C][C][Branch2][Branch1][#Branch1][C][Branch2][Ring2][#C][C][Branch2][Ring2][#Branch1][C][Branch2][Ring1][#C][C][Branch2][Ring1][#Branch1][C][Branch1][=Branch2][C][Branch1][C][F][Branch1][C][F][F][Branch1][=Branch2][C][Branch1][C][F][Branch1][C][F][F][F][Branch1][C][F][F][Branch1][C][F][F][Branch1][C][F][F][Branch1][C][F][F][Branch1][C][F][F][Branch1][C][F][F][Branch1][C][F][F][Branch1][C][F][F][Branch1][C][F][F][Branch1][C][F][F][Branch1][C][F][F][Branch1][C][F][F],0.320806642613242
[C][=C][C][=Branch1][C][=O][O][C][C][C][C][Branch1][Ring2][C][Ring1][Branch1][C][=C][Ring1][#Branch1],0.10880732445035765
[C][C][Branch2][Ring1][Branch2][C][C][Branch1][=N][C][C][Branch1][Branch1][N][Ring1][=Branch1][C][Branch1][C][C][C][O][C][=Branch1][C][=O][C][=C][C],0.17358394434344576
[C][C][C][C][C][C][C][C][/C][=Branch1][=Branch2][=C][\O][C][=Branch1][C][=O][C][=C][/C][=Branch1][C][=O][N],0.2011169274448253
[C][=C][C][=Branch1][C][=O][O][C][C][C][=Branch1][C][=O][N][C][C@H1][C][N][Branch1][O][C][=Branch1][C][=O][C@H1][Ring1][=Branch1][C][Ring1][=Branch2][C][=C][C][=C][C][=C][Ring1][=Branch1][C][=N][N][Ring1][Branch1][C][=C][C][=C][C][=C][Ring1][=Branch1][F],0.4641046888837628
[C][=C][C][=Branch1][C][=O][O][C][C][=C][C][=C][C][=C][Ring1][=Branch1][O],0.11811149575202903
[C][=C][C][=Branch1][C][=O][O][C][=C][Branch1][=C][C][=C][Branch1][Branch1][C][=C][Ring1][=Branch1][N+1][=Branch1][C][=O][O-1][N+1][=Branch1][C][=O][O-1],0.163226477836185
[C][C@@][C][C][C@@H1][Branch1][Ring2][C][Ring1][Branch1][C][Branch1][O][C@@H1][Ring1][#Branch1][O][C][=Branch1][C][=O][C][=C][Branch1][C][C][C],0.1572527759764396
[C][C][=Branch1][C][=O][O][C][=C][C][=C][Branch1][Branch1][C][=C][Ring1][=Branch1][C][C][O][C][=Branch1][C][=O][C][=C],0.17705279780743644
[C][C][Branch1][C][C][Branch1][C][C][C][C][C][C][Branch1][Branch1][C][C][Ring1][=Branch1][O][C][=Branch1][C][=O][C][=C],0.16559850686449964
[C][S][=Branch1][C][=O][=Branch1][C][=O][O][C][C][C][C][C][Branch1][Ring2][C][Ring1][=Branch1][C][C][Branch1][Ring2][C][Ring1][#Branch1][Branch1][Ring2][C][Ring1][#Branch2][O][C][=Branch1][C][=O][C][=C],0.21667447217961966
[C][O][C][=C][C][=C][Branch1][Branch1][C][=C][Ring1][=Branch1][N][=N][C][=C][C][=C][Branch1][Branch1][C][=C][Ring1][=Branch1][O][C][C][O][C][=Branch1][C][=O][C][=C],0.31171186549964724
[C][=C][C][=Branch1][C][=O][O][C][=O],0.01923426028472463
[C][C][N][Branch1][#Branch2][C][C][O][C][=Branch1][C][=O][C][=C][S][=Branch1][C][=O][=Branch1][C][=O][C][Branch2][Ring1][#Branch1][C][Branch1][S][C][Branch1][=Branch2][C][Branch1][C][F][Branch1][C][F][F][Branch1][C][F][F][Branch1][C][F][F][Branch1][C][F][F],0.2104075117260764
[C][C][Branch2][Ring1][C][C][C][C][C][C][Branch1][Ring2][C][Ring1][=Branch1][C][C][Ring1][=Branch2][C][Ring1][#Branch1][O][C][=Branch1][C][=O][C][=C],0.17194246165466487
[C][C][Branch1][=Branch2][C][C][C][=C][Branch1][C][C][C][C][C][O][C][=Branch1][C][=O][C][=C],0.16793360246917288
[C][C][=C][C][=Branch2][Ring2][Branch1][=C][Branch2][Ring1][#Branch2][C][=Branch1][Ring2][=C][Ring1][=Branch1][C][=C][C][=C][C][=C][Ring1][=Branch1][S][C][=C][C][=C][C][=C][Ring1][=Branch2][Ring1][=Branch1][O][C][=Branch1][C][=O][C][=C][C][=C][C][=C][C][=C][Ring1][=Branch1][S][C][=C][C][=C][C][=C][Ring1][=Branch2][Ring1][=Branch1],0.6263678838651475
[C][C][C][Branch1][C][C][Branch1][C][C][C][C][C][C][Branch1][Branch1][C][C][Ring1][=Branch1][O][C][=Branch1][C][=O][C][=C],0.18215906890519107
[C][C@H1][Branch2][Ring1][O][C][C][C][=Branch1][C][=O][N][C@@H1][C@H1][Branch1][#C][C@@H1][Branch1][O][C@H1][Branch1][=Branch1][O][C][Ring1][=Branch1][O][C][O][O][O][C@H1][C][C][C@@H1][C@@][Ring1][Branch1][Branch2][Ring2][#Branch1][C@H1][Branch2][Ring2][C][C][C@H1][C@H1][Ring1][=Branch1][C@@H1][Branch2][Ring1][Branch2][C][C@H1][C@@][Ring1][=Branch1][Branch1][S][C][C][C@H1][Branch1][Ring2][C][Ring1][=Branch1][O][C][=Branch1][C][=O][C][=C][C][O][O][C],0.5338724084884025
[C][=C][C][=Branch1][C][=O][O][C][=C][C][=Branch2][Ring1][Ring2][=C][Branch1][Branch1][C][=C][Ring1][=Branch1][C][=Branch1][C][=O][C][=C][C][=C][C][=C][Ring1][=Branch1][O],0.25602684816863097
[C][=C][C][=Branch1][C][=O][O][C][C][O][C][=Branch1][C][=O][C][Br],0.09276559517850852
[C][C][C][C][C][C][C][C][C][C][C][Branch1][Branch1][C][C][C][C][O][C][=Branch1][C][=O][C][=C],0.24770325179539632
[C][C][C][C][C][C][C][C][C][C][C][C][C][C][C][Branch1][C][C][C][O][C][=Branch1][C][=O][C][=C],0.2802169985782569
[C][=C][C][=Branch1][C][=O][O][C][C][=C][C][=C][C][=C][C][Ring1][=Branch1][=C][C][=C][C][=C][C][=C][Ring1][=Branch1][Ring1][=C],0.29240145918985594
[C][=C][C][=Branch1][C][=O][O][F],0.005503398853244433
[C][=C][C][=Branch1][C][=O][O][C][=C][C][=C][Branch1][Branch1][C][=C][Ring1][=Branch1][S][C][=Branch1][C][=O][O][Ring1][Branch2],0.15973569921188918
[C][O][13C][=Branch1][C][=O][13CH1][=13CH2],0.01853157127109787
[C][O][C][=Branch1][C][=O][N][C][C][O][C][=Branch1][C][=O][C][=C],0.08257729541519682
[C][=C][C][=Branch1][C][=O][O][C][=N][C][=C][C][=C][C][=C][Ring1][=Branch1][N][Ring1][=Branch2],0.15835385140615116
[C][=C][C][=Branch1][C][=O][N][C][=C][C][=C][C][=Branch1][Ring2][=C][Ring1][=Branch1][C][=C][C][=C][C][=C][N][=C][Branch1][#Branch1][N][=C][Ring1][=Branch1][Ring1][#Branch2][N][C][=C][C][=C][Branch1][Branch1][C][=C][Ring1][=Branch1][N][C][C][N][Branch1][Branch1][C][C][Ring1][=Branch1][C][C][O][C][=Branch1][C][=O][C][=C],0.6458359112547749
[C][=C][C][=Branch1][C][=O][O][C][Branch1][C][C][Branch1][C][C][C],0.06678005034878495
[C][C][C][C][C][C][Branch1][C][C][O][C][=Branch1][C][=O][C][=C],0.11674635717669898
[C][=C][C][=Branch1][C][=O][O][C][C][C][C][O][C][=Branch1][C][=O][C][=C][C][=C][Branch1][Branch1][C][=C][Ring1][=Branch1][O],0.19594922659244346
[C][C][Branch1][=C][C][=C][C][=C][C][=C][Ring1][=Branch1][N+1][=Branch1][C][=O][O-1][O][C][=Branch1][C][=O][C][=C],0.156638572814443
[C][C][Branch1][C][C][Branch1][C][C][C][Branch1][Branch2][O][C][=Branch1][C][=O][C][=C][Br],0.1059325923147546
[C][=C][C][=Branch1][C][=O][O][C][C][=C][Branch1][=C][C][=C][Branch1][Branch1][C][=C][Ring1][=Branch1][N+1][=Branch1][C][=O][O-1][N+1][=Branch1][C][=O][O-1],0.16110577426736095
[C][C][Branch1][C][C][Branch2][Ring1][Ring1][C][C][O][C][Branch1][C][C][Branch1][C][C][C][O][C][=Branch1][C][=O][C][=C][O][C][=Branch1][C][=O][C][=C],0.20742500275583553
[C][=C][C][=Branch1][C][=O][O][C][C][Branch1][C][O][C][O][C][=C][C][=C][Branch2][Ring1][S][C][Branch1][C][C][Branch1][C][C][C][=C][C][=C][Branch1][#C][O][C][C][Branch1][C][O][C][O][C][=Branch1][C][=O][C][=C][C][=C][Ring1][S][C][=C][Ring2][Ring1][=Branch2],0.4366010721912231
[C][C][C][N][C][=Branch1][C][=O][O][C][C][O][C][=Branch1][C][=O][C][=C],0.12257463965490864
[C][=C][C][=Branch1][C][=O][O][C][C][C][C][C][C][O][C][=C][C][=C][Branch1][Branch1][C][=C][Ring1][=Branch1][C][=Branch1][C][=O][O][C][=C][C][=C][Branch1][Branch1][C][=C][Ring1][=Branch1][C][#N],0.3964105837930164
[C][=C][C][=Branch1][C][=O][O][C][C][=C][C][=Branch1][=Branch1][=C][C][=C][Ring1][=Branch1][O][C][=C][C][=C][C][=C][Ring1][=Branch1],0.23154904966565698
[C][C][C][C][C][C][C][C][C][C][C][C][C][C][C][C][C][C][Branch1][C][C][C][O][C][=Branch1][C][=O][C][=C],0.33279140141507196
[C][C][S][C][C][O][C][=Branch1][C][=O][C][=C],0.09190637676852609
[C][C][=C][C][=Branch1][C][=O][N][C][=Branch1][Ring2][=N][Ring1][#Branch1][N][C][=Branch1][C][=O][N][C][C][C][C][C][C][N][C][=Branch1][C][=O][O][C][C][C][C][O][C][=Branch1][C][=O][C][=C],0.3572223700620812
[C][=C][C][=Branch1][C][=O][O][C][=Branch1][C][=O][O],0.022604872958167523
[C][C][Branch1][C][C][C][=Branch1][C][=O][N][C][C][O][C][=Branch1][C][=O][C][=C],0.1112821832968586
[C][C][C][C][C][C][C][C][C][C][C][C][C][Branch1][C][C][C][O][C][=Branch1][C][=O][C][=C],0.25070312164080527
[C][=C][C][=Branch1][C][=O][O][C][C][C][=Branch1][C][=O][O][C][Ring1][=Branch1],0.0718224942334697
[C][=C][C][=Branch1][C][=O][O][C][C][O][C][C][O][C][C][N][C][=Branch1][C][=O][O][C][C][C@H1][C@@H1][Ring1][Ring1][C][C][C][#C][C][C][Ring1][Branch2],0.29921249457072135
[C][=C][C][=Branch1][C][=O][O][C][C][=C][C][=C][O][Ring1][Branch1],0.08014337181643794
[C][=C][C][=Branch1][C][=O][O][C][C][=C][C][C][Ring1][Branch1][C][C][C][Ring1][Branch1][C][=C][Ring1][Branch1],0.1576086147195607
[C][=C][C][=Branch1][C][=O][O][C][C][=C][C][=Branch1][=Branch2][=C][C][=Branch1][Ring2][=C][Ring1][=Branch1][Br][Br],0.16220343531116985
[C][C][Branch1][C][C][Branch1][#Branch1][C][C][C][Ring1][Ring1][=C][O][C][=Branch1][C][=O][C][=C],0.1149439667168222
[C][C][C][C][Branch1][C][C][Branch1][C][C][O][C][=Branch1][C][=O][C][=C],0.10202544472582567
[C][=C][C][=Branch1][C][=O][O][C][C][C][C][C][C][O][C][=C][C][=C][C][=C][C][=Branch1][C][=O][O][C][Ring1][#Branch1][=C][Ring1][O],0.29314202083356333
[C][=C][C][=Branch1][C][=O][O][C][=C][C][Branch1][C][C][=C][C][=C][Ring1][#Branch1][C][Branch1][C][C][C],0.17808937886325762
[C][=C][C][=Branch1][C][=O][O][C][C][C][Branch1][=Branch2][C][Branch1][C][F][Branch1][C][F][F][Branch1][C][F][F],0.06995154030434708
[C][=C][C][=Branch1][C][=O][O][N][C][=C][N][=C][Ring1][Branch1],0.06663671192026036
[C][=C][C][=Branch1][C][=O][O][C][C][=C][C][Branch1][S][C][=Branch1][C][=O][C][=C][C][=C][Branch1][C][F][C][=C][Ring1][#Branch1][=N][O][Ring1][=C],0.20902491292735298
[C][C][Branch2][Ring1][=Branch1][C][O][C][Branch1][Branch1][O][C][Ring1][=Branch1][C][C][O][C][C][O][C][=Branch1][C][=O][C][=C][C],0.17799095941384155
[C][C][C][C][C][C][C][C][C][C][C][Branch1][Ring1][C][C][O][C][=Branch1][C][=O][C][=C],0.21747146603415696
[C][C][Branch1][C][C][Branch1][#Branch2][C][C][O][C][=Branch1][C][=O][C][=C][S][C][=C][C][=C][C][=C][Ring1][=Branch1],0.20865104876781093
[C][=C][C][=Branch1][C][=O][O][C][=C][C][=C][C][=Branch1][Ring2][=C][Ring1][=Branch1][O][C][=C][C][=C][C][=C][Ring1][=Branch1],0.2208823885116295
[C][=C][C][=Branch1][C][=O][O][C][C][C][=Branch1][C][=O][N][C][=C][C][=C][C][=N][Ring1][=Branch1],0.15867551341364275
[C][C][C][Branch1][C][C][Branch1][C][C][O][C][=Branch1][C][=O][C][=C],0.08297812835023258
[C][=C][C][=Branch1][C][=O][O][C][=C][Branch1][#C][C][=C][Branch1][#Branch1][C][C][C][C][Ring1][=Branch1][C][=C][Ring1][#Branch2][C][=C][Branch1][=N][C][=C][C][=C][Ring1][=Branch1][C][C][C][C][Ring1][=Branch1][O][C][=Branch1][C][=O][C][=C],0.42091908650455995
[C][C][C][C][Branch1][N][C][C][Branch1][Ring2][C][Ring1][=Branch1][Branch1][C][C][C][O][C][=Branch1][C][=O][C][=C],0.14718614662155963
[C][=C][C][=Branch1][C][=O][O][C][C][O][C][=C][C][=Branch2][Ring1][Ring2][=C][Branch1][Branch1][C][=C][Ring1][=Branch1][C][=Branch1][C][=O][C][=C][C][=C][C][=C][Ring1][=Branch1][O],0.28830839649666684
[C][=C][C][=Branch1][C][=O][O][C][C][C][Branch2][Ring1][#C][C][Branch2][Ring1][#Branch1][C][Branch1][S][C][Branch1][=Branch2][C][Branch1][C][F][Branch1][C][F][F][Branch1][C][F][F][Branch1][C][F][F][Branch1][C][F][F][Branch1][C][F][F],0.12452659731665133
[C][=C][C][=Branch1][C][=O][O][C][Branch1][N][C][S][C][C][=C][C][=C][C][=C][Ring1][=Branch1][C][S][C][C][=C][C][=C][C][=C][Ring1][=Branch1],0.32194287510450154
[C][C][C][C][O][C][=Branch1][C][=O][C][=C],0.06682135377345572
[C][=C][C][=Branch1][C][=O][O][C][=C][C][=C][Branch1][Branch1][C][=C][Ring1][=Branch1][N][C][C][=C][C][=C][C][=C][Ring1][=Branch1][C][Ring1][=Branch2][=O],0.2828846691593329
[C][C][Branch1][C][C][Branch1][#C][C][=C][C][=C][Branch1][Branch1][C][=C][Ring1][=Branch1][O][C][C][O][C][=C][C][=C][Branch1][Branch1][C][=C][Ring1][=Branch1][O][C][C][O][C][=Branch1][C][=O][C][=C],0.3487643806460928
[C][C][C][C][C][C][C][C][C][Branch1][=Branch2][C][C][C][C][C][C][C][C][C][O][C][=Branch1][C][=O][C][=C],0.29764298843592313
[C][=C][C][=Branch1][C][=O][O][C][=C][C][=C][Branch1][#Branch1][C][C][C][C][Ring1][=Branch1][C][=C][Ring1][#Branch2],0.17978620810231696
[C][=C][C][=Branch1][C][=O][O][C][C][N][C][C][O][C][C][Ring1][=Branch1],0.11229555444802625
[C][C][C][C][C][C][C][C][C][C][C][C][Branch1][Ring2][C][C][C][O][C][=Branch1][C][=O][C][=C],0.24578099613922116
[C][C][C][C][C][C][C][C][C][C][O][C][=Branch1][C][=O][C][C][O][C][=Branch1][C][=O][C][=C],0.22037519608516082
[C][C][=Branch1][C][=O][O][C][C][C][C][C][Ring1][Branch1][C][C][Ring1][Branch1][O][C][=Branch1][C][=O][C][=C],0.15019801849245434
[C][=C][C][=Branch1][C][=O][O][C][C][C][N][Branch1][Branch1][C][C][Ring1][=Branch1][C][=C][Branch2][Ring2][N][C][=Branch2][Ring2][#Branch1][=C][Branch1][=Branch2][C][=Branch1][Branch1][=C][Ring1][=Branch1][F][F][C][=N][N][Branch1][#C][C][Branch1][Ring2][C][Ring1][Branch1][C][=C][C][=C][C][=C][Ring1][=Branch1][C][=C][C][=C][C][=C][Ring1][=Branch1][F][F],0.6448373318248038
[C][=C][C][=Branch1][C][=O][O][C][C][S][C],0.0732424578600232
[C][=C][C][=Branch1][C][=O][O][C][C][C][C][C][C],0.09955709873543386
[C][=C][C][=Branch1][C][=O][O][C][C@@H1][Branch1][Ring1][C][Br][Br],0.08924994028651387
[C][=C][C][=Branch1][C][=O][O][C][C][C][N][C][C][O][Ring1][Branch1],0.09118467213887191
[C][=C][C][=Branch1][C][=O][O][C][C][C][C][C][C][Branch1][Ring2][C][Ring1][#Branch1][N][Ring1][=Branch1][C],0.13465764247857157
[C][=C][C][=Branch1][C][=O][O][C][C][O][C][C][O][C][=Branch1][C][=O][C][=C],0.13169612626068047
[C][C][C][C][C][C][C][C][C][C][C][C][C][C][C][C][O][C][=Branch1][C][=O][C][C][O][C][=Branch1][C][=O][C][=C],0.32156621859599316
[C][C][C][Branch1][=C][C][O][C][Branch1][Branch1][O][C][Ring1][=Branch1][Branch1][C][C][C][C][O][C][=Branch1][C][=O][C][=C],0.15593534238350354
[C][=C][C][=Branch1][C][=O][O][C][C][Branch1][S][C][Branch1][=Branch2][C][Branch1][C][F][Branch1][C][F][F][Branch1][C][F][F][Branch1][C][F][F],0.07281077327238838
[C][=C][C][=Branch1][C][=O][O][C][C][Branch2][Ring1][P][C][O][C][C][Branch1][=Branch2][C][O][C][=Branch1][C][=O][C][=C][Branch1][=Branch2][C][O][C][=Branch1][C][=O][C][=C][C][O][C][=Branch1][C][=O][C][=C][Branch1][=Branch2][C][O][C][=Branch1][C][=O][C][=C][C][O][C][=Branch1][C][=O][C][=C],0.45675732040870354
[C][=C][C][=Branch1][C][=O][O][C][=Branch1][C][=O][C@H1][Branch1][Ring1][C][O][N],0.06878369027271206
[C][C][C][O][C][=Branch1][C][=O][C][=C],0.05106033656640784
[C][C][C][C][C][Branch1][Branch1][C][C][Ring1][=Branch1][Branch1][=Branch1][C][Branch1][C][C][C][O][C][=Branch1][C][=O][C][=C],0.16395390596389464
[C][=C][C][=Branch1][C][=O][O][C][C][C][C][Br],0.08603965520172796
[C][=C][C][=Branch1][C][=O][O][C][C][C][N+1][=Branch1][C][=O][O-1],0.07035339575447846
[C][=C][C][=Branch1][C][=O][O][C][C][C][Cl],0.06220369321797512
[C][=C][C][=Branch1][C][=O][O][C][Branch1][=Branch2][C][=C][C][=C][C][=C][Ring1][=Branch1][Branch1][=Branch2][C][=C][C][=C][C][=C][Ring1][=Branch1][C][=C][C][=C][C][=C][Ring1][=Branch1],0.317893356673423
[C][=C][C][=Branch1][C][=O][O][C][Branch1][#C][C][=C][C][=C][C][=C][C][=C][C][=C][Ring1][=Branch1][Ring1][#Branch2][O],0.20258120868204527
[C][=C][C][=Branch1][C][=O][O][C][=C][C][=C][C][=C][Ring1][=Branch1],0.10069297762902468
[C][=C][C][=Branch1][C][=O][O][C][C][C][C],0.06820490981666855
[C][C@@H1][C][C][C@H1][C][C@@H1][C@@H1][Branch2][Ring2][Ring1][C][C][C][Branch2][Ring1][Ring1][C@][Ring1][=Branch1][Branch1][=N][C][C][C@@H1][Ring1][=C][C][Ring1][N][Branch1][C][C][C][C][Branch1][C][O][O][C][=Branch1][C][=O][C][=C][C],0.3314919373420901
[C][C][Branch1][=Branch2][C][O][C][=Branch1][C][=O][C][=C][O],0.05571579530069428
[C][C][C][C][C][C][C][C][C][C][C][C][Branch1][Branch2][O][C][=Branch1][C][=O][C][=C][S],0.21819161311133306
[C][=C][C][=Branch1][C][=O][O][C][=C][C][=C][Branch1][Branch1][C][=C][Ring1][=Branch1][N][C][=Branch1][C][=O][C][Branch1][=Branch1][C][C][C][Ring1][Ring2][N],0.23161968093719437
[C][O][O][C][=Branch1][C][=O][C][=C],0.028255609810833228
[C][=C][C][=Branch1][C][=O][O][C][C][Branch1][=Branch1][N+1][=Branch1][C][=O][O-1][Branch1][=Branch1][N+1][=Branch1][C][=O][O-1][F],0.08687855428503682
[C][=C][C][=Branch1][C][=O][O][C][C][=C][C][=Branch1][=Branch1][=C][C][=C][Ring1][=Branch1][S][C][=C][C][=C][C][=C][Ring1][=Branch1],0.24955098371464862
[C][C][Branch1][C][C][Branch1][C][C][O][C][=Branch1][C][=O][N][C][C][O][C][=Branch1][C][=O][C][=C],0.13205778171397198
[C][C][Branch1][C][C][C][C][Branch1][C][C][O][C][=Branch1][C][=O][C][=C],0.09905821160351924
[C][=C][C][=Branch1][C][=O][O][C][C][N][Ring1][Ring1],0.042964785349387226
[C][C][=C][C][=C][Branch1][=Branch1][C][=C][Ring1][=Branch1][Cl][O][C][=Branch1][C][=O][C][=Branch2][Ring1][Branch1][=C][Ring1][#Branch2][C][=C][C][=Branch1][=Branch1][=C][C][=C][Ring1][=Branch1][O][C][=Branch1][C][=O][C][=C][C][C][=Branch1][C][=O][N][C][=C][Branch1][O][C][=C][Branch1][=Branch1][C][=C][Ring1][=Branch1][O][F][C][Branch1][C][F][Branch1][C][F][F],0.5449217675797668
[C][=C][C][=Branch1][C][=O][O][C][C][O][C][C][C][C][C][Ring1][Branch1][C][C][Ring1][Branch1][C][C][Branch1][Ring2][C][Ring1][Branch1][O][Ring1][Ring2],0.18880413897507753
[C][C][O][C][=C][C][=C][Branch1][Branch1][C][=C][Ring1][=Branch1][N][=N][C][=C][C][=C][Branch1][Branch1][C][=C][Ring1][=Branch1][O][C][C][C][C][C][C][O][C][=Branch1][C][=O][C][=C],0.40283759749005965
[C][=C][C][=Branch1][C][=O][O][C][C][O][C][=C][C][=C][C][=C][Ring1][=Branch1][C][C][=C][C][=C][C][=C][Ring1][=Branch1],0.2536699828692751
[C][C][C][C][O][C][C][O][C][C][O][C][=Branch1][C][=O][C][=C],0.14656135782141808
[C][=C][C][=Branch1][C][=O][O][C][=C][C][=C][Branch1][Branch1][C][=C][Ring1][=Branch1][C][Branch1][P][C][=C][Branch1][Ring2][O][Ring1][Branch2][C][=C][Branch1][Branch1][C][=C][Ring1][#Branch1][O][C][=C][C][=C][C][=C][Ring1][=Branch1][C][=Branch1][C][=O][O][Ring2][Ring1][C],0.3920784963469141
[C][C][C][Branch1][S][C][O][C][=Branch1][C][=O][C][C][O][C][=Branch1][C][=O][C][=C][Branch1][S][C][O][C][=Branch1][C][=O][C][C][O][C][=Branch1][C][=O][C][=C][C][O][C][=Branch1][C][=O][C][C][O][C][=Branch1][C][=O][C][=C],0.3860827837089741
[C][=C][C][=Branch1][C][=O][O][C][C][Branch1][=Branch1][C][Branch1][C][F][F][Branch1][C][F][F],0.05436252501123733
[C][=C][C][=Branch1][C][=O][O][C][C][C][=Branch1][C][=O][C][C][C][C][C@H1][C@@H1][C@H1][Branch1][Branch1][C][S][Ring1][Branch1][N][C][=Branch1][C][=O][N][Ring1][Branch2],0.22567191488164423
[C][C][=Branch2][Ring1][Branch2][=C][C][C][C][=Branch1][P][=C][C][C][C][=Branch1][#Branch2][=C][C][O][C][=Branch1][C][=O][C][=C][C][C][C],0.26225446422187115
[C][=C][C][=Branch1][C][=O][O][C][=N][N][N][=N][Ring1][Branch1],0.05420123178630231
[C][C][C][C][=Branch1][C][=O][O][C][=Branch1][C][=O][C][=C],0.07193740919004218
[C][=C][C][=Branch1][C][=O][O][C][C][C][C][Branch2][Ring2][#Branch1][C][Branch2][Ring1][#C][C][Branch2][Ring1][#Branch1][C][Branch1][S][C][Branch1][=Branch2][C][Branch1][C][F][Branch1][C][F][F][Branch1][C][F][F][Branch1][C][F][F][Branch1][C][F][F][Branch1][C][F][F][Branch1][C][F][F],0.16009881503349493
[C][=C][C][=Branch1][C][=O][O][C][=C][Branch1][=N][C][=C][C][=C][C][=C][Ring1][=Branch1][C][=C][Ring1][#Branch2][Br],0.21833505665780373
[C][O][C][=N][C][=Branch2][Ring2][C][=C][Branch2][Ring1][=N][C][=Branch1][C][=O][N][Ring1][#Branch1][C][=C][C][=Branch1][#Branch2][=C][Branch1][=Branch1][C][=C][Ring1][=Branch1][F][Cl][O][C][=Branch1][C][=O][C][=C][F][C][Branch1][C][F][Branch1][C][F][F],0.28802723059154245
[C][=C][C][=Branch1][C][=O][O][C][=C][C][=C][C][=C][C][=C][C][=C][Ring1][=Branch1][Ring1][#Branch2],0.1801730782461045
[C][=C][C][=Branch1][C][=O][O][C][C][C][C][O][C][=Branch1][C][=O][C][=C],0.128257500017698
[C][C][C][C][C][C][C][=C][C][=C][C][=C][Ring1][=Branch1][O][C][=Branch1][C][=O][C][=C],0.20406884630979932
[C][=C][C][=Branch1][C][=O][O][C][=C][C][=C][Branch1][Branch1][C][=C][Ring1][=Branch1][N][=C][C][=C][C][=C][Branch1][Branch1][C][=C][Ring1][=Branch1][N+1][=Branch1][C][=O][O-1],0.2838749899631237
[C][=C][C][=Branch1][C][=O][O][C][C][Branch1][=Branch1][N+1][=Branch1][C][=O][O-1][Branch1][=Branch1][N+1][=Branch1][C][=O][O-1][N+1][=Branch1][C][=O][O-1],0.11449861442342568
[C][C][Branch2][Ring2][C][C][C][Branch2][Ring1][=Branch1][C][C][Branch1][=C][N][Ring1][=Branch1][O][C][C][Branch1][C][C][Branch1][C][C][O][Branch1][C][C][C][O][C][=Branch1][C][=O][C][=C][C],0.2349117977736021
[C][=C][C][=Branch1][C][=O][O][C][C][C][C][Branch1][Ring2][C][Ring1][Branch1][C][C][Ring1][#Branch1],0.11075132791727685
[C][C][Branch1][C][C][Branch1][#C][C][=Branch1][C][=O][O][C][C][O][C][=Branch1][C][=O][C][=C][Br],0.12579926109187775
[C][=C][C][=Branch1][C][=O][O][C][=C][C][=C][Branch1][Branch1][C][=C][Ring1][=Branch1][O],0.11238111334365089
[C][C][C][C][C][=C][C][=C][Branch1][Branch1][C][=C][Ring1][=Branch1][O][C][=Branch1][C][=O][C][=C],0.1790036104281311
[C][C][Branch2][Ring1][P][C][C][Branch2][Ring1][Branch1][C][C][Branch1][=N][N][Ring1][=Branch1][O][C][C][C][C][C][C][Ring1][=Branch1][Branch1][C][C][C][O][C][=Branch1][C][=O][C][=C][C],0.25513343850473685
[C][=C][C][=Branch1][C][=O][O][C][C][C][C][C][C][Br],0.11815623846931977
[C][O][C][=C][C][=C][Branch1][Branch1][C][=C][Ring1][=Branch1][C][=N][C][=C][C][=C][Branch1][Branch1][C][=C][Ring1][=Branch1][O][C][=Branch1][C][=O][C][=C],0.2943148067282493
[C][C][C][Branch1][C][C][Branch1][Ring1][C][C][O][C][=Branch1][C][=O][C][=C],0.09930807989459742
[C][=C][C][=Branch1][C][=O][O],0.0
[C][=C][C][=Branch1][C][=O][O][O][C][=Branch1][C][=O][C][Branch1][C][C][=C][=O],0.08755237392053616
[C][C][C][C][C][Branch1][C][C][Branch1][C][C][C][O][C][=Branch1][C][=O][C][=C],0.1335795471353038
[C][=C][C][=Branch1][C][=O][O][C][C][O][C][C][O][C][C][O][C][C][O][C][C][O],0.19087664175248084
[C][=C][C][=Branch1][C][=O][O][O][C][=Branch1][C][=O][O][O][C][=Branch1][C][=O][C][=C],0.09492198086534787
[C][C][N+1][Branch1][C][C][Branch1][Ring1][C][C][C][C][O][C][=Branch1][C][=O][C][=C],0.14178552130675565
[C][=C][C][=Branch1][C][=O][O][C][=C][C][=Branch1][=Branch1][=C][C][=C][Ring1][=Branch1][S][C][=C][C][=C][C][=C][Ring1][=Branch1][N][Ring1][=N],0.27279177721235126
[C][C][Branch1][C][C][C][C][C][C][C][C][C][C][C][C][C][C][C][C][C][C][C][C][C][C][C][C][C][O][C][=Branch1][C][=O][C][=C],0.43270331358586883
[C][O][C][=C][C][=C][Branch1][Branch1][C][=C][Ring1][=Branch1][N][C][=N][C][=C][C][=Branch1][Ring2][=N][Ring1][=Branch1][N][Branch1][=Branch2][C][=Branch1][C][=O][C][=N][Ring1][Branch2][C][=C][C][=C][Branch1][Branch1][C][=C][Ring1][=Branch1][O][C][=Branch1][C][=O][C][=C],0.47204400135985236
[C][=C][C][=Branch1][C][=O][O][C][C][C][#N],0.05216841088103188
[C][C][C][Branch1][#Branch1][C][C][C][C][Ring1][Branch1][O][C][=Branch1][C][=O][C][=C],0.11452024665042365
[C][=C][C][=Branch1][C][=O][O][C][/C][=C][/C][=C][C][=C][C][=C][Ring1][=Branch1],0.16760126381987794
[C][C][Branch1][#C][C][O][C][Branch1][C][C][C][O][C][=Branch1][C][=O][C][=C][O][C][C][Branch1][C][C][O][C][=Branch1][C][=O][C][=C],0.21878178523782327
[C][N][Branch1][#Branch2][C][C][O][C][=Branch1][C][=O][C][=C][S][=Branch1][C][=O][=Branch1][C][=O][C][Branch2][Branch1][#Branch1][C][Branch2][Ring2][#C][C][Branch2][Ring2][#Branch1][C][Branch2][Ring1][#C][C][Branch2][Ring1][#Branch1][C][Branch1][S][C][Branch1][=Branch2][C][Branch1][C][F][Branch1][C][F][F][Branch1][C][F][F][Branch1][C][F][F][Branch1][C][F][F][Branch1][C][F][F][Branch1][C][F][F][Branch1][C][F][F][Branch1][C][F][F],0.2624508857311091
[C][C][C][C][C][C][Branch1][C][C][C][O][C][=Branch1][C][=O][C][=C],0.13420768937148728
[C][=C][C][=Branch1][C][=O][O][C][C][O][P][=Branch1][C][=O][Branch2][Ring1][#Branch2][O][C][P][=Branch1][C][=O][C][=C][C][=C][C][=C][Ring1][=Branch1][C][=C][C][=C][C][=C][Ring1][=Branch1][O][Ring1][#C][O][C][=C][C][=C][C][=C][Ring1][=Branch1],0.45025837180869566
[C][=C][C][=Branch1][C][=O][O][C][C][O][C][=C][C][=C][C][=C][C][=C][Ring1][=Branch1][C][=C][Ring1][#Branch2],0.22877198201051868
[C][C][Branch1][C][C][O][C][=C][C][=C][Branch1][Branch1][C][=C][Ring1][=Branch1][C][=Branch1][C][=O][N][C][=C][C][=C][Branch1][Branch1][C][=C][Ring1][=Branch1][O][C][=Branch1][C][=O][C][=C],0.34800224355433573
[C][=C][C][=Branch1][C][=O][O][C][C][C][C][C][Ring1][Branch1][C][=C][Ring1][Branch1],0.10820814715399707
[C][O][C][=C][C][=C][C][=C][Branch1][=Branch2][C][=C][Ring1][=Branch1][C][=C][Ring1][#Branch2][C][=Branch1][=Branch2][=C][C][=Branch1][C][=O][O][Ring1][O][C][O][C][=Branch1][C][=O][C][=C],0.32998085727952436
[C][=C][C][=Branch1][C][=O][O][C][C][S][C][Branch2][Ring1][=N][C][Branch2][Ring1][Branch2][O][C][Branch1][S][C][Branch1][=Branch2][C][Branch1][C][F][Branch1][C][F][F][Branch1][C][F][F][Branch1][C][F][F][F][Branch1][C][F][F],0.14903878713062962
[C][C][C][C][C][O][C][=Branch1][C][=O][C][=C][C][=C][Branch1][Branch1][C][=C][Ring1][=Branch1][O][C][=Branch1][C][=O][C][=C],0.2285414676467814
[C][C@][C][C][C][=Branch1][C][=O][C][C@@H1][Ring1][#Branch1][C][C][C@@H1][C@@H1][Ring1][O][C][C][C@][Branch1][S][C][Ring1][=Branch1][C][C][C@@H1][Ring1][Branch1][O][C][=Branch1][C][=O][C][=C][C],0.31079742926686627
[C][=C][C][=Branch1][C][=O][O][C][C][N][=C][C][=C][C][=C][Branch1][Branch1][C][=C][Ring1][=Branch1][N+1][=Branch1][C][=O][O-1],0.19758071899136065
[C][C][N][Branch1][#Branch2][C][C][O][C][=Branch1][C][=O][C][=C][S][=Branch1][C][=O][=Branch1][C][=O][C][Branch2][Ring1][#C][C][Branch2][Ring1][#Branch1][C][Branch1][S][C][Branch1][=Branch2][C][Branch1][C][F][Branch1][C][F][F][Branch1][C][F][F][Branch1][C][F][F][Branch1][C][F][F][Branch1][C][F][F],0.22263739291688006
[C][=C][C][=Branch1][C][=O][O][C][Branch2][Ring1][#Branch1][O][C][C][C][C][C][C][Branch1][O][C][C][Branch1][Ring2][C][Ring1][=Branch1][C][Ring1][=Branch2][C][Ring1][#Branch2][C][Branch1][C][C][C],0.23930826990629117
[C][=C][C][=Branch1][C][=C][C][C][C][C][O][C][=Branch1][C][=O][C][=C],0.13285382510522886
[C][=C][C][=Branch1][C][=O][O][C][C][Branch2][=Branch1][#Branch1][C][Branch2][Branch1][#C][C][Branch2][Branch1][#Branch1][C][Branch2][Ring2][#C][C][Branch2][Ring2][#Branch1][C][Branch2][Ring1][#C][C][Branch2][Ring1][#Branch1][C][Branch1][S][C][Branch1][=Branch2][C][Branch1][C][F][Branch1][C][F][F][Branch1][C][F][F][Branch1][C][F][F][Branch1][C][F][F][Branch1][C][F][F][Branch1][C][F][F][Branch1][C][F][F][Branch1][C][F][F][Branch1][C][F][F][Branch1][C][F][F],0.20292416870434427
[C][=C][C][=Branch1][C][=O][O][C][C][O][C][C][O][C][=Branch1][C][=O][C][Branch1][#Branch2][C][C][=C][C][=C][C][=C][Ring1][=Branch1][S][C][#N],0.2666920489779129
[C][=C][C][=Branch1][C][=O][O][C][=C][C][=C][C][=C][Ring1][=Branch1][N+1][=Branch1][C][=O][O-1],0.13033098339169885
[C][=C][C][=Branch1][C][=O][O][C][C][=C][Branch1][#Branch2][C][=C][C][=Branch1][Ring2][=C][Ring1][=Branch1][N][C][=C][Branch1][#Branch2][C][=C][Branch1][Branch1][C][=C][Ring1][=Branch1][N][C][O][C][=Branch1][C][=O][C][=C],0.3296939168544512
[C][C][=Branch1][C][=O][O][C][C@@H1][C@H1][Branch2][Ring2][Ring2][C@@H1][Branch2][Ring1][#Branch2][C@H1][Branch1][P][C@@H1][Branch1][Ring2][O][Ring1][=Branch1][O][C][C][O][C][=Branch1][C][=O][C][=C][O][C][=Branch1][C][=O][C][O][C][=Branch1][C][=O][C][O][C][=Branch1][C][=O][C],0.30566122235363413
[C][=C][C][=Branch1][C][=O][O][C][=N][C][=C][Branch1][Branch2][C][=C][C][=C][Ring1][=Branch1][O][C][=C][Ring1][O],0.19301807629945084
[C][=C][C][=Branch1][C][=O][O][C][C][O][C][C][O][C][C][O][C][C][O][C][=Branch1][C][=O][C][=C],0.2054106372052903
[C][=C][C][=Branch1][C][=O][O][C][C][=C][C][=C][C][=C][Ring1][=Branch1],0.1100113468176123
[C][C][C][C][C][=C][C][=C][C][=C][Ring1][=Branch1][O][C][=Branch1][C][=O][C][=C],0.17285386328365707
[C][C][C][C][C][C][Branch1][Branch2][O][C][=Branch1][C][=O][C][=C][O][C][=Branch1][C][=O][C][=C],0.1608159399841686
[C][O][C][=Branch1][C][=O][C][Branch2][Ring2][C][C][Branch1][=C][C][Ring1][Ring1][Branch1][Ring1][C][#N][C][=Branch1][C][=O][O][C][C][=C][C][=C][Branch1][Branch1][C][=C][Ring1][=Branch1][O][C][=Branch1][C][=O][C][=C][C][#N],0.2964375377232672
[C][=C][C][=Branch1][C][=O][O][C][C][C][C][C][C][Ring1][=Branch1][Cl],0.11265815190610595
[C][C][C][C][Branch1][Branch2][O][C][=Branch1][C][=O][C][=C][Br],0.09006940860638471
[C][S][C][C][C][O][C][=Branch1][C][=O][C][=C],0.08931647126690115
[C][=C][C][=Branch1][C][=O][O][C][C][C][C][C][C][Branch1][C][O][O],0.11064430309338028
[C][C][C][C][C][C][Branch1][Ring1][C][C][Branch1][Ring1][C][C][O][C][=Branch1][C][=O][C][=C],0.16380257259244482
[C][N][Branch1][#Branch2][C][C][O][C][=Branch1][C][=O][C][=C][S][=Branch1][C][=O][=Branch1][C][=O][C][Branch2][Ring2][#Branch1][C][Branch2][Ring1][#C][C][Branch2][Ring1][#Branch1][C][Branch1][S][C][Branch1][=Branch2][C][Branch1][C][F][Branch1][C][F][F][Branch1][C][F][F][Branch1][C][F][F][Branch1][C][F][F][Branch1][C][F][F][Branch1][C][F][F],0.22752699712633662
[C][=C][C][=Branch1][C][=O][O][C][=C][C][=C][Branch1][Branch1][C][=C][Ring1][=Branch1][N][C][=N][C][=Branch1][N][=C][Ring1][Branch1][C][=C][C][=C][C][=C][Ring1][=Branch1][C][=C][C][=C][C][=C][Ring1][=Branch1],0.4350879429040506
[C][C][C][C][C][O][C][=C][C][=C][Branch1][Branch1][C][=C][Ring1][=Branch1][N][=N][C][=C][C][=C][Branch1][Branch1][C][=C][Ring1][=Branch1][O][C][=Branch1][C][=O][C][=C],0.348220913138646
[C][=C][C][=Branch1][C][=O][O][C][C][O][C][C][=C][C][=C][C][=N][C][Ring1][=Branch1][=C][Branch1][Branch1][C][=C][Ring1][#Branch2][O],0.23552466224111362
[C][C][/C][=C][/C][C][O][C][=Branch1][C][=O][C][=C],0.10651804643005189
[C][C][C][Branch1][=Branch2][C][O][C][=Branch1][C][=O][C][=C][N+1][=Branch1][C][=O][O-1],0.08895032823523649
[C][=C][C][=Branch1][C][=O][O][C][C][O][C][C][O][C][C][O][C][C][O][C][C][O][C][C][O][C][=Branch1][C][=O][C][=C],0.28230424785850283
[C][=C][C][=Branch1][C][=O][O][C][C][O][C][C][O][C][C][=C][C][=C][C][=C][Ring1][=Branch1],0.18250485593643365
[C][C][C][C][C][C][C][C][=Branch1][C][=O][O][C][Branch1][C][C][C][O][C][Branch1][C][C][C][O][C][=Branch1][C][=O][C][=C],0.24472127708595143
[C][=C][C][=Branch1][C][=O][O][C][C][C][O][C][=C][C][=C][Branch1][Branch1][C][=C][Ring1][=Branch1][O],0.16122363418059263
[C][N][Branch1][#Branch2][C][C][O][C][=Branch1][C][=O][C][=C][S][=Branch1][C][=O][=Branch1][C][=O][C][C][Branch2][Branch2][#Branch1][C][Branch2][#Branch1][#C][C][Branch2][#Branch1][#Branch1][C][Branch2][=Branch1][#C][C][Branch2][=Branch1][#Branch1][C][Branch2][Branch1][#C][C][Branch2][Branch1][#Branch1][C][Branch2][Ring2][#C][C][Branch2][Ring2][#Branch1][C][Branch2][Ring1][#C][C][Branch2][Ring1][#Branch1][C][Branch1][S][C][Branch1][=Branch2][C][Branch1][C][F][Branch1][C][F][F][Branch1][C][F][F][Branch1][C][F][F][Branch1][C][F][F][Branch1][C][F][F][Branch1][C][F][F][Branch1][C][F][F][Branch1][C][F][F][Branch1][C][F][F][Branch1][C][F][F][Branch1][C][F][F][Branch1][C][F][F][Branch1][C][F][F][Branch1][C][F][F],0.3978020353802667
[C][=C][C][=Branch1][C][=O][O][C][C][C][Branch1][C][Cl][Cl],0.0786877954500595
[C][=C][C][=Branch1][C][=O][O][C][C][O][C][=C][Branch1][O][C][=C][Branch1][=Branch1][C][=C][Ring1][=Branch1][Br][Br][Br],0.2130312499635395
[C][=C][C][=Branch1][C][=O][O][C][Branch2][Ring2][=Branch2][C][C][N][C][C][N][Branch1][Branch1][C][C][Ring1][=Branch1][C][C][C][N][Branch1][N][C][=C][C][=C][Branch1][Branch1][C][=C][Ring1][=Branch1][F][C][=C][C][=C][Branch1][Branch1][C][=C][Ring1][=Branch1][F][C][=C][C][=C][C][=C][Ring1][=Branch1],0.4864082630332266
[C][=C][C][=Branch1][C][=O][O][C][C][O][C][C][N],0.08057693484298778
[C][C][=Branch1][C][=O][O][C][C][Branch2][Ring1][#C][C@@H1][C@@H1][Branch2][Ring1][Ring1][C@H1][C@@H1][Branch1][Ring2][O][Ring1][Branch1][O][C][Branch1][Ring2][O][Ring1][=Branch1][Branch1][C][C][C][O][C][=Branch1][C][=O][C][=C][O][C][=Branch1][C][=O][C][C][C][=Branch1][C][=O][N][C@H1][C][N][Branch1][Branch1][C][Ring1][Ring2][=O][C@H1][Branch1][O][C][Branch1][Ring2][S][Ring1][#Branch1][Branch1][C][C][C][C][=Branch1][C][=O][O],0.4535492212075014
[C][=C][C][=Branch1][C][=O][O][C][C][C][C][C][C][C][C],0.13062286639763843
[C][=C][C][=Branch1][C][=O][O][C][C][C][C][=C][C][=C][C][=C][Ring1][=Branch1],0.14482573257052278
[C][C][Branch1][C][C][C][C][C][C][C][C][C][O][C][=Branch1][C][=O][C][=C],0.16740565356588558
[C][=C][C][=Branch1][C][=O][O][C][N][=N][NH1][N][=Ring1][Branch1],0.05240106875898435
[C][C][C][C][C][C][C][Branch1][Branch1][C][C][Ring1][=Branch1][C][=C][C][=C][Branch1][Branch1][C][=C][Ring1][=Branch1][O][C][=Branch1][C][=O][C][=C],0.26272951677186723
[C][=C][C][=Branch1][C][=O][O][C][C][=C][C][=C][C][=C][Ring1][=Branch1][C][=C][C][=C][C][=C][Ring1][=N][Ring1][=Branch1],0.23855942305122785
[C][C][Branch1][C][C][Branch1][#Branch1][C][=Branch1][C][=O][O][C][O][C][=Branch1][C][=O][C][=C],0.09405650540043631
[C][=C][C][=Branch1][C][=O][O][C][C][C][C][C][C][C][C][C][C][S][=Branch1][C][=O][=Branch1][C][=O][O],0.19911877880765622
[C][=C][C][=Branch1][C][=O][O][C][C][C][C][Branch2][Ring1][#Branch1][C][Branch1][S][C][Branch1][=Branch2][C][Branch1][C][F][Branch1][C][F][F][Branch1][C][F][F][Branch1][C][F][F][Branch1][=Branch2][C][Branch1][C][F][Branch1][C][F][F][C][Branch1][C][F][Branch1][C][F][F],0.15562691699853487
[C][=C][C][=Branch1][C][=O][O][C][Branch2][Ring1][C][C][=C][Branch1][=N][C][=Branch1][=Branch2][=C][Branch1][Branch1][C][=C][Ring1][=Branch1][Br][Br][Br][Branch1][C][Br][Br],0.25946516176299916
[C][=C][C][=Branch1][C][=O][O][C][C][C][O][C][Ring1][Branch1][=O],0.0722084168644832
[C][=C][C][=Branch1][C][=O][O][C][C][C][C][=C][C][=N][C][=C][Ring1][=Branch1],0.1381148030510412
[C][=C][C][=Branch1][C][=O][O][O][O][C][=Branch1][C][=O][C][=C],0.07335453614174589
[C][=C][C][=Branch1][C][=O][O][C][=C][C][=C][C][Branch1][C][O][=C][Ring1][#Branch1][O],0.1213169873310381
[C][N][Branch1][#Branch2][C][C][O][C][=Branch1][C][=O][C][=C][S][=Branch1][C][=O][=Branch1][C][=O][C][C][C][Branch2][=Branch2][#Branch1][C][Branch2][Branch2][#C][C][Branch2][Branch2][#Branch1][C][Branch2][#Branch1][#C][C][Branch2][#Branch1][#Branch1][C][Branch2][=Branch1][#C][C][Branch2][=Branch1][#Branch1][C][Branch2][Branch1][#C][C][Branch2][Branch1][#Branch1][C][Branch2][Ring2][#C][C][Branch2][Ring2][#Branch1][C][Branch2][Ring1][#C][C][Branch2][Ring1][#Branch1][C][Branch1][S][C][Branch1][=Branch2][C][Branch1][C][F][Branch1][C][F][F][Branch1][C][F][F][Branch1][C][F][F][Branch1][C][F][F][Branch1][C][F][F][Branch1][C][F][F][Branch1][C][F][F][Branch1][C][F][F][Branch1][C][F][F][Branch1][C][F][F][Branch1][C][F][F][Branch1][C][F][F][Branch1][C][F][F][Branch1][C][F][F][Branch1][C][F][F][Branch1][C][F][F],0.4449725140115268
[C][=C][C][=C][Branch1][#Branch2][C][=C][Branch1][Branch1][C][=C][Ring1][=Branch1][O][O][C][=Branch1][C][=O][C][=C],0.1575176923314484
[C][C][C][C][C][C][C][C][C][C][C][C][C][C][C][C][C][Branch1][C][C][C][O][C][=Branch1][C][=O][C][=C],0.31638989850822147
[C][=C][C][=Branch1][C][=O][O][C][=C][C][=C][C][=C][Ring1][=Branch1][Cl],0.11871760244360188
[C][=C][C][=Branch1][C][=O][O][C][Branch1][#Branch1][C][C][C][C][Ring1][Branch1][C][C][C][C][C][C][Ring1][=Branch1],0.176260255172859
[C][=C][C][=Branch1][C][=O][O][C][Branch1][#Branch1][C][C][C][C][Ring1][Branch1][C][C][C][C][O][Ring1][Branch1],0.14967662317359595
[C][/C][=C][/C][C][C][O][C][=Branch1][C][=O][C][=C],0.10307107681379499
[C][=C][C][=Branch1][C][=O][O][C][C][Branch2][=Branch1][Ring2][C][Branch2][Branch1][N][C][Branch2][Branch1][Ring2][C][Branch2][Ring2][N][C][Branch2][Ring2][Ring2][C][Branch2][Ring1][N][C][Branch2][Ring1][Ring2][C][Branch1][=N][C][Branch1][=Branch1][C][Branch1][C][F][F][Branch1][C][F][F][Branch1][C][F][F][Branch1][C][F][F][Branch1][C][F][F][Branch1][C][F][F][Branch1][C][F][F][Branch1][C][F][F][Branch1][C][F][F][Branch1][C][F][F],0.20339607740693694
[C][=C][C][=Branch1][C][=O][O][N][C][C][=C][C][=C][N][Ring1][Branch1],0.09567039128711519
[C][=C][C][=Branch1][C][=O][O][C@@][Branch2][Ring2][#Branch2][C@@H1][Branch2][Ring2][Branch1][C@H1][Branch2][Ring1][S][C@H1][Branch2][Ring1][O][C@H1][Branch1][Ring2][O][Ring1][=Branch1][O][C@@H1][C@H1][Branch1][=C][O][C@H1][Branch1][=Branch2][C@@H1][Branch1][Branch1][C@H1][Ring1][=Branch1][O][O][O][C][O][O][O][O][C][O],0.24298596538390993
[C][C][=Branch1][C][=O][O][C][C][Branch1][S][C][C][C][C][Ring1][Branch1][C][C][C][C][Ring1][=Branch1][C][Ring1][Branch1][C][O][C][=Branch1][C][=O][C][=C],0.22574039018172315
[C][C@H1][C][C][C][Branch1][=C][C@H1][Branch1][Ring2][C][Ring1][=Branch1][O][C][=Branch1][C][=O][C][=C][C][=Branch1][C][=C][C],0.1637479790962559
[C][=C][C][=Branch1][C][=O][O][C][C@@H1][C][C][C][N][Ring1][Branch1][C][=C][C][=C][Branch1][Branch1][C][=C][Ring1][=Branch1][N+1][=Branch1][C][=O][O-1],0.2502019033881667
[C][=C][C][=Branch1][C][=O][O][C][=C][C][=C][Branch1][Branch1][C][=C][Ring1][=Branch1][Cl],0.12378632834386341
[C][C][C][Branch1][Ring1][C][C][C][O][C][=Branch1][C][=O][C][=C],0.1027972324370838
[C][=C][C][=Branch1][C][=O][O][C][C][Branch1][C][C][O][C][=Branch1][C][=O][C][=C],0.10972182939723168
[C][C][C][Branch1][C][C][Branch1][C][C][C][=C][C][=Branch2][Ring1][Ring2][=C][Branch1][S][C][=Branch1][Ring2][=C][Ring1][=Branch1][C][Branch1][C][C][Branch1][C][C][C][C][O][C][Branch1][C][C][C][=C][Branch2][Ring1][=N][C][=Branch1][P][=C][C][=Branch1][Ring2][=C][Ring1][=Branch1][C][Branch1][C][C][Branch1][C][C][C][C][C][Branch1][C][C][Branch1][C][C][C][C][O][C][=Branch1][C][=O][C][=C],0.586478942784655
[C][=C][C][=Branch1][C][=O][O][C][C][O][C][=C][C][=C][C][=C][C][=C][C][=C][Ring1][=Branch1][Ring1][#Branch2],0.21905975608275247
[C][=C][C][=Branch1][C][=O][O][C][=C][Branch2][Ring1][=Branch1][C][=C][Branch1][Branch1][C][=C][Ring1][=Branch1][C][=C][C][=C][C][=C][C][=C][Ring1][=Branch1][S][Ring1][=Branch2][C][=C][C][=C][C][=C][C][=C][Ring1][=Branch1][S][Ring1][=Branch2],0.5558000375388273
[C][=C][C][=Branch1][C][=O][O][C][C][Branch1][Ring1][C][Cl][O],0.06870015972676308
[C][=C][C][=Branch1][C][=O][O][C][C][C][C][C][C][O],0.10651836241351575
[C][=C][C][=Branch1][C][=O][O][C][C][O][C][C][O][C][C][O][C][C][O][C][C][O][C][C][C][C][C][O][Ring1][Branch1],0.27496432040373564
[C][C][=C][Branch2][Ring1][Ring2][C][=Branch1][S][=C][Branch1][Branch1][C][=C][Ring1][=Branch1][C][Branch1][C][C][Branch1][C][C][C][O][C][C][=C][Branch2][Ring1][Ring2][C][=Branch1][=Branch2][=C][C][=Branch1][Ring2][=C][Ring1][=Branch1][C][C][Branch1][C][C][Branch1][C][C][C][O][C][=Branch1][C][=O][C][=C],0.3981591405566827
[C][O][C][=C][C][=C][Branch1][Branch1][C][=C][Ring1][=Branch1][C][=N][C][C][C][O][C][=Branch1][C][=O][C][=C],0.22903886351353553
[C][=C][C][=Branch1][C][=O][O][C][=C][C][=C][C][=C][C][=Branch1][Ring2][=N][Ring1][Branch1][C][=C][C][=C][C][=Branch1][Ring2][=N][Ring1][Branch1][C][=C][C][=C][C][=Branch1][=N][=C][C][=Branch1][Branch1][=C][Ring2][Ring1][=Branch1][N][Ring2][Ring1][=Branch1][N][Ring1][=Branch2],0.6234177987276864
[C][=C][C][=Branch1][C][=O][O][C][C][S][=Branch1][C][=O][=Branch1][C][=O][C][C][C][Branch1][=Branch2][C][Branch1][C][F][Branch1][C][F][F][Branch1][=Branch2][C][Branch1][C][F][Branch1][C][F][F][F],0.1592431128265259
[C][=C][C][=Branch1][C][=O][O][C][=C][C][=C][C][=C][C][Ring1][=Branch1][=N][C][=C][C][=C][C][=C][Ring1][=Branch1][Ring1][=C],0.2744070703781446
[C][N][Branch1][#Branch2][C][C][O][C][=Branch1][C][=O][C][=C][S][=Branch1][C][=O][=Branch1][C][=O][C][Branch2][Ring1][#Branch1][C][Branch1][S][C][Branch1][=Branch2][C][Branch1][C][F][Branch1][C][F][F][Branch1][C][F][F][Branch1][C][F][F][Branch1][C][F][F],0.1900738337263197
[C][=C][C][=Branch1][C][=O][O][C][C][C][C][C][Branch1][Ring2][C][Ring1][=Branch1][C][C][Branch1][Ring2][C][Ring1][#Branch1][C][Ring1][#Branch2],0.15721582534137046
[C][O][C][=C][C][=C][C][=Branch1][Ring2][=C][Ring1][=Branch1][C][O][C][=Branch1][C][=O][C][=C],0.14439040707921896
[C][C][C][C][C][Branch1][Ring1][C][C][C][C][C][Branch1][Ring1][C][C][O][C][=Branch1][C][=O][C][=C],0.19783782736034933
[C][=C][C][=Branch1][C][=O][O][C][C][C-1][C][=C][C][=C][Ring1][Branch1],0.12269427325119
[C][=C][C][=Branch1][C][=O][O][C][C][N+1][=Branch1][C][=O][O-1],0.05563091619072443
[C][C][C][C][C][C][C][C][C][C][C][O][C][=Branch1][C][=O][C][=C],0.18349402231060852
[C][=C][C][=Branch1][C][=O][O][C][C][Branch1][Ring1][C][C][C][C][C][C],0.1330563155223125
[C][=C][C][=Branch1][C][=O][O][C][=C][C][=Branch2][Ring1][=Branch2][=C][C][=C][Ring1][=Branch1][N][Branch1][=C][C][=C][Ring1][Branch1][C][=C][Branch1][Branch1][C][=C][Ring1][=Branch1][I][C][C][O][I],0.3857471348292645
[C][=C][C][=Branch1][C][=O][O][C][C][O][C][C][O][C][C][O][C][=Branch1][C][=O][C][=C],0.16949324999907928
[C][=C][C][=Branch1][C][=O][O][C][C][Branch1][=Branch2][C][Branch1][C][F][Branch1][C][F][F][Branch1][C][F][F],0.0551046700160772
[C][=C][C][=Branch1][C][=O][O][C][C][Branch2][Branch2][Branch2][C][C][Branch2][#Branch1][#C][C][Branch2][#Branch1][#Branch1][C][Branch2][=Branch1][#C][C][Branch2][=Branch1][#Branch1][C][Branch2][Branch1][#C][C][Branch2][Branch1][#Branch1][C][Branch2][Ring2][#C][C][Branch2][Ring2][#Branch1][C][Branch2][Ring1][#C][C][Branch2][Ring1][#Branch1][C][Branch1][=Branch2][C][Branch1][C][F][Branch1][C][F][F][Branch1][=Branch2][C][Branch1][C][F][Branch1][C][F][F][F][Branch1][C][F][F][Branch1][C][F][F][Branch1][C][F][F][Branch1][C][F][F][Branch1][C][F][F][Branch1][C][F][F][Branch1][C][F][F][Branch1][C][F][F][Branch1][C][F][F][Branch1][C][F][F][O],0.28993326615879167
[C][=C][C][=Branch1][C][=O][O][C][C][=C][C][=C][Branch1][Branch1][C][=C][Ring1][=Branch1][N+1][=Branch1][C][=O][O-1],0.14005415439518273
[C][=C][C][=Branch1][C][=O][O][C][C][C][Branch1][C][Br][Br],0.08893845844130363
[C][C][Branch1][#Branch2][O][C][C][O][C][C][O][C][=C][O][C][=Branch1][C][=O][C][=C],0.14836382766886527
[C][=C][C][=Branch1][C][=O][O][C][C][C][C][O][C][=C][C][=C][Branch1][Branch1][C][=C][Ring1][=Branch1][C][Branch2][Ring1][#Branch2][C][C][=C][C][=Branch1][Branch1][=C][Ring1][=Branch1][F][C][=C][C][=C][Branch1][Branch1][C][=C][Ring1][=Branch1][C][C][C][C][=O][F],0.4868165354378624
[C][C][C@H1][Branch1][C][C][O][C][=Branch1][C][=O][C][=C],0.06836324566302124
[C][C][=Branch1][C][=O][N][C][O][C][=Branch1][C][=O][C][=C],0.06468645938004947
[C][=C][C][=Branch1][C][=O][O][C][C][S][C][=N][N][=N][N][Ring1][Branch1][C][=C][C][=C][C][=C][Ring1][=Branch1],0.2169075530410045
[C][=C][C][=Branch1][C][=O][O][C][C][O][C][=Branch1][C][=O][C][=C],0.0906878028596258
[C][C@H1][C][C][C@@H1][Branch1][=C][C@H1][Branch1][Ring2][C][Ring1][=Branch1][O][C][=Branch1][C][=O][C][=C][C][Branch1][C][C][C],0.16203360283781343
[C][C@H1][Branch1][=Branch2][C][C][C][C][Branch1][C][C][C][C@H1][C][C][C@@H1][C@@][Ring1][Branch1][Branch2][Ring1][#C][C][C][C@H1][C@H1][Ring1][=Branch1][C][C][=C][C@@][Ring1][=Branch1][Branch1][S][C][C][C@@H1][Branch1][Ring2][C][Ring1][=Branch1][O][C][=Branch1][C][=O][C][=C][C][C],0.4493316732875491
[C][C][C][Branch1][#Branch1][C][C][Branch1][C][C][C][C][O][C][=Branch1][C][=O][C][=C],0.1313007458407283
[C][=C][C][=Branch1][C][=O][O][C][C][#N],0.03541587984445906
[C][C][C][C][C][C][C][C][O][C][=Branch1][C][=O][C][=C],0.1332833310186396
[C][=C][C][=Branch1][C][=O][O][C][C][Branch2][Ring1][S][C][C][Branch2][Ring1][#Branch1][C][Branch1][S][C][Branch1][=Branch2][C][Branch1][C][F][Branch1][C][F][F][Branch1][C][F][F][Branch1][C][F][F][Branch1][C][F][F][O],0.12499627661365306
[C][=C][C][=Branch1][C][=O][O][C][C][N][Branch1][Ring1][C][O][C][=Branch1][C][=O][N],0.09587415117228534
[C][=C][C][=Branch1][C][=O][O][C][C][Branch1][C][F][Branch1][C][F][F],0.03631896223187462
[C][=C][C][=Branch1][C][=O][O][C][C][C][C][C][C][C][C][C][C][C][C][C][C][C][C][C][C][C][C][Br],0.34416379290482674
[C][=C][C][=Branch1][C][=O][O][C][=N][C][=Branch1][=N][=C][C][=Branch1][Ring2][=N][Ring1][=Branch1][N][=C][N][Ring1][=Branch1][N],0.14078868281138912
[C][=C][C][C][C][C][C][C][C][C][O][C][=Branch1][C][=O][C][=C],0.16943651001734253
[C][C][C][C][C][C][C][C][S][S][C][C][O][C][=Branch1][C][=O][C][=C],0.21513014290194493
[C][C][C][C][C][C][C][C][Branch1][Ring1][C][C][O][C][=Branch1][C][=O][C][=C],0.1674365306142654
[C][=C][C][=Branch1][C][=O][O][C][=C][C][=C][C][=C][Ring1][=Branch1][P][=Branch1][C][=O][Branch1][=Branch2][C][=C][C][=C][C][=C][Ring1][=Branch1][C][=C][C][=C][C][=C][Ring1][=Branch1],0.3469443586709623
[C][C][C][=C][N][=C][Branch1][Branch1][C][=C][Ring1][=Branch1][C][C][O][C][=Branch1][C][=O][C][=C],0.15965634913495744
[C][C][=Branch1][P][=C][C][C][/C][=Branch1][#Branch2][=C][/C][O][C][=Branch1][C][=O][C][=C][/C][C],0.17751712318606347
[C][=C][C][=Branch1][C][=O][O][C][C][C][Branch1][S][C][Branch1][=Branch2][C][Branch1][C][F][Branch1][C][F][F][Branch1][C][F][F][Branch1][C][F][F],0.0873146383628334
[C][C][C][Branch1][=Branch2][C][O][C][=Branch1][C][=O][C][=C][C][Branch1][C][C][C],0.11474468406840058
[C][C][Branch1][#Branch2][C][C][O][C][=Branch1][C][=O][C][=C][O],0.07123776443014118
[C][=C][C][=Branch1][C][=O][O][C][C][C][C][Cl],0.0817043822007964
[C][=C][C][=Branch1][C][=O][O][C][C][Branch2][Ring1][#C][C][Branch2][Ring1][#Branch1][C][Branch1][S][C][Branch1][=Branch2][C][Branch1][C][F][Branch1][C][F][F][Branch1][C][F][F][Branch1][C][F][F][Branch1][C][F][F][Branch1][C][F][F],0.10943167128329839
[C][C][C][/C][=C][/C][O][C][=Branch1][C][=O][C][=C],0.10503569071175062
[C][C][C][Branch1][C][C][Branch1][C][N][O][O][C][=Branch1][C][=O][C][=C],0.08749194987781525
[C][C][C][C][C][C][Branch1][C][O][O][C][=Branch1][C][=O][C][=C],0.10560029417748426
[C][=C][C][=Branch1][C][=O][O][C][C][Branch2][Ring2][=Branch1][C][O][C][=C][C][=C][Branch1][Branch1][C][=C][Ring1][=Branch1][C][C][=C][C][=C][Branch1][Branch1][C][=C][Ring1][=Branch1][O][C][C][Branch1][=Branch2][C][O][C][=Branch1][C][=O][C][=C][O][O],0.40616070795826476
[C][C@@][C][C][C@@H1][Branch1][Branch2][C][Ring1][Branch1][Branch1][C][C][C][C][C@H1][Ring1][=Branch2][O][C][=Branch1][C][=O][C][=C],0.1561974127828179
[C][C][C][C][C][C][C][C][=Branch1][C][=O][O][C][C][O][C][=Branch1][C][=O][C][=C],0.17352520313706532
[C][C][Branch2][Branch1][Ring1][C@@H1][Branch2][Ring2][Ring1][N][C@H1][Branch1][Ring2][S][Ring1][Branch1][C@@H1][Branch1][Branch1][C][Ring1][Branch1][=O][N][C][=Branch1][C][=O][C@@H1][Branch1][N][C][=C][C][=C][Branch1][Branch1][C][=C][Ring1][=Branch1][O][N][C][=Branch1][C][=O][O][O][C][=Branch1][C][=O][C][=C][C],0.33903217610719183
[C][=C][C][=Branch1][C][=O][O][C][C][N][C][=Branch1][C][=O][C][=C][C][=C][C][=C][Ring1][=Branch1][C][Ring1][#Branch2][=O],0.18463363063213017
[C][C@H1][Branch1][Ring1][C][O][O][C][=Branch1][C][=O][C][=C],0.05700652364979578
[C][=C][C][=Branch1][C][=O][O][C][Branch2][Ring1][=N][C][O][C][=C][C][=Branch2][Ring1][Ring2][=C][Branch1][Branch1][C][=C][Ring1][=Branch1][C][=Branch1][C][=O][C][=C][C][=C][C][=C][Ring1][=Branch1][O][C][O][C][=C][C][=Branch2][Ring1][Ring2][=C][Branch1][Branch1][C][=C][Ring1][=Branch1][C][=Branch1][C][=O][C][=C][C][=C][C][=C][Ring1][=Branch1][O],0.5567569768776106
[C][=C][C][=Branch1][C][=O][O][C][C][C][C][Branch2][Ring1][#Branch1][C][Branch1][S][C][Branch1][=Branch2][C][Branch1][C][F][Branch1][C][F][F][Branch1][C][F][F][Branch1][C][F][F][Branch1][C][F][F],0.1232703875989731
[C][=C][C][=Branch1][C][=O][O][C][C][C@H1][C][C@@H1][Ring1][Branch1][C@@H1][C@H1][Ring1][Branch1][C][=C][C][Ring1][Branch1],0.15300785521636937
[C][=C][C][=Branch1][C][=O][O][C][C][=C][C][=C][Branch1][Branch1][C][=C][Ring1][=Branch1][O][C][O][Ring1][#Branch1],0.14503600790910676
[C][C][C][Branch1][=Branch2][C][O][C][=Branch1][C][=O][C][=C][Branch1][=Branch1][N+1][=Branch1][C][=O][O-1][N+1][=Branch1][C][=O][O-1],0.11595877179560815
[C][C][C][Branch2][Ring1][C][C][C][C][C][C][Branch1][Ring2][C][Ring1][=Branch1][C][C][Ring1][=Branch2][C][Ring1][#Branch1][O][C][=Branch1][C][=O][C][=C],0.18492581296928717
