,y,pred
0,0.05359114,0.10915911
1,0.0607045,0.06740923
2,0.06359454,0.13216533
3,0.079451986,0.09273046
4,0.07956799,0.1679275
5,0.08821698,0.16976857
6,0.09560671,0.072033346
7,0.1050635,0.13583007
8,0.10547312,0.16797942
9,0.11165776,0.1293948
10,0.11166064,0.21529067
11,0.112275496,0.08679852
12,0.11392014,0.16918623
13,0.11539376,0.11572921
14,0.118553646,0.12564893
15,0.12260649,0.11004913
16,0.12284889,0.085180685
17,0.12296178,0.14332493
18,0.12532003,0.17329372
19,0.12611057,0.14787537
20,0.1293112,0.1620895
21,0.1317553,0.14274791
22,0.13198158,0.15690182
23,0.13209353,0.17323917
24,0.13523723,0.1442197
25,0.14214002,0.16636413
26,0.14245278,0.14703456
27,0.14354892,0.24695818
28,0.14417271,0.15628412
29,0.14472675,0.15540028
30,0.14642137,0.14254788
31,0.14703998,0.1743284
32,0.14743066,0.1514553
33,0.14836374,0.18728767
34,0.15045588,0.15280274
35,0.15077084,0.15174955
36,0.15082315,0.1965208
37,0.1508859,0.17782634
38,0.15126972,0.15980846
39,0.15527126,0.15037125
40,0.15639858,0.20502526
41,0.15685833,0.16904208
42,0.15702102,0.1621564
43,0.1574187,0.13030745
44,0.1581784,0.18952298
45,0.15880173,0.19533667
46,0.15971592,0.19250916
47,0.16037975,0.16937537
48,0.16108593,0.18524288
49,0.16125281,0.2050542
50,0.16130275,0.19685718
51,0.1615604,0.17383611
52,0.16261375,0.15004654
53,0.16307582,0.235987
54,0.1635955,0.2004722
55,0.165495,0.23534882
56,0.16679622,0.22755733
57,0.16761966,0.1723589
58,0.16825381,0.18082586
59,0.16927819,0.21696272
60,0.16955456,0.2013804
61,0.1699754,0.15366444
62,0.17013478,0.23300537
63,0.17095916,0.19245787
64,0.17231864,0.18776749
65,0.17244413,0.16179636
66,0.17255406,0.22186112
67,0.17287359,0.16064295
68,0.17385903,0.13828374
69,0.17415991,0.16288784
70,0.17517383,0.20544073
71,0.17549796,0.19101897
72,0.17552668,0.14138722
73,0.17580214,0.19412924
74,0.17584069,0.17434292
75,0.1790786,0.20485067
76,0.18060802,0.22349156
77,0.18268532,0.20951866
78,0.1835822,0.18852192
79,0.185004,0.19570696
80,0.18513872,0.18645756
81,0.18540336,0.22730127
82,0.1854186,0.19724278
83,0.1865865,0.16556704
84,0.18662408,0.23251686
85,0.18668078,0.21566287
86,0.18922438,0.2110553
87,0.18981901,0.2143572
88,0.19077939,0.24244942
89,0.19276138,0.21041407
90,0.19307522,0.17981984
91,0.1932106,0.24073218
92,0.19352768,0.18563282
93,0.19356465,0.18203026
94,0.19357006,0.25898185
95,0.19434313,0.2186932
96,0.19502735,0.24113935
97,0.1952881,0.23097068
98,0.1955298,0.22608614
99,0.19608425,0.21195418
100,0.19611987,0.24258707
101,0.19631456,0.22327667
102,0.19696109,0.19226252
103,0.19743814,0.22006005
104,0.19752595,0.18260518
105,0.19800395,0.23572901
106,0.19817251,0.14821114
107,0.19834624,0.23409976
108,0.19904098,0.20330665
109,0.19904396,0.20287417
110,0.19921705,0.2057395
111,0.19928949,0.20233262
112,0.19931796,0.21690364
113,0.1995703,0.20664936
114,0.19972566,0.19672365
115,0.1997809,0.213508
116,0.2002044,0.21310416
117,0.2012412,0.21767935
118,0.20150585,0.21746959
119,0.202119,0.2869393
120,0.20234509,0.20763285
121,0.20262623,0.22691154
122,0.20370063,0.2111994
123,0.20401801,0.19057223
124,0.20411398,0.22649866
125,0.20437002,0.22017233
126,0.20467478,0.20595297
127,0.20605077,0.22112064
128,0.20629342,0.25064105
129,0.2066936,0.20791662
130,0.2066949,0.22272521
131,0.20691721,0.22170457
132,0.20732598,0.2306127
133,0.20756763,0.23946984
134,0.20817724,0.19081494
135,0.20838511,0.21393785
136,0.20848596,0.22599545
137,0.20870154,0.2242802
138,0.20953648,0.2439665
139,0.21001254,0.2301929
140,0.21015869,0.1862582
141,0.21063863,0.23584759
142,0.2109697,0.19630337
143,0.2118071,0.20291929
144,0.2118485,0.24250215
145,0.21189374,0.24537914
146,0.21236905,0.2347407
147,0.21239561,0.2087234
148,0.21292177,0.23131725
149,0.21293046,0.19193877
150,0.21293986,0.23371509
151,0.2132759,0.25729692
152,0.21560502,0.20740986
153,0.2156108,0.21858951
154,0.2157248,0.21775655
155,0.21669844,0.18733276
156,0.21708736,0.2795649
157,0.21724024,0.23791339
158,0.21794644,0.21488234
159,0.21797852,0.2099391
160,0.21804018,0.2852583
161,0.21811971,0.20698412
162,0.21825312,0.28163064
163,0.21842545,0.21235478
164,0.21855739,0.2645128
165,0.2186375,0.25659856
166,0.21930641,0.2613071
167,0.2194425,0.2565176
168,0.21989292,0.25622636
169,0.22035192,0.2370918
170,0.22091763,0.21754439
171,0.22124715,0.23396282
172,0.22182322,0.23081282
173,0.22191025,0.2446553
174,0.22214147,0.20459145
175,0.2227895,0.24579757
176,0.22293489,0.25077084
177,0.22326364,0.2331691
178,0.22333074,0.25512755
179,0.22380319,0.20901486
180,0.22409719,0.23436409
181,0.22430232,0.21094261
182,0.22448792,0.18846041
183,0.22499076,0.26111835
184,0.22536212,0.25248495
185,0.2254958,0.23285612
186,0.22570026,0.25985533
187,0.22571945,0.25859788
188,0.22592412,0.22568132
189,0.22613184,0.21782336
190,0.22617075,0.19249707
191,0.22628671,0.26704878
192,0.22631647,0.2538083
193,0.22634201,0.22073728
194,0.22650866,0.23422591
195,0.22656542,0.2005069
196,0.22728981,0.21980098
197,0.22762923,0.25132024
198,0.22771077,0.24963711
199,0.22850809,0.21588236
200,0.22900625,0.23644511
201,0.22909074,0.24932069
202,0.2291046,0.20246059
203,0.22921488,0.20767564
204,0.22945516,0.25482136
205,0.22950622,0.26444417
206,0.23004414,0.22176518
207,0.23030135,0.22382939
208,0.23040718,0.21887192
209,0.23074496,0.20205975
210,0.23162574,0.26985025
211,0.2319292,0.28259283
212,0.23216689,0.21422559
213,0.23253484,0.22419934
214,0.23298031,0.24115299
215,0.23300661,0.24804729
216,0.23306388,0.25193968
217,0.233323,0.26277283
218,0.2333917,0.23994344
219,0.23366417,0.2448096
220,0.2341602,0.24824566
221,0.2342769,0.2320463
222,0.23485504,0.24730104
223,0.23518057,0.23339951
224,0.2353522,0.25309914
225,0.23588328,0.24150287
226,0.23629878,0.23340358
227,0.23680761,0.23558328
228,0.23685893,0.23584148
229,0.23689532,0.24938999
230,0.23695356,0.2361991
231,0.23744258,0.21256119
232,0.23753038,0.2472763
233,0.23850931,0.23389755
234,0.23855655,0.20518349
235,0.23874469,0.24029201
236,0.23887473,0.1977062
237,0.23956363,0.24268985
238,0.23964606,0.24949038
239,0.2398809,0.2711256
240,0.24033634,0.2287503
241,0.24067485,0.2352477
242,0.24072243,0.26215386
243,0.24117477,0.27853137
244,0.24134137,0.28537568
245,0.24144368,0.2818329
246,0.24218084,0.2842945
247,0.24233684,0.24734055
248,0.24236958,0.25243685
249,0.24245466,0.26384833
250,0.24274689,0.29029706
251,0.2428991,0.2777719
252,0.24299468,0.2746249
253,0.24301359,0.24977495
254,0.24303132,0.25339347
255,0.24318181,0.2331683
256,0.2435764,0.25455353
257,0.24390133,0.25316787
258,0.24447343,0.2752468
259,0.24479745,0.27864182
260,0.24504331,0.23173943
261,0.24515773,0.22671387
262,0.24543841,0.21883088
263,0.24551217,0.25203365
264,0.245726,0.21622218
265,0.24591255,0.2590628
266,0.24596208,0.21309176
267,0.24601729,0.2537971
268,0.2463725,0.30627665
269,0.24707608,0.24029045
270,0.24724025,0.2185857
271,0.24804148,0.2267303
272,0.24811235,0.22897169
273,0.24842823,0.2352273
274,0.24854967,0.22086377
275,0.24858837,0.2748335
276,0.2486639,0.23604427
277,0.24868315,0.24955991
278,0.24891011,0.25588456
279,0.2490817,0.30542982
280,0.24919876,0.2771585
281,0.24930619,0.2726337
282,0.2493545,0.2540975
283,0.24951479,0.27459863
284,0.24952015,0.24558195
285,0.24976756,0.2665351
286,0.24979791,0.27663442
287,0.25066277,0.24948557
288,0.25144622,0.25400236
289,0.2516019,0.24912266
290,0.25177348,0.24578404
291,0.25194702,0.2863634
292,0.2519761,0.26417446
293,0.2522116,0.26882964
294,0.25223166,0.26811442
295,0.25228727,0.2559696
296,0.252594,0.27522543
297,0.25314698,0.24336149
298,0.25355867,0.28372642
299,0.25358158,0.27465612
300,0.25358558,0.28101748
301,0.2536706,0.24696809
302,0.2538329,0.27456337
303,0.25412574,0.24631001
304,0.25412992,0.26272976
305,0.25424463,0.25301868
306,0.25457585,0.300756
307,0.25463727,0.27382863
308,0.25502905,0.27352697
309,0.2551123,0.26770702
310,0.25525093,0.27838832
311,0.2552618,0.27727705
312,0.2556451,0.27305356
313,0.25572884,0.27035025
314,0.25579,0.2495295
315,0.2561373,0.27306503
316,0.2561637,0.25173712
317,0.2561852,0.26795843
318,0.25629532,0.23715395
319,0.2562995,0.2711578
320,0.2563953,0.27007648
321,0.25651747,0.2751683
322,0.25698042,0.27243567
323,0.25736815,0.25194305
324,0.25756025,0.2803457
325,0.25771797,0.27938777
326,0.25780618,0.24242169
327,0.2578459,0.2722308
328,0.2579525,0.27837074
329,0.2582086,0.25042552
330,0.25859708,0.24404421
331,0.25880694,0.26214746
332,0.2588289,0.24444531
333,0.25895098,0.27870417
334,0.25917926,0.2997272
335,0.25927112,0.2510872
336,0.2595285,0.29366088
337,0.26035762,0.28266227
338,0.26041436,0.26508012
339,0.26072598,0.24632496
340,0.26108277,0.29167157
341,0.2611206,0.28796607
342,0.2615359,0.3126886
343,0.2620228,0.21986401
344,0.262163,0.24018803
345,0.2626227,0.29588404
346,0.26265812,0.27256608
347,0.26326448,0.23992091
348,0.2633278,0.27711537
349,0.263433,0.2553153
350,0.2635342,0.26022458
351,0.2635541,0.3089262
352,0.26358402,0.2590087
353,0.263774,0.27327907
354,0.2638383,0.25650036
355,0.26387995,0.30104455
356,0.26396215,0.27586484
357,0.26412332,0.24306503
358,0.26422656,0.2524498
359,0.26424554,0.26899588
360,0.26439473,0.27294657
361,0.2643969,0.28163382
362,0.2647137,0.28221697
363,0.2647635,0.3108944
364,0.2649485,0.2673843
365,0.26511475,0.29147637
366,0.26513052,0.25947803
367,0.26535428,0.2667833
368,0.26606226,0.28749093
369,0.2660751,0.27395165
370,0.26609176,0.3051452
371,0.26617575,0.2774155
372,0.26625815,0.27555096
373,0.26669475,0.29514617
374,0.2667204,0.27088544
375,0.26672623,0.2963549
376,0.26717007,0.28061676
377,0.2675957,0.26995027
378,0.267806,0.25104612
379,0.2678254,0.27806646
380,0.26786757,0.23744765
381,0.2678904,0.2856413
382,0.26789427,0.28212866
383,0.26794758,0.30948532
384,0.2681123,0.26326916
385,0.2681761,0.27876794
386,0.26822764,0.24910304
387,0.26823565,0.2542955
388,0.26838866,0.23056465
389,0.2693545,0.25406337
390,0.2693898,0.28984538
391,0.2694264,0.29556307
392,0.26968622,0.28706455
393,0.270032,0.26164308
394,0.27033183,0.27413654
395,0.2704757,0.28271192
396,0.27109143,0.28855956
397,0.27119306,0.29120052
398,0.2713755,0.255862
399,0.27151567,0.27758455
400,0.27184305,0.28830528
401,0.27215058,0.2798798
402,0.2724212,0.30234224
403,0.2726216,0.27819633
404,0.2727969,0.27456516
405,0.27283168,0.29363507
406,0.27300102,0.26292863
407,0.2730621,0.29346332
408,0.2731922,0.25870556
409,0.27322036,0.2886802
410,0.27335122,0.2821426
411,0.27369753,0.26808482
412,0.27375928,0.3029129
413,0.27376887,0.27876854
414,0.2739165,0.2866024
415,0.27407962,0.3185229
416,0.27419934,0.30705106
417,0.27452928,0.2834242
418,0.2746133,0.30698824
419,0.2746154,0.2821126
420,0.2748982,0.29315466
421,0.27500954,0.2921445
422,0.27520823,0.2667781
423,0.27523118,0.27181318
424,0.27540568,0.25948173
425,0.27552345,0.30293122
426,0.27554145,0.2861285
427,0.27578783,0.27133083
428,0.27668408,0.2949626
429,0.2768477,0.28326648
430,0.27685735,0.28730157
431,0.2769071,0.30096948
432,0.27730715,0.29645312
433,0.27740955,0.277394
434,0.27742425,0.2638514
435,0.27743757,0.2765336
436,0.27773482,0.28196573
437,0.27773684,0.29063392
438,0.2777642,0.26658317
439,0.27779576,0.30094856
440,0.27792358,0.28087574
441,0.27812827,0.30111906
442,0.27841926,0.31720042
443,0.278924,0.23865873
444,0.27901244,0.280978
445,0.2790393,0.27675167
446,0.27907777,0.3138213
447,0.27914703,0.2783988
448,0.2794127,0.3053344
449,0.27947208,0.30343968
450,0.2799037,0.2867605
451,0.28010303,0.2871669
452,0.28010553,0.29428715
453,0.2801215,0.29546827
454,0.28019112,0.3069378
455,0.28023234,0.29297674
456,0.28065374,0.2852248
457,0.28081834,0.30028152
458,0.28093004,0.3097548
459,0.28096572,0.28271163
460,0.28104082,0.31308633
461,0.28132322,0.3030101
462,0.2815169,0.3030276
463,0.28155455,0.30892622
464,0.2815975,0.26507348
465,0.28173152,0.33468345
466,0.28175914,0.2756016
467,0.28188816,0.26500708
468,0.28206995,0.30673683
469,0.28217125,0.25744066
470,0.28247213,0.28085333
471,0.28256217,0.2801457
472,0.2825961,0.28523064
473,0.28264955,0.27067778
474,0.28276572,0.32087252
475,0.282791,0.29468623
476,0.28288364,0.29079273
477,0.28292722,0.2934524
478,0.2831716,0.27225474
479,0.2838856,0.28125823
480,0.28396857,0.29384893
481,0.2840218,0.25299352
482,0.28410372,0.28603587
483,0.2841191,0.25588688
484,0.284232,0.31156093
485,0.28426388,0.28343627
486,0.28435528,0.29988417
487,0.2843594,0.29066288
488,0.2847322,0.31986472
489,0.28489786,0.3063317
490,0.2850648,0.28245768
491,0.28507286,0.28879914
492,0.28519115,0.34769657
493,0.28520828,0.2607211
494,0.28523833,0.29079843
495,0.28552216,0.30186853
496,0.28553373,0.31550306
497,0.28594434,0.29302615
498,0.28608605,0.28413737
499,0.28618437,0.2918035
500,0.2863209,0.27106243
501,0.28636405,0.29112473
502,0.28659087,0.28156644
503,0.2867123,0.29893544
504,0.28673255,0.28720847
505,0.28674412,0.31206745
506,0.2867463,0.30061567
507,0.28676522,0.3164821
508,0.2868928,0.30374348
509,0.28690895,0.28986266
510,0.2869678,0.30275697
511,0.28707457,0.30746374
512,0.28712165,0.30581567
513,0.28736928,0.31780058
514,0.2876193,0.29252476
515,0.28783146,0.293789
516,0.28789386,0.2907448
517,0.2883075,0.26305637
518,0.28849348,0.2923335
519,0.28850198,0.3196695
520,0.28881103,0.29787672
521,0.28894246,0.32664624
522,0.28904355,0.2793768
523,0.289273,0.2897788
524,0.28951824,0.31854394
525,0.2904947,0.32577682
526,0.29054868,0.27970117
527,0.29060462,0.2853784
528,0.29075345,0.2952358
529,0.29105905,0.27946916
530,0.2910855,0.25688276
531,0.29125097,0.28933108
532,0.29149407,0.30507982
533,0.2917359,0.2815224
534,0.2917438,0.3089734
535,0.292201,0.30194637
536,0.29222903,0.29981112
537,0.29319325,0.27108446
538,0.29319665,0.30099815
539,0.2932063,0.31224206
540,0.29327777,0.32145208
541,0.2933688,0.29716375
542,0.29342493,0.28172153
543,0.2934914,0.33286837
544,0.2936419,0.33668807
545,0.29369858,0.26107323
546,0.29372618,0.29107562
547,0.29410443,0.28876263
548,0.29436597,0.29685327
549,0.29439217,0.2990519
550,0.2944104,0.27559435
551,0.2944759,0.28762242
552,0.29478675,0.30713934
553,0.294964,0.3142376
554,0.29513344,0.28774822
555,0.29594234,0.2731036
556,0.29622984,0.2870626
557,0.29625276,0.29123515
558,0.29633212,0.31714123
559,0.29642332,0.28959423
560,0.29644865,0.25364915
561,0.29646662,0.29970163
562,0.29691353,0.2769581
563,0.29738727,0.3136914
564,0.2973957,0.27143908
565,0.29785144,0.31992623
566,0.29796475,0.31102183
567,0.2982384,0.2916584
568,0.2983429,0.31385046
569,0.29838488,0.27101085
570,0.29840803,0.33481282
571,0.29852232,0.28882766
572,0.29857925,0.29392874
573,0.29911494,0.31997696
574,0.2992801,0.3042063
575,0.29969248,0.29263192
576,0.29974443,0.28818154
577,0.29983446,0.29784057
578,0.30003214,0.29841065
579,0.30015704,0.30250496
580,0.3002968,0.3070137
581,0.30030593,0.32251894
582,0.30047566,0.32584885
583,0.30057254,0.3190831
584,0.30057344,0.30645278
585,0.30061096,0.2973475
586,0.30061948,0.27912536
587,0.300715,0.3142469
588,0.3008423,0.33227533
589,0.30094683,0.3200687
590,0.30096385,0.31475443
591,0.30104813,0.29470396
592,0.30118838,0.3209977
593,0.3012757,0.30158377
594,0.3013704,0.26875454
595,0.30149537,0.31196988
596,0.3015763,0.27036926
597,0.30168468,0.30012804
598,0.3017302,0.30909538
599,0.30177215,0.3085027
600,0.30199125,0.3154266
601,0.30215007,0.3115311
602,0.30232134,0.29976556
603,0.3023556,0.29666865
604,0.30237776,0.28939182
605,0.3025964,0.30359593
606,0.30265293,0.30125985
607,0.30266538,0.308339
608,0.30270094,0.32606572
609,0.30287635,0.29749835
610,0.30327645,0.35751706
611,0.3033442,0.3187376
612,0.30366734,0.2940266
613,0.30378833,0.28914407
614,0.3038178,0.31899595
615,0.30405235,0.29478443
616,0.30412468,0.29376096
617,0.30412662,0.31287816
618,0.30414468,0.29388183
619,0.30429646,0.30040118
620,0.3043882,0.32646066
621,0.30458117,0.280002
622,0.3048588,0.26736873
623,0.30494088,0.30260098
624,0.30499747,0.29612496
625,0.30512974,0.2988796
626,0.30530506,0.331343
627,0.30533054,0.31454933
628,0.30546713,0.30286682
629,0.30578852,0.30424652
630,0.30583787,0.29666764
631,0.30586347,0.30222356
632,0.3059195,0.3196895
633,0.30596378,0.27143466
634,0.30605572,0.32271487
635,0.30645043,0.32570398
636,0.30650228,0.30359322
637,0.3068295,0.3440075
638,0.30727163,0.3420328
639,0.3074635,0.30029714
640,0.30748484,0.2920691
641,0.30821666,0.2835619
642,0.30822024,0.31812072
643,0.3082951,0.3778838
644,0.30851594,0.3048875
645,0.30852884,0.3441767
646,0.30859527,0.32701042
647,0.3086159,0.30556834
648,0.30902162,0.29169816
649,0.3091066,0.28785127
650,0.3096541,0.3238457
651,0.30982473,0.3211402
652,0.31011692,0.32318214
653,0.31027955,0.33027357
654,0.31050208,0.2851308
655,0.31083408,0.3541379
656,0.31084606,0.3269579
657,0.3109269,0.3318223
658,0.3109862,0.3115564
659,0.31105292,0.35421172
660,0.31142443,0.33660966
661,0.31155702,0.3042427
662,0.31183967,0.3228364
663,0.3119416,0.30647558
664,0.31209165,0.28458476
665,0.31211168,0.32278675
666,0.31241128,0.29924363
667,0.31257036,0.32871264
668,0.31275365,0.3167293
669,0.31278238,0.30580837
670,0.31286228,0.29097217
671,0.31308484,0.33879134
672,0.31315598,0.31971908
673,0.31334758,0.30970806
674,0.313493,0.3272263
675,0.3138269,0.2999454
676,0.31407326,0.30954152
677,0.31416038,0.31478757
678,0.31417245,0.3216614
679,0.31438193,0.2961266
680,0.31438485,0.34368956
681,0.31446698,0.32099682
682,0.31451163,0.31299293
683,0.31473923,0.33857453
684,0.31484294,0.33153278
685,0.3148473,0.2959765
686,0.3148663,0.3249433
687,0.31498852,0.33243582
688,0.3150305,0.31665903
689,0.31506103,0.3011101
690,0.31515837,0.29395166
691,0.3151636,0.31740466
692,0.31563202,0.3399592
693,0.3157048,0.30625683
694,0.3157167,0.2896909
695,0.31615052,0.2960082
696,0.31615052,0.3014068
697,0.31618664,0.30888763
698,0.31649092,0.29861563
699,0.31694376,0.33299917
700,0.31706038,0.331117
701,0.31709215,0.33971184
702,0.31736523,0.29443026
703,0.31763545,0.37472948
704,0.31765032,0.2921307
705,0.31814075,0.35319766
706,0.3182011,0.33639765
707,0.31868997,0.30108136
708,0.31879443,0.3235201
709,0.31905308,0.30037653
710,0.31932625,0.33268976
711,0.3193482,0.31031963
712,0.3196604,0.33939135
713,0.31975433,0.31803215
714,0.31977376,0.31534815
715,0.31993416,0.30704948
716,0.32031474,0.30237454
717,0.32056493,0.2934206
718,0.32066402,0.29723886
719,0.320712,0.3287506
720,0.32085678,0.3318999
721,0.32089907,0.33916348
722,0.32115504,0.3384073
723,0.32142156,0.31110477
724,0.32156864,0.32874295
725,0.3216141,0.34627926
726,0.32181785,0.32406586
727,0.3222604,0.36166465
728,0.32231975,0.34683695
729,0.32232475,0.30966717
730,0.32242593,0.3240653
731,0.32260153,0.31643167
732,0.322789,0.30551058
733,0.32285666,0.29576245
734,0.32322404,0.3149739
735,0.32333952,0.31354237
736,0.32341224,0.3486176
737,0.3234244,0.32662654
738,0.32343754,0.30537665
739,0.3235201,0.34889078
740,0.32371348,0.28366038
741,0.32395232,0.33437502
742,0.32395852,0.30921617
743,0.32421654,0.34909105
744,0.32436088,0.32326627
745,0.32453322,0.29764035
746,0.3246987,0.33195692
747,0.325046,0.33976638
748,0.3251856,0.3439932
749,0.3252405,0.31785482
750,0.32528332,0.32610226
751,0.32538795,0.3320284
752,0.32545942,0.32393223
753,0.32551822,0.33250746
754,0.32561448,0.3648378
755,0.32601383,0.32888448
756,0.32606462,0.33513218
757,0.3262041,0.36314932
758,0.32625866,0.33326578
759,0.32634813,0.3009038
760,0.3265354,0.3570198
761,0.32664314,0.3364238
762,0.32682163,0.32457116
763,0.32686293,0.3304033
764,0.32694432,0.3240192
765,0.32696855,0.30063525
766,0.3270219,0.32758886
767,0.3272219,0.3391803
768,0.32741076,0.33798718
769,0.3274211,0.36280477
770,0.3277081,0.3518298
771,0.32777363,0.33198136
772,0.3279068,0.33872494
773,0.32801783,0.3689839
774,0.32807153,0.32412595
775,0.32816362,0.29739127
776,0.32840317,0.3228843
777,0.3284321,0.3580264
778,0.32855424,0.34347957
779,0.32874104,0.31511354
780,0.32904106,0.31309578
781,0.3290824,0.3321861
782,0.32937613,0.32815814
783,0.32964277,0.31707886
784,0.3296605,0.34041825
785,0.3297906,0.3408139
786,0.3298614,0.33858657
787,0.33031574,0.3270535
788,0.33033505,0.33460188
789,0.3304681,0.35471743
790,0.33076084,0.33962938
791,0.3308115,0.33457258
792,0.33122814,0.31902146
793,0.3313936,0.3007785
794,0.33139956,0.3442532
795,0.33145514,0.3723502
796,0.33175611,0.35198572
797,0.3319901,0.34844837
798,0.33233953,0.35230136
799,0.33260038,0.3600705
800,0.33265734,0.3467375
801,0.33266726,0.32860783
802,0.33268684,0.3328965
803,0.33295903,0.33483154
804,0.33314124,0.36447108
805,0.3332168,0.31239325
806,0.3333164,0.33946556
807,0.33344272,0.3427911
808,0.33355746,0.31591696
809,0.333561,0.34391975
810,0.33361635,0.34802368
811,0.33378503,0.33628184
812,0.3338099,0.3074355
813,0.3339528,0.34007025
814,0.33400726,0.32752007
815,0.33435813,0.3162821
816,0.33474404,0.3397875
817,0.33490032,0.3263018
818,0.33491796,0.34049958
819,0.33493474,0.31173202
820,0.33498907,0.32969266
821,0.33503821,0.3317896
822,0.3350876,0.33135867
823,0.33543396,0.34451
824,0.33551934,0.34732583
825,0.33572292,0.3388872
826,0.33574986,0.33894104
827,0.33589593,0.35237888
828,0.33598801,0.30852574
829,0.33609176,0.34872323
830,0.33635524,0.35942227
831,0.33655092,0.36143893
832,0.33662575,0.3432548
833,0.33671877,0.35129154
834,0.33676195,0.327825
835,0.33681944,0.36802146
836,0.33695307,0.33547616
837,0.3375438,0.36712468
838,0.3375479,0.38533837
839,0.33756685,0.3374074
840,0.33759597,0.33893687
841,0.3376603,0.35578346
842,0.33772793,0.35989612
843,0.33793938,0.34560025
844,0.33813348,0.34892288
845,0.3381425,0.33436805
846,0.33824623,0.31928515
847,0.33834004,0.33556995
848,0.33836696,0.32447922
849,0.33847502,0.3724596
850,0.33851627,0.35163188
851,0.33856508,0.32354206
852,0.33857957,0.3328201
853,0.33894524,0.331189
854,0.3389808,0.32215163
855,0.33905628,0.3357654
856,0.33907044,0.3678614
857,0.3391505,0.34225652
858,0.3392073,0.36747888
859,0.33920845,0.33812737
860,0.3395334,0.3301434
861,0.339636,0.35299045
862,0.33989885,0.3153895
863,0.34003308,0.34944478
864,0.3401261,0.32337755
865,0.34032834,0.48041636
866,0.34050873,0.34217462
867,0.34114563,0.39077866
868,0.34120578,0.35110655
869,0.34139764,0.31008744
870,0.34177643,0.3476065
871,0.34196767,0.34133863
872,0.34207702,0.4518656
873,0.34209272,0.33233973
874,0.34217864,0.32360882
875,0.3425192,0.3403672
876,0.3426949,0.3482592
877,0.34283984,0.32699174
878,0.342952,0.32224727
879,0.3430033,0.386453
880,0.34303653,0.35048363
881,0.34314826,0.41086227
882,0.3431719,0.31238854
883,0.34331843,0.3312683
884,0.34336525,0.2981365
885,0.34345505,0.3423033
886,0.34367296,0.3203757
887,0.34390125,0.3657083
888,0.3440042,0.3326815
889,0.3441399,0.34069312
890,0.3441705,0.3174158
891,0.34417334,0.41447094
892,0.34433693,0.3460069
893,0.34441474,0.3615184
894,0.34442142,0.36265898
895,0.34453803,0.36551514
896,0.34460476,0.36492127
897,0.34465846,0.35621044
898,0.34523878,0.34199762
899,0.3453917,0.3427597
900,0.34539315,0.34478834
901,0.34543306,0.3569652
902,0.3457637,0.35384908
903,0.34591457,0.34756374
904,0.34594095,0.38539326
905,0.34628424,0.33352825
906,0.34643826,0.34941775
907,0.34656578,0.35362476
908,0.34662452,0.35611528
909,0.34673226,0.36791635
910,0.34680745,0.36655802
911,0.34690776,0.3620102
912,0.34714663,0.3665379
913,0.34740326,0.37141073
914,0.34753305,0.36204255
915,0.34779552,0.32608122
916,0.34781462,0.3534741
917,0.34783554,0.35337436
918,0.34783682,0.32465196
919,0.34786564,0.3493841
920,0.34798965,0.3957285
921,0.34800076,0.3327022
922,0.34812003,0.28341973
923,0.34832874,0.35085237
924,0.34882107,0.3780477
925,0.34883463,0.3251192
926,0.34917715,0.37871596
927,0.34928724,0.32821104
928,0.34929648,0.39481363
929,0.34936717,0.35649878
930,0.34942865,0.35795993
931,0.34960005,0.33946043
932,0.34967607,0.35739377
933,0.3496898,0.34527695
934,0.34972656,0.33414304
935,0.3499403,0.3610723
936,0.34999388,0.36095792
937,0.350092,0.34890538
938,0.3506901,0.34694895
939,0.3507298,0.3403108
940,0.35079417,0.37259686
941,0.3511045,0.3350601
942,0.3512966,0.41336983
943,0.3512994,0.3690891
944,0.35131314,0.3367851
945,0.35144636,0.3744827
946,0.35160902,0.36386132
947,0.35169268,0.34080082
948,0.35171646,0.38218382
949,0.35183868,0.3665206
950,0.3519596,0.36441058
951,0.35198495,0.37413275
952,0.35205615,0.35264006
953,0.35221657,0.34698936
954,0.35225955,0.35095143
955,0.35247403,0.38378215
956,0.3526252,0.37308145
957,0.3526423,0.34786063
958,0.3527504,0.36503994
959,0.35284165,0.35009518
960,0.35308582,0.35642377
961,0.35328192,0.33143914
962,0.3533949,0.3868712
963,0.35365215,0.36563063
964,0.35365248,0.35621905
965,0.3539093,0.38247648
966,0.3539168,0.36239457
967,0.35407114,0.3974085
968,0.35427675,0.34786257
969,0.35472396,0.35795808
970,0.35476384,0.37485594
971,0.35490346,0.33555925
972,0.3550674,0.4001137
973,0.35529712,0.37171254
974,0.3553448,0.37885672
975,0.35542455,0.36085325
976,0.3556001,0.33174187
977,0.35577312,0.37510967
978,0.3558618,0.36229065
979,0.3558736,0.35734928
980,0.3559553,0.37380904
981,0.3561598,0.36746413
982,0.3563401,0.36974373
983,0.35642838,0.35669604
984,0.35660833,0.366451
985,0.3566569,0.3780753
986,0.35668993,0.36669356
987,0.35680193,0.39278316
988,0.35690555,0.34282166
989,0.35708538,0.37547573
990,0.35719848,0.3406059
991,0.35737485,0.37520176
992,0.3573764,0.36265612
993,0.3578733,0.3460554
994,0.35790813,0.3623759
995,0.35794306,0.3568148
996,0.35795143,0.35342026
997,0.35809898,0.38290915
998,0.35829633,0.38223672
999,0.3583494,0.41199088
1000,0.35860896,0.35601333
1001,0.35862386,0.3429551
1002,0.35864198,0.37869912
1003,0.35868466,0.36369294
1004,0.35870644,0.36857212
1005,0.35877958,0.36736873
1006,0.3588703,0.3526631
1007,0.35897002,0.35317352
1008,0.359058,0.340433
1009,0.35909683,0.34952706
1010,0.35919902,0.32700953
1011,0.35922173,0.35844338
1012,0.3592338,0.3712441
1013,0.3592849,0.3596276
1014,0.35939378,0.38261843
1015,0.35941482,0.36610574
1016,0.35949108,0.38143715
1017,0.35955077,0.34889904
1018,0.36032262,0.36590606
1019,0.36052683,0.33642766
1020,0.36079475,0.343256
1021,0.360805,0.36393547
1022,0.36084273,0.36394393
1023,0.36087757,0.36320618
1024,0.36101204,0.38756886
1025,0.36108947,0.3634643
1026,0.36117637,0.3618231
1027,0.3615211,0.37168404
1028,0.36158034,0.3788457
1029,0.36204177,0.37786847
1030,0.36206388,0.3420298
1031,0.36207527,0.404274
1032,0.3621097,0.36261863
1033,0.36215162,0.3906274
1034,0.36223483,0.3781776
1035,0.36223486,0.35004538
1036,0.3629153,0.36952338
1037,0.36291558,0.3611366
1038,0.3629947,0.34330493
1039,0.3630581,0.388871
1040,0.3630642,0.36318696
1041,0.363171,0.39462575
1042,0.3632746,0.38041458
1043,0.36333168,0.37579602
1044,0.36391255,0.3501317
1045,0.3639982,0.42054498
1046,0.36401328,0.36765933
1047,0.36406428,0.3881535
1048,0.36409545,0.40783262
1049,0.36413315,0.39777985
1050,0.36414114,0.38719037
1051,0.36421207,0.34616676
1052,0.36431295,0.36041626
1053,0.36442402,0.4007724
1054,0.36487553,0.40038344
1055,0.36499423,0.30630672
1056,0.36512464,0.44045508
1057,0.36518303,0.389113
1058,0.36544895,0.36208403
1059,0.36552343,0.36089206
1060,0.3655842,0.2796067
1061,0.3657849,0.3492093
1062,0.36579514,0.40010348
1063,0.36581746,0.3706598
1064,0.365899,0.3636172
1065,0.36593726,0.43651772
1066,0.36595115,0.36818865
1067,0.3660421,0.3768388
1068,0.36606345,0.37292352
1069,0.3661716,0.37215057
1070,0.3662455,0.376015
1071,0.36629337,0.39465356
1072,0.36633378,0.37823766
1073,0.3665296,0.3878512
1074,0.3665302,0.37795666
1075,0.3665581,0.37305224
1076,0.36662003,0.3849788
1077,0.36664718,0.37482983
1078,0.3669862,0.37627393
1079,0.36742327,0.43152887
1080,0.36746243,0.373065
1081,0.36746952,0.39510006
1082,0.3676085,0.38558605
1083,0.3680213,0.41462988
1084,0.3681415,0.37000486
1085,0.3685009,0.38232878
1086,0.3685222,0.36594266
1087,0.36863145,0.36288857
1088,0.36863205,0.41258672
1089,0.3687176,0.357871
1090,0.36878118,0.36239377
1091,0.36896166,0.39269802
1092,0.3689894,0.35200575
1093,0.3690153,0.37557906
1094,0.36922517,0.38315514
1095,0.36928195,0.3522687
1096,0.3692897,0.34869665
1097,0.36940733,0.3662619
1098,0.36941117,0.368515
1099,0.36942124,0.4170131
1100,0.36942986,0.37586814
1101,0.3698287,0.4254021
1102,0.36990538,0.37197122
1103,0.37000987,0.39786384
1104,0.370089,0.40790772
1105,0.37010288,0.3646266
1106,0.37015927,0.36713314
1107,0.3701863,0.38471836
1108,0.37036306,0.40770626
1109,0.37044153,0.3936032
1110,0.3706278,0.37570575
1111,0.3706288,0.39496288
1112,0.3709119,0.35762617
1113,0.37098357,0.3972654
1114,0.37109447,0.3983717
1115,0.37113568,0.38779145
1116,0.37114766,0.36649853
1117,0.37116256,0.40482837
1118,0.37135407,0.41730613
1119,0.3714278,0.36245972
1120,0.3714726,0.37343147
1121,0.37151098,0.3620067
1122,0.37161073,0.3867129
1123,0.37174377,0.3585194
1124,0.37184364,0.35245714
1125,0.37208858,0.33950752
1126,0.37219268,0.3678339
1127,0.37261817,0.3766265
1128,0.37268442,0.39302006
1129,0.3728265,0.38933232
1130,0.3729957,0.3860557
1131,0.37326208,0.40557784
1132,0.37335128,0.38598958
1133,0.37337214,0.39251924
1134,0.3734462,0.33571744
1135,0.3735861,0.38797083
1136,0.3736646,0.39927316
1137,0.3738109,0.37428656
1138,0.37401867,0.3578987
1139,0.3740225,0.39437813
1140,0.3740794,0.37595055
1141,0.37411904,0.42572945
1142,0.37415144,0.37556887
1143,0.374174,0.35689354
1144,0.37421414,0.3939193
1145,0.3744633,0.3883301
1146,0.3744686,0.39706755
1147,0.37494192,0.39638886
1148,0.37521043,0.37354797
1149,0.37537166,0.37336653
1150,0.3755509,0.38351294
1151,0.3756717,0.39189833
1152,0.37637663,0.37816185
1153,0.3766358,0.42664546
1154,0.376726,0.33612123
1155,0.37683743,0.44331378
1156,0.37685382,0.39544567
1157,0.376996,0.41762933
1158,0.37705228,0.37093288
1159,0.3771348,0.37859255
1160,0.37727988,0.3574439
1161,0.3774617,0.3770829
1162,0.3776391,0.37617087
1163,0.3781049,0.3715992
1164,0.37823784,0.39284965
1165,0.37839863,0.41195655
1166,0.37870634,0.41344368
1167,0.3788582,0.36852667
1168,0.37886885,0.38744548
1169,0.37892625,0.4008731
1170,0.37913263,0.39282286
1171,0.37931633,0.39895862
1172,0.37939256,0.4061902
1173,0.379475,0.38173723
1174,0.37986585,0.3458748
1175,0.3798676,0.3686188
1176,0.37988013,0.41433036
1177,0.37997028,0.36773804
1178,0.38013792,0.39363137
1179,0.38034326,0.38671377
1180,0.3804046,0.37553513
1181,0.3804189,0.38106155
1182,0.38055232,0.38896266
1183,0.3807879,0.39590314
1184,0.38085774,0.4071595
1185,0.38093394,0.37133786
1186,0.38103357,0.38549262
1187,0.38115624,0.38053682
1188,0.38135546,0.3905056
1189,0.3813773,0.39547226
1190,0.38145754,0.40090045
1191,0.38149202,0.39134
1192,0.3822173,0.39266303
1193,0.38230667,0.35978684
1194,0.38234258,0.41827232
1195,0.3825325,0.40312943
1196,0.38273618,0.39978904
1197,0.382781,0.378261
1198,0.38287845,0.37288782
1199,0.38292634,0.40181556
1200,0.38311994,0.3671922
1201,0.383339,0.40009487
1202,0.38336784,0.39760673
1203,0.38354614,0.3725051
1204,0.38378826,0.39605552
1205,0.38384494,0.38533735
1206,0.3839646,0.40320674
1207,0.3842815,0.39144725
1208,0.38440308,0.3608676
1209,0.38495582,0.42862606
1210,0.38509962,0.389575
1211,0.38540292,0.3803751
1212,0.3854442,0.38059205
1213,0.3856551,0.40694898
1214,0.38589552,0.4480726
1215,0.38635486,0.38473406
1216,0.3864134,0.38562667
1217,0.3866816,0.39264405
1218,0.38682902,0.38332242
1219,0.3869566,0.38312763
1220,0.38716105,0.3891425
1221,0.3871822,0.39374113
1222,0.38766232,0.41158873
1223,0.38785377,0.3818714
1224,0.387887,0.40978897
1225,0.3879607,0.3504545
1226,0.38808104,0.38603306
1227,0.38823578,0.40082848
1228,0.38826317,0.4108039
1229,0.38830885,0.40136296
1230,0.38835984,0.38746017
1231,0.3883709,0.40248802
1232,0.38839933,0.3955534
1233,0.38858724,0.40297338
1234,0.38859275,0.40142265
1235,0.38869092,0.4263158
1236,0.38878867,0.37534827
1237,0.38896078,0.3949679
1238,0.3889674,0.414781
1239,0.38897493,0.3906763
1240,0.38900945,0.41392
1241,0.38916662,0.3903958
1242,0.38918743,0.3822801
1243,0.38931406,0.3872452
1244,0.3893168,0.37339735
1245,0.38959026,0.391016
1246,0.3896497,0.45997423
1247,0.38968033,0.39507443
1248,0.38972104,0.37868023
1249,0.3901409,0.3744842
1250,0.390397,0.39325768
1251,0.39067182,0.4302844
1252,0.3906976,0.3835946
1253,0.39073277,0.38315946
1254,0.3910886,0.41742563
1255,0.39129594,0.41857427
1256,0.39132953,0.42094532
1257,0.39135697,0.39890894
1258,0.3918217,0.40815783
1259,0.39220953,0.4322141
1260,0.39233378,0.40932873
1261,0.39233428,0.40287042
1262,0.39236978,0.3877747
1263,0.3925972,0.39397722
1264,0.39261144,0.39181036
1265,0.39268437,0.40662265
1266,0.39272454,0.3957061
1267,0.39281732,0.43082148
1268,0.39292267,0.39393455
1269,0.3933077,0.40088385
1270,0.39337608,0.4577507
1271,0.3935265,0.3999522
1272,0.39362437,0.4193962
1273,0.39364323,0.43011183
1274,0.39389658,0.38886473
1275,0.39394492,0.3559054
1276,0.39417937,0.38042128
1277,0.3942581,0.39413252
1278,0.39428645,0.37153512
1279,0.3943068,0.42998314
1280,0.3943395,0.36715436
1281,0.39441302,0.3825838
1282,0.3944749,0.39910465
1283,0.39455095,0.4106561
1284,0.39481342,0.3998587
1285,0.39483103,0.3667215
1286,0.39493218,0.37280887
1287,0.39500374,0.4184164
1288,0.39531597,0.43880886
1289,0.39569324,0.43263543
1290,0.3957168,0.38991743
1291,0.3958444,0.4309396
1292,0.3959508,0.4092194
1293,0.39608917,0.39507037
1294,0.39618218,0.42367804
1295,0.39632455,0.38896546
1296,0.39660224,0.38971937
1297,0.39665282,0.4052364
1298,0.39672595,0.43681738
1299,0.39676225,0.4094115
1300,0.39716297,0.41056117
1301,0.3973589,0.39647937
1302,0.39741343,0.4111014
1303,0.3979255,0.38287687
1304,0.39792734,0.42985404
1305,0.3979663,0.41527128
1306,0.39828497,0.42438433
1307,0.39832208,0.42245594
1308,0.39844713,0.44731677
1309,0.39851236,0.42529804
1310,0.3985758,0.43262082
1311,0.3986114,0.39712602
1312,0.398625,0.40581068
1313,0.39864793,0.42607188
1314,0.39917612,0.4044836
1315,0.39920247,0.35191295
1316,0.39939085,0.4091509
1317,0.3996044,0.4136688
1318,0.39983806,0.3926698
1319,0.3999964,0.41132352
1320,0.40009788,0.4071465
1321,0.40019232,0.40893972
1322,0.4002448,0.43352723
1323,0.40030652,0.38622606
1324,0.4003306,0.4268651
1325,0.40051776,0.41264185
1326,0.40068054,0.4158897
1327,0.40076867,0.43623462
1328,0.40089548,0.42676282
1329,0.40103078,0.3767398
1330,0.40124235,0.404997
1331,0.4012803,0.40585238
1332,0.40131328,0.40631646
1333,0.4013486,0.40404
1334,0.40139198,0.4036684
1335,0.4014142,0.4118582
1336,0.40162,0.40720642
1337,0.4016232,0.4339648
1338,0.40162602,0.43228102
1339,0.401632,0.4141141
1340,0.4016558,0.39914095
1341,0.40178892,0.41403538
1342,0.401879,0.41814446
1343,0.40198106,0.41478002
1344,0.40199637,0.432532
1345,0.4023312,0.417106
1346,0.40263826,0.42372686
1347,0.40264824,0.39586413
1348,0.40264875,0.38542718
1349,0.40278277,0.464226
1350,0.40290204,0.43861496
1351,0.40292355,0.39751738
1352,0.40308264,0.4110769
1353,0.40312466,0.42013723
1354,0.4031576,0.43257394
1355,0.40322697,0.428325
1356,0.4032551,0.41756758
1357,0.40334672,0.4206023
1358,0.40362498,0.3942055
1359,0.403674,0.40864182
1360,0.40393654,0.35587558
1361,0.40406784,0.42240888
1362,0.40411556,0.42123473
1363,0.40419182,0.4448822
1364,0.4042011,0.4306155
1365,0.4042069,0.40123594
1366,0.40436482,0.41442248
1367,0.40449762,0.40570557
1368,0.40473354,0.41119364
1369,0.4049197,0.41245148
1370,0.40499857,0.41100386
1371,0.40517697,0.42517996
1372,0.40518555,0.3873382
1373,0.40533784,0.4127145
1374,0.40540037,0.44339925
1375,0.40574694,0.43596905
1376,0.40576702,0.4177242
1377,0.40580246,0.4278748
1378,0.4059242,0.39331266
1379,0.4059512,0.40609074
1380,0.4060228,0.41868585
1381,0.4060297,0.43485263
1382,0.40603998,0.40957418
1383,0.40622932,0.41543797
1384,0.40645993,0.41965777
1385,0.40654445,0.41900846
1386,0.4068708,0.4062663
1387,0.40722832,0.44115508
1388,0.40731692,0.4217029
1389,0.40737844,0.3709749
1390,0.40737966,0.39952493
1391,0.40743396,0.40619826
1392,0.40755957,0.39401996
1393,0.40774116,0.38710055
1394,0.4078777,0.4055094
1395,0.4079065,0.43567088
1396,0.4080243,0.42379445
1397,0.40802625,0.44028157
1398,0.40820244,0.39273304
1399,0.40827468,0.4177295
1400,0.4084707,0.46652156
1401,0.40852752,0.43770453
1402,0.40860096,0.44529137
1403,0.4087578,0.44515604
1404,0.40876043,0.41251665
1405,0.40880913,0.399681
1406,0.4088165,0.41192052
1407,0.4091876,0.41626805
1408,0.40932977,0.40650356
1409,0.4093434,0.41981742
1410,0.40942404,0.4348808
1411,0.40950495,0.43367034
1412,0.40953007,0.41678482
1413,0.40970397,0.4425277
1414,0.40981528,0.42619762
1415,0.41057068,0.4410606
1416,0.4105858,0.43244147
1417,0.4107509,0.44273287
1418,0.41099077,0.34907258
1419,0.4110382,0.3811733
1420,0.41123176,0.40223897
1421,0.41128471,0.41018015
1422,0.41154742,0.44049644
1423,0.41156882,0.39956635
1424,0.41167745,0.4158561
1425,0.4118422,0.39495108
1426,0.41207147,0.43024296
1427,0.4121864,0.42272583
1428,0.41221637,0.4177172
1429,0.41226903,0.39541835
1430,0.41240174,0.43444842
1431,0.41242585,0.43673232
1432,0.41263032,0.40331483
1433,0.41269252,0.3779341
1434,0.41270894,0.4256491
1435,0.41279888,0.37367502
1436,0.41305503,0.43903986
1437,0.4134285,0.41725317
1438,0.41352865,0.43722975
1439,0.41358814,0.40419886
1440,0.4136774,0.4311749
1441,0.41392335,0.4391368
1442,0.4140913,0.48503554
1443,0.41410178,0.47866225
1444,0.41416177,0.4404752
1445,0.4143274,0.39528424
1446,0.41450474,0.42524555
1447,0.4145089,0.42765632
1448,0.41467285,0.40549883
1449,0.41475746,0.4183893
1450,0.4148366,0.47871956
1451,0.414931,0.43192008
1452,0.41503638,0.46261144
1453,0.4152779,0.42561802
1454,0.41531983,0.3953264
1455,0.41582233,0.40085658
1456,0.41583622,0.43482357
1457,0.415887,0.44685814
1458,0.41606706,0.40908176
1459,0.41622162,0.43983734
1460,0.41622382,0.43145427
1461,0.41630232,0.4214842
1462,0.4163549,0.43340477
1463,0.416418,0.4193433
1464,0.416539,0.3956892
1465,0.41656002,0.43022257
1466,0.4167546,0.39874482
1467,0.41687018,0.45524076
1468,0.4168751,0.42361704
1469,0.41700494,0.42877457
1470,0.4172699,0.45434093
1471,0.41751486,0.41051543
1472,0.41759735,0.4516077
1473,0.41760284,0.43709368
1474,0.4176816,0.44637516
1475,0.41786507,0.43323937
1476,0.4180796,0.4231185
1477,0.41826645,0.4371005
1478,0.41831678,0.457162
1479,0.41847652,0.4291214
1480,0.41850883,0.41525126
1481,0.4185119,0.44542512
1482,0.41854098,0.45964617
1483,0.41897038,0.45242918
1484,0.41897696,0.46038443
1485,0.41901186,0.41067284
1486,0.41906092,0.4298662
1487,0.41910315,0.44231373
1488,0.41910976,0.4420758
1489,0.41917834,0.430446
1490,0.41940206,0.41858536
1491,0.41961336,0.41500306
1492,0.41976812,0.43413144
1493,0.41999653,0.44697273
1494,0.42054695,0.41026732
1495,0.42059734,0.4265142
1496,0.42092997,0.45698187
1497,0.4211149,0.44194797
1498,0.42113292,0.3880259
1499,0.42116743,0.45554096
1500,0.42138186,0.43907472
1501,0.4214163,0.43140176
1502,0.4215346,0.42988956
1503,0.42179537,0.4284231
1504,0.42182422,0.44217148
1505,0.42186826,0.40615207
1506,0.42187604,0.4327271
1507,0.42200285,0.44825074
1508,0.4224706,0.43520018
1509,0.422544,0.42018765
1510,0.42258993,0.40174958
1511,0.42263073,0.41301453
1512,0.42287531,0.43352976
1513,0.4229011,0.41783518
1514,0.4231175,0.48646438
1515,0.42318267,0.42314094
1516,0.42361093,0.4418369
1517,0.42363432,0.43001288
1518,0.42383483,0.45761573
1519,0.42398772,0.41172212
1520,0.4240432,0.43504357
1521,0.42411292,0.4453733
1522,0.424135,0.46398425
1523,0.42424738,0.43893543
1524,0.42432177,0.44101202
1525,0.42437673,0.44716892
1526,0.42441455,0.43517798
1527,0.42494756,0.442061
1528,0.4251167,0.4362992
1529,0.42527792,0.4294348
1530,0.42531598,0.41418076
1531,0.425581,0.4325869
1532,0.42574176,0.47645187
1533,0.4257871,0.46250853
1534,0.4258793,0.42100295
1535,0.42591506,0.41743597
1536,0.42602602,0.44777453
1537,0.426171,0.42568862
1538,0.42623562,0.43644994
1539,0.42643932,0.42701706
1540,0.42645463,0.459796
1541,0.42662495,0.43605283
1542,0.42686462,0.38741165
1543,0.42712015,0.4130871
1544,0.4273626,0.44075537
1545,0.42756563,0.4490016
1546,0.42758855,0.40646443
1547,0.42758864,0.4435749
1548,0.4276602,0.4507993
1549,0.42769587,0.4450242
1550,0.428152,0.42965853
1551,0.428183,0.44741285
1552,0.4283401,0.45777282
1553,0.42835784,0.4301124
1554,0.42836532,0.44621134
1555,0.42852253,0.43511206
1556,0.4286255,0.44397125
1557,0.42868984,0.3979185
1558,0.42880204,0.4205765
1559,0.4288105,0.42213967
1560,0.42892718,0.42024395
1561,0.42905197,0.47485635
1562,0.42926225,0.4351964
1563,0.43004146,0.41004676
1564,0.43013176,0.43103364
1565,0.4302127,0.4391227
1566,0.43023074,0.42990154
1567,0.43027684,0.46594408
1568,0.43030354,0.4317409
1569,0.4303369,0.42220402
1570,0.43046328,0.48733962
1571,0.4306037,0.45934802
1572,0.43062276,0.44382012
1573,0.43065828,0.4379116
1574,0.43074855,0.4291746
1575,0.43087226,0.41904783
1576,0.4310014,0.4483223
1577,0.43116468,0.4808568
1578,0.43150336,0.43684474
1579,0.43164146,0.44204247
1580,0.4317014,0.48989823
1581,0.43175954,0.4519087
1582,0.43189612,0.45175552
1583,0.43206736,0.43662617
1584,0.43222556,0.44013527
1585,0.43241864,0.43406636
1586,0.43248177,0.47807086
1587,0.43248287,0.43935928
1588,0.43282697,0.4227912
1589,0.432863,0.42707524
1590,0.43301028,0.52011776
1591,0.43303013,0.44028714
1592,0.4331853,0.49795303
1593,0.43320253,0.42491487
1594,0.43351448,0.45840818
1595,0.43354958,0.43802688
1596,0.4339167,0.47676376
1597,0.4339175,0.44055456
1598,0.43401653,0.44924027
1599,0.43420944,0.50198054
1600,0.4343737,0.44381344
1601,0.4345475,0.43421507
1602,0.4345607,0.4439053
1603,0.43457335,0.44151694
1604,0.4346327,0.42757714
1605,0.43468273,0.41941756
1606,0.434724,0.44039175
1607,0.43497226,0.41151008
1608,0.43504184,0.4956531
1609,0.43523115,0.47998223
1610,0.43530205,0.44225398
1611,0.43534693,0.46311134
1612,0.43558323,0.44779813
1613,0.4356399,0.426845
1614,0.4357715,0.42702264
1615,0.43589947,0.4604025
1616,0.43618777,0.4656412
1617,0.43619636,0.43576518
1618,0.43628147,0.47473723
1619,0.4364724,0.44898838
1620,0.43659118,0.4541783
1621,0.43661767,0.491766
1622,0.43681702,0.44603384
1623,0.43687636,0.43077916
1624,0.43730587,0.44044322
1625,0.43733197,0.44031078
1626,0.43739128,0.43920574
1627,0.43741637,0.45929724
1628,0.43759847,0.43736875
1629,0.43760514,0.43816072
1630,0.4376177,0.49041015
1631,0.43764985,0.45955625
1632,0.4377417,0.45709372
1633,0.43778965,0.4160096
1634,0.43805292,0.4380939
1635,0.43825266,0.4642955
1636,0.43826786,0.47106338
1637,0.43839464,0.46942398
1638,0.4384144,0.44530284
1639,0.4384241,0.5797336
1640,0.43844748,0.43970364
1641,0.43847385,0.4464072
1642,0.438656,0.44602242
1643,0.4389261,0.44234583
1644,0.43895093,0.4388751
1645,0.43912423,0.43335718
1646,0.43925014,0.44833595
1647,0.439297,0.43628788
1648,0.43953222,0.44985873
1649,0.43956262,0.46182597
1650,0.4396412,0.4493122
1651,0.43994206,0.452788
1652,0.44000402,0.47081602
1653,0.44003472,0.4559871
1654,0.4401309,0.4209528
1655,0.4402671,0.45452398
1656,0.44029146,0.45811012
1657,0.44036934,0.45351964
1658,0.4404086,0.46038446
1659,0.4404439,0.49019617
1660,0.44053215,0.46011946
1661,0.44059137,0.4333082
1662,0.4409735,0.47375444
1663,0.44098198,0.42555535
1664,0.44100574,0.46449447
1665,0.4412621,0.4468984
1666,0.4412867,0.4619972
1667,0.44163695,0.44127688
1668,0.44169322,0.4572751
1669,0.4417019,0.44514307
1670,0.44177893,0.44687796
1671,0.44232953,0.43024853
1672,0.4425181,0.47070432
1673,0.44286722,0.4422758
1674,0.44302624,0.43684748
1675,0.4430365,0.45101744
1676,0.44329196,0.44934705
1677,0.44330916,0.46086985
1678,0.44360688,0.4490139
1679,0.44382462,0.48248434
1680,0.44384146,0.4808244
1681,0.44389102,0.43943593
1682,0.44404697,0.47742957
1683,0.44404924,0.47276315
1684,0.44405353,0.49268445
1685,0.44411165,0.45392472
1686,0.44430354,0.47359774
1687,0.4448944,0.436277
1688,0.44511053,0.43618545
1689,0.4453402,0.485498
1690,0.44540116,0.43903437
1691,0.44559494,0.43833807
1692,0.44583157,0.4711499
1693,0.44584292,0.44065708
1694,0.44587055,0.42499316
1695,0.44588357,0.43990588
1696,0.44607848,0.4554087
1697,0.44610807,0.45650274
1698,0.4465019,0.43068075
1699,0.44655347,0.4455362
1700,0.44655848,0.48968357
1701,0.44658902,0.47670826
1702,0.44659895,0.46845007
1703,0.44665495,0.5206743
1704,0.44668388,0.44608843
1705,0.4467168,0.4769544
1706,0.44674662,0.45799503
1707,0.4467603,0.43519518
1708,0.44676703,0.46926287
1709,0.4469343,0.49534762
1710,0.4472737,0.47314745
1711,0.4474393,0.42640388
1712,0.44747442,0.53075445
1713,0.44749758,0.44856083
1714,0.44755983,0.44433406
1715,0.44759732,0.46194667
1716,0.447665,0.44584736
1717,0.44770592,0.43575135
1718,0.44785425,0.45588917
1719,0.4479014,0.44421148
1720,0.44821593,0.44802642
1721,0.44863683,0.44686317
1722,0.44865307,0.43551093
1723,0.44877833,0.47528386
1724,0.44888243,0.4614069
1725,0.448962,0.4713739
1726,0.44897506,0.46710807
1727,0.44909072,0.4592681
1728,0.44921497,0.45799753
1729,0.44936922,0.4832013
1730,0.44944593,0.4504122
1731,0.44954994,0.5014336
1732,0.44972622,0.4345605
1733,0.44974416,0.44480205
1734,0.44987494,0.476008
1735,0.45017624,0.46423396
1736,0.45018262,0.4437946
1737,0.4502775,0.4658314
1738,0.4503552,0.47521743
1739,0.45039043,0.47738943
1740,0.45041296,0.47242564
1741,0.45041585,0.46896553
1742,0.45041716,0.49347353
1743,0.45063835,0.45033526
1744,0.45068696,0.45206326
1745,0.45120883,0.45418686
1746,0.45122015,0.4924636
1747,0.45125085,0.4786744
1748,0.45131698,0.43806753
1749,0.451406,0.46171886
1750,0.4514993,0.49753785
1751,0.45181337,0.43362874
1752,0.45181546,0.44513714
1753,0.45183715,0.5079028
1754,0.4521373,0.459101
1755,0.45241714,0.45057654
1756,0.45247534,0.45631993
1757,0.4525856,0.46685052
1758,0.4527633,0.4707227
1759,0.45278755,0.43512154
1760,0.45283958,0.46752018
1761,0.4528462,0.47070074
1762,0.4529853,0.47222802
1763,0.45303062,0.52257025
1764,0.45308965,0.4838506
1765,0.4534366,0.47344458
1766,0.45350248,0.4496689
1767,0.453645,0.46433035
1768,0.45372748,0.45382428
1769,0.45374805,0.46516567
1770,0.45418638,0.46356997
1771,0.45433584,0.4492113
1772,0.45457792,0.48778734
1773,0.45479092,0.44298777
1774,0.45494172,0.4689293
1775,0.45533648,0.43764365
1776,0.45545086,0.45379156
1777,0.45554948,0.46822578
1778,0.45557567,0.4857098
1779,0.45562506,0.4720657
1780,0.45573786,0.45852238
1781,0.4562006,0.463089
1782,0.4563003,0.45938155
1783,0.4563802,0.45479077
1784,0.45654994,0.4612016
1785,0.45655942,0.4742631
1786,0.45682132,0.47373134
1787,0.45685124,0.46816832
1788,0.45698905,0.48077947
1789,0.4570038,0.43056452
1790,0.45706126,0.47489268
1791,0.45711824,0.46227026
1792,0.45714143,0.49311298
1793,0.4576804,0.47956118
1794,0.45790783,0.47320372
1795,0.458109,0.46657968
1796,0.4581889,0.47107038
1797,0.45823798,0.48759428
1798,0.4585395,0.5074347
1799,0.45855168,0.4664425
1800,0.4586811,0.47668022
1801,0.45874837,0.4658255
1802,0.45887455,0.4655857
1803,0.4590284,0.48367038
1804,0.4592661,0.4811137
1805,0.45952907,0.45490253
1806,0.45960972,0.44192645
1807,0.4596571,0.4864342
1808,0.45972127,0.47520137
1809,0.45977822,0.51228464
1810,0.45981756,0.4710221
1811,0.46003383,0.4790051
1812,0.46082467,0.4497219
1813,0.46117643,0.4808225
1814,0.4612019,0.45704627
1815,0.46123832,0.49310645
1816,0.4612982,0.47390944
1817,0.46130538,0.50658274
1818,0.46133596,0.466518
1819,0.4619875,0.45575514
1820,0.46238348,0.47870103
1821,0.46240336,0.48169696
1822,0.46271384,0.47590053
1823,0.46281996,0.4874585
1824,0.4631493,0.47682738
1825,0.46325853,0.49770898
1826,0.46347156,0.4760441
1827,0.46358052,0.46704584
1828,0.4636508,0.46429467
1829,0.46375707,0.44433716
1830,0.4638558,0.4901897
1831,0.463856,0.4668866
1832,0.46389163,0.31015748
1833,0.46395397,0.45120922
1834,0.4640759,0.4890627
1835,0.4641343,0.4414193
1836,0.46419784,0.48915768
1837,0.46440864,0.47266257
1838,0.46460253,0.46880087
1839,0.46464413,0.5492822
1840,0.46473372,0.4547521
1841,0.46475968,0.47962254
1842,0.46480584,0.46887967
1843,0.46490958,0.4699037
1844,0.4649829,0.4625093
1845,0.46527678,0.47717032
1846,0.46551928,0.48237708
1847,0.46592757,0.4491493
1848,0.46595916,0.48916578
1849,0.46607617,0.45654786
1850,0.46630248,0.4972359
1851,0.46642724,0.45010883
1852,0.46644437,0.4983324
1853,0.46644485,0.4588843
1854,0.46658176,0.46862638
1855,0.46658283,0.5007378
1856,0.46682712,0.4836833
1857,0.46694013,0.48961508
1858,0.46700245,0.5023583
1859,0.46764967,0.47188458
1860,0.46765882,0.4569498
1861,0.46766856,0.46072856
1862,0.4678186,0.47736406
1863,0.4678956,0.48668826
1864,0.4679221,0.46093673
1865,0.46802548,0.48569945
1866,0.4680703,0.54110456
1867,0.46826482,0.4768369
1868,0.4683296,0.48041385
1869,0.46843636,0.45246118
1870,0.46845108,0.47733235
1871,0.46875378,0.48839772
1872,0.46875495,0.44979843
1873,0.4687688,0.44044268
1874,0.4689651,0.46534967
1875,0.46901947,0.35798204
1876,0.46910205,0.45520806
1877,0.46922445,0.49402672
1878,0.4692329,0.47738412
1879,0.46924263,0.49848163
1880,0.4697484,0.4699811
1881,0.46991485,0.4985998
1882,0.47053862,0.4979959
1883,0.47119433,0.48489547
1884,0.47122306,0.48503816
1885,0.47143245,0.47614986
1886,0.47149473,0.48437208
1887,0.47155705,0.50249374
1888,0.471765,0.469376
1889,0.47179943,0.47116494
1890,0.47188675,0.4663831
1891,0.47198537,0.45501527
1892,0.47246498,0.48199973
1893,0.4725485,0.5091647
1894,0.47258297,0.49411303
1895,0.47261804,0.47459424
1896,0.473137,0.47882274
1897,0.4731594,0.4951075
1898,0.47318214,0.47244835
1899,0.47327694,0.5217269
1900,0.47330937,0.5007126
1901,0.47339284,0.49817318
1902,0.47342098,0.5275496
1903,0.4734435,0.48509288
1904,0.47347197,0.45676732
1905,0.47349623,0.5235702
1906,0.4735432,0.5160111
1907,0.4735984,0.46706495
1908,0.4736204,0.48078427
1909,0.473643,0.49946615
1910,0.47384942,0.465646
1911,0.47391105,0.4930627
1912,0.47417057,0.48774233
1913,0.4741749,0.47109854
1914,0.47447377,0.47552457
1915,0.47477287,0.49130437
1916,0.47509497,0.47580788
1917,0.47515306,0.48695567
1918,0.47527164,0.4781326
1919,0.47534046,0.4842751
1920,0.47548187,0.49565428
1921,0.4755548,0.49442232
1922,0.47569653,0.44891346
1923,0.47575554,0.49130124
1924,0.4758266,0.4924338
1925,0.47591567,0.49611917
1926,0.47597668,0.4578226
1927,0.47599223,0.48089385
1928,0.47606254,0.47739655
1929,0.47610956,0.50089526
1930,0.47652206,0.4600832
1931,0.47674906,0.50017756
1932,0.4767567,0.517112
1933,0.476828,0.46140486
1934,0.4770485,0.5214313
1935,0.47714168,0.45366836
1936,0.47726104,0.48995286
1937,0.4773807,0.48461953
1938,0.47749394,0.5002315
1939,0.47770488,0.46656564
1940,0.47782922,0.4583623
1941,0.4778674,0.48939362
1942,0.47788826,0.49296272
1943,0.47789475,0.48117524
1944,0.4781254,0.50379
1945,0.47820842,0.45812273
1946,0.4782364,0.46760827
1947,0.47827676,0.45951396
1948,0.47830048,0.518074
1949,0.4786509,0.5071613
1950,0.4787065,0.4774148
1951,0.4787515,0.44935784
1952,0.47892854,0.46169335
1953,0.4789538,0.49368688
1954,0.47906435,0.5130671
1955,0.4792021,0.50537527
1956,0.47926632,0.5058914
1957,0.4792746,0.50486434
1958,0.47938406,0.49550155
1959,0.4794108,0.46997496
1960,0.47943997,0.49069333
1961,0.47946444,0.47902325
1962,0.47949293,0.53102094
1963,0.47949758,0.5095739
1964,0.47957423,0.47630036
1965,0.47970748,0.46866742
1966,0.47993934,0.5174643
1967,0.47998962,0.52669644
1968,0.4801062,0.49131662
1969,0.48011544,0.4911667
1970,0.4802323,0.4958672
1971,0.4803417,0.48166823
1972,0.48052704,0.49121517
1973,0.48058563,0.47748113
1974,0.4806726,0.5003242
1975,0.4807736,0.49351993
1976,0.48101804,0.47910458
1977,0.48126534,0.5175929
1978,0.481481,0.51100963
1979,0.4815634,0.488742
1980,0.48164758,0.49603468
1981,0.48185796,0.50057924
1982,0.48191944,0.46335018
1983,0.48193347,0.46088207
1984,0.48200306,0.5102612
1985,0.48200986,0.49391958
1986,0.4820909,0.48138127
1987,0.48219132,0.5066662
1988,0.48228124,0.5204863
1989,0.48253775,0.4677673
1990,0.4826085,0.49116978
1991,0.482667,0.48023218
1992,0.4828147,0.4663593
1993,0.48282224,0.4984768
1994,0.48311138,0.452629
1995,0.4832107,0.47972897
1996,0.48327428,0.5296947
1997,0.48331803,0.5021277
1998,0.4834184,0.4827398
1999,0.4836462,0.48422873
2000,0.48376757,0.46119213
2001,0.4838814,0.50606483
2002,0.48417798,0.48563325
2003,0.48447865,0.4914372
2004,0.48451024,0.50813925
2005,0.48488858,0.48880488
2006,0.4849939,0.5249791
2007,0.48516336,0.48535442
2008,0.48545912,0.45748267
2009,0.4856054,0.46964383
2010,0.4859432,0.47309804
2011,0.48600447,0.49568167
2012,0.48610687,0.4909352
2013,0.48649153,0.47037208
2014,0.48655888,0.504642
2015,0.48702022,0.49848422
2016,0.4871526,0.48664904
2017,0.4872145,0.5049138
2018,0.4872358,0.4865023
2019,0.48737743,0.47718257
2020,0.487534,0.48368585
2021,0.48771572,0.47953838
2022,0.48771727,0.4197131
2023,0.48817417,0.5315634
2024,0.4883759,0.4726842
2025,0.48882812,0.4880067
2026,0.48882997,0.49199292
2027,0.48914528,0.5118454
2028,0.48922092,0.4771052
2029,0.489256,0.4974776
2030,0.48926625,0.47331545
2031,0.48959503,0.54204094
2032,0.48963258,0.4920619
2033,0.48967957,0.47839376
2034,0.48974308,0.4951226
2035,0.48979232,0.5002676
2036,0.4898209,0.49239522
2037,0.48990047,0.422718
2038,0.49026275,0.49781466
2039,0.4904992,0.4777758
2040,0.49054867,0.5462229
2041,0.4906476,0.47540203
2042,0.4909239,0.51868016
2043,0.49106577,0.5443187
2044,0.491117,0.51500875
2045,0.49115303,0.5079247
2046,0.4912539,0.49645537
2047,0.49134362,0.5074452
2048,0.49140227,0.5222935
2049,0.49147496,0.49726444
2050,0.49166104,0.5169883
2051,0.49177983,0.48571795
2052,0.49206707,0.5205588
2053,0.4921882,0.36017457
2054,0.4922033,0.5040051
2055,0.49273285,0.5042483
2056,0.49287105,0.5370202
2057,0.4929741,0.5071729
2058,0.4932459,0.51248425
2059,0.49329308,0.49187225
2060,0.49348232,0.51631874
2061,0.49389863,0.48634928
2062,0.49395993,0.4983985
2063,0.49397153,0.4953338
2064,0.49400067,0.5418287
2065,0.49400252,0.4824987
2066,0.49407172,0.5099762
2067,0.49410158,0.5050357
2068,0.4941134,0.5028409
2069,0.49418163,0.5042413
2070,0.49434257,0.489546
2071,0.49435514,0.50946486
2072,0.49448836,0.47914854
2073,0.49464837,0.5365397
2074,0.49465528,0.5042498
2075,0.4947445,0.5141798
2076,0.49476597,0.49695212
2077,0.49479383,0.52457935
2078,0.4948912,0.4713072
2079,0.49534923,0.51877177
2080,0.49538556,0.4754924
2081,0.495665,0.5167583
2082,0.49571887,0.5003307
2083,0.49607545,0.52390146
2084,0.49652952,0.4985348
2085,0.49662912,0.5117751
2086,0.49664116,0.50736237
2087,0.49692932,0.4721107
2088,0.49699998,0.5234491
2089,0.49728638,0.47064275
2090,0.49730086,0.5108059
2091,0.49735406,0.50654846
2092,0.49752373,0.49422458
2093,0.49754015,0.5096166
2094,0.4976174,0.48994786
2095,0.49770904,0.51364213
2096,0.4977295,0.47349727
2097,0.49790314,0.5167215
2098,0.49793404,0.52637106
2099,0.49820325,0.4927066
2100,0.4985182,0.5124779
2101,0.49854892,0.51306415
2102,0.49863023,0.51275676
2103,0.49873558,0.4846907
2104,0.4989764,0.51423043
2105,0.49900624,0.473517
2106,0.49900725,0.46927106
2107,0.4990775,0.5039726
2108,0.49910188,0.49862045
2109,0.49915162,0.52312636
2110,0.49915484,0.5126006
2111,0.49924716,0.51991427
2112,0.49940658,0.4991804
2113,0.4996401,0.5176591
2114,0.49969438,0.50126314
2115,0.50021994,0.5491843
2116,0.50037944,0.5271784
2117,0.5003817,0.5242671
2118,0.5004398,0.5345645
2119,0.5005064,0.49685115
2120,0.5008169,0.5226753
2121,0.50082844,0.54075325
2122,0.50089705,0.50687796
2123,0.50090986,0.49816793
2124,0.50112385,0.5461633
2125,0.5011467,0.5135446
2126,0.5012148,0.5324297
2127,0.5012827,0.5170109
2128,0.50146013,0.51247585
2129,0.50173837,0.5078467
2130,0.5020764,0.5119567
2131,0.5020935,0.5202751
2132,0.5023534,0.50422275
2133,0.50294393,0.4816862
2134,0.5029814,0.4625288
2135,0.50320345,0.4766992
2136,0.5034214,0.5187925
2137,0.5035903,0.5140516
2138,0.5037704,0.5493579
2139,0.5037816,0.5211694
2140,0.5038715,0.5263331
2141,0.5040286,0.46484917
2142,0.50405985,0.51454765
2143,0.50408906,0.52122134
2144,0.5041761,0.51963115
2145,0.5041853,0.4970925
2146,0.5042032,0.51372087
2147,0.5042125,0.49110442
2148,0.5042172,0.521368
2149,0.50422996,0.534108
2150,0.5042314,0.51203096
2151,0.5042907,0.5249994
2152,0.5047007,0.5341863
2153,0.50483227,0.533546
2154,0.5048515,0.5100655
2155,0.505031,0.5474169
2156,0.5050685,0.51668435
2157,0.50509137,0.44567338
2158,0.5053306,0.53432
2159,0.50546557,0.5290017
2160,0.5057771,0.5009917
2161,0.50581574,0.52100325
2162,0.5060312,0.5024822
2163,0.5060391,0.5247919
2164,0.5060986,0.50085354
2165,0.5061054,0.49760067
2166,0.5061685,0.5344132
2167,0.506298,0.4964705
2168,0.50654674,0.52161646
2169,0.50661016,0.49170402
2170,0.50662965,0.5152999
2171,0.5066424,0.5032937
2172,0.50677407,0.5050881
2173,0.50684845,0.5394405
2174,0.50687385,0.4948917
2175,0.50712144,0.52065533
2176,0.50722194,0.5222385
2177,0.50731766,0.52398634
2178,0.5074466,0.5109647
2179,0.507595,0.5066972
2180,0.50780284,0.5104438
2181,0.5078029,0.50870013
2182,0.50803006,0.5289312
2183,0.5081074,0.46857944
2184,0.5081155,0.50080794
2185,0.5081731,0.5141165
2186,0.50839746,0.5019736
2187,0.5084003,0.5067367
2188,0.50848746,0.5006594
2189,0.5086634,0.5269058
2190,0.5087655,0.50381815
2191,0.5088033,0.48988703
2192,0.50896686,0.49631023
2193,0.5093087,0.50473094
2194,0.5093969,0.51438546
2195,0.5094627,0.50426686
2196,0.5094833,0.52617705
2197,0.509527,0.5003519
2198,0.5095647,0.52680016
2199,0.50965035,0.49703833
2200,0.509659,0.53021365
2201,0.5100884,0.51319844
2202,0.5102118,0.47517663
2203,0.5103729,0.49513656
2204,0.510414,0.47603914
2205,0.5107779,0.51383924
2206,0.5108584,0.52587163
2207,0.51096475,0.49459285
2208,0.51097375,0.522362
2209,0.5109983,0.5076894
2210,0.51110226,0.51253855
2211,0.5111441,0.48489037
2212,0.5111782,0.5094701
2213,0.51120985,0.529428
2214,0.511265,0.51072514
2215,0.5112892,0.5246295
2216,0.511369,0.5268347
2217,0.51153666,0.5096539
2218,0.5117121,0.5107633
2219,0.5117408,0.49441737
2220,0.5117802,0.51501334
2221,0.5119028,0.4735251
2222,0.5119173,0.47135183
2223,0.5121625,0.50819445
2224,0.5122135,0.4775907
2225,0.51237357,0.51675236
2226,0.51258105,0.49079347
2227,0.5126562,0.50458807
2228,0.5126639,0.5178579
2229,0.51283586,0.5117332
2230,0.5130368,0.50419945
2231,0.51317686,0.5005176
2232,0.5132611,0.5404403
2233,0.5132889,0.5068134
2234,0.51337284,0.5236937
2235,0.51355934,0.49975038
2236,0.51363695,0.51354474
2237,0.51372236,0.52064306
2238,0.5140518,0.5287595
2239,0.51412016,0.4803696
2240,0.5141676,0.5200783
2241,0.5143551,0.55098754
2242,0.514372,0.5135683
2243,0.51437265,0.51683784
2244,0.51439714,0.5309012
2245,0.5147977,0.51261103
2246,0.5149726,0.521058
2247,0.515089,0.4866667
2248,0.5150918,0.53455055
2249,0.5151382,0.49583906
2250,0.5152433,0.5373471
2251,0.51539063,0.5016563
2252,0.51553017,0.5257703
2253,0.51557493,0.51004004
2254,0.5156164,0.51184285
2255,0.51562303,0.52985436
2256,0.51569,0.50433356
2257,0.51590896,0.51333374
2258,0.51591146,0.55328685
2259,0.51600534,0.5117008
2260,0.5165788,0.561607
2261,0.5169354,0.5283251
2262,0.5171586,0.50117314
2263,0.5172779,0.5422938
2264,0.51731557,0.50016016
2265,0.51758397,0.48767924
2266,0.5176925,0.5087492
2267,0.5179793,0.5242603
2268,0.51799256,0.41356868
2269,0.51802766,0.51836807
2270,0.5180418,0.5436992
2271,0.5181182,0.5512041
2272,0.5182825,0.5540831
2273,0.5183122,0.48681763
2274,0.51831347,0.526302
2275,0.5183323,0.5206928
2276,0.5185575,0.49516857
2277,0.5187362,0.51160437
2278,0.5187984,0.507711
2279,0.518808,0.505358
2280,0.5188108,0.54752433
2281,0.5188745,0.5048337
2282,0.51889783,0.51898956
2283,0.5189718,0.51704395
2284,0.51919705,0.5276301
2285,0.5192057,0.5076364
2286,0.51925707,0.55419165
2287,0.51971096,0.5574145
2288,0.51972955,0.50976896
2289,0.51981395,0.53242254
2290,0.52009815,0.54088944
2291,0.5201241,0.5181799
2292,0.5202243,0.53209025
2293,0.52039456,0.53508186
2294,0.5204555,0.53361595
2295,0.5206868,0.5463308
2296,0.5207764,0.516063
2297,0.5208483,0.54977953
2298,0.52103674,0.52083635
2299,0.5212078,0.5120619
2300,0.52139217,0.49984658
2301,0.5215507,0.49574494
2302,0.52158725,0.5208395
2303,0.52171457,0.53610873
2304,0.52183634,0.5122749
2305,0.52189213,0.5419988
2306,0.5219695,0.5229436
2307,0.522255,0.5299407
2308,0.522312,0.51955605
2309,0.52232915,0.5045649
2310,0.52249396,0.5390799
2311,0.5225522,0.519917
2312,0.5225733,0.5473976
2313,0.5227072,0.5520781
2314,0.52284485,0.51086164
2315,0.52310497,0.5413115
2316,0.52316386,0.49682182
2317,0.5231678,0.4791476
2318,0.5231878,0.5155629
2319,0.5231898,0.51135844
2320,0.5232331,0.5110473
2321,0.5233623,0.5044152
2322,0.5233795,0.5173065
2323,0.52408314,0.5175375
2324,0.52409184,0.54216707
2325,0.52429354,0.581967
2326,0.5243064,0.51482135
2327,0.5243667,0.5334565
2328,0.5244818,0.5310626
2329,0.52463144,0.524565
2330,0.5247953,0.53233325
2331,0.5248773,0.52271485
2332,0.52506363,0.5115067
2333,0.5251203,0.52407503
2334,0.5251558,0.52431965
2335,0.52532655,0.49192113
2336,0.5254864,0.5060325
2337,0.52554756,0.50343764
2338,0.52558976,0.50997555
2339,0.5256689,0.5338645
2340,0.5256803,0.52761006
2341,0.5257085,0.632772
2342,0.5260079,0.51788735
2343,0.52607393,0.55327296
2344,0.52628887,0.5461961
2345,0.52641374,0.5163043
2346,0.52656895,0.5573802
2347,0.52669585,0.5348083
2348,0.5269339,0.5202296
2349,0.5270299,0.57503545
2350,0.527071,0.53694254
2351,0.5270721,0.51968503
2352,0.52743065,0.5089607
2353,0.52746373,0.5226482
2354,0.5275543,0.5085797
2355,0.5275575,0.5138675
2356,0.5277375,0.530452
2357,0.5279122,0.5479027
2358,0.5281244,0.5267751
2359,0.5281645,0.5272987
2360,0.5283834,0.50834507
2361,0.5283974,0.51293546
2362,0.52848923,0.49324477
2363,0.5285389,0.54770553
2364,0.5286419,0.52285516
2365,0.5286512,0.5306318
2366,0.5289408,0.51923585
2367,0.52897114,0.5588443
2368,0.52897173,0.55343544
2369,0.52903944,0.53699136
2370,0.52904797,0.52465695
2371,0.5290912,0.53955024
2372,0.5291901,0.5606905
2373,0.52931607,0.512174
2374,0.5293432,0.5583751
2375,0.52944136,0.5453738
2376,0.5294916,0.5563736
2377,0.52949286,0.5413939
2378,0.5295943,0.5249095
2379,0.5296031,0.50483704
2380,0.52988714,0.5045244
2381,0.52994996,0.5806109
2382,0.5300689,0.5234505
2383,0.5302511,0.53265655
2384,0.5302731,0.5497638
2385,0.5305032,0.51876074
2386,0.530546,0.64640325
2387,0.5307263,0.5457652
2388,0.53100204,0.5483008
2389,0.53105444,0.5534333
2390,0.5311113,0.57406294
2391,0.5311126,0.5354004
2392,0.53112394,0.5476494
2393,0.53118354,0.5146737
2394,0.5312725,0.55919343
2395,0.53132474,0.48074692
2396,0.53145844,0.5014658
2397,0.53152424,0.5405835
2398,0.5315418,0.5533737
2399,0.53165096,0.53380656
2400,0.5318357,0.55900943
2401,0.5318958,0.5643563
2402,0.5319915,0.53358805
2403,0.5320233,0.508295
2404,0.5322377,0.53266543
2405,0.53231263,0.5618261
2406,0.53240746,0.5351648
2407,0.53244084,0.5156606
2408,0.5325845,0.55358565
2409,0.5325887,0.5263212
2410,0.53275275,0.5381284
2411,0.5328157,0.5369135
2412,0.53293896,0.53597236
2413,0.53329545,0.56402385
2414,0.53334904,0.54075104
2415,0.53336513,0.54945326
2416,0.5334359,0.5457381
2417,0.5334652,0.5405475
2418,0.5335551,0.55912143
2419,0.5335898,0.55528426
2420,0.53365743,0.5267383
2421,0.5337615,0.5160381
2422,0.5338322,0.5348256
2423,0.53390366,0.54196143
2424,0.53403723,0.5364602
2425,0.5342913,0.5336646
2426,0.5343094,0.55735344
2427,0.5345334,0.5200579
2428,0.5346187,0.5236714
2429,0.5346839,0.5420669
2430,0.53468585,0.57351696
2431,0.5347178,0.5243795
2432,0.534719,0.53998685
2433,0.5347875,0.55028534
2434,0.5349022,0.53543884
2435,0.53530085,0.56528497
2436,0.53538495,0.52229834
2437,0.535406,0.5224118
2438,0.5356181,0.541595
2439,0.53565764,0.5191145
2440,0.5357078,0.51600444
2441,0.53575516,0.5232744
2442,0.5359588,0.5373732
2443,0.5359589,0.51838094
2444,0.53635997,0.5430192
2445,0.5363832,0.5208801
2446,0.53696537,0.5333478
2447,0.5373888,0.52916664
2448,0.53739977,0.5261026
2449,0.537466,0.5407187
2450,0.5374735,0.5419479
2451,0.5376839,0.5553932
2452,0.53777647,0.53625524
2453,0.53778636,0.52037597
2454,0.53787005,0.56567705
2455,0.5380118,0.5503342
2456,0.5382057,0.5425666
2457,0.5382296,0.5401605
2458,0.5382298,0.52852345
2459,0.5384555,0.5523191
2460,0.53846633,0.5477406
2461,0.5385777,0.55044246
2462,0.5386331,0.5545291
2463,0.53867584,0.5267992
2464,0.53872097,0.5333057
2465,0.538899,0.52424383
2466,0.5389474,0.5790651
2467,0.5391258,0.5096404
2468,0.53914607,0.5102997
2469,0.5391875,0.53959835
2470,0.53982294,0.54574746
2471,0.5398714,0.5298052
2472,0.5399982,0.5368216
2473,0.54000485,0.5155189
2474,0.5400665,0.55922985
2475,0.540105,0.55557764
2476,0.54016006,0.5286427
2477,0.5403828,0.5442732
2478,0.540389,0.5569092
2479,0.5406429,0.5466889
2480,0.540682,0.5111631
2481,0.5408025,0.56083
2482,0.540843,0.50959957
2483,0.541019,0.5343885
2484,0.5411434,0.5445484
2485,0.54148394,0.5515785
2486,0.5415241,0.55646014
2487,0.5415906,0.5705378
2488,0.5416898,0.5756339
2489,0.54172784,0.5361732
2490,0.5417709,0.55362636
2491,0.5419672,0.57945323
2492,0.54202056,0.53203666
2493,0.5420886,0.58921695
2494,0.54214555,0.55386287
2495,0.54258674,0.5328784
2496,0.5429063,0.55426383
2497,0.5430201,0.5531875
2498,0.5432254,0.53941655
2499,0.54324895,0.5528879
2500,0.54339427,0.53494596
2501,0.54347116,0.5295616
2502,0.5434714,0.5322803
2503,0.5435747,0.51282173
2504,0.54359674,0.544887
2505,0.54366297,0.5497126
2506,0.54395175,0.53868026
2507,0.5440047,0.5453993
2508,0.5442339,0.5563171
2509,0.5442363,0.5511552
2510,0.54432297,0.55420434
2511,0.54446137,0.5227037
2512,0.54460675,0.55964375
2513,0.5447205,0.5554923
2514,0.54490894,0.5713948
2515,0.5449889,0.5718969
2516,0.5449938,0.56197035
2517,0.54503536,0.542389
2518,0.54506624,0.5343421
2519,0.5451761,0.55832684
2520,0.545433,0.5626695
2521,0.5454555,0.52421826
2522,0.5454978,0.56628084
2523,0.5455002,0.5465984
2524,0.54552716,0.54990613
2525,0.54576564,0.525692
2526,0.54649717,0.5589553
2527,0.5465239,0.4879487
2528,0.54662424,0.5456945
2529,0.5466833,0.5933583
2530,0.54684806,0.51956785
2531,0.54701436,0.54756784
2532,0.5470523,0.5838541
2533,0.54729193,0.5542253
2534,0.54761755,0.5769172
2535,0.5479357,0.535658
2536,0.5479992,0.5510628
2537,0.54812557,0.56858647
2538,0.5481574,0.5630101
2539,0.5481748,0.4056171
2540,0.548213,0.5621324
2541,0.5482404,0.54950255
2542,0.54846865,0.54568136
2543,0.54847926,0.5551466
2544,0.5485722,0.564632
2545,0.54859823,0.506063
2546,0.5486934,0.57414293
2547,0.54869527,0.5539676
2548,0.5487299,0.51166505
2549,0.5487623,0.56120294
2550,0.5489408,0.535427
2551,0.5490661,0.5528933
2552,0.54925466,0.5564523
2553,0.5495902,0.5678816
2554,0.54975665,0.54883677
2555,0.54993385,0.54444337
2556,0.5500019,0.56840086
2557,0.5503545,0.5648086
2558,0.55048066,0.5755428
2559,0.5504891,0.56702566
2560,0.5507713,0.5599864
2561,0.55077416,0.5817193
2562,0.55098975,0.55151224
2563,0.55099165,0.5347992
2564,0.5511996,0.56102467
2565,0.551295,0.57804865
2566,0.5513717,0.52835625
2567,0.5513909,0.5464716
2568,0.55140406,0.56253576
2569,0.5515685,0.55475783
2570,0.5516183,0.5541924
2571,0.55163634,0.54670584
2572,0.55205226,0.58170724
2573,0.5520541,0.5750987
2574,0.5521029,0.5383448
2575,0.5521068,0.599429
2576,0.55219644,0.57165086
2577,0.5526649,0.548481
2578,0.55278784,0.49951226
2579,0.55280495,0.5548532
2580,0.55286616,0.5721575
2581,0.5528665,0.55589485
2582,0.5529324,0.59926856
2583,0.55294365,0.5471195
2584,0.5531311,0.56185746
2585,0.5531674,0.57491565
2586,0.5531683,0.561235
2587,0.55321735,0.5688746
2588,0.55333537,0.5322515
2589,0.5535357,0.5679003
2590,0.55355614,0.5595175
2591,0.5535898,0.5635891
2592,0.55363524,0.5466156
2593,0.55389494,0.5351839
2594,0.553971,0.5125416
2595,0.55410945,0.28811327
2596,0.5541824,0.55405617
2597,0.5542173,0.55163336
2598,0.55422,0.5837194
2599,0.55426323,0.5712162
2600,0.5544414,0.54013824
2601,0.55463845,0.58842397
2602,0.5548675,0.57646406
2603,0.55502695,0.54138523
2604,0.5551738,0.5872396
2605,0.55570936,0.5265763
2606,0.5557604,0.56668186
2607,0.55576843,0.5307708
2608,0.5559991,0.5507176
2609,0.5561408,0.5583069
2610,0.5562255,0.55337274
2611,0.5563772,0.5336273
2612,0.5570692,0.5697031
2613,0.5572156,0.53343976
2614,0.5572364,0.5606751
2615,0.5573827,0.57056844
2616,0.5575147,0.5730425
2617,0.55755514,0.55891895
2618,0.5576097,0.55693233
2619,0.5577263,0.5564785
2620,0.55785084,0.5532593
2621,0.55792004,0.5588183
2622,0.5579725,0.5618813
2623,0.55807596,0.5766835
2624,0.55827636,0.5840242
2625,0.558431,0.58647335
2626,0.5584811,0.55330145
2627,0.5589365,0.5670154
2628,0.55903053,0.59475815
2629,0.5591754,0.547503
2630,0.55940115,0.57344306
2631,0.5595513,0.56015074
2632,0.55966944,0.5399324
2633,0.5596725,0.5480858
2634,0.5598305,0.5851145
2635,0.56005275,0.5724509
2636,0.5602954,0.5692083
2637,0.5607612,0.5681334
2638,0.5607703,0.5596541
2639,0.56079,0.5576147
2640,0.560819,0.5524434
2641,0.5608199,0.5830883
2642,0.5609009,0.5810191
2643,0.56094074,0.53287303
2644,0.56098485,0.56416446
2645,0.5610166,0.5702909
2646,0.56121624,0.5464772
2647,0.56131834,0.528928
2648,0.5614189,0.56779885
2649,0.5614357,0.5649493
2650,0.5616633,0.55489945
2651,0.56166565,0.5674194
2652,0.5617721,0.52942413
2653,0.5617973,0.5633739
2654,0.561992,0.5765903
2655,0.56203115,0.5484309
2656,0.56229156,0.5376379
2657,0.5624445,0.54134846
2658,0.5625568,0.5731994
2659,0.562663,0.57339555
2660,0.5628065,0.60006595
2661,0.56290007,0.55850065
2662,0.5629609,0.5340544
2663,0.56300133,0.5502869
2664,0.5630338,0.56347454
2665,0.56310064,0.5331841
2666,0.56313264,0.5674683
2667,0.5632332,0.55490255
2668,0.56325006,0.5605886
2669,0.5633526,0.57844
2670,0.5634469,0.54378057
2671,0.5634805,0.561744
2672,0.563592,0.5340743
2673,0.56371355,0.56514597
2674,0.5637603,0.55864215
2675,0.56389135,0.60233366
2676,0.5641419,0.5406548
2677,0.56417483,0.6012367
2678,0.5642337,0.5915687
2679,0.5643003,0.59214294
2680,0.564356,0.5736513
2681,0.5645533,0.5555413
2682,0.56456614,0.57891583
2683,0.56457233,0.55283535
2684,0.56463224,0.5840317
2685,0.5647303,0.5647605
2686,0.5648482,0.55333054
2687,0.56492925,0.57424647
2688,0.56501687,0.5344085
2689,0.56508064,0.58401895
2690,0.56517416,0.5647799
2691,0.56544375,0.36612052
2692,0.56561184,0.59253395
2693,0.5656934,0.5670804
2694,0.5657988,0.568303
2695,0.56590706,0.5283647
2696,0.56594557,0.57307315
2697,0.56613386,0.5751627
2698,0.56644446,0.6327042
2699,0.5664924,0.5913639
2700,0.5665085,0.58763754
2701,0.5665551,0.60152054
2702,0.56659716,0.56917566
2703,0.56672883,0.5546908
2704,0.5667597,0.59235764
2705,0.5667754,0.56271285
2706,0.5668187,0.575379
2707,0.56718016,0.5844875
2708,0.56721795,0.55425507
2709,0.56729805,0.5849451
2710,0.5673209,0.5643362
2711,0.56746715,0.5562631
2712,0.56762,0.5653945
2713,0.5676401,0.5806416
2714,0.5676493,0.4985908
2715,0.5676951,0.57917655
2716,0.5677174,0.5987314
2717,0.5678041,0.5802506
2718,0.5679563,0.61921227
2719,0.56802464,0.5496613
2720,0.5680949,0.578079
2721,0.5681202,0.58016306
2722,0.56854045,0.5790833
2723,0.5687539,0.5522944
2724,0.56889766,0.5806787
2725,0.5690693,0.5771742
2726,0.5692907,0.55762076
2727,0.5693078,0.57279557
2728,0.5694348,0.5749118
2729,0.56950325,0.61399597
2730,0.56985974,0.5734744
2731,0.56987804,0.56046605
2732,0.570106,0.5746839
2733,0.5701894,0.60070896
2734,0.570267,0.54736125
2735,0.57031053,0.5830392
2736,0.57035106,0.5864866
2737,0.5704936,0.59510744
2738,0.5704967,0.5763906
2739,0.5705154,0.54882395
2740,0.5706543,0.5520192
2741,0.5707098,0.5625156
2742,0.57075435,0.5542947
2743,0.5709703,0.6001444
2744,0.5710576,0.541549
2745,0.5711281,0.5233086
2746,0.57114965,0.5554123
2747,0.5713162,0.59135234
2748,0.5714655,0.5943967
2749,0.5715105,0.56176925
2750,0.57171565,0.5716976
2751,0.5719773,0.5925226
2752,0.5721917,0.5813309
2753,0.57228357,0.56680727
2754,0.57237947,0.60296726
2755,0.5725024,0.598336
2756,0.57258946,0.5976778
2757,0.5726041,0.5715174
2758,0.5727866,0.49410126
2759,0.5727893,0.56289685
2760,0.5731928,0.5820936
2761,0.5735866,0.5899128
2762,0.5737716,0.5843264
2763,0.57394415,0.585168
2764,0.57409877,0.5646994
2765,0.57425934,0.55744874
2766,0.5743011,0.5922552
2767,0.57433033,0.5992515
2768,0.57438666,0.57661843
2769,0.5744062,0.5837427
2770,0.5745861,0.57857525
2771,0.57458717,0.581701
2772,0.5746707,0.599867
2773,0.5747322,0.5396263
2774,0.5747687,0.5733435
2775,0.5747843,0.5824106
2776,0.5748066,0.5700408
2777,0.57514155,0.5994557
2778,0.5754634,0.57603383
2779,0.5756422,0.5787643
2780,0.5758081,0.57683337
2781,0.5759915,0.5809469
2782,0.5762676,0.5877286
2783,0.57639366,0.5870986
2784,0.5764025,0.56940365
2785,0.57644516,0.5883696
2786,0.5764532,0.54825175
2787,0.5767577,0.5908414
2788,0.57690686,0.5579905
2789,0.57733333,0.5997234
2790,0.5773349,0.57589084
2791,0.5774249,0.6808243
2792,0.57759494,0.59563065
2793,0.5776488,0.56364936
2794,0.5778726,0.59386086
2795,0.5779805,0.60888016
2796,0.57803684,0.52734315
2797,0.57809824,0.5768029
2798,0.57815427,0.60480917
2799,0.57831466,0.5750097
2800,0.5784122,0.612476
2801,0.57842726,0.5942472
2802,0.57847494,0.5756331
2803,0.578695,0.5576744
2804,0.5788362,0.60518646
2805,0.5788714,0.5931678
2806,0.5788887,0.59379303
2807,0.5789612,0.5771731
2808,0.5789923,0.5767755
2809,0.57907736,0.58919406
2810,0.57933444,0.529015
2811,0.57946604,0.61355186
2812,0.5795045,0.5830724
2813,0.579566,0.5239955
2814,0.5796746,0.57427984
2815,0.5799011,0.5805066
2816,0.5799911,0.5625979
2817,0.58012867,0.5946869
2818,0.5801661,0.5919858
2819,0.58020097,0.5728076
2820,0.58024436,0.59093237
2821,0.58038366,0.5500109
2822,0.58045477,0.6112053
2823,0.5805149,0.5915954
2824,0.5805969,0.563203
2825,0.5807445,0.5982653
2826,0.58082426,0.57466376
2827,0.5808538,0.53852373
2828,0.5809571,0.5800334
2829,0.5810244,0.5954187
2830,0.5811536,0.57787764
2831,0.58115476,0.5950959
2832,0.5812,0.5681711
2833,0.58123326,0.5695716
2834,0.5812399,0.5978117
2835,0.5816032,0.5914172
2836,0.581609,0.6001735
2837,0.5816528,0.57882583
2838,0.58165365,0.6054687
2839,0.58174205,0.58096755
2840,0.58193076,0.59444726
2841,0.5819366,0.574313
2842,0.58196175,0.61741316
2843,0.58202744,0.5956632
2844,0.58215654,0.6003371
2845,0.58216834,0.5723718
2846,0.5823165,0.59004176
2847,0.58234465,0.58822775
2848,0.582381,0.5735346
2849,0.5824678,0.5869726
2850,0.58255464,0.5585824
2851,0.5825808,0.5736673
2852,0.5826347,0.59305465
2853,0.5826389,0.5796574
2854,0.58273715,0.5804008
2855,0.58293205,0.60235286
2856,0.58311474,0.6009754
2857,0.5834043,0.59574056
2858,0.58343345,0.5936519
2859,0.5835072,0.5824578
2860,0.58360606,0.63298243
2861,0.5838692,0.57346
2862,0.5840427,0.59573615
2863,0.58406836,0.5699948
2864,0.5841147,0.58182913
2865,0.5842183,0.60292375
2866,0.5842789,0.5709257
2867,0.5843638,0.5861747
2868,0.5844468,0.5895704
2869,0.58445555,0.5869179
2870,0.5844578,0.5988084
2871,0.5848579,0.6121656
2872,0.58491105,0.6096364
2873,0.58495575,0.5971876
2874,0.5849886,0.6051583
2875,0.58508545,0.5941277
2876,0.5851201,0.54620683
2877,0.5852723,0.59640133
2878,0.5853438,0.5845351
2879,0.5853785,0.58865064
2880,0.58542323,0.5967182
2881,0.58544815,0.55954313
2882,0.58545685,0.5764236
2883,0.58553934,0.6105952
2884,0.5855803,0.5740824
2885,0.58571815,0.5886467
2886,0.5860298,0.59097576
2887,0.58604276,0.5783059
2888,0.58606756,0.58926463
2889,0.5867457,0.5789521
2890,0.587088,0.6316037
2891,0.58713484,0.5952605
2892,0.58715546,0.5818844
2893,0.58732474,0.6078429
2894,0.58742917,0.6214708
2895,0.5874683,0.58277816
2896,0.58754706,0.61104816
2897,0.5877379,0.39102238
2898,0.58780754,0.5976183
2899,0.5879091,0.58290696
2900,0.5880047,0.6178353
2901,0.58825916,0.5874322
2902,0.5885148,0.5803784
2903,0.5886022,0.610063
2904,0.58869004,0.6396501
2905,0.5887141,0.5645141
2906,0.58875257,0.6069117
2907,0.5888335,0.58095706
2908,0.58896273,0.5688102
2909,0.5894923,0.5767344
2910,0.58951735,0.59257936
2911,0.5895531,0.5781814
2912,0.58959496,0.6016257
2913,0.589789,0.5806471
2914,0.58991104,0.6388446
2915,0.5899146,0.5737276
2916,0.5901665,0.59276414
2917,0.5902606,0.32942697
2918,0.59041756,0.5856582
2919,0.5904263,0.574257
2920,0.59047925,0.58735114
2921,0.5905366,0.5735056
2922,0.5908736,0.59777105
2923,0.5908881,0.5935029
2924,0.59098166,0.5976857
2925,0.59123385,0.5924387
2926,0.5918006,0.6131803
2927,0.59195167,0.6143984
2928,0.5920273,0.5953787
2929,0.5921878,0.6289396
2930,0.5922552,0.6022016
2931,0.5924618,0.6088027
2932,0.59273744,0.6255303
2933,0.5927729,0.5675858
2934,0.5929153,0.56895876
2935,0.5930994,0.59057426
2936,0.5931689,0.6023382
2937,0.59317124,0.58230454
2938,0.59321886,0.6213999
2939,0.59334487,0.61817324
2940,0.5936796,0.5634489
2941,0.5937933,0.5895752
2942,0.5937999,0.61058134
2943,0.59393007,0.5749094
2944,0.5940009,0.56875896
2945,0.5940035,0.6407727
2946,0.5943235,0.60978043
2947,0.59434843,0.57861876
2948,0.59465355,0.58718836
2949,0.5949936,0.6120651
2950,0.5950166,0.5745986
2951,0.595127,0.5727492
2952,0.5952207,0.5941591
2953,0.5954987,0.573349
2954,0.5955483,0.59533286
2955,0.5955663,0.60915804
2956,0.59569246,0.6330533
2957,0.59577566,0.5650063
2958,0.5960069,0.60734093
2959,0.59604275,0.6928821
2960,0.59613544,0.608847
2961,0.5961646,0.61337477
2962,0.596421,0.614469
2963,0.5966783,0.6306718
2964,0.59668607,0.6121568
2965,0.59673107,0.58650285
2966,0.5970748,0.63676035
2967,0.5971415,0.62209475
2968,0.59723675,0.6218262
2969,0.59732753,0.62361586
2970,0.5976607,0.67128307
2971,0.59785485,0.61049247
2972,0.5979151,0.56121564
2973,0.59798783,0.57338
2974,0.5981371,0.600047
2975,0.5982727,0.5916698
2976,0.59842116,0.5680218
2977,0.59857446,0.59739447
2978,0.59862715,0.6105865
2979,0.59886175,0.6048373
2980,0.59891546,0.610356
2981,0.5990526,0.6166609
2982,0.5991,0.630856
2983,0.59913105,0.5880871
2984,0.5991748,0.63854766
2985,0.599202,0.6238916
2986,0.5992426,0.5980637
2987,0.5996419,0.58527637
2988,0.59966344,0.59107137
2989,0.5998548,0.60469675
2990,0.5999509,0.57884514
2991,0.6000259,0.6332107
2992,0.6001775,0.61396146
2993,0.60022,0.6317768
2994,0.60027015,0.6125649
2995,0.6002849,0.6163987
2996,0.6007951,0.62058616
2997,0.6009509,0.6065494
2998,0.6009989,0.62278146
2999,0.60115105,0.5813979
3000,0.6011764,0.6207354
3001,0.60148156,0.59121764
3002,0.6014923,0.60650426
3003,0.6016431,0.57499593
3004,0.6017629,0.62309325
3005,0.60191476,0.57658374
3006,0.60195136,0.6454185
3007,0.60213894,0.5756668
3008,0.6022047,0.58259624
3009,0.60245883,0.6697015
3010,0.60249597,0.6116247
3011,0.6025284,0.6092067
3012,0.6026475,0.603964
3013,0.6028061,0.56368566
3014,0.60305935,0.5568601
3015,0.60308886,0.6314286
3016,0.6031382,0.6086675
3017,0.6031573,0.6112901
3018,0.6032418,0.6109952
3019,0.60326064,0.60492206
3020,0.60346335,0.6060171
3021,0.6034857,0.60685277
3022,0.6036296,0.6116302
3023,0.6038266,0.6437398
3024,0.60408217,0.6277343
3025,0.6043898,0.6212394
3026,0.6044587,0.57557684
3027,0.6045074,0.60518074
3028,0.6046203,0.60275733
3029,0.6046536,0.619581
3030,0.6046971,0.6194134
3031,0.6049963,0.6182246
3032,0.60504454,0.6285496
3033,0.6051514,0.6111629
3034,0.60535586,0.5946615
3035,0.6054712,0.44580656
3036,0.60586005,0.6093738
3037,0.60590523,0.62491524
3038,0.60604143,0.633903
3039,0.6060827,0.61595166
3040,0.60609007,0.6342018
3041,0.60609245,0.6095706
3042,0.6061062,0.5961038
3043,0.60689783,0.6147214
3044,0.60696906,0.62066317
3045,0.60705733,0.61374676
3046,0.6071146,0.59350395
3047,0.6072331,0.6099149
3048,0.607366,0.61737585
3049,0.60757035,0.59463906
3050,0.6075841,0.62097913
3051,0.60775524,0.60243726
3052,0.60801,0.57902074
3053,0.6082603,0.6101767
3054,0.60840476,0.6011498
3055,0.6084113,0.72515047
3056,0.60862786,0.59200513
3057,0.608735,0.6046674
3058,0.60907006,0.6347986
3059,0.60913354,0.6498716
3060,0.60913455,0.5985223
3061,0.6092162,0.61716235
3062,0.6092975,0.5992373
3063,0.6094972,0.60498947
3064,0.60984355,0.59020793
3065,0.61020744,0.5949968
3066,0.6104927,0.63341844
3067,0.6105632,0.6127307
3068,0.6110783,0.6398349
3069,0.61113495,0.6032669
3070,0.6113291,0.5859792
3071,0.6113812,0.6111227
3072,0.61162585,0.6253605
3073,0.6120262,0.6188251
3074,0.6124241,0.6230799
3075,0.61244667,0.6116781
3076,0.61252165,0.6021936
3077,0.61252433,0.5919162
3078,0.61280614,0.647805
3079,0.6131889,0.63875663
3080,0.6131981,0.57379115
3081,0.61331,0.59554136
3082,0.613615,0.63661885
3083,0.6137087,0.6078511
3084,0.61386764,0.5941446
3085,0.61391425,0.6293019
3086,0.6139714,0.60858417
3087,0.61411774,0.63126314
3088,0.6141951,0.66017634
3089,0.61427563,0.6189704
3090,0.6143768,0.5964664
3091,0.6144539,0.6208564
3092,0.61457175,0.58868134
3093,0.61459625,0.5947356
3094,0.6150285,0.6120858
3095,0.6152238,0.62566614
3096,0.6153696,0.6003755
3097,0.6154767,0.62566626
3098,0.615544,0.6093832
3099,0.61567545,0.5958613
3100,0.6158544,0.6182393
3101,0.6158675,0.6174965
3102,0.61625856,0.6412897
3103,0.6162948,0.6169914
3104,0.6163318,0.6163355
3105,0.6164644,0.5676178
3106,0.6165051,0.63683116
3107,0.61653155,0.6354588
3108,0.6165342,0.6203368
3109,0.61659455,0.63615847
3110,0.6166073,0.5901872
3111,0.61677223,0.63546515
3112,0.6169201,0.65734166
3113,0.6170581,0.6886307
3114,0.6170932,0.6447755
3115,0.61720574,0.6156242
3116,0.61728543,0.61583006
3117,0.61733884,0.6567341
3118,0.6174472,0.64529383
3119,0.61767745,0.6437214
3120,0.61772674,0.61437154
3121,0.6178705,0.6446761
3122,0.6178716,0.61781573
3123,0.6179282,0.61457074
3124,0.61827064,0.59750533
3125,0.6183104,0.6088104
3126,0.61859334,0.62192225
3127,0.6186334,0.60355055
3128,0.6188221,0.65384793
3129,0.61882216,0.6192642
3130,0.6191739,0.6017842
3131,0.6194133,0.64200556
3132,0.6194619,0.6426576
3133,0.6196009,0.62243056
3134,0.6196207,0.613188
3135,0.6198612,0.60910106
3136,0.6198634,0.60126007
3137,0.61989343,0.65116775
3138,0.6199433,0.61559105
3139,0.62006706,0.61935866
3140,0.62012535,0.59176326
3141,0.620195,0.64154947
3142,0.62037086,0.6320738
3143,0.6204049,0.63840324
3144,0.62045777,0.59014106
3145,0.620628,0.65144056
3146,0.6209588,0.6218296
3147,0.6210376,0.6218966
3148,0.62115484,0.63464034
3149,0.6212447,0.61974233
3150,0.6214168,0.6547562
3151,0.6218023,0.6428542
3152,0.62181234,0.63578606
3153,0.6220112,0.666569
3154,0.6220474,0.58782625
3155,0.62214124,0.604107
3156,0.62238324,0.588518
3157,0.6223926,0.60395944
3158,0.622393,0.61717695
3159,0.6224341,0.595471
3160,0.6225488,0.62239206
3161,0.62257874,0.65308595
3162,0.6228304,0.5971762
3163,0.6230163,0.6235728
3164,0.62317336,0.6454427
3165,0.6235669,0.6556568
3166,0.62378913,0.6174327
3167,0.623811,0.6581274
3168,0.6238661,0.61389154
3169,0.6240888,0.63508797
3170,0.624143,0.6065614
3171,0.62445396,0.6209791
3172,0.6246451,0.681092
3173,0.6247189,0.6457834
3174,0.6249085,0.6342013
3175,0.62491167,0.61178017
3176,0.624997,0.6680399
3177,0.62524533,0.6104498
3178,0.62539446,0.6196139
3179,0.6254485,0.62573814
3180,0.62555444,0.6727861
3181,0.6255937,0.6337217
3182,0.62578946,0.6292498
3183,0.62586457,0.5985961
3184,0.6259175,0.6115006
3185,0.6260211,0.6413598
3186,0.6262363,0.6763544
3187,0.62624377,0.6146885
3188,0.6264788,0.6307361
3189,0.6267045,0.5940099
3190,0.626881,0.5910159
3191,0.6270232,0.5752898
3192,0.62710106,0.6387806
3193,0.62728786,0.6082454
3194,0.62730664,0.63514525
3195,0.62736845,0.62778884
3196,0.6274878,0.6484853
3197,0.62772703,0.63489825
3198,0.6278126,0.61044955
3199,0.62798434,0.6194837
3200,0.6281256,0.621141
3201,0.6283331,0.6985972
3202,0.6285692,0.6537124
3203,0.62893075,0.6395205
3204,0.62908834,0.6393393
3205,0.6291002,0.6224854
3206,0.62974155,0.6598394
3207,0.62993276,0.64457667
3208,0.6299704,0.63246524
3209,0.6300751,0.6346953
3210,0.6301794,0.6318066
3211,0.6301799,0.62024975
3212,0.63022566,0.6532305
3213,0.63028955,0.6178491
3214,0.63029623,0.62558126
3215,0.6305712,0.6507982
3216,0.63066995,0.62798023
3217,0.63083273,0.6554142
3218,0.6310122,0.6500472
3219,0.63111424,0.6101918
3220,0.63129777,0.60864407
3221,0.63133615,0.63896906
3222,0.6315998,0.640692
3223,0.63160115,0.638816
3224,0.63168234,0.6384847
3225,0.63171697,0.64677966
3226,0.63197124,0.6565491
3227,0.6320607,0.6631353
3228,0.6321291,0.6730082
3229,0.6321556,0.62189555
3230,0.63216424,0.6359968
3231,0.63217086,0.62233126
3232,0.6321837,0.634766
3233,0.6323121,0.6026316
3234,0.6323298,0.63662934
3235,0.63247293,0.6409507
3236,0.6325096,0.6099085
3237,0.63252205,0.6248052
3238,0.6325999,0.6644595
3239,0.6328181,0.6230895
3240,0.63283867,0.6175624
3241,0.63292146,0.6528372
3242,0.6332613,0.6416249
3243,0.633362,0.64534557
3244,0.6333882,0.6075586
3245,0.63347584,0.6363882
3246,0.6335653,0.6512873
3247,0.6335984,0.32471314
3248,0.63365656,0.6016817
3249,0.63369745,0.6817105
3250,0.6337026,0.6230446
3251,0.63380295,0.6346935
3252,0.6339374,0.63905144
3253,0.63405806,0.6590795
3254,0.63430256,0.6811389
3255,0.6343747,0.6572193
3256,0.6346027,0.61907303
3257,0.63495797,0.60047674
3258,0.63537335,0.6267978
3259,0.6353908,0.6978775
3260,0.6354388,0.6104877
3261,0.6356582,0.64540255
3262,0.6358649,0.659222
3263,0.635962,0.67834735
3264,0.63603574,0.6331651
3265,0.6360732,0.67537975
3266,0.6362533,0.6636041
3267,0.63637155,0.69530123
3268,0.6364516,0.6440767
3269,0.6365891,0.6268773
3270,0.6367003,0.59658015
3271,0.6367965,0.6166004
3272,0.6368576,0.6510378
3273,0.6371422,0.63637173
3274,0.6371778,0.67480457
3275,0.63733804,0.6158953
3276,0.63822234,0.35651365
3277,0.6383068,0.6306787
3278,0.63866675,0.6024394
3279,0.6391566,0.6434468
3280,0.63956934,0.63765895
3281,0.6398458,0.6497606
3282,0.63993174,0.689751
3283,0.64001083,0.6705439
3284,0.6401394,0.6295303
3285,0.640246,0.60624343
3286,0.640426,0.55842674
3287,0.6404275,0.6387265
3288,0.6404923,0.6257125
3289,0.64094067,0.6432229
3290,0.64140147,0.6550214
3291,0.6414501,0.6602864
3292,0.6414619,0.66635376
3293,0.64181876,0.6620206
3294,0.64181936,0.6547198
3295,0.64192,0.63421893
3296,0.64200866,0.660059
3297,0.6420129,0.6670767
3298,0.6420877,0.6732596
3299,0.64211375,0.6227118
3300,0.64211863,0.6509546
3301,0.6422154,0.6409699
3302,0.64223844,0.63539815
3303,0.6424419,0.6178691
3304,0.6424548,0.52522826
3305,0.6424917,0.64551175
3306,0.6425681,0.6583698
3307,0.6425713,0.6418982
3308,0.64275,0.6606898
3309,0.642877,0.6330859
3310,0.64295906,0.648327
3311,0.6431038,0.61319363
3312,0.64316726,0.6351719
3313,0.6437654,0.6652089
3314,0.6438325,0.62478626
3315,0.6439899,0.67031646
3316,0.64409906,0.6432302
3317,0.6441188,0.68187475
3318,0.64441586,0.6417331
3319,0.6448699,0.6221978
3320,0.6449645,0.6341783
3321,0.6454065,0.66107607
3322,0.6454987,0.63898957
3323,0.6456508,0.67064655
3324,0.6456931,0.653394
3325,0.64574814,0.6401967
3326,0.6458013,0.62266016
3327,0.64594704,0.65358436
3328,0.64638627,0.6435462
3329,0.6465461,0.6329222
3330,0.6465557,0.63506234
3331,0.64657545,0.63769907
3332,0.64665776,0.6530317
3333,0.64674395,0.6588109
3334,0.6469934,0.6342804
3335,0.64705724,0.66484296
3336,0.64707154,0.6485019
3337,0.64707625,0.65372556
3338,0.64717025,0.64993465
3339,0.6471823,0.62394106
3340,0.6472719,0.6985234
3341,0.64760405,0.63563514
3342,0.64762664,0.64064044
3343,0.6479024,0.66647804
3344,0.64797235,0.63129914
3345,0.64813435,0.61094916
3346,0.64832574,0.66184974
3347,0.6483956,0.66491187
3348,0.6486168,0.68294466
3349,0.64875543,0.7023782
3350,0.64891505,0.68034554
3351,0.6491229,0.6630608
3352,0.64922297,0.6588439
3353,0.6492352,0.6709188
3354,0.64937186,0.6507125
3355,0.6494446,0.66455543
3356,0.6494468,0.6332483
3357,0.64952564,0.6719661
3358,0.64954644,0.6515597
3359,0.6496498,0.63873845
3360,0.6497701,0.6536524
3361,0.6497752,0.66087043
3362,0.6500216,0.65862834
3363,0.6500279,0.67527795
3364,0.65003,0.64785343
3365,0.6500318,0.6899773
3366,0.6500501,0.6601385
3367,0.65033144,0.64145094
3368,0.65034837,0.6493741
3369,0.6505094,0.68571806
3370,0.6506814,0.63310707
3371,0.65099585,0.6295929
3372,0.65099996,0.659236
3373,0.651343,0.69341576
3374,0.6513714,0.63311696
3375,0.6514088,0.6674571
3376,0.65145576,0.6722646
3377,0.6521577,0.6413325
3378,0.65217406,0.65521145
3379,0.65226704,0.66025877
3380,0.65249085,0.6282662
3381,0.65255034,0.74022806
3382,0.65257365,0.6858671
3383,0.65260476,0.6895436
3384,0.65265894,0.67977667
3385,0.65273935,0.6480212
3386,0.65275455,0.65464526
3387,0.6528428,0.63170123
3388,0.6530206,0.6526171
3389,0.653117,0.6727624
3390,0.6533351,0.6411875
3391,0.6535657,0.66874385
3392,0.6535946,0.6833956
3393,0.6540017,0.6612234
3394,0.65413046,0.6533227
3395,0.65429515,0.6990659
3396,0.65434766,0.65922177
3397,0.6546886,0.6511611
3398,0.6547716,0.69924164
3399,0.65484166,0.6877949
3400,0.65484804,0.62533826
3401,0.65489894,0.64195615
3402,0.6550524,0.6534015
3403,0.6554126,0.66157883
3404,0.6555189,0.65275633
3405,0.6555726,0.66109526
3406,0.6555852,0.6388379
3407,0.6556457,0.63474333
3408,0.65584576,0.66054666
3409,0.65592617,0.6442797
3410,0.6559527,0.66035974
3411,0.65603584,0.5906304
3412,0.6560443,0.6526066
3413,0.65606076,0.67847776
3414,0.65632737,0.62274027
3415,0.65644175,0.68463594
3416,0.6566,0.67975855
3417,0.65664303,0.69617367
3418,0.6568773,0.6461741
3419,0.65700656,0.66423595
3420,0.65729356,0.6850907
3421,0.65730864,0.6653003
3422,0.65760523,0.66768
3423,0.65760756,0.6655022
3424,0.6578492,0.6451943
3425,0.6579231,0.6622199
3426,0.6579484,0.69129074
3427,0.6580164,0.6797025
3428,0.6581771,0.67140377
3429,0.65823483,0.66868293
3430,0.65838087,0.6713517
3431,0.65938175,0.682307
3432,0.65970707,0.657413
3433,0.6601925,0.7129146
3434,0.6602902,0.6715678
3435,0.66041905,0.67068183
3436,0.6605629,0.6749929
3437,0.66068405,0.64858747
3438,0.6609596,0.6753285
3439,0.66097057,0.71566725
3440,0.66131645,0.660511
3441,0.6614179,0.6575302
3442,0.66146153,0.6790309
3443,0.6616014,0.6575899
3444,0.66205955,0.6597061
3445,0.66239846,0.66669846
3446,0.66244966,0.6536925
3447,0.66250014,0.6805227
3448,0.6626454,0.64450574
3449,0.6627844,0.668658
3450,0.6630655,0.63785136
3451,0.66315573,0.659491
3452,0.66321015,0.66646874
3453,0.6633256,0.6074796
3454,0.66334337,0.65590274
3455,0.6636472,0.6945038
3456,0.6643058,0.69128305
3457,0.6644345,0.66827416
3458,0.6648589,0.7202083
3459,0.6648786,0.69522905
3460,0.6648889,0.67129225
3461,0.6650107,0.640445
3462,0.6650689,0.7214534
3463,0.66509277,0.66695607
3464,0.66538954,0.67377794
3465,0.6653926,0.67741287
3466,0.6654915,0.66935605
3467,0.665852,0.66404045
3468,0.66585684,0.66860133
3469,0.66612893,0.693138
3470,0.66646105,0.66465724
3471,0.66677636,0.65246236
3472,0.66716987,0.7410357
3473,0.6671727,0.6761435
3474,0.6672341,0.704178
3475,0.6673231,0.6797191
3476,0.66734236,0.6662611
3477,0.66747653,0.66545296
3478,0.66747904,0.69467974
3479,0.6675362,0.66995597
3480,0.6676626,0.71990085
3481,0.66802996,0.43145692
3482,0.6680361,0.6812408
3483,0.6682551,0.7167556
3484,0.668338,0.7272983
3485,0.66840273,0.6774818
3486,0.6684363,0.683573
3487,0.6684423,0.69462454
3488,0.66848886,0.65360034
3489,0.6688672,0.6375662
3490,0.6690693,0.67494553
3491,0.6691438,0.6374421
3492,0.6691507,0.6916255
3493,0.66932535,0.70162404
3494,0.669597,0.69585633
3495,0.6698558,0.67411256
3496,0.6700816,0.68687797
3497,0.6702696,0.69002604
3498,0.6704309,0.6708213
3499,0.6709926,0.6864575
3500,0.6712133,0.7052854
3501,0.6714392,0.69258845
3502,0.6715942,0.6618134
3503,0.6716141,0.68844557
3504,0.6717943,0.67942715
3505,0.6718387,0.6462426
3506,0.6719121,0.72054416
3507,0.6719802,0.70391566
3508,0.67210025,0.63626695
3509,0.6724865,0.66204596
3510,0.6725203,0.6767961
3511,0.6727194,0.70266074
3512,0.6729949,0.68825793
3513,0.6730333,0.6748543
3514,0.6730956,0.6906116
3515,0.67336154,0.685568
3516,0.67364913,0.67109096
3517,0.67379004,0.68183255
3518,0.67418355,0.67679644
3519,0.6744186,0.6691245
3520,0.67454076,0.6882422
3521,0.6746152,0.7037718
3522,0.6746597,0.6675413
3523,0.6750386,0.7026589
3524,0.6750773,0.6881205
3525,0.67530864,0.6642984
3526,0.67531526,0.695328
3527,0.6753255,0.6674981
3528,0.67557853,0.7235613
3529,0.67619354,0.67335176
3530,0.6762214,0.7121174
3531,0.6764162,0.6590241
3532,0.67651725,0.67312586
3533,0.6765264,0.65964913
3534,0.6765808,0.6871458
3535,0.6766421,0.7071618
3536,0.676742,0.69413483
3537,0.6767645,0.6890725
3538,0.67679286,0.7528945
3539,0.6768757,0.6606691
3540,0.6770093,0.7064579
3541,0.6770402,0.67152333
3542,0.6772638,0.6617241
3543,0.6773631,0.72115135
3544,0.6773674,0.6543757
3545,0.6773875,0.7294854
3546,0.677446,0.67414427
3547,0.67750525,0.6351346
3548,0.6776644,0.6656587
3549,0.67790926,0.6743252
3550,0.67795295,0.68344516
3551,0.67797995,0.6780169
3552,0.6782002,0.66680175
3553,0.6783538,0.6729183
3554,0.6783687,0.7544446
3555,0.67841846,0.6783894
3556,0.67846966,0.71293163
3557,0.6785521,0.76014686
3558,0.6785543,0.71640456
3559,0.6787518,0.6662233
3560,0.67878455,0.69941914
3561,0.6788596,0.67574066
3562,0.6790287,0.6787673
3563,0.6794169,0.6781715
3564,0.6794712,0.7195222
3565,0.67950755,0.69081736
3566,0.67959267,0.6849419
3567,0.67971474,0.6827618
3568,0.6797795,0.6532825
3569,0.67978233,0.6700512
3570,0.6799975,0.6858148
3571,0.6800431,0.70331585
3572,0.6800994,0.6679467
3573,0.6802307,0.653896
3574,0.68023723,0.6929585
3575,0.68037003,0.6545285
3576,0.6815235,0.6753724
3577,0.6817133,0.6838293
3578,0.68172675,0.6776817
3579,0.6818555,0.68716323
3580,0.68192613,0.72234356
3581,0.68205935,0.6822548
3582,0.68241537,0.689708
3583,0.6824527,0.6780647
3584,0.68267477,0.70091593
3585,0.68306506,0.6829256
3586,0.6830841,0.66364336
3587,0.6831201,0.6854328
3588,0.68322617,0.67614937
3589,0.6833469,0.6651317
3590,0.68349683,0.71628153
3591,0.68357044,0.6630304
3592,0.68366575,0.7120304
3593,0.6838303,0.7273991
3594,0.6838572,0.71946526
3595,0.68425256,0.6874125
3596,0.6844462,0.68002707
3597,0.6844559,0.649752
3598,0.68457913,0.67815864
3599,0.6848926,0.6942618
3600,0.6848993,0.67903066
3601,0.6850604,0.7245581
3602,0.68509614,0.5928682
3603,0.6851009,0.6583549
3604,0.68548113,0.7097231
3605,0.68552154,0.72967994
3606,0.68559736,0.6979462
3607,0.68587714,0.69237906
3608,0.6860888,0.6878506
3609,0.68610525,0.6662073
3610,0.6863575,0.67407566
3611,0.68669105,0.68568015
3612,0.6866914,0.64798355
3613,0.6869917,0.7028122
3614,0.68717957,0.6759202
3615,0.687478,0.6958649
3616,0.6875434,0.6600065
3617,0.68771404,0.72284305
3618,0.68777686,0.667366
3619,0.68802464,0.6707147
3620,0.6881027,0.70198953
3621,0.6887682,0.6595851
3622,0.6889602,0.7258757
3623,0.68908024,0.64704466
3624,0.6896069,0.69840395
3625,0.6897947,0.6615217
3626,0.69004154,0.7014494
3627,0.69015735,0.67667806
3628,0.6902419,0.24701382
3629,0.6907063,0.70372415
3630,0.6908593,0.70745575
3631,0.6908599,0.6865125
3632,0.69092643,0.70573115
3633,0.69109374,0.709134
3634,0.69119346,0.6889336
3635,0.6912377,0.6885152
3636,0.6912537,0.65724
3637,0.6913588,0.7445758
3638,0.69150263,0.69960225
3639,0.69163245,0.68790144
3640,0.69163305,0.7310741
3641,0.6917392,0.7291188
3642,0.6920229,0.7050649
3643,0.6923963,0.69322634
3644,0.6928056,0.70496297
3645,0.6930255,0.6712431
3646,0.69348913,0.6699827
3647,0.6937667,0.7308954
3648,0.6938446,0.6932579
3649,0.6938787,0.6686144
3650,0.69421256,0.7621161
3651,0.6944262,0.7074612
3652,0.694586,0.7153925
3653,0.6946085,0.7480294
3654,0.69522583,0.69370663
3655,0.69538283,0.6870512
3656,0.6953987,0.69172823
3657,0.6954164,0.70675504
3658,0.6958293,0.7054637
3659,0.6958302,0.6894338
3660,0.6958571,0.71542394
3661,0.69588274,0.7326989
3662,0.69598174,0.6613603
3663,0.6962438,0.7154336
3664,0.6963883,0.66952586
3665,0.6964702,0.67764926
3666,0.69658375,0.7310635
3667,0.6966118,0.7065755
3668,0.6968867,0.7307476
3669,0.69701517,0.67906344
3670,0.6972003,0.70380926
3671,0.6973352,0.7075311
3672,0.6977447,0.67756224
3673,0.6979555,0.70763683
3674,0.6983123,0.7207619
3675,0.69902205,0.74419177
3676,0.69913507,0.7276516
3677,0.6992107,0.6779357
3678,0.69980735,0.7047001
3679,0.6998289,0.7221223
3680,0.7000821,0.68761134
3681,0.7004591,0.72969013
3682,0.7005144,0.6872859
3683,0.7007601,0.66770935
3684,0.70103043,0.68585396
3685,0.7011481,0.66100097
3686,0.70122886,0.74888325
3687,0.7012429,0.7174524
3688,0.7012753,0.7064886
3689,0.70147955,0.6979222
3690,0.7015866,0.7021333
3691,0.701899,0.6937715
3692,0.70201635,0.7312465
3693,0.7021498,0.71057343
3694,0.70222706,0.6988963
3695,0.7022343,0.71984947
3696,0.7024866,0.73789024
3697,0.70297354,0.6905409
3698,0.70305824,0.74664426
3699,0.7035785,0.6990691
3700,0.70381486,0.6979214
3701,0.70403045,0.7266034
3702,0.7043319,0.69525707
3703,0.704723,0.71401656
3704,0.7051997,0.6444835
3705,0.7059341,0.699741
3706,0.7059503,0.66317785
3707,0.7061018,0.71877503
3708,0.70633787,0.7328871
3709,0.70637757,0.7017379
3710,0.70664275,0.73382485
3711,0.706824,0.70952415
3712,0.7073248,0.6917341
3713,0.7076532,0.73858285
3714,0.70776504,0.6996933
3715,0.7079713,0.7150682
3716,0.7086872,0.7107289
3717,0.70883113,0.71763515
3718,0.70895344,0.74965924
3719,0.7090901,0.691079
3720,0.7091443,0.7123294
3721,0.70935893,0.6876638
3722,0.7093812,0.7136935
3723,0.70947057,0.68370235
3724,0.71052015,0.7114749
3725,0.7112523,0.6794677
3726,0.7113257,0.71564186
3727,0.71151763,0.6759709
3728,0.7116212,0.7052227
3729,0.71199393,0.74662447
3730,0.7121752,0.7069479
3731,0.7123626,0.73776567
3732,0.7123859,0.73738503
3733,0.7123882,0.7161306
3734,0.7124243,0.7484029
3735,0.7147523,0.74658597
3736,0.7148561,0.7759943
3737,0.71495265,0.7271507
3738,0.7152977,0.75177515
3739,0.71583974,0.7206933
3740,0.7160167,0.71321386
3741,0.71631765,0.7621906
3742,0.7163603,0.70126796
3743,0.7164734,0.6984514
3744,0.7164997,0.7150215
3745,0.7165,0.7177464
3746,0.7167311,0.75646514
3747,0.71704525,0.7340417
3748,0.71768993,0.7447617
3749,0.7178187,0.7510512
3750,0.7179004,0.7160926
3751,0.71794975,0.7126138
3752,0.7183195,0.6161573
3753,0.7187729,0.69039595
3754,0.7188241,0.7097821
3755,0.71894294,0.7074934
3756,0.718945,0.6902927
3757,0.71906656,0.72921
3758,0.71913785,0.7457297
3759,0.71916175,0.7777235
3760,0.71934944,0.74428904
3761,0.7193721,0.71834576
3762,0.71958506,0.73640454
3763,0.7198493,0.7393596
3764,0.719945,0.72773564
3765,0.7199511,0.68936276
3766,0.720458,0.74781835
3767,0.7204702,0.7461581
3768,0.72065866,0.79075885
3769,0.72066563,0.739522
3770,0.72066593,0.75243294
3771,0.72068936,0.72387457
3772,0.7209957,0.7007922
3773,0.7217027,0.74998736
3774,0.7218407,0.7877486
3775,0.72197413,0.7326143
3776,0.72275126,0.76357734
3777,0.72292095,0.72178936
3778,0.72304004,0.7395021
3779,0.72325385,0.5728266
3780,0.72402346,0.72680897
3781,0.7243148,0.70908844
3782,0.72493726,0.7788696
3783,0.7249427,0.7349925
3784,0.7250688,0.7363372
3785,0.725348,0.77760756
3786,0.7255381,0.8184153
3787,0.725609,0.7395108
3788,0.7259106,0.7203399
3789,0.72598195,0.75437653
3790,0.726131,0.7188864
3791,0.72614074,0.71481097
3792,0.726376,0.73954904
3793,0.72645,0.70057416
3794,0.7264989,0.6767971
3795,0.72650105,0.69134676
3796,0.7265457,0.74978423
3797,0.7265588,0.73756796
3798,0.72732323,0.74346626
3799,0.7279722,0.7522663
3800,0.7281657,0.7387445
3801,0.7284378,0.72441137
3802,0.72898936,0.7888284
3803,0.72935724,0.7754752
3804,0.72969496,0.72333884
3805,0.7297688,0.72803855
3806,0.7299054,0.69345844
3807,0.729928,0.733351
3808,0.7302896,0.7480117
3809,0.7303454,0.72249967
3810,0.7303468,0.7422495
3811,0.73050016,0.7244568
3812,0.7305629,0.7538351
3813,0.73104495,0.7470529
3814,0.7310534,0.7609637
3815,0.7312224,0.7101175
3816,0.7312654,0.7498697
3817,0.7317411,0.7575996
3818,0.7317727,0.76105577
3819,0.73211074,0.74064106
3820,0.73227435,0.7193812
3821,0.73282576,0.72740245
3822,0.73299396,0.7422719
3823,0.7332094,0.7126783
3824,0.73357934,0.7119019
3825,0.7337051,0.7301432
3826,0.7337335,0.7173906
3827,0.7339832,0.7180052
3828,0.73415965,0.767974
3829,0.7345134,0.7551006
3830,0.73514086,0.7480027
3831,0.7353443,0.7759181
3832,0.7366617,0.7794918
3833,0.7366927,0.7414651
3834,0.7369906,0.7644154
3835,0.7375659,0.7528748
3836,0.73786956,0.7857604
3837,0.7379255,0.73057723
3838,0.7381727,0.7274157
3839,0.73820066,0.75923395
3840,0.73879826,0.73821855
3841,0.73900986,0.786243
3842,0.73943174,0.72998023
3843,0.7400338,0.75715566
3844,0.740034,0.76054204
3845,0.74010414,0.7482362
3846,0.7402766,0.75606537
3847,0.7405575,0.7538739
3848,0.7406461,0.71491206
3849,0.7412168,0.7752609
3850,0.741506,0.79164076
3851,0.74218756,0.78354454
3852,0.74240535,0.7043083
3853,0.74250335,0.7459005
3854,0.74250716,0.79394233
3855,0.7425913,0.7466873
3856,0.74259734,0.73065865
3857,0.7426185,0.7552147
3858,0.7428585,0.7244592
3859,0.7429419,0.7765001
3860,0.7429727,0.7459533
3861,0.74328786,0.76102567
3862,0.7437865,0.7718291
3863,0.7440173,0.7421062
3864,0.7442984,0.7560115
3865,0.7449058,0.78916824
3866,0.7451687,0.7636441
3867,0.7457099,0.755576
3868,0.7457681,0.768867
3869,0.7459725,0.7507014
3870,0.74624,0.76352847
3871,0.74720013,0.7509085
3872,0.74729437,0.79556894
3873,0.7474266,0.76263356
3874,0.74761134,0.73351556
3875,0.74779487,0.7698598
3876,0.74783975,0.79085624
3877,0.747873,0.709954
3878,0.747927,0.7598078
3879,0.7494909,0.8033304
3880,0.7496762,0.72374046
3881,0.7497385,0.7475858
3882,0.7501175,0.74581724
3883,0.7501353,0.7244067
3884,0.75040495,0.72897065
3885,0.7504535,0.76860315
3886,0.7508671,0.7535174
3887,0.75130194,0.7504581
3888,0.7516814,0.7712908
3889,0.7518489,0.77201355
3890,0.75260264,0.7602862
3891,0.7526707,0.7764721
3892,0.7527133,0.7554256
3893,0.75311863,0.7957239
3894,0.7534395,0.7307901
3895,0.7536378,0.7604173
3896,0.75418824,0.7509361
3897,0.7546334,0.733562
3898,0.75467616,0.72317874
3899,0.75476456,0.77939045
3900,0.75489306,0.7706218
3901,0.7549045,0.75273347
3902,0.7551771,0.75219536
3903,0.7555998,0.76392484
3904,0.7557948,0.7652121
3905,0.7566833,0.7460318
3906,0.75671434,0.75051427
3907,0.7568014,0.76301885
3908,0.7571096,0.7752318
3909,0.75718224,0.7532208
3910,0.7572134,0.7582876
3911,0.75759256,0.7500558
3912,0.7576273,0.7462238
3913,0.7579142,0.7414706
3914,0.75798446,0.7886362
3915,0.7586961,0.7835612
3916,0.7598327,0.76198566
3917,0.7601307,0.74621165
3918,0.760179,0.74204546
3919,0.7604655,0.72035336
3920,0.76065665,0.7726387
3921,0.76080626,0.7741796
3922,0.7610945,0.8115983
3923,0.7613197,0.76329523
3924,0.7615244,0.7493706
3925,0.7620099,0.72328615
3926,0.762204,0.7739187
3927,0.7628989,0.7820364
3928,0.76369274,0.8031305
3929,0.76418287,0.75752425
3930,0.76431906,0.7761828
3931,0.76454455,0.726776
3932,0.7646587,0.45929766
3933,0.7647995,0.7291361
3934,0.7651879,0.7464558
3935,0.76587236,0.7668589
3936,0.7670557,0.8359598
3937,0.767637,0.7428765
3938,0.7678916,0.7332835
3939,0.7682398,0.7023517
3940,0.76828885,0.79081464
3941,0.7684676,0.8009989
3942,0.7687176,0.8171352
3943,0.7687739,0.75625837
3944,0.7688699,0.7316469
3945,0.7689405,0.75205004
3946,0.7692324,0.8278588
3947,0.76946086,0.7664463
3948,0.76970196,0.7570274
3949,0.77012295,0.76669693
3950,0.7703949,0.79811907
3951,0.7706102,0.75001264
3952,0.7706652,0.78076106
3953,0.77078396,0.7571918
3954,0.77095324,0.75536144
3955,0.77133393,0.72867143
3956,0.7716904,0.7564798
3957,0.7719495,0.5333095
3958,0.7721414,0.79929924
3959,0.7729268,0.79102075
3960,0.77312344,0.7872478
3961,0.77344555,0.76007587
3962,0.77345455,0.76666284
3963,0.7735336,0.78767323
3964,0.7742728,0.7441951
3965,0.77453244,0.72892904
3966,0.7749381,0.8126404
3967,0.7749807,0.77369153
3968,0.7749838,0.77275217
3969,0.77504146,0.75017345
3970,0.7754689,0.75768316
3971,0.77559555,0.79799676
3972,0.7762066,0.78327227
3973,0.7764012,0.7250607
3974,0.7770161,0.808316
3975,0.7772634,0.78794265
3976,0.7774281,0.79281235
3977,0.7774985,0.7502568
3978,0.7776089,0.7841756
3979,0.7783232,0.77534693
3980,0.7783781,0.7513052
3981,0.7786986,0.793136
3982,0.77924913,0.7867762
3983,0.7793318,0.7810027
3984,0.7794703,0.7819725
3985,0.77982575,0.8250135
3986,0.77987355,0.78767735
3987,0.7804221,0.83124506
3988,0.7807361,0.7294421
3989,0.78092027,0.79670143
3990,0.7809352,0.7770365
3991,0.781366,0.7207763
3992,0.7814245,0.7795659
3993,0.78166646,0.8222567
3994,0.7819026,0.815712
3995,0.782746,0.7496277
3996,0.7831632,0.7588198
3997,0.7832282,0.77700114
3998,0.7833507,0.8055241
3999,0.7835095,0.7286711
4000,0.78479564,0.7565378
4001,0.7853211,0.8118782
4002,0.785532,0.7525501
4003,0.7863426,0.79053605
4004,0.78678066,0.78392446
4005,0.787691,0.8151784
4006,0.7879316,0.768061
4007,0.78859925,0.7718011
4008,0.7895917,0.7749819
4009,0.7903451,0.77610826
4010,0.79044574,0.7663213
4011,0.79129654,0.7649808
4012,0.79152894,0.7751231
4013,0.7916105,0.8304815
4014,0.7917234,0.8282944
4015,0.7918889,0.7507975
4016,0.7920627,0.7875422
4017,0.79301065,0.76362306
4018,0.7932265,0.7955929
4019,0.793556,0.8156996
4020,0.79370683,0.8100778
4021,0.79386264,0.8059826
4022,0.79395497,0.81877244
4023,0.79461724,0.78424954
4024,0.79556805,0.8371396
4025,0.79607713,0.7926688
4026,0.7961727,0.83065295
4027,0.79708433,0.8263041
4028,0.797763,0.7875328
4029,0.79822147,0.79125714
4030,0.79876536,0.80097246
4031,0.79891497,0.74697685
4032,0.7990626,0.79601943
4033,0.79918474,0.79369485
4034,0.7994148,0.80489147
4035,0.7998221,0.76314163
4036,0.79998153,0.7508507
4037,0.80010265,0.8042425
4038,0.8007013,0.73342025
4039,0.8007882,0.8813149
4040,0.8020624,0.7148124
4041,0.80293393,0.83778167
4042,0.8029633,0.8248354
4043,0.80333614,0.81505525
4044,0.8044206,0.81630456
4045,0.8046205,0.80140793
4046,0.8047283,0.81400764
4047,0.80481523,0.7873421
4048,0.8057926,0.816414
4049,0.80604255,0.2752005
4050,0.80635905,0.8211998
4051,0.8064685,0.824481
4052,0.80658585,0.7872423
4053,0.80723685,0.7213403
4054,0.8073735,0.7590474
4055,0.8073958,0.7658191
4056,0.8073995,0.79113173
4057,0.8074146,0.7690096
4058,0.80795324,0.8327973
4059,0.80823815,0.8171673
4060,0.80831325,0.8336936
4061,0.8099852,0.8285248
4062,0.8102945,0.80440485
4063,0.81137896,0.8071698
4064,0.8119616,0.5565262
4065,0.8120494,0.83641756
4066,0.81299305,0.8295734
4067,0.814646,0.7857154
4068,0.8148462,0.78379345
4069,0.8150925,0.83880997
4070,0.8151168,0.8265947
4071,0.81534904,0.5567417
4072,0.8158745,0.79955864
4073,0.8160697,0.8166617
4074,0.8165298,0.8394582
4075,0.8169236,0.8034054
4076,0.81709325,0.78074664
4077,0.817606,0.76803386
4078,0.81761765,0.7996391
4079,0.81794006,0.8363693
4080,0.8183092,0.80453336
4081,0.8204294,0.83453023
4082,0.82058233,0.83281684
4083,0.8210497,0.7936249
4084,0.8216991,0.8200959
4085,0.82214785,0.7766924
4086,0.82260704,0.7925546
4087,0.8249962,0.7664349
4088,0.8255689,0.7557564
4089,0.8282442,0.8174763
4090,0.83056295,0.84032047
4091,0.8305859,0.8652817
4092,0.8307685,0.83507097
4093,0.8316431,0.7908189
4094,0.8319458,0.8068644
4095,0.83230656,0.8268031
4096,0.83232003,0.74208605
4097,0.83268595,0.806054
4098,0.8329714,0.86384153
4099,0.83452916,0.562584
4100,0.8348991,0.81848073
4101,0.8349181,0.7909577
4102,0.8353289,0.85259175
4103,0.83658653,0.79656994
4104,0.83721733,0.8165381
4105,0.8373946,0.8211626
4106,0.83805525,0.84120023
4107,0.8406192,0.809031
4108,0.84066504,0.80020034
4109,0.8408461,0.8214725
4110,0.8412857,0.84936607
4111,0.8427724,0.87468696
4112,0.8434247,0.8198689
4113,0.8444669,0.82565093
4114,0.8451327,0.8582134
4115,0.84534615,0.79925215
4116,0.8483295,0.8611338
4117,0.8497258,0.7883435
4118,0.850749,0.80922925
4119,0.8523145,0.7760681
4120,0.85261947,0.87166166
4121,0.8529072,0.864871
4122,0.85493386,0.8444127
4123,0.8550444,0.7696787
4124,0.8558754,0.8228048
4125,0.8588516,0.82206047
4126,0.85893536,0.8375002
4127,0.85902625,0.84341466
4128,0.86043125,0.8299471
4129,0.86345243,0.801617
4130,0.86598575,0.8921392
4131,0.86714995,0.8263645
4132,0.867514,0.7955488
4133,0.86891687,0.8638334
4134,0.87261444,0.8985251
4135,0.8734238,0.86954665
4136,0.87385166,0.8335204
4137,0.8750731,0.85742533
4138,0.87631035,0.8560804
4139,0.87652427,0.8069564
4140,0.87766296,0.79505825
4141,0.8779764,0.43812948
4142,0.880322,0.81184876
4143,0.8846929,0.8567538
4144,0.8852878,0.86200225
4145,0.8856078,0.8250681
4146,0.886381,0.86719966
4147,0.888502,0.8614423
4148,0.89318013,0.8632164
4149,0.89526254,0.8403076
4150,0.8955529,0.8697214
4151,0.9030368,0.8458339
4152,0.9033328,0.8352225
4153,0.90598047,0.87286735
4154,0.91575974,0.8734659
4155,0.9177964,0.8790083
4156,0.91825294,0.8683044
4157,0.9199338,0.8903209
4158,0.92068565,0.5064527
4159,0.92788124,0.8373059
4160,0.93861276,0.8682178
4161,0.9395687,0.8899237
4162,0.9407011,0.85542226
4163,0.94313836,0.58084834
4164,0.94726795,0.90585756
4165,0.958564,0.89930725
4166,0.9611455,0.88301456
