,id,cmpdname,smiles,mw,mf,polararea,complexity
0,6581,Acrylic acid,C=CC(=O)O,72.06,C3H4O2,37.3,55.9
1,13165,2-Hydroxyethyl acrylate,C=CC(=O)OCCO,116.11,C5H8O3,46.5,87.7
2,8846,Butyl Acrylate,CCCCOC(=O)C=C,128.169,C7H12O2,26.3,97.1
3,8821,Ethyl acrylate,CCOC(=O)C=C,100.12,C5H8O2,26.3,76.1
4,7294,Methyl acrylate,COC(=O)C=C,86.09,C4H6O2,26.3,65.9
5,6658,Methyl methacrylate,C=CC(=O)OC,100.12,C5H8O2,26.3,94.3
6,81530,Ethyl 2-cyanoacrylate,C=CC(=O)OCC,125.13,C6H7NO2,50.1,175.0
7,7837,Glycidyl methacrylate,C=CC(=O)OCC1CO1,142.15,C7H10O3,38.8,162.0
8,7636,2-Ethylhexyl acrylate,CCCCC(CC)COC(=O)C=C,184.27,C11H20O2,26.3,152.0
9,7819,Isobutyl acrylate,CC(C)COC(=O)C=C,128.169,C7H12O2,26.3,106.0
10,61249,2-Hydroxypropyl acrylate,CC(COC(=O)C=C)O,130.139,C6H10O3,46.5,109.0
11,165746,Isooctyl acrylate,CC(C)CCCCCOC(=O)C=C,184.27,C11H20O2,26.3,150.0
12,14899,Isodecyl acrylate,CC(C)CCCCCCCOC(=O)C=C,212.33,C13H24O2,26.3,173.0
13,16541,Decyl acrylate,CCCCCCCCCCOC(=O)C=C,212.33,C13H24O2,26.3,164.0
14,25644,"1,6-Hexanediol diacrylate",C=CC(=O)OCCCCCCOC(=O)C=C,226.27,C12H18O4,52.6,219.0
15,19042,Pentaerythritol triacrylate,C=CC(=O)OCC(CO)(COC(=O)C=C)COC(=O)C=C,298.29,C14H18O7,99.1,365.0
16,15284,Silux,C=CC(=O)OCC(O)COc1ccc(C(C)(C)c2ccc(OCC(O)COC(=O)C=C)cc2)cc1,512.6,C29H36O8,112.0,698.0
17,15458,tert-Butyl acrylate,CC(C)(C)OC(=O)C=C,128.169,C7H12O2,26.3,119.0
18,7825,2-Cyanoethyl acrylate,C=CC(=O)OCCC#N,125.13,C6H7NO2,50.1,154.0
19,28803,Tetraethylene glycol diacrylate,C=CC(=O)OCCOCCOCCOCCOC(=O)C=C,302.32,C14H22O7,80.3,284.0
20,39485,2-Phenoxyethyl acrylate,C=CC(=O)OCCOC1=CC=CC=C1,192.21,C11H12O3,35.5,183.0
21,17050,2-(Diethylamino)ethyl acrylate,CCN(CC)CCOC(=O)C=C,171.24,C9H17NO2,29.5,142.0
22,17259,Hexyl acrylate,CCCCCCOC(=O)C=C,156.22,C9H16O2,26.3,119.0
23,7827,2-Ethoxyethyl acrylate,CCOCCOC(=O)C=C,144.17,C7H12O3,35.5,109.0
24,13550,n-Propyl acrylate,CCCOC(=O)C=C,114.14,C6H10O2,26.3,86.5
25,18298,Cyclohexyl acrylate,C=CC(=O)OC1CCCCC1,154.21,C9H14O2,26.3,146.0
26,28860,"2,2-Dinitropropyl acrylate",CC(COC(=O)C=C)([N+](=O)[O-])[N+](=O)[O-],204.14,C6H8N2O6,118.0,261.0
27,19996,Diethylene glycol diacrylate,C=CC(=O)OCCOCCOC(=O)C=C,214.21,C10H14O5,61.8,210.0
28,75282,Ethylene glycol diacrylate,C=CC(=O)OCCOC(=O)C=C,170.16,C8H10O4,52.6,173.0
29,70613,"1,4-Butanediol diacrylate",C=CC(=O)OCCCCOC(=O)C=C,198.22,C10H14O4,52.6,196.0
30,16680,Neopentyl glycol diacrylate,CC(C)(COC(=O)C=C)COC(=O)C=C,212.24,C11H16O4,52.6,240.0
31,4128060,Tripropylene glycol diacrylate,CC(COC(C)COC(=O)C=C)OCC(C)OC(=O)C=C,300.35,C15H24O6,71.1,352.0
32,81766,2-(2-Ethoxyethoxy)ethyl acrylate,CCOCCOCCOC(=O)C=C,188.22,C9H16O4,44.8,145.0
33,17111,2-(Dimethylamino)ethyl acrylate,CN(C)CCOC(=O)C=C,143.18,C7H13NO2,29.5,121.0
34,90558,2-Carboxyethyl acrylate,C=CC(=O)OCCC(=O)O,144.12,C6H8O4,63.6,150.0
35,17258,Octyl acrylate,CCCCCCCCOC(=O)C=C,184.27,C11H20O2,26.3,141.0
36,16627,2-Chloroethyl acrylate,C=CC(=O)OCCCl,134.56,C5H7ClO2,26.3,90.4
37,18316,Tridecyl acrylate,CCCCCCCCCCCCCOC(=O)C=C,254.41,C16H30O2,26.3,199.0
38,19855,2-Ethylbutyl acrylate,CCC(CC)COC(=O)C=C,156.22,C9H16O2,26.3,126.0
39,4443516,2-Hydroxy-3-phenoxypropyl acrylate,C=CC(=O)OCC(COC1=CC=CC=C1)O,222.24,C12H14O4,55.8,221.0
40,12716,Isopropyl acrylate,CC(C)OC(=O)C=C,114.14,C6H10O2,26.3,94.7
41,162071,(2-(Acryloyloxy)ethyl)trimethylammonium chloride,C[N+](C)(C)CCOC(=O)C=C,193.67,C8H16ClNO2,26.3,147.0
42,7234,"2-Propenoic acid, bicyclo[2.2.1]hept-5-en-2-ylmethyl ester",C=CC(=O)OCC1CC2CC1C=C2,178.23,C11H14O2,26.3,255.0
43,108956,Dipentaerythritol pentaacrylate,C=CC(=O)OCC(CO)(COCC(COC(=O)C=C)(COC(=O)C=C)COC(=O)C=C)COC(=O)C=C,524.5,C25H32O12,161.0,789.0
44,175956,4-(2-(Acryloyloxy)ethoxy)-4-oxobutanoic acid,C=CC(=O)OCCOC(=O)CCC(=O)O,216.19,C9H12O6,89.9,257.0
45,12577030,"2-Propenoic acid, 3a,4,5,6,7,7a-hexahydro-4,7-methano-1H-indenyl ester",C=CC(=O)OC1CC2CC1C3C2C=CC3,204.26,C13H16O2,26.3,331.0
46,75588,4-Hydroxybutyl acrylate,C=CC(=O)OCCCCO,144.17,C7H12O3,46.5,109.0
47,75118,Vinyl acrylate,C=CC(=O)OC=C,98.1,C5H6O2,26.3,94.3
48,29728,"2,3-Dibromopropyl acrylate",C=CC(=O)OCC(CBr)Br,271.93,C6H8Br2O2,26.3,125.0
49,17257,Heptyl acrylate,CCCCCCCOC(=O)C=C,170.25,C10H18O2,26.3,130.0
50,69810535,5-Norbornene-2-methylolacrylate,C=CC(=O)OC[C@@H]1C[C@H]2C[C@@H]1C=C2,178.23,C11H14O2,26.3,255.0
51,904858,"2-Propenoic acid, 1,7,7-trimethylbicyclo[2.2.1]hept-2-yl ester, exo-",C[C@]12CC[C@H](C1(C)C)C[C@@H]2OC(=O)C=C,208.3,C13H20O2,26.3,306.0
52,92212,Bisphenol a diglycidyl ether diacrylate,CC(C)(C1=CC=C(C=C1)OCC(COC(=O)C=C)O)C2=CC=C(C=C2)OCC(COC(=O)C=C)O,484.5,C27H32O8,112.0,619.0
53,62414,Triethylene glycol diacrylate,C=CC(=O)OCCOCCOCCOC(=O)C=C,258.269,C12H18O6,71.1,246.0
54,66357,2-Phenoxyethyl methacrylate,C=CC(=O)OCCOc1ccccc1,206.24,C12H14O3,35.5,217.0
55,18392,2-Methoxyethyl acrylate,COCCOC(=O)C=C,130.139,C6H10O3,35.5,98.5
56,87149,"3,3,4,4,5,5,6,6,7,7,8,8,8-Tridecafluorooctyl acrylate",C=CC(=O)OCCC(C(C(C(C(C(F)(F)F)(F)F)(F)F)(F)F)(F)F)(F)F,418.15,C11H7F13O2,26.3,535.0
57,94232,Tetrahydrofurfuryl acrylate,C=CC(=O)OCC1CCCO1,156.18,C8H12O3,35.5,153.0
58,109058,2-tert-Butyl-6-(3-tert-butyl-2-hydroxy-5-methylbenzyl)-4-methylphenyl acrylate,CC1=CC(=C(C(=C1)C(C)(C)C)O)CC2=C(C(=CC(=C2)C)C(C)(C)C)OC(=O)C=C,394.5,C26H34O3,46.5,568.0
59,75084,Dodecyl acrylate,CCCCCCCCCCCCOC(=O)C=C,240.38,C15H28O2,26.3,187.0
60,23688,2-Butoxyethyl acrylate,CCCCOCCOC(=O)C=C,172.22,C9H16O3,35.5,132.0
61,93359,Dicyclopentyloxyethyl acrylate,C=CC(=O)OCCOC1CC2CC1C3C2C=CC3,248.32,C15H20O3,35.5,374.0
62,75617,Benzyl acrylate,C=CC(=O)OCC1=CC=CC=C1,162.18,C10H10O2,26.3,157.0
63,98056,"3,3,5-Trimethylcyclohexyl acrylate",CC1CC(CC(C1)(C)C)OC(=O)C=C,196.29,C12H20O2,26.3,231.0
64,76345,Pentyl acrylate,CCCCCOC(=O)C=C,142.2,C8H14O2,26.3,108.0
65,13835,Allyl acrylate,C=CCOC(=O)C=C,112.13,C6H8O2,26.3,105.0
66,544160,Isobornyl acrylate,CC1(C2CCC1(C(C2)OC(=O)C=C)C)C,208.3,C13H20O2,26.3,306.0
67,20963,2-Bromoethyl acrylate,C=CC(=O)OCCBr,179.01,C5H7BrO2,26.3,90.4
68,44607779,"3a,4,5,6,7,7a-Hexahydro-4,7-methano-1H-indenyl acrylate",C=CC(=O)OC1C[C@H]2C[C@@H]1[C@@H]3[C@H]2C=CC3,204.26,C13H16O2,26.3,331.0
69,639970,"2-Propenoic acid, (1R,2R,4R)-1,7,7-trimethylbicyclo[2.2.1]hept-2-yl ester, rel-",C[C@@]12CC[C@@H](C1(C)C)C[C@H]2OC(=O)C=C,208.3,C13H20O2,26.3,306.0
70,93414,Tripropyleneglycol diacrylate,CC(COCC(C)OC(=O)C=C)OCC(C)OC(=O)C=C,300.35,C15H24O6,71.1,352.0
71,119747,"3,3,4,4,5,5,6,6,7,7,8,8,9,9,10,10,10-Heptadecafluorodecyl acrylate",C=CC(=O)OCCC(C(C(C(C(C(C(C(F)(F)F)(F)F)(F)F)(F)F)(F)F)(F)F)(F)F)(F)F,518.169,C13H7F17O2,26.3,706.0
72,87274,"3,3,4,4,5,5,6,6,7,7,8,8,9,9,10,10,11,11,12,12,12-Henicosafluorododecyl acrylate",C=CC(=O)OCCC(C(C(C(C(C(C(C(C(C(F)(F)F)(F)F)(F)F)(F)F)(F)F)(F)F)(F)F)(F)F)(F)F)(F)F,618.18,C15H7F21O2,26.3,884.0
73,62552,Stearyl acrylate,CCCCCCCCCCCCCCCCCCOC(=O)C=C,324.5,C21H40O2,26.3,261.0
74,61642,2-(2-Hydroxyethoxy)ethyl acrylate,C=CC(=O)OCCOCCO,160.17,C7H12O4,55.8,122.0
75,83410,Hexadecyl acrylate,CCCCCCCCCCCCCCCCOC(=O)C=C,296.5,C19H36O2,26.3,236.0
76,75096,Hexafluoroisopropyl acrylate,C=CC(=O)OC(C(F)(F)F)C(F)(F)F,222.08,C6H4F6O2,26.3,214.0
77,67921,2-(N-Ethylperfluorooctanesulfonamido)ethyl acrylate,CCN(CCOC(=O)C=C)S(=O)(=O)C(C(C(C(C(C(C(C(F)(F)F)(F)F)(F)F)(F)F)(F)F)(F)F)(F)F)(F)F,625.3,C15H12F17NO4S,72.1,984.0
78,104247,2-(Perfluorobutyl)ethyl acrylate,C=CC(=O)OCCC(C(C(C(F)(F)F)(F)F)(F)F)(F)F,318.14,C9H7F9O2,26.3,372.0
79,67551,"2,2,3,3,4,4,5,5,6,6,7,7,8,8,8-Pentadecafluorooctyl acrylate",C=CC(=O)OCC(C(C(C(C(C(C(F)(F)F)(F)F)(F)F)(F)F)(F)F)(F)F)(F)F,454.13,C11H5F15O2,26.3,604.0
80,67829,"2,2,3,3,4,4,5,5-Octafluoropentyl acrylate",C=CC(=O)OCC(C(C(C(F)F)(F)F)(F)F)(F)F,286.12,C8H6F8O2,26.3,325.0
81,82655,Propargyl acrylate,C=CC(=O)OCC#C,110.11,C6H6O2,26.3,138.0
82,67744,"2,2,3,3,3-Pentafluoropropyl acrylate",C=CC(=O)OCC(C(F)(F)F)(F)F,204.09,C6H5F5O2,26.3,208.0
83,67923,"2,2,3,3,4,4,4-Heptafluorobutyl acrylate",C=CC(=O)OCC(C(C(F)(F)F)(F)F)(F)F,254.1,C7H5F7O2,26.3,281.0
84,101059,(Pentabromophenyl)methyl acrylate,C=CC(=O)OCC1=C(C(=C(C(=C1Br)Br)Br)Br)Br,556.7,C10H5Br5O2,26.3,282.0
85,88984,Tetradecyl acrylate,CCCCCCCCCCCCCCOC(=O)C=C,268.4,C17H32O2,26.3,211.0
86,113159,2-[[(Butylamino)carbonyl]oxy]ethyl acrylate,CCCCNC(=O)OCCOC(=O)C=C,215.25,C10H17NO4,64.599,216.0
87,121642,"3-[2,2-Dimethyl-1-oxo-3-[(1-oxo-2-propenyl)oxy]propoxy]-2,2-dimethylpropyl acrylate",CC(C)(COC(=O)C=C)COC(=O)C(C)(C)COC(=O)C=C,312.36,C16H24O6,78.9,448.0
88,75873,Nonyl acrylate,CCCCCCCCCOC(=O)C=C,198.3,C12H22O2,26.3,152.0
89,98887,Neopentyl acrylate,CC(C)(C)COC(=O)C=C,142.2,C8H14O2,26.3,131.0
90,105380,Tetrabromobisphenol A bis(2-hydroxyethyl) ether bis(acrylate),CC(C)(C1=CC(=C(C(=C1)Br)OCCOC(=O)C=C)Br)C2=CC(=C(C(=C2)Br)OCCOC(=O)C=C)Br,740.1,C25H24Br4O6,71.1,651.0
91,10907737,"2-Propenoic acid, 2-[1-[3,5-bis(1,1-dimethylpropyl)-2-hydroxyphenyl]ethyl]-4,6-bis(1,1-dimethylpropyl)phenyl ester",CCC(C)(C)C1=CC(=C(C(=C1)C(C)(C)CC)O)C(C)C2=C(C(=CC(=C2)C(C)(C)CC)C(C)(C)CC)OC(=O)C=C,548.8,C37H56O3,46.5,836.0
92,77066,"2-Propenoic acid, 2-phenylethyl ester",C=CC(=O)OCCC1=CC=CC=C1,176.21,C11H12O2,26.3,169.0
93,2774977,"2,2,3,4,4,4-Hexafluorobutyl acrylate",C=CC(=O)OCC(C(C(F)(F)F)F)(F)F,236.11,C7H6F6O2,26.3,246.0
94,87565,Docosyl acrylate,CCCCCCCCCCCCCCCCCCCCCCOC(=O)C=C,380.6,C25H48O2,26.3,311.0
95,76340,"2,2,3,3,4,4,5,5,6,6,7,7-Dodecafluoroheptyl acrylate",C=CC(=O)OCC(C(C(C(C(C(F)F)(F)F)(F)F)(F)F)(F)F)(F)F,386.13,C10H6F12O2,26.3,484.0
96,67889,"2,2,2-Trifluoroethyl acrylate",C=CC(=O)OCC(F)(F)F,154.09,C5H5F3O2,26.3,138.0
97,83092,Heptafluoroisopropyl acrylate,C=CC(=O)OC(C(F)(F)F)(C(F)(F)F)F,240.08,C6H3F7O2,26.3,250.0
98,688322,4-tert-Butylcyclohexyl acrylate,CC(C)(C)C1CCC(CC1)OC(=O)C=C,210.31,C13H22O2,26.3,229.0
99,23663682,Potassium 3-sulphonatopropyl acrylate,C=CC(=O)OCCCS(=O)(=O)[O-],232.3,C6H9KO5S,91.9,253.0
100,23290047,"2-([1,1'-Biphenyl]-2-yloxy)ethyl acrylate",C=CC(=O)OCCOC1=CC=CC=C1C2=CC=CC=C2,268.31,C17H16O3,35.5,307.0
101,61242,Phenyl acrylate,C=CC(=O)OC1=CC=CC=C1,148.16,C9H8O2,26.3,146.0
102,81865,"2,2,3,3-Tetrafluoropropyl acrylate",C=CC(=O)OCC(C(F)F)(F)F,186.1,C6H6F4O2,26.3,178.0
103,2775810,3-(Perfluorobutyl)-2-hydroxypropyl acrylate,C=CC(=O)OCC(CC(C(C(C(F)(F)F)(F)F)(F)F)(F)F)O,348.16,C10H9F9O3,46.5,416.0
104,87693,3-(Dimethylamino)propyl acrylate,CN(C)CCCOC(=O)C=C,157.21,C8H15NO2,29.5,132.0
105,118677,2-(Perfluorododecyl)ethyl acrylate,C=CC(=O)OCCC(C(C(C(C(C(C(C(C(C(C(C(F)(F)F)(F)F)(F)F)(F)F)(F)F)(F)F)(F)F)(F)F)(F)F)(F)F)(F)F)(F)F,718.19,C17H7F25O2,26.3,1070.0
106,107516,"2,2,3,3,4,4,5,5,6,6,7,7,8,8,9,9-Hexadecafluorononyl acrylate",C=CC(=O)OCC(C(C(C(C(C(C(C(F)F)(F)F)(F)F)(F)F)(F)F)(F)F)(F)F)(F)F,486.15,C12H6F16O2,26.3,653.0
107,11211,"1,1-Dihydroperfluoroheptyl acrylate",C=CC(=O)OCC(C(C(C(C(C(F)(F)F)(F)F)(F)F)(F)F)(F)F)(F)F,404.12,C10H5F13O2,26.3,519.0
108,2776220,2-(Perfluoro-5-methylhexyl)ethyl acrylate,C=CC(=O)OCCC(C(C(C(C(C(F)(F)F)(C(F)(F)F)F)(F)F)(F)F)(F)F)(F)F,468.16,C12H7F15O2,26.3,602.0
109,118656,"1,1,2,2-Tetrahydroperfluorohexadecyl acrylate",C=CC(=O)OCCC(C(C(C(C(C(C(C(C(C(C(C(C(C(F)(F)F)(F)F)(F)F)(F)F)(F)F)(F)F)(F)F)(F)F)(F)F)(F)F)(F)F)(F)F)(F)F)(F)F,818.2,C19H7F29O2,26.3,1260.0
110,151204,3-(Trimethoxysilyl)propyl acrylate,CO[Si](CCCOC(=O)C=C)(OC)OC,234.32,C9H18O5Si,54.0,194.0
111,2776166,3-Perfluorohexyl-2-hydroxypropyl acrylate,C=CC(=O)OCC(CC(C(C(C(C(C(F)(F)F)(F)F)(F)F)(F)F)(F)F)(F)F)O,448.18,C12H9F13O3,46.5,582.0
112,77343,"2,4,6-Tribromophenyl acrylate",C=CC(=O)OC1=C(C=C(C=C1Br)Br)Br,384.85,C9H5Br3O2,26.3,220.0
113,16683072,Tributyltin acrylate,CCCC[Sn](CCCC)(CCCC)OC(=O)C=C,361.11,C15H30O2Sn,26.3,217.0
114,2776307,3-(Perfluorooctyl)-2-hydroxypropyl acrylate,C=CC(=O)OCC(CC(C(C(C(C(C(C(C(F)(F)F)(F)F)(F)F)(F)F)(F)F)(F)F)(F)F)(F)F)O,548.19,C14H9F17O3,46.5,755.0
115,91179,3-(Perfluoro-7-methyloctyl)-2-hydroxypropyl acrylate,C=CC(=O)OCC(CC(C(C(C(C(C(C(C(F)(F)F)(C(F)(F)F)F)(F)F)(F)F)(F)F)(F)F)(F)F)(F)F)O,598.2,C15H9F19O3,46.5,827.0
116,554662,Trimethylsilyl acrylate,C[Si](C)(C)OC(=O)C=C,144.24,C6H12O2Si,26.3,124.0
117,84997,"3,3,4,4,5,5,6,6,7,7,8,8,9,10,10,10-Hexadecafluoro-9-(trifluoromethyl)decyl acrylate",C=CC(=O)OCCC(C(C(C(C(C(C(C(F)(F)F)(C(F)(F)F)F)(F)F)(F)F)(F)F)(F)F)(F)F)(F)F,568.17,C14H7F19O2,26.3,776.0
118,162073,Dimethylaminoethyl acrylate benzyl chloride,C[N+](C)(CCOC(=O)C=C)CC1=CC=CC=C1,269.77,C14H20ClNO2,26.3,255.0
119,2776196,3-(Perfluoro-3-methylbutyl)-2-hydroxypropyl acrylate,C=CC(=O)OCC(CC(C(C(C(F)(F)F)(C(F)(F)F)F)(F)F)(F)F)O,398.17,C11H9F11O3,46.5,481.0
120,93013,"Exo-1,7,7-trimethylbicyclo[2.2.1]hept-2-yl acrylate",C[C@]12CC[C@H](C1(C)C)CC2OC(=O)C=C,208.3,C13H20O2,26.3,306.0
121,121743,Ethylene glycol acrylate phthalate,C=CC(=O)OCCOC(=O)C1=CC=CC=C1C(=O)O,264.23,C13H12O6,89.9,362.0
122,3015131,4-Benzoylphenyl acrylate,C=CC(=O)OC1=CC=C(C=C1)C(=O)C2=CC=CC=C2,252.26,C16H12O3,43.4,334.0
123,85416,2-(4-Benzoyl-3-hydroxyphenoxy)ethyl acrylate,C=CC(=O)OCCOC1=CC(=C(C=C1)C(=O)C2=CC=CC=C2)O,312.3,C18H16O5,72.8,414.0
124,2760316,"1H,1H-Perfluoro-n-decyl acrylate",C=CC(=O)OCC(C(C(C(C(C(C(C(C(F)(F)F)(F)F)(F)F)(F)F)(F)F)(F)F)(F)F)(F)F)(F)F,554.15,C13H5F19O2,26.3,778.0
125,3013855,"2,2,3,3,4,4,5,5,6,6,7,7,8,8,9,9,9-Heptadecafluorononyl acrylate",C=CC(=O)OCC(C(C(C(C(C(C(C(F)(F)F)(F)F)(F)F)(F)F)(F)F)(F)F)(F)F)(F)F,504.14,C12H5F17O2,26.3,690.0
126,16205716,"3,3,4,4,5,5,6,6,7,7,8,8,9,9,10,10,11,11,12,12,13,13,14,14,15,16,16,16-Octacosafluoro-15-(trifluoromethyl)hexadecyl acrylate",C=CC(=O)OCCC(C(C(C(C(C(C(C(C(C(C(C(C(C(F)(F)F)(C(F)(F)F)F)(F)F)(F)F)(F)F)(F)F)(F)F)(F)F)(F)F)(F)F)(F)F)(F)F)(F)F)(F)F,868.2,C20H7F31O2,26.3,1330.0
127,92954,3-Chloro-2-hydroxypropyl acrylate,C=CC(=O)OCC(CCl)O,164.59,C6H9ClO3,46.5,124.0
128,115833,"Methylenebis(4,1-phenyleneoxy(2-hydroxy-3,1-propanediyl)) acrylate",C=CC(=O)OCC(COC1=CC=C(C=C1)CC2=CC=C(C=C2)OCC(COC(=O)C=C)O)O,456.5,C25H28O8,112.0,554.0
129,171789,"(5-Ethyl-1,3-dioxan-5-yl)methyl acrylate",CCC1(COCOC1)COC(=O)C=C,200.23,C10H16O4,44.8,206.0
130,3083883,"2,2,3,3,4,4,5,5,6,6,7,7,8,8,9,9,10,10,11,11-Icosafluoroundecyl acrylate",C=CC(=O)OC(C(C(C(C(C(C(C(C(C(CF)(F)F)(F)F)(F)F)(F)F)(F)F)(F)F)(F)F)(F)F)(F)F)F,586.16,C14H6F20O2,26.3,830.0
131,85957,"4,4,5,5,6,6,7,7,8,8,9,9,10,10,11,11,12,12,13,13,14,15,15,15-Tetracosafluoro-2-hydroxy-14-(trifluoromethyl)pentadecyl acrylate",C=CC(=O)OCC(CC(C(C(C(C(C(C(C(C(C(C(C(F)(F)F)(C(F)(F)F)F)(F)F)(F)F)(F)F)(F)F)(F)F)(F)F)(F)F)(F)F)(F)F)(F)F)O,798.2,C19H9F27O3,46.5,1200.0
132,104368,"3,3,4,4,5,5,6,6,7,7,8,8,9,9,10,10,11,11,12,12,13,14,14,14-Tetracosafluoro-13-(trifluoromethyl)tetradecyl acrylate",C=CC(=O)OCCC(C(C(C(C(C(C(C(C(C(C(C(F)(F)F)(C(F)(F)F)F)(F)F)(F)F)(F)F)(F)F)(F)F)(F)F)(F)F)(F)F)(F)F)(F)F,768.2,C18H7F27O2,26.3,1140.0
133,77920,Acrylic acid isoamyl ester,CC(C)CCOC(=O)C=C,142.2,C8H14O2,26.3,116.0
134,23067259,"2-Propenoic acid, 2-[2-(ethenyloxy)ethoxy]ethyl ester",C=CC(=O)OCCOCCOC=C,186.2,C9H14O4,44.8,165.0
135,100948,"2-Propenoic acid, 2-[ethyl[(pentadecafluoroheptyl)sulfonyl]amino]ethyl ester",CCN(CCOC(=O)C=C)S(=O)(=O)C(C(C(C(C(C(C(F)(F)F)(F)F)(F)F)(F)F)(F)F)(F)F)(F)F,575.29,C14H12F15NO4S,72.1,892.0
136,105447,"2-Propenoic acid, 2-[methyl[(nonafluorobutyl)sulfonyl]amino]ethyl ester",CN(CCOC(=O)C=C)S(=O)(=O)C(C(C(C(F)(F)F)(F)F)(F)F)(F)F,411.24,C10H10F9NO4S,72.1,609.0
137,3034295,"2-Propenoic acid, 2-[ethyl[(nonafluorobutyl)sulfonyl]amino]ethyl ester",CCN(CCOC(=O)C=C)S(=O)(=O)C(C(C(C(F)(F)F)(F)F)(F)F)(F)F,425.27,C11H12F9NO4S,72.1,625.0
138,174625,"[5-Ethyl-2-(2-methyl-1-prop-2-enoyloxypropan-2-yl)-1,3-dioxan-5-yl]methyl prop-2-enoate",CCC1(COC(OC1)C(C)(C)COC(=O)C=C)COC(=O)C=C,326.4,C17H26O6,71.1,446.0
139,109961,"2-Propenoic acid, 2-[ethyl[(undecafluoropentyl)sulfonyl]amino]ethyl ester",CCN(CCOC(=O)C=C)S(=O)(=O)C(C(C(C(C(F)(F)F)(F)F)(F)F)(F)F)(F)F,475.28,C12H12F11NO4S,72.1,712.0
140,5062351,3-(Acryloyloxy)-2-hydroxypropyl methacrylate,C=CC(=O)OCC(O)COC(=O)C=C,214.21,C10H14O5,72.8,269.0
141,640210,4-Cyanophenyl 4-((6-(acryloyloxy)hexyl)oxy)benzoate,C=CC(=O)OCCCCCCOC1=CC=C(C=C1)C(=O)OC2=CC=C(C=C2)C#N,393.4,C23H23NO5,85.6,565.0
142,22283435,(3-Phenoxyphenyl)methyl prop-2-enoate,C=CC(=O)OCC1=CC(=CC=C1)OC2=CC=CC=C2,254.28,C16H14O3,35.5,294.0
143,74692,"2-Propenoic acid, 2-[ethyl[(tridecafluorohexyl)sulfonyl]amino]ethyl ester",CCN(CCOC(=O)C=C)S(=O)(=O)C(C(C(C(C(C(F)(F)F)(F)F)(F)F)(F)F)(F)F)(F)F,525.28,C13H12F13NO4S,72.1,802.0
144,162085,"2-Propenoic acid, 2-[methyl[(3,3,4,4,5,5,6,6,7,7,8,8,8-tridecafluorooctyl)sulfonyl]amino]ethyl ester",CN(CCOC(=O)C=C)S(=O)(=O)CCC(C(C(C(C(C(F)(F)F)(F)F)(F)F)(F)F)(F)F)(F)F,539.31,C14H14F13NO4S,72.1,818.0
145,121476710,"[(1R)-1,7,7-trimethyl-2-bicyclo[2.2.1]heptanyl] prop-2-enoate",C[C@@]12CCC(C1(C)C)CC2OC(=O)C=C,208.3,C13H20O2,26.3,306.0
146,81466,2-Methoxyethyl methacrylate,C=CC(=O)OCCOC,144.17,C7H12O3,35.5,129.0
147,122409,Dipentaerythritol hexaacrylate,C=CC(=O)OCC(COCC(COC(=O)C=C)(COC(=O)C=C)COC(=O)C=C)(COC(=O)C=C)COC(=O)C=C,578.6,C28H34O13,167.0,824.0
148,81767,2-(2-Methoxyethoxy)ethyl acrylate,COCCOCCOC(=O)C=C,174.19,C8H14O4,44.8,133.0
149,11416795,6-(4-Cyano-biphenyl-4'-yloxy)hexyl acrylate,C=CC(=O)OCCCCCCOC1=CC=C(C=C1)C2=CC=C(C=C2)C#N,349.4,C22H23NO3,59.3,465.0
150,67841,2-(Butyl((heptadecafluorooctyl)sulfonyl)amino)ethyl acrylate,CCCCN(CCOC(=O)C=C)S(=O)(=O)C(C(C(C(C(C(C(C(F)(F)F)(F)F)(F)F)(F)F)(F)F)(F)F)(F)F)(F)F,653.4,C17H16F17NO4S,72.1,1020.0
151,91369,2-(((Heptadecafluorooctyl)sulphonyl)methylamino)ethyl acrylate,CN(CCOC(=O)C=C)S(=O)(=O)C(C(C(C(C(C(C(C(F)(F)F)(F)F)(F)F)(F)F)(F)F)(F)F)(F)F)(F)F,611.27,C14H10F17NO4S,72.1,968.0
152,11218292,2-Methyl-2-adamantyl acrylate,CC1(C2CC3CC(C2)CC1C3)OC(=O)C=C,220.31,C14H20O2,26.3,304.0
153,169406,2-(Phosphonooxy)ethyl acrylate,C=CC(=O)OCCOP(=O)(O)O,196.09,C5H9O6P,93.1,206.0
154,2775973,Pentafluorophenyl acrylate,C=CC(=O)OC1=C(C(=C(C(=C1F)F)F)F)F,238.11,C9H3F5O2,26.3,269.0
155,5066485,Disperse Red 1 acrylate,CCN(CCOC(=O)C=C)C1=CC=C(C=C1)N=NC2=CC=C(C=C2)[N+](=O)[O-],368.4,C19H20N4O4,100.0,518.0
156,92188,sec-Butyl acrylate,CCC(C)OC(=O)C=C,128.169,C7H12O2,26.3,108.0
157,181508,"2,5-Dioxopyrrolidin-1-yl acrylate",C=CC(=O)ON1C(=O)CCC1=O,169.13,C7H7NO4,63.7,242.0
158,162078,Icosyl acrylate,CCCCCCCCCCCCCCCCCCCCOC(=O)C=C,352.6,C23H44O2,26.3,286.0
159,102246,2-(((Heptadecafluorooctyl)sulphonyl)propylamino)ethyl acrylate,CCCN(CCOC(=O)C=C)S(=O)(=O)C(C(C(C(C(C(C(C(F)(F)F)(F)F)(F)F)(F)F)(F)F)(F)F)(F)F)(F)F,639.3,C16H14F17NO4S,72.1,1000.0
160,3664250,2-Naphthyl acrylate,C=CC(=O)OC1=CC2=CC=CC=C2C=C1,198.22,C13H10O2,26.3,247.0
161,5072272,Fluorescein o-acrylate,C=CC(=O)OC1=CC2=C(C=C1)C3(C4=C(O2)C=C(C=C4)O)C5=CC=CC=C5C(=O)O3,386.4,C23H14O6,82.1,691.0
162,2775925,Pentafluorobenzyl acrylate,C=CC(=O)OCC1=C(C(=C(C(=C1F)F)F)F)F,252.14,C10H5F5O2,26.3,282.0
163,108597,p-Cumylphenyl acrylate,CC(C)(C1=CC=CC=C1)C2=CC=C(C=C2)OC(=O)C=C,266.3,C18H18O2,26.3,331.0
164,3465231,Pentabromophenyl acrylate,C=CC(=O)OC1=C(C(=C(C(=C1Br)Br)Br)Br)Br,542.6,C9H3Br5O2,26.3,269.0
165,104367,"3,3,4,4,5,5,6,6,7,7,8,8,9,9,10,10,11,12,12,12-Icosafluoro-11-(trifluoromethyl)dodecyl acrylate",C=CC(=O)OCCC(C(C(C(C(C(C(C(C(C(F)(F)F)(C(F)(F)F)F)(F)F)(F)F)(F)F)(F)F)(F)F)(F)F)(F)F)(F)F,668.19,C16H7F23O2,26.3,957.0
166,2776049,Perfluorocyclohexylmethyl acrylate,C=CC(=O)OCC1(C(C(C(C(C1(F)F)(F)F)(F)F)(F)F)(F)F)F,366.13,C10H5F11O2,26.3,495.0
167,56776444,"1H,1H-Perfluoro(2,5-dimethyl-3,6-dioxanonanoyl) acrylate",C=CC(=O)OCC(C(F)(F)F)(OC(C(C(F)(F)F)(OC(C(C(F)(F)F)(F)F)(F)F)F)(F)F)F,536.14,C12H5F17O4,44.8,723.0
168,543354,10-Undecenyl acrylate,C=CCCCCCCCCCOC(=O)C=C,224.34,C14H24O2,26.3,197.0
169,22228790,3-Hydroxyadamantan-1-yl acrylate,C=CC(=O)OC12CC3CC(C1)CC(C3)(C2)O,222.28,C13H18O3,46.5,333.0
170,162070,2-Methylbutyl acrylate,CCC(C)COC(=O)C=C,142.2,C8H14O2,26.3,118.0
171,4391003,"3,5,5-Trimethylhexyl acrylate",CC(CCOC(=O)C=C)CC(C)(C)C,198.3,C12H22O2,26.3,189.0
172,543579,Pentadecyl acrylate,CCCCCCCCCCCCCCCOC(=O)C=C,282.5,C18H34O2,26.3,224.0
173,16204988,3-(Perfluoro(13-methyl)tetradecyl)-2-hydroxypropyl acrylate,C=CC(=O)OCC(CC(C(C(C(C(C(C(C(C(C(C(C(C(C(F)(F)F)(C(F)(F)F)F)(F)F)(F)F)(F)F)(F)F)(F)F)(F)F)(F)F)(F)F)(F)F)(F)F)(F)F)(F)F)O,898.2,C21H9F31O3,46.5,1390.0
174,81804,"2-(2,4,6-Tribromophenoxy)ethyl acrylate",C=CC(=O)OCCOC1=C(C=C(C=C1Br)Br)Br,428.9,C11H9Br3O3,35.5,261.0
175,16206027,"3,3,4,4,5,5,6,6,7,7,8,8,9,9,10,10,11,11,12,12,13,13,14,14,15,15,16,16,17,18,18,18-Dotriacontafluoro-17-(trifluoromethyl)octadecyl acrylate",C=CC(=O)OCCC(C(C(C(C(C(C(C(C(C(C(C(C(C(C(C(F)(F)F)(C(F)(F)F)F)(F)F)(F)F)(F)F)(F)F)(F)F)(F)F)(F)F)(F)F)(F)F)(F)F)(F)F)(F)F)(F)F)(F)F,968.2,C22H7F35O2,26.3,1530.0
176,3086211,"(2-Ethyl-2-((1-oxo-3-((1-oxo-2-propenyl)oxy)propoxy)methyl)-1,3-propanediyl)bis(oxy(3-oxo-3,1-propanediyl)) acrylate",CCC(COC(=O)CCOC(=O)C=C)(COC(=O)CCOC(=O)C=C)COC(=O)CCOC(=O)C=C,512.5,C24H32O12,158.0,711.0
177,78823,4-Methylpentyl acrylate,CC(C)CCCOC(=O)C=C,156.22,C9H16O2,26.3,128.0
178,3018311,2-(4-(1-(4-(2-Hydroxyethoxy)phenyl)-1-methylethyl)phenoxy)ethyl acrylate,CC(C)(C1=CC=C(C=C1)OCCO)C2=CC=C(C=C2)OCCOC(=O)C=C,370.4,C22H26O5,65.0,446.0
179,174086,"1,1,2,2-Tetrahydroperfluorooctadecyl acrylate",C=CC(=O)OCCC(C(C(C(C(C(C(C(C(C(C(C(C(C(C(C(F)(F)F)(F)F)(F)F)(F)F)(F)F)(F)F)(F)F)(F)F)(F)F)(F)F)(F)F)(F)F)(F)F)(F)F)(F)F)(F)F,918.2,C21H7F33O2,26.3,1450.0
180,33101,3-Hydroxypropyl acrylate,C=CC(=O)OCCCO,130.139,C6H10O3,46.5,98.5
181,101642,"2,2,3,3,4,4,5,5,5-Nonafluoropentyl acrylate",C=CC(=O)OCC(C(C(C(F)(F)F)(F)F)(F)F)(F)F,304.11,C8H5F9O2,26.3,358.0
182,58454459,3-(Perfluorobutyl)propyl acrylate,C=CC(=O)OCCCC(C(C(C(F)(F)F)(F)F)(F)F)(F)F,332.16,C10H9F9O2,26.3,387.0
183,86294538,"Isopropyl 2-((3-(3-methoxy-5-(trifluoromethyl)phenyl)-1H-1,2,4-triazol-1-yl)methyl)acrylate",C=CC(=O)OC(C)C,369.34,C17H18F3N3O3,66.2,513.0
184,6436391,Oleyl acrylate,CCCCCCCC/C=C\CCCCCCCCOC(=O)C=C,322.5,C21H38O2,26.3,294.0
185,52991911,"1H,1H,2H,2H,3H,3H,4H,4H-Perfluorodecyl acrylate",C=CC(=O)OCCCCC(C(C(C(C(C(F)(F)F)(F)F)(F)F)(F)F)(F)F)(F)F,446.2,C13H11F13O2,26.3,565.0
186,84902,4-Benzoyl-3-hydroxyphenyl acrylate,C=CC(=O)OC1=CC(=C(C=C1)C(=O)C2=CC=CC=C2)O,268.26,C16H12O4,63.6,371.0
187,81765,2-(2-Butoxyethoxy)ethyl acrylate,CCCCOCCOCCOC(=O)C=C,216.27,C11H20O4,44.8,168.0
188,3024058,"2,2,3,3,4,4,5,5,6,6,7,7,8,8,9,9,10,10,11,11,11-Henicosafluoroundecyl acrylate",C=CC(=O)OCC(C(C(C(C(C(C(C(C(C(F)(F)F)(F)F)(F)F)(F)F)(F)F)(F)F)(F)F)(F)F)(F)F)(F)F,604.15,C14H5F21O2,26.3,867.0
189,3037072,"Hexahydro-4,7-methano-1H-indenyl acrylate",C=CC(=O)OC1C=CC2C1C3CCC2C3,204.26,C13H16O2,26.3,331.0
190,169029,Methyl methacrylate ethyl acrylate t-butylaminoethyl methacrylate,C=CC(=O)OCCNC(C)(C)C,385.5,C20H35NO6,90.9,362.0
191,293461,4-Chlorophenyl acrylate,C=CC(=O)OC1=CC=C(C=C1)Cl,182.6,C9H7ClO2,26.3,171.0
192,3022445,2-Methyloctadecyl acrylate,CCCCCCCCCCCCCCCCC(C)COC(=O)C=C,338.6,C22H42O2,26.3,286.0
193,44435789,2-Hexylphenyl acrylate,CCCCCCC1=CC=CC=C1OC(=O)C=C,232.32,C15H20O2,26.3,235.0
194,88387,"2-Propenoic acid, 3-(dimethylamino)-2,2-dimethylpropyl ester",CC(C)(CN(C)C)COC(=O)C=C,185.26,C10H19NO2,29.5,185.0
195,105449,"2-Propenoic acid, 2-[methyl[(tridecafluorohexyl)sulfonyl]amino]ethyl ester",CN(CCOC(=O)C=C)S(=O)(=O)C(C(C(C(C(C(F)(F)F)(F)F)(F)F)(F)F)(F)F)(F)F,511.26,C12H10F13NO4S,72.1,785.0
196,21909470,Oxan-2-yl prop-2-enoate,C=CC(=O)OC1CCCCO1,156.18,C8H12O3,35.5,153.0
197,94246,"2-Propenoic acid, 2-hydroxy-1-methylethyl ester",CC(CO)OC(=O)C=C,130.139,C6H10O3,46.5,109.0
198,174079,"2-Propenoic acid, 3,3,4,4,5,5,6,6,7,7,8,8,9,9,10,10,11,11,12,12,13,13,14,14,15,15,16,16,17,17,18,18,19,19,20,20,20-heptatriacontafluoroeicosyl ester",C=CC(=O)OCCC(C(C(C(C(C(C(C(C(C(C(C(C(C(C(C(C(C(F)(F)F)(F)F)(F)F)(F)F)(F)F)(F)F)(F)F)(F)F)(F)F)(F)F)(F)F)(F)F)(F)F)(F)F)(F)F)(F)F)(F)F)(F)F,1018.2,C23H7F37O2,26.3,1640.0
199,114868,Halacrinate,C=CC(=O)OC1=C(C=C(C2=C1N=CC=C2)Cl)Br,312.54,C12H7BrClNO2,39.2,313.0
200,97687,"2-Propenoic acid, 4-nitrophenyl ester",C=CC(=O)OC1=CC=C(C=C1)[N+](=O)[O-],193.16,C9H7NO4,72.1,238.0
201,3014768,"2-Propenoic acid, 2-isocyanatoethyl ester",C=CC(=O)OCCN=C=O,141.12,C6H7NO3,55.7,170.0
202,2776194,"[3,3,4,4,5,6,6,6-octafluoro-5-(trifluoromethyl)hexyl] Prop-2-enoate",C=CC(=O)OCCC(C(C(C(F)(F)F)(C(F)(F)F)F)(F)F)(F)F,368.14,C10H7F11O2,26.3,435.0
203,39850,"2-Propenoic acid, 3a,4,7,7a-tetrahydro-4,7-methano-1H-indenyl ester",C=CC(=O)OC1C=CC2C1C3CC2C=C3,202.25,C13H14O2,26.3,367.0
204,81215,"1,4-Phenylene diacrylate",C=CC(=O)OC1=CC=C(C=C1)OC(=O)C=C,218.2,C12H10O4,52.6,257.0
205,73893,"2-Propenoic acid, 4-[methyl[(nonafluorobutyl)sulfonyl]amino]butyl ester",CN(CCCCOC(=O)C=C)S(=O)(=O)C(C(C(C(F)(F)F)(F)F)(F)F)(F)F,439.3,C12H14F9NO4S,72.1,640.0
206,15374706,Heptadecafluorooctyl prop-2-enoate,C=CC(=O)OC(C(C(C(C(C(C(C(F)(F)F)(F)F)(F)F)(F)F)(F)F)(F)F)(F)F)(F)F,490.11,C11H3F17O2,26.3,674.0
207,11027847,"4,4,5,5,6,6,7,7,8,8,9,9,10,10,11,11,11-heptadecafluoroundecyl Prop-2-enoate",C=CC(=O)OCCCC(C(C(C(C(C(C(C(F)(F)F)(F)F)(F)F)(F)F)(F)F)(F)F)(F)F)(F)F,532.19,C14H9F17O2,26.3,722.0
208,18934204,"2-Propenoic acid, (2-ethyl-2-methyl-1,3-dioxolan-4-yl)methyl ester",CCC1(OCC(O1)COC(=O)C=C)C,200.23,C10H16O4,44.8,226.0
209,111992,"Acrylic acid, 2-norbornyl ester",C=CC(=O)OC1CC2CCC1C2,166.22,C10H14O2,26.3,210.0
210,105239,"2-Propenoic acid, 2-[methyl[(2,2,3,3,4,4,5,5,6,6,7,7,7-tridecafluoroheptyl)sulfonyl]amino]ethyl ester",CN(CCOC(=O)C=C)S(=O)(=O)CC(C(C(C(C(C(F)(F)F)(F)F)(F)F)(F)F)(F)F)(F)F,525.28,C13H12F13NO4S,72.1,802.0
211,22664433,"2,2,3,3,4,4,5,5,6,6,6-Undecafluorohexyl prop-2-enoate",C=CC(=O)OCC(C(C(C(C(F)(F)F)(F)F)(F)F)(F)F)(F)F,354.12,C9H5F11O2,26.3,437.0
212,19098705,"4,4,5,5,6,6,7,7,8,8,9,9,9-Tridecafluorononyl prop-2-enoate",C=CC(=O)OCCCC(C(C(C(C(C(F)(F)F)(F)F)(F)F)(F)F)(F)F)(F)F,432.18,C12H9F13O2,26.3,550.0
213,109856,"2-Propenoic acid, 4-[methyl[(tridecafluorohexyl)sulfonyl]amino]butyl ester",CN(CCCCOC(=O)C=C)S(=O)(=O)C(C(C(C(C(C(F)(F)F)(F)F)(F)F)(F)F)(F)F)(F)F,539.31,C14H14F13NO4S,72.1,818.0
214,546207,2-Methylpropyl 3-hydroxy-2-methylidenebutanoate,C=CC(=O)OCC(C)C,172.22,C9H16O3,46.5,173.0
215,22372339,4-Propylphenyl prop-2-enoate,CCCC1=CC=C(C=C1)OC(=O)C=C,190.24,C12H14O2,26.3,191.0
216,72203001,[4-[2-(4-Methoxyanilino)-7-oxopteridin-8-yl]phenyl] prop-2-enoate,COC1=CC=C(C=C1)NC2=NC=C3C(=N2)N(C(=O)C=N3)C4=CC=C(C=C4)OC(=O)C=C,415.4,C22H17N5O4,106.0,685.0
217,2794997,"[(3R)-4,4-dimethyl-2-oxooxolan-3-yl] prop-2-enoate",CC1(COC(=O)[C@@H]1OC(=O)C=C)C,184.19,C9H12O4,52.6,254.0
218,551273,3-Methylbutyl 3-hydroxy-2-methylidenebutanoate,C=CC(=O)OCCC(C)C,186.25,C10H18O3,46.5,185.0
219,93279,Methylcarbamoyloxyethyl acrylate,CNC(=O)OCCOC(=O)C=C,173.17,C7H11NO4,64.599,178.0
220,12860205,7-Oxabicyclo[4.1.0]heptan-3-ylmethyl acrylate,C=CC(=O)OCC1CCC2C(C1)O2,182.22,C10H14O3,38.8,224.0
221,105238,"2-(N-(1,1-Dihydroperfluorononylsulfonyl)-N-methylamino)ethyl acrylate",CN(CCOC(=O)C=C)S(=O)(=O)CC(C(C(C(C(C(C(C(F)(F)F)(F)F)(F)F)(F)F)(F)F)(F)F)(F)F)(F)F,625.3,C15H12F17NO4S,72.1,984.0
222,29854,2-Methylglycidyl acrylate,CC1(CO1)COC(=O)C=C,142.15,C7H10O3,38.8,164.0
223,89065,2-(Diethylamino)ethyl acrylate methyl sulfate,CC[N+](C)(CC)CCOC(=O)C=C,297.37,C11H23NO6S,101.0,264.0
224,11390128,Adamantan-1-yl acrylate,C=CC(=O)OC12CC3CC(C1)CC(C3)C2,206.28,C13H18O2,26.3,264.0
225,2782282,tert-Butyl 2-(trifluoromethyl)acrylate,C=CC(=O)OC(C)(C)C,196.17,C8H11F3O2,26.3,223.0
226,104027,Isononyl acrylate,CC(C)CCCCCCOC(=O)C=C,198.3,C12H22O2,26.3,162.0
227,167468,Triisopropylsilyl acrylate,CC(C)[Si](C(C)C)(C(C)C)OC(=O)C=C,228.4,C12H24O2Si,26.3,210.0
228,3016467,2-(2-(2-Methoxyethoxy)ethoxy)ethyl acrylate,COCCOCCOCCOC(=O)C=C,218.25,C10H18O5,54.0,169.0
229,4616638,Di(ethylene glycol) 2-ethylhexyl ether acrylate,CCCCC(CC)COCCOCCOC(=O)C=C,272.38,C15H28O4,44.8,228.0
230,20973,2-(Methylthio)ethyl acrylate,CSCCOC(=O)C=C,146.21,C6H10O2S,51.6,101.0
231,105237,"2-(N-(1,1-Dihydroperfluoroundecylsulfonyl)-N-methylamino)ethyl acrylate",CN(CCOC(=O)C=C)S(=O)(=O)CC(C(C(C(C(C(C(C(C(C(F)(F)F)(F)F)(F)F)(F)F)(F)F)(F)F)(F)F)(F)F)(F)F)(F)F,725.3,C17H12F21NO4S,72.1,1170.0
232,87150,"3,3,4,4,4-Pentafluorobutyl acrylate",C=CC(=O)OCCC(C(F)(F)F)(F)F,218.12,C7H7F5O2,26.3,221.0
233,13847850,Isooctadecyl acrylate,CC(C)CCCCCCCCCCCCCCCOC(=O)C=C,324.5,C21H40O2,26.3,271.0
234,576412,3-Phenylpropyl acrylate,C=CC(=O)OCCCC1=CC=CC=C1,190.24,C12H14O2,26.3,181.0
235,105448,2-(Methyl((undecafluoropentyl)sulphonyl)amino)ethyl acrylate,CN(CCOC(=O)C=C)S(=O)(=O)C(C(C(C(C(F)(F)F)(F)F)(F)F)(F)F)(F)F,461.25,C11H10F11NO4S,72.1,696.0
236,105236,"2-(N-(1,1-Dihydroperfluorotridecylsulfonyl)-N-methylamino)ethyl acrylate",CN(CCOC(=O)C=C)S(=O)(=O)CC(C(C(C(C(C(C(C(C(C(C(C(F)(F)F)(F)F)(F)F)(F)F)(F)F)(F)F)(F)F)(F)F)(F)F)(F)F)(F)F)(F)F,825.3,C19H12F25NO4S,72.1,1360.0
237,22676929,2-(Phenylthio)ethyl acrylate,C=CC(=O)OCCSC1=CC=CC=C1,208.28,C11H12O2S,51.6,186.0
238,98055,1-Methylheptyl acrylate,CCCCCCC(C)OC(=O)C=C,184.27,C11H20O2,26.3,152.0
239,106569,2-(Methyl((pentadecafluoroheptyl)sulphonyl)amino)ethyl acrylate,CN(CCOC(=O)C=C)S(=O)(=O)C(C(C(C(C(C(C(F)(F)F)(F)F)(F)F)(F)F)(F)F)(F)F)(F)F,561.27,C13H10F15NO4S,72.1,876.0
240,10986943,Pyrrolidonylethyl acrylate,C=CC(=O)OCCN1CCCC1=O,183.2,C9H13NO3,46.6,225.0
241,82699,Furfuryl acrylate,C=CC(=O)OCC1=CC=CO1,152.15,C8H8O3,39.4,153.0
242,95218,3-Methoxybutyl acrylate,CC(CCOC(=O)C=C)OC,158.19,C8H14O3,35.5,131.0
243,82347,6-Hydroxyhexyl acrylate,C=CC(=O)OCCCCCCO,172.22,C9H16O3,46.5,132.0
244,3311244,2-(9H-Carbazol-9-yl)ethyl acrylate,C=CC(=O)OCCN1C2=CC=CC=C2C3=CC=CC=C31,265.31,C17H15NO2,31.2,346.0
245,78270,p-Methoxyphenyl acrylate,COC1=CC=C(C=C1)OC(=O)C=C,178.18,C10H10O3,35.5,181.0
246,114487,3-Butoxy-2-hydroxypropyl acrylate,CCCCOCC(COC(=O)C=C)O,202.25,C10H18O4,55.8,168.0
247,2776419,"1H,1H,11H-Eicosafluoroundecyl acrylate",C=CC(=O)OCC(C(C(C(C(C(C(C(C(C(F)F)(F)F)(F)F)(F)F)(F)F)(F)F)(F)F)(F)F)(F)F)(F)F,586.16,C14H6F20O2,26.3,828.0
248,24627,2-(2-Cyanoethoxy)ethyl acrylate,C=CC(=O)OCCOCCC#N,169.18,C8H11NO3,59.3,192.0
249,173047,"2-(N-(1,1-dihydroperfluoropentadecylsulfonyl)-N-methylamino)ethyl acrylate",CN(CCOC(=O)C=C)S(=O)(=O)CC(C(C(C(C(C(C(C(C(C(C(C(C(C(F)(F)F)(F)F)(F)F)(F)F)(F)F)(F)F)(F)F)(F)F)(F)F)(F)F)(F)F)(F)F)(F)F)(F)F,925.3,C21H12F29NO4S,72.1,1560.0
250,112001,"2,3-Dihydroxypropyl acrylate",C=CC(=O)OCC(CO)O,146.14,C6H10O4,66.8,121.0
251,6538148,Crotyl acrylate,C/C=C/COC(=O)C=C,126.15,C7H10O2,26.3,125.0
252,91938,"3-Hydroxy-2,2-bis(hydroxymethyl)propyl acrylate",C=CC(=O)OCC(CO)(CO)CO,190.19,C8H14O5,87.0,165.0
253,125370311,3-(Triallylsilyl)propyl Acrylate (stabilized with MEHQ),C=CC[Si](CCCOC(=O)C=C)(CC=C)CC=C,264.43,C15H24O2Si,26.3,281.0
254,23201,3-Tropanyl 2-(p-chlorophenyl)acrylate hydrochloride,C=CC(=O)OC1CC2CCC(C1)N2C,342.3,C17H21Cl2NO2,29.5,403.0
255,23635600,4-Pentylphenyl acrylate,CCCCCC1=CC=C(C=C1)OC(=O)C=C,218.29,C14H18O2,26.3,215.0
256,15748566,Octane-3-yl acrylate,CCCCCC(CC)OC(=O)C=C,184.27,C11H20O2,26.3,152.0
257,88654,Undecyl acrylate,CCCCCCCCCCCOC(=O)C=C,226.35,C14H26O2,26.3,176.0
258,85617,Cyclopentyl acrylate,C=CC(=O)OC1CCCC1,140.18,C8H12O2,26.3,134.0
259,13587852,"2,3,5,6-Tetrafluorophenyl acrylate",C=CC(=O)OC1=C(C(=CC(=C1F)F)F)F,220.12,C9H4F4O2,26.3,245.0
260,86815,"2-Oxo-1,2-diphenylethyl acrylate",C=CC(=O)OC(C1=CC=CC=C1)C(=O)C2=CC=CC=C2,266.29,C17H14O3,43.4,349.0
261,91058,2-Butenyl acrylate,CC=CCOC(=O)C=C,126.15,C7H10O2,26.3,125.0
262,11119352,Triethoxysilylpropyl acrylate,CCO[Si](CCCOC(=O)C=C)(OCC)OCC,276.4,C12H24O5Si,54.0,228.0
263,44580760,3-(4-(3-(Bis(4-fluorophenyl)amino)propyl)piperazin-1-yl)-1-phenylpropyl acrylate,C=CC(=O)OC(CCN1CCN(CC1)CCCN(C2=CC=C(C=C2)F)C3=CC=C(C=C3)F)C4=CC=CC=C4,519.6,C31H35F2N3O2,36.0,673.0
264,10920839,4-Chlorobutyl acrylate,C=CC(=O)OCCCCCl,162.61,C7H11ClO2,26.3,112.0
265,44580062,(S)-1-(4-(3-(bis(4-fluorophenyl)amino)propyl)piperazin-1-yl)-3-phenylpropan-2-yl acrylate,C=CC(=O)O[C@@H](CC1=CC=CC=C1)CN2CCN(CC2)CCCN(C3=CC=C(C=C3)F)C4=CC=C(C=C4)F,519.6,C31H35F2N3O2,36.0,673.0
266,14496496,3-Ethoxy-3-oxopropyl acrylate,CCOC(=O)CCOC(=O)C=C,172.18,C8H12O4,52.6,174.0
267,91241,"2,3-Dichloropropyl acrylate",C=CC(=O)OCC(CCl)Cl,183.03,C6H8Cl2O2,26.3,125.0
268,346146,p-Methoxybenzyl acrylate,COC1=CC=C(C=C1)COC(=O)C=C,192.21,C11H12O3,35.5,193.0
269,137958541,"Perfluoro(2,3-dimethyl-4-oxahept-2-yl) acrylate",C=CC(=O)OC(C(C(F)(F)F)(OC(C(C(F)(F)F)(F)F)(F)F)F)(C(F)(F)F)C(F)(F)F,506.11,C11H3F17O3,35.5,667.0
270,9815589,"2-Propenoic acid, 4-(oxiranylmethoxy)butyl ester",C=CC(=O)OCCCCOCC1CO1,200.23,C10H16O4,48.1,191.0
271,2756289,3-[Dimethoxy(methyl)silyl]propyl prop-2-enoate,CO[Si](C)(CCCOC(=O)C=C)OC,218.32,C9H18O4Si,44.8,189.0
272,155717,"2-Propenoic acid, 2-(((3,3,4,4,5,5,6,6,7,7,8,8,9,9,10,10,11,11,12,12,12-heneicosafluorododecyl)sulfonyl)methylamino)ethyl ester",CN(CCOC(=O)C=C)S(=O)(=O)CCC(C(C(C(C(C(C(C(C(C(F)(F)F)(F)F)(F)F)(F)F)(F)F)(F)F)(F)F)(F)F)(F)F)(F)F,739.3,C18H14F21NO4S,72.1,1190.0
273,13001872,"2-Propenoic acid, octahydro-4,7-methano-1H-inden-5-yl ester",C=CC(=O)OC1CC2CC1C3C2CCC3,206.28,C13H18O2,26.3,297.0
274,162549,"2-Propenoic acid, 1,2,2,6,6-pentamethyl-4-piperidinyl ester",CC1(CC(CC(N1C)(C)C)OC(=O)C=C)C,225.33,C13H23NO2,29.5,276.0
275,109997,"2-Propenoic acid, 2-[butyl[(pentadecafluoroheptyl)sulfonyl]amino]ethyl ester",CCCCN(CCOC(=O)C=C)S(=O)(=O)C(C(C(C(C(C(C(F)(F)F)(F)F)(F)F)(F)F)(F)F)(F)F)(F)F,603.3,C16H16F15NO4S,72.1,925.0
276,14475611,(Trimethoxysilyl)methyl prop-2-enoate,CO[Si](COC(=O)C=C)(OC)OC,206.27,C7H14O5Si,54.0,170.0
277,173048,"2-Propenoic acid, 2-(methyl((2,2,3,3,4,4,5,5,6,6,7,7,8,8,9,9,10,10,11,11,12,12,13,13,14,14,15,15,16,16,17,17,17-tritriacontafluoroheptadecyl)sulfonyl)amino)ethyl ester",CN(CCOC(=O)C=C)S(=O)(=O)CC(C(C(C(C(C(C(C(C(C(C(C(C(C(C(C(F)(F)F)(F)F)(F)F)(F)F)(F)F)(F)F)(F)F)(F)F)(F)F)(F)F)(F)F)(F)F)(F)F)(F)F)(F)F)(F)F,1025.4,C23H12F33NO4S,72.1,1760.0
278,16217348,Benzyl 2-methylidenebutanoate,C=CC(=O)OCc1ccccc1,190.24,C12H14O2,26.3,202.0
279,22065604,3-Methoxypropyl prop-2-enoate,COCCCOC(=O)C=C,144.17,C7H12O3,35.5,109.0
280,20812341,"(2,2-Dimethyl-1,3-dioxolan-4-yl)methyl prop-2-enoate",CC1(OCC(O1)COC(=O)C=C)C,186.2,C9H14O4,44.8,210.0
281,175023,"2-Propenoic acid, 2-(methyl((3,3,4,4,5,5,6,6,7,7,8,8,9,9,10,10,11,11,12,12,13,13,14,14,15,15,16,16,17,17,18,18,18-tritriacontafluorooctadecyl)sulfonyl)amino)ethyl ester",CN(CCOC(=O)C=C)S(=O)(=O)CCC(C(C(C(C(C(C(C(C(C(C(C(C(C(C(C(F)(F)F)(F)F)(F)F)(F)F)(F)F)(F)F)(F)F)(F)F)(F)F)(F)F)(F)F)(F)F)(F)F)(F)F)(F)F)(F)F,1039.4,C24H14F33NO4S,72.1,1780.0
282,102811,"2-Propenoic acid, 2-hydroxybutyl ester",CCC(COC(=O)C=C)O,144.17,C7H12O3,46.5,120.0
283,23500968,"2-Propenoic acid, 2-propylheptyl ester",CCCCCC(CCC)COC(=O)C=C,212.33,C13H24O2,26.3,175.0
284,175022,"2-Propenoic acid, 2-(methyl((3,3,4,4,5,5,6,6,7,7,8,8,9,9,10,10,11,11,12,12,13,13,14,14,15,15,16,16,16-nonacosafluorohexadecyl)sulfonyl)amino)ethyl ester",CN(CCOC(=O)C=C)S(=O)(=O)CCC(C(C(C(C(C(C(C(C(C(C(C(C(C(F)(F)F)(F)F)(F)F)(F)F)(F)F)(F)F)(F)F)(F)F)(F)F)(F)F)(F)F)(F)F)(F)F)(F)F,939.4,C22H14F29NO4S,72.1,1580.0
285,23648078,Hexyl 2-(prop-2-enoyloxy)benzoate,CCCCCCOC(=O)C1=CC=CC=C1OC(=O)C=C,276.33,C16H20O4,52.6,324.0
286,17789732,"9,9-Bis[4-(2-acryloyloxyethoxy)phenyl]fluorene",C=CC(=O)OCCOC1=CC=C(C=C1)C2(C3=CC=CC=C3C4=CC=CC=C42)C5=CC=C(C=C5)OCCOC(=O)C=C,546.6,C35H30O6,71.1,811.0
287,9813634,3-Acryloxypropyltrichlorosilane,C=CC(=O)OCCC[Si](Cl)(Cl)Cl,247.6,C6H9Cl3O2Si,26.3,167.0
288,14746151,"2-Propenoic acid, 4-[[(4-benzoylphenoxy)carbonyl]oxy]butyl ester",C=CC(=O)OCCCCOC(=O)OC1=CC=C(C=C1)C(=O)C2=CC=CC=C2,368.4,C21H20O6,78.9,501.0
289,9924515,[2-hydroxy-3-(3-triethoxysilylpropylamino)propyl] Prop-2-enoate,CCO[Si](CCCNCC(COC(=O)C=C)O)(OCC)OCC,349.49,C15H31NO6Si,86.2,312.0
290,86808,"2-Propenoic acid, 1,3-dimethylbutyl ester",CC(C)CC(C)OC(=O)C=C,156.22,C9H16O2,26.3,139.0
291,18353926,"(2-Oxo-1,3-dioxolan-4-yl)methyl prop-2-enoate",C=CC(=O)OCC1COC(=O)O1,172.13,C7H8O5,61.8,210.0
292,54361431,2-[4-(2-Phenylpropan-2-yl)phenoxy]ethyl prop-2-enoate,CC(C)(C1=CC=CC=C1)C2=CC=C(C=C2)OCCOC(=O)C=C,310.4,C20H22O3,35.5,374.0
293,109857,"2-Propenoic acid, 4-[methyl[(undecafluoropentyl)sulfonyl]amino]butyl ester",CN(CCCCOC(=O)C=C)S(=O)(=O)C(C(C(C(C(F)(F)F)(F)F)(F)F)(F)F)(F)F,489.3,C13H14F11NO4S,72.1,728.0
294,568158,Butyl 3-hydroxy-2-methylidenebutanoate,C=CC(=O)OCCCC,172.22,C9H16O3,46.5,163.0
295,109855,"2-Propenoic acid, 4-[methyl[(pentadecafluoroheptyl)sulfonyl]amino]butyl ester",CN(CCCCOC(=O)C=C)S(=O)(=O)C(C(C(C(C(C(C(F)(F)F)(F)F)(F)F)(F)F)(F)F)(F)F)(F)F,589.3,C15H14F15NO4S,72.1,909.0
296,71431852,2-[[3-[(Perfluorooctyl)sulfonyl]propyl]amino]ethyl-2-propenoate,C=CC(=O)OCCNCCCS(=O)(=O)C(C(C(C(C(C(C(C(F)(F)F)(F)F)(F)F)(F)F)(F)F)(F)F)(F)F)(F)F,639.3,C16H14F17NO4S,80.8,986.0
297,5748640,[(2R)-1-hydroxypropan-2-yl] prop-2-enoate,C[C@H](CO)OC(=O)C=C,130.139,C6H10O3,46.5,109.0
298,21036103,4'-Cyano-4-(4-acryloyloxybutyloxy)biphenyl,C=CC(=O)OCCCCOC1=CC=C(C=C1)C2=CC=C(C=C2)C#N,321.4,C20H19NO3,59.3,437.0
299,13908061,Triethylene glycol monomethacrylate,C=CC(=O)OCCOCCOCCO,218.25,C10H18O5,65.0,190.0
300,62093,Tetrabromobisphenol A diacrylate,CC(C)(C1=CC(=C(C(=C1)Br)OC(=O)C=C)Br)C2=CC(=C(C(=C2)Br)OC(=O)C=C)Br,652.0,C21H16Br4O4,52.6,562.0
301,20140301,2-[3-[[[Dimethyl-[3-(2-prop-2-enoyloxyethoxy)propyl]silyl]oxy-dimethylsilyl]oxy-dimethylsilyl]propoxy]ethyl prop-2-enoate,C[Si](C)(CCCOCCOC(=O)C=C)O[Si](C)(C)O[Si](C)(C)CCCOCCOC(=O)C=C,520.799,C22H44O8Si3,89.5,558.0
302,175021,"2-Propenoic acid, 2-[methyl[(3,3,4,4,5,5,6,6,7,7,8,8,9,9,10,10,11,11,12,12,13,13,14,14,14-pentacosafluorotetradecyl)sulfonyl]amino]ethyl ester",CN(CCOC(=O)C=C)S(=O)(=O)CCC(C(C(C(C(C(C(C(C(C(C(C(F)(F)F)(F)F)(F)F)(F)F)(F)F)(F)F)(F)F)(F)F)(F)F)(F)F)(F)F)(F)F,839.4,C20H14F25NO4S,72.1,1380.0
303,88216,2-Morpholinoethyl acrylate,C=CC(=O)OCCN1CCOCC1,185.22,C9H15NO3,38.8,176.0
304,11031110,l-Menthyl acrylate,C[C@@H]1CC[C@H]([C@@H](C1)OC(=O)C=C)C(C)C,210.31,C13H22O2,26.3,233.0
305,27134,2-(Ethylthio)ethyl acrylate,CCSCCOC(=O)C=C,160.24,C7H12O2S,51.6,112.0
306,82224,2-Allyloxyethyl acrylate,C=CCOCCOC(=O)C=C,156.18,C8H12O3,35.5,140.0
307,2778248,Hexafluoro-2-methylisopropyl acrylate,CC(C(F)(F)F)(C(F)(F)F)OC(=O)C=C,236.11,C7H6F6O2,26.3,250.0
308,81490,"2,2-Bis(hydroxymethyl)butyl acrylate",CCC(CO)(CO)COC(=O)C=C,188.22,C9H16O4,66.8,173.0
309,4582075,Disperse Yellow 7 acrylate,CC1=C(C=CC(=C1)N=NC2=CC=C(C=C2)N=NC3=CC=CC=C3)OC(=O)C=C,370.4,C22H18N4O2,75.7,563.0
310,210152,Carbethoxymethyl acrylate,CCOC(=O)COC(=O)C=C,158.15,C7H10O4,52.6,162.0
311,9813088,3-(Methoxydimethylsilyl)propyl acrylate,CO[Si](C)(C)CCCOC(=O)C=C,202.32,C9H18O3Si,35.5,178.0
312,88259,2-[2-[2-(2-Hydroxyethoxy)ethoxy]ethoxy]ethyl acrylate,C=CC(=O)OCCOCCOCCOCCO,248.27,C11H20O6,74.2,194.0
313,543296,1-Methylundecyl acrylate,CCCCCCCCCCC(C)OC(=O)C=C,240.38,C15H28O2,26.3,199.0
314,76709,p-Hydroxyphenyl acrylate,C=CC(=O)OC1=CC=C(C=C1)O,164.16,C9H8O3,46.5,169.0
315,117434,"Endo-1,7,7-trimethylbicyclo[2.2.1]hept-2-YL acrylate",C[C@]12CC[C@H](C1(C)C)C[C@H]2OC(=O)C=C,208.3,C13H20O2,26.3,306.0
316,169613,8-Quinolyl acrylate,C=CC(=O)OC1=CC=CC2=C1N=CC=C2,199.2,C12H9NO2,39.2,252.0
317,30581,2-Acetoacetoxyethyl acrylate,C=CC(=O)OC(=O)CC(C)=O,200.19,C9H12O5,80.7,266.0
318,543695,"2,4,5-Trichlorophenyl acrylate",C=CC(=O)OC1=CC(=C(C=C1Cl)Cl)Cl,251.5,C9H5Cl3O2,26.3,232.0
319,181750,"2,2,2-Trichloroethyl acrylate",C=CC(=O)OCC(Cl)(Cl)Cl,203.45,C5H5Cl3O2,26.3,138.0
320,640118,Pent-4-en-1-yl acrylate,C=CCCCOC(=O)C=C,140.18,C8H12O2,26.3,127.0
321,3016667,1-Methylpentyl acrylate,CCCCC(C)OC(=O)C=C,156.22,C9H16O2,26.3,130.0
322,31232,2-(5-Ethyl-2-pyridyl)ethyl acrylate,CCC1=CN=C(C=C1)CCOC(=O)C=C,205.25,C12H15NO2,39.2,216.0
323,105376,"3-(Benzoyloxy)-2,2-dimethylpropyl acrylate",CC(C)(COC(=O)C=C)COC(=O)C1=CC=CC=C1,262.3,C15H18O4,52.6,327.0
324,96408,"2-(2,4-Bis(1,1-dimethylpropyl)phenoxy)ethyl acrylate",CCC(C)(C)C1=CC(=C(C=C1)OCCOC(=O)C=C)C(C)(C)CC,332.5,C21H32O3,35.5,411.0
325,10193306,Pentachlorophenyl acrylate,C=CC(=O)OC1=C(C(=C(C(=C1Cl)Cl)Cl)Cl)Cl,320.4,C9H3Cl5O2,26.3,269.0
326,22051805,"(Octahydro-4,7-methano-1H-indenyl)methyl acrylate",C=CC(=O)OCC1CCC2C1C3CCC2C3,220.31,C14H20O2,26.3,310.0
327,11970919,"(5-Ethyl-2,2-dimethyl-1,3-dioxan-5-yl)methyl acrylate",CCC1(COC(OC1)(C)C)COC(=O)C=C,228.28,C12H20O4,44.8,260.0
328,10192585,"3-Hydroxy-2,2-dimethylpropyl acrylate",CC(C)(CO)COC(=O)C=C,158.19,C8H14O3,46.5,149.0
329,14149717,"2,2,6,6-Tetramethyl-4-piperidyl acrylate",CC1(CC(CC(N1)(C)C)OC(=O)C=C)C,211.3,C12H21NO2,38.3,253.0
330,100973,Methylcarbamoylethyl acrylate,CNC(=O)CCOC(=O)C=C,157.17,C7H11NO3,55.4,165.0
331,22398902,Perfluorododecyl acrylate,C=CC(=O)OC(C(C(C(C(C(C(C(C(C(C(C(F)(F)F)(F)F)(F)F)(F)F)(F)F)(F)F)(F)F)(F)F)(F)F)(F)F)(F)F)(F)F,690.14,C15H3F25O2,26.3,1030.0
332,13847852,Isoicosyl acrylate,CC(C)CCCCCCCCCCCCCCCCCOC(=O)C=C,352.6,C23H44O2,26.3,297.0
333,85486,"2-Fluoro-2,2-dinitroethyl acrylate",C=CC(=O)OCC([N+](=O)[O-])([N+](=O)[O-])F,208.1,C5H5FN2O6,118.0,265.0
334,110651,2-Nitrobutyl acrylate,CCC(COC(=O)C=C)[N+](=O)[O-],173.17,C7H11NO4,72.1,184.0
335,5354844,Cinnamyl acrylate,C=CC(=O)OC/C=C/C1=CC=CC=C1,188.22,C12H12O2,26.3,212.0
336,15055442,2-(4-(2-Hydroxy-2-methylpropanoyl)phenoxy)ethyl acrylate,CC(C)(C(=O)C1=CC=C(C=C1)OCCOC(=O)C=C)O,278.3,C15H18O5,72.8,353.0
337,14793980,"(Octahydro-1H-4,7-methanoinden-5-yl)methyl acrylate",C=CC(=O)OCC1CC2CC1C3C2CCC3,220.31,C14H20O2,26.3,310.0
338,54307722,Fluorooctyl acrylate,C=CC(=O)OCCCCCCCCF,202.27,C11H19FO2,26.3,157.0
339,3016480,2-Nitrobenzyl acrylate,C=CC(=O)OCC1=CC=CC=C1[N+](=O)[O-],207.18,C10H9NO4,72.1,259.0
340,3016548,Tetracosyl acrylate,CCCCCCCCCCCCCCCCCCCCCCCCOC(=O)C=C,408.7,C27H52O2,26.3,337.0
341,13841383,Isotetradecyl acrylate,CC(C)CCCCCCCCCCCOC(=O)C=C,268.4,C17H32O2,26.3,221.0
342,103492,1-Methylbutyl acrylate,CCCC(C)OC(=O)C=C,142.2,C8H14O2,26.3,118.0
343,59317428,4-Acetoxyphenethyl acrylate,CC(=O)OC1=CC=C(C=C1)CCOC(=O)C=C,234.25,C13H14O4,52.6,277.0
344,105249,"(Formylimino)di-2,1-ethanediyl acrylate",C=CC(=O)OCCN(CCOC(=O)C=C)C=O,241.24,C11H15NO5,72.9,274.0
345,22277953,Perfluorodecyl acrylate,C=CC(=O)OC(C(C(C(C(C(C(C(C(C(F)(F)F)(F)F)(F)F)(F)F)(F)F)(F)F)(F)F)(F)F)(F)F)(F)F,590.13,C13H3F21O2,26.3,850.0
346,20838944,2-(Chlorodimethylsilyl)allyl acrylate,C[Si](C)(C(=C)COC(=O)C=C)Cl,204.72,C8H13ClO2Si,26.3,211.0
347,11608004,Styrene acrylate,C=CC1=CC=CC=C1OC(=O)C=C,174.2,C11H10O2,26.3,208.0
348,22051649,Dimethyl-gamma-butyrolactone acrylate,CC1(C(COC1=O)OC(=O)C=C)C,184.19,C9H12O4,52.6,254.0
349,23171972,3-(Chlorodimethylsilyl)allyl acrylate,C[Si](C)(/C=C/COC(=O)C=C)Cl,204.72,C8H13ClO2Si,26.3,199.0
350,6447059,"3,7,11,15,19,23,27,31,35,39-Decamethyl-2,6,10,14,18,22,26,30,34,38-tetracontadecaenyl acrylate",CC(=CCC/C(=C/CC/C(=C/CC/C(=C/CC/C(=C/CC/C(=C/CC/C(=C/CC/C(=C/CC/C(=C/CC/C(=C/COC(=O)C=C)/C)/C)/C)/C)/C)/C)/C)/C)/C)C,753.2,C53H84O2,26.3,1420.0
351,21909953,Fluoro acrylate,C=CC(=O)OF,90.05,C3H3FO2,26.3,69.2
352,76133726,Fluoroheptyl acrylate,C=CC(=O)OCCCCCCCF,188.24,C10H17FO2,26.3,146.0
353,129774974,Fluorocarbon acrylate,C=CC(=O)OC(OC(=O)C=C)(OC(=O)C=C)F,244.17,C10H9FO6,78.9,318.0
354,21412899,Perfluorononyl acrylate,C=CC(=O)OC(C(C(C(C(C(C(C(C(F)(F)F)(F)F)(F)F)(F)F)(F)F)(F)F)(F)F)(F)F)(F)F,540.12,C12H3F19O2,26.3,761.0
355,68055331,Trifluorophenyl acrylate,C=CC(=O)OC1=C(C(=C(C=C1)F)F)F,202.13,C9H5F3O2,26.3,232.0
356,87837975,Fluoroisopropyl acrylate,CC(C)(OC(=O)C=C)F,132.13,C6H9FO2,26.3,129.0
357,21932355,Octafluoropentyl acrylate,CC(C(C(C(OC(=O)C=C)(F)F)(F)F)(F)F)(F)F,286.12,C8H6F8O2,26.3,349.0
358,2737317,2-Fluoroethyl acrylate,C=CC(=O)OCCF,118.11,C5H7FO2,26.3,90.4
359,3050397,Isododecyl acrylate,CC(C)CCCCCCCCCOC(=O)C=C,240.38,C15H28O2,26.3,197.0
360,106992,2-Methylheptyl acrylate,CCCCCC(C)COC(=O)C=C,184.27,C11H20O2,26.3,152.0
361,18546000,4-Fluorophenyl acrylate,C=CC(=O)OC1=CC=C(C=C1)F,166.15,C9H7FO2,26.3,171.0
362,9942853,1-((1-(Acryloyloxy)propan-2-yl)oxy)propan-2-yl acrylate,CC(COC(C)COC(=O)C=C)OC(=O)C=C,242.27,C12H18O5,61.8,285.0
363,85065,3-Sulfopropyl acrylate,C=CC(=O)OCCCS(=O)(=O)O,194.21,C6H10O5S,89.0,248.0
364,129714429,Fluoroamyl acrylate,CCCCC(OC(=O)C=C)F,160.19,C8H13FO2,26.3,134.0
365,10421594,Hexafluorobutyl acrylate,CC(C(C(OC(=O)C=C)(F)F)(F)F)(F)F,236.11,C7H6F6O2,26.3,273.0
366,88088085,Hexafluoro-2-(4-fluorophenyl)-2-propyl acrylate,C=CC(=O)OC(C1=CC=C(C=C1)F)(C(F)(F)F)C(F)(F)F,316.17,C12H7F7O2,26.3,377.0
367,15185261,3-Bromopropyl acrylate,C=CC(=O)OCCCBr,193.04,C6H9BrO2,26.3,101.0
368,44457109,Ciprofloxacin acrylate,CC(=O)OCC([C@@H]1[C@@H]([C@H]2[C@@H](O1)OC(O2)(C)C)OC(=O)C=C)OC(=O)CCC(=O)N3CCN(CC3)C4=C(C=C5C(=C4)N(C=C(C5=O)C(=O)O)C6CC6)F,729.7,C35H40FN3O13,188.0,1490.0
369,18696725,Dodecafluoroheptyl acrylate,CC(C(C(C(C(C(OC(=O)C=C)(F)F)(F)F)(F)F)(F)F)(F)F)(F)F,386.13,C10H6F12O2,26.3,510.0
370,18679053,Heptadecafluorodecyl acrylate,CC(C(C(C(C(C(C(C(C(OC(=O)C=C)(F)F)(F)F)(F)F)(F)F)(F)F)(F)F)(F)F)(F)F)F,518.169,C13H7F17O2,26.3,726.0
371,132245749,"2-((1,1,2-Trifluoro-2-(perfluoropropoxy)ethyl)thio)ethyl acrylate",C=CC(=O)OCCSC(C(OC(C(C(F)(F)F)(F)F)(F)F)F)(F)F,398.22,C10H8F10O3S,60.8,451.0
372,108608,"2-Propenoic acid, 2-[[[(3-isocyanatomethylphenyl)amino]carbonyl]oxy]ethyl ester",C=CC(=O)OCCOC(=O)NC1=CC=CC(=C1)CN=C=O,290.27,C14H14N2O5,94.1,418.0
373,544164,"2-Propenoic acid, 5-methyl-2-(1-methylethyl)cyclohexyl ester",CC1CCC(C(C1)OC(=O)C=C)C(C)C,210.31,C13H22O2,26.3,233.0
374,2776224,3-(Perfluoro-5-methylhexyl)-2-hydroxypropylacrylate,C=CC(=O)OCC(CC(C(C(C(C(C(F)(F)F)(C(F)(F)F)F)(F)F)(F)F)(F)F)(F)F)O,498.18,C13H9F15O3,46.5,650.0
375,15621059,"2-Propenoic acid, [1,1'-biphenyl]-4-ylmethyl ester",C=CC(=O)OCC1=CC=C(C=C1)C2=CC=CC=C2,238.28,C16H14O2,26.3,271.0
376,577100,"Acrylic acid, [5-methyl-2-(1-methyl-1-phenylethyl)-1-cyclohexyl] ester",CC1CCC(C(C1)OC(=O)C=C)C(C)(C)C2=CC=CC=C2,286.4,C19H26O2,26.3,366.0
377,4260109,2-[4-[(2-chloro-4-nitrophenyl)diazenyl]-N-ethylanilino]ethyl prop-2-enoate,CCN(CCOC(=O)C=C)C1=CC=C(C=C1)N=NC2=C(C=C(C=C2)[N+](=O)[O-])Cl,402.8,C19H19ClN4O4,100.0,561.0
378,104303,"(4-Methyl-1,3-phenylene)bis[iminocarbonyloxy(2-methyl-2,1-ethanediyl)] diacrylate",CC1=C(C=C(C=C1)NC(=O)OC(C)COC(=O)C=C)NC(=O)OC(C)COC(=O)C=C,434.4,C21H26N2O8,129.0,666.0
379,16217174,[(2S)-1-(4-Nitrophenyl)pyrrolidin-2-yl]methyl prop-2-enoate,C=CC(=O)OC[C@@H]1CCCN1C2=CC=C(C=C2)[N+](=O)[O-],276.29,C14H16N2O4,75.4,372.0
380,10219743,(2-Acryloxyethoxy)trimethylsilane,C[Si](C)(C)OCCOC(=O)C=C,188.3,C8H16O3Si,35.5,160.0
381,13049939,3-Nitrophenyl prop-2-enoate,C=CC(=O)OC1=CC=CC(=C1)[N+](=O)[O-],193.16,C9H7NO4,72.1,246.0
382,91997189,"2-Propenoic acid, 3-(5,5,6-trimethylbicyclo[2.2.1]hept-2-yl)cyclohexyl ester",CC1C2CC(C1(C)C)CC2C3CCCC(C3)OC(=O)C=C,290.4,C19H30O2,26.3,425.0
383,21216989,2-[(2-Bromo-2-methylpropanoyl)oxy]ethyl prop-2-enoate,CC(C)(C(=O)OCCOC(=O)C=C)Br,265.1,C9H13BrO4,52.6,235.0
384,13338025,"[1,1'-Biphenyl]-2-yl prop-2-enoate",C=CC(=O)OC1=CC=CC=C1C2=CC=CC=C2,224.25,C15H12O2,26.3,266.0
385,10197737,Acrylic acid trifluoromethyl ester,C=CC(=O)OC(F)(F)F,140.06,C4H3F3O2,26.3,126.0
386,11217487,(3-ethyloxetan-3-yl)methyl Prop-2-enoate,CCC1(COC1)COC(=O)C=C,170.21,C9H14O3,35.5,182.0
387,23635599,4-Butylphenyl prop-2-enoate,CCCCC1=CC=C(C=C1)OC(=O)C=C,204.26,C13H16O2,26.3,203.0
388,23635727,4-Butanamidophenyl prop-2-enoate,CCCC(=O)NC1=CC=C(C=C1)OC(=O)C=C,233.26,C13H15NO3,55.4,280.0
389,3016430,Prop-2-ynyl 2-cyanoacrylate,C#CCOC(=O)C=C,135.12,C7H5NO2,50.1,247.0
390,22728782,"2-Propenoic acid, 2-(2-oxo-3-oxazolidinyl)ethyl ester",C=CC(=O)OCCN1CCOC1=O,185.18,C8H11NO4,55.8,226.0
391,18533710,4'-Cyano-4-[3-(acryloyloxy)propoxy]biphenyl,C=CC(=O)OCCCOC1=CC=C(C=C1)C2=CC=C(C=C2)C#N,307.3,C19H17NO3,59.3,423.0
392,72941646,"N-Ethyl-N,N-dimethyl-2-((1-oxo-2-propenyl)oxy)ethanaminium methyl sulfate",CC[N+](C)(C)CCOC(=O)C=C,283.34,C10H21NO6S,101.0,255.0
393,13907995,"2-Propenoic acid, 2-((3a,4,5,6,7,7a-hexahydro-4,7-methano-1H-inden-5-yl)oxy)ethyl ester",C=CC(=O)OCCOC1CC2CC1C3C2CC=C3,248.32,C15H20O3,35.5,374.0
394,18459502,Peroxyacrylic acid,C=CC(=O)OO,88.06,C3H4O3,46.5,66.4
395,11289038,Acrylic acid 6-iodohexyl ester,C=CC(=O)OCCCCCCI,282.12,C9H15IO2,26.3,135.0
396,102248214,"Acrylic acid 2,2-difluoro-2-nitroethyl ester",C=CC(=O)OCC([N+](=O)[O-])(F)F,181.09,C5H5F2NO4,72.1,210.0
397,9964588,(3-Acryloxypropyl)methyldichlorosilane,C[Si](CCCOC(=O)C=C)(Cl)Cl,227.16,C7H12Cl2O2Si,26.3,171.0
398,46988,Ethoxypropylacrylate,CCOCCCOC(=O)C=C,158.19,C8H14O3,35.5,121.0
399,23194993,"2-(Acryloyloxy)-1H-isoindole-1,3(2H)-dione",C=CC(=O)ON1C(=O)C2=CC=CC=C2C1=O,217.18,C11H7NO4,63.7,339.0
400,543889,4-(Prop-2-enoyloxy)octane,CCCCC(CCC)OC(=O)C=C,184.27,C11H20O2,26.3,152.0
401,4418430,"2-Propenoic acid, 2-(2-phenoxyethoxy)ethyl ester",C=CC(=O)OCCOCCOC1=CC=CC=C1,236.26,C13H16O4,44.8,222.0
402,22250625,Methyl 2-(acryloyloxy)benzoate,COC(=O)C1=CC=CC=C1OC(=O)C=C,206.19,C11H10O4,52.6,259.0
403,223953,4-(2-Methylbutan-2-yl)cyclohexyl prop-2-enoate,CCC(C)(C)C1CCC(CC1)OC(=O)C=C,224.34,C14H24O2,26.3,248.0
404,17787778,Hexanediol diacrylate,CCCCCC(OC(=O)C=C)OC(=O)C=C,226.27,C12H18O4,52.6,236.0
405,543682,"2-Propenoic acid, chloromethyl ester",C=CC(=O)OCCl,120.53,C4H5ClO2,26.3,79.8
406,22051788,"[1,1'-Biphenyl]-4-yl prop-2-enoate",C=CC(=O)OC1=CC=C(C=C1)C2=CC=CC=C2,224.25,C15H12O2,26.3,258.0
407,18464005,p-Acryloyloxybenzoyl chloride,C=CC(=O)OC1=CC=C(C=C1)C(=O)Cl,210.61,C10H7ClO3,43.4,242.0
408,870529,[4-(3-oxo-1H-isoindol-2-yl)phenyl] prop-2-enoate,C=CC(=O)OC1=CC=C(C=C1)N2CC3=CC=CC=C3C2=O,279.29,C17H13NO3,46.6,426.0
409,543295,2-(Prop-2-enoyloxy)tetradecane,CCCCCCCCCCCCC(C)OC(=O)C=C,268.4,C17H32O2,26.3,223.0
410,54152724,Acrylic acid 2-(4'-cyano-biphenyl-4-yloxy)-ethyl ester,C=CC(=O)OCCOC1=CC=C(C=C1)C2=CC=C(C=C2)C#N,293.3,C18H15NO3,59.3,409.0
411,10537474,"2-Propenoic acid, (1,3-dihydro-1,3-dioxo-2H-isoindol-2-yl)methyl ester",C=CC(=O)OCN1C(=O)C2=CC=CC=C2C1=O,231.2,C12H9NO4,63.7,353.0
412,21871648,2-Hydroxyphenyl prop-2-enoate,C=CC(=O)OC1=CC=CC=C1O,164.16,C9H8O3,46.5,177.0
413,22277950,Acrylic acid tridecafluorohexyl ester,C=CC(=O)OC(C(C(C(C(C(F)(F)F)(F)F)(F)F)(F)F)(F)F)(F)F,390.1,C9H3F13O2,26.3,504.0
414,23635601,4-Hexylphenyl prop-2-enoate,CCCCCCC1=CC=C(C=C1)OC(=O)C=C,232.32,C15H20O2,26.3,227.0
415,23635602,4-Heptylphenyl prop-2-enoate,CCCCCCCC1=CC=C(C=C1)OC(=O)C=C,246.34,C16H22O2,26.3,240.0
416,23635603,4-Octylphenyl prop-2-enoate,CCCCCCCCC1=CC=C(C=C1)OC(=O)C=C,260.399,C17H24O2,26.3,252.0
417,23635724,Propyl 4-(prop-2-enoyloxy)benzoate,CCCOC(=O)C1=CC=C(C=C1)OC(=O)C=C,234.25,C13H14O4,52.6,277.0
418,3532725,2-(Methylthio)ethyl methacrylate,C=CC(=O)OCCSC,160.24,C7H12O2S,51.6,132.0
419,54514640,[4-(2-Propenoyloxy)phenyl]methanol,C=CC(=O)OC1=CC=C(C=C1)CO,178.18,C10H10O3,46.5,181.0
420,13759504,4-Methylphenyl prop-2-enoate,CC1=CC=C(C=C1)OC(=O)C=C,162.18,C10H10O2,26.3,167.0
421,10355061,"Butanoic acid, 2-methylene-, hexyl ester",C=CC(=O)OCCCCCC,184.27,C11H20O2,26.3,162.0
422,21318160,4-(2-Methylbutan-2-yl)phenyl prop-2-enoate,CCC(C)(C)C1=CC=C(C=C1)OC(=O)C=C,218.29,C14H18O2,26.3,248.0
423,23635728,"5,6,7,8-Tetrahydronaphthalen-2-yl prop-2-enoate",C=CC(=O)OC1=CC2=C(CCCC2)C=C1,202.25,C13H14O2,26.3,247.0
424,23443674,"Methacrylic acid (1,1,2-trifluoroethyl) ester",C=CC(=O)OC(F)(F)CF,168.11,C6H7F3O2,26.3,177.0
425,105994,Tetrahydrofurfuryl pentaethylene glycol acrylate,C=CC(=O)OCCOCCOCCOCCOCCOCC1CCCO1,376.4,C18H32O8,81.7,350.0
426,10192638,1-Naphthyl acrylate,C=CC(=O)OC1=CC=CC2=CC=CC=C21,198.22,C13H10O2,26.3,247.0
427,136155102,"2-(((6-(3-(6-Methyl-4-oxo-1,4-dihydropyrimidin-2-YL)ureido)hexyl)carbamoyl)oxy)ethyl acrylate",CC1=CC(=O)NC(=N1)NC(=O)NCCCCCCNC(=O)OCCOC(=O)C=C,409.4,C18H27N5O6,147.0,674.0
428,21918123,Nonylphenyl acrylate,CCCCCCCCCC1=CC=C(C=C1)OC(=O)C=C,274.4,C18H26O2,26.3,265.0
429,11298697,2-Adamantyl acrylate,C=CC(=O)OC1C2CC3CC(C2)CC1C3,206.28,C13H18O2,26.3,267.0
430,57127567,"sec-Butyl acrylate, (S)-",CC[C@H](C)OC(=O)C=C,128.169,C7H12O2,26.3,108.0
431,10866703,Cyclohexenylmethyl acrylate,C=CC(=O)OCC1=CCCCC1,166.22,C10H14O2,26.3,204.0
432,14910870,Geraniol Acrylate,CC(=CCC/C(=C/COC(=O)C=C)/C)C,208.3,C13H20O2,26.3,268.0
433,10104558,d-Menthyl acrylate,C[C@H]1CC[C@@H]([C@H](C1)OC(=O)C=C)C(C)C,210.31,C13H22O2,26.3,233.0
434,229992,Methallyl acrylate,CC(=C)COC(=O)C=C,126.15,C7H10O2,26.3,136.0
435,15153819,6-Bromohexyl acrylate,C=CC(=O)OCCCCCCBr,235.12,C9H15BrO2,26.3,135.0
436,3016305,2-[(Chlorocarbonyl)oxy]ethyl acrylate,C=CC(=O)OCCOC(=O)Cl,178.57,C6H7ClO4,52.6,166.0
437,9989898,Chlorophenyl acrylate,C=CC(=O)OC1=CC=CC=C1Cl,182.6,C9H7ClO2,26.3,179.0
438,57567,"Ethanediol, acrylate 1-aziridinepropionate",CC(OC(=O)CCN1CC1)OC(=O)C=C,213.23,C10H15NO4,55.6,260.0
439,3051368,"3-beta,14,21-Trihydroxy-5-beta,14-beta-pregnan-20-one 3-acetate 21-acrylate",CC(=O)O[C@H]1CC[C@]2([C@@H](C1)CC[C@@H]3[C@@H]2CC[C@]4([C@@]3(CC[C@H]4C(=O)COC(=O)C=C)O)C)C,446.6,C26H38O6,89.9,806.0
440,131740479,2-(2-Aminoethoxy)ethanol acrylate TFA,C=CC(=O)OCCOCCN,273.21,C9H14F3NO5,98.8,208.0
441,23070318,p-Iodophenyl acrylate,C=CC(=O)OC1=CC=C(C=C1)I,274.05,C9H7IO2,26.3,171.0
442,54542510,Hydroxy-1-adamantyl acrylate,C=CC(=O)OC12CC3CC(C1)CC(C3)C2O,222.28,C13H18O3,46.5,322.0
443,14454815,2-Tetrahydrofuranyl acrylate,C=CC(=O)OC1CCCO1,142.15,C7H10O3,35.5,142.0
444,13627534,"4-Cyano-2,3,5,6-tetrafluorophenyl acrylate",C=CC(=O)OC1=C(C(=C(C(=C1F)F)C#N)F)F,245.13,C10H3F4NO2,50.1,351.0
445,86753073,"4-[2',3'-Difluoro-4'-[4-(trifluoro-methanesulphonyloxy)-butyl]-1,2':4',1'-terphenyl-4-yloxy]-butyl acrylate",C=CC(=O)OCCCCOC1=CC=C(C=C1)C2(CC=CC(=C2F)C3=CC=C(C=C3)CCCCOS(=O)(=O)C(F)(F)F)F,614.6,C30H31F5O6S,87.3,1050.0
446,2777443,3-(Trifluoromethyl)benzyl acrylate,C=CC(=O)OCC1=CC(=CC=C1)C(F)(F)F,230.18,C11H9F3O2,26.3,260.0
447,3023456,2-[[(Propylamino)carbonyl]oxy]ethyl acrylate,CCCNC(=O)OCCOC(=O)C=C,201.22,C9H15NO4,64.599,203.0
448,10520851,"17-Hydroxy-3,6,9,12,15-pentaoxaheptadecyl acrylate",C=CC(=O)OCCOCCOCCOCCOCCOCCO,336.38,C15H28O8,92.7,272.0
449,16205836,2-Hydroxy-3-[3-(trimethoxysilyl)propoxy]propyl acrylate,CO[Si](CCCOCC(COC(=O)C=C)O)(OC)OC,308.4,C12H24O7Si,83.4,273.0
450,20566720,3-(4-Hydroxyphenoxy)propyl acrylate,C=CC(=O)OCCCOC1=CC=C(C=C1)O,222.24,C12H14O4,55.8,219.0
451,48619,"17-beta-Hydroxy-5-beta,14-beta-androstan-3-one acrylate",C[C@]12CCC(=O)C[C@H]1CC[C@@H]3[C@@H]2CC[C@]4([C@@H]3CC[C@@H]4OC(=O)C=C)C,344.5,C22H32O3,43.4,596.0
452,69890866,"Adamantyl 2-trifluoromethylacrylate 5-oxo-4-oxatricyclo [4.2.1.03,7]nonan-2-yl acrylate",C=CC(=O)OC1C2CC3C1OC(=O)C3C2,482.5,C25H29F3O6,78.9,732.0
453,69890866,"Adamantyl 2-trifluoromethylacrylate 5-oxo-4-oxatricyclo [4.2.1.03,7]nonan-2-yl acrylate",C=CC(=O)OC12CC3CC(CC(C3)C1)C2,482.5,C25H29F3O6,78.9,732.0
454,3023750,Triacontyl acrylate,CCCCCCCCCCCCCCCCCCCCCCCCCCCCCCOC(=O)C=C,492.9,C33H64O2,26.3,417.0
455,13847847,Isopentadecyl acrylate,CC(C)CCCCCCCCCCCCOC(=O)C=C,282.5,C18H34O2,26.3,234.0
456,83174,"2,2-Dimethylhexyl acrylate",CCCCC(C)(C)COC(=O)C=C,184.27,C11H20O2,26.3,171.0
457,11630244,Isotridecyl acrylate,CC(C)CCCCCCCCCCOC(=O)C=C,254.41,C16H30O2,26.3,209.0
458,3016441,2-(2-(2-Ethoxyethoxy)ethoxy)ethyl acrylate,CCOCCOCCOCCOC(=O)C=C,232.27,C11H20O5,54.0,181.0
459,14496293,2-(3-(Triethoxysilyl)propylcarbamoyloxy)ethyl acrylate,CCO[Si](CCCNC(=O)OCCOC(=O)C=C)(OCC)OCC,363.48,C15H29NO7Si,92.3,362.0
460,11170937,Isopropenyl acrylate,CC(=C)OC(=O)C=C,112.13,C6H8O2,26.3,125.0
461,22597223,2-Methyladamantyl acrylate,CC1C2CC3CC(C2)CC1(C3)OC(=O)C=C,220.31,C14H20O2,26.3,320.0
462,129700121,Styrene-2-ethylhexyl acrylate,C=CC(=O)OCC(CC)CCCC,286.4,C19H26O2,26.3,346.0
463,86614660,(3-[7-chloro-3-(2-{[4-fluoro-2-hydroxy-6-(trifluoromethyl)phenyl]amino}-2-oxoethyl)-6-methyl-2-oxo-2H-chromen-4-yl]phenyl}acrylate,CC1=CC2=C(C=C1Cl)OC(=O)C(=C2C3=CC(=CC=C3)OC(=O)C=C)CC(=O)NC4=C(C=C(C=C4O)F)C(F)(F)F,575.9,C28H18ClF4NO6,102.0,1030.0
464,22168880,2-Ethyl-2-adamantyl acrylate,CCC1(C2CC3CC(C2)CC1C3)OC(=O)C=C,234.33,C15H22O2,26.3,317.0
465,23662581,Potassium 2-(3-sulphonatopropoxy)ethyl acrylate,C=CC(=O)OCCOCCCS(=O)(=O)[O-],276.35,C8H13KO6S,101.0,294.0
466,14288021,Cholesterol acrylate,C[C@H](CCCC(C)C)[C@H]1CC[C@@H]2[C@@]1(CC[C@H]3[C@H]2CC=C4[C@@]3(CC[C@@H](C4)OC(=O)C=C)C)C,440.7,C30H48O2,26.3,735.0
467,3051373,"21-Hydroxy-14-alpha,17-alpha-pregn-4-ene-3,20-dione acrylate",C[C@]12CC[C@H]3[C@H]([C@@H]1CC[C@H]2C(=O)COC(=O)C=C)CCC4=CC(=O)CC[C@]34C,384.5,C24H32O4,60.4,750.0
468,86753072,"4-[2',3'-Difluoro-4'-(4-hydroxy-butyl)-1,2':4',1'-terphenyl-4-yloxy]-butyl acrylate",C=CC(=O)OCCCCOC1=CC=C(C=C1)C2(CC=CC(=C2F)C3=CC=C(C=C3)CCCCO)F,482.6,C29H32F2O4,55.8,733.0
469,3016431,2-Methylhexyl acrylate,CCCCC(C)COC(=O)C=C,170.25,C10H18O2,26.3,141.0
470,10034607,Cyanomethyl acrylate,C=CC(=O)OCC#N,111.1,C5H5NO2,50.1,142.0
471,3020591,1-(Methoxymethyl)propyl acrylate,CCC(COC)OC(=O)C=C,158.19,C8H14O3,35.5,131.0
472,16205839,"3-(2,6-Dibromophenoxy)-2-hydroxypropyl acrylate",C=CC(=O)OCC(COC1=C(C=CC=C1Br)Br)O,380.03,C12H12Br2O4,55.8,275.0
473,3051375,"14-beta,17-alpha-Pregnan-20-one, 3-beta,5-beta,14,19,21-pentahydroxy-, 21-acrylate, 3,19-diacetate",CC(=O)OC[C@]12CC[C@@H](C[C@]1(CC[C@@H]3[C@@H]2CC[C@]4([C@@]3(CC[C@H]4C(=O)COC(=O)C=C)O)C)O)OC(=O)C,520.6,C28H40O9,136.0,977.0
474,21057487,Methylsilyl acrylate,C[Si]OC(=O)C=C,114.17,C4H6O2Si,26.3,79.8
475,17827951,Ethyl vinyl acrylate,C=COC(=O)C=C,126.15,C7H10O2,26.3,136.0
476,21884879,Benzophenone acrylate,C=CC(=O)OC1=CC=CC=C1C(=O)C2=CC=CC=C2,252.26,C16H12O3,43.4,342.0
477,22637263,Phosphoric acid acrylate,C=CC(=O)OOP(=O)(O)O,168.04,C3H5O6P,93.1,179.0
478,54148783,Acrylate-carbon monoxide,C=CC(=O)OC(=O)OC(=O)C=C,170.12,C7H6O5,69.7,216.0
479,90732367,"2,6-Dimethylphenyl acrylate",CC1=C(C(=CC=C1)C)OC(=O)C=C,176.21,C11H12O2,26.3,188.0
480,11566095,"2,4,6-Trimethylphenyl 2-[4-(dihydroxyphosphoryl)-2-oxa-butyl]-acrylate",C=CC(=O)Oc1c(C)cc(C)cc1C,328.3,C15H21O6P,93.1,431.0
481,86753071,"4-[2',3'-Difluoro-4'-(4-oxo-butyl)-1,2':4',1'-terphenyl-4-yloxy]-butyl acrylate",C=CC(=O)OCCCCOC1=CC=C(C=C1)C2(CC=CC(=C2F)C3=CC=C(C=C3)CCCC=O)F,480.5,C29H30F2O4,52.6,761.0
482,6455702,2-Aminoethyl acrylate,C=CC(=O)OCCN,115.13,C5H9NO2,52.3,90.4
483,10130166,N-t-Butylaminoethyl acrylate,CC(C)(C)NCCOC(=O)C=C,171.24,C9H17NO2,38.3,158.0
484,21884854,Nonylphenol acrylate,CCCCCCCCCC1=CC=CC=C1OC(=O)C=C,274.4,C18H26O2,26.3,273.0
485,19806870,Hexafluoroneopentyl acrylate,CC(CF)(C(OC(=O)C=C)(F)F)C(F)(F)F,250.14,C8H8F6O2,26.3,285.0
486,85887894,"2-((7-Nitrobenzo[c][1,2,5]oxadiazol-4-yl)amino)ethyl acrylate",C=CC(=O)OCCNC1=CC=C(C2=NON=C12)[N+](=O)[O-],278.22,C11H10N4O5,123.0,386.0
487,18372054,Homoallyl acrylate,C=CCCOC(=O)C=C,126.15,C7H10O2,26.3,116.0
488,88025334,Acrolein Acrylate,C=CC(=O)OC(=C)C=O,126.11,C6H6O3,43.4,158.0
489,129652150,Octylacrylamide acrylate,CCCCCCCC/C(=C\OC(=O)C=C)/C(=O)N,253.34,C14H23NO3,69.4,308.0
490,85581302,3-Pentadecylphenyl acrylate,CCCCCCCCCCCCCCCC1=CC(=CC=C1)OC(=O)C=C,358.6,C24H38O2,26.3,350.0
491,11320950,Hydroxy-ethyl-methyl acrylate,CCC(O)OC(=O)C=C,130.139,C6H10O3,46.5,109.0
492,129762230,5-Acetoxy-2-norbornyl acrylate,CC(=O)OC1CC2CC1CC2OC(=O)C=C,224.25,C12H16O4,52.6,323.0
493,88597910,Oxypropylene glycol mono(meth)acrylate,C=CC(=O)OC(O)(O)C(C)O,176.17,C7H12O5,87.0,196.0
494,92696,5-Hydroxypentyl acrylate,C=CC(=O)OCCCCCO,158.19,C8H14O3,46.5,121.0
495,20226504,3-Methoxybenzyl acrylate,COC1=CC=CC(=C1)COC(=O)C=C,192.21,C11H12O3,35.5,201.0
496,119935,Heptadecyl acrylate,CCCCCCCCCCCCCCCCCOC(=O)C=C,310.5,C20H38O2,26.3,248.0
497,3023752,Dotriacontyl acrylate,CCCCCCCCCCCCCCCCCCCCCCCCCCCCCCCCOC(=O)C=C,520.9,C35H68O2,26.3,445.0
498,3023754,Hexatriacontyl acrylate,CCCCCCCCCCCCCCCCCCCCCCCCCCCCCCCCCCCCOC(=O)C=C,577.0,C39H76O2,26.3,500.0
499,3022444,2-Methylheptadecyl acrylate,CCCCCCCCCCCCCCCC(C)COC(=O)C=C,324.5,C21H40O2,26.3,273.0
500,13847848,Isohexadecyl acrylate,CC(C)CCCCCCCCCCCCCOC(=O)C=C,296.5,C19H36O2,26.3,246.0
501,13847858,Isohexacosyl acrylate,CC(C)CCCCCCCCCCCCCCCCCCCCCCCOC(=O)C=C,436.8,C29H56O2,26.3,375.0
502,3022440,2-Methyltridecyl acrylate,CCCCCCCCCCCC(C)COC(=O)C=C,268.4,C17H32O2,26.3,223.0
503,3022442,2-Methylpentadecyl acrylate,CCCCCCCCCCCCCC(C)COC(=O)C=C,296.5,C19H36O2,26.3,248.0
504,3022446,2-Methylnonadecyl acrylate,CCCCCCCCCCCCCCCCCC(C)COC(=O)C=C,352.6,C23H44O2,26.3,299.0
505,62012,1-Methylnonyl acrylate,CCCCCCCCC(C)OC(=O)C=C,212.33,C13H24O2,26.3,175.0
506,44717649,"1H,1H,2H,2H,3H,3H,4H,4H,5H,5H-Perfluoroundecyl acrylate",C=CC(=O)OCCCCCC(C(C(C(C(C(F)(F)F)(F)F)(F)F)(F)F)(F)F)(F)F,460.23,C14H13F13O2,26.3,581.0
507,3023345,5-(2-Bromo-1-oxopropoxy)pentyl acrylate,CC(C(=O)OCCCCCOC(=O)C=C)Br,293.15,C11H17BrO4,52.6,240.0
508,11217233,Hydroxymethyl acrylate,C=CC(=O)OCO,102.09,C4H6O3,46.5,77.0
509,16205176,"2-Methoxy-1,1-dimethyl-2-oxoethyl acrylate",CC(C)(C(=O)OC)OC(=O)C=C,172.18,C8H12O4,52.6,205.0
510,139896562,5-Chloropentyl acrylate,C=CC(=O)OCCCCCCl,176.64,C8H13ClO2,26.3,123.0
511,3086961,1-(2-(2-Vinyloxyethoxy)ethoxy)ethyl acrylate,CC(OCCOCCOC=C)OC(=O)C=C,230.26,C11H18O5,54.0,214.0
512,21938748,Citronellyl acrylate,CC(CCC=C(C)C)CCOC(=O)C=C,210.31,C13H22O2,26.3,225.0
513,19067483,p-Nitrobenzyl acrylate,C=CC(=O)OCC1=CC=C(C=C1)[N+](=O)[O-],207.18,C10H9NO4,72.1,251.0
514,12641354,Triphenylmethyl acrylate,C=CC(=O)OC(C1=CC=CC=C1)(C2=CC=CC=C2)C3=CC=CC=C3,314.4,C22H18O2,26.3,364.0
515,737020,"(S)-4,4-dimethyl-2-oxotetrahydrofuran-3-yl acrylate",CC1(COC(=O)[C@H]1OC(=O)C=C)C,184.19,C9H12O4,52.6,254.0
516,4139468,3-(1-Oxoisoindolin-2-yl)phenyl acrylate,C=CC(=O)OC1=CC=CC(=C1)N2CC3=CC=CC=C3C2=O,279.29,C17H13NO3,46.6,434.0
517,132917948,"4-(4,4,5,5-Tetramethyl-1,3,2-dioxaborolan-2-yl)benzyl acrylate",B1(OC(C(O1)(C)C)(C)C)C2=CC=C(C=C2)COC(=O)C=C,288.1,C16H21BO4,44.8,381.0
518,58999836,"1,1,1-Trifluoro-2-trifluoromethyl-2-hydroxy-4-methyl-5-pentyl acrylate",CC(CC(C(F)(F)F)(C(F)(F)F)O)COC(=O)C=C,294.19,C10H12F6O3,46.5,319.0
519,18979484,6-[4'-[trans-4-[3-(Trifluoromethanesulphonyl)-propyl]-cyclohexyl]-biphenyl-4-yloxy]-hexyl acrylate,C=CC(=O)OCCCCCCOC1=CC=C(C=C1)C2=CC=C(C=C2)C3CCC(CC3)CCCS(=O)(=O)C(F)(F)F,580.7,C31H39F3O5S,78.0,845.0
520,20140283,4-Trifluoromethylbenzyl acrylate,C=CC(=O)OCC1=CC=C(C=C1)C(F)(F)F,230.18,C11H9F3O2,26.3,252.0
521,18615292,1-Pyrenylmethyl acrylate,C=CC(=O)OCC1=C2C=CC3=CC=CC4=C3C2=C(C=C4)C=C1,286.3,C20H14O2,26.3,443.0
522,12353532,"2,4-Dichlorophenyl acrylate",C=CC(=O)OC1=C(C=C(C=C1)Cl)Cl,217.05,C9H6Cl2O2,26.3,206.0
523,11689422,Serine acrylate,C=CC(=O)OC[C@@H](C(=O)O)N,159.14,C6H9NO4,89.6,177.0
524,18913838,Furyl acrylate,C=CC(=O)OC1=CC=CO1,138.12,C7H6O3,39.4,142.0
525,23450738,Boron acrylate,B(OC(=O)C=C)(OC(=O)C=C)OC(=O)C=C,223.98,C9H9BO6,78.9,283.0
526,129847185,Taxol acrylate,C[C@@H]1CC[C@H]2C[C@@H]3[C@@H](CCC([C@]3(CC[C@@H]1C2(C)C)C)(O)OC(=O)C=C)C,362.5,C23H38O3,46.5,568.0
527,18469777,Methoxy acrylate,COOC(=O)C=C,102.09,C4H6O3,35.5,77.0
528,21646008,Propoxy acrylate,CCCOOC(=O)C=C,130.139,C6H10O3,35.5,98.5
529,22457115,Acetoxy acrylate,CC(=O)OOC(=O)C=C,130.1,C5H6O4,52.6,138.0
530,23067278,Oxetane acrylate,C=CC(=O)OC1CCO1,128.13,C6H8O3,35.5,130.0
531,11040716,Acetonyl acrylate,CC(=O)COC(=O)C=C,128.13,C6H8O3,43.4,137.0
532,129880690,Vanillin acrylate,COC1=C(C=CC(=C1OC(=O)C=C)C=O)O,222.19,C11H10O5,72.8,276.0
533,13568817,Butadiene acrylate,C=C/C=C/OC(=O)C=C,124.14,C7H8O2,26.3,145.0
534,19989416,Morpholyl acrylate,C=CC(=O)ON1CCOCC1,157.17,C7H11NO3,38.8,152.0
535,129712170,Imidazole acrylate,C=CC(=O)ON1C=CN=C1,138.12,C6H6N2O2,44.1,147.0
536,129849674,Galactose acrylate,C=CC(=O)O[C@@]1([C@@H]([C@H]([C@H]([C@H](O1)CO)O)O)O)O,250.2,C9H14O8,137.0,305.0
537,18767473,Hexyldecyl acrylate,CCCCCCCCCC(CCCCCC)OC(=O)C=C,296.5,C19H36O2,26.3,248.0
538,53735402,Isocyanato acrylate,C=CC(=O)ON=C=O,113.07,C4H3NO3,55.7,145.0
539,87193678,Sulfohexyl acrylate,C=CC(=O)OCCCCCCS(=O)(=O)O,236.29,C9H16O5S,89.0,288.0
540,137331643,Phosphorus acrylate,C=CC(=O)OP(OC(=O)C=C)OC(=O)C=C,244.14,C9H9O6P,78.9,283.0
541,17841663,Norbornenyl acrylate,C=CC(=O)OC12CCC(C1)C=C2,164.2,C10H12O2,26.3,255.0
542,21746034,3-Pyridyl acrylate,C=CC(=O)OC1=CN=CC=C1,149.15,C8H7NO2,39.2,156.0
543,129664895,Barium lead acrylate,C=CC(=O)O[Pb]OC(=O)C=C,629.0,C12H12BaO8Pb,133.0,302.0
544,67859946,Phenothiazine acrylate,C=CC(=O)OC1=C2C(=CC=C1)SC3=CC=CC=C3N2,269.3,C15H11NO2S,63.6,360.0
545,129821362,Cyanobiphenyl acrylate,C=CC(=O)OC1=CC=CC(=C1C#N)C2=CC=CC=C2,249.26,C16H11NO2,50.1,376.0
546,21727128,Glycidylmethyl-acrylate,C=CC(=O)OCCC1CO1,142.15,C7H10O3,38.8,142.0
547,21867900,Carboxy ethyl acrylate,C=CC(=O)OC(=O)O,144.12,C6H8O4,63.6,171.0
548,66603448,Ethyladamantyl acrylate,CCC1C2CC3CC(C2)CC1(C3)OC(=O)C=C,234.33,C15H22O2,26.3,333.0
549,19899675,1-Bromobutane acrylate,CCCC(OC(=O)C=C)Br,207.06,C7H11BrO2,26.3,123.0
550,22613596,4-Cyanophenyl acrylate,C=CC(=O)OC1=CC=C(C=C1)C#N,173.17,C10H7NO2,50.1,243.0
551,22709169,Phenylisopropyl acrylate,CC(C)(C1=CC=CC=C1)OC(=O)C=C,190.24,C12H14O2,26.3,212.0
552,57119052,Methanesulfonyl acrylate,CS(=O)(=O)OC(=O)C=C,150.16,C4H6O4S,68.8,207.0
553,19748636,2-Isocyanoethyl acrylate,C=CC(=O)OCC[N+]#[C-],125.13,C6H7NO2,30.7,154.0
554,22177432,3-Methoxyphenyl acrylate,COC1=CC(=CC=C1)OC(=O)C=C,178.18,C10H10O3,35.5,189.0
555,12391804,2-oxo-2H-1-benzopyran-7-yl 2-methyl-acrylate,C=CC(=O)Oc1ccc2ccc(=O)oc2c1,230.22,C13H10O4,52.6,383.0
556,129822428,Tetraphenylethene acrylate,C=CC(=O)OC1=CC=CC=C1C(=C(C2=CC=CC=C2)C3=CC=CC=C3)C4=CC=CC=C4,402.5,C29H22O2,26.3,595.0
557,87149162,2-Octyl-dodecyl acrylate,CCCCCCCCCCC(CCCCCCCC)COC(=O)C=C,352.6,C23H44O2,26.3,299.0
558,118382728,Pentadecyl phenyl acrylate,C=CC(=O)OCCCCCCCCCCCCCCC,358.6,C24H38O2,26.3,355.0
559,69736699,8-Hydroxyquinolyl acrylate,C=CC(=O)OC1=NC2=C(C=CC=C2O)C=C1,215.2,C12H9NO3,59.4,279.0
560,21057484,(Isopropyl)-silyl acrylate,CC(C)[Si]OC(=O)C=C,142.23,C6H10O2Si,26.3,110.0
561,102248210,"2,2-Dinitrobutyl acrylate",CCC(COC(=O)C=C)([N+](=O)[O-])[N+](=O)[O-],218.16,C7H10N2O6,118.0,275.0
562,21401083,Glycerol mono(meth)acrylate,C=CC(=O)OC(O)C(O)CO,176.17,C7H12O5,87.0,177.0
563,13878527,13:2 Fluorotelomer acrylate,C=CC(=O)OCCC(C(C(C(C(C(C(C(C(C(C(C(C(F)(F)F)(F)F)(F)F)(F)F)(F)F)(F)F)(F)F)(F)F)(F)F)(F)F)(F)F)(F)F)(F)F,768.2,C18H7F27O2,26.3,1160.0
564,21403530,2-Propionyloxy ethyl acrylate,CCC(=O)OCCOC(=O)C=C,172.18,C8H12O4,52.6,174.0
565,129824056,Benzocyclobuten-4-yl acrylate,C=CC(=O)OC1=CC2=C(C=C1)C=C2,172.18,C11H8O2,26.3,255.0
566,11457964,"2,2-Bis(hydroxymethyl)-propyl acrylate",CC(CO)(CO)COC(=O)C=C,174.19,C8H14O4,66.8,160.0
567,129673036,Monomethoxy hexanediol acrylate,CCCCCC(O)(OC)OC(=O)C=C,202.25,C10H18O4,55.8,191.0
568,154733041,Ethyleneglycol nitrate-acrylate,C=CC(=O)OCCO[N+](=O)[O-],161.11,C5H7NO5,81.4,161.0
569,129773823,Benzyloxycarbonylphenyl acrylate,C=CC(=O)OC1=CC=CC=C1C(=O)OCC2=CC=CC=C2,282.29,C17H14O4,52.6,371.0
570,129845937,Ethoxytriethyleneglycol acrylate,CCOC(COCCOCCO)(O)OC(=O)C=C,264.27,C11H20O7,94.4,244.0
571,19050546,"2,4,6-Trichlorophenyl acrylate",C=CC(=O)OC1=C(C=C(C=C1Cl)Cl)Cl,251.5,C9H5Cl3O2,26.3,220.0
572,19706376,"trans-4-(2,3-Difluorophenyl)cyclohexyl acrylate",C=CC(=O)OC1CCC(CC1)C2=C(C(=CC=C2)F)F,266.28,C15H16F2O2,26.3,324.0
573,21318161,"2,4,6-Trinitrophenyl acrylate",C=CC(=O)OC1=C(C=C(C=C1[N+](=O)[O-])[N+](=O)[O-])[N+](=O)[O-],283.15,C9H5N3O8,164.0,424.0
574,21459496,"2,3-Difluorobiphenyl-4'-yl acrylate",C=CC(=O)OC1=CC=C(C=C1)C2=C(C(=CC=C2)F)F,260.23,C15H10F2O2,26.3,324.0
575,57198481,2-Methacryloyloxypropyl acrylate,C=CC(=O)OCC(C)OC(=O)C=C,198.22,C10H14O4,52.6,255.0
576,68412458,5-Chloro-8-quinolinyl acrylate,C=CC(=O)OC1=C2C(=C(C=C1)Cl)C=CC=N2,233.65,C12H8ClNO2,39.2,282.0
577,69233288,"N-(2-hydroxyethyl)-3,6-dichloro-carbazolyl acrylate",C=CC(=O)OC1=CC(=CC2=C1N(C3=C2C=C(C=C3)Cl)CCO)Cl,350.2,C17H13Cl2NO3,51.5,461.0
578,86078028,2-(Pyridin-2-yldisulfanyl)ethyl acrylate,C=CC(=O)OCCSSC1=CC=CC=N1,241.3,C10H11NO2S2,89.8,212.0
579,14511978,"2-((3,5-Dinitrobenzoyl)oxy) ethyl acrylate",C=CC(=O)OCCOC(=O)C1=CC(=CC(=C1)[N+](=O)[O-])[N+](=O)[O-],310.22,C12H10N2O8,144.0,445.0
580,121455448,6-(4-Cyano-4-biphenyl-yloxy)hexyl acrylate,C=CC(=O)OCCCCCCOC1(CC=C(C=C1)C2=CC=CC=C2)C#N,351.4,C22H25NO3,59.3,577.0
581,122513490,"3-[(3aR,6aS)-5-[1-(2-fluorophenyl)-1H-indazol-4-yl]-4-oxohexahydropyrrolo[3,4-c]pyrrol-2(1H)-yl]-3-oxopropyl acrylate",C=CC(=O)OCCC(=O)N1C[C@H]2CN(C(=O)[C@H]2C1)C3=CC=CC4=C3C=NN4C5=CC=CC=C5F,462.5,C25H23FN4O4,84.7,825.0
582,132234056,Dipropylene glycol caprylate acrylate,CCCCCCCC(=O)OC(C)COC(C)COC(=O)C=C,314.4,C17H30O5,61.8,327.0
583,129808072,"2,2-Difluoro-2-nitroisopropyl acrylate",CC(C([N+](=O)[O-])(F)F)OC(=O)C=C,195.12,C6H7F2NO4,72.1,235.0
584,129761964,5-Carboxybicyclo[2.2.1]hept-2-yl acrylate,C=CC(=O)OC1CC2CC1CC2C(=O)O,210.23,C11H14O4,63.6,310.0
585,129696010,(2-Hydroxyhexafluoro-2-propyl)benzene acrylate,C=CC(=O)OC1=CC=CC=C1C(C(C(O)(F)F)(F)F)(F)F,314.18,C12H8F6O3,46.5,410.0
586,156595944,2-Isopropyl-5-methylphenyl 2-(hydroxy(2-nitrophenyl)methyl)acrylate,C=CC(=O)Oc1cc(C)ccc1C(C)C,355.4,C20H21NO5,92.4,527.0
587,3023748,Hexacosyl acrylate,CCCCCCCCCCCCCCCCCCCCCCCCCCOC(=O)C=C,436.8,C29H56O2,26.3,364.0
588,3016446,Henicosyl acrylate,CCCCCCCCCCCCCCCCCCCCCOC(=O)C=C,366.6,C24H46O2,26.3,299.0
589,3022439,2-Methyldodecyl acrylate,CCCCCCCCCCC(C)COC(=O)C=C,254.41,C16H30O2,26.3,211.0
590,3022435,2-Methyloctyl acrylate,CCCCCCC(C)COC(=O)C=C,198.3,C12H22O2,26.3,164.0
591,3023751,Hentriacontyl acrylate,CCCCCCCCCCCCCCCCCCCCCCCCCCCCCCCOC(=O)C=C,506.9,C34H66O2,26.3,431.0
592,3022436,2-Methylnonyl acrylate,CCCCCCCC(C)COC(=O)C=C,212.33,C13H24O2,26.3,175.0
593,3022443,2-Methylhexadecyl acrylate,CCCCCCCCCCCCCCC(C)COC(=O)C=C,310.5,C20H38O2,26.3,260.0
594,103668,Decahydro-2-naphthyl acrylate,C=CC(=O)OC1CCC2CCCCC2C1,208.3,C13H20O2,26.3,247.0
595,3016576,Dodecylpentadecyl acrylate,CCCCCCCCCCCCCCC(CCCCCCCCCCCC)OC(=O)C=C,450.8,C30H58O2,26.3,390.0
596,71685931,"1H,1H-Perfluoro(2-methyl-3-oxaoctyl) acrylate",C=CC(=O)OCC(C(F)(F)F)(OC(C(C(C(C(F)(F)F)(F)F)(F)F)(F)F)(F)F)F,470.13,C11H5F15O3,35.5,620.0
597,10565559,"14-Hydroxy-3,6,9,12-tetraoxatetradecyl acrylate",C=CC(=O)OCCOCCOCCOCCOCCO,292.33,C13H24O7,83.4,233.0
598,80995,2-(Aziridin-1-yl)ethyl acrylate,C=CC(=O)OCCN1CC1,141.17,C7H11NO2,29.3,141.0
599,20212931,6-Phosphoxyhexyl acrylate,C=CC(=O)OCCCCCCOP(=O)(O)O,252.2,C9H17O6P,93.1,259.0
600,54436609,3-Fluoropropyl acrylate,C=CC(=O)OCCCF,132.13,C6H9FO2,26.3,101.0
601,107300,"(3,4-Dihydro-2H-pyran-2-yl)methyl acrylate",C=CC(=O)OCC1CCC=CO1,168.19,C9H12O3,35.5,196.0
602,3016577,(Hexadecyl)icosyl acrylate,CCCCCCCCCCCCCCCCCCCC(CCCCCCCCCCCCCCCC)OC(=O)C=C,577.0,C39H76O2,26.3,514.0
603,13651710,"2,2-Dimethyl-3-oxopropyl acrylate",CC(C)(COC(=O)C=C)C=O,156.18,C8H12O3,43.4,170.0
604,16205728,"3-(2,4-Dibromophenoxy)-2-hydroxypropyl acrylate",C=CC(=O)OCC(COC1=C(C=C(C=C1)Br)Br)O,380.03,C12H12Br2O4,55.8,285.0
605,13323808,Amino acrylate,C=CC(=O)ON,87.08,C3H5NO2,52.3,69.2
606,59689374,"4,4,5,5,5-Pentafluoropentyl acrylate",C=CC(=O)OCCCC(C(F)(F)F)(F)F,232.15,C8H9F5O2,26.3,234.0
607,107198,2-Methylpentyl acrylate,CCCC(C)COC(=O)C=C,156.22,C9H16O2,26.3,130.0
608,44148663,"1,4,12-Trimethyl-14-oxo-8-(2-((1-oxoallyl)oxy)propoxy)-3,6,10,13-tetraoxahexadec-15-en-1-yl acrylate",CC(COCC(COCC(C)OC(=O)C=C)OCC(C)OC(=O)C=C)OCC(C)OC(=O)C=C,486.6,C24H38O10,116.0,648.0
609,13049940,4-Acetylphenyl acrylate,CC(=O)C1=CC=C(C=C1)OC(=O)C=C,190.19,C11H10O3,43.4,237.0
610,44145593,Dipentaerythritol acrylate,C=CC(=O)OCC(CO)(CO)COCC(CO)(CO)CO,308.32,C13H24O8,137.0,301.0
611,23593431,"1,1,1-Trifluoro-2-trifluoromethyl-2-hydroxy-4-pentyl acrylate",CC(CC(C(F)(F)F)(C(F)(F)F)O)OC(=O)C=C,280.16,C9H10F6O3,46.5,305.0
612,76599744,"4,5,5,5-Tetrafluoro-4-(trifluoromethyl)pent-2-enyl acrylate",C=CC(=O)OCC=CC(C(F)(F)F)(C(F)(F)F)F,280.14,C9H7F7O2,26.3,326.0
613,68649063,1-(1-Adamantyloxy)-2-methylpropyl 2-(trifluoromethyl)acrylate,C=CC(=O)OC(OC12CC3CC(CC(C3)C1)C2)C(C)C,346.4,C18H25F3O3,35.5,483.0
614,57709857,"2-(3,4,4,4-Tetrafluoro-3-(trifluoromethyl)butylsulfonyl)ethyl acrylate",C=CC(=O)OCCS(=O)(=O)CCC(C(F)(F)F)(C(F)(F)F)F,360.25,C10H11F7O4S,68.8,487.0
615,3247070,"(R)-2,5,7,8-tetramethyl-2-((4R,8R)-4,8,12-trimethyltridecyl)-3,4-dihydro-2H-chromen-6-yl acrylate",CC1=C(C(=C(C2=C1O[C@](CC2)(C)CCC[C@H](C)CCC[C@H](C)CCCC(C)C)C)OC(=O)C=C)C,484.8,C32H52O3,35.5,643.0
616,54074081,{2-chloro-4-fluoro-5-[5-fluoro-2-methoxy-6-oxo-4-trifluoromethyl-1(6H)-pyrimidinyl]-phenyl} acrylate,COC1=NC(=C(C(=O)N1C2=CC(=C(C=C2F)Cl)OC(=O)C=C)F)C(F)(F)F,410.68,C15H8ClF5N2O4,68.2,709.0
617,13932179,3-Hydroxybutyl acrylate,CC(CCOC(=O)C=C)O,144.17,C7H12O3,46.5,120.0
618,14910871,Neryl acrylate,CC(=CCC/C(=C\COC(=O)C=C)/C)C,208.3,C13H20O2,26.3,268.0
619,18352416,Ethoxy acrylate,CCOOC(=O)C=C,116.11,C5H8O3,35.5,87.7
620,18366398,Iodine acrylate,C=CC(=O)OI,197.96,C3H3IO2,26.3,69.2
621,18628414,Epoxy acrylate,C=CC(=O)OOOC(=O)C=C,158.11,C6H6O5,61.8,163.0
622,57648627,Acrylate carbon,C=CC(=O)OC(OC(=O)C=C)(OC(=O)C=C)OC(=O)C=C,296.23,C13H12O8,105.0,409.0
623,17768051,Pyrazol acrylate,C=CC(=O)ON1C=CC=N1,138.12,C6H6N2O2,44.1,147.0
624,129689811,Lactose acrylate,C=CC(=O)O[C@@]1([C@@H]([C@H]([C@H]([C@H](O1)O[C@@H]2[C@H](O[C@H]([C@@H]([C@H]2O)O)O)CO)O)O)O)CO,412.34,C15H24O13,216.0,558.0
625,129831059,Glucose acrylate,C=CC(=O)OC1([C@@H]([C@H]([C@@H]([C@H](O1)CO)O)O)O)O,250.2,C9H14O8,137.0,305.0
626,140773107,Carvone acrylate,CC1=C(CC(CC1=O)C(=C)C)OC(=O)C=C,220.26,C13H16O3,43.4,388.0
627,153532451,Adenine acrylate,C=CC(=O)OC1=NC(=C2C(=N1)N=CN2)N,205.17,C8H7N5O2,107.0,272.0
628,22407200,Siloxane acrylate,C=CC(=O)O[Si]O,116.15,C3H4O3Si,46.5,80.2
629,54156327,Acetamido acrylate,CC(=O)NOC(=O)C=C,129.11,C5H7NO3,55.4,141.0
630,19756660,Pentadiene acrylate,C/C=C/C=C/OC(=O)C=C,138.16,C8H10O2,26.3,166.0
631,19986209,Tetrazolyl acrylate,C=CC(=O)OC1=NNN=N1,140.1,C4H4N4O2,80.8,148.0
632,22034164,Quinolinyl acrylate,C=CC(=O)OC1=NC2=CC=CC=C2C=C1,199.2,C12H9NO2,39.2,252.0
633,66647127,Carbazolyl acrylate,C=CC(=O)OC1=CC=CC2=C1NC3=CC=CC=C23,237.25,C15H11NO2,42.1,341.0
634,88157728,L-serinyl acrylate,C=CC(=O)OC(=O)[C@H](CO)N,159.14,C6H9NO4,89.6,177.0
635,18372055,5-Hexenyl acrylate,C=CCCCCOC(=O)C=C,154.21,C9H14O2,26.3,139.0
636,23496545,Hept-2-yl acrylate,CCCCCC(C)OC(=O)C=C,170.25,C10H18O2,26.3,141.0
637,129672478,Tripropyltin acrylate,CCC[Sn](CCC)(CCC)OC(=O)C=C,319.03,C12H24O2Sn,26.3,185.0
638,129672441,Epoxy (meth)acrylate,C=CC(=O)OOC(=O)C(C)=C=O,184.15,C8H8O5,69.7,296.0
639,85684803,Norborn-enyl acrylate,C=CC(=O)OC1=C2CCC(C2)C1,164.2,C10H12O2,26.3,263.0
640,57045534,Dichloropropyl acrylate,C=CC(=O)OCCC(Cl)Cl,183.03,C6H8Cl2O2,26.3,123.0
641,57191966,Dihydroxyhexyl acrylate,C=CC(=O)OCCCCCC(O)O,188.22,C9H16O4,66.8,154.0
642,70139719,2h-Chromenyl acrylate,C=CC(=O)OC1C=CC2=CC=CC=C2O1,202.21,C12H10O3,35.5,283.0
643,145793502,2-Ethylhexal acrylate,CCCCC(CC)(C=O)OC(=O)C=C,198.26,C11H18O3,43.4,211.0
644,59502627,Acridin-9-yl acrylate,C=CC(=O)OC1=C2C=CC=CC2=NC3=CC=CC=C31,249.26,C16H11NO2,39.2,333.0
645,19768089,a-Cyano-ethyl acrylate,CC(C#N)OC(=O)C=C,125.13,C6H7NO2,50.1,165.0
646,4200359,(4-Bromobutyl)acrylate,C=CC(=O)OCCCCBr,207.06,C7H11BrO2,26.3,112.0
647,14365587,Catechol (meth)acrylate,C=CC(=O)Oc1cccc(O)c1O,194.18,C10H10O4,66.8,236.0
648,54550688,2-Cyano-butyl-acrylate,CCC(COC(=O)C=C)C#N,153.18,C8H11NO2,50.1,190.0
649,58805559,2-Butyrylethyl acrylate,CCCC(=O)CCOC(=O)C=C,170.21,C9H14O3,43.4,173.0
650,19880963,Sulfonamidoethyl acrylate,CC(OC(=O)C=C)S(=O)(=O)N,179.2,C5H9NO4S,94.8,250.0
651,54551523,Tetrahydrobenzyl acrylate,C=CC(=O)OCC1CCCC=C1,166.22,C10H14O2,26.3,194.0
652,129761732,Dioxolanylmethyl acrylate,C=CC(=O)OCC1OCCO1,158.15,C7H10O4,44.8,149.0
653,129773825,4-Benzoylbenzyl acrylate,C=CC(=O)OCC1=CC=C(C=C1)C(=O)C2=CC=CC=C2,266.29,C17H14O3,43.4,347.0
654,129866931,Glycerol di(meth)acrylate,C=CC(=O)OC(O)(OC(=O)C=C)C(O)CO,260.24,C11H16O7,113.0,344.0
655,163212139,Tetrahydrogeraniol acrylate,CC(C)CCCC(C)CC(O)OC(=O)C=C,228.33,C13H24O3,46.5,211.0
656,129677092,2-Ferrocenylethyl acrylate,C=CC(=O)OCC[C-]1C=CC=C1,284.13,C15H16FeO2,26.3,219.0
657,129692971,Nitropropyl (meth)acrylate,C=CC(=O)OC(CC)[N+](=O)[O-],173.17,C7H11NO4,72.1,206.0
658,145796951,Glycerol tri(meth)acrylate,C=CC(=O)OC(O)(CO)C(O)(OC(=O)C=C)OC(=O)C=C,344.31,C15H20O9,140.0,562.0
659,140350948,Glycerol carbonate acrylate,C=CC(=O)OOC(=O)OOC(=O)C=C,292.2,C10H12O10,149.0,401.0
660,129772985,Tetraphenylantimony acrylate,C=CC(=O)O[Sb](C1=CC=CC=C1)(C2=CC=CC=C2)(C3=CC=CC=C3)C4=CC=CC=C4,501.2,C27H23O2Sb,26.3,492.0
661,14657507,2-Glucosyloxyethyl acrylate,C=CC(=O)OCCOC1[C@@H]([C@H]([C@@H]([C@H](O1)CO)O)O)O,278.26,C11H18O8,126.0,307.0
662,88709012,"2,4-Dinitrobenzyl acrylate",C=CC(=O)OCC1=C(C=C(C=C1)[N+](=O)[O-])[N+](=O)[O-],252.18,C10H8N2O6,118.0,358.0
663,13782846,n-Dimethylaminoethyl acrylate,CC(N(C)C)OC(=O)C=C,143.18,C7H13NO2,29.5,132.0
664,22662497,"1,3-Dihydroxypropyl acrylate",C=CC(=O)OC(CCO)O,146.14,C6H10O4,66.8,121.0
665,21572427,"Pentabromobenzyl Acrylate, >/=98%",C=CC(=O)OC(C1=C(C(=C(C=C1)Br)Br)Br)(Br)Br,556.7,C10H5Br5O2,26.3,307.0
666,21868062,Isobornyl a-(hydroxymethyl)acrylate,C=CC(=O)OC1CC2CCC1(C)C2(C)C,238.32,C14H22O3,46.5,359.0
667,22179230,4-Butoxycarbonylphenyl acrylate,CCCCOC(=O)C1=CC=C(C=C1)OC(=O)C=C,248.27,C14H16O4,52.6,290.0
668,19797972,3-(Dodecyloxy)-3-oxopropyl acrylate,CCCCCCCCCCCCOC(=O)CCOC(=O)C=C,312.4,C18H32O4,52.6,300.0
669,20097428,"2,6-Di-t-butyl-4-hydroxybenzyl acrylate",CC(C)(C)C1=CC(=CC(=C1COC(=O)C=C)C(C)(C)C)O,290.4,C18H26O3,46.5,349.0
670,20802233,(Adamantan-1-yl)methyl acrylate,C=CC(=O)OCC12CC3CC(C1)CC(C3)C2,220.31,C14H20O2,26.3,277.0
671,53702279,"Octadeca 9,12-dienyl acrylate",CCCCCC=CCC=CCCCCCCCCOC(=O)C=C,320.5,C21H36O2,26.3,329.0
672,69099902,"2-(2',3',4',6'-tetra-O-acetyl-beta-d-glucopyranosyloxy)-ethyl acrylate",CC(=O)OC[C@@H]1[C@H]([C@@H]([C@H]([C@@H](O1)OCCOC(=O)C=C)OC(=O)C)OC(=O)C)OC(=O)C,446.4,C19H26O12,150.0,687.0
673,69237271,N-(2-hydroxyethyl)carbazolyl acrylate,C=CC(=O)OC1=CC=CC2=C1N(C3=CC=CC=C23)CCO,281.3,C17H15NO3,51.5,398.0
674,87722336,"1,3-Bis(dimethylamino)isopropyl acrylate",CC(CN(C)C)(N(C)C)OC(=O)C=C,200.28,C10H20N2O2,32.8,214.0
675,57276811,2-[(2-Hydroxyethyl)amino]ethyl acrylate,C=CC(=O)OCCNCCO,159.18,C7H13NO3,58.6,125.0
676,70480932,"4,7,7-Trimethylbicyclo[2.2.1]heptan-2-yl acrylate",CC1(C2CCC1(CC2OC(=O)C=C)C)C,208.3,C13H20O2,26.3,306.0
677,92001635,"4,4,5,5,6,6,7,7,8,8,9,9,9-Tridecafluoro-1-hydroxynonane-2-yl=acrylate",C=CC(=O)OC(CC(C(C(C(C(C(F)(F)F)(F)F)(F)F)(F)F)(F)F)(F)F)CO,448.18,C12H9F13O3,46.5,582.0
678,19706366,"trans-4-[4-(2,3-Difluorophenyl)-3-cyclohexenyl]cyclohexyl acrylate",C=CC(=O)OC1CCC(CC1)C2CCC(=CC2)C3=C(C(=CC=C3)F)F,346.4,C21H24F2O2,26.3,508.0
679,54457440,t-Butyl-alpha-bromomethyl acrylate,CC(C)(C)C(OC(=O)C=C)Br,221.09,C8H13BrO2,26.3,158.0
680,162724249,2-Methyl-4-phenylbutan-2-yl acrylate,CC(C)(CCC1=CC=CC=C1)OC(=O)C=C,218.29,C14H18O2,26.3,237.0
681,102199009,"4-(1,2,2-Triphenylvinyl)phenyl acrylate",C=CC(=O)OC1=CC=C(C=C1)C(=C(C2=CC=CC=C2)C3=CC=CC=C3)C4=CC=CC=C4,402.5,C29H22O2,26.3,587.0
682,53430979,Acrylate methylperfluorooctane methylsulfonylamine,C=CC(=O)OCCNCS(=O)(=O)C(C(C(C(C(C(C(C(F)(F)F)(F)F)(F)F)(F)F)(F)F)(F)F)(F)F)(F)F,611.27,C14H10F17NO4S,80.8,952.0
683,129827076,"1,4-Cyclohexanedimethanol glycidyl ether acrylate",C=CC(=O)OCC1CCC(CC1)COCC2CO2,254.32,C14H22O4,48.1,282.0
684,129753987,"1-[4-(1,5-Diphenyl-4,5-dihydro-1h-pyrazol-3-yl)-2,3,5,6-tetrafluorophenyl]piperidin-4-yl acrylate",C=CC(=O)OC1CCN(CC1)C2=C(C(=C(C(=C2F)F)C3=NN(C(C3)C4=CC=CC=C4)C5=CC=CC=C5)F)F,523.5,C29H25F4N3O2,45.1,839.0
685,156600199,"[3-(4-Fluorobenzoyl)isoxazol-5-yl]methyl 2-[(5r,8s,8as)-3,8-dimethyl-2-oxo-1,2,4,5,6,7,8,8a-octahydroazulen-5-yl]acrylate",C=CC(=O)OCc1cc(C(=O)c2ccc(F)cc2)no1,451.5,C26H26FNO5,86.5,844.0
686,169489099,"(1,1,1,2,4,4,5,5,6,6,6-Undecafluoro-2-(trifluoro methyl)-3-(perfluoropropan-2-yl)hexan-3-yl acrylate)",C=CC(=O)OC(C(C(F)(F)F)(C(F)(F)F)F)(C(C(F)(F)F)(C(F)(F)F)F)C(C(C(F)(F)F)(F)F)(F)F,590.13,C13H3F21O2,26.3,768.0
687,9822746,"3-(1,1,1,5,5,5-Hexamethyl-3-((trimethylsilyl)oxy)trisiloxan-3-yl)propyl acrylate",C[Si](C)(C)O[Si](CCCOC(=O)C=C)(O[Si](C)(C)C)O[Si](C)(C)C,408.78,C15H36O5Si4,54.0,380.0
688,13774217,4-Bromophenyl acrylate,C=CC(=O)OC1=CC=C(C=C1)Br,227.05,C9H7BrO2,26.3,171.0
689,3023749,Octacosyl acrylate,CCCCCCCCCCCCCCCCCCCCCCCCCCCCOC(=O)C=C,464.8,C31H60O2,26.3,390.0
690,3022438,2-Methylundecyl acrylate,CCCCCCCCCC(C)COC(=O)C=C,240.38,C15H28O2,26.3,199.0
691,3022608,2-Butyloctyl acrylate,CCCCCCC(CCCC)COC(=O)C=C,240.38,C15H28O2,26.3,199.0
692,3022437,2-Methyldecyl acrylate,CCCCCCCCC(C)COC(=O)C=C,226.35,C14H26O2,26.3,187.0
693,3023753,Tetratriacontyl acrylate,CCCCCCCCCCCCCCCCCCCCCCCCCCCCCCCCCCOC(=O)C=C,549.0,C37H72O2,26.3,472.0
694,3022441,2-Methyltetradecyl acrylate,CCCCCCCCCCCCC(C)COC(=O)C=C,282.5,C18H34O2,26.3,236.0
695,13847846,Isoundecyl acrylate,CC(C)CCCCCCCCOC(=O)C=C,226.35,C14H26O2,26.3,185.0
696,11451824,"20-Hydroxy-3,6,9,12,15,18-hexaoxaicosyl acrylate",C=CC(=O)OCCOCCOCCOCCOCCOCCOCCO,380.4,C17H32O9,102.0,313.0
697,53873894,Undecenyl acrylate,CCCCCCCCCC=COC(=O)C=C,224.34,C14H24O2,26.3,207.0
698,545786,"4-(3,5-Di-tert-butyl-4-hydroxyphenyl)butyl acrylate",CC(C)(C)C1=CC(=CC(=C1O)C(C)(C)C)CCCCOC(=O)C=C,332.5,C21H32O3,46.5,390.0
699,44150458,"(((Acetoxy)methyl)octahydro-4,7-methano-1H-indenyl)methyl acrylate",CC(=O)OCC1(CCC2C1C3CCC2C3)COC(=O)C=C,292.4,C17H24O4,52.6,458.0
700,56835610,5-Acetylaminopentyl acrylate,CC(=O)NCCCCCOC(=O)C=C,199.25,C10H17NO3,55.4,202.0
701,129854601,3-(Octyloxy)-3-oxopropyl acrylate,CCCCCCCCOC(=O)CCOC(=O)C=C,256.339,C14H24O4,52.6,248.0
702,19859974,12-Hydroxydodecyl Acrylate (Stabilized),C=CC(=O)OCCCCCCCCCCCCO,256.38,C15H28O3,46.5,202.0
703,14473597,2-Chlorocyclohexyl acrylate,C=CC(=O)OC1CCCCC1Cl,188.65,C9H13ClO2,26.3,179.0
704,20550278,1-Ethoxyethyl acrylate,CCOC(C)OC(=O)C=C,144.17,C7H12O3,35.5,120.0
705,68648646,1-[(1-Adamantyl)methoxy]-2-methylpropyl 2-(trifluoromethyl)acrylate,C=CC(=O)OC(OCC12CC3CC(CC(C3)C1)C2)C(C)C,360.4,C19H27F3O3,35.5,497.0
706,21888930,Phenoxy acrylate,C=CC(=O)OOC1=CC=CC=C1,164.16,C9H8O3,35.5,159.0
707,22348578,Salicyl Acrylate,C=CC(=O)OCC1=CC=CC=C1O,178.18,C10H10O3,46.5,189.0
708,66995440,Fluorene acrylate,C=CC(=O)OC1=CC=CC2=C1CC3=CC=CC=C32,236.26,C16H12O2,26.3,336.0
709,69782405,Benzoine acrylate,C=CC(=O)OC1=CC=CC=C1C(=O)C(C2=CC=CC=C2)O,282.29,C17H14O4,63.6,384.0
710,87114693,Coumaryl acrylate,C=CC(=O)OC/C=C/C1=CC=C(C=C1)O,204.22,C12H12O3,46.5,237.0
711,129673021,Carbonyl acrylate,C=CC(=O)OOC(=O)C1=CC1=O,168.1,C7H4O5,69.7,299.0
712,133188422,Nitrogen acrylate,C=CC(=O)ON(OC(=O)C=C)OC(=O)C=C,227.17,C9H9NO6,82.1,283.0
713,53829200,Piperidyl acrylate,C=CC(=O)ON1CCCCC1,155.19,C8H13NO2,29.5,150.0
714,14527824,Binaphthyl acrylate,C=CC(=O)OC1=C(C2=CC=CC=C2C=C1)C3=CC=CC4=CC=CC=C43,324.4,C23H16O2,26.3,485.0
715,19779557,Thiophenyl acrylate,C=CC(=O)OC1=CC=CS1,154.19,C7H6O2S,54.5,145.0
716,21871645,Resorcinol acrylate,C=CC(=O)OC1=CC=CC(=C1)O,164.16,C9H8O3,46.5,177.0
717,57789513,Sulfodecyl acrylate,C=CC(=O)OCCCCCCCCCCS(=O)(=O)O,292.39,C13H24O5S,89.0,343.0
718,87194114,Sulfooctyl acrylate,C=CC(=O)OCCCCCCCCS(=O)(=O)O,264.34,C11H20O5S,89.0,315.0
719,137796794,Acrylamine acrylate,C=CC(=O)OC(=C)C(=O)N,141.12,C6H7NO3,69.4,195.0
720,20243842,Nitrobenzyl acrylate,C=CC(=O)OC(C1=CC=CC=C1)[N+](=O)[O-],207.18,C10H9NO4,72.1,253.0
721,20520029,Ethylacetyl-acrylate,CCCC(=O)OC(=O)C=C,142.15,C7H10O3,43.4,149.0
722,21807586,2-Indolyl acrylate,C=CC(=O)OC1=CC2=CC=CC=C2N1,187.19,C11H9NO2,42.1,239.0
723,22709189,Butylphenyl acrylate,CCCCC1=CC=CC=C1OC(=O)C=C,204.26,C13H16O2,26.3,211.0
724,57062121,Methylvinyl acrylate,CC=COC(=O)C=C,112.13,C6H8O2,26.3,114.0
725,69199120,4-Menthyl acrylate,CC1CCC(CC1)(C(C)C)OC(=O)C=C,210.31,C13H22O2,26.3,235.0
726,129831453,Nitropropyl acrylate,C=CC(=O)OCCC[N+](=O)[O-],159.14,C6H9NO4,72.1,161.0
727,21798085,Acetaldehyde acrylate,C=CC(=O)OCC=O,114.1,C5H6O3,43.4,106.0
728,53685801,Ethyl-vinyl acrylate,CCC=COC(=O)C=C,126.15,C7H10O2,26.3,125.0
729,12547706,Acrylonitrile acrylate,C=CC(=O)OC(=C)C#N,123.11,C6H5NO2,50.1,196.0
730,129803589,Phenylmercury acrylate,C=CC(=O)O[Hg]C1=CC=CC=C1,348.75,C9H8HgO2,26.3,162.0
731,20195709,Oxyethoxyethyl acrylate,CC(O)OC(C)OC(=O)C=C,160.17,C7H12O4,55.8,143.0
732,54484930,Acetamidomethyl acrylate,CC(=O)NCOC(=O)C=C,143.14,C6H9NO3,55.4,153.0
733,89438320,Trimethylphenyl acrylate,CC1=C(C(=C(C=C1)OC(=O)C=C)C)C,190.24,C12H14O2,26.3,222.0
734,129686429,Diethylaluminum acrylate,CC[Al](CC)OC(=O)C=C,156.16,C7H13AlO2,26.3,119.0
735,13932176,2-Hydroxyoctyl acrylate,CCCCCCC(COC(=O)C=C)O,200.27,C11H20O3,46.5,166.0
736,19028358,2-Chloropropyl acrylate,CC(COC(=O)C=C)Cl,148.59,C6H9ClO2,26.3,112.0
737,54112393,Di-ethyl-hexyl acrylate,CCCCCC(CC)(CC)OC(=O)C=C,212.33,C13H24O2,26.3,193.0
738,88121797,2-Propylacetyl acrylate,CCCCC(=O)OC(=O)C=C,156.18,C8H12O3,43.4,161.0
739,129847753,Dimethylpyrazole acrylate,CC1=NN(C=C1OC(=O)C=C)C,166.18,C8H10N2O2,44.1,194.0
740,21649872,4-Pyridylmethyl acrylate,C=CC(=O)OCC1=CC=NC=C1,163.17,C9H9NO2,39.2,162.0
741,57003781,3-Dibromopropyl acrylate,C=CC(=O)OCCC(Br)Br,271.93,C6H8Br2O2,26.3,123.0
742,133083453,Aziridine-2-yl-acrylate,C=CC(=O)OC1CN1,113.11,C5H7NO2,48.2,122.0
743,87061321,(e)-4-Hexenyl acrylate,C/C=C/CCCOC(=O)C=C,154.21,C9H14O2,26.3,148.0
744,129829186,Glycerol sebacate acrylate,C=CC(=O)OOC(=O)CCCCCCCCC(=O)OOC(=O)C=C,432.4,C19H28O11,166.0,599.0
745,18469648,4-Butylcyclohexyl acrylate,CCCCC1CCC(CC1)OC(=O)C=C,210.31,C13H22O2,26.3,203.0
746,57008258,4-Phenylazophenyl acrylate,C=CC(=O)OC1=CC=C(C=C1)N=NC2=CC=CC=C2,252.27,C15H12N2O2,51.0,327.0
747,14671034,3:2 Fluorotelomer acrylate,C=CC(=O)OCCC(C(C(F)(F)F)(F)F)(F)F,268.13,C8H7F7O2,26.3,295.0
748,20607910,p-Biphenyloxy ethyl acrylate,C=CC(=O)OCCOC1=CC=C(C=C1)C2=CC=CC=C2,268.31,C17H16O3,35.5,299.0
749,22186490,"3,3-Dimethyl-butyl acrylate",CC(C)(C)CCOC(=O)C=C,156.22,C9H16O2,26.3,142.0
750,23513520,2(1-Naphthyl)ethyl acrylate,C=CC(=O)OCCC1=CC=CC2=CC=CC=C21,226.27,C15H14O2,26.3,272.0
751,129774010,Eicosanediol di(meth)acrylate,C=CC(=O)OC(CCCCCCCCCCCCCCCCCC)C(O)(O)OC(=O)C=C,482.7,C28H50O6,93.1,596.0
752,23074693,Norborn-2-ene-5-yl acrylate,C=CC(=O)OC1CC2CC1C=C2,164.2,C10H12O2,26.3,242.0
753,129807973,Difluoronitroisopropyl acrylate,CC(C(F)F)([N+](=O)[O-])OC(=O)C=C,195.12,C6H7F2NO4,72.1,237.0
754,22182288,2-(Trimethylsilyl)ethyl acrylate,C[Si](C)(C)CCOC(=O)C=C,172.3,C8H16O2Si,26.3,147.0
755,53766210,"2,2,2-Trinitroethyl acrylate",C=CC(=O)OCC([N+](=O)[O-])([N+](=O)[O-])[N+](=O)[O-],235.11,C5H5N3O8,164.0,310.0
756,14693001,Bicyclo[2.2.1]hept-2-yloxyethyl acrylate,C=CC(=O)OCCOC1CC2CCC1C2,210.27,C12H18O3,35.5,249.0
757,20230537,2-(Ethylcarbamoyloxy) ethyl acrylate,CCNC(=O)OCCOC(=O)C=C,187.19,C8H13NO4,64.599,191.0
758,21618589,"2,2,6,6-Tetramethylpiperidinyl acrylate",CC1(CCCC(N1OC(=O)C=C)(C)C)C,211.3,C12H21NO2,29.5,253.0
759,23176933,"(2,2,3,3,4,4,5,5,6,6-Decafluorocyclohexyl)methyl acrylate",C=CC(=O)OCC1C(C(C(C(C1(F)F)(F)F)(F)F)(F)F)(F)F,348.14,C10H6F10O2,26.3,454.0
760,23290045,2-Hydroxy-3-(o-phenylphenoxy)propyl acrylate,C=CC(=O)OCC(COC1=CC=CC=C1C2=CC=CC=C2)O,298.3,C18H18O4,55.8,349.0
761,67732070,11-(4'-Cyanophenyl-4''-phenoxy)undecyl acrylate,C=CC(=O)OCCCCCCCCCCCOC1=CC=C(C=C1)C2=CC=C(C=C2)C#N,419.6,C27H33NO3,59.3,536.0
762,68927558,[4-(t-Butoxycarbonyloxy)phenyl]methyl acrylate,CC(C)(C)OC(=O)OC1=CC=C(C=C1)COC(=O)C=C,278.3,C15H18O5,61.8,348.0
763,86729957,Dodecyl methacrylate 2-ethylhexyl methacrylate 2-ethylhexyl acrylate,C=CC(=O)OCCCCCCCCCCCC,637.0,C39H72O6,78.9,558.0
764,86748998,Butyl acrylate Methyl Methacrylate 2-Acetoacetoxyethyl Methacrylate,C=CC(=O)OCCOC(=O)CC(C)=O,442.5,C22H34O9,122.0,471.0
765,86713021,2-((2-Hydroxyethyl)disulfanyl)ethyl acrylate,C=CC(=O)OCCSSCCO,208.3,C7H12O3S2,97.1,139.0
766,86619238,"Acrylic acid 2,2,3,4,4,4-hexafluorobutyl methacrylate t-butyl acrylate styrene",C=CC(=O)OCC(F)(F)C(F)C(F)(F)F,554.5,C26H32F6O6,89.9,526.0
767,129818970,Perfluoropentoxytetrafluoropropyl acrylate,C=CC(=O)OC(C(C(F)(F)F)(F)F)(OC(C(C(C(C(F)(F)F)(F)F)(F)F)(F)F)(F)F)F,506.11,C11H3F17O3,35.5,690.0
768,132276613,3-Cyano-2-oxo-2h-chromen-7-yl acrylate,C=CC(=O)OC1=CC2=C(C=C1)C=C(C(=O)O2)C#N,241.2,C13H7NO4,76.4,471.0
769,129651013,"4-(Hydroxymethyl)-2,5-diphenyloxazole acrylate",C=CC(=O)OC1=CC=CC=C1C2=NC(=C(O2)C3=CC=CC=C3)CO,321.3,C19H15NO4,72.6,435.0
770,141485225,(Adamantan-1-yl)methyl 2-(hydroxymethyl)acrylate,C=CC(=O)OCC12CC3CC(CC(C3)C1)C2,250.33,C15H22O3,46.5,331.0
771,92029513,(8-Methoxy-2-oxo-2h-benzo[g]chromen-4-yl)methyl acrylate,COC1=CC2=CC3=C(C=C2C=C1)C(=CC(=O)O3)COC(=O)C=C,310.3,C18H14O5,61.8,524.0
772,22003413,Isoheptyl acrylate,CC(C)CCCCOC(=O)C=C,170.25,C10H18O2,26.3,139.0
773,155509,"Lupinine, acrylate (ester)",C=CC(=O)OC[C@@H]1CCCN2[C@@H]1CCCC2,223.31,C13H21NO2,29.5,265.0
774,3019629,1-(2-Nitrophenyl)ethyl acrylate,CC(C1=CC=CC=C1[N+](=O)[O-])OC(=O)C=C,221.21,C11H11NO4,72.1,284.0
775,3019605,(2-Chloro-6-nitrophenyl)methyl acrylate,C=CC(=O)OCC1=C(C=CC=C1Cl)[N+](=O)[O-],241.63,C10H8ClNO4,72.1,289.0
776,21293197,2-Nitroethyl acrylate,C=CC(=O)OCC[N+](=O)[O-],145.11,C5H7NO4,72.1,148.0
777,131697901,"3,5-Bis(trifluoromethyl)phenyl acrylate",C=CC(=O)OC1=CC(=CC(=C1)C(F)(F)F)C(F)(F)F,284.15,C11H6F6O2,26.3,324.0
778,129858029,Azido acrylate,C=CC(=O)ON=[N+]=[N-],113.08,C3H3N3O2,40.7,147.0
779,22134261,Nitrophenyl acrylate,C=CC(=O)OC1=CC=CC=C1[N+](=O)[O-],193.16,C9H7NO4,72.1,246.0
780,68422741,Pyrrolidino acrylate,C=CC(=O)ON1CCCC1,141.17,C7H11NO2,29.5,139.0
781,21987925,Thioglycidyl acrylate,C=CC(=O)OCC1CS1,144.19,C6H8O2S,51.6,133.0
782,87489581,Dichloromethyl acrylate,C=CC(=O)OC(Cl)Cl,154.98,C4H4Cl2O2,26.3,100.0
783,22114509,Dimethyl butyl acrylate,CCCC(C)(C)OC(=O)C=C,156.22,C9H16O2,26.3,148.0
784,12705069,t-Butyl peroxy-acrylate,CC(C)(C)OOC(=O)C=C,144.17,C7H12O3,35.5,132.0
785,20474861,1-Isobutoxyethyl acrylate,CC(C)COC(C)OC(=O)C=C,172.22,C9H16O3,35.5,152.0
786,59502637,2-Benzimidazolyl acrylate,C=CC(=O)OC1=NC2=CC=CC=C2N1,188.18,C10H8N2O2,55.0,242.0
787,18183725,Dimethylethylamino acrylate,CC(C)(C)NOC(=O)C=C,143.18,C7H13NO2,38.3,135.0
788,13668181,3-Methyl-2-butenyl acrylate,CC(=CCOC(=O)C=C)C,140.18,C8H12O2,26.3,153.0
789,19706381,"trans-4-[trans-4-(2,3-Difluorophenyl)cyclohexyl]cyclohexyl acrylate",C=CC(=O)OC1CCC(CC1)C2CCC(CC2)C3=C(C(=CC=C3)F)F,348.4,C21H26F2O2,26.3,451.0
790,163826037,"2,3-dihydro-1H-inden-2-yl acrylate",C=CC(=O)OC1CC2=CC=CC=C2C1,188.22,C12H12O2,26.3,221.0
791,129695637,Methoxytriethylene glycol acrylate,COC(COCCOCCO)(O)OC(=O)C=C,250.25,C10H18O7,94.4,231.0
792,86753069,[4'-[trans-4-[3-(Trifluoromethanesulphonyloxy)-propyl]-cyclohexyl]-biphenyl-4-yloxy]-hexyl acrylate,C=CC(=O)OCCCCCCOC1=CC=C(C=C1)C2=CC=C(C=C2)C3CCC(CC3)CCCOS(=O)(=O)C(F)(F)F,596.7,C31H39F3O6S,87.3,863.0
793,169488853,2-(Tetrafluoro (trifluoromethyl)-lambda6-sulfanyl)ethyl acrylate,C=CC(=O)OCCS(C(F)(F)F)(F)(F)(F)F,276.17,C6H7F7O2S,27.3,313.0
794,129753429,"1-[4-(1,3-Diphenyl-4,5-dihydro-1h-pyrazol-5-yl)-2,3,5,6-tetrafluorophenyl]piperidin-4-yl acrylate",C=CC(=O)OC1CCN(CC1)C2=C(C(=C(C(=C2F)F)C3CC(=NN3C4=CC=CC=C4)C5=CC=CC=C5)F)F,523.5,C29H25F4N3O2,45.1,839.0
795,20594792,"2-Propenoic acid, 4-(trans-4-propylcyclohexyl)phenyl ester",CCCC1CCC(CC1)C2=CC=C(C=C2)OC(=O)C=C,272.4,C18H24O2,26.3,307.0
796,10154104,"2-Propenoic acid, 2-(ethenyloxy)ethyl ester",C=CC(=O)OCCOC=C,142.15,C7H10O3,35.5,129.0
797,11492219,"2-Propenoic acid, 2-[[(1,1-dimethylethoxy)carbonyl]amino]ethyl ester",CC(C)(C)OC(=O)NCCOC(=O)C=C,215.25,C10H17NO4,64.599,242.0
798,22400639,(8-Hydroxyquinolin-5-yl)methyl prop-2-enoate,C=CC(=O)OCC1=C2C=CC=NC2=C(C=C1)O,229.23,C13H11NO3,59.4,292.0
799,71413787,"3-(1,1,2,2,3,3,4,4,4-Nonafluorobutane-1-sulfonyl)propyl prop-2-enoate",C=CC(=O)OCCCS(=O)(=O)C(C(C(C(F)(F)F)(F)F)(F)F)(F)F,396.23,C10H9F9O4S,68.8,574.0
800,58165347,"2-Propenoic acid, 2-(2-(2-methoxymethylethoxy)methylethoxy)methylethyl ester",CC(COC(C)COC(C)COC(=O)C=C)OC,260.329,C13H24O5,54.0,242.0
801,59245534,"6-[2,6-Difluoro-4-[4-(4-propylcyclohexyl)cyclohexyl]phenoxy]hexyl prop-2-enoate",CCCC1CCC(CC1)C2CCC(CC2)C3=CC(=C(C(=C3)F)OCCCCCCOC(=O)C=C)F,490.7,C30H44F2O3,35.5,599.0
802,57931572,Acrylic Acid 9H-fluoren-9-yl Ester,C=CC(=O)OC1C2=CC=CC=C2C3=CC=CC=C13,236.26,C16H12O2,26.3,314.0
803,15374992,Acryloxymethyltrimethylsilane,C[Si](C)(C)COC(=O)C=C,158.27,C7H14O2Si,26.3,135.0
804,4372816,2-(Acryloyloxy)ethyl acetoacetate,CC(=O)CC(=O)OCCOC(=O)C=C,200.19,C9H12O5,69.7,244.0
805,23070534,"1,3-Bis(phenylsulfanyl)propan-2-YL prop-2-enoate",C=CC(=O)OC(CSC1=CC=CC=C1)CSC2=CC=CC=C2,330.5,C18H18O2S2,76.9,312.0
806,19098703,Acrylic acid nonafluoro tert-butyl ester,C=CC(=O)OC(C(F)(F)F)(C(F)(F)F)C(F)(F)F,290.08,C7H3F9O2,26.3,298.0
807,543279,3-(Prop-2-enoyloxy)dodecane,CCCCCCCCCC(CC)OC(=O)C=C,240.38,C15H28O2,26.3,199.0
808,22728778,"2-(2,5-Dioxopyrrolidin-1-yl)ethyl prop-2-enoate",C=CC(=O)OCCN1C(=O)CCC1=O,197.19,C9H11NO4,63.7,269.0
809,20479854,"Hexane-1,1-diol; 2-propenoate",CCCCCC(O)OC(=O)C=C,172.22,C9H16O3,46.5,143.0
810,12191274,"2-Propenoic acid, 4-formyl-2-methoxyphenyl ester",COC1=C(C=CC(=C1)C=O)OC(=O)C=C,206.19,C11H10O4,52.6,249.0
811,19862056,(2-Phenyldiazenylphenyl) prop-2-enoate,C=CC(=O)OC1=CC=CC=C1N=NC2=CC=CC=C2,252.27,C15H12N2O2,51.0,335.0
812,67346638,"5-Chloro-2-(2,4-dichlorophenoxy)phenyl prop-2-enoate",C=CC(=O)OC1=C(C=CC(=C1)Cl)OC2=C(C=C(C=C2)Cl)Cl,343.6,C15H9Cl3O3,35.5,377.0
813,18629896,"2,4-Dinitrophenyl prop-2-enoate",C=CC(=O)OC1=C(C=C(C=C1)[N+](=O)[O-])[N+](=O)[O-],238.15,C9H6N2O6,118.0,344.0
814,543286,3-(Prop-2-enoyloxy)pentadecane,CCCCCCCCCCCCC(CC)OC(=O)C=C,282.5,C18H34O2,26.3,236.0
815,21872251,"2,3,4-Tribromophenyl prop-2-enoate",C=CC(=O)OC1=C(C(=C(C=C1)Br)Br)Br,384.85,C9H5Br3O2,26.3,232.0
816,14671035,"Acrylic acid 3,3,4,4,5,5,6,6,7,7,7-undecafluoroheptyl ester",C=CC(=O)OCCC(C(C(C(C(F)(F)F)(F)F)(F)F)(F)F)(F)F,368.14,C10H7F11O2,26.3,452.0
817,15390035,6-(4-Hydroxyphenoxy)hexyl prop-2-enoate,C=CC(=O)OCCCCCCOC1=CC=C(C=C1)O,264.32,C15H20O4,55.8,257.0
818,11058231,"3,6,9,12,15-Pentaoxaheptadecane-1,17-diyl diacrylate",C=CC(=O)OCCOCCOCCOCCOCCOCCOC(=O)C=C,390.4,C18H30O9,98.8,362.0
819,21981399,3-Aminopropyl prop-2-enoate,C=CC(=O)OCCCN,129.16,C6H11NO2,52.3,101.0
820,100995,"3,6,9,12-Tetraoxatetradecane-1,14-diyl diacrylate",C=CC(=O)OCCOCCOCCOCCOCCOC(=O)C=C,346.37,C16H26O8,89.5,322.0
821,3017303,2-(1H-Imidazol-1-yl)ethyl methacrylate,C=CC(=O)OCCn1ccnc1,180.2,C9H12N2O2,44.1,204.0
822,22235103,"[1,1'-Biphenyl]-4,4'-diyl diacrylate",C=CC(=O)OC1=CC=C(C=C1)C2=CC=C(C=C2)OC(=O)C=C,294.3,C18H14O4,52.6,373.0
823,21895353,"2-Propenoic acid, 3-[(2-ethylhexyl)oxy]-3-oxopropyl ester",CCCCC(CC)COC(=O)CCOC(=O)C=C,256.339,C14H24O4,52.6,261.0
824,18533715,"2-Propenoic acid, 4'-cyano[1,1'-biphenyl]-4-yl ester",C=CC(=O)OC1=CC=C(C=C1)C2=CC=C(C=C2)C#N,249.26,C16H11NO2,50.1,366.0
825,58021564,Diethyl (acryloyloxymethyl)phosphonate,CCOP(=O)(COC(=O)C=C)OCC,222.18,C8H15O5P,61.8,228.0
826,15208801,3-Isocyanatopropyl prop-2-enoate,C=CC(=O)OCCCN=C=O,155.15,C7H9NO3,55.7,182.0
827,13225029,2-Methylbutan-2-yl prop-2-enoate,CCC(C)(C)OC(=O)C=C,142.2,C8H14O2,26.3,136.0
828,223954,3-(Dibutylamino)propyl prop-2-enoate,CCCCN(CCCC)CCCOC(=O)C=C,241.37,C14H27NO2,29.5,196.0
829,293395,5-Methyl-2-(propan-2-yl)phenyl prop-2-enoate,CC1=CC(=C(C=C1)C(C)C)OC(=O)C=C,204.26,C13H16O2,26.3,233.0
830,129847129,Fluorescein O-acrylate97,C=CC(=O)OC1=CC2=C(C=C1)C3(C4=CC=CC=C4C(=O)O3)C5=CC=CC=C5O2,370.4,C23H14O5,61.8,659.0
831,543287,4-(Prop-2-enoyloxy)pentadecane,CCCCCCCCCCCC(CCC)OC(=O)C=C,282.5,C18H34O2,26.3,236.0
832,22465159,"2,3-Bis(difluoroamino)propyl prop-2-enoate",C=CC(=O)OCC(CN(F)F)N(F)F,216.13,C6H8F4N2O2,32.8,200.0
833,543281,3-(Prop-2-enoyloxy)tridecane,CCCCCCCCCCC(CC)OC(=O)C=C,254.41,C16H30O2,26.3,211.0
834,543282,4-(Prop-2-enoyloxy)tridecane,CCCCCCCCCC(CCC)OC(=O)C=C,254.41,C16H30O2,26.3,211.0
835,19911713,"2,3,4-Trichlorophenyl prop-2-enoate",C=CC(=O)OC1=C(C(=C(C=C1)Cl)Cl)Cl,251.5,C9H5Cl3O2,26.3,232.0
836,21881314,"2,2-Bis[(cyclopent-1-en-1-yl)oxy]ethyl prop-2-enoate",C=CC(=O)OCC(OC1=CCCC1)OC2=CCCC2,264.32,C15H20O4,44.8,369.0
837,45091793,"(2H-1,2,3-Triazol-4-yl)methyl prop-2-enoate",C=CC(=O)OCC1=NNN=C1,153.14,C6H7N3O2,67.9,160.0
838,543283,3-(Prop-2-enoyloxy)tetradecane,CCCCCCCCCCCC(CC)OC(=O)C=C,268.4,C17H32O2,26.3,223.0
839,543284,4-(Prop-2-enoyloxy)tetradecane,CCCCCCCCCCC(CCC)OC(=O)C=C,268.4,C17H32O2,26.3,223.0
840,543288,5-(Prop-2-enoyloxy)pentadecane,CCCCCCCCCCC(CCCC)OC(=O)C=C,282.5,C18H34O2,26.3,236.0
841,543187,"2-Propenoic acid, (1-propionato)ethyl ester",CCC(=O)OC(C)OC(=O)C=C,172.18,C8H12O4,52.6,186.0
842,13878526,"Acrylic acid 3,3,4,4,5,5,6,6,7,7,8,8,9,9,10,10,11,11,12,12,13,13,13-tricosafluorotridecyl ester",C=CC(=O)OCCC(C(C(C(C(C(C(C(C(C(C(F)(F)F)(F)F)(F)F)(F)F)(F)F)(F)F)(F)F)(F)F)(F)F)(F)F)(F)F,668.19,C16H7F23O2,26.3,975.0
843,544523,(2-Propenoyloxy-3-tert-butyl-5-methyl)phenyl-(2-hydroxy-3-tert-butyl-5-methyl)phenyl-methane,CC1=C(C(=C(C=C1)C(C)(C)C)O)CC2=C(C(=CC(=C2)C)C(C)(C)C)OC(=O)C=C,394.5,C26H34O3,46.5,568.0
844,20077225,"2,2-Difluoroethyl prop-2-enoate",C=CC(=O)OCC(F)F,136.1,C5H6F2O2,26.3,112.0
845,23325021,Pyridin-2-yl prop-2-enoate,C=CC(=O)OC1=CC=CC=N1,149.15,C8H7NO2,39.2,156.0
846,15722985,3-Chloropropyl prop-2-enoate,C=CC(=O)OCCCCl,148.59,C6H9ClO2,26.3,101.0
847,251817,2-Methylphenyl prop-2-enoate,CC1=CC=CC=C1OC(=O)C=C,162.18,C10H10O2,26.3,175.0
848,10131189,"2-Propenoic acid, 2-(2-bromo-1-oxopropoxy)ethyl ester",CC(C(=O)OCCOC(=O)C=C)Br,251.07,C8H11BrO4,52.6,202.0
849,59245520,"2-Propenoic acid 3-[2,6-difluoro-4-[(trans,trans)-4'-propyl[1,1'-bicyclohexyl]-4-yl]phenoxy]propyl ester",CCCC1CCC(CC1)C2CCC(CC2)C3=CC(=C(C(=C3)F)OCCCOC(=O)C=C)F,448.6,C27H38F2O3,35.5,555.0
850,87701904,"(9Z,12Z)-Octadeca-9,12-dien-1-YL prop-2-enoate",CCCCC/C=C\C/C=C\CCCCCCCCOC(=O)C=C,320.5,C21H36O2,26.3,329.0
851,14987130,Methoxymethyl prop-2-enoate,COCOC(=O)C=C,116.11,C5H8O3,35.5,87.7
852,11816169,1-Phenylethyl prop-2-enoate,CC(C1=CC=CC=C1)OC(=O)C=C,176.21,C11H12O2,26.3,181.0
853,543280,2-(Prop-2-enoyloxy)tridecane,CCCCCCCCCCCC(C)OC(=O)C=C,254.41,C16H30O2,26.3,211.0
854,14047273,alpha-Hydroxyethylacrylate,CC(O)OC(=O)C=C,116.11,C5H8O3,46.5,97.8
855,12803541,2-[(Bromoacetyl)oxy]ethyl prop-2-enoate,C=CC(=O)OCCOC(=O)CBr,237.05,C7H9BrO4,52.6,178.0
856,23362714,3-(Pyridin-4-yl)propyl prop-2-enoate,C=CC(=O)OCCCC1=CC=NC=C1,191.23,C11H13NO2,39.2,186.0
857,543285,2-(Prop-2-enoyloxy)pentadecane,CCCCCCCCCCCCCC(C)OC(=O)C=C,282.5,C18H34O2,26.3,236.0
858,5367501,"Acrylic acid, 5,7-octadien-1-yl ester",C=C/C=C/CCCCOC(=O)C=C,180.24,C11H16O2,26.3,192.0
859,23635725,Pentyl 4-(prop-2-enoyloxy)benzoate,CCCCCOC(=O)C1=CC=C(C=C1)OC(=O)C=C,262.3,C15H18O4,52.6,303.0
860,13878525,Acrylic acid 2-(nonadecafluorononyl)ethyl ester,C=CC(=O)OCCC(C(C(C(C(C(C(C(C(F)(F)F)(F)F)(F)F)(F)F)(F)F)(F)F)(F)F)(F)F)(F)F,568.17,C14H7F19O2,26.3,794.0
861,18764809,Bis(trimethylsilyl)methylacrylate,C[Si](C)(C)C(OC(=O)C=C)[Si](C)(C)C,230.45,C10H22O2Si2,26.3,209.0
862,86740375,Diacetone acrylamide butyl acrylate acrylic acid ethyl acrylate carbomethoxymethyl acrylate,COC(=O)COC(=O)C=C,631.7,C30H49NO13,220.0,463.0
863,4065231,9-Anthracenylmethyl acrylate,C=CC(=O)OCC1=C2C=CC=CC2=CC3=CC=CC=C31,262.3,C18H14O2,26.3,340.0
864,19761571,Propargyl-peg2-acrylate,C=CC(=O)OCCOCC#C,154.16,C8H10O3,35.5,175.0
865,13643270,"1,3-Bis(4-benzoyl-3-hydroxyphenoxy)-2-propyl acrylate",C=CC(=O)OC(COC1=CC(=C(C=C1)C(=O)C2=CC=CC=C2)O)COC3=CC(=C(C=C3)C(=O)C4=CC=CC=C4)O,538.5,C32H26O8,119.0,788.0
866,21872246,2-(1-Naphthyloxy)-ethyl acrylate,C=CC(=O)OCCOC1=CC=CC2=CC=CC=C21,242.27,C15H14O3,35.5,288.0
867,15055020,2-(2-Naphthyloxy)ethyl acrylate,C=CC(=O)OCCOC1=CC2=CC=CC=C2C=C1,242.27,C15H14O3,35.5,288.0
868,20226495,o-Phenylbenzyl acrylate,C=CC(=O)OCC1=CC=CC=C1C2=CC=CC=C2,238.28,C16H14O2,26.3,279.0
869,86607858,Acrylic acid butyl acrylate benzyl acrylate itaconic anhydride,C=CC(=O)OC=O,474.5,C25H30O9,133.0,479.0
870,86759871,2-(Toluene-4-sulfonyloxy)ethyl acrylate 3-hydroxypropyl acrylate,CC1=CC=C(C=C1)S(=O)(=O)OCCOC(=O)C=C,400.4,C18H24O8S,125.0,472.0
871,21872250,p-Chlorophenoxyethyl acrylate,C=CC(=O)OCCOC1=CC=C(C=C1)Cl,226.65,C11H11ClO3,35.5,210.0
872,102091248,6-[4-(4-Hexyloxyphenylazo)phenoxy]hexyl acrylate,CCCCCCOC1=CC=C(C=C1)N=NC2=CC=C(C=C2)OCCCCCCOC(=O)C=C,452.6,C27H36N2O4,69.5,538.0
873,86705072,"(3Z)-3-(5,5-dimethyl-2-oxo-1,3-dioxolan-4-ylidene)propyl acrylate",CC1(/C(=C/CCOC(=O)C=C)/OC(=O)O1)C,226.23,C11H14O5,61.8,340.0
874,16206038,"2-(2,3-Bis(2-hydroxypropoxy)propoxy)-1-methylethyl acrylate",CC(COCC(COCC(C)OC(=O)C=C)OCC(C)O)O,320.38,C15H28O7,94.4,308.0
875,90375286,2-(Decyldisulfanyl)ethyl acrylate,CCCCCCCCCCSSCCOC(=O)C=C,304.5,C15H28O2S2,76.9,220.0
876,54543419,Tris(4-Methyl-2-Pentoxy)Silyl Acrylate,CC(C)CC(C)O[Si](OC(C)CC(C)C)(OC(C)CC(C)C)OC(=O)C=C,402.6,C21H42O5Si,54.0,391.0
877,18513443,Hexoxyethyl acrylate,CCCCCCOCCOC(=O)C=C,200.27,C11H20O3,35.5,155.0
878,3023480,3-(2-Furyl)propyl acrylate,C=CC(=O)OCCCC1=CC=CO1,180.2,C10H12O3,39.4,177.0
879,154731038,Oleanolic acid acrylate,C[C@]12CC[C@@H](C([C@@H]1CC[C@@]3([C@@H]2CC=C4[C@]3(CC[C@@]5([C@H]4CC(CC5)(C)C)C(=O)O)C)C)(C)C)OC(=O)C=C,510.7,C33H50O4,63.6,1040.0
880,17792856,2-Isopropyladamantan-2-yl acrylate,CC(C)C1(C2CC3CC(C2)CC1C3)OC(=O)C=C,248.36,C16H24O2,26.3,341.0
881,99769780,"4,4-Bis(trifluoromethyl)-5,5,6,6,7,7,7-heptafluoroheptyl acrylate",C=CC(=O)OCCCC(C(C(C(F)(F)F)(F)F)(F)F)(C(F)(F)F)C(F)(F)F,432.18,C12H9F13O2,26.3,527.0
882,57951767,2-(2-Benzylphenoxy)ethyl acrylate,C=CC(=O)OCCOC1=CC=CC=C1CC2=CC=CC=C2,282.3,C18H18O3,35.5,320.0
883,13262708,2-Naphtylmethyl acrylate,C=CC(=O)OCC1=CC2=CC=CC=C2C=C1,212.24,C14H12O2,26.3,260.0
884,77078233,Azido-PEG4-Acrylate,C=CC(=O)OCCOCCOCCOCCN=[N+]=[N-],273.29,C11H19N3O5,68.4,292.0
885,54336186,Naphthalenylthioethyl acrylate,C=CC(=O)OCCSC1=CC2=CC=CC=C2C=C1,258.3,C15H14O2S,51.6,290.0
886,81862,"2-(Ethyl(3-methyl-4-((2,4,5-trichlorophenyl)diazo)phenyl)amino)ethyl acrylate",CCN(CCOC(=O)C=C)C1=CC(=C(C=C1)N=NC2=CC(=C(C=C2Cl)Cl)Cl)C,440.7,C20H20Cl3N3O2,54.3,549.0
887,20226493,Meta-phenylbenzyl acrylate,C=CC(=O)OCC1=CC(=CC=C1)C2=CC=CC=C2,238.28,C16H14O2,26.3,279.0
888,54320061,2-(Acryloyloxyethoxy)phenol acrylate,C=CC(=O)OCCOC1=CC=CC=C1OC(=O)C=C,262.26,C14H14O5,61.8,337.0
889,86736826,Ethylbeta-amino-beta-ethoxy acrylate,CCC(C)(N)OOC(=O)C=C,159.18,C7H13NO3,61.6,158.0
890,168449191,2-(Hexyldisulfanyl)ethyl Acrylate,CCCCCCSSCCOC(=O)C=C,248.4,C11H20O2S2,76.9,172.0
891,21896341,1-Ethylcyclopentyl acrylate,CCC1(CCCC1)OC(=O)C=C,168.23,C10H16O2,26.3,178.0
892,19598189,4-Acetoxybenzyl acrylate,CC(=O)OC1=CC=C(C=C1)COC(=O)C=C,220.22,C12H12O4,52.6,264.0
893,44607791,3-Iodobenzyl acrylate,C=CC(=O)OCC1=CC(=CC=C1)I,288.08,C10H9IO2,26.3,191.0
894,20342959,Cumylphenyl acrylate,CC(C)(C1=CC=CC=C1)C2=CC=CC=C2OC(=O)C=C,266.3,C18H18O2,26.3,339.0
895,67891023,2-Cyclopentylpropan-2-yl acrylate,CC(C)(C1CCCC1)OC(=O)C=C,182.26,C11H18O2,26.3,200.0
896,86614223,2-(5-Dimethylamino-naphthalene-1-sulfonyloxy)-ethyl acrylate,CN(C)C1=CC=CC2=C1C=CC=C2S(=O)(=O)OCCOC(=O)C=C,349.4,C17H19NO5S,81.3,540.0
897,88543247,2-(2-((Tert-butoxycarbonyl)amino)ethoxy)ethyl acrylate,CC(C)(C)OC(=O)NCCOCCOC(=O)C=C,259.3,C12H21NO5,73.9,283.0
898,21496847,N-methylol-beta-ureidoethyl acrylate,C=CC(=O)OCCN(CO)C(=O)N,188.18,C7H12N2O4,92.9,205.0
899,86741359,Diethylaminoethyl 2-(1-hydroxycarbethoxymethyl)-acrylate,C=CC(=O)OCCN(CC)CC,273.33,C13H23NO5,76.1,312.0
900,102223599,5-Hydroxy-2-vinylphenyl acrylate,C=CC1=C(C=C(C=C1)O)OC(=O)C=C,190.19,C11H10O3,46.5,235.0
901,85552495,(e)-2-(4-((4-Methoxyphenyl)diazenyl)phenoxy)ethyl acrylate,COC1=CC=C(C=C1)N=NC2=CC=C(C=C2)OCCOC(=O)C=C,326.3,C18H18N2O4,69.5,411.0
902,129834447,"6-((1-Benzyl-4-methyl-2-oxo-1,2-dihydroquinolin-7-yl)oxy)hexyl acrylate",CC1=CC(=O)N(C2=C1C=CC(=C2)OCCCCCCOC(=O)C=C)CC3=CC=CC=C3,419.5,C26H29NO4,55.8,637.0
903,129815894,Ferrocenoyl acrylate,C=CC(=O)OC(=C1C=CC=C1)O,285.1,C14H13FeO3-,46.5,349.0
904,54033718,"2-(4-Chlorophenyl)-2-[(1,2,4-triazol-1-yl)methyl]hexyl acrylate",CCCCC(CN1C=NC=N1)(COC(=O)C=C)C2=CC=C(C=C2)Cl,347.8,C18H22ClN3O2,57.0,413.0
905,129762902,Trichloromethylisopropyl acrylate,CC(C)(C(Cl)(Cl)Cl)OC(=O)C=C,231.5,C7H9Cl3O2,26.3,193.0
906,54311286,"1,3-Bis-(benzylthio)-2-propyl acrylate",C=CC(=O)OC(CSCC1=CC=CC=C1)CSCC2=CC=CC=C2,358.5,C20H22O2S2,76.9,337.0
907,117909270,(4-(4-((8-(3-Acrylamidophenyl)quinazolin-2-yl)amino)phenyl)piperazin-1-yl)ethyl acrylate,C=CC(=O)NC1=CC=CC(=C1)C2=CC=CC3=CN=C(N=C32)NC4=CC=C(C=C4)N5CCN(CC5)CCOC(=O)C=C,548.6,C32H32N6O3,99.7,885.0
908,131718422,Isobornyl methacrylate butyl acrylate isobornylmethacrylate,C=CC(=O)OC1C[C@H]2CC[C@]1(C)C2(C)C,572.8,C35H56O6,78.9,440.0
909,155908502,2-((Diethylamino)methyl)-4-methylphenyl acrylate,CCN(CC)CC1=C(C=CC(=C1)C)OC(=O)C=C,247.33,C15H21NO2,29.5,274.0
910,129721590,"p-(2,3-Dicyano-2,3-dicarbomethoxycyclopropyl)phenyl acrylate",COC(=O)C1(C(C1(C#N)C(=O)OC)C2=CC=C(C=C2)OC(=O)C=C)C#N,354.3,C18H14N2O6,127.0,693.0
911,129834454,"2-(2-((1-Benzyl-2-oxo-4-phenyl-1,2-dihydroquinolin-7-yl)oxy)ethoxy)ethyl acrylate",C=CC(=O)OCCOCCOC1=CC2=C(C=C1)C(=CC(=O)N2CC3=CC=CC=C3)C4=CC=CC=C4,469.5,C29H27NO5,65.099,737.0
912,3023346,5-(3-Bromo-1-oxopropoxy)pentyl acrylate,C=CC(=O)OCCCCCOC(=O)CCBr,293.15,C11H17BrO4,52.6,228.0
913,15722986,2-Iodoethyl acrylate,C=CC(=O)OCCI,226.01,C5H7IO2,26.3,90.4
914,11959825,2-Oxotetrahydrofuran-3-yl acrylate,C=CC(=O)OC1CCOC1=O,156.14,C7H8O4,52.6,197.0
915,53729170,Dimethoxy(propyl)silyl acrylate,CCC[Si](OC)(OC)OC(=O)C=C,204.3,C8H16O4Si,44.8,177.0
916,99770079,"2-Cyano-1,3-difluorotetrachloropropan-2-yl acrylate",C=CC(=O)OC(C#N)(C(F)(Cl)Cl)C(F)(Cl)Cl,312.9,C7H3Cl4F2NO2,50.1,349.0
917,99770075,2-Cyanohexafluoropropan-2-yl acrylate,C=CC(=O)OC(C#N)(C(F)(F)F)C(F)(F)F,247.09,C7H3F6NO2,50.1,332.0
918,99770076,"2-Cyano-1,3-dichlorotetrafluoropropan-2-yl acrylate",C=CC(=O)OC(C#N)(C(F)(F)Cl)C(F)(F)Cl,280.0,C7H3Cl2F4NO2,50.1,349.0
919,99769778,Perfluoro(1-methylcyclohexyl) acrylate,C=CC(=O)OC1(C(C(C(C(C1(F)F)(F)F)(F)F)(F)F)(F)F)C(F)(F)F,402.11,C10H3F13O2,26.3,558.0
920,141170139,"3,3-Diphenylpropyl acrylate",C=CC(=O)OCCC(C1=CC=CC=C1)C2=CC=CC=C2,266.3,C18H18O2,26.3,281.0
921,57548328,5-Butoxymethylfurfuryl acrylate,CCCCOCC1=CC=C(O1)COC(=O)C=C,238.28,C13H18O4,48.7,240.0
922,15208778,2-((Methoxycarbonyl)amino)ethyl acrylate,COC(=O)NCCOC(=O)C=C,173.17,C7H11NO4,64.599,178.0
923,141326481,8-(4-Pentylphenoxy)octyl acrylate,CCCCCC1=CC=C(C=C1)OCCCCCCCCOC(=O)C=C,346.5,C22H34O3,35.5,332.0
924,16683368,Trimethyllead acrylate,C[Pb](C)(C)OC(=O)C=C,323.0,C6H12O2Pb,26.3,124.0
925,10241458,3-Chlorophenyl acrylate,C=CC(=O)OC1=CC(=CC=C1)Cl,182.6,C9H7ClO2,26.3,179.0
926,154704334,"4,4-Bis(trifluoromethyl)-5,5,5-trifluoropentyl acrylate",C=CC(=O)OCCCC(C(F)(F)F)(C(F)(F)F)C(F)(F)F,332.16,C10H9F9O2,26.3,341.0
927,59642034,"2-((Octahydro-2H-2,5-methanoindeno[1,2-b]oxiren-4-yl)oxy)ethyl acrylate",C=CC(=O)OCCOC1CC2CC1C3C2C4C(C3)O4,264.32,C15H20O4,48.1,407.0
928,129723103,Ethal acrylate,CCCCCCCCCCCCCCCC(O)OC(=O)C=C,312.5,C19H36O3,46.5,263.0
929,139722226,Tridecan-7-YL acrylate,CCCCCCC(CCCCCC)OC(=O)C=C,254.41,C16H30O2,26.3,199.0
930,129884945,Chromone acrylate,C=CC(=O)OC1=CC(=O)C2=CC=CC=C2O1,216.19,C12H8O4,52.6,356.0
931,121420658,Heptadecan-9-YL acrylate,CCCCCCCCC(CCCCCCCC)OC(=O)C=C,310.5,C20H38O2,26.3,244.0
932,129634875,Thiododecyl acrylate,CCCCCCCCCCCC(OC(=O)C=C)S,272.4,C15H28O2S,27.3,217.0
933,129892792,Azobenzene di-acrylate,C=CC(=O)OC1=CC=CC(=C1OC(=O)C=C)N=NC2=CC=CC=C2,322.3,C18H14N2O4,77.3,497.0
934,58319698,"3-((2,5-Dioxopyrrolidin-1-yl)oxy)-3-oxopropyl acrylate",C=CC(=O)OCCC(=O)ON1C(=O)CCC1=O,241.2,C10H11NO6,90.0,359.0
935,129722417,Acrylate carbonyl carbon,C=CC(=O)OC(=C=O)OC(=O)C=C,182.13,C8H6O5,69.7,272.0
936,129677102,Ferrocenylmethyl acrylate,C=CC(=O)OC[C-]1C=CC=C1,270.1,C14H14FeO2,26.3,206.0
937,129818296,Trimethoxyphenyl acrylate,COC1=C(C(=C(C=C1)OC(=O)C=C)OC)OC,238.24,C12H14O5,54.0,266.0
938,22123752,4-Hydroxybenzyl acrylate,C=CC(=O)OCC1=CC=C(C=C1)O,178.18,C10H10O3,46.5,181.0
939,67058367,3-Phenoxyphenyl acrylate,C=CC(=O)OC1=CC=CC(=C1)OC2=CC=CC=C2,240.25,C15H12O3,35.5,282.0
940,69837073,(Pyrazol-5-yl)acrylate,C=CC(=O)OC1=CC=NN1,138.12,C6H6N2O2,55.0,147.0
941,132277864,Phenyl-imidazole acrylate,C=CC(=O)OC1=NC=CN1C2=CC=CC=C2,214.22,C12H10N2O2,44.1,262.0
942,54438140,Oxazolidinylethyl acrylate,C=CC(=O)OCCC1NCCO1,171.19,C8H13NO3,47.6,170.0
943,54523676,Capryloyloxyethyl acrylate,CCCCCCCC(=O)OCCOC(=O)C=C,242.31,C13H22O4,52.6,236.0
944,102466680,N-benzylprolinol acrylate,C=CC(=O)OC[C@@H]1CCCN1CC2=CC=CC=C2,245.32,C15H19NO2,29.5,284.0
945,155490364,Phenylnaphthalene acrylate,C=CC(=O)OC1=C(C2=CC=CC=C2C=C1)C3=CC=CC=C3,274.3,C19H14O2,26.3,370.0
946,129819794,12-Nitrododecyl acrylate,C=CC(=O)OCCCCCCCCCCCC[N+](=O)[O-],285.38,C15H27NO4,72.1,274.0
947,164946354,(e)-3-Hexenyl acrylate,CC/C=C/CCOC(=O)C=C,154.21,C9H14O2,26.3,148.0
948,129675135,2-Vinylbenzofuran acrylate,C=CC1=C(C2=CC=CC=C2O1)OC(=O)C=C,214.22,C13H10O3,39.4,298.0
949,129851950,"3,5-Dibromobenzyl acrylate",C=CC(=O)OCC1=CC(=CC(=C1)Br)Br,319.98,C10H8Br2O2,26.3,208.0
950,23173068,3-Formamido-propyl acrylate,C=CC(=O)OCCCNC=O,157.17,C7H11NO3,55.4,145.0
951,129762066,Vinylmethyltetrazole acrylate,C=CCC1=NN=NN1OC(=O)C=C,180.16,C7H8N4O2,69.9,219.0
952,131749375,Ethyl-3-ferrocenyl acrylate,CCC1=C[C-](C=C1)OC(=O)C=C,284.13,C15H16FeO2,26.3,186.0
953,171714604,t-Butyl bromomethyl acrylate,C=CC(=O)OCBr,221.09,C8H13BrO2,26.3,167.0
954,54376974,Cyanoethoxyneopentyl Acrylate,CC(C)(C)C(OCCC#N)OC(=O)C=C,211.26,C11H17NO3,59.3,269.0
955,57428991,3-Chloro-3-oxopropyl acrylate,C=CC(=O)OCCC(=O)Cl,162.57,C6H7ClO3,43.4,153.0
956,117830683,Tetrabutylphosphonium acrylate,CCCCP(CCCC)(CCCC)(CCCC)OC(=O)C=C,330.5,C19H39O2P,26.3,282.0
957,129714184,3-Chloro-2-butenyl acrylate,CC(=CCOC(=O)C=C)Cl,160.6,C7H9ClO2,26.3,161.0
958,19861678,2-(2-(2-Butoxyethoxy)ethoxy)ethyl acrylate,CCCCOCCOCCOCCOC(=O)C=C,260.329,C13H24O5,54.0,206.0
959,21868081,1-(Dimethoxymethylsilyl)propyl acrylate,CCC(OC(=O)C=C)[Si]C(OC)OC,216.31,C9H16O4Si,44.8,180.0
960,145430716,3-(Phenylthio)benZyl acrylate,C=CC(=O)OCC1=CC(=CC=C1)SC2=CC=CC=C2,270.3,C16H14O2S,51.6,297.0
961,68773183,p-Diethylaminophenethyl acrylate,CCN(CC)C1=CC=C(C=C1)CCOC(=O)C=C,247.33,C15H21NO2,29.5,253.0
962,12084305,"1-(2-Hydroxy-2-methylpropoxy)-2,2,6,6-tetramethylpiperidin-4-yl Acrylate",CC1(CC(CC(N1OCC(C)(C)O)(C)C)OC(=O)C=C)C,299.41,C16H29NO4,59.0,383.0
963,13590738,"2-(2-Oxo-1,3,2-dioxaphospholan-2-yloxy)ethyl acrylate",C=CC(=O)OCCOP1(=O)OCCO1,222.13,C7H11O6P,71.1,253.0
964,14693048,"1,6-Hexanediol monomethyl ether acrylate",COCCCCCCOC(=O)C=C,186.25,C10H18O3,35.5,143.0
965,15509192,1-Cyclohexylcyclopentyl acrylate,C=CC(=O)OC1(CCCC1)C2CCCCC2,222.32,C14H22O2,26.3,258.0
966,18426508,2-(Methylsulfonyl)ethyl acrylate,CS(=O)(=O)CCOC(=O)C=C,178.21,C6H10O4S,68.8,234.0
967,18546536,3-Methylthio-1-propyl acrylate,CSCCCOC(=O)C=C,160.24,C7H12O2S,51.6,112.0
968,18952360,5-Chloro-4-(dimethylamino)-8-quinazolinyl acrylate,CN(C)C1=NC=NC2=C(C=CC(=C21)Cl)OC(=O)C=C,277.7,C13H12ClN3O2,55.3,351.0
969,18979455,6-[4'-[trans-4-(3-Oxo-propyl)-cyclohexyl]-biphenyl-4-yloxy]-hexyl acrylate,C=CC(=O)OCCCCCCOC1=CC=C(C=C1)C2=CC=C(C=C2)C3CCC(CC3)CCC=O,462.6,C30H38O4,52.6,579.0
970,18979564,6-[4'-[trans-4-(3-Hydroxy-propyl)-cyclohexyl]-biphenyl-4-yloxy]-hexyl acrylate,C=CC(=O)OCCCCCCOC1=CC=C(C=C1)C2=CC=C(C=C2)C3CCC(CC3)CCCO,464.6,C30H40O4,55.8,552.0
971,19598186,p-Trimethylsilyloxybenzyl acrylate,C[Si](C)(C)OC1=CC=C(C=C1)COC(=O)C=C,250.36,C13H18O3Si,35.5,262.0
972,19778492,"1-Octyloxy-2,2,6,6-tetramethylpiperidin-4-yl acrylate",CCCCCCCCON1C(CC(CC1(C)C)OC(=O)C=C)(C)C,339.5,C20H37NO3,38.8,386.0
973,22413884,4-(2-Cyanoethoxy)butyl Acrylate,C=CC(=O)OCCCCOCCC#N,197.23,C10H15NO3,59.3,217.0
974,44457096,6-Aminopenicillanic acid acrylate,CC(=O)OCC([C@@H]1[C@@H]([C@H]2[C@@H](O1)OC(O2)(C)C)OC(=O)C=C)OC(=O)CCC(=O)N[C@H]3C4N(C3=O)[C@H](C(S4)(C)C)C(=O)O,614.6,C26H34N2O13S,219.0,1170.0
975,53752639,"1-(5,5-Dimethyl-1,3-dioxan-2-yl]-2-propyl acrylate",CC(CC1OCC(CO1)(C)C)OC(=O)C=C,228.28,C12H20O4,44.8,250.0
976,53767698,"1-Octadecyloxy-2,2,6,6-tetramethylpiperidin-4-yl acrylate",CCCCCCCCCCCCCCCCCCON1C(CC(CC1(C)C)OC(=O)C=C)(C)C,479.8,C30H57NO3,38.8,525.0
977,57783180,3-(4'-(Di-p-tolylamino)biphenyl-4-yl)propyl acrylate,CC1=CC=C(C=C1)N(C2=CC=C(C=C2)C)C3=CC=C(C=C3)C4=CC=C(C=C4)CCCOC(=O)C=C,461.6,C32H31NO2,29.5,608.0
978,58048850,"1,3-Bis(2-naphthoxy)propan-2-yl acrylate",C=CC(=O)OC(COC1=CC2=CC=CC=C2C=C1)COC3=CC4=CC=CC=C4C=C3,398.4,C26H22O4,44.8,523.0
979,58231720,"2,4,6-Tris(4-dibenzothiophenyl)phenyl acrylate",C=CC(=O)OC1=C(C=C(C=C1C2=CC=CC3=C2SC4=CC=CC=C34)C5=CC=CC6=C5SC7=CC=CC=C67)C8=CC=CC9=C8SC1=CC=CC=C91,694.9,C45H26O2S3,111.0,1180.0
980,58231724,3-(4-Dibenzothiophenyl)phenyl acrylate,C=CC(=O)OC1=CC=CC(=C1)C2=CC=CC3=C2SC4=CC=CC=C34,330.4,C21H14O2S,54.5,477.0
981,58231726,"2,4-Bis(2-benzothiophenyl)phenyl acrylate",C=CC(=O)OC1=C(C=C(C=C1)C2=CC3=CC=CC=C3S2)C4=CC5=CC=CC=C5S4,412.5,C25H16O2S2,82.8,608.0
982,58231729,"2,4-Bis(3-benzothiophenyl)phenyl acrylate",C=CC(=O)OC1=C(C=C(C=C1)C2=CSC3=CC=CC=C32)C4=CSC5=CC=CC=C54,412.5,C25H16O2S2,82.8,608.0
983,59705777,"2'-Acryloyloxy-5,6,7,8,5',6',7',8'-octahydro[1,1']binaphthalenyl-2-yl acrylate",C=CC(=O)OC1=C(C2=C(CCCC2)C=C1)C3=C(C=CC4=C3CCCC4)OC(=O)C=C,402.5,C26H26O4,52.6,599.0
984,68636312,3-[(3-Ethyloxetan-3-yl)methoxy]-1-adamantyl acrylate,CCC1(COC1)COC23CC4CC(C2)CC(C4)(C3)OC(=O)C=C,320.4,C19H28O4,44.8,494.0
985,68648721,1-[(1-Adamantyl)methoxy]-2-methylpropyl acrylate,CC(C)C(OCC12CC3CC(C1)CC(C3)C2)OC(=O)C=C,292.4,C18H28O3,35.5,371.0
986,68915228,(+/-)-(5-Dimethylamino-2-oxo-5-phenylcyclohexyl)methyl acrylate,CN(C)C1(CCC(=O)C(C1)COC(=O)C=C)C2=CC=CC=C2,301.4,C18H23NO3,46.6,426.0
987,69060682,"3,4-Dichlorophenylmethyl acrylate",C=CC(=O)OCC1=CC(=C(C=C1)Cl)Cl,231.07,C10H8Cl2O2,26.3,218.0
988,70029087,4-[(3-Chloro-4-hydroxybenzoyl)hydrazonomethyl]naphthyl Acrylate,C=CC(=O)OC1=CC=C(C2=CC=CC=C21)C=NNC(=O)C3=CC(=C(C=C3)O)Cl,394.8,C21H15ClN2O4,88.0,611.0
989,71309119,"Butyl acrylate-2-13C, >=99 atom % 13C, >=99% (CP), contains 10-50 ppm methyl ethyl hydroquinone as stabilizer",CCCCOC(=O)[13CH]=C,129.16,C7H12O2,26.3,97.1
990,86643208,1-Benzyloxyethyl methacrylate glycidyl acrylate 2-hydroxyethyl methacrylate,C=CC(=O)OC(C)OCc1ccccc1,478.5,C25H34O9,121.0,489.0
991,18718363,"2-(2,5-Dioxo-2,5-dihydro-1H-pyrrol-1-YL)ethyl acrylate",C=CC(=O)OCCN1C(=O)C=CC1=O,195.17,C9H9NO4,63.7,301.0
992,20536718,3-(2-Cyanoethoxy)butyl Acrylate,CC(CCOC(=O)C=C)OCCC#N,197.23,C10H15NO3,59.3,229.0
993,59266108,2-[2-(2-Naphthyloxy)ethoxy]ethyl acrylate,C=CC(=O)OCCOCCOC1=CC2=CC=CC=C2C=C1,286.32,C17H18O4,44.8,329.0
994,86676520,"1,5-Diphenylpentan-3-yl acrylate",C=CC(=O)OC(CCC1=CC=CC=C1)CCC2=CC=CC=C2,294.4,C20H22O2,26.3,303.0
995,89485934,(2-Bromo-2-n-butoxycarbonyl)ethyl Acrylate,CCC(C)(OC(=O)CCOC(=O)C=C)Br,279.13,C10H15BrO4,52.6,252.0
996,118107964,2-[4-(4-Phenoxyphenoxy)phenyl)ethyl acrylate,C=CC(=O)OCCC1=CC=C(C=C1)OC2=CC=C(C=C2)OC3=CC=CC=C3,360.4,C23H20O4,44.8,441.0
997,118536010,4-[Tris(4-methoxyphenyl)methyl]phenoxyethyl Acrylate,COC1=CC=C(C=C1)C(C2=CC=C(C=C2)OC)(C3=CC=C(C=C3)OC)C4=CC=C(C=C4)OCCOC(=O)C=C,524.6,C33H32O6,63.2,663.0
998,155432394,"Acrylate PEG Succinimidyl Propionate,MW 3.5K",CC(C)(CCOC(C)(C)CC(=O)ON1C(=O)CCC1=O)OC(=O)C=C,355.4,C17H25NO7,99.2,549.0
999,164109228,"3-Hydroxy-1,4-dioxospiro[4.5]decan-2-yl acrylate",C=CC(=O)OC1C(C(=O)C2(C1=O)CCCCC2)O,252.26,C13H16O5,80.7,406.0
1000,18979434,"6-[4'-[trans-4-(2-[1,3]Dioxolan-2-yl-ethyl)-cyclohexyl]-biphenyl-4-yloxy]-hexyl acrylate",C=CC(=O)OCCCCCCOC1=CC=C(C=C1)C2=CC=C(C=C2)C3CCC(CC3)CCC4OCCO4,506.7,C32H42O5,54.0,636.0
1001,23572123,"8-Tricyclo[5.2.1.02,6]decyl alpha-(acetoxymethyl)acrylate",C=CC(=O)OC1CC2CC1C1CCCC21,278.34,C16H22O4,52.6,442.0
1002,57596650,"4'-(N,N-bis(4-methylphenyl)amino)stilbene-2-yl acrylate",CC1=CC=C(C=C1)N(C2=CC=C(C=C2)C)C3=CC=C(C=C3)C=CC4=CC=CC=C4OC(=O)C=C,445.5,C31H27NO2,29.5,641.0
1003,86600776,Behenyl acrylate octyl methacrylate vinyl benzoate,C=CC(=O)OCCCCCCCC,727.1,C46H78O6,78.9,630.0
1004,86736827,Ethyl-beta-ethylureido-beta-ethoxy acrylate,CCC(C)(NC(=O)NCC)OOC(=O)C=C,230.26,C10H18N2O4,76.7,268.0
1005,86736828,Ethyl-beta-phenylureido-beta-ethoxy acrylate,CCC(C)(NC(=O)NC1=CC=CC=C1)OOC(=O)C=C,278.3,C14H18N2O4,76.7,353.0
1006,86761358,(4-[(1-Aminocyclobutanecarbonyl)amino]phenyl}acrylate hydrochloride,C=CC(=O)OC1=CC=C(C=C1)NC(=O)C2(CCC2)N,296.75,C14H17ClN2O3,81.4,369.0
1007,131744810,Triphenylsilylphenoxyethyl Acrylate,C=CC(=O)OCC(OC1=CC=CC=C1)[Si](C2=CC=CC=C2)(C3=CC=CC=C3)C4=CC=CC=C4,450.6,C29H26O3Si,35.5,550.0
1008,102380778,3-(1-Propenyl) oxypropyl acrylate,C/C=C/OCCCOC(=O)C=C,170.21,C9H14O3,35.5,161.0
1009,129854610,3-(Decyloxy)-3-oxopropyl acrylate,CCCCCCCCCCOC(=O)CCOC(=O)C=C,284.39,C16H28O4,52.6,274.0
1010,12860622,"(1R,2S,5R)-5-Methyl-2-(1-methyl-1-(4-methoxyphenyl)ethyl)-cyclohexane-1-YL acrylate",C[C@@H]1CC[C@H]([C@@H](C1)OC(=O)C=C)C(C)(C)C2=CC=C(C=C2)OC,316.4,C20H28O3,35.5,407.0
1011,129694092,Trimethoxy(methyl)silyl (meth)acrylate,C=CC(=O)O[Si]C(OC)(OC)OC,218.28,C8H14O5Si,54.0,204.0
1012,129721294,p-(Tetracyanocyclobutyl)phenyl acrylate,C=CC(=O)OC1=CC=C(C=C1)C2C(CC2(C#N)C#N)(C#N)C#N,302.29,C17H10N4O2,122.0,650.0
1013,129854619,3-(Tetradecyloxy)-3-oxopropyl acrylate,CCCCCCCCCCCCCCOC(=O)CCOC(=O)C=C,340.5,C20H36O4,52.6,326.0
1014,145994990,2-(7-Chloroquinolin-4-yloxy)ethyl acrylate,C=CC(=O)OCCOC1=C2C=CC(=CC2=NC=C1)Cl,277.7,C14H12ClNO3,48.4,324.0
1015,163752588,"2-Oxobenzo(d)(1,3)oxathiol-6-yl acrylate",C=CC(=O)OC1=CC2=C(C=C1)SC(=O)O2,222.22,C10H6O4S,77.9,302.0
1016,129883423,2-((4-Nitrobenzylidene)amino)ethyl acrylate,C=CC(=O)OCCN=CC1=CC=C(C=C1)[N+](=O)[O-],248.23,C12H12N2O4,84.5,328.0
1017,129721343,N-(2-hydroxyethyl)-3-bromocarbazolyl acrylate,C=CC(=O)OC1=CC(=CC2=C1N(C3=CC=CC=C32)CCO)Br,360.2,C17H14BrNO3,51.5,430.0
1018,129742744,5-Butoxybicyclo[2.2.1]heptan-2-yl acrylate,CCCCOC1CC2CC1CC2OC(=O)C=C,238.32,C14H22O3,35.5,287.0
1019,129879867,4-((4-Nitrobenzylidene)amino)phenyl acrylate,C=CC(=O)OC1=CC=C(C=C1)N=CC2=CC=C(C=C2)[N+](=O)[O-],296.28,C16H12N2O4,84.5,428.0
1020,85977944,4-((4-Methoxybenzylidene)amino)phenyl acrylate,COC1=CC=C(C=C1)C=NC2=CC=C(C=C2)OC(=O)C=C,281.3,C17H15NO3,47.9,364.0
1021,129692699,[4-(Isobutoxycarbonyloxy)phenyl]methyl acrylate,CC(C)COC(=O)OC1=CC=C(C=C1)COC(=O)C=C,278.3,C15H18O5,61.8,329.0
1022,129883324,4-((4-Methoxybenzylidene)amino)benzyl acrylate,COC1=CC=C(C=C1)C=NC2=CC=C(C=C2)COC(=O)C=C,295.3,C18H17NO3,47.9,378.0
1023,129721791,"N-(2-hydroxyethyl)-3,6-dibromocarbazolyl acrylate",C=CC(=O)OC1=CC(=CC2=C1N(C3=C2C=C(C=C3)Br)CCO)Br,439.1,C17H13Br2NO3,51.5,461.0
1024,129851391,"N-(2-hydroxyethyl)-3,6-diiodocarbazolyl acrylate",C=CC(=O)OC1=CC(=CC2=C1N(C3=C2C=C(C=C3)I)CCO)I,533.1,C17H13I2NO3,51.5,461.0
1025,129824284,"[2-(4-Chlorophenyl)-1,3-dioxolan-4-yl]methyl acrylate",C=CC(=O)OCC1COC(O1)C2=CC=C(C=C2)Cl,268.69,C13H13ClO4,44.8,299.0
1026,164510984,2-Methyl-4-phenylbutan-2-yl 2-(4-acetylphenyl)acrylate,C=CC(=O)OC(C)(C)CCc1ccccc1,336.4,C22H24O3,43.4,478.0
1027,132275594,2-((Dimethylamino)methyl)-4-formyl-6-methoxy-phenyl acrylate,CN(C)CC1=C(C(=CC(=C1)C=O)OC)OC(=O)C=C,263.29,C14H17NO4,55.8,329.0
1028,155293052,(e)-4-(3-Oxo-3-(pyren-1-yl)prop-1-en-1-yl)phenyl acrylate,C=CC(=O)OC1=CC=C(C=C1)/C=C/C(=O)C2=C3C=CC4=CC=CC5=C4C3=C(C=C5)C=C2,402.4,C28H18O3,43.4,716.0
1029,164511035,"(1S,2R,5S)-5-methyl-2-(prop-1-en-2-yl)cyclohexyl acrylate",C[C@H]1CCC([C@H](C1)OC(=O)C=C)C(=C)C,208.3,C13H20O2,26.3,268.0
1030,168059192,2-((Diisopropylamino)methyl)-4-formyl-6-methoxyphenyl acrylate,CC(C)N(CC1=C(C(=CC(=C1)C=O)OC)OC(=O)C=C)C(C)C,319.4,C18H25NO4,55.8,400.0
1031,71310572,"Hafnium carboxyethyl acrylate, 60% in 1-butanol, contains 500 ppm methyl hydroquinone as inhibitor",C=CC(=O)OCCC(=O)[O-],751.0,C24H28HfO16,266.0,144.0
1032,164889234,"(5S,8R,9S,10S,13S,17S)-10,13-dimethyl-3-oxohexadecahydro-1H-cyclopenta[a]phenanthren-17-yl acrylate",C[C@]12CCC(=O)C[C@@H]1CC[C@@H]3[C@@H]2CC[C@]4(C3CC[C@@H]4OC(=O)C=C)C,344.5,C22H32O3,43.4,596.0
1033,54002635,3-(Naphthalen-2-yloxy)propyl acrylate,C=CC(=O)OCCCOC1=CC2=CC=CC=C2C=C1,256.3,C16H16O3,35.5,300.0
1034,15621063,4-Benzylbenzyl acrylate,C=CC(=O)OCC1=CC=C(C=C1)CC2=CC=CC=C2,252.31,C17H16O2,26.3,284.0
1035,59172001,11-Phosphonoundecyl acrylate,C=CC(=O)OCCCCCCCCCCCP(=O)(O)O,306.33,C14H27O5P,83.8,311.0
1036,57859159,2-Acrylate-4-oxa-tricyclo[4.2.1.03.7]nonan-5-one,C=CC(=O)OC1C2CC3C1C(=O)OC3C2,208.21,C11H12O4,52.6,349.0
1037,44152441,"8-(2-Hydroxypropoxy)-1,4,12-trimethyl-14-oxo-3,6,10,13-tetraoxahexadec-15-en-1-yl acrylate",CC(COC(COCC(C)OCC(C)OC(=O)C=C)COCC(C)OC(=O)C=C)O,432.5,C21H36O9,110.0,509.0
1038,155643744,2-(Octyldisulfanyl)ethyl acrylate,CCCCCCCCSSCCOC(=O)C=C,276.5,C13H24O2S2,76.9,196.0
1039,146014315,"1,1-Bis(trifluoromethyl)-2,2,2-trichloroethyl acrylate",C=CC(=O)OC(C(F)(F)F)(C(F)(F)F)C(Cl)(Cl)Cl,339.4,C7H3Cl3F6O2,26.3,329.0
1040,10308068,Anthracen-9-yl acrylate,C=CC(=O)OC1=C2C=CC=CC2=CC3=CC=CC=C31,248.27,C17H12O2,26.3,327.0
1041,21871639,4-Hydroxyphenethyl acrylate,C=CC(=O)OCCC1=CC=C(C=C1)O,192.21,C11H12O3,46.5,193.0
1042,56835609,5-(N-Ethylacetamido)pentyl acrylate,CCN(CCCCCOC(=O)C=C)C(=O)C,227.3,C12H21NO3,46.6,238.0
1043,5142305,"4-(4-Nitro-1,3-dioxoisoindolin-2-yl)phenyl acrylate",C=CC(=O)OC1=CC=C(C=C1)N2C(=O)C3=C(C2=O)C(=CC=C3)[N+](=O)[O-],338.27,C17H10N2O6,110.0,605.0
1044,54384939,1-ethyl-1-methylpropyl Acrylate,CCC(C)(CC)OC(=O)C=C,156.22,C9H16O2,26.3,146.0
1045,15685473,3-Cyanopropyl acrylate,C=CC(=O)OCCCC#N,139.15,C7H9NO2,50.1,166.0
1046,129786647,Thietyl acrylate,C=CC(=O)OC1C=CS1,142.18,C6H6O2S,51.6,162.0
1047,53719424,Farnesol acrylate,CC(=CCCC(=CCCC(=CCOC(=O)C=C)C)C)C,276.4,C18H28O2,26.3,394.0
1048,121420672,Pentadecan-8-YL acrylate,CCCCCCCC(CCCCCCC)OC(=O)C=C,282.5,C18H34O2,26.3,222.0
1049,129862051,Pyridinoyl acrylate,C=CC(=O)OC(=O)C1=CC=CC=N1,177.16,C9H7NO3,56.3,225.0
1050,518439,"Lactic acid, butyl ester, acrylate",CCCCOC(=O)C(C)OC(=O)C=C,200.23,C10H16O4,52.6,210.0
1051,129786785,3-Thietyl acrylate,C=CC(=O)OC1=CSC1,142.18,C6H6O2S,51.6,172.0
1052,129834451,Quinolinone acrylate,C=CC(=O)ON1C(=O)C=CC2=CC=CC=C21,215.2,C12H9NO3,46.6,348.0
1053,171378145,Amoxicillin acrylate,CC1([C@@H](N2[C@H](S1)[C@@H](C2=O)NC(=O)[C@@H](C3=CC=C(C=C3)O)N)C(=O)OOC(=O)C=C)C,435.5,C19H21N3O7S,174.0,750.0
1054,11083924,2-Thioethyl acrylate,C=CC(=O)OCCS,132.18,C5H8O2S,27.3,90.4
1055,6337315,3-(Dichloromethylsilyl)propyl acrylate,C=CC(=O)OCCC[Si]C(Cl)Cl,225.14,C7H10Cl2O2Si,26.3,150.0
1056,129721572,Dinitrobenzoyl acrylate,C=CC(=O)OC(=O)C1=C(C(=CC=C1)[N+](=O)[O-])[N+](=O)[O-],266.16,C10H6N2O7,135.0,423.0
1057,129712286,Sulfotetradecyl acrylate,C=CC(=O)OCCCCCCCCCCCCCCS(=O)(=O)O,348.5,C17H32O5S,89.0,398.0
1058,129808889,2-Dinitroethyl acrylate,C=CC(=O)OCC([N+](=O)[O-])[N+](=O)[O-],190.11,C5H6N2O6,118.0,224.0
1059,85538564,20-Bromoicosyl acrylate,C=CC(=O)OCCCCCCCCCCCCCCCCCCCCBr,431.5,C23H43BrO2,26.3,305.0
1060,54500825,Capryloyloxyhexyl acrylate,CCCCCCCC(=O)OCCCCCCOC(=O)C=C,298.4,C17H30O4,52.6,287.0
1061,21884903,t-Butylcyclohexyl acrylate,CC(C)(C)C1(CCCCC1)OC(=O)C=C,210.31,C13H22O2,26.3,242.0
1062,18546535,"4,8-Dithianonyl acrylate",CSCCCSCCCOC(=O)C=C,234.4,C10H18O2S2,76.9,160.0
1063,53967443,2-Ethylhexylfuryl acrylate,CCCCC(CC)CC1=C(OC=C1)OC(=O)C=C,250.33,C15H22O3,39.4,263.0
1064,129681856,p-Aminobenzamidine acrylate,C=CC(=O)OC1=C(C=CC(=C1)N)C(=N)N,205.21,C10H11N3O2,102.0,278.0
1065,12141271,(e)-Hex-2-enyl acrylate,CCC/C=C/COC(=O)C=C,154.21,C9H14O2,26.3,148.0
1066,129875431,Pyrrolylmethylamino acrylate,C=CC(=O)ONCC1=CC=CN1,166.18,C8H10N2O2,54.1,170.0
1067,170995230,4-Ferrocenylbenzyl acrylate,C=CC(=O)OCC1=CC=C(C=C1)[C-]2C=CC=C2,346.2,C20H18FeO2,26.3,325.0
1068,129762343,Cyanomethylnorbornyl acrylate,C=CC(=O)OC12CCC(C1)CC2CC#N,205.25,C12H15NO2,50.1,341.0
1069,54241943,4-Chloro-2-butenyl acrylate,C=CC(=O)OCC=CCCl,160.6,C7H9ClO2,26.3,141.0
1070,67252608,Hydroxynaphthylmethyl acrylate,C=CC(=O)OC(C1=CC=CC2=CC=CC=C21)O,228.24,C14H12O3,46.5,287.0
1071,118536003,Triphenylmethylpropyl Acrylate,CCC(C(C1=CC=CC=C1)(C2=CC=CC=C2)C3=CC=CC=C3)OC(=O)C=C,356.5,C25H24O2,26.3,419.0
1072,57428993,3-Azido-3-oxopropyl acrylate,C=CC(=O)OCCC(=O)N=[N+]=[N-],169.14,C6H7N3O3,57.7,242.0
1073,58800711,4-Diphenylaminobenzyl acrylate,C=CC(=O)OCC1=CC=C(C=C1)N(C2=CC=CC=C2)C3=CC=CC=C3,329.4,C22H19NO2,29.5,398.0
1074,18325639,2-(Propylamino)ethyl acrylate,CCCNCCOC(=O)C=C,157.21,C8H15NO2,38.3,123.0
1075,20224153,2-Isothiocyanatoethyl acrylate,C=CC(=O)OCCN=C=S,157.19,C6H7NO2S,70.8,173.0
1076,20426788,p-Trimethylsilylphenyl acrylate,C[Si](C)(C)C1=CC=C(C=C1)OC(=O)C=C,220.34,C12H16O2Si,26.3,235.0
1077,23132660,"(2-Isobutyl-2-methyl-1,3-dioxolan-4-yl)methyl acrylate, 200 ppm MEHQ as stabiliZer",CC(C)CC1(OCC(O1)COC(=O)C=C)C,228.28,C12H20O4,44.8,262.0
1078,53860247,1-Isopropylcyclopentyl acrylate,CC(C)C1(CCCC1)OC(=O)C=C,182.26,C11H18O2,26.3,200.0
1079,66643588,2-(2-Phenylpropan-2-ylthio)ethyl acrylate,CC(C)(C1=CC=CC=C1)SCCOC(=O)C=C,250.36,C14H18O2S,51.6,255.0
1080,129864505,3-Pentadecenyl phenyl acrylate,C=CC(=O)OCC/C=C/CCCCCCCCCCC,356.5,C24H36O2,26.3,391.0
1081,138402884,(z)-3-Penten-1-yl acrylate,C/C=C\CCOC(=O)C=C,140.18,C8H12O2,26.3,136.0
1082,15012035,"(3R)-1-Methyl-2,5-dioxopyrrolidin-3-yl acrylate",CN1C(=O)C[C@H](C1=O)OC(=O)C=C,183.16,C8H9NO4,63.7,284.0
1083,17861479,1-Ethylcyclopentyl alpha-(hydroxymethyl)acrylate,C=CC(=O)OC1(CC)CCCC1,198.26,C11H18O3,46.5,227.0
1084,18632887,"Butyl acrylate-1-13C, >=99 atom % 13C, >=99% (CP), contains 10-50 ppm methyl ethyl hydroquinone as stabilizer",CCCCO[13C](=O)C=C,129.16,C7H12O2,26.3,97.1
1085,19706372,trans-4-Phenylcyclohexyl acrylate,C=CC(=O)OC1CCC(CC1)C2=CC=CC=C2,230.3,C15H18O2,26.3,258.0
1086,21251808,2-((4-Methyl-2-oxo-2H-chromen-7-yl)oxy)ethyl acrylate,CC1=CC(=O)OC2=C1C=CC(=C2)OCCOC(=O)C=C,274.27,C15H14O5,61.8,426.0
1087,21251844,6-(2-oxo-2H-1-benzopyran-7-yloxy)-hexyl 2-methyl-acrylate,C=CC(=O)OCCCCCCOc1ccc2ccc(=O)oc2c1,330.4,C19H22O5,61.8,482.0
1088,21365444,2-(4-Methylcyclohexyl)propan-2-yl acrylate,CC1CCC(CC1)C(C)(C)OC(=O)C=C,210.31,C13H22O2,26.3,235.0
1089,21696203,"2,5,8,11,14,17,20,23,26,29-Decaoxahentriacontan-31-yl acrylate",COCCOCCOCCOCCOCCOCCOCCOCCOCCOCCOC(=O)C=C,526.6,C24H46O12,119.0,453.0
1090,22731403,4-Ethoxy-9-oxo-8-oxa-bicyclo[4.3.0]non-3-yl acrylate,CCOC1CC2COC(=O)C2CC1OC(=O)C=C,254.28,C13H18O5,61.8,351.0
1091,44574020,4-(Acryloyloxy(phenyl)methyl)phenyl acrylate,C=CC(=O)OC1=CC=C(C=C1)C(C2=CC=CC=C2)OC(=O)C=C,308.3,C19H16O4,52.6,429.0
1092,44607774,2-Cyano-2-ethoxyethyl acrylate,CCOC(COC(=O)C=C)C#N,169.18,C8H11NO3,59.3,204.0
1093,54092897,p-Hydroxybenzoyloxybutyl acrylate,C=CC(=O)OCCCCOC(=O)C1=CC=C(C=C1)O,264.27,C14H16O5,72.8,305.0
1094,54411860,"3,5-Di-tert-butyl-4-hydroxybenzyl acrylate",CC(C)(C)C1=CC(=CC(=C1O)C(C)(C)C)COC(=O)C=C,290.4,C18H26O3,46.5,349.0
1095,57783175,"2-(4'-(2,4-Dimethylphenyl(4-methylphenyl)amino)biphenyl-4-yl)ethyl acrylate",CC1=CC=C(C=C1)N(C2=CC=C(C=C2)C3=CC=C(C=C3)CCOC(=O)C=C)C4=C(C=C(C=C4)C)C,461.6,C32H31NO2,29.5,653.0
1096,58231716,"1,3-Bis(4-dibenzothiophenyl)-4-dibenzothiophenyl acrylate",C=CC(=O)OC1=C(C=C(C2=C1SC3=CC=CC=C32)C4=CC=CC5=C4SC6=CC=CC=C56)C7=CC=CC8=C7SC9=CC=CC=C89,618.8,C39H22O2S3,111.0,1080.0
1097,59992627,"Acrylate PEG Succinimidyl Carboxymethyl Ester,MW 2K",C=CC(=O)OCCOCCC(=O)ON1C(=O)CCC1=O,285.25,C12H15NO7,99.2,402.0
1098,68770745,p-Dibenzyl-aminophenethyl acrylate,C=CC(=O)OC(CC1(CC=C(C=C1)CC2=CC=CC=C2)CC3=CC=CC=C3)N,373.5,C25H27NO2,52.3,581.0
1099,68771319,p-Benzyl-ethylaminophenethyl acrylate,CCNC(CC1=CC=C(C=C1)CC2=CC=CC=C2)OC(=O)C=C,309.4,C20H23NO2,38.3,355.0
1100,69285273,"2-(4'-(2,4,6-Trimethylphenyl(4-methylphenyl)amino)biphenyl-4-yl)ethyl acrylate",CC1=CC=C(C=C1)N(C2=CC=C(C=C2)C3=CC=C(C=C3)CCOC(=O)C=C)C4=C(C=C(C=C4C)C)C,475.6,C33H33NO2,29.5,670.0
1101,69286003,"2-(4'-(2,4-Dimethylphenyl(2,4,6-trimethylphenyl)amino)biphenyl-4-yl)ethyl acrylate",CC1=CC(=C(C=C1)N(C2=CC=C(C=C2)C3=CC=C(C=C3)CCOC(=O)C=C)C4=C(C=C(C=C4C)C)C)C,489.6,C34H35NO2,29.5,707.0
1102,70117982,2-Phenyl-2-(phenylthio)ethyl acrylate,C=CC(=O)OCC(C1=CC=CC=C1)SC2=CC=CC=C2,284.4,C17H16O2S,51.6,304.0
1103,86631897,3-methanesulfonyloxy-1-adamantyl Acrylate,CS(=O)(=O)OC12CC3CC(C1)CC(C3)(C2)OC(=O)C=C,300.37,C14H20O5S,78.0,530.0
1104,129698270,5-(3-Nitro-2-furyl)acrylate,C=CC(=O)OC1=C(C=CO1)[N+](=O)[O-],183.12,C7H5NO5,85.3,234.0
1105,129851655,o-Phenylphenol urethane acrylate,C=CC(=O)OOC(N)=O,299.28,C16H13NO5,98.8,430.0
1106,86720804,"{2'-[(Acryloyloxy)methyl]-4',4-diamino-1,1'-biphenyl-2-yl}methyl acrylate",C=CC(=O)OCC1=C(C=CC(=C1)N)C2=C(C=C(C=C2)N)COC(=O)C=C,352.4,C20H20N2O4,105.0,476.0
1107,89428483,2-Methyladamantyl 2-[(methanesulfonyloxy)methyl]acrylate,C=CC(=O)OC12CC3CC(CC(C3)C1C)C2,328.4,C16H24O5S,78.0,574.0
1108,90375204,2-(Dodecyldisulfanyl)ethyl acrylate,CCCCCCCCCCCCSSCCOC(=O)C=C,332.6,C17H32O2S2,76.9,245.0
1109,118012601,"2,5,8,11,14,17,20,23,26,29,32,35-Dodecaoxaheptatriacontan-37-yl acrylate",COCCOCCOCCOCCOCCOCCOCCOCCOCCOCCOCCOCCOC(=O)C=C,614.7,C28H54O14,137.0,541.0
1110,118118627,2-{4-[3-(4-Phenoxyphenoxy)phenoxy]phenyl}ethyl acrylate,C=CC(=O)OCCC1=CC=C(C=C1)OC2=CC(=CC=C2)OC3=CC=C(C=C3)OC4=CC=CC=C4,452.5,C29H24O5,54.0,600.0
1111,118536001,Diphenylmethyldiphenoxyethyl Acrylate,C=CC(=O)OCC(C(C1=CC=CC=C1)C2=CC=CC=C2)(OC3=CC=CC=C3)OC4=CC=CC=C4,450.5,C30H26O4,44.8,569.0
1112,129721473,2-(p-Iodobenzoxy)ethyl acrylate,C=CC(=O)OCCOCC1=CC=C(C=C1)I,332.13,C12H13IO3,35.5,222.0
1113,18979476,6-[4'-[trans-4-(2-Carboxy-ethyl)-cyclohexyl]-biphenyl-4-yloxy]-hexyl acrylate,C=CC(=O)OCCCCCCOC1=CC=C(C=C1)C2=CC=C(C=C2)C3CCC(CC3)CCC(=O)O,478.6,C30H38O5,72.8,623.0
1114,86672979,"3-[(2-Iodo-4,5-dimethylphenyl)amino]benzyl acrylate",CC1=CC(=C(C=C1C)I)NC2=CC=CC(=C2)COC(=O)C=C,407.2,C18H18INO2,38.3,387.0
1115,86736825,Ethyl-beta-methanesulfonylamino-beta-ethoxy Acrylate,CCC(C)(NS(=O)(=O)C)OOC(=O)C=C,237.28,C8H15NO5S,90.1,331.0
1116,86736832,Ethylbeta-anilino-beta-ethoxy acrylate,CCC(C)(NC1=CC=CC=C1)OOC(=O)C=C,235.28,C13H17NO3,47.6,261.0
1117,86759008,Vinyl Acetate norbornyl Acrylate ethylene,C=CC(=O)OC12CCC(C1)CC2,280.36,C16H24O4,52.6,278.0
1118,86759875,2-(Toluene-4-sulfonyloxy)ethyl methacrylate 3-hydroxypropyl acrylate,C=CC(=O)OCCOS(=O)(=O)c1ccc(C)cc1,414.5,C19H26O8S,125.0,511.0
1119,129721060,(2-Hydroxyethyl)carbazolyl acrylate,C=CC(=O)OC1=C(C=CC2=C1NC3=CC=CC=C23)CCO,281.3,C17H15NO3,62.3,398.0
1120,129721440,"[2,2-Bis(carbomethoxy)ethyl]acrylate",COC(=O)C(COC(=O)C=C)C(=O)OC,216.19,C9H12O6,78.9,254.0
1121,129854430,3-(Hexadecyloxy)-3-oxopropyl acrylate,CCCCCCCCCCCCCCCCOC(=O)CCOC(=O)C=C,368.5,C22H40O4,52.6,352.0
1122,129805408,(Diphenylphosphinothioyl)phenyl acrylate,C=CC(=O)OC1=CC=CC=C1P(=S)(C2=CC=CC=C2)C3=CC=CC=C3,364.4,C21H17O2PS,58.4,484.0
1123,145945604,"2-(1,3-Dioxan-2-yloxy)ethyl acrylate",C=CC(=O)OCCOC1OCCCO1,202.2,C9H14O5,54.0,186.0
1124,85785799,"2,5-Diphenyl-oxazol-4-ylmethyl acrylate",C=CC(=O)OCC1=C(OC(=N1)C2=CC=CC=C2)C3=CC=CC=C3,305.3,C19H15NO3,52.3,399.0
1125,129848039,"Hydroxyethyl-3,5-dinitrobenzoyl acrylate",C=CC(=O)OC(=O)C1=C(C(=CC(=C1)[N+](=O)[O-])[N+](=O)[O-])CCO,310.22,C12H10N2O8,155.0,481.0
1126,129721374,N-(2-hydroxyethyl)-3-iodocarbazolyl acrylate,C=CC(=O)OC1=CC(=CC2=C1N(C3=CC=CC=C32)CCO)I,407.2,C17H14INO3,51.5,430.0
1127,129824099,3-(2-Bromo-isobutyryloxy)-adamantyl acrylate,CC(C)(C(=O)OC12CC3CC(C1)CC(C3)(C2)OC(=O)C=C)Br,371.3,C17H23BrO4,52.6,511.0
1128,129883255,4-((4-Nitrobenzylidene)amino)benzyl acrylate,C=CC(=O)OCC1=CC=C(C=C1)N=CC2=CC=C(C=C2)[N+](=O)[O-],310.3,C17H14N2O4,84.5,442.0
1129,129883543,2-((4-Methoxybenzylidene)amino)ethyl acrylate,COC1=CC=C(C=C1)C=NCCOC(=O)C=C,233.26,C13H15NO3,47.9,268.0
1130,129851491,N-(2-hydroxyethyl)-3-chlorocarbazolyl acrylate,C=CC(=O)OC1=CC(=CC2=C1N(C3=CC=CC=C32)CCO)Cl,315.7,C17H14ClNO3,51.5,430.0
1131,132279467,"Exo-1,7,7-trimethylbicyclo hept-2-yl acrylate",CC1(CCCCC(C1(C)OC(=O)C=C)C2CCCCCC2)C,306.5,C20H34O2,26.3,391.0
1132,139072596,2-[(8-Hydroxyquinolin-5-yl)methoxy]ethyl acrylate,C=CC(=O)OCCOCC1=C2C=CC=NC2=C(C=C1)O,273.28,C15H15NO4,68.6,334.0
1133,132281623,"8-(Formyloxy)tricyclo[5,2,1,0 2,6]dec-3-yl acrylate",C=CC(=O)OC1CCC2C1C3CC2C(C3)OC=O,250.29,C14H18O4,52.6,378.0
1134,90778654,"(e)-2,6-Dimethyl-4-(4-methylphenyldiazenyl)phenyl acrylate",CC1=CC=C(C=C1)N=NC2=CC(=C(C(=C2)C)OC(=O)C=C)C,294.3,C18H18N2O2,51.0,401.0
1135,90862337,"(e)-4-(4-Bromophenyldiazenyl)-2,6-dimethylphenyl acrylate",CC1=CC(=CC(=C1OC(=O)C=C)C)N=NC2=CC=C(C=C2)Br,359.2,C17H15BrN2O2,51.0,407.0
1136,92015353,"(e)-2,6-Dimethyl-4-(4-t-butylphenyldiazenyl)phenyl acrylate",CC1=CC(=CC(=C1OC(=O)C=C)C)N=NC2=CC=C(C=C2)C(C)(C)C,336.4,C21H24N2O2,51.0,475.0
1137,129782167,"2-Oxo-1,2,3,4-tetrahydropyrimido[1,2-a]benzimidazole acrylate",C=CC(=O)ON1C(=O)CCN2C1=NC3=CC=CC=C32,257.24,C13H11N3O3,64.4,412.0
1138,145740231,4-(3-(4-Acetamidophenyl)-3-oxoprop-1-en-1-yl)phenyl acrylate,CC(=O)NC1=CC=C(C=C1)C(=O)C=CC2=CC=C(C=C2)OC(=O)C=C,335.4,C20H17NO4,72.5,524.0
1139,11485348,"p-(2,2,3-Tricyano-3-carbomethoxycyclopropyl)phenoxyethyl acrylate",COC(=O)C1(C(C1(C#N)C#N)C2=CC=C(C=C2)OCCOC(=O)C=C)C#N,365.3,C19H15N3O5,133.0,755.0
1140,12014951,2-[2-(2-Thiocyanato-3-phenylpropionyloxy)ethoxy]-ethyl acrylate,C=CC(=O)OCCOCCOC(=O)C(CC1=CC=CC=C1)SC#N,349.4,C17H19NO5S,111.0,453.0
1141,129860702,2-((2-(((Dodecylthio)carbonothioyl)thio)propanoyl)oxy)ethyl acrylate,CCCCCCCCCCCCSC(=S)SC(C)C(=O)OCCOC(=O)C=C,448.7,C21H36O4S3,135.0,455.0
1142,102181891,"11-{4-[5-(4-Bromophenyl)-4,5-dihydroisoxazol-3-yl]-phenyloxy}undecyl acrylate",C=CC(=O)OCCCCCCCCCCCOC1=CC=C(C=C1)C2=NOC(C2)C3=CC=C(C=C3)Br,542.5,C29H36BrNO4,57.1,639.0
1143,163201124,"(s)-7-Acetamido-1,3,10-trimethoxy-9-oxo-5,6,7,9-tetrahydrobenzo[a]heptalen-2-yl acrylate",CC(=O)N[C@H]1CCC2=CC(=C(C(=C2C3=CC=C(C(=O)C=C13)OC)OC)OC(=O)C=C)OC,439.5,C24H25NO7,100.0,872.0
1144,141738169,"4-(((6-(3-(6-Methyl-4-oxo-1,4-dihydropyrimidin-2-yl)ureido)hexyl)carbamoyl)oxy)butyl acrylate",CC1=CC(=O)NC(=N1)NC(=O)NCCCCCCNC(=O)OCCCCOC(=O)C=C,437.5,C20H31N5O6,147.0,704.0
1145,164577025,"(e)-3-(2-(3-(Dicyanomethylene)-5,5-dimethylcyclohex-1-en-1-yl)vinyl)-2-oxo-2h-chromen-7-yl acrylate",CC1(CC(=CC(=C(C#N)C#N)C1)/C=C/C2=CC3=C(C=C(C=C3)OC(=O)C=C)OC2=O)C,412.4,C25H20N2O4,100.0,1000.0
1146,171378196,"2-((((6-Oxidodibenzo[c,e][1,2]oxaphosphinin-6-yl)methoxy)(phenoxy)phosphoryl)oxy)ethyl acrylate",C=CC(=O)OCCOP(=O)(OCP1(=O)C2=CC=CC=C2C3=CC=CC=C3O1)OC4=CC=CC=C4,500.4,C24H22O8P2,97.4,796.0
1147,58800674,"4'-(Di-p-tolylamino)-[1,1'-biphenyl]-4-yl acrylate",CC1=CC=C(C=C1)N(C2=CC=C(C=C2)C)C3=CC=C(C=C3)C4=CC=C(C=C4)OC(=O)C=C,419.5,C29H25NO2,29.5,564.0
1148,18362117,4-Ethylphenyl acrylate,CCC1=CC=C(C=C1)OC(=O)C=C,176.21,C11H12O2,26.3,179.0
1149,21946402,3-(Diethoxy(methyl)silyl)propyl acrylate,CCO[Si](C)(CCCOC(=O)C=C)OCC,246.37,C11H22O4Si,44.8,212.0
1150,44145730,3-Ethyl-3-hydroxy-7-oxabicyclo(4.1.0)hept-2-yl acrylate,CCC1(CCC2C(C1OC(=O)C=C)O2)O,212.24,C11H16O4,59.1,288.0
1151,139024549,2-Ethyl-4-methylpentyl Acrylate,CCC(CC(C)C)COC(=O)C=C,184.27,C11H20O2,26.3,162.0
1152,11378874,(Phosphonooxy)methyl acrylate,C=CC(=O)OCOP(=O)(O)O,182.07,C4H7O6P,93.1,193.0
1153,57978544,Dicyclopentanyl Acrylate,C=CC(=O)OC1CC2C3CCC(C3)C2C1,206.28,C13H18O2,26.3,279.0
1154,129760090,Quinine acrylate,COC1=CC2=C(C=C1)N=C(C=C2[C@H]([C@@H]3CC4CCN3C[C@@H]4C=C)O)OC(=O)C=C,394.5,C23H26N2O4,71.9,626.0
1155,21896322,1-(2-Tetrahydrofuranyl)cyclopentyl acrylate,C=CC(=O)OC1(CCCC1)C2CCCO2,210.27,C12H18O3,35.5,254.0
1156,129735866,Porphyrin acrylate,C=CC(=O)OC1=C2C=C3C=CC(=N3)C=C4C=CC(=N4)C=C5C=CC(=CC(=C1)N2)N5,380.4,C23H16N4O2,83.7,614.0
1157,129675398,Riboflavin acrylate,CC1=CC2=C(C=C1C)N(C3=NC(=O)N(C(=O)C3=N2)OC(=O)C=C)CC(C(C(CO)O)O)O,446.4,C20H22N4O8,173.0,859.0
1158,17853765,Deca-8-yl acrylate,CCCCCCCC(CC)OC(=O)C=C,212.33,C13H24O2,26.3,175.0
1159,23023397,2-Formylethyl acrylate,C=CC(=O)OCCC=O,128.13,C6H8O3,43.4,118.0
1160,129726845,Phenyl undecyl acrylate,C=CC(=O)OCCCCCCCCCCC,302.5,C20H30O2,26.3,303.0
1161,19033442,6-Phenoxyhexyl acrylate,C=CC(=O)OCCCCCCOC1=CC=CC=C1,248.32,C15H20O3,35.5,232.0
1162,146036144,Chromone-3-yl-acrylate,C=CC(=O)OC1=COC2=CC=CC=C2C1=O,216.19,C12H8O4,52.6,356.0
1163,129762053,Vinyl tetrazole acrylate,C=CC(=O)Oc1nn[nH]n1,166.14,C6H6N4O2,80.8,216.0
1164,23576933,2-Biotinylethyl acrylate,C=CC(=O)OCCC(=O)CCCC[C@H]1[C@@H]2[C@H](CS1)NC(=O)N2,326.4,C15H22N2O4S,110.0,455.0
1165,129851994,4-Methylcoumaryl acrylate,CC1(CC=C(C=C1)/C=C/COC(=O)C=C)O,220.26,C13H16O3,46.5,363.0
1166,149983942,3-Acetamidophenyl acrylate,CC(=O)NC1=CC(=CC=C1)OC(=O)C=C,205.21,C11H11NO3,55.4,263.0
1167,129767522,2h-Chromen-3-yl acrylate,C=CC(=O)OC1=CC2=CC=CC=C2OC1,202.21,C12H10O3,35.5,293.0
1168,15311046,"10-Undecenyl acrylate, contains <1000 ppm MEHQ as inhibitor, 98%",C=CCCCCCCCCOC(=O)C=C,210.31,C13H22O2,26.3,185.0
1169,21896325,2-(7-Oxanorbornan-2-yl)-2-propyl acrylate,CC(C)(C1CC2CCC1O2)OC(=O)C=C,210.27,C12H18O3,35.5,283.0
1170,22999312,4-Formyl-1-naphthyl acrylate,C=CC(=O)OC1=CC=C(C2=CC=CC=C21)C=O,226.23,C14H10O3,43.4,311.0
1171,21889445,5-Oxotetrahydrofuran-3-yl acrylate,C=CC(=O)OC1CC(=O)OC1,156.14,C7H8O4,52.6,197.0
1172,54152861,Cyanoethoxyethoxyethyl Acrylate,C=CC(=O)OCCOCCOCCC#N,213.23,C10H15NO4,68.6,231.0
1173,59005029,2-[(6-Bromohexanoyl)oxy]propyl acrylate,CC(COC(=O)C=C)OC(=O)CCCCCBr,307.18,C12H19BrO4,52.6,253.0
1174,66643440,3-Methyl-3-(phenylthio)butyl acrylate,CC(C)(CCOC(=O)C=C)SC1=CC=CC=C1,250.36,C14H18O2S,51.6,255.0
1175,102596112,Undecan-6-YL acrylate,CCCCCC(CCCCC)OC(=O)C=C,226.35,C14H26O2,26.3,177.0
1176,13262697,Naphthalen-1-ylmethyl acrylate,C=CC(=O)OCC1=CC=CC2=CC=CC=C21,212.24,C14H12O2,26.3,260.0
1177,19023869,"2,5,8,11,14-Pentaoxahexadecan-16-yl acrylate",COCCOCCOCCOCCOCCOC(=O)C=C,306.35,C14H26O7,72.4,246.0
1178,21421562,"2,5,8,11,14,17,20-Heptaoxadocosan-22-yl acrylate",COCCOCCOCCOCCOCCOCCOCCOC(=O)C=C,394.5,C18H34O9,90.9,326.0
1179,22992681,2-Adamantylpropan-2-yl acrylate,CC(CC1C2CC3CC(C2)CC1C3)OC(=O)C=C,248.36,C16H24O2,26.3,319.0
1180,23070525,"1,3-Bis(2-(phenylthio)ethylthio)propan-2-yl acrylate",C=CC(=O)OC(CSCCSC1=CC=CC=C1)CSCCSC2=CC=CC=C2,450.7,C22H26O2S4,128.0,393.0
1181,54530313,"2-(5,5-Dimethyl-1,3-dioxan-2-yl)ethoxyethyl acrylate",CC1(COC(OC1)CCOCCOC(=O)C=C)C,258.31,C13H22O5,54.0,265.0
1182,57077168,2-Naphthalenylthioethyl Acrylate,C=CC(=O)OCCSC1=CC=CC2=CC=CC=C21,258.3,C15H14O2S,51.6,290.0
1183,57747549,2-(4'(di-p-tolylamino)biphenyl-4-yl)ethyl Acrylate,CC1=CC=C(C=C1)N(C2=CC=C(C=C2)C)C3=CC=C(C=C3)C4=CC=C(C=C4)CCOC(=O)C=C,447.6,C31H29NO2,29.5,593.0
1184,57783174,4-(4'-(Di-p-tolylamino)biphenyl-4-yl)butyl acrylate,CC1=CC=C(C=C1)N(C2=CC=C(C=C2)C)C3=CC=C(C=C3)C4=CC=C(C=C4)CCCCOC(=O)C=C,475.6,C33H33NO2,29.5,623.0
1185,58231717,"2,4-Bis(4-dibenzothiophenyl)phenyl acrylate",C=CC(=O)OC1=C(C=C(C=C1)C2=CC=CC3=C2SC4=CC=CC=C34)C5=CC=CC6=C5SC7=CC=CC=C67,512.6,C33H20O2S2,82.8,844.0
1186,58231738,"2,6-Bis(4-dibenzothiophenyl)-4-methylphenyl acrylate",CC1=CC(=C(C(=C1)C2=CC=CC3=C2SC4=CC=CC=C34)OC(=O)C=C)C5=CC=CC6=C5SC7=CC=CC=C67,526.7,C34H22O2S2,82.8,817.0
1187,58468614,3-Oxo-3-(pyridin-2-ylamino)propyl acrylate,C=CC(=O)OCCC(=O)NC1=CC=CC=N1,220.22,C11H12N2O3,68.3,266.0
1188,59609085,"2,3-Diphenyl-2-hydroxy-3-oxopropyl acrylate",C=CC(=O)OCC(C1=CC=CC=C1)(C(=O)C2=CC=CC=C2)O,296.3,C18H16O4,63.6,405.0
1189,68647810,"alpha-Cyano-beta-(3,4-dimethoxyphenyl)-ethyl acrylate",COC1=C(C=C(C=C1)CC(C#N)OC(=O)C=C)OC,261.269,C14H15NO4,68.6,360.0
1190,68649062,1-(1-Adamantyloxy)-2-methylpropyl acrylate,CC(C)C(OC(=O)C=C)OC12CC3CC(C1)CC(C3)C2,278.4,C17H26O3,35.5,358.0
1191,68978057,"2,6-Diphenylphenoxyethyl acrylate",C=CC(=O)OCCOC1=C(C=CC=C1C2=CC=CC=C2)C3=CC=CC=C3,344.4,C23H20O3,35.5,409.0
1192,69285274,"2-(4'-(2,4-Dimethylphenyl(3,4-dimethylphenyl)amino)biphenyl-4-yl)ethyl acrylate",CC1=CC(=C(C=C1)N(C2=CC=C(C=C2)C3=CC=C(C=C3)CCOC(=O)C=C)C4=CC(=C(C=C4)C)C)C,475.6,C33H33NO2,29.5,690.0
1193,131719389,4-Benzoylbenzoyl-lysyl-acrylate,C=CC(=O)OC(=O)[C@H](CCCCN)NC(=O)C1=CC=C(C=C1)C(=O)C2=CC=CC=C2,408.4,C23H24N2O5,116.0,619.0
1194,23467942,4-Methyl-2-(2H-Benzotriazol-2-Yl)Phenyl Acrylate,CC1=CC(=C(C=C1)OC(=O)C=C)N2N=C3C=CC=CC3=N2,279.29,C16H13N3O2,57.0,387.0
1195,57614810,6-(4-((4-Ethoxyphenyl)diazenyl)phenoxy)hexyl acrylate,CCOC1=CC=C(C=C1)N=NC2=CC=C(C=C2)OCCCCCCOC(=O)C=C,396.5,C23H28N2O4,69.5,481.0
1196,71487920,"9b-Hydroxy-7-isopropyl-10-oxo-9b,10-dihydro-4bH-benzo[d]indeno[1,2-b]furan-4b-yl acrylate",CC(C)C1=CC2=C(C=C1)C3(C(=O)C4=CC=CC=C4C3(O2)OC(=O)C=C)O,350.4,C21H18O5,72.8,628.0
1197,86720806,"{2'-[(Acryloyloxy)methyl]-4',4-dinitro-1,1'-biphenyl-2-yl}methyl acrylate",C=CC(=O)OCC1=C(C=CC(=C1)[N+](=O)[O-])C2=C(C=C(C=C2)[N+](=O)[O-])COC(=O)C=C,412.3,C20H16N2O8,144.0,625.0
1198,90188966,6-[{4-[(E)-(2-cyano-4-nitrophenyl)diazenyl]phenyl}(ethyl)amino]hexyl acrylate,CCN(CCCCCCOC(=O)C=C)C1=CC=C(C=C1)N=NC2=C(C=C(C=C2)[N+](=O)[O-])C#N,449.5,C24H27N5O4,124.0,705.0
1199,117666949,{(2S)-4-[4-({6-[3-(acryloylamino)phenoxy]-3-carbamoyl-5-ethylpyrazin-2-yl}amino)phenyl]-1-methylpiperazin-2-yl}methyl acrylate,CCC1=C(N=C(C(=N1)C(=O)N)NC2=CC=C(C=C2)N3CCN([C@@H](C3)COC(=O)C=C)C)OC4=CC=CC(=C4)NC(=O)C=C,585.7,C31H35N7O5,152.0,974.0
1200,118536009,Triphenylmethylphenoxyethyl Acrylate,C=CC(=O)OCC(C(C1=CC=CC=C1)(C2=CC=CC=C2)C3=CC=CC=C3)OC4=CC=CC=C4,434.5,C30H26O3,35.5,544.0
1201,118885882,2-(2-Acrylamidoethoxy)ethyl acrylate,C=CC(=O)NCCOCCOC(=O)C=C,213.23,C10H15NO4,64.599,238.0
1202,129851430,2-(1-Hydroxyethyl)fluorenyl acrylate,CC(C1=C(C2=C(C=C1)C3=CC=CC=C3C2)OC(=O)C=C)O,280.3,C18H16O3,46.5,405.0
1203,129718202,Tetracyanocyclobutylphenyl acrylate,C=CC(=O)OC1=C(C(=C(C(=C1C2CCC2)C#N)C#N)C#N)C#N,302.29,C17H10N4O2,122.0,702.0
1204,86600777,Behenyl methacrylate lauryl acrylate vinyl acetate,C=CC(=O)OCCCCCCCCCCCCCCCCCCCCCC,721.1,C45H84O6,78.9,602.0
1205,131723898,"Ethylene Glycol 2,4,6,8-tetramethylcyclotetrasiloxanyl Ether Acrylate",C[SiH]1O[SiH](O[Si](O[SiH](O1)C)(C)OCCOC(=O)C=C)C,354.61,C9H22O7Si4,72.4,328.0
1206,129805157,o-(Diphenylphosphinyl)phenyl acrylate,C=CC(=O)OC1=CC=CC=C1P(=O)(C2=CC=CC=C2)C3=CC=CC=C3,348.3,C21H17O3P,43.4,481.0
1207,155293698,(Bis[(trimethylsilyl)oxy]phosphoryl)methyl acrylate,C[Si](C)(C)OP(=O)(COC(=O)C=C)O[Si](C)(C)C,310.43,C10H23O5PSi2,61.8,336.0
1208,139600009,4-Oxo-2-phenylchroman-7-yl acrylate,C=CC(=O)OC1=CC2=C(C=C1)C(=O)CC(O2)C3=CC=CC=C3,294.3,C18H14O4,52.6,438.0
1209,125483581,"2-(2,2-Dichloroacetoxy)ethyl acrylate",C=CC(=O)OCCOC(=O)C(Cl)Cl,227.04,C7H8Cl2O4,52.6,203.0
1210,129773897,3-[Methyl(phenyl)amino]propyl acrylate,CN(CCCOC(=O)C=C)C1=CC=CC=C1,219.28,C13H17NO2,29.5,222.0
1211,129883305,3-((4-Methoxybenzylidene)amino)propyl acrylate,COC1=CC=C(C=C1)C=NCCCOC(=O)C=C,247.29,C14H17NO3,47.9,281.0
1212,168655174,"2,5-Bis(benzo[d]thiazol-2-yl)phenyl acrylate",C=CC(=O)OC1=C(C=CC(=C1)C2=NC3=CC=CC=C3S2)C4=NC5=CC=CC=C5S4,414.5,C23H14N2O2S2,109.0,618.0
1213,129851461,"4-(4,5-Diphenyl-1h-imidazol-yl)-phenyl acrylate",C=CC(=O)OC1=CC=C(C=C1)N2C=NC(=C2C3=CC=CC=C3)C4=CC=CC=C4,366.4,C24H18N2O2,44.1,517.0
1214,14527814,"(1R,2S,5R)-5-Methyl-2-(1-methyl-1-(2'-naphthyl)ethyl)-cyclohexane-1-YL acrylate",C[C@@H]1CC[C@H]([C@@H](C1)OC(=O)C=C)C(C)(C)C2=CC3=CC=CC=C3C=C2,336.5,C23H28O2,26.3,481.0
1215,122231558,"2-(5,5-Dimethyl-1,3-dioxan-2-yloxy) ethyl acrylate",CC1(COC(OC1)OCCOC(=O)C=C)C,230.26,C11H18O5,54.0,239.0
1216,129756457,2-[(1-Phenyl-1h-tetrazol-5-yl)sulfanyl]ethyl acrylate,C=CC(=O)OCCSC1=NN=NN1C2=CC=CC=C2,276.32,C12H12N4O2S,95.2,310.0
1217,135398202,"2-(Ethoxycarbonyl)-2-methylpropane-1,3-diyl di-acrylate",CCOC(=O)C(C)(COC(=O)C=C)COC(=O)C=C,270.28,C13H18O6,78.9,347.0
1218,132277090,2-((Diethylamino)methyl)-4-formyl-6-methoxyphenyl acrylate,CCN(CC)CC1=C(C(=CC(=C1)C=O)OC)OC(=O)C=C,291.34,C16H21NO4,55.8,354.0
1219,137530330,2-((Dit-butylamino) methyl)-4-formyl-6-methoxyphenyl acrylate,CC(C)(C)N(CC1=C(C(=CC(=C1)C=O)OC)OC(=O)C=C)C(C)(C)C,347.4,C20H29NO4,55.8,461.0
1220,145865225,(S)-8-((tert-butyldimethylsilyl)oxy)oct-1-en-4-yl acrylate,CC(C)(C)[Si](C)(C)OCCCC[C@@H](CC=C)OC(=O)C=C,312.5,C17H32O3Si,35.5,342.0
1221,101152230,"(1R,2S,4S)-1,3,3-trimethylbicyclo[2.2.1]heptan-2-yl acrylate",C[C@@]12CC[C@@H](C1)C([C@@H]2OC(=O)C=C)(C)C,208.3,C13H20O2,26.3,306.0
1222,154732282,"(8-Acryloyl-1,4-dithia-8-azaspiro[4.5]decan-2-yl)methyl acrylate",C=CC(=O)N1CCC2(CC1)SCC(S2)COC(=O)C=C,313.4,C14H19NO3S2,97.2,417.0
1223,163201125,"(s)-7-Acetamido-1,3-dimethoxy-10-methylthio-9-oxo-5,6,7,9tetra hydrobenzo[a]heptalen-2-yl acrylate",CC(=O)N[C@H]1CCC2=CC(=C(C(=C2C3=CC=C(C(=O)C=C13)SC)OC)OC(=O)C=C)OC,455.5,C24H25NO6S,116.0,876.0
1224,14832789,2-Norbornyl acrylate,C=CC(=O)O[C@H]1C[C@@H]2CC[C@H]1C2,166.22,C10H14O2,26.3,210.0
1225,146013805,"2-Cyano-1,1,3-trichloro-1,3,3-trifluoropropan-2-yl acrylate",C=CC(=O)OC(C#N)(C(F)(F)Cl)C(F)(Cl)Cl,296.5,C7H3Cl3F3NO2,50.1,365.0
1226,54121741,Methylsiloxane acrylate,C[Si](O)OC(=O)C=C,131.18,C4H7O3Si,46.5,102.0
1227,10997741,4-Acetoxybutyl acrylate,CC(=O)OCCCCOC(=O)C=C,186.2,C9H14O4,52.6,186.0
1228,21496309,Thiophen-2-ylmethyl acrylate,C=CC(=O)OCC1=CC=CS1,168.21,C8H8O2S,54.5,156.0
1229,21896333,1-(7-Oxanorbornan-2-yl)cyclopentyl acrylate,C=CC(=O)OC1(CCCC1)C2CC3CCC2O3,236.31,C14H20O3,35.5,330.0
1230,57038445,"2,3-Di-methacryloyloxypropyl acrylate",C=CC(=O)OCC(COC(=O)C=C)OC(=O)C=C,282.29,C14H18O6,78.9,435.0
1231,58895405,"Rel-4-((1S,4R)-4-pentylcyclohexyl)phenyl acrylate",CCCCCC1CCC(CC1)C2=CC=C(C=C2)OC(=O)C=C,300.4,C20H28O2,26.3,334.0
1232,66701901,2-[2-(Benzyloxy)ethoxy]ethyl acrylate,C=CC(=O)OCCOCCOCC1=CC=CC=C1,250.29,C14H18O4,44.8,234.0
1233,11019125,2-(Cyanosulfanyl)ethyl acrylate,C=CC(=O)OCCSC#N,157.19,C6H7NO2S,75.4,170.0
1234,44577301,"(S)-2,3-Dibromopropyl acrylate",C=CC(=O)OC[C@@H](CBr)Br,271.93,C6H8Br2O2,26.3,125.0
1235,58231725,"1,6-Bis(4-dibenzothiophenyl)-2-naphthyl acrylate",C=CC(=O)OC1=C(C2=C(C=C1)C=C(C=C2)C3=CC=CC4=C3SC5=CC=CC=C45)C6=CC=CC7=C6SC8=CC=CC=C78,562.7,C37H22O2S2,82.8,967.0
1236,58231733,"2,4-Bis(4-dibenzofuranyl)phenyl acrylate",C=CC(=O)OC1=C(C=C(C=C1)C2=CC=CC3=C2OC4=CC=CC=C34)C5=CC=CC6=C5OC7=CC=CC=C67,480.5,C33H20O4,52.6,840.0
1237,69446413,Naphthalene-1-carbonyloxy-2-ethyl acrylate,CC(OC(=O)C=C)OC(=O)C1=CC=CC2=CC=CC=C21,270.28,C16H14O4,52.6,377.0
1238,53845741,"1,3-Bis(dodecylthio)-2-propyl acrylate",CCCCCCCCCCCCSCC(CSCCCCCCCCCCCC)OC(=O)C=C,514.9,C30H58O2S2,76.9,400.0
1239,86748749,Tin acrylate methacryloxypropyltrimethoxysilane,C=CC(=O)OCCC[Si](OC)(OC)OC,438.11,C13H23O7SiSn-,94.1,280.0
1240,123183565,Triphenylsilylpropoxycarbonylaminoethyl Acrylate,C=CC(=O)OCCNC(=O)OCCC[Si](C1=CC=CC=C1)(C2=CC=CC=C2)C3=CC=CC=C3,459.6,C27H29NO4Si,64.599,562.0
1241,100982165,2-(Ethyl(4-formylphenyl)amino)ethyl acrylate,CCN(CCOC(=O)C=C)C1=CC=C(C=C1)C=O,247.29,C14H17NO3,46.6,283.0
1242,129883477,3-((4-Nitrobenzylidene)amino)propyl acrylate,C=CC(=O)OCCCN=CC1=CC=C(C=C1)[N+](=O)[O-],262.26,C13H14N2O4,84.5,341.0
1243,13668398,2-{[3-(2-Chloroethanesulfonyl)propanoyl]oxy}ethyl prop-2-enoate,C=CC(=O)OCCOC(=O)CCS(=O)(=O)CCCl,298.74,C10H15ClO6S,95.1,384.0
1244,15321490,1-Methylcyclopentyl prop-2-enoate,CC1(CCCC1)OC(=O)C=C,154.21,C9H14O2,26.3,166.0
1245,20594786,4-[(4-Pentylphenyl)ethynyl]phenyl prop-2-enoate,CCCCCC1=CC=C(C=C1)C#CC2=CC=C(C=C2)OC(=O)C=C,318.4,C22H22O2,26.3,451.0
1246,20226511,2-Benzylphenyl prop-2-enoate,C=CC(=O)OC1=CC=CC=C1CC2=CC=CC=C2,238.28,C16H14O2,26.3,279.0
1247,20226510,"2-Propenoic acid, 1-ethylcyclohexyl ester",CCC1(CCCCC1)OC(=O)C=C,182.26,C11H18O2,26.3,190.0
1248,11275754,"2-Propenoic acid, 1,3-benzodioxol-5-ylmethyl ester",C=CC(=O)OCC1=CC2=C(C=C1)OCO2,206.19,C11H10O4,44.8,251.0
1249,44607784,(9H-Fluoren-9-YL)methyl prop-2-enoate,C=CC(=O)OCC1C2=CC=CC=C2C3=CC=CC=C13,250.29,C17H14O2,26.3,327.0
1250,543931,"Acrylic acid, 4-cyclopropylidenebutyl ester",C=CC(=O)OCCCC=C1CC1,166.22,C10H14O2,26.3,198.0
1251,3053846,"3,7,11,15,19,23,27,31,35,39-Decamethyltetraconta-2,6,10,14,18,22,26,30,34,38-decaenyl prop-2-enoate",CC(=CCCC(=CCCC(=CCCC(=CCCC(=CCCC(=CCCC(=CCCC(=CCCC(=CCCC(=CCOC(=O)C=C)C)C)C)C)C)C)C)C)C)C,753.2,C53H84O2,26.3,1420.0
1252,10444551,"2-(1,3-dioxoisoindol-2-yl)ethyl Prop-2-enoate",C=CC(=O)OCCN1C(=O)C2=CC=CC=C2C1=O,245.23,C13H11NO4,63.7,367.0
1253,13086546,1-Methylcyclohexyl prop-2-enoate,CC1(CCCCC1)OC(=O)C=C,168.23,C10H16O2,26.3,178.0
1254,53426370,4-[(Chloroacetyl)oxy]butyl prop-2-enoate,C=CC(=O)OCCCCOC(=O)CCl,220.65,C9H13ClO4,52.6,203.0
1255,53422786,"2,3,3-Trimethylbutan-2-yl prop-2-enoate",CC(C)(C)C(C)(C)OC(=O)C=C,170.25,C10H18O2,26.3,185.0
1256,71347199,"4-Bromo-3,3,4,4-tetrafluorobutyl prop-2-enoate",C=CC(=O)OCCC(C(F)(F)Br)(F)F,279.03,C7H7BrF4O2,26.3,230.0
1257,71375967,"2-Propenoic acid, 4-(4-benzoylphenoxy)butyl ester",C=CC(=O)OCCCCOC1=CC=C(C=C1)C(=O)C2=CC=CC=C2,324.4,C20H20O4,52.6,404.0
1258,22709343,2-Decyltetradecyl prop-2-enoate,CCCCCCCCCCCCC(CCCCCCCCCC)COC(=O)C=C,408.7,C27H52O2,26.3,350.0
1259,71441474,3-Anilinophenyl prop-2-enoate,C=CC(=O)OC1=CC=CC(=C1)NC2=CC=CC=C2,239.27,C15H13NO2,38.3,284.0
1260,19357572,2-[2-(Phosphonooxy)ethoxy]ethyl prop-2-enoate,C=CC(=O)OCCOCCOP(=O)(O)O,240.15,C7H13O7P,102.0,246.0
1261,23505087,4-(Ethenyloxy)butyl prop-2-enoate,C=CC(=O)OCCCCOC=C,170.21,C9H14O3,35.5,152.0
1262,45120227,2-(2-Methylpropanamido)ethyl prop-2-enoate,CC(C)C(=O)NCCOC(=O)C=C,185.22,C9H15NO3,55.4,199.0
1263,71353023,2-Octyldecyl prop-2-enoate,CCCCCCCCC(CCCCCCCC)COC(=O)C=C,324.5,C21H40O2,26.3,257.0
1264,10176402,"2-Propenoic acid, 2-(1-piperidinyl)ethyl ester",C=CC(=O)OCCN1CCCCC1,183.25,C10H17NO2,29.5,174.0
1265,59172004,11-(Diethoxyphosphoryl)undecyl prop-2-enoate,CCOP(=O)(CCCCCCCCCCCOC(=O)C=C)OCC,362.4,C18H35O5P,61.8,360.0
1266,88540130,[(2R)-3-hexadecanoyloxy-2-(16-prop-2-enoyloxyhexadecanoyloxy)propyl] 2-(trimethylazaniumyl)ethyl phosphate,CCCCCCCCCCCCCCCC(=O)OC[C@H](COP(=O)([O-])OCC[N+](C)(C)C)OC(=O)CCCCCCCCCCCCCCCOC(=O)C=C,804.1,C43H82NO10P,138.0,994.0
1267,58947915,"1',3',3'-Trimethylspiro[chromene-2,2'-indolin]-6-ylacrylate",CC1(C2=CC=CC=C2N(C13C=CC4=C(O3)C=CC(=C4)OC(=O)C=C)C)C,347.4,C22H21NO3,38.8,613.0
1268,134688658,Norbornylacrylate,C=CC(=O)OC1C[C@@H]2CC[C@@H]1C2,166.22,C10H14O2,26.3,210.0
1269,20329016,"3,5-Di-tert-butyl-4-hydroxyphenyl prop-2-enoate",CC(C)(C)C1=CC(=CC(=C1O)C(C)(C)C)OC(=O)C=C,276.4,C17H24O3,46.5,335.0
1270,58980492,4-[(Methanesulfonyl)amino]cyclohexyl prop-2-enoate,CS(=O)(=O)NC1CCC(CC1)OC(=O)C=C,247.31,C10H17NO4S,80.8,350.0
1271,543884,6-Ethyl-3-(prop-2-enoyloxy)decane,CCCCC(CC)CCC(CC)OC(=O)C=C,240.38,C15H28O2,26.3,211.0
1272,18648933,Galactosyloxyethylacrylate,C=CC(=O)OCCOC1[C@@H]([C@H]([C@H]([C@H](O1)CO)O)O)O,278.26,C11H18O8,126.0,307.0
1273,543940,"Acrylic acid, 3-methylene-4-pentenyl ester",C=CC(=C)CCOC(=O)C=C,152.19,C9H12O2,26.3,180.0
1274,564417,"Acrylic acid, (5-cyclopropylidenepentyl) ester",C=CC(=O)OCCCCC=C1CC1,180.24,C11H16O2,26.3,210.0
1275,543932,"Acrylic acid, 2-(methylenecyclopropyl)ethyl ester",C=CC(=O)OCCC1CC1=C,152.19,C9H12O2,26.3,194.0
1276,543200,"Acrylic acid, 2-(2-methylenecyclopropyl)propyl ester",CC(C)(C1CC1=C)OC(=O)C=C,166.22,C10H14O2,26.3,238.0
1277,19979416,"1-Methoxy-2,2,6,6-tetramethyl-4-acryloyloxypiperidine",CC1(CC(CC(N1OC)(C)C)OC(=O)C=C)C,241.33,C13H23NO3,38.8,292.0
1278,19979417,"1-Cyclohexyloxy-2,2,6,6-tetramethyl-4-acryloyloxypiperidine",CC1(CC(CC(N1OC2CCCCC2)(C)C)OC(=O)C=C)C,309.4,C18H31NO3,38.8,393.0
1279,544156,"2-Propenoic acid, 5-methylene-6-heptenyl ester",C=CC(=C)CCCCOC(=O)C=C,180.24,C11H16O2,26.3,204.0
1280,585841,"Acrylic acid, (2-benzyloxy-1,7,7-trimethylbicyclo[2.2.1]hept-3-yl) ester",CC1(C2CCC1(C(C2OC(=O)C=C)OCC3=CC=CC=C3)C)C,314.4,C20H26O3,35.5,464.0
1281,597374,"Acrylic acid, [3-(diphenylmethyl)-1,7,7-trimethylbicyclo[2.2.1]hept-2-yl] ester",CC1(C2CCC1(C(C2C(C3=CC=CC=C3)C4=CC=CC=C4)OC(=O)C=C)C)C,374.5,C26H30O2,26.3,563.0
1282,5300140,"2-{[4,6-Di(morpholin-4-yl)-1,3,5-triazin-2-yl]sulfanyl}ethyl prop-2-enoate",C=CC(=O)OCCSC1=NC(=NC(=N1)N2CCOCC2)N3CCOCC3,381.5,C16H23N5O4S,115.0,434.0
1283,57376213,Acryloxytriphenyltin,C=CC(=O)O[Sn](C1=CC=CC=C1)(C2=CC=CC=C2)C3=CC=CC=C3,421.1,C21H18O2Sn,26.3,370.0
1284,16050377,(3-Acryloxypropyl)methylbis(trimethylsiloxy)silane,C[Si](C)(C)O[Si](C)(CCCOC(=O)C=C)O[Si](C)(C)C,334.63,C13H30O4Si3,44.8,316.0
1285,21895357,"2-Propenoic acid, 3-butoxy-3-oxopropyl ester",CCCCOC(=O)CCOC(=O)C=C,200.23,C10H16O4,52.6,198.0
1286,23437533,"2-Propenoic acid, 4-[(4-hydroxyphenyl)sulfonyl]phenyl ester",C=CC(=O)OC1=CC=C(C=C1)S(=O)(=O)C2=CC=C(C=C2)O,304.3,C15H12O5S,89.0,463.0
1287,138113129,3-Acryloyloxy flavone,C=CC(=O)OC1=C(OC2=CC=CC=C2C1=O)C3=CC=CC=C3,292.3,C18H12O4,52.6,499.0
1288,121494101,"(3,4-Epoxycyclohexyl)methyl methacrylate",C=CC(=O)OCC1CC[C@H]2O[C@H]2C1,196.24,C11H16O3,38.8,259.0
1289,22182933,2-Hydroxycyclohexyl prop-2-enoate,C=CC(=O)OC1CCCCC1O,170.21,C9H14O3,46.5,177.0
1290,59641530,"(1,4-Dioxaspiro[4.5]decan-2-yl)methyl prop-2-enoate",C=CC(=O)OCC1COC2(O1)CCCCC2,226.27,C12H18O4,44.8,268.0
1291,11368265,"2-Propenoic acid, (1S)-1-[(phenylmethoxy)methyl]-2-propen-1-yl ester",C=C[C@@H](COCC1=CC=CC=C1)OC(=O)C=C,232.27,C14H16O3,35.5,254.0
1292,18667925,2-(2-Methylphenoxy)ethyl prop-2-enoate,CC1=CC=CC=C1OCCOC(=O)C=C,206.24,C12H14O3,35.5,213.0
1293,13841397,12-Bromododecyl prop-2-enoate,C=CC(=O)OCCCCCCCCCCCCBr,319.28,C15H27BrO2,26.3,205.0
1294,4184941,"2-Propenoic acid, 3-[3-(3-methoxypropoxy)propoxy]propyl ester",COCCCOCCCOCCCOC(=O)C=C,260.329,C13H24O5,54.0,206.0
1295,45094573,2-(3-Ethyloxetan-3-yl)oxyethyl prop-2-enoate,CCC1(COC1)OCCOC(=O)C=C,200.23,C10H16O4,44.8,208.0
1296,11253685,1-(1-Acryloyloxy-1-methylethyl)adamantane,CC(C)(C12CC3CC(C1)CC(C3)C2)OC(=O)C=C,248.36,C16H24O2,26.3,339.0
1297,544477,"Acrylic acid, (1,7,7-trimethyl-2-neopentylbicyclo[2.2.1]hept-3-yl) ester",CC1(C2CCC1(C(C2OC(=O)C=C)OCC(C)(C)C)C)C,294.4,C18H30O3,35.5,432.0
1298,614613,"Acrylic acid, [3-(N-phenylsulfonyl-N-phenylamino)-1,7,7-trimethyl-2-bicyclo[2.2.1]heptyl ester",CC1(C2CCC1(C(C2N(C3=CC=CC=C3)S(=O)(=O)C4=CC=CC=C4)OC(=O)C=C)C)C,439.6,C25H29NO4S,72.1,789.0
1299,167312788,"Acrylate-PEG-Mal, MW 1,000",C=CC(=O)OCCOCCNC(=O)CCCN1C(=O)C=CC1=O,324.33,C15H20N2O6,102.0,482.0
1300,155108413,"Acrylate PEG Acrylate,MW 2K",CC(C)(CCOC(C)(C)COC(=O)C=C)OC(=O)C=C,284.35,C15H24O5,61.8,369.0
1301,77078222,Acrylate-PEG3-t-butyl ester,CC(C)(C)OC(=O)CCOCCOCCOC(=O)C=C,288.34,C14H24O6,71.1,305.0
1302,91809457,Acrylate-PEG5-t-butyl ester,CC(C)(C)OC(=O)CCOCCOCCOCCOCCOC(=O)C=C,376.4,C18H32O8,89.5,389.0
1303,102514876,Acrylate-PEG6-t-butyl ester,CC(C)(C)OC(=O)CCOCCOCCOCCOCCOCCOC(=O)C=C,420.5,C20H36O9,98.8,432.0
1304,51025217,Cyclol acrylate,C=CC(=O)OCC1C[C@H]2C[C@H]1C=C2,178.23,C11H14O2,26.3,255.0
1305,46835728,"3,5-Di-tert-butylphenyl acrylate",CC(C)(C)C1=CC(=CC(=C1)OC(=O)C=C)C(C)(C)C,260.399,C17H24O2,26.3,308.0
1306,102232917,"3,4-Propylenedioxythiophene-acrylate",CC1(COC2=CSC=C2OC1)COC(=O)C=C,254.3,C12H14O4S,73.0,291.0
1307,91757807,2-methyl-acrylate-PEG12-amine,C=CC(=O)OCCOCCOCCOCCOCCOCCOCCOCCOCCOCCOCCOCCN,613.7,C28H55NO13,154.0,572.0
1308,155899407,"6-[9-(1-Heptyloctyl)-1,3,8,10-tetraoxo-1,2,3,8,9,10-hexahydroanthra[2,1,9-def:6,5,10-d'e'f']diisoquinolin-2-yl]hexyl acrylate",CCCCCCCC(CCCCCCC)N1C(=O)C2=C3C(=CC=C4C3=C(C=C2)C5=C6C4=CC=C7C6=C(C=C5)C(=O)N(C7=O)CCCCCCOC(=O)C=C)C1=O,754.9,C48H54N2O6,101.0,1350.0
1309,24950966,"2-(2-(2-(3-((2,5-Dioxopyrrolidin-1-yl)oxy)-3-oxopropoxy)ethoxy)ethoxy)ethyl acrylate",C=CC(=O)OCCOCCOCCOCCC(=O)ON1C(=O)CCC1=O,373.35,C16H23NO9,118.0,490.0
1310,119058299,2-methyl-acrylate-PEG12-amine-Boc,C=CC(=O)OCCOCCOCCOCCOCCOCCOCCOCCOCCOCCOCCOCCNC(=O)OC(C)(C)C,713.9,C33H63NO15,166.0,767.0
1311,129626459,6-(4-((Tert-butoxycarbonyl)oxy)phenoxy)hexyl acrylate,CC(C)(C)OC(=O)OC1=CC=C(C=C1)OCCCCCCOC(=O)C=C,364.4,C20H28O6,71.1,432.0
1312,86280152,"(3R,5R,7R,8R,9S,10S,12S,13R,14S,17R)-7,12-Dihydroxy-10,13-dimethyl-17-((2R)-5-oxo-5-(((3R,4R,5S,6R)-2,4,5-trihydroxy-6-(hydroxymethyl)tetrahydro-2H-pyran-3-yl)amino)pentan-2-yl)hexadecahydro-1H-cyclopenta[a]phenanthren-3-yl acrylate",C[C@H](CCC(=O)N[C@@H]1[C@H]([C@@H]([C@H](OC1O)CO)O)O)[C@H]2CC[C@@H]3[C@@]2([C@H](C[C@H]4[C@H]3[C@@H](C[C@H]5[C@@]4(CC[C@H](C5)OC(=O)C=C)C)O)O)C,623.8,C33H53NO10,186.0,1070.0
1313,89809866,3-Phenyl-2-(trimethoxysilyl)propyl acrylate,CO[Si](C(CC1=CC=CC=C1)COC(=O)C=C)(OC)OC,310.42,C15H22O5Si,54.0,316.0
1314,169439624,2-Ethyl-4-ethylpentyl Acrylate,CCC(COC(=O)C=C)C(C)C,170.25,C10H18O2,26.3,150.0
1315,3517032,"[1r,9Ar,(-)]-octahydro-2H-quinolizine-1-methanol acrylate",C=CC(=O)OCC1CCCN2C1CCCC2,223.31,C13H21NO2,29.5,265.0
1316,45036092,"3,20-Dioxopregn-4-en-21-yl acrylate",C[C@]12CCC3C([C@@H]1CC[C@@H]2C(=O)COC(=O)C=C)CCC4=CC(=O)CC[C@]34C,384.5,C24H32O4,60.4,750.0
1317,168437649,18-Bromooctadecyl acrylate,C=CC(=O)OCCCCCCCCCCCCCCCCCCBr,403.4,C21H39BrO2,26.3,279.0
1318,165429930,"Acrylate-PEG-SVA, MW 2K",C=CC(=O)OCCOCCCCC(=O)OC1C(=O)CCC1=O,312.31,C15H20O7,96.0,425.0
1319,14040031,2-[(Phenylsulfonyl)methyl]-2-propenyl acrylate,C=CC(=O)OCC(=C)CS(=O)(=O)C1=CC=CC=C1,266.31,C13H14O4S,68.8,411.0
1320,22718872,"(9E,12E)-Octadeca-9,12-dien-1-yl acrylate",CCCCC/C=C/C/C=C/CCCCCCCCOC(=O)C=C,320.5,C21H36O2,26.3,329.0
1321,124202872,"Methyl Acrylate-1-13C, (contains hydroquinone as a stabilizer), 99 atom % 13C, 98% (CP)",CO[13C](=O)C=C,87.08,C4H6O2,26.3,65.9
1322,170903730,"11-Hydroxy-1,1,3,3,5,5,7,7,9,9,11,11-dodecamethylhexasiloxaneyl acrylate",C[Si](C)(O)O[Si](C)(C)O[Si](C)(C)O[Si](C)(C)O[Si](C)(C)O[Si](C)(C)OC(=O)C=C,516.98,C15H40O8Si6,92.7,591.0
1323,146012803,1-Bromonaphthalen-2-yl acrylate,C=CC(=O)OC1=C(C2=CC=CC=C2C=C1)Br,277.11,C13H9BrO2,26.3,277.0
1324,85975705,4-((4-(Pentyloxy)phenyl)diazenyl)phenyl acrylate,CCCCCOC1=CC=C(C=C1)N=NC2=CC=C(C=C2)OC(=O)C=C,338.4,C20H22N2O3,60.2,423.0
1325,169434196,1-((tert-Butyldimethylsilyl)oxy)propan-2-yl Acrylate,CC(CO[Si](C)(C)C(C)(C)C)OC(=O)C=C,244.4,C12H24O3Si,35.5,254.0
1326,169501348,(S)-(4-(Prop-1-en-2-yl)cyclohex-1-en-1-yl)methyl acrylate,CC(=C)[C@H]1CCC(=CC1)COC(=O)C=C,206.28,C13H18O2,26.3,300.0
1327,168490272,"2-(2,6-Dioxopiperidin-3-yl)-1,3-dioxoisoindolin-4-yl acrylate",C=CC(=O)OC1=CC=CC2=C1C(=O)N(C2=O)C3CCC(=O)NC3=O,328.28,C16H12N2O6,110.0,643.0
1328,169440089,"Ethyl Acrylate-1, 2, 3,-13C3",CCO[13C](=O)[13CH]=[13CH2],103.09,C5H8O2,26.3,76.1
1329,139025639,N-(5-(Propionyloxy)pentyl Acrylate) (R)-trans-Laudanosine Benzenesulfonate,C[N@+]1(CCC2=CC(=C(C=C2[C@H]1CC3=CC(=C(C=C3)OC)OC)OC)OC)CCC(=O)OCCCCCOC(=O)C=C,727.9,C38H49NO11S,155.0,994.0
1330,165365566,Tebuconazole acrylate,CC(C)(C)C(CCC1=CC=C(C=C1)Cl)(CN2C=NC=N2)OC(=O)C=C,361.9,C19H24ClN3O2,57.0,458.0
1331,167312926,endo-BCN-PEG2-Acrylate,C=CC(=O)OCCOCCOCCNC(=O)OCC1[C@H]2[C@@H]1CCC#CCC2,379.4,C20H29NO6,83.1,545.0
1332,170899745,17-Bromoheptadecyl acrylate,C=CC(=O)OCCCCCCCCCCCCCCCCCBr,389.4,C20H37BrO2,26.3,266.0
1333,168435105,17-Chloroheptadecyl acrylate,C=CC(=O)OCCCCCCCCCCCCCCCCCCl,345.0,C20H37ClO2,26.3,266.0
1334,121005771,"3-o-tolyl-3,4-dihydro-2H-benzo[e][1,3]oxazin-6-yl acrylate",CC1=CC=CC=C1N2CC3=C(C=CC(=C3)OC(=O)C=C)OC2,295.3,C18H17NO3,38.8,411.0
1335,170992275,2-Methyl-1-oxo-1-((2-oxotetrahydrofuran-3-yl)oxy)propan-2-yl acrylate,CC(C)(C(=O)OC1CCOC1=O)OC(=O)C=C,242.22,C11H14O6,78.9,357.0
1336,170900921,"4-(2,6-Diamino-9H-purin-9-yl)butyl acrylate",C=CC(=O)OCCCCN1C=NC2=C(N=C(N=C21)N)N,276.29,C12H16N6O2,122.0,353.0
1337,13351124,(3E)-3-[(2E)-2-ethylidenecyclohexylidene]propyl acrylate,C/C=C/1\CCCC\C1=C/CCOC(=O)C=C,220.31,C14H20O2,26.3,311.0
1338,124202873,"Methyl Acrylate-13C3, (contains hydroquinone as a stabilizer), 99 atom % 13C, 98% (CP)",CO[13C](=O)[13CH]=[13CH2],89.067,C4H6O2,26.3,65.9
1339,168446324,"2-(2-(2-(2-((2,5-Dioxopyrrolidin-1-yl)oxy)-2-oxoethoxy)ethoxy)ethoxy)ethyl acrylate",C=CC(=O)OCCOCCOCCOCC(=O)ON1C(=O)CCC1=O,359.33,C15H21NO9,118.0,475.0
1340,168438756,"2-(3'-((2-(Acryloyloxy)ethyl)(ethyl)amino)-6'-(ethylamino)-2',7'-dimethyl-3-oxospiro[isoindoline-1,9'-xanthen]-2-yl)ethyl acrylate",CCNC1=CC2=C(C=C1C)C3(C4=CC=CC=C4C(=O)N3CCOC(=O)C=C)C5=C(O2)C=C(C(=C5)C)N(CC)CCOC(=O)C=C,609.7,C36H39N3O6,97.4,1100.0
1341,131887749,Tert-butyl-d9 acrylate,[2H]C([2H])([2H])C(C([2H])([2H])[2H])(C([2H])([2H])[2H])OC(=O)C=C,137.22,C7H12O2,26.3,119.0
1342,101375909,2-(4-(Dimethylamino)benzoyl)-5-methylphenyl acrylate,CC1=CC(=C(C=C1)C(=O)C2=CC=C(C=C2)N(C)C)OC(=O)C=C,309.4,C19H19NO3,46.6,438.0
1343,11836752,2-Isopropyl-5-methylcyclohexyl 2-[hydroxy(4-methylphenyl)methyl]acrylate,C=CC(=O)O[C@H]1C[C@@H](C)CC[C@@H]1C(C)C,330.5,C21H30O3,46.5,434.0
1344,165429929,"Acrylate-PEG-Maleimide, MW 3.4K",C=CC(=O)OCCOCCNC(=O)CCN1C(=O)C=CC1=O,310.3,C14H18N2O6,102.0,468.0
1345,134820730,4-(4-Isopropoxybenzamido)phenyl acrylate,CC(C)OC1=CC=C(C=C1)C(=O)NC2=CC=C(C=C2)OC(=O)C=C,325.4,C19H19NO4,64.599,433.0
1346,155899493,9-ethyl-9H-carbazol-3-ylmethyl acrylate,CCN1C2=CC=CC=C2C3=C1C=C(C=C3)COC(=O)C=C,279.3,C18H17NO2,31.2,395.0
1347,170992186,2-(4-Methyl-2-oxocyclohexyl)propan-2-yl acrylate,CC1CCC(C(=O)C1)C(C)(C)OC(=O)C=C,224.3,C13H20O3,43.4,304.0
1348,132848333,"4-[(1,1-Dioxidobenzo[d]isothiazol-3-yl)(methyl)amino]phenyl Acrylate",CN(C1=CC=C(C=C1)OC(=O)C=C)C2=NS(=O)(=O)C3=CC=CC=C32,342.4,C17H14N2O4S,84.4,630.0
1349,168442280,N-Desacryloyl N-(3-Acryloyl-propanoyl) Ibrutinib,C=CC(=O)OCCC(=O)N1CCC[C@H](C1)N2C3=NC=NC(=C3C(=N2)C4=CC=C(C=C4)OC5=CC=CC=C5)N,512.6,C28H28N6O4,126.0,815.0
1350,90476426,"2-Propenoicacid,(4S,7R)-octahydro-4,7-methano-1H-inden-2-ylester,rel-",C=CC(=O)OC1CC2[C@@H]3CC[C@@H](C3)C2C1,206.28,C13H18O2,26.3,279.0
1351,53461614,"(10,13-Dimethyl-3-oxo-1,2,4,5,6,7,8,9,11,12,14,15,16,17-tetradecahydrocyclopenta[a]phenanthren-17-yl) prop-2-enoate",CC12CCC(=O)CC1CCC3C2CCC4(C3CCC4OC(=O)C=C)C,344.5,C22H32O3,43.4,596.0
1352,165429006,cis-Monoacrylate Atracurium Besylate,C[N@@+]1(CCC2=CC(=C(C=C2[C@H]1CC3=CC(=C(C=C3)OC)OC)OC)OC)CCC(=O)OCCCCCOC(=O)C=C,727.9,C38H49NO11S,155.0,994.0
1353,27282087,"4-(2,4-Dinitrophenyl)butyl prop-2-enoate",C=CC(=O)OCCCCC1=C(C=C(C=C1)[N+](=O)[O-])[N+](=O)[O-],294.26,C13H14N2O6,118.0,400.0
1354,133550465,"[2-[(10S,13R,14R,17R)-10,13-dimethyl-3-oxo-1,2,6,7,8,9,11,12,14,15,16,17-dodecahydrocyclopenta[a]phenanthren-17-yl]-2-oxoethyl] prop-2-enoate",C[C@@]12CCC3C([C@H]1CC[C@H]2C(=O)COC(=O)C=C)CCC4=CC(=O)CC[C@@]34C,384.5,C24H32O4,60.4,750.0
1355,909765,4-methyl-8-(morpholin-4-ylmethyl)-2-oxo-2H-chromen-7-yl prop-2-enoate,CC1=CC(=O)OC2=C1C=CC(=C2CN3CCOCC3)OC(=O)C=C,329.3,C18H19NO5,65.099,538.0
1356,171395280,17Alpha-Vinyltestosterone Acryl Ester,C[C@]12CCC(=O)C=C1CC[C@@H]3[C@@H]2CC[C@]4([C@H]3CC[C@]4(C=C)OC(=O)C=C)C,368.5,C24H32O3,43.4,734.0
1357,134767817,"[(1S,2R,5S)-2-[2-(4-methoxyphenyl)propan-2-yl]-5-methylcyclohexyl] prop-2-enoate",C[C@H]1CC[C@@H]([C@H](C1)OC(=O)C=C)C(C)(C)C2=CC=C(C=C2)OC,316.4,C20H28O3,35.5,407.0
