id_A,id_B,smiles_A,smiles_B,chain_size,xx,yy,zz,static_polarizability,type
3022436,,CCCCCCCC(C)COC(=O)C=C,,1,247.348401047,207.02809487,217.042697455,223.80639779066667,homopoly
71375967,,C=CC(=O)OCCCCOC1=CC=C(C=C1)C(=O)C2=CC=CC=C2,,0,183.675157075,216.555146728,163.407859891,187.879387898,monomer
70480932,,CC1(C2CCC1(CC2OC(=O)C=C)C)C,,0,117.915784229,100.421024652,104.799285695,107.71203152533333,monomer
21871648,,C=CC(=O)OC1=CC=CC=C1O,,1,157.344366765,153.940448589,187.259106796,166.18130738333332,homopoly
129858029,,C=CC(=O)ON=[N+]=[N-],,2,243.974472883,196.405175496,131.57041583,190.65002140299998,homopoly
3022441,,CCCCCCCCCCCCC(C)COC(=O)C=C,,2,596.633425799,608.045219304,649.918981468,618.199208857,homopoly
129762066,,C=CCC1=NN=NN1OC(=O)C=C,,0,59.4794567954,63.6172633274,113.811284103,78.96933474193334,monomer
13643270,,C=CC(=O)OC(COC1=CC(=C(C=C1)C(=O)C2=CC=CC=C2)O)COC3=CC(=C(C=C3)C(=O)C4=CC=CC=C4)O,,1,632.973408761,633.500555889,636.112098503,634.1953543843333,homopoly
76599744,,C=CC(=O)OCC=CC(C(F)(F)F)(C(F)(F)F)F,,2,374.461125571,330.666807686,281.760448343,328.9627938666667,homopoly
17111,,CN(C)CCOC(=O)C=C,,0,49.144499063,66.3786019261,86.7053593248,67.4094867713,monomer
18979434,,C=CC(=O)OCCCCCCOC1=CC=C(C=C1)C2=CC=C(C=C2)C3CCC(CC3)CCC4OCCO4,,2,943.948831238,1156.98792692,1407.66468732,1169.5338151593332,homopoly
69237271,,C=CC(=O)OC1=CC=CC2=C1N(C3=CC=CC=C23)CCO,,2,833.931472851,646.703421147,609.29629883,696.6437309426666,homopoly
17259,,CCCCCCOC(=O)C=C,,0,83.9362559951,88.232586963,62.5328487753,78.23389724446668,monomer
543282,,CCCCCCCCCC(CCC)OC(=O)C=C,,2,594.968507909,525.702624068,540.816527778,553.8292199183334,homopoly
105239,,CN(CCOC(=O)C=C)S(=O)(=O)CC(C(C(C(C(C(F)(F)F)(F)F)(F)F)(F)F)(F)F)(F)F,,0,147.625583374,119.644343468,182.10681299,149.79224661066667,monomer
3083883,,C=CC(=O)OC(C(C(C(C(C(C(C(C(C(CF)(F)F)(F)F)(F)F)(F)F)(F)F)(F)F)(F)F)(F)F)(F)F)F,,0,104.973248126,128.207430451,160.184024696,131.12156775766667,monomer
68055331,,C=CC(=O)OC1=C(C(=C(C=C1)F)F)F,,2,393.10118208,365.311586914,250.222440469,336.21173648766666,homopoly
59641530,,C=CC(=O)OCC1COC2(O1)CCCCC2,,2,404.531411994,418.505801924,450.142480559,424.3932314923333,homopoly
9942853,,CC(COC(C)COC(=O)C=C)OC(=O)C=C,,1,269.122113714,213.645268688,181.46115426,221.40951222066667,homopoly
20973,,CSCCOC(=O)C=C,,1,104.588009914,144.130461288,139.988165053,129.56887875166666,homopoly
20963,,C=CC(=O)OCCBr,,0,29.7517121141,70.9951367268,66.083159364,55.61000273496666,monomer
21932355,,CC(C(C(C(OC(=O)C=C)(F)F)(F)F)(F)F)(F)F,,2,263.023514405,301.343302164,315.414296086,293.260370885,homopoly
54033718,,CCCCC(CN1C=NC=N1)(COC(=O)C=C)C2=CC=C(C=C2)Cl,,0,172.624199625,190.803754591,160.48617593,174.63804338199998,monomer
10154104,,C=CC(=O)OCCOC=C,,2,277.858249526,262.27198901,245.903980349,262.011406295,homopoly
15621063,,C=CC(=O)OCC1=CC=C(C=C1)CC2=CC=CC=C2,,2,566.222667082,510.226464628,617.7344961,564.7278759366667,homopoly
140350948,,C=CC(=O)OOC(=O)OOC(=O)C=C,,1,132.637486406,147.952890158,169.966827035,150.185734533,homopoly
23513520,,C=CC(=O)OCCC1=CC=CC2=CC=CC=C21,,0,182.755152774,92.3934910712,135.063503181,136.73738234206667,monomer
11378874,,C=CC(=O)OCOP(=O)(O)O,,0,49.8446276053,58.7222992326,67.9056963339,58.824207723933334,monomer
3022440,,CCCCCCCCCCCC(C)COC(=O)C=C,,1,281.2764122,293.099903082,305.649695152,293.342003478,homopoly
21401083,,C=CC(=O)OC(O)C(O)CO,,1,141.11474102,111.331516503,116.894474629,123.113577384,homopoly
3023749,,CCCCCCCCCCCCCCCCCCCCCCCCCCCCOC(=O)C=C,,0,276.373828581,250.183077789,265.267222938,263.941376436,monomer
129847753,,CC1=NN(C=C1OC(=O)C=C)C,,1,128.728983697,169.813670104,191.844537603,163.46239713466667,homopoly
137530330,,CC(C)(C)N(CC1=C(C(=CC(=C1)C=O)OC)OC(=O)C=C)C(C)(C)C,,2,811.783379825,620.884067861,863.921271239,765.529572975,homopoly
134767817,,C[C@H]1CC[C@@H]([C@H](C1)OC(=O)C=C)C(C)(C)C2=CC=C(C=C2)OC,,1,367.931975327,354.261591781,334.201679572,352.1317488933334,homopoly
18546535,,CSCCCSCCCOC(=O)C=C,,0,106.833701135,106.825931038,114.752628979,109.47075371733332,monomer
543282,,CCCCCCCCCC(CCC)OC(=O)C=C,,0,132.13045527,147.842831897,135.02199395,138.33176037233332,monomer
21318160,,CCC(C)(C)C1=CC=C(C=C1)OC(=O)C=C,,2,609.723181213,402.748501803,495.033776186,502.50181973400004,homopoly
81530,,C=CC(=O)OCC,,2,195.408142122,175.277233995,170.289967527,180.325114548,homopoly
11253685,,CC(C)(C12CC3CC(C1)CC(C3)C2)OC(=O)C=C,,2,528.199503145,504.444185984,538.239776611,523.6278219133334,homopoly
85416,,C=CC(=O)OCCOC1=CC(=C(C=C1)C(=O)C2=CC=CC=C2)O,,2,742.102339792,665.723996654,610.693128214,672.8398215533333,homopoly
21318161,,C=CC(=O)OC1=C(C=C(C=C1[N+](=O)[O-])[N+](=O)[O-])[N+](=O)[O-],,1,277.614622739,173.95011854,255.507661327,235.69080086866666,homopoly
23500968,,CCCCCC(CCC)COC(=O)C=C,,2,445.062953589,446.42710706,453.457640089,448.315900246,homopoly
129851655,,C=CC(=O)OOC(N)=O,,2,158.118587264,239.516609147,165.070986961,187.56872779066668,homopoly
66643588,,CC(C)(C1=CC=CC=C1)SCCOC(=O)C=C,,0,157.470111834,122.105821386,120.921423118,133.49911877933334,monomer
129849674,,C=CC(=O)O[C@@]1([C@@H]([C@H]([C@H]([C@H](O1)CO)O)O)O)O,,1,167.92352059,186.62162687,192.119953112,182.22170019066667,homopoly
3022444,,CCCCCCCCCCCCCCCC(C)COC(=O)C=C,,0,165.990596741,196.19873989,173.455699789,178.54834547333334,monomer
62552,,CCCCCCCCCCCCCCCCCCOC(=O)C=C,,2,697.183628053,725.045775672,745.010539391,722.413314372,homopoly
168442280,,C=CC(=O)OCCC(=O)N1CCC[C@H](C1)N2C3=NC=NC(=C3C(=N2)C4=CC=C(C=C4)OC5=CC=CC=C5)N,,1,562.394101071,581.063701721,653.652642688,599.0368151600001,homopoly
68771319,,CCNC(CC1=CC=C(C=C1)CC2=CC=CC=C2)OC(=O)C=C,,1,342.181277522,404.187533636,320.135455715,355.501422291,homopoly
118885882,,C=CC(=O)NCCOCCOC(=O)C=C,,1,199.216734848,226.12137553,158.116657735,194.48492270433334,homopoly
59317428,,CC(=O)OC1=CC=C(C=C1)CCOC(=O)C=C,,1,189.6053988,274.128859723,231.005542451,231.579933658,homopoly
129774974,,C=CC(=O)OC(OC(=O)C=C)(OC(=O)C=C)F,,2,405.586927519,377.268139541,339.708950424,374.18800582800003,homopoly
2776049,,C=CC(=O)OCC1(C(C(C(C(C1(F)F)(F)F)(F)F)(F)F)(F)F)F,,2,361.089739205,340.081861368,380.992345653,360.72131540866667,homopoly
86740375,,COC(=O)COC(=O)C=C,,2,232.561307372,214.255569283,241.093200359,229.30335900466665,homopoly
121476710,,C[C@@]12CCC(C1(C)C)CC2OC(=O)C=C,,0,119.217242246,79.8428433554,123.45399351,107.50469303713334,monomer
3022439,,CCCCCCCCCCC(C)COC(=O)C=C,,2,555.351982197,562.259332332,543.879584594,553.8302997076667,homopoly
21981399,,C=CC(=O)OCCCN,,2,233.623945112,234.01157004,236.189550322,234.608355158,homopoly
129689811,,C=CC(=O)O[C@@]1([C@@H]([C@H]([C@H]([C@H](O1)O[C@@H]2[C@H](O[C@H]([C@@H]([C@H]2O)O)O)CO)O)O)O)CO,,2,607.071757856,569.043018114,630.178288639,602.097688203,homopoly
149983942,,CC(=O)NC1=CC(=CC=C1)OC(=O)C=C,,2,415.171941549,476.768440008,437.916850676,443.2857440776667,homopoly
904858,,C[C@]12CC[C@H](C1(C)C)C[C@@H]2OC(=O)C=C,,0,106.036448853,92.1875160684,131.816125862,110.01336359446668,monomer
22186490,,CC(C)(C)CCOC(=O)C=C,,1,144.648610567,152.663616703,168.765467274,155.35923151466667,homopoly
72941646,,CC[N+](C)(C)CCOC(=O)C=C,,1,196.614740559,222.355822411,995.445128766,471.47189724533337,homopoly
54438140,,C=CC(=O)OCCC1NCCO1,,2,295.060039515,343.527038087,275.060099453,304.54905901833337,homopoly
129854601,,CCCCCCCCOC(=O)CCOC(=O)C=C,,0,143.628927191,105.58836339,129.821623163,126.34630458133331,monomer
3023480,,C=CC(=O)OCCCC1=CC=CO1,,0,59.9657099977,94.9882315055,103.040106715,85.99801607273332,monomer
62414,,C=CC(=O)OCCOCCOCCOC(=O)C=C,,2,493.233840623,463.351242083,389.869203696,448.8180954673333,homopoly
3022446,,CCCCCCCCCCCCCCCCCC(C)COC(=O)C=C,,1,406.622150969,396.389694768,372.222610713,391.7448188166666,homopoly
18667925,,CC1=CC=CC=C1OCCOC(=O)C=C,,2,491.129322524,430.146365783,372.786353723,431.35401400999996,homopoly
81766,,CCOCCOCCOC(=O)C=C,,1,146.863962453,179.054328976,177.830021723,167.91610438399996,homopoly
90476426,,C=CC(=O)OC1CC2[C@@H]3CC[C@@H](C3)C2C1,,0,91.9945228467,128.597981609,104.230321319,108.27427525823333,monomer
23325021,,C=CC(=O)OC1=CC=CC=N1,,0,122.292582843,62.6406653404,45.8908267556,76.94135831300001,monomer
53735402,,C=CC(=O)ON=C=O,,1,78.8119430651,116.12274611,82.9005285593,92.61173924479999,homopoly
13651710,,CC(C)(COC(=O)C=C)C=O,,0,66.5368738115,57.8188000635,90.9318397825,71.7625045525,monomer
44152441,,CC(COC(COCC(C)OCC(C)OC(=O)C=C)COCC(C)OC(=O)C=C)O,,0,213.587801131,192.975542874,181.694010403,196.08578480266667,monomer
543287,,CCCCCCCCCCCC(CCC)OC(=O)C=C,,1,321.704863614,298.556532999,299.210359943,306.49058551866665,homopoly
105238,,CN(CCOC(=O)C=C)S(=O)(=O)CC(C(C(C(C(C(C(C(F)(F)F)(F)F)(F)F)(F)F)(F)F)(F)F)(F)F)(F)F,,1,314.156187835,376.543683096,317.162184576,335.9540185023334,homopoly
67921,,CCN(CCOC(=O)C=C)S(=O)(=O)C(C(C(C(C(C(C(C(F)(F)F)(F)F)(F)F)(F)F)(F)F)(F)F)(F)F)(F)F,,1,374.189237881,308.596527279,349.544237912,344.110001024,homopoly
18667925,,CC1=CC=CC=C1OCCOC(=O)C=C,,1,235.370465427,176.453152729,229.203804848,213.67580766799998,homopoly
2774977,,C=CC(=O)OCC(C(C(F)(F)F)F)(F)F,,0,74.1798402855,38.8614393235,77.7394889369,63.5935895153,monomer
59689374,,C=CC(=O)OCCCC(C(F)(F)F)(F)F,,2,269.856406938,279.884148819,303.510068885,284.4168748806667,homopoly
169406,,C=CC(=O)OCCOP(=O)(O)O,,1,124.739751066,145.73452079,129.123866207,133.19937935433333,homopoly
21909953,,C=CC(=O)OF,,1,60.1038606593,74.689065811,51.1276468394,61.97352443656667,homopoly
57783175,,CC1=CC=C(C=C1)N(C2=CC=C(C=C2)C3=CC=C(C=C3)CCOC(=O)C=C)C4=C(C=C(C=C4)C)C,,2,863.684038614,1669.4074149,1532.4751616,1355.1888717046668,homopoly
100973,,CNC(=O)CCOC(=O)C=C,,0,51.7206843596,91.1813973202,64.2633535775,69.05514508576667,monomer
3083883,,C=CC(=O)OC(C(C(C(C(C(C(C(C(C(CF)(F)F)(F)F)(F)F)(F)F)(F)F)(F)F)(F)F)(F)F)(F)F)F,,2,562.808008497,500.732417155,515.468550846,526.3363254993334,homopoly
19706376,,C=CC(=O)OC1CCC(CC1)C2=C(C(=CC=C2)F)F,,1,227.848047173,279.076415656,277.483698092,261.46938697366664,homopoly
543286,,CCCCCCCCCCCCC(CC)OC(=O)C=C,,0,155.638823113,164.874890526,148.879279659,156.46433109933332,monomer
28803,,C=CC(=O)OCCOCCOCCOCCOC(=O)C=C,,1,262.148951585,301.108442466,237.648611704,266.968668585,homopoly
44152441,,CC(COC(COCC(C)OCC(C)OC(=O)C=C)COCC(C)OC(=O)C=C)O,,1,405.547956061,356.846976634,416.477465243,392.95746597933334,homopoly
82699,,C=CC(=O)OCC1=CC=CO1,,2,266.267362013,258.169340942,317.363367132,280.6000233623334,homopoly
109857,,CN(CCCCOC(=O)C=C)S(=O)(=O)C(C(C(C(C(F)(F)F)(F)F)(F)F)(F)F)(F)F,,0,143.583553064,144.879511676,173.869388024,154.110817588,monomer
69890866,,C=CC(=O)OC1C2CC3C1OC(=O)C3C2,,0,123.914052489,71.8937905809,89.9626110955,95.25681805513334,monomer
69890866,,C=CC(=O)OC12CC3CC(CC(C3)C1)C2,,0,123.914052489,71.8937905809,89.9626110955,95.25681805513334,monomer
3086961,,CC(OCCOCCOC=C)OC(=O)C=C,,2,406.873432082,406.676924304,443.271236239,418.940530875,homopoly
75118,,C=CC(=O)OC=C,,2,191.447941148,227.29584431,163.69207436,194.145286606,homopoly
170900921,,C=CC(=O)OCCCCN1C=NC2=C(N=C(N=C21)N)N,,0,155.647292298,154.975575433,97.9219858815,136.18161787083332,monomer
54411860,,CC(C)(C)C1=CC(=CC(=C1O)C(C)(C)C)COC(=O)C=C,,2,679.89276554,700.700792925,537.274225871,639.2892614453334,homopoly
21884879,,C=CC(=O)OC1=CC=CC=C1C(=O)C2=CC=CC=C2,,1,322.046731913,255.6151217,281.984029462,286.5486276916667,homopoly
69736699,,C=CC(=O)OC1=NC2=C(C=CC=C2O)C=C1,,2,413.599304299,350.66328196,743.026128443,502.42957156733337,homopoly
146013805,,C=CC(=O)OC(C#N)(C(F)(F)Cl)C(F)(Cl)Cl,,0,96.6844116995,83.6000232787,86.2938497328,88.85942823700002,monomer
174625,,CCC1(COC(OC1)C(C)(C)COC(=O)C=C)COC(=O)C=C,,0,133.445552926,186.365014248,145.651222782,155.15392998533332,monomer
164577025,,CC1(CC(=CC(=C(C#N)C#N)C1)/C=C/C2=CC3=C(C=C(C=C3)OC(=O)C=C)OC2=O)C,,0,402.25054468,399.861246873,324.282588899,375.46479348400004,monomer
6538148,,C/C=C/COC(=O)C=C,,2,229.147694016,274.787465411,252.925375687,252.28684503800002,homopoly
129866931,,C=CC(=O)OC(O)(OC(=O)C=C)C(O)CO,,0,94.6498920961,104.17537803,68.2506341086,89.02530141156667,monomer
10034607,,C=CC(=O)OCC#N,,2,191.731092073,179.709710261,182.048844726,184.49654902,homopoly
58165347,,CC(COC(C)COC(C)COC(=O)C=C)OC,,1,256.330818548,230.547975895,233.915809031,240.26486782466668,homopoly
543579,,CCCCCCCCCCCCCCCOC(=O)C=C,,2,683.311048957,599.333115153,580.401063836,621.015075982,homopoly
76709,,C=CC(=O)OC1=CC=C(C=C1)O,,2,300.303981782,337.874815456,366.625074622,334.93462395333336,homopoly
2778248,,CC(C(F)(F)F)(C(F)(F)F)OC(=O)C=C,,0,43.9286318848,82.4682724081,61.5706455742,62.6558499557,monomer
9815589,,C=CC(=O)OCCCCOCC1CO1,,1,202.499806728,180.25471641,158.535421504,180.4299815473333,homopoly
22372339,,CCCC1=CC=C(C=C1)OC(=O)C=C,,0,112.957184049,122.128320807,92.9281918984,109.33789891813335,monomer
129786647,,C=CC(=O)OC1C=CS1,,2,325.129491426,206.376787439,213.246794897,248.25102458733332,homopoly
84997,,C=CC(=O)OCCC(C(C(C(C(C(C(C(F)(F)F)(C(F)(F)F)F)(F)F)(F)F)(F)F)(F)F)(F)F)(F)F,,2,477.244256966,562.027514192,515.213019592,518.1615969166668,homopoly
145994990,,C=CC(=O)OCCOC1=C2C=CC(=CC2=NC=C1)Cl,,0,99.5542749573,165.707886418,168.938616707,144.7335926941,monomer
543281,,CCCCCCCCCCC(CC)OC(=O)C=C,,1,307.210948595,253.269992581,260.678121871,273.71968768233336,homopoly
129786785,,C=CC(=O)OC1=CSC1,,2,262.827726559,272.096942846,280.091044161,271.67190452200003,homopoly
135398202,,CCOC(=O)C(C)(COC(=O)C=C)COC(=O)C=C,,0,101.98884901,114.011392103,142.057953204,119.35273143900001,monomer
22664433,,C=CC(=O)OCC(C(C(C(C(F)(F)F)(F)F)(F)F)(F)F)(F)F,,1,146.027027952,169.544579501,181.25820772,165.609938391,homopoly
59992627,,C=CC(=O)OCCOCCC(=O)ON1C(=O)CCC1=O,,0,141.561913516,98.8835695874,120.832682376,120.4260551598,monomer
11217487,,CCC1(COC1)COC(=O)C=C,,1,160.034766574,169.742720099,149.951288201,159.90959162466666,homopoly
129851491,,C=CC(=O)OC1=CC(=CC2=C1N(C3=CC=CC=C32)CCO)Cl,,0,178.418705768,121.66527776,251.076603199,183.72019557566668,monomer
167312788,,C=CC(=O)OCCOCCNC(=O)CCCN1C(=O)C=CC1=O,,2,552.413204178,592.585820046,635.137358923,593.3787943823334,homopoly
171395280,,C[C@]12CCC(=O)C=C1CC[C@@H]3[C@@H]2CC[C@]4([C@H]3CC[C@]4(C=C)OC(=O)C=C)C,,1,483.538239949,359.923773861,402.957276163,415.47309665766664,homopoly
2775810,,C=CC(=O)OCC(CC(C(C(C(F)(F)F)(F)F)(F)F)(F)F)O,,2,345.527119271,385.009982407,386.602028469,372.37971004900004,homopoly
90375286,,CCCCCCCCCCSSCCOC(=O)C=C,,1,309.816639744,294.934387085,310.772566848,305.17453122566667,homopoly
14496496,,CCOC(=O)CCOC(=O)C=C,,1,156.762873681,156.905482229,132.527013816,148.73178990866666,homopoly
155899407,,CCCCCCCC(CCCCCCC)N1C(=O)C2=C3C(=CC=C4C3=C(C=C2)C5=C6C4=CC=C7C6=C(C=C5)C(=O)N(C7=O)CCCCCCOC(=O)C=C)C1=O,,0,379.22911744,784.765776208,451.170398739,538.3884307956667,monomer
168655174,,C=CC(=O)OC1=C(C=CC(=C1)C2=NC3=CC=CC=C3S2)C4=NC5=CC=CC=C5S4,,0,447.563365857,192.508018639,315.470018658,318.51380105133336,monomer
46835728,,CC(C)(C)C1=CC(=CC(=C1)OC(=O)C=C)C(C)(C)C,,1,247.113772909,318.936324996,325.144494066,297.0648639903333,homopoly
21872251,,C=CC(=O)OC1=C(C(=C(C=C1)Br)Br)Br,,1,199.698070121,384.840760886,167.027227362,250.5220194563333,homopoly
10197737,,C=CC(=O)OC(F)(F)F,,0,24.7137013549,27.183857571,56.2456252561,36.047728060666664,monomer
13643270,,C=CC(=O)OC(COC1=CC(=C(C=C1)C(=O)C2=CC=CC=C2)O)COC3=CC(=C(C=C3)C(=O)C4=CC=CC=C4)O,,2,1316.97716698,1313.51118284,1121.0714522,1250.5199340066665,homopoly
3014768,,C=CC(=O)OCCN=C=O,,2,261.801177346,262.885628414,192.106659391,238.93115505033333,homopoly
129692699,,CC(C)COC(=O)OC1=CC=C(C=C1)COC(=O)C=C,,1,339.684313205,239.640848733,237.745189053,272.3567836636667,homopoly
19806870,,CC(CF)(C(OC(=O)C=C)(F)F)C(F)(F)F,,2,277.464053325,298.346010828,277.41881167,284.40962527433334,homopoly
4391003,,CC(CCOC(=O)C=C)CC(C)(C)C,,2,446.682755311,420.938936329,379.665993262,415.76256163399995,homopoly
688322,,CC(C)(C)C1CCC(CC1)OC(=O)C=C,,1,206.581077357,223.043882457,230.481747481,220.03556909833333,homopoly
129696010,,C=CC(=O)OC1=CC=CC=C1C(C(C(O)(F)F)(F)F)(F)F,,0,163.850523561,39.9257868833,136.092434486,113.28958164343332,monomer
83092,,C=CC(=O)OC(C(F)(F)F)(C(F)(F)F)F,,1,97.7121983444,113.470885396,118.604267539,109.92911709313334,homopoly
101375909,,CC1=CC(=C(C=C1)C(=O)C2=CC=C(C=C2)N(C)C)OC(=O)C=C,,1,361.551741464,485.663973477,321.622660185,389.61279170866663,homopoly
3016431,,CCCCC(C)COC(=O)C=C,,2,344.636267454,344.692783728,350.76000714,346.696352774,homopoly
59245534,,CCCC1CCC(CC1)C2CCC(CC2)C3=CC(=C(C(=C3)F)OCCCCCCOC(=O)C=C)F,,2,1151.92992691,1125.73895319,840.789859464,1039.4862465213334,homopoly
2776224,,C=CC(=O)OCC(CC(C(C(C(C(C(F)(F)F)(C(F)(F)F)F)(F)F)(F)F)(F)F)(F)F)O,,1,218.752146623,257.012930919,241.439230395,239.06810264566664,homopoly
10308068,,C=CC(=O)OC1=C2C=CC=CC2=CC3=CC=CC=C31,,0,246.056538669,40.8757995572,227.275606021,171.4026480824,monomer
15208801,,C=CC(=O)OCCCN=C=O,,2,287.909847643,231.219616648,309.180206455,276.103223582,homopoly
119747,,C=CC(=O)OCCC(C(C(C(C(C(C(C(F)(F)F)(F)F)(F)F)(F)F)(F)F)(F)F)(F)F)(F)F,,0,126.634087564,110.97936354,123.070959736,120.22813694666667,monomer
18372055,,C=CCCCCOC(=O)C=C,,1,185.050310599,158.789307789,137.43071369,160.423444026,homopoly
22728778,,C=CC(=O)OCCN1C(=O)CCC1=O,,1,174.200846132,168.01861023,172.753974712,171.657810358,homopoly
91241,,C=CC(=O)OCC(CCl)Cl,,1,126.33387058,133.022212982,154.167684226,137.84125592933333,homopoly
13932176,,CCCCCCC(COC(=O)C=C)O,,1,191.632106352,205.328083193,194.240442932,197.06687749233333,homopoly
85887894,,C=CC(=O)OCCNC1=CC=C(C2=NON=C12)[N+](=O)[O-],,1,245.228765957,321.352484903,303.240659591,289.940636817,homopoly
564417,,C=CC(=O)OCCCCC=C1CC1,,0,93.0106853962,96.4405187691,108.062848274,99.1713508131,monomer
21981399,,C=CC(=O)OCCCN,,1,119.740756592,111.727229777,113.385376143,114.95112083733333,homopoly
543695,,C=CC(=O)OC1=CC(=C(C=C1Cl)Cl)Cl,,2,394.501123866,532.747629877,515.065037181,480.7712636413333,homopoly
80995,,C=CC(=O)OCCN1CC1,,2,254.548444234,259.506628361,274.583256445,262.8794430133333,homopoly
22676929,,C=CC(=O)OCCSC1=CC=CC=C1,,1,130.921342549,247.004696862,248.384097623,208.770045678,homopoly
87274,,C=CC(=O)OCCC(C(C(C(C(C(C(C(C(C(F)(F)F)(F)F)(F)F)(F)F)(F)F)(F)F)(F)F)(F)F)(F)F)(F)F,,2,549.211953569,510.680432646,608.552608184,556.1483314663333,homopoly
81215,,C=CC(=O)OC1=CC=C(C=C1)OC(=O)C=C,,0,147.475893351,35.3349998043,181.379178841,121.39669066543333,monomer
544164,,CC1CCC(C(C1)OC(=O)C=C)C(C)C,,1,202.691536962,221.470596553,235.712109869,219.958081128,homopoly
163752588,,C=CC(=O)OC1=CC2=C(C=C1)SC(=O)O2,,1,286.349356055,101.382574632,265.450613317,217.727514668,homopoly
58231725,,C=CC(=O)OC1=C(C2=C(C=C1)C=C(C=C2)C3=CC=CC4=C3SC5=CC=CC=C45)C6=CC=CC7=C6SC8=CC=CC=C78,,0,387.777676664,573.863447345,292.236462533,417.9591955140001,monomer
19979416,,CC1(CC(CC(N1OC)(C)C)OC(=O)C=C)C,,0,102.174495014,116.734974054,138.665039043,119.19150270366667,monomer
22728782,,C=CC(=O)OCCN1CCOC1=O,,1,138.271212838,171.657426072,155.469375048,155.13267131933333,homopoly
129721294,,C=CC(=O)OC1=CC=C(C=C1)C2C(CC2(C#N)C#N)(C#N)C#N,,2,566.427875102,600.536518883,733.601385736,633.5219265736667,homopoly
155509,,C=CC(=O)OC[C@@H]1CCCN2[C@@H]1CCCC2,,2,426.712875992,488.265266511,452.036539895,455.67156079933335,homopoly
53702279,,CCCCCC=CCC=CCCCCCCCCOC(=O)C=C,,0,210.688153205,170.140975488,174.589561725,185.1395634726667,monomer
76133726,,C=CC(=O)OCCCCCCCF,,0,66.7086461741,87.5454501392,105.67666447,86.64358692776666,monomer
22728778,,C=CC(=O)OCCN1C(=O)CCC1=O,,2,342.62337956,302.83106331,399.190975652,348.21513950733333,homopoly
69446413,,CC(OC(=O)C=C)OC(=O)C1=CC=CC2=CC=CC=C21,,0,96.6381129325,166.646099697,184.364055136,149.21608925516668,monomer
3015131,,C=CC(=O)OC1=CC=C(C=C1)C(=O)C2=CC=CC=C2,,2,510.716134198,479.337063572,859.888287639,616.647161803,homopoly
10192585,,CC(C)(CO)COC(=O)C=C,,2,286.094135441,275.592419489,310.607942123,290.764832351,homopoly
18366398,,C=CC(=O)OI,,0,37.3174319994,46.3186920034,58.5483649498,47.394829650866676,monomer
20607910,,C=CC(=O)OCCOC1=CC=C(C=C1)C2=CC=CC=C2,,0,172.038323894,182.956919191,143.445998337,166.14708047399998,monomer
13568817,,C=C/C=C/OC(=O)C=C,,1,173.504436731,131.250605121,124.965053337,143.24003172966664,homopoly
4582075,,CC1=C(C=CC(=C1)N=NC2=CC=C(C=C2)N=NC3=CC=CC=C3)OC(=O)C=C,,1,382.483698784,470.493066932,987.813600444,613.5967887200001,homopoly
87565,,CCCCCCCCCCCCCCCCCCCCCCOC(=O)C=C,,1,453.270437752,422.018971592,397.592585925,424.293998423,homopoly
129722417,,C=CC(=O)OC(=C=O)OC(=O)C=C,,0,93.1826201454,66.7522241705,108.702446847,89.54576372096666,monomer
135398202,,CCOC(=O)C(C)(COC(=O)C=C)COC(=O)C=C,,2,591.527709377,436.729949136,424.419691619,484.2257833773333,homopoly
129851461,,C=CC(=O)OC1=CC=C(C=C1)N2C=NC(=C2C3=CC=CC=C3)C4=CC=CC=C4,,1,328.099330553,538.44566174,564.648084676,477.0643589896667,homopoly
86600777,,C=CC(=O)OCCCCCCCCCCCCCCCCCCCCCC,,0,215.509565837,223.586455308,202.412315604,213.83611224966668,monomer
68649062,,CC(C)C(OC(=O)C=C)OC12CC3CC(C1)CC(C3)C2,,2,556.692725158,584.484698838,558.401175697,566.5261998976666,homopoly
129815894,,C=CC(=O)OC(=C1C=CC=C1)O,,0,90.0056649985,60.4936352182,113.716574639,88.07195828523334,monomer
129675135,,C=CC1=C(C2=CC=CC=C2O1)OC(=O)C=C,,2,296.149340534,632.180691154,619.243701555,515.857911081,homopoly
5748640,,C[C@H](CO)OC(=O)C=C,,1,95.7275964268,114.776784108,123.767069301,111.42381661193333,homopoly
72941646,,CC[N+](C)(C)CCOC(=O)C=C,,0,75.7914476799,87.6572053451,109.774714442,91.07445582233333,monomer
21421562,,COCCOCCOCCOCCOCCOCCOCCOC(=O)C=C,,2,717.012235213,703.311542421,656.701734559,692.3418373976668,homopoly
58231720,,C=CC(=O)OC1=C(C=C(C=C1C2=CC=CC3=C2SC4=CC=CC=C34)C5=CC=CC6=C5SC7=CC=CC=C67)C8=CC=CC9=C8SC1=CC=CC=C91,,1,1163.97884145,1089.13875168,641.854985296,964.9908594753333,homopoly
54411860,,CC(C)(C)C1=CC(=CC(=C1O)C(C)(C)C)COC(=O)C=C,,0,190.335412808,149.121276334,144.673250181,161.37664644099996,monomer
543940,,C=CC(=C)CCOC(=O)C=C,,2,305.16997897,349.628122265,307.233493107,320.677198114,homopoly
17861479,,C=CC(=O)OC1(CC)CCCC1,,1,178.86618901,159.209525057,170.451579695,169.50909792066668,homopoly
13932179,,CC(CCOC(=O)C=C)O,,2,250.367935241,278.990811068,242.222342703,257.19369633733334,homopoly
114487,,CCCCOCC(COC(=O)C=C)O,,0,100.188022764,87.5529468924,88.2315459504,91.9908385356,monomer
102246,,CCCN(CCOC(=O)C=C)S(=O)(=O)C(C(C(C(C(C(C(C(F)(F)F)(F)F)(F)F)(F)F)(F)F)(F)F)(F)F)(F)F,,2,764.159751472,670.522870789,752.915278471,729.199300244,homopoly
100948,,CCN(CCOC(=O)C=C)S(=O)(=O)C(C(C(C(C(C(C(F)(F)F)(F)F)(F)F)(F)F)(F)F)(F)F)(F)F,,0,121.292516839,176.470798329,192.337489629,163.36693493233332,monomer
101152230,,C[C@@]12CC[C@@H](C1)C([C@@H]2OC(=O)C=C)(C)C,,1,205.359817632,189.059921984,257.915104972,217.444948196,homopoly
129773823,,C=CC(=O)OC1=CC=CC=C1C(=O)OCC2=CC=CC=C2,,0,208.542052066,110.308074057,133.128007579,150.65937790066667,monomer
3053846,,CC(=CCCC(=CCCC(=CCCC(=CCCC(=CCCC(=CCCC(=CCCC(=CCCC(=CCCC(=CCOC(=O)C=C)C)C)C)C)C)C)C)C)C)C,,2,1918.40562831,1703.5754122,2085.45326138,1902.47810063,homopoly
53752639,,CC(CC1OCC(CO1)(C)C)OC(=O)C=C,,0,114.07617045,103.719675867,102.329514539,106.70845361866668,monomer
17259,,CCCCCCOC(=O)C=C,,2,313.55792099,335.337413313,297.915622884,315.60365239566664,homopoly
57709857,,C=CC(=O)OCCS(=O)(=O)CCC(C(F)(F)F)(C(F)(F)F)F,,1,201.812194473,223.94709724,238.241439,221.33357690433334,homopoly
19098705,,C=CC(=O)OCCCC(C(C(C(C(C(F)(F)F)(F)F)(F)F)(F)F)(F)F)(F)F,,2,412.681724902,450.486983585,457.446026142,440.204911543,homopoly
23688,,CCCCOCCOC(=O)C=C,,2,320.149989742,320.469822712,341.9909067,327.5369063846667,homopoly
44607779,,C=CC(=O)OC1C[C@H]2C[C@@H]1[C@@H]3[C@H]2C=CC3,,2,397.695530291,438.90553406,445.573691866,427.3915854056666,homopoly
13262697,,C=CC(=O)OCC1=CC=CC2=CC=CC=C21,,0,127.923499582,61.7073255583,178.184542061,122.60512240043333,monomer
53845741,,CCCCCCCCCCCCSCC(CSCCCCCCCCCCCC)OC(=O)C=C,,0,270.807964923,252.232568183,327.357736047,283.46608971766665,monomer
137796794,,C=CC(=O)OC(=C)C(=O)N,,0,70.8912956734,67.2765069505,48.3798892021,62.182563942,monomer
57783180,,CC1=CC=C(C=C1)N(C2=CC=C(C=C2)C)C3=CC=C(C=C3)C4=CC=C(C=C4)CCCOC(=O)C=C,,0,465.866910185,221.36230964,370.23056268,352.48659416833334,monomer
13847848,,CC(C)CCCCCCCCCCCCCOC(=O)C=C,,0,179.063836041,135.670339338,163.262383771,159.33218638333335,monomer
18629896,,C=CC(=O)OC1=C(C=C(C=C1)[N+](=O)[O-])[N+](=O)[O-],,2,577.361814349,432.572683766,287.129810105,432.35476940666666,homopoly
21895357,,CCCCOC(=O)CCOC(=O)C=C,,1,161.801706917,172.185535477,212.908513021,182.29858513833332,homopoly
171714604,,C=CC(=O)OCBr,,1,97.4086914639,92.0715578931,89.3409167138,92.94038869026667,homopoly
87194114,,C=CC(=O)OCCCCCCCCS(=O)(=O)O,,1,253.228086454,208.516933881,237.895538071,233.21351946866665,homopoly
129767522,,C=CC(=O)OC1=CC2=CC=CC=C2OC1,,2,580.585135913,526.238230137,346.914696944,484.5793543313334,homopoly
93013,,C[C@]12CC[C@H](C1(C)C)CC2OC(=O)C=C,,2,447.786718942,415.523907188,434.775698011,432.6954413803333,homopoly
3016430,,C#CCOC(=O)C=C,,2,235.979639956,178.266365505,192.539258953,202.26175480466668,homopoly
87489581,,C=CC(=O)OC(Cl)Cl,,2,196.727968836,222.08977919,204.645987587,207.82124520433334,homopoly
115833,,C=CC(=O)OCC(COC1=CC=C(C=C1)CC2=CC=C(C=C2)OCC(COC(=O)C=C)O)O,,1,468.734636622,480.031447051,470.225965112,472.997349595,homopoly
18979564,,C=CC(=O)OCCCCCCOC1=CC=C(C=C1)C2=CC=C(C=C2)C3CCC(CC3)CCCO,,2,976.579334129,1289.7506338,1085.92579743,1117.418588453,homopoly
93414,,CC(COCC(C)OC(=O)C=C)OCC(C)OC(=O)C=C,,0,96.0361615283,137.644078522,176.682700473,136.7876468411,monomer
85785799,,C=CC(=O)OCC1=C(OC(=N1)C2=CC=CC=C2)C3=CC=CC=C3,,1,177.122460738,571.130802464,441.497957008,396.58374007,homopoly
18979455,,C=CC(=O)OCCCCCCOC1=CC=C(C=C1)C2=CC=C(C=C2)C3CCC(CC3)CCC=O,,2,1123.81197544,1145.52537483,1091.90136398,1120.4129047499998,homopoly
118885882,,C=CC(=O)NCCOCCOC(=O)C=C,,2,440.682566458,392.88577619,332.109493299,388.55927864899996,homopoly
129827076,,C=CC(=O)OCC1CCC(CC1)COCC2CO2,,0,114.876324921,123.306359037,131.051267888,123.07798394866666,monomer
129883324,,COC1=CC=C(C=C1)C=NC2=CC=C(C=C2)COC(=O)C=C,,2,602.180929472,714.329102511,883.346959386,733.2856637896666,homopoly
90732367,,CC1=C(C(=CC=C1)C)OC(=O)C=C,,0,67.1643404676,110.012322309,120.098749961,99.09180424586667,monomer
92212,,CC(C)(C1=CC=C(C=C1)OCC(COC(=O)C=C)O)C2=CC=C(C=C2)OCC(COC(=O)C=C)O,,1,470.481984007,610.680379607,458.077790458,513.0800513573333,homopoly
141738169,,CC1=CC(=O)NC(=N1)NC(=O)NCCCCCCNC(=O)OCCCCOC(=O)C=C,,2,781.842270718,967.734161371,775.21225582,841.5962293030001,homopoly
131749375,,CCC1=C[C-](C=C1)OC(=O)C=C,,1,154.440876282,207.121179619,181.377121047,180.97972564933335,homopoly
129808072,,CC(C([N+](=O)[O-])(F)F)OC(=O)C=C,,1,136.124010877,114.924133345,137.345179803,129.46444134166666,homopoly
168435105,,C=CC(=O)OCCCCCCCCCCCCCCCCCCl,,0,158.356561158,173.28677683,192.497467986,174.71360199133332,monomer
3019629,,CC(C1=CC=CC=C1[N+](=O)[O-])OC(=O)C=C,,2,329.755812842,504.275465142,473.408420718,435.81323290066666,homopoly
3024058,,C=CC(=O)OCC(C(C(C(C(C(C(C(C(C(F)(F)F)(F)F)(F)F)(F)F)(F)F)(F)F)(F)F)(F)F)(F)F)(F)F,,2,533.673060055,528.006024786,502.167686088,521.2822569763333,homopoly
543354,,C=CCCCCCCCCCOC(=O)C=C,,1,242.783321138,229.346970765,245.769832162,239.300041355,homopoly
92001635,,C=CC(=O)OC(CC(C(C(C(C(C(F)(F)F)(F)F)(F)F)(F)F)(F)F)(F)F)CO,,0,93.1158845225,121.768258445,122.463776624,112.4493065305,monomer
58895405,,CCCCCC1CCC(CC1)C2=CC=C(C=C2)OC(=O)C=C,,2,594.723062135,793.573721994,741.857752129,710.051512086,homopoly
7827,,CCOCCOC(=O)C=C,,0,75.2138780421,39.2861883226,81.8108122789,65.43695954786666,monomer
66603448,,CCC1C2CC3CC(C2)CC1(C3)OC(=O)C=C,,0,118.043715903,127.616469511,129.356023962,125.00540312533333,monomer
175022,,CN(CCOC(=O)C=C)S(=O)(=O)CCC(C(C(C(C(C(C(C(C(C(C(C(C(C(F)(F)F)(F)F)(F)F)(F)F)(F)F)(F)F)(F)F)(F)F)(F)F)(F)F)(F)F)(F)F)(F)F)(F)F,,1,468.762326642,489.000205322,434.396942419,464.0531581276667,homopoly
23572123,,C=CC(=O)OC1CC2CC1C1CCCC21,,2,449.285818423,417.486023767,413.067166053,426.6130027476667,homopoly
91997189,,CC1C2CC(C1(C)C)CC2C3CCCC(C3)OC(=O)C=C,,0,149.62498532,135.061852348,186.112046482,156.93296138333335,monomer
23467942,,CC1=CC(=C(C=C1)OC(=O)C=C)N2N=C3C=CC=CC3=N2,,1,482.201889914,275.81781417,249.288971763,335.7695586156667,homopoly
13841383,,CC(C)CCCCCCCCCCCOC(=O)C=C,,0,153.717815933,156.330881356,125.682003856,145.24356704833332,monomer
11217233,,C=CC(=O)OCO,,1,79.0615560399,70.9508821315,82.3271575099,77.44653189376668,homopoly
129834451,,C=CC(=O)ON1C(=O)C=CC2=CC=CC=C21,,0,123.823749386,93.6112956731,152.176970678,123.2040052457,monomer
10520851,,C=CC(=O)OCCOCCOCCOCCOCCOCCO,,2,552.500254676,625.541138182,559.107004802,579.0494658866668,homopoly
89485934,,CCC(C)(OC(=O)CCOC(=O)C=C)Br,,0,97.7106716578,101.290019669,98.083496556,99.0280626276,monomer
104247,,C=CC(=O)OCCC(C(C(C(F)(F)F)(F)F)(F)F)(F)F,,1,166.377659989,172.27003676,155.071329587,164.5730087786667,homopoly
134767817,,C[C@H]1CC[C@@H]([C@H](C1)OC(=O)C=C)C(C)(C)C2=CC=C(C=C2)OC,,0,173.657142224,114.600226313,227.519607704,171.92565874700003,monomer
118118627,,C=CC(=O)OCCC1=CC=C(C=C1)OC2=CC(=CC=C2)OC3=CC=C(C=C3)OC4=CC=CC=C4,,2,957.097934094,1003.96110115,1220.7709208,1060.609985348,homopoly
137958541,,C=CC(=O)OC(C(C(F)(F)F)(OC(C(C(F)(F)F)(F)F)(F)F)F)(C(F)(F)F)C(F)(F)F,,1,183.767619718,224.391517222,204.367583729,204.17557355633335,homopoly
109961,,CCN(CCOC(=O)C=C)S(=O)(=O)C(C(C(C(C(F)(F)F)(F)F)(F)F)(F)F)(F)F,,1,308.583595654,283.676606153,256.942737355,283.06764638733335,homopoly
75617,,C=CC(=O)OCC1=CC=CC=C1,,1,201.471755718,122.056203432,172.675718923,165.40122602433334,homopoly
67841,,CCCCN(CCOC(=O)C=C)S(=O)(=O)C(C(C(C(C(C(C(C(F)(F)F)(F)F)(F)F)(F)F)(F)F)(F)F)(F)F)(F)F,,0,188.084350737,174.757784722,199.153003816,187.33171309166667,monomer
11485348,,COC(=O)C1(C(C1(C#N)C#N)C2=CC=C(C=C2)OCCOC(=O)C=C)C#N,,2,667.895653087,730.46868849,757.759162365,718.7078346473332,homopoly
129761964,,C=CC(=O)OC1CC2CC1CC2C(=O)O,,2,384.209907891,382.536222952,377.273596806,381.3399092163333,homopoly
118536009,,C=CC(=O)OCC(C(C1=CC=CC=C1)(C2=CC=CC=C2)C3=CC=CC=C3)OC4=CC=CC=C4,,0,240.664970558,290.042096992,240.336892298,257.01465328266664,monomer
22034164,,C=CC(=O)OC1=NC2=CC=CC=C2C=C1,,0,215.239871262,31.1033449277,119.236474228,121.85989680590001,monomer
21798085,,C=CC(=O)OCC=O,,1,92.0569716819,89.0416811561,97.2556629774,92.78477193846668,homopoly
8846,,CCCCOC(=O)C=C,,1,119.269858247,119.253283745,134.855064257,124.459402083,homopoly
57596650,,CC1=CC=C(C=C1)N(C2=CC=C(C=C2)C)C3=CC=C(C=C3)C=CC4=CC=CC=C4OC(=O)C=C,,1,859.40253529,590.919063217,585.413759477,678.5784526613334,homopoly
22613596,,C=CC(=O)OC1=CC=C(C=C1)C#N,,2,310.101849777,318.867743567,541.047727377,390.00577357366666,homopoly
129767522,,C=CC(=O)OC1=CC2=CC=CC=C2OC1,,1,252.46083468,292.595068135,167.439566767,237.4984898606667,homopoly
57567,,CC(OC(=O)CCN1CC1)OC(=O)C=C,,0,70.6532965133,118.180631651,97.9521833275,95.59537049726667,monomer
91058,,CC=CCOC(=O)C=C,,0,46.7144246233,64.70857354,86.5916448811,66.0048810148,monomer
20230537,,CCNC(=O)OCCOC(=O)C=C,,2,333.242098002,286.201550629,323.451908645,314.298519092,homopoly
22114509,,CCCC(C)(C)OC(=O)C=C,,2,294.081578881,319.148071947,325.877160471,313.03560376633334,homopoly
3020591,,CCC(COC)OC(=O)C=C,,0,58.5632610481,87.5092507098,75.6278293148,73.9001136909,monomer
169440089,,CCO[13C](=O)[13CH]=[13CH2],,0,69.1046139219,45.8471125182,24.9439619387,46.63189612626667,monomer
13841397,,C=CC(=O)OCCCCCCCCCCCCBr,,2,510.097290313,596.706055231,581.638838725,562.814061423,homopoly
14511978,,C=CC(=O)OCCOC(=O)C1=CC(=CC(=C1)[N+](=O)[O-])[N+](=O)[O-],,0,185.463305674,36.4913058009,176.225390082,132.72666718563332,monomer
11040716,,CC(=O)COC(=O)C=C,,0,63.1810991044,33.3772800008,70.1693091101,55.57589607176667,monomer
44148663,,CC(COCC(COCC(C)OC(=O)C=C)OCC(C)OC(=O)C=C)OCC(C)OC(=O)C=C,,0,192.643833225,278.171013594,197.844339768,222.886395529,monomer
168442280,,C=CC(=O)OCCC(=O)N1CCC[C@H](C1)N2C3=NC=NC(=C3C(=N2)C4=CC=C(C=C4)OC5=CC=CC=C5)N,,0,267.163018282,398.778195403,241.875482994,302.6055655596667,monomer
129773897,,CN(CCCOC(=O)C=C)C1=CC=CC=C1,,2,455.333020533,512.262667913,441.408073551,469.6679206656666,homopoly
70480932,,CC1(C2CCC1(CC2OC(=O)C=C)C)C,,2,452.948379312,408.198840606,440.744762641,433.96399418633337,homopoly
92029513,,COC1=CC2=CC3=C(C=C2C=C1)C(=CC(=O)O3)COC(=O)C=C,,2,866.238691347,1020.969962,559.022313145,815.4103221640001,homopoly
545786,,CC(C)(C)C1=CC(=CC(=C1O)C(C)(C)C)CCCCOC(=O)C=C,,0,185.035791564,145.475395727,231.689186236,187.400124509,monomer
543884,,CCCCC(CC)CCC(CC)OC(=O)C=C,,1,273.979798135,241.405799704,257.03228783,257.4726285563333,homopoly
129782167,,C=CC(=O)ON1C(=O)CCN2C1=NC3=CC=CC=C32,,0,107.040791262,120.147621653,195.607705132,140.932039349,monomer
154732282,,C=CC(=O)N1CCC2(CC1)SCC(S2)COC(=O)C=C,,0,136.621893099,115.529028001,195.342576307,149.16449913566666,monomer
10866703,,C=CC(=O)OCC1=CCCCC1,,0,113.29712368,59.0026072637,96.0039643665,89.4345651034,monomer
91938,,C=CC(=O)OCC(CO)(CO)CO,,0,92.7349776755,80.5449402171,58.8732625024,77.384393465,monomer
129721473,,C=CC(=O)OCCOCC1=CC=C(C=C1)I,,0,79.0352585778,115.777674788,176.651546907,123.82149342426668,monomer
86759008,,C=CC(=O)OC12CCC(C1)CC2,,2,349.827778853,321.727251026,326.236416593,332.597148824,homopoly
13568817,,C=C/C=C/OC(=O)C=C,,0,82.3870392688,64.0409390895,75.2855421452,73.9045068345,monomer
58231733,,C=CC(=O)OC1=C(C=C(C=C1)C2=CC=CC3=C2OC4=CC=CC=C34)C5=CC=CC6=C5OC7=CC=CC=C67,,0,252.307887881,428.210005468,364.926122899,348.48133874933336,monomer
171378145,,CC1([C@@H](N2[C@H](S1)[C@@H](C2=O)NC(=O)[C@@H](C3=CC=C(C=C3)O)N)C(=O)OOC(=O)C=C)C,,1,422.397346838,315.682786342,466.19156003,401.4238977366667,homopoly
86736826,,CCC(C)(N)OOC(=O)C=C,,1,154.572184053,145.937990844,133.90592538,144.805366759,homopoly
78823,,CC(C)CCCOC(=O)C=C,,0,86.4595259608,70.0397358709,80.1146151585,78.87129233006665,monomer
15311046,,C=CCCCCCCCCOC(=O)C=C,,1,244.189397369,195.355102891,224.5204823,221.35499418666666,homopoly
68647810,,COC1=C(C=C(C=C1)CC(C#N)OC(=O)C=C)OC,,0,160.037831505,105.483982708,136.229457681,133.91709063133337,monomer
169439624,,CCC(COC(=O)C=C)C(C)C,,2,330.557887617,361.780462815,349.105495741,347.1479487243334,homopoly
86614223,,CN(C)C1=CC=CC2=C1C=CC=C2S(=O)(=O)OCCOC(=O)C=C,,2,754.288482567,761.90029197,692.109432279,736.099402272,homopoly
5354844,,C=CC(=O)OC/C=C/C1=CC=CC=C1,,1,294.904234167,167.101955024,183.695491,215.233893397,homopoly
12641354,,C=CC(=O)OC(C1=CC=CC=C1)(C2=CC=CC=C2)C3=CC=CC=C3,,1,343.487713067,381.917408201,384.707241613,370.0374542936667,homopoly
12391804,,C=CC(=O)Oc1ccc2ccc(=O)oc2c1,,1,319.592012827,152.94604601,269.4900409,247.34269991233336,homopoly
21251808,,CC1=CC(=O)OC2=C1C=CC(=C2)OCCOC(=O)C=C,,0,105.560667074,201.618898005,153.874286427,153.68461716866668,monomer
61242,,C=CC(=O)OC1=CC=CC=C1,,1,144.947337896,199.745378974,129.228265166,157.97366067866668,homopoly
53702279,,CCCCCC=CCC=CCCCCCCCCOC(=O)C=C,,1,349.843403966,352.7782651,393.544931324,365.38886679666666,homopoly
20195709,,CC(O)OC(C)OC(=O)C=C,,2,265.229577195,248.669952629,289.735921547,267.8784837903333,homopoly
3016430,,C#CCOC(=O)C=C,,1,104.579975064,81.7644234635,116.777802355,101.0407336275,homopoly
3022445,,CCCCCCCCCCCCCCCCC(C)COC(=O)C=C,,2,748.270100108,732.638520228,765.081357874,748.6633260699999,homopoly
96408,,CCC(C)(C)C1=CC(=C(C=C1)OCCOC(=O)C=C)C(C)(C)CC,,2,766.223287008,704.56407728,767.88783478,746.225066356,homopoly
86729957,,C=CC(=O)OCCCCCCCCCCCC,,2,542.338531793,496.734270949,519.425364937,519.4993892263334,homopoly
18372054,,C=CCCOC(=O)C=C,,2,246.047775193,243.777227762,250.144221764,246.6564082396667,homopoly
129851491,,C=CC(=O)OC1=CC(=CC2=C1N(C3=CC=CC=C32)CCO)Cl,,2,775.560262823,599.627533519,796.560195735,723.915997359,homopoly
18362117,,CCC1=CC=C(C=C1)OC(=O)C=C,,0,145.494003123,106.968837453,54.9332005794,102.46534705180001,monomer
568158,,C=CC(=O)OCCCC,,1,136.945295317,116.242610607,119.244221666,124.14404253,homopoly
66995440,,C=CC(=O)OC1=CC=CC2=C1CC3=CC=CC=C32,,1,314.319157246,305.924640149,292.818062938,304.35395344433334,homopoly
109997,,CCCCN(CCOC(=O)C=C)S(=O)(=O)C(C(C(C(C(C(C(F)(F)F)(F)F)(F)F)(F)F)(F)F)(F)F)(F)F,,0,159.288077418,184.013225794,194.302501096,179.20126810266666,monomer
88984,,CCCCCCCCCCCCCCOC(=O)C=C,,0,117.856543025,158.300289808,160.690448005,145.61576027933333,monomer
81862,,CCN(CCOC(=O)C=C)C1=CC(=C(C=C1)N=NC2=CC(=C(C=C2Cl)Cl)Cl)C,,2,888.939288633,1048.52939587,1665.41327015,1200.9606515510002,homopoly
162549,,CC1(CC(CC(N1C)(C)C)OC(=O)C=C)C,,1,233.134226912,245.024505592,208.397370935,228.85203447966668,homopoly
98056,,CC1CC(CC(C1)(C)C)OC(=O)C=C,,2,410.67381869,426.252785434,389.48673411,408.804446078,homopoly
121476710,,C[C@@]12CCC(C1(C)C)CC2OC(=O)C=C,,2,438.358044162,429.347273425,425.742763185,431.1493602573334,homopoly
129762066,,C=CCC1=NN=NN1OC(=O)C=C,,1,139.043284841,153.214947349,186.304940855,159.52105768166666,homopoly
18913838,,C=CC(=O)OC1=CC=CO1,,1,138.640116931,134.136342805,103.702556355,125.49300536366667,homopoly
21896325,,CC(C)(C1CC2CCC1O2)OC(=O)C=C,,0,94.2286468781,110.415088045,97.5384542741,100.72739639906666,monomer
57978544,,C=CC(=O)OC1CC2C3CCC(C3)C2C1,,1,198.80314903,219.421626089,215.098589228,211.1077881156667,homopoly
3037072,,C=CC(=O)OC1C=CC2C1C3CCC2C3,,0,110.015207703,91.6922029647,120.005822145,107.2377442709,monomer
12547706,,C=CC(=O)OC(=C)C#N,,0,57.803830923,66.1191061361,52.9735241522,58.96548707043333,monomer
70480932,,CC1(C2CCC1(CC2OC(=O)C=C)C)C,,1,225.861612558,198.141020837,226.761808142,216.92148051233335,homopoly
16680,,CC(C)(COC(=O)C=C)COC(=O)C=C,,0,81.0361005141,98.4464437534,125.034804323,101.50578286349999,monomer
22051805,,C=CC(=O)OCC1CCC2C1C3CCC2C3,,0,132.039196341,93.3945773907,113.30522749,112.91300040723333,monomer
129851655,,C=CC(=O)OOC(N)=O,,0,76.213638007,41.2016966664,23.2757443622,46.897026345200004,monomer
15321490,,CC1(CCCC1)OC(=O)C=C,,0,89.2452615335,82.4420091862,58.3317797448,76.6730168215,monomer
129824284,,C=CC(=O)OCC1COC(O1)C2=CC=C(C=C2)Cl,,1,273.816903594,273.888559733,217.673112918,255.12619208166666,homopoly
14511978,,C=CC(=O)OCCOC(=O)C1=CC(=CC(=C1)[N+](=O)[O-])[N+](=O)[O-],,1,197.803530721,234.233377418,326.961146839,252.99935165933334,homopoly
85957,,C=CC(=O)OCC(CC(C(C(C(C(C(C(C(C(C(C(C(F)(F)F)(C(F)(F)F)F)(F)F)(F)F)(F)F)(F)F)(F)F)(F)F)(F)F)(F)F)(F)F)(F)F)O,,1,369.294065938,331.413842646,363.919616581,354.87584172166663,homopoly
87114693,,C=CC(=O)OC/C=C/C1=CC=C(C=C1)O,,0,140.683448577,119.768173916,96.7434400071,119.06502083336666,monomer
13651710,,CC(C)(COC(=O)C=C)C=O,,1,154.472500602,134.060917001,139.043927421,142.52578167466666,homopoly
124202872,,CO[13C](=O)C=C,,1,65.9015381551,73.4441945572,82.5057240586,73.95048559029999,homopoly
2794997,,CC1(COC(=O)[C@@H]1OC(=O)C=C)C,,2,328.247393503,295.738294895,362.171467979,328.7190521256667,homopoly
163201125,,CC(=O)N[C@H]1CCC2=CC(=C(C(=C2C3=CC=C(C(=O)C=C13)SC)OC)OC(=O)C=C)OC,,0,394.469336053,264.210910124,207.634625496,288.77162389100005,monomer
54384939,,CCC(C)(CC)OC(=O)C=C,,1,154.347122155,148.342187563,165.187655872,155.95898853,homopoly
132279467,,CC1(CCCCC(C1(C)OC(=O)C=C)C2CCCCCC2)C,,2,656.11254821,687.566741374,658.152040417,667.2771100003333,homopoly
45036092,,C[C@]12CCC3C([C@@H]1CC[C@@H]2C(=O)COC(=O)C=C)CCC4=CC(=O)CC[C@]34C,,0,180.323225724,242.277152767,209.06447754,210.55495201033332,monomer
22999312,,C=CC(=O)OC1=CC=C(C2=CC=CC=C21)C=O,,0,108.954973549,205.83596399,103.538224087,139.44305387533333,monomer
640118,,C=CCCCOC(=O)C=C,,0,81.2509918871,39.507567456,87.2707747613,69.34311136813334,monomer
129773823,,C=CC(=O)OC1=CC=CC=C1C(=O)OCC2=CC=CC=C2,,1,453.812908137,109.251814346,366.288871608,309.78453136366664,homopoly
545786,,CC(C)(C)C1=CC(=CC(=C1O)C(C)(C)C)CCCCOC(=O)C=C,,2,731.083716084,784.022990591,691.308176022,735.4716275656668,homopoly
23070534,,C=CC(=O)OC(CSC1=CC=CC=C1)CSC2=CC=CC=C2,,1,358.089209645,341.494067334,381.54293801,360.3754049963333,homopoly
22662497,,C=CC(=O)OC(CCO)O,,2,228.381757735,232.926401321,236.395924076,232.56802771066668,homopoly
108956,,C=CC(=O)OCC(CO)(COCC(COC(=O)C=C)(COC(=O)C=C)COC(=O)C=C)COC(=O)C=C,,0,256.168953162,222.449694098,225.784147973,234.80093174433333,monomer
3016577,,CCCCCCCCCCCCCCCCCCCC(CCCCCCCCCCCCCCCC)OC(=O)C=C,,2,1353.24298035,1331.5483452,1293.34044133,1326.0439222933333,homopoly
14040031,,C=CC(=O)OCC(=C)CS(=O)(=O)C1=CC=CC=C1,,0,154.262689256,129.012709284,108.460694446,130.578697662,monomer
129651013,,C=CC(=O)OC1=CC=CC=C1C2=NC(=C(O2)C3=CC=CC=C3)CO,,2,930.549289774,878.99052686,575.084677679,794.8748314376667,homopoly
15685473,,C=CC(=O)OCCCC#N,,1,124.432468629,115.878385882,129.246460483,123.18577166466666,homopoly
10176402,,C=CC(=O)OCCN1CCCCC1,,1,169.432822554,178.73662781,192.442403923,180.203951429,homopoly
75084,,CCCCCCCCCCCCOC(=O)C=C,,0,146.828109251,101.511292922,140.738560021,129.69265406466667,monomer
58231729,,C=CC(=O)OC1=C(C=C(C=C1)C2=CSC3=CC=CC=C32)C4=CSC5=CC=CC=C54,,0,178.100502008,287.37381022,335.889869845,267.12139402433337,monomer
22457115,,CC(=O)OOC(=O)C=C,,0,82.8222979954,44.3638410022,28.6766307201,51.95425657256667,monomer
11368265,,C=C[C@@H](COCC1=CC=CC=C1)OC(=O)C=C,,1,218.740669645,275.53756458,230.383400082,241.55387810233333,homopoly
10193306,,C=CC(=O)OC1=C(C(=C(C(=C1Cl)Cl)Cl)Cl)Cl,,2,457.781867466,646.32921467,547.257695906,550.4562593473333,homopoly
11275754,,C=CC(=O)OCC1=CC2=C(C=C1)OCO2,,2,492.768786605,311.709271568,396.97065665,400.482904941,homopoly
132276613,,C=CC(=O)OC1=CC2=C(C=C1)C=C(C(=O)O2)C#N,,0,98.2681650914,86.4814635506,263.884978716,149.54486911933333,monomer
19050546,,C=CC(=O)OC1=C(C=C(C=C1Cl)Cl)Cl,,2,339.396162113,453.901960205,558.646701936,450.6482747513333,homopoly
18325639,,CCCNCCOC(=O)C=C,,0,76.3451781726,80.8358970069,65.5221708443,74.23441534126667,monomer
168449191,,CCCCCCSSCCOC(=O)C=C,,1,265.103458194,232.800592122,217.573041697,238.49236400433333,homopoly
4582075,,CC1=C(C=CC(=C1)N=NC2=CC=C(C=C2)N=NC3=CC=CC=C3)OC(=O)C=C,,0,373.77136823,196.799658595,252.456056016,274.34236094700003,monomer
129821362,,C=CC(=O)OC1=CC=CC(=C1C#N)C2=CC=CC=C2,,2,602.145696154,692.795319552,560.299333897,618.4134498676667,homopoly
23648078,,CCCCCCOC(=O)C1=CC=CC=C1OC(=O)C=C,,0,172.033058966,133.101295425,134.156622441,146.43032561066664,monomer
3016576,,CCCCCCCCCCCCCCC(CCCCCCCCCCCC)OC(=O)C=C,,0,245.702247228,253.85691143,255.510943918,251.69003419199998,monomer
100995,,C=CC(=O)OCCOCCOCCOCCOCCOC(=O)C=C,,2,586.892430649,621.372171375,624.734875874,610.999825966,homopoly
23576933,,C=CC(=O)OCCC(=O)CCCC[C@H]1[C@@H]2[C@H](CS1)NC(=O)N2,,1,333.319299847,293.426627324,276.219124165,300.9883504453333,homopoly
27282087,,C=CC(=O)OCCCCC1=C(C=C(C=C1)[N+](=O)[O-])[N+](=O)[O-],,0,98.5702154285,165.027377082,146.348178655,136.6485903885,monomer
117666949,,CCC1=C(N=C(C(=N1)C(=O)N)NC2=CC=C(C=C2)N3CCN([C@@H](C3)COC(=O)C=C)C)OC4=CC=CC(=C4)NC(=O)C=C,,1,748.4704745,818.569700627,450.607689316,672.5492881476667,homopoly
61249,,CC(COC(=O)C=C)O,,2,206.457145284,247.021121742,222.662411294,225.38022610666667,homopoly
175023,,CN(CCOC(=O)C=C)S(=O)(=O)CCC(C(C(C(C(C(C(C(C(C(C(C(C(C(C(C(F)(F)F)(F)F)(F)F)(F)F)(F)F)(F)F)(F)F)(F)F)(F)F)(F)F)(F)F)(F)F)(F)F)(F)F)(F)F)(F)F,,2,1038.45088261,1074.9072121,932.951611633,1015.436568781,homopoly
21888930,,C=CC(=O)OOC1=CC=CC=C1,,1,178.840006288,89.9809433275,250.75425129,173.19173363516666,homopoly
21871645,,C=CC(=O)OC1=CC=CC(=C1)O,,0,136.592667606,67.638951932,46.2650630857,83.4988942079,monomer
76345,,CCCCCOC(=O)C=C,,2,295.082288257,304.328715358,249.282741744,282.89791511966666,homopoly
145740231,,CC(=O)NC1=CC=C(C=C1)C(=O)C=CC2=CC=C(C=C2)OC(=O)C=C,,1,447.510933267,633.923440938,252.099555919,444.5113100413334,homopoly
18546535,,CSCCCSCCCOC(=O)C=C,,1,216.733581081,214.594695877,233.405439273,221.57790541033333,homopoly
19706381,,C=CC(=O)OC1CCC(CC1)C2CCC(CC2)C3=C(C(=CC=C3)F)F,,0,181.694926623,177.802696941,180.461860217,179.98649459366666,monomer
14746151,,C=CC(=O)OCCCCOC(=O)OC1=CC=C(C=C1)C(=O)C2=CC=CC=C2,,2,615.135516139,849.171773366,835.267882082,766.5250571956667,homopoly
105380,,CC(C)(C1=CC(=C(C(=C1)Br)OCCOC(=O)C=C)Br)C2=CC(=C(C(=C2)Br)OCCOC(=O)C=C)Br,,2,1119.94518254,1148.11759671,1190.49592894,1152.85290273,homopoly
14496496,,CCOC(=O)CCOC(=O)C=C,,2,284.099646352,316.915098712,296.504574224,299.1731064293333,homopoly
44607774,,CCOC(COC(=O)C=C)C#N,,1,145.152775215,130.218111264,168.671102883,148.013996454,homopoly
57077168,,C=CC(=O)OCCSC1=CC=CC2=CC=CC=C21,,2,545.070025836,628.686861295,559.588313193,577.7817334413334,homopoly
13225029,,CCC(C)(C)OC(=O)C=C,,1,144.588263564,140.740934986,131.191854246,138.840350932,homopoly
73893,,CN(CCCCOC(=O)C=C)S(=O)(=O)C(C(C(C(F)(F)F)(F)F)(F)F)(F)F,,0,121.840107672,140.275856638,161.732348968,141.28277109266665,monomer
21871639,,C=CC(=O)OCCC1=CC=C(C=C1)O,,1,233.347862099,154.804515406,193.47351321,193.875296905,homopoly
18628414,,C=CC(=O)OOOC(=O)C=C,,2,278.687568633,266.963843716,226.927617378,257.5263432423333,homopoly
170992275,,CC(C)(C(=O)OC1CCOC1=O)OC(=O)C=C,,2,400.17724385,426.145656611,394.659219257,406.99403990599995,homopoly
129692699,,CC(C)COC(=O)OC1=CC=C(C=C1)COC(=O)C=C,,0,61.9121882449,151.983156199,212.840038037,142.24512749363333,monomer
23593431,,CC(CC(C(F)(F)F)(C(F)(F)F)O)OC(=O)C=C,,0,94.6832569004,56.9812626173,94.0106535857,81.8917243678,monomer
21932355,,CC(C(C(C(OC(=O)C=C)(F)F)(F)F)(F)F)(F)F,,0,60.7950680047,82.2515376733,73.908699215,72.31843496433333,monomer
58895405,,CCCCCC1CCC(CC1)C2=CC=C(C=C2)OC(=O)C=C,,1,361.492536525,388.973760836,286.85004895,345.77211543699997,homopoly
543187,,CCC(=O)OC(C)OC(=O)C=C,,0,92.5208200476,55.6418938827,76.7458769743,74.96953030153334,monomer
83174,,CCCCC(C)(C)COC(=O)C=C,,1,188.653454705,205.355731292,175.310600882,189.77326229300002,homopoly
53735402,,C=CC(=O)ON=C=O,,2,143.238042635,179.653655388,234.664874334,185.8521907856667,homopoly
21649872,,C=CC(=O)OCC1=CC=NC=C1,,0,90.1662699809,53.218611488,95.5686719376,79.65118446883334,monomer
57614810,,CCOC1=CC=C(C=C1)N=NC2=CC=C(C=C2)OCCCCCCOC(=O)C=C,,2,1155.75748193,1430.75596851,813.23374648,1133.2490656400003,homopoly
57428991,,C=CC(=O)OCCC(=O)Cl,,0,69.8263071915,41.2511675643,77.8385057327,62.97199349616667,monomer
129692699,,CC(C)COC(=O)OC1=CC=C(C=C1)COC(=O)C=C,,2,509.204816406,610.304932516,543.287535773,554.2657615649999,homopoly
145793502,,CCCCC(CC)(C=O)OC(=O)C=C,,2,414.413710403,384.870590503,372.853025603,390.7124421696667,homopoly
129786647,,C=CC(=O)OC1C=CS1,,0,80.6314716668,76.1988196001,32.4243987605,63.084896675799996,monomer
88543247,,CC(C)(C)OC(=O)NCCOCCOC(=O)C=C,,2,436.955140862,453.243425138,479.124909051,456.44115835033335,homopoly
543283,,CCCCCCCCCCCC(CC)OC(=O)C=C,,1,288.38428948,286.528331677,292.117702425,289.01010786066666,homopoly
21867900,,C=CC(=O)OC(=O)O,,1,63.472709007,94.661219878,77.9877337935,78.70722089283333,homopoly
4391003,,CC(CCOC(=O)C=C)CC(C)(C)C,,1,214.121578329,197.583716627,205.087860535,205.597718497,homopoly
181508,,C=CC(=O)ON1C(=O)CCC1=O,,1,150.271976337,143.112475397,134.280731263,142.555060999,homopoly
6658,,C=CC(=O)OC,,2,129.341854279,150.446896728,162.610505533,147.46641884666667,homopoly
11289038,,C=CC(=O)OCCCCCCI,,2,389.900879954,418.990289289,363.519616742,390.8035953283333,homopoly
111992,,C=CC(=O)OC1CC2CCC1C2,,0,82.9125653834,82.5221281643,85.2211782562,83.55195726796667,monomer
83410,,CCCCCCCCCCCCCCCCOC(=O)C=C,,0,174.906769393,164.397063003,144.55245566,161.28542935199997,monomer
86614223,,CN(C)C1=CC=CC2=C1C=CC=C2S(=O)(=O)OCCOC(=O)C=C,,1,402.167687478,366.862530112,291.967050035,353.665755875,homopoly
59642034,,C=CC(=O)OCCOC1CC2CC1C3C2C4C(C3)O4,,2,530.300990042,491.309899041,494.446381389,505.3524234906667,homopoly
165429006,,C[N@@+]1(CCC2=CC(=C(C=C2[C@H]1CC3=CC(=C(C=C3)OC)OC)OC)OC)CCC(=O)OCCCCCOC(=O)C=C,,1,1135.10906993,1816.63058822,1012.85136654,1321.5303415633332,homopoly
14910871,,CC(=CCC/C(=C\COC(=O)C=C)/C)C,,2,405.020791189,503.301195509,515.116485847,474.47949084833334,homopoly
107516,,C=CC(=O)OCC(C(C(C(C(C(C(C(F)F)(F)F)(F)F)(F)F)(F)F)(F)F)(F)F)(F)F,,1,237.892138437,203.560483084,234.910308203,225.454309908,homopoly
118107964,,C=CC(=O)OCCC1=CC=C(C=C1)OC2=CC=C(C=C2)OC3=CC=CC=C3,,0,135.001252475,267.688077327,250.668725274,217.78601835866667,monomer
20474861,,CC(C)COC(C)OC(=O)C=C,,1,167.753612261,158.736482635,159.07229178,161.85412889199998,homopoly
14657507,,C=CC(=O)OCCOC1[C@@H]([C@H]([C@@H]([C@H](O1)CO)O)O)O,,2,434.599665267,439.856597733,417.678315423,430.711526141,homopoly
58021564,,CCOP(=O)(COC(=O)C=C)OCC,,2,358.683593598,369.490480838,416.141571694,381.43854871,homopoly
94246,,CC(CO)OC(=O)C=C,,2,233.974115114,224.623461651,210.139399631,222.91232546533334,homopoly
66643440,,CC(C)(CCOC(=O)C=C)SC1=CC=CC=C1,,1,273.582900105,209.887350812,327.779422945,270.416557954,homopoly
15012035,,CN1C(=O)C[C@H](C1=O)OC(=O)C=C,,0,89.6396782377,82.4317941266,71.5464038239,81.2059587294,monomer
640118,,C=CCCCOC(=O)C=C,,2,306.58526042,273.081949077,254.281026229,277.98274524199996,homopoly
23290047,,C=CC(=O)OCCOC1=CC=CC=C1C2=CC=CC=C2,,2,638.674510906,731.863865949,477.339837775,615.9594048766667,homopoly
44145593,,C=CC(=O)OCC(CO)(CO)COCC(CO)(CO)CO,,1,254.274031939,243.610189461,271.300517298,256.39491289933335,homopoly
129695637,,COC(COCCOCCO)(O)OC(=O)C=C,,1,201.186760716,189.036276316,199.960892906,196.727976646,homopoly
10920839,,C=CC(=O)OCCCCCl,,2,272.584731717,292.161502618,256.591246072,273.7791601356667,homopoly
129773897,,CN(CCCOC(=O)C=C)C1=CC=CC=C1,,1,223.523360266,240.137949632,262.988914918,242.21674160533334,homopoly
86761358,,C=CC(=O)OC1=CC=C(C=C1)NC(=O)C2(CCC2)N,,1,268.814414274,297.510400393,287.278101691,284.53430545266673,homopoly
58231720,,C=CC(=O)OC1=C(C=C(C=C1C2=CC=CC3=C2SC4=CC=CC=C34)C5=CC=CC6=C5SC7=CC=CC=C67)C8=CC=CC9=C8SC1=CC=CC=C91,,0,485.725348947,481.330642186,503.326846389,490.12761250733337,monomer
109855,,CN(CCCCOC(=O)C=C)S(=O)(=O)C(C(C(C(C(C(C(F)(F)F)(F)F)(F)F)(F)F)(F)F)(F)F)(F)F,,2,714.11607736,656.287506702,672.097983507,680.8338558563333,homopoly
102466680,,C=CC(=O)OC[C@@H]1CCCN1CC2=CC=CC=C2,,0,128.074250399,139.726327353,123.146189416,130.315589056,monomer
19880963,,CC(OC(=O)C=C)S(=O)(=O)N,,2,296.034965012,283.56493286,292.447457931,290.6824519343333,homopoly
54092897,,C=CC(=O)OCCCCOC(=O)C1=CC=C(C=C1)O,,1,227.536200778,221.151732729,335.33749321,261.3418089056667,homopoly
15458,,CC(C)(C)OC(=O)C=C,,1,132.195344,128.27858992,108.211487233,122.89514038433335,homopoly
18533710,,C=CC(=O)OCCCOC1=CC=C(C=C1)C2=CC=C(C=C2)C#N,,2,850.042920063,789.39504331,575.709337332,738.3824335683333,homopoly
10444551,,C=CC(=O)OCCN1C(=O)C2=CC=CC=C2C1=O,,1,228.810161105,187.085448199,305.71253385,240.536047718,homopoly
9815589,,C=CC(=O)OCCCCOCC1CO1,,2,336.322359427,383.785930844,365.824905255,361.97773184199997,homopoly
17789732,,C=CC(=O)OCCOC1=CC=C(C=C1)C2(C3=CC=CC=C3C4=CC=CC=C42)C5=CC=C(C=C5)OCCOC(=O)C=C,,0,324.758364069,336.803109631,342.620452873,334.7273088576666,monomer
13878525,,C=CC(=O)OCCC(C(C(C(C(C(C(C(C(F)(F)F)(F)F)(F)F)(F)F)(F)F)(F)F)(F)F)(F)F)(F)F,,1,269.510059048,262.586702638,245.959669426,259.352143704,homopoly
19761571,,C=CC(=O)OCCOCC#C,,0,63.305345623,76.4960258766,62.880575788,67.56064909586667,monomer
129681856,,C=CC(=O)OC1=C(C=CC(=C1)N)C(=N)N,,0,150.596061986,111.969018988,63.2753407824,108.61347391880001,monomer
12141271,,CCC/C=C/COC(=O)C=C,,1,199.926893747,160.098364048,131.369455422,163.798237739,homopoly
5066485,,CCN(CCOC(=O)C=C)C1=CC=C(C=C1)N=NC2=CC=C(C=C2)[N+](=O)[O-],,0,195.926491784,288.423891516,193.937424413,226.09593590433334,monomer
68647810,,COC1=C(C=C(C=C1)CC(C#N)OC(=O)C=C)OC,,1,234.780062638,285.016131355,249.28418594,256.3601266443334,homopoly
165429930,,C=CC(=O)OCCOCCCCC(=O)OC1C(=O)CCC1=O,,0,141.86080877,128.718430682,137.93522621,136.171488554,monomer
129848039,,C=CC(=O)OC(=O)C1=C(C(=CC(=C1)[N+](=O)[O-])[N+](=O)[O-])CCO,,2,437.625494506,586.969107088,655.700348141,560.0983165783333,homopoly
20226510,,CCC1(CCCCC1)OC(=O)C=C,,0,99.7818184501,73.1476820781,108.901702161,93.94373422973335,monomer
5062351,,C=CC(=O)OCC(O)COC(=O)C=C,,1,147.952114318,186.045174482,161.803561208,165.26695000266668,homopoly
129786785,,C=CC(=O)OC1=CSC1,,1,85.4958769674,154.760532172,151.533815397,130.59674151213335,homopoly
14511978,,C=CC(=O)OCCOC(=O)C1=CC(=CC(=C1)[N+](=O)[O-])[N+](=O)[O-],,2,448.075679608,517.817373482,590.418836506,518.7706298653334,homopoly
23505087,,C=CC(=O)OCCCCOC=C,,0,81.042686546,79.075651427,83.9809025172,81.36641349673333,monomer
13086546,,CC1(CCCCC1)OC(=O)C=C,,1,162.32526887,188.201394221,160.450339783,170.32566762466666,homopoly
103492,,CCCC(C)OC(=O)C=C,,0,56.2352592047,74.9902701888,82.6113279508,71.27895244809999,monomer
132279467,,CC1(CCCCC(C1(C)OC(=O)C=C)C2CCCCCC2)C,,0,167.234615744,157.00744133,174.239370008,166.16047569399998,monomer
154704334,,C=CC(=O)OCCCC(C(F)(F)F)(C(F)(F)F)C(F)(F)F,,2,377.517864408,325.756788359,343.257312832,348.84398853299996,homopoly
15621063,,C=CC(=O)OCC1=CC=C(C=C1)CC2=CC=CC=C2,,0,132.070483603,153.866352433,144.536212305,143.4910161136667,monomer
3023754,,CCCCCCCCCCCCCCCCCCCCCCCCCCCCCCCCCCCCOC(=O)C=C,,2,1328.25219212,1295.93515252,1345.30848855,1323.1652777299998,homopoly
13759504,,CC1=CC=C(C=C1)OC(=O)C=C,,1,150.742370672,194.163521754,188.818531861,177.90814142899998,homopoly
129831059,,C=CC(=O)OC1([C@@H]([C@H]([C@@H]([C@H](O1)CO)O)O)O)O,,0,107.750263196,86.1096084143,82.7292959366,92.1963891823,monomer
23505087,,C=CC(=O)OCCCCOC=C,,2,311.911190368,308.630205818,377.749489311,332.76362849899994,homopoly
109855,,CN(CCCCOC(=O)C=C)S(=O)(=O)C(C(C(C(C(C(C(F)(F)F)(F)F)(F)F)(F)F)(F)F)(F)F)(F)F,,1,342.831073753,333.822970367,334.860999454,337.17168119133333,homopoly
21798085,,C=CC(=O)OCC=O,,0,43.5524452581,57.4902789629,41.4276834588,47.49013589326666,monomer
11608004,,C=CC1=CC=CC=C1OC(=O)C=C,,2,470.27393583,341.504236832,415.424815061,409.0676625743334,homopoly
87701904,,CCCCC/C=C\C/C=C\CCCCCCCCOC(=O)C=C,,0,181.09153567,160.18807766,204.012954409,181.76418924633333,monomer
18533715,,C=CC(=O)OC1=CC=C(C=C1)C2=CC=C(C=C2)C#N,,2,795.915817938,894.888611659,274.26172802,655.022052539,homopoly
129807973,,CC(C(F)F)([N+](=O)[O-])OC(=O)C=C,,2,259.730639008,276.290565051,259.626284784,265.21582961433336,homopoly
67889,,C=CC(=O)OCC(F)(F)F,,1,81.7786305221,95.4759115965,93.9530400016,90.4025273734,homopoly
66643440,,CC(C)(CCOC(=O)C=C)SC1=CC=CC=C1,,2,628.173634778,463.997759661,536.070258487,542.747217642,homopoly
2737317,,C=CC(=O)OCCF,,0,60.5637335994,26.1139273565,52.6173599739,46.43167364326666,monomer
129851430,,CC(C1=C(C2=C(C=C1)C3=CC=CC=C3C2)OC(=O)C=C)O,,1,295.720053424,391.971641027,343.533936192,343.741876881,homopoly
122409,,C=CC(=O)OCC(COCC(COC(=O)C=C)(COC(=O)C=C)COC(=O)C=C)(COC(=O)C=C)COC(=O)C=C,,1,469.788204167,492.277689866,610.522710268,524.1962014336667,homopoly
168437649,,C=CC(=O)OCCCCCCCCCCCCCCCCCCBr,,0,200.901147215,201.762643586,186.940790886,196.53486056233336,monomer
86759871,,CC1=CC=C(C=C1)S(=O)(=O)OCCOC(=O)C=C,,0,146.578815054,97.9267755611,137.058399111,127.18799657536665,monomer
19797972,,CCCCCCCCCCCCOC(=O)CCOC(=O)C=C,,1,282.490201053,310.590972547,356.102868637,316.3946807456667,homopoly
10537474,,C=CC(=O)OCN1C(=O)C2=CC=CC=C2C1=O,,1,244.707567169,177.209156806,262.235309642,228.0506778723333,homopoly
23635727,,CCCC(=O)NC1=CC=C(C=C1)OC(=O)C=C,,2,528.181350812,471.628448519,582.499772805,527.4365240453334,homopoly
81466,,C=CC(=O)OCCOC,,0,69.5011456042,38.8053265856,64.1102452681,57.472239152633335,monomer
100982165,,CCN(CCOC(=O)C=C)C1=CC=C(C=C1)C=O,,0,170.771177136,49.1545218081,212.250170957,144.05862330036666,monomer
21896333,,C=CC(=O)OC1(CCCC1)C2CC3CCC2O3,,1,210.782373817,255.491816254,228.174952616,231.48304756233335,homopoly
21496309,,C=CC(=O)OCC1=CC=CS1,,2,363.178024604,288.477695397,294.495339728,315.38368657633333,homopoly
13001872,,C=CC(=O)OC1CC2CC1C3C2CCC3,,1,204.183291981,210.689159258,220.013324132,211.62859179033333,homopoly
54156327,,CC(=O)NOC(=O)C=C,,0,59.9228091103,55.0400177374,47.7994259567,54.25408426813333,monomer
20812341,,CC1(OCC(O1)COC(=O)C=C)C,,2,353.491231223,308.810259397,323.764601998,328.6886975393333,homopoly
16206027,,C=CC(=O)OCCC(C(C(C(C(C(C(C(C(C(C(C(C(C(C(C(F)(F)F)(C(F)(F)F)F)(F)F)(F)F)(F)F)(F)F)(F)F)(F)F)(F)F)(F)F)(F)F)(F)F)(F)F)(F)F)(F)F)(F)F,,0,173.660909657,244.84773088,198.199043648,205.56922806166668,monomer
109857,,CN(CCCCOC(=O)C=C)S(=O)(=O)C(C(C(C(C(F)(F)F)(F)F)(F)F)(F)F)(F)F,,2,610.085166655,580.960149667,630.205912359,607.0837428936667,homopoly
23576933,,C=CC(=O)OCCC(=O)CCCC[C@H]1[C@@H]2[C@H](CS1)NC(=O)N2,,2,623.013704639,570.800772059,632.441867049,608.7521145823333,homopoly
15458,,CC(C)(C)OC(=O)C=C,,2,225.907642361,233.166627463,276.127027171,245.06709899833334,homopoly
15208778,,COC(=O)NCCOC(=O)C=C,,2,235.242866851,283.183045624,319.65269405,279.3595355083333,homopoly
13908061,,C=CC(=O)OCCOCCOCCO,,0,109.778669074,60.5046411004,93.1924252254,87.82524513326666,monomer
67923,,C=CC(=O)OCC(C(C(F)(F)F)(F)F)(F)F,,1,148.800115021,113.552345475,121.000846023,127.78443550633334,homopoly
101642,,C=CC(=O)OCC(C(C(C(F)(F)F)(F)F)(F)F)(F)F,,2,279.055618503,302.208147792,304.93057613,295.39811414166667,homopoly
6436391,,CCCCCCCC/C=C\CCCCCCCCOC(=O)C=C,,1,322.500968082,396.331497385,378.014223202,365.6155628896667,homopoly
67891023,,CC(C)(C1CCCC1)OC(=O)C=C,,0,99.3695049971,106.586563756,72.5807399912,92.84560291476667,monomer
13932176,,CCCCCCC(COC(=O)C=C)O,,2,403.508266099,371.140679517,401.292146414,391.98036400999996,homopoly
5072272,,C=CC(=O)OC1=CC2=C(C=C1)C3(C4=C(O2)C=C(C=C4)O)C5=CC=CC=C5C(=O)O3,,2,841.878428992,936.179320334,940.103419774,906.0537230333333,homopoly
543931,,C=CC(=O)OCCCC=C1CC1,,0,80.6433115752,81.4760138731,104.739092827,88.95280609176666,monomer
165365566,,CC(C)(C)C(CCC1=CC=C(C=C1)Cl)(CN2C=NC=N2)OC(=O)C=C,,1,373.471712922,320.126932955,374.074264553,355.89097014333333,homopoly
11040716,,CC(=O)COC(=O)C=C,,2,242.409357455,227.305354669,196.519363987,222.07802537033334,homopoly
59705777,,C=CC(=O)OC1=C(C2=C(CCCC2)C=C1)C3=C(C=CC4=C3CCCC4)OC(=O)C=C,,1,404.751391641,504.974899169,527.056968111,478.92775297366666,homopoly
86729957,,C=CC(=O)OCCCCCCCCCCCC,,0,160.563246595,94.2761002255,137.080424421,130.63992374716668,monomer
3016441,,CCOCCOCCOCCOC(=O)C=C,,0,102.573054662,102.810397984,103.252567571,102.87867340566667,monomer
170899745,,C=CC(=O)OCCCCCCCCCCCCCCCCCBr,,0,159.795427122,187.85051257,203.224492188,183.62347729333337,monomer
16627,,C=CC(=O)OCCCl,,0,29.4555836593,67.1530886682,60.74235936,52.450343895833335,monomer
164510984,,C=CC(=O)OC(C)(C)CCc1ccccc1,,1,273.818460746,201.9801936,214.896352689,230.23166901166667,homopoly
53873894,,CCCCCCCCCC=COC(=O)C=C,,0,96.1498368175,119.117793613,156.303516117,123.85704884916667,monomer
181750,,C=CC(=O)OCC(Cl)(Cl)Cl,,1,146.618418471,151.306709835,130.055365192,142.66016449933335,homopoly
4372816,,CC(=O)CC(=O)OCCOC(=O)C=C,,2,360.172471519,338.174257938,318.378588962,338.908439473,homopoly
129762902,,CC(C)(C(Cl)(Cl)Cl)OC(=O)C=C,,2,341.399079282,343.098326891,390.257358084,358.2515880856666,homopoly
175956,,C=CC(=O)OCCOC(=O)CCC(=O)O,,1,164.73543817,179.563073637,167.284562693,170.5276915,homopoly
13165,,C=CC(=O)OCCO,,0,45.1050719569,57.5696703607,41.4297544305,48.034832249366666,monomer
44580760,,C=CC(=O)OC(CCN1CCN(CC1)CCCN(C2=CC=C(C=C2)F)C3=CC=C(C=C3)F)C4=CC=CC=C4,,2,1189.27823703,1068.8456057,1243.78129452,1167.3017124166665,homopoly
18459502,,C=CC(=O)OO,,1,69.4850314607,54.4116657331,71.9846288441,65.29377534596667,homopoly
19859974,,C=CC(=O)OCCCCCCCCCCCCO,,2,551.331009423,531.5018782,512.098330285,531.6437393026666,homopoly
18679053,,CC(C(C(C(C(C(C(C(C(OC(=O)C=C)(F)F)(F)F)(F)F)(F)F)(F)F)(F)F)(F)F)(F)F)F,,0,130.70966208,104.718367314,120.658126135,118.69538517633333,monomer
129851430,,CC(C1=C(C2=C(C=C1)C3=CC=CC=C3C2)OC(=O)C=C)O,,0,245.859729914,86.9057115474,183.977808129,172.24774986346668,monomer
22709169,,CC(C)(C1=CC=CC=C1)OC(=O)C=C,,2,430.648273279,375.90092799,404.67677028,403.7419905163333,homopoly
67551,,C=CC(=O)OCC(C(C(C(C(C(C(F)(F)F)(F)F)(F)F)(F)F)(F)F)(F)F)(F)F,,0,87.1560951763,111.794561543,112.93110224,103.96058631976666,monomer
543286,,CCCCCCCCCCCCC(CC)OC(=O)C=C,,2,606.005077136,651.552891737,611.961314817,623.1730945633334,homopoly
156600199,,C=CC(=O)OCc1cc(C(=O)c2ccc(F)cc2)no1,,2,630.84510509,467.937600747,514.007363566,537.596689801,homopoly
3023456,,CCCNC(=O)OCCOC(=O)C=C,,2,355.487013394,312.141496856,395.907625039,354.51204509633334,homopoly
77078222,,CC(C)(C)OC(=O)CCOCCOCCOC(=O)C=C,,1,271.500309566,252.664677745,257.935908608,260.70029863966664,homopoly
7837,,C=CC(=O)OCC1CO1,,2,237.786829404,215.095794054,200.022227388,217.634950282,homopoly
75282,,C=CC(=O)OCCOC(=O)C=C,,2,269.2934692,327.556811733,296.795467763,297.88191623200004,homopoly
129847753,,CC1=NN(C=C1OC(=O)C=C)C,,2,238.35635782,428.560850096,306.187933428,324.368380448,homopoly
21365444,,CC1CCC(CC1)C(C)(C)OC(=O)C=C,,2,439.24767083,452.606682387,426.125700448,439.326684555,homopoly
16206027,,C=CC(=O)OCCC(C(C(C(C(C(C(C(C(C(C(C(C(C(C(C(F)(F)F)(C(F)(F)F)F)(F)F)(F)F)(F)F)(F)F)(F)F)(F)F)(F)F)(F)F)(F)F)(F)F)(F)F)(F)F)(F)F)(F)F,,2,854.347919968,866.109314744,755.306452723,825.2545624783334,homopoly
86607858,,C=CC(=O)OC=O,,1,88.4989736101,63.3799729562,74.906893191,75.5952799191,homopoly
69060682,,C=CC(=O)OCC1=CC(=C(C=C1)Cl)Cl,,1,313.826505731,167.653966032,141.033628896,207.50470021966666,homopoly
4184941,,COCCCOCCCOCCCOC(=O)C=C,,0,126.02313478,99.6324625345,141.278673279,122.31142353116667,monomer
13841397,,C=CC(=O)OCCCCCCCCCCCCBr,,1,269.705537318,267.947598978,288.740613139,275.464583145,homopoly
53735402,,C=CC(=O)ON=C=O,,0,63.0818278654,27.5535702784,47.2076454144,45.94768118606667,monomer
170995230,,C=CC(=O)OCC1=CC=C(C=C1)[C-]2C=CC=C2,,0,74.1450889751,135.317757546,259.034744224,156.1658635817,monomer
105376,,CC(C)(COC(=O)C=C)COC(=O)C1=CC=CC=C1,,2,562.063052173,364.764014751,629.561650242,518.7962390553333,homopoly
129652150,,CCCCCCCC/C(=C\OC(=O)C=C)/C(=O)N,,1,246.824075171,290.801793838,235.680022107,257.768630372,homopoly
543579,,CCCCCCCCCCCCCCCOC(=O)C=C,,0,167.872554387,126.724361625,163.993054348,152.86332345333332,monomer
11019125,,C=CC(=O)OCCSC#N,,2,251.178653069,269.752971023,262.944601742,261.292075278,homopoly
104367,,C=CC(=O)OCCC(C(C(C(C(C(C(C(C(C(F)(F)F)(C(F)(F)F)F)(F)F)(F)F)(F)F)(F)F)(F)F)(F)F)(F)F)(F)F,,0,154.954744602,146.882281365,137.621613257,146.4862130746667,monomer
118536009,,C=CC(=O)OCC(C(C1=CC=CC=C1)(C2=CC=CC=C2)C3=CC=CC=C3)OC4=CC=CC=C4,,1,558.54368445,511.723450674,478.649724043,516.3056197223333,homopoly
129677102,,C=CC(=O)OC[C-]1C=CC=C1,,0,103.907554979,72.9314826158,98.5972064605,91.81208135176666,monomer
129721343,,C=CC(=O)OC1=CC(=CC2=C1N(C3=CC=CC=C32)CCO)Br,,0,196.327617684,116.056406861,252.166492656,188.1835057336667,monomer
12860205,,C=CC(=O)OCC1CCC2C(C1)O2,,1,153.320114627,174.305675533,187.009164153,171.544984771,homopoly
91809457,,CC(C)(C)OC(=O)CCOCCOCCOCCOCCOC(=O)C=C,,2,658.287966438,684.539189555,688.704211656,677.1771225496667,homopoly
82655,,C=CC(=O)OCC#C,,2,181.666318225,227.314192679,205.081944421,204.68748510833333,homopoly
54148783,,C=CC(=O)OC(=O)OC(=O)C=C,,1,155.904735112,121.803790784,128.69147821,135.46666803533333,homopoly
53461614,,CC12CCC(=O)CC1CCC3C2CCC4(C3CCC4OC(=O)C=C)C,,1,364.091250399,335.279724245,395.494119281,364.9550313083333,homopoly
22718872,,CCCCC/C=C/C/C=C/CCCCCCCCOC(=O)C=C,,0,206.871097674,176.344179283,174.15869826,185.7913250723333,monomer
163212139,,CC(C)CCCC(C)CC(O)OC(=O)C=C,,1,242.687516794,207.230452781,240.254880911,230.05761682866668,homopoly
175021,,CN(CCOC(=O)C=C)S(=O)(=O)CCC(C(C(C(C(C(C(C(C(C(C(C(F)(F)F)(F)F)(F)F)(F)F)(F)F)(F)F)(F)F)(F)F)(F)F)(F)F)(F)F)(F)F,,0,205.260437182,233.760809184,206.843694762,215.28831370933335,monomer
165429929,,C=CC(=O)OCCOCCNC(=O)CCN1C(=O)C=CC1=O,,0,140.907388997,107.705055833,160.279447577,136.297297469,monomer
543295,,CCCCCCCCCCCCC(C)OC(=O)C=C,,0,145.049523071,135.920576302,155.309162116,145.42642049633335,monomer
88121797,,CCCCC(=O)OC(=O)C=C,,2,299.886652333,304.355609284,257.02402247,287.0887613623333,homopoly
59609085,,C=CC(=O)OCC(C1=CC=CC=C1)(C(=O)C2=CC=CC=C2)O,,0,186.46494311,145.368008061,158.53850216,163.45715111033334,monomer
3016305,,C=CC(=O)OCCOC(=O)Cl,,2,259.739176457,237.62618878,297.365074423,264.91014655333333,homopoly
100973,,CNC(=O)CCOC(=O)C=C,,2,277.29438399,293.913074721,264.221914767,278.47645782599994,homopoly
10241458,,C=CC(=O)OC1=CC(=CC=C1)Cl,,0,143.125826557,40.4850116934,85.3544639911,89.65510074716667,monomer
12577030,,C=CC(=O)OC1CC2CC1C3C2C=CC3,,1,217.290136486,242.443119441,176.209430995,211.98089564066663,homopoly
68636312,,CCC1(COC1)COC23CC4CC(C2)CC(C4)(C3)OC(=O)C=C,,2,611.811974208,658.260535723,647.46568128,639.1793970703334,homopoly
54336186,,C=CC(=O)OCCSC1=CC2=CC=CC=C2C=C1,,2,595.672315676,488.029406622,718.511020914,600.7375810706667,homopoly
11289038,,C=CC(=O)OCCCCCCI,,0,75.9279283593,104.780727475,99.963016874,93.5572242361,monomer
54148783,,C=CC(=O)OC(=O)OC(=O)C=C,,0,96.1082044276,4.03244579893,100.062299968,66.73431673150999,monomer
2794997,,CC1(COC(=O)[C@@H]1OC(=O)C=C)C,,1,143.468506758,176.243493088,161.965503194,160.55916768,homopoly
129847753,,CC1=NN(C=C1OC(=O)C=C)C,,0,75.7287196543,68.6156066199,102.974554427,82.4396269004,monomer
543280,,CCCCCCCCCCCC(C)OC(=O)C=C,,1,262.912660936,275.432985165,287.417596519,275.2544142066667,homopoly
57789513,,C=CC(=O)OCCCCCCCCCCS(=O)(=O)O,,1,251.207788132,260.107074159,293.165834176,268.1602321556666,homopoly
44574020,,C=CC(=O)OC1=CC=C(C=C1)C(C2=CC=CC=C2)OC(=O)C=C,,1,403.526886449,308.621559336,299.377318109,337.1752546313333,homopoly
19855,,CCC(CC)COC(=O)C=C,,1,153.845472073,176.052225016,145.236929481,158.37820885666665,homopoly
23635603,,CCCCCCCCC1=CC=C(C=C1)OC(=O)C=C,,0,146.407881186,137.935379724,170.655410185,151.66622369833334,monomer
21871639,,C=CC(=O)OCCC1=CC=C(C=C1)O,,0,116.327860606,47.1857090819,126.660892984,96.72482089063334,monomer
543295,,CCCCCCCCCCCCC(C)OC(=O)C=C,,1,277.893156125,295.830650591,303.937947424,292.5539180466667,homopoly
4139468,,C=CC(=O)OC1=CC=CC(=C1)N2CC3=CC=CC=C3C2=O,,1,341.681661165,382.045761955,235.771416203,319.83294644099993,homopoly
18352416,,CCOOC(=O)C=C,,2,213.041949683,181.116734128,216.748449262,203.63571102433335,homopoly
58231726,,C=CC(=O)OC1=C(C=C(C=C1)C2=CC3=CC=CC=C3S2)C4=CC5=CC=CC=C5S4,,1,692.241508349,310.088204153,840.805362901,614.3783584676667,homopoly
75873,,CCCCCCCCCOC(=O)C=C,,2,444.443436691,418.535378431,384.974944314,415.98458647866664,homopoly
6538148,,C/C=C/COC(=O)C=C,,0,36.9327147736,85.1869151155,71.027040053,64.38222331403334,monomer
14746151,,C=CC(=O)OCCCCOC(=O)OC1=CC=C(C=C1)C(=O)C2=CC=CC=C2,,1,321.11241998,451.341596044,438.706552873,403.72018963233336,homopoly
23443674,,C=CC(=O)OC(F)(F)CF,,1,82.45838742,93.3404871519,94.5143325658,90.10440237923335,homopoly
93279,,CNC(=O)OCCOC(=O)C=C,,0,79.8722590232,87.8709428539,44.4335479277,70.72558326826667,monomer
69285273,,CC1=CC=C(C=C1)N(C2=CC=C(C=C2)C3=CC=C(C=C3)CCOC(=O)C=C)C4=C(C=C(C=C4C)C)C,,1,611.471356172,716.950525845,761.230065771,696.5506492626668,homopoly
11492219,,CC(C)(C)OC(=O)NCCOC(=O)C=C,,2,377.72024273,361.993309272,398.927688172,379.54708005799995,homopoly
129761964,,C=CC(=O)OC1CC2CC1CC2C(=O)O,,0,108.217787172,62.1427535913,110.696070605,93.68553712276668,monomer
577100,,CC1CCC(C(C1)OC(=O)C=C)C(C)(C)C2=CC=CC=C2,,2,658.044667193,679.594751789,558.796668931,632.1453626376666,homopoly
13049940,,CC(=O)C1=CC=C(C=C1)OC(=O)C=C,,2,390.226321224,514.260286579,362.33531807,422.273975291,homopoly
2775925,,C=CC(=O)OCC1=C(C(=C(C(=C1F)F)F)F)F,,2,371.825433514,300.024523631,408.897835583,360.24926424266664,homopoly
3037072,,C=CC(=O)OC1C=CC2C1C3CCC2C3,,2,407.03534161,489.576278812,379.781784274,425.464468232,homopoly
154731038,,C[C@]12CC[C@@H](C([C@@H]1CC[C@@]3([C@@H]2CC=C4[C@]3(CC[C@@]5([C@H]4CC(CC5)(C)C)C(=O)O)C)C)(C)C)OC(=O)C=C,,0,335.359941788,245.019887332,266.138558764,282.17279596133335,monomer
71487920,,CC(C)C1=CC2=C(C=C1)C3(C(=O)C4=CC=CC=C4C3(O2)OC(=O)C=C)O,,2,788.836831957,780.318296172,737.716429136,768.957185755,homopoly
21251808,,CC1=CC(=O)OC2=C1C=CC(=C2)OCCOC(=O)C=C,,2,657.524780495,676.76811141,460.103278583,598.1320568293334,homopoly
21036103,,C=CC(=O)OCCCCOC1=CC=C(C=C1)C2=CC=C(C=C2)C#N,,0,165.648110081,288.332151277,166.065359532,206.68187363,monomer
6436391,,CCCCCCCC/C=C\CCCCCCCCOC(=O)C=C,,2,693.788829517,693.606628636,782.83906119,723.4115064476667,homopoly
77343,,C=CC(=O)OC1=C(C=C(C=C1Br)Br)Br,,0,187.361892141,89.4189026676,82.1697804003,119.65019173629999,monomer
11816169,,CC(C1=CC=CC=C1)OC(=O)C=C,,0,69.471670225,93.3459616738,120.767956215,94.52852937126666,monomer
12860622,,C[C@@H]1CC[C@H]([C@@H](C1)OC(=O)C=C)C(C)(C)C2=CC=C(C=C2)OC,,0,158.115354724,206.118781863,156.655657181,173.629931256,monomer
54361431,,CC(C)(C1=CC=CC=C1)C2=CC=C(C=C2)OCCOC(=O)C=C,,1,360.317020014,316.492346447,373.686791888,350.1653861163333,homopoly
23635725,,CCCCCOC(=O)C1=CC=C(C=C1)OC(=O)C=C,,2,625.952482154,374.54157145,660.524765031,553.6729395450001,homopoly
75096,,C=CC(=O)OC(C(F)(F)F)C(F)(F)F,,0,72.3511593605,46.265568223,45.9219768711,54.8462348182,monomer
129883324,,COC1=CC=C(C=C1)C=NC2=CC=C(C=C2)COC(=O)C=C,,0,158.56730975,184.431880436,189.084028891,177.36107302566666,monomer
86736828,,CCC(C)(NC(=O)NC1=CC=CC=C1)OOC(=O)C=C,,2,438.893414361,560.530779525,706.241348012,568.5551806326666,homopoly
129672441,,C=CC(=O)OOC(=O)C(C)=C=O,,2,306.90528746,305.53507308,273.071846478,295.1707356726667,homopoly
20140283,,C=CC(=O)OCC1=CC=C(C=C1)C(F)(F)F,,1,217.220720169,174.914543913,171.177465042,187.770909708,homopoly
57428991,,C=CC(=O)OCCC(=O)Cl,,2,239.506517077,301.985718232,221.861564079,254.4512664626667,homopoly
21036103,,C=CC(=O)OCCCCOC1=CC=C(C=C1)C2=CC=C(C=C2)C#N,,2,615.510410197,1052.60294132,707.383293751,791.8322150893333,homopoly
154704334,,C=CC(=O)OCCCC(C(F)(F)F)(C(F)(F)F)C(F)(F)F,,0,98.1275717729,69.4503933854,97.9580778157,88.51201432466667,monomer
102181891,,C=CC(=O)OCCCCCCCCCCCOC1=CC=C(C=C1)C2=NOC(C2)C3=CC=C(C=C3)Br,,0,228.525967497,413.490244617,248.848144138,296.9547854173333,monomer
13835,,C=CCOC(=O)C=C,,0,60.7525479233,73.0195361626,29.7573034714,54.50979585243334,monomer
7837,,C=CC(=O)OCC1CO1,,1,112.153091205,103.908253643,110.033665937,108.69833692833333,homopoly
22400639,,C=CC(=O)OCC1=C2C=CC=NC2=C(C=C1)O,,2,495.748376636,524.964398905,475.017733406,498.5768363156667,homopoly
23070318,,C=CC(=O)OC1=CC=C(C=C1)I,,0,185.34742279,44.3565536466,67.7444148622,99.14946376626666,monomer
3016577,,CCCCCCCCCCCCCCCCCCCC(CCCCCCCCCCCCCCCC)OC(=O)C=C,,0,334.124066487,332.971333098,322.247573601,329.780991062,monomer
139072596,,C=CC(=O)OCCOCC1=C2C=CC=NC2=C(C=C1)O,,1,258.445404892,225.613653856,379.601455829,287.8868381923333,homopoly
77920,,CC(C)CCOC(=O)C=C,,2,269.755817812,265.057817687,313.06497352,282.6262030063333,homopoly
3024058,,C=CC(=O)OCC(C(C(C(C(C(C(C(C(C(F)(F)F)(F)F)(F)F)(F)F)(F)F)(F)F)(F)F)(F)F)(F)F)(F)F,,1,292.226027351,252.937930795,245.498608712,263.55418895266666,homopoly
23635600,,CCCCCC1=CC=C(C=C1)OC(=O)C=C,,1,332.954038675,217.606748078,190.933822362,247.164869705,homopoly
53845741,,CCCCCCCCCCCCSCC(CSCCCCCCCCCCCC)OC(=O)C=C,,1,576.705743002,591.206913977,517.04030063,561.6509858696667,homopoly
20594792,,CCCC1CCC(CC1)C2=CC=C(C=C2)OC(=O)C=C,,1,335.604670321,274.19245592,351.112126713,320.303084318,homopoly
17259,,CCCCCCOC(=O)C=C,,1,162.471719717,163.839462007,143.212004463,156.50772872899998,homopoly
4418430,,C=CC(=O)OCCOCCOC1=CC=CC=C1,,0,94.6510726697,105.428152573,152.526848219,117.53535782056667,monomer
23176933,,C=CC(=O)OCC1C(C(C(C(C1(F)F)(F)F)(F)F)(F)F)(F)F,,0,96.9412830445,90.7899666466,82.654118247,90.12845597936666,monomer
90375204,,CCCCCCCCCCCCSSCCOC(=O)C=C,,2,704.210750822,609.72668681,729.156249738,681.0312291233334,homopoly
13262708,,C=CC(=O)OCC1=CC2=CC=CC=C2C=C1,,1,299.89158898,242.778007691,194.157833612,245.60914342766668,homopoly
3023346,,C=CC(=O)OCCCCCOC(=O)CCBr,,0,122.243595121,111.526826231,111.609037737,115.12648636299998,monomer
86713021,,C=CC(=O)OCCSSCCO,,0,109.400406488,50.9119980237,103.970407926,88.09427081256666,monomer
2774977,,C=CC(=O)OCC(C(C(F)(F)F)F)(F)F,,1,130.754855528,119.560976623,129.582088585,126.63264024533333,homopoly
129726845,,C=CC(=O)OCCCCCCCCCCC,,1,262.548088356,219.998395922,242.336851389,241.62777855566665,homopoly
168437649,,C=CC(=O)OCCCCCCCCCCCCCCCCCCBr,,1,352.881826455,401.287366333,367.620621429,373.9299380723333,homopoly
17111,,CN(C)CCOC(=O)C=C,,1,139.547284991,121.762477698,140.120365836,133.81004284166667,homopoly
168490272,,C=CC(=O)OC1=CC=CC2=C1C(=O)N(C2=O)C3CCC(=O)NC3=O,,2,579.542659124,641.688054877,716.170215948,645.8003099829999,homopoly
93013,,C[C@]12CC[C@H](C1(C)C)CC2OC(=O)C=C,,0,89.8080321082,112.37298676,122.127862545,108.10296047106665,monomer
14693001,,C=CC(=O)OCCOC1CC2CCC1C2,,2,400.028089652,421.136579401,403.164688274,408.1097857756667,homopoly
16204988,,C=CC(=O)OCC(CC(C(C(C(C(C(C(C(C(C(C(C(C(C(F)(F)F)(C(F)(F)F)F)(F)F)(F)F)(F)F)(F)F)(F)F)(F)F)(F)F)(F)F)(F)F)(F)F)(F)F)(F)F)O,,0,193.600101317,239.093575235,165.134979254,199.276218602,monomer
12391804,,C=CC(=O)Oc1ccc2ccc(=O)oc2c1,,2,444.663677902,566.722182424,496.02847345,502.47144459200007,homopoly
11390128,,C=CC(=O)OC12CC3CC(C1)CC(C3)C2,,2,412.501117718,436.412445342,424.233949414,424.382504158,homopoly
53685801,,CCC=COC(=O)C=C,,0,55.3857590918,81.1571100444,64.6149400533,67.05260306316667,monomer
58468614,,C=CC(=O)OCCC(=O)NC1=CC=CC=N1,,1,264.85538489,196.290060515,188.191887222,216.44577754233333,homopoly
23635728,,C=CC(=O)OC1=CC2=C(CCCC2)C=C1,,2,420.302023884,509.865086221,442.859570277,457.6755601273333,homopoly
19806870,,CC(CF)(C(OC(=O)C=C)(F)F)C(F)(F)F,,0,74.1950980419,59.7642666782,76.6671173494,70.2088273565,monomer
105380,,CC(C)(C1=CC(=C(C(=C1)Br)OCCOC(=O)C=C)Br)C2=CC(=C(C(=C2)Br)OCCOC(=O)C=C)Br,,1,623.698849982,557.829944538,540.291619453,573.9401379909999,homopoly
62552,,CCCCCCCCCCCCCCCCCCOC(=O)C=C,,1,354.916795463,354.945517401,359.889413525,356.58390879633333,homopoly
53685801,,CCC=COC(=O)C=C,,1,144.31894319,157.933780055,106.947432795,136.40005201333332,homopoly
86078028,,C=CC(=O)OCCSSC1=CC=CC=N1,,2,421.571896708,464.482676388,502.326600975,462.79372469033336,homopoly
15621059,,C=CC(=O)OCC1=CC=C(C=C1)C2=CC=CC=C2,,0,56.1565372699,169.812745341,216.151411772,147.3735647943,monomer
44607784,,C=CC(=O)OCC1C2=CC=CC=C2C3=CC=CC=C13,,1,188.910715903,312.171106107,386.020007744,295.700609918,homopoly
11485348,,COC(=O)C1(C(C1(C#N)C#N)C2=CC=C(C=C2)OCCOC(=O)C=C)C#N,,1,427.681978631,273.920262588,390.7089519,364.1037310396667,homopoly
57276811,,C=CC(=O)OCCNCCO,,2,251.763493133,279.443959053,298.716486034,276.64131274,homopoly
23067278,,C=CC(=O)OC1CCO1,,0,65.9804751386,60.9867070051,38.0737698317,55.013650658466666,monomer
57003781,,C=CC(=O)OCCC(Br)Br,,1,169.600078497,141.621968804,148.795415382,153.33915422766665,homopoly
170992275,,CC(C)(C(=O)OC1CCOC1=O)OC(=O)C=C,,0,113.063561797,80.8821257679,111.956156142,101.96728123563334,monomer
86748998,,C=CC(=O)OCCOC(=O)CC(C)=O,,0,65.3295908888,82.7736514596,108.622231754,85.57515803413332,monomer
22718872,,CCCCC/C=C/C/C=C/CCCCCCCCOC(=O)C=C,,1,322.940767928,374.129473868,408.59387961,368.55470713533333,homopoly
121420658,,CCCCCCCCC(CCCCCCCC)OC(=O)C=C,,1,346.260839871,366.803925605,309.812563386,340.95910962066665,homopoly
129700121,,C=CC(=O)OCC(CC)CCCC,,2,391.033889642,379.482473776,374.192792369,381.5697185956667,homopoly
18615292,,C=CC(=O)OCC1=C2C=CC3=CC=CC4=C3C2=C(C=C4)C=C1,,2,693.195806178,844.761974452,752.291265595,763.4163487416666,homopoly
21293197,,C=CC(=O)OCC[N+](=O)[O-],,2,234.114056574,221.87760713,210.57319541,222.18828637133333,homopoly
19756660,,C/C=C/C=C/OC(=O)C=C,,1,156.495848749,207.55042781,140.801003645,168.2824267346667,homopoly
14987130,,COCOC(=O)C=C,,2,201.210137112,180.418070226,191.857550698,191.16191934533336,homopoly
17792856,,CC(C)C1(C2CC3CC(C2)CC1C3)OC(=O)C=C,,2,522.981048051,524.493313872,531.548109575,526.3408238326666,homopoly
11390128,,C=CC(=O)OC12CC3CC(C1)CC(C3)C2,,1,213.888636098,192.760001491,226.58409449,211.07757735966666,homopoly
293395,,CC1=CC(=C(C=C1)C(C)C)OC(=O)C=C,,0,138.589610917,131.280590271,91.1176120666,120.32927108486668,monomer
70117982,,C=CC(=O)OCC(C1=CC=CC=C1)SC2=CC=CC=C2,,0,194.133145579,170.056348872,118.080366142,160.75662019766665,monomer
61249,,CC(COC(=O)C=C)O,,1,107.915448534,119.863455322,112.480919354,113.41994107,homopoly
129651013,,C=CC(=O)OC1=CC=CC=C1C2=NC(=C(O2)C3=CC=CC=C3)CO,,0,341.508927873,183.278631528,92.433555914,205.74037177166664,monomer
6455702,,C=CC(=O)OCCN,,1,102.955371233,101.627223639,92.2397124062,98.94076909273333,homopoly
101059,,C=CC(=O)OCC1=C(C(=C(C(=C1Br)Br)Br)Br)Br,,1,298.618877072,292.523403662,362.619196688,317.920492474,homopoly
102199009,,C=CC(=O)OC1=CC=C(C=C1)C(=C(C2=CC=CC=C2)C3=CC=CC=C3)C4=CC=CC=C4,,0,237.241640204,252.391451191,395.680348574,295.1044799896667,monomer
12705069,,CC(C)(C)OOC(=O)C=C,,0,70.7029845103,75.6681308997,56.4119024405,67.5943392835,monomer
168435105,,C=CC(=O)OCCCCCCCCCCCCCCCCCCl,,1,366.819876949,352.859794557,347.111805166,355.59715889066666,homopoly
18615292,,C=CC(=O)OCC1=C2C=CC3=CC=CC4=C3C2=C(C=C4)C=C1,,1,278.327478175,513.206871874,319.997648853,370.5106663006666,homopoly
67841,,CCCCN(CCOC(=O)C=C)S(=O)(=O)C(C(C(C(C(C(C(C(F)(F)F)(F)F)(F)F)(F)F)(F)F)(F)F)(F)F)(F)F,,2,678.485946499,859.148101013,762.280526135,766.6381912156667,homopoly
86753072,,C=CC(=O)OCCCCOC1=CC=C(C=C1)C2(CC=CC(=C2F)C3=CC=C(C=C3)CCCCO)F,,0,335.993930489,262.504153313,236.504851999,278.3343119336667,monomer
129672441,,C=CC(=O)OOC(=O)C(C)=C=O,,1,148.602188082,99.83551057,193.24391733,147.22720532733334,homopoly
108597,,CC(C)(C1=CC=CC=C1)C2=CC=C(C=C2)OC(=O)C=C,,0,168.128588389,86.6845662197,230.766339334,161.85983131423333,monomer
62414,,C=CC(=O)OCCOCCOCCOC(=O)C=C,,1,258.156981423,215.441577035,204.780626534,226.12639499733334,homopoly
22123752,,C=CC(=O)OCC1=CC=C(C=C1)O,,1,200.378668585,87.4658605252,260.170685738,182.67173828273334,homopoly
69782405,,C=CC(=O)OC1=CC=CC=C1C(=O)C(C2=CC=CC=C2)O,,0,155.127819548,141.529058592,167.641362936,154.76608035866667,monomer
21727128,,C=CC(=O)OCCC1CO1,,1,122.032843857,129.322111667,123.658347996,125.00443450666667,homopoly
23290045,,C=CC(=O)OCC(COC1=CC=CC=C1C2=CC=CC=C2)O,,0,161.471874127,142.686220794,189.150223133,164.436106018,monomer
86753073,,C=CC(=O)OCCCCOC1=CC=C(C=C1)C2(CC=CC(=C2F)C3=CC=C(C=C3)CCCCOS(=O)(=O)C(F)(F)F)F,,0,273.618672653,404.653872051,217.578557457,298.61703405366666,monomer
11218292,,CC1(C2CC3CC(C2)CC1C3)OC(=O)C=C,,1,223.761975155,250.439229082,207.390629332,227.19727785633333,homopoly
117434,,C[C@]12CC[C@H](C1(C)C)C[C@H]2OC(=O)C=C,,2,408.05850542,434.009081239,457.071335743,433.0463074673333,homopoly
129760090,,COC1=CC2=C(C=C1)N=C(C=C2[C@H]([C@@H]3CC4CCN3C[C@@H]4C=C)O)OC(=O)C=C,,2,861.254119059,762.281700339,1076.21808219,899.9179671960001,homopoly
85065,,C=CC(=O)OCCCS(=O)(=O)O,,0,68.7029179672,66.6705522309,88.1376766586,74.5037156189,monomer
57077168,,C=CC(=O)OCCSC1=CC=CC2=CC=CC=C21,,0,202.631840052,81.4135204868,155.483941429,146.50976732259997,monomer
56776444,,C=CC(=O)OCC(C(F)(F)F)(OC(C(C(F)(F)F)(OC(C(C(F)(F)F)(F)F)(F)F)F)(F)F)F,,0,107.091017016,102.287970287,132.728482345,114.035823216,monomer
8821,,CCOC(=O)C=C,,2,180.650391298,179.541453528,174.880338468,178.35739443133332,homopoly
3022437,,CCCCCCCCC(C)COC(=O)C=C,,1,240.454682483,253.465294103,232.695473974,242.20515018666666,homopoly
2777443,,C=CC(=O)OCC1=CC(=CC=C1)C(F)(F)F,,0,73.8991281895,116.298527284,92.9376959245,94.378450466,monomer
19899675,,CCCC(OC(=O)C=C)Br,,1,159.490276187,164.63415059,123.1359562,149.08679432566666,homopoly
24627,,C=CC(=O)OCCOCCC#N,,0,63.586170194,50.3031707705,104.155902294,72.68174775283335,monomer
86753071,,C=CC(=O)OCCCCOC1=CC=C(C=C1)C2(CC=CC(=C2F)C3=CC=C(C=C3)CCCC=O)F,,2,902.268444129,1069.42440123,1123.37918481,1031.690676723,homopoly
88709012,,C=CC(=O)OCC1=C(C=C(C=C1)[N+](=O)[O-])[N+](=O)[O-],,1,274.548864604,214.378008678,192.19989433,227.04225587066665,homopoly
101375909,,CC1=CC(=C(C=C1)C(=O)C2=CC=C(C=C2)N(C)C)OC(=O)C=C,,0,150.619406293,180.468720653,260.608344971,197.23215730566668,monomer
14365587,,C=CC(=O)Oc1cccc(O)c1O,,2,329.722587262,293.993298054,389.512238899,337.74270807166664,homopoly
11298697,,C=CC(=O)OC1C2CC3CC(C2)CC1C3,,1,216.084133158,234.039102529,185.593338307,211.90552466466667,homopoly
107516,,C=CC(=O)OCC(C(C(C(C(C(C(C(F)F)(F)F)(F)F)(F)F)(F)F)(F)F)(F)F)(F)F,,2,467.804828352,463.76927321,412.519961103,448.0313542216666,homopoly
129815894,,C=CC(=O)OC(=C1C=CC=C1)O,,1,213.734653615,178.936242588,164.870625498,185.84717390033333,homopoly
67829,,C=CC(=O)OCC(C(C(C(F)F)(F)F)(F)F)(F)F,,0,89.176620991,63.9403008538,70.9947362664,74.70388603706667,monomer
129742744,,CCCCOC1CC2CC1CC2OC(=O)C=C,,0,130.065911547,97.9766847312,133.997898749,120.68016500906667,monomer
20077225,,C=CC(=O)OCC(F)F,,2,169.945471604,187.204286057,186.80421236,181.31799000700002,homopoly
44607784,,C=CC(=O)OCC1C2=CC=CC=C2C3=CC=CC=C13,,0,127.428269257,137.841877878,185.574339695,150.28149561,monomer
20594786,,CCCCCC1=CC=C(C=C1)C#CC2=CC=C(C=C2)OC(=O)C=C,,0,240.545919557,332.782294622,160.385874567,244.57136291533334,monomer
3016446,,CCCCCCCCCCCCCCCCCCCCCOC(=O)C=C,,2,797.261462183,826.869317346,838.839234036,820.9900045216667,homopoly
118677,,C=CC(=O)OCCC(C(C(C(C(C(C(C(C(C(C(C(F)(F)F)(F)F)(F)F)(F)F)(F)F)(F)F)(F)F)(F)F)(F)F)(F)F)(F)F)(F)F,,1,338.7343162,272.525691679,339.969235884,317.07641458766665,homopoly
543695,,C=CC(=O)OC1=CC(=C(C=C1Cl)Cl)Cl,,0,189.425818885,72.3464840234,71.7286991859,111.16700069809998,monomer
57648627,,C=CC(=O)OC(OC(=O)C=C)(OC(=O)C=C)OC(=O)C=C,,0,113.817278207,127.644281286,130.164058443,123.87520597866666,monomer
13878525,,C=CC(=O)OCCC(C(C(C(C(C(C(C(C(F)(F)F)(F)F)(F)F)(F)F)(F)F)(F)F)(F)F)(F)F)(F)F,,0,123.024039698,147.910068869,118.939584952,129.95789783966669,monomer
86294538,,C=CC(=O)OC(C)C,,1,97.9474037501,110.801982623,116.119024444,108.28947027236666,homopoly
17827951,,C=COC(=O)C=C,,2,193.710510341,165.975375449,196.851765056,185.512550282,homopoly
13668181,,CC(=CCOC(=O)C=C)C,,1,144.144491806,170.130304703,124.972914251,146.41590358666667,homopoly
3016667,,CCCCC(C)OC(=O)C=C,,1,140.266116078,183.046181057,150.964007908,158.092101681,homopoly
141485225,,C=CC(=O)OCC12CC3CC(CC(C3)C1)C2,,2,447.436344359,469.534577639,456.817719479,457.92954715900004,homopoly
139600009,,C=CC(=O)OC1=CC2=C(C=C1)C(=O)CC(O2)C3=CC=CC=C3,,1,347.88421489,379.130543765,249.449675618,325.4881447576667,homopoly
69286003,,CC1=CC(=C(C=C1)N(C2=CC=C(C=C2)C3=CC=C(C=C3)CCOC(=O)C=C)C4=C(C=C(C=C4C)C)C)C,,2,1429.68026543,1600.32571271,1135.45951544,1388.48849786,homopoly
11289038,,C=CC(=O)OCCCCCCI,,1,170.356803613,188.742418865,205.491416663,188.19687971366668,homopoly
11836752,,C=CC(=O)O[C@H]1C[C@@H](C)CC[C@@H]1C(C)C,,2,477.538842318,404.453015327,433.168973781,438.3869438086667,homopoly
3034295,,CCN(CCOC(=O)C=C)S(=O)(=O)C(C(C(C(F)(F)F)(F)F)(F)F)(F)F,,1,291.707860045,258.324967334,248.064847775,266.0325583846667,homopoly
2782282,,C=CC(=O)OC(C)(C)C,,1,127.894838935,122.597127354,116.429011005,122.30699243133334,homopoly
11170937,,CC(=C)OC(=O)C=C,,2,236.755303525,189.773004279,239.918989544,222.14909911599997,homopoly
170992186,,CC1CCC(C(=O)C1)C(C)(C)OC(=O)C=C,,1,193.164991268,238.948865093,239.875769049,223.99654180333334,homopoly
13847846,,CC(C)CCCCCCCCOC(=O)C=C,,2,505.351726904,476.654603976,464.368882207,482.125071029,homopoly
92015353,,CC1=CC(=CC(=C1OC(=O)C=C)C)N=NC2=CC=C(C=C2)C(C)(C)C,,2,745.659829856,862.252054575,1221.35989364,943.0905926903333,homopoly
162085,,CN(CCOC(=O)C=C)S(=O)(=O)CCC(C(C(C(C(C(F)(F)F)(F)F)(F)F)(F)F)(F)F)(F)F,,2,649.118997921,599.174822168,631.977880744,626.757233611,homopoly
131740479,,C=CC(=O)OCCOCCN,,1,119.997011556,145.343263135,154.940770791,140.0936818273333,homopoly
53766210,,C=CC(=O)OCC([N+](=O)[O-])([N+](=O)[O-])[N+](=O)[O-],,2,381.641668763,337.883414725,318.335663425,345.9535823043334,homopoly
17768051,,C=CC(=O)ON1C=CC=N1,,2,284.502660984,231.6625492,225.590184816,247.25179833333334,homopoly
14987130,,COCOC(=O)C=C,,1,96.0563376774,87.8406047671,102.819088925,95.5720104565,homopoly
68412458,,C=CC(=O)OC1=C2C(=C(C=C1)Cl)C=CC=N2,,1,245.831477114,207.983111583,306.865133727,253.55990747466663,homopoly
164511035,,C[C@H]1CCC([C@H](C1)OC(=O)C=C)C(=C)C,,2,457.423550804,442.102070946,439.59159775,446.37240649999995,homopoly
136155102,,CC1=CC(=O)NC(=N1)NC(=O)NCCCCCCNC(=O)OCCOC(=O)C=C,,1,412.456481446,291.201254103,431.632840232,378.43019192699995,homopoly
14693048,,COCCCCCCOC(=O)C=C,,1,193.599458138,173.360049645,174.205120849,180.388209544,homopoly
102248214,,C=CC(=O)OCC([N+](=O)[O-])(F)F,,2,239.541950525,214.172749839,230.877936743,228.19754570233331,homopoly
129862051,,C=CC(=O)OC(=O)C1=CC=CC=N1,,0,94.0037266932,33.7859545968,125.651005447,84.48022891233335,monomer
20536718,,CC(CCOC(=O)C=C)OCCC#N,,0,95.4069595673,99.6465245091,76.4548561628,90.50278007973334,monomer
102246,,CCCN(CCOC(=O)C=C)S(=O)(=O)C(C(C(C(C(C(C(C(F)(F)F)(F)F)(F)F)(F)F)(F)F)(F)F)(F)F)(F)F,,1,358.403710927,395.660861248,342.958400566,365.674324247,homopoly
3051368,,CC(=O)O[C@H]1CC[C@]2([C@@H](C1)CC[C@@H]3[C@@H]2CC[C@]4([C@@]3(CC[C@H]4C(=O)COC(=O)C=C)O)C)C,,2,799.844842953,964.823982829,966.618514829,910.429113537,homopoly
543682,,C=CC(=O)OCCl,,2,175.127448976,175.119099782,179.732435589,176.65966144900003,homopoly
129753987,,C=CC(=O)OC1CCN(CC1)C2=C(C(=C(C(=C2F)F)C3=NN(C(C3)C4=CC=CC=C4)C5=CC=CC=C5)F)F,,1,637.51204906,676.914355064,742.36204439,685.5961495046666,homopoly
129760090,,COC1=CC2=C(C=C1)N=C(C=C2[C@H]([C@@H]3CC4CCN3C[C@@H]4C=C)O)OC(=O)C=C,,0,340.350430435,100.22507229,241.45965979,227.34505417166667,monomer
146012803,,C=CC(=O)OC1=C(C2=CC=CC=C2C=C1)Br,,2,491.710983808,793.228369905,385.26295779,556.7341038343333,homopoly
20212931,,C=CC(=O)OCCCCCCOP(=O)(O)O,,0,100.338102196,89.8226332682,112.130582913,100.7637727924,monomer
3517032,,C=CC(=O)OCC1CCCN2C1CCCC2,,0,125.936984617,85.0789073342,129.961292796,113.6590615824,monomer
88259,,C=CC(=O)OCCOCCOCCOCCO,,1,199.533849807,225.897429165,204.874961137,210.10208003633332,homopoly
91757807,,C=CC(=O)OCCOCCOCCOCCOCCOCCOCCOCCOCCOCCOCCOCCN,,2,1061.63348178,1054.91530989,1053.22193597,1056.5902425466666,homopoly
78823,,CC(C)CCCOC(=O)C=C,,1,171.3236264,147.318626094,149.756042483,156.13276499233334,homopoly
15621059,,C=CC(=O)OCC1=CC=C(C=C1)C2=CC=CC=C2,,1,375.83223582,208.034440445,301.958552625,295.27507629666667,homopoly
19748636,,C=CC(=O)OCC[N+]#[C-],,1,124.809129812,109.060961289,89.8892251114,107.9197720708,homopoly
67921,,CCN(CCOC(=O)C=C)S(=O)(=O)C(C(C(C(C(C(C(C(F)(F)F)(F)F)(F)F)(F)F)(F)F)(F)F)(F)F)(F)F,,2,711.518433275,708.451225513,638.256826352,686.0754950466667,homopoly
15208778,,COC(=O)NCCOC(=O)C=C,,1,141.284513131,117.924936545,159.509224872,139.572891516,homopoly
119935,,CCCCCCCCCCCCCCCCCOC(=O)C=C,,0,199.288530443,165.227487996,145.646902763,170.05430706733335,monomer
21896325,,CC(C)(C1CC2CCC1O2)OC(=O)C=C,,2,396.78633924,409.865553216,402.701042512,403.1176449893333,homopoly
162549,,CC1(CC(CC(N1C)(C)C)OC(=O)C=C)C,,2,454.122446329,453.444088863,470.321824524,459.29611990533334,homopoly
48619,,C[C@]12CCC(=O)C[C@H]1CC[C@@H]3[C@@H]2CC[C@]4([C@@H]3CC[C@@H]4OC(=O)C=C)C,,0,202.167874234,154.426753816,194.996500979,183.86370967633331,monomer
13878527,,C=CC(=O)OCCC(C(C(C(C(C(C(C(C(C(C(C(C(F)(F)F)(F)F)(F)F)(F)F)(F)F)(F)F)(F)F)(F)F)(F)F)(F)F)(F)F)(F)F)(F)F,,0,132.900319242,191.948298257,179.925435781,168.25801776,monomer
11217233,,C=CC(=O)OCO,,2,153.929387461,153.324672961,156.096546265,154.45020222899998,homopoly
87150,,C=CC(=O)OCCC(C(F)(F)F)(F)F,,1,137.37514985,116.357744153,121.863821006,125.19890500300001,homopoly
93359,,C=CC(=O)OCCOC1CC2CC1C3C2C=CC3,,2,504.064145266,467.779790884,534.880273523,502.2414032243334,homopoly
18353926,,C=CC(=O)OCC1COC(=O)O1,,0,80.6872158379,47.5035789996,72.9651795856,67.05199147436666,monomer
141326481,,CCCCCC1=CC=C(C=C1)OCCCCCCCCOC(=O)C=C,,0,185.491530168,199.82278851,196.186521201,193.833613293,monomer
58805559,,CCCC(=O)CCOC(=O)C=C,,0,68.9547003634,93.7847894105,73.7177146924,78.81906815543333,monomer
11031110,,C[C@@H]1CC[C@H]([C@@H](C1)OC(=O)C=C)C(C)C,,0,109.961428138,97.1988157881,129.63147619,112.26390670536667,monomer
58048850,,C=CC(=O)OC(COC1=CC2=CC=CC=C2C=C1)COC3=CC4=CC=CC=C4C=C3,,0,265.434688584,157.589506289,318.50403848,247.1760777843334,monomer
155717,,CN(CCOC(=O)C=C)S(=O)(=O)CCC(C(C(C(C(C(C(C(C(C(F)(F)F)(F)F)(F)F)(F)F)(F)F)(F)F)(F)F)(F)F)(F)F)(F)F,,0,204.155431566,214.334088734,177.153543541,198.547687947,monomer
145945604,,C=CC(=O)OCCOC1OCCCO1,,1,174.184731219,151.909357996,177.98575374,168.02661431833334,homopoly
10104558,,C[C@H]1CC[C@@H]([C@H](C1)OC(=O)C=C)C(C)C,,2,419.896440577,469.708472294,439.809435966,443.13811627900003,homopoly
71353023,,CCCCCCCCC(CCCCCCCC)COC(=O)C=C,,1,368.876530077,343.396405853,363.922165926,358.7317006186666,homopoly
54320061,,C=CC(=O)OCCOC1=CC=CC=C1OC(=O)C=C,,0,181.815741505,111.281401653,102.092333023,131.72982539366666,monomer
117830683,,CCCCP(CCCC)(CCCC)(CCCC)OC(=O)C=C,,1,389.314515319,396.783864031,350.772338019,378.9569057896667,homopoly
57783174,,CC1=CC=C(C=C1)N(C2=CC=C(C=C2)C)C3=CC=C(C=C3)C4=CC=C(C=C4)CCCCOC(=O)C=C,,1,928.557673638,484.293849856,697.646178698,703.499234064,homopoly
19023869,,COCCOCCOCCOCCOCCOC(=O)C=C,,2,528.495734957,517.811671868,567.323922632,537.8771098189999,homopoly
2776194,,C=CC(=O)OCCC(C(C(C(F)(F)F)(C(F)(F)F)F)(F)F)(F)F,,2,341.779558031,375.573288136,381.651149176,366.33466511433335,homopoly
10907737,,CCC(C)(C)C1=CC(=C(C(=C1)C(C)(C)CC)O)C(C)C2=C(C(=CC(=C2)C(C)(C)CC)C(C)(C)CC)OC(=O)C=C,,1,631.279115501,691.352381192,633.115137594,651.9155447623333,homopoly
98887,,CC(C)(C)COC(=O)C=C,,0,71.0580441208,53.2909849423,85.8012167874,70.05008195016667,monomer
21868062,,C=CC(=O)OC1CC2CCC1(C)C2(C)C,,1,202.996700249,216.705723883,223.021595635,214.24133992233337,homopoly
5142305,,C=CC(=O)OC1=CC=C(C=C1)N2C(=O)C3=C(C2=O)C(=CC=C3)[N+](=O)[O-],,2,746.542251737,723.861221503,730.869437268,733.757636836,homopoly
129864505,,C=CC(=O)OCC/C=C/CCCCCCCCCCC,,0,164.842506168,144.246815622,167.057316501,158.715546097,monomer
129892792,,C=CC(=O)OC1=CC=CC(=C1OC(=O)C=C)N=NC2=CC=CC=C2,,2,823.705300149,624.020608326,943.960877442,797.228928639,homopoly
89428483,,C=CC(=O)OC12CC3CC(CC(C3)C1C)C2,,1,243.546140591,235.547483921,218.484520251,232.52604825433332,homopoly
54411860,,CC(C)(C)C1=CC(=CC(=C1O)C(C)(C)C)COC(=O)C=C,,1,264.222248932,349.052100972,345.243812508,319.50605413733336,homopoly
18469777,,COOC(=O)C=C,,2,171.472885797,155.071723958,180.237564192,168.92739131566668,homopoly
13165,,C=CC(=O)OCCO,,2,205.34381037,189.932804079,176.004046732,190.42688706033334,homopoly
57077168,,C=CC(=O)OCCSC1=CC=CC2=CC=CC=C21,,1,188.915349758,383.742413721,308.656962057,293.77157517866664,homopoly
129892792,,C=CC(=O)OC1=CC=CC(=C1OC(=O)C=C)N=NC2=CC=CC=C2,,1,514.178133483,283.317990804,340.040022409,379.1787155653333,homopoly
68773183,,CCN(CC)C1=CC=C(C=C1)CCOC(=O)C=C,,2,427.585713511,601.792354472,639.915675477,556.4312478200001,homopoly
129721791,,C=CC(=O)OC1=CC(=CC2=C1N(C3=C2C=C(C=C3)Br)CCO)Br,,0,240.777999267,46.4780166155,342.96691073,210.07430887083333,monomer
68648721,,CC(C)C(OCC12CC3CC(C1)CC(C3)C2)OC(=O)C=C,,0,162.384610579,161.896940415,128.257333917,150.84629497033333,monomer
11083924,,C=CC(=O)OCCS,,1,107.203783438,115.236490068,108.424771902,110.28834846933334,homopoly
173048,,CN(CCOC(=O)C=C)S(=O)(=O)CC(C(C(C(C(C(C(C(C(C(C(C(C(C(C(C(F)(F)F)(F)F)(F)F)(F)F)(F)F)(F)F)(F)F)(F)F)(F)F)(F)F)(F)F)(F)F)(F)F)(F)F)(F)F)(F)F,,1,519.929869614,489.152669002,468.38001528,492.4875179653333,homopoly
9942853,,CC(COC(C)COC(=O)C=C)OC(=O)C=C,,0,172.516922913,92.6287787428,80.143640222,115.09644729259999,monomer
19996,,C=CC(=O)OCCOCCOC(=O)C=C,,1,180.626418344,183.291104612,189.303936762,184.40715323933333,homopoly
59005029,,CC(COC(=O)C=C)OC(=O)CCCCCBr,,1,205.281442569,245.249999655,261.977855619,237.503099281,homopoly
19098703,,C=CC(=O)OC(C(F)(F)F)(C(F)(F)F)C(F)(F)F,,2,249.248377566,253.087700688,261.876303038,254.73746043066663,homopoly
88259,,C=CC(=O)OCCOCCOCCOCCO,,2,412.135646537,467.106814907,389.42433362,422.888931688,homopoly
22457115,,CC(=O)OOC(=O)C=C,,2,243.470664482,178.569670345,208.121047233,210.05379402000003,homopoly
58800711,,C=CC(=O)OCC1=CC=C(C=C1)N(C2=CC=CC=C2)C3=CC=CC=C3,,0,171.051117904,215.152947062,272.701396358,219.6351537746667,monomer
3023748,,CCCCCCCCCCCCCCCCCCCCCCCCCCOC(=O)C=C,,0,253.091517081,199.424968926,298.620920729,250.37913557866668,monomer
121455448,,C=CC(=O)OCCCCCCOC1(CC=C(C=C1)C2=CC=CC=C2)C#N,,0,223.22363986,164.36102808,210.757283295,199.44731707833333,monomer
12014951,,C=CC(=O)OCCOCCOC(=O)C(CC1=CC=CC=C1)SC#N,,2,637.943724764,697.82565969,632.924300704,656.231228386,homopoly
56835610,,CC(=O)NCCCCCOC(=O)C=C,,0,107.749694048,86.5458773103,91.7930528321,95.36287473013333,monomer
81767,,COCCOCCOC(=O)C=C,,2,304.236966663,312.071811944,300.799865483,305.70288136333335,homopoly
129849674,,C=CC(=O)O[C@@]1([C@@H]([C@H]([C@H]([C@H](O1)CO)O)O)O)O,,2,367.902865436,343.253409623,379.859119461,363.67179817333334,homopoly
122231558,,CC1(COC(OC1)OCCOC(=O)C=C)C,,0,107.758743005,71.8382360994,125.292139202,101.62970610213334,monomer
104027,,CC(C)CCCCCCOC(=O)C=C,,0,112.277327096,101.712163778,100.316773483,104.76875478566667,monomer
115833,,C=CC(=O)OCC(COC1=CC=C(C=C1)CC2=CC=C(C=C2)OCC(COC(=O)C=C)O)O,,2,971.812093995,930.188058415,846.784780424,916.261644278,homopoly
129892792,,C=CC(=O)OC1=CC=CC(=C1OC(=O)C=C)N=NC2=CC=CC=C2,,0,197.120258185,171.903379691,167.127117397,178.71691842433333,monomer
20342959,,CC(C)(C1=CC=CC=C1)C2=CC=CC=C2OC(=O)C=C,,2,644.187445354,693.959953776,509.721485554,615.9562948946667,homopoly
102248210,,CCC(COC(=O)C=C)([N+](=O)[O-])[N+](=O)[O-],,1,165.404280974,175.775732852,182.759108782,174.64637420266664,homopoly
18459502,,C=CC(=O)OO,,2,124.058796336,141.727522498,124.612088317,130.13280238366667,homopoly
22179230,,CCCCOC(=O)C1=CC=C(C=C1)OC(=O)C=C,,1,262.499813589,332.690545761,205.503077744,266.89781236466666,homopoly
104303,,CC1=C(C=C(C=C1)NC(=O)OC(C)COC(=O)C=C)NC(=O)OC(C)COC(=O)C=C,,1,371.284392517,412.945775364,507.719731578,430.6499664863333,homopoly
104027,,CC(C)CCCCCCOC(=O)C=C,,1,198.7746654,213.206996307,204.20571952,205.39579374233335,homopoly
14693048,,COCCCCCCOC(=O)C=C,,2,328.039198423,360.434302233,397.404994341,361.95949833233334,homopoly
87274,,C=CC(=O)OCCC(C(C(C(C(C(C(C(C(C(F)(F)F)(F)F)(F)F)(F)F)(F)F)(F)F)(F)F)(F)F)(F)F)(F)F,,0,136.201158318,123.978956943,163.79816978,141.32609501366667,monomer
129884945,,C=CC(=O)OC1=CC(=O)C2=CC=CC=C2O1,,2,453.387636017,398.39054019,420.359472546,424.0458829176667,homopoly
137331643,,C=CC(=O)OP(OC(=O)C=C)OC(=O)C=C,,2,429.724043553,406.300994011,408.705410841,414.9101494683334,homopoly
129851994,,CC1(CC=C(C=C1)/C=C/COC(=O)C=C)O,,0,143.018685812,130.468309318,104.821310857,126.10276866233333,monomer
20550278,,CCOC(C)OC(=O)C=C,,2,259.246974075,244.70903421,280.162483551,261.372830612,homopoly
22709189,,CCCCC1=CC=CC=C1OC(=O)C=C,,1,229.681319342,205.187292005,240.422515688,225.09704234499998,homopoly
86720806,,C=CC(=O)OCC1=C(C=CC(=C1)[N+](=O)[O-])C2=C(C=C(C=C2)[N+](=O)[O-])COC(=O)C=C,,0,287.233547115,149.372119939,190.688289434,209.097985496,monomer
14047273,,CC(O)OC(=O)C=C,,0,58.5200256127,51.1113643538,33.0607406578,47.56404354143333,monomer
90188966,,CCN(CCCCCCOC(=O)C=C)C1=CC=C(C=C1)N=NC2=C(C=C(C=C2)[N+](=O)[O-])C#N,,0,316.221560173,256.633385724,274.782427616,282.545791171,monomer
129805157,,C=CC(=O)OC1=CC=CC=C1P(=O)(C2=CC=CC=C2)C3=CC=CC=C3,,1,410.617834029,433.043978406,375.783611692,406.48180804233334,homopoly
18469648,,CCCCC1CCC(CC1)OC(=O)C=C,,1,205.872905732,242.239536173,213.481178239,220.53120671466664,homopoly
3023456,,CCCNC(=O)OCCOC(=O)C=C,,1,155.637676609,193.098758872,176.559439161,175.09862488066665,homopoly
68648721,,CC(C)C(OCC12CC3CC(C1)CC(C3)C2)OC(=O)C=C,,1,328.543934306,259.943759587,319.378065165,302.62191968599996,homopoly
99770079,,C=CC(=O)OC(C#N)(C(F)(Cl)Cl)C(F)(Cl)Cl,,2,442.737367058,385.79872893,399.100713626,409.2122698713333,homopoly
165429929,,C=CC(=O)OCCOCCNC(=O)CCN1C(=O)C=CC1=O,,1,279.983073543,246.759920471,288.346876075,271.696623363,homopoly
54320061,,C=CC(=O)OCCOC1=CC=CC=C1OC(=O)C=C,,2,665.076574805,468.419318139,422.717180698,518.7376912139999,homopoly
11253685,,CC(C)(C12CC3CC(C1)CC(C3)C2)OC(=O)C=C,,0,141.158216634,137.696027304,113.871405076,130.90854967133336,monomer
12141271,,CCC/C=C/COC(=O)C=C,,2,354.876194944,334.264258636,288.698803816,325.946419132,homopoly
54436609,,C=CC(=O)OCCCF,,1,113.662558691,102.665249054,103.604176091,106.64399461199999,homopoly
69446413,,CC(OC(=O)C=C)OC(=O)C1=CC=CC2=CC=CC=C21,,2,640.281269223,648.90836217,465.341960323,584.8438639053334,homopoly
3022443,,CCCCCCCCCCCCCCC(C)COC(=O)C=C,,2,736.962919437,662.969974525,659.993361711,686.6420852243333,homopoly
22709343,,CCCCCCCCCCCCC(CCCCCCCCCC)COC(=O)C=C,,0,214.13533195,235.216305297,242.245639951,230.53242573266667,monomer
18979476,,C=CC(=O)OCCCCCCOC1=CC=C(C=C1)C2=CC=C(C=C2)C3CCC(CC3)CCC(=O)O,,0,244.419868744,429.604106228,185.089610608,286.37119519333334,monomer
14149717,,CC1(CC(CC(N1)(C)C)OC(=O)C=C)C,,1,199.604170147,217.484034315,216.772760596,211.28698835266667,homopoly
10131189,,CC(C(=O)OCCOC(=O)C=C)Br,,2,371.386894317,340.27655645,315.234332094,342.29926095366665,homopoly
108608,,C=CC(=O)OCCOC(=O)NC1=CC=CC(=C1)CN=C=O,,1,340.124851027,286.421212818,217.333128008,281.29306395099997,homopoly
45094573,,CCC1(COC1)OCCOC(=O)C=C,,2,369.189916725,367.396076899,349.565998058,362.0506638939999,homopoly
170995230,,C=CC(=O)OCC1=CC=C(C=C1)[C-]2C=CC=C2,,1,368.67059794,176.984167198,286.070256594,277.24167391066663,homopoly
19768089,,CC(C#N)OC(=O)C=C,,1,101.607181244,96.2010002174,133.873114562,110.5604320078,homopoly
13907995,,C=CC(=O)OCCOC1CC2CC1C3C2CC=C3,,1,227.897994811,262.349590512,261.293868233,250.51381785200002,homopoly
20140283,,C=CC(=O)OCC1=CC=C(C=C1)C(F)(F)F,,2,439.622562653,411.132952396,323.826598635,391.527371228,homopoly
59609085,,C=CC(=O)OCC(C1=CC=CC=C1)(C(=O)C2=CC=CC=C2)O,,1,341.231619553,314.622539002,287.009035519,314.287731358,homopoly
67859946,,C=CC(=O)OC1=C2C(=CC=C1)SC3=CC=CC=C3N2,,1,177.561357746,447.150423493,371.551247335,332.0876761913333,homopoly
10920839,,C=CC(=O)OCCCCCl,,1,142.544588325,141.821278005,128.496310456,137.62072559533334,homopoly
87837975,,CC(C)(OC(=O)C=C)F,,0,72.8054466333,54.3767416272,34.0626962122,53.748294824233334,monomer
97687,,C=CC(=O)OC1=CC=C(C=C1)[N+](=O)[O-],,1,233.981103404,117.91641628,225.340444174,192.41265461933335,homopoly
39850,,C=CC(=O)OC1C=CC2C1C3CC2C=C3,,2,404.251277607,440.915709862,423.902902383,423.0232966173334,homopoly
76340,,C=CC(=O)OCC(C(C(C(C(C(F)F)(F)F)(F)F)(F)F)(F)F)(F)F,,1,167.950661195,192.04408383,197.320193385,185.7716461366667,homopoly
5367501,,C=C/C=C/CCCCOC(=O)C=C,,2,474.216057955,448.560959638,314.085807259,412.287608284,homopoly
44607774,,CCOC(COC(=O)C=C)C#N,,0,51.8345201094,71.9107954325,100.15592033,74.63374529063333,monomer
129883324,,COC1=CC=C(C=C1)C=NC2=CC=C(C=C2)COC(=O)C=C,,1,302.687188982,440.558377532,297.212195225,346.819253913,homopoly
76340,,C=CC(=O)OCC(C(C(C(C(C(F)F)(F)F)(F)F)(F)F)(F)F)(F)F,,2,391.535726112,392.067217092,351.594058448,378.39900055066664,homopoly
21896333,,C=CC(=O)OC1(CCCC1)C2CC3CCC2O3,,2,433.185505923,469.822594764,487.153459963,463.3871868833333,homopoly
54092897,,C=CC(=O)OCCCCOC(=O)C1=CC=C(C=C1)O,,2,546.356972384,505.313619299,499.375864006,517.0154852296666,homopoly
18979455,,C=CC(=O)OCCCCCCOC1=CC=C(C=C1)C2=CC=C(C=C2)C3CCC(CC3)CCC=O,,0,374.031965913,206.289161311,262.188898348,280.8366751906667,monomer
91179,,C=CC(=O)OCC(CC(C(C(C(C(C(C(C(F)(F)F)(C(F)(F)F)F)(F)F)(F)F)(F)F)(F)F)(F)F)(F)F)O,,0,161.753968976,122.077812304,132.707384334,138.846388538,monomer
66701901,,C=CC(=O)OCCOCCOCC1=CC=CC=C1,,1,266.990728922,209.931527421,269.195480255,248.7059121993333,homopoly
4372816,,CC(=O)CC(=O)OCCOC(=O)C=C,,1,180.438951128,164.475951998,153.738333887,166.21774567100002,homopoly
29728,,C=CC(=O)OCC(CBr)Br,,0,88.1720482417,52.2445574431,81.0601895568,73.82559841386667,monomer
7819,,CC(C)COC(=O)C=C,,0,79.3183159997,40.0463241691,67.2428627556,62.20250097480001,monomer
4139468,,C=CC(=O)OC1=CC=CC(=C1)N2CC3=CC=CC=C3C2=O,,0,204.080500778,110.161028623,192.359067261,168.866865554,monomer
129762343,,C=CC(=O)OC12CCC(C1)CC2CC#N,,0,100.303932866,115.528252714,86.0652671711,100.63248425036666,monomer
139025639,,C[N@+]1(CCC2=CC(=C(C=C2[C@H]1CC3=CC(=C(C=C3)OC)OC)OC)OC)CCC(=O)OCCCCCOC(=O)C=C,,0,370.653910815,348.516672247,292.31230919,337.160964084,monomer
21251808,,CC1=CC(=O)OC2=C1C=CC(=C2)OCCOC(=O)C=C,,1,228.875710205,366.729695043,325.509755465,307.0383869043333,homopoly
57003781,,C=CC(=O)OCCC(Br)Br,,2,261.264150462,321.957755457,333.096656056,305.4395206583333,homopoly
15374706,,C=CC(=O)OC(C(C(C(C(C(C(C(F)(F)F)(F)F)(F)F)(F)F)(F)F)(F)F)(F)F)(F)F,,2,404.406112031,420.766520819,397.124871903,407.4325015843333,homopoly
57951767,,C=CC(=O)OCCOC1=CC=CC=C1CC2=CC=CC=C2,,2,570.808144481,601.613716038,700.678237142,624.3666992203333,homopoly
54514640,,C=CC(=O)OC1=CC=C(C=C1)CO,,1,187.205448843,147.031247043,219.187112634,184.47460284,homopoly
46988,,CCOCCCOC(=O)C=C,,2,288.565340688,272.110024277,310.164665694,290.2800102196666,homopoly
137530330,,CC(C)(C)N(CC1=C(C(=CC(=C1)C=O)OC)OC(=O)C=C)C(C)(C)C,,0,207.503608419,205.164874825,166.042977215,192.90382015299997,monomer
141738169,,CC1=CC(=O)NC(=N1)NC(=O)NCCCCCCNC(=O)OCCCCOC(=O)C=C,,1,452.087453686,391.561620546,425.682144698,423.11040631,homopoly
155293052,,C=CC(=O)OC1=CC=C(C=C1)/C=C/C(=O)C2=C3C=CC4=CC=CC5=C4C3=C(C=C5)C=C2,,1,823.103219223,392.914607133,563.883793892,593.3005400826668,homopoly
21918123,,CCCCCCCCCC1=CC=C(C=C1)OC(=O)C=C,,0,146.898410028,111.687315496,230.290902622,162.95887604866667,monomer
18316,,CCCCCCCCCCCCCOC(=O)C=C,,2,532.540633593,565.157256544,551.915958028,549.8712827216667,homopoly
22728778,,C=CC(=O)OCCN1C(=O)CCC1=O,,0,74.2477628085,71.0848094224,111.813889211,85.7154871473,monomer
162724249,,CC(C)(CCC1=CC=CC=C1)OC(=O)C=C,,0,133.500702853,138.802634836,89.9543597936,120.75256582753336,monomer
13847852,,CC(C)CCCCCCCCCCCCCCCCCOC(=O)C=C,,0,227.627699544,193.365594225,168.133837351,196.37571037333336,monomer
3037072,,C=CC(=O)OC1C=CC2C1C3CCC2C3,,1,230.97917019,208.833300481,209.470617208,216.4276959596667,homopoly
52991911,,C=CC(=O)OCCCCC(C(C(C(C(C(F)(F)F)(F)F)(F)F)(F)F)(F)F)(F)F,,2,453.53668119,482.384708826,479.603363864,471.84158462666664,homopoly
6658,,C=CC(=O)OC,,1,75.2391129326,73.0626095852,73.0722452023,73.79132257336666,homopoly
114868,,C=CC(=O)OC1=C(C=C(C2=C1N=CC=C2)Cl)Br,,0,85.1857852263,188.279038945,157.510729075,143.65851774876668,monomer
129714429,,CCCCC(OC(=O)C=C)F,,0,89.9278459753,47.4315797404,75.9902607411,71.11656215226667,monomer
54436609,,C=CC(=O)OCCCF,,0,44.3845852179,57.4123679615,60.6455086422,54.147487273866666,monomer
4616638,,CCCCC(CC)COCCOCCOC(=O)C=C,,0,138.37256693,144.669467765,118.312164859,133.78473318466666,monomer
81215,,C=CC(=O)OC1=CC=C(C=C1)OC(=O)C=C,,1,269.45315962,127.179707503,337.574380773,244.73574929866663,homopoly
169613,,C=CC(=O)OC1=CC=CC2=C1N=CC=C2,,0,150.626124535,55.752070242,142.664671382,116.34762205300001,monomer
23290047,,C=CC(=O)OCCOC1=CC=CC=C1C2=CC=CC=C2,,0,131.273004528,111.593905126,232.202029118,158.356312924,monomer
105376,,CC(C)(COC(=O)C=C)COC(=O)C1=CC=CC=C1,,1,263.836119353,277.920531864,251.678752147,264.478467788,homopoly
3023754,,CCCCCCCCCCCCCCCCCCCCCCCCCCCCCCCCCCCCOC(=O)C=C,,1,608.803073976,685.139893238,680.176203984,658.0397237326666,homopoly
11170937,,CC(=C)OC(=O)C=C,,0,23.6671969629,61.5230270009,86.681436773,57.290553578933334,monomer
69890866,,C=CC(=O)OC1C2CC3C1OC(=O)C3C2,,1,167.986477936,212.432622305,178.042920286,186.15400684233336,homopoly
69890866,,C=CC(=O)OC12CC3CC(CC(C3)C1)C2,,1,167.986477936,212.432622305,178.042920286,186.15400684233336,homopoly
22992681,,CC(CC1C2CC3CC(C2)CC1C3)OC(=O)C=C,,2,526.501244434,502.707779021,541.021472328,523.4101652610001,homopoly
167312926,,C=CC(=O)OCCOCCOCCNC(=O)OCC1[C@H]2[C@@H]1CCC#CCC2,,1,364.822394253,312.929545057,396.356240711,358.036060007,homopoly
3053846,,CC(=CCCC(=CCCC(=CCCC(=CCCC(=CCCC(=CCCC(=CCCC(=CCCC(=CCCC(=CCOC(=O)C=C)C)C)C)C)C)C)C)C)C)C,,1,931.219373435,983.04864468,948.859706234,954.3759081163333,homopoly
14832789,,C=CC(=O)O[C@H]1C[C@@H]2CC[C@H]1C2,,0,89.2615983347,75.253365957,89.6150701108,84.7100114675,monomer
129774010,,C=CC(=O)OC(CCCCCCCCCCCCCCCCCC)C(O)(O)OC(=O)C=C,,0,217.275431915,249.784878012,217.366731901,228.142347276,monomer
129864505,,C=CC(=O)OCC/C=C/CCCCCCCCCCC,,1,363.688599878,287.723883537,290.317860621,313.9101146786667,homopoly
58895405,,CCCCCC1CCC(CC1)C2=CC=C(C=C2)OC(=O)C=C,,0,208.55532025,134.175599017,199.222722705,180.65121399066666,monomer
113159,,CCCCNC(=O)OCCOC(=O)C=C,,0,97.7233076171,90.500871502,100.655157792,96.2931123037,monomer
2776220,,C=CC(=O)OCCC(C(C(C(C(C(F)(F)F)(C(F)(F)F)F)(F)F)(F)F)(F)F)(F)F,,0,135.65676409,80.5050148955,116.679651565,110.94714351683335,monomer
139722226,,CCCCCCC(CCCCCC)OC(=O)C=C,,2,535.795380943,563.102473174,551.185836524,550.0278968803333,homopoly
44580062,,C=CC(=O)O[C@@H](CC1=CC=CC=C1)CN2CCN(CC2)CCCN(C3=CC=C(C=C3)F)C4=CC=C(C=C4)F,,2,1009.00895873,1036.65191343,1336.80957272,1127.4901482933335,homopoly
129774974,,C=CC(=O)OC(OC(=O)C=C)(OC(=O)C=C)F,,0,107.68230864,74.4903959384,102.091396531,94.75470036979999,monomer
102232917,,CC1(COC2=CSC=C2OC1)COC(=O)C=C,,0,109.983942154,125.612182038,133.054962236,122.883695476,monomer
129696010,,C=CC(=O)OC1=CC=CC=C1C(C(C(O)(F)F)(F)F)(F)F,,2,414.634066557,431.426501761,476.379128191,440.81323216966666,homopoly
56835610,,CC(=O)NCCCCCOC(=O)C=C,,1,168.364664144,205.188856498,192.161728614,188.571749752,homopoly
2775925,,C=CC(=O)OCC1=C(C(=C(C(=C1F)F)F)F)F,,0,140.332648944,44.8037537604,91.8753733811,92.33725869516667,monomer
19761571,,C=CC(=O)OCCOCC#C,,2,301.104233114,236.109780392,308.411457463,281.87515698966666,homopoly
113159,,CCCCNC(=O)OCCOC(=O)C=C,,1,179.686772882,186.264248347,199.105832159,188.3522844626667,homopoly
89065,,CC[N+](C)(CC)CCOC(=O)C=C,,2,702.126265325,1241.74976558,1627.29170645,1190.389245785,homopoly
82224,,C=CCOCCOC(=O)C=C,,1,122.852469288,128.057832657,185.228190736,145.37949756033333,homopoly
101152230,,C[C@@]12CC[C@@H](C1)C([C@@H]2OC(=O)C=C)(C)C,,2,419.046413203,448.674826621,422.240811578,429.98735046733333,homopoly
22065604,,COCCCOC(=O)C=C,,0,80.8670883922,62.5455494075,50.6847219967,64.69911993213334,monomer
17050,,CCN(CC)CCOC(=O)C=C,,0,78.7866701615,88.623687755,81.0572484308,82.8225354491,monomer
346146,,COC1=CC=C(C=C1)COC(=O)C=C,,0,130.734229748,106.718488378,61.0626204128,99.50511284626667,monomer
102091248,,CCCCCCOC1=CC=C(C=C1)N=NC2=CC=C(C=C2)OCCCCCCOC(=O)C=C,,2,1189.77313017,1097.35798375,1115.85429513,1134.3284696833332,homopoly
168449191,,CCCCCCSSCCOC(=O)C=C,,2,489.050030234,519.713735898,461.285662139,490.01647609033336,homopoly
3022444,,CCCCCCCCCCCCCCCC(C)COC(=O)C=C,,1,363.309054089,361.542487851,347.204902773,357.35214823766665,homopoly
21318160,,CCC(C)(C)C1=CC=C(C=C1)OC(=O)C=C,,1,236.863276876,281.552251965,225.203591843,247.873040228,homopoly
129652150,,CCCCCCCC/C(=C\OC(=O)C=C)/C(=O)N,,2,493.21121316,580.416613483,504.771849458,526.1332253669999,homopoly
58999836,,CC(CC(C(F)(F)F)(C(F)(F)F)O)COC(=O)C=C,,1,168.857995376,183.599864676,191.439510117,181.29912338966665,homopoly
22235103,,C=CC(=O)OC1=CC=C(C=C1)C2=CC=C(C=C2)OC(=O)C=C,,1,318.146925418,289.838896938,505.664889265,371.2169038736667,homopoly
145994990,,C=CC(=O)OCCOC1=C2C=CC(=CC2=NC=C1)Cl,,2,643.86484573,550.370893488,579.789042353,591.341593857,homopoly
20226511,,C=CC(=O)OC1=CC=CC=C1CC2=CC=CC=C2,,0,209.149856307,88.1971653556,118.715581045,138.68753423586668,monomer
19761571,,C=CC(=O)OCCOCC#C,,1,123.240105978,140.19249579,153.778288365,139.070296711,homopoly
146014315,,C=CC(=O)OC(C(F)(F)F)(C(F)(F)F)C(Cl)(Cl)Cl,,0,103.845263056,64.742902335,92.5373424928,87.04183596126666,monomer
175956,,C=CC(=O)OCCOC(=O)CCC(=O)O,,0,103.917690773,56.5780462702,98.4415779766,86.31243833993334,monomer
57789513,,C=CC(=O)OCCCCCCCCCCS(=O)(=O)O,,2,558.699424362,522.758978473,535.352201158,538.9368679976666,homopoly
3016431,,CCCCC(C)COC(=O)C=C,,0,99.7102788174,78.3605643051,82.7959736689,86.95560559713333,monomer
3016577,,CCCCCCCCCCCCCCCCCCCC(CCCCCCCCCCCCCCCC)OC(=O)C=C,,1,664.069798087,658.364822719,645.833022092,656.0892142993333,homopoly
129854430,,CCCCCCCCCCCCCCCCOC(=O)CCOC(=O)C=C,,2,780.946269221,777.842256106,740.566761686,766.4517623376668,homopoly
117830683,,CCCCP(CCCC)(CCCC)(CCCC)OC(=O)C=C,,0,168.863276214,205.024543589,182.927614862,185.60514488833334,monomer
251817,,CC1=CC=CC=C1OC(=O)C=C,,1,132.880271681,199.662376907,203.677600033,178.74008287366667,homopoly
91757807,,C=CC(=O)OCCOCCOCCOCCOCCOCCOCCOCCOCCOCCOCCOCCN,,1,519.227848149,528.410482943,541.772119336,529.803483476,homopoly
58231738,,CC1=CC(=C(C(=C1)C2=CC=CC3=C2SC4=CC=CC=C34)OC(=O)C=C)C5=CC=CC6=C5SC7=CC=CC=C67,,2,1220.98240288,1461.42468659,1284.93596602,1322.4476851633333,homopoly
18372055,,C=CCCCCOC(=O)C=C,,2,317.183215964,327.255535145,292.316720237,312.25182378200003,homopoly
518439,,CCCCOC(=O)C(C)OC(=O)C=C,,1,196.327005097,178.587153472,172.946055772,182.62007144700002,homopoly
15390035,,C=CC(=O)OCCCCCCOC1=CC=C(C=C1)O,,1,299.621897469,224.556296053,299.826637915,274.66827714566665,homopoly
58231716,,C=CC(=O)OC1=C(C=C(C2=C1SC3=CC=CC=C32)C4=CC=CC5=C4SC6=CC=CC=C56)C7=CC=CC8=C7SC9=CC=CC=C89,,2,1607.34555244,1962.82636039,1713.69547623,1761.2891296866667,homopoly
129845937,,CCOC(COCCOCCO)(O)OC(=O)C=C,,0,91.5232550208,106.227462642,132.524347403,110.09168835526668,monomer
16205839,,C=CC(=O)OCC(COC1=C(C=CC=C1Br)Br)O,,1,282.911333481,320.910345368,167.080873439,256.9675174293333,homopoly
11211,,C=CC(=O)OCC(C(C(C(C(C(F)(F)F)(F)F)(F)F)(F)F)(F)F)(F)F,,1,177.824037947,208.147126637,166.960299044,184.31048787600002,homopoly
81765,,CCCCOCCOCCOC(=O)C=C,,2,407.411987135,399.782755954,405.54422943,404.246324173,homopoly
69286003,,CC1=CC(=C(C=C1)N(C2=CC=C(C=C2)C3=CC=C(C=C3)CCOC(=O)C=C)C4=C(C=C(C=C4C)C)C)C,,1,648.620235171,549.213195486,882.57494361,693.469458089,homopoly
114868,,C=CC(=O)OC1=C(C=C(C2=C1N=CC=C2)Cl)Br,,1,270.093094491,302.495111699,289.395903385,287.32803652499996,homopoly
3023750,,CCCCCCCCCCCCCCCCCCCCCCCCCCCCCCOC(=O)C=C,,1,586.553885825,523.818465405,585.426582945,565.2663113916666,homopoly
14693001,,C=CC(=O)OCCOC1CC2CCC1C2,,0,113.909827627,90.5006107984,102.775745403,102.39539460946666,monomer
81490,,CCC(CO)(CO)COC(=O)C=C,,2,336.893829203,342.322149322,323.998481851,334.40482012533334,homopoly
129848039,,C=CC(=O)OC(=O)C1=C(C(=CC(=C1)[N+](=O)[O-])[N+](=O)[O-])CCO,,0,61.7084948854,160.316732686,199.539659832,140.52162913446668,monomer
13847848,,CC(C)CCCCCCCCCCCCCOC(=O)C=C,,2,642.478243353,640.982550381,660.735500911,648.0654315483334,homopoly
118536003,,CCC(C(C1=CC=CC=C1)(C2=CC=CC=C2)C3=CC=CC=C3)OC(=O)C=C,,2,808.041160212,866.834930249,878.045383364,850.9738246083333,homopoly
66357,,C=CC(=O)OCCOc1ccccc1,,2,376.857886307,352.097342452,459.003069887,395.9860995486667,homopoly
16206038,,CC(COCC(COCC(C)OC(=O)C=C)OCC(C)O)O,,0,129.299293027,143.050998419,154.563281708,142.30452438466668,monomer
53685801,,CCC=COC(=O)C=C,,2,244.090353513,291.589276888,266.416069407,267.3652332693333,homopoly
23132660,,CC(C)CC1(OCC(O1)COC(=O)C=C)C,,1,227.01084594,203.71634231,211.885998433,214.20439556099998,homopoly
164510984,,C=CC(=O)OC(C)(C)CCc1ccccc1,,0,89.1137813856,126.343512207,127.411190205,114.2894945992,monomer
19098705,,C=CC(=O)OCCCC(C(C(C(C(C(F)(F)F)(F)F)(F)F)(F)F)(F)F)(F)F,,1,230.824755397,201.419709067,219.81000456,217.35148967466668,homopoly
133188422,,C=CC(=O)ON(OC(=O)C=C)OC(=O)C=C,,1,196.05261581,178.284656077,196.14529116,190.160854349,homopoly
58231725,,C=CC(=O)OC1=C(C2=C(C=C1)C=C(C=C2)C3=CC=CC4=C3SC5=CC=CC=C45)C6=CC=CC7=C6SC8=CC=CC=C78,,1,714.876081848,780.793811682,925.298005666,806.989299732,homopoly
22235103,,C=CC(=O)OC1=CC=C(C=C1)C2=CC=C(C=C2)OC(=O)C=C,,0,73.179716707,252.667573186,250.880969645,192.24275317933333,monomer
23070534,,C=CC(=O)OC(CSC1=CC=CC=C1)CSC2=CC=CC=C2,,2,854.750980178,776.102170728,554.057369301,728.3035067356667,homopoly
10130166,,CC(C)(C)NCCOC(=O)C=C,,2,309.668827622,346.682093263,335.769452129,330.7067910046667,homopoly
20243842,,C=CC(=O)OC(C1=CC=CC=C1)[N+](=O)[O-],,2,411.794832646,324.11984983,434.553629657,390.1561040443333,homopoly
102248214,,C=CC(=O)OCC([N+](=O)[O-])(F)F,,0,60.532818581,44.3554256905,71.4671829077,58.78514239306667,monomer
11211,,C=CC(=O)OCC(C(C(C(C(C(F)(F)F)(F)F)(F)F)(F)F)(F)F)(F)F,,0,115.526431426,76.3479643179,86.1220945493,92.6654967644,monomer
145796951,,C=CC(=O)OC(O)(CO)C(O)(OC(=O)C=C)OC(=O)C=C,,0,127.440395692,126.917911332,99.1085163559,117.82227445996666,monomer
132277090,,CCN(CC)CC1=C(C(=CC(=C1)C=O)OC)OC(=O)C=C,,0,160.533689909,194.035428919,121.386552477,158.651890435,monomer
11058231,,C=CC(=O)OCCOCCOCCOCCOCCOCCOC(=O)C=C,,2,647.191575184,719.481953422,688.720018621,685.131182409,homopoly
9989898,,C=CC(=O)OC1=CC=CC=C1Cl,,2,316.059224805,342.1167184,414.339504206,357.505149137,homopoly
129866931,,C=CC(=O)OC(O)(OC(=O)C=C)C(O)CO,,2,329.697918944,375.882162469,364.830016033,356.80336581533334,homopoly
19861678,,CCCCOCCOCCOCCOC(=O)C=C,,1,245.383813818,240.730207089,230.093814554,238.73594515366668,homopoly
21649872,,C=CC(=O)OCC1=CC=NC=C1,,1,147.525839971,213.857906394,127.815027921,163.06625809533332,homopoly
19989416,,C=CC(=O)ON1CCOCC1,,2,293.09200134,254.185838391,279.784159726,275.68733315233334,homopoly
129847129,,C=CC(=O)OC1=CC2=C(C=C1)C3(C4=CC=CC=C4C(=O)O3)C5=CC=CC=C5O2,,0,201.664718621,180.537601585,284.483019625,222.22844661033332,monomer
21889445,,C=CC(=O)OC1CC(=O)OC1,,2,231.049871611,248.030200187,287.7147635,255.59827843266666,homopoly
71487920,,CC(C)C1=CC2=C(C=C1)C3(C(=O)C4=CC=CC=C4C3(O2)OC(=O)C=C)O,,1,424.295492309,371.948867596,347.674837857,381.30639925400004,homopoly
19861678,,CCCCOCCOCCOCCOC(=O)C=C,,0,120.8229364,122.256102597,108.311714379,117.13025112533334,monomer
543285,,CCCCCCCCCCCCCC(C)OC(=O)C=C,,1,313.940859747,289.610262205,324.146124549,309.23241550033333,homopoly
17853765,,CCCCCCCC(CC)OC(=O)C=C,,2,432.302259236,464.369752022,456.344514068,451.005508442,homopoly
44717649,,C=CC(=O)OCCCCCC(C(C(C(C(C(F)(F)F)(F)F)(F)F)(F)F)(F)F)(F)F,,0,115.875607787,120.022367893,135.540318172,123.81276461733334,monomer
12391804,,C=CC(=O)Oc1ccc2ccc(=O)oc2c1,,0,137.703382804,45.5472469449,192.657070085,125.3025666113,monomer
131697901,,C=CC(=O)OC1=CC(=CC(=C1)C(F)(F)F)C(F)(F)F,,0,111.115294896,42.6414313166,148.539234918,100.76532037686667,monomer
2782282,,C=CC(=O)OC(C)(C)C,,2,237.778761747,258.086418824,239.6641475,245.17644269033335,homopoly
77920,,CC(C)CCOC(=O)C=C,,0,79.7288714807,49.056328927,83.4506819043,70.745294104,monomer
122513490,,C=CC(=O)OCCC(=O)N1C[C@H]2CN(C(=O)[C@H]2C1)C3=CC=CC4=C3C=NN4C5=CC=CC=C5F,,1,640.704542042,578.361535704,313.333945413,510.8000077196666,homopoly
92001635,,C=CC(=O)OC(CC(C(C(C(C(C(F)(F)F)(F)F)(F)F)(F)F)(F)F)(F)F)CO,,2,436.576556172,429.01096386,481.655615066,449.0810450326667,homopoly
132275594,,CN(C)CC1=C(C(=CC(=C1)C=O)OC)OC(=O)C=C,,2,622.676575723,516.00422537,576.984259883,571.8883536586667,homopoly
170900921,,C=CC(=O)OCCCCN1C=NC2=C(N=C(N=C21)N)N,,2,552.747750459,413.30585591,619.458423634,528.504010001,homopoly
93359,,C=CC(=O)OCCOC1CC2CC1C3C2C=CC3,,0,139.062536001,93.3689965143,142.226251204,124.88592790643334,monomer
14454815,,C=CC(=O)OC1CCCO1,,2,268.809978522,229.755476094,250.685813631,249.750422749,homopoly
102091248,,CCCCCCOC1=CC=C(C=C1)N=NC2=CC=C(C=C2)OCCCCCCOC(=O)C=C,,1,533.803706548,1043.0329466,307.648412565,628.161688571,homopoly
23635602,,CCCCCCCC1=CC=C(C=C1)OC(=O)C=C,,2,434.355202499,627.739568133,587.716465814,549.9370788153334,homopoly
7636,,CCCCC(CC)COC(=O)C=C,,0,113.119186819,91.2847065995,85.2830958561,96.56232975820001,monomer
11170937,,CC(=C)OC(=O)C=C,,1,103.009901827,111.342449047,113.091470091,109.14794032166667,homopoly
20474861,,CC(C)COC(C)OC(=O)C=C,,2,333.730818973,324.63856965,319.055499586,325.8082960696667,homopoly
81865,,C=CC(=O)OCC(C(F)F)(F)F,,2,215.672374346,217.747407115,222.874770893,218.76485078466666,homopoly
87150,,C=CC(=O)OCCC(C(F)(F)F)(F)F,,2,257.843795266,228.236600466,268.771196845,251.61719752566668,homopoly
585841,,CC1(C2CCC1(C(C2OC(=O)C=C)OCC3=CC=CC=C3)C)C,,0,215.329426235,167.196138162,126.480877696,169.668814031,monomer
11083924,,C=CC(=O)OCCS,,2,221.479664214,217.4567187,219.508158042,219.481513652,homopoly
11959825,,C=CC(=O)OC1CCOC1=O,,1,133.114184643,108.399324612,137.519171464,126.34422690633333,homopoly
75873,,CCCCCCCCCOC(=O)C=C,,1,205.552697543,215.110810587,201.562696027,207.408734719,homopoly
105249,,C=CC(=O)OCCN(CCOC(=O)C=C)C=O,,2,462.556946906,453.970060874,367.735761666,428.08758981533333,homopoly
543931,,C=CC(=O)OCCCC=C1CC1,,2,352.65499339,329.32085355,384.069397051,355.3484146636667,homopoly
3051373,,C[C@]12CC[C@H]3[C@H]([C@@H]1CC[C@H]2C(=O)COC(=O)C=C)CCC4=CC(=O)CC[C@]34C,,1,413.386517229,445.862908681,401.795474541,420.3483001503334,homopoly
22114509,,CCCC(C)(C)OC(=O)C=C,,1,163.454089195,156.961000049,147.592481087,156.00252344366666,homopoly
21646008,,CCCOOC(=O)C=C,,2,240.056099486,247.948373219,222.522960539,236.842477748,homopoly
16680,,CC(C)(COC(=O)C=C)COC(=O)C=C,,2,380.160611046,406.830708835,416.635900924,401.20907360166666,homopoly
19899675,,CCCC(OC(=O)C=C)Br,,2,272.029441196,299.323766134,311.884702793,294.41263670766665,homopoly
85552495,,COC1=CC=C(C=C1)N=NC2=CC=C(C=C2)OCCOC(=O)C=C,,2,1041.83096736,923.672634419,731.725450111,899.07635063,homopoly
131718422,,C=CC(=O)OC1C[C@H]2CC[C@]1(C)C2(C)C,,2,418.167181437,443.524829427,433.439780698,431.71059718733335,homopoly
21895357,,CCCCOC(=O)CCOC(=O)C=C,,2,344.679729438,352.149607454,399.308084366,365.3791404193333,homopoly
21872246,,C=CC(=O)OCCOC1=CC=CC2=CC=CC=C21,,2,586.103394376,452.609047775,573.183755221,537.2987324573334,homopoly
87149,,C=CC(=O)OCCC(C(C(C(C(C(F)(F)F)(F)F)(F)F)(F)F)(F)F)(F)F,,1,196.661597684,193.491730144,213.165058072,201.10612863333333,homopoly
22177432,,COC1=CC(=CC=C1)OC(=O)C=C,,0,23.9452041722,140.611538158,117.971315126,94.17601915206666,monomer
118012601,,COCCOCCOCCOCCOCCOCCOCCOCCOCCOCCOCCOCCOC(=O)C=C,,2,1104.59378591,1093.62596561,1041.67422156,1079.9646576933335,homopoly
22065604,,COCCCOC(=O)C=C,,1,132.19662894,126.331165639,128.140053541,128.88928270666665,homopoly
105448,,CN(CCOC(=O)C=C)S(=O)(=O)C(C(C(C(C(F)(F)F)(F)F)(F)F)(F)F)(F)F,,1,251.421689694,302.677284301,248.467938821,267.522304272,homopoly
77066,,C=CC(=O)OCCC1=CC=CC=C1,,1,211.045973928,158.038730905,187.471511314,185.51873871566667,homopoly
168442280,,C=CC(=O)OCCC(=O)N1CCC[C@H](C1)N2C3=NC=NC(=C3C(=N2)C4=CC=C(C=C4)OC5=CC=CC=C5)N,,2,1197.3769051,1430.75277134,928.382548841,1185.5040750936666,homopoly
67889,,C=CC(=O)OCC(F)(F)F,,2,184.57503836,179.617805807,185.939674765,183.3775063106667,homopoly
59992627,,C=CC(=O)OCCOCCC(=O)ON1C(=O)CCC1=O,,2,454.841655,485.162643437,479.169923346,473.0580739276667,homopoly
129774010,,C=CC(=O)OC(CCCCCCCCCCCCCCCCCC)C(O)(O)OC(=O)C=C,,1,456.392378327,474.167352254,456.869848958,462.47652651299995,homopoly
21403530,,CCC(=O)OCCOC(=O)C=C,,0,93.9201360878,48.152866648,83.434534569,75.1691791016,monomer
129735866,,C=CC(=O)OC1=C2C=C3C=CC(=N3)C=C4C=CC(=N4)C=C5C=CC(=CC(=C1)N2)N5,,2,1748.57470765,816.046142277,1664.45757925,1409.6928097256666,homopoly
93013,,C[C@]12CC[C@H](C1(C)C)CC2OC(=O)C=C,,1,223.372341536,204.533131984,219.899039564,215.93483769466664,homopoly
88543247,,CC(C)(C)OC(=O)NCCOCCOC(=O)C=C,,0,142.966272907,86.1284411485,114.863627566,114.65278054049999,monomer
544160,,CC1(C2CCC1(C(C2)OC(=O)C=C)C)C,,1,214.068276247,222.468142126,205.937050063,214.15782281199998,homopoly
109856,,CN(CCCCOC(=O)C=C)S(=O)(=O)C(C(C(C(C(C(F)(F)F)(F)F)(F)F)(F)F)(F)F)(F)F,,0,147.208293551,153.415443422,168.876602993,156.500113322,monomer
76709,,C=CC(=O)OC1=CC=C(C=C1)O,,1,194.58263862,95.9506593219,210.7235457,167.0856145473,homopoly
70029087,,C=CC(=O)OC1=CC=C(C2=CC=CC=C21)C=NNC(=O)C3=CC(=C(C=C3)O)Cl,,1,275.693961167,595.390002368,605.465437868,492.183133801,homopoly
13225029,,CCC(C)(C)OC(=O)C=C,,2,295.671449323,291.114832564,252.966653464,279.91764511699995,homopoly
44145593,,C=CC(=O)OCC(CO)(CO)COCC(CO)(CO)CO,,2,517.265659382,504.93950442,485.368024881,502.5243962276666,homopoly
69837073,,C=CC(=O)OC1=CC=NN1,,2,284.368868507,157.094267072,301.169055877,247.54406381866667,homopoly
69837073,,C=CC(=O)OC1=CC=NN1,,1,60.2344855193,123.537690376,194.068682353,125.94695274943335,homopoly
105237,,CN(CCOC(=O)C=C)S(=O)(=O)CC(C(C(C(C(C(C(C(C(C(F)(F)F)(F)F)(F)F)(F)F)(F)F)(F)F)(F)F)(F)F)(F)F)(F)F,,1,405.110573728,331.513380455,403.940957858,380.1883040136667,homopoly
129712286,,C=CC(=O)OCCCCCCCCCCCCCCS(=O)(=O)O,,2,684.842155036,676.495639474,624.765310006,662.0343681720001,homopoly
19706376,,C=CC(=O)OC1CCC(CC1)C2=C(C(=CC=C2)F)F,,0,116.603298506,119.64315743,155.9147873,130.720414412,monomer
131697901,,C=CC(=O)OC1=CC(=CC(=C1)C(F)(F)F)C(F)(F)F,,1,178.067940093,246.423886465,170.172542499,198.22145635233335,homopoly
108956,,C=CC(=O)OCC(CO)(COCC(COC(=O)C=C)(COC(=O)C=C)COC(=O)C=C)COC(=O)C=C,,2,966.79894079,829.77257395,1052.2593913,949.6103020133334,homopoly
2776194,,C=CC(=O)OCCC(C(C(C(F)(F)F)(C(F)(F)F)F)(F)F)(F)F,,0,108.418725113,79.5451252436,84.0411345182,90.6683282916,monomer
577100,,CC1CCC(C(C1)OC(=O)C=C)C(C)(C)C2=CC=CC=C2,,0,193.007346745,117.226524545,162.8004358,157.67810236333335,monomer
162078,,CCCCCCCCCCCCCCCCCCCCOC(=O)C=C,,1,362.243318944,405.827214787,415.630813815,394.5671158486667,homopoly
10444551,,C=CC(=O)OCCN1C(=O)C2=CC=CC=C2C1=O,,2,447.081522899,530.602731076,472.568791861,483.4176819453334,homopoly
11630244,,CC(C)CCCCCCCCCCOC(=O)C=C,,2,568.594397832,533.706428377,556.886277416,553.062367875,homopoly
109961,,CCN(CCOC(=O)C=C)S(=O)(=O)C(C(C(C(C(F)(F)F)(F)F)(F)F)(F)F)(F)F,,2,589.274205166,568.0797623,548.494571429,568.6161796316667,homopoly
59502627,,C=CC(=O)OC1=C2C=CC=CC2=NC3=CC=CC=C31,,1,402.263270534,309.824511375,272.830092768,328.30595822566664,homopoly
22400639,,C=CC(=O)OCC1=C2C=CC=NC2=C(C=C1)O,,1,211.616411079,243.778443979,277.34863705,244.24783070266665,homopoly
20550278,,CCOC(C)OC(=O)C=C,,0,57.4449760577,70.1591394804,67.1393535474,64.91448969516667,monomer
44457096,,CC(=O)OCC([C@@H]1[C@@H]([C@H]2[C@@H](O1)OC(O2)(C)C)OC(=O)C=C)OC(=O)CCC(=O)N[C@H]3C4N(C3=O)[C@H](C(S4)(C)C)C(=O)O,,1,571.35206896,540.545734734,475.351757204,529.083186966,homopoly
13049940,,CC(=O)C1=CC=C(C=C1)OC(=O)C=C,,1,181.656605431,277.622797423,174.421201777,211.233534877,homopoly
76599744,,C=CC(=O)OCC=CC(C(F)(F)F)(C(F)(F)F)F,,1,162.894783504,182.760785165,160.777642489,168.81107038599998,homopoly
58319698,,C=CC(=O)OCCC(=O)ON1C(=O)CCC1=O,,0,103.139480929,82.8704193211,115.570521062,100.52680710403332,monomer
19706372,,C=CC(=O)OC1CCC(CC1)C2=CC=CC=C2,,2,481.190272144,508.423301905,549.917952795,513.1771756146667,homopoly
67921,,CCN(CCOC(=O)C=C)S(=O)(=O)C(C(C(C(C(C(C(C(F)(F)F)(F)F)(F)F)(F)F)(F)F)(F)F)(F)F)(F)F,,0,175.987272789,127.564593294,215.736309929,173.09605867066668,monomer
81862,,CCN(CCOC(=O)C=C)C1=CC(=C(C=C1)N=NC2=CC(=C(C=C2Cl)Cl)Cl)C,,1,560.726002409,622.986005864,426.580453102,536.7641537916667,homopoly
3016467,,COCCOCCOCCOC(=O)C=C,,2,397.453720573,382.20341662,374.059506417,384.57221453666665,homopoly
121005771,,CC1=CC=CC=C1N2CC3=C(C=CC(=C3)OC(=O)C=C)OC2,,2,599.071836088,845.484880984,622.602010949,689.0529093403334,homopoly
54457440,,CC(C)(C)C(OC(=O)C=C)Br,,1,160.310939646,159.918042896,160.824925417,160.35130265300003,homopoly
3014768,,C=CC(=O)OCCN=C=O,,1,121.571425155,100.094092526,112.602955976,111.42282455233332,homopoly
129762053,,C=CC(=O)Oc1nn[nH]n1,,1,110.938247488,106.950907949,110.307745931,109.39896712266666,homopoly
54152861,,C=CC(=O)OCCOCCOCCC#N,,1,184.369470653,196.508931154,181.050450556,187.30961745433333,homopoly
17861479,,C=CC(=O)OC1(CC)CCCC1,,0,95.47580507,74.7996998558,85.4595636668,85.24502286420001,monomer
21987925,,C=CC(=O)OCC1CS1,,1,117.722687209,123.438735941,141.37579357,127.51240557333335,homopoly
11689422,,C=CC(=O)OC[C@@H](C(=O)O)N,,0,46.5374401967,71.5906296119,67.0576270853,61.7285656313,monomer
3022439,,CCCCCCCCCCC(C)COC(=O)C=C,,0,149.249185787,108.971128897,157.63997996,138.62009821466665,monomer
90375204,,CCCCCCCCCCCCSSCCOC(=O)C=C,,1,344.026910006,316.262497965,387.965644245,349.4183507386667,homopoly
154733041,,C=CC(=O)OCCO[N+](=O)[O-],,2,225.169975488,234.467720937,240.951690462,233.529795629,homopoly
129879867,,C=CC(=O)OC1=CC=C(C=C1)N=CC2=CC=C(C=C2)[N+](=O)[O-],,2,750.750478416,891.752599041,538.862867193,727.12198155,homopoly
69233288,,C=CC(=O)OC1=CC(=CC2=C1N(C3=C2C=C(C=C3)Cl)CCO)Cl,,0,232.208621099,44.6726761291,326.224746203,201.0353478103667,monomer
67732070,,C=CC(=O)OCCCCCCCCCCCOC1=CC=C(C=C1)C2=CC=C(C=C2)C#N,,1,471.767138146,759.892318934,348.474507299,526.7113214596666,homopoly
89485934,,CCC(C)(OC(=O)CCOC(=O)C=C)Br,,1,196.816260433,210.956637649,209.725093597,205.83266389300002,homopoly
129673036,,CCCCCC(O)(OC)OC(=O)C=C,,2,370.46365458,361.909550053,373.925555835,368.76625348933334,homopoly
129851391,,C=CC(=O)OC1=CC(=CC2=C1N(C3=C2C=C(C=C3)I)CCO)I,,2,1086.15735361,454.861918785,1112.60315472,884.5408090383334,homopoly
21888930,,C=CC(=O)OOC1=CC=CC=C1,,2,262.669709701,371.187994477,360.076267595,331.3113239243333,homopoly
129851430,,CC(C1=C(C2=C(C=C1)C3=CC=CC=C3C2)OC(=O)C=C)O,,2,822.529215738,734.264522055,545.49590541,700.763214401,homopoly
129860702,,CCCCCCCCCCCCSC(=S)SC(C)C(=O)OCCOC(=O)C=C,,1,490.787618697,406.602168806,485.55924909,460.9830121976667,homopoly
15722985,,C=CC(=O)OCCCCl,,1,121.442747269,145.747650381,93.5500620147,120.24681988823335,homopoly
86741359,,C=CC(=O)OCCN(CC)CC,,0,88.3711924281,60.5971221169,103.196816817,84.05504378733333,monomer
11689422,,C=CC(=O)OC[C@@H](C(=O)O)N,,2,230.383454048,243.321419315,261.95250596,245.219126441,homopoly
88157728,,C=CC(=O)OC(=O)[C@H](CO)N,,2,270.132083057,212.618556697,263.518843026,248.75649425999998,homopoly
102223599,,C=CC1=C(C=C(C=C1)O)OC(=O)C=C,,2,550.154491812,374.304434855,370.617278144,431.6920682703333,homopoly
86736827,,CCC(C)(NC(=O)NCC)OOC(=O)C=C,,0,109.011679591,107.945169659,95.1063466307,104.02106529356666,monomer
118677,,C=CC(=O)OCCC(C(C(C(C(C(C(C(C(C(C(C(F)(F)F)(F)F)(F)F)(F)F)(F)F)(F)F)(F)F)(F)F)(F)F)(F)F)(F)F)(F)F,,0,167.172547672,144.892066251,168.647002776,160.23720556633336,monomer
163752588,,C=CC(=O)OC1=CC2=C(C=C1)SC(=O)O2,,2,345.38811463,542.54176169,406.069185173,431.33302049766667,homopoly
107300,,C=CC(=O)OCC1CCC=CO1,,1,145.98144017,164.002084004,163.898066048,157.960530074,homopoly
4139468,,C=CC(=O)OC1=CC=CC(=C1)N2CC3=CC=CC=C3C2=O,,2,393.973733538,840.402781415,822.239008425,685.5385077926667,homopoly
20963,,C=CC(=O)OCCBr,,1,129.216364131,113.08833748,92.0629279023,111.45587650443333,homopoly
20077225,,C=CC(=O)OCC(F)F,,0,54.169284949,20.1923450818,64.4179807414,46.259870257399996,monomer
22999312,,C=CC(=O)OC1=CC=C(C2=CC=CC=C21)C=O,,2,482.058695475,439.24348159,640.721975508,520.6747175243333,homopoly
545786,,CC(C)(C)C1=CC(=CC(=C1O)C(C)(C)C)CCCCOC(=O)C=C,,1,358.14472804,356.19808309,391.029204534,368.45733855466665,homopoly
66647127,,C=CC(=O)OC1=CC=CC2=C1NC3=CC=CC=C23,,0,100.756563787,123.223744644,231.305081632,151.76179668766667,monomer
129767522,,C=CC(=O)OC1=CC2=CC=CC=C2OC1,,0,192.803720783,54.1456036381,116.340866924,121.09673044836666,monomer
544160,,CC1(C2CCC1(C(C2)OC(=O)C=C)C)C,,2,407.691572117,476.903985396,409.535975015,431.3771775093333,homopoly
74692,,CCN(CCOC(=O)C=C)S(=O)(=O)C(C(C(C(C(C(F)(F)F)(F)F)(F)F)(F)F)(F)F)(F)F,,1,318.72256072,330.815871993,270.555379029,306.69793724733336,homopoly
141170139,,C=CC(=O)OCCC(C1=CC=CC=C1)C2=CC=CC=C2,,2,627.857178571,588.847528377,583.391375222,600.03202739,homopoly
544156,,C=CC(=C)CCCCOC(=O)C=C,,1,203.023538538,225.440440861,155.557874738,194.673951379,homopoly
102596112,,CCCCCC(CCCCC)OC(=O)C=C,,1,242.082016081,225.701444523,255.786536403,241.18999900233334,homopoly
85975705,,CCCCCOC1=CC=C(C=C1)N=NC2=CC=C(C=C2)OC(=O)C=C,,1,413.512373822,388.44584691,417.720355147,406.559525293,homopoly
3019629,,CC(C1=CC=CC=C1[N+](=O)[O-])OC(=O)C=C,,1,196.290134318,188.892368951,247.902888786,211.02846401833335,homopoly
12353532,,C=CC(=O)OC1=C(C=C(C=C1)Cl)Cl,,0,189.223802649,113.102533187,6.13705099185,102.82112894261667,monomer
57548328,,CCCCOCC1=CC=C(O1)COC(=O)C=C,,0,94.5520971211,133.29534555,122.563862369,116.8037683467,monomer
81490,,CCC(CO)(CO)COC(=O)C=C,,0,79.996668356,97.1530194874,72.7354070967,83.2950316467,monomer
18979484,,C=CC(=O)OCCCCCCOC1=CC=C(C=C1)C2=CC=C(C=C2)C3CCC(CC3)CCCS(=O)(=O)C(F)(F)F,,0,401.147173074,258.046628612,287.720422364,315.63807468333334,monomer
58454459,,C=CC(=O)OCCCC(C(C(C(F)(F)F)(F)F)(F)F)(F)F,,1,178.481408198,174.351188521,190.404803856,181.079133525,homopoly
86631897,,CS(=O)(=O)OC12CC3CC(C1)CC(C3)(C2)OC(=O)C=C,,2,498.215406494,576.556288948,588.024430648,554.2653753633334,homopoly
18696725,,CC(C(C(C(C(C(OC(=O)C=C)(F)F)(F)F)(F)F)(F)F)(F)F)(F)F,,0,100.291887179,82.3852340057,91.9636662959,91.54692916020001,monomer
10421594,,CC(C(C(OC(=O)C=C)(F)F)(F)F)(F)F,,0,45.3629739344,57.9256651806,90.0809571002,64.45653207173332,monomer
53422786,,CC(C)(C)C(C)(C)OC(=O)C=C,,2,357.053172421,333.464263498,339.837476703,343.4516375406667,homopoly
59005029,,CC(COC(=O)C=C)OC(=O)CCCCCBr,,2,568.318654549,448.971389655,434.142300072,483.81078142533335,homopoly
8821,,CCOC(=O)C=C,,0,69.1046139219,45.8471125182,24.9439619387,46.63189612626667,monomer
54484930,,CC(=O)NCOC(=O)C=C,,2,265.587092179,245.415288526,205.18836244,238.73024771500002,homopoly
7234,,C=CC(=O)OCC1CC2CC1C=C2,,1,195.972417898,170.128551086,169.80980522,178.63692473466668,homopoly
23572123,,C=CC(=O)OC1CC2CC1C1CCCC21,,0,113.94044746,132.434065664,77.6501650537,108.00822605923334,monomer
129714184,,CC(=CCOC(=O)C=C)Cl,,1,110.827734091,147.32733172,159.87875371,139.344606507,homopoly
136155102,,CC1=CC(=O)NC(=N1)NC(=O)NCCCCCCNC(=O)OCCOC(=O)C=C,,2,780.915339204,807.321454771,662.235369746,750.157387907,homopoly
19598189,,CC(=O)OC1=CC=C(C=C1)COC(=O)C=C,,0,93.1787168593,110.877462209,128.216745857,110.75764164176667,monomer
58048850,,C=CC(=O)OC(COC1=CC2=CC=CC=C2C=C1)COC3=CC4=CC=CC=C4C=C3,,1,487.413064513,555.559547582,451.145169702,498.039260599,homopoly
18952360,,CN(C)C1=NC=NC2=C(C=CC(=C21)Cl)OC(=O)C=C,,0,256.464379132,46.1752278344,169.176208848,157.2719386048,monomer
108608,,C=CC(=O)OCCOC(=O)NC1=CC=CC(=C1)CN=C=O,,2,549.900224377,615.928415892,493.60175775,553.1434660063334,homopoly
13782846,,CC(N(C)C)OC(=O)C=C,,1,132.300573903,133.879846746,136.737802757,134.30607446866665,homopoly
3022436,,CCCCCCCC(C)COC(=O)C=C,,2,425.543027647,462.657589792,449.6021294,445.93424894633335,homopoly
131697901,,C=CC(=O)OC1=CC(=CC(=C1)C(F)(F)F)C(F)(F)F,,2,490.425141129,307.453705492,390.42671094,396.10185252033335,homopoly
117830683,,CCCCP(CCCC)(CCCC)(CCCC)OC(=O)C=C,,2,784.028327579,690.372955986,771.466731605,748.6226717233334,homopoly
25644,,C=CC(=O)OCCCCCCOC(=O)C=C,,1,226.571348917,218.813400387,203.239888407,216.20821257033333,homopoly
85887894,,C=CC(=O)OCCNC1=CC=C(C2=NON=C12)[N+](=O)[O-],,0,151.962836653,93.5250450457,169.415908943,138.30126354723333,monomer
18667925,,CC1=CC=CC=C1OCCOC(=O)C=C,,0,114.49691908,65.2650537233,144.777237686,108.17973682976667,monomer
23635724,,CCCOC(=O)C1=CC=C(C=C1)OC(=O)C=C,,0,153.538143353,81.8979276268,143.174676452,126.20358247726666,monomer
139896562,,C=CC(=O)OCCCCCCl,,0,82.0112876708,47.8545751857,104.148275354,78.00471273683333,monomer
104368,,C=CC(=O)OCCC(C(C(C(C(C(C(C(C(C(C(C(F)(F)F)(C(F)(F)F)F)(F)F)(F)F)(F)F)(F)F)(F)F)(F)F)(F)F)(F)F)(F)F)(F)F,,1,375.159733809,323.479456895,306.738221429,335.12580404433334,homopoly
129760090,,COC1=CC2=C(C=C1)N=C(C=C2[C@H]([C@@H]3CC4CCN3C[C@@H]4C=C)O)OC(=O)C=C,,1,467.813556485,426.074171484,430.793163984,441.56029731766665,homopoly
71309119,,CCCCOC(=O)[13CH]=C,,0,78.7602473754,35.6508845498,71.4013907856,61.93750757026667,monomer
67732070,,C=CC(=O)OCCCCCCCCCCCOC1=CC=C(C=C1)C2=CC=C(C=C2)C#N,,2,994.063122678,1089.76590105,997.533063184,1027.1206956373333,homopoly
133550465,,C[C@@]12CCC3C([C@H]1CC[C@H]2C(=O)COC(=O)C=C)CCC4=CC(=O)CC[C@@]34C,,2,804.255809199,835.689147234,858.228845378,832.7246006036667,homopoly
86619238,,C=CC(=O)OCC(F)(F)C(F)C(F)(F)F,,1,118.061429028,147.851394363,116.286818574,127.399880655,homopoly
16541,,CCCCCCCCCCOC(=O)C=C,,2,423.334653855,490.704504059,438.180005905,450.739721273,homopoly
121642,,CC(C)(COC(=O)C=C)COC(=O)C(C)(C)COC(=O)C=C,,0,147.483390855,142.34640353,150.070573007,146.63345579733334,monomer
163201124,,CC(=O)N[C@H]1CCC2=CC(=C(C(=C2C3=CC=C(C(=O)C=C13)OC)OC)OC(=O)C=C)OC,,0,350.953869189,232.598768233,217.223358762,266.92533206133334,monomer
2775925,,C=CC(=O)OCC1=C(C(=C(C(=C1F)F)F)F)F,,1,114.430933494,202.889651291,235.36731225,184.22929901166665,homopoly
551273,,C=CC(=O)OCCC(C)C,,0,80.8864311274,83.6086165793,47.2770822852,70.59070999730001,monomer
168438756,,CCNC1=CC2=C(C=C1C)C3(C4=CC=CC=C4C(=O)N3CCOC(=O)C=C)C5=C(O2)C=C(C(=C5)C)N(CC)CCOC(=O)C=C,,0,385.382511173,382.577234744,312.160592371,360.04011276266664,monomer
132275594,,CN(C)CC1=C(C(=CC(=C1)C=O)OC)OC(=O)C=C,,1,411.232642043,147.86516014,306.629157623,288.57565326866666,homopoly
57198481,,C=CC(=O)OCC(C)OC(=O)C=C,,2,362.536433127,318.380941906,320.989586113,333.96898704866663,homopoly
597374,,CC1(C2CCC1(C(C2C(C3=CC=CC=C3)C4=CC=CC=C4)OC(=O)C=C)C)C,,2,885.082717363,764.585475198,935.2024157,861.623536087,homopoly
174086,,C=CC(=O)OCCC(C(C(C(C(C(C(C(C(C(C(C(C(C(C(C(F)(F)F)(F)F)(F)F)(F)F)(F)F)(F)F)(F)F)(F)F)(F)F)(F)F)(F)F)(F)F)(F)F)(F)F)(F)F)(F)F,,2,805.168163603,777.737763353,799.198729064,794.0348853400001,homopoly
22250625,,COC(=O)C1=CC=CC=C1OC(=O)C=C,,1,203.426915995,190.471290504,224.296742711,206.06498307,homopoly
2776194,,C=CC(=O)OCCC(C(C(C(F)(F)F)(C(F)(F)F)F)(F)F)(F)F,,1,200.610814285,184.213098799,160.335764122,181.719892402,homopoly
20226493,,C=CC(=O)OCC1=CC(=CC=C1)C2=CC=CC=C2,,1,263.056286325,383.56987835,223.694533663,290.106899446,homopoly
21807586,,C=CC(=O)OC1=CC2=CC=CC=C2N1,,1,274.979999623,239.843106767,119.925680855,211.58292908166666,homopoly
18979564,,C=CC(=O)OCCCCCCOC1=CC=C(C=C1)C2=CC=C(C=C2)C3CCC(CC3)CCCO,,1,741.784910733,447.483592036,497.18639176,562.1516315096666,homopoly
171378196,,C=CC(=O)OCCOP(=O)(OCP1(=O)C2=CC=CC=C2C3=CC=CC=C3O1)OC4=CC=CC=C4,,1,509.644338361,487.353969946,580.545608112,525.8479721396667,homopoly
23635601,,CCCCCCC1=CC=C(C=C1)OC(=O)C=C,,0,109.258373043,103.26034632,191.256588408,134.591769257,monomer
10192638,,C=CC(=O)OC1=CC=CC2=CC=CC=C21,,1,239.351907782,222.069081082,249.345795605,236.92226148966668,homopoly
13841397,,C=CC(=O)OCCCCCCCCCCCCBr,,0,145.031992273,135.898461441,129.228823269,136.71975899433335,monomer
33101,,C=CC(=O)OCCCO,,0,60.8212081188,51.669571348,56.4018632774,56.2975475814,monomer
20097428,,CC(C)(C)C1=CC(=CC(=C1COC(=O)C=C)C(C)(C)C)O,,1,315.276591125,271.628494194,393.676877252,326.86065419033326,homopoly
105448,,CN(CCOC(=O)C=C)S(=O)(=O)C(C(C(C(C(F)(F)F)(F)F)(F)F)(F)F)(F)F,,2,565.398342848,494.819915038,564.922342557,541.713533481,homopoly
19862056,,C=CC(=O)OC1=CC=CC=C1N=NC2=CC=CC=C2,,1,304.557019612,306.298052598,325.802467075,312.2191797616667,homopoly
133083453,,C=CC(=O)OC1CN1,,1,95.2267644976,98.4006183358,95.1635125865,96.26363180663334,homopoly
90862337,,CC1=CC(=CC(=C1OC(=O)C=C)C)N=NC2=CC=C(C=C2)Br,,2,791.241896472,764.082881645,775.988452046,777.1044100543335,homopoly
56835609,,CCN(CCCCCOC(=O)C=C)C(=O)C,,0,94.8878406559,129.261513425,106.298208971,110.14918768396667,monomer
165746,,CC(C)CCCCCOC(=O)C=C,,0,111.625274733,109.621199528,67.3931951166,96.21322312586666,monomer
129808072,,CC(C([N+](=O)[O-])(F)F)OC(=O)C=C,,0,80.3222337153,71.2553589435,45.6683338868,65.74864218186667,monomer
71685931,,C=CC(=O)OCC(C(F)(F)F)(OC(C(C(C(C(F)(F)F)(F)F)(F)F)(F)F)(F)F)F,,0,105.72021021,92.5997232582,104.425565754,100.91516640740001,monomer
18632887,,CCCCO[13C](=O)C=C,,0,78.7602473754,35.6508845498,71.4013907856,61.93750757026667,monomer
10193306,,C=CC(=O)OC1=C(C(=C(C(=C1Cl)Cl)Cl)Cl)Cl,,1,281.270351194,252.286778167,287.815652546,273.79092730233333,homopoly
67346638,,C=CC(=O)OC1=C(C=CC(=C1)Cl)OC2=C(C=C(C=C2)Cl)Cl,,2,709.284633022,758.240340885,611.400921821,692.975298576,homopoly
86280152,,C[C@H](CCC(=O)N[C@@H]1[C@H]([C@@H]([C@H](OC1O)CO)O)O)[C@H]2CC[C@@H]3[C@@]2([C@H](C[C@H]4[C@H]3[C@@H](C[C@H]5[C@@]4(CC[C@H](C5)OC(=O)C=C)C)O)O)C,,2,1174.40606632,1161.3809929,1165.78192269,1167.1896606366665,homopoly
82224,,C=CCOCCOC(=O)C=C,,0,77.1040871901,74.9610223418,67.6057694336,73.22362632183335,monomer
137796794,,C=CC(=O)OC(=C)C(=O)N,,1,136.597814378,112.451678829,118.765832041,122.60510841600001,homopoly
155490364,,C=CC(=O)OC1=C(C2=CC=CC=C2C=C1)C3=CC=CC=C3,,1,323.348237929,309.642000505,469.589673169,367.526637201,homopoly
88597910,,C=CC(=O)OC(O)(O)C(C)O,,1,119.482152495,114.585662625,130.817937303,121.62858414099999,homopoly
75096,,C=CC(=O)OC(C(F)(F)F)C(F)(F)F,,1,114.594276057,122.01786262,93.434066129,110.015401602,homopoly
81862,,CCN(CCOC(=O)C=C)C1=CC(=C(C=C1)N=NC2=CC(=C(C=C2Cl)Cl)Cl)C,,0,175.052810796,238.242225327,317.227181288,243.50740580366664,monomer
169440089,,CCO[13C](=O)[13CH]=[13CH2],,1,94.5612088561,76.2109679938,101.641736355,90.80463773496668,homopoly
86705072,,CC1(/C(=C/CCOC(=O)C=C)/OC(=O)O1)C,,1,186.810523404,207.047956039,202.557749184,198.80540954233334,homopoly
102181891,,C=CC(=O)OCCCCCCCCCCCOC1=CC=C(C=C1)C2=NOC(C2)C3=CC=C(C=C3)Br,,1,463.764224648,648.157497629,571.490607238,561.1374431716666,homopoly
165746,,CC(C)CCCCCOC(=O)C=C,,1,182.518463676,181.995805201,207.367693208,190.62732069499998,homopoly
146013805,,C=CC(=O)OC(C#N)(C(F)(F)Cl)C(F)(Cl)Cl,,1,172.412242599,169.890165616,182.786793991,175.02973406866667,homopoly
10355061,,C=CC(=O)OCCCCCC,,2,325.059362493,327.142002292,294.310395146,315.50391997699995,homopoly
614613,,CC1(C2CCC1(C(C2N(C3=CC=CC=C3)S(=O)(=O)C4=CC=CC=C4)OC(=O)C=C)C)C,,0,326.87779201,232.463388008,187.704944582,249.01537486666666,monomer
87114693,,C=CC(=O)OC/C=C/C1=CC=C(C=C1)O,,2,544.853753194,558.141166378,230.712629128,444.56918290000004,homopoly
13627534,,C=CC(=O)OC1=C(C(=C(C(=C1F)F)C#N)F)F,,0,119.613624549,73.9874151866,110.492303525,101.36444775353334,monomer
13835,,C=CCOC(=O)C=C,,1,118.938506207,90.3794867964,107.62430297,105.64743199113333,homopoly
68773183,,CCN(CC)C1=CC=C(C=C1)CCOC(=O)C=C,,1,262.133499507,306.923543331,261.758233879,276.9384255723333,homopoly
543889,,CCCCC(CCC)OC(=O)C=C,,1,209.022722419,190.876834798,174.145708326,191.34842184766669,homopoly
68649063,,C=CC(=O)OC(OC12CC3CC(CC(C3)C1)C2)C(C)C,,0,123.193347805,165.990058792,139.438731106,142.87404590100002,monomer
129831453,,C=CC(=O)OCCC[N+](=O)[O-],,1,113.314210062,139.422929828,132.64976107,128.46230032000003,homopoly
543200,,CC(C)(C1CC1=C)OC(=O)C=C,,2,292.699782954,362.718556989,376.349397659,343.92257920066663,homopoly
23362714,,C=CC(=O)OCCCC1=CC=NC=C1,,2,338.847972828,438.510737459,403.018652355,393.45912088066666,homopoly
68412458,,C=CC(=O)OC1=C2C(=C(C=C1)Cl)C=CC=N2,,0,186.79308412,40.6205577398,153.594129945,127.00259060159999,monomer
129818296,,COC1=C(C(=C(C=C1)OC(=O)C=C)OC)OC,,2,458.215839224,538.152057519,471.379158221,489.2490183213333,homopoly
2760316,,C=CC(=O)OCC(C(C(C(C(C(C(C(C(F)(F)F)(F)F)(F)F)(F)F)(F)F)(F)F)(F)F)(F)F)(F)F,,0,137.30499218,105.133755171,121.615578409,121.35144192,monomer
165429930,,C=CC(=O)OCCOCCCCC(=O)OC1C(=O)CCC1=O,,1,268.805499127,290.375364137,270.654041835,276.611635033,homopoly
66357,,C=CC(=O)OCCOc1ccccc1,,0,102.067157031,68.5210622919,124.15850006,98.24890646096667,monomer
14473597,,C=CC(=O)OC1CCCCC1Cl,,2,353.797628172,326.850091876,370.363290214,350.3370034206667,homopoly
6436391,,CCCCCCCC/C=C\CCCCCCCCOC(=O)C=C,,0,199.378422408,159.842116353,184.533886547,181.25147510266666,monomer
118536010,,COC1=CC=C(C=C1)C(C2=CC=C(C=C2)OC)(C3=CC=C(C=C3)OC)C4=CC=C(C=C4)OCCOC(=O)C=C,,0,313.966851156,318.496871448,323.847910622,318.77054440866664,monomer
29728,,C=CC(=O)OCC(CBr)Br,,1,149.530565119,191.841132269,110.158500943,150.51006611033336,homopoly
162073,,C[N+](C)(CCOC(=O)C=C)CC1=CC=CC=C1,,1,1230.38426367,314.398694289,330.400857046,625.0612716683335,homopoly
22728782,,C=CC(=O)OCCN1CCOC1=O,,2,285.838107528,314.101135407,302.269370626,300.73620452033333,homopoly
13841383,,CC(C)CCCCCCCCCCCOC(=O)C=C,,1,272.066136883,291.637502894,314.305321157,292.66965364466665,homopoly
23648078,,CCCCCCOC(=O)C1=CC=CC=C1OC(=O)C=C,,2,474.009068094,652.418128752,599.398548563,575.2752484696666,homopoly
129762343,,C=CC(=O)OC12CCC(C1)CC2CC#N,,1,210.774602125,192.053987265,197.402313626,200.076967672,homopoly
69233288,,C=CC(=O)OC1=CC(=CC2=C1N(C3=C2C=C(C=C3)Cl)CCO)Cl,,2,1006.44748963,909.323399226,430.024490651,781.9317931690001,homopoly
96408,,CCC(C)(C)C1=CC(=C(C=C1)OCCOC(=O)C=C)C(C)(C)CC,,0,149.12175783,207.870649053,199.560860156,185.5177556796667,monomer
171789,,CCC1(COCOC1)COC(=O)C=C,,0,97.5346559012,74.414384893,100.842216388,90.93041906073334,monomer
86759875,,C=CC(=O)OCCOS(=O)(=O)c1ccc(C)cc1,,2,491.114893825,452.877773357,538.663190753,494.2186193116667,homopoly
30581,,C=CC(=O)OC(=O)CC(C)=O,,2,233.134173147,271.794068122,284.649540679,263.19259398266666,homopoly
103492,,CCCC(C)OC(=O)C=C,,1,133.013599585,140.654882786,145.703716625,139.79073299866664,homopoly
91241,,C=CC(=O)OCC(CCl)Cl,,2,310.498836275,274.496992407,257.438399739,280.81140947366663,homopoly
86753072,,C=CC(=O)OCCCCOC1=CC=C(C=C1)C2(CC=CC(=C2F)C3=CC=C(C=C3)CCCCO)F,,2,1196.29487651,1089.63620368,914.921685908,1066.9509220326665,homopoly
86720804,,C=CC(=O)OCC1=C(C=CC(=C1)N)C2=C(C=C(C=C2)N)COC(=O)C=C,,2,649.840085773,719.466406349,966.562114362,778.6228688279999,homopoly
87194114,,C=CC(=O)OCCCCCCCCS(=O)(=O)O,,0,135.370517732,95.290556982,116.350675633,115.67058344899999,monomer
16217348,,C=CC(=O)OCc1ccccc1,,0,96.0873909438,105.170702437,50.7086822478,83.98892520953333,monomer
71441474,,C=CC(=O)OC1=CC=CC(=C1)NC2=CC=CC=C2,,2,548.367357293,809.949899008,458.230076046,605.515777449,homopoly
543282,,CCCCCCCCCC(CCC)OC(=O)C=C,,1,253.126555998,276.428271879,294.851558779,274.80212888533333,homopoly
105236,,CN(CCOC(=O)C=C)S(=O)(=O)CC(C(C(C(C(C(C(C(C(C(C(C(F)(F)F)(F)F)(F)F)(F)F)(F)F)(F)F)(F)F)(F)F)(F)F)(F)F)(F)F)(F)F,,0,166.247316268,241.324267261,224.117096374,210.562893301,monomer
93279,,CNC(=O)OCCOC(=O)C=C,,1,140.668249076,157.002272089,129.158345052,142.27628873899997,homopoly
20243842,,C=CC(=O)OC(C1=CC=CC=C1)[N+](=O)[O-],,0,105.151604207,76.6710116971,121.689159515,101.17059180636666,monomer
19797972,,CCCCCCCCCCCCOC(=O)CCOC(=O)C=C,,2,626.879283816,647.620417662,616.143804187,630.2145018883334,homopoly
23688,,CCCCOCCOC(=O)C=C,,1,143.202298417,192.453924402,159.329655285,164.99529270133334,homopoly
133550465,,C[C@@]12CCC3C([C@H]1CC[C@H]2C(=O)COC(=O)C=C)CCC4=CC(=O)CC[C@@]34C,,1,415.110041658,412.875931204,414.652083845,414.21268556900003,homopoly
20224153,,C=CC(=O)OCCN=C=S,,1,136.583230655,118.418433941,147.969992549,134.323885715,homopoly
58947915,,CC1(C2=CC=CC=C2N(C13C=CC4=C(O3)C=CC(=C4)OC(=O)C=C)C)C,,2,780.011919586,961.172206531,929.030923176,890.0716830976667,homopoly
11416795,,C=CC(=O)OCCCCCCOC1=CC=C(C=C1)C2=CC=C(C=C2)C#N,,1,534.009078135,490.873654114,243.138212492,422.673648247,homopoly
88121797,,CCCCC(=O)OC(=O)C=C,,1,131.448757487,148.100014477,148.45884337,142.66920511133335,homopoly
146036144,,C=CC(=O)OC1=COC2=CC=CC=C2C1=O,,1,244.759526843,296.473327769,152.735108301,231.32265430433333,homopoly
54523676,,CCCCCCCC(=O)OCCOC(=O)C=C,,2,473.75380218,462.972232016,454.715774524,463.81393624,homopoly
75588,,C=CC(=O)OCCCCO,,1,145.2716111,129.438652222,112.856764634,129.18900931866668,homopoly
13847847,,CC(C)CCCCCCCCCCCCOC(=O)C=C,,0,148.15009256,163.045192881,148.721530597,153.305605346,monomer
181508,,C=CC(=O)ON1C(=O)CCC1=O,,0,98.1221557286,58.5655720268,61.9970639273,72.8949305609,monomer
162070,,CCC(C)COC(=O)C=C,,1,122.732772454,151.425356799,148.447636146,140.86858846633334,homopoly
165429929,,C=CC(=O)OCCOCCNC(=O)CCN1C(=O)C=CC1=O,,2,566.607713468,502.69385935,550.447956659,539.9165098256667,homopoly
223954,,CCCCN(CCCC)CCCOC(=O)C=C,,0,126.555632339,108.019463915,140.481493709,125.01886332100001,monomer
21401083,,C=CC(=O)OC(O)C(O)CO,,0,47.185517352,59.9231526139,75.7213281344,60.943332700099994,monomer
21646008,,CCCOOC(=O)C=C,,0,48.4738288984,76.1426347378,55.2456331069,59.95403224769999,monomer
88597910,,C=CC(=O)OC(O)(O)C(C)O,,2,243.235607849,279.418642982,217.959600459,246.8712837633333,homopoly
155899493,,CCN1C2=CC=CC=C2C3=C1C=C(C=C3)COC(=O)C=C,,1,353.040602835,233.923968473,449.91170405,345.62542511933333,homopoly
54152724,,C=CC(=O)OCCOC1=CC=C(C=C1)C2=CC=C(C=C2)C#N,,0,234.79693369,160.815750157,160.662943676,185.4252091743333,monomer
81865,,C=CC(=O)OCC(C(F)F)(F)F,,1,98.3775853318,114.492109822,118.115820656,110.32850526993333,homopoly
87149,,C=CC(=O)OCCC(C(C(C(C(C(F)(F)F)(F)F)(F)F)(F)F)(F)F)(F)F,,2,408.548652126,420.407510739,374.319439073,401.09186731266664,homopoly
3517032,,C=CC(=O)OCC1CCCN2C1CCCC2,,2,410.623064576,466.547964514,500.114798643,459.09527591100004,homopoly
117909270,,C=CC(=O)NC1=CC=CC(=C1)C2=CC=CC3=CN=C(N=C32)NC4=CC=C(C=C4)N5CCN(CC5)CCOC(=O)C=C,,2,945.58273128,1494.31080922,1818.98042913,1419.6246565433332,homopoly
54514640,,C=CC(=O)OC1=CC=C(C=C1)CO,,0,103.023180346,39.9175075641,139.368835615,94.10317450836665,monomer
18632887,,CCCCO[13C](=O)C=C,,2,229.524377619,249.275622944,271.754780604,250.1849270556667,homopoly
18513443,,CCCCCCOCCOC(=O)C=C,,2,369.639584098,398.505858385,412.607874713,393.5844390653333,homopoly
17853765,,CCCCCCCC(CC)OC(=O)C=C,,1,221.577700539,236.150015176,213.16937476,223.63236349166667,homopoly
543280,,CCCCCCCCCCCC(C)OC(=O)C=C,,0,144.254424821,140.290366728,120.983878884,135.17622347766667,monomer
86713021,,C=CC(=O)OCCSSCCO,,2,325.609526508,441.467410511,318.995413078,362.024116699,homopoly
129848039,,C=CC(=O)OC(=O)C1=C(C(=CC(=C1)[N+](=O)[O-])[N+](=O)[O-])CCO,,1,342.283459673,343.381244632,141.457078938,275.707261081,homopoly
21868062,,C=CC(=O)OC1CC2CCC1(C)C2(C)C,,2,420.843438398,431.745385958,433.291745673,428.6268566763333,homopoly
17792856,,CC(C)C1(C2CC3CC(C2)CC1C3)OC(=O)C=C,,1,265.818826321,255.534738948,260.195702133,260.5164224673333,homopoly
129883543,,COC1=CC=C(C=C1)C=NCCOC(=O)C=C,,0,146.290512554,100.500498893,146.376719588,131.055910345,monomer
2776049,,C=CC(=O)OCC1(C(C(C(C(C1(F)F)(F)F)(F)F)(F)F)(F)F)F,,0,114.633863181,76.7523513419,86.1777239308,92.52131281789998,monomer
91369,,CN(CCOC(=O)C=C)S(=O)(=O)C(C(C(C(C(C(C(C(F)(F)F)(F)F)(F)F)(F)F)(F)F)(F)F)(F)F)(F)F,,2,678.747419404,626.74112987,660.401821147,655.2967901403333,homopoly
59502627,,C=CC(=O)OC1=C2C=CC=CC2=NC3=CC=CC=C31,,2,552.948997654,707.739865876,703.501296952,654.730053494,homopoly
22709169,,CC(C)(C1=CC=CC=C1)OC(=O)C=C,,0,74.241192197,111.747261268,121.800074721,102.596176062,monomer
18913838,,C=CC(=O)OC1=CC=CO1,,0,90.0565851541,43.5564326566,54.0690899353,62.560702582,monomer
44580062,,C=CC(=O)O[C@@H](CC1=CC=CC=C1)CN2CCN(CC2)CCCN(C3=CC=C(C=C3)F)C4=CC=C(C=C4)F,,0,226.457396196,312.88705696,315.677033567,285.007162241,monomer
62552,,CCCCCCCCCCCCCCCCCCOC(=O)C=C,,0,187.339881898,173.273764295,178.154619758,179.58942198366665,monomer
18767473,,CCCCCCCCCC(CCCCCC)OC(=O)C=C,,0,167.281179193,174.956961024,143.709319855,161.98248669066666,monomer
181750,,C=CC(=O)OCC(Cl)(Cl)Cl,,2,269.850143081,304.307634933,292.588065846,288.91528128666664,homopoly
20329016,,CC(C)(C)C1=CC(=CC(=C1O)C(C)(C)C)OC(=O)C=C,,1,319.016598288,355.75410328,253.927252755,309.56598477433334,homopoly
2776220,,C=CC(=O)OCCC(C(C(C(C(C(F)(F)F)(C(F)(F)F)F)(F)F)(F)F)(F)F)(F)F,,1,198.904562462,231.766132796,232.920167663,221.19695430700003,homopoly
104303,,CC1=C(C=C(C=C1)NC(=O)OC(C)COC(=O)C=C)NC(=O)OC(C)COC(=O)C=C,,2,750.150211902,752.777658057,1029.91025104,844.2793736663334,homopoly
71431852,,C=CC(=O)OCCNCCCS(=O)(=O)C(C(C(C(C(C(C(C(F)(F)F)(F)F)(F)F)(F)F)(F)F)(F)F)(F)F)(F)F,,0,170.417152684,169.253848771,186.7330177,175.468006385,monomer
20226493,,C=CC(=O)OCC1=CC(=CC=C1)C2=CC=CC=C2,,0,111.370615468,116.998292425,222.412651925,150.26051993933334,monomer
137331643,,C=CC(=O)OP(OC(=O)C=C)OC(=O)C=C,,0,77.9167455303,117.054309303,114.699340431,103.2234650881,monomer
18718363,,C=CC(=O)OCCN1C(=O)C=CC1=O,,1,198.740781414,153.268700538,150.696208089,167.568563347,homopoly
53422786,,CC(C)(C)C(C)(C)OC(=O)C=C,,0,111.527205637,70.0918118254,81.163935419,87.59431762713332,monomer
19778492,,CCCCCCCCON1C(CC(CC1(C)C)OC(=O)C=C)(C)C,,0,191.328468644,163.06255115,181.40877525,178.59993168133335,monomer
22168880,,CCC1(C2CC3CC(C2)CC1C3)OC(=O)C=C,,2,512.306919241,506.171908447,454.310290908,490.9297061986667,homopoly
21871648,,C=CC(=O)OC1=CC=CC=C1O,,0,88.323754505,77.0256351465,84.2847830005,83.211390884,monomer
14987130,,COCOC(=O)C=C,,0,27.5614799847,56.4018404842,60.0892940729,48.017538180600006,monomer
14527814,,C[C@@H]1CC[C@H]([C@@H](C1)OC(=O)C=C)C(C)(C)C2=CC3=CC=CC=C3C=C2,,1,379.87439637,350.539882041,490.140682054,406.85165348833334,homopoly
23194993,,C=CC(=O)ON1C(=O)C2=CC=CC=C2C1=O,,0,132.643171259,72.4358815917,123.490971456,109.52334143556668,monomer
57119052,,CS(=O)(=O)OC(=O)C=C,,1,103.381203736,123.535255561,109.809025725,112.24182834066669,homopoly
10308068,,C=CC(=O)OC1=C2C=CC=CC2=CC3=CC=CC=C31,,2,688.275332589,559.598013716,738.923826869,662.2657243913333,homopoly
139072596,,C=CC(=O)OCCOCC1=C2C=CC=NC2=C(C=C1)O,,2,489.838175824,542.660319995,664.05515849,565.5178847696667,homopoly
129829186,,C=CC(=O)OOC(=O)CCCCCCCCC(=O)OOC(=O)C=C,,0,174.950445675,173.276527203,121.500732391,156.5759017563333,monomer
129723103,,CCCCCCCCCCCCCCCC(O)OC(=O)C=C,,2,662.872451463,646.578267162,672.048930256,660.4998829603333,homopoly
122409,,C=CC(=O)OCC(COCC(COC(=O)C=C)(COC(=O)C=C)COC(=O)C=C)(COC(=O)C=C)COC(=O)C=C,,2,1046.55538124,1027.00606714,1072.24678723,1048.6027452033334,homopoly
11378874,,C=CC(=O)OCOP(=O)(O)O,,2,257.316751437,231.03249124,218.156590223,235.5019443,homopoly
164946354,,CC/C=C/CCOC(=O)C=C,,2,303.075168288,347.778678883,332.16981957,327.67455558033333,homopoly
163201124,,CC(=O)N[C@H]1CCC2=CC(=C(C(=C2C3=CC=C(C(=O)C=C13)OC)OC)OC(=O)C=C)OC,,2,911.621266053,1032.01602761,1121.42199841,1021.686430691,homopoly
81530,,C=CC(=O)OCC,,1,99.5339031575,92.2065273404,81.4130639517,91.05116481653333,homopoly
18183725,,CC(C)(C)NOC(=O)C=C,,0,38.7311830957,76.5401860319,85.5024199515,66.9245963597,monomer
23500968,,CCCCCC(CCC)COC(=O)C=C,,1,231.132130833,193.818748566,250.972485657,225.307788352,homopoly
23070525,,C=CC(=O)OC(CSCCSC1=CC=CC=C1)CSCCSC2=CC=CC=C2,,2,1084.39706765,972.021438226,822.46011996,959.626208612,homopoly
118536003,,CCC(C(C1=CC=CC=C1)(C2=CC=CC=C2)C3=CC=CC=C3)OC(=O)C=C,,1,394.996164424,482.015068674,416.11953608,431.043589726,homopoly
13568817,,C=C/C=C/OC(=O)C=C,,2,268.329692673,257.173275914,357.392529836,294.2984994743333,homopoly
92015353,,CC1=CC(=CC(=C1OC(=O)C=C)C)N=NC2=CC=C(C=C2)C(C)(C)C,,0,122.8307686,404.85216377,243.058522084,256.9138181513333,monomer
71685931,,C=CC(=O)OCC(C(F)(F)F)(OC(C(C(C(C(F)(F)F)(F)F)(F)F)(F)F)(F)F)F,,2,451.485315388,405.794532428,380.29617667,412.52534149533335,homopoly
87149162,,CCCCCCCCCCC(CCCCCCCC)COC(=O)C=C,,0,193.642456947,208.92656593,193.70750378,198.758842219,monomer
58947915,,CC1(C2=CC=CC=C2N(C13C=CC4=C(O3)C=CC(=C4)OC(=O)C=C)C)C,,1,428.311419857,437.341245542,418.961982148,428.20488251566667,homopoly
81766,,CCOCCOCCOC(=O)C=C,,2,330.678473179,348.560746464,328.637219017,335.95881288666664,homopoly
544477,,CC1(C2CCC1(C(C2OC(=O)C=C)OCC(C)(C)C)C)C,,2,595.969324332,635.536519699,598.146844423,609.8842294846667,homopoly
21884903,,CC(C)(C)C1(CCCCC1)OC(=O)C=C,,0,95.2144464502,104.218829991,133.354096465,110.92912430206667,monomer
85977944,,COC1=CC=C(C=C1)C=NC2=CC=C(C=C2)OC(=O)C=C,,1,362.842093104,335.202249832,423.43890836,373.8277504320001,homopoly
86614223,,CN(C)C1=CC=CC2=C1C=CC=C2S(=O)(=O)OCCOC(=O)C=C,,0,227.022064252,174.057950847,176.533471568,192.537828889,monomer
61642,,C=CC(=O)OCCOCCO,,2,254.875689401,265.870947953,283.822420875,268.1896860763333,homopoly
129880690,,COC1=C(C=CC(=C1OC(=O)C=C)C=O)O,,1,312.694212563,209.389091698,141.719370971,221.26755841066665,homopoly
169501348,,CC(=C)[C@H]1CCC(=CC1)COC(=O)C=C,,2,467.393861508,407.596276495,493.172230212,456.0541227383333,homopoly
21872250,,C=CC(=O)OCCOC1=CC=C(C=C1)Cl,,0,104.352609834,112.093181526,109.268087174,108.57129284466667,monomer
129824056,,C=CC(=O)OC1=CC2=C(C=C1)C=C2,,1,157.748386937,230.244522356,210.266379075,199.41976278933336,homopoly
22398902,,C=CC(=O)OC(C(C(C(C(C(C(C(C(C(C(C(F)(F)F)(F)F)(F)F)(F)F)(F)F)(F)F)(F)F)(F)F)(F)F)(F)F)(F)F)(F)F,,2,579.920131282,546.612452163,574.930208561,567.154264002,homopoly
129626459,,CC(C)(C)OC(=O)OC1=CC=C(C=C1)OCCCCCCOC(=O)C=C,,2,784.985890011,761.984258732,674.598719812,740.522956185,homopoly
13878527,,C=CC(=O)OCCC(C(C(C(C(C(C(C(C(C(C(C(C(F)(F)F)(F)F)(F)F)(F)F)(F)F)(F)F)(F)F)(F)F)(F)F)(F)F)(F)F)(F)F)(F)F,,1,303.265581437,347.352538138,364.759740401,338.4592866586667,homopoly
129700121,,C=CC(=O)OCC(CC)CCCC,,1,184.385534186,193.54606573,192.475572066,190.13572399400002,homopoly
2776220,,C=CC(=O)OCCC(C(C(C(C(C(F)(F)F)(C(F)(F)F)F)(F)F)(F)F)(F)F)(F)F,,2,434.419579082,464.767717027,435.376781815,444.8546926413333,homopoly
639970,,C[C@@]12CC[C@@H](C1(C)C)C[C@H]2OC(=O)C=C,,1,211.310706328,215.386092658,223.861960038,216.85291967466665,homopoly
169029,,C=CC(=O)OCCNC(C)(C)C,,0,79.1339761599,72.0046542298,95.6288527159,82.25582770186666,monomer
129834447,,CC1=CC(=O)N(C2=C1C=CC(=C2)OCCCCCCOC(=O)C=C)CC3=CC=CC=C3,,1,421.890276369,545.158809661,500.749572076,489.26621936866667,homopoly
543283,,CCCCCCCCCCCC(CC)OC(=O)C=C,,2,585.437930238,594.883523174,560.892341053,580.4045981549999,homopoly
10104558,,C[C@H]1CC[C@@H]([C@H](C1)OC(=O)C=C)C(C)C,,1,214.59500839,222.378273726,222.129110731,219.7007976156667,homopoly
129723103,,CCCCCCCCCCCCCCCC(O)OC(=O)C=C,,0,187.174610698,174.725003345,141.136075219,167.67856308733334,monomer
53702279,,CCCCCC=CCC=CCCCCCCCCOC(=O)C=C,,2,689.7978974,764.590290231,760.678271222,738.3554862843334,homopoly
12641354,,C=CC(=O)OC(C1=CC=CC=C1)(C2=CC=CC=C2)C3=CC=CC=C3,,2,766.731325975,781.569180603,679.134350894,742.478285824,homopoly
22731403,,CCOC1CC2COC(=O)C2CC1OC(=O)C=C,,2,468.755070804,499.800284184,429.52197535,466.0257767793334,homopoly
23467942,,CC1=CC(=C(C=C1)OC(=O)C=C)N2N=C3C=CC=CC3=N2,,0,230.380554987,125.023260656,201.904007785,185.769274476,monomer
15055020,,C=CC(=O)OCCOC1=CC2=CC=CC=C2C=C1,,1,274.993210056,233.960326236,320.581751572,276.5117626213333,homopoly
4616638,,CCCCC(CC)COCCOCCOC(=O)C=C,,2,568.261834582,503.072786814,532.454997094,534.5965394966667,homopoly
118885882,,C=CC(=O)NCCOCCOC(=O)C=C,,0,93.283170615,116.248379241,83.8413546145,97.79096815683333,monomer
21496309,,C=CC(=O)OCC1=CC=CS1,,0,74.5475842982,102.167415059,57.1192783257,77.94475922763333,monomer
19768089,,CC(C#N)OC(=O)C=C,,2,214.89766519,194.608031464,237.977393335,215.82769666299998,homopoly
89428483,,C=CC(=O)OC12CC3CC(CC(C3)C1C)C2,,2,443.413595452,432.88406,499.689852076,458.6625025093333,homopoly
71310572,,C=CC(=O)OCCC(=O)[O-],,1,118.012315679,849.561607024,329.683038093,432.418986932,homopoly
171395280,,C[C@]12CCC(=O)C=C1CC[C@@H]3[C@@H]2CC[C@]4([C@H]3CC[C@]4(C=C)OC(=O)C=C)C,,2,837.751621138,803.66340109,807.641035287,816.3520191716667,homopoly
90732367,,CC1=C(C(=CC=C1)C)OC(=O)C=C,,2,404.331728478,441.776827716,342.6626639,396.25707336466667,homopoly
168446324,,C=CC(=O)OCCOCCOCCOCC(=O)ON1C(=O)CCC1=O,,0,127.81768528,186.956293372,136.977495497,150.58382471633334,monomer
54384939,,CCC(C)(CC)OC(=O)C=C,,2,304.134770552,318.85471856,316.365343356,313.11827748933337,homopoly
22597223,,CC1C2CC3CC(C2)CC1(C3)OC(=O)C=C,,0,127.655192056,91.5148272048,125.204595409,114.79153822326668,monomer
86753072,,C=CC(=O)OCCCCOC1=CC=C(C=C1)C2(CC=CC(=C2F)C3=CC=C(C=C3)CCCCO)F,,1,648.383861347,484.263679681,497.764526218,543.4706890819999,homopoly
53767698,,CCCCCCCCCCCCCCCCCCON1C(CC(CC1(C)C)OC(=O)C=C)(C)C,,2,1098.38793274,979.408188989,1053.48497208,1043.760364603,homopoly
53461614,,CC12CCC(=O)CC1CCC3C2CCC4(C3CCC4OC(=O)C=C)C,,2,760.814879356,707.398422784,730.05612407,732.7564754033333,homopoly
67829,,C=CC(=O)OCC(C(C(C(F)F)(F)F)(F)F)(F)F,,2,282.253434915,306.366341114,289.984531954,292.868102661,homopoly
13086546,,CC1(CCCCC1)OC(=O)C=C,,0,75.5542006006,73.1291219745,108.450884458,85.71140234436666,monomer
3022441,,CCCCCCCCCCCCC(C)COC(=O)C=C,,1,323.152152967,313.732057127,290.888638827,309.25761630700003,homopoly
118107964,,C=CC(=O)OCCC1=CC=C(C=C1)OC2=CC=C(C=C2)OC3=CC=CC=C3,,2,1036.13895239,905.084729032,612.138925148,851.1208688566667,homopoly
19778492,,CCCCCCCCON1C(CC(CC1(C)C)OC(=O)C=C)(C)C,,2,674.968195104,720.797038701,721.546208529,705.770480778,homopoly
132276613,,C=CC(=O)OC1=CC2=C(C=C1)C=C(C(=O)O2)C#N,,1,69.8025380754,425.676874583,398.985016108,298.1548095888,homopoly
543296,,CCCCCCCCCCC(C)OC(=O)C=C,,0,126.111516677,106.755807854,163.060983156,131.97610256233335,monomer
155293052,,C=CC(=O)OC1=CC=C(C=C1)/C=C/C(=O)C2=C3C=CC4=CC=CC5=C4C3=C(C=C5)C=C2,,0,273.725800515,183.710222073,499.251579421,318.8958673363333,monomer
23662581,,C=CC(=O)OCCOCCCS(=O)(=O)[O-],,0,190.892281687,98.7466827456,105.574197031,131.73772048786665,monomer
87193678,,C=CC(=O)OCCCCCCS(=O)(=O)O,,0,124.845568351,85.198398112,92.914306127,100.98609086333333,monomer
129698270,,C=CC(=O)OC1=C(C=CO1)[N+](=O)[O-],,0,121.920518757,30.7106099814,80.7671626727,77.79943047036666,monomer
129851950,,C=CC(=O)OCC1=CC(=CC(=C1)Br)Br,,2,605.519052949,414.41882092,341.4494756,453.79578315633336,homopoly
11970919,,CCC1(COC(OC1)(C)C)COC(=O)C=C,,1,227.085241676,227.97894608,191.894799607,215.65299578766667,homopoly
103668,,C=CC(=O)OC1CCC2CCCCC2C1,,1,238.001346511,228.090559999,195.875080179,220.65566222966666,homopoly
53829200,,C=CC(=O)ON1CCCCC1,,2,297.301026962,299.077630783,300.456254656,298.94497080033335,homopoly
129675135,,C=CC1=C(C2=CC=CC=C2O1)OC(=O)C=C,,0,146.42186627,62.0796896699,187.326740851,131.94276559696667,monomer
129818970,,C=CC(=O)OC(C(C(F)(F)F)(F)F)(OC(C(C(C(C(F)(F)F)(F)F)(F)F)(F)F)(F)F)F,,2,423.685015932,404.40051627,401.173028051,409.7528534176667,homopoly
543354,,C=CCCCCCCCCCOC(=O)C=C,,2,510.017589137,454.792218711,481.321194741,482.04366752966666,homopoly
20607910,,C=CC(=O)OCCOC1=CC=C(C=C1)C2=CC=CC=C2,,2,681.302179515,485.241639608,744.948648697,637.16415594,homopoly
138402884,,C/C=C\CCOC(=O)C=C,,2,311.874243093,258.669813291,297.37964399,289.3079001246667,homopoly
68647810,,COC1=C(C=C(C=C1)CC(C#N)OC(=O)C=C)OC,,2,418.204574213,578.095553038,520.126528536,505.475551929,homopoly
22637263,,C=CC(=O)OOP(=O)(O)O,,0,64.0057410589,52.8682271936,46.3917973664,54.421921872966664,monomer
129773825,,C=CC(=O)OCC1=CC=C(C=C1)C(=O)C2=CC=CC=C2,,0,153.055263741,97.4556250979,210.210460691,153.57378317663333,monomer
58231738,,CC1=CC(=C(C(=C1)C2=CC=CC3=C2SC4=CC=CC=C34)OC(=O)C=C)C5=CC=CC6=C5SC7=CC=CC=C67,,1,701.252375793,775.037248398,559.841028603,678.710217598,homopoly
21318161,,C=CC(=O)OC1=C(C=C(C=C1[N+](=O)[O-])[N+](=O)[O-])[N+](=O)[O-],,0,31.713224233,150.916121537,183.89397236,122.17443937666667,monomer
11027847,,C=CC(=O)OCCCC(C(C(C(C(C(C(C(F)(F)F)(F)F)(F)F)(F)F)(F)F)(F)F)(F)F)(F)F,,0,130.655255237,112.882845322,141.886348881,128.47481648,monomer
15311046,,C=CCCCCCCCCOC(=O)C=C,,2,415.887563543,471.249536322,466.031306124,451.05613532966663,homopoly
155643744,,CCCCCCCCSSCCOC(=O)C=C,,2,592.124277582,543.523028916,538.32264618,557.989984226,homopoly
543280,,CCCCCCCCCCCC(C)OC(=O)C=C,,2,538.913915643,555.271836697,551.467887666,548.5512133353333,homopoly
11031110,,C[C@@H]1CC[C@H]([C@@H](C1)OC(=O)C=C)C(C)C,,2,419.633344822,451.728355922,454.51113925,441.95761333133333,homopoly
3023749,,CCCCCCCCCCCCCCCCCCCCCCCCCCCCOC(=O)C=C,,2,1025.83645011,1065.18235744,1091.06371313,1060.69417356,homopoly
129753429,,C=CC(=O)OC1CCN(CC1)C2=C(C(=C(C(=C2F)F)C3CC(=NN3C4=CC=CC=C4)C5=CC=CC=C5)F)F,,0,368.847442853,294.248401708,324.794693595,329.29684605200003,monomer
46988,,CCOCCCOC(=O)C=C,,0,81.017115268,67.5315324097,71.8413080867,73.46331858813333,monomer
129721294,,C=CC(=O)OC1=CC=C(C=C1)C2C(CC2(C#N)C#N)(C#N)C#N,,1,228.032047059,289.756236638,408.389600653,308.72596145,homopoly
3532725,,C=CC(=O)OCCSC,,1,114.515027669,139.2910964,132.455020228,128.75371476566667,homopoly
3023346,,C=CC(=O)OCCCCCOC(=O)CCBr,,1,215.199501402,257.750821269,195.882337171,222.94421994733332,homopoly
18952360,,CN(C)C1=NC=NC2=C(C=CC(=C21)Cl)OC(=O)C=C,,2,336.134938812,786.149301165,691.92150873,604.7352495690001,homopoly
102514876,,CC(C)(C)OC(=O)CCOCCOCCOCCOCCOCCOC(=O)C=C,,2,736.903971401,769.063371776,741.691881024,749.2197414003334,homopoly
18679053,,CC(C(C(C(C(C(C(C(C(OC(=O)C=C)(F)F)(F)F)(F)F)(F)F)(F)F)(F)F)(F)F)(F)F)F,,1,239.344282939,231.67042955,247.007215283,239.34064259066668,homopoly
164577025,,CC1(CC(=CC(=C(C#N)C#N)C1)/C=C/C2=CC3=C(C=C(C=C3)OC(=O)C=C)OC2=O)C,,2,789.590920163,1630.75016395,1189.03041163,1203.1238319143333,homopoly
121743,,C=CC(=O)OCCOC(=O)C1=CC=CC=C1C(=O)O,,0,99.7504681144,95.0795917597,168.553558971,121.12787294836666,monomer
129742744,,CCCCOC1CC2CC1CC2OC(=O)C=C,,2,471.292846171,515.375906708,446.343317745,477.670690208,homopoly
112001,,C=CC(=O)OCC(CO)O,,1,102.016522016,123.33670058,121.303871425,115.55236467366666,homopoly
71431852,,C=CC(=O)OCCNCCCS(=O)(=O)C(C(C(C(C(C(C(C(F)(F)F)(F)F)(F)F)(F)F)(F)F)(F)F)(F)F)(F)F,,1,311.463233716,359.140767631,391.319639023,353.97454679,homopoly
129714184,,CC(=CCOC(=O)C=C)Cl,,0,59.0186140694,68.4997462996,90.3392770564,72.61921247513334,monomer
23325021,,C=CC(=O)OC1=CC=CC=N1,,2,257.431623773,380.821471043,255.199112071,297.8174022956666,homopoly
66357,,C=CC(=O)OCCOc1ccccc1,,1,218.843617733,148.677180481,229.746398323,199.08906551233335,homopoly
69060682,,C=CC(=O)OCC1=CC(=C(C=C1)Cl)Cl,,2,428.965647957,380.812447605,434.087674712,414.62192342466665,homopoly
165429930,,C=CC(=O)OCCOCCCCC(=O)OC1C(=O)CCC1=O,,2,602.511403772,473.670596994,607.444410063,561.2088036096666,homopoly
81767,,COCCOCCOC(=O)C=C,,1,156.520283662,169.134899932,135.53936801,153.73151720133333,homopoly
22179230,,CCCCOC(=O)C1=CC=C(C=C1)OC(=O)C=C,,0,135.132228546,80.5772687291,190.971194337,135.56023053736666,monomer
102380778,,C/C=C/OCCCOC(=O)C=C,,0,91.4701620729,88.1802358346,76.3876359589,85.34601128880001,monomer
21401083,,C=CC(=O)OC(O)C(O)CO,,2,266.132321176,228.512551456,236.905123716,243.84999878266663,homopoly
20329016,,CC(C)(C)C1=CC(=CC(=C1O)C(C)(C)C)OC(=O)C=C,,2,515.232086009,663.982503087,724.060664547,634.4250845476666,homopoly
21895353,,CCCCC(CC)COC(=O)CCOC(=O)C=C,,1,237.885626296,255.740092473,247.67655631,247.10075835966666,homopoly
18979484,,C=CC(=O)OCCCCCCOC1=CC=C(C=C1)C2=CC=C(C=C2)C3CCC(CC3)CCCS(=O)(=O)C(F)(F)F,,1,681.993827963,559.231759214,616.186028604,619.1372052603333,homopoly
155108413,,CC(C)(CCOC(C)(C)COC(=O)C=C)OC(=O)C=C,,2,553.874904601,597.038879296,475.315285703,542.0763565333333,homopoly
57038445,,C=CC(=O)OCC(COC(=O)C=C)OC(=O)C=C,,1,231.532675853,264.575914885,175.17127591,223.7599555493333,homopoly
44577301,,C=CC(=O)OC[C@@H](CBr)Br,,2,307.893285317,307.983726768,321.202412727,312.35980827066663,homopoly
13550,,CCCOC(=O)C=C,,2,208.495090783,213.335643105,219.075060085,213.63526465766665,homopoly
104368,,C=CC(=O)OCCC(C(C(C(C(C(C(C(C(C(C(C(F)(F)F)(C(F)(F)F)F)(F)F)(F)F)(F)F)(F)F)(F)F)(F)F)(F)F)(F)F)(F)F)(F)F,,0,209.151266021,157.793147791,143.067956283,170.004123365,monomer
77078233,,C=CC(=O)OCCOCCOCCOCCN=[N+]=[N-],,0,148.741410615,86.4617885003,108.224246037,114.47581505076668,monomer
92954,,C=CC(=O)OCC(CCl)O,,1,121.595278794,143.640263721,118.842379249,128.02597392133336,homopoly
11217487,,CCC1(COC1)COC(=O)C=C,,0,87.7792369217,88.5115484705,62.9764246538,79.755736682,monomer
121420658,,CCCCCCCCC(CCCCCCCC)OC(=O)C=C,,0,163.1518784,192.052857105,159.542531892,171.58242246566667,monomer
174086,,C=CC(=O)OCCC(C(C(C(C(C(C(C(C(C(C(C(C(C(C(C(F)(F)F)(F)F)(F)F)(F)F)(F)F)(F)F)(F)F)(F)F)(F)F)(F)F)(F)F)(F)F)(F)F)(F)F)(F)F)(F)F,,0,171.046548491,241.118957707,185.952982624,199.37282960733333,monomer
3517032,,C=CC(=O)OCC1CCCN2C1CCCC2,,1,249.051515332,195.317922432,239.84653141,228.07198972466668,homopoly
129692971,,C=CC(=O)OC(CC)[N+](=O)[O-],,1,131.402316058,139.13793444,113.199910414,127.91338697066665,homopoly
23635600,,CCCCCC1=CC=C(C=C1)OC(=O)C=C,,0,65.9830041012,143.702467226,179.015418854,129.56696339373332,monomer
76133726,,C=CC(=O)OCCCCCCCF,,1,165.307191397,170.049256631,187.264081652,174.20684322666668,homopoly
21649872,,C=CC(=O)OCC1=CC=NC=C1,,2,331.746671463,344.624048108,269.060850885,315.1438568186666,homopoly
129883423,,C=CC(=O)OCCN=CC1=CC=C(C=C1)[N+](=O)[O-],,1,289.50305282,193.58764172,287.421412559,256.83736903299996,homopoly
3022608,,CCCCCCC(CCCC)COC(=O)C=C,,0,153.586089455,120.055864937,112.624003057,128.75531914966666,monomer
22134261,,C=CC(=O)OC1=CC=CC=C1[N+](=O)[O-],,2,266.065622704,443.772417165,441.94361426,383.927218043,homopoly
3022443,,CCCCCCCCCCCCCCC(C)COC(=O)C=C,,1,362.087226094,325.269388489,344.939259366,344.09862464966665,homopoly
11320950,,CCC(O)OC(=O)C=C,,1,105.239700013,124.422048024,104.502811559,111.388186532,homopoly
109058,,CC1=CC(=C(C(=C1)C(C)(C)C)O)CC2=C(C(=CC(=C2)C)C(C)(C)C)OC(=O)C=C,,0,239.364175295,208.586330203,267.077438661,238.34264805299998,monomer
58800711,,C=CC(=O)OCC1=CC=C(C=C1)N(C2=CC=CC=C2)C3=CC=CC=C3,,2,863.75679968,891.351911736,802.648933843,852.5858817530001,homopoly
18979434,,C=CC(=O)OCCCCCCOC1=CC=C(C=C1)C2=CC=C(C=C2)C3CCC(CC3)CCC4OCCO4,,1,473.304911114,528.360590805,815.784818264,605.8167733943334,homopoly
129879867,,C=CC(=O)OC1=CC=C(C=C1)N=CC2=CC=C(C=C2)[N+](=O)[O-],,1,279.869841236,491.170366352,364.616139906,378.5521158313333,homopoly
87489581,,C=CC(=O)OC(Cl)Cl,,0,42.5406860788,45.870078475,67.8451726908,52.08531241486666,monomer
904858,,C[C@]12CC[C@H](C1(C)C)C[C@@H]2OC(=O)C=C,,1,208.812284092,225.708743101,212.564584602,215.69520393166667,homopoly
162070,,CCC(C)COC(=O)C=C,,0,85.9919770294,42.1668090351,82.9207245225,70.35983686233334,monomer
164109228,,C=CC(=O)OC1C(C(=O)C2(C1=O)CCCCC2)O,,1,204.980586559,250.869849274,248.154338471,234.66825810133332,homopoly
87149162,,CCCCCCCCCCC(CCCCCCCC)COC(=O)C=C,,2,802.211880416,774.359166522,773.164144965,783.2450639676667,homopoly
99769780,,C=CC(=O)OCCCC(C(C(C(F)(F)F)(F)F)(F)F)(C(F)(F)F)C(F)(F)F,,1,190.666060256,227.774372092,225.405786527,214.61540629166666,homopoly
23688,,CCCCOCCOC(=O)C=C,,0,79.1831744947,74.5100815073,92.4976856124,82.0636472048,monomer
3023752,,CCCCCCCCCCCCCCCCCCCCCCCCCCCCCCCCOC(=O)C=C,,2,1135.48330787,1266.68374078,1203.26340615,1201.8101516,homopoly
16205728,,C=CC(=O)OCC(COC1=C(C=C(C=C1)Br)Br)O,,0,181.104634203,68.2486354102,163.842373248,137.73188095373334,monomer
543354,,C=CCCCCCCCCCOC(=O)C=C,,0,88.683483625,141.388346012,131.012662369,120.36149733533334,monomer
87701904,,CCCCC/C=C\C/C=C\CCCCCCCCOC(=O)C=C,,1,394.342904414,368.451407236,330.311751345,364.368687665,homopoly
22398902,,C=CC(=O)OC(C(C(C(C(C(C(C(C(C(C(C(F)(F)F)(F)F)(F)F)(F)F)(F)F)(F)F)(F)F)(F)F)(F)F)(F)F)(F)F)(F)F,,1,290.99729455,253.68632519,310.521209121,285.06827628700006,homopoly
22597223,,CC1C2CC3CC(C2)CC1(C3)OC(=O)C=C,,1,229.059745357,217.578507977,237.459636875,228.03263006966665,homopoly
6447059,,CC(=CCC/C(=C/CC/C(=C/CC/C(=C/CC/C(=C/CC/C(=C/CC/C(=C/CC/C(=C/CC/C(=C/CC/C(=C/COC(=O)C=C)/C)/C)/C)/C)/C)/C)/C)/C)/C)C,,2,1847.35373917,1980.5144005,1849.50584346,1892.4579943766666,homopoly
21932355,,CC(C(C(C(OC(=O)C=C)(F)F)(F)F)(F)F)(F)F,,1,153.003601951,134.753631494,148.749274468,145.50216930433334,homopoly
10241458,,C=CC(=O)OC1=CC(=CC=C1)Cl,,2,393.603729023,469.660991844,175.614608144,346.2931096703333,homopoly
140773107,,CC1=C(CC(CC1=O)C(=C)C)OC(=O)C=C,,2,488.742546274,434.681954187,534.315071886,485.9131907823333,homopoly
139896562,,C=CC(=O)OCCCCCCl,,1,171.746992099,177.135656723,127.392185075,158.75827796566668,homopoly
15685473,,C=CC(=O)OCCCC#N,,2,233.728223894,276.900773772,238.196402609,249.60846675833332,homopoly
3664250,,C=CC(=O)OC1=CC2=CC=CC=C2C=C1,,0,188.753121622,65.1439186217,112.393025403,122.09668854889999,monomer
57191966,,C=CC(=O)OCCCCCC(O)O,,1,158.121336884,180.890752868,158.689817509,165.90063575366665,homopoly
22348578,,C=CC(=O)OCC1=CC=CC=C1O,,2,249.166517391,416.345179783,409.488561842,358.333419672,homopoly
76345,,CCCCCOC(=O)C=C,,1,135.806605798,139.642847666,145.801449904,140.4169677893333,homopoly
91058,,CC=CCOC(=O)C=C,,1,157.807992052,98.745398152,131.064591399,129.20599386766668,homopoly
543940,,C=CC(=C)CCOC(=O)C=C,,0,75.4510281575,60.4448090507,111.010639768,82.30215899206668,monomer
129805408,,C=CC(=O)OC1=CC=CC=C1P(=S)(C2=CC=CC=C2)C3=CC=CC=C3,,1,490.240904178,356.119932226,406.527409825,417.6294154096667,homopoly
85581302,,CCCCCCCCCCCCCCCC1=CC(=CC=C1)OC(=O)C=C,,0,220.945881145,219.205048185,173.272633706,204.474521012,monomer
58800674,,CC1=CC=C(C=C1)N(C2=CC=C(C=C2)C)C3=CC=C(C=C3)C4=CC=C(C=C4)OC(=O)C=C,,2,1200.36670656,1210.00351911,1466.44261214,1292.2709459366667,homopoly
95218,,CC(CCOC(=O)C=C)OC,,1,142.804423262,148.365860638,148.2285581,146.46628066666665,homopoly
78270,,COC1=CC=C(C=C1)OC(=O)C=C,,1,236.131184865,113.491414502,223.103089828,190.90856306500004,homopoly
2794997,,CC1(COC(=O)[C@@H]1OC(=O)C=C)C,,0,83.3541674532,87.7482656222,75.9936324937,82.3653551897,monomer
57119052,,CS(=O)(=O)OC(=O)C=C,,2,204.059676313,228.694130505,238.90559344,223.88646675266668,homopoly
13878526,,C=CC(=O)OCCC(C(C(C(C(C(C(C(C(C(C(F)(F)F)(F)F)(F)F)(F)F)(F)F)(F)F)(F)F)(F)F)(F)F)(F)F)(F)F,,2,594.532785264,606.390556562,573.911617387,591.611653071,homopoly
129880690,,COC1=C(C=CC(=C1OC(=O)C=C)C=O)O,,0,163.87100727,115.716099428,60.1271486798,113.23808512593332,monomer
3020591,,CCC(COC)OC(=O)C=C,,2,290.969625985,300.558948534,285.113966175,292.21418023133333,homopoly
129675398,,CC1=CC2=C(C=C1C)N(C3=NC(=O)N(C(=O)C3=N2)OC(=O)C=C)CC(C(C(CO)O)O)O,,0,238.30263034,155.437974137,368.072626977,253.93774381800003,monomer
210152,,CCOC(=O)COC(=O)C=C,,0,68.1608642539,48.7469280613,82.7647232162,66.55750517713334,monomer
146014315,,C=CC(=O)OC(C(F)(F)F)(C(F)(F)F)C(Cl)(Cl)Cl,,2,354.437941129,361.329071765,368.065373608,361.27746216733334,homopoly
13049939,,C=CC(=O)OC1=CC=CC(=C1)[N+](=O)[O-],,0,160.279965839,108.404602249,19.1247292683,95.93643245210001,monomer
20224153,,C=CC(=O)OCCN=C=S,,0,95.1491004022,41.0079505363,80.7069707129,72.28800721713333,monomer
12191274,,COC1=C(C=CC(=C1)C=O)OC(=O)C=C,,0,82.4287026258,90.9794143319,156.825132373,110.0777497769,monomer
22709343,,CCCCCCCCCCCCC(CCCCCCCCCC)COC(=O)C=C,,1,454.394135643,447.922383591,474.023160553,458.77989326233336,homopoly
146036144,,C=CC(=O)OC1=COC2=CC=CC=C2C1=O,,0,175.69104096,46.5952591286,128.239906284,116.84206879086666,monomer
145430716,,C=CC(=O)OCC1=CC(=CC=C1)SC2=CC=CC=C2,,2,476.099778728,722.959356889,642.134102335,613.7310793173333,homopoly
16205728,,C=CC(=O)OCC(COC1=C(C=C(C=C1)Br)Br)O,,1,300.652897019,223.992796369,280.009506528,268.218399972,homopoly
129827076,,C=CC(=O)OCC1CCC(CC1)COCC2CO2,,2,485.743999576,486.5189903,488.11870801,486.79389929533335,homopoly
2776307,,C=CC(=O)OCC(CC(C(C(C(C(C(C(C(F)(F)F)(F)F)(F)F)(F)F)(F)F)(F)F)(F)F)(F)F)O,,1,252.511881734,256.030064634,270.86291758,259.80162131599997,homopoly
17111,,CN(C)CCOC(=O)C=C,,2,272.098895429,247.029112021,276.001110684,265.043039378,homopoly
3016430,,C#CCOC(=O)C=C,,0,50.9233263181,50.6060765691,50.107907249,50.5457700454,monomer
15374706,,C=CC(=O)OC(C(C(C(C(C(C(C(F)(F)F)(F)F)(F)F)(F)F)(F)F)(F)F)(F)F)(F)F,,1,177.012928722,221.645874066,217.742465769,205.46708951899998,homopoly
129712286,,C=CC(=O)OCCCCCCCCCCCCCCS(=O)(=O)O,,0,134.639035203,182.434581815,184.40631502,167.159977346,monomer
46988,,CCOCCCOC(=O)C=C,,1,130.423647855,146.768627305,163.347440693,146.84657195100002,homopoly
19806870,,CC(CF)(C(OC(=O)C=C)(F)F)C(F)(F)F,,1,153.050023262,130.485942224,139.068036751,140.86800074566668,homopoly
21884854,,CCCCCCCCCC1=CC=CC=C1OC(=O)C=C,,2,584.100073382,656.020272135,608.304774446,616.1417066543333,homopoly
22662497,,C=CC(=O)OC(CCO)O,,1,115.730047705,129.300026458,104.019543419,116.34987252733333,homopoly
3013855,,C=CC(=O)OCC(C(C(C(C(C(C(C(F)(F)F)(F)F)(F)F)(F)F)(F)F)(F)F)(F)F)(F)F,,0,98.5900553917,114.197362756,122.296915128,111.69477775856667,monomer
3023751,,CCCCCCCCCCCCCCCCCCCCCCCCCCCCCCCOC(=O)C=C,,2,1123.72608942,1174.48328141,1158.23604221,1152.1484710133334,homopoly
99769778,,C=CC(=O)OC1(C(C(C(C(C1(F)F)(F)F)(F)F)(F)F)(F)F)C(F)(F)F,,0,79.7074940783,96.3653517131,101.971977176,92.68160765580001,monomer
69810535,,C=CC(=O)OC[C@@H]1C[C@H]2C[C@@H]1C=C2,,1,163.879351027,189.473215142,196.730536833,183.361034334,homopoly
22372339,,CCCC1=CC=C(C=C1)OC(=O)C=C,,2,450.624062981,451.752929457,401.613169055,434.6633871643333,homopoly
99770079,,C=CC(=O)OC(C#N)(C(F)(Cl)Cl)C(F)(Cl)Cl,,1,189.811653252,223.900206117,187.622495104,200.44478482433337,homopoly
132279467,,CC1(CCCCC(C1(C)OC(=O)C=C)C2CCCCCC2)C,,1,310.907381809,355.318529364,347.591821247,337.93924413999997,homopoly
156600199,,C=CC(=O)OCc1cc(C(=O)c2ccc(F)cc2)no1,,1,362.041736775,131.314944292,342.251691926,278.536124331,homopoly
169029,,C=CC(=O)OCCNC(C)(C)C,,2,313.404347836,380.402487198,315.215508018,336.3407810173333,homopoly
104367,,C=CC(=O)OCCC(C(C(C(C(C(C(C(C(C(F)(F)F)(C(F)(F)F)F)(F)F)(F)F)(F)F)(F)F)(F)F)(F)F)(F)F)(F)F,,1,284.456069508,325.014565289,287.379505562,298.95004678633336,homopoly
69060682,,C=CC(=O)OCC1=CC(=C(C=C1)Cl)Cl,,0,124.151553732,74.5590132547,114.654969895,104.45517896056667,monomer
86294538,,C=CC(=O)OC(C)C,,0,63.7636661146,48.5269325413,51.0748717658,54.45515680723333,monomer
86808,,CC(C)CC(C)OC(=O)C=C,,2,302.523630432,334.205592939,309.32287266,315.350698677,homopoly
4443516,,C=CC(=O)OCC(COC1=CC=CC=C1)O,,2,434.473722879,392.383857628,441.54821218,422.80193089566666,homopoly
20474861,,CC(C)COC(C)OC(=O)C=C,,0,77.3821898864,65.379685387,102.60421006,81.78869511113334,monomer
104303,,CC1=C(C=C(C=C1)NC(=O)OC(C)COC(=O)C=C)NC(=O)OC(C)COC(=O)C=C,,0,190.076479199,232.381996618,236.716046366,219.72484072766667,monomer
97687,,C=CC(=O)OC1=CC=C(C=C1)[N+](=O)[O-],,0,166.276288813,76.6860393906,45.2773874306,96.0799052114,monomer
21807586,,C=CC(=O)OC1=CC2=CC=CC=C2N1,,0,190.169557669,58.5130617182,89.9813846854,112.88800135753333,monomer
86759871,,CC1=CC=C(C=C1)S(=O)(=O)OCCOC(=O)C=C,,1,215.916098333,218.036838513,296.052371332,243.33510272599997,homopoly
16204988,,C=CC(=O)OCC(CC(C(C(C(C(C(C(C(C(C(C(C(C(C(F)(F)F)(C(F)(F)F)F)(F)F)(F)F)(F)F)(F)F)(F)F)(F)F)(F)F)(F)F)(F)F)(F)F)(F)F)(F)F)O,,1,370.175185469,396.149066787,419.709538666,395.344596974,homopoly
13847852,,CC(C)CCCCCCCCCCCCCCCCCOC(=O)C=C,,1,396.141937636,405.543861335,380.286302072,393.99070034766663,homopoly
155490364,,C=CC(=O)OC1=C(C2=CC=CC=C2C=C1)C3=CC=CC=C3,,0,194.926501133,201.635364252,149.446593714,182.00281969966667,monomer
70139719,,C=CC(=O)OC1C=CC2=CC=CC=C2O1,,2,591.792836672,400.631245942,358.959574827,450.46121914700007,homopoly
134820730,,CC(C)OC1=CC=C(C=C1)C(=O)NC2=CC=C(C=C2)OC(=O)C=C,,2,638.331377958,665.096586743,1107.66822613,803.698730277,homopoly
23173068,,C=CC(=O)OCCCNC=O,,2,301.418064336,252.653058805,274.599701715,276.22360828533334,homopoly
546207,,C=CC(=O)OCC(C)C,,0,43.5154853001,67.6638142605,77.2958179787,62.82503917976667,monomer
90558,,C=CC(=O)OCCC(=O)O,,2,207.357472691,243.314486747,231.308921968,227.32696046866667,homopoly
639970,,C[C@@]12CC[C@@H](C1(C)C)C[C@H]2OC(=O)C=C,,2,453.041286889,429.060100826,410.568989538,430.89012575099997,homopoly
57931572,,C=CC(=O)OC1C2=CC=CC=C2C3=CC=CC=C13,,1,319.322609028,272.083068199,257.989408963,283.13169539666666,homopoly
91809457,,CC(C)(C)OC(=O)CCOCCOCCOCCOCCOC(=O)C=C,,0,167.766436056,177.027067647,155.979372912,166.924292205,monomer
597374,,CC1(C2CCC1(C(C2C(C3=CC=CC=C3)C4=CC=CC=C4)OC(=O)C=C)C)C,,0,238.857027194,214.194045773,191.329499508,214.79352415833333,monomer
23023397,,C=CC(=O)OCCC=O,,1,135.749132706,92.7390291884,106.678879861,111.7223472518,homopoly
155432394,,CC(C)(CCOC(C)(C)CC(=O)ON1C(=O)CCC1=O)OC(=O)C=C,,1,318.743553354,290.960909233,338.228858472,315.97777368633336,homopoly
167312926,,C=CC(=O)OCCOCCOCCNC(=O)OCC1[C@H]2[C@@H]1CCC#CCC2,,2,723.96115818,725.616843391,686.177725883,711.918575818,homopoly
54376974,,CC(C)(C)C(OCCC#N)OC(=O)C=C,,2,388.950153307,375.041461638,416.060465619,393.35069352133337,homopoly
18352416,,CCOOC(=O)C=C,,0,75.8629185974,61.4630255605,20.4556670153,52.593870391066666,monomer
21881314,,C=CC(=O)OCC(OC1=CCCC1)OC2=CCCC2,,2,528.057246526,570.914971094,510.652970844,536.541729488,homopoly
21696203,,COCCOCCOCCOCCOCCOCCOCCOCCOCCOCCOC(=O)C=C,,0,242.71494185,207.277639528,248.969902075,232.98749448433333,monomer
46835728,,CC(C)(C)C1=CC(=CC(=C1)OC(=O)C=C)C(C)(C)C,,0,171.011776912,140.834502324,148.774751074,153.54034343666666,monomer
102248210,,CCC(COC(=O)C=C)([N+](=O)[O-])[N+](=O)[O-],,2,368.138733914,328.268909596,323.73697316,340.0482055566667,homopoly
20226510,,CCC1(CCCCC1)OC(=O)C=C,,2,351.462696643,374.092560248,395.017905398,373.52438742966666,homopoly
129721791,,C=CC(=O)OC1=CC(=CC2=C1N(C3=C2C=C(C=C3)Br)CCO)Br,,1,341.67788863,426.683234697,458.946174064,409.1024324636667,homopoly
20226511,,C=CC(=O)OC1=CC=CC=C1CC2=CC=CC=C2,,1,290.286949496,277.219843295,264.626395271,277.377729354,homopoly
16206038,,CC(COCC(COCC(C)OC(=O)C=C)OCC(C)O)O,,1,292.951493534,274.009767774,285.508742438,284.15666791533334,homopoly
21868062,,C=CC(=O)OC1CC2CCC1(C)C2(C)C,,0,105.752326855,125.865360494,98.2883922138,109.96869318759998,monomer
23070525,,C=CC(=O)OC(CSCCSC1=CC=CC=C1)CSCCSC2=CC=CC=C2,,1,539.21407441,388.871362576,469.642461132,465.9092993726667,homopoly
11083924,,C=CC(=O)OCCS,,0,40.763858206,64.188399222,63.0898423705,56.01403326616667,monomer
86736826,,CCC(C)(N)OOC(=O)C=C,,2,259.834618969,295.513234944,312.545748065,289.297867326,homopoly
27134,,CCSCCOC(=O)C=C,,2,254.444597569,311.705714149,314.856720119,293.66901061233335,homopoly
129884945,,C=CC(=O)OC1=CC(=O)C2=CC=CC=C2O1,,0,160.831954737,87.0731713572,99.300944537,115.73535687706668,monomer
86643208,,C=CC(=O)OC(C)OCc1ccccc1,,2,390.917227992,454.181424879,406.597680151,417.23211100733334,homopoly
129854610,,CCCCCCCCCCOC(=O)CCOC(=O)C=C,,2,570.65959689,569.310667492,566.684422178,568.88489552,homopoly
102811,,CCC(COC(=O)C=C)O,,2,245.945903405,274.746683748,245.177333298,255.28997348366667,homopoly
11298697,,C=CC(=O)OC1C2CC3CC(C2)CC1C3,,0,127.214300972,99.8695000923,100.52185702,109.20188602809999,monomer
91938,,C=CC(=O)OCC(CO)(CO)CO,,2,314.397783553,311.110095081,301.745013813,309.08429748233334,homopoly
19979416,,CC1(CC(CC(N1OC)(C)C)OC(=O)C=C)C,,2,437.931841535,472.276438536,517.083884262,475.7640547776667,homopoly
58231716,,C=CC(=O)OC1=C(C=C(C2=C1SC3=CC=CC=C32)C4=CC=CC5=C4SC6=CC=CC=C56)C7=CC=CC8=C7SC9=CC=CC=C89,,0,318.551163767,456.62362563,511.966469886,429.0470864276667,monomer
4372816,,CC(=O)CC(=O)OCCOC(=O)C=C,,0,78.4633846005,87.1635123734,90.2342874516,85.28706147516665,monomer
109997,,CCCCN(CCOC(=O)C=C)S(=O)(=O)C(C(C(C(C(C(C(F)(F)F)(F)F)(F)F)(F)F)(F)F)(F)F)(F)F,,1,345.538320763,376.418152666,369.850942019,363.93580514933336,homopoly
22182933,,C=CC(=O)OC1CCCCC1O,,0,95.2493461604,56.9183125174,91.2531894334,81.14028270373332,monomer
53752639,,CC(CC1OCC(CO1)(C)C)OC(=O)C=C,,1,213.759786338,222.323113336,205.624137723,213.90234579900002,homopoly
129824284,,C=CC(=O)OCC1COC(O1)C2=CC=C(C=C2)Cl,,0,118.035904808,99.6681425393,148.432075321,122.04537422276667,monomer
21459496,,C=CC(=O)OC1=CC=C(C=C1)C2=C(C(=CC=C2)F)F,,1,255.556143329,394.649656712,223.737100062,291.3143000343333,homopoly
129808889,,C=CC(=O)OCC([N+](=O)[O-])[N+](=O)[O-],,2,289.649558047,279.129153348,268.643195843,279.14063574600004,homopoly
69810535,,C=CC(=O)OC[C@@H]1C[C@H]2C[C@@H]1C=C2,,0,89.7611350081,97.8357874166,77.384022791,88.32698173856666,monomer
168655174,,C=CC(=O)OC1=C(C=CC(=C1)C2=NC3=CC=CC=C3S2)C4=NC5=CC=CC=C5S4,,1,830.519447496,648.279393113,393.494526729,624.0977891126666,homopoly
19855,,CCC(CC)COC(=O)C=C,,2,319.180262166,287.024376832,335.093188334,313.765942444,homopoly
11027847,,C=CC(=O)OCCCC(C(C(C(C(C(C(C(F)(F)F)(F)F)(F)F)(F)F)(F)F)(F)F)(F)F)(F)F,,1,256.630027665,253.251709975,257.70565812,255.8624652533333,homopoly
88216,,C=CC(=O)OCCN1CCOCC1,,1,187.366507765,153.122134204,167.533729288,169.340790419,homopoly
59172004,,CCOP(=O)(CCCCCCCCCCCOC(=O)C=C)OCC,,1,372.345622983,331.434032872,362.487801456,355.42248577033337,homopoly
86078028,,C=CC(=O)OCCSSC1=CC=CC=N1,,0,161.608379467,81.3029809611,118.383470916,120.43161044803333,monomer
21746034,,C=CC(=O)OC1=CN=CC=C1,,1,114.712202887,144.490318536,196.052191531,151.75157098466667,homopoly
737020,,CC1(COC(=O)[C@H]1OC(=O)C=C)C,,2,310.152248695,342.824091967,317.719597196,323.5653126193333,homopoly
22228790,,C=CC(=O)OC12CC3CC(C1)CC(C3)(C2)O,,0,130.191978746,85.5688516824,111.351329756,109.03738672813331,monomer
23635602,,CCCCCCCC1=CC=C(C=C1)OC(=O)C=C,,0,106.060938595,128.025691163,194.051354636,142.71266146466667,monomer
83410,,CCCCCCCCCCCCCCCCOC(=O)C=C,,2,626.975552623,647.396706054,670.424897112,648.2657185963334,homopoly
101642,,C=CC(=O)OCC(C(C(C(F)(F)F)(F)F)(F)F)(F)F,,1,155.336682126,145.470967365,136.94346239,145.91703729366668,homopoly
88121797,,CCCCC(=O)OC(=O)C=C,,0,89.3395828458,50.3380654526,78.6294284692,72.7690255892,monomer
92696,,C=CC(=O)OCCCCCO,,0,73.7799301069,43.4048043184,102.332988419,73.17257428143334,monomer
74692,,CCN(CCOC(=O)C=C)S(=O)(=O)C(C(C(C(C(C(F)(F)F)(F)F)(F)F)(F)F)(F)F)(F)F,,2,599.115820476,598.222715833,634.128508723,610.4890150106667,homopoly
153532451,,C=CC(=O)OC1=NC(=C2C(=N1)N=CN2)N,,2,532.571059995,257.489673409,385.602198082,391.88764382866674,homopoly
68915228,,CN(C)C1(CCC(=O)C(C1)COC(=O)C=C)C2=CC=CC=C2,,0,156.274935032,176.603262592,147.177500076,160.0185659,monomer
121642,,CC(C)(COC(=O)C=C)COC(=O)C(C)(C)COC(=O)C=C,,1,330.280639922,226.158967204,308.242188215,288.22726511366665,homopoly
22003413,,CC(C)CCCCOC(=O)C=C,,0,99.2721857205,80.6934615067,85.428759114,88.46480211373334,monomer
129773825,,C=CC(=O)OCC1=CC=C(C=C1)C(=O)C2=CC=CC=C2,,2,446.794727172,806.711865064,571.927549145,608.478047127,homopoly
3015131,,C=CC(=O)OC1=CC=C(C=C1)C(=O)C2=CC=CC=C2,,0,107.449929616,98.4110565859,258.656790809,154.83925900363332,monomer
69285274,,CC1=CC(=C(C=C1)N(C2=CC=C(C=C2)C3=CC=C(C=C3)CCOC(=O)C=C)C4=CC(=C(C=C4)C)C)C,,1,659.210724823,694.461653123,758.78994914,704.1541090286665,homopoly
129805408,,C=CC(=O)OC1=CC=CC=C1P(=S)(C2=CC=CC=C2)C3=CC=CC=C3,,2,828.668737527,822.690034015,920.687987037,857.3489195263332,homopoly
88597910,,C=CC(=O)OC(O)(O)C(C)O,,0,59.7745204276,59.2486952346,64.2820511774,61.1017556132,monomer
21938748,,CC(CCC=C(C)C)CCOC(=O)C=C,,2,408.57453744,521.341015004,436.499645558,455.47173266733336,homopoly
3020591,,CCC(COC)OC(=O)C=C,,1,146.764008971,152.623122032,146.024942477,148.47069116,homopoly
22676929,,C=CC(=O)OCCSC1=CC=CC=C1,,0,63.4629853532,111.45446287,142.991315172,105.96958779839998,monomer
3051368,,CC(=O)O[C@H]1CC[C@]2([C@@H](C1)CC[C@@H]3[C@@H]2CC[C@]4([C@@]3(CC[C@H]4C(=O)COC(=O)C=C)O)C)C,,0,236.838457952,230.827834372,200.184657957,222.616983427,monomer
118382728,,C=CC(=O)OCCCCCCCCCCCCCCC,,2,577.314591166,611.800578649,667.116144647,618.7437714873334,homopoly
69286003,,CC1=CC(=C(C=C1)N(C2=CC=C(C=C2)C3=CC=C(C=C3)CCOC(=O)C=C)C4=C(C=C(C=C4C)C)C)C,,0,330.321396897,315.906355877,445.04773374,363.75849550466666,monomer
20536718,,CC(CCOC(=O)C=C)OCCC#N,,1,180.209980623,186.920085642,167.783129203,178.3043984893333,homopoly
18546536,,CSCCCOC(=O)C=C,,2,309.428831977,262.191327358,305.35050182,292.32355371833336,homopoly
11218292,,CC1(C2CC3CC(C2)CC1C3)OC(=O)C=C,,2,457.909553449,452.938095126,460.429974139,457.0925409046667,homopoly
138113129,,C=CC(=O)OC1=C(OC2=CC=CC=C2C1=O)C3=CC=CC=C3,,0,192.624761027,229.271928812,125.398965084,182.43188497433334,monomer
44150458,,CC(=O)OCC1(CCC2C1C3CCC2C3)COC(=O)C=C,,1,258.870051538,305.163411607,298.524442822,287.51930198900004,homopoly
18353926,,C=CC(=O)OCC1COC(=O)O1,,1,151.106538466,117.495817264,127.72614904,132.10950159,homopoly
20812341,,CC1(OCC(O1)COC(=O)C=C)C,,0,109.909263212,56.5650988179,84.7940950812,83.75615237036666,monomer
15153819,,C=CC(=O)OCCCCCCBr,,1,158.260571401,151.742688666,217.585456242,175.86290543633334,homopoly
13668181,,CC(=CCOC(=O)C=C)C,,2,273.559266744,338.72079977,277.984068074,296.75471152933335,homopoly
14899,,CC(C)CCCCCCCOC(=O)C=C,,1,218.604841529,212.488198059,243.232167506,224.77506903133335,homopoly
19996,,C=CC(=O)OCCOCCOC(=O)C=C,,2,382.862146984,381.346424867,381.355404698,381.8546588496667,homopoly
19028358,,CC(COC(=O)C=C)Cl,,1,131.029549109,98.9925493815,135.820891918,121.9476634695,homopoly
15055442,,CC(C)(C(=O)C1=CC=C(C=C1)OCCOC(=O)C=C)O,,1,225.419143147,273.953078185,355.201772961,284.85799809766667,homopoly
129753429,,C=CC(=O)OC1CCN(CC1)C2=C(C(=C(C(=C2F)F)C3CC(=NN3C4=CC=CC=C4)C5=CC=CC=C5)F)F,,1,736.79947277,552.058917308,630.23650124,639.698297106,homopoly
22731403,,CCOC1CC2COC(=O)C2CC1OC(=O)C=C,,1,220.283529644,242.946318447,221.666949282,228.29893245766667,homopoly
5142305,,C=CC(=O)OC1=CC=C(C=C1)N2C(=O)C3=C(C2=O)C(=CC=C3)[N+](=O)[O-],,1,516.510261629,237.185933707,319.590342534,357.76217928999995,homopoly
23635601,,CCCCCCC1=CC=C(C=C1)OC(=O)C=C,,2,581.499651571,410.693217023,575.984850271,522.7259062883332,homopoly
543932,,C=CC(=O)OCCC1CC1=C,,0,72.3022067114,73.7354540264,92.7272112176,79.58829065180001,monomer
131887749,,[2H]C([2H])([2H])C(C([2H])([2H])[2H])(C([2H])([2H])[2H])OC(=O)C=C,,0,44.9198682,65.8553476239,77.3319041936,62.70237333916666,monomer
164946354,,CC/C=C/CCOC(=O)C=C,,1,159.267756712,156.937908605,160.469116045,158.89159378733333,homopoly
58231733,,C=CC(=O)OC1=C(C=C(C=C1)C2=CC=CC3=C2OC4=CC=CC=C34)C5=CC=CC6=C5OC7=CC=CC=C67,,1,593.547254067,598.840337219,778.613882019,657.0004911016667,homopoly
54376974,,CC(C)(C)C(OCCC#N)OC(=O)C=C,,0,110.220895982,77.9809245255,111.363794782,99.8552050965,monomer
58231726,,C=CC(=O)OC1=C(C=C(C=C1)C2=CC3=CC=CC=C3S2)C4=CC5=CC=CC=C5S4,,2,1564.17098645,1396.61804243,811.032436339,1257.2738217396666,homopoly
53845741,,CCCCCCCCCCCCSCC(CSCCCCCCCCCCCC)OC(=O)C=C,,2,1136.61667975,1107.31992728,1123.78684218,1122.57448307,homopoly
17789732,,C=CC(=O)OCCOC1=CC=C(C=C1)C2(C3=CC=CC=C3C4=CC=CC=C42)C5=CC=C(C=C5)OCCOC(=O)C=C,,1,701.816692037,635.525595995,655.644752114,664.329013382,homopoly
86614660,,CC1=CC2=C(C=C1Cl)OC(=O)C(=C2C3=CC(=CC=C3)OC(=O)C=C)CC(=O)NC4=C(C=C(C=C4O)F)C(F)(F)F,,1,579.882339217,786.569023883,491.6710984,619.3741538333334,homopoly
76345,,CCCCCOC(=O)C=C,,0,81.8183606531,47.9764644446,83.8825132912,71.22577946296667,monomer
11253685,,CC(C)(C12CC3CC(C1)CC(C3)C2)OC(=O)C=C,,1,270.349020488,256.585478058,254.941775047,260.62542453099996,homopoly
20226495,,C=CC(=O)OCC1=CC=CC=C1C2=CC=CC=C2,,1,238.976835594,266.170234476,365.668781526,290.271950532,homopoly
53860247,,CC(C)C1(CCCC1)OC(=O)C=C,,1,173.410675944,185.704396923,196.368493544,185.16118880366665,homopoly
6658,,C=CC(=O)OC,,0,56.0372849984,31.8468024384,23.9879615437,37.2906829935,monomer
100995,,C=CC(=O)OCCOCCOCCOCCOCCOC(=O)C=C,,1,291.826303486,325.482137193,294.851519318,304.053319999,homopoly
98055,,CCCCCCC(C)OC(=O)C=C,,2,390.868525405,392.206714972,358.066463081,380.3805678193333,homopoly
57648627,,C=CC(=O)OC(OC(=O)C=C)(OC(=O)C=C)OC(=O)C=C,,2,528.923485298,532.211656335,430.037905363,497.05768233199996,homopoly
121420672,,CCCCCCCC(CCCCCCC)OC(=O)C=C,,1,320.674668885,301.93788181,303.158703662,308.590418119,homopoly
3023748,,CCCCCCCCCCCCCCCCCCCCCCCCCCOC(=O)C=C,,1,521.736228801,500.207297033,458.572163216,493.5052296833333,homopoly
3664250,,C=CC(=O)OC1=CC2=CC=CC=C2C=C1,,2,359.588705853,621.511711138,490.806423915,490.63561363533336,homopoly
155490364,,C=CC(=O)OC1=C(C2=CC=CC=C2C=C1)C3=CC=CC=C3,,2,723.000513494,579.577606971,824.923242274,709.167120913,homopoly
2776196,,C=CC(=O)OCC(CC(C(C(C(F)(F)F)(C(F)(F)F)F)(F)F)(F)F)O,,0,111.058841405,69.9151830243,124.378351325,101.78412525143334,monomer
66995440,,C=CC(=O)OC1=CC=CC2=C1CC3=CC=CC=C32,,0,76.8995886482,152.537395209,220.409595128,149.94885966173334,monomer
18979476,,C=CC(=O)OCCCCCCOC1=CC=C(C=C1)C2=CC=C(C=C2)C3CCC(CC3)CCC(=O)O,,1,473.776301739,530.430415504,671.724254912,558.643657385,homopoly
90188966,,CCN(CCCCCCOC(=O)C=C)C1=CC=C(C=C1)N=NC2=C(C=C(C=C2)[N+](=O)[O-])C#N,,2,1092.52581712,1598.52195206,1124.1576023,1271.7351238266667,homopoly
53766210,,C=CC(=O)OCC([N+](=O)[O-])([N+](=O)[O-])[N+](=O)[O-],,1,160.307442258,174.310375031,175.982372106,170.20006313166667,homopoly
59689374,,C=CC(=O)OCCCC(C(F)(F)F)(F)F,,1,160.933391014,143.828899827,124.472389849,143.07822689666668,homopoly
109855,,CN(CCCCOC(=O)C=C)S(=O)(=O)C(C(C(C(C(C(C(F)(F)F)(F)F)(F)F)(F)F)(F)F)(F)F)(F)F,,0,156.794315433,169.562437779,172.152375619,166.16970961033334,monomer
102466680,,C=CC(=O)OC[C@@H]1CCCN1CC2=CC=CC=C2,,1,266.328663682,262.942924436,252.69728111,260.6562897426666,homopoly
13668181,,CC(=CCOC(=O)C=C)C,,0,47.811948459,62.4632499897,115.762175097,75.3457911819,monomer
22277950,,C=CC(=O)OC(C(C(C(C(C(F)(F)F)(F)F)(F)F)(F)F)(F)F)(F)F,,1,157.958922459,167.767602745,173.793814561,166.50677992166666,homopoly
3023480,,C=CC(=O)OCCCC1=CC=CO1,,2,366.835380749,383.026915208,269.473495603,339.7785971866667,homopoly
11027847,,C=CC(=O)OCCCC(C(C(C(C(C(C(C(F)(F)F)(F)F)(F)F)(F)F)(F)F)(F)F)(F)F)(F)F,,2,512.177209894,540.881212763,485.858864002,512.9724288863333,homopoly
168059192,,CC(C)N(CC1=C(C(=CC(=C1)C=O)OC)OC(=O)C=C)C(C)C,,1,339.091991401,352.114267833,332.70696427,341.3044078346666,homopoly
18366398,,C=CC(=O)OI,,1,119.127921246,61.3433548263,125.496064631,101.98911356776667,homopoly
86753073,,C=CC(=O)OCCCCOC1=CC=C(C=C1)C2(CC=CC(=C2F)C3=CC=C(C=C3)CCCCOS(=O)(=O)C(F)(F)F)F,,2,1219.12792488,1289.78016231,1005.1214291,1171.3431720966666,homopoly
106569,,CN(CCOC(=O)C=C)S(=O)(=O)C(C(C(C(C(C(C(F)(F)F)(F)F)(F)F)(F)F)(F)F)(F)F)(F)F,,1,258.552038414,323.017765175,354.376359054,311.98205421433335,homopoly
71310572,,C=CC(=O)OCCC(=O)[O-],,2,590.095094333,1860.5403565,1281.06230152,1243.8992507843334,homopoly
23635603,,CCCCCCCCC1=CC=C(C=C1)OC(=O)C=C,,2,625.583431692,733.394437221,507.495024068,622.1576309936667,homopoly
3016548,,CCCCCCCCCCCCCCCCCCCCCCCCOC(=O)C=C,,0,215.959285825,208.713564729,254.128165866,226.26700547333334,monomer
53461614,,CC12CCC(=O)CC1CCC3C2CCC4(C3CCC4OC(=O)C=C)C,,0,161.139480513,180.100668682,204.780521819,182.00689033799998,monomer
163212139,,CC(C)CCCC(C)CC(O)OC(=O)C=C,,2,425.245940632,505.033073947,440.474842893,456.91795249066666,homopoly
94246,,CC(CO)OC(=O)C=C,,0,29.9771917722,58.8344913463,81.9973137397,56.936332286066666,monomer
21365444,,CC1CCC(CC1)C(C)(C)OC(=O)C=C,,1,243.798564991,211.467971991,208.308873838,221.1918036066667,homopoly
19033442,,C=CC(=O)OCCCCCCOC1=CC=CC=C1,,2,562.849292523,553.702425387,433.011435485,516.5210511316667,homopoly
88088085,,C=CC(=O)OC(C1=CC=C(C=C1)F)(C(F)(F)F)C(F)(F)F,,1,215.613975994,282.205081765,140.808352413,212.87580339066665,homopoly
13262697,,C=CC(=O)OCC1=CC=CC2=CC=CC=C21,,2,394.256942262,521.479422235,481.46094393,465.73243614233337,homopoly
53860247,,CC(C)C1(CCCC1)OC(=O)C=C,,2,378.553361757,370.875067925,366.208860698,371.8790967933333,homopoly
7825,,C=CC(=O)OCCC#N,,1,99.5117922852,101.822073819,121.7070176,107.68029456806669,homopoly
57045534,,C=CC(=O)OCCC(Cl)Cl,,2,310.288722445,278.903158923,273.153012791,287.448298053,homopoly
92029513,,COC1=CC2=CC3=C(C=C2C=C1)C(=CC(=O)O3)COC(=O)C=C,,1,360.134881168,516.966639465,250.226374351,375.7759649946667,homopoly
91997189,,CC1C2CC(C1(C)C)CC2C3CCCC(C3)OC(=O)C=C,,1,335.921863157,307.40711518,291.228432494,311.5191369436667,homopoly
5748640,,C[C@H](CO)OC(=O)C=C,,2,221.274515986,226.90235778,227.550084043,225.24231926966664,homopoly
12716,,CC(C)OC(=O)C=C,,2,211.578670765,216.04492402,212.819251552,213.480948779,homopoly
13908061,,C=CC(=O)OCCOCCOCCO,,2,327.024494005,381.941792951,340.858730347,349.9416724343334,homopoly
11416795,,C=CC(=O)OCCCCCCOC1=CC=C(C=C1)C2=CC=C(C=C2)C#N,,2,920.082955979,758.152536596,934.973753354,871.069748643,homopoly
105249,,C=CC(=O)OCCN(CCOC(=O)C=C)C=O,,0,66.6301437881,129.768364249,125.266528727,107.22167892136666,monomer
77078222,,CC(C)(C)OC(=O)CCOCCOCCOC(=O)C=C,,0,108.1515885,140.643803882,140.599539811,129.798310731,monomer
59245520,,CCCC1CCC(CC1)C2CCC(CC2)C3=CC(=C(C(=C3)F)OCCCOC(=O)C=C)F,,2,970.769668134,932.801788898,930.537923545,944.703126859,homopoly
138402884,,C/C=C\CCOC(=O)C=C,,0,75.8475972217,31.772230411,110.198227828,72.6060184869,monomer
3022608,,CCCCCCC(CCCC)COC(=O)C=C,,1,280.488274611,237.520002134,258.737936948,258.91540456433336,homopoly
121005771,,CC1=CC=CC=C1N2CC3=C(C=CC(=C3)OC(=O)C=C)OC2,,0,144.605968448,178.108356764,199.054339794,173.92288833533334,monomer
156595944,,C=CC(=O)Oc1cc(C)ccc1C(C)C,,2,455.788059958,468.163172564,479.106955731,467.686062751,homopoly
3022444,,CCCCCCCCCCCCCCCC(C)COC(=O)C=C,,2,714.333371026,715.613474681,732.874277778,720.940374495,homopoly
21884854,,CCCCCCCCCC1=CC=CC=C1OC(=O)C=C,,1,234.103377818,363.972730909,331.346769996,309.807626241,homopoly
21459496,,C=CC(=O)OC1=CC=C(C=C1)C2=C(C(=CC=C2)F)F,,0,129.236950833,51.8407878338,270.751110782,150.60961648293335,monomer
91241,,C=CC(=O)OCC(CCl)Cl,,0,83.0677118801,47.7766033861,73.1975912151,68.0139688271,monomer
69199120,,CC1CCC(CC1)(C(C)C)OC(=O)C=C,,2,421.302209799,435.65557011,461.967170522,439.6416501436667,homopoly
3022442,,CCCCCCCCCCCCCC(C)COC(=O)C=C,,0,156.570416577,164.109236768,167.504516611,162.728056652,monomer
13668398,,C=CC(=O)OCCOC(=O)CCS(=O)(=O)CCCl,,1,220.082682371,238.18843853,254.592595865,237.621238922,homopoly
27282087,,C=CC(=O)OCCCCC1=C(C=C(C=C1)[N+](=O)[O-])[N+](=O)[O-],,2,474.549823867,655.446106882,507.559087977,545.8516729086666,homopoly
11378874,,C=CC(=O)OCOP(=O)(O)O,,1,139.679996537,97.6487915263,112.932613996,116.75380068643334,homopoly
15722986,,C=CC(=O)OCCI,,1,120.9306818,96.7356610105,145.148754574,120.93836579483333,homopoly
15390035,,C=CC(=O)OCCCCCCOC1=CC=C(C=C1)O,,0,159.925500758,91.2777011802,162.365406005,137.85620264773334,monomer
129773897,,CN(CCCOC(=O)C=C)C1=CC=CC=C1,,0,57.4990927175,127.960899406,174.318812376,119.9262681665,monomer
20479854,,CCCCCC(O)OC(=O)C=C,,2,323.968454677,322.472077176,319.596941767,322.01249120666665,homopoly
14527824,,C=CC(=O)OC1=C(C2=CC=CC=C2C=C1)C3=CC=CC4=CC=CC=C43,,0,274.451224782,208.747953541,175.882888778,219.69402236699997,monomer
175021,,CN(CCOC(=O)C=C)S(=O)(=O)CCC(C(C(C(C(C(C(C(C(C(C(C(F)(F)F)(F)F)(F)F)(F)F)(F)F)(F)F)(F)F)(F)F)(F)F)(F)F)(F)F)(F)F,,1,428.571937951,414.824581464,439.020982768,427.4725007276667,homopoly
10197737,,C=CC(=O)OC(F)(F)F,,2,146.805728315,134.545581771,154.328858137,145.226722741,homopoly
17257,,CCCCCCCOC(=O)C=C,,2,342.25451812,355.009235326,350.117816726,349.12719005733334,homopoly
129692971,,C=CC(=O)OC(CC)[N+](=O)[O-],,2,277.559540922,244.564918934,255.745038353,259.2898327363333,homopoly
293461,,C=CC(=O)OC1=CC=C(C=C1)Cl,,1,150.683277783,162.034098747,230.164053467,180.96047666566668,homopoly
22465159,,C=CC(=O)OCC(CN(F)F)N(F)F,,2,271.860143356,266.375216864,305.972402981,281.4025877336667,homopoly
3017303,,C=CC(=O)OCCn1ccnc1,,0,82.1660801876,53.3517344234,88.8565793664,74.79146465913334,monomer
21896333,,C=CC(=O)OC1(CCCC1)C2CC3CCC2O3,,0,130.817118338,113.914416323,103.078540008,115.93669155633334,monomer
23635603,,CCCCCCCCC1=CC=C(C=C1)OC(=O)C=C,,1,313.025562622,260.100604282,340.00458702,304.37691797466664,homopoly
56835609,,CCN(CCCCCOC(=O)C=C)C(=O)C,,2,475.871460852,440.19071617,419.701679949,445.2546189903333,homopoly
102199009,,C=CC(=O)OC1=CC=C(C=C1)C(=C(C2=CC=CC=C2)C3=CC=CC=C3)C4=CC=CC=C4,,2,1156.81593361,1235.20776239,1029.20113198,1140.4082759933333,homopoly
98056,,CC1CC(CC(C1)(C)C)OC(=O)C=C,,1,212.739477152,187.108756311,209.67162785,203.17328710433335,homopoly
12705069,,CC(C)(C)OOC(=O)C=C,,2,319.277369845,266.323758773,230.904009724,272.16837944733334,homopoly
7819,,CC(C)COC(=O)C=C,,1,137.63821801,114.765719864,118.859731554,123.754556476,homopoly
12577030,,C=CC(=O)OC1CC2CC1C3C2C=CC3,,0,117.759975658,85.2789752003,119.27316297,107.4373712761,monomer
140350948,,C=CC(=O)OOC(=O)OOC(=O)C=C,,2,324.201668279,288.118698705,299.088015463,303.80279414899996,homopoly
210152,,CCOC(=O)COC(=O)C=C,,1,112.743007527,143.426350081,136.894248905,131.02120217100003,homopoly
59172004,,CCOP(=O)(CCCCCCCCCCCOC(=O)C=C)OCC,,0,187.084670828,180.628100818,158.057913225,175.256894957,monomer
12716,,CC(C)OC(=O)C=C,,0,68.8024132074,32.1107623375,62.4510734753,54.454749673399995,monomer
163212139,,CC(C)CCCC(C)CC(O)OC(=O)C=C,,0,137.512744268,80.970054106,126.541346434,115.00804826933334,monomer
54550688,,CCC(COC(=O)C=C)C#N,,0,59.6911407296,77.7016174006,79.4834051243,72.29205441816667,monomer
69099902,,CC(=O)OC[C@@H]1[C@H]([C@@H]([C@H]([C@@H](O1)OCCOC(=O)C=C)OC(=O)C)OC(=O)C)OC(=O)C,,2,724.253904906,699.091321376,754.763686334,726.0363042053333,homopoly
70139719,,C=CC(=O)OC1C=CC2=CC=CC=C2O1,,1,252.768377673,155.125113219,245.378376114,217.75728900200002,homopoly
10997741,,CC(=O)OCCCCOC(=O)C=C,,0,89.9671692909,58.2998487139,96.6090022722,81.62534009233333,monomer
163826037,,C=CC(=O)OC1CC2=CC=CC=C2C1,,2,469.597235798,326.728450418,468.891734735,421.73914031699996,homopoly
67252608,,C=CC(=O)OC(C1=CC=CC2=CC=CC=C21)O,,1,325.723041271,194.527888103,236.110843827,252.120591067,homopoly
543285,,CCCCCCCCCCCCCC(C)OC(=O)C=C,,0,181.780056587,115.644970591,171.422589429,156.28253886899998,monomer
77078222,,CC(C)(C)OC(=O)CCOCCOCCOC(=O)C=C,,2,523.605018173,526.55104981,503.705715983,517.9539279886667,homopoly
3086211,,CCC(COC(=O)CCOC(=O)C=C)(COC(=O)CCOC(=O)C=C)COC(=O)CCOC(=O)C=C,,2,944.36222879,802.989786247,956.967300533,901.4397718566667,homopoly
129834454,,C=CC(=O)OCCOCCOC1=CC2=C(C=C1)C(=CC(=O)N2CC3=CC=CC=C3)C4=CC=CC=C4,,2,1199.02008854,1127.94260781,944.58541091,1090.5160357533334,homopoly
61642,,C=CC(=O)OCCOCCO,,0,65.2370086184,46.5242067046,91.6346760807,67.7986304679,monomer
4391003,,CC(CCOC(=O)C=C)CC(C)(C)C,,0,115.389675319,86.2887299445,108.707851461,103.46208557483334,monomer
95218,,CC(CCOC(=O)C=C)OC,,0,53.7305000703,74.967031569,95.495157155,74.73089626476667,monomer
543187,,CCC(=O)OC(C)OC(=O)C=C,,1,149.592579239,150.027447675,143.281052908,147.633693274,homopoly
121420672,,CCCCCCCC(CCCCCCC)OC(=O)C=C,,2,615.500495751,622.477502682,608.614151176,615.5307165363333,homopoly
5066485,,CCN(CCOC(=O)C=C)C1=CC=C(C=C1)N=NC2=CC=C(C=C2)[N+](=O)[O-],,2,787.618946519,1151.13261309,1196.39129726,1045.0476189563333,homopoly
20594792,,CCCC1CCC(CC1)C2=CC=C(C=C2)OC(=O)C=C,,2,639.763424539,713.960755062,605.668897543,653.1310257146666,homopoly
12084305,,CC1(CC(CC(N1OCC(C)(C)O)(C)C)OC(=O)C=C)C,,1,306.758186053,274.409766998,291.656196151,290.94138306733333,homopoly
78823,,CC(C)CCCOC(=O)C=C,,2,335.711909511,299.528457371,310.705733009,315.31536663033336,homopoly
19706366,,C=CC(=O)OC1CCC(CC1)C2CCC(=CC2)C3=C(C(=CC=C3)F)F,,0,167.725800401,197.391215308,212.710062475,192.60902606133334,monomer
56776444,,C=CC(=O)OCC(C(F)(F)F)(OC(C(C(F)(F)F)(OC(C(C(F)(F)F)(F)F)(F)F)F)(F)F)F,,1,233.03468214,208.320461922,230.339152963,223.89809900833333,homopoly
11320950,,CCC(O)OC(=O)C=C,,0,47.8376608093,55.8328371285,65.0975819212,56.25602661966667,monomer
19033442,,C=CC(=O)OCCCCCCOC1=CC=CC=C1,,1,245.392916106,233.017260442,294.322402166,257.577526238,homopoly
8846,,CCCCOC(=O)C=C,,2,269.907152627,250.613050028,225.724707161,248.74830327200002,homopoly
109856,,CN(CCCCOC(=O)C=C)S(=O)(=O)C(C(C(C(C(C(F)(F)F)(F)F)(F)F)(F)F)(F)F)(F)F,,1,341.766705352,301.141438273,338.007748571,326.97196406533334,homopoly
3016305,,C=CC(=O)OCCOC(=O)Cl,,0,83.4157503969,37.3629330823,72.9228106213,64.56716470016666,monomer
7827,,CCOCCOC(=O)C=C,,1,118.613330746,146.238923784,121.912449973,128.92156816766666,homopoly
66701901,,C=CC(=O)OCCOCCOCC1=CC=CC=C1,,2,523.193284967,531.727587769,430.849410009,495.25676091500003,homopoly
59641530,,C=CC(=O)OCC1COC2(O1)CCCCC2,,1,237.016576891,208.176133914,191.70709026,212.29993368833334,homopoly
23070525,,C=CC(=O)OC(CSCCSC1=CC=CC=C1)CSCCSC2=CC=CC=C2,,0,277.16909832,224.431817133,216.293304713,239.29807338866667,monomer
86759875,,C=CC(=O)OCCOS(=O)(=O)c1ccc(C)cc1,,0,130.526869879,103.043032914,147.178916299,126.91627303066666,monomer
59172001,,C=CC(=O)OCCCCCCCCCCCP(=O)(O)O,,1,289.064799073,275.167551686,300.029887371,288.08741271,homopoly
102380778,,C/C=C/OCCCOC(=O)C=C,,1,169.166514044,177.79934687,159.288190125,168.75135034633334,homopoly
3022437,,CCCCCCCCC(C)COC(=O)C=C,,2,498.942303368,446.353950087,487.621813416,477.6393556236667,homopoly
57978544,,C=CC(=O)OC1CC2C3CCC(C3)C2C1,,0,127.222629583,115.5285674,85.5621650661,109.43778734969999,monomer
86808,,CC(C)CC(C)OC(=O)C=C,,1,156.007224165,175.352688125,145.205751145,158.855221145,homopoly
129808072,,CC(C([N+](=O)[O-])(F)F)OC(=O)C=C,,2,257.700295188,257.145055961,258.686029259,257.8437934693333,homopoly
107198,,CCCC(C)COC(=O)C=C,,0,90.0338284239,67.9600211238,80.1762583406,79.39003596276666,monomer
544164,,CC1CCC(C(C1)OC(=O)C=C)C(C)C,,2,449.573238954,439.214082048,440.002861504,442.93006083533334,homopoly
68636312,,CCC1(COC1)COC23CC4CC(C2)CC(C4)(C3)OC(=O)C=C,,1,313.066269925,318.537019426,329.032763596,320.21201764899996,homopoly
10193306,,C=CC(=O)OC1=C(C(=C(C(=C1Cl)Cl)Cl)Cl)Cl,,0,186.194418399,150.038259135,71.2195920472,135.81742319373333,monomer
13001872,,C=CC(=O)OC1CC2CC1C3C2CCC3,,0,127.106825823,75.9742029191,119.190720612,107.42391645136667,monomer
3022445,,CCCCCCCCCCCCCCCCC(C)COC(=O)C=C,,1,355.153804764,384.405800922,383.402548323,374.32071800299997,homopoly
5300140,,C=CC(=O)OCCSC1=NC(=NC(=N1)N2CCOCC2)N3CCOCC3,,2,770.080977457,716.032728349,775.689806236,753.934504014,homopoly
153532451,,C=CC(=O)OC1=NC(=C2C(=N1)N=CN2)N,,1,227.166462223,123.064391725,256.375921696,202.202258548,homopoly
129761732,,C=CC(=O)OCC1OCCO1,,2,266.124770472,260.300919504,261.109664756,262.5117849106667,homopoly
73893,,CN(CCCCOC(=O)C=C)S(=O)(=O)C(C(C(C(F)(F)F)(F)F)(F)F)(F)F,,2,545.029749263,581.306859598,584.471001117,570.269203326,homopoly
59245520,,CCCC1CCC(CC1)C2CCC(CC2)C3=CC(=C(C(=C3)F)OCCCOC(=O)C=C)F,,1,411.010700179,452.042883532,542.365931511,468.47317174066666,homopoly
132234056,,CCCCCCCC(=O)OC(C)COC(C)COC(=O)C=C,,1,329.705076656,304.108062589,291.249315616,308.3541516203333,homopoly
11457964,,CC(CO)(CO)COC(=O)C=C,,0,76.8877197022,86.9280852936,61.0580666273,74.9579572077,monomer
3017303,,C=CC(=O)OCCn1ccnc1,,2,323.223722827,279.7951008,274.141260308,292.38669464500003,homopoly
23505087,,C=CC(=O)OCCCCOC=C,,1,145.937690982,165.253230564,179.833775688,163.674899078,homopoly
4260109,,CCN(CCOC(=O)C=C)C1=CC=C(C=C1)N=NC2=C(C=C(C=C2)[N+](=O)[O-])Cl,,0,293.835238375,147.873123159,284.146801095,241.95172087633333,monomer
11836752,,C=CC(=O)O[C@H]1C[C@@H](C)CC[C@@H]1C(C)C,,1,202.334328522,228.039279728,236.897986166,222.42386480533332,homopoly
66603448,,CCC1C2CC3CC(C2)CC1(C3)OC(=O)C=C,,1,252.468288339,246.499054634,233.04266434,244.003335771,homopoly
19706366,,C=CC(=O)OC1CCC(CC1)C2CCC(=CC2)C3=C(C(=CC=C3)F)F,,2,808.848713553,668.88864863,790.963646849,756.2336696773333,homopoly
145740231,,CC(=O)NC1=CC=C(C=C1)C(=O)C=CC2=CC=C(C=C2)OC(=O)C=C,,2,962.183408743,818.956364002,971.179070443,917.4396143959999,homopoly
11457964,,CC(CO)(CO)COC(=O)C=C,,2,290.687036716,292.822250374,323.876922692,302.46206992733335,homopoly
145945604,,C=CC(=O)OCCOC1OCCCO1,,0,87.8830778001,73.9298623216,89.23722556,83.68338856056666,monomer
5300140,,C=CC(=O)OCCSC1=NC(=NC(=N1)N2CCOCC2)N3CCOCC3,,1,380.385415605,370.471545976,379.934879133,376.93061357133337,homopoly
2775973,,C=CC(=O)OC1=C(C(=C(C(=C1F)F)F)F)F,,0,106.501879458,76.8686308083,75.5547010343,86.30840376686668,monomer
543889,,CCCCC(CCC)OC(=O)C=C,,2,378.544372664,381.313334347,391.791137131,383.8829480473334,homopoly
135398202,,CCOC(=O)C(C)(COC(=O)C=C)COC(=O)C=C,,1,218.988746428,228.169028545,276.421564407,241.19311312666665,homopoly
31232,,CCC1=CN=C(C=C1)CCOC(=O)C=C,,1,198.008776698,254.715486218,191.557744298,214.76066907133335,homopoly
169406,,C=CC(=O)OCCOP(=O)(O)O,,2,244.262001864,282.67057659,273.256993968,266.729857474,homopoly
118118627,,C=CC(=O)OCCC1=CC=C(C=C1)OC2=CC(=CC=C2)OC3=CC=C(C=C3)OC4=CC=CC=C4,,0,280.203243828,174.295498574,369.115036864,274.537926422,monomer
23635599,,CCCCC1=CC=C(C=C1)OC(=O)C=C,,1,160.613651291,316.147823353,208.470440799,228.41063848099998,homopoly
7825,,C=CC(=O)OCCC#N,,2,194.865672109,240.623352137,210.107586466,215.19887023733335,homopoly
59502637,,C=CC(=O)OC1=NC2=CC=CC=C2N1,,1,194.318275036,248.390504586,175.37565981,206.0281464773333,homopoly
155717,,CN(CCOC(=O)C=C)S(=O)(=O)CCC(C(C(C(C(C(C(C(C(C(F)(F)F)(F)F)(F)F)(F)F)(F)F)(F)F)(F)F)(F)F)(F)F)(F)F,,2,779.572579448,765.292241742,797.485899858,780.7835736826668,homopoly
104247,,C=CC(=O)OCCC(C(C(C(F)(F)F)(F)F)(F)F)(F)F,,0,95.4198008505,61.6475431346,93.9970114968,83.68811849396667,monomer
52991911,,C=CC(=O)OCCCCC(C(C(C(C(C(F)(F)F)(F)F)(F)F)(F)F)(F)F)(F)F,,0,127.667358864,114.840301154,107.057108004,116.52158934066667,monomer
146014315,,C=CC(=O)OC(C(F)(F)F)(C(F)(F)F)C(Cl)(Cl)Cl,,1,204.71345511,168.853531993,161.804521836,178.45716964633334,homopoly
21496847,,C=CC(=O)OCCN(CO)C(=O)N,,1,133.917673069,175.388764421,131.912614414,147.07301730133335,homopoly
13847852,,CC(C)CCCCCCCCCCCCCCCCCOC(=O)C=C,,2,802.121260922,806.027224411,745.766418413,784.6383012486667,homopoly
57783180,,CC1=CC=C(C=C1)N(C2=CC=C(C=C2)C)C3=CC=C(C=C3)C4=CC=C(C=C4)CCCOC(=O)C=C,,1,499.780672851,1000.426155,504.12473448,668.110520777,homopoly
77343,,C=CC(=O)OC1=C(C=C(C=C1Br)Br)Br,,1,257.240997361,222.136814317,271.946584439,250.44146537233328,homopoly
6455702,,C=CC(=O)OCCN,,2,203.418835181,202.595327309,197.549462817,201.18787510233332,homopoly
20342959,,CC(C)(C1=CC=CC=C1)C2=CC=CC=C2OC(=O)C=C,,0,115.314663558,202.760018771,146.240467636,154.771716655,monomer
3016480,,C=CC(=O)OCC1=CC=CC=C1[N+](=O)[O-],,0,75.8220035292,134.963005573,79.4526513812,96.7458868278,monomer
54307722,,C=CC(=O)OCCCCCCCCF,,0,103.396545758,83.6368684639,99.414570726,95.48266164929998,monomer
3053846,,CC(=CCCC(=CCCC(=CCCC(=CCCC(=CCCC(=CCCC(=CCCC(=CCCC(=CCCC(=CCOC(=O)C=C)C)C)C)C)C)C)C)C)C)C,,0,503.47890412,500.058055403,425.182301418,476.239753647,monomer
86672979,,CC1=CC(=C(C=C1C)I)NC2=CC=CC(=C2)COC(=O)C=C,,0,222.487147129,213.32672788,159.785828061,198.53323435666664,monomer
18353926,,C=CC(=O)OCC1COC(=O)O1,,2,287.545097263,259.504470136,246.088558327,264.379375242,homopoly
11040716,,CC(=O)COC(=O)C=C,,1,120.438706577,112.173044405,101.011337897,111.20769629299998,homopoly
86753069,,C=CC(=O)OCCCCCCOC1=CC=C(C=C1)C2=CC=C(C=C2)C3CCC(CC3)CCCOS(=O)(=O)C(F)(F)F,,1,524.989622483,511.601484316,818.515145998,618.3687509323333,homopoly
21421562,,COCCOCCOCCOCCOCCOCCOCCOC(=O)C=C,,0,169.276463807,178.408111329,174.56789609,174.08415707533334,monomer
18392,,COCCOC(=O)C=C,,1,133.10134115,101.525880577,103.492516391,112.70657937266667,homopoly
10130166,,CC(C)(C)NCCOC(=O)C=C,,0,78.8183802282,82.8585968338,86.0563727093,82.5777832571,monomer
22465159,,C=CC(=O)OCC(CN(F)F)N(F)F,,1,131.149342226,134.399865368,156.496404442,140.68187067866666,homopoly
164109228,,C=CC(=O)OC1C(C(=O)C2(C1=O)CCCCC2)O,,0,117.647450181,90.0810602651,142.020038716,116.5828497207,monomer
11836752,,C=CC(=O)O[C@H]1C[C@@H](C)CC[C@@H]1C(C)C,,0,139.359362846,109.836025194,89.0244350483,112.73994102943334,monomer
53719424,,CC(=CCCC(=CCCC(=CCOC(=O)C=C)C)C)C,,1,353.891147669,315.275694997,284.207296787,317.7913798176667,homopoly
13323808,,C=CC(=O)ON,,0,53.3632046796,35.8145581834,10.1319615361,33.10324146636666,monomer
165365566,,CC(C)(C)C(CCC1=CC=C(C=C1)Cl)(CN2C=NC=N2)OC(=O)C=C,,2,723.976053729,825.936539266,625.419620065,725.1107376866667,homopoly
3016480,,C=CC(=O)OCC1=CC=CC=C1[N+](=O)[O-],,2,325.050596054,478.369398774,372.349337802,391.92311087666667,homopoly
30581,,C=CC(=O)OC(=O)CC(C)=O,,1,160.01087289,113.09014875,116.840429601,129.980483747,homopoly
293461,,C=CC(=O)OC1=CC=C(C=C1)Cl,,2,353.667914521,316.992085167,416.791923883,362.48397452366663,homopoly
59266108,,C=CC(=O)OCCOCCOC1=CC2=CC=CC=C2C=C1,,2,587.479667763,630.841518405,665.297169571,627.8727852463334,homopoly
21938748,,CC(CCC=C(C)C)CCOC(=O)C=C,,1,198.117969499,262.538039978,230.751415673,230.46914171666666,homopoly
10197737,,C=CC(=O)OC(F)(F)F,,1,72.3695416871,72.8111625225,71.3101383787,72.1636141961,homopoly
21881314,,C=CC(=O)OCC(OC1=CCCC1)OC2=CCCC2,,0,164.45204949,103.212023829,142.855493306,136.83985554166668,monomer
2776196,,C=CC(=O)OCC(CC(C(C(C(F)(F)F)(C(F)(F)F)F)(F)F)(F)F)O,,2,392.175027104,441.514539737,385.130307343,406.2732913946667,homopoly
59266108,,C=CC(=O)OCCOCCOC1=CC2=CC=CC=C2C=C1,,1,416.764923932,272.715130289,270.145316329,319.8751235166667,homopoly
129845937,,CCOC(COCCOCCO)(O)OC(=O)C=C,,2,427.975469707,431.51719486,436.089015225,431.86055993066674,homopoly
19768089,,CC(C#N)OC(=O)C=C,,0,63.815353567,52.517004283,48.7189553115,55.01710438716666,monomer
67732070,,C=CC(=O)OCCCCCCCCCCCOC1=CC=C(C=C1)C2=CC=C(C=C2)C#N,,0,382.707836713,272.815746578,133.251468938,262.9250174096667,monomer
20097428,,CC(C)(C)C1=CC(=CC(=C1COC(=O)C=C)C(C)(C)C)O,,0,134.831413873,152.362945585,207.45845979,164.88427308266668,monomer
737020,,CC1(COC(=O)[C@H]1OC(=O)C=C)C,,0,91.9393056302,86.5953923769,64.746995277,81.09389776136666,monomer
89438320,,CC1=C(C(=C(C=C1)OC(=O)C=C)C)C,,1,203.01891459,175.490830651,267.197786934,215.23584405833336,homopoly
168059192,,CC(C)N(CC1=C(C(=CC(=C1)C=O)OC)OC(=O)C=C)C(C)C,,2,667.481402268,660.699842635,776.956825935,701.7126902793333,homopoly
98055,,CCCCCCC(C)OC(=O)C=C,,0,101.644209636,100.269815041,86.1673450341,96.02712323703332,monomer
71310572,,C=CC(=O)OCCC(=O)[O-],,0,112.964025759,51.2455616157,94.688036503,86.29920795923333,monomer
870529,,C=CC(=O)OC1=CC=C(C=C1)N2CC3=CC=CC=C3C2=O,,1,342.427696419,272.03636132,412.668227481,342.3774284066667,homopoly
175023,,CN(CCOC(=O)C=C)S(=O)(=O)CCC(C(C(C(C(C(C(C(C(C(C(C(C(C(C(C(F)(F)F)(F)F)(F)F)(F)F)(F)F)(F)F)(F)F)(F)F)(F)F)(F)F)(F)F)(F)F)(F)F)(F)F)(F)F)(F)F,,1,484.984115523,513.482300854,523.571174597,507.34586365800004,homopoly
14496496,,CCOC(=O)CCOC(=O)C=C,,0,73.8697180901,50.1603516814,99.2484482214,74.4261726643,monomer
129692971,,C=CC(=O)OC(CC)[N+](=O)[O-],,0,65.9350011686,80.0945942027,51.520366744,65.84998737176666,monomer
106992,,CCCCCC(C)COC(=O)C=C,,2,381.079208775,379.281954535,385.330015116,381.8970594753334,homopoly
129721343,,C=CC(=O)OC1=CC(=CC2=C1N(C3=CC=CC=C32)CCO)Br,,2,902.103997425,717.636558953,700.501332366,773.4139629146666,homopoly
105376,,CC(C)(COC(=O)C=C)COC(=O)C1=CC=CC=C1,,0,132.38960612,78.2983844385,198.104173914,136.26405482416666,monomer
17257,,CCCCCCCOC(=O)C=C,,0,78.3632700856,78.0408780755,105.808201681,87.40411661403334,monomer
251817,,CC1=CC=CC=C1OC(=O)C=C,,0,98.954798746,65.8673750319,104.928804037,89.91699260496667,monomer
141485225,,C=CC(=O)OCC12CC3CC(CC(C3)C1)C2,,1,243.676104962,222.875453034,223.870295651,230.14061788233334,homopoly
3023753,,CCCCCCCCCCCCCCCCCCCCCCCCCCCCCCCCCCOC(=O)C=C,,0,317.992826007,308.603695785,315.599183076,314.065234956,monomer
82224,,C=CCOCCOC(=O)C=C,,2,305.803968591,290.039436657,273.527094351,289.790166533,homopoly
92188,,CCC(C)OC(=O)C=C,,2,245.993990533,266.280384992,232.818136073,248.36417053266666,homopoly
12577030,,C=CC(=O)OC1CC2CC1C3C2C=CC3,,2,423.725754641,423.645724408,412.81145504,420.0609780296666,homopoly
21871648,,C=CC(=O)OC1=CC=CC=C1O,,2,333.812758206,236.039075248,415.195439608,328.34909102066666,homopoly
86676520,,C=CC(=O)OC(CCC1=CC=CC=C1)CCC2=CC=CC=C2,,1,247.788085894,401.209487667,334.765695866,327.921089809,homopoly
129651013,,C=CC(=O)OC1=CC=CC=C1C2=NC(=C(O2)C3=CC=CC=C3)CO,,1,500.043869796,434.176954424,267.217354504,400.47939290799997,homopoly
69837073,,C=CC(=O)OC1=CC=NN1,,0,96.9204925582,42.1138992197,45.6026295377,61.54567377186667,monomer
68915228,,CN(C)C1(CCC(=O)C(C1)COC(=O)C=C)C2=CC=CC=C2,,2,659.148023941,640.497186783,567.14742904,622.2642132546666,homopoly
136155102,,CC1=CC(=O)NC(=N1)NC(=O)NCCCCCCNC(=O)OCCOC(=O)C=C,,0,160.897124611,188.216586434,239.667051514,196.26025418633333,monomer
145793502,,CCCCC(CC)(C=O)OC(=O)C=C,,1,190.908960255,202.553501661,190.665272174,194.7092446966667,homopoly
129851655,,C=CC(=O)OOC(N)=O,,1,102.718278481,90.7359562446,86.7451585059,93.39979774383333,homopoly
29854,,CC1(CO1)COC(=O)C=C,,1,128.371147421,132.763269753,118.304234264,126.47955047933333,homopoly
154704334,,C=CC(=O)OCCCC(C(F)(F)F)(C(F)(F)F)C(F)(F)F,,1,184.42688133,161.780731915,183.674319322,176.62731085566665,homopoly
22709189,,CCCCC1=CC=CC=C1OC(=O)C=C,,2,367.73662942,547.620186874,471.003598418,462.1201382373333,homopoly
82347,,C=CC(=O)OCCCCCCO,,1,150.492488681,173.632482928,168.113809333,164.07959364733333,homopoly
17768051,,C=CC(=O)ON1C=CC=N1,,0,99.2550075097,56.431626235,34.2799607396,63.322198161433334,monomer
129721791,,C=CC(=O)OC1=CC(=CC2=C1N(C3=C2C=C(C=C3)Br)CCO)Br,,2,732.83189591,892.222062769,911.053193192,845.3690506236667,homopoly
155899493,,CCN1C2=CC=CC=C2C3=C1C=C(C=C3)COC(=O)C=C,,0,151.050686309,114.717580818,271.855829467,179.20803219799998,monomer
86713021,,C=CC(=O)OCCSSCCO,,1,153.339740299,181.812006104,200.80324165,178.65166268433333,homopoly
86676520,,C=CC(=O)OC(CCC1=CC=CC=C1)CCC2=CC=CC=C2,,0,96.9071436925,203.982880506,183.904868211,161.59829746983334,monomer
3247070,,CC1=C(C(=C(C2=C1O[C@](CC2)(C)CCC[C@H](C)CCC[C@H](C)CCCC(C)C)C)OC(=O)C=C)C,,1,546.600556081,522.682709927,625.016989203,564.766751737,homopoly
121494101,,C=CC(=O)OCC1CC[C@H]2O[C@H]2C1,,2,322.681209261,344.69404075,365.629933297,344.33506110266666,homopoly
86815,,C=CC(=O)OC(C1=CC=CC=C1)C(=O)C2=CC=CC=C2,,0,149.966243694,148.692590999,145.094600044,147.91781157900002,monomer
171714604,,C=CC(=O)OCBr,,0,65.2127760514,50.1446948683,28.2022594255,47.8532434484,monomer
23074693,,C=CC(=O)OC1CC2CC1C=C2,,2,295.108799729,332.110878318,347.852736753,325.0241382666666,homopoly
86280152,,C[C@H](CCC(=O)N[C@@H]1[C@H]([C@@H]([C@H](OC1O)CO)O)O)[C@H]2CC[C@@H]3[C@@]2([C@H](C[C@H]4[C@H]3[C@@H](C[C@H]5[C@@]4(CC[C@H](C5)OC(=O)C=C)C)O)O)C,,1,577.22168179,595.601716797,600.678979365,591.1674593173334,homopoly
20195709,,CC(O)OC(C)OC(=O)C=C,,1,126.921457565,138.788855199,139.049801183,134.92003798233335,homopoly
52991911,,C=CC(=O)OCCCCC(C(C(C(C(C(F)(F)F)(F)F)(F)F)(F)F)(F)F)(F)F,,1,212.534896444,252.725014756,239.227490047,234.829133749,homopoly
3247070,,CC1=C(C(=C(C2=C1O[C@](CC2)(C)CCC[C@H](C)CCC[C@H](C)CCCC(C)C)C)OC(=O)C=C)C,,2,1090.46444538,1229.67258882,1143.22815502,1154.4550630733333,homopoly
15185261,,C=CC(=O)OCCCBr,,1,119.476346334,142.995440671,114.529096597,125.66696120066668,homopoly
57614810,,CCOC1=CC=C(C=C1)N=NC2=CC=C(C=C2)OCCCCCCOC(=O)C=C,,1,505.904518537,660.305486122,372.870111788,513.0267054823333,homopoly
5142305,,C=CC(=O)OC1=CC=C(C=C1)N2C(=O)C3=C(C2=O)C(=CC=C3)[N+](=O)[O-],,0,166.220375258,197.157937871,214.29987309,192.55939540633335,monomer
3023751,,CCCCCCCCCCCCCCCCCCCCCCCCCCCCCCCOC(=O)C=C,,1,602.650433665,561.465293176,570.650685984,578.2554709416668,homopoly
112001,,C=CC(=O)OCC(CO)O,,0,82.6397156382,43.175281038,49.731204543,58.5154004064,monomer
53860247,,CC(C)C1(CCCC1)OC(=O)C=C,,0,89.2953796318,93.7820162364,100.546509575,94.5413018144,monomer
102596112,,CCCCCC(CCCCC)OC(=O)C=C,,0,120.404954468,123.282056798,114.976552372,119.55452121266667,monomer
102466680,,C=CC(=O)OC[C@@H]1CCCN1CC2=CC=CC=C2,,2,580.635568691,402.580972203,530.412121805,504.5428875663333,homopoly
18513443,,CCCCCCOCCOC(=O)C=C,,0,79.0468161862,107.867069648,99.1457818498,95.35322256133334,monomer
21496847,,C=CC(=O)OCCN(CO)C(=O)N,,2,303.590174914,339.953461826,263.748169691,302.43060214366665,homopoly
18372054,,C=CCCOC(=O)C=C,,1,134.604650337,108.32679739,125.897404327,122.94295068466666,homopoly
614613,,CC1(C2CCC1(C(C2N(C3=CC=CC=C3)S(=O)(=O)C4=CC=CC=C4)OC(=O)C=C)C)C,,1,482.908532136,529.624489426,439.859683235,484.13090159899997,homopoly
90778654,,CC1=CC=C(C=C1)N=NC2=CC(=C(C(=C2)C)OC(=O)C=C)C,,0,186.441507947,226.536627649,138.321553507,183.76656303433333,monomer
21365444,,CC1CCC(CC1)C(C)(C)OC(=O)C=C,,0,108.309297684,101.467132385,124.636834785,111.47108828466668,monomer
129822428,,C=CC(=O)OC1=CC=CC=C1C(=C(C2=CC=CC=C2)C3=CC=CC=C3)C4=CC=CC=C4,,0,274.485959513,325.207459847,230.405850998,276.699756786,monomer
18533710,,C=CC(=O)OCCCOC1=CC=C(C=C1)C2=CC=C(C=C2)C#N,,1,366.208512537,417.483862365,352.201055112,378.63114333799996,homopoly
181508,,C=CC(=O)ON1C(=O)CCC1=O,,2,321.840061932,295.927275881,252.743348291,290.1702287013333,homopoly
11485348,,COC(=O)C1(C(C1(C#N)C#N)C2=CC=C(C=C2)OCCOC(=O)C=C)C#N,,0,129.032928759,244.064496643,184.67059298,185.92267279400002,monomer
105448,,CN(CCOC(=O)C=C)S(=O)(=O)C(C(C(C(C(F)(F)F)(F)F)(F)F)(F)F)(F)F,,0,120.039251678,135.681467927,137.687359627,131.13602641066666,monomer
22731403,,CCOC1CC2COC(=O)C2CC1OC(=O)C=C,,0,142.01910321,102.121480196,110.982338996,118.37430746733332,monomer
18913838,,C=CC(=O)OC1=CC=CO1,,2,288.847186011,257.562139177,228.951102216,258.45347580133335,homopoly
86740375,,COC(=O)COC(=O)C=C,,0,38.3546700855,53.505956134,83.4106562364,58.42376081863333,monomer
44148663,,CC(COCC(COCC(C)OC(=O)C=C)OCC(C)OC(=O)C=C)OCC(C)OC(=O)C=C,,2,902.281269932,867.206694906,908.747790263,892.7452517003334,homopoly
57978544,,C=CC(=O)OC1CC2C3CCC(C3)C2C1,,2,412.275320365,478.470557627,388.703165725,426.48301457233333,homopoly
22177432,,COC1=CC(=CC=C1)OC(=O)C=C,,1,164.784370492,184.491303649,207.339319264,185.538331135,homopoly
137331643,,C=CC(=O)OP(OC(=O)C=C)OC(=O)C=C,,1,212.076865866,197.106045067,192.96556022,200.71615705099998,homopoly
19706376,,C=CC(=O)OC1CCC(CC1)C2=C(C(=CC=C2)F)F,,2,526.192753789,555.022463302,501.301920948,527.5057126796665,homopoly
162073,,C[N+](C)(CCOC(=O)C=C)CC1=CC=CC=C1,,0,178.285322804,106.573090493,170.626295778,151.82823635833333,monomer
20802233,,C=CC(=O)OCC12CC3CC(C1)CC(C3)C2,,1,240.841626223,210.433509575,232.940292276,228.071809358,homopoly
99769778,,C=CC(=O)OC1(C(C(C(C(C1(F)F)(F)F)(F)F)(F)F)(F)F)C(F)(F)F,,2,375.252034965,350.777198771,367.692933677,364.5740558043333,homopoly
543579,,CCCCCCCCCCCCCCCOC(=O)C=C,,1,306.665009733,326.635342812,290.950080668,308.08347773766667,homopoly
68649062,,CC(C)C(OC(=O)C=C)OC12CC3CC(C1)CC(C3)C2,,0,132.457721423,155.791482486,135.155399369,141.13486775933333,monomer
169406,,C=CC(=O)OCCOP(=O)(O)O,,0,59.3195822558,67.6783614782,76.1834650517,67.7271362619,monomer
15185261,,C=CC(=O)OCCCBr,,0,59.9954245423,51.0798771719,75.3414340596,62.1389119246,monomer
145994990,,C=CC(=O)OCCOC1=C2C=CC(=CC2=NC=C1)Cl,,1,408.282541007,180.343666523,257.249630097,281.95861254233336,homopoly
23635602,,CCCCCCCC1=CC=C(C=C1)OC(=O)C=C,,1,267.511763289,316.03058453,280.889163408,288.1438370756667,homopoly
21895353,,CCCCC(CC)COC(=O)CCOC(=O)C=C,,2,527.78588963,464.942172309,518.140722056,503.62292799833335,homopoly
13847850,,CC(C)CCCCCCCCCCCCCCCOC(=O)C=C,,1,381.419675649,363.917271075,331.446256567,358.9277344303334,homopoly
173047,,CN(CCOC(=O)C=C)S(=O)(=O)CC(C(C(C(C(C(C(C(C(C(C(C(C(C(F)(F)F)(F)F)(F)F)(F)F)(F)F)(F)F)(F)F)(F)F)(F)F)(F)F)(F)F)(F)F)(F)F)(F)F,,1,476.58425156,436.93642035,437.041376412,450.18734944066665,homopoly
129860702,,CCCCCCCCCCCCSC(=S)SC(C)C(=O)OCCOC(=O)C=C,,0,257.309201612,222.803613294,205.839489568,228.650768158,monomer
14910871,,CC(=CCC/C(=C\COC(=O)C=C)/C)C,,0,129.817695283,123.819757227,96.0768025404,116.57141835013333,monomer
71347199,,C=CC(=O)OCCC(C(F)(F)Br)(F)F,,1,154.940030876,145.791983717,134.634500624,145.122171739,homopoly
3022435,,CCCCCCC(C)COC(=O)C=C,,0,114.649066411,80.1775416181,121.952448987,105.59301900536666,monomer
23513520,,C=CC(=O)OCCC1=CC=CC2=CC=CC=C21,,1,228.602276681,287.525782609,279.032722758,265.053594016,homopoly
129673036,,CCCCCC(O)(OC)OC(=O)C=C,,1,188.783709657,176.164815941,182.719855732,182.55612711,homopoly
132848333,,CN(C1=CC=C(C=C1)OC(=O)C=C)C2=NS(=O)(=O)C3=CC=CC=C32,,1,347.371652166,353.157585059,425.93568852,375.4883085816667,homopoly
21727128,,C=CC(=O)OCCC1CO1,,2,285.394384095,241.896580752,235.987555893,254.42617358000004,homopoly
14910870,,CC(=CCC/C(=C/COC(=O)C=C)/C)C,,2,487.333897547,417.934254647,531.674602431,478.9809182083333,homopoly
58231729,,C=CC(=O)OC1=C(C=C(C=C1)C2=CSC3=CC=CC=C32)C4=CSC5=CC=CC=C54,,1,589.396470909,349.612568219,607.807156592,515.6053985733333,homopoly
129786785,,C=CC(=O)OC1=CSC1,,0,105.194987048,18.7167337602,78.3714896729,67.42773682703334,monomer
91369,,CN(CCOC(=O)C=C)S(=O)(=O)C(C(C(C(C(C(C(C(F)(F)F)(F)F)(F)F)(F)F)(F)F)(F)F)(F)F)(F)F,,1,329.110560413,328.741523927,317.588033652,325.1467059973333,homopoly
163201125,,CC(=O)N[C@H]1CCC2=CC(=C(C(=C2C3=CC=C(C(=O)C=C13)SC)OC)OC(=O)C=C)OC,,1,682.905151648,490.085594106,533.786825913,568.9258572223333,homopoly
59245534,,CCCC1CCC(CC1)C2CCC(CC2)C3=CC(=C(C(=C3)F)OCCCCCCOC(=O)C=C)F,,0,211.11921268,285.276228621,291.780938951,262.72546008399996,monomer
3050397,,CC(C)CCCCCCCCCOC(=O)C=C,,1,254.709324125,264.027994735,254.155131958,257.63081693933333,homopoly
129883255,,C=CC(=O)OCC1=CC=C(C=C1)N=CC2=CC=C(C=C2)[N+](=O)[O-],,2,708.249273327,796.770349671,816.365282986,773.7949686613333,homopoly
19779557,,C=CC(=O)OC1=CC=CS1,,2,262.000056641,321.979713404,298.711125727,294.2302985906667,homopoly
69237271,,C=CC(=O)OC1=CC=CC2=C1N(C3=CC=CC=C23)CCO,,0,202.139355133,92.1191884965,216.744917706,170.33448711183334,monomer
54002635,,C=CC(=O)OCCCOC1=CC2=CC=CC=C2C=C1,,2,470.750196581,623.528899466,664.927177413,586.4020911533333,homopoly
118656,,C=CC(=O)OCCC(C(C(C(C(C(C(C(C(C(C(C(C(C(F)(F)F)(F)F)(F)F)(F)F)(F)F)(F)F)(F)F)(F)F)(F)F)(F)F)(F)F)(F)F)(F)F)(F)F,,0,179.727387381,196.976294445,164.736012279,180.479898035,monomer
105447,,CN(CCOC(=O)C=C)S(=O)(=O)C(C(C(C(F)(F)F)(F)F)(F)F)(F)F,,2,556.462672334,451.09359203,501.299318603,502.95186098900007,homopoly
19986209,,C=CC(=O)OC1=NNN=N1,,1,87.2867053847,113.932634893,126.777103827,109.3321480349,homopoly
543296,,CCCCCCCCCCC(C)OC(=O)C=C,,1,249.867921348,265.72904683,253.639199201,256.412055793,homopoly
67744,,C=CC(=O)OCC(C(F)(F)F)(F)F,,2,226.113386202,229.325472744,205.687240201,220.37536638233334,homopoly
105447,,CN(CCOC(=O)C=C)S(=O)(=O)C(C(C(C(F)(F)F)(F)F)(F)F)(F)F,,1,205.366441477,279.059947961,283.68497117,256.0371202026667,homopoly
101059,,C=CC(=O)OCC1=C(C(=C(C(=C1Br)Br)Br)Br)Br,,0,222.685610564,92.1100039193,159.966280681,158.25396505476667,monomer
91809457,,CC(C)(C)OC(=O)CCOCCOCCOCCOCCOC(=O)C=C,,1,315.643711143,347.5047157,337.218811244,333.455746029,homopoly
118012601,,COCCOCCOCCOCCOCCOCCOCCOCCOCCOCCOCCOCCOC(=O)C=C,,1,541.077176138,562.11840829,528.832583598,544.009389342,homopoly
5367501,,C=C/C=C/CCCCOC(=O)C=C,,0,73.2711386539,70.990944944,161.809966081,102.02401655963335,monomer
54156327,,CC(=O)NOC(=O)C=C,,2,195.598096727,201.423335153,248.733111041,215.251514307,homopoly
139722226,,CCCCCCC(CCCCCC)OC(=O)C=C,,0,125.731725473,134.283401148,156.464295126,138.82647391566664,monomer
18546000,,C=CC(=O)OC1=CC=C(C=C1)F,,1,194.134432989,150.304675904,152.497466111,165.64552500133334,homopoly
19797972,,CCCCCCCCCCCCOC(=O)CCOC(=O)C=C,,0,162.505491842,156.90210572,154.994539185,158.13404558233333,monomer
14746151,,C=CC(=O)OCCCCOC(=O)OC1=CC=C(C=C1)C(=O)C2=CC=CC=C2,,0,184.028827242,180.367187375,230.90137339,198.432462669,monomer
2760316,,C=CC(=O)OCC(C(C(C(C(C(C(C(C(F)(F)F)(F)F)(F)F)(F)F)(F)F)(F)F)(F)F)(F)F)(F)F,,2,474.932461739,486.916733594,512.772424144,491.54053982566666,homopoly
81215,,C=CC(=O)OC1=CC=C(C=C1)OC(=O)C=C,,2,298.13750305,529.147444686,532.142158115,453.14236861700005,homopoly
20973,,CSCCOC(=O)C=C,,0,75.0754803625,43.0005310174,76.4578373772,64.84461625236666,monomer
118536001,,C=CC(=O)OCC(C(C1=CC=CC=C1)C2=CC=CC=C2)(OC3=CC=CC=C3)OC4=CC=CC=C4,,0,264.974753855,292.111810973,219.328824714,258.8051298473334,monomer
119058299,,C=CC(=O)OCCOCCOCCOCCOCCOCCOCCOCCOCCOCCOCCOCCNC(=O)OC(C)(C)C,,0,312.016416772,329.871570132,281.422062398,307.77001643399996,monomer
118536003,,CCC(C(C1=CC=CC=C1)(C2=CC=CC=C2)C3=CC=CC=C3)OC(=O)C=C,,0,262.066908491,194.219304287,189.365053985,215.217088921,monomer
57276811,,C=CC(=O)OCCNCCO,,0,59.8888416174,69.1302336907,82.489297483,70.50279093036666,monomer
90375286,,CCCCCCCCCCSSCCOC(=O)C=C,,0,140.844252582,172.531109671,151.086138391,154.82050021466668,monomer
71413787,,C=CC(=O)OCCCS(=O)(=O)C(C(C(C(F)(F)F)(F)F)(F)F)(F)F,,0,116.67308742,86.2110999583,141.610686256,114.83162454476667,monomer
162071,,C[N+](C)(C)CCOC(=O)C=C,,0,90.6982375006,88.9926433037,67.0148568666,82.2352458903,monomer
3023751,,CCCCCCCCCCCCCCCCCCCCCCCCCCCCCCCOC(=O)C=C,,0,279.637293381,317.966259739,270.579361634,289.394304918,monomer
44607791,,C=CC(=O)OCC1=CC(=CC=C1)I,,0,122.588045951,126.282543349,60.3594761994,103.0766884998,monomer
18316,,CCCCCCCCCCCCCOC(=O)C=C,,0,147.120790043,119.735910545,145.023948565,137.29354971766665,monomer
181750,,C=CC(=O)OCC(Cl)(Cl)Cl,,0,93.7936426858,70.4743059343,47.4552837025,70.5744107742,monomer
121455448,,C=CC(=O)OCCCCCCOC1(CC=C(C=C1)C2=CC=CC=C2)C#N,,2,758.080274545,692.696038489,906.680026553,785.8187798623334,homopoly
2776307,,C=CC(=O)OCC(CC(C(C(C(C(C(C(C(F)(F)F)(F)F)(F)F)(F)F)(F)F)(F)F)(F)F)(F)F)O,,0,139.103382195,123.835131031,131.175833987,131.371449071,monomer
87701904,,CCCCC/C=C\C/C=C\CCCCCCCCOC(=O)C=C,,2,690.85545484,817.303806057,713.077833722,740.412364873,homopoly
15509192,,C=CC(=O)OC1(CCCC1)C2CCCCC2,,2,475.897945186,475.37855841,451.534818917,467.603774171,homopoly
21216989,,CC(C)(C(=O)OCCOC(=O)C=C)Br,,2,361.159936125,397.903664732,360.561942117,373.2085143246666,homopoly
21909953,,C=CC(=O)OF,,2,136.264335879,127.676255023,110.258098763,124.73289655500001,homopoly
29854,,CC1(CO1)COC(=O)C=C,,2,260.68453101,281.332845018,218.685619851,253.56766529299998,homopoly
129753429,,C=CC(=O)OC1CCN(CC1)C2=C(C(=C(C(=C2F)F)C3CC(=NN3C4=CC=CC=C4)C5=CC=CC=C5)F)F,,2,1277.13227437,1484.45408286,1119.80171396,1293.7960237300001,homopoly
57062121,,CC=COC(=O)C=C,,2,169.217680449,277.988363685,247.209115955,231.47172002966667,homopoly
129851461,,C=CC(=O)OC1=CC=C(C=C1)N2C=NC(=C2C3=CC=CC=C3)C4=CC=CC=C4,,2,1099.08027771,924.153173508,840.110352898,954.4479347053333,homopoly
71487920,,CC(C)C1=CC2=C(C=C1)C3(C(=O)C4=CC=CC=C4C3(O2)OC(=O)C=C)O,,0,226.28753258,187.286552904,172.478091531,195.35072567166665,monomer
18464005,,C=CC(=O)OC1=CC=C(C=C1)C(=O)Cl,,1,306.432858524,205.290706553,120.844527945,210.8560310073333,homopoly
22992681,,CC(CC1C2CC3CC(C2)CC1C3)OC(=O)C=C,,0,148.108394023,117.62158812,125.168625306,130.29953581633333,monomer
75873,,CCCCCCCCCOC(=O)C=C,,0,83.327748652,120.240146292,109.521161413,104.36301878566667,monomer
15685473,,C=CC(=O)OCCCC#N,,0,81.5304690902,44.720963074,60.6796231267,62.31035176363333,monomer
54436609,,C=CC(=O)OCCCF,,2,226.701854212,225.280122071,202.664809246,218.21559517633332,homopoly
88387,,CC(C)(CN(C)C)COC(=O)C=C,,1,192.65557084,168.984962956,190.740666773,184.1270668563333,homopoly
21871639,,C=CC(=O)OCCC1=CC=C(C=C1)O,,2,337.702435362,441.462690613,379.763119679,386.30941521799997,homopoly
118382728,,C=CC(=O)OCCCCCCCCCCCCCCC,,0,138.694828254,176.682419862,149.543275989,154.97350803499998,monomer
543288,,CCCCCCCCCCC(CCCC)OC(=O)C=C,,1,315.155955815,293.121384891,315.955235557,308.077525421,homopoly
118536010,,COC1=CC=C(C=C1)C(C2=CC=C(C=C2)OC)(C3=CC=C(C=C3)OC)C4=CC=C(C=C4)OCCOC(=O)C=C,,1,674.948823815,623.249682036,598.538663137,632.2457229959999,homopoly
53967443,,CCCCC(CC)CC1=C(OC=C1)OC(=O)C=C,,1,308.70494855,252.840451399,232.059448166,264.53494937166664,homopoly
129822428,,C=CC(=O)OC1=CC=CC=C1C(=C(C2=CC=CC=C2)C3=CC=CC=C3)C4=CC=CC=C4,,2,1037.86676721,1201.34214271,1043.31555563,1094.17482185,homopoly
168435105,,C=CC(=O)OCCCCCCCCCCCCCCCCCCl,,2,705.570705576,702.53261983,733.984539433,714.0292882796666,homopoly
13262708,,C=CC(=O)OCC1=CC2=CC=CC=C2C=C1,,2,472.549405788,510.442143053,543.116393152,508.702647331,homopoly
21872251,,C=CC(=O)OC1=C(C(=C(C=C1)Br)Br)Br,,2,336.473594341,642.508916476,457.273600602,478.7520371396667,homopoly
154731038,,C[C@]12CC[C@@H](C([C@@H]1CC[C@@]3([C@@H]2CC=C4[C@]3(CC[C@@]5([C@H]4CC(CC5)(C)C)C(=O)O)C)C)(C)C)OC(=O)C=C,,1,519.808123622,583.369542698,560.353820504,554.510495608,homopoly
11217233,,C=CC(=O)OCO,,0,45.7665978317,22.2754116973,49.7392690003,39.260426176433334,monomer
19911713,,C=CC(=O)OC1=C(C(=C(C=C1)Cl)Cl)Cl,,1,251.304744672,141.392256316,273.074787737,221.92392957500002,homopoly
129875431,,C=CC(=O)ONCC1=CC=CN1,,1,128.83376004,185.632565792,145.364071044,153.27679895866666,homopoly
18632887,,CCCCO[13C](=O)C=C,,1,115.287967711,140.360746265,117.949199224,124.53263773333333,homopoly
129851994,,CC1(CC=C(C=C1)/C=C/COC(=O)C=C)O,,2,564.265737724,427.853790925,466.70823057,486.2759197396667,homopoly
141485225,,C=CC(=O)OCC12CC3CC(CC(C3)C1)C2,,0,133.956030739,83.5060914835,128.469073625,115.31039861583334,monomer
72203001,,COC1=CC=C(C=C1)NC2=NC=C3C(=N2)N(C(=O)C=N3)C4=CC=C(C=C4)OC(=O)C=C,,1,762.461026467,324.789164791,477.032798893,521.4276633836668,homopoly
45094573,,CCC1(COC1)OCCOC(=O)C=C,,0,82.8331125052,85.6569845708,101.304818465,89.93163851366667,monomer
23572123,,C=CC(=O)OC1CC2CC1C1CCCC21,,1,213.126638446,200.314109448,224.998420461,212.81305611833332,homopoly
11451824,,C=CC(=O)OCCOCCOCCOCCOCCOCCOCCO,,2,649.90939098,671.619726815,628.090736277,649.8732846906668,homopoly
3023752,,CCCCCCCCCCCCCCCCCCCCCCCCCCCCCCCCOC(=O)C=C,,0,308.406470766,327.690873824,264.215304741,300.10421644366664,monomer
88025334,,C=CC(=O)OC(=C)C=O,,1,83.6036757451,135.71146985,128.288192337,115.86777931069999,homopoly
105238,,CN(CCOC(=O)C=C)S(=O)(=O)CC(C(C(C(C(C(C(C(F)(F)F)(F)F)(F)F)(F)F)(F)F)(F)F)(F)F)(F)F,,0,181.942439404,124.917938979,207.0736506,171.31134299433333,monomer
57062121,,CC=COC(=O)C=C,,0,61.1608011977,72.9567511824,32.3770747557,55.49820904526666,monomer
15458,,CC(C)(C)OC(=O)C=C,,0,51.5103644549,68.8944641885,65.3068556037,61.90389474903333,monomer
122231558,,CC1(COC(OC1)OCCOC(=O)C=C)C,,1,217.374592946,201.230972084,190.400328321,203.0019644503333,homopoly
57747549,,CC1=CC=C(C=C1)N(C2=CC=C(C=C2)C)C3=CC=C(C=C3)C4=CC=C(C=C4)CCOC(=O)C=C,,0,432.437794877,149.862327207,435.776932712,339.35901826533336,monomer
2778248,,CC(C(F)(F)F)(C(F)(F)F)OC(=O)C=C,,2,267.216136743,232.274594023,246.990135201,248.82695532233333,homopoly
11451824,,C=CC(=O)OCCOCCOCCOCCOCCOCCOCCO,,0,163.005177803,177.727021789,150.380834911,163.70434483433334,monomer
19862056,,C=CC(=O)OC1=CC=CC=C1N=NC2=CC=CC=C2,,0,187.304011514,118.579103106,127.322563282,144.401892634,monomer
3022439,,CCCCCCCCCCC(C)COC(=O)C=C,,1,275.046375746,294.709973797,250.403801272,273.38671693833334,homopoly
90375204,,CCCCCCCCCCCCSSCCOC(=O)C=C,,0,167.407004454,161.313303895,183.938680704,170.88632968433333,monomer
94232,,C=CC(=O)OCC1CCCO1,,0,75.2761998338,43.1297979219,96.6180013145,71.67466635673334,monomer
84902,,C=CC(=O)OC1=CC(=C(C=C1)C(=O)C2=CC=CC=C2)O,,1,305.905794332,295.369961806,337.716023773,312.99725997033335,homopoly
543283,,CCCCCCCCCCCC(CC)OC(=O)C=C,,0,154.093240583,147.732348767,131.699053026,144.50821412533332,monomer
129673021,,C=CC(=O)OOC(=O)C1=CC1=O,,0,119.128712824,52.7905739033,45.3426658026,72.42065084330001,monomer
91997189,,CC1C2CC(C1(C)C)CC2C3CCCC(C3)OC(=O)C=C,,2,669.326110879,629.267139097,584.289930049,627.627726675,homopoly
4443516,,C=CC(=O)OCC(COC1=CC=CC=C1)O,,1,202.106946719,240.765695655,205.705243169,216.19262851433334,homopoly
15208801,,C=CC(=O)OCCCN=C=O,,1,125.287873914,136.146411696,145.597525952,135.67727052066667,homopoly
13782846,,CC(N(C)C)OC(=O)C=C,,2,248.261475345,278.620601105,271.195034287,266.025703579,homopoly
155908502,,CCN(CC)CC1=C(C=CC(=C1)C)OC(=O)C=C,,1,292.730287074,328.197103846,223.307494563,281.41162849433334,homopoly
17861479,,C=CC(=O)OC1(CC)CCCC1,,2,332.81333876,341.087548998,342.014945155,338.638610971,homopoly
129773823,,C=CC(=O)OC1=CC=CC=C1C(=O)OCC2=CC=CC=C2,,2,738.403743217,437.218195326,672.553738491,616.0585590113333,homopoly
107198,,CCCC(C)COC(=O)C=C,,2,298.552567019,325.032718842,315.40458384,312.99662323366664,homopoly
13907995,,C=CC(=O)OCCOC1CC2CC1C3C2CC=C3,,0,128.667447893,103.341957873,145.665681115,125.89169562699999,monomer
543288,,CCCCCCCCCCC(CCCC)OC(=O)C=C,,2,627.809959024,586.45347483,629.709612212,614.6576820220001,homopoly
129834447,,CC1=CC(=O)N(C2=C1C=CC(=C2)OCCCCCCOC(=O)C=C)CC3=CC=CC=C3,,2,975.55261905,994.202038797,879.738513318,949.8310570550001,homopoly
98055,,CCCCCCC(C)OC(=O)C=C,,1,181.184394248,187.741926242,200.823530273,189.91661692099999,homopoly
66995440,,C=CC(=O)OC1=CC=CC2=C1CC3=CC=CC=C32,,2,643.354695105,647.049135808,505.231401982,598.5450776316667,homopoly
129786647,,C=CC(=O)OC1C=CS1,,1,110.39177339,115.605607964,151.70027784,125.89921973133335,homopoly
44577301,,C=CC(=O)OC[C@@H](CBr)Br,,1,149.006047128,125.731250578,170.244970727,148.327422811,homopoly
69736699,,C=CC(=O)OC1=NC2=C(C=CC=C2O)C=C1,,1,332.495044761,181.33885805,246.924087024,253.58599661166662,homopoly
10421594,,CC(C(C(OC(=O)C=C)(F)F)(F)F)(F)F,,2,249.1621826,242.565088281,267.907548734,253.2116065383333,homopoly
3016441,,CCOCCOCCOCCOC(=O)C=C,,1,216.628235672,200.192543715,201.971326152,206.26403517966665,homopoly
164889234,,C[C@]12CCC(=O)C[C@@H]1CC[C@@H]3[C@@H]2CC[C@]4(C3CC[C@@H]4OC(=O)C=C)C,,2,718.069987118,782.72202171,708.362667976,736.3848922679999,homopoly
20566720,,C=CC(=O)OCCCOC1=CC=C(C=C1)O,,2,529.94714989,419.483604556,371.71194334,440.380899262,homopoly
129854601,,CCCCCCCCOC(=O)CCOC(=O)C=C,,1,248.89521049,252.250633149,242.978765902,248.04153651366667,homopoly
129834454,,C=CC(=O)OCCOCCOC1=CC2=C(C=C1)C(=CC(=O)N2CC3=CC=CC=C3)C4=CC=CC=C4,,0,291.969801827,308.022354885,243.640749561,281.21096875766665,monomer
54438140,,C=CC(=O)OCCC1NCCO1,,1,164.01471261,137.793161329,152.992389527,151.600087822,homopoly
53767698,,CCCCCCCCCCCCCCCCCCON1C(CC(CC1(C)C)OC(=O)C=C)(C)C,,1,546.163052959,487.073714199,527.503710454,520.2468258706667,homopoly
129883255,,C=CC(=O)OCC1=CC=C(C=C1)N=CC2=CC=C(C=C2)[N+](=O)[O-],,0,190.988503029,222.898133122,114.796149988,176.22759537966667,monomer
129818296,,COC1=C(C(=C(C=C1)OC(=O)C=C)OC)OC,,0,165.800246347,84.7836213963,122.883202201,124.48902331476667,monomer
129721473,,C=CC(=O)OCCOCC1=CC=C(C=C1)I,,2,616.710938105,348.348251807,511.998789585,492.3526598323333,homopoly
67923,,C=CC(=O)OCC(C(C(F)(F)F)(F)F)(F)F,,2,270.369373504,235.750253493,269.728552006,258.61605966766666,homopoly
15509192,,C=CC(=O)OC1(CCCC1)C2CCCCC2,,1,226.990221423,224.892997675,244.444737416,232.10931883800004,homopoly
81766,,CCOCCOCCOC(=O)C=C,,0,101.538587108,79.3753926738,74.2614377256,85.05847250246666,monomer
154732282,,C=CC(=O)N1CCC2(CC1)SCC(S2)COC(=O)C=C,,1,340.90085934,316.212814751,281.102968373,312.73888082133334,homopoly
19989416,,C=CC(=O)ON1CCOCC1,,0,64.6495510959,58.1011489939,85.5380779061,69.42959266529999,monomer
20607910,,C=CC(=O)OCCOC1=CC=C(C=C1)C2=CC=CC=C2,,1,304.110516316,308.9021521,344.191710804,319.06812640666664,homopoly
223953,,CCC(C)(C)C1CCC(CC1)OC(=O)C=C,,2,474.302146467,478.069785919,463.986714009,472.11954879833337,homopoly
58999836,,CC(CC(C(F)(F)F)(C(F)(F)F)O)COC(=O)C=C,,2,367.988795922,348.209300038,365.289625382,360.495907114,homopoly
54542510,,C=CC(=O)OC12CC3CC(C1)CC(C3)C2O,,2,446.089153526,431.432609587,425.686196821,434.4026533113333,homopoly
3051373,,C[C@]12CC[C@H]3[C@H]([C@@H]1CC[C@H]2C(=O)COC(=O)C=C)CCC4=CC(=O)CC[C@]34C,,0,168.577427783,204.319720661,250.007148916,207.63476578666666,monomer
58231724,,C=CC(=O)OC1=CC=CC(=C1)C2=CC=CC3=C2SC4=CC=CC=C34,,0,299.64617309,77.9228837626,271.139046098,216.2360343168667,monomer
154733041,,C=CC(=O)OCCO[N+](=O)[O-],,1,124.27402026,128.665683415,96.3204810171,116.42006156403333,homopoly
5066485,,CCN(CCOC(=O)C=C)C1=CC=C(C=C1)N=NC2=CC=C(C=C2)[N+](=O)[O-],,1,548.72018796,427.172442477,504.700449029,493.53102648866667,homopoly
33101,,C=CC(=O)OCCCO,,1,112.832309348,121.981852194,104.09316476,112.96910876733334,homopoly
3016548,,CCCCCCCCCCCCCCCCCCCCCCCCOC(=O)C=C,,2,916.519307404,924.988841381,922.179022469,921.2290570846667,homopoly
129673036,,CCCCCC(O)(OC)OC(=O)C=C,,0,80.0950032554,82.7206144331,113.592610211,92.1360759665,monomer
53767698,,CCCCCCCCCCCCCCCCCCON1C(CC(CC1(C)C)OC(=O)C=C)(C)C,,0,277.332860155,243.244871712,259.914829499,260.164187122,monomer
16541,,CCCCCCCCCCOC(=O)C=C,,0,114.081791231,94.2817741663,127.661904959,112.00849011876666,monomer
23496545,,CCCCCC(C)OC(=O)C=C,,1,159.919691822,195.276727485,166.922909876,174.03977639433333,homopoly
162085,,CN(CCOC(=O)C=C)S(=O)(=O)CCC(C(C(C(C(C(F)(F)F)(F)F)(F)F)(F)F)(F)F)(F)F,,1,324.339175648,324.152544256,296.048352622,314.846690842,homopoly
109857,,CN(CCCCOC(=O)C=C)S(=O)(=O)C(C(C(C(C(F)(F)F)(F)F)(F)F)(F)F)(F)F,,1,299.648388589,295.069828603,304.439549694,299.71925562866664,homopoly
69285274,,CC1=CC(=C(C=C1)N(C2=CC=C(C=C2)C3=CC=C(C=C3)CCOC(=O)C=C)C4=CC(=C(C=C4)C)C)C,,2,1361.10450915,1294.14399866,1453.92698324,1369.7251636833334,homopoly
14671035,,C=CC(=O)OCCC(C(C(C(C(F)(F)F)(F)F)(F)F)(F)F)(F)F,,1,181.508675851,178.883199176,186.507471407,182.29978214466666,homopoly
56835610,,CC(=O)NCCCCCOC(=O)C=C,,2,351.652455271,378.425069618,395.431974081,375.16983299000003,homopoly
7294,,COC(=O)C=C,,2,151.941842959,143.084194842,147.603755322,147.54326437433335,homopoly
129634875,,CCCCCCCCCCCC(OC(=O)C=C)S,,2,560.638966226,516.426992031,608.883801533,561.9832532633334,homopoly
20230537,,CCNC(=O)OCCOC(=O)C=C,,0,106.986905754,55.1560516893,81.6727652163,81.2719075532,monomer
58800674,,CC1=CC=C(C=C1)N(C2=CC=C(C=C2)C)C3=CC=C(C=C3)C4=CC=C(C=C4)OC(=O)C=C,,0,249.598722513,500.76187042,248.760897396,333.0404967763333,monomer
85065,,C=CC(=O)OCCCS(=O)(=O)O,,2,302.467039568,294.712160081,296.66921611,297.9494719196667,homopoly
24950966,,C=CC(=O)OCCOCCOCCOCCC(=O)ON1C(=O)CCC1=O,,2,665.015249238,654.209889819,597.170629235,638.7985894306667,homopoly
23290047,,C=CC(=O)OCCOC1=CC=CC=C1C2=CC=CC=C2,,1,409.399928958,270.78973296,257.978228986,312.7226303013333,homopoly
66603448,,CCC1C2CC3CC(C2)CC1(C3)OC(=O)C=C,,2,489.968657211,503.021111439,471.379812065,488.12319357166666,homopoly
9989898,,C=CC(=O)OC1=CC=CC=C1Cl,,1,192.309289851,124.247194928,220.313053606,178.956512795,homopoly
56835609,,CCN(CCCCCOC(=O)C=C)C(=O)C,,1,220.499551278,235.024344751,210.748098544,222.09066485766667,homopoly
13878525,,C=CC(=O)OCCC(C(C(C(C(C(C(C(C(F)(F)F)(F)F)(F)F)(F)F)(F)F)(F)F)(F)F)(F)F)(F)F,,2,548.546836602,544.399232435,486.179861303,526.3753101133334,homopoly
68422741,,C=CC(=O)ON1CCCC1,,0,88.6393360196,64.5936665515,44.2740199618,65.83567417763332,monomer
14149717,,CC1(CC(CC(N1)(C)C)OC(=O)C=C)C,,2,420.907545669,427.284229634,423.404466962,423.86541408833335,homopoly
131719389,,C=CC(=O)OC(=O)[C@H](CCCCN)NC(=O)C1=CC=C(C=C1)C(=O)C2=CC=CC=C2,,1,427.182981481,394.221968985,547.557856001,456.320935489,homopoly
124202872,,CO[13C](=O)C=C,,2,153.030113097,140.327915627,148.737510472,147.365179732,homopoly
106992,,CCCCCC(C)COC(=O)C=C,,1,179.318573686,203.49396093,191.667009755,191.493181457,homopoly
3023752,,CCCCCCCCCCCCCCCCCCCCCCCCCCCCCCCCOC(=O)C=C,,1,648.306154082,609.982981359,534.811650428,597.7002619563333,homopoly
13847850,,CC(C)CCCCCCCCCCCCCCCOC(=O)C=C,,2,734.756135789,670.72713522,754.043328406,719.842199805,homopoly
18372054,,C=CCCOC(=O)C=C,,0,58.1396508764,76.5245135508,53.5161679269,62.726777451366665,monomer
129714429,,CCCCC(OC(=O)C=C)F,,1,146.570481147,146.852960829,130.632287496,141.35190982400002,homopoly
137530330,,CC(C)(C)N(CC1=C(C(=CC(=C1)C=O)OC)OC(=O)C=C)C(C)(C)C,,1,334.302341059,385.479554745,413.45481859,377.7455714646667,homopoly
13774217,,C=CC(=O)OC1=CC=C(C=C1)Br,,0,168.721918002,45.2547359391,65.8652427613,93.28063223413334,monomer
21872251,,C=CC(=O)OC1=C(C(=C(C=C1)Br)Br)Br,,0,209.807666035,147.536814426,16.4728699806,124.60578348053333,monomer
39850,,C=CC(=O)OC1C=CC2C1C3CC2C=C3,,1,254.777021357,181.740112977,200.526109517,212.34774795033331,homopoly
44717649,,C=CC(=O)OCCCCCC(C(C(C(C(C(F)(F)F)(F)F)(F)F)(F)F)(F)F)(F)F,,2,501.891034205,494.11258944,516.309570558,504.10439806766664,homopoly
129762230,,CC(=O)OC1CC2CC1CC2OC(=O)C=C,,2,432.691318349,422.642679916,399.02383859,418.1192789516667,homopoly
30581,,C=CC(=O)OC(=O)CC(C)=O,,0,74.8986267585,42.8451444928,80.1307959135,65.95818905493333,monomer
14657507,,C=CC(=O)OCCOC1[C@@H]([C@H]([C@@H]([C@H](O1)CO)O)O)O,,1,211.902038127,200.810180611,232.050606596,214.920941778,homopoly
22277953,,C=CC(=O)OC(C(C(C(C(C(C(C(C(C(F)(F)F)(F)F)(F)F)(F)F)(F)F)(F)F)(F)F)(F)F)(F)F)(F)F,,2,491.982285366,487.786083756,489.708899077,489.8257560663333,homopoly
81530,,C=CC(=O)OCC,,0,29.1364757703,55.6468978185,52.0926242139,45.6253326009,monomer
13323808,,C=CC(=O)ON,,1,55.7939789684,68.9449115255,74.9990874536,66.5793259825,homopoly
77078233,,C=CC(=O)OCCOCCOCCOCCN=[N+]=[N-],,2,476.722157424,446.429996428,478.237486479,467.1298801103333,homopoly
28803,,C=CC(=O)OCCOCCOCCOCCOC(=O)C=C,,2,576.75784768,495.746081182,516.268686415,529.590871759,homopoly
544523,,CC1=C(C(=C(C=C1)C(C)(C)C)O)CC2=C(C(=CC(=C2)C)C(C)(C)C)OC(=O)C=C,,2,890.635076367,992.980683164,894.180923271,925.9322276006666,homopoly
86753069,,C=CC(=O)OCCCCCCOC1=CC=C(C=C1)C2=CC=C(C=C2)C3CCC(CC3)CCCOS(=O)(=O)C(F)(F)F,,0,378.751829381,251.611005186,311.543589679,313.96880808199995,monomer
165746,,CC(C)CCCCCOC(=O)C=C,,2,374.850865204,387.950189324,387.407170886,383.4027418046667,homopoly
102596112,,CCCCCC(CCCCC)OC(=O)C=C,,2,488.577821693,472.202237183,493.192103687,484.657387521,homopoly
11451824,,C=CC(=O)OCCOCCOCCOCCOCCOCCOCCO,,1,319.282710682,313.650273506,354.349610992,329.09419839333333,homopoly
21746034,,C=CC(=O)OC1=CN=CC=C1,,0,30.0191006451,76.671896205,124.617543763,77.10284687103332,monomer
20802233,,C=CC(=O)OCC12CC3CC(C1)CC(C3)C2,,0,126.953022836,109.942435666,109.030058361,115.308505621,monomer
54152724,,C=CC(=O)OCCOC1=CC=C(C=C1)C2=CC=C(C=C2)C#N,,1,501.758360944,440.393234425,151.910986902,364.6875274236666,homopoly
53967443,,CCCCC(CC)CC1=C(OC=C1)OC(=O)C=C,,0,175.830268868,103.978871659,127.74167004,135.85027018899999,monomer
3016446,,CCCCCCCCCCCCCCCCCCCCCOC(=O)C=C,,1,421.505965025,416.480337286,388.468265872,408.81818939433333,homopoly
19756660,,C/C=C/C=C/OC(=O)C=C,,2,382.48057665,181.880519243,466.395244732,343.58544687499995,homopoly
170899745,,C=CC(=O)OCCCCCCCCCCCCCCCCCBr,,2,725.995936547,742.783928154,701.588950584,723.4562717616667,homopoly
57008258,,C=CC(=O)OC1=CC=C(C=C1)N=NC2=CC=CC=C2,,1,210.186152033,528.353485082,227.839488793,322.12637530266664,homopoly
13782846,,CC(N(C)C)OC(=O)C=C,,0,62.1766776411,51.1692986365,90.5106913245,67.95222253403334,monomer
44145593,,C=CC(=O)OCC(CO)(CO)COCC(CO)(CO)CO,,0,144.077031491,120.604984944,112.650621148,125.77754586100002,monomer
22228790,,C=CC(=O)OC12CC3CC(C1)CC(C3)(C2)O,,1,216.188453137,209.943471693,224.457406728,216.86311051933333,homopoly
15748566,,CCCCCC(CC)OC(=O)C=C,,0,102.769276122,94.5475952749,91.310084357,96.2089852513,monomer
13668398,,C=CC(=O)OCCOC(=O)CCS(=O)(=O)CCCl,,2,421.283160226,457.641417398,563.318376551,480.7476513916667,homopoly
44457109,,CC(=O)OCC([C@@H]1[C@@H]([C@H]2[C@@H](O1)OC(O2)(C)C)OC(=O)C=C)OC(=O)CCC(=O)N3CCN(CC3)C4=C(C=C5C(=C4)N(C=C(C5=O)C(=O)O)C6CC6)F,,2,1316.82421639,1348.96742874,1551.37027131,1405.7206388133334,homopoly
165365566,,CC(C)(C)C(CCC1=CC=C(C=C1)Cl)(CN2C=NC=N2)OC(=O)C=C,,0,194.592739652,233.449360955,131.82821048,186.623437029,monomer
66647127,,C=CC(=O)OC1=CC=CC2=C1NC3=CC=CC=C23,,1,383.904892468,400.014243462,125.859604728,303.2595802193334,homopoly
21727128,,C=CC(=O)OCCC1CO1,,0,69.475282005,36.7725309234,85.1463989027,63.798070610366665,monomer
88543247,,CC(C)(C)OC(=O)NCCOCCOC(=O)C=C,,1,213.972751749,244.542912234,228.986761033,229.16747500533333,homopoly
87722336,,CC(CN(C)C)(N(C)C)OC(=O)C=C,,0,94.825570887,85.5653030399,107.790192053,96.06035532663333,monomer
3051368,,CC(=O)O[C@H]1CC[C@]2([C@@H](C1)CC[C@@H]3[C@@H]2CC[C@]4([C@@]3(CC[C@H]4C(=O)COC(=O)C=C)O)C)C,,1,417.409625651,450.327871927,468.745637353,445.49437831033333,homopoly
21895353,,CCCCC(CC)COC(=O)CCOC(=O)C=C,,0,120.428731735,127.683947426,118.549985887,122.22088834933334,monomer
18426508,,CS(=O)(=O)CCOC(=O)C=C,,0,95.1677438151,69.1047885441,58.8389188356,74.3704837316,monomer
12084305,,CC1(CC(CC(N1OCC(C)(C)O)(C)C)OC(=O)C=C)C,,2,542.562667524,595.537659636,608.781323268,582.2938834759999,homopoly
77920,,CC(C)CCOC(=O)C=C,,1,142.565718646,134.655593886,141.304376862,139.50856313133332,homopoly
88088085,,C=CC(=O)OC(C1=CC=C(C=C1)F)(C(F)(F)F)C(F)(F)F,,0,149.807592549,98.82911673,67.911507665,105.51607231466666,monomer
18648933,,C=CC(=O)OCCOC1[C@@H]([C@H]([C@H]([C@H](O1)CO)O)O)O,,0,113.284667382,87.9115820786,121.592254514,107.59616799153333,monomer
10986943,,C=CC(=O)OCCN1CCCC1=O,,1,163.480360899,179.387679439,151.155203228,164.674414522,homopoly
21459496,,C=CC(=O)OC1=CC=C(C=C1)C2=C(C(=CC=C2)F)F,,2,757.752627245,713.06293997,275.016755316,581.9441075103333,homopoly
15055442,,CC(C)(C(=O)C1=CC=C(C=C1)OCCOC(=O)C=C)O,,0,148.581526182,81.3024192232,211.621376601,147.16844066873333,monomer
23593431,,CC(CC(C(F)(F)F)(C(F)(F)F)O)OC(=O)C=C,,1,150.593266253,174.357983745,169.732267773,164.89450592366666,homopoly
132234056,,CCCCCCCC(=O)OC(C)COC(C)COC(=O)C=C,,2,577.812347525,629.363478323,611.986432244,606.3874193639999,homopoly
22465159,,C=CC(=O)OCC(CN(F)F)N(F)F,,0,83.9477299148,48.0071989105,78.7708197253,70.24191618353332,monomer
13351124,,C/C=C/1\CCCC\C1=C/CCOC(=O)C=C,,2,471.318285439,511.273327295,555.665588339,512.7524003576667,homopoly
12716,,CC(C)OC(=O)C=C,,1,107.712975827,112.919159255,100.488868002,107.04033436133334,homopoly
45091793,,C=CC(=O)OCC1=NNN=C1,,2,252.373399412,252.965340047,269.846366392,258.3950352836667,homopoly
105236,,CN(CCOC(=O)C=C)S(=O)(=O)CC(C(C(C(C(C(C(C(C(C(C(C(F)(F)F)(F)F)(F)F)(F)F)(F)F)(F)F)(F)F)(F)F)(F)F)(F)F)(F)F)(F)F,,1,425.382059975,411.876554984,418.732202626,418.66360586166667,homopoly
20329016,,CC(C)(C)C1=CC(=CC(=C1O)C(C)(C)C)OC(=O)C=C,,0,154.223716724,128.372679367,188.511260015,157.03588536866667,monomer
69099902,,CC(=O)OC[C@@H]1[C@H]([C@@H]([C@H]([C@@H](O1)OCCOC(=O)C=C)OC(=O)C)OC(=O)C)OC(=O)C,,1,368.474535813,349.179794586,370.87763391,362.84398810299996,homopoly
14040031,,C=CC(=O)OCC(=C)CS(=O)(=O)C1=CC=CC=C1,,2,553.517035304,429.803832888,598.051071949,527.1239800469999,homopoly
75588,,C=CC(=O)OCCCCO,,0,72.4119630137,49.2136407073,71.6514097618,64.42567116093333,monomer
18615292,,C=CC(=O)OCC1=C2C=CC3=CC=CC4=C3C2=C(C=C4)C=C1,,0,205.538521127,226.078797323,150.869944514,194.16242098799998,monomer
18469777,,COOC(=O)C=C,,1,77.2390967367,78.468828991,99.5667920583,85.09157259533333,homopoly
543932,,C=CC(=O)OCCC1CC1=C,,2,327.925175211,313.068831837,310.902809084,317.2989387106666,homopoly
39485,,C=CC(=O)OCCOC1=CC=CC=C1,,1,233.745361512,189.696863002,162.039908031,195.16071084833334,homopoly
13759504,,CC1=CC=C(C=C1)OC(=O)C=C,,0,116.064859357,104.754584383,52.3838030767,91.06774893890001,monomer
21881314,,C=CC(=O)OCC(OC1=CCCC1)OC2=CCCC2,,1,285.795539231,249.219047528,266.721636017,267.245407592,homopoly
91757807,,C=CC(=O)OCCOCCOCCOCCOCCOCCOCCOCCOCCOCCOCCOCCN,,0,266.975216272,254.724193853,263.368106715,261.68917228000004,monomer
168059192,,CC(C)N(CC1=C(C(=CC(=C1)C=O)OC)OC(=O)C=C)C(C)C,,0,221.914609261,183.563143188,118.037215074,174.50498917433333,monomer
13351124,,C/C=C/1\CCCC\C1=C/CCOC(=O)C=C,,0,131.431467091,101.561727485,158.030528303,130.3412409596667,monomer
223953,,CCC(C)(C)C1CCC(CC1)OC(=O)C=C,,1,209.835801969,270.94494867,230.623318111,237.1346895833333,homopoly
129753987,,C=CC(=O)OC1CCN(CC1)C2=C(C(=C(C(=C2F)F)C3=NN(C(C3)C4=CC=CC=C4)C5=CC=CC=C5)F)F,,2,988.148228275,1295.00248295,1757.74835448,1346.966355235,homopoly
129721473,,C=CC(=O)OCCOCC1=CC=C(C=C1)I,,1,228.782207082,154.024056188,353.429900185,245.412054485,homopoly
22613596,,C=CC(=O)OC1=CC=C(C=C1)C#N,,1,220.041913136,263.596329861,93.9231553964,192.52046613113336,homopoly
85416,,C=CC(=O)OCCOC1=CC(=C(C=C1)C(=O)C2=CC=CC=C2)O,,1,456.990968912,275.987057499,292.853540135,341.9438555153333,homopoly
13086546,,CC1(CCCCC1)OC(=O)C=C,,2,342.910529949,349.984890211,322.180127647,338.3585159356667,homopoly
3022442,,CCCCCCCCCCCCCC(C)COC(=O)C=C,,2,619.056204298,675.165215573,664.815669117,653.012362996,homopoly
585841,,CC1(C2CCC1(C(C2OC(=O)C=C)OCC3=CC=CC=C3)C)C,,1,319.335062311,351.438216232,310.017773508,326.9303506836667,homopoly
23635727,,CCCC(=O)NC1=CC=C(C=C1)OC(=O)C=C,,0,62.1925607644,116.033142303,222.850268579,133.6919905488,monomer
133188422,,C=CC(=O)ON(OC(=O)C=C)OC(=O)C=C,,0,99.7186269398,82.0943528818,111.043807365,97.6189290622,monomer
21216989,,CC(C)(C(=O)OCCOC(=O)C=C)Br,,1,172.351785338,196.458273042,192.01875093,186.94293643666666,homopoly
23290045,,C=CC(=O)OCC(COC1=CC=CC=C1C2=CC=CC=C2)O,,1,266.154714891,414.99699554,246.373139922,309.1749501176667,homopoly
129851994,,CC1(CC=C(C=C1)/C=C/COC(=O)C=C)O,,1,230.004742291,259.989141704,235.566066321,241.853316772,homopoly
129818970,,C=CC(=O)OC(C(C(F)(F)F)(F)F)(OC(C(C(C(C(F)(F)F)(F)F)(F)F)(F)F)(F)F)F,,1,210.673465832,194.144399288,206.260616506,203.69282720866667,homopoly
19756660,,C/C=C/C=C/OC(=O)C=C,,0,110.533534166,32.9071598109,124.269713879,89.23680261863332,monomer
88654,,CCCCCCCCCCCOC(=O)C=C,,1,233.233883204,264.59383352,227.187042516,241.67158641333333,homopoly
129883477,,C=CC(=O)OCCCN=CC1=CC=C(C=C1)[N+](=O)[O-],,1,223.222278288,233.357469078,369.478056002,275.35260112266667,homopoly
3019605,,C=CC(=O)OCC1=C(C=CC=C1Cl)[N+](=O)[O-],,0,139.550113531,89.1536249075,97.1627360282,108.62215815556668,monomer
54241943,,C=CC(=O)OCC=CCCl,,1,130.461945163,158.647955094,140.848051106,143.319317121,homopoly
71309119,,CCCCOC(=O)[13CH]=C,,1,125.465835778,126.191411302,121.522933555,124.393393545,homopoly
105238,,CN(CCOC(=O)C=C)S(=O)(=O)CC(C(C(C(C(C(C(C(F)(F)F)(F)F)(F)F)(F)F)(F)F)(F)F)(F)F)(F)F,,2,737.283053989,659.457003373,627.911146813,674.883734725,homopoly
67859946,,C=CC(=O)OC1=C2C(=CC=C1)SC3=CC=CC=C3N2,,2,760.247802643,413.725161012,817.627680815,663.8668814900001,homopoly
19989416,,C=CC(=O)ON1CCOCC1,,1,127.208553787,154.273731654,135.363802566,138.94869600233332,homopoly
544477,,CC1(C2CCC1(C(C2OC(=O)C=C)OCC(C)(C)C)C)C,,1,287.155112414,300.652405481,323.520943509,303.77615380133335,homopoly
129827076,,C=CC(=O)OCC1CCC(CC1)COCC2CO2,,1,241.556349003,232.261142241,264.740961326,246.18615085666667,homopoly
3016548,,CCCCCCCCCCCCCCCCCCCCCCCCOC(=O)C=C,,1,420.143357462,463.912592202,497.194988101,460.41697925499994,homopoly
18392,,COCCOC(=O)C=C,,0,62.0295664136,38.2183995344,69.8302147002,56.69272688273333,monomer
175956,,C=CC(=O)OCCOC(=O)CCC(=O)O,,2,351.625178889,330.999125407,333.416892801,338.68039903233336,homopoly
13668398,,C=CC(=O)OCCOC(=O)CCS(=O)(=O)CCCl,,0,119.441275775,117.875726619,120.315888304,119.21096356599999,monomer
3247070,,CC1=C(C(=C(C2=C1O[C@](CC2)(C)CCC[C@H](C)CCC[C@H](C)CCCC(C)C)C)OC(=O)C=C)C,,0,330.088060942,221.107696108,321.846991933,291.014249661,monomer
3023753,,CCCCCCCCCCCCCCCCCCCCCCCCCCCCCCCCCCOC(=O)C=C,,1,647.253585198,646.592750357,592.548429685,628.79825508,homopoly
44607779,,C=CC(=O)OC1C[C@H]2C[C@@H]1[C@@H]3[C@H]2C=CC3,,1,199.431312503,214.124379959,215.60502239,209.72023828399998,homopoly
4418430,,C=CC(=O)OCCOCCOC1=CC=CC=C1,,1,242.913866102,189.594393011,274.193318329,235.56719248066668,homopoly
138113129,,C=CC(=O)OC1=C(OC2=CC=CC=C2C1=O)C3=CC=CC=C3,,1,328.023177329,390.26194749,382.923764519,367.06962977933335,homopoly
11959825,,C=CC(=O)OC1CCOC1=O,,2,271.270549014,255.77190531,255.104794528,260.71574961733336,homopoly
102232917,,CC1(COC2=CSC=C2OC1)COC(=O)C=C,,2,513.92461614,501.043287015,443.210689115,486.0595307566666,homopoly
129849674,,C=CC(=O)O[C@@]1([C@@H]([C@H]([C@H]([C@H](O1)CO)O)O)O)O,,0,99.5389723331,67.5903099582,106.035595661,91.05495931743333,monomer
88025334,,C=CC(=O)OC(=C)C=O,,0,79.1518438757,26.475347804,64.085213971,56.570801883566666,monomer
85617,,C=CC(=O)OC1CCCC1,,2,273.351274401,292.914241292,258.891424737,275.0523134766667,homopoly
13338025,,C=CC(=O)OC1=CC=CC=C1C2=CC=CC=C2,,0,161.507416141,65.2738090068,178.900944227,135.2273897916,monomer
129681856,,C=CC(=O)OC1=C(C=CC(=C1)N)C(=N)N,,1,268.177638045,162.250796155,224.957028769,218.46182098966665,homopoly
71347199,,C=CC(=O)OCCC(C(F)(F)Br)(F)F,,2,250.043782619,350.242988039,283.20961225,294.4987943026667,homopoly
129858029,,C=CC(=O)ON=[N+]=[N-],,0,66.5977303414,32.6004177496,43.0925995816,47.4302492242,monomer
87061321,,C/C=C/CCCOC(=O)C=C,,2,354.546577265,330.269669885,284.47520885,323.097152,homopoly
68915228,,CN(C)C1(CCC(=O)C(C1)COC(=O)C=C)C2=CC=CC=C2,,1,269.679769448,302.77681644,372.191828269,314.88280471900003,homopoly
21872246,,C=CC(=O)OCCOC1=CC=CC2=CC=CC=C21,,1,344.239781914,230.71936943,226.193641792,267.05093104533336,homopoly
21884903,,CC(C)(C)C1(CCCCC1)OC(=O)C=C,,2,444.030460445,446.190174146,429.326467063,439.84903388466665,homopoly
54542510,,C=CC(=O)OC12CC3CC(C1)CC(C3)C2O,,0,141.620727629,104.770275845,84.4320208322,110.2743414354,monomer
21746034,,C=CC(=O)OC1=CN=CC=C1,,2,292.750360683,291.185118282,322.149228644,302.0282358696667,homopoly
104367,,C=CC(=O)OCCC(C(C(C(C(C(C(C(C(C(F)(F)F)(C(F)(F)F)F)(F)F)(F)F)(F)F)(F)F)(F)F)(F)F)(F)F)(F)F,,2,572.581101531,596.164669545,622.60220708,597.1159927186667,homopoly
23513520,,C=CC(=O)OCCC1=CC=CC2=CC=CC=C21,,2,391.674467676,582.412475898,636.313107796,536.8000171233334,homopoly
87693,,CN(C)CCCOC(=O)C=C,,2,276.145652828,300.371061619,307.253709257,294.59014123466665,homopoly
21807586,,C=CC(=O)OC1=CC2=CC=CC=C2N1,,2,537.399943711,386.135069129,384.126683829,435.887232223,homopoly
76340,,C=CC(=O)OCC(C(C(C(C(C(F)F)(F)F)(F)F)(F)F)(F)F)(F)F,,0,115.562211597,58.7402193977,107.71640643,94.00627914156667,monomer
10907737,,CCC(C)(C)C1=CC(=C(C(=C1)C(C)(C)CC)O)C(C)C2=C(C(=CC(=C2)C(C)(C)CC)C(C)(C)CC)OC(=O)C=C,,2,1388.11752468,1210.09820839,1336.35202263,1311.5225852333333,homopoly
105236,,CN(CCOC(=O)C=C)S(=O)(=O)CC(C(C(C(C(C(C(C(C(C(C(C(F)(F)F)(F)F)(F)F)(F)F)(F)F)(F)F)(F)F)(F)F)(F)F)(F)F)(F)F)(F)F,,2,858.418508568,823.760584621,800.303519374,827.4942041876666,homopoly
170900921,,C=CC(=O)OCCCCN1C=NC2=C(N=C(N=C21)N)N,,1,214.646134313,228.390445703,332.16891012,258.4018300453333,homopoly
68649062,,CC(C)C(OC(=O)C=C)OC12CC3CC(C1)CC(C3)C2,,1,261.696990396,315.968076591,270.876848297,282.84730509466664,homopoly
117666949,,CCC1=C(N=C(C(=N1)C(=O)N)NC2=CC=C(C=C2)N3CCN([C@@H](C3)COC(=O)C=C)C)OC4=CC=CC(=C4)NC(=O)C=C,,2,1463.5198277,1688.71761999,1145.08150469,1432.4396507933334,homopoly
22400639,,C=CC(=O)OCC1=C2C=CC=NC2=C(C=C1)O,,0,169.477046168,66.9973390232,135.798183131,124.09085610739999,monomer
23362714,,C=CC(=O)OCCCC1=CC=NC=C1,,1,238.157139493,175.652283427,155.444550309,189.75132440966664,homopoly
2776224,,C=CC(=O)OCC(CC(C(C(C(C(C(F)(F)F)(C(F)(F)F)F)(F)F)(F)F)(F)F)(F)F)O,,0,135.840095569,113.376179354,108.318959939,119.17841162066668,monomer
4260109,,CCN(CCOC(=O)C=C)C1=CC=C(C=C1)N=NC2=C(C=C(C=C2)[N+](=O)[O-])Cl,,2,852.06267034,1096.51533334,1812.1591438,1253.57904916,homopoly
3532725,,C=CC(=O)OCCSC,,2,262.466814323,255.866906419,265.041143928,261.12495488999997,homopoly
89428483,,C=CC(=O)OC12CC3CC(CC(C3)C1C)C2,,0,134.88762229,115.172080374,98.8408315884,116.30017808413334,monomer
86672979,,CC1=CC(=C(C=C1C)I)NC2=CC=CC(=C2)COC(=O)C=C,,2,630.801234392,782.509289168,882.953903919,765.4214758263333,homopoly
121420658,,CCCCCCCCC(CCCCCCCC)OC(=O)C=C,,2,674.468196751,665.481442232,704.767864639,681.5725012073334,homopoly
17050,,CCN(CC)CCOC(=O)C=C,,2,332.005581977,331.266565011,341.356960984,334.876369324,homopoly
3465231,,C=CC(=O)OC1=C(C(=C(C(=C1Br)Br)Br)Br)Br,,0,149.942530158,108.138084856,198.242511429,152.10770881433334,monomer
544477,,CC1(C2CCC1(C(C2OC(=O)C=C)OCC(C)(C)C)C)C,,0,147.345287266,166.863635545,147.752743074,153.98722196166668,monomer
155293052,,C=CC(=O)OC1=CC=C(C=C1)/C=C/C(=O)C2=C3C=CC4=CC=CC5=C4C3=C(C=C5)C=C2,,2,1231.01223336,1053.05226919,1075.00999005,1119.6914975333332,homopoly
21867900,,C=CC(=O)OC(=O)O,,2,150.390630494,161.341543698,160.920288881,157.55082102433335,homopoly
3051375,,CC(=O)OC[C@]12CC[C@@H](C[C@]1(CC[C@@H]3[C@@H]2CC[C@]4([C@@]3(CC[C@H]4C(=O)COC(=O)C=C)O)C)O)OC(=O)C,,2,1011.81181434,1059.21224197,873.424558017,981.4828714423332,homopoly
22999312,,C=CC(=O)OC1=CC=C(C2=CC=CC=C21)C=O,,1,349.093721171,154.217624756,320.713104246,274.67481672433337,homopoly
11630244,,CC(C)CCCCCCCCCCOC(=O)C=C,,0,146.301950418,139.557823112,123.799665104,136.5531462113333,monomer
69285273,,CC1=CC=C(C=C1)N(C2=CC=C(C=C2)C3=CC=C(C=C3)CCOC(=O)C=C)C4=C(C=C(C=C4C)C)C,,0,380.198742867,211.92248988,474.800049932,355.64042755966665,monomer
20536718,,CC(CCOC(=O)C=C)OCCC#N,,2,362.901413408,379.430094584,338.688501947,360.34000331300007,homopoly
68773183,,CCN(CC)C1=CC=C(C=C1)CCOC(=O)C=C,,0,113.98472923,152.82190585,157.308693175,141.371776085,monomer
23067278,,C=CC(=O)OC1CCO1,,1,98.1034473068,120.611678541,103.921929554,107.54568513393333,homopoly
3022438,,CCCCCCCCCC(C)COC(=O)C=C,,0,135.776444042,105.45154258,152.504933761,131.2443067943333,monomer
129626459,,CC(C)(C)OC(=O)OC1=CC=C(C=C1)OCCCCCCOC(=O)C=C,,0,182.100700098,176.408561714,203.934823637,187.48136181633333,monomer
83174,,CCCCC(C)(C)COC(=O)C=C,,2,368.971356675,378.546532076,405.78939422,384.43576099033334,homopoly
543279,,CCCCCCCCCC(CC)OC(=O)C=C,,1,259.277132299,249.066652617,258.447292581,255.59702583233334,homopoly
3023749,,CCCCCCCCCCCCCCCCCCCCCCCCCCCCOC(=O)C=C,,1,548.67542457,543.547647131,480.270125845,524.164399182,homopoly
129762343,,C=CC(=O)OC12CCC(C1)CC2CC#N,,2,447.546960965,389.802063594,367.675659336,401.67489463166663,homopoly
39485,,C=CC(=O)OCCOC1=CC=CC=C1,,0,102.067157031,68.5210622919,124.15850006,98.24890646096667,monomer
59172001,,C=CC(=O)OCCCCCCCCCCCP(=O)(O)O,,2,619.933221115,548.789385104,568.152961211,578.9585224766666,homopoly
85617,,C=CC(=O)OC1CCCC1,,1,133.881741128,148.302210417,128.833588731,137.00584675866665,homopoly
86720804,,C=CC(=O)OCC1=C(C=CC(=C1)N)C2=C(C=C(C=C2)N)COC(=O)C=C,,1,402.747868206,370.109628085,438.242271338,403.69992254299996,homopoly
67252608,,C=CC(=O)OC(C1=CC=CC2=CC=CC=C21)O,,2,426.431653929,426.237274812,653.087213017,501.91871391933336,homopoly
23070318,,C=CC(=O)OC1=CC=C(C=C1)I,,2,388.632968561,647.812536631,192.764514167,409.73667311966665,homopoly
129735866,,C=CC(=O)OC1=C2C=C3C=CC(=N3)C=C4C=CC(=N4)C=C5C=CC(=CC(=C1)N2)N5,,1,379.136729234,845.526396497,908.112724532,710.925283421,homopoly
18362117,,CCC1=CC=C(C=C1)OC(=O)C=C,,2,308.263956716,441.045891205,483.794845675,411.03489786533333,homopoly
86736832,,CCC(C)(NC1=CC=CC=C1)OOC(=O)C=C,,2,455.481886424,484.790372797,550.854474939,497.04224472000004,homopoly
85486,,C=CC(=O)OCC([N+](=O)[O-])([N+](=O)[O-])F,,1,142.169944465,142.595395527,151.566615694,145.44398522866666,homopoly
543284,,CCCCCCCCCCC(CCC)OC(=O)C=C,,1,304.307841946,262.990626808,310.890545928,292.72967156066665,homopoly
23663682,,C=CC(=O)OCCCS(=O)(=O)[O-],,0,114.906533847,76.8573362425,85.5721752207,92.44534843673334,monomer
11031110,,C[C@@H]1CC[C@H]([C@@H](C1)OC(=O)C=C)C(C)C,,1,215.881633442,225.878884179,218.016751238,219.92575628633335,homopoly
543284,,CCCCCCCCCCC(CCC)OC(=O)C=C,,0,165.790482914,122.244097365,153.617900174,147.21749348433335,monomer
163201125,,CC(=O)N[C@H]1CCC2=CC(=C(C(=C2C3=CC=C(C(=O)C=C13)SC)OC)OC(=O)C=C)OC,,2,1143.85235008,1115.89402117,1179.62623937,1146.4575368733333,homopoly
19357572,,C=CC(=O)OCCOCCOP(=O)(O)O,,1,168.175227908,173.288588898,177.80728542,173.09036740866668,homopoly
3465231,,C=CC(=O)OC1=C(C(=C(C(=C1Br)Br)Br)Br)Br,,2,644.277430467,556.948074421,634.649485242,611.9583300433334,homopoly
16541,,CCCCCCCCCCOC(=O)C=C,,1,225.941775783,217.898429697,229.146759079,224.3289881863333,homopoly
58021564,,CCOP(=O)(COC(=O)C=C)OCC,,0,132.142612531,94.589976744,69.8774178203,98.8700023651,monomer
15390035,,C=CC(=O)OCCCCCCOC1=CC=C(C=C1)O,,2,610.520837608,479.492254611,519.24062252,536.417904913,homopoly
20224153,,C=CC(=O)OCCN=C=S,,2,287.201294927,274.75130462,259.775386018,273.9093285216666,homopoly
564417,,C=CC(=O)OCCCCC=C1CC1,,1,187.147053373,202.552648213,179.54879485,189.74949881199998,homopoly
129819794,,C=CC(=O)OCCCCCCCCCCCC[N+](=O)[O-],,1,266.737233116,272.747184653,293.174159004,277.5528589243333,homopoly
87061321,,C/C=C/CCCOC(=O)C=C,,1,149.009792697,180.493449406,149.191662276,159.56496812633333,homopoly
118382728,,C=CC(=O)OCCCCCCCCCCCCCCC,,1,287.170281347,326.602504369,314.632946879,309.46857753166665,homopoly
44457109,,CC(=O)OCC([C@@H]1[C@@H]([C@H]2[C@@H](O1)OC(O2)(C)C)OC(=O)C=C)OC(=O)CCC(=O)N3CCN(CC3)C4=C(C=C5C(=C4)N(C=C(C5=O)C(=O)O)C6CC6)F,,0,389.138651158,397.519425654,271.033997934,352.5640249153333,monomer
18546000,,C=CC(=O)OC1=CC=C(C=C1)F,,2,265.259649494,358.244835173,361.913383094,328.472622587,homopoly
129721060,,C=CC(=O)OC1=C(C=CC2=C1NC3=CC=CC=C23)CCO,,0,140.617369786,158.922617001,230.569247565,176.70307811733332,monomer
54376974,,CC(C)(C)C(OCCC#N)OC(=O)C=C,,1,210.587476308,175.218175248,200.261781716,195.35581109066666,homopoly
543279,,CCCCCCCCCC(CC)OC(=O)C=C,,0,135.9090164,119.283806611,132.986746663,129.39318989133335,monomer
124202873,,CO[13C](=O)[13CH]=[13CH2],,2,152.447170242,140.569284164,148.264919155,147.093791187,homopoly
44145730,,CCC1(CCC2C(C1OC(=O)C=C)O2)O,,2,438.714888797,349.904300246,390.838312012,393.1525003516667,homopoly
640210,,C=CC(=O)OCCCCCCOC1=CC=C(C=C1)C(=O)OC2=CC=C(C=C2)C#N,,1,439.551754639,356.015567425,562.020085788,452.52913595066667,homopoly
54002635,,C=CC(=O)OCCCOC1=CC2=CC=CC=C2C=C1,,0,145.537231144,115.499877502,196.348445607,152.46185141766668,monomer
134820730,,CC(C)OC1=CC=C(C=C1)C(=O)NC2=CC=C(C=C2)OC(=O)C=C,,1,284.746054589,390.534560214,553.579274132,409.6199629783334,homopoly
18325639,,CCCNCCOC(=O)C=C,,1,155.01149848,165.626634815,132.490962631,151.04303197533332,homopoly
85957,,C=CC(=O)OCC(CC(C(C(C(C(C(C(C(C(C(C(C(F)(F)F)(C(F)(F)F)F)(F)F)(F)F)(F)F)(F)F)(F)F)(F)F)(F)F)(F)F)(F)F)(F)F)O,,2,733.662972563,697.524360533,737.230521515,722.805951537,homopoly
125483581,,C=CC(=O)OCCOC(=O)C(Cl)Cl,,0,117.019966585,72.666558588,58.6613438256,82.78262299953333,monomer
121005771,,CC1=CC=CC=C1N2CC3=C(C=CC(=C3)OC(=O)C=C)OC2,,1,413.970962393,276.879553401,324.396072675,338.41552948966665,homopoly
132281623,,C=CC(=O)OC1CCC2C1C3CC2C(C3)OC=O,,2,485.256273158,475.420824553,447.810456049,469.49585125333334,homopoly
58805559,,CCCC(=O)CCOC(=O)C=C,,2,331.349514513,314.704977132,319.413000705,321.82249744999996,homopoly
4200359,,C=CC(=O)OCCCCBr,,2,255.97505912,351.674941247,261.492525753,289.7141753733333,homopoly
17827951,,C=COC(=O)C=C,,0,77.851919026,51.5382573337,18.2001361094,49.19677082303334,monomer
13587852,,C=CC(=O)OC1=C(C(=CC(=C1F)F)F)F,,0,127.661424061,68.1074189666,58.950686571,84.9065098662,monomer
568158,,C=CC(=O)OCCCC,,2,283.464573987,246.684864822,223.46479411,251.2047443063333,homopoly
16627,,C=CC(=O)OCCCl,,1,116.023361269,83.7880146098,114.37212428,104.72783338626665,homopoly
45094573,,CCC1(COC1)OCCOC(=O)C=C,,1,182.417051091,166.241103475,190.076729059,179.57829454166668,homopoly
54361431,,CC(C)(C1=CC=CC=C1)C2=CC=C(C=C2)OCCOC(=O)C=C,,2,774.857095738,657.924280149,654.501527604,695.7609678303334,homopoly
69199120,,CC1CCC(CC1)(C(C)C)OC(=O)C=C,,1,218.689045126,222.714705831,215.15919431,218.854315089,homopoly
13847847,,CC(C)CCCCCCCCCCCCOC(=O)C=C,,1,287.28321134,307.108531457,322.810498238,305.734080345,homopoly
68648646,,C=CC(=O)OC(OCC12CC3CC(CC(C3)C1)C2)C(C)C,,2,582.496765435,617.417024037,611.212604046,603.7087978393334,homopoly
174079,,C=CC(=O)OCCC(C(C(C(C(C(C(C(C(C(C(C(C(C(C(C(C(C(F)(F)F)(F)F)(F)F)(F)F)(F)F)(F)F)(F)F)(F)F)(F)F)(F)F)(F)F)(F)F)(F)F)(F)F)(F)F)(F)F)(F)F)(F)F,,1,458.613753957,446.019050441,396.195659827,433.609488075,homopoly
145740231,,CC(=O)NC1=CC=C(C=C1)C(=O)C=CC2=CC=C(C=C2)OC(=O)C=C,,0,225.404014202,376.729444542,85.7624456175,229.29863478716666,monomer
21918123,,CCCCCCCCCC1=CC=C(C=C1)OC(=O)C=C,,2,601.809721121,585.260705138,744.897686336,643.9893708650001,homopoly
129854619,,CCCCCCCCCCCCCCOC(=O)CCOC(=O)C=C,,0,174.108805468,174.485193436,175.065627196,174.55320870000003,monomer
85975705,,CCCCCOC1=CC=C(C=C1)N=NC2=CC=C(C=C2)OC(=O)C=C,,2,788.616517359,945.814505591,891.726549054,875.3858573346666,homopoly
132281623,,C=CC(=O)OC1CCC2C1C3CC2C(C3)OC=O,,0,124.551190116,105.248521296,129.513364452,119.77102528799999,monomer
23437533,,C=CC(=O)OC1=CC=C(C=C1)S(=O)(=O)C2=CC=C(C=C2)O,,0,152.876069379,128.178420178,206.003581204,162.35269025366668,monomer
16204988,,C=CC(=O)OCC(CC(C(C(C(C(C(C(C(C(C(C(C(C(C(F)(F)F)(C(F)(F)F)F)(F)F)(F)F)(F)F)(F)F)(F)F)(F)F)(F)F)(F)F)(F)F)(F)F)(F)F)(F)F)O,,2,771.721362844,749.064707751,843.437295611,788.0744554020001,homopoly
23132660,,CC(C)CC1(OCC(O1)COC(=O)C=C)C,,2,421.913389841,471.904465791,392.737920754,428.85192546200005,homopoly
6455702,,C=CC(=O)OCCN,,0,60.1347987835,44.2353649496,46.7954808792,50.388548204100005,monomer
86815,,C=CC(=O)OC(C1=CC=CC=C1)C(=O)C2=CC=CC=C2,,2,594.389480703,563.198300535,614.836889433,590.808223557,homopoly
19779557,,C=CC(=O)OC1=CC=CS1,,0,141.965869958,67.1854270285,30.6020018983,79.91776629493334,monomer
22065604,,COCCCOC(=O)C=C,,2,259.193101577,252.796485899,270.214300019,260.734629165,homopoly
2775973,,C=CC(=O)OC1=C(C(=C(C(=C1F)F)F)F)F,,1,195.799700855,107.809402552,209.095064221,170.90138920933336,homopoly
129721294,,C=CC(=O)OC1=CC=C(C=C1)C2C(CC2(C#N)C#N)(C#N)C#N,,0,127.72638588,141.790169741,211.955035321,160.490530314,monomer
107300,,C=CC(=O)OCC1CCC=CO1,,2,353.16897298,326.568171461,276.741708745,318.82628439533335,homopoly
129807973,,CC(C(F)F)([N+](=O)[O-])OC(=O)C=C,,1,142.702637823,139.002121917,110.71948092,130.80808022,homopoly
11058231,,C=CC(=O)OCCOCCOCCOCCOCCOCCOC(=O)C=C,,1,322.268967057,360.803422639,355.487592133,346.1866606096667,homopoly
13932176,,CCCCCCC(COC(=O)C=C)O,,0,89.1227881539,106.419674802,93.7437775852,96.42874684703334,monomer
3019605,,C=CC(=O)OCC1=C(C=CC=C1Cl)[N+](=O)[O-],,1,219.2290721,219.18920509,201.447075567,213.28845091899998,homopoly
11630244,,CC(C)CCCCCCCCCCOC(=O)C=C,,1,264.114477699,315.845220508,249.114262535,276.357986914,homopoly
57931572,,C=CC(=O)OC1C2=CC=CC=C2C3=CC=CC=C13,,2,565.911457084,426.360988806,704.201935302,565.4914603973333,homopoly
141170139,,C=CC(=O)OCCC(C1=CC=CC=C1)C2=CC=CC=C2,,1,259.144842413,391.164756477,262.401380478,304.23699312266666,homopoly
87149,,C=CC(=O)OCCC(C(C(C(C(C(F)(F)F)(F)F)(F)F)(F)F)(F)F)(F)F,,0,81.263636018,104.757141942,115.030559186,100.35044571533335,monomer
18366398,,C=CC(=O)OI,,2,201.398545599,226.821523109,182.597089635,203.60571944766664,homopoly
162078,,CCCCCCCCCCCCCCCCCCCCOC(=O)C=C,,2,764.910306883,841.796461543,740.338161579,782.3483100016666,homopoly
174079,,C=CC(=O)OCCC(C(C(C(C(C(C(C(C(C(C(C(C(C(C(C(C(C(F)(F)F)(F)F)(F)F)(F)F)(F)F)(F)F)(F)F)(F)F)(F)F)(F)F)(F)F)(F)F)(F)F)(F)F)(F)F)(F)F)(F)F)(F)F,,0,179.67693024,274.098999724,206.106860814,219.9609302593333,monomer
57747549,,CC1=CC=C(C=C1)N(C2=CC=C(C=C2)C)C3=CC=C(C=C3)C4=CC=C(C=C4)CCOC(=O)C=C,,1,481.683544887,585.875529664,886.778063354,651.445712635,homopoly
71375967,,C=CC(=O)OCCCCOC1=CC=C(C=C1)C(=O)C2=CC=CC=C2,,2,774.853928388,706.630236613,705.015572769,728.8332459233333,homopoly
124202872,,CO[13C](=O)C=C,,0,48.7001552204,32.1168975548,31.0298529062,37.282301893799996,monomer
3022440,,CCCCCCCCCCCC(C)COC(=O)C=C,,2,589.888686551,566.761386753,592.586454493,583.078842599,homopoly
99770076,,C=CC(=O)OC(C#N)(C(F)(F)Cl)C(F)(F)Cl,,1,170.807882835,157.590513489,150.667181662,159.68852599533332,homopoly
163826037,,C=CC(=O)OC1CC2=CC=CC=C2C1,,0,114.034168599,85.6839393043,112.08485156,103.9343198211,monomer
119747,,C=CC(=O)OCCC(C(C(C(C(C(C(C(F)(F)F)(F)F)(F)F)(F)F)(F)F)(F)F)(F)F)(F)F,,1,211.820798784,275.62397351,230.337611654,239.26079464933332,homopoly
5062351,,C=CC(=O)OCC(O)COC(=O)C=C,,0,91.4397577471,97.7239648977,70.1765957279,86.4467727909,monomer
10520851,,C=CC(=O)OCCOCCOCCOCCOCCOCCO,,1,276.664623694,289.735130639,290.777650172,285.72580150166664,homopoly
54152861,,C=CC(=O)OCCOCCOCCC#N,,0,96.109072472,75.6938427396,104.547419812,92.1167783412,monomer
117666949,,CCC1=C(N=C(C(=N1)C(=O)N)NC2=CC=C(C=C2)N3CCN([C@@H](C3)COC(=O)C=C)C)OC4=CC=CC(=C4)NC(=O)C=C,,0,404.253494034,326.425604762,357.233277592,362.637458796,monomer
175022,,CN(CCOC(=O)C=C)S(=O)(=O)CCC(C(C(C(C(C(C(C(C(C(C(C(C(C(F)(F)F)(F)F)(F)F)(F)F)(F)F)(F)F)(F)F)(F)F)(F)F)(F)F)(F)F)(F)F)(F)F)(F)F,,2,962.438842736,917.529244437,941.164518665,940.3775352793333,homopoly
15012035,,CN1C(=O)C[C@H](C1=O)OC(=O)C=C,,2,345.950854012,369.125047066,249.805343438,321.62708150533336,homopoly
125483581,,C=CC(=O)OCCOC(=O)C(Cl)Cl,,1,183.581556204,139.831408087,173.74687662,165.71994697033332,homopoly
24627,,C=CC(=O)OCCOCCC#N,,1,159.749946548,126.992714815,153.44594859,146.72953665100002,homopoly
53426370,,C=CC(=O)OCCCCOC(=O)CCl,,0,111.225015851,60.1387786393,106.95561184,92.77313544343333,monomer
23176933,,C=CC(=O)OCC1C(C(C(C(C1(F)F)(F)F)(F)F)(F)F)(F)F,,1,168.421822072,182.021281933,184.018318394,178.15380746633332,homopoly
129829186,,C=CC(=O)OOC(=O)CCCCCCCCC(=O)OOC(=O)C=C,,2,620.249567556,603.896843115,631.14920118,618.4318706170001,homopoly
22728782,,C=CC(=O)OCCN1CCOC1=O,,0,54.6228017496,77.7835820864,97.5467960395,76.6510599585,monomer
86736825,,CCC(C)(NS(=O)(=O)C)OOC(=O)C=C,,1,220.357583117,186.239191011,224.146024661,210.24759959633334,homopoly
132281623,,C=CC(=O)OC1CCC2C1C3CC2C(C3)OC=O,,1,247.818438668,257.041886694,204.04996731,236.30343089066665,homopoly
155432394,,CC(C)(CCOC(C)(C)CC(=O)ON1C(=O)CCC1=O)OC(=O)C=C,,0,160.431080049,151.794313709,167.359099729,159.861497829,monomer
100982165,,CCN(CCOC(=O)C=C)C1=CC=C(C=C1)C=O,,1,292.433710018,264.467659296,271.944129751,276.28183302166667,homopoly
15722986,,C=CC(=O)OCCI,,2,217.810538338,231.098089128,288.760975277,245.889867581,homopoly
109058,,CC1=CC(=C(C(=C1)C(C)(C)C)O)CC2=C(C(=CC(=C2)C)C(C)(C)C)OC(=O)C=C,,2,1002.57310688,851.088353476,959.561521294,937.7409938833333,homopoly
121494101,,C=CC(=O)OCC1CC[C@H]2O[C@H]2C1,,0,109.225026861,72.2490787769,85.739999663,89.07136843363334,monomer
155643744,,CCCCCCCCSSCCOC(=O)C=C,,1,273.858530869,282.234097015,268.903455842,274.99869457533333,homopoly
2776419,,C=CC(=O)OCC(C(C(C(C(C(C(C(C(C(F)F)(F)F)(F)F)(F)F)(F)F)(F)F)(F)F)(F)F)(F)F)(F)F,,1,299.372191431,253.776385009,235.750049548,262.96620866266665,homopoly
18533710,,C=CC(=O)OCCCOC1=CC=C(C=C1)C2=CC=C(C=C2)C#N,,0,223.270153813,148.540708378,205.879849338,192.56357050966668,monomer
171714604,,C=CC(=O)OCBr,,2,207.360363957,177.625219857,196.990557592,193.99204713533334,homopoly
129718202,,C=CC(=O)OC1=C(C(=C(C(=C1C2CCC2)C#N)C#N)C#N)C#N,,0,139.175526242,180.764716053,209.26974355,176.40332861499996,monomer
3022435,,CCCCCCC(C)COC(=O)C=C,,1,218.038132785,205.76947094,199.002540666,207.60338146366666,homopoly
100973,,CNC(=O)CCOC(=O)C=C,,1,147.718078969,120.510683744,146.452229392,138.22699736833334,homopoly
80995,,C=CC(=O)OCCN1CC1,,1,131.925587502,126.452736433,134.879897731,131.08607388866668,homopoly
91179,,C=CC(=O)OCC(CC(C(C(C(C(C(C(C(F)(F)F)(C(F)(F)F)F)(F)F)(F)F)(F)F)(F)F)(F)F)(F)F)O,,2,653.998262187,529.621459234,510.826327068,564.8153494963334,homopoly
168438756,,CCNC1=CC2=C(C=C1C)C3(C4=CC=CC=C4C(=O)N3CCOC(=O)C=C)C5=C(O2)C=C(C(=C5)C)N(CC)CCOC(=O)C=C,,2,1448.2549997,1589.11936644,1278.41582651,1438.5967308833333,homopoly
58231720,,C=CC(=O)OC1=C(C=C(C=C1C2=CC=CC3=C2SC4=CC=CC=C34)C5=CC=CC6=C5SC7=CC=CC=C67)C8=CC=CC9=C8SC1=CC=CC=C91,,2,1711.14103419,2292.28114824,1669.25121032,1890.8911309166667,homopoly
129696010,,C=CC(=O)OC1=CC=CC=C1C(C(C(O)(F)F)(F)F)(F)F,,1,215.192923603,210.298022203,219.234668058,214.90853795466668,homopoly
169439624,,CCC(COC(=O)C=C)C(C)C,,1,173.469571445,178.156365848,164.269280624,171.965072639,homopoly
129721440,,COC(=O)C(COC(=O)C=C)C(=O)OC,,2,351.387229467,357.257646782,341.41056231,350.01847951966664,homopoly
21318160,,CCC(C)(C)C1=CC=C(C=C1)OC(=O)C=C,,0,96.8971850616,121.936434735,169.244484335,129.35936804386668,monomer
53430979,,C=CC(=O)OCCNCS(=O)(=O)C(C(C(C(C(C(C(C(F)(F)F)(F)F)(F)F)(F)F)(F)F)(F)F)(F)F)(F)F,,2,603.310932475,654.685465182,637.738859373,631.9117523433333,homopoly
17827951,,C=COC(=O)C=C,,1,108.469651925,108.471451136,64.568895507,93.83666618933331,homopoly
18648933,,C=CC(=O)OCCOC1[C@@H]([C@H]([C@H]([C@H](O1)CO)O)O)O,,2,429.857346473,404.182612754,459.234974419,431.0916445486667,homopoly
59705777,,C=CC(=O)OC1=C(C2=C(CCCC2)C=C1)C3=C(C=CC4=C3CCCC4)OC(=O)C=C,,2,908.119157073,1025.51100463,924.879294842,952.8364855149999,homopoly
87193678,,C=CC(=O)OCCCCCCS(=O)(=O)O,,1,208.475858536,186.911814583,202.748292071,199.37865506333333,homopoly
909765,,CC1=CC(=O)OC2=C1C=CC(=C2CN3CCOCC3)OC(=O)C=C,,0,175.232833459,244.782928174,129.949537783,183.321766472,monomer
132277090,,CCN(CC)CC1=C(C(=CC(=C1)C=O)OC)OC(=O)C=C,,1,326.960597485,291.003273948,327.936890349,315.30025392733336,homopoly
19067483,,C=CC(=O)OCC1=CC=C(C=C1)[N+](=O)[O-],,1,156.05184089,203.065189715,231.462282676,196.85977109366664,homopoly
139024549,,CCC(CC(C)C)COC(=O)C=C,,2,402.178349921,375.404786292,370.230026856,382.6043876896667,homopoly
81765,,CCCCOCCOCCOC(=O)C=C,,1,191.172323269,207.564903723,203.058553443,200.59859347833333,homopoly
14527814,,C[C@@H]1CC[C@H]([C@@H](C1)OC(=O)C=C)C(C)(C)C2=CC3=CC=CC=C3C=C2,,2,820.157044353,721.437962003,963.443647879,835.012884745,homopoly
82655,,C=CC(=O)OCC#C,,1,110.96305362,97.3659967306,99.8336614814,102.720903944,homopoly
81804,,C=CC(=O)OCCOC1=C(C=C(C=C1Br)Br)Br,,2,681.411297521,423.432949578,621.000082908,575.2814433356667,homopoly
86705072,,CC1(/C(=C/CCOC(=O)C=C)/OC(=O)O1)C,,0,109.355132413,58.009146752,136.273421014,101.21256672633335,monomer
105237,,CN(CCOC(=O)C=C)S(=O)(=O)CC(C(C(C(C(C(C(C(C(C(F)(F)F)(F)F)(F)F)(F)F)(F)F)(F)F)(F)F)(F)F)(F)F)(F)F,,2,749.036630564,733.821200148,781.61574744,754.8245260506668,homopoly
19033442,,C=CC(=O)OCCCCCCOC1=CC=CC=C1,,0,163.862240661,73.4553026005,158.887532427,132.0683585628333,monomer
13338025,,C=CC(=O)OC1=CC=CC=C1C2=CC=CC=C2,,2,553.368883717,623.805746963,439.632920852,538.9358505106667,homopoly
85065,,C=CC(=O)OCCCS(=O)(=O)O,,1,134.091400786,165.507195228,150.823695785,150.14076393300002,homopoly
129854601,,CCCCCCCCOC(=O)CCOC(=O)C=C,,2,510.339111491,478.713965493,506.714932502,498.5893364953333,homopoly
9815589,,C=CC(=O)OCCCCOCC1CO1,,0,97.4146668673,71.1823669554,107.140269887,91.91243456989999,monomer
129883477,,C=CC(=O)OCCCN=CC1=CC=C(C=C1)[N+](=O)[O-],,2,604.949676106,552.530183854,455.125230621,537.5350301936666,homopoly
118536009,,C=CC(=O)OCC(C(C1=CC=CC=C1)(C2=CC=CC=C2)C3=CC=CC=C3)OC4=CC=CC=C4,,2,1123.94761373,903.142665119,1041.89560125,1022.9952933663334,homopoly
4065231,,C=CC(=O)OCC1=C2C=CC=CC2=CC3=CC=CC=C31,,2,866.187338805,654.733394041,583.379619756,701.4334508673334,homopoly
23132660,,CC(C)CC1(OCC(O1)COC(=O)C=C)C,,0,97.0228698845,106.257192794,122.313345918,108.53113619883334,monomer
21403530,,CCC(=O)OCCOC(=O)C=C,,2,277.48001159,313.659423258,295.815844049,295.6517596323334,homopoly
19911713,,C=CC(=O)OC1=C(C(=C(C=C1)Cl)Cl)Cl,,0,183.167682366,129.017936118,28.3430832125,113.50956723216666,monomer
3664250,,C=CC(=O)OC1=CC2=CC=CC=C2C=C1,,1,227.053453733,277.881356975,215.8981543,240.27765500266665,homopoly
20226493,,C=CC(=O)OCC1=CC(=CC=C1)C2=CC=CC=C2,,2,605.890013065,450.002545327,550.032610321,535.308389571,homopoly
18628414,,C=CC(=O)OOOC(=O)C=C,,1,144.792214567,114.011018686,114.306143618,124.36979229033334,homopoly
102246,,CCCN(CCOC(=O)C=C)S(=O)(=O)C(C(C(C(C(C(C(C(F)(F)F)(F)F)(F)F)(F)F)(F)F)(F)F)(F)F)(F)F,,0,160.705921959,191.529995987,187.749774272,179.99523073933332,monomer
164511035,,C[C@H]1CCC([C@H](C1)OC(=O)C=C)C(=C)C,,1,211.471947063,213.890286713,231.744862494,219.03569875666665,homopoly
10176402,,C=CC(=O)OCCN1CCCCC1,,0,92.098953619,85.2780410316,95.0826901378,90.81989492946667,monomer
13049939,,C=CC(=O)OC1=CC=CC(=C1)[N+](=O)[O-],,1,101.677015542,238.606349539,224.674294279,188.31921978666665,homopoly
53719424,,CC(=CCCC(=CCCC(=CCOC(=O)C=C)C)C)C,,2,713.540956802,594.113518762,615.606007513,641.0868276923334,homopoly
28860,,CC(COC(=O)C=C)([N+](=O)[O-])[N+](=O)[O-],,2,287.62965672,318.236747673,331.399501386,312.42196859300003,homopoly
110651,,CCC(COC(=O)C=C)[N+](=O)[O-],,2,277.144794931,290.287461234,296.333803505,287.92201988999994,homopoly
129774010,,C=CC(=O)OC(CCCCCCCCCCCCCCCCCC)C(O)(O)OC(=O)C=C,,2,943.513839575,953.047558183,924.265825933,940.2757412303334,homopoly
88540130,,CCCCCCCCCCCCCCCC(=O)OC[C@H](COP(=O)([O-])OCC[N+](C)(C)C)OC(=O)CCCCCCCCCCCCCCCOC(=O)C=C,,0,404.367127734,362.995380787,442.308862411,403.22379031066663,monomer
58800711,,C=CC(=O)OCC1=CC=C(C=C1)N(C2=CC=CC=C2)C3=CC=CC=C3,,1,379.838220532,418.859034242,486.411747076,428.3696672833333,homopoly
15321490,,CC1(CCCC1)OC(=O)C=C,,2,283.59059741,335.140801084,300.371092093,306.3674968623333,homopoly
129824099,,CC(C)(C(=O)OC12CC3CC(C1)CC(C3)(C2)OC(=O)C=C)Br,,0,171.48428423,148.088737519,147.452277379,155.67509970933332,monomer
54500825,,CCCCCCCC(=O)OCCCCCCOC(=O)C=C,,0,142.212730365,151.696229974,153.824047627,149.24433598866668,monomer
11970919,,CCC1(COC(OC1)(C)C)COC(=O)C=C,,2,406.504328463,422.885481823,459.421049066,429.60361978400005,homopoly
14473597,,C=CC(=O)OC1CCCCC1Cl,,1,167.336722117,169.041079186,169.54498152,168.64092760766664,homopoly
133550465,,C[C@@]12CCC3C([C@H]1CC[C@H]2C(=O)COC(=O)C=C)CCC4=CC(=O)CC[C@@]34C,,0,189.215595481,198.390135339,229.014026697,205.53991917233336,monomer
105239,,CN(CCOC(=O)C=C)S(=O)(=O)CC(C(C(C(C(C(F)(F)F)(F)F)(F)F)(F)F)(F)F)(F)F,,1,313.940375389,284.896943787,292.928673324,297.2553308333333,homopoly
167312788,,C=CC(=O)OCCOCCNC(=O)CCCN1C(=O)C=CC1=O,,0,170.151511751,95.2312920662,164.664963731,143.3492558494,monomer
107516,,C=CC(=O)OCC(C(C(C(C(C(C(C(F)F)(F)F)(F)F)(F)F)(F)F)(F)F)(F)F)(F)F,,0,128.961914426,81.7760481476,130.300949525,113.6796373662,monomer
13835,,C=CCOC(=O)C=C,,2,190.021830919,220.357073125,237.332387122,215.903763722,homopoly
71685931,,C=CC(=O)OCC(C(F)(F)F)(OC(C(C(C(C(F)(F)F)(F)F)(F)F)(F)F)(F)F)F,,1,192.781584754,187.447165638,236.82581115,205.68485384733333,homopoly
106569,,CN(CCOC(=O)C=C)S(=O)(=O)C(C(C(C(C(C(C(F)(F)F)(F)F)(F)F)(F)F)(F)F)(F)F)(F)F,,0,132.142773164,180.663762239,155.532222703,156.11291936866667,monomer
4616638,,CCCCC(CC)COCCOCCOC(=O)C=C,,1,264.04836444,275.43243862,264.341772335,267.94085846499996,homopoly
12860205,,C=CC(=O)OCC1CCC2C(C1)O2,,0,75.0781251276,89.6220094778,90.9509480999,85.21702756843335,monomer
97687,,C=CC(=O)OC1=CC=C(C=C1)[N+](=O)[O-],,2,220.746703097,478.482720385,475.130336724,391.453253402,homopoly
23635599,,CCCCC1=CC=C(C=C1)OC(=O)C=C,,2,353.958314958,528.182109449,528.402034016,470.1808194743333,homopoly
90778654,,CC1=CC=C(C=C1)N=NC2=CC(=C(C(=C2)C)OC(=O)C=C)C,,1,373.613478414,391.728214813,294.1156309,353.1524413756667,homopoly
75096,,C=CC(=O)OC(C(F)(F)F)C(F)(F)F,,2,224.824543608,225.216402746,209.258746781,219.76656437833333,homopoly
118677,,C=CC(=O)OCCC(C(C(C(C(C(C(C(C(C(C(C(F)(F)F)(F)F)(F)F)(F)F)(F)F)(F)F)(F)F)(F)F)(F)F)(F)F)(F)F)(F)F,,2,740.984046313,621.235808296,553.572149248,638.597334619,homopoly
15722986,,C=CC(=O)OCCI,,0,41.0668113174,77.5300212472,65.387115653,61.327982739199996,monomer
87837975,,CC(C)(OC(=O)C=C)F,,1,115.534668645,108.563127273,95.4116783338,106.50315808393333,homopoly
58165347,,CC(COC(C)COC(C)COC(=O)C=C)OC,,0,94.497769287,116.633500178,152.870304143,121.33385786933333,monomer
19023869,,COCCOCCOCCOCCOCCOC(=O)C=C,,1,292.177542317,239.480432943,270.799093582,267.485689614,homopoly
18362117,,CCC1=CC=C(C=C1)OC(=O)C=C,,1,140.343110243,249.479623176,200.619995887,196.81424310199998,homopoly
68770745,,C=CC(=O)OC(CC1(CC=C(C=C1)CC2=CC=CC=C2)CC3=CC=CC=C3)N,,2,740.464754645,952.089486895,895.658273743,862.7375050943333,homopoly
543884,,CCCCC(CC)CCC(CC)OC(=O)C=C,,2,503.845194678,552.73991844,497.53273266,518.039281926,homopoly
54311286,,C=CC(=O)OC(CSCC1=CC=CC=C1)CSCC2=CC=CC=C2,,1,382.462602981,426.30255056,361.212969559,389.9927077,homopoly
62012,,CCCCCCCCC(C)OC(=O)C=C,,0,129.642168059,86.1635661653,122.607157023,112.80429708243334,monomer
3083883,,C=CC(=O)OC(C(C(C(C(C(C(C(C(C(CF)(F)F)(F)F)(F)F)(F)F)(F)F)(F)F)(F)F)(F)F)(F)F)F,,1,281.047042623,248.431023085,254.653713352,261.3772596866667,homopoly
20963,,C=CC(=O)OCCBr,,2,227.878636416,250.370006483,229.404082658,235.8842418523333,homopoly
58231724,,C=CC(=O)OC1=CC=CC(=C1)C2=CC=CC3=C2SC4=CC=CC=C34,,1,470.067356408,360.219156483,472.210839105,434.16578399866665,homopoly
53829200,,C=CC(=O)ON1CCCCC1,,0,65.166225853,81.8321824984,78.9460949565,75.31483443596666,monomer
58048850,,C=CC(=O)OC(COC1=CC2=CC=CC=C2C=C1)COC3=CC4=CC=CC=C4C=C3,,2,1038.63176701,788.9960848,1119.91641692,982.5147562433334,homopoly
21895357,,CCCCOC(=O)CCOC(=O)C=C,,0,78.0489385151,98.1378756323,97.8681155795,91.3516432423,monomer
15621063,,C=CC(=O)OCC1=CC=C(C=C1)CC2=CC=CC=C2,,1,289.695386684,315.343602708,244.643607928,283.22753244,homopoly
129695637,,COC(COCCOCCO)(O)OC(=O)C=C,,0,116.902143817,104.184436914,74.9331638702,98.6732482004,monomer
129712170,,C=CC(=O)ON1C=CN=C1,,1,134.115459337,114.168714144,118.709263199,122.33114556,homopoly
129883305,,COC1=CC=C(C=C1)C=NCCCOC(=O)C=C,,1,335.749044405,312.333491502,198.547530877,282.21002226133334,homopoly
129721440,,COC(=O)C(COC(=O)C=C)C(=O)OC,,1,182.069556314,158.488859887,174.218485002,171.592300401,homopoly
86736827,,CCC(C)(NC(=O)NCC)OOC(=O)C=C,,2,433.00607994,431.824969227,397.183989805,420.6716796573333,homopoly
53430979,,C=CC(=O)OCCNCS(=O)(=O)C(C(C(C(C(C(C(C(F)(F)F)(F)F)(F)F)(F)F)(F)F)(F)F)(F)F)(F)F,,0,174.348322984,160.531375904,135.291442699,156.7237138623333,monomer
174625,,CCC1(COC(OC1)C(C)(C)COC(=O)C=C)COC(=O)C=C,,1,334.692019745,266.063809282,316.994019663,305.91661623,homopoly
11566095,,C=CC(=O)Oc1c(C)cc(C)cc1C,,0,82.8580636274,140.285374902,109.055517954,110.73298549446666,monomer
170995230,,C=CC(=O)OCC1=CC=C(C=C1)[C-]2C=CC=C2,,2,891.662995007,691.693018909,1095.66671451,893.007576142,homopoly
105449,,CN(CCOC(=O)C=C)S(=O)(=O)C(C(C(C(C(C(F)(F)F)(F)F)(F)F)(F)F)(F)F)(F)F,,1,275.648029528,310.132367594,294.386047174,293.38881476533334,homopoly
23635727,,CCCC(=O)NC1=CC=C(C=C1)OC(=O)C=C,,1,253.388325071,285.97042936,250.489838479,263.2828643033334,homopoly
10192585,,CC(C)(CO)COC(=O)C=C,,0,89.1405734011,51.3191558852,77.5049944569,72.6549079144,monomer
23662581,,C=CC(=O)OCCOCCCS(=O)(=O)[O-],,1,481.045899947,212.547670211,1466.41014614,720.001238766,homopoly
14793980,,C=CC(=O)OCC1CC2CC1C3C2CCC3,,0,129.765784338,100.948432154,113.204125441,114.63944731099998,monomer
129673021,,C=CC(=O)OOC(=O)C1=CC1=O,,1,113.881627948,140.165104704,171.698740806,141.91515781933333,homopoly
140773107,,CC1=C(CC(CC1=O)C(=C)C)OC(=O)C=C,,0,119.642437141,98.0772741244,148.279054506,121.99958859046667,monomer
15321490,,CC1(CCCC1)OC(=O)C=C,,1,136.702531153,167.848605113,159.356185716,154.635773994,homopoly
57783174,,CC1=CC=C(C=C1)N(C2=CC=C(C=C2)C)C3=CC=C(C=C3)C4=CC=C(C=C4)CCCCOC(=O)C=C,,2,1454.0205156,1513.81659023,1168.06487249,1378.6339927733334,homopoly
155509,,C=CC(=O)OC[C@@H]1CCCN2[C@@H]1CCCC2,,0,120.623221904,127.36822969,92.8758327834,113.6224281258,monomer
22457115,,CC(=O)OOC(=O)C=C,,1,90.7343562218,140.201621458,84.5983116972,105.178096459,homopoly
551273,,C=CC(=O)OCCC(C)C,,1,162.853173077,131.872322024,129.440743426,141.38874617566668,homopoly
86705072,,CC1(/C(=C/CCOC(=O)C=C)/OC(=O)O1)C,,2,419.453877225,403.314984924,445.720550396,422.8298041816667,homopoly
85617,,C=CC(=O)OC1CCCC1,,0,58.7799488712,70.7699749406,80.1560185037,69.90198077183334,monomer
129808889,,C=CC(=O)OCC([N+](=O)[O-])[N+](=O)[O-],,0,77.2955308306,41.0691279809,92.5250660954,70.29657496896667,monomer
88157728,,C=CC(=O)OC(=O)[C@H](CO)N,,1,135.786151193,106.927751438,130.465316042,124.39307289100002,homopoly
75588,,C=CC(=O)OCCCCO,,2,259.685338483,243.909765073,272.733245149,258.776116235,homopoly
70139719,,C=CC(=O)OC1C=CC2=CC=CC=C2O1,,0,111.499879988,68.4756914653,155.304111269,111.75989424076666,monomer
10866703,,C=CC(=O)OCC1=CCCCC1,,2,368.733033064,333.473876352,353.302777901,351.83656243900003,homopoly
87837975,,CC(C)(OC(=O)C=C)F,,2,220.99667885,230.369450518,190.933989311,214.10003955966667,homopoly
7234,,C=CC(=O)OCC1CC2CC1C=C2,,0,86.1538962,90.5789122472,94.4446331704,90.3924805392,monomer
80995,,C=CC(=O)OCCN1CC1,,0,78.0352571455,40.2730652398,80.4097156176,66.23934600096666,monomer
44574020,,C=CC(=O)OC1=CC=C(C=C1)C(C2=CC=CC=C2)OC(=O)C=C,,2,733.499696774,680.249719323,680.859815573,698.2030772233334,homopoly
3018311,,CC(C)(C1=CC=C(C=C1)OCCO)C2=CC=C(C=C2)OCCOC(=O)C=C,,2,827.311421779,909.51122951,721.83169849,819.5514499263332,homopoly
89438320,,CC1=C(C(=C(C=C1)OC(=O)C=C)C)C,,2,569.217179855,387.454300383,377.472105664,444.71452863400003,homopoly
57596650,,CC1=CC=C(C=C1)N(C2=CC=C(C=C2)C)C3=CC=C(C=C3)C=CC4=CC=CC=C4OC(=O)C=C,,0,314.477338952,201.710870685,490.999457085,335.7292222406667,monomer
90375286,,CCCCCCCCCCSSCCOC(=O)C=C,,2,556.752681403,610.365681722,682.862777879,616.6603803346667,homopoly
69285273,,CC1=CC=C(C=C1)N(C2=CC=C(C=C2)C3=CC=C(C=C3)CCOC(=O)C=C)C4=C(C=C(C=C4C)C)C,,2,1434.97943141,1140.86418146,1452.37065789,1342.7380902533334,homopoly
103492,,CCCC(C)OC(=O)C=C,,2,280.916112902,273.304348477,290.358365982,281.526275787,homopoly
10421594,,CC(C(C(OC(=O)C=C)(F)F)(F)F)(F)F,,1,118.948660115,122.006205714,140.709267574,127.221377801,homopoly
170992186,,CC1CCC(C(=O)C1)C(C)(C)OC(=O)C=C,,0,131.371060914,90.5459139274,113.676049494,111.86434144513333,monomer
4443516,,C=CC(=O)OCC(COC1=CC=CC=C1)O,,0,122.5248316,104.83864054,93.0301676974,106.79787994579999,monomer
90778654,,CC1=CC=C(C=C1)N=NC2=CC(=C(C(=C2)C)OC(=O)C=C)C,,2,986.375087513,449.4765904,1137.28917998,857.7136192976667,homopoly
86676520,,C=CC(=O)OC(CCC1=CC=CC=C1)CCC2=CC=CC=C2,,2,619.837604527,693.798285488,649.589789729,654.4085599146666,homopoly
90558,,C=CC(=O)OCCC(=O)O,,0,77.3792848573,44.2156965798,52.2970540551,57.964011830733334,monomer
57428991,,C=CC(=O)OCCC(=O)Cl,,1,126.452840832,106.059687864,142.3914614,124.96799669866668,homopoly
21981399,,C=CC(=O)OCCCN,,0,61.7602978697,44.654272092,69.5106567744,58.641742245366665,monomer
10176402,,C=CC(=O)OCCN1CCCCC1,,2,372.407114661,362.891569374,347.08246732,360.7937171183333,homopoly
134767817,,C[C@H]1CC[C@@H]([C@H](C1)OC(=O)C=C)C(C)(C)C2=CC=C(C=C2)OC,,2,679.890302905,706.146636713,692.257987204,692.7649756073333,homopoly
223954,,CCCCN(CCCC)CCCOC(=O)C=C,,2,510.281089037,495.818048252,493.905048127,500.0013951386666,homopoly
21884879,,C=CC(=O)OC1=CC=CC=C1C(=O)C2=CC=CC=C2,,0,190.086331713,99.0476197528,139.700745637,142.94489903426668,monomer
171378196,,C=CC(=O)OCCOP(=O)(OCP1(=O)C2=CC=CC=C2C3=CC=CC=C3O1)OC4=CC=CC=C4,,2,945.601627849,1041.43985935,1104.26008601,1030.4338577363333,homopoly
77078233,,C=CC(=O)OCCOCCOCCOCCN=[N+]=[N-],,1,215.620121551,241.807079656,246.416515547,234.61457225133336,homopoly
23593431,,CC(CC(C(F)(F)F)(C(F)(F)F)O)OC(=O)C=C,,2,333.930066551,320.078565924,328.948174513,327.65226899600003,homopoly
19050546,,C=CC(=O)OC1=C(C=C(C=C1Cl)Cl)Cl,,0,170.758650754,116.668630935,44.058014073,110.49509858733332,monomer
68412458,,C=CC(=O)OC1=C2C(=C(C=C1)Cl)C=CC=N2,,2,519.302286355,440.969408982,550.379281039,503.5503254586667,homopoly
21412899,,C=CC(=O)OC(C(C(C(C(C(C(C(C(F)(F)F)(F)F)(F)F)(F)F)(F)F)(F)F)(F)F)(F)F)(F)F,,2,412.755579032,475.270374767,466.98643316,451.67079565299997,homopoly
20140283,,C=CC(=O)OCC1=CC=C(C=C1)C(F)(F)F,,0,111.016570213,69.8716048705,103.436142879,94.77477265416667,monomer
18979484,,C=CC(=O)OCCCCCCOC1=CC=C(C=C1)C2=CC=C(C=C2)C3CCC(CC3)CCCS(=O)(=O)C(F)(F)F,,2,1119.98401789,1461.09629927,1138.93614795,1240.0054883700002,homopoly
13165,,C=CC(=O)OCCO,,1,107.404130651,91.6660034229,88.8318296595,95.96732124446667,homopoly
92696,,C=CC(=O)OCCCCCO,,1,127.357273255,144.897463808,164.235169313,145.49663545866667,homopoly
131719389,,C=CC(=O)OC(=O)[C@H](CCCCN)NC(=O)C1=CC=C(C=C1)C(=O)C2=CC=CC=C2,,2,919.606972891,749.681128928,1039.1724996,902.8202004730001,homopoly
18469648,,CCCCC1CCC(CC1)OC(=O)C=C,,0,110.584385274,88.7109587136,136.39349322,111.89627906920002,monomer
102199009,,C=CC(=O)OC1=CC=C(C=C1)C(=C(C2=CC=CC=C2)C3=CC=CC=C3)C4=CC=CC=C4,,1,648.221524098,573.198018582,518.503325787,579.9742894890001,homopoly
68927558,,CC(C)(C)OC(=O)OC1=CC=C(C=C1)COC(=O)C=C,,1,289.925456269,222.234070134,334.698109627,282.28587867666664,homopoly
71441474,,C=CC(=O)OC1=CC=CC(=C1)NC2=CC=CC=C2,,1,123.168217558,393.058990172,357.2320029,291.15307021,homopoly
16680,,CC(C)(COC(=O)C=C)COC(=O)C=C,,1,224.866276627,197.572787485,179.018554996,200.48587303600002,homopoly
5354844,,C=CC(=O)OC/C=C/C1=CC=CC=C1,,2,316.811212778,406.363122446,587.302478364,436.8256045293333,homopoly
3016431,,CCCCC(C)COC(=O)C=C,,1,174.483713471,166.640811038,181.354394496,174.15963966833337,homopoly
129721572,,C=CC(=O)OC(=O)C1=C(C(=CC=C1)[N+](=O)[O-])[N+](=O)[O-],,0,140.135125658,43.7294683413,157.690607984,113.85173399443333,monomer
69446413,,CC(OC(=O)C=C)OC(=O)C1=CC=CC2=CC=CC=C21,,1,286.753076005,235.131113083,373.85144356,298.578544216,homopoly
22051649,,CC1(C(COC1=O)OC(=O)C=C)C,,1,149.953272807,143.696835935,189.881011072,161.177039938,homopoly
18767473,,CCCCCCCCCC(CCCCCC)OC(=O)C=C,,1,294.375959769,335.499749825,340.644517534,323.506742376,homopoly
88216,,C=CC(=O)OCCN1CCOCC1,,2,317.693032593,340.722494966,352.589709224,337.00174559433333,homopoly
54551523,,C=CC(=O)OCC1CCCC=C1,,2,333.187148491,381.737090537,332.284311324,349.069516784,homopoly
21884854,,CCCCCCCCCC1=CC=CC=C1OC(=O)C=C,,0,121.752567335,182.548524807,156.898454035,153.733182059,monomer
129831059,,C=CC(=O)OC1([C@@H]([C@H]([C@@H]([C@H](O1)CO)O)O)O)O,,1,172.454980761,182.631613183,198.720011639,184.602201861,homopoly
86761358,,C=CC(=O)OC1=CC=C(C=C1)NC(=O)C2(CCC2)N,,2,540.4170451,582.36502828,599.517585927,574.0998864356667,homopoly
31232,,CCC1=CN=C(C=C1)CCOC(=O)C=C,,2,361.277482547,463.391451151,474.696053991,433.121662563,homopoly
69782405,,C=CC(=O)OC1=CC=CC=C1C(=O)C(C2=CC=CC=C2)O,,1,327.461723892,220.270760664,378.829197567,308.85389404100005,homopoly
121420672,,CCCCCCCC(CCCCCCC)OC(=O)C=C,,0,153.64065789,144.026525369,167.012111661,154.89309830666667,monomer
87565,,CCCCCCCCCCCCCCCCCCCCCCOC(=O)C=C,,0,209.961288425,178.100504164,248.970019624,212.34393740433333,monomer
18979434,,C=CC(=O)OCCCCCCOC1=CC=C(C=C1)C2=CC=C(C=C2)C3CCC(CC3)CCC4OCCO4,,0,378.956238912,329.929039288,224.139566572,311.0082815906667,monomer
13587852,,C=CC(=O)OC1=C(C(=CC(=C1F)F)F)F,,1,195.433473203,144.654199235,164.600707736,168.229460058,homopoly
54002635,,C=CC(=O)OCCCOC1=CC2=CC=CC=C2C=C1,,1,373.941203417,232.742286034,273.402592732,293.3620273943333,homopoly
132848333,,CN(C1=CC=C(C=C1)OC(=O)C=C)C2=NS(=O)(=O)C3=CC=CC=C32,,0,297.984256762,252.165986463,78.7832528141,209.64449867969998,monomer
86736828,,CCC(C)(NC(=O)NC1=CC=CC=C1)OOC(=O)C=C,,0,185.641357716,147.310373557,94.659855548,142.53719560699997,monomer
10154104,,C=CC(=O)OCCOC=C,,0,66.0772881875,46.2460224623,81.1146337141,64.47931478796666,monomer
16205716,,C=CC(=O)OCCC(C(C(C(C(C(C(C(C(C(C(C(C(C(F)(F)F)(C(F)(F)F)F)(F)F)(F)F)(F)F)(F)F)(F)F)(F)F)(F)F)(F)F)(F)F)(F)F)(F)F)(F)F,,1,369.263170659,371.844220551,385.056423499,375.38793823633335,homopoly
132245749,,C=CC(=O)OCCSC(C(OC(C(C(F)(F)F)(F)F)(F)F)F)(F)F,,1,215.348705461,210.031841288,197.290837783,207.55712817733334,homopoly
23635725,,CCCCCOC(=O)C1=CC=C(C=C1)OC(=O)C=C,,1,225.107436263,345.892288083,291.390687455,287.4634706003333,homopoly
129805157,,C=CC(=O)OC1=CC=CC=C1P(=O)(C2=CC=CC=C2)C3=CC=CC=C3,,2,828.4379381,778.590369149,796.166641105,801.0649827846668,homopoly
13847858,,CC(C)CCCCCCCCCCCCCCCCCCCCCCCOC(=O)C=C,,1,504.530734914,518.422146705,457.419260422,493.4573806803333,homopoly
19050546,,C=CC(=O)OC1=C(C=C(C=C1Cl)Cl)Cl,,1,235.960477577,227.930407544,214.621031777,226.17063896599998,homopoly
129822428,,C=CC(=O)OC1=CC=CC=C1C(=C(C2=CC=CC=C2)C3=CC=CC=C3)C4=CC=CC=C4,,1,596.52378056,604.177554721,442.800158556,547.833831279,homopoly
22637263,,C=CC(=O)OOP(=O)(O)O,,1,94.2734432438,115.523968091,111.565646424,107.12101925293332,homopoly
85977944,,COC1=CC=C(C=C1)C=NC2=CC=C(C=C2)OC(=O)C=C,,2,845.491011839,717.941922913,830.010739339,797.8145580303334,homopoly
122231558,,CC1(COC(OC1)OCCOC(=O)C=C)C,,2,369.091240715,436.667171072,402.497443147,402.7519516446667,homopoly
2775973,,C=CC(=O)OC1=C(C(=C(C(=C1F)F)F)F)F,,2,375.020623841,343.944224603,321.992730218,346.98585955399994,homopoly
76599744,,C=CC(=O)OCC=CC(C(F)(F)F)(C(F)(F)F)F,,0,106.398901217,54.2977517873,92.2018754522,84.2995094855,monomer
68636312,,CCC1(COC1)COC23CC4CC(C2)CC(C4)(C3)OC(=O)C=C,,0,183.127350786,132.267291724,167.896852231,161.09716491366666,monomer
168446324,,C=CC(=O)OCCOCCOCCOCC(=O)ON1C(=O)CCC1=O,,1,290.416972367,317.601681823,291.726513364,299.91505585133336,homopoly
69237271,,C=CC(=O)OC1=CC=CC2=C1N(C3=CC=CC=C23)CCO,,1,453.278540919,307.881802692,282.05033537,347.7368929936667,homopoly
21888930,,C=CC(=O)OOC1=CC=CC=C1,,0,129.472662052,84.8946723022,36.81925894,83.7288644314,monomer
89485934,,CCC(C)(OC(=O)CCOC(=O)C=C)Br,,2,421.638784844,412.39357911,398.899338078,410.9772340106667,homopoly
129721060,,C=CC(=O)OC1=C(C=CC2=C1NC3=CC=CC=C23)CCO,,2,756.995810556,815.953404755,512.380528786,695.109914699,homopoly
57127567,,CC[C@H](C)OC(=O)C=C,,1,122.336023061,131.187712214,116.254582873,123.25943938266666,homopoly
129742744,,CCCCOC1CC2CC1CC2OC(=O)C=C,,1,235.649076365,230.627823127,247.954432401,238.07711063099998,homopoly
68648721,,CC(C)C(OCC12CC3CC(C1)CC(C3)C2)OC(=O)C=C,,2,591.66046079,589.612287038,635.680869397,605.6512057416667,homopoly
54500825,,CCCCCCCC(=O)OCCCCCCOC(=O)C=C,,2,574.733534752,580.637893007,642.315293765,599.2289071746667,homopoly
88259,,C=CC(=O)OCCOCCOCCOCCO,,0,116.372271176,93.9226346579,106.753012623,105.68263948563333,monomer
129854619,,CCCCCCCCCCCCCCOC(=O)CCOC(=O)C=C,,2,663.786272809,707.83808708,734.322306158,701.9822220156666,homopoly
87722336,,CC(CN(C)C)(N(C)C)OC(=O)C=C,,2,417.930649943,364.633909092,370.420153006,384.32823734699997,homopoly
18464005,,C=CC(=O)OC1=CC=C(C=C1)C(=O)Cl,,2,588.865746084,381.097176417,311.44736703,427.136763177,homopoly
24950966,,C=CC(=O)OCCOCCOCCOCCC(=O)ON1C(=O)CCC1=O,,0,158.678116952,170.729562642,138.848470402,156.085383332,monomer
11019125,,C=CC(=O)OCCSC#N,,0,83.3314269944,55.6399959366,60.1015117927,66.3576449079,monomer
13049939,,C=CC(=O)OC1=CC=CC(=C1)[N+](=O)[O-],,2,532.832457405,261.328461413,303.020284339,365.727067719,homopoly
59245520,,CCCC1CCC(CC1)C2CCC(CC2)C3=CC(=C(C(=C3)F)OCCCOC(=O)C=C)F,,0,237.170362129,207.05036661,274.21974603,239.48015825633334,monomer
67829,,C=CC(=O)OCC(C(C(C(F)F)(F)F)(F)F)(F)F,,1,136.662850171,138.261514606,167.880669883,147.60167822,homopoly
167312788,,C=CC(=O)OCCOCCNC(=O)CCCN1C(=O)C=CC1=O,,1,290.991689631,304.911839346,276.83260852,290.9120458323333,homopoly
57859159,,C=CC(=O)OC1C2CC3C1C(=O)OC3C2,,0,91.7530009002,76.6535544688,116.555797614,94.98745099433332,monomer
11211,,C=CC(=O)OCC(C(C(C(C(C(F)(F)F)(F)F)(F)F)(F)F)(F)F)(F)F,,2,355.173987919,359.233254328,398.930039914,371.112427387,homopoly
19706372,,C=CC(=O)OC1CCC(CC1)C2=CC=CC=C2,,0,122.361526448,89.4856649779,172.404692736,128.08396138729998,monomer
92954,,C=CC(=O)OCC(CCl)O,,2,220.275005583,234.811484832,333.760857352,262.9491159223333,homopoly
69285274,,CC1=CC(=C(C=C1)N(C2=CC=C(C=C2)C3=CC=C(C=C3)CCOC(=O)C=C)C4=CC(=C(C=C4)C)C)C,,0,368.720092326,214.302699286,494.804192525,359.275661379,monomer
19357572,,C=CC(=O)OCCOCCOP(=O)(O)O,,0,103.246554159,72.2708594939,87.2879496798,87.60178777756668,monomer
5072272,,C=CC(=O)OC1=CC2=C(C=C1)C3(C4=C(O2)C=C(C=C4)O)C5=CC=CC=C5C(=O)O3,,1,318.847124742,525.654288282,516.911694484,453.8043691693333,homopoly
2776166,,C=CC(=O)OCC(CC(C(C(C(C(C(F)(F)F)(F)F)(F)F)(F)F)(F)F)(F)F)O,,1,226.968225121,223.752425627,222.436455091,224.38570194633334,homopoly
14365587,,C=CC(=O)Oc1cccc(O)c1O,,1,197.403082417,136.003908359,183.184465034,172.1971519366667,homopoly
19911713,,C=CC(=O)OC1=C(C(=C(C=C1)Cl)Cl)Cl,,2,433.356084513,425.818745926,471.401732296,443.5255209116667,homopoly
67346638,,C=CC(=O)OC1=C(C=CC(=C1)Cl)OC2=C(C=C(C=C2)Cl)Cl,,0,193.041051095,188.805631952,148.801974101,176.882885716,monomer
58947915,,CC1(C2=CC=CC=C2N(C13C=CC4=C(O3)C=CC(=C4)OC(=O)C=C)C)C,,0,218.981473457,151.036149664,296.756917469,222.25818019666667,monomer
58999836,,CC(CC(C(F)(F)F)(C(F)(F)F)O)COC(=O)C=C,,0,101.705655247,99.4259606095,69.8659450003,90.33252028559998,monomer
20226504,,COC1=CC=CC(=C1)COC(=O)C=C,,1,137.609694526,243.304711233,199.075068415,193.32982472466668,homopoly
54241943,,C=CC(=O)OCC=CCCl,,2,268.698463826,299.623301926,309.551735172,292.624500308,homopoly
12803541,,C=CC(=O)OCCOC(=O)CBr,,1,145.555876511,151.10159671,157.802706465,151.48672656200003,homopoly
7294,,COC(=O)C=C,,0,48.7001552204,32.1168975548,31.0298529062,37.282301893799996,monomer
82655,,C=CC(=O)OCC#C,,0,55.2684480729,20.3203734455,78.672544979,51.42045549913333,monomer
129821362,,C=CC(=O)OC1=CC=CC(=C1C#N)C2=CC=CC=C2,,1,312.232266533,327.161321976,263.74154642,301.0450449763334,homopoly
129847129,,C=CC(=O)OC1=CC2=C(C=C1)C3(C4=CC=CC=C4C(=O)O3)C5=CC=CC=C5O2,,1,471.113527925,437.404426887,448.092554528,452.2035031133333,homopoly
129721572,,C=CC(=O)OC(=O)C1=C(C(=CC=C1)[N+](=O)[O-])[N+](=O)[O-],,2,441.590964359,565.960046266,344.743592249,450.7648676246666,homopoly
17841663,,C=CC(=O)OC12CCC(C1)C=C2,,1,161.020552807,173.544547692,169.138919952,167.90134015033334,homopoly
19880963,,CC(OC(=O)C=C)S(=O)(=O)N,,0,66.0811517499,74.9835380873,85.9881869349,75.68429225736666,monomer
12860622,,C[C@@H]1CC[C@H]([C@@H](C1)OC(=O)C=C)C(C)(C)C2=CC=C(C=C2)OC,,1,298.711114007,330.436408577,421.024886206,350.05746959666664,homopoly
87193678,,C=CC(=O)OCCCCCCS(=O)(=O)O,,2,401.354740293,401.736221524,406.533158188,403.20804000166663,homopoly
129883477,,C=CC(=O)OCCCN=CC1=CC=C(C=C1)[N+](=O)[O-],,0,148.433825141,76.0034050952,215.19087057,146.54270026873334,monomer
86736825,,CCC(C)(NS(=O)(=O)C)OOC(=O)C=C,,0,120.819296197,72.2491833099,124.191480884,105.7533201303,monomer
22709169,,CC(C)(C1=CC=CC=C1)OC(=O)C=C,,1,211.560570475,255.731845975,150.692698803,205.99503841766668,homopoly
229992,,CC(=C)COC(=O)C=C,,0,56.4228990931,49.7829557015,83.8913484879,63.3657344275,monomer
23325021,,C=CC(=O)OC1=CC=CC=N1,,1,181.748696138,120.473436617,144.042761787,148.75496484733333,homopoly
54241943,,C=CC(=O)OCC=CCCl,,0,64.566698192,57.8862569703,91.5219025927,71.324952585,monomer
16217348,,C=CC(=O)OCc1ccccc1,,2,427.988591948,316.458672034,278.217572675,340.8882788856667,homopoly
70029087,,C=CC(=O)OC1=CC=C(C2=CC=CC=C21)C=NNC(=O)C3=CC(=C(C=C3)O)Cl,,0,306.636518465,208.397151894,204.620805626,239.88482532833333,monomer
101375909,,CC1=CC(=C(C=C1)C(=O)C2=CC=C(C=C2)N(C)C)OC(=O)C=C,,2,753.059959357,785.807042017,664.127937296,734.3316462233333,homopoly
168446324,,C=CC(=O)OCCOCCOCCOCC(=O)ON1C(=O)CCC1=O,,2,606.268102767,586.736315818,596.678562943,596.5609938426666,homopoly
92696,,C=CC(=O)OCCCCCO,,2,302.590668483,275.219724562,299.933475527,292.58128952399994,homopoly
75118,,C=CC(=O)OC=C,,0,50.3016489984,44.32079071,48.202979086,47.60847293146666,monomer
102223599,,C=CC1=C(C=C(C=C1)O)OC(=O)C=C,,1,239.299001485,253.329483744,148.642995554,213.757160261,homopoly
2737317,,C=CC(=O)OCCF,,2,190.564094019,188.756100088,170.246564537,183.18891954800003,homopoly
13590738,,C=CC(=O)OCCOP1(=O)OCCO1,,1,165.402716543,190.811398855,142.008570291,166.074228563,homopoly
23201,,C=CC(=O)OC1CC2CCC(C1)N2C,,1,182.6340918,179.601736848,215.345761241,192.5271966296667,homopoly
45091793,,C=CC(=O)OCC1=NNN=C1,,0,90.1044552744,13.2342877293,92.7309407578,65.35656125383333,monomer
86753073,,C=CC(=O)OCCCCOC1=CC=C(C=C1)C2(CC=CC(=C2F)C3=CC=C(C=C3)CCCCOS(=O)(=O)C(F)(F)F)F,,1,545.461377354,661.443522001,614.503081574,607.135993643,homopoly
23023397,,C=CC(=O)OCCC=O,,0,61.0364569861,41.0752062704,63.3642247975,55.15862935133333,monomer
3051375,,CC(=O)OC[C@]12CC[C@@H](C[C@]1(CC[C@@H]3[C@@H]2CC[C@]4([C@@]3(CC[C@H]4C(=O)COC(=O)C=C)O)C)O)OC(=O)C,,0,234.359242493,249.115701383,253.026947155,245.50063034366667,monomer
67058367,,C=CC(=O)OC1=CC=CC(=C1)OC2=CC=CC=C2,,1,235.931878087,309.698459799,252.407775404,266.01270443,homopoly
14454815,,C=CC(=O)OC1CCCO1,,0,80.3110986206,73.2432698677,35.8012401994,63.118536229233335,monomer
53426370,,C=CC(=O)OCCCCOC(=O)CCl,,1,187.605465053,178.755112756,173.980263784,180.11361386433336,homopoly
169501348,,CC(=C)[C@H]1CCC(=CC1)COC(=O)C=C,,0,103.70116924,98.7279409533,132.433932709,111.62101430076666,monomer
14047273,,CC(O)OC(=O)C=C,,2,180.130838736,203.358458496,182.479894539,188.65639725699998,homopoly
21909470,,C=CC(=O)OC1CCCCO1,,1,140.609457247,133.312488897,152.337860824,142.08660232266666,homopoly
88984,,CCCCCCCCCCCCCCOC(=O)C=C,,2,547.429351581,609.021700155,587.919512619,581.456854785,homopoly
129860702,,CCCCCCCCCCCCSC(=S)SC(C)C(=O)OCCOC(=O)C=C,,2,933.957345853,909.282555807,926.400189453,923.2133637043333,homopoly
94232,,C=CC(=O)OCC1CCCO1,,2,287.066197944,273.581032222,302.577964278,287.7417314813333,homopoly
28860,,CC(COC(=O)C=C)([N+](=O)[O-])[N+](=O)[O-],,0,71.0850422362,66.1349225552,99.713585737,78.97785017613334,monomer
23173068,,C=CC(=O)OCCCNC=O,,1,140.116562948,116.967299842,153.777704298,136.953855696,homopoly
107198,,CCCC(C)COC(=O)C=C,,1,141.972725233,163.361324565,166.885074845,157.406374881,homopoly
15208801,,C=CC(=O)OCCCN=C=O,,0,69.0979092139,51.1710210421,78.0378876248,66.10227262693333,monomer
18464005,,C=CC(=O)OC1=CC=C(C=C1)C(=O)Cl,,0,186.520940592,63.543602864,64.5252522831,104.86326524636667,monomer
169501348,,CC(=C)[C@H]1CCC(=CC1)COC(=O)C=C,,1,218.010402769,239.539304217,218.984441621,225.51138286900002,homopoly
16627,,C=CC(=O)OCCCl,,2,224.575172915,203.740317706,215.33821741,214.55123601033333,homopoly
53422786,,CC(C)(C)C(C)(C)OC(=O)C=C,,1,184.396065681,167.131286522,162.993103158,171.50681845366668,homopoly
68055331,,C=CC(=O)OC1=C(C(=C(C=C1)F)F)F,,0,141.292582229,77.8087986727,33.6498861289,84.25042234353333,monomer
10866703,,C=CC(=O)OCC1=CCCCC1,,1,184.782865931,186.370049667,164.008999335,178.38730497766664,homopoly
48619,,C[C@]12CCC(=O)C[C@H]1CC[C@@H]3[C@@H]2CC[C@]4([C@@H]3CC[C@@H]4OC(=O)C=C)C,,1,355.054000697,364.44326038,378.483156222,365.993472433,homopoly
155432394,,CC(C)(CCOC(C)(C)CC(=O)ON1C(=O)CCC1=O)OC(=O)C=C,,2,659.741554169,597.700315362,668.299922038,641.913930523,homopoly
133083453,,C=CC(=O)OC1CN1,,2,161.388053491,186.153556083,240.867058154,196.136222576,homopoly
82347,,C=CC(=O)OCCCCCCO,,2,312.059274237,328.531709104,334.606207555,325.0657302986667,homopoly
129721440,,COC(=O)C(COC(=O)C=C)C(=O)OC,,0,85.3824257018,103.295392478,72.5195623957,87.06579352516667,monomer
44607791,,C=CC(=O)OCC1=CC(=CC=C1)I,,1,147.302496415,239.887513708,240.319246308,209.16975214366667,homopoly
99770079,,C=CC(=O)OC(C#N)(C(F)(Cl)Cl)C(F)(Cl)Cl,,0,101.380495698,97.7039310083,91.9435028607,97.00930985566667,monomer
7819,,CC(C)COC(=O)C=C,,2,249.066365848,246.223763319,242.628830263,245.9729864766667,homopoly
62093,,CC(C)(C1=CC(=C(C(=C1)Br)OC(=O)C=C)Br)C2=CC(=C(C(=C2)Br)OC(=O)C=C)Br,,0,261.120402427,303.011591348,203.990959628,256.04098446766665,monomer
90476426,,C=CC(=O)OC1CC2[C@@H]3CC[C@@H](C3)C2C1,,1,201.154712203,233.053588563,199.407982778,211.205427848,homopoly
129851391,,C=CC(=O)OC1=CC(=CC2=C1N(C3=C2C=C(C=C3)I)CCO)I,,1,547.896866417,374.685889026,400.162277205,440.91501088266665,homopoly
129834447,,CC1=CC(=O)N(C2=C1C=CC(=C2)OCCCCCCOC(=O)C=C)CC3=CC=CC=C3,,0,226.969405079,197.933124659,302.639700655,242.51407679766666,monomer
121455448,,C=CC(=O)OCCCCCCOC1(CC=C(C=C1)C2=CC=CC=C2)C#N,,1,398.655078716,450.428628734,307.795167549,385.6262916663333,homopoly
58231717,,C=CC(=O)OC1=C(C=C(C=C1)C2=CC=CC3=C2SC4=CC=CC=C34)C5=CC=CC6=C5SC7=CC=CC=C67,,0,341.906908237,290.761776651,450.695207071,361.1212973196666,monomer
23074693,,C=CC(=O)OC1CC2CC1C=C2,,1,156.565845975,167.533684961,170.718883101,164.93947134566668,homopoly
118656,,C=CC(=O)OCCC(C(C(C(C(C(C(C(C(C(C(C(C(C(F)(F)F)(F)F)(F)F)(F)F)(F)F)(F)F)(F)F)(F)F)(F)F)(F)F)(F)F)(F)F)(F)F)(F)F,,1,342.464201547,338.777937208,389.743069136,356.99506929700004,homopoly
62093,,CC(C)(C1=CC(=C(C(=C1)Br)OC(=O)C=C)Br)C2=CC(=C(C(=C2)Br)OC(=O)C=C)Br,,1,449.282803956,408.419974311,650.690965428,502.797914565,homopoly
22283435,,C=CC(=O)OCC1=CC(=CC=C1)OC2=CC=CC=C2,,1,264.690473725,348.33761877,253.852216089,288.9601028613333,homopoly
57783180,,CC1=CC=C(C=C1)N(C2=CC=C(C=C2)C)C3=CC=C(C=C3)C4=CC=C(C=C4)CCCOC(=O)C=C,,2,1100.34821304,1577.11838961,1310.2112194,1329.2259406833334,homopoly
518439,,CCCCOC(=O)C(C)OC(=O)C=C,,0,90.0305640015,93.6436125909,92.1204569241,91.93154450549999,monomer
19979417,,CC1(CC(CC(N1OC2CCCCC2)(C)C)OC(=O)C=C)C,,2,653.984448937,608.119997598,652.610753875,638.2384001366667,homopoly
121642,,CC(C)(COC(=O)C=C)COC(=O)C(C)(C)COC(=O)C=C,,2,583.329947137,544.764496802,609.887963372,579.3274691036667,homopoly
129626459,,CC(C)(C)OC(=O)OC1=CC=C(C=C1)OCCCCCCOC(=O)C=C,,1,441.062440921,377.882268381,288.828588706,369.25776600266664,homopoly
44574020,,C=CC(=O)OC1=CC=C(C=C1)C(C2=CC=CC=C2)OC(=O)C=C,,0,135.278755724,164.377176458,234.463941679,178.03995795366666,monomer
129634875,,CCCCCCCCCCCC(OC(=O)C=C)S,,1,298.901076942,257.240066571,284.603560363,280.2482346253333,homopoly
93279,,CNC(=O)OCCOC(=O)C=C,,2,279.60120891,276.221891402,287.243332007,281.0221441063333,homopoly
86736832,,CCC(C)(NC1=CC=CC=C1)OOC(=O)C=C,,0,171.372491419,156.809326575,48.4874278805,125.55641529149999,monomer
129834451,,C=CC(=O)ON1C(=O)C=CC2=CC=CC=C21,,2,563.57030284,325.56187377,566.587640051,485.23993888700005,homopoly
3016446,,CCCCCCCCCCCCCCCCCCCCCOC(=O)C=C,,0,216.455730195,213.095680578,179.473426377,203.00827905000003,monomer
14910871,,CC(=CCC/C(=C\COC(=O)C=C)/C)C,,1,229.055504336,243.499134419,231.275190372,234.60994304233336,homopoly
6447059,,CC(=CCC/C(=C/CC/C(=C/CC/C(=C/CC/C(=C/CC/C(=C/CC/C(=C/CC/C(=C/CC/C(=C/CC/C(=C/COC(=O)C=C)/C)/C)/C)/C)/C)/C)/C)/C)/C)C,,0,523.624872436,456.306493778,433.302198383,471.0778548656667,monomer
3014768,,C=CC(=O)OCCN=C=O,,0,71.2834280423,27.8530190407,81.9739551635,60.370134082166665,monomer
132277864,,C=CC(=O)OC1=NC=CN1C2=CC=CC=C2,,1,265.498388285,102.028122073,292.748202923,220.09157109366666,homopoly
33101,,C=CC(=O)OCCCO,,2,212.314245259,219.13169993,239.232102287,223.55934915866666,homopoly
57038445,,C=CC(=O)OCC(COC(=O)C=C)OC(=O)C=C,,0,98.6721230381,118.925530338,116.237614764,111.27842271336665,monomer
129824056,,C=CC(=O)OC1=CC2=C(C=C1)C=C2,,0,182.432771714,43.6706248527,79.6611123909,101.92150298586667,monomer
129819794,,C=CC(=O)OCCCCCCCCCCCC[N+](=O)[O-],,2,552.744190305,568.777041129,563.93426513,561.8184988546667,homopoly
10034607,,C=CC(=O)OCC#N,,1,81.1386466224,94.0797025332,97.5169645379,90.91177123116667,homopoly
58231729,,C=CC(=O)OC1=C(C=C(C=C1)C2=CSC3=CC=CC=C32)C4=CSC5=CC=CC=C54,,2,856.729374551,1271.25374033,995.233763508,1041.0722927963334,homopoly
108608,,C=CC(=O)OCCOC(=O)NC1=CC=CC(=C1)CN=C=O,,0,118.485972417,113.766111313,187.08557976,139.77922116333332,monomer
18183725,,CC(C)(C)NOC(=O)C=C,,2,263.978896074,265.051805454,280.788713756,269.93980509466667,homopoly
86619238,,C=CC(=O)OCC(F)(F)C(F)C(F)(F)F,,0,68.8297266741,42.9676124189,78.4158167783,63.40438529043333,monomer
10986943,,C=CC(=O)OCCN1CCCC1=O,,2,377.109658494,302.729451275,318.514279575,332.7844631146666,homopoly
546207,,C=CC(=O)OCC(C)C,,1,117.318579642,108.533407215,152.808807738,126.22026486499999,homopoly
15055020,,C=CC(=O)OCCOC1=CC2=CC=CC=C2C=C1,,2,544.511385966,627.061478179,487.05306895,552.8753110316667,homopoly
87194114,,C=CC(=O)OCCCCCCCCS(=O)(=O)O,,2,449.51414637,473.885769145,469.801031232,464.40031558233335,homopoly
11320950,,CCC(O)OC(=O)C=C,,2,215.984965977,228.056060648,225.041075636,223.02736742033332,homopoly
58231733,,C=CC(=O)OC1=C(C=C(C=C1)C2=CC=CC3=C2OC4=CC=CC=C34)C5=CC=CC6=C5OC7=CC=CC=C67,,2,865.338287268,1651.02073933,1433.4966724,1316.6185663326667,homopoly
22709343,,CCCCCCCCCCCCC(CCCCCCCCCC)COC(=O)C=C,,2,941.193792168,880.503356465,957.975967148,926.5577052603334,homopoly
119058299,,C=CC(=O)OCCOCCOCCOCCOCCOCCOCCOCCOCCOCCOCCOCCNC(=O)OC(C)(C)C,,1,655.97962954,605.689666038,594.388660924,618.6859855006666,homopoly
223954,,CCCCN(CCCC)CCCOC(=O)C=C,,1,264.636643916,238.444242757,242.187753941,248.42288020466665,homopoly
22123752,,C=CC(=O)OCC1=CC=C(C=C1)O,,0,113.381373692,91.5982422992,61.8482992929,88.94263842803332,monomer
14793980,,C=CC(=O)OCC1CC2CC1C3C2CCC3,,1,222.349289025,221.778729625,235.582968508,226.57032905266666,homopoly
18546000,,C=CC(=O)OC1=CC=C(C=C1)F,,0,130.747310199,47.635260168,63.0810089644,80.48785977713334,monomer
18718363,,C=CC(=O)OCCN1C(=O)C=CC1=O,,0,85.8451822944,71.5002185128,96.3557257064,84.5670421712,monomer
129807973,,CC(C(F)F)([N+](=O)[O-])OC(=O)C=C,,0,67.6003858723,62.0929550257,71.9478172723,67.2137193901,monomer
85887894,,C=CC(=O)OCCNC1=CC=C(C2=NON=C12)[N+](=O)[O-],,2,386.843145509,602.615367345,625.379412113,538.2793083223333,homopoly
13323808,,C=CC(=O)ON,,2,127.150239737,129.015223148,140.008378804,132.05794722966667,homopoly
21798085,,C=CC(=O)OCC=O,,2,220.895414463,163.57126317,186.854388217,190.44035528333333,homopoly
145793502,,CCCCC(CC)(C=O)OC(=O)C=C,,0,113.685738065,75.5940091649,112.100713743,100.46015365763333,monomer
132277864,,C=CC(=O)OC1=NC=CN1C2=CC=CC=C2,,0,133.298928121,72.3043190305,139.284104582,114.96245057783334,monomer
174086,,C=CC(=O)OCCC(C(C(C(C(C(C(C(C(C(C(C(C(C(C(C(F)(F)F)(F)F)(F)F)(F)F)(F)F)(F)F)(F)F)(F)F)(F)F)(F)F)(F)F)(F)F)(F)F)(F)F)(F)F)(F)F,,1,417.506312944,400.034379618,375.315346388,397.61867965000005,homopoly
100948,,CCN(CCOC(=O)C=C)S(=O)(=O)C(C(C(C(C(C(C(F)(F)F)(F)F)(F)F)(F)F)(F)F)(F)F)(F)F,,1,326.490862554,329.897841938,321.582824103,325.99050953166665,homopoly
23070534,,C=CC(=O)OC(CSC1=CC=CC=C1)CSC2=CC=CC=C2,,0,136.755180699,155.885113318,221.438832422,171.359708813,monomer
18979564,,C=CC(=O)OCCCCCCOC1=CC=C(C=C1)C2=CC=C(C=C2)C3CCC(CC3)CCCO,,0,365.849878271,215.163319364,279.005458158,286.67288526433333,monomer
543286,,CCCCCCCCCCCCC(CC)OC(=O)C=C,,1,303.719543289,314.893725491,304.242595745,307.6186215083333,homopoly
54457440,,CC(C)(C)C(OC(=O)C=C)Br,,2,347.439587225,304.698211173,316.173683031,322.7704938096667,homopoly
87565,,CCCCCCCCCCCCCCCCCCCCCCOC(=O)C=C,,2,832.104185767,830.597730297,889.532584976,850.7448336799999,homopoly
87489581,,C=CC(=O)OC(Cl)Cl,,1,119.893682839,81.9037009787,115.576557563,105.79131379356666,homopoly
175022,,CN(CCOC(=O)C=C)S(=O)(=O)CCC(C(C(C(C(C(C(C(C(C(C(C(C(C(F)(F)F)(F)F)(F)F)(F)F)(F)F)(F)F)(F)F)(F)F)(F)F)(F)F)(F)F)(F)F)(F)F)(F)F,,0,213.486225638,281.24686814,208.887209661,234.54010114633334,monomer
544160,,CC1(C2CCC1(C(C2)OC(=O)C=C)C)C,,0,127.281840732,86.6991408527,116.226722269,110.06923461790001,monomer
21251844,,C=CC(=O)OCCCCCCOc1ccc2ccc(=O)oc2c1,,2,745.568414296,378.71999236,911.843230429,678.710545695,homopoly
18372055,,C=CCCCCOC(=O)C=C,,0,85.3960300202,101.239528472,48.647248579,78.42760235706668,monomer
16205839,,C=CC(=O)OCC(COC1=C(C=CC=C1Br)Br)O,,0,83.8322697899,177.740853331,143.648913668,135.07401226296668,monomer
129723103,,CCCCCCCCCCCCCCCC(O)OC(=O)C=C,,1,323.36605842,316.481205453,346.376272232,328.7411787016667,homopoly
10565559,,C=CC(=O)OCCOCCOCCOCCOCCO,,2,521.332112333,502.33013557,481.702328449,501.78819211733327,homopoly
100995,,C=CC(=O)OCCOCCOCCOCCOCCOC(=O)C=C,,0,189.819577988,149.136173495,121.700007257,153.55191957999997,monomer
3311244,,C=CC(=O)OCCN1C2=CC=CC=C2C3=CC=CC=C31,,0,142.363083286,167.591861002,172.704936637,160.88662697499998,monomer
22637263,,C=CC(=O)OOP(=O)(O)O,,2,188.709507178,208.273843888,255.466714814,217.48335529333335,homopoly
20226510,,CCC1(CCCCC1)OC(=O)C=C,,1,185.333996178,173.129598019,207.357921759,188.60717198533334,homopoly
54148783,,C=CC(=O)OC(=O)OC(=O)C=C,,2,279.851133375,270.628074631,261.502080747,270.6604295843333,homopoly
11457964,,CC(CO)(CO)COC(=O)C=C,,1,160.001056523,142.534656269,148.317028631,150.284247141,homopoly
129721374,,C=CC(=O)OC1=CC(=CC2=C1N(C3=CC=CC=C32)CCO)I,,1,432.814781165,437.974663475,237.056312014,369.2819188846667,homopoly
14527824,,C=CC(=O)OC1=C(C2=CC=CC=C2C=C1)C3=CC=CC4=CC=CC=C43,,1,496.337469548,317.227751932,498.251095104,437.27210552800005,homopoly
13878526,,C=CC(=O)OCCC(C(C(C(C(C(C(C(C(C(C(F)(F)F)(F)F)(F)F)(F)F)(F)F)(F)F)(F)F)(F)F)(F)F)(F)F)(F)F,,0,163.632391415,118.240741646,162.744073507,148.20573552266666,monomer
129847185,,C[C@@H]1CC[C@H]2C[C@@H]3[C@@H](CCC([C@]3(CC[C@@H]1C2(C)C)C)(O)OC(=O)C=C)C,,2,767.481463158,814.64174448,724.034633241,768.719280293,homopoly
576412,,C=CC(=O)OCCCC1=CC=CC=C1,,1,227.407062429,243.43651162,139.459263759,203.43427926933336,homopoly
58980492,,CS(=O)(=O)NC1CCC(CC1)OC(=O)C=C,,0,123.379409812,96.8233120426,129.387948699,116.53022351786666,monomer
88654,,CCCCCCCCCCCOC(=O)C=C,,2,483.610305937,477.539027294,486.224406503,482.4579132446667,homopoly
10355061,,C=CC(=O)OCCCCCC,,1,172.127766994,152.207081091,153.633337517,159.322728534,homopoly
82699,,C=CC(=O)OCC1=CC=CO1,,1,149.733606373,144.74918114,126.399485124,140.29409087899998,homopoly
54336186,,C=CC(=O)OCCSC1=CC2=CC=CC=C2C=C1,,0,69.1064016306,158.590276584,210.643440331,146.11337284853334,monomer
129883543,,COC1=CC=C(C=C1)C=NCCOC(=O)C=C,,2,427.199311779,556.248774956,615.612360711,533.0201491486667,homopoly
129819794,,C=CC(=O)OCCCCCCCCCCCC[N+](=O)[O-],,0,141.757775515,135.369657963,133.212219331,136.77988426966667,monomer
18546535,,CSCCCSCCCOC(=O)C=C,,2,490.413213478,428.284245741,440.365434228,453.02096448233334,homopoly
59172001,,C=CC(=O)OCCCCCCCCCCCP(=O)(O)O,,0,144.823503148,128.885175763,156.225925777,143.31153489599998,monomer
14693001,,C=CC(=O)OCCOC1CC2CCC1C2,,1,215.990690458,196.947735753,200.23935095,204.392592387,homopoly
102091248,,CCCCCCOC1=CC=C(C=C1)N=NC2=CC=C(C=C2)OCCCCCCOC(=O)C=C,,0,246.907934254,276.202582035,273.299625022,265.4700471036667,monomer
22662497,,C=CC(=O)OC(CCO)O,,0,56.0424815438,45.5558974979,71.3766336534,57.65833756503334,monomer
57198481,,C=CC(=O)OCC(C)OC(=O)C=C,,1,151.393025435,206.523866235,144.511756823,167.47621616433335,homopoly
3016441,,CCOCCOCCOCCOC(=O)C=C,,2,404.943613469,429.449498466,414.943154125,416.44542202,homopoly
23067278,,C=CC(=O)OC1CCO1,,2,216.647846994,207.117850538,233.704088612,219.15659538133332,homopoly
168655174,,C=CC(=O)OC1=C(C=CC(=C1)C2=NC3=CC=CC=C3S2)C4=NC5=CC=CC=C5S4,,2,1109.02545066,612.38609004,1806.03489539,1175.8154786966668,homopoly
3311244,,C=CC(=O)OCCN1C2=CC=CC=C2C3=CC=CC=C31,,2,590.602417785,603.596008618,722.659867807,638.9527647366666,homopoly
25644,,C=CC(=O)OCCCCCCOC(=O)C=C,,0,103.030628897,93.0886106506,123.789984692,106.63640807986667,monomer
103668,,C=CC(=O)OC1CCC2CCCCC2C1,,0,136.638153602,106.257433945,90.2865672942,111.0607182804,monomer
11416795,,C=CC(=O)OCCCCCCOC1=CC=C(C=C1)C2=CC=C(C=C2)C#N,,0,220.598401552,247.126189102,199.834085771,222.51955880833336,monomer
171789,,CCC1(COCOC1)COC(=O)C=C,,2,384.092625173,363.083501743,338.480011223,361.88537937966663,homopoly
48619,,C[C@]12CCC(=O)C[C@H]1CC[C@@H]3[C@@H]2CC[C@]4([C@@H]3CC[C@@H]4OC(=O)C=C)C,,2,710.739300974,842.208345608,671.140344866,741.3626638159999,homopoly
107300,,C=CC(=O)OCC1CCC=CO1,,0,75.5603432013,64.5610600953,100.932224982,80.3512094262,monomer
69890866,,C=CC(=O)OC1C2CC3C1OC(=O)C3C2,,2,444.351228468,394.92010729,442.510629686,427.260655148,homopoly
69890866,,C=CC(=O)OC12CC3CC(CC(C3)C1)C2,,2,444.351228468,394.92010729,442.510629686,427.260655148,homopoly
22277953,,C=CC(=O)OC(C(C(C(C(C(C(C(C(C(F)(F)F)(F)F)(F)F)(F)F)(F)F)(F)F)(F)F)(F)F)(F)F)(F)F,,1,264.447967883,247.121636003,223.138844275,244.90281605366667,homopoly
22250625,,COC(=O)C1=CC=CC=C1OC(=O)C=C,,0,97.5700041472,80.3331545686,136.599792849,104.83431718826667,monomer
11368265,,C=C[C@@H](COCC1=CC=CC=C1)OC(=O)C=C,,0,125.168556241,138.3650748,95.2603630638,119.59799803493335,monomer
909765,,CC1=CC(=O)OC2=C1C=CC(=C2CN3CCOCC3)OC(=O)C=C,,1,392.03772205,359.377859669,342.465807415,364.62712971133334,homopoly
129862051,,C=CC(=O)OC(=O)C1=CC=CC=N1,,1,174.726966918,209.313909283,119.41526981,167.818715337,homopoly
57783174,,CC1=CC=C(C=C1)N(C2=CC=C(C=C2)C)C3=CC=C(C=C3)C4=CC=C(C=C4)CCCCOC(=O)C=C,,0,447.348665425,232.978049933,390.726968831,357.0178947296667,monomer
168449191,,CCCCCCSSCCOC(=O)C=C,,0,113.479480733,138.268449049,110.077829545,120.60858644233333,monomer
543281,,CCCCCCCCCCC(CC)OC(=O)C=C,,2,558.42179352,505.162409448,578.840994086,547.4750656846667,homopoly
10131189,,CC(C(=O)OCCOC(=O)C=C)Br,,0,107.906631171,47.1908023266,99.1599236773,84.75245239163333,monomer
3023750,,CCCCCCCCCCCCCCCCCCCCCCCCCCCCCCOC(=O)C=C,,2,1116.95779108,1114.22813912,1132.7397102,1121.3085468000002,homopoly
13351124,,C/C=C/1\CCCC\C1=C/CCOC(=O)C=C,,1,268.62325215,222.524504157,254.467239501,248.538331936,homopoly
121743,,C=CC(=O)OCCOC(=O)C1=CC=CC=C1C(=O)O,,2,510.437608635,496.099685542,460.770431091,489.10257508933336,homopoly
27134,,CCSCCOC(=O)C=C,,1,151.789603389,151.289145387,135.761598779,146.28011585166666,homopoly
19598189,,CC(=O)OC1=CC=C(C=C1)COC(=O)C=C,,2,366.382805966,575.668244166,355.260819663,432.4372899316666,homopoly
154733041,,C=CC(=O)OCCO[N+](=O)[O-],,0,74.2980416647,31.5891746786,71.3943274273,59.09384792353333,monomer
19862056,,C=CC(=O)OC1=CC=CC=C1N=NC2=CC=CC=C2,,2,620.276832662,591.316188617,741.014978198,650.8693331589999,homopoly
71353023,,CCCCCCCCC(CCCCCCCC)COC(=O)C=C,,2,735.307994874,699.701565156,728.088469755,721.032676595,homopoly
118536001,,C=CC(=O)OCC(C(C1=CC=CC=C1)C2=CC=CC=C2)(OC3=CC=CC=C3)OC4=CC=CC=C4,,2,945.052427574,1072.9501834,1028.18786857,1015.3968265146668,homopoly
59005029,,CC(COC(=O)C=C)OC(=O)CCCCCBr,,0,115.922739986,136.267829332,98.7954605339,116.99534328396665,monomer
23201,,C=CC(=O)OC1CC2CCC(C1)N2C,,2,365.90459164,390.997164716,403.993817036,386.96519113066665,homopoly
23437533,,C=CC(=O)OC1=CC=C(C=C1)S(=O)(=O)C2=CC=C(C=C2)O,,2,545.694249058,722.576701142,578.519492904,615.5968143680001,homopoly
14288021,,C[C@H](CCCC(C)C)[C@H]1CC[C@@H]2[C@@]1(CC[C@H]3[C@H]2CC=C4[C@@]3(CC[C@@H](C4)OC(=O)C=C)C)C,,2,886.8260953,1010.58341495,1130.97504822,1009.4615194900001,homopoly
62012,,CCCCCCCCC(C)OC(=O)C=C,,1,236.423923138,215.331854386,223.80917082,225.18831611466666,homopoly
13049940,,CC(=O)C1=CC=C(C=C1)OC(=O)C=C,,0,89.3732592068,148.635022227,83.44052644,107.14960262459999,monomer
145945604,,C=CC(=O)OCCOC1OCCCO1,,2,358.477554933,317.766235714,327.295924767,334.5132384713333,homopoly
23070318,,C=CC(=O)OC1=CC=C(C=C1)I,,1,153.204906211,173.003964135,260.77844731,195.66243921866666,homopoly
59992627,,C=CC(=O)OCCOCCC(=O)ON1C(=O)CCC1=O,,1,274.174149586,193.97740126,253.341024594,240.49752514666667,homopoly
737020,,CC1(COC(=O)[C@H]1OC(=O)C=C)C,,1,161.314167583,152.899171049,169.758054057,161.323797563,homopoly
14657507,,C=CC(=O)OCCOC1[C@@H]([C@H]([C@@H]([C@H](O1)CO)O)O)O,,0,116.043546652,83.1556555444,122.695826063,107.29834275313333,monomer
23437533,,C=CC(=O)OC1=CC=C(C=C1)S(=O)(=O)C2=CC=C(C=C2)O,,1,324.79674617,280.587954909,331.658916199,312.34787242600004,homopoly
105249,,C=CC(=O)OCCN(CCOC(=O)C=C)C=O,,1,252.269596756,224.195532501,168.681034145,215.04872113399998,homopoly
68649063,,C=CC(=O)OC(OC12CC3CC(CC(C3)C1)C2)C(C)C,,1,292.881416556,279.525963321,274.895590656,282.434323511,homopoly
81767,,COCCOCCOC(=O)C=C,,0,85.4548662356,56.6274096735,84.2567860869,75.44635399866667,monomer
85684803,,C=CC(=O)OC1=C2CCC(C2)C1,,0,94.6769022872,89.2567747968,113.290501604,99.07472622933334,monomer
78270,,COC1=CC=C(C=C1)OC(=O)C=C,,0,58.2672439974,124.392153098,103.130624083,95.26334039279999,monomer
21918123,,CCCCCCCCCC1=CC=C(C=C1)OC(=O)C=C,,1,266.320482823,367.936792721,344.952489105,326.40325488300005,homopoly
10537474,,C=CC(=O)OCN1C(=O)C2=CC=CC=C2C1=O,,0,94.0483194555,130.916319461,113.333379679,112.76600619850001,monomer
129721374,,C=CC(=O)OC1=CC(=CC2=C1N(C3=CC=CC=C32)CCO)I,,0,212.243530424,136.283116481,237.537864209,195.354837038,monomer
44717649,,C=CC(=O)OCCCCCC(C(C(C(C(C(F)(F)F)(F)F)(F)F)(F)F)(F)F)(F)F,,1,272.014377825,243.103673714,239.982916348,251.700322629,homopoly
597374,,CC1(C2CCC1(C(C2C(C3=CC=CC=C3)C4=CC=CC=C4)OC(=O)C=C)C)C,,1,448.738334401,452.016221895,394.702638148,431.81906481466666,homopoly
155908502,,CCN(CC)CC1=C(C=CC(=C1)C)OC(=O)C=C,,0,96.6848660402,178.99675181,147.422351846,141.0346565654,monomer
22186490,,CC(C)(C)CCOC(=O)C=C,,0,93.5864391777,92.8462832248,49.8555531028,78.76275850176667,monomer
168437649,,C=CC(=O)OCCCCCCCCCCCCCCCCCCBr,,2,725.262297551,788.651839747,753.12840514,755.6808474793334,homopoly
129782167,,C=CC(=O)ON1C(=O)CCN2C1=NC3=CC=CC=C32,,1,275.24931469,227.205523919,302.883364423,268.44606767733336,homopoly
21318161,,C=CC(=O)OC1=C(C=C(C=C1[N+](=O)[O-])[N+](=O)[O-])[N+](=O)[O-],,2,616.987260008,374.729063962,498.489818704,496.73538089133336,homopoly
22597223,,CC1C2CC3CC(C2)CC1(C3)OC(=O)C=C,,2,486.418201987,425.078038029,475.554555078,462.3502650313333,homopoly
17258,,CCCCCCCCOC(=O)C=C,,1,191.971366009,169.116803336,209.150788831,190.07965272533332,homopoly
66643588,,CC(C)(C1=CC=CC=C1)SCCOC(=O)C=C,,1,216.140606747,270.743400434,293.950784318,260.278263833,homopoly
14149717,,CC1(CC(CC(N1)(C)C)OC(=O)C=C)C,,0,132.883215574,106.967270357,84.8261256015,108.22553717749999,monomer
22051649,,CC1(C(COC1=O)OC(=O)C=C)C,,2,302.050633422,342.892552961,330.177220521,325.0401356346667,homopoly
104027,,CC(C)CCCCCCOC(=O)C=C,,2,414.382431469,436.776247848,397.220206195,416.12629517066665,homopoly
67551,,C=CC(=O)OCC(C(C(C(C(C(C(F)(F)F)(F)F)(F)F)(F)F)(F)F)(F)F)(F)F,,2,424.188722641,404.645792141,397.382016229,408.7388436703333,homopoly
3023750,,CCCCCCCCCCCCCCCCCCCCCCCCCCCCCCOC(=O)C=C,,0,277.502166152,287.90444664,262.253312115,275.88664163566665,monomer
12014951,,C=CC(=O)OCCOCCOC(=O)C(CC1=CC=CC=C1)SC#N,,1,305.651188347,279.673477993,378.072937394,321.13253457800005,homopoly
45036092,,C[C@]12CCC3C([C@@H]1CC[C@@H]2C(=O)COC(=O)C=C)CCC4=CC(=O)CC[C@]34C,,2,904.966699191,818.717891714,752.483272838,825.3892879143332,homopoly
12547706,,C=CC(=O)OC(=C)C#N,,1,99.5947649859,117.094300167,129.846235985,115.51176704596666,homopoly
58468614,,C=CC(=O)OCCC(=O)NC1=CC=CC=N1,,2,392.397626285,413.006699904,525.141783073,443.515369754,homopoly
67346638,,C=CC(=O)OC1=C(C=CC(=C1)Cl)OC2=C(C=C(C=C2)Cl)Cl,,1,406.334061143,284.619018549,307.692818276,332.8819659893333,homopoly
129829186,,C=CC(=O)OOC(=O)CCCCCCCCC(=O)OOC(=O)C=C,,1,356.779759718,280.953725015,280.832932791,306.1888058413333,homopoly
67891023,,CC(C)(C1CCCC1)OC(=O)C=C,,1,174.049021982,197.426937827,183.219719619,184.8985598093333,homopoly
129714184,,CC(=CCOC(=O)C=C)Cl,,2,306.179797768,294.410417997,285.459821531,295.350012432,homopoly
88709012,,C=CC(=O)OCC1=C(C=C(C=C1)[N+](=O)[O-])[N+](=O)[O-],,2,504.547205533,393.912788959,486.923524113,461.7945062016667,homopoly
88387,,CC(C)(CN(C)C)COC(=O)C=C,,0,105.639861315,96.9203484291,75.3532156466,92.63780846356667,monomer
293395,,CC1=CC(=C(C=C1)C(C)C)OC(=O)C=C,,1,212.822702378,199.496571953,284.998638398,232.439304243,homopoly
70613,,C=CC(=O)OCCCCOC(=O)C=C,,1,214.40871091,168.106546391,166.823288344,183.11284854833335,homopoly
3023754,,CCCCCCCCCCCCCCCCCCCCCCCCCCCCCCCCCCCCOC(=O)C=C,,0,343.434897716,316.921559072,331.436753244,330.59773667733333,monomer
21696203,,COCCOCCOCCOCCOCCOCCOCCOCCOCCOCCOC(=O)C=C,,1,436.992654463,456.71320999,475.688388478,456.464750977,homopoly
129862051,,C=CC(=O)OC(=O)C1=CC=CC=N1,,2,275.958282836,388.356066383,364.976934714,343.0970946443333,homopoly
57428993,,C=CC(=O)OCCC(=O)N=[N+]=[N-],,2,305.128159172,243.637086867,308.707453367,285.8242331353333,homopoly
15153819,,C=CC(=O)OCCCCCCBr,,2,323.192998162,372.409879732,356.93692651,350.84660146799996,homopoly
23663682,,C=CC(=O)OCCCS(=O)(=O)[O-],,2,1405.98104153,1181.61286341,1519.16324036,1368.9190484333333,homopoly
102811,,CCC(COC(=O)C=C)O,,1,138.458987902,109.354652288,141.82451219,129.87938412666668,homopoly
69810535,,C=CC(=O)OC[C@@H]1C[C@H]2C[C@@H]1C=C2,,2,360.11633057,342.896907884,391.477606002,364.8302814853334,homopoly
59317428,,CC(=O)OC1=CC=C(C=C1)CCOC(=O)C=C,,2,470.535563684,378.033236284,504.346869321,450.97188976300004,homopoly
169613,,C=CC(=O)OC1=CC=CC2=C1N=CC=C2,,1,232.791301842,232.728380393,234.519079511,233.34625391533334,homopoly
59266108,,C=CC(=O)OCCOCCOC1=CC2=CC=CC=C2C=C1,,0,161.639756857,177.465457808,145.145497465,161.41690404333335,monomer
171395280,,C[C@]12CCC(=O)C=C1CC[C@@H]3[C@@H]2CC[C@]4([C@H]3CC[C@]4(C=C)OC(=O)C=C)C,,0,196.498454496,195.734233532,232.343663771,208.19211726633333,monomer
104368,,C=CC(=O)OCCC(C(C(C(C(C(C(C(C(C(C(C(F)(F)F)(C(F)(F)F)F)(F)F)(F)F)(F)F)(F)F)(F)F)(F)F)(F)F)(F)F)(F)F)(F)F,,2,709.666385761,690.342412024,634.683049282,678.230615689,homopoly
121494101,,C=CC(=O)OCC1CC[C@H]2O[C@H]2C1,,1,179.821717126,185.415914898,155.331713114,173.52311504600002,homopoly
13932179,,CC(CCOC(=O)C=C)O,,1,116.489630115,135.595600895,129.756789933,127.28067364766666,homopoly
137958541,,C=CC(=O)OC(C(C(F)(F)F)(OC(C(C(F)(F)F)(F)F)(F)F)F)(C(F)(F)F)C(F)(F)F,,0,80.8614896197,106.048338116,121.250547037,102.72012492423333,monomer
3018311,,CC(C)(C1=CC=C(C=C1)OCCO)C2=CC=C(C=C2)OCCOC(=O)C=C,,1,434.279346579,362.235278211,448.749710107,415.0881116323333,homopoly
59172004,,CCOP(=O)(CCCCCCCCCCCOC(=O)C=C)OCC,,2,724.830325694,683.828428035,735.188688703,714.6158141440001,homopoly
13847846,,CC(C)CCCCCCCCOC(=O)C=C,,0,127.165664183,129.723953105,98.4998185727,118.4631452869,monomer
129726845,,C=CC(=O)OCCCCCCCCCCC,,0,138.663160966,116.092256947,105.639175927,120.13153127999999,monomer
102248214,,C=CC(=O)OCC([N+](=O)[O-])(F)F,,1,93.6754497991,137.260510527,111.675976167,114.20397883103334,homopoly
6447059,,CC(=CCC/C(=C/CC/C(=C/CC/C(=C/CC/C(=C/CC/C(=C/CC/C(=C/CC/C(=C/CC/C(=C/CC/C(=C/COC(=O)C=C)/C)/C)/C)/C)/C)/C)/C)/C)/C)C,,1,998.764676736,952.040076421,895.657332847,948.8206953346667,homopoly
2776166,,C=CC(=O)OCC(CC(C(C(C(C(C(F)(F)F)(F)F)(F)F)(F)F)(F)F)(F)F)O,,0,116.540275847,108.22548192,101.844782816,108.87018019433333,monomer
58231724,,C=CC(=O)OC1=CC=CC(=C1)C2=CC=CC3=C2SC4=CC=CC=C34,,2,1175.93092627,562.082315602,810.996222471,849.6698214476668,homopoly
54484930,,CC(=O)NCOC(=O)C=C,,1,119.950758719,129.971911084,113.398479422,121.10704974166667,homopoly
10130166,,CC(C)(C)NCCOC(=O)C=C,,1,162.756650899,161.763120871,172.133270211,165.55101399366666,homopoly
68422741,,C=CC(=O)ON1CCCC1,,1,157.861229346,107.438200696,136.691257963,133.99689600166667,homopoly
54361431,,CC(C)(C1=CC=CC=C1)C2=CC=C(C=C2)OCCOC(=O)C=C,,0,261.097064834,125.127225956,154.081913593,180.10206812766668,monomer
169613,,C=CC(=O)OC1=CC=CC2=C1N=CC=C2,,2,411.959692955,451.888045713,516.278580443,460.04210637033333,homopoly
3050397,,CC(C)CCCCCCCCCOC(=O)C=C,,0,141.231917332,104.80567243,142.692264466,129.57661807600002,monomer
18546536,,CSCCCOC(=O)C=C,,1,168.320554977,139.002816758,131.666020204,146.329797313,homopoly
23176933,,C=CC(=O)OCC1C(C(C(C(C1(F)F)(F)F)(F)F)(F)F)(F)F,,2,381.382425203,323.435647998,374.115523261,359.644532154,homopoly
92212,,CC(C)(C1=CC=C(C=C1)OCC(COC(=O)C=C)O)C2=CC=C(C=C2)OCC(COC(=O)C=C)O,,0,317.572117326,241.683721409,181.120518649,246.792119128,monomer
99770075,,C=CC(=O)OC(C#N)(C(F)(F)F)C(F)(F)F,,0,82.5126988717,57.1959185198,56.4736851635,65.39410085166666,monomer
543296,,CCCCCCCCCCC(C)OC(=O)C=C,,2,550.151842771,522.202844863,485.187917728,519.180868454,homopoly
4128060,,CC(COC(C)COC(=O)C=C)OCC(C)OC(=O)C=C,,2,514.427686888,526.273125145,601.759323196,547.486711743,homopoly
145796951,,C=CC(=O)OC(O)(CO)C(O)(OC(=O)C=C)OC(=O)C=C,,1,216.29819093,240.210637334,255.417225851,237.30868470500002,homopoly
102811,,CCC(COC(=O)C=C)O,,0,83.4337593368,38.8307081274,69.5604218296,63.9416297646,monomer
29854,,CC1(CO1)COC(=O)C=C,,0,78.6495495915,58.5873458949,51.8111750475,63.0160235113,monomer
19042,,C=CC(=O)OCC(CO)(COC(=O)C=C)COC(=O)C=C,,0,146.27316564,157.228700645,88.5279379783,130.6766014211,monomer
102232917,,CC1(COC2=CSC=C2OC1)COC(=O)C=C,,1,309.635951136,171.857338387,232.800358354,238.09788262566667,homopoly
14693048,,COCCCCCCOC(=O)C=C,,0,98.1155790798,91.6425971552,79.1257252427,89.62796715923334,monomer
132848333,,CN(C1=CC=C(C=C1)OC(=O)C=C)C2=NS(=O)(=O)C3=CC=CC=C32,,2,763.653225854,604.156303065,1027.99150992,798.6003462796667,homopoly
3016667,,CCCCC(C)OC(=O)C=C,,2,307.445801945,301.155405712,340.585733587,316.3956470813334,homopoly
23635600,,CCCCCC1=CC=C(C=C1)OC(=O)C=C,,2,363.470147195,577.659969169,530.67305034,490.601055568,homopoly
118012601,,COCCOCCOCCOCCOCCOCCOCCOCCOCCOCCOCCOCCOC(=O)C=C,,0,272.582167398,264.736755298,274.140829625,270.486584107,monomer
12705069,,CC(C)(C)OOC(=O)C=C,,1,141.28116103,123.770085406,137.86423033,134.305158922,homopoly
156595944,,C=CC(=O)Oc1cc(C)ccc1C(C)C,,1,180.072493257,273.422787503,254.328857135,235.94137929833335,homopoly
19028358,,CC(COC(=O)C=C)Cl,,0,88.1982952977,40.2310122135,53.9855766668,60.80496139266666,monomer
10520851,,C=CC(=O)OCCOCCOCCOCCOCCOCCO,,0,180.911991939,145.695798814,110.381936879,145.663242544,monomer
17257,,CCCCCCCOC(=O)C=C,,1,165.681833613,183.61768329,173.86300361,174.38750683766668,homopoly
544156,,C=CC(=C)CCCCOC(=O)C=C,,2,375.422264167,402.269413032,378.595998963,385.42922538733336,homopoly
57648627,,C=CC(=O)OC(OC(=O)C=C)(OC(=O)C=C)OC(=O)C=C,,1,223.447172503,275.584846737,241.787722559,246.93991393299999,homopoly
543889,,CCCCC(CCC)OC(=O)C=C,,0,108.674861888,112.100081025,69.0555674292,96.61017011406666,monomer
68422741,,C=CC(=O)ON1CCCC1,,2,259.536017303,278.185465271,252.064084969,263.26185584766665,homopoly
22676929,,C=CC(=O)OCCSC1=CC=CC=C1,,2,471.914561215,355.070922657,446.759669959,424.5817179436667,homopoly
86643208,,C=CC(=O)OC(C)OCc1ccccc1,,0,126.873509192,119.215664711,70.7007311247,105.59663500923334,monomer
21251844,,C=CC(=O)OCCCCCCOc1ccc2ccc(=O)oc2c1,,1,326.673530536,357.808916225,353.958138477,346.146861746,homopoly
543287,,CCCCCCCCCCCC(CCC)OC(=O)C=C,,2,611.883269349,600.36565267,636.250090213,616.1663374106666,homopoly
54551523,,C=CC(=O)OCC1CCCC=C1,,0,98.196431545,56.609841858,110.430799302,88.41235756833333,monomer
90862337,,CC1=CC(=CC(=C1OC(=O)C=C)C)N=NC2=CC=C(C=C2)Br,,0,226.390702693,193.153444429,150.698424181,190.080857101,monomer
68927558,,CC(C)(C)OC(=O)OC1=CC=C(C=C1)COC(=O)C=C,,0,147.036917816,153.61866578,125.497269124,142.05095090666666,monomer
5062351,,C=CC(=O)OCC(O)COC(=O)C=C,,2,340.623265283,350.260891142,359.74820118,350.2107858683333,homopoly
14527814,,C[C@@H]1CC[C@H]([C@@H](C1)OC(=O)C=C)C(C)(C)C2=CC3=CC=CC=C3C=C2,,0,219.907067468,143.343951642,240.334428093,201.19514906766668,monomer
129805408,,C=CC(=O)OC1=CC=CC=C1P(=S)(C2=CC=CC=C2)C3=CC=CC=C3,,0,250.725766211,207.864362743,174.922997376,211.17104211,monomer
68978057,,C=CC(=O)OCCOC1=C(C=CC=C1C2=CC=CC=C2)C3=CC=CC=C3,,2,871.289666191,612.563916147,1014.92220263,832.9252616560001,homopoly
22613596,,C=CC(=O)OC1=CC=C(C=C1)C#N,,0,182.418370985,86.9631172474,21.4312758269,96.93758801976666,monomer
3016576,,CCCCCCCCCCCCCCC(CCCCCCCCCCCC)OC(=O)C=C,,2,1044.54016944,1000.25423577,1020.23825464,1021.6775532833334,homopoly
15284,,C=CC(=O)OCC(O)COc1ccc(C(C)(C)c2ccc(OCC(O)COC(=O)C=C)cc2)cc1,,1,555.129808146,484.599023869,465.542091173,501.75697439600003,homopoly
20226495,,C=CC(=O)OCC1=CC=CC=C1C2=CC=CC=C2,,0,161.700198479,106.376311743,147.110367029,138.39562575033335,monomer
23635601,,CCCCCCC1=CC=C(C=C1)OC(=O)C=C,,1,235.904367885,326.61298299,273.141039576,278.552796817,homopoly
585841,,CC1(C2CCC1(C(C2OC(=O)C=C)OCC3=CC=CC=C3)C)C,,2,611.270389919,657.939636343,712.271096154,660.493707472,homopoly
11217487,,CCC1(COC1)COC(=O)C=C,,2,286.179310591,321.173071947,338.867135441,315.40650599300005,homopoly
3023346,,C=CC(=O)OCCCCCOC(=O)CCBr,,2,469.277662174,432.753008253,431.82011542,444.61692861566667,homopoly
146012803,,C=CC(=O)OC1=C(C2=CC=CC=C2C=C1)Br,,1,258.158183617,333.577220943,222.999429266,271.578277942,homopoly
19859974,,C=CC(=O)OCCCCCCCCCCCCO,,0,140.760193794,124.331844616,122.501269465,129.19776929166667,monomer
44607774,,CCOC(COC(=O)C=C)C#N,,2,278.98433977,265.407490896,329.388077927,291.259969531,homopoly
20243842,,C=CC(=O)OC(C1=CC=CC=C1)[N+](=O)[O-],,1,192.757132175,228.263841939,168.367234361,196.46273615833334,homopoly
149983942,,CC(=O)NC1=CC(=CC=C1)OC(=O)C=C,,0,113.464988348,90.4098103746,134.576048097,112.81694893986668,monomer
21909470,,C=CC(=O)OC1CCCCO1,,0,52.8396713954,84.764438857,75.8704759073,71.15819538656667,monomer
57119052,,CS(=O)(=O)OC(=O)C=C,,0,65.2677976553,44.7772795373,60.5724292012,56.872502131266664,monomer
22718872,,CCCCC/C=C/C/C=C/CCCCCCCCOC(=O)C=C,,2,687.924241405,739.052424708,785.186081961,737.3875826913333,homopoly
94232,,C=CC(=O)OCC1CCCO1,,1,163.36000485,136.873538338,127.559967851,142.597837013,homopoly
162078,,CCCCCCCCCCCCCCCCCCCCOC(=O)C=C,,0,225.111420159,188.27104722,175.796016204,196.392827861,monomer
21403530,,CCC(=O)OCCOC(=O)C=C,,1,133.360964062,163.257385063,152.541636133,149.719995086,homopoly
101642,,C=CC(=O)OCC(C(C(C(F)(F)F)(F)F)(F)F)(F)F,,0,85.9954146615,53.5460390156,82.1409967142,73.89415013043333,monomer
165429006,,C[N@@+]1(CCC2=CC(=C(C=C2[C@H]1CC3=CC(=C(C=C3)OC)OC)OC)OC)CCC(=O)OCCCCCOC(=O)C=C,,0,285.970525592,265.333532026,426.916619792,326.0735591366667,monomer
99770076,,C=CC(=O)OC(C#N)(C(F)(F)Cl)C(F)(F)Cl,,0,94.4994311425,78.4002631273,67.556643379,80.1521125496,monomer
4260109,,CCN(CCOC(=O)C=C)C1=CC=C(C=C1)N=NC2=C(C=C(C=C2)[N+](=O)[O-])Cl,,1,521.176614697,595.182431252,584.519227871,566.9594246066667,homopoly
71441474,,C=CC(=O)OC1=CC=CC(=C1)NC2=CC=CC=C2,,0,176.202937064,89.9176480239,186.798416023,150.9730003703,monomer
22051788,,C=CC(=O)OC1=CC=C(C=C1)C2=CC=CC=C2,,0,110.670483088,151.730213922,176.280398835,146.22703194833332,monomer
129762053,,C=CC(=O)Oc1nn[nH]n1,,2,211.27421051,245.244980724,207.647087395,221.388759543,homopoly
129821362,,C=CC(=O)OC1=CC=CC(=C1C#N)C2=CC=CC=C2,,0,119.603594299,158.094178241,176.472450208,151.39007424933334,monomer
20520029,,CCCC(=O)OC(=O)C=C,,1,137.686032148,107.199127884,134.375307034,126.42015568866668,homopoly
162085,,CN(CCOC(=O)C=C)S(=O)(=O)CCC(C(C(C(C(C(F)(F)F)(F)F)(F)F)(F)F)(F)F)(F)F,,0,149.629851617,153.796454034,176.706397552,160.044234401,monomer
67891023,,CC(C)(C1CCCC1)OC(=O)C=C,,2,397.584243846,340.664117611,382.480085437,373.57614896466663,homopoly
20594786,,CCCCCC1=CC=C(C=C1)C#CC2=CC=C(C=C2)OC(=O)C=C,,2,669.157197839,1164.22571632,926.438469163,919.9404611073332,homopoly
94246,,CC(CO)OC(=O)C=C,,1,107.016885121,118.349292962,112.139018716,112.50173226633335,homopoly
81490,,CCC(CO)(CO)COC(=O)C=C,,1,175.162133054,171.906634275,150.308636181,165.79246783666667,homopoly
86720806,,C=CC(=O)OCC1=C(C=CC(=C1)[N+](=O)[O-])C2=C(C=C(C=C2)[N+](=O)[O-])COC(=O)C=C,,2,894.545271121,852.176673251,750.760715864,832.4942200786667,homopoly
22277950,,C=CC(=O)OC(C(C(C(C(C(F)(F)F)(F)F)(F)F)(F)F)(F)F)(F)F,,0,95.4629299013,71.7168232019,80.5669569606,82.58223668793333,monomer
57428993,,C=CC(=O)OCCC(=O)N=[N+]=[N-],,0,75.8450415153,58.6750169676,78.197855601,70.90597136129999,monomer
18426508,,CS(=O)(=O)CCOC(=O)C=C,,2,293.195529531,313.15916294,301.629724837,302.661472436,homopoly
118536001,,C=CC(=O)OCC(C(C1=CC=CC=C1)C2=CC=CC=C2)(OC3=CC=CC=C3)OC4=CC=CC=C4,,1,475.468387951,517.707191638,556.97185185,516.7158104796667,homopoly
57783175,,CC1=CC=C(C=C1)N(C2=CC=C(C=C2)C3=CC=C(C=C3)CCOC(=O)C=C)C4=C(C=C(C=C4)C)C,,0,266.942685793,308.793679496,470.941791727,348.8927190053334,monomer
19023869,,COCCOCCOCCOCCOCCOC(=O)C=C,,0,162.258555807,135.359155238,111.026033536,136.21458152699998,monomer
85486,,C=CC(=O)OCC([N+](=O)[O-])([N+](=O)[O-])F,,2,293.272810049,271.034803584,294.687760963,286.33179153199995,homopoly
11492219,,CC(C)(C)OC(=O)NCCOC(=O)C=C,,1,196.219452835,188.868730966,192.228914509,192.43903277,homopoly
131718422,,C=CC(=O)OC1C[C@H]2CC[C@]1(C)C2(C)C,,0,103.050767197,116.449461772,103.647076899,107.71576862266666,monomer
109997,,CCCCN(CCOC(=O)C=C)S(=O)(=O)C(C(C(C(C(C(C(F)(F)F)(F)F)(F)F)(F)F)(F)F)(F)F)(F)F,,2,618.463712397,767.640141716,792.808844326,726.304232813,homopoly
17792856,,CC(C)C1(C2CC3CC(C2)CC1C3)OC(=O)C=C,,0,142.121688362,117.450467652,131.750968868,130.44104162733333,monomer
87722336,,CC(CN(C)C)(N(C)C)OC(=O)C=C,,1,186.788003518,201.137385001,183.906272761,190.61055376000002,homopoly
3023345,,CC(C(=O)OCCCCCOC(=O)C=C)Br,,0,107.954497752,125.568040396,96.9222015482,110.14824656539999,monomer
13590738,,C=CC(=O)OCCOP1(=O)OCCO1,,0,97.4118532621,67.9603513676,88.9967329133,84.78964584766665,monomer
4065231,,C=CC(=O)OCC1=C2C=CC=CC2=CC3=CC=CC=C31,,1,179.606569522,334.63245329,483.180473301,332.473165371,homopoly
86643208,,C=CC(=O)OC(C)OCc1ccccc1,,1,193.13737833,188.460832594,217.70649043,199.76823378466668,homopoly
22034164,,C=CC(=O)OC1=NC2=CC=CC=C2C=C1,,2,527.328643193,450.346878588,466.055473351,481.24366504399995,homopoly
164889234,,C[C@]12CCC(=O)C[C@@H]1CC[C@@H]3[C@@H]2CC[C@]4(C3CC[C@@H]4OC(=O)C=C)C,,1,329.794710174,362.990646528,393.346538769,362.043965157,homopoly
7636,,CCCCC(CC)COC(=O)C=C,,1,203.950105073,195.338300457,174.77188893,191.35343148666666,homopoly
139600009,,C=CC(=O)OC1=CC2=C(C=C1)C(=O)CC(O2)C3=CC=CC=C3,,0,137.618757357,206.569046032,175.838088856,173.34196408166667,monomer
3022436,,CCCCCCCC(C)COC(=O)C=C,,0,100.046932639,126.221779419,113.381607582,113.21677321333334,monomer
22051788,,C=CC(=O)OC1=CC=C(C=C1)C2=CC=CC=C2,,2,528.458328784,666.552348532,582.834131984,592.6149364333334,homopoly
11298697,,C=CC(=O)OC1C2CC3CC(C2)CC1C3,,2,403.179268193,434.879646392,430.019102725,422.69267243666667,homopoly
77066,,C=CC(=O)OCCC1=CC=CC=C1,,0,100.609531722,108.131302945,68.2142516837,92.3183621169,monomer
117434,,C[C@]12CC[C@H](C1(C)C)C[C@H]2OC(=O)C=C,,0,131.889206489,100.417684876,97.5825045282,109.9631319644,monomer
12191274,,COC1=C(C=CC(=C1)C=O)OC(=O)C=C,,1,218.613613375,185.556456409,249.148172016,217.77274726666667,homopoly
129718202,,C=CC(=O)OC1=C(C(=C(C(=C1C2CCC2)C#N)C#N)C#N)C#N,,1,432.242909869,278.059398974,341.140456235,350.48092169266664,homopoly
18696725,,CC(C(C(C(C(C(OC(=O)C=C)(F)F)(F)F)(F)F)(F)F)(F)F)(F)F,,1,198.019414449,163.402357942,191.006011909,184.14259476666666,homopoly
543931,,C=CC(=O)OCCCC=C1CC1,,1,159.033101878,171.820261921,189.879267058,173.577543619,homopoly
14040031,,C=CC(=O)OCC(=C)CS(=O)(=O)C1=CC=CC=C1,,1,273.112254844,219.036733241,285.82533972,259.324775935,homopoly
23635724,,CCCOC(=O)C1=CC=C(C=C1)OC(=O)C=C,,1,179.292478894,261.976637178,319.469934909,253.57968366033333,homopoly
21871645,,C=CC(=O)OC1=CC=CC(=C1)O,,1,147.500597994,148.72204791,193.811805518,163.34481714066666,homopoly
23443674,,C=CC(=O)OC(F)(F)CF,,0,56.6350546792,33.7683663141,46.4877626751,45.63039455613333,monomer
90862337,,CC1=CC(=CC(=C1OC(=O)C=C)C)N=NC2=CC=C(C=C2)Br,,1,424.236319928,362.479646171,309.232731737,365.316232612,homopoly
15722985,,C=CC(=O)OCCCCl,,2,226.078838517,234.284384399,258.214909181,239.52604403233332,homopoly
87149162,,CCCCCCCCCCC(CCCCCCCC)COC(=O)C=C,,1,387.009947652,382.628953061,411.901079892,393.8466602016667,homopoly
54112393,,CCCCCC(CC)(CC)OC(=O)C=C,,1,217.912281009,234.861552289,218.364209904,223.71268106733336,homopoly
23067259,,C=CC(=O)OCCOCCOC=C,,2,360.463921834,308.435925278,325.781591982,331.56047969800005,homopoly
129774974,,C=CC(=O)OC(OC(=O)C=C)(OC(=O)C=C)F,,1,143.229279586,181.007513701,233.326051369,185.85428155199997,homopoly
68978057,,C=CC(=O)OCCOC1=C(C=CC=C1C2=CC=CC=C2)C3=CC=CC=C3,,0,146.088861489,307.79429801,186.464302043,213.44915384733335,monomer
54551523,,C=CC(=O)OCC1CCCC=C1,,1,188.979820917,163.330946871,162.730062775,171.68027685433333,homopoly
70613,,C=CC(=O)OCCCCOC(=O)C=C,,2,348.723883983,304.276481017,424.470641154,359.15700205133334,homopoly
22003413,,CC(C)CCCCOC(=O)C=C,,2,351.98345494,364.804683237,331.536347472,349.44149521633335,homopoly
72203001,,COC1=CC=C(C=C1)NC2=NC=C3C(=N2)N(C(=O)C=N3)C4=CC=C(C=C4)OC(=O)C=C,,2,971.602182383,1044.7364589,1289.06422578,1101.8009556876666,homopoly
102514876,,CC(C)(C)OC(=O)CCOCCOCCOCCOCCOCCOC(=O)C=C,,0,195.283616616,179.203170879,183.739856919,186.07554813800002,monomer
57859159,,C=CC(=O)OC1C2CC3C1C(=O)OC3C2,,1,198.412350379,193.542390089,170.563042523,187.50592766366665,homopoly
68771319,,CCNC(CC1=CC=C(C=C1)CC2=CC=CC=C2)OC(=O)C=C,,0,155.70754273,167.802107396,199.486433653,174.33202792633332,monomer
20195709,,CC(O)OC(C)OC(=O)C=C,,0,62.9722776601,72.8767971627,68.5104435922,68.11983947166667,monomer
7837,,C=CC(=O)OCC1CO1,,0,36.6149305939,56.8486791207,71.3206489254,54.92808621333333,monomer
85785799,,C=CC(=O)OCC1=C(OC(=N1)C2=CC=CC=C2)C3=CC=CC=C3,,0,61.2943777217,220.368187739,321.130245403,200.93093695456665,monomer
131749375,,CCC1=C[C-](C=C1)OC(=O)C=C,,0,100.865176357,112.907030595,101.983622075,105.251943009,monomer
141326481,,CCCCCC1=CC=C(C=C1)OCCCCCCCCOC(=O)C=C,,2,702.616175383,785.326227889,829.843399312,772.595267528,homopoly
22413884,,C=CC(=O)OCCCCOCCC#N,,1,169.687807132,231.432737994,152.571581516,184.564042214,homopoly
18934204,,CCC1(OCC(O1)COC(=O)C=C)C,,2,358.737633769,361.290194787,359.756390152,359.92807290266666,homopoly
23067259,,C=CC(=O)OCCOCCOC=C,,0,76.7507538497,75.1109604658,103.820353269,85.22735586150002,monomer
86753071,,C=CC(=O)OCCCCOC1=CC=C(C=C1)C2(CC=CC(=C2F)C3=CC=C(C=C3)CCCC=O)F,,1,422.879432201,543.044277073,599.267241681,521.7303169850001,homopoly
155899493,,CCN1C2=CC=CC=C2C3=C1C=C(C=C3)COC(=O)C=C,,2,630.053899379,679.291608476,797.342213918,702.2292405909999,homopoly
20342959,,CC(C)(C1=CC=CC=C1)C2=CC=CC=C2OC(=O)C=C,,1,269.898946692,342.118810677,322.309772684,311.4425100176667,homopoly
173048,,CN(CCOC(=O)C=C)S(=O)(=O)CC(C(C(C(C(C(C(C(C(C(C(C(C(C(C(C(F)(F)F)(F)F)(F)F)(F)F)(F)F)(F)F)(F)F)(F)F)(F)F)(F)F)(F)F)(F)F)(F)F)(F)F)(F)F)(F)F,,0,234.229334395,285.643157312,220.999297094,246.95726293366667,monomer
544523,,CC1=C(C(=C(C=C1)C(C)(C)C)O)CC2=C(C(=CC(=C2)C)C(C)(C)C)OC(=O)C=C,,1,425.689325481,495.834541863,463.981201794,461.83502304600006,homopoly
251817,,CC1=CC=CC=C1OC(=O)C=C,,2,365.227876397,375.070241278,334.382889626,358.22700243366666,homopoly
23067259,,C=CC(=O)OCCOCCOC=C,,1,167.391684102,178.343666828,162.5387572,169.42470271,homopoly
87693,,CN(C)CCCOC(=O)C=C,,0,75.5959336004,85.8982377241,59.108727848,73.53429972416667,monomer
18426508,,CS(=O)(=O)CCOC(=O)C=C,,1,145.444238433,138.547493761,159.543916928,147.845216374,homopoly
111992,,C=CC(=O)OC1CC2CCC1C2,,1,184.219905528,156.633036993,156.150812538,165.667918353,homopoly
68770745,,C=CC(=O)OC(CC1(CC=C(C=C1)CC2=CC=CC=C2)CC3=CC=CC=C3)N,,0,212.790862958,176.30228129,231.866827013,206.986657087,monomer
68978057,,C=CC(=O)OCCOC1=C(C=CC=C1C2=CC=CC=C2)C3=CC=CC=C3,,1,527.028778817,502.640163781,204.982259975,411.5504008576667,homopoly
39485,,C=CC(=O)OCCOC1=CC=CC=C1,,2,424.564293434,378.748839452,355.228837845,386.1806569103333,homopoly
59502637,,C=CC(=O)OC1=NC2=CC=CC=C2N1,,2,512.536207112,458.376074595,212.321563196,394.41128163433336,homopoly
45036092,,C[C@]12CCC3C([C@@H]1CC[C@@H]2C(=O)COC(=O)C=C)CCC4=CC(=O)CC[C@]34C,,1,464.049993892,418.613776451,350.304493198,410.9894211803333,homopoly
19706372,,C=CC(=O)OC1CCC(CC1)C2=CC=CC=C2,,1,305.435274391,299.894115096,162.332505362,255.88729828300004,homopoly
22413884,,C=CC(=O)OCCCCOCCC#N,,0,89.6180461208,84.0731080314,95.7286066891,89.8065869471,monomer
129698270,,C=CC(=O)OC1=C(C=CO1)[N+](=O)[O-],,2,255.567009623,366.626278979,304.533321113,308.908869905,homopoly
21909470,,C=CC(=O)OC1CCCCO1,,2,282.814402251,266.547399405,308.067388749,285.809730135,homopoly
119058299,,C=CC(=O)OCCOCCOCCOCCOCCOCCOCCOCCOCCOCCOCCOCCNC(=O)OC(C)(C)C,,2,1303.70760177,1162.0134031,1246.51499483,1237.4119999,homopoly
121476710,,C[C@@]12CCC(C1(C)C)CC2OC(=O)C=C,,1,198.156741961,232.694585935,213.873176429,214.90816810833334,homopoly
129864505,,C=CC(=O)OCC/C=C/CCCCCCCCCCC,,2,613.894842164,639.702153277,600.835007093,618.1440008446666,homopoly
544164,,CC1CCC(C(C1)OC(=O)C=C)C(C)C,,0,103.783409322,97.7841417264,132.91112622,111.49289242280001,monomer
132277090,,CCN(CC)CC1=C(C(=CC(=C1)C=O)OC)OC(=O)C=C,,2,695.528877938,527.967920592,684.297239661,635.9313460636666,homopoly
110651,,CCC(COC(=O)C=C)[N+](=O)[O-],,1,145.289781485,149.880956079,135.513588244,143.561441936,homopoly
67744,,C=CC(=O)OCC(C(F)(F)F)(F)F,,1,105.475964117,104.951552961,118.120621712,109.51604626333334,homopoly
91179,,C=CC(=O)OCC(CC(C(C(C(C(C(C(C(F)(F)F)(C(F)(F)F)F)(F)F)(F)F)(F)F)(F)F)(F)F)(F)F)O,,1,314.081221814,293.051322425,240.016669517,282.383071252,homopoly
132275594,,CN(C)CC1=C(C(=CC(=C1)C=O)OC)OC(=O)C=C,,0,134.719541838,145.705103746,151.925529473,144.116725019,monomer
71375967,,C=CC(=O)OCCCCOC1=CC=C(C=C1)C(=O)C2=CC=CC=C2,,1,369.823054963,341.001429413,390.173338348,366.9992742413333,homopoly
3016667,,CCCCC(C)OC(=O)C=C,,0,68.3032328715,80.9754294784,88.9301653868,79.40294257890001,monomer
54307722,,C=CC(=O)OCCCCCCCCF,,1,197.362796622,171.243896497,206.677797732,191.76149695033334,homopoly
18325639,,CCCNCCOC(=O)C=C,,2,302.187054907,290.895371285,311.80443399,301.628953394,homopoly
129762902,,CC(C)(C(Cl)(Cl)Cl)OC(=O)C=C,,0,101.172586989,96.184038519,67.9393284024,88.4319846368,monomer
23500968,,CCCCCC(CCC)COC(=O)C=C,,0,144.757566731,103.545942081,98.1737409841,115.4924165987,monomer
22134261,,C=CC(=O)OC1=CC=CC=C1[N+](=O)[O-],,1,249.672105676,228.36834503,84.8311510692,187.6238672584,homopoly
13847850,,CC(C)CCCCCCCCCCCCCCCOC(=O)C=C,,0,162.866614977,196.614941488,177.211968077,178.897841514,monomer
18459502,,C=CC(=O)OO,,0,39.3012489375,10.7413864671,47.9813352663,32.6746568903,monomer
543932,,C=CC(=O)OCCC1CC1=C,,1,147.00520408,158.653436164,153.694118298,153.11758618066668,homopoly
13759504,,CC1=CC=C(C=C1)OC(=O)C=C,,2,406.603672589,368.063009035,322.000409346,365.55569698999994,homopoly
3023345,,CC(C(=O)OCCCCCOC(=O)C=C)Br,,2,449.712787358,403.935913599,452.477549586,435.37541684766666,homopoly
98887,,CC(C)(C)COC(=O)C=C,,2,266.854668249,276.016729869,301.771765199,281.54772110566665,homopoly
57008258,,C=CC(=O)OC1=CC=C(C=C1)N=NC2=CC=CC=C2,,0,170.298958948,149.953101407,139.766779861,153.33961340533335,monomer
16205716,,C=CC(=O)OCCC(C(C(C(C(C(C(C(C(C(C(C(C(C(F)(F)F)(C(F)(F)F)F)(F)F)(F)F)(F)F)(F)F)(F)F)(F)F)(F)F)(F)F)(F)F)(F)F)(F)F)(F)F,,0,187.461626765,179.63498593,207.746003587,191.61420542733333,monomer
21421562,,COCCOCCOCCOCCOCCOCCOCCOC(=O)C=C,,1,361.211166204,330.553796055,341.518557979,344.4278400793333,homopoly
12860205,,C=CC(=O)OCC1CCC2C(C1)O2,,2,339.205989284,379.128695761,331.154146548,349.829610531,homopoly
21889445,,C=CC(=O)OC1CC(=O)OC1,,1,125.955797738,128.779704085,121.516679289,125.417393704,homopoly
57008258,,C=CC(=O)OC1=CC=C(C=C1)N=NC2=CC=CC=C2,,2,889.14974478,750.82698435,474.738428132,704.9050524206667,homopoly
17841663,,C=CC(=O)OC12CCC(C1)C=C2,,0,96.3590862406,55.8153667434,97.9481176659,83.37419021663334,monomer
3465231,,C=CC(=O)OC1=C(C(=C(C(=C1Br)Br)Br)Br)Br,,1,403.755291924,364.602243539,154.975150298,307.7775619203333,homopoly
162549,,CC1(CC(CC(N1C)(C)C)OC(=O)C=C)C,,0,107.287751792,129.017732724,113.035645655,116.44704339033335,monomer
129652150,,CCCCCCCC/C(=C\OC(=O)C=C)/C(=O)N,,0,102.624823183,140.624252104,148.264414713,130.50449666666665,monomer
129689811,,C=CC(=O)O[C@@]1([C@@H]([C@H]([C@H]([C@H](O1)O[C@@H]2[C@H](O[C@H]([C@@H]([C@H]2O)O)O)CO)O)O)O)CO,,1,324.682950481,282.46183334,286.406397761,297.85039386066666,homopoly
58805559,,CCCC(=O)CCOC(=O)C=C,,1,167.925475959,166.464323932,146.277219674,160.222339855,homopoly
122513490,,C=CC(=O)OCCC(=O)N1C[C@H]2CN(C(=O)[C@H]2C1)C3=CC=CC4=C3C=NN4C5=CC=CC=C5F,,0,223.653070015,353.141957967,217.53767217,264.7775667173333,monomer
18298,,C=CC(=O)OC1CCCCC1,,2,306.429156883,296.653869113,320.367931971,307.816985989,homopoly
90188966,,CCN(CCCCCCOC(=O)C=C)C1=CC=C(C=C1)N=NC2=C(C=C(C=C2)[N+](=O)[O-])C#N,,1,568.698962216,550.361840269,566.144119195,561.7349738933334,homopoly
22348578,,C=CC(=O)OCC1=CC=CC=C1O,,0,96.7899795154,114.353641354,53.2301792459,88.12460003843334,monomer
138402884,,C/C=C\CCOC(=O)C=C,,1,126.920413931,146.19202991,150.374227498,141.16222377966668,homopoly
14454815,,C=CC(=O)OC1CCCO1,,1,108.19619354,137.675044167,130.009779464,125.29367239033333,homopoly
92001635,,C=CC(=O)OC(CC(C(C(C(C(C(F)(F)F)(F)F)(F)F)(F)F)(F)F)(F)F)CO,,1,217.992572337,241.95322976,206.670939463,222.20558052,homopoly
18629896,,C=CC(=O)OC1=C(C=C(C=C1)[N+](=O)[O-])[N+](=O)[O-],,0,111.63923902,117.068160447,104.769165544,111.15885500366669,monomer
122513490,,C=CC(=O)OCCC(=O)N1C[C@H]2CN(C(=O)[C@H]2C1)C3=CC=CC4=C3C=NN4C5=CC=CC=C5F,,2,1092.95154546,932.413848565,988.986799075,1004.7840643666667,homopoly
58231717,,C=CC(=O)OC1=C(C=C(C=C1)C2=CC=CC3=C2SC4=CC=CC=C34)C5=CC=CC6=C5SC7=CC=CC=C67,,1,652.397659193,509.110087936,848.830117374,670.112621501,homopoly
101152230,,C[C@@]12CC[C@@H](C1)C([C@@H]2OC(=O)C=C)(C)C,,0,87.8282637426,115.535925107,120.96243758,108.10887547653333,monomer
93414,,CC(COCC(C)OC(=O)C=C)OCC(C)OC(=O)C=C,,2,583.393783238,534.475007848,552.989502992,556.9527646926666,homopoly
59317428,,CC(=O)OC1=CC=C(C=C1)CCOC(=O)C=C,,0,125.541490639,168.05413554,61.058758133,118.21812810400002,monomer
688322,,CC(C)(C)C1CCC(CC1)OC(=O)C=C,,0,107.104050353,104.419272502,125.586486739,112.36993653133334,monomer
86631897,,CS(=O)(=O)OC12CC3CC(C1)CC(C3)(C2)OC(=O)C=C,,0,151.670625118,131.837661608,131.83474518,138.447677302,monomer
85552495,,COC1=CC=C(C=C1)N=NC2=CC=C(C=C2)OCCOC(=O)C=C,,0,180.922705288,224.790682138,155.19872915,186.97070552533333,monomer
86607858,,C=CC(=O)OC=O,,0,57.4436780611,49.1794325593,6.30010611024,37.64107224354667,monomer
16205839,,C=CC(=O)OCC(COC1=C(C=CC=C1Br)Br)O,,2,603.446161607,490.817522836,480.214680653,524.8261216986667,homopoly
171789,,CCC1(COCOC1)COC(=O)C=C,,1,180.650455808,182.974800961,180.064690315,181.22998236133333,homopoly
129847185,,C[C@@H]1CC[C@H]2C[C@@H]3[C@@H](CCC([C@]3(CC[C@@H]1C2(C)C)C)(O)OC(=O)C=C)C,,1,380.973812209,413.407756925,361.735211469,385.372260201,homopoly
44435789,,CCCCCCC1=CC=CC=C1OC(=O)C=C,,1,295.436140518,201.716715354,274.397906563,257.1835874783333,homopoly
3034295,,CCN(CCOC(=O)C=C)S(=O)(=O)C(C(C(C(F)(F)F)(F)F)(F)F)(F)F,,0,155.225071768,111.519144468,138.999691946,135.24796939400002,monomer
44152441,,CC(COC(COCC(C)OCC(C)OC(=O)C=C)COCC(C)OC(=O)C=C)O,,2,726.141216107,808.332229121,816.911481361,783.7949755296667,homopoly
21896341,,CCC1(CCCC1)OC(=O)C=C,,1,175.469207822,182.231868478,150.303309421,169.3347952403333,homopoly
54033718,,CCCCC(CN1C=NC=N1)(COC(=O)C=C)C2=CC=C(C=C2)Cl,,1,252.539454082,359.777366826,443.795570837,352.037463915,homopoly
14899,,CC(C)CCCCCCCOC(=O)C=C,,2,454.335739633,453.746075478,442.653657053,450.245157388,homopoly
13590738,,C=CC(=O)OCCOP1(=O)OCCO1,,2,325.518362906,368.55802313,310.842972294,334.97311944333336,homopoly
11218292,,CC1(C2CC3CC(C2)CC1C3)OC(=O)C=C,,0,135.800800277,110.841405631,100.184659886,115.60895526466668,monomer
57428993,,C=CC(=O)OCCC(=O)N=[N+]=[N-],,1,176.078499381,149.914312672,109.442528133,145.1451133953333,homopoly
21938748,,CC(CCC=C(C)C)CCOC(=O)C=C,,0,135.721509367,99.6929748288,105.271998936,113.56216104393333,monomer
22664433,,C=CC(=O)OCC(C(C(C(C(F)(F)F)(F)F)(F)F)(F)F)(F)F,,2,315.532450751,308.89906341,376.341719173,333.591077778,homopoly
5367501,,C=C/C=C/CCCCOC(=O)C=C,,1,215.42308623,181.779439008,223.868403145,207.02364279433334,homopoly
58231738,,CC1=CC(=C(C(=C1)C2=CC=CC3=C2SC4=CC=CC=C34)OC(=O)C=C)C5=CC=CC6=C5SC7=CC=CC=C67,,0,250.346627274,373.209475123,419.315661632,347.62392134300006,monomer
85552495,,COC1=CC=C(C=C1)N=NC2=CC=C(C=C2)OCCOC(=O)C=C,,1,438.629994533,570.048709179,401.734133407,470.13761237299997,homopoly
86740375,,COC(=O)COC(=O)C=C,,1,111.567626481,101.254347643,131.679183171,114.83371909833333,homopoly
223953,,CCC(C)(C)C1CCC(CC1)OC(=O)C=C,,0,112.761044519,127.324474064,122.390157789,120.82522545733333,monomer
19706366,,C=CC(=O)OC1CCC(CC1)C2CCC(=CC2)C3=C(C(=CC=C3)F)F,,1,314.10469261,348.597334613,447.260367908,369.98746504366665,homopoly
154731038,,C[C@]12CC[C@@H](C([C@@H]1CC[C@@]3([C@@H]2CC=C4[C@]3(CC[C@@]5([C@H]4CC(CC5)(C)C)C(=O)O)C)C)(C)C)OC(=O)C=C,,2,1061.77761853,1134.70079893,1133.79784987,1110.09208911,homopoly
58319698,,C=CC(=O)OCCC(=O)ON1C(=O)CCC1=O,,2,360.911457907,431.480619081,399.531623562,397.3079001833333,homopoly
86280152,,C[C@H](CCC(=O)N[C@@H]1[C@H]([C@@H]([C@H](OC1O)CO)O)O)[C@H]2CC[C@@H]3[C@@]2([C@H](C[C@H]4[C@H]3[C@@H](C[C@H]5[C@@]4(CC[C@H](C5)OC(=O)C=C)C)O)O)C,,0,266.200541423,262.404586398,372.591015525,300.3987144486667,monomer
210152,,CCOC(=O)COC(=O)C=C,,2,284.480799381,240.638506656,273.186969564,266.10209186699996,homopoly
13627534,,C=CC(=O)OC1=C(C(=C(C(=C1F)F)C#N)F)F,,1,203.625809775,206.305654543,193.410902145,201.11412215433333,homopoly
84902,,C=CC(=O)OC1=CC(=C(C=C1)C(=O)C2=CC=CC=C2)O,,0,133.437709515,177.831446956,164.350037819,158.53973143,monomer
346146,,COC1=CC=C(C=C1)COC(=O)C=C,,1,160.530258371,243.618702641,196.010299511,200.05308684099998,homopoly
19706381,,C=CC(=O)OC1CCC(CC1)C2CCC(CC2)C3=C(C(=CC=C3)F)F,,1,343.62950713,318.803426047,418.897032666,360.4433219476667,homopoly
12803541,,C=CC(=O)OCCOC(=O)CBr,,0,73.0422680145,59.0571506883,93.4519830098,75.18380057086667,monomer
543695,,C=CC(=O)OC1=CC(=C(C=C1Cl)Cl)Cl,,1,209.337433304,149.472426725,309.741848573,222.850569534,homopoly
18979476,,C=CC(=O)OCCCCCCOC1=CC=C(C=C1)C2=CC=C(C=C2)C3CCC(CC3)CCC(=O)O,,2,959.39805891,1113.81587114,1344.27519161,1139.1630405533333,homopoly
88387,,CC(C)(CN(C)C)COC(=O)C=C,,2,352.832514991,380.202308029,363.295165814,365.44332961133335,homopoly
10131189,,CC(C(=O)OCCOC(=O)C=C)Br,,1,172.251521258,164.213155063,182.293463304,172.919379875,homopoly
146013805,,C=CC(=O)OC(C#N)(C(F)(F)Cl)C(F)(Cl)Cl,,2,343.0650998,371.209784666,370.456417171,361.5771005456666,homopoly
57038445,,C=CC(=O)OCC(COC(=O)C=C)OC(=O)C=C,,2,455.577745993,535.756380556,360.414210012,450.5827788536667,homopoly
543288,,CCCCCCCCCCC(CCCC)OC(=O)C=C,,0,142.592637899,176.452603058,143.824673677,154.28997154466666,monomer
16206038,,CC(COCC(COCC(C)OC(=O)C=C)OCC(C)O)O,,2,532.629285533,576.887253926,607.814538527,572.443692662,homopoly
3022443,,CCCCCCCCCCCCCCC(C)COC(=O)C=C,,0,202.114493555,155.288295008,155.268537842,170.89044213499997,monomer
4065231,,C=CC(=O)OCC1=C2C=CC=CC2=CC3=CC=CC=C31,,0,143.854711081,169.671102055,217.808491245,177.1114347936667,monomer
21909953,,C=CC(=O)OF,,0,44.0081785841,13.3452080057,34.5382249959,30.630537195233334,monomer
163752588,,C=CC(=O)OC1=CC2=C(C=C1)SC(=O)O2,,0,172.270209808,113.544644979,42.3148732436,109.3765760102,monomer
54530313,,CC1(COC(OC1)CCOCCOC(=O)C=C)C,,2,479.013979578,467.398283964,466.041508414,470.81792398533327,homopoly
124202873,,CO[13C](=O)[13CH]=[13CH2],,0,48.7001552204,32.1168975548,31.0298529062,37.282301893799996,monomer
543285,,CCCCCCCCCCCCCC(C)OC(=O)C=C,,2,637.967393372,596.499203362,617.156795715,617.207797483,homopoly
11689422,,C=CC(=O)OC[C@@H](C(=O)O)N,,1,114.620490285,117.840543757,132.737839481,121.73295784099999,homopoly
4184941,,COCCCOCCCOCCCOC(=O)C=C,,1,247.572239502,262.664127185,214.173517098,241.46996126166664,homopoly
15208778,,COC(=O)NCCOC(=O)C=C,,0,78.918726409,72.6925460952,58.3346773007,69.9819832683,monomer
117434,,C[C@]12CC[C@H](C1(C)C)C[C@H]2OC(=O)C=C,,1,240.364925154,202.416814132,204.767950325,215.84989653699998,homopoly
59502637,,C=CC(=O)OC1=NC2=CC=CC=C2N1,,0,213.370176901,79.3570753191,33.2858950289,108.671049083,monomer
346146,,COC1=CC=C(C=C1)COC(=O)C=C,,2,402.860950003,387.886431339,341.359985765,377.369122369,homopoly
175021,,CN(CCOC(=O)C=C)S(=O)(=O)CCC(C(C(C(C(C(C(C(C(C(C(C(F)(F)F)(F)F)(F)F)(F)F)(F)F)(F)F)(F)F)(F)F)(F)F)(F)F)(F)F)(F)F,,2,872.790096833,819.641800078,902.802094887,865.0779972659999,homopoly
117909270,,C=CC(=O)NC1=CC=CC(=C1)C2=CC=CC3=CN=C(N=C32)NC4=CC=C(C=C4)N5CCN(CC5)CCOC(=O)C=C,,0,412.333741894,452.691649251,207.6656138,357.56366831500003,monomer
2782282,,C=CC(=O)OC(C)(C)C,,0,51.7364918442,79.8119200486,54.200846228,61.9164193736,monomer
18767473,,CCCCCCCCCC(CCCCCC)OC(=O)C=C,,2,686.885747719,605.590962887,665.859666249,652.7787922850001,homopoly
13587852,,C=CC(=O)OC1=C(C(=CC(=C1F)F)F)F,,2,362.838657829,292.083422811,357.820477166,337.580852602,homopoly
86741359,,C=CC(=O)OCCN(CC)CC,,1,182.551223299,159.467538472,155.315688318,165.77815002966665,homopoly
23496545,,CCCCCC(C)OC(=O)C=C,,0,85.7151409728,82.3479329628,94.2197389807,87.42760430543335,monomer
54092897,,C=CC(=O)OCCCCOC(=O)C1=CC=C(C=C1)O,,0,162.542898433,136.053125319,85.0020820329,127.86603526163333,monomer
3019629,,CC(C1=CC=CC=C1[N+](=O)[O-])OC(=O)C=C,,0,81.5514840833,103.886315183,137.948050181,107.79528314909999,monomer
54457440,,CC(C)(C)C(OC(=O)C=C)Br,,0,70.6344908236,64.5887836857,110.496059572,81.90644469376666,monomer
546207,,C=CC(=O)OCC(C)C,,2,256.513409966,244.929830823,246.75143813,249.39822630633333,homopoly
86736825,,CCC(C)(NS(=O)(=O)C)OOC(=O)C=C,,2,456.938582619,399.47529046,409.984702043,422.132858374,homopoly
19779557,,C=CC(=O)OC1=CC=CS1,,1,161.47239209,118.622137668,156.014860266,145.36979667466667,homopoly
88709012,,C=CC(=O)OCC1=C(C=C(C=C1)[N+](=O)[O-])[N+](=O)[O-],,0,159.444157228,59.5075094733,111.276609751,110.07609215076666,monomer
155108413,,CC(C)(CCOC(C)(C)COC(=O)C=C)OC(=O)C=C,,0,121.669988847,139.925984223,139.579616415,133.725196495,monomer
18679053,,CC(C(C(C(C(C(C(C(C(OC(=O)C=C)(F)F)(F)F)(F)F)(F)F)(F)F)(F)F)(F)F)(F)F)F,,2,504.450423611,491.920801667,454.480428604,483.61721796066666,homopoly
13550,,CCCOC(=O)C=C,,1,109.664440811,109.953369458,102.897674325,107.50516153133333,homopoly
114487,,CCCCOCC(COC(=O)C=C)O,,2,412.857846541,361.112617508,333.50743744,369.15930049633334,homopoly
15284,,C=CC(=O)OCC(O)COc1ccc(C(C)(C)c2ccc(OCC(O)COC(=O)C=C)cc2)cc1,,0,195.977359499,240.673377716,315.554583732,250.73510698233335,monomer
3023456,,CCCNC(=O)OCCOC(=O)C=C,,0,89.182876393,73.1377124607,108.889423304,90.4033373859,monomer
169029,,C=CC(=O)OCCNC(C)(C)C,,1,157.65516844,158.336311739,184.139436981,166.71030571999998,homopoly
640210,,C=CC(=O)OCCCCCCOC1=CC=C(C=C1)C(=O)OC2=CC=C(C=C2)C#N,,0,352.051212036,146.492046876,192.102160146,230.21513968599996,monomer
19042,,C=CC(=O)OCC(CO)(COC(=O)C=C)COC(=O)C=C,,1,277.014275757,279.805634195,236.136074024,264.3186613253333,homopoly
58231717,,C=CC(=O)OC1=C(C=C(C=C1)C2=CC=CC3=C2SC4=CC=CC=C34)C5=CC=CC6=C5SC7=CC=CC=C67,,2,1408.04834627,1518.21171542,1258.77499641,1395.0116860333335,homopoly
58800674,,CC1=CC=C(C=C1)N(C2=CC=C(C=C2)C)C3=CC=C(C=C3)C4=CC=C(C=C4)OC(=O)C=C,,1,589.98841895,505.779119366,792.85011579,629.5392180353333,homopoly
22283435,,C=CC(=O)OCC1=CC(=CC=C1)OC2=CC=CC=C2,,0,149.262241543,193.765730488,95.0984986232,146.04215688473332,monomer
3022446,,CCCCCCCCCCCCCCCCCC(C)COC(=O)C=C,,0,230.808129686,182.897788252,179.493792408,197.73323678199998,monomer
59642034,,C=CC(=O)OCCOC1CC2CC1C3C2C4C(C3)O4,,1,223.759570481,254.499888467,278.66018178,252.30654690933332,homopoly
155899407,,CCCCCCCC(CCCCCCC)N1C(=O)C2=C3C(=CC=C4C3=C(C=C2)C5=C6C4=CC=C7C6=C(C=C5)C(=O)N(C7=O)CCCCCCOC(=O)C=C)C1=O,,1,1293.82571646,1084.19067354,764.848841401,1047.6217438003332,homopoly
129681856,,C=CC(=O)OC1=C(C=CC(=C1)N)C(=N)N,,2,440.678859075,456.447238995,394.018990803,430.381696291,homopoly
86631897,,CS(=O)(=O)OC12CC3CC(C1)CC(C3)(C2)OC(=O)C=C,,1,276.81214393,266.385407191,272.242606118,271.8133857463334,homopoly
114487,,CCCCOCC(COC(=O)C=C)O,,1,194.161545898,193.232465376,168.079687217,185.15789949700002,homopoly
27134,,CCSCCOC(=O)C=C,,0,75.671916598,44.0792361395,104.48418134,74.74511135916667,monomer
141738169,,CC1=CC(=O)NC(=N1)NC(=O)NCCCCCCNC(=O)OCCCCOC(=O)C=C,,0,238.101517546,143.599258143,248.91992885,210.20690151300002,monomer
174625,,CCC1(COC(OC1)C(C)(C)COC(=O)C=C)COC(=O)C=C,,2,615.681771073,612.193753608,620.84402594,616.239850207,homopoly
24627,,C=CC(=O)OCCOCCC#N,,2,287.659178233,305.502366799,284.275220018,292.47892168333334,homopoly
19357572,,C=CC(=O)OCCOCCOP(=O)(O)O,,2,353.274045861,352.834760033,333.824297688,346.6443678606667,homopoly
21867900,,C=CC(=O)OC(=O)O,,0,64.7793829655,52.0611505435,1.24546162401,39.361998377670005,monomer
58231716,,C=CC(=O)OC1=C(C=C(C2=C1SC3=CC=CC=C32)C4=CC=CC5=C4SC6=CC=CC=C56)C7=CC=CC8=C7SC9=CC=CC=C89,,1,870.727487967,737.528923807,1052.58107693,886.945829568,homopoly
45120227,,CC(C)C(=O)NCCOC(=O)C=C,,0,71.985360515,88.4588133343,93.4691461508,84.63777333336667,monomer
13878527,,C=CC(=O)OCCC(C(C(C(C(C(C(C(C(C(C(C(C(F)(F)F)(F)F)(F)F)(F)F)(F)F)(F)F)(F)F)(F)F)(F)F)(F)F)(F)F)(F)F)(F)F,,2,625.473412275,708.671882363,688.22583196,674.123708866,homopoly
61642,,C=CC(=O)OCCOCCO,,1,131.945088821,132.905934479,135.088744455,133.31325591833334,homopoly
54311286,,C=CC(=O)OC(CSCC1=CC=CC=C1)CSCC2=CC=CC=C2,,2,742.152457832,742.825085365,812.061264245,765.6796024806666,homopoly
2775810,,C=CC(=O)OCC(CC(C(C(C(F)(F)F)(F)F)(F)F)(F)F)O,,1,163.279198065,176.349798379,222.568706937,187.39923446033333,homopoly
129883543,,COC1=CC=C(C=C1)C=NCCOC(=O)C=C,,1,248.013684131,236.193344051,297.833151512,260.680059898,homopoly
3022441,,CCCCCCCCCCCCC(C)COC(=O)C=C,,0,160.818951006,176.964369978,129.681504056,155.82160834666666,monomer
21889445,,C=CC(=O)OC1CC(=O)OC1,,0,47.4086292725,72.2498555848,73.8143009735,64.49092861026666,monomer
23467942,,CC1=CC(=C(C=C1)OC(=O)C=C)N2N=C3C=CC=CC3=N2,,2,890.323824604,706.078338556,439.074593556,678.4922522386667,homopoly
167312926,,C=CC(=O)OCCOCCOCCNC(=O)OCC1[C@H]2[C@@H]1CCC#CCC2,,0,187.291268832,139.635594104,214.839926506,180.588929814,monomer
129824099,,CC(C)(C(=O)OC12CC3CC(C1)CC(C3)(C2)OC(=O)C=C)Br,,2,564.844483017,666.564728772,623.195236392,618.201482727,homopoly
82699,,C=CC(=O)OCC1=CC=CO1,,0,78.4711933598,77.1088330633,50.6378746838,68.73930036896665,monomer
3023748,,CCCCCCCCCCCCCCCCCCCCCCCCCCOC(=O)C=C,,2,972.206891184,972.222502152,1010.07767013,984.8356878220001,homopoly
7234,,C=CC(=O)OCC1CC2CC1C=C2,,2,336.43027056,378.338006817,366.553193964,360.440490447,homopoly
17258,,CCCCCCCCOC(=O)C=C,,2,397.590544824,390.795590837,357.748051107,382.0447289226667,homopoly
39850,,C=CC(=O)OC1C=CC2C1C3CC2C=C3,,0,97.4666196726,121.169046875,106.235999243,108.29055526353334,monomer
23496545,,CCCCCC(C)OC(=O)C=C,,2,329.298651517,356.257069065,358.143981881,347.899900821,homopoly
564417,,C=CC(=O)OCCCCC=C1CC1,,2,392.084245453,388.131529594,386.083631294,388.76646878033335,homopoly
17787778,,CCCCCC(OC(=O)C=C)OC(=O)C=C,,2,424.27984902,371.588214213,496.854017619,430.90736028399994,homopoly
129712286,,C=CC(=O)OCCCCCCCCCCCCCCS(=O)(=O)O,,1,329.694851749,349.965258299,326.791595892,335.48390198,homopoly
129851950,,C=CC(=O)OCC1=CC(=CC(=C1)Br)Br,,0,109.333077453,126.927826844,95.6486631487,110.63652248189999,monomer
543200,,CC(C)(C1CC1=C)OC(=O)C=C,,0,61.5506256202,84.5017725764,113.469687386,86.50736186086665,monomer
22114509,,CCCC(C)(C)OC(=O)C=C,,0,102.352918351,70.2160887461,67.1657363055,79.91158113419999,monomer
23648078,,CCCCCCOC(=O)C1=CC=CC=C1OC(=O)C=C,,1,335.739231351,271.052259921,256.22606557,287.67251894733334,homopoly
10997741,,CC(=O)OCCCCOC(=O)C=C,,2,326.238524424,314.191676514,346.846063269,329.092088069,homopoly
54542510,,C=CC(=O)OC12CC3CC(C1)CC(C3)C2O,,1,195.946524134,257.401508842,206.907673901,220.08523562566666,homopoly
21251844,,C=CC(=O)OCCCCCCOc1ccc2ccc(=O)oc2c1,,0,181.311463494,103.343932985,247.813228582,177.489541687,monomer
156595944,,C=CC(=O)Oc1cc(C)ccc1C(C)C,,0,151.086604624,63.58620591,141.569308355,118.74737296299999,monomer
87150,,C=CC(=O)OCCC(C(F)(F)F)(F)F,,0,75.6370412488,35.6682129886,79.3017853707,63.53567986936667,monomer
129712170,,C=CC(=O)ON1C=CN=C1,,0,93.3893082525,45.9263162826,46.2140816482,61.84323539443333,monomer
156600199,,C=CC(=O)OCc1cc(C(=O)c2ccc(F)cc2)no1,,0,69.613715394,136.985499341,197.026962367,134.542059034,monomer
54530313,,CC1(COC(OC1)CCOCCOC(=O)C=C)C,,0,121.1821672,111.087729359,123.821472939,118.697123166,monomer
44457096,,CC(=O)OCC([C@@H]1[C@@H]([C@H]2[C@@H](O1)OC(O2)(C)C)OC(=O)C=C)OC(=O)CCC(=O)N[C@H]3C4N(C3=O)[C@H](C(S4)(C)C)C(=O)O,,2,1053.98597924,1079.67953683,989.886432834,1041.183982968,homopoly
543281,,CCCCCCCCCCC(CC)OC(=O)C=C,,0,144.392051924,117.831729486,154.340008577,138.85459666233334,monomer
66643440,,CC(C)(CCOC(=O)C=C)SC1=CC=CC=C1,,0,134.748372617,109.012804018,159.292351517,134.35117605066668,monomer
141326481,,CCCCCC1=CC=C(C=C1)OCCCCCCCCOC(=O)C=C,,1,410.373820641,395.473036744,373.443945657,393.0969343473333,homopoly
67058367,,C=CC(=O)OC1=CC=CC(=C1)OC2=CC=CC=C2,,0,173.832583072,65.3807805794,182.574947396,140.5961036824667,monomer
12353532,,C=CC(=O)OC1=C(C=C(C=C1)Cl)Cl,,2,436.634188947,467.858598018,362.001488062,422.1647583423334,homopoly
58468614,,C=CC(=O)OCCC(=O)NC1=CC=CC=N1,,0,81.2998462068,104.491680137,140.714311649,108.83527933093335,monomer
13225029,,CCC(C)(C)OC(=O)C=C,,0,56.0313617318,76.6254447262,77.9031004581,70.1866356387,monomer
22051805,,C=CC(=O)OCC1CCC2C1C3CCC2C3,,2,436.14451796,450.306070156,488.527488729,458.326025615,homopoly
22413884,,C=CC(=O)OCCCCOCCC#N,,2,346.100946899,360.23106446,366.436461517,357.58949095866666,homopoly
59705777,,C=CC(=O)OC1=C(C2=C(CCCC2)C=C1)C3=C(C=CC4=C3CCCC4)OC(=O)C=C,,0,185.831695858,257.511734606,284.841741966,242.72839080999998,monomer
18298,,C=CC(=O)OC1CCCCC1,,1,152.574037848,166.27870175,148.360776352,155.73783865,homopoly
98056,,CC1CC(CC(C1)(C)C)OC(=O)C=C,,0,106.758286536,109.105020615,93.0442303315,102.96917916083333,monomer
45120227,,CC(C)C(=O)NCCOC(=O)C=C,,2,347.06726162,342.764991554,336.096484996,341.9762460566667,homopoly
3016305,,C=CC(=O)OCCOC(=O)Cl,,1,107.528707004,121.998650112,153.676152286,127.73450313400001,homopoly
85416,,C=CC(=O)OCCOC1=CC(=C(C=C1)C(=O)C2=CC=CC=C2)O,,0,205.225823545,105.270992449,214.568130938,175.02164897733334,monomer
169440089,,CCO[13C](=O)[13CH]=[13CH2],,2,172.820288792,188.107223567,177.399381287,179.44229788200002,homopoly
13847858,,CC(C)CCCCCCCCCCCCCCCCCCCCCCCOC(=O)C=C,,2,967.217419766,985.482486018,1003.10299509,985.2676336246667,homopoly
129675135,,C=CC1=C(C2=CC=CC=C2O1)OC(=O)C=C,,1,328.000302615,170.555260545,298.085427397,265.54699685233334,homopoly
14793980,,C=CC(=O)OCC1CC2CC1C3C2CCC3,,2,470.990842733,461.96978957,439.071870623,457.344167642,homopoly
17841663,,C=CC(=O)OC12CCC(C1)C=C2,,2,346.577068675,305.562181455,351.273575637,334.47094192233334,homopoly
14671035,,C=CC(=O)OCCC(C(C(C(C(F)(F)F)(F)F)(F)F)(F)F)(F)F,,0,116.994944979,85.8171713619,71.3877157204,91.39994402043332,monomer
129712170,,C=CC(=O)ON1C=CN=C1,,2,294.885221648,193.066342283,252.684320603,246.878628178,homopoly
129675398,,CC1=CC2=C(C=C1C)N(C3=NC(=O)N(C(=O)C3=N2)OC(=O)C=C)CC(C(C(CO)O)O)O,,2,1347.59214543,882.691830227,913.841715877,1048.041897178,homopoly
165429006,,C[N@@+]1(CCC2=CC(=C(C=C2[C@H]1CC3=CC(=C(C=C3)OC)OC)OC)OC)CCC(=O)OCCCCCOC(=O)C=C,,2,6313.85258582,4251.01873802,3023.11847369,4529.32993251,homopoly
86748998,,C=CC(=O)OCCOC(=O)CC(C)=O,,1,150.892909901,167.622255306,184.484922365,167.66669585733334,homopoly
146036144,,C=CC(=O)OC1=COC2=CC=CC=C2C1=O,,2,362.703712055,489.061731226,564.008514196,471.9246524923333,homopoly
3022438,,CCCCCCCCCC(C)COC(=O)C=C,,1,254.275668401,263.330551925,254.084052135,257.2300908203333,homopoly
640118,,C=CCCCOC(=O)C=C,,1,139.588223746,159.231720755,122.045596102,140.28851353433333,homopoly
54311286,,C=CC(=O)OC(CSCC1=CC=CC=C1)CSCC2=CC=CC=C2,,0,158.980140657,197.2479375,220.35490913,192.1943290956667,monomer
8846,,CCCCOC(=O)C=C,,0,78.7602473754,35.6508845498,71.4013907856,61.93750757026667,monomer
18696725,,CC(C(C(C(C(C(OC(=O)C=C)(F)F)(F)F)(F)F)(F)F)(F)F)(F)F,,2,392.22298513,354.854387782,362.544392985,369.8739219656666,homopoly
3051373,,C[C@]12CC[C@H]3[C@H]([C@@H]1CC[C@H]2C(=O)COC(=O)C=C)CCC4=CC(=O)CC[C@]34C,,2,849.83797091,821.062030544,804.546048358,825.1486832706665,homopoly
3050397,,CC(C)CCCCCCCCCOC(=O)C=C,,2,500.664416799,566.380478447,479.51552812,515.5201411219999,homopoly
870529,,C=CC(=O)OC1=CC=C(C=C1)N2CC3=CC=CC=C3C2=O,,0,49.9263031986,215.762707232,251.068395686,172.25246870553335,monomer
3018311,,CC(C)(C1=CC=C(C=C1)OCCO)C2=CC=C(C=C2)OCCOC(=O)C=C,,0,214.939911826,204.410026865,198.315635931,205.888524874,monomer
7827,,CCOCCOC(=O)C=C,,2,249.689411047,297.285373235,242.83494667,263.2699103173333,homopoly
86759875,,C=CC(=O)OCCOS(=O)(=O)c1ccc(C)cc1,,1,255.297516896,225.018051517,298.075879875,259.463816096,homopoly
13878526,,C=CC(=O)OCCC(C(C(C(C(C(C(C(C(C(C(F)(F)F)(F)F)(F)F)(F)F)(F)F)(F)F)(F)F)(F)F)(F)F)(F)F)(F)F,,1,324.864251369,258.455733647,318.030063513,300.4500161763333,homopoly
13847846,,CC(C)CCCCCCCCOC(=O)C=C,,1,250.363081454,233.627962407,236.764497698,240.25184718633332,homopoly
129698270,,C=CC(=O)OC1=C(C=CO1)[N+](=O)[O-],,1,146.724856872,149.284023701,160.040111652,152.01633074166668,homopoly
19098703,,C=CC(=O)OC(C(F)(F)F)(C(F)(F)F)C(F)(F)F,,1,122.191261971,131.629140062,130.69899892,128.173133651,homopoly
71353023,,CCCCCCCCC(CCCCCCCC)COC(=O)C=C,,0,196.687512332,156.271566619,186.403692836,179.78759059566667,monomer
44580760,,C=CC(=O)OC(CCN1CCN(CC1)CCCN(C2=CC=C(C=C2)F)C3=CC=C(C=C3)F)C4=CC=CC=C4,,1,570.268183459,512.563972066,627.0154096,569.9491883750001,homopoly
99770075,,C=CC(=O)OC(C#N)(C(F)(F)F)C(F)(F)F,,1,136.062220272,127.028816791,121.399878934,128.16363866566667,homopoly
23635728,,C=CC(=O)OC1=CC2=C(CCCC2)C=C1,,0,171.916322733,70.9823320392,115.942502985,119.6137192524,monomer
125483581,,C=CC(=O)OCCOC(=O)C(Cl)Cl,,2,318.077674908,350.083043243,344.698604872,337.61977434100004,homopoly
88216,,C=CC(=O)OCCN1CCOCC1,,0,96.5735590327,74.0654549132,84.8264899447,85.15516796353333,monomer
543287,,CCCCCCCCCCCC(CCC)OC(=O)C=C,,0,149.181638598,154.349235648,156.394715143,153.30852979633335,monomer
13651710,,CC(C)(COC(=O)C=C)C=O,,2,271.23740419,266.251218344,317.671257104,285.0532932126667,homopoly
129854610,,CCCCCCCCCCOC(=O)CCOC(=O)C=C,,0,132.651272782,154.269308631,134.090861344,140.33714758566668,monomer
22179230,,CCCCOC(=O)C1=CC=C(C=C1)OC(=O)C=C,,2,471.931914472,609.276310554,581.701070549,554.303098525,homopoly
129762230,,CC(=O)OC1CC2CC1CC2OC(=O)C=C,,0,88.778326367,105.037261639,119.705243424,104.50694381,monomer
129753987,,C=CC(=O)OC1CCN(CC1)C2=C(C(=C(C(=C2F)F)C3=NN(C(C3)C4=CC=CC=C4)C5=CC=CC=C5)F)F,,0,478.256700403,263.781128336,329.123648843,357.0538258606667,monomer
229992,,CC(=C)COC(=O)C=C,,1,145.764918439,135.806803646,90.6350912514,124.06893777880002,homopoly
129824284,,C=CC(=O)OCC1COC(O1)C2=CC=C(C=C2)Cl,,2,519.425294935,477.397373276,466.334549488,487.71907256633335,homopoly
3532725,,C=CC(=O)OCCSC,,0,68.7502369718,65.8666593976,61.0308523698,65.21591624640001,monomer
21036103,,C=CC(=O)OCCCCOC1=CC=C(C=C1)C2=CC=C(C=C2)C#N,,1,393.420946003,338.991429394,440.632135185,391.01483686066666,homopoly
10355061,,C=CC(=O)OCCCCCC,,0,64.488985333,81.2915373224,90.1734471599,78.65132327176667,monomer
20566720,,C=CC(=O)OCCCOC1=CC=C(C=C1)O,,1,272.158351316,183.34002461,184.835791106,213.44472234399998,homopoly
44577301,,C=CC(=O)OC[C@@H](CBr)Br,,0,103.47832488,61.0177336168,55.6704031752,73.38882055733333,monomer
129761732,,C=CC(=O)OCC1OCCO1,,1,119.868204977,125.879127817,147.660240806,131.13585786666667,homopoly
16217174,,C=CC(=O)OC[C@@H]1CCCN1C2=CC=C(C=C2)[N+](=O)[O-],,2,767.511903545,516.393877537,500.566000543,594.8239272083333,homopoly
54438140,,C=CC(=O)OCCC1NCCO1,,0,62.1744250839,70.3639218706,90.5915497928,74.3766322491,monomer
129854619,,CCCCCCCCCCCCCCOC(=O)CCOC(=O)C=C,,1,335.005135468,351.688380968,371.987500304,352.89367224666665,homopoly
23201,,C=CC(=O)OC1CC2CCC(C1)N2C,,0,108.90014967,109.080928981,71.7365082587,96.5725289699,monomer
19996,,C=CC(=O)OCCOCCOC(=O)C=C,,0,75.9855055809,115.436132887,93.7597844119,95.06047429326667,monomer
129854430,,CCCCCCCCCCCCCCCCOC(=O)CCOC(=O)C=C,,0,189.036381795,192.67374222,194.295937272,192.002020429,monomer
543200,,CC(C)(C1CC1=C)OC(=O)C=C,,1,187.827650462,173.958496241,158.611956547,173.46603441666664,homopoly
11970919,,CCC1(COC(OC1)(C)C)COC(=O)C=C,,0,96.2287188624,106.128897341,119.951092904,107.43623636913333,monomer
67923,,C=CC(=O)OCC(C(C(F)(F)F)(F)F)(F)F,,0,76.5205117892,46.1190291522,72.3469951099,64.9955120171,monomer
131749375,,CCC1=C[C-](C=C1)OC(=O)C=C,,2,752.85893272,399.140250535,900.531247759,684.176810338,homopoly
86672979,,CC1=CC(=C(C=C1C)I)NC2=CC=CC(=C2)COC(=O)C=C,,1,402.663211679,336.483490866,421.320827563,386.82251003600004,homopoly
129834454,,C=CC(=O)OCCOCCOC1=CC2=C(C=C1)C(=CC(=O)N2CC3=CC=CC=C3)C4=CC=CC=C4,,1,786.767808122,498.119815377,428.449679155,571.112434218,homopoly
67841,,CCCCN(CCOC(=O)C=C)S(=O)(=O)C(C(C(C(C(C(C(C(F)(F)F)(F)F)(F)F)(F)F)(F)F)(F)F)(F)F)(F)F,,1,410.986667658,380.798432081,344.070374503,378.61849141399995,homopoly
11608004,,C=CC1=CC=CC=C1OC(=O)C=C,,1,129.61605484,224.069091776,264.254033166,205.979726594,homopoly
122409,,C=CC(=O)OCC(COCC(COC(=O)C=C)(COC(=O)C=C)COC(=O)C=C)(COC(=O)C=C)COC(=O)C=C,,0,252.175774941,271.224516993,259.678420011,261.02623731500006,monomer
7294,,COC(=O)C=C,,1,75.9263295401,67.8485017267,77.5943064404,73.78971256906667,homopoly
129851491,,C=CC(=O)OC1=CC(=CC2=C1N(C3=CC=CC=C32)CCO)Cl,,1,204.325204649,355.502079823,464.008651807,341.2786454263333,homopoly
88157728,,C=CC(=O)OC(=O)[C@H](CO)N,,0,58.5634951056,58.6839125084,71.5708322996,62.93941330453333,monomer
2777443,,C=CC(=O)OCC1=CC(=CC=C1)C(F)(F)F,,2,398.469517319,364.688094914,379.125662807,380.76109168,homopoly
7636,,CCCCC(CC)COC(=O)C=C,,2,391.612675552,377.110640468,378.630932697,382.451416239,homopoly
13550,,CCCOC(=O)C=C,,0,66.5399603536,33.9098093261,61.2215516771,53.89044045226667,monomer
129721343,,C=CC(=O)OC1=CC(=CC2=C1N(C3=CC=CC=C32)CCO)Br,,1,415.197346966,442.736542333,247.561601996,368.4984970983333,homopoly
100948,,CCN(CCOC(=O)C=C)S(=O)(=O)C(C(C(C(C(C(C(F)(F)F)(F)F)(F)F)(F)F)(F)F)(F)F)(F)F,,2,646.935572526,696.96946336,615.44760002,653.1175453019999,homopoly
139025639,,C[N@+]1(CCC2=CC(=C(C=C2[C@H]1CC3=CC(=C(C=C3)OC)OC)OC)OC)CCC(=O)OCCCCCOC(=O)C=C,,1,1575.36875929,1183.23129307,1531.90049629,1430.16684955,homopoly
69199120,,CC1CCC(CC1)(C(C)C)OC(=O)C=C,,0,106.120030357,96.6598034958,131.810935189,111.53025634726667,monomer
4582075,,CC1=C(C=CC(=C1)N=NC2=CC=C(C=C2)N=NC3=CC=CC=C3)OC(=O)C=C,,2,1051.82037411,1110.19058737,1318.95465101,1160.32187083,homopoly
4200359,,C=CC(=O)OCCCCBr,,0,78.3119429871,74.7441150906,62.1931994813,71.74975251966667,monomer
129721572,,C=CC(=O)OC(=O)C1=C(C(=CC=C1)[N+](=O)[O-])[N+](=O)[O-],,1,241.939680839,266.607939869,171.63903365,226.72888478599998,homopoly
129831453,,C=CC(=O)OCCC[N+](=O)[O-],,0,67.339335698,40.4020759817,83.4811512293,63.740854303,monomer
2776049,,C=CC(=O)OCC1(C(C(C(C(C1(F)F)(F)F)(F)F)(F)F)(F)F)F,,1,165.280080626,219.359614299,168.175476148,184.271723691,homopoly
15722985,,C=CC(=O)OCCCCl,,0,45.8057346677,63.3547059525,69.5791963885,59.57987900290001,monomer
163201124,,CC(=O)N[C@H]1CCC2=CC(=C(C(=C2C3=CC=C(C(=O)C=C13)OC)OC)OC(=O)C=C)OC,,1,640.735358643,453.794812323,509.448403052,534.6595246726666,homopoly
54550688,,CCC(COC(=O)C=C)C#N,,1,131.807125959,151.091790633,144.305103391,142.4013399943333,homopoly
23194993,,C=CC(=O)ON1C(=O)C2=CC=CC=C2C1=O,,1,166.446824629,219.714740389,265.147534421,217.10303314633333,homopoly
173047,,CN(CCOC(=O)C=C)S(=O)(=O)CC(C(C(C(C(C(C(C(C(C(C(C(C(C(F)(F)F)(F)F)(F)F)(F)F)(F)F)(F)F)(F)F)(F)F)(F)F)(F)F)(F)F)(F)F)(F)F)(F)F,,2,944.145197321,947.842627382,831.760584587,907.9161364300002,homopoly
12641354,,C=CC(=O)OC(C1=CC=CC=C1)(C2=CC=CC=C2)C3=CC=CC=C3,,0,190.257083992,202.416669258,177.706573476,190.12677557533334,monomer
11566095,,C=CC(=O)Oc1c(C)cc(C)cc1C,,1,223.717945364,228.781944408,204.575686704,219.02519215866664,homopoly
17787778,,CCCCCC(OC(=O)C=C)OC(=O)C=C,,1,179.769888575,230.126210637,235.305753064,215.067284092,homopoly
57548328,,CCCCOCC1=CC=C(O1)COC(=O)C=C,,1,215.694946461,221.843033846,271.930205342,236.48939521633335,homopoly
81466,,C=CC(=O)OCCOC,,1,115.197729332,105.485684126,114.826859428,111.83675762866666,homopoly
86619238,,C=CC(=O)OCC(F)(F)C(F)C(F)(F)F,,2,269.397980202,256.314789977,235.931583178,253.881451119,homopoly
57567,,CC(OC(=O)CCN1CC1)OC(=O)C=C,,1,171.667918248,205.513781623,191.116578317,189.43275939600002,homopoly
67252608,,C=CC(=O)OC(C1=CC=CC2=CC=CC=C21)O,,0,173.9078701,66.1746971169,153.67376712,131.25211144563335,monomer
57951767,,C=CC(=O)OCCOC1=CC=CC=C1CC2=CC=CC=C2,,1,279.964687452,342.4715752,313.325217082,311.9204932446667,homopoly
2776307,,C=CC(=O)OCC(CC(C(C(C(C(C(C(C(F)(F)F)(F)F)(F)F)(F)F)(F)F)(F)F)(F)F)(F)F)O,,2,530.602450143,532.09275147,517.832920169,526.8427072606668,homopoly
83092,,C=CC(=O)OC(C(F)(F)F)(C(F)(F)F)F,,2,192.315226978,240.000286886,222.652998601,218.32283748833333,homopoly
85581302,,CCCCCCCCCCCCCCCC1=CC(=CC=C1)OC(=O)C=C,,2,843.900264249,820.940833171,786.52867267,817.1232566966668,homopoly
2776224,,C=CC(=O)OCC(CC(C(C(C(C(C(F)(F)F)(C(F)(F)F)F)(F)F)(F)F)(F)F)(F)F)O,,2,471.042864478,482.050744027,499.030955474,484.04152132633334,homopoly
61242,,C=CC(=O)OC1=CC=CC=C1,,0,65.1395091363,45.3597585423,127.194531535,79.23126640453334,monomer
22372339,,CCCC1=CC=C(C=C1)OC(=O)C=C,,1,123.730949751,261.321829034,267.477536916,217.51010523366668,homopoly
568158,,C=CC(=O)OCCCC,,0,66.7078237404,66.4651864784,54.7587097865,62.64390666843334,monomer
170992275,,CC(C)(C(=O)OC1CCOC1=O)OC(=O)C=C,,1,199.181092734,216.137704159,193.149342524,202.822713139,homopoly
137796794,,C=CC(=O)OC(=C)C(=O)N,,2,233.542068786,298.312068613,207.436041961,246.43005978666667,homopoly
129847185,,C[C@@H]1CC[C@H]2C[C@@H]3[C@@H](CCC([C@]3(CC[C@@H]1C2(C)C)C)(O)OC(=O)C=C)C,,0,185.611885315,217.738074212,187.859357469,197.06977233199999,monomer
61249,,CC(COC(=O)C=C)O,,0,64.7986179133,41.3048332886,62.6986514505,56.2673675508,monomer
129756457,,C=CC(=O)OCCSC1=NN=NN1C2=CC=CC=C2,,1,366.573956444,167.406939952,304.703877857,279.56159141766665,homopoly
112001,,C=CC(=O)OCC(CO)O,,2,242.43286228,218.752031833,251.063823572,237.41623922833332,homopoly
129634875,,CCCCCCCCCCCC(OC(=O)C=C)S,,0,164.064385966,118.485956083,135.11649956,139.22228053633333,monomer
19979416,,CC1(CC(CC(N1OC)(C)C)OC(=O)C=C)C,,1,237.090411506,230.407367387,239.247826108,235.58186833366668,homopoly
99769780,,C=CC(=O)OCCCC(C(C(C(F)(F)F)(F)F)(F)F)(C(F)(F)F)C(F)(F)F,,2,426.620465596,429.338409177,422.8529405,426.27060509099994,homopoly
21293197,,C=CC(=O)OCC[N+](=O)[O-],,1,114.460275825,90.774627739,123.576532512,109.60381202533331,homopoly
102380778,,C/C=C/OCCCOC(=O)C=C,,2,330.611500942,349.262858653,354.322757082,344.73237222566667,homopoly
29728,,C=CC(=O)OCC(CBr)Br,,2,280.212084969,310.072830053,315.325699924,301.87020498199996,homopoly
86761358,,C=CC(=O)OC1=CC=C(C=C1)NC(=O)C2(CCC2)N,,0,61.4641348587,159.912867696,216.857654248,146.07821893423332,monomer
21618589,,CC1(CCCC(N1OC(=O)C=C)(C)C)C,,2,439.439147452,390.750837655,456.000114488,428.73003319833333,homopoly
18469777,,COOC(=O)C=C,,0,58.927779182,40.7262752513,27.0871927286,42.247082387300004,monomer
58980492,,CS(=O)(=O)NC1CCC(CC1)OC(=O)C=C,,1,220.378370015,232.611215574,246.924759132,233.30478157366667,homopoly
57596650,,CC1=CC=C(C=C1)N(C2=CC=C(C=C2)C)C3=CC=C(C=C3)C=CC4=CC=CC=C4OC(=O)C=C,,2,1275.11128333,1673.22897862,1429.28802475,1459.2094289,homopoly
85486,,C=CC(=O)OCC([N+](=O)[O-])([N+](=O)[O-])F,,0,77.065341829,73.0789374439,66.3899227424,72.17806733843334,monomer
87693,,CN(C)CCCOC(=O)C=C,,1,151.148727515,147.492688173,145.991418368,148.21094468533332,homopoly
145430716,,C=CC(=O)OCC1=CC(=CC=C1)SC2=CC=CC=C2,,0,169.57945481,215.159060064,80.9615767546,155.2333638762,monomer
75084,,CCCCCCCCCCCCOC(=O)C=C,,1,252.910742902,272.405620433,255.476245869,260.264203068,homopoly
3023753,,CCCCCCCCCCCCCCCCCCCCCCCCCCCCCCCCCCOC(=O)C=C,,2,1270.72115415,1293.10420026,1225.72762085,1263.1843250866666,homopoly
18352416,,CCOOC(=O)C=C,,1,102.081065351,109.608354524,98.4064949879,103.36530495430002,homopoly
11492219,,CC(C)(C)OC(=O)NCCOC(=O)C=C,,0,104.447368664,71.3114127897,109.976590261,95.24512390490001,monomer
86759871,,CC1=CC=C(C=C1)S(=O)(=O)OCCOC(=O)C=C,,2,546.393479964,511.727195497,483.942429148,514.0210348696667,homopoly
129714429,,CCCCC(OC(=O)C=C)F,,2,268.058975439,286.518526371,296.743765969,283.7737559263333,homopoly
109058,,CC1=CC(=C(C(=C1)C(C)(C)C)O)CC2=C(C(=CC(=C2)C)C(C)(C)C)OC(=O)C=C,,1,469.877878603,489.628525543,452.146594229,470.55099945833337,homopoly
577100,,CC1CCC(C(C1)OC(=O)C=C)C(C)(C)C2=CC=CC=C2,,1,345.6928528,340.727712917,252.732009148,313.05085828833336,homopoly
57747549,,CC1=CC=C(C=C1)N(C2=CC=C(C=C2)C)C3=CC=C(C=C3)C4=CC=C(C=C4)CCOC(=O)C=C,,2,1516.82133542,1048.42458344,1157.70320843,1240.98304243,homopoly
129756457,,C=CC(=O)OCCSC1=NN=NN1C2=CC=CC=C2,,2,435.008491835,516.169287394,657.839906441,536.3392285566666,homopoly
6581,,C=CC(=O)O,,1,49.062257766,68.3716862379,49.8722316558,55.7687252199,homopoly
19598189,,CC(=O)OC1=CC=C(C=C1)COC(=O)C=C,,1,254.264983126,125.834732619,292.755943639,224.2852197946667,homopoly
86808,,CC(C)CC(C)OC(=O)C=C,,0,79.6203653538,77.2177535081,78.3517039097,78.39660759053334,monomer
19778492,,CCCCCCCCON1C(CC(CC1(C)C)OC(=O)C=C)(C)C,,1,361.595732126,323.515500864,385.917043504,357.009425498,homopoly
132277864,,C=CC(=O)OC1=NC=CN1C2=CC=CC=C2,,2,547.642669853,422.720126965,411.880554215,460.74778367766675,homopoly
13001872,,C=CC(=O)OC1CC2CC1C3C2CCC3,,2,420.043391443,441.105609459,413.387052174,424.8453510253333,homopoly
133083453,,C=CC(=O)OC1CN1,,0,53.8282401827,50.8806807505,44.5624182756,49.7571130696,monomer
2774977,,C=CC(=O)OCC(C(C(F)(F)F)F)(F)F,,2,233.850002659,272.827603232,260.268994483,255.6488667913333,homopoly
53967443,,CCCCC(CC)CC1=C(OC=C1)OC(=O)C=C,,2,491.072527492,527.889580374,518.4615104,512.474539422,homopoly
86614660,,CC1=CC2=C(C=C1Cl)OC(=O)C(=C2C3=CC(=CC=C3)OC(=O)C=C)CC(=O)NC4=C(C=C(C=C4O)F)C(F)(F)F,,0,324.609296188,231.21889799,362.292288451,306.04016087633335,monomer
59642034,,C=CC(=O)OCCOC1CC2CC1C3C2C4C(C3)O4,,0,104.567749749,134.0547838,134.031418277,124.217983942,monomer
58231725,,C=CC(=O)OC1=C(C2=C(C=C1)C=C(C=C2)C3=CC=CC4=C3SC5=CC=CC=C45)C6=CC=CC7=C6SC8=CC=CC=C78,,2,1252.60566683,2065.93946307,1555.08702178,1624.54405056,homopoly
57614810,,CCOC1=CC=C(C=C1)N=NC2=CC=C(C=C2)OCCCCCCOC(=O)C=C,,0,194.106064153,203.244331691,303.139301012,233.49656561866664,monomer
14047273,,CC(O)OC(=O)C=C,,1,86.2897889328,96.0786972632,100.773478228,94.38065480799999,homopoly
57951767,,C=CC(=O)OCCOC1=CC=CC=C1CC2=CC=CC=C2,,0,174.773315217,135.144842161,162.091018662,157.33639201333335,monomer
3311244,,C=CC(=O)OCCN1C2=CC=CC=C2C3=CC=CC=C31,,1,266.237369948,379.099352814,268.509984812,304.61556919133335,homopoly
54152861,,C=CC(=O)OCCOCCOCCC#N,,2,392.984402517,357.830013222,376.298531738,375.7043158256667,homopoly
68770745,,C=CC(=O)OC(CC1(CC=C(C=C1)CC2=CC=CC=C2)CC3=CC=CC=C3)N,,1,411.20389792,468.807182825,400.982874648,426.99798513099995,homopoly
44150458,,CC(=O)OCC1(CCC2C1C3CCC2C3)COC(=O)C=C,,2,554.554063052,522.68627537,650.970525761,576.070288061,homopoly
22283435,,C=CC(=O)OCC1=CC(=CC=C1)OC2=CC=CC=C2,,2,587.555946051,507.891001075,615.478385232,570.3084441193333,homopoly
6538148,,C/C=C/COC(=O)C=C,,1,155.195268736,129.51677681,105.685457707,130.13250108433334,homopoly
169489099,,C=CC(=O)OC(C(C(F)(F)F)(C(F)(F)F)F)(C(C(F)(F)F)(C(F)(F)F)F)C(C(C(F)(F)F)(F)F)(F)F,,1,229.358965672,251.382051064,248.995281071,243.24543260233335,homopoly
129808889,,C=CC(=O)OCC([N+](=O)[O-])[N+](=O)[O-],,1,146.098911403,134.487391912,133.942459461,138.17625425866666,homopoly
139896562,,C=CC(=O)OCCCCCCl,,2,298.593357503,324.233823145,306.064979866,309.6307201713333,homopoly
129675398,,CC1=CC2=C(C=C1C)N(C3=NC(=O)N(C(=O)C3=N2)OC(=O)C=C)CC(C(C(CO)O)O)O,,1,541.993964603,621.243112826,339.634631468,500.957236299,homopoly
21884879,,C=CC(=O)OC1=CC=CC=C1C(=O)C2=CC=CC=C2,,2,665.807991824,458.397608736,607.414089043,577.206563201,homopoly
105449,,CN(CCOC(=O)C=C)S(=O)(=O)C(C(C(C(C(C(F)(F)F)(F)F)(F)F)(F)F)(F)F)(F)F,,2,571.478537744,599.533246113,556.656267142,575.889350333,homopoly
67551,,C=CC(=O)OCC(C(C(C(C(C(C(F)(F)F)(F)F)(F)F)(F)F)(F)F)(F)F)(F)F,,1,209.927991007,211.697178093,192.624972716,204.750047272,homopoly
81765,,CCCCOCCOCCOC(=O)C=C,,0,79.5693697048,122.158822399,106.22235434,102.65018214793332,monomer
44145730,,CCC1(CCC2C(C1OC(=O)C=C)O2)O,,1,208.578774013,188.556009737,204.146524348,200.42710269933332,homopoly
15012035,,CN1C(=O)C[C@H](C1=O)OC(=O)C=C,,1,151.440148824,157.486542824,179.535388382,162.82069334333332,homopoly
20212931,,C=CC(=O)OCCCCCCOP(=O)(O)O,,1,184.565219211,217.626661708,201.526868986,201.2395833016667,homopoly
5072272,,C=CC(=O)OC1=CC2=C(C=C1)C3(C4=C(O2)C=C(C=C4)O)C5=CC=CC=C5C(=O)O3,,0,266.168131615,140.835312853,277.006502149,228.003315539,monomer
86078028,,C=CC(=O)OCCSSC1=CC=CC=N1,,1,201.02518615,289.840335458,194.818203914,228.56124184066667,homopoly
93414,,CC(COCC(C)OC(=O)C=C)OCC(C)OC(=O)C=C,,1,267.599731661,288.286866461,273.139880127,276.34215941633335,homopoly
14671034,,C=CC(=O)OCCC(C(C(F)(F)F)(F)F)(F)F,,2,275.430146205,293.445515162,291.169367162,286.6816761763334,homopoly
87274,,C=CC(=O)OCCC(C(C(C(C(C(C(C(C(C(F)(F)F)(F)F)(F)F)(F)F)(F)F)(F)F)(F)F)(F)F)(F)F)(F)F,,1,287.318556204,255.899912835,291.185792071,278.1347537033333,homopoly
3086211,,CCC(COC(=O)CCOC(=O)C=C)(COC(=O)CCOC(=O)C=C)COC(=O)CCOC(=O)C=C,,0,236.621496064,221.682848442,216.521949549,224.94209801833335,monomer
551273,,C=CC(=O)OCCC(C)C,,2,270.439608303,293.166514122,279.785547717,281.13055671399997,homopoly
86607858,,C=CC(=O)OC=O,,2,145.34482562,135.969556128,164.827913506,148.71409841799996,homopoly
81865,,C=CC(=O)OCC(C(F)F)(F)F,,0,53.8073032249,43.5581449218,69.3638459988,55.57643138183334,monomer
58454459,,C=CC(=O)OCCCC(C(C(C(F)(F)F)(F)F)(F)F)(F)F,,2,400.813061381,334.592628436,362.470993108,365.9588943083333,homopoly
117909270,,C=CC(=O)NC1=CC=CC(=C1)C2=CC=CC3=CN=C(N=C32)NC4=CC=C(C=C4)N5CCN(CC5)CCOC(=O)C=C,,1,678.917354401,772.76198488,726.739284822,726.1395413676668,homopoly
138113129,,C=CC(=O)OC1=C(OC2=CC=CC=C2C1=O)C3=CC=CC=C3,,2,596.235057192,732.418523328,773.221754869,700.6251117963334,homopoly
21987925,,C=CC(=O)OCC1CS1,,2,249.204593489,246.86318803,273.258300483,256.442027334,homopoly
23576933,,C=CC(=O)OCCC(=O)CCCC[C@H]1[C@@H]2[C@H](CS1)NC(=O)N2,,0,143.876437429,143.030458475,142.217548273,143.04148139233334,monomer
57127567,,CC[C@H](C)OC(=O)C=C,,2,266.477192105,223.668595175,248.35595474,246.16724734,homopoly
16205176,,CC(C)(C(=O)OC)OC(=O)C=C,,1,149.384254067,143.999825504,150.17977527,147.85461828033334,homopoly
129883423,,C=CC(=O)OCCN=CC1=CC=C(C=C1)[N+](=O)[O-],,2,462.481335833,579.590712522,524.081181518,522.0510766243333,homopoly
18629896,,C=CC(=O)OC1=C(C=C(C=C1)[N+](=O)[O-])[N+](=O)[O-],,1,143.275364458,267.721470075,244.166895377,218.38790997,homopoly
108597,,CC(C)(C1=CC=CC=C1)C2=CC=C(C=C2)OC(=O)C=C,,1,305.595191403,285.925349065,333.302190327,308.2742435983334,homopoly
131887749,,[2H]C([2H])([2H])C(C([2H])([2H])[2H])(C([2H])([2H])[2H])OC(=O)C=C,,2,235.931154964,261.184341982,231.092014267,242.735837071,homopoly
21896341,,CCC1(CCCC1)OC(=O)C=C,,2,333.989663471,345.167080936,336.721401774,338.62604872699995,homopoly
58165347,,CC(COC(C)COC(C)COC(=O)C=C)OC,,2,499.341479255,474.389107239,465.87946343,479.8700166413334,homopoly
71431852,,C=CC(=O)OCCNCCCS(=O)(=O)C(C(C(C(C(C(C(C(F)(F)F)(F)F)(F)F)(F)F)(F)F)(F)F)(F)F)(F)F,,2,685.415040909,672.740956898,734.314504985,697.4901675973333,homopoly
2776196,,C=CC(=O)OCC(CC(C(C(C(F)(F)F)(C(F)(F)F)F)(F)F)(F)F)O,,1,195.178021126,207.522095417,202.132535607,201.61088405,homopoly
20594786,,CCCCCC1=CC=C(C=C1)C#CC2=CC=C(C=C2)OC(=O)C=C,,1,598.382189572,378.702541626,415.517975271,464.20090215633337,homopoly
543284,,CCCCCCCCCCC(CCC)OC(=O)C=C,,2,616.089149851,587.144504683,547.262683122,583.4987792186666,homopoly
53719424,,CC(=CCCC(=CCCC(=CCOC(=O)C=C)C)C)C,,0,163.1755442,123.764036285,198.218473583,161.71935135599998,monomer
3023480,,C=CC(=O)OCCCC1=CC=CO1,,1,191.003926336,197.118738723,119.921876943,169.34818066733337,homopoly
71413787,,C=CC(=O)OCCCS(=O)(=O)C(C(C(C(F)(F)F)(F)F)(F)F)(F)F,,2,428.520600189,482.385663734,475.313465564,462.0732431623333,homopoly
19986209,,C=CC(=O)OC1=NNN=N1,,0,93.4949389355,45.5017846314,27.485517221,55.49408026263334,monomer
20520029,,CCCC(=O)OC(=O)C=C,,0,86.2853532859,54.3757702045,52.9876779534,64.54960048126667,monomer
11275754,,C=CC(=O)OCC1=CC2=C(C=C1)OCO2,,1,197.430887167,237.330321151,189.660068789,208.14042570233335,homopoly
19098705,,C=CC(=O)OCCCC(C(C(C(C(C(F)(F)F)(F)F)(F)F)(F)F)(F)F)(F)F,,0,127.795438331,77.0754300714,123.815045314,109.56197123880001,monomer
543682,,C=CC(=O)OCCl,,1,119.451082317,69.4136303605,74.0061275552,87.6236134109,homopoly
8821,,CCOC(=O)C=C,,1,102.801531726,76.1887746047,93.1761191685,90.72214183306666,homopoly
93359,,C=CC(=O)OCCOC1CC2CC1C3C2C=CC3,,1,245.877977072,221.860533493,286.718771373,251.485760646,homopoly
146012803,,C=CC(=O)OC1=C(C2=CC=CC=C2C=C1)Br,,0,248.567918433,54.364324848,114.954311275,139.29551818533335,monomer
57062121,,CC=COC(=O)C=C,,1,88.0661521015,121.296974372,133.668686949,114.34393780750001,homopoly
54074081,,COC1=NC(=C(C(=O)N1C2=CC(=C(C=C2F)Cl)OC(=O)C=C)F)C(F)(F)F,,0,249.784461191,132.895298564,141.954524445,174.8780947333333,monomer
10192638,,C=CC(=O)OC1=CC=CC2=CC=CC=C21,,0,74.6364760256,144.74693942,140.05031257,119.81124267186665,monomer
70613,,C=CC(=O)OCCCCOC(=O)C=C,,0,109.634399888,89.598124233,80.6819437506,93.30482262386666,monomer
77066,,C=CC(=O)OCCC1=CC=CC=C1,,2,347.974664072,374.788109535,386.834702311,369.865825306,homopoly
44435789,,CCCCCCC1=CC=CC=C1OC(=O)C=C,,0,154.120764976,96.1211109022,145.793077855,132.0116512444,monomer
129879867,,C=CC(=O)OC1=CC=C(C=C1)N=CC2=CC=C(C=C2)[N+](=O)[O-],,0,157.714989761,206.896071943,153.663222011,172.75809457166667,monomer
132245749,,C=CC(=O)OCCSC(C(OC(C(C(F)(F)F)(F)F)(F)F)F)(F)F,,2,411.597957845,420.464384096,421.422987452,417.82844313100003,homopoly
53766210,,C=CC(=O)OCC([N+](=O)[O-])([N+](=O)[O-])[N+](=O)[O-],,0,106.291801201,66.5103476184,86.0377892059,86.27997934176666,monomer
10565559,,C=CC(=O)OCCOCCOCCOCCOCCO,,1,236.728755381,232.857242783,280.688405362,250.09146784200001,homopoly
12084305,,CC1(CC(CC(N1OCC(C)(C)O)(C)C)OC(=O)C=C)C,,0,161.410473129,145.304427737,136.56230201,147.75906762533333,monomer
11019125,,C=CC(=O)OCCSC#N,,1,125.032016582,151.361308174,104.336042922,126.90978922599999,homopoly
23443674,,C=CC(=O)OC(F)(F)CF,,2,206.026072432,178.478172816,166.229433112,183.57789278666667,homopoly
44580062,,C=CC(=O)O[C@@H](CC1=CC=CC=C1)CN2CCN(CC2)CCCN(C3=CC=C(C=C3)F)C4=CC=C(C=C4)F,,1,649.978059471,540.072047218,515.388373741,568.4794934766668,homopoly
21896325,,CC(C)(C1CC2CCC1O2)OC(=O)C=C,,1,193.142858091,203.371989947,210.775135115,202.42999438433333,homopoly
86759008,,C=CC(=O)OC12CCC(C1)CC2,,0,112.228301455,56.5454410411,84.3264645913,84.3667356958,monomer
86736832,,CCC(C)(NC1=CC=CC=C1)OOC(=O)C=C,,1,259.102170684,263.951220062,212.251269122,245.10155328933334,homopoly
11816169,,CC(C1=CC=CC=C1)OC(=O)C=C,,1,233.202475759,214.079618811,125.045812847,190.775969139,homopoly
19748636,,C=CC(=O)OCC[N+]#[C-],,2,250.9195503,196.910590941,215.047720548,220.959287263,homopoly
73893,,CN(CCCCOC(=O)C=C)S(=O)(=O)C(C(C(C(F)(F)F)(F)F)(F)F)(F)F,,1,274.481057169,270.573863264,301.50067618,282.185198871,homopoly
21216989,,CC(C)(C(=O)OCCOC(=O)C=C)Br,,0,90.4762108955,65.4784906595,120.194473753,92.04972510266667,monomer
76709,,C=CC(=O)OC1=CC=C(C=C1)O,,0,117.57611001,115.267972032,22.7524726875,85.19885157649999,monomer
23635599,,CCCCC1=CC=C(C=C1)OC(=O)C=C,,0,89.0482786205,112.865122463,155.729049269,119.21415011749998,monomer
171378145,,CC1([C@@H](N2[C@H](S1)[C@@H](C2=O)NC(=O)[C@@H](C3=CC=C(C=C3)O)N)C(=O)OOC(=O)C=C)C,,2,670.477663948,787.61647803,913.870691414,790.6549444640001,homopoly
162070,,CCC(C)COC(=O)C=C,,2,292.46543469,278.428210823,268.017162039,279.63693585066665,homopoly
19979417,,CC1(CC(CC(N1OC2CCCCC2)(C)C)OC(=O)C=C)C,,0,174.67822356,132.06402636,167.50850588,158.08358526666666,monomer
129718202,,C=CC(=O)OC1=C(C(=C(C(=C1C2CCC2)C#N)C#N)C#N)C#N,,2,674.134831693,793.493735096,662.863025049,710.1638639460001,homopoly
44457109,,CC(=O)OCC([C@@H]1[C@@H]([C@H]2[C@@H](O1)OC(O2)(C)C)OC(=O)C=C)OC(=O)CCC(=O)N3CCN(CC3)C4=C(C=C5C(=C4)N(C=C(C5=O)C(=O)O)C6CC6)F,,1,589.809752964,834.265879194,709.891613883,711.3224153470001,homopoly
23194993,,C=CC(=O)ON1C(=O)C2=CC=CC=C2C1=O,,2,345.312723425,496.622689243,485.734180042,442.55653090333334,homopoly
15153819,,C=CC(=O)OCCCCCCBr,,0,71.2139686399,99.6663242621,93.562039779,88.14744422700001,monomer
24950966,,C=CC(=O)OCCOCCOCCOCCC(=O)ON1C(=O)CCC1=O,,1,297.902795508,350.191224209,304.439921578,317.511313765,homopoly
85977944,,COC1=CC=C(C=C1)C=NC2=CC=C(C=C2)OC(=O)C=C,,0,173.239738914,131.972628568,229.052617551,178.08832834433335,monomer
18648933,,C=CC(=O)OCCOC1[C@@H]([C@H]([C@H]([C@H](O1)CO)O)O)O,,1,189.526971713,238.528691207,221.055629027,216.370430649,homopoly
54384939,,CCC(C)(CC)OC(=O)C=C,,0,87.4578405688,85.9354621641,62.1792441134,78.5241822821,monomer
909765,,CC1=CC(=O)OC2=C1C=CC(=C2CN3CCOCC3)OC(=O)C=C,,2,858.600875333,615.696073012,691.720092991,722.0056804453334,homopoly
154732282,,C=CC(=O)N1CCC2(CC1)SCC(S2)COC(=O)C=C,,2,599.797896357,529.37337212,708.97661651,612.7159616623334,homopoly
140773107,,CC1=C(CC(CC1=O)C(=C)C)OC(=O)C=C,,1,232.306634848,256.702355559,224.052595117,237.6871951746667,homopoly
3015131,,C=CC(=O)OC1=CC=C(C=C1)C(=O)C2=CC=CC=C2,,1,248.882295703,295.627183289,354.268064891,299.5925146276667,homopoly
6581,,C=CC(=O)O,,0,26.74193874,49.9560855186,6.76401339147,27.82067921669,monomer
86753069,,C=CC(=O)OCCCCCCOC1=CC=C(C=C1)C2=CC=C(C=C2)C3CCC(CC3)CCCOS(=O)(=O)C(F)(F)F,,2,1317.3626921,1146.29688931,1220.17892038,1227.9461672633333,homopoly
129672441,,C=CC(=O)OOC(=O)C(C)=C=O,,0,105.876565241,43.9843805689,67.7053479342,72.5220979147,monomer
20802233,,C=CC(=O)OCC12CC3CC(C1)CC(C3)C2,,2,467.733333213,458.52385801,457.045367647,461.10085295666664,homopoly
22168880,,CCC1(C2CC3CC(C2)CC1C3)OC(=O)C=C,,1,235.291318289,248.128192403,251.662185287,245.027231993,homopoly
83174,,CCCCC(C)(C)COC(=O)C=C,,0,114.254247414,104.741585303,69.0704320465,96.02208825449999,monomer
10565559,,C=CC(=O)OCCOCCOCCOCCOCCO,,0,139.714543958,99.6790679986,136.434799119,125.2761370252,monomer
3086211,,CCC(COC(=O)CCOC(=O)C=C)(COC(=O)CCOC(=O)C=C)COC(=O)CCOC(=O)C=C,,1,504.026464025,396.532559372,446.792422188,449.1171485283333,homopoly
140350948,,C=CC(=O)OOC(=O)OOC(=O)C=C,,0,91.085254927,63.0415742374,74.7275155232,76.28478156253333,monomer
129762230,,CC(=O)OC1CC2CC1CC2OC(=O)C=C,,1,209.970347929,209.163816513,203.2568091,207.46365784733334,homopoly
22051805,,C=CC(=O)OCC1CCC2C1C3CCC2C3,,1,233.60829983,245.512583211,207.185202432,228.76869515766666,homopoly
20077225,,C=CC(=O)OCC(F)F,,1,87.3191866191,81.5435707726,105.755183392,91.53931359456668,homopoly
23635728,,C=CC(=O)OC1=CC2=C(CCCC2)C=C1,,1,238.813242107,216.222110438,255.068620764,236.70132443633335,homopoly
89065,,CC[N+](C)(CC)CCOC(=O)C=C,,0,133.236596921,74.1799837345,93.2188014547,100.21179403673334,monomer
67859946,,C=CC(=O)OC1=C2C(=CC=C1)SC3=CC=CC=C3N2,,0,219.013230829,25.2496317817,257.035228061,167.09936355723335,monomer
640210,,C=CC(=O)OCCCCCCOC1=CC=C(C=C1)C(=O)OC2=CC=C(C=C2)C#N,,2,786.090491148,1008.00495381,859.894673511,884.6633728229999,homopoly
13847858,,CC(C)CCCCCCCCCCCCCCCCCCCCCCCOC(=O)C=C,,0,258.382494807,269.587126945,218.265489653,248.745037135,monomer
72203001,,COC1=CC=C(C=C1)NC2=NC=C3C(=N2)N(C(=O)C=N3)C4=CC=C(C=C4)OC(=O)C=C,,0,104.186255217,384.677888136,317.629227559,268.83112363733335,monomer
7825,,C=CC(=O)OCCC#N,,0,35.2344926951,57.1254709002,71.0085987957,54.45618746366667,monomer
21896341,,CCC1(CCCC1)OC(=O)C=C,,0,76.8154918476,79.3132853432,102.744294987,86.29102405926666,monomer
22235103,,C=CC(=O)OC1=CC=C(C=C1)C2=CC=C(C=C2)OC(=O)C=C,,2,1018.80160763,548.08632262,752.066783982,772.9849047439999,homopoly
5354844,,C=CC(=O)OC/C=C/C1=CC=CC=C1,,0,144.583026298,10.801391332,184.793021311,113.392479647,monomer
19986209,,C=CC(=O)OC1=NNN=N1,,2,253.803463023,161.791384225,245.330765274,220.3085375073333,homopoly
4128060,,CC(COC(C)COC(=O)C=C)OCC(C)OC(=O)C=C,,0,140.37243724,129.471795406,148.72657753,139.523603392,monomer
91369,,CN(CCOC(=O)C=C)S(=O)(=O)C(C(C(C(C(C(C(C(F)(F)F)(F)F)(F)F)(F)F)(F)F)(F)F)(F)F)(F)F,,0,152.157605817,145.485438577,187.815869139,161.81963784433333,monomer
3086961,,CC(OCCOCCOC=C)OC(=O)C=C,,1,237.307733614,185.792646376,196.521573377,206.54065112233332,homopoly
106992,,CCCCCC(C)COC(=O)C=C,,0,97.7965130938,104.584914517,86.6469646603,96.3427974237,monomer
86294538,,C=CC(=O)OC(C)C,,2,218.999735779,225.124170088,199.408649929,214.510851932,homopoly
155108413,,CC(C)(CCOC(C)(C)COC(=O)C=C)OC(=O)C=C,,1,280.759669324,278.902041657,227.402627464,262.35477948166664,homopoly
13907995,,C=CC(=O)OCCOC1CC2CC1C3C2CC=C3,,2,522.020156852,503.216896374,494.052110634,506.4297212866666,homopoly
129875431,,C=CC(=O)ONCC1=CC=CN1,,2,271.28313894,287.731101302,313.65272745,290.8889892306667,homopoly
171378196,,C=CC(=O)OCCOP(=O)(OCP1(=O)C2=CC=CC=C2C3=CC=CC=C3O1)OC4=CC=CC=C4,,0,312.970085641,280.815769507,179.338396074,257.7080837406667,monomer
15055020,,C=CC(=O)OCCOC1=CC2=CC=CC=C2C=C1,,0,73.6066870382,131.832466859,228.433673191,144.62427569606666,monomer
54500825,,CCCCCCCC(=O)OCCCCCCOC(=O)C=C,,1,326.925822513,298.004276867,269.018705554,297.982934978,homopoly
134820730,,CC(C)OC1=CC=C(C=C1)C(=O)NC2=CC=C(C=C2)OC(=O)C=C,,0,324.908318222,125.414885297,166.175003239,205.49940225266667,monomer
23074693,,C=CC(=O)OC1CC2CC1C=C2,,0,89.3900681333,60.17310647,99.6416342316,83.06826961163334,monomer
13847848,,CC(C)CCCCCCCCCCCCCOC(=O)C=C,,1,309.362248304,343.031036722,316.751182818,323.048155948,homopoly
92029513,,COC1=CC2=CC3=C(C=C2C=C1)C(=CC(=O)O3)COC(=O)C=C,,0,138.780017346,210.705081508,239.409691892,196.298263582,monomer
132245749,,C=CC(=O)OCCSC(C(OC(C(C(F)(F)F)(F)F)(F)F)F)(F)F,,0,113.946612193,93.6271518491,104.171468938,103.91507766003333,monomer
133188422,,C=CC(=O)ON(OC(=O)C=C)OC(=O)C=C,,2,338.289617192,406.686761855,379.428337147,374.8015720646666,homopoly
86600776,,C=CC(=O)OCCCCCCCC,,1,192.715384051,177.459574538,202.130988414,190.768649001,homopoly
54074081,,COC1=NC(=C(C(=O)N1C2=CC(=C(C=C2F)Cl)OC(=O)C=C)F)C(F)(F)F,,1,331.382365634,304.950917676,354.00957018,330.1142844966667,homopoly
23290045,,C=CC(=O)OCC(COC1=CC=CC=C1C2=CC=CC=C2)O,,2,689.507107919,532.243596554,766.713385589,662.821363354,homopoly
67058367,,C=CC(=O)OC1=CC=CC(=C1)OC2=CC=CC=C2,,2,684.003463537,535.924796543,425.385694956,548.437985012,homopoly
3017303,,C=CC(=O)OCCn1ccnc1,,1,178.936597712,111.923380122,154.350845817,148.40360788366667,homopoly
23635725,,CCCCCOC(=O)C1=CC=C(C=C1)OC(=O)C=C,,0,128.790567388,123.734556401,180.994623698,144.50658249566666,monomer
164889234,,C[C@]12CCC(=O)C[C@@H]1CC[C@@H]3[C@@H]2CC[C@]4(C3CC[C@@H]4OC(=O)C=C)C,,0,194.918249903,168.436035124,196.157186595,186.503823874,monomer
68771319,,CCNC(CC1=CC=C(C=C1)CC2=CC=CC=C2)OC(=O)C=C,,2,680.760372398,740.903569733,599.975693434,673.8798785216667,homopoly
12803541,,C=CC(=O)OCCOC(=O)CBr,,2,295.521631739,318.84126832,308.680273747,307.6810579353333,homopoly
95218,,CC(CCOC(=O)C=C)OC,,2,300.558339848,295.083403642,276.003575047,290.54843951233335,homopoly
129883423,,C=CC(=O)OCCN=CC1=CC=C(C=C1)[N+](=O)[O-],,0,136.079029785,66.3329640144,183.685074203,128.69902266746666,monomer
59609085,,C=CC(=O)OCC(C1=CC=CC=C1)(C(=O)C2=CC=CC=C2)O,,2,599.055052798,630.950324505,656.476696487,628.82735793,homopoly
3019605,,C=CC(=O)OCC1=C(C=CC=C1Cl)[N+](=O)[O-],,2,408.619590822,639.774325646,333.399063648,460.5976600386667,homopoly
17768051,,C=CC(=O)ON1C=CC=N1,,1,116.873815134,94.5019608387,159.878473106,123.75141635956668,homopoly
118536010,,COC1=CC=C(C=C1)C(C2=CC=C(C=C2)OC)(C3=CC=C(C=C3)OC)C4=CC=C(C=C4)OCCOC(=O)C=C,,2,1224.66443929,1148.23595996,1337.33299267,1236.7444639733333,homopoly
4128060,,CC(COC(C)COC(=O)C=C)OCC(C)OC(=O)C=C,,1,260.081969344,262.77288302,287.33804473,270.0642990313333,homopoly
109961,,CCN(CCOC(=O)C=C)S(=O)(=O)C(C(C(C(C(F)(F)F)(F)F)(F)F)(F)F)(F)F,,0,136.593402805,154.328542744,133.554511458,141.49215233566667,monomer
139722226,,CCCCCCC(CCCCCC)OC(=O)C=C,,1,277.731159435,266.791414598,280.701279747,275.07461792666663,homopoly
86729957,,C=CC(=O)OCCCCCCCCCCCC,,1,242.66327774,281.879249207,256.491394476,260.3446404743333,homopoly
68648646,,C=CC(=O)OC(OCC12CC3CC(CC(C3)C1)C2)C(C)C,,0,155.150771947,139.919796166,154.940725438,150.003764517,monomer
904858,,C[C@]12CC[C@H](C1(C)C)C[C@@H]2OC(=O)C=C,,2,436.367844635,410.506002601,451.197086433,432.690311223,homopoly
544156,,C=CC(=C)CCCCOC(=O)C=C,,0,89.1186819719,85.8731759521,111.962816044,95.65155798933331,monomer
3024058,,C=CC(=O)OCC(C(C(C(C(C(C(C(C(C(F)(F)F)(F)F)(F)F)(F)F)(F)F)(F)F)(F)F)(F)F)(F)F)(F)F,,0,135.530710534,97.2348227713,161.516114014,131.42721577310002,monomer
86736828,,CCC(C)(NC(=O)NC1=CC=CC=C1)OOC(=O)C=C,,1,317.663312635,315.426523143,219.995368157,284.361734645,homopoly
12014951,,C=CC(=O)OCCOCCOC(=O)C(CC1=CC=CC=C1)SC#N,,0,199.756039553,133.85781282,158.341264709,163.98503902733333,monomer
22134261,,C=CC(=O)OC1=CC=CC=C1[N+](=O)[O-],,0,136.347743138,103.091868959,43.6508170072,94.36347636806666,monomer
13841383,,CC(C)CCCCCCCCCCCOC(=O)C=C,,2,577.288333775,584.798203926,595.134376061,585.7403045873333,homopoly
86720804,,C=CC(=O)OCC1=C(C=CC(=C1)N)C2=C(C=C(C=C2)N)COC(=O)C=C,,0,181.560044191,161.673257012,245.22198196,196.15176105433332,monomer
69099902,,CC(=O)OC[C@@H]1[C@H]([C@@H]([C@H]([C@@H](O1)OCCOC(=O)C=C)OC(=O)C)OC(=O)C)OC(=O)C,,0,198.206988975,170.712944315,182.724393486,183.88144225866668,monomer
102514876,,CC(C)(C)OC(=O)CCOCCOCCOCCOCCOCCOC(=O)C=C,,1,367.357206241,356.089694337,394.517099036,372.65466653799996,homopoly
4200359,,C=CC(=O)OCCCCBr,,1,135.873394081,133.902676165,166.074636219,145.28356882166668,homopoly
69736699,,C=CC(=O)OC1=NC2=C(C=CC=C2O)C=C1,,0,110.590760082,159.719515131,108.798178128,126.369484447,monomer
28803,,C=CC(=O)OCCOCCOCCOCCOC(=O)C=C,,0,169.049913008,116.609371699,112.430894508,132.696726405,monomer
75617,,C=CC(=O)OCC1=CC=CC=C1,,0,96.0873909438,105.170702437,50.7086822478,83.98892520953333,monomer
17789732,,C=CC(=O)OCCOC1=CC=C(C=C1)C2(C3=CC=CC=C3C4=CC=CC=C42)C5=CC=C(C=C5)OCCOC(=O)C=C,,2,1207.35011139,1430.94350663,1249.3246543,1295.87275744,homopoly
22709189,,CCCCC1=CC=CC=C1OC(=O)C=C,,0,76.9900612275,125.326284113,145.906517295,116.07428754516665,monomer
85538564,,C=CC(=O)OCCCCCCCCCCCCCCCCCCCCBr,,1,400.134592157,428.611752356,427.356395817,418.7009134433333,homopoly
164510984,,C=CC(=O)OC(C)(C)CCc1ccccc1,,2,480.044344834,435.588341409,487.147192918,467.5932930536667,homopoly
21496309,,C=CC(=O)OCC1=CC=CS1,,1,180.787308314,170.615364735,121.162113281,157.52159544333333,homopoly
17787778,,CCCCCC(OC(=O)C=C)OC(=O)C=C,,0,96.4601096884,117.753863642,115.570363007,109.92811211246665,monomer
75282,,C=CC(=O)OCCOC(=O)C=C,,1,143.697502842,165.435096256,137.278082353,148.80356048366667,homopoly
129721590,,COC(=O)C1(C(C1(C#N)C(=O)OC)C2=CC=C(C=C2)OC(=O)C=C)C#N,,0,254.352102805,128.588112689,154.576163513,179.17212633566666,monomer
129834451,,C=CC(=O)ON1C(=O)C=CC2=CC=CC=C21,,1,256.257401322,147.090459018,325.758665489,243.03550860966666,homopoly
129880690,,COC1=C(C=CC(=C1OC(=O)C=C)C=O)O,,2,363.467471853,496.819001091,491.899745875,450.72873960633336,homopoly
98887,,CC(C)(C)COC(=O)C=C,,1,132.145296012,150.482850403,133.619600905,138.74924910666664,homopoly
14473597,,C=CC(=O)OC1CCCCC1Cl,,0,88.0638333847,74.0125325209,93.9445296917,85.34029853243334,monomer
19899675,,CCCC(OC(=O)C=C)Br,,0,55.882673454,86.7122173052,78.8267532055,73.8072146549,monomer
18546536,,CSCCCOC(=O)C=C,,0,65.4861820256,65.208331899,89.5738534666,73.4227891304,monomer
18952360,,CN(C)C1=NC=NC2=C(C=CC(=C21)Cl)OC(=O)C=C,,1,337.50022072,221.826564636,349.088704943,302.805163433,homopoly
131718422,,C=CC(=O)OC1C[C@H]2CC[C@]1(C)C2(C)C,,1,209.702947217,220.163077225,214.741923092,214.86931584466666,homopoly
100982165,,CCN(CCOC(=O)C=C)C1=CC=C(C=C1)C=O,,2,586.249565173,575.070530873,469.708772702,543.6762895826666,homopoly
57191966,,C=CC(=O)OCCCCCC(O)O,,0,87.0255680078,90.1961670881,75.7145417204,84.3120922721,monomer
54112393,,CCCCCC(CC)(CC)OC(=O)C=C,,0,89.7214558052,120.730896931,123.906618488,111.45299040806667,monomer
57045534,,C=CC(=O)OCCC(Cl)Cl,,1,124.794200332,162.995854573,139.361512597,142.383855834,homopoly
20550278,,CCOC(C)OC(=O)C=C,,1,118.731491437,129.58357137,138.303501221,128.872854676,homopoly
105449,,CN(CCOC(=O)C=C)S(=O)(=O)C(C(C(C(C(C(F)(F)F)(F)F)(F)F)(F)F)(F)F)(F)F,,0,121.51609849,149.567237781,160.882543418,143.988626563,monomer
119935,,CCCCCCCCCCCCCCCCCOC(=O)C=C,,2,714.479517189,684.206557595,641.815744044,680.1672729426667,homopoly
2778248,,CC(C(F)(F)F)(C(F)(F)F)OC(=O)C=C,,1,132.944254418,122.61667333,123.256346817,126.272424855,homopoly
105994,,C=CC(=O)OCCOCCOCCOCCOCCOCC1CCCO1,,1,332.563146644,337.062341445,331.338769276,333.65475245500005,homopoly
129851461,,C=CC(=O)OC1=CC=C(C=C1)N2C=NC(=C2C3=CC=CC=C3)C4=CC=CC=C4,,0,170.27197354,185.393684115,394.221998238,249.96255196433336,monomer
85975705,,CCCCCOC1=CC=C(C=C1)N=NC2=CC=C(C=C2)OC(=O)C=C,,0,205.945368923,231.996621076,178.891153673,205.61104789066667,monomer
53752639,,CC(CC1OCC(CO1)(C)C)OC(=O)C=C,,2,416.365696574,438.089405125,432.628396368,429.027832689,homopoly
77343,,C=CC(=O)OC1=C(C=C(C=C1Br)Br)Br,,2,520.175611133,534.734166442,457.288426471,504.06606801533326,homopoly
139072596,,C=CC(=O)OCCOCC1=C2C=CC=NC2=C(C=C1)O,,0,186.254087006,38.7302039946,219.231638375,148.07197645853333,monomer
105994,,C=CC(=O)OCCOCCOCCOCCOCCOCC1CCCO1,,2,732.514337276,626.431839827,656.295195792,671.7471242983333,homopoly
19861678,,CCCCOCCOCCOCCOC(=O)C=C,,2,478.480245206,467.4829055,489.016468633,478.3265397796667,homopoly
164946354,,CC/C=C/CCOC(=O)C=C,,0,103.299884753,53.3876936896,89.9284976126,82.20535868506666,monomer
129845937,,CCOC(COCCOCCO)(O)OC(=O)C=C,,1,208.779751086,204.415762701,227.914388761,213.70330084933335,homopoly
15185261,,C=CC(=O)OCCCBr,,2,248.809177394,281.058706718,228.791934961,252.88660635766666,homopoly
119747,,C=CC(=O)OCCC(C(C(C(C(C(C(C(F)(F)F)(F)F)(F)F)(F)F)(F)F)(F)F)(F)F)(F)F,,2,491.904951683,487.331130478,471.683619936,483.639900699,homopoly
113159,,CCCCNC(=O)OCCOC(=O)C=C,,2,396.311685403,344.383429543,412.798515373,384.497876773,homopoly
110651,,CCC(COC(=O)C=C)[N+](=O)[O-],,0,70.8802680295,75.9609143628,72.8663625256,73.23584830596667,monomer
18513443,,CCCCCCOCCOC(=O)C=C,,1,184.760329052,204.798005583,191.862180529,193.806838388,homopoly
11058231,,C=CC(=O)OCCOCCOCCOCCOCCOCCOC(=O)C=C,,0,137.464964505,211.92190691,166.481501506,171.95612430699998,monomer
57783175,,CC1=CC=C(C=C1)N(C2=CC=C(C=C2)C3=CC=C(C=C3)CCOC(=O)C=C)C4=C(C=C(C=C4)C)C,,1,684.049206992,664.391386484,669.135753075,672.5254488503333,homopoly
66701901,,C=CC(=O)OCCOCCOCC1=CC=CC=C1,,0,163.020690806,114.5231479,85.4614807872,121.00177316439999,monomer
19880963,,CC(OC(=O)C=C)S(=O)(=O)N,,1,134.412262784,148.222116943,156.269275284,146.301218337,homopoly
132234056,,CCCCCCCC(=O)OC(C)COC(C)COC(=O)C=C,,0,140.265140289,147.877852006,170.159421971,152.767471422,monomer
21696203,,COCCOCCOCCOCCOCCOCCOCCOCCOCCOCCOC(=O)C=C,,2,917.013968397,907.528167629,938.971080788,921.1710722713333,homopoly
22177432,,COC1=CC(=CC=C1)OC(=O)C=C,,2,404.423881845,377.445741247,344.093219113,375.3209474016667,homopoly
20566720,,C=CC(=O)OCCCOC1=CC=C(C=C1)O,,0,86.019121771,109.287389352,135.102291742,110.13626762166666,monomer
86736827,,CCC(C)(NC(=O)NCC)OOC(=O)C=C,,1,203.243975269,213.621963663,209.798361762,208.88810023133337,homopoly
58021564,,CCOP(=O)(COC(=O)C=C)OCC,,1,204.466085464,183.696383628,192.940707044,193.701058712,homopoly
3016576,,CCCCCCCCCCCCCCC(CCCCCCCCCCCC)OC(=O)C=C,,1,496.583897407,496.776733645,537.413823565,510.258151539,homopoly
15748566,,CCCCCC(CC)OC(=O)C=C,,2,373.941591875,377.350050718,387.505889199,379.599177264,homopoly
57709857,,C=CC(=O)OCCS(=O)(=O)CCC(C(F)(F)F)(C(F)(F)F)F,,2,459.373640024,412.660916951,450.876014817,440.9701905973333,homopoly
173047,,CN(CCOC(=O)C=C)S(=O)(=O)CC(C(C(C(C(C(C(C(C(C(C(C(C(C(F)(F)F)(F)F)(F)F)(F)F)(F)F)(F)F)(F)F)(F)F)(F)F)(F)F)(F)F)(F)F)(F)F)(F)F,,0,265.170439155,223.297056713,204.309214115,230.92556999433336,monomer
19859974,,C=CC(=O)OCCCCCCCCCCCCO,,1,270.425545656,259.562795058,254.05652302,261.34828791133333,homopoly
44148663,,CC(COCC(COCC(C)OC(=O)C=C)OCC(C)OC(=O)C=C)OCC(C)OC(=O)C=C,,1,429.42172557,439.127054872,468.332028551,445.62693633099997,homopoly
139024549,,CCC(CC(C)C)COC(=O)C=C,,1,198.723424512,202.739937739,174.349589144,191.93765046500002,homopoly
57045534,,C=CC(=O)OCCC(Cl)Cl,,0,83.2475070956,40.0552619517,80.6856210017,67.99613001633332,monomer
81804,,C=CC(=O)OCCOC1=C(C=C(C=C1Br)Br)Br,,0,75.4537150439,169.9807372,164.328244336,136.58756552663334,monomer
104247,,C=CC(=O)OCCC(C(C(C(F)(F)F)(F)F)(F)F)(F)F,,2,327.752057192,312.259334224,353.872054338,331.294481918,homopoly
22277950,,C=CC(=O)OC(C(C(C(C(C(F)(F)F)(F)F)(F)F)(F)F)(F)F)(F)F,,2,339.52906733,324.481608085,331.291334073,331.7673364959999,homopoly
44580760,,C=CC(=O)OC(CCN1CCN(CC1)CCCN(C2=CC=C(C=C2)F)C3=CC=C(C=C3)F)C4=CC=CC=C4,,0,265.862406445,339.089048987,223.543701837,276.16505242299996,monomer
149983942,,CC(=O)NC1=CC(=CC=C1)OC(=O)C=C,,1,231.235215644,233.782086472,208.649464329,224.555588815,homopoly
139600009,,C=CC(=O)OC1=CC2=C(C=C1)C(=O)CC(O2)C3=CC=CC=C3,,2,715.945174732,535.425635257,714.840739147,655.403849712,homopoly
131740479,,C=CC(=O)OCCOCCN,,0,68.3614651834,78.2714698778,60.2490559446,68.96066366859999,monomer
44457096,,CC(=O)OCC([C@@H]1[C@@H]([C@H]2[C@@H](O1)OC(O2)(C)C)OC(=O)C=C)OC(=O)CCC(=O)N[C@H]3C4N(C3=O)[C@H](C(S4)(C)C)C(=O)O,,0,252.064632044,226.568930494,299.531293419,259.388285319,monomer
86600776,,C=CC(=O)OCCCCCCCC,,0,101.385981633,87.7908451874,94.360680434,94.51250241813334,monomer
129677102,,C=CC(=O)OC[C-]1C=CC=C1,,1,180.224931783,200.988170923,124.358725661,168.523942789,homopoly
86614660,,CC1=CC2=C(C=C1Cl)OC(=O)C(=C2C3=CC(=CC=C3)OC(=O)C=C)CC(=O)NC4=C(C=C(C=C4O)F)C(F)(F)F,,2,1267.86138098,1107.38002686,1274.40818571,1216.5498645166665,homopoly
576412,,C=CC(=O)OCCCC1=CC=CC=C1,,0,135.157953747,40.674487037,129.459642814,101.76402786599999,monomer
18934204,,CCC1(OCC(O1)COC(=O)C=C)C,,1,166.084358086,198.856173778,176.769283511,180.56993845833335,homopoly
86748998,,C=CC(=O)OCCOC(=O)CC(C)=O,,2,320.411009169,383.34358943,321.437930826,341.73084314166664,homopoly
14899,,CC(C)CCCCCCCOC(=O)C=C,,0,120.964228644,94.4475651273,124.466028307,113.29260735943332,monomer
129762053,,C=CC(=O)Oc1nn[nH]n1,,0,92.5348576785,12.4330324692,58.7570350722,54.5749750733,monomer
155899407,,CCCCCCCC(CCCCCCC)N1C(=O)C2=C3C(=CC=C4C3=C(C=C2)C5=C6C4=CC=C7C6=C(C=C5)C(=O)N(C7=O)CCCCCCOC(=O)C=C)C1=O,,2,1305.49859779,2466.87708128,2355.92605636,2042.7672451433334,homopoly
13847847,,CC(C)CCCCCCCCCCCCOC(=O)C=C,,2,639.196387229,591.013265744,623.005582678,617.7384118836667,homopoly
14832789,,C=CC(=O)O[C@H]1C[C@@H]2CC[C@H]1C2,,1,152.018434737,172.40167247,167.094178189,163.838095132,homopoly
20594792,,CCCC1CCC(CC1)C2=CC=C(C=C2)OC(=O)C=C,,0,158.39721078,116.076873459,211.411609366,161.96189786833332,monomer
57191966,,C=CC(=O)OCCCCCC(O)O,,2,306.06480738,347.720758218,351.953577449,335.24638101566666,homopoly
57931572,,C=CC(=O)OC1C2=CC=CC=C2C3=CC=CC=C13,,0,207.515614903,49.4303959788,191.918271504,149.62142746193334,monomer
16205176,,CC(C)(C(=O)OC)OC(=O)C=C,,0,91.0670122984,74.5581087751,61.9035720276,75.84289770036666,monomer
92212,,CC(C)(C1=CC=C(C=C1)OCC(COC(=O)C=C)O)C2=CC=C(C=C2)OCC(COC(=O)C=C)O,,2,1180.01874084,939.660517067,879.527332526,999.7355301443332,homopoly
162724249,,CC(C)(CCC1=CC=CC=C1)OC(=O)C=C,,1,212.138773669,254.649847405,244.58535338,237.1246581513333,homopoly
170992186,,CC1CCC(C(=O)C1)C(C)(C)OC(=O)C=C,,2,452.67760836,423.014472185,464.748413408,446.8134979843333,homopoly
13262697,,C=CC(=O)OCC1=CC=CC2=CC=CC=C21,,1,198.603193726,284.224176271,236.820833572,239.88273452299998,homopoly
57789513,,C=CC(=O)OCCCCCCCCCCS(=O)(=O)O,,0,150.521795328,115.413675744,122.517448157,129.48430640966666,monomer
20230537,,CCNC(=O)OCCOC(=O)C=C,,1,155.041009595,162.369362209,156.882499941,158.09762391499999,homopoly
88088085,,C=CC(=O)OC(C1=CC=C(C=C1)F)(C(F)(F)F)C(F)(F)F,,2,352.236433378,516.848205483,390.553868765,419.879502542,homopoly
129762902,,CC(C)(C(Cl)(Cl)Cl)OC(=O)C=C,,1,161.837769727,183.687187495,184.380511198,176.63515614000002,homopoly
99769780,,C=CC(=O)OCCCC(C(C(C(F)(F)F)(F)F)(F)F)(C(F)(F)F)C(F)(F)F,,0,129.469463002,105.387696699,86.9791332404,107.27876431380001,monomer
21572427,,C=CC(=O)OC(C1=C(C(=C(C=C1)Br)Br)Br)(Br)Br,,0,248.619869378,94.0622012163,138.203599819,160.2952234711,monomer
72941646,,CC[N+](C)(C)CCOC(=O)C=C,,2,1301.44351542,1550.13108741,1698.38705836,1516.6538870633333,homopoly
90732367,,CC1=C(C(=CC=C1)C)OC(=O)C=C,,1,197.110029459,175.650474488,212.200682587,194.98706217799997,homopoly
22182933,,C=CC(=O)OC1CCCCC1O,,2,319.99384082,323.121539862,313.567709949,318.89436354366666,homopoly
129831059,,C=CC(=O)OC1([C@@H]([C@H]([C@@H]([C@H](O1)CO)O)O)O)O,,2,333.22056072,378.295979722,390.708502218,367.4083475533333,homopoly
18469648,,CCCCC1CCC(CC1)OC(=O)C=C,,2,442.629424916,430.585025031,451.57576874,441.59673956233337,homopoly
20812341,,CC1(OCC(O1)COC(=O)C=C)C,,1,165.869134328,164.738698438,163.430914886,164.67958255066665,homopoly
13774217,,C=CC(=O)OC1=CC=C(C=C1)Br,,1,138.215161245,154.437443495,252.793937829,181.8155141896667,homopoly
11959825,,C=CC(=O)OC1CCOC1=O,,0,48.0334088481,69.0230114715,77.0074844612,64.68796826026666,monomer
15621059,,C=CC(=O)OCC1=CC=C(C=C1)C2=CC=CC=C2,,2,411.602607225,538.138031111,796.010726201,581.9171215123333,homopoly
23662581,,C=CC(=O)OCCOCCCS(=O)(=O)[O-],,2,2314.62559129,3139.92329312,1443.35884162,2299.3025753433335,homopoly
22182933,,C=CC(=O)OC1CCCCC1O,,1,162.020257951,149.299391148,163.5523029,158.29065066633333,homopoly
46835728,,CC(C)(C)C1=CC(=CC(=C1)OC(=O)C=C)C(C)(C)C,,2,647.512788749,602.561870235,570.264348392,606.7796691253334,homopoly
86815,,C=CC(=O)OC(C1=CC=CC=C1)C(=O)C2=CC=CC=C2,,1,313.228619704,296.393554515,276.021396865,295.2145236946667,homopoly
23362714,,C=CC(=O)OCCCC1=CC=NC=C1,,0,117.944966273,104.062714485,73.0052502527,98.33764367023332,monomer
10192585,,CC(C)(CO)COC(=O)C=C,,1,136.421295933,152.137372657,139.799775923,142.786148171,homopoly
145430716,,C=CC(=O)OCC1=CC(=CC=C1)SC2=CC=CC=C2,,1,346.018019678,279.624539448,310.336676952,311.99307869266664,homopoly
45091793,,C=CC(=O)OCC1=NNN=C1,,1,87.5061245514,140.033242618,150.989822502,126.17639655713333,homopoly
11368265,,C=C[C@@H](COCC1=CC=CC=C1)OC(=O)C=C,,2,519.603515989,418.188973855,501.746650802,479.8463802153333,homopoly
45120227,,CC(C)C(=O)NCCOC(=O)C=C,,1,165.672956912,185.052342215,157.335752732,169.353683953,homopoly
22003413,,CC(C)CCCCOC(=O)C=C,,1,182.495877006,158.825979062,177.122667229,172.81484109899998,homopoly
18628414,,C=CC(=O)OOOC(=O)C=C,,0,86.5407002114,49.7583946872,59.5203245095,65.2731398027,monomer
3034295,,CCN(CCOC(=O)C=C)S(=O)(=O)C(C(C(C(F)(F)F)(F)F)(F)F)(F)F,,2,504.3508812,503.421870526,565.98136956,524.5847070953333,homopoly
12353532,,C=CC(=O)OC1=C(C=C(C=C1)Cl)Cl,,1,214.59478275,206.178760584,196.285988569,205.68651063433333,homopoly
17050,,CCN(CC)CCOC(=O)C=C,,1,162.088285489,160.003357222,178.175986338,166.75587634966666,homopoly
124202873,,CO[13C](=O)[13CH]=[13CH2],,1,70.1872277727,87.8644676291,66.4566286996,74.8361080338,homopoly
92015353,,CC1=CC(=CC(=C1OC(=O)C=C)C)N=NC2=CC=C(C=C2)C(C)(C)C,,1,430.705173158,382.924593828,408.955170793,407.528312593,homopoly
25644,,C=CC(=O)OCCCCCCOC(=O)C=C,,2,473.530900637,373.651228621,432.873034513,426.6850545903333,homopoly
14365587,,C=CC(=O)Oc1cccc(O)c1O,,0,152.132256848,71.5726942914,45.5787108605,89.76122066663333,monomer
54320061,,C=CC(=O)OCCOC1=CC=CC=C1OC(=O)C=C,,1,264.937293739,260.701911594,261.626277862,262.4218277316667,homopoly
175023,,CN(CCOC(=O)C=C)S(=O)(=O)CCC(C(C(C(C(C(C(C(C(C(C(C(C(C(C(C(F)(F)F)(F)F)(F)F)(F)F)(F)F)(F)F)(F)F)(F)F)(F)F)(F)F)(F)F)(F)F)(F)F)(F)F)(F)F)(F)F,,0,257.91578533,258.899778149,248.212322151,255.00929521,monomer
102223599,,C=CC1=C(C=C(C=C1)O)OC(=O)C=C,,0,132.028095595,21.6097945448,171.094509533,108.24413322426666,monomer
13908061,,C=CC(=O)OCCOCCOCCO,,1,175.38159691,170.443766697,174.377030165,173.40079792400002,homopoly
3022445,,CCCCCCCCCCCCCCCCC(C)COC(=O)C=C,,0,185.852487438,179.264684605,202.960302918,189.35915832033334,monomer
21872250,,C=CC(=O)OCCOC1=CC=C(C=C1)Cl,,2,546.352698192,422.621363208,333.678058781,434.2173733936667,homopoly
21896322,,C=CC(=O)OC1(CCCC1)C2CCCO2,,2,419.312519098,402.067005006,406.490084967,409.2898696903333,homopoly
9989898,,C=CC(=O)OC1=CC=CC=C1Cl,,0,118.732874073,97.5147889484,49.0545126861,88.43405856916667,monomer
22186490,,CC(C)(C)CCOC(=O)C=C,,2,322.729768968,290.885927222,333.803860702,315.80651896399996,homopoly
129677092,,C=CC(=O)OCC[C-]1C=CC=C1,,1,565.151862162,160.758596932,330.662730265,352.1910631196667,homopoly
69233288,,C=CC(=O)OC1=CC(=CC2=C1N(C3=C2C=C(C=C3)Cl)CCO)Cl,,1,322.066954149,474.227826656,365.787899036,387.36089328033336,homopoly
54530313,,CC1(COC(OC1)CCOCCOC(=O)C=C)C,,1,229.098565726,252.345815441,220.216992148,233.88712443833333,homopoly
15509192,,C=CC(=O)OC1(CCCC1)C2CCCCC2,,0,140.287572906,116.808236279,96.3446349941,117.81348139303334,monomer
105239,,CN(CCOC(=O)C=C)S(=O)(=O)CC(C(C(C(C(C(F)(F)F)(F)F)(F)F)(F)F)(F)F)(F)F,,2,645.538298888,554.739291493,599.079208732,599.7855997043333,homopoly
18392,,COCCOC(=O)C=C,,2,238.813778276,242.379620712,202.489178302,227.89419243,homopoly
155509,,C=CC(=O)OC[C@@H]1CCCN2[C@@H]1CCCC2,,1,232.133459907,211.441195364,235.202754454,226.25913657499999,homopoly
129677092,,C=CC(=O)OCC[C-]1C=CC=C1,,2,1619.26926125,1085.04932474,602.443652912,1102.254079634,homopoly
58319698,,C=CC(=O)OCCC(=O)ON1C(=O)CCC1=O,,1,207.769431748,233.449794991,163.000570435,201.40659905799998,homopoly
688322,,CC(C)(C)C1CCC(CC1)OC(=O)C=C,,2,423.680566815,428.424313191,452.979118655,435.02799955366663,homopoly
155908502,,CCN(CC)CC1=C(C=CC(=C1)C)OC(=O)C=C,,2,535.18255906,494.978402788,628.850402926,553.003788258,homopoly
62093,,CC(C)(C1=CC(=C(C(=C1)Br)OC(=O)C=C)Br)C2=CC(=C(C(=C2)Br)OC(=O)C=C)Br,,2,1041.63348172,951.703629694,1008.01402602,1000.4503791446667,homopoly
54033718,,CCCCC(CN1C=NC=N1)(COC(=O)C=C)C2=CC=C(C=C2)Cl,,2,791.228322555,621.063469825,678.215643019,696.8358117996668,homopoly
75084,,CCCCCCCCCCCCOC(=O)C=C,,2,513.785041859,529.14402175,511.241464918,518.0568428423334,homopoly
53829200,,C=CC(=O)ON1CCCCC1,,1,130.929726628,173.931895555,142.660750995,149.17412439266667,homopoly
92188,,CCC(C)OC(=O)C=C,,1,115.985354216,119.96698346,134.795334471,123.58255738233333,homopoly
86720806,,C=CC(=O)OCC1=C(C=CC(=C1)[N+](=O)[O-])C2=C(C=C(C=C2)[N+](=O)[O-])COC(=O)C=C,,1,574.387006279,432.337785572,304.857248856,437.194013569,homopoly
3051375,,CC(=O)OC[C@]12CC[C@@H](C[C@]1(CC[C@@H]3[C@@H]2CC[C@]4([C@@]3(CC[C@H]4C(=O)COC(=O)C=C)O)C)O)OC(=O)C,,1,476.226495325,524.541899865,483.354259157,494.707551449,homopoly
155717,,CN(CCOC(=O)C=C)S(=O)(=O)CCC(C(C(C(C(C(C(C(C(C(F)(F)F)(F)F)(F)F)(F)F)(F)F)(F)F)(F)F)(F)F)(F)F)(F)F,,1,377.393907726,381.922284545,400.715659485,386.6772839186667,homopoly
21896322,,C=CC(=O)OC1(CCCC1)C2CCCO2,,0,122.866495993,107.654465933,82.2012465971,104.24073617436666,monomer
86741359,,C=CC(=O)OCCN(CC)CC,,2,342.857389893,328.143297395,327.387763043,332.7961501103334,homopoly
129818296,,COC1=C(C(=C(C=C1)OC(=O)C=C)OC)OC,,1,217.663093347,279.905866862,237.312280536,244.96041358166667,homopoly
129773825,,C=CC(=O)OCC1=CC=C(C=C1)C(=O)C2=CC=CC=C2,,1,236.065030496,432.257222183,239.754772446,302.69234170833334,homopoly
2737317,,C=CC(=O)OCCF,,1,87.1212622063,91.0654844515,95.0449712173,91.0772392917,homopoly
19979417,,CC1(CC(CC(N1OC2CCCCC2)(C)C)OC(=O)C=C)C,,1,304.08311231,315.118089892,330.207599527,316.46960057633333,homopoly
168490272,,C=CC(=O)OC1=CC=CC2=C1C(=O)N(C2=O)C3CCC(=O)NC3=O,,1,402.817701574,210.582838659,360.655877811,324.68547268133335,homopoly
87061321,,C/C=C/CCCOC(=O)C=C,,0,82.1554399681,84.1153614563,75.0655400506,80.44544715833332,monomer
108597,,CC(C)(C1=CC=CC=C1)C2=CC=C(C=C2)OC(=O)C=C,,2,551.137775802,597.020027896,752.469710159,633.5425046189999,homopoly
2776419,,C=CC(=O)OCC(C(C(C(C(C(C(C(C(C(F)F)(F)F)(F)F)(F)F)(F)F)(F)F)(F)F)(F)F)(F)F)(F)F,,0,110.454545245,117.434352373,167.115573797,131.66815713833333,monomer
129875431,,C=CC(=O)ONCC1=CC=CN1,,0,97.0008329618,36.6026300405,96.3972243642,76.66689578883334,monomer
129689811,,C=CC(=O)O[C@@]1([C@@H]([C@H]([C@H]([C@H](O1)O[C@@H]2[C@H](O[C@H]([C@@H]([C@H]2O)O)O)CO)O)O)O)CO,,0,181.559754656,157.608482573,116.476194455,151.881477228,monomer
44150458,,CC(=O)OCC1(CCC2C1C3CCC2C3)COC(=O)C=C,,0,137.644990351,146.560556686,145.02378098,143.07644267233331,monomer
23635724,,CCCOC(=O)C1=CC=C(C=C1)OC(=O)C=C,,2,470.187812004,369.615139137,677.152548786,505.651833309,homopoly
129854610,,CCCCCCCCCCOC(=O)CCOC(=O)C=C,,1,296.743414851,279.791870874,284.123119411,286.88613504533333,homopoly
129883305,,COC1=CC=C(C=C1)C=NCCCOC(=O)C=C,,2,456.508219814,574.678834256,531.236969095,520.8080077216666,homopoly
86600777,,C=CC(=O)OCCCCCCCCCCCCCCCCCCCCCC,,1,396.03688452,455.364363045,418.556220424,423.31915599633334,homopoly
129722417,,C=CC(=O)OC(=C=O)OC(=O)C=C,,1,189.080021165,172.100077529,180.862829198,180.680975964,homopoly
164511035,,C[C@H]1CCC([C@H](C1)OC(=O)C=C)C(=C)C,,0,125.542989765,111.164231471,97.5681289524,111.42511672946667,monomer
16217174,,C=CC(=O)OC[C@@H]1CCCN1C2=CC=C(C=C2)[N+](=O)[O-],,0,135.076250122,68.8642933601,262.756563929,155.56570247036666,monomer
293461,,C=CC(=O)OC1=CC=C(C=C1)Cl,,0,160.983254162,70.3576119251,41.7250935792,91.02198655543333,monomer
71413787,,C=CC(=O)OCCCS(=O)(=O)C(C(C(C(F)(F)F)(F)F)(F)F)(F)F,,1,234.155542909,194.582024451,266.332210336,231.68992589866664,homopoly
19028358,,CC(COC(=O)C=C)Cl,,2,259.561292917,253.705998914,238.137880397,250.46839074266666,homopoly
129677102,,C=CC(=O)OC[C-]1C=CC=C1,,2,569.630891539,1332.40244676,1001.11212081,967.7151530363334,homopoly
9942853,,CC(COC(C)COC(=O)C=C)OC(=O)C=C,,2,401.18272275,419.221558309,527.298733526,449.23433819499996,homopoly
162071,,C[N+](C)(C)CCOC(=O)C=C,,1,143.248745978,161.607474166,150.338802619,151.73167425433334,homopoly
18183725,,CC(C)(C)NOC(=O)C=C,,1,116.912935218,139.590021466,143.192433604,133.23179676266668,homopoly
129722417,,C=CC(=O)OC(=C=O)OC(=O)C=C,,2,319.599768537,331.033836769,392.313193152,347.6489328193333,homopoly
54336186,,C=CC(=O)OCCSC1=CC2=CC=CC=C2C=C1,,1,293.263371405,326.515669396,299.316482376,306.36517439233336,homopoly
19855,,CCC(CC)COC(=O)C=C,,0,104.960133269,72.1425639219,63.814195961,80.30563105063334,monomer
44607784,,C=CC(=O)OCC1C2=CC=CC=C2C3=CC=CC=C13,,2,454.14553359,557.184445739,753.847064218,588.392347849,homopoly
3013855,,C=CC(=O)OCC(C(C(C(C(C(C(C(F)(F)F)(F)F)(F)F)(F)F)(F)F)(F)F)(F)F)(F)F,,2,436.922844985,432.937841593,466.913901104,445.5915292273333,homopoly
2776419,,C=CC(=O)OCC(C(C(C(C(C(C(C(C(C(F)F)(F)F)(F)F)(F)F)(F)F)(F)F)(F)F)(F)F)(F)F)(F)F,,2,559.747483249,493.533031455,522.089575615,525.1233634396666,homopoly
20226495,,C=CC(=O)OCC1=CC=CC=C1C2=CC=CC=C2,,2,507.425129491,721.472141072,441.059361284,556.6522106156666,homopoly
576412,,C=CC(=O)OCCCC1=CC=CC=C1,,2,423.501253585,364.360005309,426.326464693,404.72924119566665,homopoly
61242,,C=CC(=O)OC1=CC=CC=C1,,2,229.174702309,459.970112567,259.502409755,316.21574154366664,homopoly
21572427,,C=CC(=O)OC(C1=C(C(=C(C=C1)Br)Br)Br)(Br)Br,,2,667.797111313,564.968286311,660.899701435,631.2216996863333,homopoly
13338025,,C=CC(=O)OC1=CC=CC=C1C2=CC=CC=C2,,1,253.128439517,255.145164777,294.509451321,267.5943518716667,homopoly
20973,,CSCCOC(=O)C=C,,2,243.585534091,252.622674396,286.096704402,260.7683042963333,homopoly
2776166,,C=CC(=O)OCC(CC(C(C(C(C(C(F)(F)F)(F)F)(F)F)(F)F)(F)F)(F)F)O,,2,421.853780058,413.773606038,513.308300134,449.64522874333335,homopoly
129824099,,CC(C)(C(=O)OC12CC3CC(C1)CC(C3)(C2)OC(=O)C=C)Br,,1,297.779081629,342.495315798,293.304260604,311.1928860103333,homopoly
27282087,,C=CC(=O)OCCCCC1=C(C=C(C=C1)[N+](=O)[O-])[N+](=O)[O-],,1,250.714974891,214.587856795,371.221471789,278.8414344916667,homopoly
54307722,,C=CC(=O)OCCCCCCCCF,,2,391.616259016,381.026568772,382.644563502,385.0957970966667,homopoly
129815894,,C=CC(=O)OC(=C1C=CC=C1)O,,2,311.26663029,432.146160405,358.115464561,367.17608508533334,homopoly
78270,,COC1=CC=C(C=C1)OC(=O)C=C,,2,359.770827392,332.136298515,464.726070714,385.5443988736667,homopoly
57198481,,C=CC(=O)OCC(C)OC(=O)C=C,,0,93.9721046086,62.1594409663,95.3917752786,83.84110695116667,monomer
10907737,,CCC(C)(C)C1=CC(=C(C(=C1)C(C)(C)CC)O)C(C)C2=C(C(=CC(=C2)C(C)(C)CC)C(C)(C)CC)OC(=O)C=C,,0,270.855450532,405.533503757,305.384788859,327.2579143826667,monomer
21872246,,C=CC(=O)OCCOC1=CC=CC2=CC=CC=C21,,0,169.385008359,55.7370161479,193.874554517,139.66552634130002,monomer
58231726,,C=CC(=O)OC1=C(C=C(C=C1)C2=CC3=CC=CC=C3S2)C4=CC5=CC=CC=C5S4,,0,30.3238865792,402.425202713,502.033674839,311.5942547104,monomer
92954,,C=CC(=O)OCC(CCl)O,,0,78.0142735407,31.8735493889,78.8024729749,62.896765301500004,monomer
82347,,C=CC(=O)OCCCCCCO,,0,95.4186327989,53.8477689737,97.3501582755,82.20552001603333,monomer
20097428,,CC(C)(C)C1=CC(=CC(=C1COC(=O)C=C)C(C)(C)C)O,,2,538.2325103,691.559179177,711.763138731,647.184942736,homopoly
129824056,,C=CC(=O)OC1=CC2=C(C=C1)C=C2,,2,556.692266511,200.741325278,437.847838647,398.42714347866666,homopoly
121743,,C=CC(=O)OCCOC(=O)C1=CC=CC=C1C(=O)O,,1,149.547847025,287.867191157,289.594429067,242.33648908299998,homopoly
11566095,,C=CC(=O)Oc1c(C)cc(C)cc1C,,2,462.550397476,330.273745351,526.691730444,439.8386244236667,homopoly
14288021,,C[C@H](CCCC(C)C)[C@H]1CC[C@@H]2[C@@]1(CC[C@H]3[C@H]2CC=C4[C@@]3(CC[C@@H](C4)OC(=O)C=C)C)C,,1,511.464629663,441.479994255,547.810696109,500.2517733423333,homopoly
108956,,C=CC(=O)OCC(CO)(COCC(COC(=O)C=C)(COC(=O)C=C)COC(=O)C=C)COC(=O)C=C,,1,485.153087532,453.000288657,478.747386962,472.3002543836667,homopoly
15055442,,CC(C)(C(=O)C1=CC=C(C=C1)OCCOC(=O)C=C)O,,2,522.881757604,523.09092219,579.141364454,541.704681416,homopoly
66647127,,C=CC(=O)OC1=CC=CC2=C1NC3=CC=CC=C23,,2,830.568071309,329.975930136,632.322448767,597.6221500706666,homopoly
105994,,C=CC(=O)OCCOCCOCCOCCOCCOCC1CCCO1,,0,166.613491551,178.413737375,159.598553223,168.2085940496667,monomer
162073,,C[N+](C)(CCOC(=O)C=C)CC1=CC=CC=C1,,2,2269.3253715,1778.39711352,2907.34012993,2318.3542049833336,homopoly
544523,,CC1=C(C(=C(C=C1)C(C)(C)C)O)CC2=C(C(=CC(=C2)C)C(C)(C)C)OC(=O)C=C,,0,201.188209358,232.27352684,259.861952946,231.1078963813333,monomer
54523676,,CCCCCCCC(=O)OCCOC(=O)C=C,,1,242.762264248,223.828735241,235.077046512,233.889348667,homopoly
129883305,,COC1=CC=C(C=C1)C=NCCCOC(=O)C=C,,0,106.387149879,127.386430639,200.508029837,144.760536785,monomer
129735866,,C=CC(=O)OC1=C2C=C3C=CC(=N3)C=C4C=CC(=N4)C=C5C=CC(=CC(=C1)N2)N5,,0,94.1901812412,551.87696758,392.285960201,346.1177030074,monomer
10308068,,C=CC(=O)OC1=C2C=CC=CC2=CC3=CC=CC=C31,,1,293.23944288,359.116146895,378.103676592,343.48642212233335,homopoly
57709857,,C=CC(=O)OCCS(=O)(=O)CCC(C(F)(F)F)(C(F)(F)F)F,,0,115.029239714,120.911366267,91.4346258799,109.12507728696666,monomer
53873894,,CCCCCCCCCC=COC(=O)C=C,,2,542.29432781,474.629745312,500.116721382,505.6802648346666,homopoly
16205176,,CC(C)(C(=O)OC)OC(=O)C=C,,2,295.238895304,321.881088686,279.66341039,298.9277981266667,homopoly
3016467,,COCCOCCOCCOC(=O)C=C,,1,192.643583165,185.69982818,196.101010588,191.4814739776667,homopoly
3022608,,CCCCCCC(CCCC)COC(=O)C=C,,2,520.566837967,508.397573443,544.463669743,524.476027051,homopoly
22348578,,C=CC(=O)OCC1=CC=CC=C1O,,1,160.496103376,148.163820629,204.624040925,171.09465497666667,homopoly
85538564,,C=CC(=O)OCCCCCCCCCCCCCCCCCCCCBr,,2,823.896769241,834.327869688,807.203577006,821.8094053116666,homopoly
870529,,C=CC(=O)OC1=CC=C(C=C1)N2CC3=CC=CC=C3C2=O,,2,582.549699154,889.823441218,633.32099782,701.8980460639999,homopoly
59502627,,C=CC(=O)OC1=C2C=CC=CC2=NC3=CC=CC=C31,,0,252.773501921,36.2648387421,214.733899808,167.92408015703333,monomer
229992,,CC(=C)COC(=O)C=C,,2,257.370235066,259.719560664,241.253789543,252.78119509100006,homopoly
105447,,CN(CCOC(=O)C=C)S(=O)(=O)C(C(C(C(F)(F)F)(F)F)(F)F)(F)F,,0,104.167848545,107.702884579,162.728014285,124.86624913633334,monomer
54152724,,C=CC(=O)OCCOC1=CC=C(C=C1)C2=CC=C(C=C2)C#N,,2,884.403864564,777.109019153,508.820731398,723.4445383716667,homopoly
132276613,,C=CC(=O)OC1=CC2=C(C=C1)C=C(C(=O)O2)C#N,,2,530.865593418,444.594962532,800.032023488,591.8308598126667,homopoly
21896322,,C=CC(=O)OC1(CCCC1)C2CCCO2,,1,214.888790754,197.328837948,201.635356533,204.617661745,homopoly
162071,,C[N+](C)(C)CCOC(=O)C=C,,2,1554.40687176,1889.20282841,1124.18188992,1522.5971966966665,homopoly
129847129,,C=CC(=O)OC1=CC2=C(C=C1)C3(C4=CC=CC=C4C(=O)O3)C5=CC=CC=C5O2,,2,887.525939977,965.065588757,826.593411813,893.0616468489999,homopoly
70029087,,C=CC(=O)OC1=CC=C(C2=CC=CC=C21)C=NNC(=O)C3=CC(=C(C=C3)O)Cl,,2,1018.50569527,1021.07758176,811.252037115,950.2784380483334,homopoly
12191274,,COC1=C(C=CC(=C1)C=O)OC(=O)C=C,,2,535.050989631,357.157640666,406.763415209,432.99068183533336,homopoly
543295,,CCCCCCCCCCCCC(C)OC(=O)C=C,,2,596.397494254,562.249072374,598.520749995,585.7224388743333,homopoly
71309119,,CCCCOC(=O)[13CH]=C,,2,233.86103871,274.072602217,239.800521049,249.24472065866667,homopoly
11390128,,C=CC(=O)OC12CC3CC(C1)CC(C3)C2,,0,123.397087957,96.5209048046,104.35203626,108.09000967386665,monomer
3022435,,CCCCCCC(C)COC(=O)C=C,,2,418.124930471,416.909886366,416.685584512,417.240133783,homopoly
20226504,,COC1=CC=CC(=C1)COC(=O)C=C,,0,129.13608649,75.5394997324,99.9497079037,101.5417647087,monomer
543884,,CCCCC(CC)CCC(CC)OC(=O)C=C,,0,138.004602805,133.488277432,114.998001491,128.83029390933334,monomer
109856,,CN(CCCCOC(=O)C=C)S(=O)(=O)C(C(C(C(C(C(F)(F)F)(F)F)(F)F)(F)F)(F)F)(F)F,,2,654.313199483,670.320922629,625.248534415,649.960885509,homopoly
129721590,,COC(=O)C1(C(C1(C#N)C(=O)OC)C2=CC=C(C=C2)OC(=O)C=C)C#N,,1,300.380366157,397.765606384,347.502906686,348.549626409,homopoly
11816169,,CC(C1=CC=CC=C1)OC(=O)C=C,,2,306.541461053,409.989904195,394.704301576,370.4118889413333,homopoly
129677092,,C=CC(=O)OCC[C-]1C=CC=C1,,0,121.099441746,48.5121661405,101.78164744,90.46441844216668,monomer
85785799,,C=CC(=O)OCC1=C(OC(=N1)C2=CC=CC=C2)C3=CC=CC=C3,,2,757.38676106,740.937179464,802.118969606,766.8143033766668,homopoly
21293197,,C=CC(=O)OCC[N+](=O)[O-],,0,54.9509182426,37.0978079421,76.6233668587,56.22403101446667,monomer
3013855,,C=CC(=O)OCC(C(C(C(C(C(C(C(F)(F)F)(F)F)(F)F)(F)F)(F)F)(F)F)(F)F)(F)F,,1,223.161030706,238.46327188,216.031522447,225.88527501099998,homopoly
129854430,,CCCCCCCCCCCCCCCCOC(=O)CCOC(=O)C=C,,1,377.686504218,379.347946172,382.203334943,379.7459284443333,homopoly
145796951,,C=CC(=O)OC(O)(CO)C(O)(OC(=O)C=C)OC(=O)C=C,,2,449.707452445,494.503342702,459.458944775,467.8899133073333,homopoly
16217348,,C=CC(=O)OCc1ccccc1,,1,176.020675432,153.606950132,164.881633041,164.836419535,homopoly
88654,,CCCCCCCCCCCOC(=O)C=C,,0,126.723439119,119.616978173,118.180011556,121.506809616,monomer
129700121,,C=CC(=O)OCC(CC)CCCC,,0,89.9252034869,90.189993869,107.149631843,95.75494306630002,monomer
57548328,,CCCCOCC1=CC=C(O1)COC(=O)C=C,,2,475.55355881,499.265579907,431.439230869,468.75278986200004,homopoly
129851391,,C=CC(=O)OC1=CC(=CC2=C1N(C3=C2C=C(C=C3)I)CCO)I,,0,251.707207196,55.9107772405,366.694195137,224.77072652450002,monomer
19706381,,C=CC(=O)OC1CCC(CC1)C2CCC(CC2)C3=C(C(=CC=C3)F)F,,2,797.085976428,741.2279126,633.701871136,724.0052533879999,homopoly
3023345,,CC(C(=O)OCCCCCOC(=O)C=C)Br,,1,231.583383637,195.938999069,238.211835381,221.911406029,homopoly
53426370,,C=CC(=O)OCCCCOC(=O)CCl,,2,379.654792231,325.81387602,383.24369945,362.904122567,homopoly
91058,,CC=CCOC(=O)C=C,,2,303.080823444,252.107189605,215.605636582,256.93121654366666,homopoly
62414,,C=CC(=O)OCCOCCOCCOC(=O)C=C,,0,155.339653522,84.8813225986,102.854424209,114.35846677653332,monomer
67744,,C=CC(=O)OCC(C(F)(F)F)(F)F,,0,78.5911038103,53.1040018362,36.1709344184,55.955346688300004,monomer
23663682,,C=CC(=O)OCCCS(=O)(=O)[O-],,1,126.166599067,144.266835246,180.177576461,150.20367025800002,homopoly
68055331,,C=CC(=O)OC1=C(C(=C(C=C1)F)F)F,,1,102.378745072,137.047750509,268.783257515,169.403251032,homopoly
85957,,C=CC(=O)OCC(CC(C(C(C(C(C(C(C(C(C(C(C(F)(F)F)(C(F)(F)F)F)(F)F)(F)F)(F)F)(F)F)(F)F)(F)F)(F)F)(F)F)(F)F)(F)F)O,,0,193.650279255,179.877148585,154.026337242,175.8512550273333,monomer
129858029,,C=CC(=O)ON=[N+]=[N-],,1,104.834959145,90.4460784773,89.5098465579,94.93029472673334,homopoly
4184941,,COCCCOCCCOCCCOC(=O)C=C,,2,502.101075832,469.992586709,470.365215939,480.8196261599999,homopoly
129673021,,C=CC(=O)OOC(=O)C1=CC1=O,,2,299.508820543,325.256053947,243.56610527,289.44365992,homopoly
19067483,,C=CC(=O)OCC1=CC=C(C=C1)[N+](=O)[O-],,0,95.2001886438,122.981399122,79.8018540108,99.32781392553333,monomer
57003781,,C=CC(=O)OCCC(Br)Br,,0,85.4399561406,82.0684341068,52.1809736685,73.22978797196667,monomer
54514640,,C=CC(=O)OC1=CC=C(C=C1)CO,,2,224.317967095,385.663266768,506.027313317,372.00284906,homopoly
3086961,,CC(OCCOCCOC=C)OC(=O)C=C,,0,102.587183108,97.5211592157,110.603053052,103.57046512523334,monomer
129884945,,C=CC(=O)OC1=CC(=O)C2=CC=CC=C2O1,,1,201.229951459,309.130644944,159.979214909,223.44660377066666,homopoly
86753071,,C=CC(=O)OCCCCOC1=CC=C(C=C1)C2(CC=CC(=C2F)C3=CC=C(C=C3)CCCC=O)F,,0,254.3771917,245.048793439,329.694524301,276.3735031466667,monomer
13774217,,C=CC(=O)OC1=CC=C(C=C1)Br,,2,353.756303773,503.437458011,279.241919997,378.811893927,homopoly
3022442,,CCCCCCCCCCCCCC(C)COC(=O)C=C,,1,330.461410098,330.17364969,308.826944355,323.154001381,homopoly
86600776,,C=CC(=O)OCCCCCCCC,,2,405.918681977,389.429330062,350.209901314,381.85263778433335,homopoly
12860622,,C[C@@H]1CC[C@H]([C@@H](C1)OC(=O)C=C)C(C)(C)C2=CC=C(C=C2)OC,,2,719.477928359,633.243277257,689.843063125,680.854756247,homopoly
170899745,,C=CC(=O)OCCCCCCCCCCCCCCCCCBr,,1,373.322287962,331.11207136,380.950135743,361.7948316883333,homopoly
22228790,,C=CC(=O)OC12CC3CC(C1)CC(C3)(C2)O,,2,417.469298135,444.511362737,437.569553029,433.18340463366667,homopoly
19042,,C=CC(=O)OCC(CO)(COC(=O)C=C)COC(=O)C=C,,2,544.924882283,456.273838069,561.393430774,520.8640503753332,homopoly
118107964,,C=CC(=O)OCCC1=CC=C(C=C1)OC2=CC=C(C=C2)OC3=CC=CC=C3,,1,343.737385323,537.765076246,415.959021014,432.48716086099995,homopoly
57127567,,CC[C@H](C)OC(=O)C=C,,0,69.0424481221,49.6421136787,69.4896817357,62.7247478455,monomer
54484930,,CC(=O)NCOC(=O)C=C,,0,54.6498099053,59.9868157166,67.905872398,60.84749933996667,monomer
76133726,,C=CC(=O)OCCCCCCCF,,2,334.747917574,349.628711413,363.412212693,349.2629472266667,homopoly
129756457,,C=CC(=O)OCCSC1=NN=NN1C2=CC=CC=C2,,0,125.636556787,148.625698764,141.437787069,138.56668087333333,monomer
88984,,CCCCCCCCCCCCCCOC(=O)C=C,,1,284.136780433,300.426213911,286.007794941,290.19026309500003,homopoly
543187,,CCC(=O)OC(C)OC(=O)C=C,,2,302.191706646,283.466997867,307.998752079,297.885818864,homopoly
75282,,C=CC(=O)OCCOC(=O)C=C,,0,83.8443984441,48.4739771708,90.0504648402,74.12294681836666,monomer
21412899,,C=CC(=O)OC(C(C(C(C(C(C(C(C(F)(F)F)(F)F)(F)F)(F)F)(F)F)(F)F)(F)F)(F)F)(F)F,,1,229.79021277,233.050926684,210.384203933,224.40844779566666,homopoly
10104558,,C[C@H]1CC[C@@H]([C@H](C1)OC(=O)C=C)C(C)C,,0,122.45481647,93.2943727905,115.900245233,110.54981149783333,monomer
70117982,,C=CC(=O)OCC(C1=CC=CC=C1)SC2=CC=CC=C2,,2,639.816133719,645.048153671,643.815563067,642.8932834856668,homopoly
54156327,,CC(=O)NOC(=O)C=C,,1,118.280445191,82.5728779421,114.976378911,105.27656734803332,homopoly
10997741,,CC(=O)OCCCCOC(=O)C=C,,1,174.688511364,169.696822195,155.604964914,166.66343282433334,homopoly
81804,,C=CC(=O)OCCOC1=C(C=C(C=C1Br)Br)Br,,1,291.223631601,309.207309713,221.331064684,273.920668666,homopoly
54550688,,CCC(COC(=O)C=C)C#N,,2,276.718785194,289.604407916,282.426336101,282.916509737,homopoly
57567,,CC(OC(=O)CCN1CC1)OC(=O)C=C,,2,408.753325071,376.045585662,347.782044832,377.5269851883333,homopoly
14288021,,C[C@H](CCCC(C)C)[C@H]1CC[C@@H]2[C@@]1(CC[C@H]3[C@H]2CC=C4[C@@]3(CC[C@@H](C4)OC(=O)C=C)C)C,,0,253.995767469,180.073694328,337.635362284,257.2349413603333,monomer
139024549,,CCC(CC(C)C)COC(=O)C=C,,0,97.0206515889,106.985573945,80.5695918698,94.85860580123334,monomer
129726845,,C=CC(=O)OCCCCCCCCCCC,,2,478.92716765,493.327571362,466.647849228,479.63419608000004,homopoly
10034607,,C=CC(=O)OCC#N,,0,56.6837548445,31.4604299886,49.5644712441,45.902885359066666,monomer
17258,,CCCCCCCCOC(=O)C=C,,0,114.070204585,98.8651665759,74.6771784126,95.87084985783333,monomer
2775810,,C=CC(=O)OCC(CC(C(C(C(F)(F)F)(F)F)(F)F)(F)F)O,,0,97.5043650818,77.9951786372,99.4196976502,91.63974712306667,monomer
89065,,CC[N+](C)(CC)CCOC(=O)C=C,,1,286.397484257,297.699796505,787.676068967,457.257783243,homopoly
16205716,,C=CC(=O)OCCC(C(C(C(C(C(C(C(C(C(C(C(C(C(F)(F)F)(C(F)(F)F)F)(F)F)(F)F)(F)F)(F)F)(F)F)(F)F)(F)F)(F)F)(F)F)(F)F)(F)F)(F)F,,2,708.920663362,796.245689889,736.65892705,747.2750934336667,homopoly
21496847,,C=CC(=O)OCCN(CO)C(=O)N,,0,81.692606769,89.7966275775,58.8235526993,76.77092901526666,monomer
67889,,C=CC(=O)OCC(F)(F)F,,0,63.1309219421,19.8978155014,56.0631728658,46.3639701031,monomer
85581302,,CCCCCCCCCCCCCCCC1=CC(=CC=C1)OC(=O)C=C,,1,410.262762552,433.245855894,400.415848774,414.64148907333333,homopoly
85538564,,C=CC(=O)OCCCCCCCCCCCCCCCCCCCCBr,,0,199.717274877,191.347033807,219.554530721,203.539613135,monomer
153532451,,C=CC(=O)OC1=NC(=C2C(=N1)N=CN2)N,,0,155.916027036,121.518313379,21.6741809274,99.70284044746667,monomer
3022446,,CCCCCCCCCCCCCCCCCC(C)COC(=O)C=C,,2,845.548076522,740.774346013,782.766031374,789.6961513030001,homopoly
12547706,,C=CC(=O)OC(=C)C#N,,2,269.081982011,251.557554143,168.174731409,229.60475585433332,homopoly
15311046,,C=CCCCCCCCCOC(=O)C=C,,0,115.445815314,90.2184866839,137.324189517,114.32949717163335,monomer
129883255,,C=CC(=O)OCC1=CC=C(C=C1)N=CC2=CC=C(C=C2)[N+](=O)[O-],,1,542.569188161,311.558891329,319.277481554,391.13518701466666,homopoly
155643744,,CCCCCCCCSSCCOC(=O)C=C,,0,120.406556057,157.178677918,135.39234375,137.659192575,monomer
139025639,,C[N@+]1(CCC2=CC(=C(C=C2[C@H]1CC3=CC(=C(C=C3)OC)OC)OC)OC)CCC(=O)OCCCCCOC(=O)C=C,,2,2759.40155323,2684.70904078,3625.52135683,3023.21065028,homopoly
543940,,C=CC(=C)CCOC(=O)C=C,,1,146.440902051,151.847517889,185.625777123,161.3047323543333,homopoly
22250625,,COC(=O)C1=CC=CC=C1OC(=O)C=C,,2,495.522424581,299.312886866,447.643645817,414.1596524213333,homopoly
20479854,,CCCCCC(O)OC(=O)C=C,,1,163.794547134,167.325123507,153.791115144,161.636928595,homopoly
17853765,,CCCCCCCC(CC)OC(=O)C=C,,0,127.637007371,84.4477545788,127.840354604,113.30837218459999,monomer
129805157,,C=CC(=O)OC1=CC=CC=C1P(=O)(C2=CC=CC=C2)C3=CC=CC=C3,,0,248.339807369,133.817938131,232.720095539,204.95928034633334,monomer
16217174,,C=CC(=O)OC[C@@H]1CCCN1C2=CC=C(C=C2)[N+](=O)[O-],,1,282.766595717,322.682132965,312.329213492,305.92598072466666,homopoly
129866931,,C=CC(=O)OC(O)(OC(=O)C=C)C(O)CO,,1,194.791535828,180.733009396,160.146714378,178.55708653399998,homopoly
129695637,,COC(COCCOCCO)(O)OC(=O)C=C,,2,401.354354894,389.093044679,386.899096271,392.44883194799996,homopoly
31232,,CCC1=CN=C(C=C1)CCOC(=O)C=C,,0,141.678222271,105.95699246,80.3729725285,109.33606241983334,monomer
614613,,CC1(C2CCC1(C(C2N(C3=CC=CC=C3)S(=O)(=O)C4=CC=CC=C4)OC(=O)C=C)C)C,,2,913.809993364,963.717106461,1049.10914381,975.545414545,homopoly
3022438,,CCCCCCCCCC(C)COC(=O)C=C,,2,492.635438127,516.70040318,545.841762948,518.3925347516666,homopoly
14910870,,CC(=CCC/C(=C/COC(=O)C=C)/C)C,,0,153.770606225,104.62265312,96.9723336607,118.45519766856667,monomer
164109228,,C=CC(=O)OC1C(C(=O)C2(C1=O)CCCCC2)O,,2,473.833558809,469.076559541,460.720318472,467.876812274,homopoly
14671034,,C=CC(=O)OCCC(C(C(F)(F)F)(F)F)(F)F,,0,94.3025013525,59.7958039379,63.1038481262,72.40071780553333,monomer
84997,,C=CC(=O)OCCC(C(C(C(C(C(C(C(F)(F)F)(C(F)(F)F)F)(F)F)(F)F)(F)F)(F)F)(F)F)(F)F,,1,267.814704807,251.86711171,257.907844865,259.196553794,homopoly
20226504,,COC1=CC=CC(=C1)COC(=O)C=C,,2,386.01581212,367.774736817,411.319710285,388.3700864073333,homopoly
131740479,,C=CC(=O)OCCOCCN,,2,266.547156568,278.438574932,288.898009454,277.9612469846666,homopoly
169489099,,C=CC(=O)OC(C(C(F)(F)F)(C(F)(F)F)F)(C(C(F)(F)F)(C(F)(F)F)F)C(C(C(F)(F)F)(F)F)(F)F,,2,491.384895172,469.449373628,513.457973319,491.43074737300003,homopoly
69782405,,C=CC(=O)OC1=CC=CC=C1C(=O)C(C2=CC=CC=C2)O,,2,668.0066749,536.025788173,583.477684993,595.836716022,homopoly
22992681,,CC(CC1C2CC3CC(C2)CC1C3)OC(=O)C=C,,1,272.90973911,244.685340739,265.504396655,261.03315883466666,homopoly
59245534,,CCCC1CCC(CC1)C2CCC(CC2)C3=CC(=C(C(=C3)F)OCCCCCCOC(=O)C=C)F,,1,412.081769058,533.868572353,611.779627876,519.2433230956666,homopoly
91938,,C=CC(=O)OCC(CO)(CO)CO,,1,156.934751706,163.774181717,141.604130855,154.10435475933332,homopoly
169439624,,CCC(COC(=O)C=C)C(C)C,,0,79.9433681991,95.6761542061,83.5973212962,86.40561456713333,monomer
13932179,,CC(CCOC(=O)C=C)O,,0,81.041805382,47.9141898527,63.6211580532,64.19238442929999,monomer
103668,,C=CC(=O)OC1CCC2CCCCC2C1,,2,459.7332012,397.981131502,461.457049907,439.72379420299995,homopoly
21871645,,C=CC(=O)OC1=CC=CC(=C1)O,,2,311.125701241,369.080704795,334.932994166,338.3798000673333,homopoly
10920839,,C=CC(=O)OCCCCCl,,0,90.6558834221,55.424983307,62.5280390642,69.5363019311,monomer
10154104,,C=CC(=O)OCCOC=C,,1,133.797953566,145.913677661,114.352001086,131.3545441043333,homopoly
22664433,,C=CC(=O)OCC(C(C(C(C(F)(F)F)(F)F)(F)F)(F)F)(F)F,,0,93.1201157532,54.5246359868,103.434132986,83.69296157533334,monomer
70117982,,C=CC(=O)OCC(C1=CC=CC=C1)SC2=CC=CC=C2,,1,295.528960593,305.080613344,322.406850896,307.672141611,homopoly
129721374,,C=CC(=O)OC1=CC(=CC2=C1N(C3=CC=CC=C32)CCO)I,,2,747.821032408,800.858162743,810.768548001,786.4825810506667,homopoly
57859159,,C=CC(=O)OC1C2CC3C1C(=O)OC3C2,,2,370.499713417,357.637377406,396.705253434,374.9474480856666,homopoly
4418430,,C=CC(=O)OCCOCCOC1=CC=CC=C1,,2,450.948906397,525.586642415,402.802955595,459.779501469,homopoly
14832789,,C=CC(=O)O[C@H]1C[C@@H]2CC[C@H]1C2,,2,333.844123297,367.328888783,294.115075878,331.762695986,homopoly
16206027,,C=CC(=O)OCCC(C(C(C(C(C(C(C(C(C(C(C(C(C(C(C(F)(F)F)(C(F)(F)F)F)(F)F)(F)F)(F)F)(F)F)(F)F)(F)F)(F)F)(F)F)(F)F)(F)F)(F)F)(F)F)(F)F)(F)F,,1,441.441972333,355.818100545,444.319928613,413.86000049700004,homopoly
68649063,,C=CC(=O)OC(OC12CC3CC(CC(C3)C1)C2)C(C)C,,2,580.305434525,571.035668157,558.504947295,569.9486833256666,homopoly
12141271,,CCC/C=C/COC(=O)C=C,,0,107.310561222,80.9381514336,56.0968343212,81.44851565893333,monomer
168438756,,CCNC1=CC2=C(C=C1C)C3(C4=CC=CC=C4C(=O)N3CCOC(=O)C=C)C5=C(O2)C=C(C(=C5)C)N(CC)CCOC(=O)C=C,,1,796.96439834,694.057773794,692.091479195,727.7045504429999,homopoly
18979455,,C=CC(=O)OCCCCCCOC1=CC=C(C=C1)C2=CC=C(C=C2)C3CCC(CC3)CCC=O,,1,477.233285767,482.206467199,728.929798122,562.7898503626667,homopoly
3016480,,C=CC(=O)OCC1=CC=CC=C1[N+](=O)[O-],,1,126.494158858,215.701999606,252.614818363,198.270325609,homopoly
68927558,,CC(C)(C)OC(=O)OC1=CC=C(C=C1)COC(=O)C=C,,2,621.166046962,485.939132571,566.125525495,557.7435683426667,homopoly
56776444,,C=CC(=O)OCC(C(F)(F)F)(OC(C(C(F)(F)F)(OC(C(C(F)(F)F)(F)F)(F)F)F)(F)F)F,,2,431.024416014,476.281596261,449.176826125,452.1609461333333,homopoly
86736826,,CCC(C)(N)OOC(=O)C=C,,0,76.858869822,75.1855011006,65.4293711186,72.49124734706668,monomer
18316,,CCCCCCCCCCCCCOC(=O)C=C,,1,261.567321821,268.969982142,289.239352546,273.25888550300004,homopoly
20479854,,CCCCCC(O)OC(=O)C=C,,0,96.2716095871,53.1207657527,95.8179766031,81.73678398096666,monomer
115833,,C=CC(=O)OCC(COC1=CC=C(C=C1)CC2=CC=C(C=C2)OCC(COC(=O)C=C)O)O,,0,251.674447279,249.917464837,203.98780386,235.19323865866667,monomer
102181891,,C=CC(=O)OCCCCCCCCCCCOC1=CC=C(C=C1)C2=NOC(C2)C3=CC=C(C=C3)Br,,2,1217.9965178,1294.33029218,978.190974571,1163.5059281836666,homopoly
90558,,C=CC(=O)OCCC(=O)O,,1,109.208087092,104.452628276,123.54902691,112.40324742600001,homopoly
639970,,C[C@@]12CC[C@@H](C1(C)C)C[C@H]2OC(=O)C=C,,0,114.612372377,93.20555717,114.892193644,107.57004106366666,monomer
21618589,,CC1(CCCC(N1OC(=O)C=C)(C)C)C,,1,198.732226707,208.058135052,234.302478546,213.697613435,homopoly
90476426,,C=CC(=O)OC1CC2[C@@H]3CC[C@@H](C3)C2C1,,2,422.391512792,455.633194617,401.981306088,426.66867116566664,homopoly
54523676,,CCCCCCCC(=O)OCCOC(=O)C=C,,0,100.287821717,117.472300119,131.491034238,116.41705202466666,monomer
171378145,,CC1([C@@H](N2[C@H](S1)[C@@H](C2=O)NC(=O)[C@@H](C3=CC=C(C=C3)O)N)C(=O)OOC(=O)C=C)C,,0,197.414766838,223.613302081,181.730656335,200.91957508466666,monomer
131887749,,[2H]C([2H])([2H])C(C([2H])([2H])[2H])(C([2H])([2H])[2H])OC(=O)C=C,,1,125.953522213,128.56983482,114.110993386,122.87811680633335,homopoly
10444551,,C=CC(=O)OCCN1C(=O)C2=CC=CC=C2C1=O,,0,152.954489924,63.3552090672,149.956271632,122.0886568744,monomer
5748640,,C[C@H](CO)OC(=O)C=C,,0,56.6340424759,30.1032780989,84.0417948909,56.9263718219,monomer
22051788,,C=CC(=O)OC1=CC=C(C=C1)C2=CC=CC=C2,,1,280.293183278,361.139477088,225.341374878,288.92467841466663,homopoly
13643270,,C=CC(=O)OC(COC1=CC(=C(C=C1)C(=O)C2=CC=CC=C2)O)COC3=CC(=C(C=C3)C(=O)C4=CC=CC=C4)O,,0,241.743002744,347.120392116,347.385116371,312.08283707699997,monomer
114868,,C=CC(=O)OC1=C(C=C(C2=C1N=CC=C2)Cl)Br,,2,529.792495653,504.102851507,712.087324929,581.9942240296667,homopoly
129761964,,C=CC(=O)OC1CC2CC1CC2C(=O)O,,1,197.530370066,168.001449029,200.056607782,188.52947562566666,homopoly
58454459,,C=CC(=O)OCCCC(C(C(C(F)(F)F)(F)F)(F)F)(F)F,,0,100.512053061,67.1800507961,104.583587691,90.75856384936667,monomer
44607779,,C=CC(=O)OC1C[C@H]2C[C@@H]1[C@@H]3[C@H]2C=CC3,,0,115.977391561,108.358985621,93.4882903033,105.94155582843332,monomer
11275754,,C=CC(=O)OCC1=CC2=C(C=C1)OCO2,,0,122.113499027,100.085789561,83.4148744305,101.87138767283334,monomer
118118627,,C=CC(=O)OCCC1=CC=C(C=C1)OC2=CC(=CC=C2)OC3=CC=C(C=C3)OC4=CC=CC=C4,,1,592.702673003,554.350015721,491.681855339,546.2448480209999,homopoly
102248210,,CCC(COC(=O)C=C)([N+](=O)[O-])[N+](=O)[O-],,0,104.248778737,80.2771411673,76.5505459204,87.02548860823333,monomer
22168880,,CCC1(C2CC3CC(C2)CC1C3)OC(=O)C=C,,0,125.856099222,121.523569307,119.333838731,122.23783575333334,monomer
53430979,,C=CC(=O)OCCNCS(=O)(=O)C(C(C(C(C(C(C(C(F)(F)F)(F)F)(F)F)(F)F)(F)F)(F)F)(F)F)(F)F,,1,355.995655724,280.694905951,312.70452221,316.4650279616667,homopoly
111992,,C=CC(=O)OC1CC2CCC1C2,,2,363.886555502,316.61341133,310.363033496,330.287666776,homopoly
129851950,,C=CC(=O)OCC1=CC(=CC(=C1)Br)Br,,1,289.327203763,144.177574832,237.261665731,223.58881477533336,homopoly
44607791,,C=CC(=O)OCC1=CC(=CC=C1)I,,2,380.533427515,484.545845858,404.419507797,423.16626039,homopoly
101059,,C=CC(=O)OCC1=C(C(=C(C(=C1Br)Br)Br)Br)Br,,2,748.099671086,678.45106555,482.86634795,636.4723615286666,homopoly
162724249,,CC(C)(CCC1=CC=CC=C1)OC(=O)C=C,,2,482.269948284,518.980436102,433.460429004,478.2369377966666,homopoly
21646008,,CCCOOC(=O)C=C,,1,122.103602759,115.170194504,121.138910409,119.47090255733333,homopoly
81466,,C=CC(=O)OCCOC,,2,201.686233773,237.68654151,241.206999898,226.85992506033335,homopoly
10192638,,C=CC(=O)OC1=CC=CC2=CC=CC=C21,,2,499.072935499,502.489875475,445.315488232,482.29276640200004,homopoly
99769778,,C=CC(=O)OC1(C(C(C(C(C1(F)F)(F)F)(F)F)(F)F)(F)F)C(F)(F)F,,1,198.561653693,167.514456668,183.5677539,183.21462142033337,homopoly
44435789,,CCCCCCC1=CC=CC=C1OC(=O)C=C,,2,506.130572896,499.175407023,588.989746545,531.4319088213333,homopoly
87114693,,C=CC(=O)OC/C=C/C1=CC=C(C=C1)O,,1,365.748756945,186.683330022,144.693866012,232.37531765966665,homopoly
119935,,CCCCCCCCCCCCCCCCCOC(=O)C=C,,1,328.534142873,367.664860398,327.641067146,341.28002347233337,homopoly
14671035,,C=CC(=O)OCCC(C(C(C(C(F)(F)F)(F)F)(F)F)(F)F)(F)F,,2,354.4158629,374.274663373,362.491441408,363.72732256033333,homopoly
83410,,CCCCCCCCCCCCCCCCOC(=O)C=C,,1,330.315854314,333.461593179,313.388212672,325.72188672166664,homopoly
